gauge_id,model,lead,nse,kge,corr,bias,n_days,rmse
01013500,ifs,1,0.5687,0.7158,0.7753,1.1629,241,3.6181
01022500,ifs,1,0.5648,0.6798,0.7544,1.0796,241,4.1591
01030500,ifs,1,0.6308,0.7402,0.7956,0.9806,241,3.2900
01031500,ifs,1,0.5212,0.6902,0.7334,1.0701,241,3.9346
01047000,ifs,1,0.5074,0.6851,0.7306,1.1154,241,4.2926
01052500,ifs,1,0.3008,0.5368,0.6300,1.2638,241,4.6525
01054200,ifs,1,0.5694,0.6933,0.7570,1.0333,241,4.7389
01055000,ifs,1,0.4217,0.6697,0.6872,1.0566,241,4.3604
01057000,ifs,1,0.3826,0.5649,0.6355,0.9190,241,4.7463
01073000,ifs,1,0.2216,0.5644,0.5765,1.0459,241,5.3333
01078000,ifs,1,0.4442,0.6866,0.7024,1.0601,241,4.6767
01118300,ifs,1,0.3963,0.5260,0.6369,0.8735,241,8.9437
01121000,ifs,1,0.4750,0.7091,0.7211,0.9533,241,5.9628
01123000,ifs,1,0.3860,0.6012,0.6545,0.8672,241,6.7797
01134500,ifs,1,0.5416,0.6583,0.7374,1.0183,241,4.3948
01137500,ifs,1,0.4852,0.6165,0.7084,1.1609,241,4.6720
01139000,ifs,1,0.5334,0.6502,0.7366,1.1340,241,4.2220
01139800,ifs,1,0.3588,0.5385,0.6147,0.9499,241,5.5310
01142500,ifs,1,0.4566,0.6556,0.7196,1.1931,241,4.2415
01144000,ifs,1,0.5273,0.6875,0.7336,1.0175,241,4.2646
01169000,ifs,1,0.6661,0.7986,0.8303,1.1057,241,4.0017
01170100,ifs,1,0.6829,0.7854,0.8435,1.1468,241,3.8017
01181000,ifs,1,0.2650,0.6160,0.7355,1.1026,241,6.4656
01187300,ifs,1,-0.1807,0.2558,0.7319,1.4125,241,7.1672
01195100,ifs,1,0.3875,0.6217,0.6656,0.8583,241,7.5007
01333000,ifs,1,0.3104,0.6075,0.6993,1.2273,241,5.7955
01350000,ifs,1,-0.0036,0.4205,0.4346,0.9892,241,10.0899
01350080,ifs,1,-0.2086,0.4371,0.4631,1.1269,241,8.6498
01350140,ifs,1,0.4415,0.6087,0.6740,0.9680,241,5.5695
01365000,ifs,1,0.4103,0.6418,0.6737,1.0855,241,6.4386
01411300,ifs,1,0.3857,0.3620,0.6328,0.7488,241,8.4283
01413500,ifs,1,0.4987,0.4596,0.7266,0.8122,241,6.7402
01414500,ifs,1,0.4528,0.5079,0.6744,0.9338,241,7.4968
01415000,ifs,1,0.7121,0.6838,0.8538,0.9352,241,4.2053
01423000,ifs,1,0.6729,0.7004,0.8228,0.9428,241,4.4339
01434025,ifs,1,0.4234,0.5004,0.6524,0.8816,241,8.1153
01435000,ifs,1,0.4318,0.5449,0.6591,0.9380,241,7.5860
01439500,ifs,1,0.5057,0.6438,0.7195,0.8824,241,5.3431
01440000,ifs,1,0.4417,0.6518,0.6899,0.9085,241,6.0104
01440400,ifs,1,0.5309,0.5474,0.7371,0.7673,241,5.7522
01451800,ifs,1,0.6274,0.7862,0.8012,1.0004,241,4.1598
01466500,ifs,1,0.4490,0.6149,0.6852,0.8739,241,5.3189
01484100,ifs,1,0.3799,0.5688,0.6330,0.9655,241,6.1167
01485500,ifs,1,0.2942,0.4588,0.5610,0.8991,241,7.8696
01486000,ifs,1,0.2804,0.4134,0.5427,0.8761,241,8.1637
01487000,ifs,1,0.0970,0.4225,0.4598,0.9692,241,7.8329
01491000,ifs,1,0.4146,0.6693,0.6828,1.0249,241,4.7230
01510000,ifs,1,0.6575,0.7192,0.8113,0.9608,241,4.2519
01516500,ifs,1,0.2820,0.6532,0.6560,0.9848,241,4.8204
01518862,ifs,1,0.4004,0.6355,0.6664,0.9286,241,4.7398
01532000,ifs,1,0.2713,0.5480,0.5799,0.9762,241,5.9374
01539000,ifs,1,0.2037,0.5843,0.5865,1.0166,241,6.4539
01542810,ifs,1,0.2973,0.6434,0.6437,0.9936,241,5.4856
01543000,ifs,1,0.3126,0.6680,0.6708,1.0128,241,5.2497
01543500,ifs,1,0.4650,0.6892,0.7110,0.9315,241,4.9882
01544500,ifs,1,0.4333,0.6937,0.7053,0.9296,241,4.7067
01545600,ifs,1,0.4251,0.6817,0.6936,0.9513,241,4.8789
01547700,ifs,1,0.1913,0.2489,0.4497,0.8042,241,9.6252
01548500,ifs,1,0.3536,0.6622,0.6722,0.9205,241,4.7160
01549500,ifs,1,0.4103,0.6152,0.6629,0.9259,241,5.0295
01550000,ifs,1,0.2848,0.5433,0.5833,0.9569,241,6.1767
01552000,ifs,1,0.2770,0.4558,0.5522,0.8868,241,7.0887
01552500,ifs,1,0.3357,0.6012,0.6261,0.9775,241,5.6995
01557500,ifs,1,0.4323,0.4954,0.6644,0.7956,241,7.0941
01567500,ifs,1,0.4595,0.5839,0.6852,0.8630,241,5.7139
01568000,ifs,1,0.5074,0.6511,0.7227,0.8750,241,4.8279
01580000,ifs,1,0.5204,0.7628,0.7635,1.0111,241,4.2971
01583500,ifs,1,0.4247,0.7161,0.7321,1.0685,241,4.6742
01586610,ifs,1,0.4066,0.7047,0.7060,1.0261,241,4.8037
01591400,ifs,1,0.3438,0.4857,0.6108,0.7742,241,6.5652
01596500,ifs,1,0.2445,0.4342,0.5253,0.9312,241,6.3439
01605500,ifs,1,0.4856,0.6326,0.7025,0.9552,241,4.7736
01606500,ifs,1,0.5349,0.6790,0.7366,0.9589,241,4.2280
01613050,ifs,1,0.3311,0.6346,0.6428,0.9707,241,5.3945
01620500,ifs,1,0.4734,0.6368,0.7182,1.2080,241,4.0906
01632000,ifs,1,0.5117,0.5823,0.7230,0.8091,241,4.9733
01632900,ifs,1,0.2189,0.4857,0.5377,0.8989,241,6.0702
01634500,ifs,1,0.4092,0.5934,0.6571,0.9091,241,5.3319
01638480,ifs,1,0.3675,0.6053,0.6434,0.9118,241,5.4555
01639500,ifs,1,0.4558,0.7221,0.7234,1.0204,241,4.5227
01644000,ifs,1,0.5713,0.7419,0.7704,0.9193,241,4.2210
01658500,ifs,1,0.2601,0.4778,0.5605,0.8241,241,6.2248
01664000,ifs,1,0.5153,0.6384,0.7255,0.8662,241,4.7807
01666500,ifs,1,0.3556,0.6414,0.6521,1.0202,241,5.4921
01667500,ifs,1,0.4374,0.6280,0.6785,0.9306,241,4.9043
01669000,ifs,1,0.3171,0.4971,0.5811,0.9674,241,6.6858
01669520,ifs,1,0.4090,0.5315,0.6427,0.9429,241,6.1835
02011400,ifs,1,0.4843,0.7046,0.7207,1.0278,241,4.2918
02011460,ifs,1,0.4078,0.6537,0.6766,1.0691,241,4.8837
02013000,ifs,1,0.3662,0.5794,0.6318,0.9280,241,4.9893
02014000,ifs,1,0.3812,0.6478,0.6620,0.9994,241,4.4107
02015700,ifs,1,0.5041,0.6740,0.7320,1.1553,241,4.3228
02016000,ifs,1,0.5507,0.7378,0.7682,1.1155,241,3.6240
02017500,ifs,1,0.2490,0.6142,0.6301,1.1089,241,4.3022
02018000,ifs,1,0.2853,0.6331,0.6699,1.1454,241,4.0106
02027000,ifs,1,0.2590,0.4870,0.6864,1.3893,241,4.4872
02027500,ifs,1,0.2889,0.5418,0.6785,1.3193,241,4.5990
02028500,ifs,1,0.3281,0.6279,0.6415,1.0690,241,4.5879
02038850,ifs,1,0.2825,0.6041,0.6136,0.9675,241,4.9987
02046000,ifs,1,0.3766,0.6115,0.6455,0.9630,241,5.4090
02051000,ifs,1,0.1542,0.4821,0.5117,0.9385,241,6.7357
02051500,ifs,1,0.2095,0.5683,0.5752,1.0036,241,5.9396
02053200,ifs,1,0.5541,0.7172,0.7528,1.0211,241,4.8459
02053800,ifs,1,0.3497,0.6420,0.6524,0.9550,241,4.3075
02055100,ifs,1,-0.0199,0.3657,0.5588,1.4431,241,4.8242
02056900,ifs,1,0.3356,0.6122,0.6317,0.9669,241,4.8435
02059500,ifs,1,0.3896,0.6880,0.7162,1.1134,241,3.6298
02064000,ifs,1,0.4742,0.7070,0.7276,1.0998,241,3.8718
02065500,ifs,1,0.2970,0.6226,0.6607,1.1628,241,4.4158
02069700,ifs,1,0.5168,0.6444,0.7226,0.9281,241,4.8944
02070000,ifs,1,0.5039,0.5869,0.7124,0.8706,241,4.9005
02074500,ifs,1,0.4788,0.5725,0.6922,1.0337,241,5.3585
02077200,ifs,1,-0.0585,0.5014,0.6028,1.1712,241,5.6789
02081500,ifs,1,0.3311,0.6530,0.6753,1.1199,241,5.1792
02082950,ifs,1,0.2573,0.5108,0.6924,1.3531,241,4.6919
02092500,ifs,1,0.2048,0.5983,0.6127,1.1039,241,5.5748
02096846,ifs,1,0.2803,0.4263,0.5450,0.8875,241,7.6170
02102908,ifs,1,0.5237,0.5334,0.7299,0.7656,241,5.7744
02108000,ifs,1,0.2919,0.6267,0.6298,1.0123,241,5.4374
02111180,ifs,1,0.4991,0.5438,0.7111,0.8297,241,5.2615
02111500,ifs,1,0.4912,0.5903,0.7079,0.8263,241,5.2238
02118500,ifs,1,0.4035,0.6616,0.6845,0.8964,241,4.8202
02128000,ifs,1,0.2467,0.6324,0.6367,0.9560,241,5.7063
02137727,ifs,1,0.5157,0.5434,0.7231,0.8589,241,5.8261
02140991,ifs,1,0.5511,0.6060,0.7458,0.8488,241,4.7904
02143000,ifs,1,0.5354,0.6465,0.7373,0.8660,241,4.8133
02143040,ifs,1,0.4479,0.6299,0.6910,0.8613,241,5.2057
02149000,ifs,1,0.4751,0.3909,0.7192,0.6954,241,7.1567
02152100,ifs,1,0.4153,0.6711,0.6914,0.9046,241,5.1030
02177000,ifs,1,0.4258,0.5226,0.6563,0.8687,241,6.7963
02178400,ifs,1,0.3345,0.5460,0.6083,0.9056,241,6.2034
02193340,ifs,1,0.2036,0.4667,0.5179,0.9997,241,6.4790
02196000,ifs,1,0.3273,0.4084,0.5796,0.8079,241,6.5827
02198100,ifs,1,0.2940,0.3063,0.5508,0.7503,241,8.7536
02202600,ifs,1,-0.1748,0.3713,0.3752,1.0287,241,6.4728
02212600,ifs,1,0.2897,0.4568,0.5615,0.8611,241,7.1714
02215100,ifs,1,0.1334,0.2786,0.4214,0.8076,241,7.8560
02216180,ifs,1,0.2336,0.2095,0.4976,0.6957,241,8.6957
02221525,ifs,1,0.3717,0.5368,0.6257,0.8775,241,6.0245
02231000,ifs,1,0.5392,0.5588,0.7435,0.8241,241,4.5434
02231342,ifs,1,-0.0410,0.4455,0.4563,1.0982,241,6.9184
02235200,ifs,1,-0.2654,0.4175,0.4256,1.0244,241,7.6963
02245500,ifs,1,0.2133,0.4442,0.5122,1.0079,241,5.8252
02246000,ifs,1,0.3754,0.6165,0.6475,0.9570,241,4.6640
02296500,ifs,1,0.3413,0.5694,0.6151,0.9902,241,4.9379
02297155,ifs,1,0.2314,0.3048,0.4932,0.8232,241,7.6654
02297310,ifs,1,0.3197,0.3841,0.5769,0.8002,241,6.5580
02298123,ifs,1,0.1484,0.3317,0.4388,0.9247,241,6.6211
02298608,ifs,1,0.1684,0.2216,0.4416,0.7375,241,7.8038
02299950,ifs,1,0.1700,0.2770,0.4425,0.8220,241,7.1938
02300700,ifs,1,0.1716,0.1871,0.4287,0.7624,241,8.5112
02310947,ifs,1,0.2455,0.3656,0.5079,0.9085,241,6.6836
02312200,ifs,1,0.2863,0.3304,0.5380,0.8701,241,7.8597
02314500,ifs,1,0.3780,0.4225,0.6229,0.8010,241,6.0887
02315500,ifs,1,0.4672,0.4857,0.6951,0.7925,241,5.1468
02324400,ifs,1,0.3118,0.3801,0.5653,0.8115,241,8.6111
02327100,ifs,1,0.2793,0.3646,0.5462,0.7692,241,7.5409
02349900,ifs,1,0.1211,0.2228,0.4014,0.7516,241,8.8403
02350900,ifs,1,0.3708,0.4344,0.6200,0.7729,241,5.9203
02361000,ifs,1,0.4837,0.6235,0.7023,0.9083,241,5.1188
02363000,ifs,1,0.5067,0.5704,0.7145,0.8657,241,5.5233
02369800,ifs,1,0.4830,0.3815,0.7356,0.7001,241,9.2700
02371500,ifs,1,0.4570,0.4860,0.6809,0.8684,241,6.9060
02372250,ifs,1,0.4433,0.5176,0.6683,0.8687,241,6.7863
02374500,ifs,1,0.2878,0.4372,0.5611,0.8086,241,8.4233
02381600,ifs,1,0.2251,0.4470,0.5238,0.8900,241,8.9260
02384540,ifs,1,0.3645,0.5074,0.6143,0.8863,241,6.9661
02395120,ifs,1,0.3228,0.5426,0.5981,1.0346,241,6.1518
02408540,ifs,1,0.2819,0.5753,0.6018,0.9106,241,8.0799
02415000,ifs,1,0.2026,0.4392,0.5257,0.7948,241,9.2596
02422500,ifs,1,0.4650,0.7268,0.7473,1.0907,241,6.3771
02427250,ifs,1,0.2542,0.5700,0.5859,1.0059,241,6.5961
02430085,ifs,1,0.3954,0.5713,0.6427,0.9326,241,6.6854
02450250,ifs,1,0.3525,0.3740,0.6062,0.7215,241,7.8452
02464000,ifs,1,0.3446,0.4188,0.5904,0.8466,241,9.0657
02465493,ifs,1,0.4330,0.6981,0.7202,1.1129,241,6.4064
02469800,ifs,1,0.3703,0.6018,0.6394,0.9638,241,7.1936
02472000,ifs,1,0.5318,0.7426,0.7516,1.0115,241,7.1451
02472500,ifs,1,0.4439,0.6621,0.6925,0.9299,241,8.4748
02479155,ifs,1,0.4350,0.4714,0.6633,0.8762,241,9.8931
02479300,ifs,1,0.3733,0.2942,0.6466,0.7100,241,13.8241
02481000,ifs,1,0.3108,0.1685,0.6336,0.6078,241,17.3993
02481510,ifs,1,0.3921,0.2747,0.6794,0.6362,241,13.4343
03010655,ifs,1,0.4382,0.6450,0.6821,0.9658,241,4.9210
03011800,ifs,1,0.3688,0.5875,0.6335,0.9704,241,6.0954
03015500,ifs,1,0.2743,0.6313,0.6787,1.1496,241,5.4787
03021350,ifs,1,0.3379,0.6315,0.6529,1.1101,241,6.0404
03026500,ifs,1,0.3964,0.6129,0.6544,0.9562,241,5.6210
03028000,ifs,1,0.3754,0.6354,0.6545,1.0135,241,5.8818
03049800,ifs,1,0.4778,0.6212,0.6962,0.9590,241,6.3557
03050000,ifs,1,0.4160,0.5162,0.6468,0.9245,241,7.1943
03066000,ifs,1,0.3851,0.5225,0.6265,0.9443,241,6.5867
03069500,ifs,1,0.4372,0.5916,0.6680,0.9895,241,5.8406
03070500,ifs,1,0.2440,0.5904,0.6042,1.0920,241,6.6207
03076600,ifs,1,0.2312,0.3489,0.5000,0.8424,241,7.8507
03078000,ifs,1,0.2143,0.3472,0.4824,0.9110,241,7.8355
03140000,ifs,1,0.2634,0.5138,0.5621,0.9687,241,6.0976
03144000,ifs,1,0.2533,0.3615,0.5248,0.7857,241,7.5844
03159540,ifs,1,0.1060,0.4174,0.4636,0.9106,241,8.8235
03161000,ifs,1,0.3682,0.5466,0.6231,0.9238,241,5.3931
03164000,ifs,1,0.4305,0.6515,0.6839,0.9270,241,4.4846
03165000,ifs,1,0.5167,0.6276,0.7245,0.8637,241,5.0616
03170000,ifs,1,0.3188,0.6015,0.6244,0.9277,241,4.5986
03173000,ifs,1,0.3106,0.6297,0.6349,0.9877,241,4.1165
03180500,ifs,1,0.4459,0.6131,0.6771,1.0259,241,5.2056
03182500,ifs,1,0.4259,0.6559,0.6814,1.0406,241,4.7136
03186500,ifs,1,0.4091,0.6180,0.6605,0.9871,241,5.7019
03187500,ifs,1,0.4295,0.6273,0.6724,0.9954,241,5.5368
03213700,ifs,1,0.4345,0.6445,0.6831,1.0764,241,5.2843
03237280,ifs,1,0.1773,0.5190,0.5370,1.0076,241,7.0094
03237500,ifs,1,0.2024,0.5272,0.5482,1.0137,241,7.1795
03241500,ifs,1,0.2118,0.3753,0.4960,0.8393,241,8.8313
03280700,ifs,1,0.3189,0.5607,0.6033,1.0375,241,5.9479
03281100,ifs,1,0.1154,0.5308,0.5437,1.1035,241,6.4918
03281500,ifs,1,0.3459,0.6341,0.6573,1.1157,241,5.4033
03285000,ifs,1,0.4281,0.6078,0.6670,0.9635,241,6.8381
03291780,ifs,1,0.2258,0.3379,0.4949,0.8171,241,9.0846
03300400,ifs,1,0.3758,0.6063,0.6438,0.9516,241,7.6434
03340800,ifs,1,0.2471,0.4238,0.5253,0.8962,241,8.9505
03346000,ifs,1,0.3845,0.6124,0.6483,1.0134,241,6.8324
03364500,ifs,1,0.3270,0.3417,0.5787,0.7790,241,10.8132
03366500,ifs,1,0.1804,0.3501,0.4688,0.8482,241,9.1454
03368000,ifs,1,0.2172,0.2294,0.4862,0.6709,241,11.5465
03384450,ifs,1,0.1647,0.4228,0.4835,0.9586,241,8.6524
03439000,ifs,1,0.3666,0.4850,0.6187,0.8168,241,6.3150
03450000,ifs,1,0.2948,0.5375,0.5964,0.8498,241,5.4815
03455500,ifs,1,0.4267,0.5059,0.6671,0.7729,241,5.4554
03456500,ifs,1,0.3859,0.5698,0.6511,0.8243,241,5.3211
03460000,ifs,1,0.2455,0.5035,0.5542,0.9168,241,6.2273
03463300,ifs,1,0.5039,0.6144,0.7138,0.8942,241,5.5650
03471500,ifs,1,0.3108,0.6147,0.6261,1.0263,241,5.0479
03473000,ifs,1,0.3029,0.6129,0.6226,0.9966,241,5.2623
03479000,ifs,1,0.3809,0.6277,0.6535,0.9692,241,4.7172
03488000,ifs,1,0.4081,0.5906,0.6525,0.9787,241,4.7492
03498500,ifs,1,0.2371,0.5424,0.5662,0.9865,241,6.6821
03500000,ifs,1,0.3423,0.5541,0.6117,0.9431,241,5.9835
03504000,ifs,1,0.3198,0.4323,0.5850,0.7786,241,7.1890
03574500,ifs,1,0.4817,0.5233,0.6981,0.8370,241,6.6538
03604000,ifs,1,0.3609,0.3461,0.6183,0.6780,241,7.7580
04015330,ifs,1,0.0756,0.4075,0.4448,0.9772,241,6.2971
04024430,ifs,1,-0.1824,0.4400,0.4677,1.1437,241,5.4715
04027000,ifs,1,0.0510,0.3900,0.5999,1.4428,241,4.4061
04040500,ifs,1,0.2331,0.5388,0.5721,1.1174,241,4.6508
04043050,ifs,1,0.0271,0.5095,0.5166,1.0833,241,4.7886
04045500,ifs,1,0.1102,0.5250,0.5760,1.2110,241,4.8012
04056500,ifs,1,0.1513,0.5475,0.5964,1.2008,241,4.3748
04057510,ifs,1,0.1645,0.5416,0.5683,1.1491,241,5.0927
04057800,ifs,1,0.2665,0.5666,0.6004,1.1355,241,4.6005
04059500,ifs,1,-0.1513,0.4443,0.5521,1.2461,241,5.5513
04063700,ifs,1,0.3838,0.5290,0.7315,1.3768,241,3.7281
04074950,ifs,1,0.0002,0.4857,0.5778,1.2560,241,5.2451
04105700,ifs,1,0.3235,0.3805,0.5736,0.8308,241,5.9086
04115265,ifs,1,0.1020,0.3760,0.4369,0.9576,241,6.7883
04122200,ifs,1,0.1181,0.5392,0.5763,1.1782,241,6.7426
04122500,ifs,1,0.3573,0.6432,0.7024,1.1867,241,5.4177
04124000,ifs,1,0.4474,0.5754,0.6753,0.8839,241,6.3837
04127997,ifs,1,0.4270,0.5798,0.6665,0.8656,241,5.8443
04185000,ifs,1,0.3908,0.5367,0.6376,0.8665,241,5.1185
04196800,ifs,1,0.4072,0.6225,0.6616,0.9702,241,5.4217
04197100,ifs,1,0.3685,0.4996,0.6118,0.9668,241,6.2629
04197170,ifs,1,0.4175,0.5856,0.6564,1.0327,241,5.4520
04213000,ifs,1,0.2596,0.6107,0.6373,1.1409,241,5.5067
04213075,ifs,1,0.1633,0.5107,0.5812,1.2524,241,6.5801
04216418,ifs,1,0.5533,0.7207,0.7530,0.9955,241,4.9453
04221000,ifs,1,0.4538,0.6544,0.6911,0.9887,241,4.5847
04224775,ifs,1,0.3378,0.5861,0.6301,1.1278,241,5.5918
04256000,ifs,1,0.2944,0.6307,0.7012,1.1710,241,5.0534
04296000,ifs,1,0.5950,0.6951,0.7746,1.1036,241,3.9717
05057000,ifs,1,0.3466,0.5759,0.7160,1.2958,241,3.0099
05057200,ifs,1,-0.5652,0.2633,0.4729,1.3774,241,4.3102
05062500,ifs,1,-0.1983,0.3528,0.4524,1.3371,241,4.8179
05087500,ifs,1,0.5662,0.6561,0.7525,0.9897,241,3.4845
05120500,ifs,1,0.2065,0.5130,0.6392,1.3183,241,3.5709
05123400,ifs,1,0.2727,0.6238,0.6409,1.1117,241,4.4477
05129115,ifs,1,0.1305,0.4806,0.5496,1.2540,241,4.4167
05131500,ifs,1,0.1777,0.5385,0.5982,1.2268,241,3.9652
05291000,ifs,1,0.3452,0.4618,0.5908,1.0361,241,5.5307
05362000,ifs,1,0.2395,0.5331,0.6635,1.3098,241,4.4742
05393500,ifs,1,0.1566,0.5022,0.5595,1.2252,241,5.1553
05399500,ifs,1,0.2104,0.5691,0.5795,1.0658,241,6.2818
05408000,ifs,1,0.2181,0.4903,0.5359,0.9404,241,7.9306
05412500,ifs,1,0.3114,0.6555,0.6771,1.1052,241,6.2582
05413500,ifs,1,0.3521,0.6656,0.6774,1.0883,241,6.9130
05414000,ifs,1,0.2962,0.6283,0.6512,1.1282,241,7.0610
05444000,ifs,1,0.1890,0.5457,0.6612,1.2637,241,6.4904
05454000,ifs,1,0.2900,0.5463,0.5899,0.9096,241,7.2656
05458000,ifs,1,0.2375,0.5611,0.5774,0.9653,241,6.8694
05466500,ifs,1,0.4329,0.5227,0.6648,0.8038,241,7.9168
05487980,ifs,1,-0.0228,0.4000,0.4234,0.8956,241,9.0641
05488200,ifs,1,0.1305,0.3970,0.4611,0.9064,241,10.1419
05489000,ifs,1,0.0712,0.3822,0.4426,0.8347,241,9.7131
05495000,ifs,1,-0.0083,0.5108,0.5118,1.0035,241,7.3280
05495500,ifs,1,0.2755,0.4159,0.5497,0.7925,241,7.6217
05501000,ifs,1,0.1752,0.3659,0.4668,0.9021,241,9.1121
05503800,ifs,1,0.3370,0.5506,0.6067,1.0163,241,6.3954
05507600,ifs,1,0.0291,0.5211,0.5609,1.1684,241,6.4894
05508805,ifs,1,0.2685,0.6324,0.6538,1.1135,241,5.5337
05514500,ifs,1,0.1180,0.5646,0.5694,1.0602,241,6.6446
05525500,ifs,1,0.3386,0.5690,0.6167,0.9239,241,6.6108
05556500,ifs,1,0.2968,0.6438,0.6441,0.9977,241,7.5313
05584500,ifs,1,0.1873,0.3033,0.4616,0.7971,241,10.2037
05585000,ifs,1,0.2092,0.3486,0.4865,0.8233,241,9.2029
05591550,ifs,1,0.2774,0.5716,0.5931,1.0053,241,7.7122
05592050,ifs,1,0.2692,0.5915,0.6156,1.1260,241,6.4901
05592575,ifs,1,0.4208,0.5524,0.6570,0.8657,241,7.3677
05593575,ifs,1,0.0578,0.4854,0.4919,1.0204,241,7.9572
05593900,ifs,1,0.0407,0.4895,0.4962,1.0649,241,8.5988
05595730,ifs,1,0.0052,0.4824,0.4861,1.0515,241,7.7983
06037500,ifs,1,0.7729,0.7660,0.8827,0.9183,241,1.8533
06043500,ifs,1,0.8204,0.8916,0.9066,0.9988,241,1.6068
06154410,ifs,1,0.2643,0.4897,0.5534,1.0474,241,4.1708
06188000,ifs,1,0.7036,0.7888,0.8550,1.1534,241,1.6340
06191500,ifs,1,0.8168,0.8651,0.9049,1.0650,241,1.3021
06221400,ifs,1,0.2679,0.3656,0.7928,1.4960,241,2.5039
06224000,ifs,1,0.4020,0.4877,0.7759,1.4260,241,2.3852
06289000,ifs,1,0.2395,0.3198,0.7497,1.5870,241,2.4832
06332515,ifs,1,-0.4853,0.2876,0.3994,1.3295,241,4.0987
06339100,ifs,1,0.1705,0.4604,0.6861,1.3817,241,2.3815
06339500,ifs,1,0.4781,0.6130,0.7718,1.2970,241,2.2385
06344600,ifs,1,0.4003,0.6323,0.6789,1.1603,241,2.6667
06350000,ifs,1,0.3077,0.5859,0.7030,1.2614,241,2.4063
06352000,ifs,1,0.3925,0.5975,0.7688,1.2610,241,1.9368
06353000,ifs,1,0.3796,0.5886,0.7617,1.2726,241,2.0993
06354000,ifs,1,0.3938,0.6465,0.7274,1.2082,241,2.2596
06360500,ifs,1,0.2748,0.5883,0.7139,1.2275,241,2.1494
06404000,ifs,1,0.0311,0.4812,0.5560,1.2585,241,3.2707
06406000,ifs,1,0.0400,0.4968,0.5622,1.2357,241,2.9703
06408700,ifs,1,-0.1292,0.4193,0.5434,1.3128,241,3.0689
06409000,ifs,1,-0.3150,0.3450,0.5548,1.3541,241,3.2600
06431500,ifs,1,0.0510,0.4738,0.5435,1.2607,241,3.1459
06440200,ifs,1,0.3078,0.4924,0.5749,0.9648,241,3.5331
06441500,ifs,1,0.1374,0.5805,0.5870,1.0610,241,3.2302
06447000,ifs,1,0.3158,0.4833,0.5774,0.9437,241,2.7432
06447500,ifs,1,0.0699,0.4102,0.4457,1.0481,241,3.6815
06450500,ifs,1,0.1029,0.4037,0.4528,0.9381,241,4.2967
06452000,ifs,1,0.2890,0.5241,0.5766,0.9705,241,3.0055
06453600,ifs,1,-0.0518,0.3888,0.4036,1.0111,241,5.4984
06464500,ifs,1,0.2119,0.3808,0.4945,0.8617,241,5.4727
06477500,ifs,1,-0.1391,0.3727,0.4239,1.2477,241,5.3148
06479215,ifs,1,0.2914,0.4259,0.5485,1.0165,241,5.8838
06479438,ifs,1,0.1323,0.3453,0.4354,1.0609,241,6.0472
06601000,ifs,1,0.1028,0.3654,0.4325,0.9410,241,7.0739
06614800,ifs,1,0.6483,0.6308,0.8160,0.9302,241,3.1786
06622700,ifs,1,0.5557,0.7352,0.7587,1.0394,241,2.3712
06623800,ifs,1,0.5745,0.7172,0.7826,1.1762,241,2.4931
06632400,ifs,1,0.5767,0.7243,0.7895,1.1777,241,2.5174
06784000,ifs,1,0.1224,0.5931,0.6370,1.0734,241,5.1288
06803510,ifs,1,-0.2271,0.1235,0.1839,0.9084,241,9.1159
06803530,ifs,1,-0.2717,0.2328,0.2518,1.0156,241,7.9621
06814000,ifs,1,-0.2961,0.3085,0.3336,1.1816,241,8.6639
06846500,ifs,1,0.3820,0.4764,0.6304,0.7611,241,3.2678
06847900,ifs,1,-0.1512,0.3909,0.3934,1.0156,241,5.4128
06853800,ifs,1,-0.3625,0.2914,0.2938,1.0447,241,6.2618
06876700,ifs,1,-0.0381,0.1891,0.3008,0.7789,241,10.0901
06878000,ifs,1,0.0103,0.3989,0.4230,1.0259,241,7.9533
06879650,ifs,1,-0.0219,0.2560,0.3575,0.7373,241,9.7085
06885500,ifs,1,-0.0162,0.3539,0.3892,0.9393,241,8.8968
06888500,ifs,1,0.0601,0.2388,0.3715,0.7667,241,9.7064
06889200,ifs,1,0.0041,0.4075,0.4270,0.9944,241,9.0204
06889500,ifs,1,-0.0031,0.3935,0.4164,0.9773,241,8.7467
06892000,ifs,1,-0.0307,0.4006,0.4167,0.9585,241,9.3849
06903400,ifs,1,-0.1733,0.2778,0.3148,0.8439,241,10.2202
06906800,ifs,1,0.3750,0.4458,0.6256,0.7361,241,8.5519
06910800,ifs,1,0.2038,0.2550,0.4701,0.7215,241,8.5178
06911900,ifs,1,0.2079,0.2392,0.4745,0.6900,241,8.9818
06917000,ifs,1,0.4104,0.4399,0.6509,0.7050,241,8.4184
06918460,ifs,1,0.2825,0.3320,0.5441,0.7263,241,8.4512
06919500,ifs,1,0.2503,0.5232,0.5720,0.8600,241,8.2305
06921070,ifs,1,0.2459,0.2123,0.5184,0.6144,241,9.8735
06921200,ifs,1,0.2459,0.2624,0.5080,0.7034,241,10.4819
06934000,ifs,1,0.0954,0.2436,0.3912,0.7736,241,8.2352
07014500,ifs,1,0.1349,0.1291,0.3921,0.6779,241,10.7763
07056000,ifs,1,0.0430,0.2659,0.3725,0.8048,241,8.9621
07057500,ifs,1,0.0177,0.3128,0.3802,0.8709,241,8.2502
07060710,ifs,1,0.1862,0.2580,0.4511,0.7688,241,9.0751
07066000,ifs,1,0.0747,0.3580,0.4213,0.9028,241,7.9613
07067000,ifs,1,0.0406,0.3904,0.4271,0.9332,241,7.1726
07068000,ifs,1,0.0223,0.4234,0.4421,0.9677,241,6.8012
07071500,ifs,1,-0.0109,0.3961,0.4169,0.9663,241,7.4373
07083000,ifs,1,0.4540,0.6133,0.7432,1.2879,241,2.1300
07142300,ifs,1,0.1040,0.0818,0.3600,0.6089,241,4.9659
07145700,ifs,1,0.0721,0.0206,0.3155,0.5740,241,11.1675
07148400,ifs,1,0.0054,0.3092,0.3830,0.8117,241,4.4316
07149000,ifs,1,0.0132,0.2988,0.3829,0.7915,241,4.1772
07151500,ifs,1,0.1325,0.1737,0.3991,0.6753,241,7.3032
07167500,ifs,1,0.0264,0.3245,0.4003,0.8031,241,7.7902
07180500,ifs,1,0.1882,0.3312,0.4759,0.7680,241,7.2577
07184000,ifs,1,0.3020,0.3903,0.5568,0.8122,241,10.9414
07195800,ifs,1,0.2553,0.3611,0.5164,0.8471,241,9.4752
07196900,ifs,1,0.1454,0.3197,0.4399,0.8324,241,9.0059
07197000,ifs,1,0.1692,0.3708,0.4734,0.8317,241,8.5406
07208500,ifs,1,0.6324,0.6825,0.7982,1.1567,241,1.5689
07226500,ifs,1,0.2680,0.4557,0.5446,0.9237,241,2.0989
07261000,ifs,1,0.3231,0.4256,0.5799,0.7990,241,7.4072
07263295,ifs,1,0.3871,0.5367,0.6324,0.8942,241,7.2397
07290650,ifs,1,0.2896,0.5516,0.5881,0.9714,241,8.0691
07291000,ifs,1,-0.8374,0.2772,0.4304,1.0564,241,13.1429
07292500,ifs,1,-1.3582,0.1293,0.3900,1.0572,241,15.0026
07295000,ifs,1,0.2664,0.5225,0.5697,0.9199,241,9.4666
07299670,ifs,1,0.0677,0.2822,0.3869,0.8272,241,4.3950
07301410,ifs,1,0.3944,0.4507,0.6288,0.8796,241,4.3495
07301500,ifs,1,0.3231,0.5939,0.6192,1.0396,241,2.6624
07315200,ifs,1,-0.1637,0.3161,0.3362,0.9109,241,7.2971
07315700,ifs,1,-0.1072,0.3647,0.3897,1.1434,241,6.2408
07335700,ifs,1,0.0751,0.1097,0.3605,0.5872,241,10.5209
07340300,ifs,1,0.2323,0.3699,0.5297,0.6985,241,7.2753
07346045,ifs,1,0.3093,0.6095,0.6299,1.0979,241,5.9956
07359610,ifs,1,0.1961,0.2440,0.4844,0.6131,241,9.2428
07362100,ifs,1,0.2474,0.5826,0.6003,1.1011,241,6.1298
07362587,ifs,1,0.3443,0.4932,0.6029,0.8408,241,8.3737
07373000,ifs,1,0.4520,0.5964,0.6772,0.9861,241,6.7261
07375000,ifs,1,0.2510,0.3774,0.5162,0.8701,241,11.7506
07376000,ifs,1,0.0359,0.5079,0.5084,1.0070,241,11.6779
08013000,ifs,1,0.5306,0.5399,0.7351,0.8550,241,6.9632
08014500,ifs,1,0.5218,0.6215,0.7238,0.9159,241,6.8248
08023080,ifs,1,0.4984,0.5786,0.7060,0.9684,241,6.5758
08025500,ifs,1,0.4579,0.4544,0.6856,0.8105,241,8.2188
08029500,ifs,1,0.4256,0.4678,0.6556,0.8406,241,8.7528
08050800,ifs,1,0.4292,0.3719,0.6711,0.6810,241,7.2144
08066200,ifs,1,0.3454,0.5464,0.6202,0.8396,241,11.3523
08066300,ifs,1,0.2648,0.3215,0.5178,0.8328,241,15.1728
08070000,ifs,1,0.3637,0.6550,0.6719,1.1009,241,7.2182
08070200,ifs,1,0.4309,0.6879,0.7018,1.0758,241,6.9864
08079600,ifs,1,0.2781,0.5265,0.5752,0.9274,241,2.5646
08082700,ifs,1,0.0730,0.3791,0.4279,1.0203,241,5.1437
08086212,ifs,1,0.0126,0.3708,0.4054,0.9876,241,6.1247
08086290,ifs,1,0.1670,0.4358,0.4901,0.9669,241,5.5982
08101000,ifs,1,0.1420,0.5174,0.5402,1.1262,241,5.6773
08103900,ifs,1,0.3821,0.3714,0.6267,0.7224,241,7.2826
08104900,ifs,1,0.2443,0.3686,0.5204,0.7625,241,9.1134
08109700,ifs,1,0.3353,0.4189,0.5817,0.8620,241,8.6296
08150800,ifs,1,0.4324,0.4667,0.6605,0.8272,241,7.9903
08155200,ifs,1,0.1838,0.3896,0.4789,0.9253,241,7.4651
08158700,ifs,1,0.1722,0.4457,0.4966,0.9764,241,7.0597
08158810,ifs,1,0.2396,0.4855,0.5430,0.9233,241,6.4363
08164000,ifs,1,0.4318,0.6763,0.6990,1.0994,241,5.5756
08164300,ifs,1,0.3941,0.5091,0.6312,0.9066,241,7.4853
08164600,ifs,1,0.4062,0.6429,0.6729,1.0881,241,5.7442
08165300,ifs,1,0.4132,0.5815,0.6529,1.0173,241,7.2868
08171300,ifs,1,0.2321,0.4471,0.5219,0.9869,241,7.3636
08175000,ifs,1,0.3947,0.5192,0.6354,0.8618,241,6.7528
08176900,ifs,1,0.4943,0.7089,0.7471,1.1441,241,4.8906
08178880,ifs,1,0.2267,0.4317,0.5144,1.0475,241,9.3511
08189500,ifs,1,0.1451,0.5537,0.5905,1.1733,241,6.8191
08190000,ifs,1,0.5276,0.4298,0.7689,0.7930,241,9.8961
08190500,ifs,1,0.5111,0.3735,0.7774,0.7343,241,9.6175
08194200,ifs,1,0.3025,0.3711,0.5536,0.8198,241,7.2351
08195000,ifs,1,0.5479,0.5242,0.7563,0.9026,241,8.7364
08196000,ifs,1,0.4813,0.4650,0.7100,0.9042,241,10.7147
08198500,ifs,1,0.3756,0.4984,0.6160,0.9785,241,9.8932
08200000,ifs,1,0.1650,0.3188,0.4417,0.9399,241,11.0067
08202700,ifs,1,0.2139,0.3321,0.4789,0.8821,241,11.4458
08267500,ifs,1,0.5781,0.6201,0.7624,0.9221,241,2.4605
08269000,ifs,1,0.5416,0.6996,0.7511,1.1288,241,1.9011
08271000,ifs,1,0.5694,0.5858,0.7596,0.8730,241,2.5883
08324000,ifs,1,0.2919,0.4447,0.6577,1.4370,241,1.9406
08377900,ifs,1,0.3621,0.5329,0.6310,1.2065,241,2.9847
08378500,ifs,1,0.4450,0.6114,0.6910,1.1845,241,2.4421
08380500,ifs,1,0.3234,0.5667,0.6355,1.2137,241,2.5104
09034900,ifs,1,0.5789,0.6112,0.7646,0.9086,241,2.5591
09035900,ifs,1,0.5422,0.7271,0.7635,1.1278,241,1.9719
09047700,ifs,1,0.3367,0.5636,0.7010,1.3120,241,2.2526
09065500,ifs,1,0.4835,0.6785,0.7260,1.1480,241,2.1379
09066000,ifs,1,0.5220,0.6939,0.7434,1.1359,241,1.7525
09066200,ifs,1,0.3554,0.6198,0.6753,1.1965,241,2.5285
09066300,ifs,1,0.4528,0.6671,0.7184,1.1718,241,2.2672
09081600,ifs,1,0.7584,0.7500,0.8750,1.0646,241,2.1338
09107000,ifs,1,0.5543,0.3995,0.8597,1.5398,241,1.6411
09210500,ifs,1,0.6388,0.7743,0.8233,1.1401,241,1.3962
09223000,ifs,1,0.5739,0.6851,0.8210,1.2299,241,1.8600
09306242,ifs,1,0.1510,0.3446,0.6377,1.5349,241,2.5957
09312600,ifs,1,0.5027,0.6725,0.7323,1.1626,241,2.1808
09352900,ifs,1,0.7150,0.7737,0.8483,1.1303,241,2.3508
09378170,ifs,1,0.5236,0.6106,0.7261,0.8647,241,2.4015
09378630,ifs,1,0.4928,0.5672,0.7048,0.8399,241,2.6074
09386900,ifs,1,-0.4376,0.0638,0.5587,1.7309,241,2.7203
09404450,ifs,1,0.6356,0.6967,0.8298,1.2473,241,1.7671
09430500,ifs,1,0.5447,0.7120,0.7574,1.1290,241,1.5438
09430600,ifs,1,0.4113,0.5979,0.6557,1.0099,241,2.2940
09447800,ifs,1,-0.3503,0.3731,0.4599,1.2459,241,1.9091
09480000,ifs,1,0.3398,0.6077,0.6332,1.0691,241,2.8556
09484000,ifs,1,-0.1596,0.3721,0.4113,1.2173,241,3.5835
09484600,ifs,1,0.2996,0.5813,0.6054,0.9679,241,2.4977
09492400,ifs,1,0.3394,0.5384,0.6039,0.9943,241,3.8451
09494000,ifs,1,0.4002,0.6536,0.6979,1.1687,241,2.6180
09497800,ifs,1,0.3437,0.5167,0.6023,0.9198,241,2.4407
09497980,ifs,1,0.2013,0.4436,0.5078,0.9516,241,3.1695
09505200,ifs,1,0.3609,0.6440,0.6713,1.1329,241,2.4652
09505350,ifs,1,0.3975,0.6072,0.6524,0.9686,241,2.4870
09505800,ifs,1,0.5184,0.6689,0.7270,1.0666,241,2.2715
09508300,ifs,1,0.1836,0.3953,0.5081,0.7381,241,2.7504
09510200,ifs,1,-0.0468,0.2082,0.3180,0.7370,241,3.1543
09512280,ifs,1,0.0679,0.2834,0.3800,0.8973,241,2.6707
09513780,ifs,1,0.0504,0.2479,0.3671,0.7887,241,2.5152
10023000,ifs,1,0.6070,0.7121,0.7816,1.0871,241,2.2439
10166430,ifs,1,0.5713,0.5959,0.7597,0.8433,241,2.3355
10172700,ifs,1,0.1080,0.5074,0.6169,1.2817,241,2.5717
10172800,ifs,1,0.5028,0.7133,0.7334,1.0675,241,2.5705
10173450,ifs,1,0.7682,0.7866,0.8802,1.1626,241,1.7202
10205030,ifs,1,0.6258,0.7452,0.7983,1.1138,241,1.8542
10234500,ifs,1,0.5746,0.6966,0.7607,0.9486,241,2.2589
10242000,ifs,1,0.7942,0.7460,0.8979,0.8872,241,1.7085
10244950,ifs,1,0.5681,0.6578,0.7538,0.9785,241,1.8713
10249300,ifs,1,0.3056,0.5428,0.6761,1.3187,241,1.8785
10258000,ifs,1,0.3290,0.2074,0.6419,1.7010,241,2.9126
10258500,ifs,1,0.0451,-0.0865,0.7063,1.9812,241,1.7733
10259000,ifs,1,0.3664,0.3180,0.6950,1.6095,241,2.1882
10259200,ifs,1,0.3602,0.2352,0.6955,1.7009,241,1.5999
10263500,ifs,1,0.6328,0.4283,0.8355,0.6390,241,3.5453
10310500,ifs,1,0.7758,0.8446,0.8865,1.1046,241,1.7158
10316500,ifs,1,0.5086,0.3630,0.7719,0.6740,241,2.5965
10329500,ifs,1,0.5751,0.5617,0.7669,0.8425,241,2.1270
10336645,ifs,1,0.7709,0.8321,0.8837,1.1194,241,3.9190
10336660,ifs,1,0.8081,0.8617,0.8991,1.0275,241,3.9052
10343500,ifs,1,0.8159,0.7341,0.9211,1.2373,241,2.3100
10348850,ifs,1,0.6834,0.4457,0.9072,0.7039,241,5.1108
10396000,ifs,1,0.7035,0.7151,0.8419,0.9298,241,1.8242
11098000,ifs,1,0.5401,0.3327,0.7800,0.5818,241,5.5278
11124500,ifs,1,0.6682,0.4862,0.8834,0.7815,241,3.9826
11141280,ifs,1,0.7944,0.6293,0.9125,0.7716,241,2.8511
11143000,ifs,1,0.6686,0.4744,0.8492,0.6547,241,5.8107
11148900,ifs,1,0.6939,0.8240,0.8387,0.9703,241,3.0141
11151300,ifs,1,0.7404,0.8274,0.8634,0.9193,241,1.8998
11162500,ifs,1,0.7068,0.6978,0.8442,0.8717,241,3.4257
11176400,ifs,1,0.3850,0.6503,0.7796,1.1037,241,2.6477
11180500,ifs,1,0.5665,0.7673,0.8028,1.0930,241,2.5037
11180960,ifs,1,0.4667,0.7338,0.7462,1.0659,241,3.3340
11224500,ifs,1,0.8078,0.8574,0.8989,0.9505,241,1.4237
11253310,ifs,1,0.8172,0.8911,0.9117,1.0566,241,1.1316
11264500,ifs,1,0.2744,0.1469,0.8692,1.6474,241,4.0334
11266500,ifs,1,0.4339,0.3294,0.8659,1.5128,241,3.8388
11274500,ifs,1,0.5848,0.7348,0.8467,1.0527,241,2.0776
11274630,ifs,1,0.6117,0.7091,0.8620,1.1252,241,1.8271
11284400,ifs,1,0.7678,0.5615,0.9458,1.3206,241,2.4371
11299600,ifs,1,0.6692,0.4888,0.9167,1.3889,241,2.8418
11381500,ifs,1,0.7217,0.6316,0.8681,0.8429,241,4.7625
11383500,ifs,1,0.7421,0.6617,0.8760,0.8527,241,4.6545
11451100,ifs,1,0.8004,0.7802,0.9087,1.1906,241,2.3099
11468500,ifs,1,0.6266,0.5568,0.9053,1.2680,241,4.0726
11473900,ifs,1,0.8261,0.9101,0.9125,1.0195,241,2.8586
11475560,ifs,1,0.6762,0.5559,0.8310,0.6851,241,7.4129
11476600,ifs,1,0.4329,0.5598,0.8138,1.2764,241,5.5229
11478500,ifs,1,0.7997,0.8933,0.9035,0.9679,241,3.2925
11480390,ifs,1,0.6551,0.8152,0.8493,1.0101,241,4.0678
11481200,ifs,1,0.7642,0.8254,0.8749,0.9240,241,3.8518
11482500,ifs,1,0.7928,0.7468,0.8949,0.8628,241,4.0444
11522500,ifs,1,0.7725,0.8557,0.8905,1.0887,241,2.8422
11523200,ifs,1,0.7891,0.8047,0.8891,0.8828,241,3.0145
11528700,ifs,1,0.7842,0.8633,0.8894,0.9258,241,2.8056
11532500,ifs,1,0.7655,0.6951,0.8838,0.8391,241,5.3438
12010000,ifs,1,0.6988,0.5503,0.8715,0.7382,241,6.2471
12013500,ifs,1,0.7697,0.7478,0.8815,0.8610,241,4.2839
12020000,ifs,1,0.7105,0.8029,0.8506,0.8812,241,4.0215
12025000,ifs,1,0.7936,0.7363,0.8979,0.8513,241,3.2694
12025700,ifs,1,0.7971,0.8289,0.9072,1.1318,241,2.9196
12035000,ifs,1,0.7386,0.6305,0.8745,0.7503,241,5.6456
12040500,ifs,1,0.8189,0.6952,0.9228,0.8221,241,5.4095
12041200,ifs,1,0.7600,0.5650,0.9167,0.7361,241,6.8437
12043000,ifs,1,0.7315,0.5687,0.8952,0.7563,241,5.6994
12048000,ifs,1,0.6198,0.5992,0.8309,1.3606,241,3.2228
12054000,ifs,1,0.7950,0.7334,0.9034,0.9321,241,4.0371
12056500,ifs,1,0.8504,0.7560,0.9337,0.8841,241,4.5773
12073500,ifs,1,0.6487,0.7806,0.8096,0.9937,241,3.3635
12082500,ifs,1,0.8985,0.9213,0.9488,0.9428,241,3.0451
12092000,ifs,1,0.8833,0.8600,0.9412,0.9093,241,3.2941
12095000,ifs,1,0.7193,0.8045,0.8797,1.1100,241,3.9052
12114500,ifs,1,0.7552,0.5356,0.9063,0.6627,241,5.6967
12115000,ifs,1,0.7640,0.5448,0.9105,0.6703,241,5.5646
12115500,ifs,1,0.7933,0.6395,0.9123,0.7615,241,5.2257
12117000,ifs,1,0.7892,0.6435,0.9107,0.7739,241,5.2215
12141300,ifs,1,0.7691,0.5422,0.9271,0.7040,241,6.4018
12143600,ifs,1,0.7940,0.5955,0.9312,0.7583,241,5.6801
12144000,ifs,1,0.8080,0.6374,0.9297,0.7925,241,5.1351
12145500,ifs,1,0.7869,0.5998,0.9200,0.7339,241,4.2678
12147600,ifs,1,0.7360,0.4964,0.9224,0.6815,241,8.3881
12167000,ifs,1,0.8515,0.7543,0.9335,0.8621,241,4.3193
12175500,ifs,1,0.8620,0.8413,0.9304,0.9211,241,2.9258
12186000,ifs,1,0.8808,0.7137,0.9592,0.8210,241,4.0111
12189500,ifs,1,0.9045,0.7820,0.9633,0.8810,241,3.0223
12358500,ifs,1,0.7161,0.6430,0.8613,0.8021,241,3.6758
12377150,ifs,1,0.5438,0.4844,0.7663,0.6264,241,4.4071
12381400,ifs,1,0.6456,0.5718,0.8226,0.7044,241,3.5683
12390700,ifs,1,0.7503,0.8448,0.8681,0.9682,241,2.2966
12411000,ifs,1,0.7436,0.5838,0.8935,0.7379,241,2.6927
12414500,ifs,1,0.8055,0.7901,0.9001,0.8658,241,2.4755
12447390,ifs,1,0.2979,0.5228,0.6651,1.3391,241,2.3159
12451000,ifs,1,0.8014,0.8005,0.9166,1.1495,241,2.4838
12488500,ifs,1,0.8665,0.9081,0.9318,0.9464,241,2.9437
13011500,ifs,1,0.7139,0.8415,0.8521,1.0405,241,1.9473
13011900,ifs,1,0.7464,0.8330,0.8662,1.0605,241,1.7652
13018300,ifs,1,0.6352,0.6986,0.7974,0.9623,241,2.2248
13023000,ifs,1,0.6519,0.7320,0.8452,1.2066,241,1.7873
13161500,ifs,1,0.7075,0.5390,0.8676,1.4412,241,1.1474
13235000,ifs,1,0.7875,0.8823,0.8903,1.0172,241,2.0133
13240000,ifs,1,0.8123,0.8604,0.9018,0.9438,241,2.4676
13310700,ifs,1,0.7997,0.8779,0.9013,1.0713,241,1.9501
13313000,ifs,1,0.7916,0.7040,0.9021,0.8373,241,2.3809
13331500,ifs,1,0.8150,0.8532,0.9036,0.9196,241,2.1528
13337000,ifs,1,0.8431,0.8721,0.9192,0.9221,241,2.3574
13338500,ifs,1,0.6500,0.7660,0.8160,1.1255,241,2.6946
13340000,ifs,1,0.8245,0.8918,0.9086,0.9980,241,2.1056
13340600,ifs,1,0.8304,0.7810,0.9157,0.8622,241,2.7610
14020000,ifs,1,0.7426,0.8224,0.8637,0.9258,241,2.4544
14092750,ifs,1,0.6854,0.7320,0.8742,1.1884,241,3.1886
14096850,ifs,1,0.4030,0.6490,0.7476,1.2016,241,2.7355
14137000,ifs,1,0.8701,0.8785,0.9333,0.9508,241,3.0924
14138800,ifs,1,0.8909,0.6920,0.9688,0.7992,241,3.8588
14138870,ifs,1,0.8861,0.7342,0.9605,0.8558,241,4.0818
14138900,ifs,1,0.8108,0.5606,0.9556,0.7282,241,6.2427
14139800,ifs,1,0.8854,0.7400,0.9563,0.8365,241,3.9807
14141500,ifs,1,0.9181,0.8997,0.9593,0.9636,241,2.8784
14154500,ifs,1,0.8106,0.9021,0.9092,0.9925,241,2.4375
14158500,ifs,1,0.8595,0.8591,0.9282,0.9027,241,2.6661
14158790,ifs,1,0.8573,0.6669,0.9502,0.7690,241,3.4354
14166500,ifs,1,0.7853,0.8325,0.8862,0.9654,241,2.9720
14182500,ifs,1,0.7994,0.8719,0.8954,0.9566,241,3.6375
14185000,ifs,1,0.8738,0.9188,0.9357,0.9585,241,2.5548
14185900,ifs,1,0.8536,0.7731,0.9299,0.8405,241,3.3068
14187000,ifs,1,0.8105,0.7959,0.9027,0.8801,241,3.2601
14216500,ifs,1,0.8972,0.8901,0.9513,0.9059,241,2.9856
14222500,ifs,1,0.7745,0.5293,0.9312,0.6896,241,7.0813
14236200,ifs,1,0.8908,0.8181,0.9497,0.9055,241,2.8403
14301000,ifs,1,0.8009,0.6442,0.9179,0.7776,241,3.9894
14303200,ifs,1,0.7143,0.5032,0.8871,0.6638,241,6.2144
14305500,ifs,1,0.6484,0.4791,0.8472,0.6852,241,8.1647
14306340,ifs,1,0.7698,0.7769,0.8790,0.8736,241,3.4029
14306500,ifs,1,0.7601,0.7754,0.8733,0.8792,241,3.7469
14308990,ifs,1,0.7160,0.8262,0.8574,1.0990,241,2.3956
14309500,ifs,1,0.6572,0.6676,0.8146,0.7807,241,3.9416
14316700,ifs,1,0.8214,0.8686,0.9246,0.9934,241,2.2448
14325000,ifs,1,0.6337,0.6327,0.8010,0.7621,241,5.0830
14362250,ifs,1,0.4612,0.6241,0.7830,1.2586,241,3.0547
14400000,ifs,1,0.6809,0.7199,0.8287,0.8166,241,6.3870
01013500,ifs,2,0.5045,0.7010,0.7352,1.1120,241,3.8782
01022500,ifs,2,0.5339,0.6950,0.7439,1.1095,241,4.3043
01030500,ifs,2,0.5891,0.7496,0.7769,1.0442,241,3.4709
01031500,ifs,2,0.4796,0.6703,0.7376,1.1981,241,4.1022
01047000,ifs,2,0.4019,0.6243,0.7161,1.2441,241,4.7304
01052500,ifs,2,0.2099,0.4728,0.6469,1.3867,241,4.9459
01054200,ifs,2,0.6236,0.7766,0.8061,1.1041,241,4.4308
01055000,ifs,2,0.4216,0.6800,0.7067,1.1264,241,4.3608
01057000,ifs,2,0.3992,0.6548,0.6726,1.0488,241,4.6818
01073000,ifs,2,-0.0047,0.5118,0.5397,1.1414,241,6.0592
01078000,ifs,2,0.4636,0.6190,0.6875,1.0002,241,4.5943
01118300,ifs,2,0.5092,0.5625,0.7156,0.8538,241,8.0643
01121000,ifs,2,0.3040,0.6711,0.6831,1.0180,241,6.8656
01123000,ifs,2,0.2618,0.6470,0.6522,0.9795,241,7.4336
01134500,ifs,2,0.4683,0.6590,0.7005,1.0577,241,4.7333
01137500,ifs,2,0.4756,0.6353,0.7166,1.1988,241,4.7154
01139000,ifs,2,0.4976,0.6353,0.7182,1.1609,241,4.3810
01139800,ifs,2,0.4383,0.5286,0.6647,0.8852,241,5.1766
01142500,ifs,2,0.5049,0.6512,0.7192,1.1003,241,4.0488
01144000,ifs,2,0.5514,0.6491,0.7429,0.9768,241,4.1545
01169000,ifs,2,0.3955,0.6711,0.6973,1.1283,241,5.3847
01170100,ifs,2,0.3664,0.6474,0.6919,1.1705,241,5.3739
01181000,ifs,2,0.1157,0.5688,0.6676,1.1359,241,7.0921
01187300,ifs,2,-0.8080,0.0072,0.7044,1.4612,241,8.8693
01195100,ifs,2,0.1164,0.5066,0.5291,0.8703,241,9.0090
01333000,ifs,2,0.2346,0.5538,0.5860,1.1398,241,6.1055
01350000,ifs,2,0.2913,0.4943,0.5679,1.0564,241,8.4789
01350080,ifs,2,0.2415,0.5253,0.5659,1.1108,241,6.8522
01350140,ifs,2,0.3771,0.5888,0.6385,1.0556,241,5.8821
01365000,ifs,2,0.2589,0.6062,0.6441,1.1652,241,7.2181
01411300,ifs,2,0.3667,0.4310,0.6065,0.9000,241,8.5577
01413500,ifs,2,0.4728,0.5610,0.6888,0.9103,241,6.9117
01414500,ifs,2,0.3824,0.5381,0.6266,1.0087,241,7.9646
01415000,ifs,2,0.4563,0.6488,0.6906,1.0035,241,5.7792
01423000,ifs,2,0.4526,0.6693,0.6954,1.0067,241,5.7360
01434025,ifs,2,0.4394,0.6139,0.6743,0.9583,241,8.0019
01435000,ifs,2,0.4042,0.6296,0.6625,1.0188,241,7.7681
01439500,ifs,2,0.4714,0.6791,0.7077,0.9493,241,5.5251
01440000,ifs,2,0.4984,0.6770,0.7196,0.9305,241,5.6968
01440400,ifs,2,0.4550,0.6125,0.6893,0.8609,241,6.1998
01451800,ifs,2,-0.0548,0.5214,0.5754,1.1045,241,6.9992
01466500,ifs,2,0.2701,0.6115,0.6156,1.0169,241,6.1221
01484100,ifs,2,0.3888,0.6043,0.6548,1.1223,241,6.0728
01485500,ifs,2,0.2145,0.3813,0.4963,0.8637,241,8.3018
01486000,ifs,2,0.1671,0.3953,0.4722,0.9555,241,8.7828
01487000,ifs,2,0.3675,0.5167,0.6138,0.9949,241,6.5554
01491000,ifs,2,0.2918,0.5815,0.6631,1.2459,241,5.1951
01510000,ifs,2,0.2806,0.6074,0.6148,1.0170,241,6.1621
01516500,ifs,2,0.2929,0.6536,0.6545,1.0115,241,4.7837
01518862,ifs,2,0.4530,0.6809,0.7012,0.9578,241,4.5271
01532000,ifs,2,0.0916,0.4889,0.4997,0.9801,241,6.6290
01539000,ifs,2,0.1453,0.5609,0.5633,1.0403,241,6.6865
01542810,ifs,2,0.1636,0.5650,0.5669,1.0184,241,5.9847
01543000,ifs,2,0.1905,0.6060,0.6094,1.0386,241,5.6969
01543500,ifs,2,0.3946,0.6675,0.6783,0.9501,241,5.3061
01544500,ifs,2,0.2921,0.6084,0.6183,0.9690,241,5.2604
01545600,ifs,2,0.2981,0.6043,0.6165,0.9935,241,5.3907
01547700,ifs,2,0.1795,0.2476,0.4397,0.8081,241,9.6955
01548500,ifs,2,0.3772,0.6558,0.6669,0.9555,241,4.6291
01549500,ifs,2,0.2156,0.5625,0.5726,1.0112,241,5.8007
01550000,ifs,2,0.0922,0.4677,0.4854,1.0000,241,6.9589
01552000,ifs,2,0.1462,0.4255,0.4801,0.9213,241,7.7029
01552500,ifs,2,0.1410,0.5427,0.5463,0.9948,241,6.4811
01557500,ifs,2,0.2936,0.4179,0.5592,0.8148,241,7.9132
01567500,ifs,2,0.3884,0.5631,0.6393,0.8996,241,6.0778
01568000,ifs,2,0.3265,0.6229,0.6357,0.9563,241,5.6450
01580000,ifs,2,0.3614,0.6862,0.7005,1.0735,241,4.9585
01583500,ifs,2,0.3733,0.6862,0.6952,1.0703,241,4.8785
01586610,ifs,2,0.3174,0.6494,0.6511,1.0263,241,5.1524
01591400,ifs,2,0.2677,0.5557,0.5862,0.9196,241,6.9352
01596500,ifs,2,0.1285,0.4545,0.4872,1.0313,241,6.8134
01605500,ifs,2,0.4160,0.5281,0.6511,0.8629,241,5.0863
01606500,ifs,2,0.5184,0.6644,0.7260,0.9436,241,4.3027
01613050,ifs,2,0.3364,0.6531,0.6554,0.9983,241,5.3731
01620500,ifs,2,0.4475,0.6327,0.6825,1.0291,241,4.1899
01632000,ifs,2,0.4721,0.5221,0.6974,0.7736,241,5.1712
01632900,ifs,2,0.3036,0.4196,0.5719,0.7706,241,5.7315
01634500,ifs,2,0.2838,0.5569,0.5891,0.9577,241,5.8706
01638480,ifs,2,0.2614,0.5734,0.5899,0.9804,241,5.8951
01639500,ifs,2,0.3121,0.6396,0.6431,1.0307,241,5.0848
01644000,ifs,2,0.3460,0.6323,0.6465,0.9479,241,5.2135
01658500,ifs,2,0.2353,0.5254,0.5604,0.9223,241,6.3280
01664000,ifs,2,0.4619,0.6258,0.6945,0.8756,241,5.0374
01666500,ifs,2,0.4590,0.6425,0.6944,0.9063,241,5.0322
01667500,ifs,2,0.4771,0.6145,0.7024,0.8490,241,4.7282
01669000,ifs,2,0.3280,0.5045,0.5889,0.9668,241,6.6323
01669520,ifs,2,0.3282,0.5375,0.5983,0.9928,241,6.5929
02011400,ifs,2,0.5109,0.6607,0.7225,0.9217,241,4.1796
02011460,ifs,2,0.4867,0.6476,0.7054,0.9724,241,4.5470
02013000,ifs,2,0.3699,0.5917,0.6362,0.9513,241,4.9747
02014000,ifs,2,0.3492,0.6012,0.6305,0.9915,241,4.5235
02015700,ifs,2,0.4205,0.6115,0.6643,1.0369,241,4.6729
02016000,ifs,2,0.4468,0.6739,0.6950,1.0150,241,4.0211
02017500,ifs,2,0.1732,0.5548,0.5655,1.0810,241,4.5140
02018000,ifs,2,0.2278,0.5903,0.6188,1.1499,241,4.1690
02027000,ifs,2,0.2995,0.5558,0.6902,1.3055,241,4.3628
02027500,ifs,2,0.3873,0.6383,0.6974,1.1982,241,4.2689
02028500,ifs,2,0.4339,0.6334,0.6792,0.9217,241,4.2115
02038850,ifs,2,0.3009,0.6397,0.6415,0.9756,241,4.9343
02046000,ifs,2,0.2503,0.5850,0.5940,1.0006,241,5.9315
02051000,ifs,2,0.2849,0.5486,0.5848,0.9804,241,6.1937
02051500,ifs,2,0.1536,0.5575,0.5633,1.0635,241,6.1460
02053200,ifs,2,0.2513,0.5992,0.6278,1.1485,241,6.2796
02053800,ifs,2,0.2111,0.5692,0.5763,0.9832,241,4.7445
02055100,ifs,2,-0.1593,0.2762,0.4954,1.5098,241,5.1435
02056900,ifs,2,0.3300,0.5897,0.6187,1.0050,241,4.8638
02059500,ifs,2,0.2174,0.6148,0.6527,1.1293,241,4.1101
02064000,ifs,2,0.2304,0.5961,0.6243,1.1469,241,4.6841
02065500,ifs,2,0.2511,0.6097,0.6596,1.1723,241,4.5576
02069700,ifs,2,0.2906,0.5410,0.5857,0.9364,241,5.9304
02070000,ifs,2,0.3557,0.5273,0.6152,0.8741,241,5.5850
02074500,ifs,2,0.4684,0.5811,0.6879,1.1180,241,5.4118
02077200,ifs,2,0.2463,0.6081,0.6145,1.0660,241,4.7919
02081500,ifs,2,0.2553,0.6003,0.6255,1.1392,241,5.4650
02082950,ifs,2,0.1983,0.4557,0.7092,1.3939,241,4.8747
02092500,ifs,2,0.1383,0.5268,0.5743,1.2065,241,5.8033
02096846,ifs,2,0.1488,0.3563,0.4467,0.9822,241,8.2838
02102908,ifs,2,0.4691,0.6819,0.7070,1.0359,241,6.0961
02108000,ifs,2,0.3108,0.6265,0.6412,1.0935,241,5.3644
02111180,ifs,2,0.0415,0.4451,0.4729,0.8621,241,7.2784
02111500,ifs,2,0.2093,0.3967,0.5166,0.7587,241,6.5117
02118500,ifs,2,0.1202,0.5387,0.5557,0.8767,241,5.8540
02128000,ifs,2,0.0508,0.5594,0.6121,1.1070,241,6.4056
02137727,ifs,2,0.5291,0.6121,0.7293,0.8878,241,5.7450
02140991,ifs,2,0.4147,0.6129,0.6663,0.9008,241,5.4700
02143000,ifs,2,0.3864,0.6887,0.6918,0.9570,241,5.5315
02143040,ifs,2,0.1780,0.5750,0.5802,0.9379,241,6.3517
02149000,ifs,2,0.4327,0.4705,0.6646,0.7627,241,7.4398
02152100,ifs,2,0.2092,0.6289,0.6385,0.9959,241,5.9348
02177000,ifs,2,0.2686,0.4721,0.5536,0.8878,241,7.6701
02178400,ifs,2,0.2488,0.5774,0.5925,0.9333,241,6.5907
02193340,ifs,2,0.2496,0.5080,0.5596,1.1067,241,6.2895
02196000,ifs,2,0.2831,0.5269,0.5764,0.9430,241,6.7956
02198100,ifs,2,0.2388,0.2740,0.4976,0.7696,241,9.0890
02202600,ifs,2,-0.1125,0.3975,0.4291,1.1897,241,6.2989
02212600,ifs,2,0.2404,0.4636,0.5325,0.9614,241,7.4159
02215100,ifs,2,-0.0598,0.3425,0.3699,1.0218,241,8.6880
02216180,ifs,2,0.1441,0.2999,0.4264,0.8845,241,9.1897
02221525,ifs,2,0.4204,0.5993,0.6606,0.9994,241,5.7860
02231000,ifs,2,0.4052,0.4615,0.6436,0.8386,241,5.1617
02231342,ifs,2,0.2808,0.4243,0.5424,0.9489,241,5.7504
02235200,ifs,2,0.1956,0.3386,0.4844,0.7937,241,6.1363
02245500,ifs,2,0.1479,0.3575,0.4470,0.9695,241,6.0626
02246000,ifs,2,0.1781,0.4578,0.5050,0.9648,241,5.3501
02296500,ifs,2,0.2166,0.4771,0.5330,0.9031,241,5.3849
02297155,ifs,2,0.0548,0.2000,0.3504,0.7809,241,8.5006
02297310,ifs,2,0.2707,0.3492,0.5423,0.7542,241,6.7902
02298123,ifs,2,0.0553,0.2492,0.3576,0.9084,241,6.9733
02298608,ifs,2,0.0860,0.1450,0.3649,0.7007,241,8.1813
02299950,ifs,2,0.0304,0.1517,0.3156,0.7740,241,7.7757
02300700,ifs,2,0.0700,0.1177,0.3249,0.7626,241,9.0177
02310947,ifs,2,0.2069,0.2942,0.4686,0.8589,241,6.8522
02312200,ifs,2,0.2577,0.3167,0.5106,0.8880,241,8.0156
02314500,ifs,2,0.2805,0.4364,0.5524,0.8525,241,6.5486
02315500,ifs,2,0.3202,0.4581,0.5834,0.8378,241,5.8133
02324400,ifs,2,0.2306,0.2539,0.4867,0.8160,241,9.1046
02327100,ifs,2,0.1567,0.3708,0.4685,0.8375,241,8.1571
02349900,ifs,2,-0.0192,0.2857,0.3474,0.9229,241,9.5199
02350900,ifs,2,0.1155,0.4481,0.4819,0.9337,241,7.0190
02361000,ifs,2,0.1838,0.4615,0.5116,0.9195,241,6.4358
02363000,ifs,2,0.2860,0.4675,0.5577,0.9279,241,6.6449
02369800,ifs,2,0.3403,0.3047,0.6028,0.7158,241,10.4716
02371500,ifs,2,0.2852,0.3973,0.5404,0.9249,241,7.9235
02372250,ifs,2,0.2820,0.4263,0.5456,0.9031,241,7.7071
02374500,ifs,2,0.2131,0.3508,0.4868,0.8572,241,8.8540
02381600,ifs,2,0.1386,0.3419,0.4403,0.8924,241,9.4109
02384540,ifs,2,0.3919,0.5376,0.6361,0.8894,241,6.8140
02395120,ifs,2,0.2027,0.4751,0.5245,1.0772,241,6.6748
02408540,ifs,2,0.1096,0.3683,0.4397,0.9005,241,8.9968
02415000,ifs,2,0.1663,0.2963,0.4494,0.7908,241,9.4679
02422500,ifs,2,0.2235,0.5617,0.5798,1.0902,241,7.6829
02427250,ifs,2,0.3337,0.5516,0.6055,0.9885,241,6.2345
02430085,ifs,2,0.1627,0.5093,0.5277,0.9836,241,7.8679
02450250,ifs,2,0.4118,0.4716,0.6515,0.7566,241,7.4770
02464000,ifs,2,0.3096,0.3372,0.5625,0.7778,241,9.3045
02465493,ifs,2,0.2351,0.5726,0.5832,0.9818,241,7.4404
02469800,ifs,2,0.3321,0.5298,0.6042,0.8784,241,7.4088
02472000,ifs,2,0.4427,0.5290,0.6705,0.8287,241,7.7948
02472500,ifs,2,0.0888,0.4772,0.5197,0.8034,241,10.8477
02479155,ifs,2,0.4236,0.3956,0.6653,0.7343,241,9.9924
02479300,ifs,2,0.4077,0.2442,0.7202,0.6066,241,13.4390
02481000,ifs,2,0.3630,0.1448,0.7422,0.5182,241,16.7273
02481510,ifs,2,0.3621,0.1770,0.7010,0.5273,241,13.7621
03010655,ifs,2,0.3901,0.6317,0.6577,0.9965,241,5.1274
03011800,ifs,2,0.3392,0.5491,0.6078,0.9641,241,6.2369
03015500,ifs,2,0.1636,0.5855,0.6177,1.1404,241,5.8817
03021350,ifs,2,0.2528,0.5990,0.6234,1.1368,241,6.4171
03026500,ifs,2,0.3597,0.5668,0.6236,0.9462,241,5.7893
03028000,ifs,2,0.3013,0.5923,0.6112,1.0238,241,6.2208
03049800,ifs,2,0.2418,0.4338,0.5233,0.9417,241,7.6581
03050000,ifs,2,0.4051,0.5106,0.6384,0.9353,241,7.2613
03066000,ifs,2,0.3474,0.5810,0.6262,1.0892,241,6.7858
03069500,ifs,2,0.4611,0.6521,0.6988,1.0971,241,5.7154
03070500,ifs,2,0.0716,0.5301,0.5474,1.1249,241,7.3369
03076600,ifs,2,0.1667,0.3682,0.4651,0.8917,241,8.1736
03078000,ifs,2,0.1307,0.3535,0.4375,0.9645,241,8.2419
03140000,ifs,2,0.0674,0.4293,0.4556,0.9813,241,6.8609
03144000,ifs,2,-0.0837,0.3442,0.3820,0.8356,241,9.1370
03159540,ifs,2,0.0941,0.3867,0.4426,0.9134,241,8.8820
03161000,ifs,2,-0.3812,0.3676,0.3761,0.9700,241,7.9742
03164000,ifs,2,0.2731,0.5762,0.5995,0.9163,241,5.0665
03165000,ifs,2,0.4301,0.4966,0.6619,0.8107,241,5.4963
03170000,ifs,2,0.2679,0.5850,0.6000,0.9487,241,4.7672
03173000,ifs,2,0.2787,0.6227,0.6253,1.0188,241,4.2106
03180500,ifs,2,0.4338,0.5901,0.6658,1.0122,241,5.2623
03182500,ifs,2,0.5032,0.6622,0.7165,0.9870,241,4.3850
03186500,ifs,2,0.4350,0.6239,0.6740,0.9885,241,5.5752
03187500,ifs,2,0.4320,0.6425,0.6783,1.0211,241,5.5250
03213700,ifs,2,0.3554,0.6263,0.6449,1.0383,241,5.6416
03237280,ifs,2,0.0984,0.4381,0.4706,0.9442,241,7.3377
03237500,ifs,2,0.1828,0.4809,0.5184,0.9580,241,7.2671
03241500,ifs,2,0.0650,0.3099,0.3979,0.8520,241,9.6186
03280700,ifs,2,-0.0229,0.4570,0.4600,1.0153,241,7.2889
03281100,ifs,2,-0.0829,0.4475,0.4489,1.0347,241,7.1826
03281500,ifs,2,0.0069,0.4867,0.4877,1.0069,241,6.6580
03285000,ifs,2,0.1477,0.3653,0.4643,0.8173,241,8.3476
03291780,ifs,2,0.1336,0.2406,0.4040,0.8276,241,9.6103
03300400,ifs,2,0.2781,0.3607,0.5441,0.7552,241,8.2198
03340800,ifs,2,0.0083,0.4305,0.4495,1.0933,241,10.2727
03346000,ifs,2,0.3791,0.6154,0.6477,1.0272,241,6.8625
03364500,ifs,2,0.2243,0.2435,0.4820,0.7647,241,11.6087
03366500,ifs,2,0.1923,0.2864,0.4568,0.8373,241,9.0787
03368000,ifs,2,0.2117,0.1952,0.4774,0.6805,241,11.5874
03384450,ifs,2,0.2839,0.3452,0.5387,0.8117,241,8.0114
03439000,ifs,2,0.3199,0.5049,0.6013,0.8056,241,6.5436
03450000,ifs,2,0.3686,0.4150,0.6264,0.7017,241,5.1868
03455500,ifs,2,0.3483,0.5283,0.6308,0.7729,241,5.8166
03456500,ifs,2,0.3989,0.5831,0.6629,0.8172,241,5.2645
03460000,ifs,2,0.2405,0.4921,0.5541,0.8613,241,6.2481
03463300,ifs,2,0.4524,0.5815,0.6825,0.8535,241,5.8467
03471500,ifs,2,0.3527,0.6291,0.6454,1.0352,241,4.8921
03473000,ifs,2,0.2085,0.5515,0.5643,0.9798,241,5.6070
03479000,ifs,2,-0.9493,0.2395,0.3308,1.0364,241,8.3706
03488000,ifs,2,0.3304,0.5791,0.6156,0.9543,241,5.0515
03498500,ifs,2,0.2187,0.5242,0.5552,0.9189,241,6.7621
03500000,ifs,2,0.1968,0.5468,0.5591,0.9728,241,6.6120
03504000,ifs,2,0.2583,0.4751,0.5641,0.8006,241,7.5072
03574500,ifs,2,0.3050,0.5052,0.5796,0.9190,241,7.7052
03604000,ifs,2,0.3019,0.4274,0.5679,0.7998,241,8.1085
04015330,ifs,2,0.2004,0.5204,0.5439,1.0187,241,5.8567
04024430,ifs,2,0.0973,0.5422,0.5902,1.1853,241,4.7807
04027000,ifs,2,0.2981,0.5582,0.6355,1.2436,241,3.7893
04040500,ifs,2,0.0726,0.4633,0.4913,1.1365,241,5.1142
04043050,ifs,2,-0.1189,0.4220,0.4229,0.9967,241,5.1355
04045500,ifs,2,0.2161,0.5460,0.6369,1.2666,241,4.5065
04056500,ifs,2,0.1874,0.5364,0.6393,1.2764,241,4.2808
04057510,ifs,2,0.0665,0.5014,0.5188,1.1259,241,5.3829
04057800,ifs,2,0.1104,0.5093,0.5215,1.0759,241,5.0662
04059500,ifs,2,0.2838,0.6046,0.6186,1.0783,241,4.3784
04063700,ifs,2,0.1281,0.5054,0.5950,1.2783,241,4.4346
04074950,ifs,2,0.1586,0.5432,0.5577,1.1004,241,4.8119
04105700,ifs,2,0.2059,0.4555,0.5146,0.9600,241,6.4015
04115265,ifs,2,0.2163,0.4958,0.5375,1.0522,241,6.3419
04122200,ifs,2,0.2429,0.5485,0.6160,1.2357,241,6.2474
04122500,ifs,2,0.3461,0.6243,0.6838,1.2017,241,5.4649
04124000,ifs,2,0.4201,0.5204,0.6550,0.8315,241,6.5399
04127997,ifs,2,0.3462,0.5845,0.6283,0.8989,241,6.2431
04185000,ifs,2,0.1792,0.4094,0.4942,0.8453,241,5.9413
04196800,ifs,2,0.1885,0.5436,0.5547,1.0079,241,6.3435
04197100,ifs,2,0.2808,0.4716,0.5551,0.9519,241,6.6838
04197170,ifs,2,0.2067,0.5077,0.5399,1.0427,241,6.3625
04213000,ifs,2,0.1661,0.5582,0.5891,1.1622,241,5.8441
04213075,ifs,2,0.1231,0.5084,0.5544,1.2058,241,6.7363
04216418,ifs,2,0.3906,0.6025,0.6486,0.9533,241,5.7764
04221000,ifs,2,0.4736,0.6917,0.7116,1.0151,241,4.5006
04224775,ifs,2,0.2966,0.5644,0.5975,1.0518,241,5.7631
04256000,ifs,2,0.2045,0.5959,0.6552,1.1746,241,5.3657
04296000,ifs,2,0.4132,0.6500,0.6919,1.1532,241,4.7810
05057000,ifs,2,0.3828,0.5829,0.7186,1.3007,241,2.9252
05057200,ifs,2,-0.0280,0.3394,0.6199,1.4860,241,3.4930
05062500,ifs,2,-0.1817,0.3570,0.4114,1.2588,241,4.7845
05087500,ifs,2,0.3315,0.5512,0.6056,1.0526,241,4.3256
05120500,ifs,2,0.3534,0.4572,0.7420,1.4506,241,3.2234
05123400,ifs,2,0.2540,0.5768,0.5954,1.0868,241,4.5045
05129115,ifs,2,0.1926,0.5018,0.5485,1.1663,241,4.2562
05131500,ifs,2,0.1586,0.4960,0.5298,1.1309,241,4.0110
05291000,ifs,2,0.1900,0.4911,0.6238,1.3371,241,6.1515
05362000,ifs,2,0.1136,0.4836,0.5600,1.2703,241,4.8306
05393500,ifs,2,0.0790,0.4561,0.4878,1.1403,241,5.3872
05399500,ifs,2,-0.0530,0.4339,0.4502,1.1263,241,7.2542
05408000,ifs,2,0.1382,0.4465,0.4886,1.0811,241,8.3263
05412500,ifs,2,0.2697,0.6340,0.6357,1.0350,241,6.4448
05413500,ifs,2,0.4515,0.6430,0.6867,1.0026,241,6.3610
05414000,ifs,2,0.3693,0.6277,0.6549,1.0937,241,6.6841
05444000,ifs,2,0.1775,0.5715,0.5900,1.1246,241,6.5362
05454000,ifs,2,0.1342,0.4403,0.4840,0.9195,241,8.0232
05458000,ifs,2,0.1040,0.4692,0.4893,0.9757,241,7.4464
05466500,ifs,2,0.4185,0.5764,0.6672,0.8158,241,8.0162
05487980,ifs,2,-0.0253,0.3765,0.4034,0.9231,241,9.0754
05488200,ifs,2,0.1738,0.3596,0.4623,0.9236,241,9.8862
05489000,ifs,2,0.0637,0.3579,0.4199,0.8792,241,9.7521
05495000,ifs,2,-0.2584,0.4447,0.4721,1.0478,241,8.1865
05495500,ifs,2,-0.5251,0.3562,0.4008,1.0559,241,11.0577
05501000,ifs,2,0.0934,0.4312,0.4649,0.9462,241,9.5532
05503800,ifs,2,0.0827,0.5248,0.5275,1.0408,241,7.5226
05507600,ifs,2,0.2108,0.5620,0.5875,1.1382,241,5.8507
05508805,ifs,2,0.3636,0.6550,0.6632,1.0428,241,5.1618
05514500,ifs,2,0.2353,0.5325,0.5606,1.0187,241,6.1870
05525500,ifs,2,0.0350,0.5152,0.6203,1.2214,241,7.9851
05556500,ifs,2,0.3457,0.5164,0.6072,0.8707,241,7.2646
05584500,ifs,2,-0.1114,0.3684,0.3835,0.9169,241,11.9327
05585000,ifs,2,-0.0896,0.4117,0.4174,0.9563,241,10.8023
05591550,ifs,2,0.2772,0.5203,0.5699,0.9906,241,7.7130
05592050,ifs,2,0.2483,0.5655,0.5906,1.1098,241,6.5824
05592575,ifs,2,0.3959,0.5652,0.6417,0.9295,241,7.5243
05593575,ifs,2,0.1706,0.4332,0.4911,0.9482,241,7.4659
05593900,ifs,2,0.2202,0.5397,0.5614,1.0488,241,7.7529
05595730,ifs,2,0.1150,0.4143,0.4615,0.9558,241,7.3556
06037500,ifs,2,0.6794,0.7607,0.8247,0.9593,241,2.2022
06043500,ifs,2,0.7643,0.8786,0.8809,1.0203,241,1.8406
06154410,ifs,2,0.0473,0.3724,0.4168,1.0425,241,4.7464
06188000,ifs,2,0.6153,0.7716,0.8083,1.1237,241,1.8616
06191500,ifs,2,0.7425,0.8345,0.8695,1.0975,241,1.5438
06221400,ifs,2,0.0604,0.2539,0.7449,1.5892,241,2.8366
06224000,ifs,2,0.2541,0.3908,0.7337,1.5061,241,2.6639
06289000,ifs,2,0.0446,0.2726,0.6837,1.6012,241,2.7833
06332515,ifs,2,-0.5976,0.1547,0.4329,1.5498,241,4.2508
06339100,ifs,2,-0.5045,0.1395,0.4908,1.6124,241,3.2073
06339500,ifs,2,0.1408,0.4198,0.6270,1.4319,241,2.8722
06344600,ifs,2,-0.2905,0.2669,0.4153,1.4345,241,3.9118
06350000,ifs,2,-0.0423,0.3743,0.6373,1.4222,241,2.9525
06352000,ifs,2,-0.0139,0.3476,0.6916,1.4409,241,2.5021
06353000,ifs,2,-0.1261,0.3213,0.6366,1.4610,241,2.8283
06354000,ifs,2,0.0062,0.3993,0.6309,1.4119,241,2.8933
06360500,ifs,2,0.1916,0.5120,0.6888,1.3154,241,2.2692
06404000,ifs,2,0.1252,0.4999,0.6151,1.3025,241,3.1078
06406000,ifs,2,-0.0595,0.4564,0.5678,1.2800,241,3.1205
06408700,ifs,2,-0.0504,0.4331,0.5787,1.3359,241,2.9598
06409000,ifs,2,-0.3701,0.2584,0.6099,1.4490,241,3.3275
06431500,ifs,2,0.1484,0.4935,0.5449,1.2067,241,2.9799
06440200,ifs,2,-0.0673,0.4983,0.5035,1.0186,241,4.3873
06441500,ifs,2,0.1677,0.6039,0.6088,1.0184,241,3.1730
06447000,ifs,2,-0.0428,0.4562,0.4829,1.1682,241,3.3865
06447500,ifs,2,-0.7394,0.2026,0.2626,1.2597,241,5.0345
06450500,ifs,2,-0.0273,0.4310,0.4433,1.0823,241,4.5981
06452000,ifs,2,0.1465,0.5525,0.5657,1.1062,241,3.2930
06453600,ifs,2,0.2906,0.5673,0.6084,1.1444,241,4.5157
06464500,ifs,2,0.2413,0.4170,0.5163,0.9776,241,5.3696
06477500,ifs,2,0.0391,0.4478,0.4941,1.2132,241,4.8814
06479215,ifs,2,0.1000,0.4070,0.5002,1.2964,241,6.6311
06479438,ifs,2,-0.0425,0.3189,0.4040,1.2944,241,6.6283
06601000,ifs,2,0.1785,0.4140,0.4857,1.0570,241,6.7689
06614800,ifs,2,0.6935,0.6729,0.8414,0.9103,241,2.9675
06622700,ifs,2,0.4986,0.7064,0.7335,1.0985,241,2.5188
06623800,ifs,2,0.5799,0.6787,0.7957,1.2480,241,2.4773
06632400,ifs,2,0.4551,0.6418,0.7634,1.2484,241,2.8564
06784000,ifs,2,0.0848,0.4926,0.5126,1.1237,241,5.2377
06803510,ifs,2,-0.2515,0.1698,0.2107,0.9239,241,9.2059
06803530,ifs,2,-0.2212,0.2478,0.2712,0.9993,241,7.8022
06814000,ifs,2,-0.5037,0.2447,0.2828,1.2328,241,9.3320
06846500,ifs,2,0.2080,0.3888,0.5002,0.8248,241,3.6992
06847900,ifs,2,-0.1283,0.1859,0.2593,0.8470,241,5.3589
06853800,ifs,2,-0.1738,0.2165,0.2705,0.8386,241,5.8121
06876700,ifs,2,-0.2381,0.0986,0.1878,0.7427,241,11.0192
06878000,ifs,2,-0.1202,0.2326,0.2919,0.8547,241,8.4613
06879650,ifs,2,-0.0254,0.2697,0.3642,0.7415,241,9.7253
06885500,ifs,2,-0.2454,0.3797,0.3799,1.0180,241,9.8491
06888500,ifs,2,0.0194,0.2191,0.3502,0.7337,241,9.9142
06889200,ifs,2,-0.3763,0.2525,0.2572,0.9698,241,10.6040
06889500,ifs,2,-0.5451,0.2579,0.2592,1.0146,241,10.8554
06892000,ifs,2,-0.3782,0.2850,0.2859,1.0026,241,10.8523
06903400,ifs,2,-0.2058,0.2951,0.3137,0.9134,241,10.3608
06906800,ifs,2,0.2348,0.3513,0.5124,0.7612,241,9.4629
06910800,ifs,2,0.1116,0.2101,0.4019,0.6809,241,8.9974
06911900,ifs,2,0.0763,0.1901,0.3772,0.6656,241,9.6989
06917000,ifs,2,0.0395,0.2143,0.3591,0.7237,241,10.7445
06918460,ifs,2,0.3657,0.5060,0.6127,0.9155,241,7.9462
06919500,ifs,2,0.0846,0.4133,0.4549,0.9100,241,9.0951
06921070,ifs,2,0.2724,0.3574,0.5356,0.7744,241,9.6988
06921200,ifs,2,0.2836,0.3561,0.5423,0.7770,241,10.2164
06934000,ifs,2,0.3490,0.4923,0.6019,0.8843,241,6.9859
07014500,ifs,2,0.1708,0.1358,0.4310,0.6616,241,10.5503
07056000,ifs,2,0.1055,0.3103,0.4134,0.8640,241,8.6643
07057500,ifs,2,0.1994,0.4773,0.5216,0.9758,241,7.4481
07060710,ifs,2,0.0771,0.1784,0.3447,0.8173,241,9.6640
07066000,ifs,2,0.2307,0.4515,0.5254,0.9229,241,7.2591
07067000,ifs,2,0.2834,0.4930,0.5654,0.9161,241,6.1988
07068000,ifs,2,0.2891,0.5206,0.5775,0.9262,241,5.7995
07071500,ifs,2,0.1600,0.4728,0.5089,0.9287,241,6.7793
07083000,ifs,2,0.4875,0.6067,0.7502,1.3035,241,2.0637
07142300,ifs,2,0.0844,0.3134,0.4123,0.8110,241,5.0197
07145700,ifs,2,0.2472,0.1367,0.5255,0.6279,241,10.0587
07148400,ifs,2,-0.0425,0.3813,0.4112,0.8623,241,4.5370
07149000,ifs,2,-0.0265,0.4253,0.4401,0.9086,241,4.2605
07151500,ifs,2,0.2506,0.2157,0.5094,0.6968,241,6.7879
07167500,ifs,2,0.0569,0.1842,0.3533,0.7129,241,7.6669
07180500,ifs,2,0.2427,0.2710,0.5061,0.6935,241,7.0097
07184000,ifs,2,0.2701,0.2835,0.5258,0.7382,241,11.1890
07195800,ifs,2,0.2501,0.3878,0.5179,0.8693,241,9.5085
07196900,ifs,2,0.2610,0.3705,0.5208,0.8727,241,8.3744
07197000,ifs,2,0.2544,0.3783,0.5208,0.8414,241,8.0910
07208500,ifs,2,0.4567,0.5614,0.7080,1.3022,241,1.9073
07226500,ifs,2,0.2716,0.4640,0.5475,0.9659,241,2.0936
07261000,ifs,2,0.3027,0.4146,0.5622,0.8218,241,7.5181
07263295,ifs,2,0.3611,0.4492,0.6039,0.8688,241,7.3920
07290650,ifs,2,0.2613,0.4305,0.5344,0.9063,241,8.2280
07291000,ifs,2,0.2409,0.4253,0.5225,0.8993,241,8.4477
07292500,ifs,2,0.3366,0.4539,0.5887,0.8609,241,7.9572
07295000,ifs,2,0.3034,0.3905,0.5579,0.8292,241,9.2248
07299670,ifs,2,-0.0362,0.1940,0.2968,0.8274,241,4.6335
07301410,ifs,2,0.0374,0.0656,0.2680,0.8168,241,5.4837
07301500,ifs,2,0.0129,0.3530,0.3955,1.0456,241,3.2152
07315200,ifs,2,0.0791,0.3664,0.4296,0.8795,241,6.4915
07315700,ifs,2,-0.2899,0.3022,0.3853,1.3278,241,6.7359
07335700,ifs,2,0.1615,0.1791,0.4321,0.6480,241,10.0174
07340300,ifs,2,0.2901,0.4678,0.5752,0.7912,241,6.9959
07346045,ifs,2,-0.1888,0.4388,0.4725,1.1558,241,7.8659
07359610,ifs,2,0.1100,0.3128,0.4428,0.7177,241,9.7248
07362100,ifs,2,0.1248,0.5616,0.5733,1.0977,241,6.6103
07362587,ifs,2,0.3030,0.4319,0.5687,0.7983,241,8.6335
07373000,ifs,2,0.2556,0.5163,0.5599,1.0191,241,7.8393
07375000,ifs,2,0.1882,0.2316,0.4522,0.7352,241,12.2330
07376000,ifs,2,0.2102,0.3734,0.4940,0.8412,241,10.5700
08013000,ifs,2,0.4741,0.5503,0.6901,0.8775,241,7.3704
08014500,ifs,2,0.3809,0.5593,0.6343,0.9007,241,7.7654
08023080,ifs,2,0.3239,0.5299,0.5942,0.9687,241,7.6341
08025500,ifs,2,0.4241,0.4257,0.6591,0.7995,241,8.4718
08029500,ifs,2,0.1650,0.3854,0.4737,0.8656,241,10.5528
08050800,ifs,2,0.2527,0.2770,0.5183,0.6637,241,8.2545
08066200,ifs,2,0.2736,0.2795,0.5313,0.7199,241,11.9594
08066300,ifs,2,0.2749,0.2440,0.5340,0.7544,241,15.0678
08070000,ifs,2,0.4223,0.6930,0.7038,1.0761,241,6.8781
08070200,ifs,2,0.4804,0.7171,0.7259,1.0371,241,6.6757
08079600,ifs,2,0.1863,0.5442,0.5795,1.1719,241,2.7227
08082700,ifs,2,-0.1212,0.3322,0.3557,1.0962,241,5.6569
08086212,ifs,2,0.0803,0.3914,0.4369,0.9877,241,5.9112
08086290,ifs,2,0.1421,0.4563,0.4917,0.9901,241,5.6811
08101000,ifs,2,0.1652,0.4966,0.5226,1.0565,241,5.6001
08103900,ifs,2,0.2931,0.3732,0.5531,0.7575,241,7.7890
08104900,ifs,2,0.1332,0.3236,0.4342,0.8432,241,9.7603
08109700,ifs,2,0.2702,0.5162,0.5666,1.0529,241,9.0422
08150800,ifs,2,0.2601,0.2187,0.5214,0.6511,241,9.1234
08155200,ifs,2,-0.3117,0.3363,0.3689,1.2024,241,9.4635
08158700,ifs,2,-0.1423,0.4113,0.4343,1.1629,241,8.2932
08158810,ifs,2,-0.3481,0.3809,0.4448,1.2063,241,8.5700
08164000,ifs,2,0.2944,0.5816,0.6207,1.1559,241,6.2134
08164300,ifs,2,0.2819,0.5696,0.5954,1.0555,241,8.1488
08164600,ifs,2,0.1036,0.4922,0.5707,1.2693,241,7.0578
08165300,ifs,2,0.1475,0.1668,0.4030,0.7166,241,8.7833
08171300,ifs,2,-0.0379,0.4063,0.4230,1.0838,241,8.5609
08175000,ifs,2,0.2607,0.5282,0.5677,0.9596,241,7.4626
08176900,ifs,2,0.2989,0.5800,0.6709,1.2562,241,5.7586
08178880,ifs,2,0.1196,0.2849,0.4073,0.8755,241,9.9777
08189500,ifs,2,-0.0233,0.4158,0.4442,1.1566,241,7.4604
08190000,ifs,2,0.2199,0.1225,0.4875,0.6397,241,12.7168
08190500,ifs,2,0.2324,0.1800,0.4907,0.7067,241,12.0510
08194200,ifs,2,0.0315,0.1409,0.3123,0.7332,241,8.5256
08195000,ifs,2,0.2265,0.1816,0.4840,0.7029,241,11.4276
08196000,ifs,2,0.2571,0.2263,0.5137,0.7353,241,12.8227
08198500,ifs,2,0.2037,0.2641,0.4627,0.7840,241,11.1724
08200000,ifs,2,0.1372,0.2750,0.4144,0.8599,241,11.1879
08202700,ifs,2,0.2004,0.2507,0.4581,0.7764,241,11.5436
08267500,ifs,2,0.4295,0.5006,0.6573,0.8681,241,2.8611
08269000,ifs,2,0.4291,0.6203,0.6733,1.0831,241,2.1216
08271000,ifs,2,0.4245,0.4687,0.6553,0.8217,241,2.9924
08324000,ifs,2,0.2398,0.3590,0.6616,1.5422,241,2.0107
08377900,ifs,2,0.2136,0.4277,0.5607,1.3337,241,3.3139
08378500,ifs,2,0.2803,0.4962,0.6152,1.3091,241,2.7808
08380500,ifs,2,0.2064,0.4509,0.5950,1.3667,241,2.7189
09034900,ifs,2,0.4516,0.5606,0.6750,0.9064,241,2.9207
09035900,ifs,2,0.4514,0.6930,0.7209,1.1252,241,2.1587
09047700,ifs,2,0.4495,0.5708,0.7553,1.3484,241,2.0522
09065500,ifs,2,0.5791,0.7262,0.7928,1.1788,241,1.9299
09066000,ifs,2,0.5846,0.7424,0.7805,1.1125,241,1.6338
09066200,ifs,2,0.4571,0.6434,0.7548,1.2503,241,2.3205
09066300,ifs,2,0.5125,0.6812,0.7709,1.2189,241,2.1398
09081600,ifs,2,0.7383,0.7901,0.8638,1.1453,241,2.2207
09107000,ifs,2,0.5263,0.4046,0.8549,1.5212,241,1.6917
09210500,ifs,2,0.5754,0.7292,0.7880,1.1681,241,1.5137
09223000,ifs,2,0.5982,0.7016,0.8139,1.2289,241,1.8062
09306242,ifs,2,0.1433,0.1613,0.6863,1.7517,241,2.6075
09312600,ifs,2,0.2052,0.5032,0.5849,1.2664,241,2.7570
09352900,ifs,2,0.7161,0.7290,0.8580,1.2286,241,2.3461
09378170,ifs,2,0.5544,0.6752,0.7492,0.8943,241,2.3225
09378630,ifs,2,0.5233,0.6290,0.7274,0.8667,241,2.5280
09386900,ifs,2,-0.7201,-0.0831,0.5408,1.8434,241,2.9756
09404450,ifs,2,0.6007,0.7282,0.8099,1.1910,241,1.8498
09430500,ifs,2,0.3652,0.6170,0.6761,1.2007,241,1.8228
09430600,ifs,2,0.3210,0.5678,0.6064,1.0197,241,2.4636
09447800,ifs,2,-0.3602,0.4039,0.4268,1.0121,241,1.9161
09480000,ifs,2,0.2618,0.4265,0.5360,0.8734,241,3.0194
09484000,ifs,2,0.1917,0.5109,0.5418,1.0971,241,2.9919
09484600,ifs,2,0.2929,0.5326,0.5886,0.8775,241,2.5096
09492400,ifs,2,0.4307,0.5485,0.6580,1.0025,241,3.5694
09494000,ifs,2,0.4826,0.6646,0.7259,1.1763,241,2.4316
09497800,ifs,2,0.3408,0.4844,0.5955,0.8790,241,2.4460
09497980,ifs,2,0.3506,0.5300,0.6090,0.9279,241,2.8581
09505200,ifs,2,0.2977,0.5949,0.6765,1.2343,241,2.5841
09505350,ifs,2,0.3946,0.6457,0.6655,1.0186,241,2.4929
09505800,ifs,2,0.3126,0.5824,0.6541,1.2335,241,2.7138
09508300,ifs,2,0.1694,0.5509,0.5568,0.9751,241,2.7741
09510200,ifs,2,0.1527,0.2862,0.4377,0.7706,241,2.8379
09512280,ifs,2,-0.1099,0.2845,0.3260,1.1172,241,2.9142
09513780,ifs,2,-0.1134,0.2639,0.3071,0.9266,241,2.7236
10023000,ifs,2,0.5899,0.7042,0.7725,1.1069,241,2.2921
10166430,ifs,2,0.5904,0.6044,0.7737,0.8895,241,2.2828
10172700,ifs,2,0.4935,0.7076,0.7407,1.1320,241,1.9380
10172800,ifs,2,0.4358,0.6713,0.7103,1.1514,241,2.7382
10173450,ifs,2,0.6433,0.7665,0.8063,1.0628,241,2.1340
10205030,ifs,2,0.4792,0.6902,0.7156,1.0640,241,2.1875
10234500,ifs,2,0.5830,0.6686,0.7659,0.8789,241,2.2365
10242000,ifs,2,0.6871,0.6228,0.8399,0.7916,241,2.1067
10244950,ifs,2,0.5572,0.6718,0.7478,1.0257,241,1.8948
10249300,ifs,2,-0.1913,0.3562,0.4755,1.3565,241,2.4604
10258000,ifs,2,0.2957,0.4093,0.6086,1.4240,241,2.9838
10258500,ifs,2,-0.0642,0.0263,0.6580,1.8414,241,1.8721
10259000,ifs,2,0.3203,0.4639,0.6615,1.4157,241,2.2664
10259200,ifs,2,0.1837,0.2665,0.6128,1.6217,241,1.8071
10263500,ifs,2,0.4770,0.3316,0.7165,0.6078,241,4.2315
10310500,ifs,2,0.6806,0.8201,0.8553,1.0708,241,2.0477
10316500,ifs,2,0.4362,0.4173,0.6723,0.7545,241,2.7814
10329500,ifs,2,0.5412,0.4994,0.7525,0.8185,241,2.2103
10336645,ifs,2,0.8901,0.9319,0.9437,1.0201,241,2.7150
10336660,ifs,2,0.8929,0.8661,0.9464,0.9349,241,2.9184
10343500,ifs,2,0.7953,0.8836,0.9027,1.0480,241,2.4360
10348850,ifs,2,0.7391,0.4451,0.9429,0.6604,241,4.6393
10396000,ifs,2,0.6046,0.7129,0.7790,0.9543,241,2.1063
11098000,ifs,2,0.4999,0.2968,0.7502,0.5604,241,5.7642
11124500,ifs,2,0.5929,0.3884,0.8424,0.6789,241,4.4113
11141280,ifs,2,0.7390,0.6509,0.8679,0.7888,241,3.2118
11143000,ifs,2,0.5640,0.4918,0.7569,0.6716,241,6.6651
11148900,ifs,2,0.6425,0.7976,0.8187,0.9114,241,3.2569
11151300,ifs,2,0.6093,0.7892,0.8021,0.9286,241,2.3308
11162500,ifs,2,0.5337,0.7401,0.7555,0.9292,241,4.3205
11176400,ifs,2,0.5072,0.7570,0.7629,0.9612,241,2.3701
11180500,ifs,2,0.4259,0.6559,0.7654,1.1918,241,2.8811
11180960,ifs,2,0.4386,0.7078,0.7341,1.1103,241,3.4207
11224500,ifs,2,0.7422,0.7807,0.8640,0.8462,241,1.6488
11253310,ifs,2,0.8280,0.8131,0.9113,0.8430,241,1.0976
11264500,ifs,2,0.1499,0.2075,0.8254,1.5546,241,4.3659
11266500,ifs,2,0.3215,0.3763,0.8236,1.4362,241,4.2026
11274500,ifs,2,0.5793,0.7892,0.8122,1.0039,241,2.0913
11274630,ifs,2,0.6649,0.8215,0.8277,0.9644,241,1.6973
11284400,ifs,2,0.8124,0.7533,0.9259,1.1941,241,2.1907
11299600,ifs,2,0.2551,0.3528,0.8075,1.4441,241,4.2645
11381500,ifs,2,0.5961,0.6292,0.7735,0.8498,241,5.7371
11383500,ifs,2,0.6175,0.6762,0.7866,0.8710,241,5.6683
11451100,ifs,2,0.8059,0.7574,0.9124,1.2164,241,2.2781
11468500,ifs,2,0.8086,0.8966,0.9062,1.0397,241,2.9159
11473900,ifs,2,0.7944,0.7974,0.8927,0.9215,241,3.1078
11475560,ifs,2,0.6196,0.4103,0.8256,0.6098,241,8.0350
11476600,ifs,2,0.5377,0.7443,0.8105,1.0737,241,4.9862
11478500,ifs,2,0.7665,0.8639,0.8805,0.9409,241,3.5548
11480390,ifs,2,0.6287,0.8140,0.8297,0.9905,241,4.2206
11481200,ifs,2,0.7355,0.7858,0.8578,0.9427,241,4.0791
11482500,ifs,2,0.7414,0.6909,0.8688,0.8545,241,4.5189
11522500,ifs,2,0.7348,0.8391,0.8622,1.0682,241,3.0689
11523200,ifs,2,0.7388,0.8017,0.8613,0.8941,241,3.3546
11528700,ifs,2,0.7543,0.8384,0.8713,0.9237,241,2.9937
11532500,ifs,2,0.7460,0.7221,0.8673,0.8585,241,5.5621
12010000,ifs,2,0.6136,0.4682,0.8265,0.6859,241,7.0762
12013500,ifs,2,0.7113,0.6417,0.8563,0.7957,241,4.7962
12020000,ifs,2,0.7155,0.6988,0.8509,0.8160,241,3.9869
12025000,ifs,2,0.7069,0.5780,0.8662,0.7439,241,3.8959
12025700,ifs,2,0.7384,0.8094,0.8595,0.9729,241,3.3150
12035000,ifs,2,0.7662,0.5693,0.9095,0.7024,241,5.3397
12040500,ifs,2,0.8106,0.6410,0.9276,0.7681,241,5.5332
12041200,ifs,2,0.7608,0.5299,0.9285,0.6987,241,6.8328
12043000,ifs,2,0.7607,0.6030,0.9052,0.7692,241,5.3812
12048000,ifs,2,0.6308,0.6498,0.8310,1.3047,241,3.1759
12054000,ifs,2,0.7833,0.7016,0.9007,0.8927,241,4.1508
12056500,ifs,2,0.8485,0.7342,0.9358,0.8636,241,4.6066
12073500,ifs,2,0.5883,0.7007,0.7690,0.9400,241,3.6409
12082500,ifs,2,0.8183,0.7513,0.9117,0.8554,241,4.0738
12092000,ifs,2,0.7968,0.6931,0.9077,0.8309,241,4.3475
12095000,ifs,2,0.6762,0.8252,0.8322,1.0271,241,4.1940
12114500,ifs,2,0.7051,0.4317,0.9183,0.6205,241,6.2530
12115000,ifs,2,0.7119,0.4397,0.9209,0.6277,241,6.1492
12115500,ifs,2,0.7302,0.5094,0.9126,0.7028,241,5.9699
12117000,ifs,2,0.7044,0.5219,0.8863,0.7153,241,6.1834
12141300,ifs,2,0.6861,0.4714,0.8901,0.6715,241,7.4647
12143600,ifs,2,0.6940,0.5141,0.8820,0.7207,241,6.9230
12144000,ifs,2,0.7037,0.5498,0.8776,0.7513,241,6.3782
12145500,ifs,2,0.6606,0.4808,0.8622,0.6732,241,5.3863
12147600,ifs,2,0.6441,0.4388,0.8671,0.6492,241,9.7385
12167000,ifs,2,0.8277,0.7041,0.9280,0.8413,241,4.6517
12175500,ifs,2,0.8479,0.8652,0.9213,0.9424,241,3.0708
12186000,ifs,2,0.8454,0.6609,0.9475,0.7849,241,4.5673
12189500,ifs,2,0.8887,0.7541,0.9576,0.8583,241,3.2625
12358500,ifs,2,0.6269,0.6187,0.8005,0.7914,241,4.2138
12377150,ifs,2,0.5074,0.4242,0.7494,0.6098,241,4.5797
12381400,ifs,2,0.5677,0.4909,0.7807,0.6836,241,3.9409
12390700,ifs,2,0.6455,0.7572,0.8052,0.9747,241,2.7365
12411000,ifs,2,0.6851,0.6012,0.8453,0.7725,241,2.9841
12414500,ifs,2,0.7287,0.7331,0.8567,0.8664,241,2.9240
12447390,ifs,2,0.4401,0.6017,0.7079,1.2629,241,2.0681
12451000,ifs,2,0.8507,0.8111,0.9395,1.1432,241,2.1536
12488500,ifs,2,0.8080,0.6781,0.9181,0.8241,241,3.5305
13011500,ifs,2,0.6703,0.7775,0.8553,1.1418,241,2.0904
13011900,ifs,2,0.6763,0.7736,0.8500,1.1629,241,1.9942
13018300,ifs,2,0.6022,0.7116,0.7773,0.9649,241,2.3234
13023000,ifs,2,0.5408,0.6737,0.8094,1.2329,241,2.0529
13161500,ifs,2,0.6411,0.4954,0.8417,1.4769,241,1.2710
13235000,ifs,2,0.7064,0.8273,0.8444,1.0089,241,2.3663
13240000,ifs,2,0.6923,0.7538,0.8343,0.8799,241,3.1597
13310700,ifs,2,0.7325,0.8470,0.8596,0.9994,241,2.2536
13313000,ifs,2,0.6908,0.6188,0.8452,0.7843,241,2.9006
13331500,ifs,2,0.7022,0.8233,0.8449,0.9325,241,2.7310
13337000,ifs,2,0.7952,0.8814,0.8965,0.9442,241,2.6935
13338500,ifs,2,0.6085,0.7664,0.8009,1.1193,241,2.8503
13340000,ifs,2,0.7538,0.8758,0.8789,1.0228,241,2.4940
13340600,ifs,2,0.8087,0.7806,0.9026,0.8672,241,2.9320
14020000,ifs,2,0.5935,0.7888,0.7934,0.9601,241,3.0844
14092750,ifs,2,0.6183,0.6924,0.8606,1.1863,241,3.5122
14096850,ifs,2,0.1219,0.4993,0.6877,1.2800,241,3.3176
14137000,ifs,2,0.8648,0.9065,0.9310,0.9447,241,3.1552
14138800,ifs,2,0.8673,0.7429,0.9397,0.8008,241,4.2556
14138870,ifs,2,0.8489,0.7782,0.9260,0.8409,241,4.7018
14138900,ifs,2,0.8109,0.6007,0.9311,0.7155,241,6.2404
14139800,ifs,2,0.8222,0.7720,0.9106,0.8219,241,4.9580
14141500,ifs,2,0.8361,0.9027,0.9196,0.9473,241,4.0719
14154500,ifs,2,0.7752,0.8813,0.8942,0.9810,241,2.6559
14158500,ifs,2,0.7955,0.8660,0.8986,0.9124,241,3.2159
14158790,ifs,2,0.8205,0.6628,0.9232,0.7505,241,3.8525
14166500,ifs,2,0.6943,0.7883,0.8346,0.9487,241,3.5459
14182500,ifs,2,0.7612,0.8351,0.8766,0.9030,241,3.9685
14185000,ifs,2,0.7936,0.8834,0.9017,0.9510,241,3.2664
14185900,ifs,2,0.8172,0.7786,0.9076,0.8270,241,3.6949
14187000,ifs,2,0.7278,0.8019,0.8585,0.8769,241,3.9075
14216500,ifs,2,0.8977,0.8627,0.9502,0.8721,241,2.9781
14222500,ifs,2,0.7758,0.5516,0.9193,0.6895,241,7.0613
14236200,ifs,2,0.8153,0.6634,0.9276,0.8084,241,3.6942
14301000,ifs,2,0.8200,0.6180,0.9349,0.7403,241,3.7931
14303200,ifs,2,0.7560,0.4946,0.9186,0.6359,241,5.7422
14305500,ifs,2,0.6350,0.4606,0.8390,0.6615,241,8.3192
14306340,ifs,2,0.7075,0.7382,0.8431,0.8555,241,3.8359
14306500,ifs,2,0.7269,0.7674,0.8543,0.8731,241,3.9977
14308990,ifs,2,0.6482,0.7874,0.8144,1.0796,241,2.6660
14309500,ifs,2,0.6391,0.6187,0.8047,0.7420,241,4.0441
14316700,ifs,2,0.7694,0.8662,0.8969,0.9846,241,2.5511
14325000,ifs,2,0.6258,0.5953,0.7977,0.7326,241,5.1377
14362250,ifs,2,0.4969,0.6524,0.7906,1.2386,241,2.9518
14400000,ifs,2,0.6716,0.6915,0.8228,0.7948,241,6.4786
01013500,ifs,3,0.2107,0.5530,0.5992,1.1960,241,4.8944
01022500,ifs,3,0.3789,0.6065,0.6490,1.0964,241,4.9683
01030500,ifs,3,0.3918,0.6596,0.6750,1.0682,241,4.2226
01031500,ifs,3,0.0936,0.5339,0.6020,1.2153,241,5.4138
01047000,ifs,3,0.0557,0.5236,0.5593,1.1703,241,5.9437
01052500,ifs,3,-0.3379,0.3180,0.4120,1.3290,241,6.4358
01054200,ifs,3,-0.3131,0.3850,0.4195,1.1675,241,8.2755
01055000,ifs,3,-0.0873,0.4877,0.5124,1.1205,241,5.9787
01057000,ifs,3,-0.0895,0.4885,0.5166,1.1250,241,6.3048
01073000,ifs,3,-0.4144,0.3195,0.4146,1.3027,241,7.1894
01078000,ifs,3,-0.3890,0.3280,0.3600,1.1904,241,7.3935
01118300,ifs,3,0.3400,0.4825,0.5982,0.8357,241,9.3516
01121000,ifs,3,0.3119,0.6538,0.6556,0.9647,241,6.8264
01123000,ifs,3,0.2225,0.6100,0.6209,0.9112,241,7.6291
01134500,ifs,3,0.0487,0.4686,0.4799,1.0533,241,6.3313
01137500,ifs,3,0.0793,0.4476,0.4943,1.1927,241,6.2480
01139000,ifs,3,0.1619,0.4665,0.5191,1.1655,241,5.6584
01139800,ifs,3,0.1226,0.4003,0.4574,0.9457,241,6.4698
01142500,ifs,3,-0.5595,0.2764,0.4530,1.3584,241,7.1858
01144000,ifs,3,-0.0825,0.4791,0.4998,1.1256,241,6.4537
01169000,ifs,3,0.3593,0.6022,0.7570,1.2368,241,5.5435
01170100,ifs,3,0.3584,0.5637,0.7703,1.2832,241,5.4075
01181000,ifs,3,0.1567,0.6033,0.6353,1.0856,241,6.9255
01187300,ifs,3,-0.2828,0.3364,0.6341,1.3236,241,7.4709
01195100,ifs,3,0.3160,0.5183,0.5987,0.8316,241,7.9263
01333000,ifs,3,0.1081,0.4990,0.5362,1.1832,241,6.5911
01350000,ifs,3,0.0694,0.3210,0.3956,1.0043,241,9.7158
01350080,ifs,3,0.0991,0.4010,0.4485,1.0271,241,7.4678
01350140,ifs,3,0.1091,0.4518,0.4800,1.0248,241,7.0341
01365000,ifs,3,0.1520,0.5253,0.5457,1.1152,241,7.7208
01411300,ifs,3,0.1787,0.3078,0.4512,0.8589,241,9.7456
01413500,ifs,3,0.1741,0.4256,0.4905,0.9223,241,8.6514
01414500,ifs,3,0.1774,0.4478,0.4999,1.0373,241,9.1913
01415000,ifs,3,0.2179,0.5764,0.5846,1.0526,241,6.9315
01423000,ifs,3,0.2420,0.5903,0.5964,1.0221,241,6.7498
01434025,ifs,3,0.2409,0.4549,0.5308,0.9310,241,9.3118
01435000,ifs,3,0.2183,0.4780,0.5287,0.9880,241,8.8975
01439500,ifs,3,0.3704,0.6311,0.6557,0.9171,241,6.0300
01440000,ifs,3,0.3447,0.6399,0.6535,0.9236,241,6.5118
01440400,ifs,3,0.3853,0.5521,0.6468,0.8063,241,6.5845
01451800,ifs,3,-0.3023,0.4258,0.4765,1.1225,241,7.7772
01466500,ifs,3,0.0495,0.4937,0.4971,0.9972,241,6.9862
01484100,ifs,3,0.0694,0.4383,0.4674,1.0993,241,7.4935
01485500,ifs,3,0.2390,0.4047,0.5141,0.9050,241,8.1716
01486000,ifs,3,0.1759,0.3868,0.4720,0.9867,241,8.7363
01487000,ifs,3,0.2306,0.4749,0.5355,1.0857,241,7.2302
01491000,ifs,3,0.1168,0.5138,0.5523,1.1886,241,5.8015
01510000,ifs,3,0.4274,0.5939,0.6644,0.9422,241,5.4976
01516500,ifs,3,0.2207,0.6336,0.6446,1.0244,241,5.0219
01518862,ifs,3,0.2489,0.5632,0.5832,0.9402,241,5.3049
01532000,ifs,3,0.0601,0.5118,0.5132,1.0109,241,6.7432
01539000,ifs,3,0.0807,0.5403,0.5405,1.0141,241,6.9347
01542810,ifs,3,0.0607,0.4956,0.5023,0.9458,241,6.3422
01543000,ifs,3,0.1123,0.5508,0.5524,0.9636,241,5.9655
01543500,ifs,3,0.2240,0.5861,0.5940,0.9358,241,6.0075
01544500,ifs,3,0.1057,0.5460,0.5465,0.9856,241,5.9123
01545600,ifs,3,0.1484,0.5690,0.5694,1.0145,241,5.9379
01547700,ifs,3,0.1304,0.3618,0.4423,0.9351,241,9.9810
01548500,ifs,3,0.1772,0.5793,0.5812,0.9645,241,5.3206
01549500,ifs,3,-0.0528,0.5059,0.5155,1.0560,241,6.7203
01550000,ifs,3,-0.0603,0.4612,0.4629,1.0404,241,7.5207
01552000,ifs,3,0.0140,0.3822,0.4153,0.9322,241,8.2782
01552500,ifs,3,-0.0769,0.4503,0.4507,0.9999,241,7.2567
01557500,ifs,3,0.1251,0.4351,0.4836,0.8744,241,8.8068
01567500,ifs,3,0.0317,0.4413,0.4599,0.9183,241,7.6478
01568000,ifs,3,0.0678,0.5250,0.5275,0.9532,241,6.6415
01580000,ifs,3,0.2817,0.6185,0.6223,1.0041,241,5.2589
01583500,ifs,3,0.2671,0.6113,0.6201,1.0727,241,5.2755
01586610,ifs,3,0.3127,0.6335,0.6415,1.0615,241,5.1701
01591400,ifs,3,0.4240,0.5403,0.6630,0.8061,241,6.1509
01596500,ifs,3,0.0250,0.3702,0.4098,0.9461,241,7.2067
01605500,ifs,3,0.3595,0.4164,0.6067,0.8008,241,5.3265
01606500,ifs,3,0.4053,0.5091,0.6433,0.8531,241,4.7810
01613050,ifs,3,-0.0325,0.4465,0.4507,0.9762,241,6.7023
01620500,ifs,3,0.4242,0.5903,0.6617,1.0560,241,4.2775
01632000,ifs,3,0.3876,0.4518,0.6362,0.7591,241,5.5695
01632900,ifs,3,0.2902,0.3998,0.5526,0.8191,241,5.7867
01634500,ifs,3,0.1449,0.4230,0.4821,0.8855,241,6.4147
01638480,ifs,3,0.2179,0.5528,0.5680,0.9610,241,6.0664
01639500,ifs,3,0.2761,0.6045,0.6120,1.0207,241,5.2162
01644000,ifs,3,0.3243,0.5824,0.6171,0.9229,241,5.2995
01658500,ifs,3,0.2258,0.4138,0.5210,0.8137,241,6.3672
01664000,ifs,3,0.3034,0.5268,0.5883,0.9012,241,5.7311
01666500,ifs,3,0.2506,0.5000,0.5538,0.9235,241,5.9227
01667500,ifs,3,0.3062,0.4941,0.5806,0.8764,241,5.4461
01669000,ifs,3,-0.0212,0.2918,0.3478,0.9793,241,8.1758
01669520,ifs,3,0.0204,0.2636,0.3487,0.9215,241,7.9609
02011400,ifs,3,0.4132,0.5573,0.6529,0.8824,241,4.5779
02011460,ifs,3,0.3869,0.5418,0.6324,0.9180,241,4.9691
02013000,ifs,3,0.2969,0.5091,0.5817,0.8739,241,5.2547
02014000,ifs,3,0.2906,0.5873,0.6069,0.9508,241,4.7227
02015700,ifs,3,0.3725,0.5175,0.6171,0.9748,241,4.8628
02016000,ifs,3,0.4582,0.6332,0.6877,0.9806,241,3.9793
02017500,ifs,3,0.1128,0.5551,0.5578,1.0482,241,4.6758
02018000,ifs,3,0.1467,0.5794,0.5885,1.0805,241,4.3823
02027000,ifs,3,0.4800,0.6815,0.7330,1.1692,241,3.7591
02027500,ifs,3,0.4533,0.6774,0.7100,1.1222,241,4.0325
02028500,ifs,3,0.3810,0.6185,0.6530,0.9205,241,4.4036
02038850,ifs,3,0.1419,0.4374,0.4879,0.8905,241,5.4664
02046000,ifs,3,0.0305,0.4412,0.4576,1.0596,241,6.7450
02051000,ifs,3,-0.0492,0.4014,0.4178,1.0850,241,7.5020
02051500,ifs,3,0.0808,0.4793,0.4997,1.1115,241,6.4049
02053200,ifs,3,0.2447,0.5310,0.5819,1.1755,241,6.3069
02053800,ifs,3,0.1754,0.5308,0.5476,0.9282,241,4.8506
02055100,ifs,3,-0.1996,0.3499,0.4516,1.3419,241,5.2322
02056900,ifs,3,0.2239,0.5779,0.5843,1.0078,241,5.2347
02059500,ifs,3,-0.0053,0.5316,0.5440,1.0545,241,4.6582
02064000,ifs,3,0.0366,0.4762,0.4923,1.1156,241,5.2410
02065500,ifs,3,0.0692,0.4908,0.5126,1.1381,241,5.0813
02069700,ifs,3,0.3911,0.5271,0.6372,0.8452,241,5.4943
02070000,ifs,3,0.3248,0.4656,0.5889,0.8143,241,5.7170
02074500,ifs,3,0.3027,0.4850,0.5730,1.1002,241,6.1985
02077200,ifs,3,0.1825,0.5948,0.6181,1.1205,241,4.9906
02081500,ifs,3,0.2856,0.5789,0.6083,1.1139,241,5.3525
02082950,ifs,3,0.2059,0.4430,0.6528,1.4262,241,4.8516
02092500,ifs,3,0.0938,0.5211,0.5935,1.2362,241,5.9511
02096846,ifs,3,0.2993,0.4670,0.5630,1.0264,241,7.5161
02102908,ifs,3,0.3606,0.5225,0.6123,0.9332,241,6.6905
02108000,ifs,3,0.2919,0.6225,0.6348,1.0895,241,5.4373
02111180,ifs,3,0.3030,0.3420,0.5650,0.7273,241,6.2068
02111500,ifs,3,0.2629,0.2609,0.5389,0.6274,241,6.2874
02118500,ifs,3,0.1474,0.4505,0.5156,0.7919,241,5.7626
02128000,ifs,3,-0.3630,0.4031,0.5773,1.0945,241,7.6759
02137727,ifs,3,0.2831,0.4056,0.5480,0.8275,241,7.0884
02140991,ifs,3,0.3169,0.4352,0.5828,0.7774,241,5.9095
02143000,ifs,3,0.3026,0.4598,0.5776,0.7990,241,5.8973
02143040,ifs,3,0.1582,0.4227,0.5068,0.7736,241,6.4278
02149000,ifs,3,0.2289,0.2527,0.4980,0.6777,241,8.6742
02152100,ifs,3,0.1807,0.4658,0.5288,0.8137,241,6.0408
02177000,ifs,3,0.2161,0.3725,0.5018,0.8073,241,7.9406
02178400,ifs,3,0.0739,0.4015,0.4538,0.8474,241,7.3179
02193340,ifs,3,0.0418,0.4367,0.4561,1.0527,241,7.1068
02196000,ifs,3,0.1209,0.3379,0.4386,0.8235,241,7.5252
02198100,ifs,3,0.0980,0.2403,0.3820,0.8320,241,9.8944
02202600,ifs,3,-0.1082,0.4257,0.4375,1.1145,241,6.2866
02212600,ifs,3,-0.0911,0.3285,0.3541,1.0328,241,8.8881
02215100,ifs,3,0.0090,0.2661,0.3512,0.8656,241,8.4010
02216180,ifs,3,0.1171,0.2739,0.4035,0.8590,241,9.3335
02221525,ifs,3,0.0156,0.4246,0.4417,1.0339,241,7.5405
02231000,ifs,3,0.2241,0.3631,0.5092,0.7904,241,5.8957
02231342,ifs,3,0.1557,0.3785,0.4603,0.9513,241,6.2305
02235200,ifs,3,0.1916,0.3733,0.4877,0.8340,241,6.1513
02245500,ifs,3,0.0926,0.3297,0.4098,0.9698,241,6.2561
02246000,ifs,3,0.1207,0.3973,0.4601,0.8925,241,5.5336
02296500,ifs,3,0.1521,0.3925,0.4689,0.9019,241,5.6024
02297155,ifs,3,0.0207,0.2477,0.3471,0.8561,241,8.6524
02297310,ifs,3,0.0490,0.2802,0.3817,0.8234,241,7.7539
02298123,ifs,3,-0.0173,0.2127,0.3067,0.9135,241,7.2366
02298608,ifs,3,-0.1867,0.1521,0.2327,0.7853,241,9.3220
02299950,ifs,3,-0.3120,0.2036,0.2300,0.8864,241,9.0450
02300700,ifs,3,0.0878,0.1390,0.3401,0.8015,241,8.9311
02310947,ifs,3,0.0228,0.2028,0.3249,0.8511,241,7.6063
02312200,ifs,3,0.0222,0.1818,0.3067,0.9217,241,9.1992
02314500,ifs,3,0.3047,0.3857,0.5623,0.8108,241,6.4375
02315500,ifs,3,0.3534,0.4365,0.6063,0.7996,241,5.6697
02324400,ifs,3,0.2599,0.2833,0.5194,0.7675,241,8.9298
02327100,ifs,3,-0.0798,0.2114,0.3052,0.7721,241,9.2306
02349900,ifs,3,0.0232,0.2015,0.3322,0.7935,241,9.3199
02350900,ifs,3,-0.0032,0.2855,0.3618,0.8436,241,7.4753
02361000,ifs,3,0.1319,0.4007,0.4705,0.8536,241,6.6374
02363000,ifs,3,0.1789,0.4061,0.4906,0.8570,241,7.1260
02369800,ifs,3,0.1839,0.1262,0.4558,0.6301,241,11.6473
02371500,ifs,3,0.0833,0.2401,0.3730,0.8429,241,8.9730
02372250,ifs,3,0.0513,0.2768,0.3753,0.8513,241,8.8589
02374500,ifs,3,0.1297,0.2497,0.4144,0.7661,241,9.3114
02381600,ifs,3,0.0248,0.3486,0.3967,0.9466,241,10.0133
02384540,ifs,3,0.2608,0.4683,0.5467,0.9088,241,7.5129
02395120,ifs,3,0.1370,0.5089,0.5475,1.1824,241,6.9445
02408540,ifs,3,0.0259,0.3076,0.3787,0.8823,241,9.4102
02415000,ifs,3,0.0235,0.2946,0.3786,0.8241,241,10.2469
02422500,ifs,3,0.0455,0.3273,0.3909,0.9562,241,8.5179
02427250,ifs,3,-0.0611,0.4332,0.4368,0.9827,241,7.8676
02430085,ifs,3,0.3751,0.6442,0.6608,1.0554,241,6.7966
02450250,ifs,3,0.4284,0.4830,0.6632,0.7624,241,7.3713
02464000,ifs,3,0.2369,0.3782,0.5064,0.8848,241,9.7822
02465493,ifs,3,0.1697,0.4773,0.5114,1.0048,241,7.7521
02469800,ifs,3,0.0595,0.2671,0.3840,0.7872,241,8.7915
02472000,ifs,3,0.4730,0.6671,0.7064,0.9210,241,7.5806
02472500,ifs,3,0.3519,0.5490,0.6295,0.8122,241,9.1487
02479155,ifs,3,0.3833,0.3114,0.6514,0.7085,241,10.3362
02479300,ifs,3,0.4001,0.1974,0.7645,0.5714,241,13.5250
02481000,ifs,3,0.3367,0.1150,0.7448,0.5080,241,17.0690
02481510,ifs,3,0.3725,0.1801,0.7169,0.5270,241,13.6493
03010655,ifs,3,0.2257,0.5359,0.5604,0.9598,241,5.7771
03011800,ifs,3,0.1796,0.4521,0.5078,0.8969,241,6.9492
03015500,ifs,3,0.1421,0.5325,0.5404,1.0446,241,5.9569
03021350,ifs,3,0.1906,0.5550,0.5649,1.0512,241,6.6788
03026500,ifs,3,0.1673,0.4739,0.5156,0.8937,241,6.6019
03028000,ifs,3,0.1842,0.4741,0.5179,0.9222,241,6.7221
03049800,ifs,3,-0.1580,0.3798,0.3842,1.0388,241,9.4644
03050000,ifs,3,0.3286,0.4077,0.5787,0.8549,241,7.7136
03066000,ifs,3,0.2603,0.4565,0.5402,0.9437,241,7.2246
03069500,ifs,3,0.2952,0.5044,0.5723,0.9725,241,6.5359
03070500,ifs,3,-0.1358,0.4437,0.4471,1.0560,241,8.1152
03076600,ifs,3,0.0410,0.3012,0.3833,0.8626,241,8.7682
03078000,ifs,3,0.0382,0.3121,0.3810,0.9356,241,8.6695
03140000,ifs,3,-0.6093,0.2890,0.3150,1.1110,241,9.0125
03144000,ifs,3,-0.1038,0.3269,0.3576,0.8845,241,9.2215
03159540,ifs,3,0.0197,0.2495,0.3589,0.7849,241,9.2397
03161000,ifs,3,0.2405,0.3818,0.5188,0.8115,241,5.9131
03164000,ifs,3,0.2952,0.4997,0.5871,0.8158,241,4.9888
03165000,ifs,3,0.3373,0.3916,0.5967,0.7201,241,5.9269
03170000,ifs,3,0.2610,0.5525,0.5837,0.9111,241,4.7896
03173000,ifs,3,0.1650,0.5646,0.5735,0.9158,241,4.5303
03180500,ifs,3,0.3628,0.4863,0.6074,0.9271,241,5.5821
03182500,ifs,3,0.3870,0.5419,0.6330,0.9108,241,4.8709
03186500,ifs,3,0.2409,0.5260,0.5593,0.9747,241,6.4625
03187500,ifs,3,0.2335,0.5425,0.5652,1.0114,241,6.4181
03213700,ifs,3,0.3192,0.5704,0.6085,0.9432,241,5.7979
03237280,ifs,3,0.1390,0.4204,0.4764,0.9056,241,7.1706
03237500,ifs,3,0.1537,0.3966,0.4734,0.8761,241,7.3953
03241500,ifs,3,0.0520,0.2947,0.3888,0.8246,241,9.6852
03280700,ifs,3,0.1433,0.3639,0.4573,0.8501,241,6.6704
03281100,ifs,3,0.1733,0.4848,0.5192,0.9330,241,6.2757
03281500,ifs,3,0.2846,0.4965,0.5722,0.8698,241,5.6509
03285000,ifs,3,0.1566,0.2159,0.4288,0.7186,241,8.3042
03291780,ifs,3,0.2669,0.3846,0.5278,0.8775,241,8.8403
03300400,ifs,3,0.2143,0.2368,0.4826,0.7033,241,8.5754
03340800,ifs,3,0.1502,0.4122,0.4723,0.9768,241,9.5092
03346000,ifs,3,0.2195,0.5575,0.5715,1.0428,241,7.6943
03364500,ifs,3,0.3520,0.3724,0.5995,0.7827,241,10.6105
03366500,ifs,3,0.2535,0.3910,0.5199,0.8892,241,8.7282
03368000,ifs,3,0.2457,0.2492,0.5108,0.6919,241,11.3346
03384450,ifs,3,0.0903,0.2517,0.3899,0.7830,241,9.0296
03439000,ifs,3,0.2303,0.4001,0.5225,0.7936,241,6.9612
03450000,ifs,3,0.1654,0.4216,0.5123,0.7620,241,5.9630
03455500,ifs,3,0.2603,0.4308,0.5585,0.7530,241,6.1969
03456500,ifs,3,0.3579,0.5262,0.6300,0.7915,241,5.4412
03460000,ifs,3,0.0959,0.4573,0.4889,0.8816,241,6.8169
03463300,ifs,3,0.3232,0.5054,0.5950,0.8577,241,6.4999
03471500,ifs,3,0.2830,0.6038,0.6151,0.9471,241,5.1487
03473000,ifs,3,0.1815,0.5457,0.5593,0.9248,241,5.7020
03479000,ifs,3,0.1906,0.4598,0.5205,0.8617,241,5.3937
03488000,ifs,3,0.1888,0.5593,0.5678,0.9473,241,5.5601
03498500,ifs,3,0.0346,0.4678,0.4761,0.9633,241,7.5171
03500000,ifs,3,0.0693,0.3959,0.4441,0.8794,241,7.1176
03504000,ifs,3,0.0804,0.2937,0.4212,0.7289,241,8.3592
03574500,ifs,3,0.3069,0.4664,0.5706,0.8970,241,7.6947
03604000,ifs,3,0.2394,0.4115,0.5222,0.8476,241,8.4638
04015330,ifs,3,0.0057,0.3705,0.4051,0.9420,241,6.5307
04024430,ifs,3,0.2034,0.5588,0.5876,1.1513,241,4.4909
04027000,ifs,3,-0.0656,0.3051,0.5477,1.5148,241,4.6688
04040500,ifs,3,-0.3630,0.3263,0.3956,1.2788,241,6.2001
04043050,ifs,3,-0.7958,0.2542,0.3322,1.1782,241,6.5061
04045500,ifs,3,0.0207,0.4294,0.6223,1.3754,241,5.0371
04056500,ifs,3,-0.0249,0.4192,0.5739,1.3675,241,4.8077
04057510,ifs,3,0.1355,0.5100,0.5490,1.1846,241,5.1804
04057800,ifs,3,0.0655,0.4880,0.5023,1.0995,241,5.1926
04059500,ifs,3,0.2625,0.5891,0.6116,1.1206,241,4.4431
04063700,ifs,3,-0.0497,0.4177,0.5544,1.3500,241,4.8658
04074950,ifs,3,-0.1800,0.4193,0.4829,1.2368,241,5.6983
04105700,ifs,3,0.1915,0.4124,0.4923,0.9206,241,6.4592
04115265,ifs,3,0.2084,0.4734,0.5261,1.0819,241,6.3735
04122200,ifs,3,0.2073,0.4890,0.5316,1.0611,241,6.3926
04122500,ifs,3,0.2409,0.5592,0.5823,1.0914,241,5.8879
04124000,ifs,3,0.4335,0.4753,0.6638,0.8166,241,6.4639
04127997,ifs,3,0.4063,0.4858,0.6451,0.8002,241,5.9488
04185000,ifs,3,-0.0954,0.3893,0.4017,0.9206,241,6.8636
04196800,ifs,3,-0.1143,0.4255,0.4270,1.0300,241,7.4333
04197100,ifs,3,-0.0694,0.3763,0.3927,1.0451,241,8.1503
04197170,ifs,3,-0.0755,0.4242,0.4386,1.1193,241,7.4084
04213000,ifs,3,-0.1794,0.4203,0.5289,1.2794,241,6.9500
04213075,ifs,3,-0.6373,0.2175,0.4464,1.4391,241,9.2045
04216418,ifs,3,0.1649,0.5840,0.5841,0.9914,241,6.7618
04221000,ifs,3,0.2635,0.5646,0.5858,0.9772,241,5.3239
04224775,ifs,3,0.1145,0.5086,0.5214,1.0737,241,6.4662
04256000,ifs,3,0.1210,0.5497,0.5595,1.0934,241,5.6403
04296000,ifs,3,0.0940,0.4678,0.4932,1.1046,241,5.9404
05057000,ifs,3,-0.1219,0.3358,0.5090,1.4349,241,3.9439
05057200,ifs,3,-0.5897,0.2071,0.4321,1.4676,241,4.3438
05062500,ifs,3,-0.5253,0.2682,0.3837,1.3444,241,5.4357
05087500,ifs,3,0.2170,0.5163,0.5860,1.2407,241,4.6816
05120500,ifs,3,-0.1480,0.3601,0.4952,1.3780,241,4.2950
05123400,ifs,3,0.0810,0.4646,0.4896,1.1147,241,4.9997
05129115,ifs,3,-0.2537,0.3755,0.4317,1.2437,241,5.3035
05131500,ifs,3,-0.4828,0.3084,0.3710,1.2444,241,5.3245
05291000,ifs,3,0.2824,0.4158,0.5471,1.1664,241,5.7900
05362000,ifs,3,-0.1969,0.3337,0.5366,1.4299,241,5.6132
05393500,ifs,3,0.0587,0.4582,0.5324,1.2736,241,5.4463
05399500,ifs,3,0.1260,0.4950,0.5239,1.1394,241,6.6088
05408000,ifs,3,0.0084,0.2375,0.3311,0.9026,241,8.9314
05412500,ifs,3,0.4504,0.6165,0.6820,0.9257,241,5.5909
05413500,ifs,3,0.3847,0.5920,0.6449,0.9144,241,6.7372
05414000,ifs,3,0.3313,0.5769,0.6138,0.9940,241,6.8825
05444000,ifs,3,0.0371,0.5109,0.5784,1.2185,241,7.0722
05454000,ifs,3,0.0948,0.4955,0.5059,0.9588,241,8.2038
05458000,ifs,3,0.2619,0.4804,0.5509,0.9164,241,6.7588
05466500,ifs,3,0.3413,0.5305,0.6227,0.7852,241,8.5321
05487980,ifs,3,-0.0008,0.3286,0.3824,0.8842,241,8.9661
05488200,ifs,3,0.1097,0.3315,0.4210,0.9065,241,10.2624
05489000,ifs,3,-0.0360,0.3305,0.3781,0.8560,241,10.2584
05495000,ifs,3,-0.1680,0.4687,0.4947,1.0918,241,7.8871
05495500,ifs,3,0.1874,0.4153,0.4966,0.8671,241,8.0714
05501000,ifs,3,0.1838,0.3872,0.4777,0.9317,241,9.0641
05503800,ifs,3,0.0389,0.4690,0.4835,1.0965,241,7.7000
05507600,ifs,3,0.0265,0.5016,0.5419,1.1892,241,6.4980
05508805,ifs,3,0.3920,0.6873,0.6988,1.0838,241,5.0451
05514500,ifs,3,0.2715,0.5395,0.5759,1.0120,241,6.0387
05525500,ifs,3,0.3201,0.5343,0.5937,0.9758,241,6.7028
05556500,ifs,3,0.3039,0.6259,0.6328,0.9571,241,7.4933
05584500,ifs,3,0.1442,0.3094,0.4354,0.8298,241,10.4708
05585000,ifs,3,0.2102,0.3584,0.4885,0.8397,241,9.1968
05591550,ifs,3,-0.3705,0.3756,0.3995,1.1157,241,10.6208
05592050,ifs,3,-0.4807,0.3351,0.4305,1.2446,241,9.2383
05592575,ifs,3,0.2877,0.4296,0.5550,0.8387,241,8.1705
05593575,ifs,3,-0.1561,0.3597,0.3679,1.0426,241,8.8143
05593900,ifs,3,0.2742,0.4954,0.5591,0.9839,241,7.4796
05595730,ifs,3,-0.1543,0.3866,0.3896,1.0194,241,8.4005
06037500,ifs,3,0.6412,0.7273,0.8018,0.9305,241,2.3299
06043500,ifs,3,0.7219,0.8504,0.8565,0.9785,241,1.9993
06154410,ifs,3,-0.4368,0.3370,0.4574,1.2823,241,5.8288
06188000,ifs,3,0.5180,0.7484,0.7678,1.0922,241,2.0838
06191500,ifs,3,0.6759,0.8219,0.8346,1.0610,241,1.7320
06221400,ifs,3,0.1379,0.3838,0.7070,1.4775,241,2.7172
06224000,ifs,3,0.4239,0.5599,0.7358,1.3502,241,2.3411
06289000,ifs,3,-0.1287,0.2083,0.6866,1.6078,241,3.0252
06332515,ifs,3,-0.5125,0.1925,0.3262,1.4335,241,4.1361
06339100,ifs,3,-1.0068,-0.1948,0.5836,1.8729,241,3.7042
06339500,ifs,3,0.1684,0.3467,0.6889,1.5356,241,2.8257
06344600,ifs,3,-0.1932,0.2249,0.5403,1.5870,241,3.7615
06350000,ifs,3,0.1321,0.4054,0.7413,1.3880,241,2.6943
06352000,ifs,3,-0.4026,0.2021,0.6439,1.4836,241,2.9428
06353000,ifs,3,-0.3297,0.2042,0.6622,1.5051,241,3.0734
06354000,ifs,3,-0.0751,0.3474,0.6614,1.4295,241,3.0093
06360500,ifs,3,0.1730,0.5514,0.6754,1.2376,241,2.2953
06404000,ifs,3,-0.0962,0.3677,0.4821,1.3611,241,3.4790
06406000,ifs,3,-0.1151,0.3837,0.4835,1.3314,241,3.2013
06408700,ifs,3,-0.0792,0.4082,0.5506,1.3577,241,3.0002
06409000,ifs,3,-0.2723,0.3304,0.5522,1.4080,241,3.2066
06431500,ifs,3,-0.0713,0.4144,0.4935,1.2914,241,3.3423
06440200,ifs,3,0.1062,0.4468,0.4762,0.9782,241,4.0150
06441500,ifs,3,-0.1422,0.4618,0.4693,1.0550,241,3.7170
06447000,ifs,3,0.1319,0.4846,0.5070,1.0542,241,3.0899
06447500,ifs,3,-0.2525,0.3076,0.3177,1.0778,241,4.2721
06450500,ifs,3,0.0311,0.3996,0.4279,1.0043,241,4.4653
06452000,ifs,3,0.1154,0.4860,0.5038,1.0496,241,3.3524
06453600,ifs,3,0.0745,0.4465,0.4750,1.1076,241,5.1578
06464500,ifs,3,-0.1350,0.3069,0.3315,1.0564,241,6.5674
06477500,ifs,3,0.1393,0.4696,0.4985,1.0250,241,4.6200
06479215,ifs,3,0.1159,0.2896,0.4269,1.2676,241,6.5724
06479438,ifs,3,0.0310,0.2481,0.3666,1.2513,241,6.3902
06601000,ifs,3,0.0541,0.3063,0.3822,1.0222,241,7.2630
06614800,ifs,3,0.5305,0.5405,0.7369,0.9273,241,3.6726
06622700,ifs,3,0.4872,0.6722,0.7118,1.0419,241,2.5474
06623800,ifs,3,0.4443,0.6070,0.7119,1.2586,241,2.8492
06632400,ifs,3,0.5213,0.6812,0.7616,1.2112,241,2.6773
06784000,ifs,3,0.2089,0.5544,0.5669,0.9626,241,4.8695
06803510,ifs,3,-0.3411,0.1036,0.1521,0.8457,241,9.5298
06803530,ifs,3,-0.5787,0.1150,0.1235,0.9383,241,8.8712
06814000,ifs,3,-0.3092,0.1825,0.2119,0.9023,241,8.7075
06846500,ifs,3,0.1627,0.4840,0.5174,0.9123,241,3.8037
06847900,ifs,3,0.1658,0.4128,0.4786,0.9893,241,4.6079
06853800,ifs,3,-0.3197,0.2576,0.2666,0.9623,241,6.1627
06876700,ifs,3,-0.0217,-0.0580,0.2129,0.5681,241,10.0097
06878000,ifs,3,-0.0905,0.2275,0.2976,0.8462,241,8.3484
06879650,ifs,3,0.1978,0.2204,0.4687,0.6552,241,8.6015
06885500,ifs,3,-0.0388,0.2008,0.3132,0.7552,241,8.9954
06888500,ifs,3,0.1972,0.2293,0.4625,0.6934,241,8.9708
06889200,ifs,3,-0.0291,0.2498,0.3295,0.8539,241,9.1693
06889500,ifs,3,-0.0205,0.2631,0.3398,0.8581,241,8.8221
06892000,ifs,3,-0.3527,0.2054,0.2275,0.8753,241,10.7513
06903400,ifs,3,-0.1526,0.2090,0.2706,0.8351,241,10.1296
06906800,ifs,3,0.1708,0.3934,0.4924,0.7878,241,9.8505
06910800,ifs,3,0.1614,0.2542,0.4423,0.7126,241,8.7415
06911900,ifs,3,0.1219,0.1912,0.4014,0.6768,241,9.4566
06917000,ifs,3,0.3173,0.5563,0.6046,0.9072,241,9.0583
06918460,ifs,3,0.2285,0.4006,0.5082,0.8895,241,8.7639
06919500,ifs,3,0.2037,0.4781,0.5255,0.9331,241,8.4824
06921070,ifs,3,0.2265,0.3219,0.4998,0.7495,241,9.9998
06921200,ifs,3,0.2071,0.2872,0.4764,0.7511,241,10.7478
06934000,ifs,3,0.1831,0.3524,0.4713,0.8471,241,7.8256
07014500,ifs,3,0.1026,0.0710,0.3518,0.6575,241,10.9756
07056000,ifs,3,0.1419,0.2567,0.4222,0.7718,241,8.4861
07057500,ifs,3,-0.0862,0.3179,0.3512,0.9139,241,8.6758
07060710,ifs,3,0.0614,0.1868,0.3420,0.7968,241,9.7458
07066000,ifs,3,-0.0166,0.2978,0.3568,0.9053,241,8.3448
07067000,ifs,3,0.0527,0.3810,0.4247,0.9346,241,7.1271
07068000,ifs,3,0.0097,0.4052,0.4277,0.9586,241,6.8450
07071500,ifs,3,-0.1165,0.3593,0.3728,0.9536,241,7.8161
07083000,ifs,3,0.3837,0.5964,0.7033,1.2734,241,2.2631
07142300,ifs,3,0.0169,0.2598,0.3578,0.8077,241,5.2016
07145700,ifs,3,0.2630,0.2208,0.5218,0.7117,241,9.9524
07148400,ifs,3,-0.2243,0.3727,0.3732,1.0093,241,4.9167
07149000,ifs,3,-0.1096,0.3871,0.3941,0.9852,241,4.4295
07151500,ifs,3,0.0738,0.1681,0.3445,0.7635,241,7.5462
07167500,ifs,3,0.2720,0.6108,0.6163,0.9664,241,6.7363
07180500,ifs,3,0.1517,0.3709,0.4679,0.8155,241,7.4187
07184000,ifs,3,0.2471,0.3639,0.5079,0.9076,241,11.3636
07195800,ifs,3,0.1045,0.1832,0.3596,0.8650,241,10.3907
07196900,ifs,3,-0.0255,0.2349,0.3137,0.9511,241,9.8651
07197000,ifs,3,0.0373,0.3262,0.3875,0.9536,241,9.1935
07208500,ifs,3,0.3310,0.4760,0.6341,1.3462,241,2.1165
07226500,ifs,3,0.1987,0.3860,0.4830,0.9847,241,2.1960
07261000,ifs,3,0.1228,0.3180,0.4360,0.7861,241,8.4326
07263295,ifs,3,0.2497,0.3898,0.5222,0.8303,241,8.0106
07290650,ifs,3,0.1345,0.4435,0.4875,1.0975,241,8.9063
07291000,ifs,3,0.2130,0.4611,0.5191,1.0062,241,8.6018
07292500,ifs,3,0.2245,0.4749,0.5303,0.9660,241,8.6033
07295000,ifs,3,0.2176,0.4837,0.5309,0.9973,241,9.7767
07299670,ifs,3,-0.1365,0.1992,0.2599,0.9010,241,4.8525
07301410,ifs,3,-0.0055,0.1689,0.2841,0.9982,241,5.6046
07301500,ifs,3,-0.0910,0.3675,0.3933,1.1390,241,3.3801
07315200,ifs,3,0.1306,0.4106,0.4747,0.8503,241,6.3074
07315700,ifs,3,-0.2238,0.3003,0.3142,1.0727,241,6.5611
07335700,ifs,3,0.0947,0.1549,0.3763,0.6500,241,10.4086
07340300,ifs,3,0.1738,0.3472,0.4831,0.7372,241,7.5470
07346045,ifs,3,0.0379,0.5382,0.5413,1.0268,241,7.0762
07359610,ifs,3,0.1599,0.1515,0.4386,0.5904,241,9.4488
07362100,ifs,3,0.1617,0.5241,0.6085,1.2651,241,6.4693
07362587,ifs,3,0.1913,0.2705,0.4674,0.7127,241,9.2994
07373000,ifs,3,0.2435,0.5447,0.5691,1.0012,241,7.9031
07375000,ifs,3,0.0728,0.2161,0.3701,0.7514,241,13.0733
07376000,ifs,3,0.0711,0.3391,0.4178,0.8374,241,11.4627
08013000,ifs,3,0.2151,0.5042,0.5421,0.9342,241,9.0040
08014500,ifs,3,0.3052,0.5441,0.5938,0.9205,241,8.2263
08023080,ifs,3,0.4458,0.6294,0.6806,1.0113,241,6.9118
08025500,ifs,3,0.3014,0.4491,0.5630,0.8920,241,9.3306
08029500,ifs,3,0.0245,0.3848,0.4176,0.9668,241,11.4060
08050800,ifs,3,0.1339,0.3157,0.4453,0.7515,241,8.8865
08066200,ifs,3,0.1542,0.3310,0.4475,0.8454,241,12.9044
08066300,ifs,3,0.0972,0.1685,0.3508,0.8403,241,16.8139
08070000,ifs,3,0.1555,0.5712,0.6320,1.1842,241,8.3158
08070200,ifs,3,0.2090,0.6025,0.6289,1.1304,241,8.2362
08079600,ifs,3,0.2326,0.5532,0.6057,1.2074,241,2.6443
08082700,ifs,3,-0.1258,0.1972,0.2573,1.0046,241,5.6686
08086212,ifs,3,-0.1295,0.2000,0.2665,0.8613,241,6.5506
08086290,ifs,3,-0.2112,0.2755,0.2942,0.9679,241,6.7504
08101000,ifs,3,-0.0652,0.4592,0.4940,1.1852,241,6.3259
08103900,ifs,3,0.1804,0.3992,0.4913,0.8262,241,8.3874
08104900,ifs,3,0.1166,0.3537,0.4368,0.8805,241,9.8533
08109700,ifs,3,0.2213,0.4506,0.5203,1.0711,241,9.3402
08150800,ifs,3,0.0686,0.2648,0.3856,0.7809,241,10.2359
08155200,ifs,3,-0.2815,0.3505,0.3618,1.1208,241,9.3537
08158700,ifs,3,-0.2109,0.3709,0.3815,1.1127,241,8.5383
08158810,ifs,3,-0.3668,0.3800,0.4087,1.1253,241,8.6290
08164000,ifs,3,-0.1813,0.4110,0.4721,1.2405,241,8.0391
08164300,ifs,3,-0.0289,0.4261,0.4486,1.1412,241,9.7542
08164600,ifs,3,-0.1487,0.4074,0.4411,1.1956,241,7.9894
08165300,ifs,3,0.1432,0.3717,0.4568,0.8750,241,8.8055
08171300,ifs,3,-0.1057,0.3244,0.3505,1.0706,241,8.8361
08175000,ifs,3,-0.1137,0.3991,0.4165,1.1350,241,9.1597
08176900,ifs,3,-0.0634,0.4416,0.4990,1.2413,241,7.0920
08178880,ifs,3,0.1110,0.2319,0.3854,0.8269,241,10.0264
08189500,ifs,3,0.1507,0.4621,0.4974,0.9968,241,6.7965
08190000,ifs,3,0.1821,0.1592,0.4329,0.7078,241,13.0209
08190500,ifs,3,0.2498,0.2434,0.5034,0.7429,241,11.9137
08194200,ifs,3,0.1113,0.1527,0.3732,0.6931,241,8.1666
08195000,ifs,3,0.2104,0.1658,0.4660,0.7066,241,11.5461
08196000,ifs,3,0.1433,0.1028,0.3846,0.7259,241,13.7702
08198500,ifs,3,0.2135,0.1898,0.4689,0.7135,241,11.1030
08200000,ifs,3,0.0641,0.1511,0.3278,0.7860,241,11.6527
08202700,ifs,3,0.0959,0.1141,0.3429,0.7305,241,12.2749
08267500,ifs,3,0.3678,0.4213,0.6085,0.8728,241,3.0120
08269000,ifs,3,0.3498,0.5323,0.6117,1.1064,241,2.2643
08271000,ifs,3,0.3746,0.3988,0.6174,0.8252,241,3.1195
08324000,ifs,3,-0.1386,0.1400,0.5211,1.7082,241,2.4608
08377900,ifs,3,0.0298,0.3037,0.4528,1.3992,241,3.6809
08378500,ifs,3,0.0846,0.3665,0.4992,1.3668,241,3.1361
08380500,ifs,3,-0.0184,0.3331,0.4899,1.4280,241,3.0799
09034900,ifs,3,0.4776,0.6104,0.6947,0.9543,241,2.8506
09035900,ifs,3,0.4010,0.6588,0.7148,1.1846,241,2.2556
09047700,ifs,3,0.3682,0.5778,0.7066,1.3017,241,2.1984
09065500,ifs,3,0.4191,0.6553,0.7182,1.1981,241,2.2673
09066000,ifs,3,0.2859,0.5626,0.7068,1.2913,241,2.1422
09066200,ifs,3,0.3485,0.6199,0.6810,1.2066,241,2.5420
09066300,ifs,3,0.4092,0.6526,0.7059,1.1848,241,2.3557
09081600,ifs,3,0.6214,0.7023,0.7902,1.1177,241,2.6709
09107000,ifs,3,0.3176,0.3351,0.7732,1.5762,241,2.0305
09210500,ifs,3,0.4371,0.6672,0.6923,1.0713,241,1.7429
09223000,ifs,3,0.5213,0.7291,0.7481,1.0799,241,1.9715
09306242,ifs,3,0.2249,0.2400,0.6532,1.6750,241,2.4802
09312600,ifs,3,0.3268,0.5652,0.6130,1.1026,241,2.5373
09352900,ifs,3,0.7181,0.7156,0.8530,1.2212,241,2.3376
09378170,ifs,3,0.5557,0.5609,0.7515,0.8324,241,2.3192
09378630,ifs,3,0.5352,0.5227,0.7407,0.8068,241,2.4962
09386900,ifs,3,-0.8485,-0.0869,0.4342,1.8335,241,3.0847
09404450,ifs,3,0.4736,0.6591,0.7639,1.2304,241,2.1239
09430500,ifs,3,0.3576,0.5379,0.7322,1.3595,241,1.8338
09430600,ifs,3,0.1343,0.5401,0.5682,1.1581,241,2.7817
09447800,ifs,3,-0.0857,0.4685,0.4761,1.0827,241,1.7119
09480000,ifs,3,0.2888,0.5098,0.5738,0.9183,241,2.9636
09484000,ifs,3,0.2921,0.5501,0.5942,1.1074,241,2.7998
09484600,ifs,3,0.3147,0.6000,0.6214,0.9360,241,2.4706
09492400,ifs,3,0.3136,0.5272,0.5903,1.0702,241,3.9194
09494000,ifs,3,0.3178,0.5867,0.6424,1.1975,241,2.7921
09497800,ifs,3,0.1470,0.4023,0.4695,0.9133,241,2.7824
09497980,ifs,3,0.2565,0.4445,0.5368,0.8977,241,3.0582
09505200,ifs,3,0.3592,0.6254,0.6514,1.0984,241,2.4684
09505350,ifs,3,0.4274,0.5706,0.6599,0.9321,241,2.4244
09505800,ifs,3,0.4705,0.6402,0.6996,1.1051,241,2.3817
09508300,ifs,3,0.3054,0.4409,0.5778,0.7589,241,2.5370
09510200,ifs,3,-0.1865,0.1711,0.2546,0.7367,241,3.3582
09512280,ifs,3,-0.2960,0.2564,0.2810,1.1559,241,3.1491
09513780,ifs,3,-0.5671,0.2493,0.2847,1.2099,241,3.2311
10023000,ifs,3,0.4095,0.5286,0.6423,0.9616,241,2.7507
10166430,ifs,3,0.5226,0.5918,0.7250,0.8614,241,2.4647
10172700,ifs,3,0.3847,0.6273,0.6552,1.0441,241,2.1360
10172800,ifs,3,0.4427,0.6707,0.7022,1.1170,241,2.7214
10173450,ifs,3,0.6247,0.7643,0.7988,1.0831,241,2.1890
10205030,ifs,3,0.4084,0.6417,0.6686,1.0174,241,2.3313
10234500,ifs,3,0.5611,0.7225,0.7580,0.9543,241,2.2945
10242000,ifs,3,0.6211,0.6049,0.7946,0.8031,241,2.3181
10244950,ifs,3,0.4400,0.5597,0.6668,0.9096,241,2.1308
10249300,ifs,3,-0.5779,0.1867,0.4182,1.5001,241,2.8316
10258000,ifs,3,0.4241,0.5032,0.6713,1.3291,241,2.6982
10258500,ifs,3,0.2876,0.2137,0.7888,1.6675,241,1.5317
10259000,ifs,3,0.4838,0.6012,0.7456,1.3069,241,1.9752
10259200,ifs,3,0.5274,0.4781,0.7620,1.4641,241,1.3750
10263500,ifs,3,0.5295,0.3846,0.7517,0.6305,241,4.0134
10310500,ifs,3,0.7433,0.7382,0.8636,0.8522,241,1.8357
10316500,ifs,3,0.4113,0.3918,0.6534,0.7373,241,2.8420
10329500,ifs,3,0.4250,0.4813,0.6538,0.8447,241,2.4743
10336645,ifs,3,0.8077,0.7384,0.9063,0.8684,241,3.5909
10336660,ifs,3,0.7843,0.6533,0.9026,0.7966,241,4.1404
10343500,ifs,3,0.7220,0.8126,0.8515,0.9371,241,2.8387
10348850,ifs,3,0.5829,0.2679,0.8916,0.5343,241,5.8658
10396000,ifs,3,0.4736,0.5794,0.6899,0.9188,241,2.4304
11098000,ifs,3,0.5175,0.3705,0.7515,0.6458,241,5.6621
11124500,ifs,3,0.5006,0.4257,0.7278,0.7484,241,4.8856
11141280,ifs,3,0.6542,0.6261,0.8125,0.8019,241,3.6971
11143000,ifs,3,0.6496,0.5492,0.8147,0.7026,241,5.9752
11148900,ifs,3,0.6396,0.7980,0.8134,0.9329,241,3.2703
11151300,ifs,3,0.5537,0.7766,0.7769,0.9884,241,2.4912
11162500,ifs,3,0.5917,0.7031,0.7746,0.8671,241,4.0428
11176400,ifs,3,0.3259,0.6263,0.7626,1.1080,241,2.7720
11180500,ifs,3,0.4320,0.7084,0.7585,1.0898,241,2.8659
11180960,ifs,3,0.4827,0.7470,0.7495,1.0177,241,3.2835
11224500,ifs,3,0.4626,0.7392,0.7421,1.0012,241,2.3804
11253310,ifs,3,0.5867,0.7970,0.8077,1.0121,241,1.7016
11264500,ifs,3,0.2001,0.2802,0.8061,1.5170,241,4.2349
11266500,ifs,3,0.3559,0.4491,0.8028,1.3951,241,4.0948
11274500,ifs,3,0.6031,0.7161,0.8510,1.1390,241,2.0313
11274630,ifs,3,0.5510,0.6886,0.8438,1.1134,241,1.9647
11284400,ifs,3,0.7171,0.7417,0.8808,1.1959,241,2.6898
11299600,ifs,3,0.3454,0.4900,0.7903,1.3437,241,3.9977
11381500,ifs,3,0.5287,0.4904,0.7347,0.7349,241,6.1974
11383500,ifs,3,0.4861,0.5178,0.6999,0.7627,241,6.5705
11451100,ifs,3,0.6559,0.7757,0.8487,1.1318,241,3.0328
11468500,ifs,3,0.7849,0.8436,0.8860,1.0056,241,3.0909
11473900,ifs,3,0.7208,0.6586,0.8568,0.8155,241,3.6216
11475560,ifs,3,0.5167,0.2848,0.7822,0.5457,241,9.0570
11476600,ifs,3,-0.0067,0.5275,0.6271,1.1314,241,7.3583
11478500,ifs,3,0.7113,0.7315,0.8443,0.8633,241,3.9531
11480390,ifs,3,0.6800,0.7272,0.8261,0.8471,241,3.9179
11481200,ifs,3,0.6826,0.7270,0.8274,0.8552,241,4.4682
11482500,ifs,3,0.7243,0.6206,0.8638,0.7689,241,4.6659
11522500,ifs,3,0.6626,0.7988,0.8205,1.0480,241,3.4614
11523200,ifs,3,0.5944,0.6924,0.7770,0.8418,241,4.1803
11528700,ifs,3,0.7128,0.6681,0.8494,0.8126,241,3.2365
11532500,ifs,3,0.7361,0.6466,0.8682,0.7856,241,5.6687
12010000,ifs,3,0.5000,0.4437,0.7293,0.6958,241,8.0492
12013500,ifs,3,0.5300,0.5925,0.7340,0.8075,241,6.1201
12020000,ifs,3,0.5150,0.6060,0.7308,0.7745,241,5.2052
12025000,ifs,3,0.5723,0.5868,0.7634,0.7731,241,4.7066
12025700,ifs,3,0.5471,0.7460,0.7579,1.0013,241,4.3620
12035000,ifs,3,0.7063,0.5526,0.8705,0.7096,241,5.9844
12040500,ifs,3,0.7516,0.6260,0.8886,0.7633,241,6.3356
12041200,ifs,3,0.6705,0.4832,0.8713,0.6748,241,8.0192
12043000,ifs,3,0.6391,0.5143,0.8331,0.7115,241,6.6079
12048000,ifs,3,0.5271,0.5810,0.7755,1.3538,241,3.5945
12054000,ifs,3,0.6902,0.6502,0.8444,0.9189,241,4.9626
12056500,ifs,3,0.7305,0.6650,0.8676,0.8469,241,6.1436
12073500,ifs,3,0.5484,0.6618,0.7422,0.9474,241,3.8133
12082500,ifs,3,0.7394,0.7092,0.8654,0.8392,241,4.8785
12092000,ifs,3,0.6925,0.6400,0.8430,0.8096,241,5.3478
12095000,ifs,3,0.6118,0.7691,0.7904,0.9872,241,4.5923
12114500,ifs,3,0.6202,0.4040,0.8527,0.6118,241,7.0964
12115000,ifs,3,0.6259,0.4117,0.8549,0.6187,241,7.0062
12115500,ifs,3,0.6554,0.4643,0.8666,0.6820,241,6.7471
12117000,ifs,3,0.6430,0.4872,0.8464,0.7010,241,6.7950
12141300,ifs,3,0.6068,0.4423,0.8294,0.6631,241,8.3549
12143600,ifs,3,0.6232,0.4899,0.8275,0.7140,241,7.6829
12144000,ifs,3,0.6290,0.5302,0.8195,0.7478,241,7.1371
12145500,ifs,3,0.5596,0.5129,0.7648,0.7112,241,6.1356
12147600,ifs,3,0.5704,0.3977,0.8170,0.6372,241,10.6993
12167000,ifs,3,0.7121,0.5834,0.8741,0.7769,241,6.0134
12175500,ifs,3,0.7811,0.7434,0.8899,0.8846,241,3.6846
12186000,ifs,3,0.7288,0.5580,0.8920,0.7286,241,6.0493
12189500,ifs,3,0.7869,0.6428,0.9135,0.7999,241,4.5147
12358500,ifs,3,0.6798,0.6893,0.8325,0.7807,241,3.9038
12377150,ifs,3,0.6156,0.4926,0.8181,0.6156,241,4.0456
12381400,ifs,3,0.6927,0.6113,0.8488,0.7090,241,3.3225
12390700,ifs,3,0.5447,0.6801,0.7440,0.9129,241,3.1011
12411000,ifs,3,0.6317,0.5858,0.8073,0.7642,241,3.2271
12414500,ifs,3,0.6729,0.6091,0.8331,0.7626,241,3.2107
12447390,ifs,3,0.4130,0.5890,0.6710,1.1951,241,2.1175
12451000,ifs,3,0.7365,0.8419,0.8672,1.0845,241,2.8607
12488500,ifs,3,0.7070,0.6845,0.8454,0.8274,241,4.3607
13011500,ifs,3,0.5140,0.7331,0.7452,1.0586,241,2.5380
13011900,ifs,3,0.6281,0.7552,0.7986,1.0810,241,2.1372
13018300,ifs,3,0.5880,0.6241,0.7699,0.8982,241,2.3644
13023000,ifs,3,0.4933,0.6894,0.7630,1.1959,241,2.1563
13161500,ifs,3,0.5159,0.4877,0.7595,1.4500,241,1.4760
13235000,ifs,3,0.5762,0.6720,0.7615,0.8914,241,2.8433
13240000,ifs,3,0.6163,0.5724,0.7964,0.7341,241,3.5284
13310700,ifs,3,0.6352,0.7005,0.8001,0.8566,241,2.6321
13313000,ifs,3,0.5290,0.4595,0.7491,0.6836,241,3.5798
13331500,ifs,3,0.5826,0.7240,0.7747,0.8788,241,3.2334
13337000,ifs,3,0.7469,0.7172,0.8698,0.8149,241,2.9944
13338500,ifs,3,0.4743,0.6764,0.7067,0.9772,241,3.3027
13340000,ifs,3,0.6916,0.7556,0.8342,0.8818,241,2.7912
13340600,ifs,3,0.7217,0.5962,0.8703,0.7303,241,3.5360
14020000,ifs,3,0.5204,0.7253,0.7500,0.8971,241,3.3505
14092750,ifs,3,0.4048,0.6371,0.7831,1.1734,241,4.3861
14096850,ifs,3,-0.0017,0.4686,0.6490,1.2703,241,3.5434
14137000,ifs,3,0.7319,0.8644,0.8685,0.9721,241,4.4429
14138800,ifs,3,0.8046,0.7830,0.8998,0.8388,241,5.1634
14138870,ifs,3,0.7898,0.8180,0.8904,0.8828,241,5.5464
14138900,ifs,3,0.7763,0.6460,0.8964,0.7512,241,6.7877
14139800,ifs,3,0.7512,0.8030,0.8717,0.8629,241,5.8653
14141500,ifs,3,0.7393,0.8610,0.8806,0.9910,241,5.1351
14154500,ifs,3,0.7138,0.8237,0.8516,0.9175,241,2.9967
14158500,ifs,3,0.6815,0.8196,0.8419,0.9132,241,4.0140
14158790,ifs,3,0.7604,0.6509,0.8846,0.7420,241,4.4510
14166500,ifs,3,0.5494,0.6679,0.7465,0.8786,241,4.3051
14182500,ifs,3,0.6474,0.8088,0.8238,0.9257,241,4.8217
14185000,ifs,3,0.7004,0.8468,0.8565,0.9621,241,3.9358
14185900,ifs,3,0.7309,0.7646,0.8605,0.8293,241,4.4825
14187000,ifs,3,0.6457,0.7487,0.8111,0.8662,241,4.4580
14216500,ifs,3,0.8337,0.8353,0.9162,0.8633,241,3.7973
14222500,ifs,3,0.7525,0.5293,0.9100,0.6806,241,7.4180
14236200,ifs,3,0.7462,0.6891,0.8729,0.8311,241,4.3312
14301000,ifs,3,0.7310,0.6430,0.8660,0.7658,241,4.6375
14303200,ifs,3,0.6755,0.4743,0.8578,0.6239,241,6.6222
14305500,ifs,3,0.5330,0.4264,0.7568,0.6591,241,9.4103
14306340,ifs,3,0.5586,0.6353,0.7559,0.7889,241,4.7120
14306500,ifs,3,0.5630,0.6753,0.7598,0.8331,241,5.0570
14308990,ifs,3,0.3823,0.6495,0.6664,1.0648,241,3.5328
14309500,ifs,3,0.6480,0.5484,0.8168,0.6821,241,3.9939
14316700,ifs,3,0.7044,0.8369,0.8579,0.9269,241,2.8885
14325000,ifs,3,0.5720,0.5722,0.7627,0.7371,241,5.4945
14362250,ifs,3,0.4690,0.6795,0.7079,1.0665,241,3.0326
14400000,ifs,3,0.6226,0.6520,0.7961,0.7531,241,6.9457
01013500,ifs,4,0.0968,0.4782,0.5002,1.1008,241,5.2356
01022500,ifs,4,-0.0044,0.4283,0.4906,1.2581,241,6.3182
01030500,ifs,4,0.0366,0.4783,0.5080,1.1709,241,5.3144
01031500,ifs,4,-0.0543,0.4447,0.5077,1.2508,241,5.8388
01047000,ifs,4,-0.3011,0.3558,0.4899,1.3322,241,6.9767
01052500,ifs,4,-0.0373,0.3764,0.4529,1.2893,241,5.6668
01054200,ifs,4,-0.1231,0.4527,0.4899,1.1781,241,7.6535
01055000,ifs,4,-0.0422,0.4835,0.5346,1.2011,241,5.8537
01057000,ifs,4,-0.3032,0.4114,0.4474,1.1316,241,6.8954
01073000,ifs,4,-0.9793,0.0822,0.4786,1.5107,241,8.5048
01078000,ifs,4,-0.4856,0.3153,0.3610,1.2016,241,7.6463
01118300,ifs,4,-0.0301,0.3669,0.3936,0.9553,241,11.6830
01121000,ifs,4,0.2388,0.6137,0.6146,0.9767,241,7.1797
01123000,ifs,4,0.2732,0.6026,0.6119,0.9513,241,7.3761
01134500,ifs,4,-0.0048,0.4527,0.4707,1.1267,241,6.5067
01137500,ifs,4,-0.0842,0.3914,0.4633,1.2868,241,6.7801
01139000,ifs,4,-0.1789,0.3353,0.3887,1.2566,241,6.7110
01139800,ifs,4,-0.0240,0.3861,0.4068,0.9917,241,6.9894
01142500,ifs,4,-0.0882,0.4302,0.4744,1.2188,241,6.0024
01144000,ifs,4,-0.0114,0.4736,0.4833,1.0975,241,6.2382
01169000,ifs,4,-0.1932,0.3380,0.6775,1.3341,241,7.5649
01170100,ifs,4,-0.2149,0.2911,0.6932,1.3842,241,7.4412
01181000,ifs,4,0.1058,0.5831,0.6072,1.0733,241,7.1317
01187300,ifs,4,-0.6658,0.2326,0.5316,1.3561,241,8.5134
01195100,ifs,4,-0.0934,0.3843,0.3970,0.9302,241,10.0213
01333000,ifs,4,-0.0225,0.4578,0.4958,1.1994,241,7.0571
01350000,ifs,4,0.1884,0.4942,0.5272,1.0447,241,9.0735
01350080,ifs,4,0.0346,0.4734,0.4816,1.0546,241,7.7305
01350140,ifs,4,0.0774,0.4532,0.4731,0.9778,241,7.1584
01365000,ifs,4,0.1640,0.5664,0.5958,1.1544,241,7.6660
01411300,ifs,4,0.2948,0.3035,0.5480,0.8258,241,9.0309
01413500,ifs,4,0.2317,0.4670,0.5343,0.8966,241,8.3443
01414500,ifs,4,0.2939,0.5013,0.5702,0.9896,241,8.5162
01415000,ifs,4,0.2811,0.5634,0.5910,0.9643,241,6.6455
01423000,ifs,4,0.2469,0.5228,0.5616,0.9390,241,6.7279
01434025,ifs,4,0.3317,0.5444,0.6034,0.9467,241,8.7369
01435000,ifs,4,0.2962,0.5612,0.5943,1.0065,241,8.4428
01439500,ifs,4,-0.0038,0.4585,0.4663,0.9343,241,7.6140
01440000,ifs,4,0.0840,0.4729,0.4887,0.9518,241,7.6985
01440400,ifs,4,0.1152,0.3864,0.4702,0.7829,241,7.8993
01451800,ifs,4,0.1563,0.4670,0.5138,0.8570,241,6.2597
01466500,ifs,4,0.2188,0.4238,0.5110,0.9004,241,6.3334
01484100,ifs,4,0.1732,0.4951,0.5246,1.0660,241,7.0630
01485500,ifs,4,0.1801,0.4425,0.4997,0.9358,241,8.4819
01486000,ifs,4,0.0319,0.3867,0.4202,1.0150,241,9.4690
01487000,ifs,4,0.2021,0.4877,0.5302,1.0745,241,7.3627
01491000,ifs,4,0.1808,0.5542,0.5820,1.1527,241,5.5873
01510000,ifs,4,0.3994,0.5619,0.6421,0.9480,241,5.6305
01516500,ifs,4,0.2882,0.6189,0.6276,0.9355,241,4.7995
01518862,ifs,4,0.2160,0.5631,0.5761,0.9373,241,5.4198
01532000,ifs,4,0.0976,0.4060,0.4580,0.8805,241,6.6071
01539000,ifs,4,-0.0989,0.4242,0.4310,0.9199,241,7.5818
01542810,ifs,4,0.1505,0.4842,0.5227,0.8593,241,6.0313
01543000,ifs,4,0.1874,0.5460,0.5662,0.8885,241,5.7075
01543500,ifs,4,0.3218,0.5526,0.6158,0.8385,241,5.6163
01544500,ifs,4,0.2829,0.5856,0.6138,0.8774,241,5.2943
01545600,ifs,4,0.2430,0.5614,0.5861,0.8964,241,5.5983
01547700,ifs,4,0.0733,0.1212,0.3330,0.7217,241,10.3037
01548500,ifs,4,0.3020,0.5673,0.6120,0.8592,241,4.9006
01549500,ifs,4,0.1584,0.4478,0.5017,0.8699,241,6.0087
01550000,ifs,4,0.0746,0.3651,0.4298,0.8645,241,7.0261
01552000,ifs,4,0.1044,0.2696,0.4026,0.8063,241,7.8892
01552500,ifs,4,0.1162,0.4255,0.4780,0.8597,241,6.5738
01557500,ifs,4,0.2645,0.2975,0.5337,0.6990,241,8.0748
01567500,ifs,4,0.2550,0.3863,0.5292,0.7997,241,6.7079
01568000,ifs,4,0.2266,0.4255,0.5258,0.8180,241,6.0494
01580000,ifs,4,0.0320,0.4552,0.4730,0.8966,241,6.1049
01583500,ifs,4,-0.0027,0.4962,0.4962,0.9971,241,6.1707
01586610,ifs,4,0.1042,0.5276,0.5304,0.9819,241,5.9023
01591400,ifs,4,0.2120,0.5176,0.5575,0.8623,241,7.1943
01596500,ifs,4,-0.1231,0.3557,0.3685,0.9637,241,7.7350
01605500,ifs,4,0.2746,0.3909,0.5392,0.8311,241,5.6686
01606500,ifs,4,0.2975,0.4893,0.5734,0.8912,241,5.1964
01613050,ifs,4,0.2368,0.4511,0.5355,0.8526,241,5.7623
01620500,ifs,4,0.3387,0.5674,0.6165,1.0806,241,4.5840
01632000,ifs,4,0.1931,0.3585,0.4965,0.7540,241,6.3931
01632900,ifs,4,0.2192,0.4076,0.5148,0.8194,241,6.0691
01634500,ifs,4,0.1549,0.3887,0.4778,0.8237,241,6.3769
01638480,ifs,4,-0.3434,0.3962,0.4091,1.0123,241,7.9506
01639500,ifs,4,0.2019,0.5637,0.5717,0.9656,241,5.4771
01644000,ifs,4,0.1163,0.5092,0.5230,0.9185,241,6.0605
01658500,ifs,4,0.1740,0.4362,0.5017,0.8642,241,6.5767
01664000,ifs,4,0.2297,0.4649,0.5413,0.8352,241,6.0267
01666500,ifs,4,0.1416,0.4364,0.4898,0.8727,241,6.3389
01667500,ifs,4,0.2040,0.4672,0.5272,0.8700,241,5.8336
01669000,ifs,4,-0.1069,0.3464,0.3653,1.0569,241,8.5119
01669520,ifs,4,-0.1668,0.3424,0.3571,1.0938,241,8.6885
02011400,ifs,4,0.3095,0.5510,0.5967,0.9454,241,4.9658
02011460,ifs,4,0.2997,0.5023,0.5751,0.9366,241,5.3109
02013000,ifs,4,0.0959,0.4583,0.4840,0.9226,241,5.9590
02014000,ifs,4,-0.0002,0.4773,0.4796,0.9728,241,5.6077
02015700,ifs,4,0.2773,0.4972,0.5616,1.0350,241,5.2184
02016000,ifs,4,0.2320,0.5662,0.5808,1.0568,241,4.7378
02017500,ifs,4,-0.2968,0.4095,0.4252,1.0704,241,5.6532
02018000,ifs,4,-0.2429,0.4412,0.4685,1.0907,241,5.2891
02027000,ifs,4,0.1937,0.5682,0.6206,1.2001,241,4.6808
02027500,ifs,4,0.2061,0.5817,0.5979,1.1143,241,4.8595
02028500,ifs,4,0.2705,0.5664,0.5934,0.9141,241,4.7807
02038850,ifs,4,-0.3489,0.3816,0.3894,0.9844,241,6.8539
02046000,ifs,4,-0.2191,0.3702,0.3710,0.9932,241,7.5639
02051000,ifs,4,-0.2126,0.3668,0.3682,0.9886,241,8.0653
02051500,ifs,4,-0.1065,0.4281,0.4291,0.9868,241,7.0271
02053200,ifs,4,0.0800,0.4810,0.4919,1.0036,241,6.9608
02053800,ifs,4,-0.2696,0.4075,0.4167,0.9358,241,6.0187
02055100,ifs,4,-0.4889,0.2843,0.3844,1.3223,241,5.8289
02056900,ifs,4,-0.4824,0.3407,0.3560,1.0371,241,7.2348
02059500,ifs,4,-0.4733,0.3776,0.4902,1.1303,241,5.6393
02064000,ifs,4,-0.5590,0.3264,0.3863,1.1627,241,6.6669
02065500,ifs,4,-0.6618,0.3003,0.3819,1.1744,241,6.7894
02069700,ifs,4,-0.1047,0.3806,0.4041,0.8522,241,7.4005
02070000,ifs,4,-0.1238,0.3941,0.4079,0.8840,241,7.3758
02074500,ifs,4,-0.0037,0.4128,0.4387,1.1238,241,7.4364
02077200,ifs,4,-0.0587,0.4840,0.4859,1.0330,241,5.6794
02081500,ifs,4,0.3090,0.6111,0.6235,0.9752,241,5.2639
02082950,ifs,4,0.1457,0.5621,0.6057,1.1771,241,5.0321
02092500,ifs,4,-0.0137,0.5069,0.5320,1.1371,241,6.2942
02096846,ifs,4,0.2907,0.3848,0.5446,0.8661,241,7.5622
02102908,ifs,4,0.1333,0.5153,0.5269,0.9517,241,7.7895
02108000,ifs,4,0.0776,0.5644,0.5963,1.1097,241,6.2059
02111180,ifs,4,0.1576,0.4178,0.4925,0.8274,241,6.8233
02111500,ifs,4,0.0232,0.3268,0.4090,0.7692,241,7.2378
02118500,ifs,4,0.1161,0.4822,0.5210,0.8270,241,5.8673
02128000,ifs,4,-0.2676,0.4475,0.5457,1.1051,241,7.4024
02137727,ifs,4,0.1911,0.4200,0.4987,0.8818,241,7.5297
02140991,ifs,4,0.1730,0.4495,0.5116,0.8432,241,6.5020
02143000,ifs,4,0.2632,0.4561,0.5622,0.7746,241,6.0616
02143040,ifs,4,0.2276,0.4390,0.5387,0.7812,241,6.1572
02149000,ifs,4,0.1845,0.2571,0.4606,0.7094,241,8.9201
02152100,ifs,4,0.2010,0.5140,0.5534,0.8582,241,5.9655
02177000,ifs,4,0.0612,0.2685,0.3856,0.7856,241,8.6899
02178400,ifs,4,0.0780,0.3937,0.4506,0.8452,241,7.3018
02193340,ifs,4,-0.2481,0.3066,0.3168,1.0727,241,8.1111
02196000,ifs,4,0.0731,0.3643,0.4299,0.8549,241,7.7269
02198100,ifs,4,0.0579,0.1415,0.3354,0.7091,241,10.1120
02202600,ifs,4,0.0251,0.3842,0.4169,0.9851,241,5.8964
02212600,ifs,4,0.0408,0.2976,0.3832,0.8439,241,8.3337
02215100,ifs,4,-0.2493,0.2309,0.2591,0.8995,241,9.4327
02216180,ifs,4,0.1380,0.2769,0.4207,0.8209,241,9.2222
02221525,ifs,4,0.0174,0.3595,0.4073,0.8801,241,7.5339
02231000,ifs,4,0.2563,0.3977,0.5367,0.7991,241,5.7719
02231342,ifs,4,-0.0691,0.3498,0.3728,0.9900,241,7.0111
02235200,ifs,4,0.0667,0.2887,0.4005,0.7890,241,6.6096
02245500,ifs,4,0.2027,0.3574,0.4803,0.8907,241,5.8644
02246000,ifs,4,0.1371,0.3823,0.4619,0.8687,241,5.4818
02296500,ifs,4,-0.0443,0.3699,0.3942,0.9347,241,6.2175
02297155,ifs,4,0.0030,0.1793,0.3128,0.7914,241,8.7302
02297310,ifs,4,-0.1004,0.2538,0.3173,0.8249,241,8.3406
02298123,ifs,4,-0.0215,0.2710,0.3384,0.9202,241,7.2513
02298608,ifs,4,-0.0358,0.1779,0.3050,0.7509,241,8.7093
02299950,ifs,4,-0.0949,0.1596,0.2593,0.8119,241,8.2625
02300700,ifs,4,0.0133,0.1258,0.2853,0.8109,241,9.2888
02310947,ifs,4,-0.2893,0.1952,0.2224,0.9338,241,8.7367
02312200,ifs,4,-0.5044,0.1750,0.1798,0.9851,241,11.4109
02314500,ifs,4,0.1457,0.2760,0.4325,0.7849,241,7.1354
02315500,ifs,4,0.2392,0.3451,0.5154,0.7755,241,6.1502
02324400,ifs,4,0.1997,0.1898,0.4614,0.7328,241,9.2856
02327100,ifs,4,0.0422,0.1330,0.3328,0.6887,241,8.6936
02349900,ifs,4,-0.1755,0.1867,0.2511,0.8275,241,10.2239
02350900,ifs,4,0.0350,0.2891,0.3776,0.8409,241,7.3315
02361000,ifs,4,0.0349,0.3402,0.3967,0.9225,241,6.9982
02363000,ifs,4,0.0491,0.2929,0.3782,0.8934,241,7.6686
02369800,ifs,4,0.0093,0.0814,0.2777,0.7132,241,12.8328
02371500,ifs,4,0.0232,0.2130,0.3242,0.9065,241,9.2621
02372250,ifs,4,0.0696,0.2599,0.3732,0.8647,241,8.7730
02374500,ifs,4,0.0400,0.1932,0.3355,0.7961,241,9.7794
02381600,ifs,4,0.0916,0.3197,0.4104,0.8795,241,9.6642
02384540,ifs,4,0.0731,0.3401,0.4152,0.8669,241,8.4131
02395120,ifs,4,0.2080,0.5087,0.5806,1.2447,241,6.6528
02408540,ifs,4,-0.0736,0.2666,0.3202,0.9149,241,9.8791
02415000,ifs,4,-0.0050,0.2467,0.3412,0.8216,241,10.3951
02422500,ifs,4,0.0636,0.3684,0.4200,1.0506,241,8.4369
02427250,ifs,4,0.0104,0.4002,0.4237,1.0163,241,7.5979
02430085,ifs,4,0.2456,0.5531,0.6469,1.2695,241,7.4680
02450250,ifs,4,0.3245,0.5380,0.5996,0.9208,241,8.0131
02464000,ifs,4,0.3672,0.4850,0.6095,0.9337,241,8.9082
02465493,ifs,4,0.1510,0.4357,0.4838,0.9954,241,7.8388
02469800,ifs,4,-0.2402,0.2269,0.2549,0.9290,241,10.0954
02472000,ifs,4,0.3388,0.4614,0.5873,0.9332,241,8.4906
02472500,ifs,4,0.2398,0.3647,0.5069,0.8632,241,9.9079
02479155,ifs,4,0.0857,0.1295,0.3368,0.7808,241,12.5854
02479300,ifs,4,0.1662,0.0422,0.4493,0.5976,241,15.9447
02481000,ifs,4,0.1576,-0.0202,0.4804,0.5147,241,19.2356
02481510,ifs,4,0.2093,0.0787,0.5202,0.5606,241,15.3217
03010655,ifs,4,0.1767,0.5111,0.5345,0.9404,241,5.9571
03011800,ifs,4,0.3175,0.5761,0.6097,0.9528,241,6.3383
03015500,ifs,4,0.0525,0.5365,0.5607,1.1318,241,6.2603
03021350,ifs,4,-0.1087,0.4638,0.4970,1.1643,241,7.8165
03026500,ifs,4,0.2616,0.5393,0.5766,0.9162,241,6.2169
03028000,ifs,4,0.1399,0.5274,0.5348,1.0092,241,6.9022
03049800,ifs,4,0.1507,0.4333,0.4829,0.9715,241,8.1054
03050000,ifs,4,0.2440,0.3672,0.5098,0.8751,241,8.1857
03066000,ifs,4,0.1816,0.4489,0.5013,1.0025,241,7.5992
03069500,ifs,4,0.1791,0.4667,0.5091,1.0130,241,7.0539
03070500,ifs,4,-0.2249,0.3990,0.4258,1.1682,241,8.4276
03076600,ifs,4,-0.0963,0.2756,0.3240,0.8798,241,9.3753
03078000,ifs,4,-0.0795,0.2862,0.3293,0.9448,241,9.1847
03140000,ifs,4,0.0305,0.4350,0.4523,0.9547,241,6.9954
03144000,ifs,4,0.1148,0.3639,0.4541,0.8013,241,8.2580
03159540,ifs,4,0.0367,0.2379,0.3545,0.8134,241,9.1593
03161000,ifs,4,-0.0046,0.4178,0.4357,0.9293,241,6.8006
03164000,ifs,4,-0.0708,0.4405,0.4510,0.8957,241,6.1494
03165000,ifs,4,0.0510,0.3758,0.4448,0.7833,241,7.0926
03170000,ifs,4,-0.1122,0.4605,0.4709,0.9057,241,5.8759
03173000,ifs,4,-0.2210,0.4467,0.4604,1.0322,241,5.4783
03180500,ifs,4,0.2838,0.4583,0.5532,0.9423,241,5.9182
03182500,ifs,4,0.3288,0.5097,0.5932,0.9177,241,5.0967
03186500,ifs,4,0.2150,0.4567,0.5220,0.9137,241,6.5717
03187500,ifs,4,0.2138,0.4723,0.5261,0.9427,241,6.4998
03213700,ifs,4,0.1081,0.5074,0.5162,1.0351,241,6.6365
03237280,ifs,4,-0.1141,0.2938,0.3250,0.9782,241,8.1567
03237500,ifs,4,0.0959,0.3749,0.4357,0.9305,241,7.6435
03241500,ifs,4,0.0959,0.3150,0.4131,0.8522,241,9.4583
03280700,ifs,4,-0.2517,0.3586,0.3621,1.0637,241,8.0629
03281100,ifs,4,-0.2495,0.4154,0.4398,1.1324,241,7.7153
03281500,ifs,4,0.0291,0.5114,0.5203,1.0923,241,6.5830
03285000,ifs,4,0.0803,0.3233,0.4119,0.8448,241,8.6715
03291780,ifs,4,0.0629,0.2447,0.3634,0.8551,241,9.9950
03300400,ifs,4,0.2057,0.2881,0.4843,0.7157,241,8.6223
03340800,ifs,4,0.2795,0.4291,0.5422,0.9560,241,8.7564
03346000,ifs,4,-0.0059,0.4527,0.4871,1.1894,241,8.7350
03364500,ifs,4,0.1722,0.1651,0.4270,0.7382,241,11.9920
03366500,ifs,4,0.0896,0.2876,0.3949,0.8706,241,9.6384
03368000,ifs,4,0.0612,0.0813,0.3207,0.6703,241,12.6448
03384450,ifs,4,0.1950,0.3439,0.4706,0.8908,241,8.4941
03439000,ifs,4,0.1683,0.3664,0.4865,0.7588,241,7.2361
03450000,ifs,4,0.0005,0.4568,0.4748,0.8726,241,6.5258
03455500,ifs,4,0.1817,0.4097,0.5190,0.7402,241,6.5180
03456500,ifs,4,0.2126,0.4800,0.5531,0.7911,241,6.0254
03460000,ifs,4,-0.0190,0.4400,0.4544,0.8984,241,7.2371
03463300,ifs,4,0.1981,0.5438,0.5594,0.9417,241,7.0750
03471500,ifs,4,-0.0367,0.4878,0.4888,1.0277,241,6.1909
03473000,ifs,4,-0.1107,0.4834,0.4910,1.0270,241,6.6422
03479000,ifs,4,-0.0697,0.4590,0.4611,0.9533,241,6.2007
03488000,ifs,4,-0.1447,0.4507,0.4542,1.0404,241,6.6048
03498500,ifs,4,-0.0961,0.4311,0.4345,0.9471,241,8.0094
03500000,ifs,4,0.0543,0.3834,0.4338,0.8686,241,7.1747
03504000,ifs,4,0.1518,0.3225,0.4682,0.7226,241,8.0281
03574500,ifs,4,0.1267,0.4764,0.4999,1.0411,241,8.6371
03604000,ifs,4,0.0792,0.4167,0.4560,0.9039,241,9.3125
04015330,ifs,4,0.0083,0.2716,0.3480,0.9297,241,6.5223
04024430,ifs,4,-0.9785,0.1795,0.2452,1.1873,241,7.0778
04027000,ifs,4,-0.7884,0.1041,0.2826,1.5011,241,6.0485
04040500,ifs,4,-0.3420,0.2831,0.2862,1.0228,241,6.1520
04043050,ifs,4,-0.1711,0.4229,0.4251,0.9528,241,5.2538
04045500,ifs,4,-0.1936,0.3678,0.4504,1.3055,241,5.5609
04056500,ifs,4,-0.1418,0.4077,0.4680,1.2542,241,5.0743
04057510,ifs,4,0.0267,0.4522,0.4685,1.0931,241,5.4967
04057800,ifs,4,-0.0558,0.3539,0.3789,0.9671,241,5.5194
04059500,ifs,4,0.2931,0.5720,0.6004,1.0587,241,4.3499
04063700,ifs,4,0.1815,0.4671,0.5217,1.1467,241,4.2966
04074950,ifs,4,0.1664,0.4798,0.5131,1.0494,241,4.7895
04105700,ifs,4,0.1181,0.3885,0.4516,0.9170,241,6.7463
04115265,ifs,4,-0.1518,0.3462,0.3582,1.0526,241,7.6882
04122200,ifs,4,0.2347,0.5902,0.5984,1.0634,241,6.2809
04122500,ifs,4,0.2253,0.6108,0.6276,1.1075,241,5.9480
04124000,ifs,4,0.4047,0.4622,0.6436,0.7843,241,6.6261
04127997,ifs,4,0.3148,0.5578,0.6049,0.9036,241,6.3910
04185000,ifs,4,-0.1189,0.4031,0.4099,0.9294,241,6.9368
04196800,ifs,4,0.0525,0.4950,0.4988,1.0206,241,6.8544
04197100,ifs,4,0.2158,0.4489,0.5175,0.9292,241,6.9795
04197170,ifs,4,0.2039,0.5068,0.5375,1.0044,241,6.3737
04213000,ifs,4,-0.1942,0.3820,0.5526,1.3567,241,6.9934
04213075,ifs,4,-0.1451,0.3797,0.4875,1.3392,241,7.6978
04216418,ifs,4,0.2856,0.6360,0.6381,1.0358,241,6.2541
04221000,ifs,4,0.2086,0.5629,0.5715,0.9868,241,5.5187
04224775,ifs,4,-0.0639,0.4657,0.4669,1.0354,241,7.0877
04256000,ifs,4,-0.0801,0.4814,0.5061,1.1363,241,6.2524
04296000,ifs,4,0.1541,0.4254,0.4817,1.0597,241,5.7400
05057000,ifs,4,0.0391,0.3926,0.4521,1.2156,241,3.6500
05057200,ifs,4,-0.2253,0.3287,0.3669,1.2200,241,3.8137
05062500,ifs,4,-0.3971,0.3281,0.3658,1.2029,241,5.2022
05087500,ifs,4,0.0010,0.4181,0.4428,1.1201,241,5.2880
05120500,ifs,4,0.1479,0.4892,0.5286,1.1612,241,3.7003
05123400,ifs,4,0.2201,0.4010,0.5005,0.9461,241,4.6057
05129115,ifs,4,-0.1045,0.3739,0.3912,1.1032,241,4.9780
05131500,ifs,4,-0.1565,0.4048,0.4198,1.1328,241,4.7023
05291000,ifs,4,-0.0632,0.2323,0.3649,1.3809,241,7.0478
05362000,ifs,4,-0.1044,0.3736,0.4536,1.3062,241,5.3919
05393500,ifs,4,-0.1391,0.3468,0.3982,1.2457,241,5.9914
05399500,ifs,4,0.3006,0.5395,0.5877,1.0387,241,5.9118
05408000,ifs,4,0.0407,0.3202,0.3910,0.8794,241,8.7845
05412500,ifs,4,0.4336,0.5911,0.6689,0.9053,241,5.6756
05413500,ifs,4,0.5399,0.6436,0.7360,0.9356,241,5.8255
05414000,ifs,4,0.4802,0.6293,0.6983,0.9969,241,6.0681
05444000,ifs,4,0.3326,0.5972,0.6257,1.0667,241,5.8880
05454000,ifs,4,0.2067,0.4997,0.5361,0.9507,241,7.6798
05458000,ifs,4,0.0947,0.4291,0.4628,0.9750,241,7.4849
05466500,ifs,4,0.2286,0.4208,0.5300,0.7805,241,9.2331
05487980,ifs,4,0.0055,0.3342,0.3966,0.8235,241,8.9378
05488200,ifs,4,0.0354,0.2741,0.3681,0.8411,241,10.6818
05489000,ifs,4,-0.0636,0.2985,0.3501,0.8561,241,10.3941
05495000,ifs,4,-0.0846,0.4818,0.4942,1.0906,241,7.6004
05495500,ifs,4,0.0251,0.4171,0.4412,0.9253,241,8.8411
05501000,ifs,4,0.0284,0.3329,0.3875,0.9813,241,9.8893
05503800,ifs,4,0.0529,0.4705,0.4869,1.0989,241,7.6438
05507600,ifs,4,0.0626,0.4868,0.5661,1.2671,241,6.3765
05508805,ifs,4,0.2478,0.5866,0.6506,1.2130,241,5.6115
05514500,ifs,4,-0.0947,0.3898,0.4147,1.1559,241,7.4026
05525500,ifs,4,0.2839,0.5532,0.5887,1.0642,241,6.8788
05556500,ifs,4,0.2938,0.5450,0.5963,0.8658,241,7.5472
05584500,ifs,4,0.1236,0.3007,0.4196,0.8437,241,10.5961
05585000,ifs,4,0.1579,0.3668,0.4596,0.8941,241,9.4962
05591550,ifs,4,-0.0740,0.3957,0.4196,1.1462,241,9.4022
05592050,ifs,4,-0.0574,0.4250,0.5014,1.2827,241,7.8069
05592575,ifs,4,0.1188,0.4960,0.5094,0.9958,241,9.0878
05593575,ifs,4,0.0556,0.4396,0.4669,1.1111,241,7.9665
05593900,ifs,4,-0.2127,0.3730,0.4077,1.2048,241,9.6678
05595730,ifs,4,0.1107,0.4735,0.4969,1.0757,241,7.3735
06037500,ifs,4,0.5065,0.6093,0.7139,0.9128,241,2.7322
06043500,ifs,4,0.5950,0.7614,0.7843,0.9339,241,2.4130
06154410,ifs,4,0.0535,0.3728,0.4180,1.0099,241,4.7309
06188000,ifs,4,0.3453,0.6447,0.6545,1.0585,241,2.4285
06191500,ifs,4,0.5105,0.7037,0.7298,1.0030,241,2.1284
06221400,ifs,4,0.1093,0.4531,0.6747,1.3742,241,2.7618
06224000,ifs,4,0.3095,0.5675,0.6829,1.2891,241,2.5631
06289000,ifs,4,0.0615,0.3044,0.7329,1.5247,241,2.7585
06332515,ifs,4,-0.1403,0.3487,0.5088,1.4084,241,3.5913
06339100,ifs,4,-0.3349,0.2139,0.5440,1.5589,241,3.0212
06339500,ifs,4,0.4492,0.5533,0.7655,1.3635,241,2.2997
06344600,ifs,4,-0.1549,0.3626,0.5119,1.3829,241,3.7006
06350000,ifs,4,0.2264,0.5662,0.6586,1.2468,241,2.5437
06352000,ifs,4,-0.7995,0.1787,0.4736,1.4197,241,3.3334
06353000,ifs,4,-0.5525,0.1678,0.5593,1.5325,241,3.3210
06354000,ifs,4,0.0549,0.4153,0.6601,1.4013,241,2.8215
06360500,ifs,4,-0.5375,0.2290,0.5076,1.4563,241,3.1295
06404000,ifs,4,0.0865,0.4430,0.5544,1.3342,241,3.1759
06406000,ifs,4,-0.0543,0.4020,0.5576,1.3773,241,3.1127
06408700,ifs,4,-0.3657,0.3111,0.4776,1.3898,241,3.3750
06409000,ifs,4,-0.2507,0.3166,0.5311,1.4416,241,3.1793
06431500,ifs,4,-0.2578,0.3653,0.4556,1.3022,241,3.6216
06440200,ifs,4,-0.0351,0.4421,0.4805,1.2034,241,4.3206
06441500,ifs,4,-0.2157,0.4359,0.5132,1.2027,241,3.8348
06447000,ifs,4,-0.4882,0.2584,0.4106,1.3999,241,4.0455
06447500,ifs,4,-0.8667,0.1038,0.2610,1.4595,241,5.2155
06450500,ifs,4,-0.2488,0.3594,0.3892,1.1922,241,5.0695
06452000,ifs,4,-0.2057,0.3972,0.4759,1.2707,241,3.9140
06453600,ifs,4,0.1934,0.4801,0.5270,1.1107,241,4.8152
06464500,ifs,4,0.1009,0.3900,0.4438,0.9559,241,5.8454
06477500,ifs,4,-0.2939,0.3099,0.3640,1.2677,241,5.6646
06479215,ifs,4,-0.0617,0.1850,0.3178,1.3416,241,7.2024
06479438,ifs,4,-0.0841,0.1971,0.3348,1.3849,241,6.7590
06601000,ifs,4,-0.0077,0.1620,0.2851,0.8746,241,7.4969
06614800,ifs,4,0.4400,0.4845,0.6666,0.8934,241,4.0111
06622700,ifs,4,0.4823,0.7024,0.7257,1.0928,241,2.5593
06623800,ifs,4,0.4789,0.6593,0.7109,1.1188,241,2.7589
06632400,ifs,4,0.2567,0.5710,0.6482,1.2426,241,3.3361
06784000,ifs,4,0.1000,0.3817,0.4387,0.9693,241,5.1939
06803510,ifs,4,-0.3273,0.0716,0.1241,0.9009,241,9.4808
06803530,ifs,4,-0.4423,0.0916,0.1165,0.9661,241,8.4794
06814000,ifs,4,-0.2854,0.2787,0.2873,0.9692,241,8.6283
06846500,ifs,4,0.0892,0.3911,0.4438,0.9075,241,3.9670
06847900,ifs,4,-0.3356,0.2370,0.2473,1.0228,241,5.8303
06853800,ifs,4,-0.0589,0.2593,0.3256,0.8587,241,5.5202
06876700,ifs,4,0.0280,-0.0765,0.2544,0.5218,241,9.7634
06878000,ifs,4,-0.1715,0.0144,0.1655,0.6638,241,8.6529
06879650,ifs,4,-0.0253,0.1290,0.3109,0.6161,241,9.7245
06885500,ifs,4,0.0207,0.2699,0.3693,0.7859,241,8.7338
06888500,ifs,4,-0.0424,0.1028,0.2720,0.6677,241,10.2219
06889200,ifs,4,-0.2001,0.2129,0.2549,0.8965,241,9.9019
06889500,ifs,4,-0.2383,0.2340,0.2609,0.9245,241,9.7182
06892000,ifs,4,-0.2625,0.1556,0.2106,0.8192,241,10.3868
06903400,ifs,4,-0.1752,0.2392,0.2899,0.8195,241,10.2287
06906800,ifs,4,0.0747,0.2644,0.4066,0.7054,241,10.4056
06910800,ifs,4,-0.0079,0.1294,0.3021,0.6736,241,9.5832
06911900,ifs,4,-0.0716,0.1014,0.2603,0.6660,241,10.4469
06917000,ifs,4,0.1824,0.2097,0.4553,0.6561,241,9.9127
06918460,ifs,4,-0.1362,0.3442,0.3588,1.0529,241,10.6354
06919500,ifs,4,0.1238,0.4448,0.4808,0.9571,241,8.8982
06921070,ifs,4,0.0622,0.2593,0.3812,0.7814,241,11.0108
06921200,ifs,4,0.1518,0.2758,0.4333,0.7811,241,11.1163
06934000,ifs,4,-0.2026,0.2704,0.2938,0.9305,241,9.4952
07014500,ifs,4,-0.0771,0.0632,0.2183,0.7327,241,12.0244
07056000,ifs,4,0.1222,0.3497,0.4372,0.8833,241,8.5832
07057500,ifs,4,-0.0488,0.3705,0.3914,0.9771,241,8.5252
07060710,ifs,4,0.0541,0.2798,0.3767,0.8563,241,9.7839
07066000,ifs,4,-0.0391,0.3668,0.3905,0.9983,241,8.4366
07067000,ifs,4,-0.0591,0.4059,0.4155,1.0255,241,7.5360
07068000,ifs,4,-0.0777,0.4314,0.4361,1.0565,241,7.1404
07071500,ifs,4,-0.0483,0.4338,0.4406,1.0553,241,7.5736
07083000,ifs,4,0.1948,0.5000,0.5790,1.2615,241,2.5868
07142300,ifs,4,0.0427,0.1609,0.3280,0.7387,241,5.1329
07145700,ifs,4,0.0964,0.0381,0.3283,0.6684,241,11.0200
07148400,ifs,4,-0.0585,0.2765,0.3342,0.8780,241,4.5718
07149000,ifs,4,0.0300,0.3826,0.4190,0.9405,241,4.1414
07151500,ifs,4,0.0599,0.1332,0.3192,0.7732,241,7.6025
07167500,ifs,4,0.1557,0.2517,0.4268,0.7827,241,7.2544
07180500,ifs,4,0.1639,0.1548,0.4238,0.6650,241,7.3653
07184000,ifs,4,0.3652,0.3926,0.6078,0.8329,241,10.4346
07195800,ifs,4,-0.4875,0.1657,0.1912,1.1853,241,13.3916
07196900,ifs,4,0.0328,0.3589,0.4102,1.1144,241,9.5808
07197000,ifs,4,-0.1798,0.3550,0.3703,1.1216,241,10.1775
07208500,ifs,4,0.2377,0.4180,0.6211,1.4397,241,2.2593
07226500,ifs,4,0.1527,0.4357,0.4937,1.1369,241,2.2581
07261000,ifs,4,0.1825,0.4129,0.4917,0.8828,241,8.1404
07263295,ifs,4,0.1252,0.3951,0.4553,0.9531,241,8.6493
07290650,ifs,4,-0.0801,0.3586,0.3789,1.0583,241,9.9490
07291000,ifs,4,0.2000,0.4310,0.5010,0.9903,241,8.6723
07292500,ifs,4,0.2387,0.4597,0.5298,0.9831,241,8.5242
07295000,ifs,4,0.2585,0.4377,0.5329,0.9486,241,9.5177
07299670,ifs,4,-0.2324,0.1932,0.2291,1.0175,241,5.0532
07301410,ifs,4,-0.0862,0.0853,0.2022,0.9280,241,5.8253
07301500,ifs,4,-0.0171,0.3733,0.4106,1.1397,241,3.2637
07315200,ifs,4,-0.1056,0.3210,0.3459,0.9705,241,7.1125
07315700,ifs,4,-0.4009,0.2368,0.3059,1.3174,241,7.0199
07335700,ifs,4,0.1091,0.1614,0.3779,0.7002,241,10.3256
07340300,ifs,4,0.0918,0.4199,0.4632,0.8891,241,7.9128
07346045,ifs,4,0.0466,0.4871,0.4944,1.0604,241,7.0440
07359610,ifs,4,0.0532,0.1860,0.3545,0.7107,241,10.0305
07362100,ifs,4,0.1632,0.4911,0.5948,1.3075,241,6.4637
07362587,ifs,4,0.2575,0.3293,0.5228,0.7436,241,8.9109
07373000,ifs,4,-1.1909,0.1170,0.3134,1.3366,241,13.4493
07375000,ifs,4,0.0777,0.1438,0.3364,0.7803,241,13.0392
07376000,ifs,4,0.1668,0.3085,0.4441,0.8680,241,10.8564
08013000,ifs,4,0.0856,0.5012,0.5225,1.1364,241,9.7187
08014500,ifs,4,-0.0879,0.4544,0.4661,1.1109,241,10.2934
08023080,ifs,4,0.1073,0.4870,0.5243,1.1785,241,8.7719
08025500,ifs,4,0.2749,0.4992,0.5609,1.0176,241,9.5055
08029500,ifs,4,-0.0034,0.3978,0.4198,1.0388,241,11.5678
08050800,ifs,4,0.1180,0.2711,0.4090,0.8033,241,8.9678
08066200,ifs,4,0.0859,0.1292,0.3434,0.7265,241,13.4159
08066300,ifs,4,-0.0319,-0.0269,0.1844,0.7429,241,17.9753
08070000,ifs,4,0.0638,0.4400,0.4613,1.0110,241,8.7557
08070200,ifs,4,0.0788,0.4275,0.4576,0.9738,241,8.8882
08079600,ifs,4,-0.4637,0.2700,0.3526,1.3178,241,3.6518
08082700,ifs,4,-0.2439,0.2210,0.2553,1.1272,241,5.9586
08086212,ifs,4,0.1010,0.3066,0.4094,0.8619,241,5.8441
08086290,ifs,4,0.0190,0.4157,0.4366,0.9598,241,6.0750
08101000,ifs,4,-0.6681,0.2299,0.3376,1.3290,241,7.9162
08103900,ifs,4,-0.0000,0.2953,0.3642,0.8683,241,9.2645
08104900,ifs,4,-0.0246,0.1493,0.2772,0.8165,241,10.6118
08109700,ifs,4,-0.0566,0.2271,0.2996,1.0745,241,10.8799
08150800,ifs,4,-0.1525,0.2396,0.2818,0.9209,241,11.3860
08155200,ifs,4,-0.5198,0.2037,0.2477,1.2609,241,10.1864
08158700,ifs,4,-0.3749,0.2350,0.2703,1.2204,241,9.0985
08158810,ifs,4,-0.6809,0.2232,0.2839,1.2599,241,9.5693
08164000,ifs,4,-0.3475,0.2607,0.3017,1.2393,241,8.5860
08164300,ifs,4,-0.0834,0.2503,0.3076,1.0946,241,10.0090
08164600,ifs,4,-0.0434,0.3327,0.3724,1.1021,241,7.6144
08165300,ifs,4,0.1065,0.2610,0.3928,0.8490,241,8.9920
08171300,ifs,4,-0.0709,0.2494,0.3068,1.0243,241,8.6961
08175000,ifs,4,-0.1814,0.2616,0.2902,1.0585,241,9.4337
08176900,ifs,4,-0.1759,0.3054,0.3375,1.1658,241,7.4579
08178880,ifs,4,0.0675,0.2498,0.3625,0.9135,241,10.2686
08189500,ifs,4,-0.1401,0.3097,0.3344,1.0807,241,7.8748
08190000,ifs,4,0.1744,0.1081,0.4255,0.6771,241,13.0823
08190500,ifs,4,0.2096,0.1378,0.4683,0.6777,241,12.2288
08194200,ifs,4,0.1979,0.1488,0.4552,0.6351,241,7.7584
08195000,ifs,4,0.1173,0.1445,0.3650,0.7663,241,12.2078
08196000,ifs,4,0.1242,0.1244,0.3651,0.7678,241,13.9230
08198500,ifs,4,0.1027,0.1928,0.3676,0.8023,241,11.8595
08200000,ifs,4,0.0105,0.1854,0.3055,0.8805,241,11.9815
08202700,ifs,4,0.0190,0.1471,0.2991,0.7962,241,12.7864
08267500,ifs,4,0.3749,0.5035,0.6169,0.9428,241,2.9950
08269000,ifs,4,0.2410,0.5185,0.5789,1.1972,241,2.4463
08271000,ifs,4,0.3774,0.4786,0.6174,0.8919,241,3.1124
08324000,ifs,4,-0.2677,0.1452,0.4769,1.6640,241,2.5965
08377900,ifs,4,-0.0760,0.2287,0.5093,1.5940,241,3.8765
08378500,ifs,4,0.0450,0.3530,0.5412,1.4561,241,3.2033
08380500,ifs,4,-0.4915,0.0193,0.5016,1.7917,241,3.7273
09034900,ifs,4,0.3411,0.4582,0.5917,0.8786,241,3.2013
09035900,ifs,4,0.2777,0.5833,0.6056,1.0906,241,2.4770
09047700,ifs,4,0.3074,0.5733,0.6370,1.2133,241,2.3018
09065500,ifs,4,0.2862,0.5837,0.6248,1.1685,241,2.5132
09066000,ifs,4,0.2929,0.5980,0.6279,1.1385,241,2.1316
09066200,ifs,4,0.1479,0.5185,0.5746,1.2251,241,2.9071
09066300,ifs,4,0.2133,0.5492,0.5932,1.1885,241,2.7184
09081600,ifs,4,0.6401,0.6648,0.8033,1.0524,241,2.6041
09107000,ifs,4,0.3023,0.4092,0.7197,1.5031,241,2.0532
09210500,ifs,4,0.2092,0.5280,0.5522,1.0533,241,2.0658
09223000,ifs,4,0.3478,0.6395,0.6514,1.0553,241,2.3012
09306242,ifs,4,-0.0319,0.1496,0.6020,1.7296,241,2.8617
09312600,ifs,4,0.3113,0.5282,0.5927,1.1082,241,2.5663
09352900,ifs,4,0.5826,0.6473,0.7668,1.1708,241,2.8448
09378170,ifs,4,0.4365,0.5207,0.6634,0.8575,241,2.6117
09378630,ifs,4,0.3915,0.4711,0.6296,0.8321,241,2.8560
09386900,ifs,4,-0.2938,0.2702,0.4539,1.4631,241,2.5807
09404450,ifs,4,0.3720,0.6666,0.6809,1.0949,241,2.3198
09430500,ifs,4,0.3015,0.5143,0.7204,1.3692,241,1.9121
09430600,ifs,4,-0.1889,0.4110,0.5193,1.2873,241,3.2600
09447800,ifs,4,-0.6807,0.2711,0.5109,1.2573,241,2.1299
09480000,ifs,4,0.0057,0.4153,0.4327,0.9921,241,3.5043
09484000,ifs,4,-0.2636,0.3371,0.3665,1.1951,241,3.7408
09484600,ifs,4,0.3000,0.4831,0.5736,0.8731,241,2.4970
09492400,ifs,4,0.3895,0.5756,0.6431,1.0982,241,3.6964
09494000,ifs,4,0.3688,0.6143,0.6776,1.2083,241,2.6856
09497800,ifs,4,0.1575,0.4963,0.5200,1.0500,241,2.7652
09497980,ifs,4,0.2292,0.4131,0.5156,0.8598,241,3.1137
09505200,ifs,4,0.2462,0.4927,0.5460,1.0025,241,2.6773
09505350,ifs,4,0.3088,0.3848,0.5610,0.8215,241,2.6638
09505800,ifs,4,0.3212,0.5442,0.5989,1.0582,241,2.6967
09508300,ifs,4,0.1222,0.3472,0.4637,0.7223,241,2.8519
09510200,ifs,4,-0.2511,0.1878,0.2350,0.8304,241,3.4483
09512280,ifs,4,-0.5771,0.1685,0.1995,1.2243,241,3.4738
09513780,ifs,4,-0.9137,0.1317,0.1827,1.2495,241,3.5706
10023000,ifs,4,0.2499,0.4559,0.5336,0.9855,241,3.1001
10166430,ifs,4,0.3057,0.5779,0.6066,0.9496,241,2.9723
10172700,ifs,4,-0.0360,0.4540,0.5339,1.2692,241,2.7715
10172800,ifs,4,0.2191,0.5618,0.6241,1.2236,241,3.2215
10173450,ifs,4,0.5544,0.6889,0.7479,1.0004,241,2.3851
10205030,ifs,4,0.4534,0.6038,0.6797,0.9561,241,2.2409
10234500,ifs,4,0.3312,0.6503,0.6563,0.9423,241,2.8325
10242000,ifs,4,0.5013,0.4421,0.7253,0.7047,241,2.6594
10244950,ifs,4,-0.0260,0.4984,0.5165,1.1216,241,2.8840
10249300,ifs,4,-0.2631,0.3829,0.4206,1.1964,241,2.5335
10258000,ifs,4,0.2650,0.5125,0.5758,1.1719,241,3.0482
10258500,ifs,4,0.1616,0.4361,0.6989,1.3948,241,1.6616
10259000,ifs,4,0.2907,0.6222,0.6326,1.0796,241,2.3152
10259200,ifs,4,0.3587,0.5391,0.6614,1.3065,241,1.6018
10263500,ifs,4,0.3670,0.2542,0.6140,0.5413,241,4.6550
10310500,ifs,4,0.6771,0.8287,0.8546,1.0316,241,2.0588
10316500,ifs,4,0.1576,0.3576,0.4683,0.7936,241,3.3998
10329500,ifs,4,0.3833,0.4836,0.6204,0.9390,241,2.5624
10336645,ifs,4,0.8302,0.8789,0.9113,0.9657,241,3.3745
10336660,ifs,4,0.8144,0.7910,0.9043,0.8846,241,3.8409
10343500,ifs,4,0.7467,0.8390,0.8673,0.9327,241,2.7094
10348850,ifs,4,0.6218,0.3466,0.8833,0.5989,241,5.5860
10396000,ifs,4,0.4636,0.5485,0.6857,0.8182,241,2.4534
11098000,ifs,4,0.5213,0.2914,0.7706,0.5389,241,5.6398
11124500,ifs,4,0.4273,0.3255,0.6694,0.6404,241,5.2321
11141280,ifs,4,0.6294,0.5642,0.7966,0.7075,241,3.8273
11143000,ifs,4,0.4038,0.2817,0.6457,0.5057,241,7.7941
11148900,ifs,4,0.4624,0.5202,0.7037,0.6458,241,3.9943
11151300,ifs,4,0.5357,0.5932,0.7525,0.6883,241,2.5408
11162500,ifs,4,0.5231,0.4758,0.7286,0.6707,241,4.3690
11176400,ifs,4,0.5159,0.5260,0.7267,0.6662,241,2.3492
11180500,ifs,4,0.3638,0.6913,0.6933,0.9968,241,3.0330
11180960,ifs,4,0.5073,0.5431,0.7145,0.7633,241,3.2046
11224500,ifs,4,0.5805,0.6297,0.7742,0.7238,241,2.1032
11253310,ifs,4,0.5443,0.7606,0.7904,0.9107,241,1.7867
11264500,ifs,4,-0.1463,0.1651,0.7637,1.5237,241,5.0698
11266500,ifs,4,0.0454,0.3229,0.7586,1.4142,241,4.9848
11274500,ifs,4,0.5723,0.5853,0.7680,0.6783,241,2.1087
11274630,ifs,4,0.5466,0.6169,0.7542,0.7276,241,1.9743
11284400,ifs,4,0.7542,0.7933,0.8941,1.1438,241,2.5074
11299600,ifs,4,0.4921,0.6072,0.8269,1.2365,241,3.5215
11381500,ifs,4,0.5719,0.4659,0.7731,0.6823,241,5.9064
11383500,ifs,4,0.5776,0.4584,0.7774,0.6635,241,5.9572
11451100,ifs,4,0.7284,0.7212,0.9106,1.1362,241,2.6946
11468500,ifs,4,0.5536,0.7053,0.8235,1.1590,241,4.4531
11473900,ifs,4,0.7068,0.8144,0.8439,0.9459,241,3.7113
11475560,ifs,4,0.5218,0.4019,0.7382,0.6267,241,9.0092
11476600,ifs,4,0.3922,0.7003,0.7292,1.0778,241,5.7172
11478500,ifs,4,0.6778,0.7463,0.8270,0.8481,241,4.1760
11480390,ifs,4,0.5812,0.7682,0.7850,0.9185,241,4.4824
11481200,ifs,4,0.5841,0.6936,0.7698,0.8608,241,5.1150
11482500,ifs,4,0.6470,0.5810,0.8140,0.7617,241,5.2796
11522500,ifs,4,0.6431,0.7923,0.8106,1.0449,241,3.5597
11523200,ifs,4,0.5611,0.7513,0.7773,0.8906,241,4.3484
11528700,ifs,4,0.6473,0.7366,0.8090,0.8602,241,3.5865
11532500,ifs,4,0.5422,0.4457,0.7543,0.6774,241,7.4669
12010000,ifs,4,0.5341,0.5604,0.7420,0.7310,241,7.7693
12013500,ifs,4,0.4804,0.6979,0.7379,0.8511,241,6.4348
12020000,ifs,4,0.3586,0.6783,0.7344,0.9095,241,5.9859
12025000,ifs,4,0.5212,0.7463,0.7665,0.9028,241,4.9796
12025700,ifs,4,0.2976,0.6100,0.7478,1.1533,241,5.4323
12035000,ifs,4,0.6276,0.6227,0.7995,0.7630,241,6.7385
12040500,ifs,4,0.7263,0.6872,0.8597,0.7936,241,6.6505
12041200,ifs,4,0.6914,0.5581,0.8592,0.7140,241,7.7603
12043000,ifs,4,0.6780,0.5837,0.8431,0.7399,241,6.2418
12048000,ifs,4,0.2807,0.4682,0.6985,1.4229,241,4.4330
12054000,ifs,4,0.6085,0.6841,0.7802,0.9718,241,5.5792
12056500,ifs,4,0.6770,0.7357,0.8238,0.9060,241,6.7257
12073500,ifs,4,0.3857,0.6752,0.6809,1.0451,241,4.4478
12082500,ifs,4,0.5632,0.7842,0.7978,0.9679,241,6.3156
12092000,ifs,4,0.5365,0.7448,0.7610,0.9178,241,6.5658
12095000,ifs,4,0.4434,0.7185,0.7524,1.0887,241,5.4990
12114500,ifs,4,0.5919,0.5691,0.7789,0.7258,241,7.3562
12115000,ifs,4,0.5927,0.5762,0.7788,0.7334,241,7.3106
12115500,ifs,4,0.6151,0.6142,0.7905,0.7861,241,7.1306
12117000,ifs,4,0.6106,0.6054,0.7887,0.7877,241,7.0975
12141300,ifs,4,0.5870,0.5463,0.7792,0.7396,241,8.5629
12143600,ifs,4,0.6279,0.6036,0.8013,0.7965,241,7.6346
12144000,ifs,4,0.6346,0.6405,0.8018,0.8311,241,7.0832
12145500,ifs,4,0.5818,0.5862,0.7712,0.7693,241,5.9793
12147600,ifs,4,0.5796,0.4909,0.7865,0.7031,241,10.5849
12167000,ifs,4,0.6263,0.6381,0.7965,0.8321,241,6.8510
12175500,ifs,4,0.5714,0.7750,0.7781,1.0002,241,5.1554
12186000,ifs,4,0.6144,0.6101,0.7919,0.7747,241,7.2126
12189500,ifs,4,0.6454,0.7212,0.8064,0.8745,241,5.8234
12358500,ifs,4,0.3359,0.5211,0.6184,0.7871,241,5.6216
12377150,ifs,4,0.4855,0.5031,0.7280,0.6372,241,4.6803
12381400,ifs,4,0.5622,0.6023,0.7691,0.7152,241,3.9660
12390700,ifs,4,0.3029,0.6639,0.6682,1.0260,241,3.8372
12411000,ifs,4,0.2759,0.5811,0.6046,0.9040,241,4.5249
12414500,ifs,4,0.5728,0.7523,0.7806,0.8906,241,3.6691
12447390,ifs,4,-0.2129,0.3698,0.4720,1.3220,241,3.0439
12451000,ifs,4,0.3651,0.5916,0.7675,1.2460,241,4.4409
12488500,ifs,4,0.5953,0.7861,0.8272,0.9882,241,5.1250
13011500,ifs,4,0.5433,0.7400,0.7544,0.9920,241,2.4605
13011900,ifs,4,0.5420,0.7084,0.7450,1.0102,241,2.3719
13018300,ifs,4,0.4903,0.5842,0.7037,0.8711,241,2.6299
13023000,ifs,4,0.5160,0.7173,0.7492,1.1217,241,2.1075
13161500,ifs,4,0.4592,0.5391,0.7224,1.3632,241,1.5602
13235000,ifs,4,0.5279,0.7075,0.7445,0.8973,241,3.0009
13240000,ifs,4,0.2622,0.5754,0.6069,0.8573,241,4.8929
13310700,ifs,4,0.3769,0.6296,0.6623,0.8812,241,3.4399
13313000,ifs,4,0.3554,0.3763,0.6173,0.6534,241,4.1878
13331500,ifs,4,0.6214,0.6278,0.7933,0.8362,241,3.0794
13337000,ifs,4,0.6879,0.7928,0.8438,0.8647,241,3.3251
13338500,ifs,4,0.2987,0.5998,0.6141,0.9907,241,3.8145
13340000,ifs,4,0.6307,0.7728,0.8042,0.9142,241,3.0541
13340600,ifs,4,0.7359,0.7772,0.8641,0.8360,241,3.4448
14020000,ifs,4,0.4739,0.5354,0.6922,0.8138,241,3.5091
14092750,ifs,4,0.3474,0.6634,0.6678,0.9492,241,4.5927
14096850,ifs,4,-0.0027,0.4147,0.4339,0.9275,241,3.5452
14137000,ifs,4,0.6004,0.7108,0.7820,0.8630,241,5.4235
14138800,ifs,4,0.6614,0.6944,0.8192,0.7963,241,6.7971
14138870,ifs,4,0.6555,0.7522,0.8173,0.8585,241,7.1000
14138900,ifs,4,0.6593,0.6021,0.8220,0.7305,241,8.3770
14139800,ifs,4,0.6418,0.7460,0.8138,0.8391,241,7.0373
14141500,ifs,4,0.6095,0.8039,0.8178,0.9602,241,6.2842
14154500,ifs,4,0.5837,0.6765,0.7739,0.8123,241,3.6139
14158500,ifs,4,0.5906,0.6653,0.7787,0.7921,241,4.5506
14158790,ifs,4,0.5908,0.5265,0.7850,0.6754,241,5.8163
14166500,ifs,4,0.5866,0.5746,0.7719,0.7733,241,4.1238
14182500,ifs,4,0.5809,0.6788,0.7732,0.8119,241,5.2571
14185000,ifs,4,0.6196,0.7406,0.8007,0.8495,241,4.4347
14185900,ifs,4,0.6046,0.6013,0.7875,0.7311,241,5.4339
14187000,ifs,4,0.5551,0.6261,0.7569,0.7672,241,4.9956
14216500,ifs,4,0.6257,0.7493,0.8623,0.9579,241,5.6963
14222500,ifs,4,0.7289,0.6824,0.8592,0.7579,241,7.7638
14236200,ifs,4,0.6095,0.8039,0.8121,0.9562,241,5.3720
14301000,ifs,4,0.6932,0.8115,0.8440,0.8969,241,4.9522
14303200,ifs,4,0.5917,0.4803,0.7882,0.6406,241,7.4285
14305500,ifs,4,0.5197,0.4539,0.7370,0.6674,241,9.5425
14306340,ifs,4,0.5694,0.5611,0.7626,0.7278,241,4.6538
14306500,ifs,4,0.5923,0.6259,0.7744,0.7897,241,4.8847
14308990,ifs,4,0.5431,0.6799,0.7415,0.9395,241,3.0384
14309500,ifs,4,0.4842,0.4241,0.7102,0.6634,241,4.8347
14316700,ifs,4,0.6259,0.7205,0.8010,0.8305,241,3.2493
14325000,ifs,4,0.4668,0.4252,0.6966,0.6519,241,6.1324
14362250,ifs,4,0.3515,0.6104,0.6352,1.0074,241,3.3513
14400000,ifs,4,0.5080,0.4125,0.7288,0.6234,241,7.9303
01013500,ifs,5,-0.1177,0.3554,0.3895,1.1817,241,5.8243
01022500,ifs,5,-0.1849,0.3856,0.4558,1.2760,241,6.8624
01030500,ifs,5,-0.2615,0.3176,0.3523,1.2118,241,6.0816
01031500,ifs,5,-0.9972,0.1097,0.2476,1.3977,241,8.0363
01047000,ifs,5,-1.1284,0.0963,0.2718,1.4012,241,8.9232
01052500,ifs,5,-0.6268,0.1466,0.2339,1.3741,241,7.0967
01054200,ifs,5,-0.6055,0.2804,0.4068,1.3006,241,9.1506
01055000,ifs,5,-0.5413,0.2813,0.3455,1.2572,241,7.1184
01057000,ifs,5,-0.4141,0.3162,0.3372,1.1569,241,7.1828
01073000,ifs,5,-0.5335,0.3201,0.3589,1.1489,241,7.4860
01078000,ifs,5,-0.5728,0.2989,0.3449,1.1799,241,7.8673
01118300,ifs,5,0.1753,0.4022,0.4869,0.8543,241,10.4532
01121000,ifs,5,0.1526,0.4188,0.5003,0.7838,241,7.5757
01123000,ifs,5,0.0671,0.4357,0.4793,0.8222,241,8.3567
01134500,ifs,5,-0.2726,0.3044,0.3160,1.1009,241,7.3227
01137500,ifs,5,-0.1700,0.3414,0.3882,1.2370,241,7.0433
01139000,ifs,5,-0.4560,0.2381,0.2829,1.2574,241,7.4582
01139800,ifs,5,-0.4897,0.2495,0.2526,1.0681,241,8.4304
01142500,ifs,5,-0.6992,0.2313,0.3475,1.3287,241,7.5007
01144000,ifs,5,-0.3130,0.3608,0.3745,1.1237,241,7.1077
01169000,ifs,5,0.1219,0.4755,0.5014,0.9176,241,6.4897
01170100,ifs,5,0.1296,0.4982,0.5146,0.9520,241,6.2985
01181000,ifs,5,0.1565,0.3382,0.4687,0.7524,241,6.9265
01187300,ifs,5,0.0521,0.4860,0.4923,0.9638,241,6.4220
01195100,ifs,5,0.2536,0.2863,0.5206,0.6914,241,8.2798
01333000,ifs,5,0.0666,0.3514,0.4123,0.9379,241,6.7424
01350000,ifs,5,0.0991,0.1875,0.3567,0.8779,241,9.5595
01350080,ifs,5,0.0726,0.2305,0.3565,0.9110,241,7.5770
01350140,ifs,5,0.0083,0.2267,0.3271,0.8834,241,7.4215
01365000,ifs,5,0.2256,0.4766,0.5309,1.0042,241,7.3781
01411300,ifs,5,0.2774,0.3562,0.5315,0.8523,241,9.1412
01413500,ifs,5,0.2379,0.2681,0.4968,0.7737,241,8.3106
01414500,ifs,5,0.3292,0.3925,0.5750,0.8966,241,8.3006
01415000,ifs,5,0.2283,0.3468,0.4963,0.8506,241,6.8855
01423000,ifs,5,0.2464,0.3744,0.5145,0.8591,241,6.7299
01434025,ifs,5,0.2940,0.3773,0.5488,0.8346,241,8.9798
01435000,ifs,5,0.2801,0.4066,0.5407,0.8865,241,8.5387
01439500,ifs,5,0.0908,0.4193,0.4610,0.9026,241,7.2462
01440000,ifs,5,0.1721,0.3345,0.4637,0.8110,241,7.3192
01440400,ifs,5,0.1640,0.3672,0.4785,0.7855,241,7.6785
01451800,ifs,5,-0.2350,0.4148,0.4214,1.0608,241,7.5737
01466500,ifs,5,0.1952,0.4986,0.5311,0.9677,241,6.4285
01484100,ifs,5,0.2839,0.5066,0.5676,1.0196,241,6.5735
01485500,ifs,5,0.0706,0.2582,0.3779,0.8193,241,9.0304
01486000,ifs,5,0.0246,0.2404,0.3451,0.8446,241,9.5046
01487000,ifs,5,0.1449,0.3915,0.4622,0.9325,241,7.6221
01491000,ifs,5,0.1435,0.5403,0.5601,1.1298,241,5.7131
01510000,ifs,5,0.1813,0.4518,0.5027,0.9895,241,6.5736
01516500,ifs,5,0.0299,0.5439,0.5837,1.1260,241,5.6032
01518862,ifs,5,-0.0353,0.4260,0.4354,0.9508,241,6.2281
01532000,ifs,5,0.2430,0.5700,0.5842,1.0382,241,6.0514
01539000,ifs,5,-0.0788,0.3729,0.3879,0.9707,241,7.5120
01542810,ifs,5,-0.1777,0.3721,0.3772,0.9458,241,7.1014
01543000,ifs,5,-0.1695,0.4137,0.4150,0.9619,241,6.8475
01543500,ifs,5,0.0279,0.4661,0.4779,0.9187,241,6.7238
01544500,ifs,5,-0.0029,0.5020,0.5020,1.0032,241,6.2612
01545600,ifs,5,0.0024,0.5096,0.5129,1.0520,241,6.4266
01547700,ifs,5,0.0254,0.1848,0.3176,0.8342,241,10.5668
01548500,ifs,5,-0.0246,0.4713,0.4727,0.9758,241,5.9375
01549500,ifs,5,0.0628,0.4906,0.5002,1.0708,241,6.3406
01550000,ifs,5,0.0397,0.4322,0.4541,1.0706,241,7.1575
01552000,ifs,5,0.1054,0.3440,0.4255,0.9070,241,7.8850
01552500,ifs,5,-0.0123,0.3860,0.4110,0.9442,241,7.0354
01557500,ifs,5,0.0469,0.2488,0.3732,0.7672,241,9.1920
01567500,ifs,5,-0.2231,0.2588,0.2889,0.8661,241,8.5951
01568000,ifs,5,-0.1968,0.2973,0.3240,0.8594,241,7.5251
01580000,ifs,5,-0.5410,0.3425,0.3758,1.0458,241,7.7029
01583500,ifs,5,-0.2964,0.4089,0.4184,1.0053,241,7.0166
01586610,ifs,5,-0.2016,0.4377,0.4427,1.0152,241,6.8360
01591400,ifs,5,0.0016,0.3341,0.4158,0.7403,241,8.0976
01596500,ifs,5,-0.1628,0.2860,0.3096,0.9985,241,7.8703
01605500,ifs,5,-0.0601,0.3122,0.3584,0.8714,241,6.8528
01606500,ifs,5,-0.0230,0.3703,0.4026,0.8968,241,6.2707
01613050,ifs,5,-0.0847,0.3295,0.3671,0.8576,241,6.8695
01620500,ifs,5,0.0242,0.4488,0.4610,1.0466,241,5.5681
01632000,ifs,5,-0.0498,0.2912,0.3694,0.7604,241,7.2921
01632900,ifs,5,0.0705,0.3236,0.4230,0.7677,241,6.6218
01634500,ifs,5,0.0072,0.2976,0.3862,0.7704,241,6.9120
01638480,ifs,5,-0.1027,0.3424,0.3711,0.8703,241,7.2034
01639500,ifs,5,-0.3295,0.3904,0.3984,1.0149,241,7.0690
01644000,ifs,5,0.0059,0.3693,0.4288,0.7875,241,6.4277
01658500,ifs,5,0.0294,0.3278,0.3987,0.8315,241,7.1295
01664000,ifs,5,0.0576,0.3146,0.4190,0.7474,241,6.6663
01666500,ifs,5,0.0266,0.3557,0.4200,0.8079,241,6.7502
01667500,ifs,5,0.0913,0.3965,0.4644,0.8029,241,6.2329
01669000,ifs,5,-0.1102,0.2640,0.3132,0.8744,241,8.5245
01669520,ifs,5,-0.1422,0.2662,0.3057,0.8895,241,8.5965
02011400,ifs,5,-0.0007,0.4186,0.4381,0.9173,241,5.9784
02011460,ifs,5,-0.0539,0.3710,0.3934,0.9303,241,6.5153
02013000,ifs,5,0.0108,0.4135,0.4377,0.9087,241,6.2330
02014000,ifs,5,-0.0054,0.4749,0.4772,0.9716,241,5.6222
02015700,ifs,5,-0.1053,0.3569,0.3718,1.0283,241,6.4537
02016000,ifs,5,0.0630,0.5056,0.5084,1.0168,241,5.2334
02017500,ifs,5,-0.2050,0.4448,0.4623,1.0863,241,5.4494
02018000,ifs,5,-0.1065,0.4913,0.5132,1.0866,241,4.9904
02027000,ifs,5,-0.0223,0.4753,0.5775,1.2651,241,5.2705
02027500,ifs,5,0.0813,0.5373,0.5898,1.1896,241,5.2274
02028500,ifs,5,0.0480,0.5093,0.5102,0.9917,241,5.4613
02038850,ifs,5,-0.0013,0.4576,0.4699,0.9023,241,5.9051
02046000,ifs,5,-0.0817,0.4302,0.4325,0.9876,241,7.1249
02051000,ifs,5,0.0694,0.4078,0.4483,0.9004,241,7.0654
02051500,ifs,5,-0.1433,0.4087,0.4097,1.0141,241,7.1433
02053200,ifs,5,-0.0415,0.4379,0.4607,1.1534,241,7.4064
02053800,ifs,5,-0.0255,0.4534,0.4722,0.8622,241,5.4093
02055100,ifs,5,-0.2832,0.3475,0.4464,1.3204,241,5.4114
02056900,ifs,5,0.0538,0.4762,0.4940,0.8862,241,5.7799
02059500,ifs,5,-0.0938,0.5116,0.5599,1.0780,241,4.8589
02064000,ifs,5,-0.1584,0.4454,0.4921,1.1876,241,5.7468
02065500,ifs,5,-0.0674,0.4947,0.5228,1.1296,241,5.4414
02069700,ifs,5,-0.0070,0.3192,0.3866,0.8106,241,7.0658
02070000,ifs,5,0.0165,0.3174,0.4006,0.7714,241,6.8999
02074500,ifs,5,0.0318,0.3249,0.3858,0.9351,241,7.3038
02077200,ifs,5,-0.3109,0.4126,0.4525,1.1301,241,6.3197
02081500,ifs,5,-0.1248,0.4632,0.4857,1.1289,241,6.7161
02082950,ifs,5,-0.0721,0.4072,0.5585,1.3615,241,5.6372
02092500,ifs,5,-0.1441,0.4372,0.4904,1.2153,241,6.6869
02096846,ifs,5,0.0358,0.3205,0.3837,0.9556,241,8.8168
02102908,ifs,5,0.0509,0.5558,0.6098,1.1209,241,8.1511
02108000,ifs,5,0.1995,0.5871,0.5971,1.0897,241,5.7812
02111180,ifs,5,0.0732,0.3538,0.4367,0.7873,241,7.1571
02111500,ifs,5,-0.0258,0.2338,0.3504,0.7113,241,7.4169
02118500,ifs,5,0.0026,0.3925,0.4406,0.8034,241,6.2327
02128000,ifs,5,-0.1046,0.4979,0.5435,1.1157,241,6.9101
02137727,ifs,5,0.0367,0.3030,0.3825,0.8615,241,8.2168
02140991,ifs,5,0.0547,0.4025,0.4555,0.8161,241,6.9513
02143000,ifs,5,-0.0249,0.2941,0.3768,0.7600,241,7.1491
02143040,ifs,5,0.0144,0.3140,0.4049,0.7450,241,6.9551
02149000,ifs,5,-0.0231,0.0926,0.2773,0.6663,241,9.9917
02152100,ifs,5,-0.0497,0.3190,0.3826,0.7813,241,6.8376
02177000,ifs,5,-0.1244,0.2935,0.3380,0.8302,241,9.5101
02178400,ifs,5,-0.3107,0.2875,0.3045,0.8594,241,8.7057
02193340,ifs,5,-0.3637,0.2492,0.2547,0.9916,241,8.4783
02196000,ifs,5,-0.1665,0.2284,0.2765,0.8679,241,8.6682
02198100,ifs,5,0.0079,0.1430,0.3068,0.7209,241,10.3766
02202600,ifs,5,0.1015,0.3312,0.4203,0.8800,241,5.6607
02212600,ifs,5,-0.0269,0.1908,0.2981,0.8376,241,8.6226
02215100,ifs,5,0.0015,0.2762,0.3624,0.8120,241,8.4329
02216180,ifs,5,-0.0482,0.0538,0.2373,0.6839,241,10.1697
02221525,ifs,5,-0.0119,0.3217,0.3724,0.9113,241,7.6451
02231000,ifs,5,0.0964,0.3014,0.4183,0.7949,241,6.3624
02231342,ifs,5,-0.0440,0.3182,0.3576,0.9844,241,6.9282
02235200,ifs,5,-0.1469,0.2085,0.2864,0.7705,241,7.3270
02245500,ifs,5,0.1225,0.2395,0.4023,0.8032,241,6.1523
02246000,ifs,5,0.0951,0.3365,0.4305,0.8202,241,5.6137
02296500,ifs,5,-0.1105,0.2135,0.2908,0.8123,241,6.4114
02297155,ifs,5,-0.0234,0.0672,0.2543,0.7174,241,8.8450
02297310,ifs,5,-0.0356,0.0838,0.2657,0.6969,241,8.0913
02298123,ifs,5,-0.0842,0.0819,0.2170,0.8020,241,7.4707
02298608,ifs,5,-0.1176,-0.0225,0.1730,0.6526,241,9.0465
02299950,ifs,5,-0.1490,0.0282,0.1717,0.7275,241,8.4643
02300700,ifs,5,-0.1008,0.0107,0.1706,0.7613,241,9.8113
02310947,ifs,5,-0.0406,0.0775,0.2445,0.7454,241,7.8490
02312200,ifs,5,-0.0774,0.1433,0.2472,0.8627,241,9.6567
02314500,ifs,5,0.0583,0.3194,0.4044,0.8306,241,7.4914
02315500,ifs,5,0.1154,0.3504,0.4470,0.8090,241,6.6316
02324400,ifs,5,0.1774,0.2062,0.4398,0.7409,241,9.4142
02327100,ifs,5,-0.1030,0.0722,0.2201,0.7197,241,9.3291
02349900,ifs,5,-0.0421,0.2085,0.3184,0.7531,241,9.6262
02350900,ifs,5,-0.1497,0.2476,0.3017,0.8216,241,8.0027
02361000,ifs,5,-0.0045,0.2910,0.3608,0.8708,241,7.1399
02363000,ifs,5,-0.1040,0.2256,0.2855,0.9127,241,8.2630
02369800,ifs,5,0.0588,0.0884,0.3270,0.6512,241,12.5083
02371500,ifs,5,-0.0549,0.1708,0.2681,0.9041,241,9.6256
02372250,ifs,5,-0.0428,0.2391,0.3155,0.8817,241,9.2882
02374500,ifs,5,-0.0153,0.1373,0.2842,0.7681,241,10.0573
02381600,ifs,5,-0.2255,0.2155,0.2549,0.8710,241,11.2250
02384540,ifs,5,-0.1129,0.2891,0.3251,0.9203,241,9.2184
02395120,ifs,5,-0.5624,0.2271,0.2453,1.1637,241,9.3440
02408540,ifs,5,-0.1441,0.1168,0.2112,0.8327,241,10.1984
02415000,ifs,5,-0.0275,0.1431,0.2823,0.7672,241,10.5109
02422500,ifs,5,-0.2554,0.1671,0.2054,1.0139,241,9.7689
02427250,ifs,5,-0.2212,0.2762,0.2926,0.9930,241,8.4402
02430085,ifs,5,0.1418,0.4874,0.5260,1.1596,241,7.9653
02450250,ifs,5,-0.0362,0.3866,0.4049,0.9849,241,9.9246
02464000,ifs,5,0.1178,0.3133,0.4151,0.9303,241,10.5179
02465493,ifs,5,0.0160,0.3667,0.4036,0.9965,241,8.4391
02469800,ifs,5,-0.1462,0.2430,0.2872,0.9053,241,9.7052
02472000,ifs,5,-0.1185,0.3310,0.3535,0.9243,241,11.0432
02472500,ifs,5,0.1916,0.2824,0.4623,0.7818,241,10.2178
02479155,ifs,5,0.1906,0.1327,0.4571,0.6686,241,11.8414
02479300,ifs,5,0.1186,-0.0208,0.3852,0.5684,241,16.3941
02481000,ifs,5,0.0532,-0.1577,0.2990,0.4742,241,20.3931
02481510,ifs,5,0.1009,-0.0358,0.3745,0.5256,241,16.3378
03010655,ifs,5,-0.0833,0.3969,0.4049,0.9981,241,6.8332
03011800,ifs,5,-0.0245,0.3560,0.3887,0.9389,241,7.7657
03015500,ifs,5,-0.1826,0.3868,0.3905,1.0585,241,6.9940
03021350,ifs,5,-0.2681,0.3255,0.3313,1.0689,241,8.3598
03026500,ifs,5,-0.0622,0.3572,0.3820,0.9321,241,7.4564
03028000,ifs,5,-0.0762,0.3669,0.3838,0.9795,241,7.7208
03049800,ifs,5,0.1070,0.3963,0.4486,0.9744,241,8.3111
03050000,ifs,5,0.0222,0.2396,0.3439,0.8527,241,9.3093
03066000,ifs,5,0.0656,0.3410,0.4063,0.9407,241,8.1196
03069500,ifs,5,0.0375,0.3753,0.4150,0.9776,241,7.6380
03070500,ifs,5,-0.2784,0.3881,0.4047,1.1255,241,8.6095
03076600,ifs,5,-0.0965,0.2649,0.3132,0.9144,241,9.3760
03078000,ifs,5,-0.1276,0.2538,0.2944,0.9914,241,9.3873
03140000,ifs,5,-0.1090,0.3669,0.3788,1.0258,241,7.4816
03144000,ifs,5,0.0855,0.3253,0.4169,0.8354,241,8.3936
03159540,ifs,5,-0.1510,0.2102,0.2682,0.8631,241,10.0118
03161000,ifs,5,-0.0171,0.3994,0.4226,0.9079,241,6.8429
03164000,ifs,5,0.0303,0.4566,0.4748,0.8916,241,5.8519
03165000,ifs,5,0.1259,0.3516,0.4596,0.7639,241,6.8068
03170000,ifs,5,0.0111,0.4557,0.4797,0.8512,241,5.5407
03173000,ifs,5,-0.0524,0.5137,0.5228,1.0047,241,5.0861
03180500,ifs,5,-0.0841,0.3116,0.3449,0.9490,241,7.2814
03182500,ifs,5,-0.0799,0.3797,0.3938,0.9513,241,6.4650
03186500,ifs,5,-0.0961,0.3674,0.3820,0.9542,241,7.7658
03187500,ifs,5,-0.1062,0.3890,0.3959,0.9927,241,7.7100
03213700,ifs,5,0.0601,0.5138,0.5267,1.1107,241,6.8126
03237280,ifs,5,-0.0835,0.3438,0.3689,0.9263,241,8.0440
03237500,ifs,5,0.0096,0.3336,0.3886,0.8854,241,8.0003
03241500,ifs,5,0.1230,0.2806,0.4165,0.8077,241,9.3153
03280700,ifs,5,-0.3055,0.3243,0.3393,1.1405,241,8.2343
03281100,ifs,5,-0.3029,0.3753,0.4184,1.2040,241,7.8784
03281500,ifs,5,-0.2887,0.3863,0.4470,1.2283,241,7.5844
03285000,ifs,5,-0.0559,0.3639,0.3852,1.0039,241,9.2916
03291780,ifs,5,0.1186,0.2684,0.4062,0.8243,241,9.6932
03300400,ifs,5,-0.0223,0.3934,0.4134,0.9531,241,9.7821
03340800,ifs,5,0.0665,0.2613,0.3701,0.8844,241,9.9665
03346000,ifs,5,0.2268,0.4905,0.5376,0.9833,241,7.6580
03364500,ifs,5,0.2057,0.1901,0.4642,0.7357,241,11.7468
03366500,ifs,5,0.1981,0.3180,0.4682,0.8495,241,9.0462
03368000,ifs,5,0.2324,0.1955,0.5015,0.6666,241,11.4342
03384450,ifs,5,0.3210,0.4433,0.5732,0.9108,241,7.8011
03439000,ifs,5,-0.2014,0.3220,0.3469,0.8423,241,8.6967
03450000,ifs,5,-0.0769,0.3203,0.3665,0.8338,241,6.7736
03455500,ifs,5,-0.1095,0.3694,0.4083,0.7966,241,7.5897
03456500,ifs,5,-0.0129,0.4377,0.4611,0.8560,241,6.8341
03460000,ifs,5,-0.0616,0.4201,0.4282,0.9421,241,7.3867
03463300,ifs,5,-0.0062,0.3815,0.4124,0.9093,241,7.9253
03471500,ifs,5,-0.0450,0.4863,0.4886,1.0444,241,6.2157
03473000,ifs,5,0.0386,0.5085,0.5089,1.0005,241,6.1796
03479000,ifs,5,-0.1087,0.4412,0.4430,0.9554,241,6.3128
03488000,ifs,5,0.0272,0.5066,0.5068,1.0072,241,6.0886
03498500,ifs,5,-0.0641,0.4560,0.4577,1.0378,241,7.8918
03500000,ifs,5,-0.3073,0.3027,0.3120,0.8998,241,8.4355
03504000,ifs,5,-0.1562,0.2463,0.3177,0.7443,241,9.3732
03574500,ifs,5,0.0237,0.4186,0.4395,1.0398,241,9.1323
03604000,ifs,5,0.1263,0.3199,0.4298,0.8472,241,9.0711
04015330,ifs,5,-0.0275,0.3424,0.3772,1.0134,241,6.6388
04024430,ifs,5,-0.6097,0.2890,0.3695,1.2368,241,6.3841
04027000,ifs,5,-0.3106,0.2365,0.3083,1.3160,241,5.1779
04040500,ifs,5,-0.3616,0.1710,0.1907,1.0220,241,6.1969
04043050,ifs,5,-0.2928,0.2500,0.2707,0.8802,241,5.5202
04045500,ifs,5,-0.5097,0.2682,0.3754,1.3423,241,6.2541
04056500,ifs,5,-0.6330,0.2374,0.3261,1.3118,241,6.0685
04057510,ifs,5,-0.3427,0.2936,0.3199,1.1901,241,6.4558
04057800,ifs,5,-0.2953,0.2552,0.2686,1.0618,241,6.1134
04059500,ifs,5,-0.3146,0.2934,0.3109,1.1475,241,5.9319
04063700,ifs,5,-0.4156,0.2554,0.3158,1.2930,241,5.6505
04074950,ifs,5,-0.3759,0.2517,0.2592,1.0731,241,6.1530
04105700,ifs,5,-0.2521,0.3170,0.3223,1.0232,241,8.0384
04115265,ifs,5,0.1832,0.4721,0.5134,0.9781,241,6.4742
04122200,ifs,5,0.2752,0.6147,0.6191,0.9740,241,6.1127
04122500,ifs,5,0.1273,0.4797,0.5024,0.9533,241,6.3130
04124000,ifs,5,0.1464,0.2841,0.4367,0.7724,241,7.9342
04127997,ifs,5,0.2633,0.4781,0.5617,0.8262,241,6.6267
04185000,ifs,5,-0.2995,0.3565,0.3583,1.0474,241,7.4756
04196800,ifs,5,0.1548,0.4284,0.4833,0.9415,241,6.4738
04197100,ifs,5,0.0740,0.3358,0.4053,0.9733,241,7.5844
04197170,ifs,5,0.0756,0.4031,0.4429,1.0413,241,6.8684
04213000,ifs,5,-0.3118,0.3420,0.3836,1.2247,241,7.3298
04213075,ifs,5,-0.2483,0.2845,0.3104,1.1577,241,8.0373
04216418,ifs,5,-0.0008,0.4515,0.4581,0.9846,241,7.4023
04221000,ifs,5,-0.0292,0.4418,0.4469,1.0129,241,6.2934
04224775,ifs,5,-0.0556,0.3658,0.3893,1.0688,241,7.0599
04256000,ifs,5,-0.3196,0.3423,0.3575,1.1390,241,6.9110
04296000,ifs,5,-0.3740,0.2510,0.2793,1.1962,241,7.3157
05057000,ifs,5,-0.1341,0.3113,0.5175,1.4749,241,3.9653
05057200,ifs,5,-1.0694,-0.0042,0.3272,1.6380,241,4.9561
05062500,ifs,5,-1.0181,0.1039,0.1592,1.2555,241,6.2524
05087500,ifs,5,-0.5432,0.2221,0.2624,1.2439,241,6.5723
05120500,ifs,5,-0.3457,0.1630,0.4798,1.6219,241,4.6501
05123400,ifs,5,0.1677,0.4205,0.4833,0.9675,241,4.7581
05129115,ifs,5,-0.3453,0.3141,0.3470,1.2083,241,5.4939
05131500,ifs,5,-0.2002,0.3870,0.4077,1.1578,241,4.7903
05291000,ifs,5,-0.2717,0.0669,0.1544,1.2497,241,7.7077
05362000,ifs,5,-0.4383,0.2280,0.3084,1.3422,241,6.1532
05393500,ifs,5,-0.2698,0.2482,0.2788,1.1635,241,6.3258
05399500,ifs,5,-0.3048,0.2597,0.2718,1.0702,241,8.0750
05408000,ifs,5,-0.0689,0.0666,0.2241,0.7324,241,9.2728
05412500,ifs,5,-0.0500,0.4595,0.4618,0.9572,241,7.7277
05413500,ifs,5,-0.0155,0.4137,0.4294,0.9470,241,8.6548
05414000,ifs,5,-0.1338,0.3606,0.3701,1.0087,241,8.9618
05444000,ifs,5,0.0124,0.3954,0.4290,0.8813,241,7.1625
05454000,ifs,5,0.1497,0.3181,0.4621,0.7185,241,7.9513
05458000,ifs,5,-0.6108,0.2948,0.3141,1.0496,241,9.9843
05466500,ifs,5,0.2875,0.2169,0.5633,0.6148,241,8.8736
05487980,ifs,5,0.0013,0.2192,0.3307,0.8007,241,8.9566
05488200,ifs,5,0.0508,0.1882,0.3395,0.7787,241,10.5961
05489000,ifs,5,0.1144,0.2260,0.3974,0.7467,241,9.4843
05495000,ifs,5,0.0089,0.3268,0.3853,0.8762,241,7.2655
05495500,ifs,5,-0.0566,0.1945,0.3031,0.7581,241,9.2038
05501000,ifs,5,-0.0008,0.1218,0.2778,0.7878,241,10.0368
05503800,ifs,5,-0.0644,0.2307,0.3018,0.8956,241,8.1033
05507600,ifs,5,-0.1976,0.3130,0.3245,0.9959,241,7.2075
05508805,ifs,5,-0.0054,0.3736,0.4066,0.9151,241,6.4877
05514500,ifs,5,-0.2547,0.2875,0.2995,0.9383,241,7.9250
05525500,ifs,5,0.1587,0.4550,0.4963,0.9865,241,7.4560
05556500,ifs,5,-0.0071,0.2922,0.3741,0.7866,241,9.0129
05584500,ifs,5,0.0837,0.1467,0.3537,0.6994,241,10.8346
05585000,ifs,5,0.0448,0.1938,0.3460,0.7431,241,10.1138
05591550,ifs,5,0.1524,0.4372,0.4866,1.0567,241,8.3523
05592050,ifs,5,0.0219,0.4085,0.4536,1.1893,241,7.5084
05592575,ifs,5,0.0551,0.3512,0.4106,0.9068,241,9.4104
05593575,ifs,5,-0.1237,0.3120,0.3359,0.9728,241,8.6900
05593900,ifs,5,-0.1873,0.3128,0.3259,0.9804,241,9.5662
05595730,ifs,5,-0.1241,0.3320,0.3500,1.0136,241,8.2895
06037500,ifs,5,0.3731,0.5258,0.6270,0.8506,241,3.0796
06043500,ifs,5,0.3077,0.6171,0.6355,0.8986,241,3.1545
06154410,ifs,5,-0.0264,0.3199,0.3664,1.0803,241,4.9265
06188000,ifs,5,0.1886,0.5836,0.5907,1.0757,241,2.7036
06191500,ifs,5,0.3115,0.6295,0.6353,1.0211,241,2.5243
06221400,ifs,5,-0.5519,0.1839,0.5466,1.5260,241,3.6455
06224000,ifs,5,-0.1332,0.3925,0.5539,1.3636,241,3.2835
06289000,ifs,5,-0.3740,0.1546,0.6105,1.6245,241,3.3377
06332515,ifs,5,-1.7879,-0.3612,0.3579,1.9705,241,5.6153
06339100,ifs,5,-2.5516,-0.7100,0.4041,2.2615,241,4.9278
06339500,ifs,5,-1.3997,-0.2855,0.4585,1.9465,241,4.8002
06344600,ifs,5,-1.1265,-0.1906,0.3382,1.8981,241,5.0215
06350000,ifs,5,-1.1436,-0.0308,0.4117,1.6621,241,4.2342
06352000,ifs,5,-2.3071,-0.4288,0.3532,1.9369,241,4.5188
06353000,ifs,5,-1.0510,-0.1139,0.4548,1.8173,241,3.8171
06354000,ifs,5,-0.6649,0.0433,0.4823,1.7060,241,3.7448
06360500,ifs,5,-1.0299,0.0287,0.4201,1.6063,241,3.5960
06404000,ifs,5,0.3559,0.6418,0.6965,1.1843,241,2.6667
06406000,ifs,5,0.2880,0.6368,0.6622,1.1250,241,2.5581
06408700,ifs,5,-0.2166,0.4428,0.4736,1.1231,241,3.1855
06409000,ifs,5,-0.1132,0.4833,0.5635,1.1749,241,2.9994
06431500,ifs,5,-0.1389,0.4219,0.4255,1.0639,241,3.4462
06440200,ifs,5,-0.4098,0.2756,0.2773,0.9565,241,5.0424
06441500,ifs,5,-0.4021,0.3711,0.3932,1.0903,241,4.1183
06447000,ifs,5,0.0013,0.3273,0.3780,0.9306,241,3.3142
06447500,ifs,5,-0.2675,0.2087,0.2342,0.9785,241,4.2975
06450500,ifs,5,-0.3453,0.1944,0.2126,0.9504,241,5.2617
06452000,ifs,5,-0.1318,0.3373,0.3531,0.9702,241,3.7921
06453600,ifs,5,0.0339,0.4243,0.4483,1.0801,241,5.2698
06464500,ifs,5,-0.0994,0.1573,0.2533,0.8189,241,6.4638
06477500,ifs,5,-0.6737,0.2148,0.2520,1.2135,241,6.4424
06479215,ifs,5,-0.2284,0.0659,0.1626,1.2422,241,7.7471
06479438,ifs,5,-0.3392,0.0603,0.1646,1.3595,241,7.5124
06601000,ifs,5,-0.1187,0.1709,0.2443,0.9308,241,7.8988
06614800,ifs,5,0.3031,0.4124,0.5586,0.8731,241,4.4747
06622700,ifs,5,0.2432,0.5382,0.5664,0.9676,241,3.0946
06623800,ifs,5,0.1717,0.4820,0.5283,1.1512,241,3.4785
06632400,ifs,5,0.2324,0.5402,0.5659,1.0600,241,3.3902
06784000,ifs,5,0.1349,0.4309,0.4777,0.9389,241,5.0924
06803510,ifs,5,-0.5808,0.0659,0.0813,0.9276,241,10.3465
06803530,ifs,5,-0.7662,0.0863,0.0869,1.0056,241,9.3831
06814000,ifs,5,-0.2058,0.2051,0.2471,0.9071,241,8.3567
06846500,ifs,5,0.1185,0.1410,0.3819,0.6806,241,3.9027
06847900,ifs,5,-0.0595,0.0713,0.2336,0.7167,241,5.1928
06853800,ifs,5,-0.0781,0.2450,0.3054,0.9102,241,5.5701
06876700,ifs,5,-0.0381,-0.0327,0.2014,0.6288,241,10.0899
06878000,ifs,5,-0.0069,0.1627,0.3019,0.7598,241,8.0223
06879650,ifs,5,-0.0580,0.1918,0.3129,0.7056,241,9.8782
06885500,ifs,5,-0.0136,0.2681,0.3456,0.8543,241,8.8853
06888500,ifs,5,0.1047,0.2330,0.3961,0.7377,241,9.4731
06889200,ifs,5,-0.0542,0.3064,0.3520,0.9026,241,9.2803
06889500,ifs,5,-0.1770,0.3393,0.3499,0.9429,241,9.4744
06892000,ifs,5,-0.1969,0.3005,0.3189,0.9162,241,10.1134
06903400,ifs,5,-0.0858,0.1365,0.2469,0.8079,241,9.8318
06906800,ifs,5,-0.0360,0.1405,0.2893,0.7107,241,11.0108
06910800,ifs,5,0.0272,0.1239,0.3085,0.7087,241,9.4149
06911900,ifs,5,0.0218,0.1204,0.3083,0.6881,241,9.9810
06917000,ifs,5,-0.0446,0.1098,0.2599,0.7395,241,11.2048
06918460,ifs,5,0.0323,0.3099,0.3758,1.0050,241,9.8151
06919500,ifs,5,0.1029,0.3531,0.4262,0.9465,241,9.0035
06921070,ifs,5,0.0793,0.2157,0.3619,0.8255,241,10.9103
06921200,ifs,5,0.1221,0.1987,0.3856,0.7906,241,11.3095
06934000,ifs,5,0.1328,0.4272,0.4755,1.0666,241,8.0630
07014500,ifs,5,0.1573,0.2406,0.4202,0.8221,241,10.6355
07056000,ifs,5,-0.0317,0.2535,0.3224,0.9522,241,9.3054
07057500,ifs,5,-0.1838,0.3505,0.3709,1.1478,241,9.0572
07060710,ifs,5,0.0337,0.2369,0.3411,0.9062,241,9.8886
07066000,ifs,5,-0.3613,0.2278,0.2467,1.1330,241,9.6566
07067000,ifs,5,-0.3578,0.2793,0.2987,1.1620,241,8.5326
07068000,ifs,5,-0.4014,0.2872,0.3111,1.1823,241,8.1426
07071500,ifs,5,-0.4119,0.2663,0.2838,1.1585,241,8.7893
07083000,ifs,5,-0.0084,0.4158,0.4436,1.1414,241,2.8948
07142300,ifs,5,-0.3832,0.0789,0.1157,0.9607,241,6.1699
07145700,ifs,5,-0.0653,-0.1030,0.1414,0.6240,241,11.9658
07148400,ifs,5,-0.0658,0.2316,0.3106,0.8255,241,4.5875
07149000,ifs,5,-0.2126,0.2224,0.2598,0.8923,241,4.6305
07151500,ifs,5,-0.1089,-0.0041,0.1626,0.7199,241,8.2569
07167500,ifs,5,-0.0782,0.1407,0.2429,0.8824,241,8.1979
07180500,ifs,5,-0.1104,-0.0048,0.1674,0.6978,241,8.4880
07184000,ifs,5,0.1324,0.2217,0.3908,0.8872,241,12.1987
07195800,ifs,5,-0.3289,0.1988,0.2415,1.2171,241,12.6576
07196900,ifs,5,-0.2118,0.2797,0.3225,1.2131,241,10.7238
07197000,ifs,5,-0.2323,0.2881,0.3214,1.1888,241,10.4013
07208500,ifs,5,0.1649,0.3899,0.6013,1.4618,241,2.3647
07226500,ifs,5,-0.1476,0.3197,0.3583,1.1911,241,2.6279
07261000,ifs,5,0.0490,0.3915,0.4298,0.9358,241,8.7803
07263295,ifs,5,-0.0620,0.4716,0.5146,1.1919,241,9.5300
07290650,ifs,5,0.0185,0.4049,0.4315,1.0733,241,9.4844
07291000,ifs,5,-0.0658,0.3677,0.3865,1.0323,241,10.0100
07292500,ifs,5,0.0233,0.4292,0.4456,1.0114,241,9.6550
07295000,ifs,5,0.1213,0.3674,0.4394,0.9933,241,10.3607
07299670,ifs,5,-0.0599,0.3074,0.3465,0.9975,241,4.6862
07301410,ifs,5,0.0213,0.1143,0.2744,0.8840,241,5.5294
07301500,ifs,5,0.0166,0.3428,0.3956,1.1131,241,3.2092
07315200,ifs,5,-0.0895,0.2698,0.3272,0.8378,241,7.0606
07315700,ifs,5,-0.7012,0.1976,0.2433,1.2424,241,7.7357
07335700,ifs,5,0.0275,0.2863,0.3785,0.8016,241,10.7881
07340300,ifs,5,-0.0025,0.4107,0.4360,0.8872,241,8.3134
07346045,ifs,5,-0.5170,0.2989,0.3724,1.2581,241,8.8854
07359610,ifs,5,0.1323,0.2902,0.4413,0.7193,241,9.6022
07362100,ifs,5,-0.0581,0.3919,0.5032,1.3477,241,7.2683
07362587,ifs,5,0.2213,0.4883,0.5366,0.9342,241,9.1252
07373000,ifs,5,0.0766,0.4283,0.4692,1.1444,241,8.7315
07375000,ifs,5,0.0562,0.1349,0.3191,0.7767,241,13.1899
07376000,ifs,5,0.0230,0.2236,0.3358,0.8455,241,11.7560
08013000,ifs,5,0.1084,0.4302,0.4678,1.0366,241,9.5965
08014500,ifs,5,0.1404,0.4595,0.4929,0.9924,241,9.1496
08023080,ifs,5,-0.6116,0.2258,0.3169,1.3305,241,11.7863
08025500,ifs,5,-1.3827,0.0973,0.2339,1.2058,241,17.2313
08029500,ifs,5,-0.4661,0.2567,0.2569,0.9903,241,13.9833
08050800,ifs,5,0.0360,0.4219,0.4440,0.9664,241,9.3755
08066200,ifs,5,-0.0748,0.1399,0.2484,0.8387,241,14.5470
08066300,ifs,5,-0.0575,0.0412,0.2009,0.8002,241,18.1972
08070000,ifs,5,0.2146,0.4908,0.5332,1.0089,241,8.0195
08070200,ifs,5,0.2256,0.4780,0.5319,0.9713,241,8.1493
08079600,ifs,5,-0.1118,0.3968,0.4903,1.3137,241,3.1827
08082700,ifs,5,-0.1553,0.3159,0.3693,1.2475,241,5.7423
08086212,ifs,5,0.1545,0.4909,0.5149,1.0246,241,5.6675
08086290,ifs,5,-0.0338,0.4267,0.4402,1.0913,241,6.2364
08101000,ifs,5,-0.2217,0.3555,0.4278,1.2913,241,6.7747
08103900,ifs,5,0.0970,0.3185,0.4125,0.8707,241,8.8038
08104900,ifs,5,0.1308,0.2432,0.4040,0.8104,241,9.7739
08109700,ifs,5,-0.0070,0.2613,0.3346,1.0127,241,10.6216
08150800,ifs,5,0.0706,0.1236,0.3316,0.7137,241,10.2250
08155200,ifs,5,-0.1132,0.2417,0.2903,0.9693,241,8.7181
08158700,ifs,5,-0.1084,0.2787,0.3158,1.0102,241,8.1689
08158810,ifs,5,-0.1489,0.3011,0.3235,0.9695,241,7.9116
08164000,ifs,5,0.0933,0.4718,0.5115,1.1830,241,7.0431
08164300,ifs,5,0.1652,0.4338,0.4883,1.0206,241,8.7859
08164600,ifs,5,-0.2906,0.3135,0.3484,1.2155,241,8.4686
08165300,ifs,5,0.1443,0.2011,0.4018,0.7846,241,8.7996
08171300,ifs,5,0.0508,0.2634,0.3591,0.9665,241,8.1871
08175000,ifs,5,0.0238,0.4252,0.4451,1.0590,241,8.5755
08176900,ifs,5,-0.2640,0.3280,0.3998,1.2992,241,7.7322
08178880,ifs,5,0.0219,0.1489,0.2931,0.8720,241,10.5168
08189500,ifs,5,-0.2524,0.3047,0.3316,1.1784,241,8.2535
08190000,ifs,5,0.1317,0.0169,0.3755,0.6317,241,13.4163
08190500,ifs,5,0.1186,0.0101,0.3548,0.6273,241,12.9133
08194200,ifs,5,0.0096,0.2591,0.3418,0.9226,241,8.6214
08195000,ifs,5,0.1486,0.1112,0.3915,0.7373,241,11.9895
08196000,ifs,5,0.0841,0.0458,0.3094,0.7339,241,14.2380
08198500,ifs,5,0.0914,0.0928,0.3324,0.7290,241,11.9341
08200000,ifs,5,0.0399,0.1246,0.2959,0.8272,241,11.8024
08202700,ifs,5,0.0463,0.0598,0.2872,0.7096,241,12.6073
08267500,ifs,5,0.3208,0.4371,0.5752,0.8563,241,3.1220
08269000,ifs,5,0.1875,0.5039,0.5420,1.1330,241,2.5311
08271000,ifs,5,0.3288,0.4126,0.5806,0.8100,241,3.2315
08324000,ifs,5,-0.1625,0.1246,0.5615,1.7348,241,2.4864
08377900,ifs,5,-0.0788,0.2567,0.4716,1.5223,241,3.8816
08378500,ifs,5,0.0220,0.3423,0.5341,1.4641,241,3.2417
08380500,ifs,5,-0.3186,0.1493,0.4881,1.6553,241,3.5046
09034900,ifs,5,0.0719,0.2431,0.3810,0.7732,241,3.7994
09035900,ifs,5,-0.0685,0.3655,0.3849,0.9597,241,3.0126
09047700,ifs,5,-0.0627,0.4558,0.4731,1.1362,241,2.8513
09065500,ifs,5,-0.1199,0.4251,0.4323,1.0896,241,3.1480
09066000,ifs,5,-0.0533,0.4499,0.4539,1.0551,241,2.6017
09066200,ifs,5,-0.2818,0.3722,0.3909,1.1450,241,3.5656
09066300,ifs,5,-0.1392,0.4175,0.4265,1.1016,241,3.2713
09081600,ifs,5,0.4850,0.5509,0.6971,0.9464,241,3.1152
09107000,ifs,5,0.1056,0.4504,0.6035,1.3705,241,2.3246
09210500,ifs,5,-0.1351,0.4938,0.5362,1.0828,241,2.4749
09223000,ifs,5,0.1979,0.6049,0.6058,0.9793,241,2.5519
09306242,ifs,5,0.0138,0.3329,0.5301,1.4729,241,2.7976
09312600,ifs,5,0.2374,0.5137,0.5565,1.0919,241,2.7006
09352900,ifs,5,0.4552,0.5739,0.6776,1.0776,241,3.2499
09378170,ifs,5,0.5836,0.4743,0.7929,0.7164,241,2.2450
09378630,ifs,5,0.5001,0.4181,0.7310,0.6952,241,2.5886
09386900,ifs,5,-2.0013,-0.3895,0.2407,1.9768,241,3.9305
09404450,ifs,5,0.1900,0.5654,0.5915,1.1477,241,2.6346
09430500,ifs,5,0.0756,0.4956,0.5955,1.2831,241,2.1997
09430600,ifs,5,-0.1580,0.4095,0.4375,1.1783,241,3.2174
09447800,ifs,5,-0.6197,0.2823,0.3010,1.0778,241,2.0909
09480000,ifs,5,-0.0842,0.4326,0.4375,1.0634,241,3.6592
09484000,ifs,5,-0.5864,0.2575,0.3353,1.2866,241,4.1914
09484600,ifs,5,0.0610,0.4865,0.4957,0.9393,241,2.8920
09492400,ifs,5,0.2347,0.4781,0.5373,1.0658,241,4.1384
09494000,ifs,5,0.1402,0.5095,0.5587,1.2107,241,3.1344
09497800,ifs,5,0.1455,0.3866,0.4595,0.9461,241,2.7849
09497980,ifs,5,0.2574,0.4613,0.5403,0.9443,241,3.0562
09505200,ifs,5,0.0872,0.4997,0.5219,1.1385,241,2.9462
09505350,ifs,5,0.2143,0.4862,0.5312,0.9709,241,2.8401
09505800,ifs,5,0.2003,0.5123,0.5497,1.1301,241,2.9271
09508300,ifs,5,-0.1082,0.3268,0.3661,0.8265,241,3.2044
09510200,ifs,5,-0.0372,0.1657,0.2879,0.7737,241,3.1398
09512280,ifs,5,-0.5136,0.1676,0.2129,1.2676,241,3.4033
09513780,ifs,5,-0.3923,0.2236,0.2379,1.1160,241,3.0456
10023000,ifs,5,0.2718,0.4736,0.5518,0.9370,241,3.0546
10166430,ifs,5,-0.2811,0.4268,0.4433,0.9768,241,4.0374
10172700,ifs,5,0.1982,0.5394,0.5640,1.1165,241,2.4382
10172800,ifs,5,0.1229,0.5215,0.5282,1.0220,241,3.4142
10173450,ifs,5,0.3399,0.6076,0.6452,1.1447,241,2.9031
10205030,ifs,5,0.2313,0.5054,0.5463,0.9707,241,2.6576
10234500,ifs,5,0.2570,0.5510,0.5769,0.9749,241,2.9854
10242000,ifs,5,0.4866,0.5664,0.7003,0.8487,241,2.6985
10244950,ifs,5,0.2797,0.4483,0.5539,0.8536,241,2.4166
10249300,ifs,5,-0.4264,0.3276,0.4069,1.2665,241,2.6922
10258000,ifs,5,0.1998,0.2798,0.5644,1.5643,241,3.1805
10258500,ifs,5,-0.1757,-0.1242,0.6914,1.9656,241,1.9677
10259000,ifs,5,0.1105,0.3518,0.5919,1.4979,241,2.5927
10259200,ifs,5,0.3400,0.1149,0.7399,1.8271,241,1.6249
10263500,ifs,5,0.5020,0.3565,0.7310,0.6093,241,4.1289
10310500,ifs,5,0.5306,0.5828,0.7300,0.8243,241,2.4825
10316500,ifs,5,0.0667,0.3696,0.4442,0.7832,241,3.5786
10329500,ifs,5,0.0852,0.2630,0.3860,0.8231,241,3.1210
10336645,ifs,5,0.6135,0.5632,0.7945,0.7973,241,5.0905
10336660,ifs,5,0.6238,0.5012,0.8163,0.7308,241,5.4688
10343500,ifs,5,0.6123,0.5709,0.7894,0.7715,241,3.3522
10348850,ifs,5,0.4232,0.1613,0.7750,0.4908,241,6.8984
10396000,ifs,5,0.1138,0.4395,0.4859,0.8536,241,3.1534
11098000,ifs,5,0.5897,0.4266,0.8003,0.6612,241,5.2208
11124500,ifs,5,0.5711,0.5597,0.7630,0.8512,241,4.5276
11141280,ifs,5,0.7316,0.7141,0.8580,0.8600,241,3.2572
11143000,ifs,5,0.4207,0.3068,0.6593,0.5497,241,7.6829
11148900,ifs,5,0.6750,0.7221,0.8250,0.8140,241,3.1058
11151300,ifs,5,0.7019,0.7289,0.8384,0.8459,241,2.0358
11162500,ifs,5,0.3408,0.5044,0.6066,0.8121,241,5.1367
11176400,ifs,5,0.5396,0.6701,0.7418,0.8701,241,2.2909
11180500,ifs,5,0.5653,0.6993,0.7561,0.9397,241,2.5070
11180960,ifs,5,0.3671,0.4480,0.6113,0.7796,241,3.6319
11224500,ifs,5,0.7318,0.6674,0.8642,0.8336,241,1.6817
11253310,ifs,5,0.5267,0.7257,0.7447,1.0474,241,1.8210
11264500,ifs,5,0.4665,0.5872,0.7951,1.3014,241,3.4585
11266500,ifs,5,0.5359,0.6909,0.7909,1.2112,241,3.4758
11274500,ifs,5,0.5842,0.7506,0.7767,0.9302,241,2.0791
11274630,ifs,5,0.4447,0.7179,0.7191,0.9767,241,2.1850
11284400,ifs,5,0.6919,0.7853,0.8373,1.1204,241,2.8071
11299600,ifs,5,0.5157,0.6832,0.7494,1.1895,241,3.4385
11381500,ifs,5,0.2503,0.3487,0.5154,0.7792,241,7.8160
11383500,ifs,5,0.2707,0.3742,0.5337,0.7900,241,7.8271
11451100,ifs,5,0.1441,0.6064,0.6349,1.0307,241,4.7834
11468500,ifs,5,0.3806,0.5353,0.6304,0.8598,241,5.2455
11473900,ifs,5,0.3759,0.4006,0.6178,0.7095,241,5.4147
11475560,ifs,5,0.2798,0.1593,0.5443,0.5219,241,11.0561
11476600,ifs,5,0.3135,0.6533,0.6609,1.0711,241,6.0764
11478500,ifs,5,0.4956,0.5286,0.7066,0.7809,241,5.2247
11480390,ifs,5,0.3789,0.4566,0.6218,0.7688,241,5.4585
11481200,ifs,5,0.5325,0.5378,0.7334,0.7736,241,5.4231
11482500,ifs,5,0.5282,0.4824,0.7374,0.7397,241,6.1038
11522500,ifs,5,0.4818,0.6087,0.6965,0.9811,241,4.2895
11523200,ifs,5,0.3692,0.5119,0.6276,0.7848,241,5.2134
11528700,ifs,5,0.4051,0.4212,0.6411,0.7190,241,4.6578
11532500,ifs,5,0.5743,0.4977,0.7737,0.7330,241,7.2001
12010000,ifs,5,0.3590,0.5923,0.6501,0.8228,241,9.1132
12013500,ifs,5,0.2187,0.6337,0.6498,0.9630,241,7.8907
12020000,ifs,5,0.2989,0.6677,0.7054,0.9708,241,6.2582
12025000,ifs,5,0.4016,0.7131,0.7219,0.9791,241,5.5672
12025700,ifs,5,0.0889,0.4865,0.7192,1.2252,241,6.1869
12035000,ifs,5,0.4693,0.6135,0.7062,0.7974,241,8.0442
12040500,ifs,5,0.5212,0.6915,0.7412,0.8684,241,8.7964
12041200,ifs,5,0.4819,0.5585,0.7052,0.7732,241,10.0557
12043000,ifs,5,0.5014,0.5957,0.7160,0.8211,241,7.7666
12048000,ifs,5,-0.1603,0.3252,0.5578,1.4627,241,5.6301
12054000,ifs,5,0.4550,0.6585,0.6931,0.9769,241,6.5825
12056500,ifs,5,0.4787,0.6967,0.7182,0.9351,241,8.5445
12073500,ifs,5,0.1723,0.5990,0.6116,1.0798,241,5.1626
12082500,ifs,5,0.5626,0.7661,0.7856,0.9079,241,6.3201
12092000,ifs,5,0.5195,0.7141,0.7490,0.8745,241,6.6848
12095000,ifs,5,0.3011,0.6649,0.7066,1.0584,241,6.1619
12114500,ifs,5,0.5058,0.5126,0.7277,0.6628,241,8.0946
12115000,ifs,5,0.5175,0.5236,0.7348,0.6702,241,7.9577
12115500,ifs,5,0.5396,0.5554,0.7444,0.7259,241,7.7982
12117000,ifs,5,0.5258,0.5506,0.7348,0.7416,241,7.8318
12141300,ifs,5,0.5335,0.5414,0.7413,0.7225,241,9.1001
12143600,ifs,5,0.5753,0.5886,0.7656,0.7673,241,8.1568
12144000,ifs,5,0.5732,0.6198,0.7625,0.8016,241,7.6557
12145500,ifs,5,0.4826,0.5623,0.7082,0.7575,241,6.6505
12147600,ifs,5,0.5739,0.4729,0.7865,0.6869,241,10.6565
12167000,ifs,5,0.5920,0.6849,0.7734,0.8709,241,7.1587
12175500,ifs,5,0.5545,0.7748,0.7765,1.0276,241,5.2561
12186000,ifs,5,0.6168,0.6686,0.7890,0.8441,241,7.1903
12189500,ifs,5,0.6076,0.7422,0.7855,0.9276,241,6.1263
12358500,ifs,5,0.2892,0.4746,0.5886,0.7495,241,5.8160
12377150,ifs,5,0.4945,0.3939,0.7487,0.5464,241,4.6392
12381400,ifs,5,0.6043,0.5159,0.8035,0.6344,241,3.7705
12390700,ifs,5,0.2441,0.6381,0.6697,0.9137,241,3.9958
12411000,ifs,5,0.2589,0.5500,0.6063,0.7965,241,4.5778
12414500,ifs,5,0.5594,0.6228,0.7611,0.7536,241,3.7260
12447390,ifs,5,-0.1167,0.3407,0.5236,1.4375,241,2.9207
12451000,ifs,5,0.3257,0.5492,0.7644,1.2852,241,4.5765
12488500,ifs,5,0.5908,0.7726,0.8011,0.8923,241,5.1538
13011500,ifs,5,0.3392,0.5779,0.6194,0.9397,241,2.9595
13011900,ifs,5,0.2662,0.5761,0.5935,1.0386,241,3.0023
13018300,ifs,5,0.2670,0.4896,0.5572,0.9120,241,3.1539
13023000,ifs,5,0.0721,0.5340,0.5503,1.1193,241,2.9180
13161500,ifs,5,0.0411,0.3772,0.5357,1.4149,241,2.0774
13235000,ifs,5,0.4360,0.4758,0.6716,0.7191,241,3.2799
13240000,ifs,5,0.3182,0.3705,0.5893,0.6593,241,4.7035
13310700,ifs,5,0.2558,0.4562,0.5615,0.7643,241,3.7592
13313000,ifs,5,0.2566,0.2567,0.5422,0.5843,241,4.4973
13331500,ifs,5,0.6331,0.6094,0.8035,0.7369,241,3.0314
13337000,ifs,5,0.6259,0.6822,0.8019,0.7831,241,3.6401
13338500,ifs,5,0.3031,0.5639,0.6038,0.9001,241,3.8027
13340000,ifs,5,0.5754,0.6585,0.7663,0.8181,241,3.2749
13340600,ifs,5,0.6523,0.5785,0.8220,0.7173,241,3.9527
14020000,ifs,5,0.5181,0.7057,0.7439,0.8756,241,3.3582
14092750,ifs,5,0.3164,0.6629,0.7269,1.0653,241,4.7003
14096850,ifs,5,0.0174,0.5292,0.6388,1.1501,241,3.5095
14137000,ifs,5,0.5288,0.7373,0.7586,0.9009,241,5.8898
14138800,ifs,5,0.6069,0.6622,0.7865,0.7895,241,7.3244
14138870,ifs,5,0.6109,0.7086,0.7886,0.8477,241,7.5453
14138900,ifs,5,0.5899,0.5550,0.7786,0.7213,241,9.1910
14139800,ifs,5,0.6150,0.7123,0.7944,0.8286,241,7.2962
14141500,ifs,5,0.5582,0.7814,0.7863,0.9657,241,6.6845
14154500,ifs,5,0.3408,0.6855,0.7178,0.9684,241,4.5479
14158500,ifs,5,0.5451,0.7440,0.7783,0.8731,241,4.7969
14158790,ifs,5,0.5917,0.6070,0.7804,0.7281,241,5.8102
14166500,ifs,5,0.4394,0.7117,0.7138,0.9726,241,4.8021
14182500,ifs,5,0.3732,0.6992,0.7229,0.9573,241,6.4289
14185000,ifs,5,0.4482,0.7276,0.7635,0.9634,241,5.3412
14185900,ifs,5,0.5065,0.7042,0.7527,0.8384,241,6.0707
14187000,ifs,5,0.5068,0.7325,0.7675,0.8769,241,5.2595
14216500,ifs,5,0.5610,0.7616,0.8117,0.9201,241,6.1687
14222500,ifs,5,0.5697,0.5521,0.7630,0.7299,241,9.7818
14236200,ifs,5,0.5483,0.7714,0.7743,0.9635,241,5.7778
14301000,ifs,5,0.6414,0.7034,0.8032,0.8604,241,5.3542
14303200,ifs,5,0.4967,0.4059,0.7263,0.6213,241,8.2477
14305500,ifs,5,0.3560,0.3702,0.6126,0.6534,241,11.0499
14306340,ifs,5,0.3988,0.6572,0.6837,0.8816,241,5.4989
14306500,ifs,5,0.4197,0.6425,0.6841,0.8680,241,5.8271
14308990,ifs,5,0.3642,0.6100,0.6396,1.0135,241,3.5843
14309500,ifs,5,0.6238,0.5736,0.7972,0.7121,241,4.1292
14316700,ifs,5,0.3294,0.6777,0.7246,1.0128,241,4.3504
14325000,ifs,5,0.4761,0.5846,0.7118,0.7374,241,6.0787
14362250,ifs,5,0.4138,0.6143,0.6626,1.0517,241,3.1862
14400000,ifs,5,0.5478,0.6126,0.7506,0.7477,241,7.6025
01013500,ifs,6,-0.4055,0.2974,0.3942,1.3323,241,6.5314
01022500,ifs,6,-1.4337,-0.0145,0.2916,1.5231,241,9.8350
01030500,ifs,6,-0.7903,0.1728,0.3140,1.3978,241,7.2448
01031500,ifs,6,-0.7029,0.1628,0.3751,1.4884,241,7.4206
01047000,ifs,6,-0.7347,0.1892,0.3285,1.3917,241,8.0557
01052500,ifs,6,-0.8736,0.0662,0.2226,1.4947,241,7.6161
01054200,ifs,6,-0.6117,0.1865,0.2441,1.2961,241,9.1685
01055000,ifs,6,-0.7980,0.1771,0.2755,1.3378,241,7.6885
01057000,ifs,6,-0.7692,0.1774,0.2462,1.2946,241,8.0342
01073000,ifs,6,-0.8054,0.1234,0.1393,1.1600,241,8.1226
01078000,ifs,6,-0.8424,0.1124,0.1542,1.2575,241,8.5150
01118300,ifs,6,-0.9350,0.1234,0.1299,0.9889,241,16.0121
01121000,ifs,6,-0.4959,0.2741,0.2764,0.9517,241,10.0653
01123000,ifs,6,-0.6044,0.2207,0.2295,0.8900,241,10.9589
01134500,ifs,6,-0.8701,0.1309,0.2281,1.3608,241,8.8768
01137500,ifs,6,-0.7872,0.0794,0.1565,1.3667,241,8.7050
01139000,ifs,6,-1.0224,-0.0041,0.1046,1.4427,241,8.7899
01139800,ifs,6,-0.5725,0.1353,0.1462,1.1071,241,8.6614
01142500,ifs,6,-0.9805,0.0777,0.1304,1.2832,241,8.0977
01144000,ifs,6,-0.7245,0.1536,0.1746,1.1831,241,8.1457
01169000,ifs,6,-0.3869,0.3113,0.3565,1.2364,241,8.1558
01170100,ifs,6,-0.3859,0.3097,0.3772,1.2825,241,7.9476
01181000,ifs,6,-0.2029,0.3046,0.3173,0.9888,241,8.2716
01187300,ifs,6,-0.5889,0.2664,0.3210,1.2362,241,8.3144
01195100,ifs,6,-0.3483,0.1453,0.1807,0.8674,241,11.1287
01333000,ifs,6,-0.4576,0.2697,0.3477,1.3143,241,8.4259
01350000,ifs,6,-0.0397,0.2133,0.2955,1.0338,241,10.2697
01350080,ifs,6,-0.2071,0.2234,0.2575,1.0580,241,8.6443
01350140,ifs,6,-0.3055,0.2514,0.2649,1.0705,241,8.5152
01365000,ifs,6,-0.1662,0.3378,0.3599,1.1376,241,9.0543
01411300,ifs,6,-0.3522,0.0316,0.0846,1.0052,241,12.5052
01413500,ifs,6,0.0624,0.3233,0.3957,0.9393,241,9.2179
01414500,ifs,6,0.1080,0.3512,0.4273,1.0535,241,9.5717
01415000,ifs,6,0.0989,0.4949,0.5091,1.0758,241,7.4402
01423000,ifs,6,0.0773,0.4972,0.5063,1.0629,241,7.4471
01434025,ifs,6,0.0059,0.2838,0.3535,0.9390,241,10.6560
01435000,ifs,6,-0.0248,0.3048,0.3544,0.9976,241,10.1877
01439500,ifs,6,0.0081,0.3958,0.4225,0.9367,241,7.5689
01440000,ifs,6,0.1610,0.4407,0.4926,0.9264,241,7.3680
01440400,ifs,6,-0.0530,0.2987,0.3566,0.8362,241,8.6176
01451800,ifs,6,-0.3774,0.2998,0.3006,1.0313,241,7.9982
01466500,ifs,6,-0.6049,0.1730,0.1735,1.0000,241,9.0780
01484100,ifs,6,-0.2907,0.0959,0.1462,0.9632,241,8.8251
01485500,ifs,6,-0.1305,0.1170,0.2091,0.8853,241,9.9597
01486000,ifs,6,-0.0989,0.1172,0.2200,0.8878,241,10.0884
01487000,ifs,6,-0.2302,0.0989,0.1638,0.9366,241,9.1426
01491000,ifs,6,-0.6254,0.1518,0.1630,1.1339,241,7.8704
01510000,ifs,6,0.0550,0.4640,0.4764,1.0338,241,7.0624
01516500,ifs,6,-0.0831,0.3580,0.3801,0.9169,241,5.9205
01518862,ifs,6,-0.0196,0.3160,0.3721,0.8675,241,6.1809
01532000,ifs,6,-0.1335,0.2291,0.2777,0.9460,241,7.4052
01539000,ifs,6,-0.2138,0.3500,0.3536,1.0238,241,7.9684
01542810,ifs,6,-0.1178,0.3016,0.3375,0.8802,241,6.9184
01543000,ifs,6,-0.1171,0.3439,0.3664,0.8974,241,6.6921
01543500,ifs,6,-0.0671,0.3002,0.3546,0.8374,241,7.0447
01544500,ifs,6,-0.1296,0.2976,0.3333,0.8729,241,6.6451
01545600,ifs,6,-0.1239,0.2941,0.3289,0.8952,241,6.8215
01547700,ifs,6,-0.0678,0.0055,0.1831,0.7529,241,11.0605
01548500,ifs,6,-0.0816,0.3076,0.3549,0.8448,241,6.1003
01549500,ifs,6,-0.1026,0.2535,0.3092,0.8682,241,6.8774
01550000,ifs,6,-0.1053,0.2005,0.2725,0.8758,241,7.6788
01552000,ifs,6,-0.1209,0.1374,0.2286,0.8605,241,8.8260
01552500,ifs,6,-0.2328,0.2735,0.2895,0.9680,241,7.7641
01557500,ifs,6,-0.0399,0.0635,0.2503,0.6844,241,9.6014
01567500,ifs,6,0.0587,0.1780,0.3507,0.7295,241,7.5400
01568000,ifs,6,-0.0407,0.2114,0.3190,0.7648,241,7.0174
01580000,ifs,6,-0.7708,0.1923,0.2042,1.0902,241,8.2573
01583500,ifs,6,-0.4361,0.2281,0.2317,0.9718,241,7.3849
01586610,ifs,6,-0.4188,0.1703,0.1841,0.9527,241,7.4282
01591400,ifs,6,-0.0991,0.0997,0.2374,0.7197,241,8.4964
01596500,ifs,6,-0.3537,0.0710,0.1194,0.8935,241,8.4918
01605500,ifs,6,-0.1542,0.2252,0.2710,0.9309,241,7.1504
01606500,ifs,6,-0.1452,0.2344,0.2817,0.9038,241,6.6348
01613050,ifs,6,-0.0897,0.1308,0.2575,0.7383,241,6.8853
01620500,ifs,6,-0.0146,0.3534,0.3888,1.0505,241,5.6778
01632000,ifs,6,-0.0082,0.1620,0.3228,0.6902,241,7.1460
01632900,ifs,6,0.0593,0.1802,0.3605,0.6971,241,6.6615
01634500,ifs,6,-0.1157,0.0713,0.2286,0.6637,241,7.3272
01638480,ifs,6,-0.2015,0.0379,0.1594,0.7273,241,7.5189
01639500,ifs,6,-0.5377,0.1391,0.1473,0.9446,241,7.6023
01644000,ifs,6,-0.1969,0.1118,0.2192,0.7082,241,7.0530
01658500,ifs,6,-0.0528,0.1275,0.2711,0.7270,241,7.4253
01664000,ifs,6,-0.0196,0.1179,0.3021,0.6531,241,6.9338
01666500,ifs,6,0.0286,0.1497,0.3334,0.6848,241,6.7432
01667500,ifs,6,0.0365,0.1945,0.3534,0.7119,241,6.4181
01669000,ifs,6,-0.1430,0.0898,0.1876,0.8795,241,8.6498
01669520,ifs,6,-0.1054,0.1941,0.2633,0.9311,241,8.4569
02011400,ifs,6,-0.1512,0.3391,0.3511,1.0001,241,6.4122
02011460,ifs,6,-0.2017,0.3041,0.3182,1.0439,241,6.9571
02013000,ifs,6,-0.0906,0.3488,0.3680,1.0066,241,6.5446
02014000,ifs,6,-0.0895,0.4050,0.4120,1.0445,241,5.8527
02015700,ifs,6,-0.0867,0.3341,0.3658,1.1149,241,6.3992
02016000,ifs,6,-0.0950,0.4051,0.4163,1.0923,241,5.6574
02017500,ifs,6,-0.2548,0.3816,0.4063,1.1661,241,5.5609
02018000,ifs,6,-0.2379,0.3980,0.4243,1.1634,241,5.2784
02027000,ifs,6,-0.1400,0.4001,0.4217,1.1584,241,5.5656
02027500,ifs,6,-0.0768,0.4175,0.4305,1.1071,241,5.6594
02028500,ifs,6,-0.1477,0.3282,0.3460,0.9324,241,5.9964
02038850,ifs,6,-0.2583,0.2995,0.3096,0.9311,241,6.6197
02046000,ifs,6,-0.1488,0.2668,0.3039,0.8988,241,7.3423
02051000,ifs,6,-0.0274,0.2552,0.3339,0.8506,241,7.4235
02051500,ifs,6,-0.0686,0.3041,0.3448,0.9281,241,6.9058
02053200,ifs,6,0.0279,0.3643,0.4140,1.1281,241,7.1553
02053800,ifs,6,-0.0255,0.4409,0.4492,0.9407,241,5.4092
02055100,ifs,6,-0.4654,0.2168,0.3270,1.3950,241,5.7827
02056900,ifs,6,-0.2086,0.3438,0.3484,1.0120,241,6.5325
02059500,ifs,6,-0.2123,0.4158,0.4248,1.0886,241,5.1154
02064000,ifs,6,-0.2958,0.2948,0.3067,1.1080,241,6.0782
02065500,ifs,6,-0.3017,0.3189,0.3272,1.0999,241,6.0088
02069700,ifs,6,-0.1815,0.2342,0.2750,0.8888,241,7.6535
02070000,ifs,6,-0.1218,0.2549,0.3075,0.8519,241,7.3691
02074500,ifs,6,-0.1001,0.2462,0.2990,1.0768,241,7.7852
02077200,ifs,6,-0.3704,0.3520,0.3621,1.0900,241,6.4615
02081500,ifs,6,-0.1632,0.3619,0.3781,1.1242,241,6.8298
02082950,ifs,6,-0.2285,0.3240,0.4889,1.4157,241,6.0345
02092500,ifs,6,-0.3488,0.3239,0.3457,1.1683,241,7.2605
02096846,ifs,6,0.0055,0.2744,0.3465,0.9887,241,8.9544
02102908,ifs,6,-0.1470,0.2218,0.2710,0.9212,241,8.9607
02108000,ifs,6,-0.1758,0.4002,0.4121,1.1187,241,7.0067
02111180,ifs,6,0.0716,0.2512,0.3857,0.7656,241,7.1632
02111500,ifs,6,0.0371,0.2102,0.3609,0.7098,241,7.1859
02118500,ifs,6,0.0723,0.2927,0.4133,0.7407,241,6.0112
02128000,ifs,6,0.0712,0.4167,0.4530,0.9125,241,6.3365
02137727,ifs,6,-0.0111,0.1658,0.2989,0.7866,241,8.4183
02140991,ifs,6,0.1006,0.3227,0.4285,0.7949,241,6.7805
02143000,ifs,6,0.1100,0.3036,0.4312,0.7519,241,6.6619
02143040,ifs,6,-0.0495,0.2076,0.3268,0.7101,241,7.1772
02149000,ifs,6,-0.0591,-0.0077,0.2137,0.6172,241,10.1660
02152100,ifs,6,-0.0917,0.1860,0.3008,0.7060,241,6.9729
02177000,ifs,6,0.0033,0.2307,0.3494,0.7484,241,8.9537
02178400,ifs,6,-0.0567,0.3442,0.3909,0.8177,241,7.8170
02193340,ifs,6,-0.1373,0.3954,0.3988,0.9708,241,7.7428
02196000,ifs,6,-0.0614,0.3097,0.3658,0.8135,241,8.2685
02198100,ifs,6,0.1003,0.1311,0.3808,0.6104,241,9.8816
02202600,ifs,6,-0.1070,0.2196,0.2869,0.8572,241,6.2834
02212600,ifs,6,-0.0640,0.3733,0.3948,0.9132,241,8.7773
02215100,ifs,6,0.0302,0.2113,0.3404,0.7944,241,8.3109
02216180,ifs,6,0.0231,0.0423,0.2721,0.6843,241,9.8177
02221525,ifs,6,-0.1107,0.4029,0.4111,0.9231,241,8.0099
02231000,ifs,6,-0.0379,0.2267,0.3344,0.7527,241,6.8188
02231342,ifs,6,-0.8684,0.0944,0.0976,1.0681,241,9.2685
02235200,ifs,6,-0.5285,0.1855,0.2018,0.8456,241,8.4584
02245500,ifs,6,-0.0594,0.1796,0.2811,0.8310,241,6.7598
02246000,ifs,6,-0.1030,0.2688,0.3252,0.8356,241,6.1978
02296500,ifs,6,-0.0664,0.2701,0.3345,0.8423,241,6.2829
02297155,ifs,6,-0.1068,0.0952,0.2135,0.8144,241,9.1987
02297310,ifs,6,-0.2237,0.1034,0.1834,0.8140,241,8.7955
02298123,ifs,6,-0.1856,0.1116,0.1921,0.8603,241,7.8121
02298608,ifs,6,-0.2340,0.0428,0.1427,0.7832,241,9.5060
02299950,ifs,6,-0.2646,0.0818,0.1481,0.8780,241,8.8801
02300700,ifs,6,-0.0003,0.1167,0.2702,0.8329,241,9.3524
02310947,ifs,6,-0.1954,0.1104,0.1841,0.8991,241,8.4128
02312200,ifs,6,-0.1131,0.0753,0.1918,0.8573,241,9.8151
02314500,ifs,6,0.0975,0.1567,0.3769,0.6931,241,7.3341
02315500,ifs,6,0.1217,0.2185,0.4182,0.6957,241,6.6081
02324400,ifs,6,0.1291,0.1772,0.3994,0.7068,241,9.6865
02327100,ifs,6,-0.1356,0.0370,0.1929,0.6878,241,9.4661
02349900,ifs,6,0.0754,0.1879,0.3642,0.7290,241,9.0676
02350900,ifs,6,0.0063,0.2995,0.3769,0.8212,241,7.4399
02361000,ifs,6,-0.1442,0.2680,0.3045,0.9125,241,7.6200
02363000,ifs,6,-0.1575,0.2756,0.3046,0.9455,241,8.4610
02369800,ifs,6,-0.0486,-0.1014,0.1800,0.5698,241,13.2022
02371500,ifs,6,-0.0534,0.1857,0.2798,0.8802,241,9.6185
02372250,ifs,6,-0.0315,0.2167,0.3100,0.8497,241,9.2376
02374500,ifs,6,-0.0108,0.1053,0.2748,0.7373,241,10.0349
02381600,ifs,6,-0.0668,0.1844,0.2943,0.7557,241,10.4728
02384540,ifs,6,-0.2232,0.2525,0.2852,0.8587,241,9.6642
02395120,ifs,6,-0.0171,0.4335,0.4422,0.9791,241,7.5390
02408540,ifs,6,-0.0158,0.2676,0.3524,0.8071,241,9.6097
02415000,ifs,6,0.0275,0.2520,0.3728,0.7392,241,10.2258
02422500,ifs,6,0.0018,0.4440,0.4537,0.9580,241,8.7107
02427250,ifs,6,-0.0091,0.3299,0.3779,0.9157,241,7.6723
02430085,ifs,6,-0.1201,0.2923,0.3230,1.0335,241,9.1000
02450250,ifs,6,0.1691,0.3271,0.4620,0.7944,241,8.8870
02464000,ifs,6,0.0515,0.2004,0.3404,0.8207,241,10.9058
02465493,ifs,6,-0.0280,0.3900,0.4125,0.9205,241,8.6259
02469800,ifs,6,-0.1092,0.2142,0.2901,0.8104,241,9.5475
02472000,ifs,6,0.0348,0.2869,0.3733,0.8576,241,10.2583
02472500,ifs,6,0.0790,0.2790,0.4001,0.7765,241,10.9058
02479155,ifs,6,0.1346,0.2226,0.4032,0.7882,241,12.2440
02479300,ifs,6,0.0221,-0.0125,0.2526,0.6496,241,17.2684
02481000,ifs,6,-0.0031,-0.1094,0.2016,0.5823,241,20.9904
02481510,ifs,6,-0.0115,-0.0203,0.2390,0.6050,241,17.3296
03010655,ifs,6,-0.0347,0.3009,0.3564,0.8831,241,6.6783
03011800,ifs,6,-0.0196,0.2071,0.3127,0.8284,241,7.7473
03015500,ifs,6,-0.2062,0.3244,0.3326,1.0099,241,7.0635
03021350,ifs,6,-0.1726,0.3257,0.3377,0.9968,241,8.0389
03026500,ifs,6,-0.0704,0.2105,0.2970,0.8275,241,7.4851
03028000,ifs,6,-0.0702,0.2307,0.3014,0.8867,241,7.6990
03049800,ifs,6,-0.0758,0.2094,0.2898,0.8563,241,9.1223
03050000,ifs,6,-0.1221,0.1754,0.2467,0.9265,241,9.9722
03066000,ifs,6,-0.1047,0.1886,0.2643,0.8845,241,8.8287
03069500,ifs,6,-0.1144,0.2436,0.2920,0.9522,241,8.2185
03070500,ifs,6,-0.3953,0.2257,0.2320,0.9941,241,8.9945
03076600,ifs,6,-0.2483,0.0554,0.1409,0.8197,241,10.0039
03078000,ifs,6,-0.2641,0.0543,0.1265,0.8928,241,9.9390
03140000,ifs,6,-0.1362,0.2892,0.3201,0.9229,241,7.5730
03144000,ifs,6,-0.1798,-0.0009,0.1523,0.6793,241,9.5335
03159540,ifs,6,-0.1449,0.1377,0.2266,0.8234,241,9.9852
03161000,ifs,6,-0.0366,0.2578,0.3316,0.8619,241,6.9083
03164000,ifs,6,-0.0246,0.3285,0.3769,0.8801,241,6.0153
03165000,ifs,6,0.1124,0.2979,0.4235,0.7841,241,6.8595
03170000,ifs,6,-0.0810,0.3860,0.4015,0.9157,241,5.7928
03173000,ifs,6,-0.1473,0.4190,0.4193,1.0122,241,5.3105
03180500,ifs,6,-0.2944,0.2135,0.2348,1.0509,241,7.9561
03182500,ifs,6,-0.3164,0.2782,0.2862,1.0677,241,7.1378
03186500,ifs,6,-0.4208,0.2617,0.2651,1.0623,241,8.8413
03187500,ifs,6,-0.4764,0.2512,0.2583,1.1022,241,8.9073
03213700,ifs,6,-0.1004,0.3288,0.3565,1.0891,241,7.3715
03237280,ifs,6,-0.2368,0.2654,0.2821,0.9951,241,8.5945
03237500,ifs,6,0.0334,0.3612,0.4122,0.8852,241,7.9037
03241500,ifs,6,0.0554,0.1908,0.3530,0.7375,241,9.6676
03280700,ifs,6,-0.2958,0.2208,0.2469,1.1216,241,8.2038
03281100,ifs,6,-0.2260,0.3217,0.3429,1.1503,241,7.6425
03281500,ifs,6,-0.3297,0.2811,0.3109,1.2002,241,7.7040
03285000,ifs,6,-0.0494,0.2362,0.3077,0.9264,241,9.2630
03291780,ifs,6,0.0393,0.2023,0.3389,0.7973,241,10.1202
03300400,ifs,6,0.0305,0.2257,0.3413,0.8397,241,9.5259
03340800,ifs,6,-0.0107,0.2555,0.3436,0.8239,241,10.3708
03346000,ifs,6,0.2295,0.4837,0.5438,0.8716,241,7.6447
03364500,ifs,6,0.0896,0.1489,0.3608,0.6961,241,12.5760
03366500,ifs,6,0.0716,0.2766,0.3828,0.8580,241,9.7332
03368000,ifs,6,0.0545,0.1393,0.3364,0.6938,241,12.6901
03384450,ifs,6,0.0299,0.3219,0.3832,0.9410,241,9.3245
03439000,ifs,6,0.0814,0.2366,0.4011,0.6959,241,7.6048
03450000,ifs,6,0.0141,0.1857,0.3421,0.6998,241,6.4813
03455500,ifs,6,0.0898,0.2820,0.4342,0.6815,241,6.8743
03456500,ifs,6,-0.0002,0.3298,0.4026,0.7835,241,6.7910
03460000,ifs,6,-0.0494,0.3197,0.3640,0.8879,241,7.3441
03463300,ifs,6,0.0600,0.3197,0.4029,0.8459,241,7.6601
03471500,ifs,6,-0.1857,0.3441,0.3576,1.1012,241,6.6208
03473000,ifs,6,-0.0432,0.4081,0.4198,1.0327,241,6.4371
03479000,ifs,6,-0.2252,0.2654,0.2890,0.9038,241,6.6362
03488000,ifs,6,-0.1168,0.3899,0.3984,1.0643,241,6.5237
03498500,ifs,6,-0.1958,0.2856,0.3044,0.9632,241,8.3659
03500000,ifs,6,-0.0801,0.3286,0.3703,0.8414,241,7.6676
03504000,ifs,6,-0.0034,0.2553,0.3757,0.7028,241,8.7320
03574500,ifs,6,0.1853,0.3952,0.4813,0.9388,241,8.3423
03604000,ifs,6,-0.0773,0.3404,0.3653,0.9634,241,10.0725
04015330,ifs,6,-0.2675,0.2864,0.3252,1.2219,241,7.3736
04024430,ifs,6,-0.5849,0.2351,0.3487,1.3606,241,6.3347
04027000,ifs,6,-1.1859,-0.0263,0.2216,1.5943,241,6.6871
04040500,ifs,6,-0.7227,0.1398,0.1432,1.0762,241,6.9703
04043050,ifs,6,-0.6265,0.1574,0.1633,0.9044,241,6.1918
04045500,ifs,6,-1.5679,0.0287,0.2195,1.3176,241,8.1565
04056500,ifs,6,-1.3686,0.0949,0.2295,1.2274,241,7.3087
04057510,ifs,6,-0.9946,0.1742,0.2101,1.0756,241,7.8686
04057800,ifs,6,-0.9159,0.1447,0.1590,1.0881,241,7.4351
04059500,ifs,6,-1.0021,0.1769,0.2381,1.1650,241,7.3205
04063700,ifs,6,-1.6041,-0.0276,0.1591,1.4109,241,7.6638
04074950,ifs,6,-1.3588,0.0548,0.1113,1.1587,241,8.0566
04105700,ifs,6,0.0757,0.3350,0.4167,0.8428,241,6.9065
04115265,ifs,6,0.2285,0.4676,0.5385,0.8524,241,6.2921
04122200,ifs,6,-0.0036,0.3758,0.4066,0.9373,241,7.1929
04122500,ifs,6,-0.2882,0.2341,0.2564,0.8952,241,7.6702
04124000,ifs,6,-0.0303,0.0852,0.2688,0.6772,241,8.7168
04127997,ifs,6,-0.0198,0.2826,0.3659,0.7814,241,7.7968
04185000,ifs,6,0.1135,0.3480,0.4491,0.7837,241,6.1744
04196800,ifs,6,-0.0482,0.2384,0.3250,0.8056,241,7.2093
04197100,ifs,6,-0.0226,0.1400,0.2780,0.7930,241,7.9702
04197170,ifs,6,-0.0256,0.1753,0.2929,0.8180,241,7.2346
04213000,ifs,6,-0.4466,0.2724,0.2862,1.1404,241,7.6970
04213075,ifs,6,-0.3011,0.2646,0.2797,1.1030,241,8.2053
04216418,ifs,6,-0.1459,0.3965,0.4000,0.9558,241,7.9209
04221000,ifs,6,-0.0197,0.3127,0.3658,0.9008,241,6.2642
04224775,ifs,6,-0.0663,0.3155,0.3502,1.0015,241,7.0956
04256000,ifs,6,-0.6000,0.2761,0.3134,1.1803,241,7.6098
04296000,ifs,6,-0.8425,0.0721,0.1417,1.3484,241,8.4715
05057000,ifs,6,-0.4346,0.1941,0.3041,1.4063,241,4.4598
05057200,ifs,6,-0.8800,0.0375,0.1111,1.3664,241,4.7239
05062500,ifs,6,-0.4440,0.1957,0.2586,1.3097,241,5.2889
05087500,ifs,6,-0.5896,0.1609,0.1876,1.2085,241,6.6703
05120500,ifs,6,-0.3404,0.1775,0.4121,1.5666,241,4.6410
05123400,ifs,6,-0.4794,0.2214,0.2373,1.1526,241,6.3435
05129115,ifs,6,-0.3184,0.2608,0.3358,1.3238,241,5.4387
05131500,ifs,6,-0.4147,0.2460,0.3180,1.3208,241,5.2009
05291000,ifs,6,-0.2786,0.0604,0.1627,1.3121,241,7.7287
05362000,ifs,6,-1.6022,-0.0894,0.1328,1.5339,241,8.2766
05393500,ifs,6,-1.2786,0.0126,0.1078,1.3516,241,8.4738
05399500,ifs,6,-0.6794,0.1039,0.1177,1.1478,241,9.1613
05408000,ifs,6,-0.0876,-0.0729,0.1501,0.6375,241,9.3535
05412500,ifs,6,-0.1174,0.1325,0.2493,0.7322,241,7.9720
05413500,ifs,6,0.0688,0.2215,0.3720,0.7461,241,8.2876
05414000,ifs,6,0.1040,0.2253,0.3899,0.7568,241,7.9667
05444000,ifs,6,-0.1433,0.2884,0.3174,0.9319,241,7.7062
05454000,ifs,6,0.0128,0.3088,0.3859,0.8084,241,8.5673
05458000,ifs,6,-0.1899,0.0088,0.1393,0.7362,241,8.5813
05466500,ifs,6,0.2006,0.3241,0.4886,0.7269,241,9.3989
05487980,ifs,6,-0.0720,0.4085,0.4161,0.9674,241,9.2796
05488200,ifs,6,0.1505,0.3992,0.4711,0.8927,241,10.0242
05489000,ifs,6,-0.2451,0.3369,0.3429,0.9303,241,11.2459
05495000,ifs,6,-0.9970,0.2105,0.3592,1.1965,241,10.3130
05495500,ifs,6,-0.1784,0.3975,0.3979,1.0105,241,9.7201
05501000,ifs,6,-0.3608,0.2812,0.2880,1.0869,241,11.7040
05503800,ifs,6,-0.5274,0.2888,0.3203,1.1773,241,9.7071
05507600,ifs,6,-0.4664,0.3521,0.4353,1.2073,241,7.9753
05508805,ifs,6,-0.4027,0.3869,0.5032,1.1833,241,7.6630
05514500,ifs,6,-0.2131,0.3751,0.3766,0.9678,241,7.7925
05525500,ifs,6,0.0611,0.3907,0.4411,0.8598,241,7.8765
05556500,ifs,6,0.0717,0.3217,0.4213,0.7681,241,8.6529
05584500,ifs,6,0.0510,0.4074,0.4378,0.9932,241,11.0264
05585000,ifs,6,0.1049,0.4529,0.4793,1.0145,241,9.7907
05591550,ifs,6,0.1688,0.3779,0.4724,0.8642,241,8.2713
05592050,ifs,6,0.0681,0.4953,0.5015,1.0344,241,7.3289
05592575,ifs,6,0.2385,0.4079,0.5255,0.8069,241,8.4480
05593575,ifs,6,-0.0967,0.2997,0.3332,0.9652,241,8.5849
05593900,ifs,6,0.0196,0.3453,0.4021,0.8573,241,8.6930
05595730,ifs,6,-0.1293,0.3342,0.3507,1.0094,241,8.3088
06037500,ifs,6,0.3269,0.5340,0.6003,0.9111,241,3.1909
06043500,ifs,6,0.1623,0.5282,0.5442,0.9200,241,3.4701
06154410,ifs,6,0.1208,0.4816,0.5285,1.2007,241,4.5596
06188000,ifs,6,-0.0482,0.4777,0.4873,1.0976,241,3.0727
06191500,ifs,6,0.1475,0.5439,0.5502,1.0492,241,2.8087
06221400,ifs,6,-0.4375,0.2641,0.4531,1.4392,241,3.5086
06224000,ifs,6,-0.1364,0.3666,0.4638,1.3353,241,3.2881
06289000,ifs,6,-0.8379,0.1064,0.4387,1.5583,241,3.8603
06332515,ifs,6,-1.9485,-0.3486,0.2893,1.9199,241,5.7748
06339100,ifs,6,-2.2082,-0.3445,0.1496,1.8423,241,4.6836
06339500,ifs,6,-1.1196,-0.0081,0.2049,1.5609,241,4.5114
06344600,ifs,6,-1.0481,-0.0120,0.1054,1.4566,241,4.9281
06350000,ifs,6,-0.9159,0.1591,0.2996,1.3622,241,4.0030
06352000,ifs,6,-0.9658,0.1571,0.3208,1.3621,241,3.4840
06353000,ifs,6,-0.3626,0.3550,0.4043,1.2139,241,3.1113
06354000,ifs,6,-0.2311,0.3781,0.4101,1.1934,241,3.2202
06360500,ifs,6,-0.5956,0.2785,0.2936,1.0871,241,3.1882
06404000,ifs,6,-0.3103,0.3079,0.3671,1.2791,241,3.8035
06406000,ifs,6,-0.3946,0.3127,0.3615,1.2418,241,3.5801
06408700,ifs,6,-0.4704,0.2384,0.2439,1.0863,241,3.5020
06409000,ifs,6,-0.4420,0.2848,0.2962,1.1253,241,3.4137
06431500,ifs,6,-0.3920,0.2190,0.2276,1.0446,241,3.8100
06440200,ifs,6,-0.0554,0.2708,0.3355,0.8462,241,4.3628
06441500,ifs,6,-0.3144,0.3846,0.3887,1.0046,241,3.9874
06447000,ifs,6,-0.2500,0.2530,0.2710,0.9699,241,3.7077
06447500,ifs,6,-0.2860,0.1508,0.1876,0.9741,241,4.3288
06450500,ifs,6,-0.0939,0.1672,0.2537,0.8838,241,4.7447
06452000,ifs,6,-0.1002,0.2997,0.3335,0.9436,241,3.7388
06453600,ifs,6,-0.0833,0.3329,0.3582,0.9903,241,5.5802
06464500,ifs,6,0.1398,0.2688,0.4154,0.8431,241,5.7176
06477500,ifs,6,-0.2324,0.1509,0.1986,0.9832,241,5.5283
06479215,ifs,6,-0.2243,0.0578,0.1490,1.1911,241,7.7340
06479438,ifs,6,-0.2421,0.0794,0.1625,1.2064,241,7.2350
06601000,ifs,6,-0.3614,0.1267,0.1781,1.2188,241,8.7137
06614800,ifs,6,0.0847,0.3066,0.3986,0.9067,241,5.1281
06622700,ifs,6,0.0458,0.3818,0.4222,0.9515,241,3.4748
06623800,ifs,6,0.1296,0.4188,0.4692,1.0521,241,3.5656
06632400,ifs,6,0.1596,0.4931,0.5224,1.0911,241,3.5472
06784000,ifs,6,-0.1766,0.0861,0.1782,0.8465,241,5.9387
06803510,ifs,6,-0.3681,0.1566,0.1786,1.0287,241,9.6254
06803530,ifs,6,-0.4837,0.1711,0.1861,1.1246,241,8.6001
06814000,ifs,6,-0.4651,0.2211,0.2306,1.1109,241,9.2115
06846500,ifs,6,-0.0345,0.2559,0.3341,0.8357,241,4.2278
06847900,ifs,6,-0.2785,0.1623,0.2092,0.8401,241,5.7043
06853800,ifs,6,-0.0134,0.2966,0.3545,0.9407,241,5.4004
06876700,ifs,6,-0.0783,-0.1720,0.1132,0.5430,241,10.2834
06878000,ifs,6,-0.1069,0.1656,0.2524,0.8469,241,8.4111
06879650,ifs,6,-0.0637,0.2235,0.3051,0.8333,241,9.9052
06885500,ifs,6,-0.2552,0.2693,0.2846,0.9399,241,9.8878
06888500,ifs,6,0.0050,0.2417,0.3380,0.8445,241,9.9869
06889200,ifs,6,0.0021,0.3281,0.3777,0.9470,241,9.0293
06889500,ifs,6,0.0574,0.3649,0.4162,0.9462,241,8.4787
06892000,ifs,6,0.0508,0.2887,0.3763,0.8932,241,9.0064
06903400,ifs,6,-0.3422,0.2482,0.2558,0.9891,241,10.9311
06906800,ifs,6,-0.0618,0.1333,0.2719,0.7220,241,11.1470
06910800,ifs,6,-0.0666,0.1947,0.2909,0.8028,241,9.8582
06911900,ifs,6,-0.0568,0.2155,0.3111,0.7811,241,10.3741
06917000,ifs,6,-0.2672,0.1229,0.1914,0.7852,241,12.3409
06918460,ifs,6,-0.1531,0.1763,0.2486,0.8310,241,10.7142
06919500,ifs,6,-0.1484,0.1787,0.2583,0.7927,241,10.1868
06921070,ifs,6,-0.1151,0.1082,0.2415,0.6982,241,12.0065
06921200,ifs,6,-0.0830,0.0670,0.2261,0.6973,241,12.5614
06934000,ifs,6,-0.1485,0.2580,0.2934,0.9581,241,9.2789
07014500,ifs,6,0.0060,0.1273,0.2846,0.7876,241,11.5512
07056000,ifs,6,-0.1933,0.1710,0.2225,0.9601,241,10.0073
07057500,ifs,6,-0.2080,0.1926,0.2338,1.0206,241,9.1492
07060710,ifs,6,-0.2142,0.1122,0.1756,0.9958,241,11.0851
07066000,ifs,6,-0.1690,0.3075,0.3369,1.1478,241,8.9484
07067000,ifs,6,-0.2091,0.3167,0.3464,1.1801,241,8.0519
07068000,ifs,6,-0.2279,0.3413,0.3787,1.2181,241,7.6217
07071500,ifs,6,-0.2609,0.2920,0.3210,1.1839,241,8.3059
07083000,ifs,6,-0.1000,0.3782,0.4299,1.2435,241,3.0233
07142300,ifs,6,-0.1589,0.0518,0.1602,0.8459,241,5.6476
07145700,ifs,6,0.0043,0.0897,0.2613,0.7953,241,11.5684
07148400,ifs,6,-0.1859,0.3240,0.3430,1.1172,241,4.8391
07149000,ifs,6,-0.4063,0.2005,0.2112,1.0556,241,4.9867
07151500,ifs,6,-0.0827,0.1735,0.2605,0.8912,241,8.1588
07167500,ifs,6,-0.5030,0.1310,0.1426,0.9559,241,9.6791
07180500,ifs,6,-0.1224,0.1331,0.2271,0.8415,241,8.5335
07184000,ifs,6,-0.0530,0.1266,0.2583,0.7748,241,13.4390
07195800,ifs,6,-0.1836,0.1335,0.1987,0.9768,241,11.9457
07196900,ifs,6,-0.4161,0.1620,0.1845,1.1258,241,11.5927
07197000,ifs,6,-0.4434,0.1981,0.2094,1.0964,241,11.2572
07208500,ifs,6,-0.1525,0.2648,0.5369,1.5487,241,2.7780
07226500,ifs,6,-0.9792,0.1773,0.2885,1.2668,241,3.4512
07261000,ifs,6,-0.1663,0.2312,0.2701,0.9840,241,9.7233
07263295,ifs,6,-0.1564,0.2960,0.3261,1.1217,241,9.9449
07290650,ifs,6,0.0239,0.3051,0.3733,0.9170,241,9.4579
07291000,ifs,6,-0.0502,0.3001,0.3477,0.9183,241,9.9366
07292500,ifs,6,-0.0556,0.3038,0.3496,0.9081,241,10.0373
07295000,ifs,6,-0.0103,0.2644,0.3414,0.8814,241,11.1095
07299670,ifs,6,-0.4527,0.1193,0.1410,1.0903,241,5.4861
07301410,ifs,6,0.0826,0.3508,0.4248,1.1448,241,5.3534
07301500,ifs,6,-0.1774,0.3652,0.4608,1.3261,241,3.5114
07315200,ifs,6,-0.0089,0.3726,0.4016,1.0293,241,6.7944
07315700,ifs,6,-0.6061,0.1405,0.2490,1.4143,241,7.5165
07335700,ifs,6,-0.0480,0.1148,0.2506,0.7969,241,11.1988
07340300,ifs,6,-0.3569,0.2671,0.2707,1.0032,241,9.6720
07346045,ifs,6,-0.8741,0.1596,0.2707,1.3454,241,9.8762
07359610,ifs,6,-0.1988,0.1738,0.2318,0.8576,241,11.2868
07362100,ifs,6,-0.6960,0.1091,0.4572,1.5940,241,9.2020
07362587,ifs,6,-0.0046,0.2527,0.3341,0.9088,241,10.3650
07373000,ifs,6,-0.1021,0.2477,0.2968,1.0066,241,9.5388
07375000,ifs,6,0.0008,0.1133,0.2785,0.7655,241,13.5715
07376000,ifs,6,0.0441,0.1078,0.3058,0.7425,241,11.6280
08013000,ifs,6,-0.0240,0.1942,0.2978,0.8624,241,10.2848
08014500,ifs,6,0.0545,0.3588,0.4176,0.8796,241,9.5961
08023080,ifs,6,0.0235,0.4238,0.5786,1.3733,241,9.1747
08025500,ifs,6,0.1725,0.2092,0.4269,0.7930,241,10.1547
08029500,ifs,6,0.0251,0.1250,0.3048,0.7259,241,11.4024
08050800,ifs,6,0.1704,0.3676,0.4660,0.8916,241,8.6975
08066200,ifs,6,-0.0809,-0.0060,0.1931,0.6443,241,14.5886
08066300,ifs,6,0.0039,-0.1356,0.1867,0.5887,241,17.6606
08070000,ifs,6,-0.2217,0.2556,0.2925,0.8299,241,10.0024
08070200,ifs,6,-0.1552,0.2496,0.3069,0.7939,241,9.9533
08079600,ifs,6,-0.5355,0.1942,0.2731,1.3445,241,3.7403
08082700,ifs,6,-0.5046,0.1467,0.1785,1.2121,241,6.5533
08086212,ifs,6,-0.3830,0.2651,0.2849,1.1661,241,7.2487
08086290,ifs,6,-0.6835,0.1957,0.2588,1.2880,241,7.9584
08101000,ifs,6,-0.4891,0.2721,0.3148,1.2329,241,7.4794
08103900,ifs,6,0.1802,0.3286,0.4595,0.8557,241,8.3881
08104900,ifs,6,0.1135,0.2090,0.3859,0.7674,241,9.8706
08109700,ifs,6,0.0881,0.2640,0.3793,0.9130,241,10.1076
08150800,ifs,6,0.1045,0.1289,0.3669,0.6606,241,10.0365
08155200,ifs,6,-0.4873,0.2137,0.2185,1.0711,241,10.0769
08158700,ifs,6,-0.3346,0.2362,0.2467,1.0229,241,8.9639
08158810,ifs,6,-0.6221,0.2509,0.2613,1.0843,241,9.4005
08164000,ifs,6,-0.0443,0.3242,0.3612,0.9930,241,7.5588
08164300,ifs,6,0.1134,0.2396,0.3900,0.8291,241,9.0543
08164600,ifs,6,-0.3624,0.2853,0.2896,1.0650,241,8.7008
08165300,ifs,6,0.1240,0.0875,0.3732,0.6442,241,8.9037
08171300,ifs,6,-0.1281,0.2523,0.2936,0.9732,241,8.9254
08175000,ifs,6,0.2139,0.4309,0.5116,0.8949,241,7.6953
08176900,ifs,6,0.0666,0.4612,0.4805,1.0846,241,6.6446
08178880,ifs,6,0.0474,-0.0055,0.2698,0.6609,241,10.3789
08189500,ifs,6,-0.0879,0.1750,0.2580,0.9129,241,7.6922
08190000,ifs,6,0.1434,-0.0016,0.3998,0.5701,241,13.3253
08190500,ifs,6,0.1787,0.0540,0.4433,0.6048,241,12.4651
08194200,ifs,6,-0.0165,0.1254,0.2702,0.7937,241,8.7340
08195000,ifs,6,0.1411,-0.0166,0.4050,0.5624,241,12.0422
08196000,ifs,6,0.1367,-0.0178,0.3961,0.5897,241,13.8232
08198500,ifs,6,0.1427,0.0139,0.3994,0.5788,241,11.5923
08200000,ifs,6,0.0705,-0.0323,0.2907,0.6233,241,11.6125
08202700,ifs,6,0.1146,-0.0110,0.3576,0.5835,241,12.1472
08267500,ifs,6,0.1421,0.4216,0.4762,1.0727,241,3.5086
08269000,ifs,6,-0.0146,0.3782,0.5070,1.3788,241,2.8284
08271000,ifs,6,0.1616,0.4154,0.4781,1.0154,241,3.6118
08324000,ifs,6,-0.6649,0.0266,0.3573,1.7031,241,2.9756
08377900,ifs,6,-0.0489,0.2807,0.4794,1.4953,241,3.8273
08378500,ifs,6,0.0287,0.3438,0.4943,1.4113,241,3.2306
08380500,ifs,6,-0.3304,0.1834,0.4885,1.6054,241,3.5202
09034900,ifs,6,0.1528,0.2409,0.4288,0.7613,241,3.6300
09035900,ifs,6,0.0881,0.3860,0.4380,0.9450,241,2.7831
09047700,ifs,6,-0.1195,0.3789,0.4114,1.1892,241,2.9265
09065500,ifs,6,-0.0930,0.3533,0.3719,1.0445,241,3.1100
09066000,ifs,6,0.0169,0.4203,0.4448,1.1007,241,2.5135
09066200,ifs,6,-0.2543,0.2915,0.3028,1.0619,241,3.5273
09066300,ifs,6,-0.1851,0.3100,0.3248,1.0408,241,3.3365
09081600,ifs,6,0.2862,0.4145,0.5430,0.9666,241,3.6673
09107000,ifs,6,0.0468,0.3943,0.5151,1.3604,241,2.3999
09210500,ifs,6,0.0173,0.4533,0.4642,1.0589,241,2.3028
09223000,ifs,6,0.0156,0.4809,0.4993,1.1353,241,2.8271
09306242,ifs,6,-0.3266,0.1404,0.3380,1.5478,241,3.2447
09312600,ifs,6,-0.0343,0.3286,0.3739,1.1182,241,3.1450
09352900,ifs,6,0.2340,0.4740,0.5617,1.2373,241,3.8537
09378170,ifs,6,0.2183,0.3873,0.5061,0.8152,241,3.0760
09378630,ifs,6,0.2228,0.3615,0.5029,0.7899,241,3.2278
09386900,ifs,6,-1.0792,-0.0500,0.2789,1.6902,241,3.2715
09404450,ifs,6,-0.3979,0.3763,0.4362,1.1757,241,3.4612
09430500,ifs,6,0.0905,0.4893,0.5683,1.2712,241,2.1820
09430600,ifs,6,-0.1212,0.3969,0.4408,1.2259,241,3.1657
09447800,ifs,6,-0.9535,0.1781,0.2805,1.2714,241,2.2963
09480000,ifs,6,0.0735,0.4450,0.4674,1.0349,241,3.3827
09484000,ifs,6,-0.3594,0.2289,0.2724,1.2442,241,3.8799
09484600,ifs,6,0.1553,0.3370,0.4511,0.8453,241,2.7430
09492400,ifs,6,0.1503,0.4460,0.4962,1.1177,241,4.3607
09494000,ifs,6,-0.0669,0.4246,0.4988,1.2788,241,3.4916
09497800,ifs,6,-0.1337,0.3898,0.3975,1.0728,241,3.2077
09497980,ifs,6,0.1362,0.4598,0.4918,0.9965,241,3.2962
09505200,ifs,6,0.1371,0.5166,0.5315,1.0794,241,2.8645
09505350,ifs,6,0.2028,0.4650,0.5196,0.9230,241,2.8607
09505800,ifs,6,0.2755,0.5893,0.6097,1.0980,241,2.7860
09508300,ifs,6,-0.1682,0.4538,0.4590,1.0083,241,3.2900
09510200,ifs,6,-0.4782,0.2195,0.2214,1.0144,241,3.7483
09512280,ifs,6,-0.6898,0.1007,0.2509,1.4850,241,3.5959
09513780,ifs,6,-0.8325,0.1127,0.2250,1.4014,241,3.4941
10023000,ifs,6,0.3459,0.4224,0.5919,0.8440,241,2.8949
10166430,ifs,6,0.1961,0.2963,0.4729,0.7507,241,3.1983
10172700,ifs,6,0.0296,0.3801,0.4160,0.9686,241,2.6823
10172800,ifs,6,0.1572,0.4108,0.4829,0.8631,241,3.3467
10173450,ifs,6,0.1710,0.5649,0.5861,1.1342,241,3.2534
10205030,ifs,6,0.0985,0.3913,0.4429,0.9867,241,2.8779
10234500,ifs,6,0.3550,0.5486,0.6227,0.8619,241,2.7817
10242000,ifs,6,0.3874,0.5618,0.6414,0.8648,241,2.9475
10244950,ifs,6,0.1174,0.4143,0.4613,0.9921,241,2.6750
10249300,ifs,6,-0.1689,0.4080,0.4335,1.1697,241,2.4371
10258000,ifs,6,0.2226,0.4556,0.5395,1.2093,241,3.1348
10258500,ifs,6,-0.5093,0.0755,0.5272,1.6816,241,2.2294
10259000,ifs,6,0.0168,0.4881,0.5106,1.1499,241,2.7258
10259200,ifs,6,-0.3211,0.0188,0.4425,1.7932,241,2.2990
10263500,ifs,6,0.3765,0.1337,0.6724,0.4510,241,4.6200
10310500,ifs,6,0.5031,0.5606,0.7145,0.7569,241,2.5542
10316500,ifs,6,0.2274,0.1541,0.5041,0.5715,241,3.2558
10329500,ifs,6,0.2430,0.3163,0.5060,0.7603,241,2.8390
10336645,ifs,6,0.6152,0.5703,0.7905,0.7564,241,5.0794
10336660,ifs,6,0.5994,0.4971,0.7886,0.6935,241,5.6428
10343500,ifs,6,0.4449,0.5243,0.6807,0.7138,241,4.0114
10348850,ifs,6,0.4207,0.1284,0.7843,0.4431,241,6.9131
10396000,ifs,6,0.2111,0.4784,0.5282,0.9344,241,2.9752
11098000,ifs,6,0.4311,0.1753,0.7131,0.4552,241,6.1481
11124500,ifs,6,0.3688,0.3676,0.6092,0.7307,241,5.4926
11141280,ifs,6,0.5463,0.5135,0.7416,0.7004,241,4.2350
11143000,ifs,6,0.3824,0.1004,0.6839,0.3830,241,7.9331
11148900,ifs,6,0.5836,0.3367,0.8122,0.5480,241,3.5152
11151300,ifs,6,0.6322,0.4633,0.8088,0.6122,241,2.2615
11162500,ifs,6,0.3941,0.3169,0.6391,0.6152,241,4.9249
11176400,ifs,6,0.4507,0.4482,0.6767,0.6626,241,2.5023
11180500,ifs,6,0.3628,0.5667,0.6285,0.8895,241,3.0354
11180960,ifs,6,0.2950,0.3815,0.5571,0.7280,241,3.8332
11224500,ifs,6,0.5008,0.6122,0.7154,0.8137,241,2.2943
11253310,ifs,6,0.3258,0.6463,0.6539,0.9324,241,2.1733
11264500,ifs,6,-0.1406,0.4530,0.6298,1.1780,241,5.0570
11266500,ifs,6,-0.0290,0.5261,0.6205,1.1060,241,5.1755
11274500,ifs,6,0.5361,0.5575,0.7372,0.7098,241,2.1961
11274630,ifs,6,0.4501,0.5430,0.6810,0.7539,241,2.1743
11284400,ifs,6,0.4281,0.7112,0.7439,1.0915,241,3.8245
11299600,ifs,6,0.3452,0.6546,0.7206,1.1505,241,3.9982
11381500,ifs,6,0.4076,0.3180,0.6521,0.6020,241,6.9482
11383500,ifs,6,0.3440,0.3152,0.5948,0.6180,241,7.4234
11451100,ifs,6,0.4405,0.6310,0.6993,0.8042,241,3.8675
11468500,ifs,6,0.4403,0.5361,0.6715,0.7766,241,4.9864
11473900,ifs,6,0.4394,0.4631,0.6678,0.7020,241,5.1320
11475560,ifs,6,0.4293,0.1683,0.7236,0.4459,241,9.8416
11476600,ifs,6,0.4116,0.7012,0.7042,0.9581,241,5.6256
11478500,ifs,6,0.4355,0.5419,0.6726,0.7625,241,5.5274
11480390,ifs,6,0.4285,0.5051,0.6635,0.7385,241,5.2361
11481200,ifs,6,0.4275,0.6562,0.6850,0.9199,241,6.0010
11482500,ifs,6,0.5194,0.5578,0.7236,0.7797,241,6.1600
11522500,ifs,6,0.5294,0.7384,0.7521,0.9399,241,4.0878
11523200,ifs,6,0.2224,0.4389,0.5624,0.6816,241,5.7880
11528700,ifs,6,0.4146,0.4880,0.6577,0.7013,241,4.6203
11532500,ifs,6,0.5056,0.4759,0.7193,0.7350,241,7.7591
12010000,ifs,6,0.3569,0.3195,0.6236,0.6422,241,9.1286
12013500,ifs,6,0.4110,0.4573,0.6523,0.7458,241,6.8510
12020000,ifs,6,0.4603,0.4960,0.6907,0.7236,241,5.4908
12025000,ifs,6,0.4555,0.5138,0.6817,0.7888,241,5.3106
12025700,ifs,6,0.4163,0.6275,0.6671,0.9685,241,4.9520
12035000,ifs,6,0.3075,0.3888,0.5837,0.6753,241,9.1889
12040500,ifs,6,0.4338,0.5410,0.6766,0.7620,241,9.5663
12041200,ifs,6,0.3941,0.4042,0.6493,0.6615,241,10.8736
12043000,ifs,6,0.3719,0.4243,0.6301,0.6957,241,8.7172
12048000,ifs,6,0.0896,0.4560,0.5159,1.2361,241,4.9872
12054000,ifs,6,0.3576,0.4424,0.6031,0.8413,241,7.1466
12056500,ifs,6,0.3705,0.4983,0.6267,0.7827,241,9.3896
12073500,ifs,6,-0.0792,0.3731,0.3898,0.9388,241,5.8953
12082500,ifs,6,0.5020,0.5714,0.7123,0.8384,241,6.7433
12092000,ifs,6,0.4585,0.5182,0.6820,0.8167,241,7.0967
12095000,ifs,6,0.3532,0.6242,0.6429,1.0330,241,5.9280
12114500,ifs,6,0.4981,0.3684,0.7506,0.6329,241,8.1577
12115000,ifs,6,0.4962,0.3737,0.7467,0.6406,241,8.1306
12115500,ifs,6,0.4588,0.3958,0.7035,0.7070,241,8.4552
12117000,ifs,6,0.4433,0.4107,0.6851,0.7302,241,8.4860
12141300,ifs,6,0.4877,0.4389,0.7201,0.7336,241,9.5363
12143600,ifs,6,0.4805,0.4618,0.7075,0.7799,241,9.0206
12144000,ifs,6,0.4838,0.4895,0.7048,0.8103,241,8.4192
12145500,ifs,6,0.4130,0.4531,0.6536,0.7518,241,7.0837
12147600,ifs,6,0.5372,0.4553,0.7614,0.7100,241,11.1060
12167000,ifs,6,0.4851,0.5906,0.7017,0.8611,241,8.0417
12175500,ifs,6,0.4431,0.6941,0.7033,0.9757,241,5.8768
12186000,ifs,6,0.5309,0.5793,0.7346,0.8038,241,7.9558
12189500,ifs,6,0.4821,0.6524,0.7071,0.9124,241,7.0377
12358500,ifs,6,0.1938,0.2868,0.5020,0.6287,241,6.1937
12377150,ifs,6,0.3480,0.2586,0.6557,0.5017,241,5.2689
12381400,ifs,6,0.4501,0.3573,0.7166,0.5750,241,4.4449
12390700,ifs,6,0.1066,0.4778,0.5135,0.8371,241,4.3439
12411000,ifs,6,0.2077,0.3741,0.5092,0.7493,241,4.7334
12414500,ifs,6,0.4064,0.5193,0.6576,0.7524,241,4.3251
12447390,ifs,6,-0.1450,0.2924,0.4022,1.3736,241,2.9574
12451000,ifs,6,0.1687,0.5651,0.6574,1.2132,241,5.0814
12488500,ifs,6,0.5378,0.5332,0.7407,0.7936,241,5.4773
13011500,ifs,6,0.1081,0.5106,0.5303,1.1243,241,3.4384
13011900,ifs,6,0.1049,0.4990,0.5228,1.1338,241,3.3159
13018300,ifs,6,0.1476,0.3898,0.4668,0.8856,241,3.4010
13023000,ifs,6,-0.1039,0.4117,0.4436,1.1904,241,3.1828
13161500,ifs,6,0.0368,0.4214,0.4974,1.2817,241,2.0821
13235000,ifs,6,0.2736,0.5785,0.5990,0.9321,241,3.7223
13240000,ifs,6,0.1374,0.4732,0.5227,0.8110,241,5.2903
13310700,ifs,6,0.2711,0.5992,0.6145,0.9096,241,3.7204
13313000,ifs,6,0.2806,0.4161,0.5677,0.7181,241,4.4240
13331500,ifs,6,0.4313,0.6120,0.6804,0.8435,241,3.7743
13337000,ifs,6,0.5673,0.6635,0.7651,0.8042,241,3.9147
13338500,ifs,6,0.1416,0.5570,0.5588,1.0273,241,4.2204
13340000,ifs,6,0.4707,0.6794,0.7130,0.8976,241,3.6564
13340600,ifs,6,0.5364,0.5605,0.7434,0.7303,241,4.5641
14020000,ifs,6,0.5110,0.7282,0.7407,0.9525,241,3.3831
14092750,ifs,6,0.1770,0.4404,0.8049,1.1976,241,5.1575
14096850,ifs,6,-0.3921,0.1890,0.7075,1.3974,241,4.1772
14137000,ifs,6,0.6371,0.8180,0.8204,0.9720,241,5.1690
14138800,ifs,6,0.6716,0.6746,0.8239,0.8170,241,6.6938
14138870,ifs,6,0.6683,0.7048,0.8194,0.8811,241,6.9667
14138900,ifs,6,0.6547,0.5554,0.8314,0.7497,241,8.4333
14139800,ifs,6,0.6485,0.7036,0.8079,0.8612,241,6.9716
14141500,ifs,6,0.6431,0.8006,0.8114,1.0000,241,6.0080
14154500,ifs,6,0.4068,0.7076,0.7102,1.0322,241,4.3140
14158500,ifs,6,0.3853,0.7071,0.7260,0.9853,241,5.5762
14158790,ifs,6,0.5433,0.6648,0.7486,0.8328,241,6.1449
14166500,ifs,6,0.4272,0.6231,0.6748,0.8985,241,4.8541
14182500,ifs,6,0.4201,0.7154,0.7204,0.9590,241,6.1840
14185000,ifs,6,0.3287,0.6833,0.7014,1.0034,241,5.8914
14185900,ifs,6,0.4885,0.7036,0.7390,0.8627,241,6.1803
14187000,ifs,6,0.3594,0.6443,0.6643,0.8952,241,5.9944
14216500,ifs,6,0.5990,0.6643,0.7786,0.8262,241,5.8962
14222500,ifs,6,0.5790,0.4432,0.8020,0.6927,241,9.6755
14236200,ifs,6,0.5341,0.5867,0.7336,0.8600,241,5.8679
14301000,ifs,6,0.5671,0.5114,0.7683,0.7376,241,5.8825
14303200,ifs,6,0.5543,0.4589,0.7639,0.6498,241,7.7618
14305500,ifs,6,0.4211,0.3678,0.6673,0.6450,241,10.4770
14306340,ifs,6,0.3963,0.6118,0.6695,0.8305,241,5.5106
14306500,ifs,6,0.4569,0.6288,0.6957,0.8509,241,5.6374
14308990,ifs,6,0.4816,0.6956,0.7451,1.1660,241,3.2366
14309500,ifs,6,0.5589,0.5673,0.7534,0.7375,241,4.4712
14316700,ifs,6,0.3374,0.6719,0.7112,1.1001,241,4.3243
14325000,ifs,6,0.4510,0.5587,0.6826,0.7902,241,6.2231
14362250,ifs,6,0.1501,0.5247,0.6736,1.2672,241,3.8364
14400000,ifs,6,0.4353,0.4753,0.6677,0.7154,241,8.4959
01013500,ifs,7,-0.3958,0.2783,0.3650,1.3345,241,6.5087
01022500,ifs,7,-0.5949,0.2379,0.2922,1.2606,241,7.9617
01030500,ifs,7,-0.5342,0.2604,0.2959,1.2128,241,6.7067
01031500,ifs,7,-0.7684,0.1675,0.3143,1.4137,241,7.5618
01047000,ifs,7,-0.5291,0.2666,0.3749,1.3389,241,7.5634
01052500,ifs,7,-0.6341,0.1288,0.1812,1.2973,241,7.1127
01054200,ifs,7,-0.4018,0.1865,0.2121,1.1611,241,8.5506
01055000,ifs,7,-0.4749,0.2853,0.3110,1.1797,241,6.9636
01057000,ifs,7,-0.4022,0.2226,0.2381,1.1274,241,7.1526
01073000,ifs,7,-0.4813,0.2082,0.2203,1.1271,241,7.3576
01078000,ifs,7,-0.4245,0.1936,0.2103,1.1234,241,7.4872
01118300,ifs,7,-0.1719,0.1375,0.2100,0.8862,241,12.4608
01121000,ifs,7,-0.0941,0.3311,0.3574,0.9324,241,8.6079
01123000,ifs,7,-0.1542,0.2930,0.3291,0.8479,241,9.2950
01134500,ifs,7,-0.4225,0.1925,0.2058,1.0918,241,7.7420
01137500,ifs,7,-0.4875,0.1029,0.1501,1.2471,241,7.9417
01139000,ifs,7,-0.5254,0.1107,0.1387,1.1810,241,7.6338
01139800,ifs,7,-0.3847,0.1521,0.1729,0.9660,241,8.1279
01142500,ifs,7,-0.4403,0.1858,0.2107,1.1739,241,6.9057
01144000,ifs,7,-0.3041,0.2264,0.2425,1.0262,241,7.0836
01169000,ifs,7,-0.7222,0.1993,0.2452,1.2367,241,9.0884
01170100,ifs,7,-0.7803,0.1789,0.2448,1.2833,241,9.0079
01181000,ifs,7,-0.2484,0.3555,0.3582,1.0518,241,8.4263
01187300,ifs,7,-0.5053,0.2873,0.3360,1.2319,241,8.0927
01195100,ifs,7,-0.0263,0.2343,0.3277,0.8112,241,9.7092
01333000,ifs,7,-0.2286,0.2799,0.3099,1.1630,241,7.7356
01350000,ifs,7,-0.0359,0.1672,0.2698,0.9999,241,10.2509
01350080,ifs,7,-0.0964,0.2279,0.2860,1.0302,241,8.2382
01350140,ifs,7,-0.2159,0.2176,0.2500,1.0095,241,8.2178
01365000,ifs,7,-0.0711,0.3401,0.3717,1.1040,241,8.6774
01411300,ifs,7,-0.1179,0.0576,0.1778,0.8579,241,11.3701
01413500,ifs,7,0.0144,0.2183,0.3232,0.9032,241,9.4509
01414500,ifs,7,0.0009,0.2250,0.3175,0.9793,241,10.1299
01415000,ifs,7,-0.0419,0.3004,0.3468,0.9981,241,8.0004
01423000,ifs,7,-0.0104,0.2950,0.3540,0.9535,241,7.7926
01434025,ifs,7,0.0064,0.2447,0.3331,0.9187,241,10.6534
01435000,ifs,7,0.0040,0.2814,0.3501,0.9755,241,10.0437
01439500,ifs,7,-0.2664,0.2129,0.2452,0.8772,241,8.5522
01440000,ifs,7,-0.1228,0.2342,0.2964,0.8307,241,8.5233
01440400,ifs,7,-0.2437,0.1416,0.2104,0.7885,241,9.3656
01451800,ifs,7,-0.3482,0.2812,0.2841,1.0213,241,7.9132
01466500,ifs,7,-0.2635,0.2091,0.2353,0.9710,241,8.0548
01484100,ifs,7,-0.2329,0.1866,0.2245,1.0310,241,8.6250
01485500,ifs,7,-0.5012,0.2090,0.2123,0.9472,241,11.4769
01486000,ifs,7,-0.3188,0.2372,0.2505,0.9483,241,11.0515
01487000,ifs,7,-0.1874,0.1839,0.2325,1.0280,241,8.9821
01491000,ifs,7,-0.4846,0.2063,0.2247,1.1634,241,7.5216
01510000,ifs,7,-0.0939,0.2926,0.3312,0.9282,241,7.5986
01516500,ifs,7,-0.1922,0.3381,0.3454,0.9837,241,6.2114
01518862,ifs,7,-0.2997,0.2318,0.2622,0.8354,241,6.9784
01532000,ifs,7,-0.1010,0.2826,0.3212,0.9540,241,7.2981
01539000,ifs,7,-0.4329,0.2389,0.2412,1.0009,241,8.6577
01542810,ifs,7,-0.3570,0.2697,0.2793,0.9006,241,7.6229
01543000,ifs,7,-0.4258,0.2770,0.2831,0.9060,241,7.5607
01543500,ifs,7,-0.3519,0.2421,0.2623,0.8539,241,7.9291
01544500,ifs,7,-0.2735,0.2683,0.2873,0.8850,241,7.0555
01545600,ifs,7,-0.3151,0.2487,0.2623,0.9225,241,7.3790
01547700,ifs,7,-0.0810,0.0397,0.1963,0.7616,241,11.1284
01548500,ifs,7,-0.2527,0.2910,0.3088,0.8819,241,6.5652
01549500,ifs,7,-0.2496,0.3037,0.3112,1.0169,241,7.3215
01550000,ifs,7,-0.2114,0.2734,0.2924,1.0277,241,8.0389
01552000,ifs,7,-0.0967,0.2202,0.2868,0.8842,241,8.7305
01552500,ifs,7,-0.2756,0.2572,0.2728,0.9344,241,7.8978
01557500,ifs,7,-0.0379,0.1146,0.2725,0.7178,241,9.5923
01567500,ifs,7,-0.2661,0.1132,0.1725,0.8610,241,8.7448
01568000,ifs,7,-0.3235,0.2035,0.2263,0.9044,241,7.9135
01580000,ifs,7,-0.3857,0.1232,0.1565,0.8777,241,7.3046
01583500,ifs,7,-0.3812,0.1509,0.1728,0.9550,241,7.2422
01586610,ifs,7,-0.3806,0.1617,0.1820,0.9447,241,7.3274
01591400,ifs,7,-0.1350,0.1095,0.2272,0.7377,241,8.6340
01596500,ifs,7,-0.2258,0.0808,0.1609,0.8461,241,8.0808
01605500,ifs,7,-0.4060,0.1059,0.1461,0.8319,241,7.8918
01606500,ifs,7,-0.4452,0.1318,0.1570,0.8690,241,7.4533
01613050,ifs,7,-0.3720,0.0681,0.1240,0.8171,241,7.7258
01620500,ifs,7,-0.4359,0.1984,0.2054,1.0218,241,6.7546
01632000,ifs,7,-0.2655,0.0277,0.1510,0.6710,241,8.0062
01632900,ifs,7,-0.1878,0.0371,0.1864,0.6437,241,7.4855
01634500,ifs,7,-0.2278,-0.0343,0.1138,0.6715,241,7.6865
01638480,ifs,7,-0.1367,0.0928,0.2138,0.7460,241,7.3134
01639500,ifs,7,-0.2637,0.1470,0.1947,0.8888,241,6.8918
01644000,ifs,7,-0.3590,0.0523,0.1319,0.7312,241,7.5156
01658500,ifs,7,-0.2665,0.1944,0.2325,0.8654,241,8.1438
01664000,ifs,7,-0.3287,0.0752,0.1541,0.7382,241,7.9153
01666500,ifs,7,-0.3513,0.1333,0.1828,0.7967,241,7.9533
01667500,ifs,7,-0.3115,0.1779,0.2198,0.8204,241,7.4878
01669000,ifs,7,-0.1857,0.1573,0.2168,0.9235,241,8.8097
01669520,ifs,7,-0.1737,0.1592,0.2216,0.9188,241,8.7141
02011400,ifs,7,-0.4505,0.1544,0.1778,0.8529,241,7.1976
02011460,ifs,7,-0.4211,0.1441,0.1698,0.8700,241,7.5656
02013000,ifs,7,-0.4627,0.1372,0.1567,0.8918,241,7.5793
02014000,ifs,7,-0.8075,0.1541,0.1569,0.9972,241,7.5384
02015700,ifs,7,-0.4334,0.1503,0.1658,0.9557,241,7.3495
02016000,ifs,7,-0.5224,0.1840,0.1878,0.9569,241,6.6708
02017500,ifs,7,-1.2399,0.1085,0.1646,1.1165,241,7.4298
02018000,ifs,7,-1.0668,0.1440,0.1872,1.1305,241,6.8204
02027000,ifs,7,-0.5593,0.2208,0.2447,1.1893,241,6.5093
02027500,ifs,7,-0.4130,0.2463,0.2556,1.1051,241,6.4831
02028500,ifs,7,-0.6170,0.1353,0.1399,0.9375,241,7.1174
02038850,ifs,7,-0.2459,0.3245,0.3298,0.9614,241,6.5871
02046000,ifs,7,-0.2686,0.2237,0.2455,0.9765,241,7.7157
02051000,ifs,7,-0.0318,0.3082,0.3605,0.8900,241,7.4395
02051500,ifs,7,-0.0335,0.3250,0.3682,0.9155,241,6.7915
02053200,ifs,7,-0.0071,0.2929,0.3554,0.9236,241,7.2830
02053800,ifs,7,-0.1442,0.2893,0.3256,0.8648,241,5.7138
02055100,ifs,7,-1.1901,0.0317,0.1814,1.4395,241,7.0695
02056900,ifs,7,-0.1594,0.3148,0.3380,0.8940,241,6.3984
02059500,ifs,7,-0.3862,0.3590,0.3661,1.0394,241,5.4700
02064000,ifs,7,-0.6041,0.2823,0.3563,1.2420,241,6.7628
02065500,ifs,7,-0.7502,0.2483,0.3973,1.2908,241,6.9676
02069700,ifs,7,-0.3117,0.2234,0.2501,0.8558,241,8.0642
02070000,ifs,7,-0.2483,0.2340,0.2735,0.8202,241,7.7736
02074500,ifs,7,-0.3053,0.2208,0.2404,1.0730,241,8.4804
02077200,ifs,7,-0.3648,0.2774,0.2812,1.0519,241,6.4484
02081500,ifs,7,-0.0404,0.3523,0.3806,0.9855,241,6.4594
02082950,ifs,7,-0.1882,0.3580,0.3863,1.1847,241,5.9345
02092500,ifs,7,-0.1738,0.3287,0.3431,1.0723,241,6.7732
02096846,ifs,7,0.0275,0.2614,0.3547,0.8694,241,8.8544
02102908,ifs,7,-0.0287,0.1147,0.2723,0.7282,241,8.4860
02108000,ifs,7,-0.0250,0.3600,0.3896,0.9697,241,6.5419
02111180,ifs,7,0.0063,0.2116,0.3314,0.7906,241,7.4108
02111500,ifs,7,-0.0991,0.1660,0.2724,0.7550,241,7.6773
02118500,ifs,7,-0.0802,0.2913,0.3560,0.7828,241,6.4863
02128000,ifs,7,-0.0366,0.2660,0.3434,0.8154,241,6.6942
02137727,ifs,7,0.0060,0.1686,0.3069,0.7938,241,8.3467
02140991,ifs,7,0.0146,0.2102,0.3372,0.7761,241,7.0974
02143000,ifs,7,-0.1643,0.1562,0.2469,0.7547,241,7.6197
02143040,ifs,7,-0.2004,0.1980,0.2603,0.7932,241,7.6757
02149000,ifs,7,-0.0043,0.0261,0.2644,0.6161,241,9.8992
02152100,ifs,7,-0.2804,0.2358,0.2687,0.8304,241,7.5517
02177000,ifs,7,-0.1964,0.1568,0.2323,0.7870,241,9.8098
02178400,ifs,7,-0.2558,0.2394,0.2763,0.8242,241,8.5216
02193340,ifs,7,-0.1726,0.2537,0.2866,0.9351,241,7.8618
02196000,ifs,7,-0.0743,0.1451,0.2691,0.7439,241,8.3187
02198100,ifs,7,0.0036,0.0710,0.2723,0.6932,241,10.3993
02202600,ifs,7,-0.7462,0.1208,0.1237,1.0706,241,7.8916
02212600,ifs,7,-0.1984,0.1632,0.2380,0.7781,241,9.3151
02215100,ifs,7,-0.1711,0.1186,0.2110,0.7918,241,9.1327
02216180,ifs,7,-0.0193,0.0700,0.2487,0.7424,241,10.0284
02221525,ifs,7,-0.1984,0.2769,0.3119,0.8353,241,8.3200
02231000,ifs,7,-0.4242,0.2045,0.2203,0.8749,241,7.9875
02231342,ifs,7,-0.2343,0.1946,0.2317,0.9357,241,7.5333
02235200,ifs,7,-0.1727,0.2587,0.3082,0.8099,241,7.4089
02245500,ifs,7,-0.3717,0.2923,0.2933,0.9793,241,7.6918
02246000,ifs,7,-0.8239,0.1993,0.2165,0.9280,241,7.9699
02296500,ifs,7,-0.2179,0.3167,0.3343,0.8802,241,6.7144
02297155,ifs,7,-0.3672,-0.0009,0.0744,0.7985,241,10.2236
02297310,ifs,7,-0.4012,0.0393,0.1067,0.7660,241,9.4116
02298123,ifs,7,-0.3294,0.1128,0.1559,0.8948,241,8.2724
02298608,ifs,7,-0.3946,-0.0131,0.0707,0.7442,241,10.1057
02299950,ifs,7,-0.5167,0.0010,0.0427,0.8474,241,9.7250
02300700,ifs,7,-0.3688,0.0449,0.0989,0.8699,241,10.9403
02310947,ifs,7,-0.3014,0.1572,0.2030,0.8328,241,8.7776
02312200,ifs,7,-0.0556,0.1465,0.2591,0.8505,241,9.5586
02314500,ifs,7,0.0827,0.2031,0.3692,0.7708,241,7.3937
02315500,ifs,7,0.0405,0.2409,0.3639,0.7886,241,6.9065
02324400,ifs,7,0.0482,0.0750,0.3093,0.6757,241,10.1266
02327100,ifs,7,-0.1168,-0.0391,0.1728,0.6151,241,9.3873
02349900,ifs,7,-0.0921,0.0850,0.2345,0.7027,241,9.8547
02350900,ifs,7,-0.2756,0.1398,0.2062,0.7728,241,8.4294
02361000,ifs,7,-0.2494,0.0813,0.1711,0.7598,241,7.9628
02363000,ifs,7,-0.2505,0.0853,0.1682,0.7837,241,8.7940
02369800,ifs,7,-0.0484,-0.1425,0.1773,0.5103,241,13.2013
02371500,ifs,7,-0.1534,0.0143,0.1569,0.7329,241,10.0649
02372250,ifs,7,-0.1605,0.0380,0.1796,0.6980,241,9.7981
02374500,ifs,7,-0.1219,-0.0656,0.1432,0.6298,241,10.5718
02381600,ifs,7,-0.9589,0.0839,0.0938,0.8900,241,14.1915
02384540,ifs,7,-0.4174,0.1387,0.1704,0.8384,241,10.4034
02395120,ifs,7,-2.9726,-0.2417,0.0614,1.2135,241,14.8996
02408540,ifs,7,-0.3570,0.2253,0.2527,0.8234,241,11.1068
02415000,ifs,7,-0.0355,0.3306,0.4023,0.7490,241,10.5516
02422500,ifs,7,-0.8471,0.2099,0.2406,1.1055,241,11.8494
02427250,ifs,7,-0.1630,0.1933,0.2561,0.8452,241,8.2368
02430085,ifs,7,-0.5750,0.0993,0.1267,1.1921,241,10.7906
02450250,ifs,7,-0.4445,0.1913,0.1987,0.9741,241,11.7177
02464000,ifs,7,-0.6182,0.1461,0.1485,1.0377,241,14.2449
02465493,ifs,7,-0.8423,0.2182,0.2579,1.1283,241,11.5473
02469800,ifs,7,-0.1575,0.1750,0.2499,0.8142,241,9.7533
02472000,ifs,7,0.0438,0.1426,0.3154,0.7812,241,10.2105
02472500,ifs,7,0.0044,0.0619,0.2666,0.7088,241,11.3393
02479155,ifs,7,-0.0255,-0.0118,0.2054,0.7162,241,13.3286
02479300,ifs,7,0.0431,-0.0711,0.2631,0.5972,241,17.0815
02481000,ifs,7,0.0297,-0.1229,0.2433,0.5415,241,20.6443
02481510,ifs,7,0.0207,-0.1042,0.2523,0.5312,241,17.0513
03010655,ifs,7,-0.2082,0.2394,0.2830,0.8293,241,7.2166
03011800,ifs,7,-0.1989,0.2131,0.2631,0.8410,241,8.4006
03015500,ifs,7,-0.4512,0.3150,0.3187,1.0346,241,7.7476
03021350,ifs,7,-0.2826,0.2728,0.2824,0.9776,241,8.4074
03026500,ifs,7,-0.2338,0.2185,0.2607,0.8400,241,8.0362
03028000,ifs,7,-0.2270,0.2443,0.2767,0.8710,241,8.2439
03049800,ifs,7,-0.2326,0.1781,0.2285,0.8528,241,9.7644
03050000,ifs,7,-0.2508,0.0910,0.1655,0.8240,241,10.5286
03066000,ifs,7,-0.2897,0.0988,0.1546,0.8812,241,9.5392
03069500,ifs,7,-0.3359,0.1521,0.1826,0.9215,241,8.9986
03070500,ifs,7,-0.3204,0.2157,0.2358,0.9123,241,8.7500
03076600,ifs,7,-0.1615,0.0332,0.1659,0.7451,241,9.6498
03078000,ifs,7,-0.1543,0.0477,0.1657,0.8072,241,9.4974
03140000,ifs,7,-0.2336,0.2558,0.2759,0.9618,241,7.8908
03144000,ifs,7,-0.2561,0.0926,0.1743,0.7748,241,9.8370
03159540,ifs,7,-0.1755,0.0863,0.1999,0.7342,241,10.1180
03161000,ifs,7,-0.0103,0.3016,0.3620,0.8983,241,6.8199
03164000,ifs,7,-0.0373,0.3017,0.3586,0.8651,241,6.0523
03165000,ifs,7,-0.0877,0.1964,0.2882,0.7926,241,7.5931
03170000,ifs,7,-0.1020,0.3113,0.3495,0.8661,241,5.8489
03173000,ifs,7,-0.4427,0.2835,0.2840,0.9741,241,5.9549
03180500,ifs,7,-0.4096,0.1267,0.1526,0.9099,241,8.3028
03182500,ifs,7,-0.3980,0.1845,0.2047,0.8801,241,7.3558
03186500,ifs,7,-0.3636,0.1905,0.2158,0.8644,241,8.6616
03187500,ifs,7,-0.3844,0.2114,0.2266,0.8979,241,8.6254
03213700,ifs,7,-0.4375,0.2019,0.2092,1.0457,241,8.4250
03237280,ifs,7,-0.4687,0.1081,0.1280,0.9359,241,9.3655
03237500,ifs,7,-0.3162,0.1606,0.1978,0.8682,241,9.2229
03241500,ifs,7,-0.2063,-0.0055,0.1353,0.6905,241,10.9250
03280700,ifs,7,-0.5635,0.1648,0.1793,1.1459,241,9.0115
03281100,ifs,7,-0.9270,0.1218,0.1538,1.1996,241,9.5813
03281500,ifs,7,-0.8179,0.1486,0.1755,1.1916,241,9.0079
03285000,ifs,7,-0.1986,0.1520,0.2136,0.8824,241,9.8996
03291780,ifs,7,-0.2398,0.0430,0.1392,0.7852,241,11.4962
03300400,ifs,7,-0.2065,0.1833,0.2337,0.8850,241,10.6266
03340800,ifs,7,-0.1767,-0.0799,0.0934,0.6835,241,11.1901
03346000,ifs,7,-0.2116,0.0565,0.1594,0.7733,241,9.5866
03364500,ifs,7,-0.1048,-0.0966,0.1300,0.6225,241,13.8543
03366500,ifs,7,-0.1238,0.1614,0.2438,0.8545,241,10.7087
03368000,ifs,7,-0.1363,-0.0797,0.1270,0.6245,241,13.9120
03384450,ifs,7,-0.1589,0.1406,0.2188,0.8595,241,10.1917
03439000,ifs,7,-0.1410,0.1952,0.2818,0.7526,241,8.4753
03450000,ifs,7,-0.0330,0.1676,0.3039,0.7314,241,6.6340
03455500,ifs,7,-0.1542,0.2107,0.3007,0.7157,241,7.7409
03456500,ifs,7,-0.0058,0.2278,0.3491,0.7397,241,6.8099
03460000,ifs,7,-0.1133,0.2909,0.3288,0.8969,241,7.5645
03463300,ifs,7,-0.0199,0.2478,0.3325,0.8532,241,7.9793
03471500,ifs,7,-0.2354,0.3107,0.3183,1.0088,241,6.7583
03473000,ifs,7,-0.1141,0.3375,0.3569,0.9527,241,6.6524
03479000,ifs,7,-0.1414,0.3050,0.3309,0.9206,241,6.4053
03488000,ifs,7,-0.1773,0.3549,0.3609,0.9767,241,6.6981
03498500,ifs,7,-0.3762,0.2495,0.2544,1.0249,241,8.9748
03500000,ifs,7,-0.2734,0.2323,0.2629,0.8529,241,8.3255
03504000,ifs,7,-0.1801,0.1584,0.2580,0.7077,241,9.4693
03574500,ifs,7,-0.2782,0.2413,0.2574,1.0045,241,10.4491
03604000,ifs,7,-0.2877,0.1289,0.1793,0.8640,241,11.0125
04015330,ifs,7,-0.6948,0.1005,0.1085,1.1073,241,8.5264
04024430,ifs,7,-0.9605,0.0540,0.0730,1.1809,241,7.0456
04027000,ifs,7,-1.7269,-0.2676,0.0574,1.7786,241,7.4688
04040500,ifs,7,-0.9878,0.1081,0.1641,1.2644,241,7.4874
04043050,ifs,7,-1.0254,0.1036,0.1176,1.0799,241,6.9094
04045500,ifs,7,-0.4087,0.2572,0.2640,1.0890,241,6.0412
04056500,ifs,7,-0.4721,0.2860,0.3027,1.1450,241,5.7618
04057510,ifs,7,-0.1148,0.3513,0.3658,1.0120,241,5.8825
04057800,ifs,7,-0.6805,0.2383,0.3036,1.2541,241,6.9634
04059500,ifs,7,-0.2678,0.3500,0.3624,1.1261,241,5.8255
04063700,ifs,7,-0.6935,0.1707,0.2768,1.3809,241,6.1803
04074950,ifs,7,-0.5914,0.1538,0.1652,1.1289,241,6.6174
04105700,ifs,7,-0.2854,0.1418,0.1830,0.9293,241,8.1447
04115265,ifs,7,-0.3407,0.1813,0.2018,0.9790,241,8.2945
04122200,ifs,7,-0.5192,0.1149,0.1266,1.0180,241,8.8495
04122500,ifs,7,-0.5859,0.1053,0.1127,1.0178,241,8.5105
04124000,ifs,7,0.0412,0.1249,0.3240,0.6935,241,8.4091
04127997,ifs,7,0.1117,0.2125,0.4082,0.6782,241,7.2767
04185000,ifs,7,0.1262,0.3121,0.4393,0.7736,241,6.1300
04196800,ifs,7,-0.0676,0.2723,0.3353,0.8379,241,7.2759
04197100,ifs,7,-0.0970,0.1290,0.2370,0.8196,241,8.2550
04197170,ifs,7,-0.1327,0.1775,0.2502,0.8690,241,7.6029
04213000,ifs,7,-0.4666,0.2538,0.2654,1.1309,241,7.7501
04213075,ifs,7,-0.4539,0.1649,0.1788,1.0854,241,8.6739
04216418,ifs,7,-0.1877,0.1676,0.2467,0.7717,241,8.0638
04221000,ifs,7,-0.2598,0.2160,0.2536,0.8449,241,6.9628
04224775,ifs,7,-0.1239,0.2116,0.2746,0.8762,241,7.2849
04256000,ifs,7,-0.5310,0.2127,0.2179,1.0870,241,7.4441
04296000,ifs,7,-0.3546,0.1262,0.1570,1.0351,241,7.2638
05057000,ifs,7,-1.5646,-0.1602,0.2120,1.7217,241,5.9631
05057200,ifs,7,-1.6040,-0.1295,0.1863,1.6455,241,5.5594
05062500,ifs,7,-1.2945,0.0351,0.1484,1.3508,241,6.6669
05087500,ifs,7,-0.6417,0.0650,0.0822,1.1374,241,6.7787
05120500,ifs,7,-0.9737,-0.0594,0.3455,1.7519,241,5.6317
05123400,ifs,7,-0.3688,0.3115,0.3433,1.2035,241,6.1016
05129115,ifs,7,-1.3149,0.0069,0.0617,1.2524,241,7.2066
05131500,ifs,7,-1.4813,-0.0174,0.0437,1.2329,241,6.8878
05291000,ifs,7,-0.3593,-0.0202,0.0474,1.0972,241,7.9688
05362000,ifs,7,-1.4079,-0.0879,0.0928,1.5400,241,7.9616
05393500,ifs,7,-0.9415,0.0172,0.1033,1.3967,241,7.8218
05399500,ifs,7,-0.4451,0.0143,0.0542,0.9731,241,8.4982
05408000,ifs,7,-0.3108,0.0193,0.0904,0.8805,241,10.2688
05412500,ifs,7,-0.3382,0.1095,0.1600,0.8291,241,8.7243
05413500,ifs,7,-0.3232,0.0533,0.1146,0.8672,241,9.8793
05414000,ifs,7,-0.2484,0.0634,0.1385,0.8773,241,9.4040
05444000,ifs,7,-0.3156,0.2976,0.3100,1.1216,241,8.2664
05454000,ifs,7,-0.3773,0.2972,0.2989,1.0454,241,10.1194
05458000,ifs,7,-0.3923,0.0539,0.1063,0.8332,241,9.2824
05466500,ifs,7,0.1727,0.2693,0.4507,0.7415,241,9.5617
05487980,ifs,7,-0.1773,0.1580,0.2243,0.8707,241,9.7249
05488200,ifs,7,-0.0822,0.0547,0.2047,0.7612,241,11.3144
05489000,ifs,7,-0.2179,0.0927,0.1695,0.8576,241,11.1226
05495000,ifs,7,-0.3425,0.2824,0.2865,1.0437,241,8.4558
05495500,ifs,7,-0.0507,0.1990,0.2922,0.8502,241,9.1780
05501000,ifs,7,-0.3010,0.0663,0.1236,0.9306,241,11.4438
05503800,ifs,7,-0.5252,0.1750,0.1926,1.1582,241,9.7000
05507600,ifs,7,-0.6276,0.1976,0.2443,1.2614,241,8.4021
05508805,ifs,7,-0.7171,0.1984,0.2278,1.1899,241,8.4785
05514500,ifs,7,-0.6188,0.1898,0.2148,1.1981,241,9.0018
05525500,ifs,7,-0.0520,0.2399,0.3187,0.8376,241,8.3373
05556500,ifs,7,-0.3718,0.3269,0.3284,0.9596,241,10.5190
05584500,ifs,7,0.0099,0.2034,0.3152,0.8791,241,11.2622
05585000,ifs,7,0.0282,0.2246,0.3336,0.8890,241,10.2017
05591550,ifs,7,-0.1650,0.0903,0.1925,0.7949,241,9.7920
05592050,ifs,7,-0.1823,0.2277,0.2645,0.9662,241,8.2553
05592575,ifs,7,-0.0668,0.1885,0.2953,0.7623,241,9.9990
05593575,ifs,7,-0.2180,0.1814,0.2262,0.9231,241,9.0474
05593900,ifs,7,0.0246,0.2981,0.3757,0.8580,241,8.6708
05595730,ifs,7,-0.3398,0.1432,0.1734,0.9447,241,9.0503
06037500,ifs,7,0.0670,0.2804,0.3907,0.8094,241,3.7568
06043500,ifs,7,0.1225,0.3851,0.4575,0.8660,241,3.5516
06154410,ifs,7,-0.5628,0.1907,0.2134,1.1904,241,6.0789
06188000,ifs,7,-0.2103,0.3100,0.3205,0.9997,241,3.3019
06191500,ifs,7,-0.0764,0.3536,0.3745,0.9705,241,3.1563
06221400,ifs,7,-1.4756,-0.0370,0.2506,1.5509,241,4.6044
06224000,ifs,7,-0.8900,0.1112,0.2510,1.4321,241,4.2404
06289000,ifs,7,-1.3015,-0.0241,0.3608,1.6102,241,4.3198
06332515,ifs,7,-1.6161,-0.2306,0.3600,1.8227,241,5.4396
06339100,ifs,7,-1.9288,-0.3169,0.4956,1.7668,241,4.4749
06339500,ifs,7,-1.1995,-0.0524,0.4615,1.6519,241,4.5956
06344600,ifs,7,-0.3986,0.2075,0.5846,1.5206,241,4.0725
06350000,ifs,7,-1.1212,0.0896,0.2468,1.3967,241,4.2120
06352000,ifs,7,-2.3482,-0.2090,0.1698,1.5377,241,4.5469
06353000,ifs,7,-1.4107,-0.0071,0.2238,1.4888,241,4.1382
06354000,ifs,7,-1.1277,0.0680,0.2683,1.4608,241,4.2334
06360500,ifs,7,-0.8347,0.1167,0.1326,1.1581,241,3.4187
06404000,ifs,7,-0.4506,0.0888,0.1219,1.1407,241,4.0020
06406000,ifs,7,-0.4707,0.0900,0.1151,1.0946,241,3.6765
06408700,ifs,7,-0.7469,0.1655,0.2051,1.2393,241,3.8171
06409000,ifs,7,-0.7053,0.1477,0.1930,1.2703,241,3.7124
06431500,ifs,7,-0.6983,0.1347,0.1485,1.1541,241,4.2083
06440200,ifs,7,-0.0498,0.0157,0.2206,0.6485,241,4.3513
06441500,ifs,7,-0.2000,0.0952,0.1990,0.7312,241,3.8100
06447000,ifs,7,-0.2817,0.0893,0.1517,0.8573,241,3.7545
06447500,ifs,7,-0.4801,0.0770,0.1025,0.9143,241,4.6440
06450500,ifs,7,-0.3166,-0.0143,0.0827,0.7529,241,5.2053
06452000,ifs,7,-0.2628,0.0835,0.1590,0.8085,241,4.0055
06453600,ifs,7,-0.2282,0.0223,0.1258,0.7925,241,5.9417
06464500,ifs,7,-0.1963,-0.1371,0.0483,0.6569,241,6.7424
06477500,ifs,7,-0.3024,0.0537,0.1178,0.8821,241,5.6830
06479215,ifs,7,-0.3440,0.0027,0.0779,1.1842,241,8.1033
06479438,ifs,7,-0.2995,0.0336,0.1093,1.1699,241,7.4002
06601000,ifs,7,-0.4646,-0.0032,0.0369,0.9949,241,9.0379
06614800,ifs,7,-0.0737,0.2977,0.3407,1.0881,241,5.5541
06622700,ifs,7,-0.3409,0.2309,0.2435,1.0613,241,4.1191
06623800,ifs,7,-0.5387,0.1906,0.2916,1.3868,241,4.7409
06632400,ifs,7,-0.7067,0.1580,0.2642,1.3886,241,5.0552
06784000,ifs,7,-0.2816,0.0561,0.1304,0.8325,241,6.1981
06803510,ifs,7,-0.5219,0.0319,0.0633,1.1205,241,10.1519
06803530,ifs,7,-0.6349,0.0819,0.1148,1.2286,241,9.0277
06814000,ifs,7,-0.3070,0.1988,0.2336,1.1624,241,8.7003
06846500,ifs,7,-0.1740,0.2314,0.2806,0.8426,241,4.5040
06847900,ifs,7,-0.2235,0.1440,0.2071,0.8387,241,5.5804
06853800,ifs,7,-0.5285,0.1526,0.1583,0.9891,241,6.6323
06876700,ifs,7,0.0362,0.0560,0.2783,0.7122,241,9.7220
06878000,ifs,7,0.0892,0.2467,0.3793,0.8346,241,7.6297
06879650,ifs,7,0.0026,0.1980,0.3320,0.7334,241,9.5912
06885500,ifs,7,-0.0685,0.2406,0.3079,0.8838,241,9.1231
06888500,ifs,7,0.1161,0.2558,0.4070,0.7675,241,9.4126
06889200,ifs,7,-0.0563,0.2643,0.3251,0.8965,241,9.2896
06889500,ifs,7,-0.0107,0.2977,0.3598,0.8915,241,8.7796
06892000,ifs,7,0.0417,0.2303,0.3550,0.7912,241,9.0495
06903400,ifs,7,-0.2673,0.1246,0.1752,0.9117,241,10.6218
06906800,ifs,7,-0.0017,0.2656,0.3612,0.7794,241,10.8267
06910800,ifs,7,0.0672,0.2124,0.3674,0.7380,241,9.2195
06911900,ifs,7,0.1097,0.2026,0.3960,0.6892,241,9.5219
06917000,ifs,7,-0.3731,0.0454,0.1338,0.6881,241,12.8465
06918460,ifs,7,-0.1304,0.1196,0.2186,0.8225,241,10.6078
06919500,ifs,7,-0.1633,0.1552,0.2360,0.8038,241,10.2528
06921070,ifs,7,-0.0081,0.1287,0.2941,0.7093,241,11.4164
06921200,ifs,7,0.0128,0.1397,0.3052,0.7288,241,11.9925
06934000,ifs,7,-0.1680,0.1560,0.2220,0.9056,241,9.3575
07014500,ifs,7,-0.1925,-0.0434,0.0900,0.7963,241,12.6522
07056000,ifs,7,-0.1407,0.0515,0.1744,0.7951,241,9.7846
07057500,ifs,7,-0.2717,0.1423,0.1841,1.0247,241,9.3873
07060710,ifs,7,-0.1920,0.0450,0.1413,0.8790,241,10.9830
07066000,ifs,7,-0.4115,0.0730,0.1098,1.0957,241,9.8329
07067000,ifs,7,-0.4402,0.0967,0.1239,1.0867,241,8.7877
07068000,ifs,7,-0.4807,0.1038,0.1255,1.0959,241,8.3698
07071500,ifs,7,-0.4537,0.1195,0.1411,1.0898,241,8.9183
07083000,ifs,7,-0.2272,0.3060,0.4599,1.4258,241,3.1934
07142300,ifs,7,-0.3482,0.0866,0.1273,1.0169,241,6.0914
07145700,ifs,7,-0.1442,-0.1391,0.0466,0.7603,241,12.4008
07148400,ifs,7,-0.2920,0.2772,0.2886,1.0809,241,5.0509
07149000,ifs,7,-0.6239,0.1974,0.2345,1.2353,241,5.3586
07151500,ifs,7,-0.3300,0.0401,0.0959,1.0221,241,9.0428
07167500,ifs,7,-0.4855,0.0059,0.0424,0.9391,241,9.6226
07180500,ifs,7,-0.4492,0.0838,0.1099,0.9509,241,9.6967
07184000,ifs,7,-0.0690,0.0118,0.1835,0.7641,241,13.5410
07195800,ifs,7,0.0398,0.2451,0.3448,0.9711,241,10.7596
07196900,ifs,7,0.0731,0.3235,0.3990,1.0426,241,9.3790
07197000,ifs,7,0.0457,0.3301,0.3916,1.0036,241,9.1534
07208500,ifs,7,-0.4974,0.1899,0.4692,1.5423,241,3.1664
07226500,ifs,7,-1.4233,0.0302,0.3097,1.4229,241,3.8187
07261000,ifs,7,-0.1974,0.1471,0.2130,0.8594,241,9.8521
07263295,ifs,7,-0.1321,0.2177,0.2692,0.9800,241,9.8396
07290650,ifs,7,-0.1124,0.1711,0.2461,0.9372,241,10.0970
07291000,ifs,7,-0.1470,0.1374,0.2158,0.9036,241,10.3842
07292500,ifs,7,-0.0602,0.1506,0.2595,0.8523,241,10.0596
07295000,ifs,7,0.0449,0.1307,0.3082,0.7910,241,10.8020
07299670,ifs,7,-0.9759,0.0032,0.0645,1.3404,241,6.3983
07301410,ifs,7,-0.4272,0.1191,0.1528,1.1645,241,6.6773
07301500,ifs,7,-1.2294,0.0465,0.1785,1.3836,241,4.8319
07315200,ifs,7,-0.4065,0.2649,0.3068,1.2446,241,8.0222
07315700,ifs,7,-1.8722,-0.2372,0.1388,1.7387,241,10.0515
07335700,ifs,7,-0.2305,0.1443,0.1990,0.8971,241,12.1347
07340300,ifs,7,-0.6239,0.2091,0.2190,1.1190,241,10.5810
07346045,ifs,7,-1.0194,0.0632,0.4010,1.5489,241,10.2519
07359610,ifs,7,-0.3285,0.2369,0.2513,0.9193,241,11.8816
07362100,ifs,7,-1.1355,-0.1316,0.4842,1.7964,241,10.3256
07362587,ifs,7,0.0023,0.2048,0.3212,0.8119,241,10.3294
07373000,ifs,7,-0.1890,0.1195,0.1887,0.9449,241,9.9079
07375000,ifs,7,-0.0770,-0.0591,0.1518,0.6918,241,14.0900
07376000,ifs,7,-0.0262,0.0780,0.2468,0.7595,241,12.0483
08013000,ifs,7,-0.0803,0.0869,0.2156,0.8267,241,10.5637
08014500,ifs,7,-0.0039,0.1205,0.2772,0.7854,241,9.8881
08023080,ifs,7,-0.4093,0.2603,0.3263,1.3032,241,11.0219
08025500,ifs,7,-0.1186,0.0902,0.1996,0.8492,241,11.8067
08029500,ifs,7,0.0002,0.0352,0.2478,0.7083,241,11.5475
08050800,ifs,7,-0.2422,0.2076,0.2401,1.0718,241,10.6428
08066200,ifs,7,-0.0893,-0.0224,0.1653,0.6998,241,14.6446
08066300,ifs,7,-0.0042,-0.0662,0.1896,0.7047,241,17.7326
08070000,ifs,7,0.1582,0.4241,0.4820,0.9485,241,8.3027
08070200,ifs,7,0.1795,0.4040,0.4845,0.9056,241,8.3884
08079600,ifs,7,-1.0639,-0.0093,0.2195,1.5855,241,4.3363
08082700,ifs,7,-1.0530,-0.0683,0.2255,1.6884,241,7.6548
08086212,ifs,7,-0.3573,0.1859,0.2197,1.1806,241,7.1810
08086290,ifs,7,-0.9047,0.0646,0.1395,1.3543,241,8.4651
08101000,ifs,7,-0.9639,0.0457,0.3274,1.5842,241,8.5895
08103900,ifs,7,-0.1697,0.2636,0.2956,1.0832,241,10.0196
08104900,ifs,7,-0.5046,0.1778,0.1899,1.1180,241,12.8595
08109700,ifs,7,-0.1096,0.2455,0.3053,1.1604,241,11.1498
08150800,ifs,7,-0.1297,0.1940,0.2611,0.8730,241,11.2730
08155200,ifs,7,-0.8041,0.0706,0.1873,1.4411,241,11.0985
08158700,ifs,7,-0.7200,0.1087,0.1999,1.3878,241,10.1763
08158810,ifs,7,-0.9767,0.0820,0.2347,1.4477,241,10.3773
08164000,ifs,7,-0.0524,0.2999,0.3487,1.1020,241,7.5881
08164300,ifs,7,0.0450,0.2423,0.3456,0.9870,241,9.3975
08164600,ifs,7,-0.0585,0.2993,0.3472,1.1060,241,7.6693
08165300,ifs,7,-0.3760,0.1374,0.1619,0.9927,241,11.1588
08171300,ifs,7,-0.4679,0.1612,0.2222,1.3072,241,10.1812
08175000,ifs,7,-0.0745,0.2865,0.3332,1.0903,241,8.9971
08176900,ifs,7,-0.1719,0.2978,0.3416,1.2093,241,7.4452
08178880,ifs,7,-0.5919,0.0454,0.0675,1.1253,241,13.4169
08189500,ifs,7,-0.1939,0.1550,0.2120,1.0574,241,8.0583
08190000,ifs,7,-0.0237,0.0339,0.2186,0.7705,241,14.5675
08190500,ifs,7,0.0207,0.0746,0.2639,0.7900,241,13.6113
08194200,ifs,7,-0.0012,0.0564,0.2438,0.7742,241,8.6681
08195000,ifs,7,-0.1579,0.0439,0.1512,0.8836,241,13.9817
08196000,ifs,7,-0.1694,-0.0074,0.1117,0.8924,241,16.0881
08198500,ifs,7,-0.5238,0.0860,0.1016,1.0109,241,15.4549
08200000,ifs,7,-0.4378,0.0250,0.0658,1.0714,241,14.4431
08202700,ifs,7,-0.3685,0.0496,0.0954,0.9732,241,15.1017
08267500,ifs,7,0.1098,0.3259,0.4151,1.0116,241,3.5740
08269000,ifs,7,0.0529,0.3942,0.4804,1.2894,241,2.7327
08271000,ifs,7,0.1449,0.3268,0.4332,0.9563,241,3.6476
08324000,ifs,7,-0.5269,0.0469,0.4015,1.7201,241,2.8496
08377900,ifs,7,-0.0489,0.3155,0.5202,1.4856,241,3.8274
08378500,ifs,7,-0.0079,0.3321,0.5300,1.4738,241,3.2908
08380500,ifs,7,-0.3796,0.2255,0.5317,1.5316,241,3.5847
09034900,ifs,7,-0.1645,0.2840,0.3088,1.0429,241,4.2560
09035900,ifs,7,-0.5401,0.2520,0.3209,1.2946,241,3.6168
09047700,ifs,7,-0.4184,0.2368,0.3856,1.4404,241,3.2941
09065500,ifs,7,-0.5519,0.2459,0.3184,1.3029,241,3.7057
09066000,ifs,7,-0.3026,0.3388,0.3858,1.2405,241,2.8931
09066200,ifs,7,-0.8426,0.1480,0.2624,1.3774,241,4.2751
09066300,ifs,7,-0.6959,0.2012,0.2943,1.3372,241,3.9912
09081600,ifs,7,0.2655,0.4717,0.5478,1.0552,241,3.7201
09107000,ifs,7,-0.5440,0.1231,0.4765,1.6303,241,3.0543
09210500,ifs,7,-0.9362,0.1680,0.2461,1.2601,241,3.2323
09223000,ifs,7,-0.2414,0.3127,0.3251,1.0961,241,3.1748
09306242,ifs,7,-0.9024,-0.1647,0.2719,1.8833,241,3.8855
09312600,ifs,7,-0.3659,0.2044,0.2775,1.3259,241,3.6144
09352900,ifs,7,0.0362,0.3664,0.4387,1.2351,241,4.3226
09378170,ifs,7,0.1268,0.2947,0.4283,0.7780,241,3.2512
09378630,ifs,7,0.0740,0.2322,0.3775,0.7547,241,3.5232
09386900,ifs,7,-0.9701,-0.0686,0.3244,1.7615,241,3.1845
09404450,ifs,7,0.0727,0.3748,0.4262,1.0454,241,2.8189
09430500,ifs,7,-0.1561,0.4249,0.4732,1.2165,241,2.4599
09430600,ifs,7,-0.3905,0.3100,0.3467,1.2153,241,3.5255
09447800,ifs,7,-1.2623,0.0550,0.2272,1.4072,241,2.4711
09480000,ifs,7,-0.0273,0.4670,0.4914,1.1593,241,3.5620
09484000,ifs,7,-0.3957,0.2151,0.2376,1.1625,241,3.9314
09484600,ifs,7,-0.0398,0.3723,0.3947,0.9690,241,3.0433
09492400,ifs,7,-0.0850,0.3821,0.4025,1.1192,241,4.9278
09494000,ifs,7,-0.4948,0.2874,0.3933,1.3244,241,4.1329
09497800,ifs,7,-0.1598,0.2694,0.2982,0.9943,241,3.2445
09497980,ifs,7,0.0611,0.3500,0.4085,0.9602,241,3.4366
09505200,ifs,7,-0.1764,0.3676,0.4126,1.2342,241,3.3446
09505350,ifs,7,0.0083,0.3476,0.3900,0.9819,241,3.1907
09505800,ifs,7,0.0958,0.4323,0.4796,1.1620,241,3.1124
09508300,ifs,7,0.1766,0.3136,0.4665,0.7486,241,2.7622
09510200,ifs,7,0.0434,0.1683,0.3353,0.7191,241,3.0153
09512280,ifs,7,0.0282,0.1929,0.3142,0.9356,241,2.7269
09513780,ifs,7,0.1282,0.2118,0.3881,0.8319,241,2.4100
10023000,ifs,7,-0.1261,0.3175,0.3396,1.0319,241,3.7985
10166430,ifs,7,-0.1044,0.2956,0.3366,0.8721,241,3.7486
10172700,ifs,7,-0.3803,0.2747,0.3093,1.2213,241,3.1990
10172800,ifs,7,-0.0363,0.3603,0.3868,1.0000,241,3.7110
10173450,ifs,7,0.2088,0.4389,0.5118,1.0927,241,3.1782
10205030,ifs,7,-0.1389,0.3189,0.3671,1.2221,241,3.2347
10234500,ifs,7,0.2762,0.5144,0.5682,0.9513,241,2.9466
10242000,ifs,7,0.1985,0.3816,0.4878,0.8676,241,3.3715
10244950,ifs,7,-0.4866,0.2019,0.2186,1.1540,241,3.4717
10249300,ifs,7,-1.2427,-0.0167,0.2285,1.5615,241,3.3758
10258000,ifs,7,0.4347,0.4764,0.6601,1.2038,241,2.6733
10258500,ifs,7,0.5023,0.6238,0.7564,1.2862,241,1.2802
10259000,ifs,7,0.5147,0.6218,0.7180,1.0060,241,1.9152
10259200,ifs,7,0.4690,0.5223,0.6933,1.3011,241,1.4576
10263500,ifs,7,0.4401,0.2066,0.7283,0.5070,241,4.3780
10310500,ifs,7,-0.7501,0.2819,0.3789,1.1594,241,4.7933
10316500,ifs,7,-0.0100,0.1477,0.3004,0.7225,241,3.7226
10329500,ifs,7,0.1048,0.2982,0.4105,0.8337,241,3.0873
10336645,ifs,7,0.0057,0.4711,0.4808,0.9098,241,8.1648
10336660,ifs,7,0.0829,0.4514,0.4904,0.8327,241,8.5382
10343500,ifs,7,-0.7969,0.2767,0.3501,1.0738,241,7.2171
10348850,ifs,7,0.1603,0.2238,0.4406,0.6383,241,8.3233
10396000,ifs,7,0.0461,0.2916,0.3904,0.7889,241,3.2717
11098000,ifs,7,0.4590,0.2415,0.7178,0.5076,241,5.9951
11124500,ifs,7,0.1527,0.4282,0.4825,0.9360,241,6.3639
11141280,ifs,7,0.2359,0.4746,0.5689,0.7336,241,5.4960
11143000,ifs,7,-0.1125,0.3209,0.4044,0.6824,241,10.6470
11148900,ifs,7,-0.1512,0.4853,0.5124,0.9457,241,5.8448
11151300,ifs,7,0.0173,0.5378,0.5434,0.9887,241,3.6965
11162500,ifs,7,-0.1112,0.3789,0.4040,0.8417,241,6.6693
11176400,ifs,7,-0.2328,0.4170,0.4205,0.9788,241,3.7486
11180500,ifs,7,-0.3253,0.3822,0.3869,1.0023,241,4.3777
11180960,ifs,7,-0.5843,0.2800,0.2884,0.9679,241,5.7463
11224500,ifs,7,-0.0053,0.5109,0.5258,1.1058,241,3.2557
11253310,ifs,7,0.2377,0.5576,0.5859,1.1272,241,2.3109
11264500,ifs,7,-1.9521,-0.2988,0.3910,1.7966,241,8.1359
11266500,ifs,7,-1.4246,-0.0979,0.3950,1.6557,241,7.9444
11274500,ifs,7,0.1753,0.5448,0.5625,0.8911,241,2.9280
11274630,ifs,7,0.0700,0.5095,0.5122,0.9853,241,2.8277
11284400,ifs,7,0.0748,0.5349,0.5422,1.0813,241,4.8646
11299600,ifs,7,-0.0905,0.4977,0.5159,1.0720,241,5.1598
11381500,ifs,7,-0.1116,0.1923,0.3039,0.6774,241,9.5173
11383500,ifs,7,-0.1864,0.1801,0.2781,0.6764,241,9.9833
11451100,ifs,7,-0.4956,0.3456,0.3693,1.0592,241,6.3232
11468500,ifs,7,-0.3347,0.3277,0.3285,1.0323,241,7.7001
11473900,ifs,7,0.0545,0.3447,0.4217,0.7960,241,6.6647
11475560,ifs,7,0.2128,0.1380,0.4727,0.5572,241,11.5591
11476600,ifs,7,-0.0559,0.4626,0.5032,1.1970,241,7.5357
11478500,ifs,7,0.0965,0.4615,0.4859,0.9234,241,6.9930
11480390,ifs,7,0.1203,0.4913,0.5141,0.8947,241,6.4964
11481200,ifs,7,0.2391,0.5578,0.5775,0.9395,241,6.9187
11482500,ifs,7,0.3273,0.5112,0.5992,0.8392,241,7.2883
11522500,ifs,7,0.3061,0.6015,0.6191,0.9447,241,4.9639
11523200,ifs,7,-0.2542,0.3849,0.4025,0.8611,241,7.3509
11528700,ifs,7,0.0978,0.5158,0.5288,0.8983,241,5.7360
11532500,ifs,7,0.3463,0.3451,0.5967,0.6706,241,8.9221
12010000,ifs,7,0.3526,0.3217,0.6227,0.6014,241,9.1589
12013500,ifs,7,0.3116,0.4491,0.6008,0.6969,241,7.4065
12020000,ifs,7,0.2323,0.4272,0.5589,0.6919,241,6.5488
12025000,ifs,7,0.2699,0.3910,0.5558,0.7074,241,6.1490
12025700,ifs,7,0.2299,0.5011,0.5547,0.8566,241,5.6881
12035000,ifs,7,0.1748,0.3604,0.5216,0.6333,241,10.0307
12040500,ifs,7,0.3369,0.5136,0.6277,0.7379,241,10.3524
12041200,ifs,7,0.3295,0.4148,0.6081,0.6642,241,11.4392
12043000,ifs,7,0.3381,0.4899,0.6200,0.7324,241,8.9488
12048000,ifs,7,-0.2849,0.3860,0.4973,1.2782,241,5.9247
12054000,ifs,7,0.2204,0.5313,0.5619,0.8988,241,7.8726
12056500,ifs,7,0.2003,0.4531,0.5400,0.7613,241,10.5831
12073500,ifs,7,-0.0028,0.5041,0.5189,0.8863,241,5.6828
12082500,ifs,7,0.2891,0.4678,0.5723,0.8073,241,8.0572
12092000,ifs,7,0.2948,0.4343,0.5679,0.7855,241,8.0985
12095000,ifs,7,0.1918,0.5579,0.5650,0.9936,241,6.6262
12114500,ifs,7,0.3234,0.2898,0.5930,0.6202,241,9.4713
12115000,ifs,7,0.3247,0.2956,0.5931,0.6270,241,9.4135
12115500,ifs,7,0.3142,0.3257,0.5764,0.6919,241,9.5180
12117000,ifs,7,0.3139,0.3418,0.5770,0.7014,241,9.4206
12141300,ifs,7,0.3467,0.3265,0.6116,0.6436,241,10.7692
12143600,ifs,7,0.3521,0.3564,0.6093,0.6915,241,10.0741
12144000,ifs,7,0.3522,0.3871,0.6063,0.7249,241,9.4312
12145500,ifs,7,0.3103,0.3813,0.5836,0.6839,241,7.6783
12147600,ifs,7,0.3325,0.3002,0.6051,0.6137,241,13.3374
12167000,ifs,7,0.2795,0.4104,0.5582,0.7548,241,9.5128
12175500,ifs,7,0.3345,0.5875,0.6302,0.8680,241,6.4241
12186000,ifs,7,0.2930,0.4207,0.5759,0.7212,241,9.7670
12189500,ifs,7,0.3392,0.5014,0.6119,0.7873,241,7.9495
12358500,ifs,7,0.2313,0.4088,0.5377,0.7411,241,6.0481
12377150,ifs,7,0.1887,0.3687,0.5330,0.6421,241,5.8772
12381400,ifs,7,0.1947,0.4083,0.5414,0.6813,241,5.3788
12390700,ifs,7,0.0342,0.5015,0.5062,0.9356,241,4.5165
12411000,ifs,7,0.1057,0.4359,0.4955,0.7922,241,5.0289
12414500,ifs,7,0.1550,0.4593,0.5114,0.8429,241,5.1600
12447390,ifs,7,-0.4798,0.2099,0.4098,1.4881,241,3.3622
12451000,ifs,7,0.1951,0.6170,0.6540,1.0944,241,5.0001
12488500,ifs,7,0.3652,0.4294,0.6116,0.7712,241,6.4188
13011500,ifs,7,-0.0658,0.4166,0.4252,1.0601,241,3.7586
13011900,ifs,7,-0.1938,0.3793,0.3889,1.1058,241,3.8295
13018300,ifs,7,0.0270,0.3125,0.3804,0.8976,241,3.6335
13023000,ifs,7,-0.1927,0.3475,0.3686,1.1516,241,3.3083
13161500,ifs,7,-0.1162,0.2872,0.4282,1.4234,241,2.2414
13235000,ifs,7,0.0519,0.4285,0.4677,0.8371,241,4.2525
13240000,ifs,7,0.3107,0.5046,0.5975,0.7989,241,4.7292
13310700,ifs,7,0.1837,0.5590,0.5727,0.9028,241,3.9372
13313000,ifs,7,0.2699,0.4020,0.5608,0.7029,241,4.4567
13331500,ifs,7,0.0768,0.4704,0.4848,0.9650,241,4.8088
13337000,ifs,7,0.4926,0.6095,0.7138,0.8163,241,4.2395
13338500,ifs,7,0.2361,0.6003,0.6105,1.0868,241,3.9811
13340000,ifs,7,0.4767,0.6701,0.7088,0.9233,241,3.6358
13340600,ifs,7,0.3500,0.4672,0.6126,0.7583,241,5.4046
14020000,ifs,7,0.1011,0.4694,0.4889,0.9733,241,4.5867
14092750,ifs,7,-0.0963,0.4979,0.6169,1.1083,241,5.9525
14096850,ifs,7,0.0610,0.5408,0.6503,1.1619,241,3.4307
14137000,ifs,7,0.2743,0.5587,0.5882,0.9371,241,7.3091
14138800,ifs,7,0.3763,0.4895,0.6242,0.8158,241,9.2258
14138870,ifs,7,0.3621,0.5265,0.6168,0.8917,241,9.6612
14138900,ifs,7,0.3613,0.4089,0.6102,0.7587,241,11.4698
14139800,ifs,7,0.3590,0.5348,0.6195,0.8716,241,9.4138
14141500,ifs,7,0.3175,0.5942,0.6166,1.0000,241,8.3083
14154500,ifs,7,-0.0562,0.4496,0.4608,0.8919,241,5.7564
14158500,ifs,7,0.0082,0.5425,0.5592,0.9475,241,7.0828
14158790,ifs,7,0.1962,0.4915,0.5631,0.7628,241,8.1522
14166500,ifs,7,0.2262,0.3705,0.5136,0.7532,241,5.6417
14182500,ifs,7,0.1759,0.5143,0.5483,0.8551,241,7.3717
14185000,ifs,7,0.0458,0.5564,0.5729,0.9394,241,7.0239
14185900,ifs,7,0.2111,0.5350,0.5820,0.8094,241,7.6753
14187000,ifs,7,0.1219,0.5073,0.5448,0.8172,241,7.0181
14216500,ifs,7,0.3010,0.5310,0.6016,0.8157,241,7.7845
14222500,ifs,7,0.3094,0.2771,0.5743,0.6712,241,12.3919
14236200,ifs,7,0.3378,0.4472,0.5945,0.7998,241,6.9954
14301000,ifs,7,0.4105,0.3526,0.6630,0.6670,241,6.8646
14303200,ifs,7,0.3071,0.1662,0.6067,0.5104,241,9.6770
14305500,ifs,7,0.2650,0.2067,0.5405,0.5898,241,11.8054
14306340,ifs,7,0.3088,0.3768,0.5788,0.6759,241,5.8964
14306500,ifs,7,0.2440,0.3671,0.5305,0.7146,241,6.6513
14308990,ifs,7,0.3417,0.4909,0.5997,0.8495,241,3.6471
14309500,ifs,7,0.3741,0.2925,0.6332,0.5770,241,5.3258
14316700,ifs,7,-0.0115,0.4954,0.5072,0.8941,241,5.3427
14325000,ifs,7,0.2838,0.2696,0.5564,0.5838,241,7.1074
14362250,ifs,7,0.3388,0.5274,0.6071,0.8643,241,3.3839
14400000,ifs,7,0.2396,0.2443,0.5112,0.6042,241,9.8587
01013500,ifs,8,-0.5996,0.1640,0.2199,1.3003,241,6.9678
01022500,ifs,8,-0.8154,0.1158,0.1366,1.1851,241,8.4943
01030500,ifs,8,-0.8142,0.0955,0.1031,1.1164,241,7.2930
01031500,ifs,8,-0.6828,0.0913,0.1182,1.2132,241,7.3767
01047000,ifs,8,-0.7865,0.1156,0.1398,1.2026,241,8.1752
01052500,ifs,8,-0.9638,-0.0383,-0.0094,1.2408,241,7.7973
01054200,ifs,8,-1.5124,-0.0295,0.0067,1.1339,241,11.4470
01055000,ifs,8,-1.5202,-0.0090,0.0423,1.1620,241,9.1025
01057000,ifs,8,-1.1408,0.0196,0.0257,1.0561,241,8.8379
01073000,ifs,8,-0.6253,0.1735,0.1798,1.1011,241,7.7068
01078000,ifs,8,-0.5595,0.1038,0.1151,1.0602,241,7.8341
01118300,ifs,8,-0.1956,0.0362,0.1581,0.7280,241,12.5861
01121000,ifs,8,-0.2207,0.1273,0.2127,0.7529,241,9.0925
01123000,ifs,8,-0.3465,0.1509,0.2096,0.7443,241,10.0398
01134500,ifs,8,-0.8291,-0.0246,-0.0151,1.0909,241,8.7789
01137500,ifs,8,-0.8506,-0.0376,-0.0128,1.2041,241,8.8581
01139000,ifs,8,-0.6736,0.0156,0.0442,1.1911,241,7.9961
01139800,ifs,8,-0.4588,0.0217,0.0614,0.9068,241,8.3425
01142500,ifs,8,-0.8129,0.1067,0.1393,1.2349,241,7.7475
01144000,ifs,8,-0.6179,0.1086,0.1143,1.0410,241,7.8899
01169000,ifs,8,-0.2581,0.3526,0.3739,1.1649,241,7.7679
01170100,ifs,8,-0.2899,0.3418,0.3764,1.2088,241,7.6673
01181000,ifs,8,-0.2459,0.2103,0.2415,0.9294,241,8.4179
01187300,ifs,8,-0.6098,0.1663,0.1754,1.1202,241,8.3690
01195100,ifs,8,-0.3314,-0.0781,0.0520,0.6609,241,11.0585
01333000,ifs,8,-0.2902,0.2102,0.2345,1.0761,241,7.9274
01350000,ifs,8,-0.2043,0.0202,0.1170,0.9199,241,11.0529
01350080,ifs,8,-0.2368,0.1366,0.1875,0.9750,241,8.7500
01350140,ifs,8,-0.3329,0.1388,0.1700,0.9788,241,8.6041
01365000,ifs,8,-0.3249,0.0986,0.1407,1.0120,241,9.6507
01411300,ifs,8,-0.2687,0.0737,0.1388,0.8986,241,12.1125
01413500,ifs,8,-0.1856,0.0262,0.1352,0.8396,241,10.3652
01414500,ifs,8,-0.2623,0.0077,0.0906,0.9265,241,11.3864
01415000,ifs,8,-0.2399,0.1414,0.1905,0.9658,241,8.7274
01423000,ifs,8,-0.3435,0.1302,0.1619,0.9657,241,8.9859
01434025,ifs,8,-0.1940,0.0231,0.1293,0.8468,241,11.6782
01435000,ifs,8,-0.2167,0.0506,0.1361,0.8986,241,11.1005
01439500,ifs,8,-0.6274,0.0625,0.0751,0.9201,241,9.6947
01440000,ifs,8,-0.4612,0.0598,0.0928,0.8942,241,9.7235
01440400,ifs,8,-0.6176,0.0460,0.0673,0.8633,241,10.6811
01451800,ifs,8,-0.9731,0.0861,0.0901,1.0277,241,9.5730
01466500,ifs,8,-0.8521,0.0991,0.1028,1.0749,241,9.7520
01484100,ifs,8,-0.5155,0.0700,0.0923,1.0837,241,9.5627
01485500,ifs,8,-0.2784,0.0043,0.0941,0.8241,241,10.5911
01486000,ifs,8,0.0426,0.3074,0.3844,0.8801,241,9.4164
01487000,ifs,8,-0.3843,0.0458,0.0903,0.9484,241,9.6982
01491000,ifs,8,-0.7377,0.1529,0.1791,1.2020,241,8.1376
01510000,ifs,8,-0.2707,0.2359,0.2576,0.9215,241,8.1897
01516500,ifs,8,-1.1304,0.0586,0.0685,1.0279,241,8.3032
01518862,ifs,8,-0.8575,0.1214,0.1233,0.9894,241,8.3424
01532000,ifs,8,-1.0049,0.0160,0.0179,1.0577,241,9.8485
01539000,ifs,8,-1.2681,0.0225,0.0397,1.0773,241,10.8925
01542810,ifs,8,-0.5183,0.1827,0.1893,0.9213,241,8.0633
01543000,ifs,8,-0.5795,0.2023,0.2048,0.9376,241,7.9576
01543500,ifs,8,-0.4784,0.1805,0.1956,0.8711,241,8.2920
01544500,ifs,8,-0.6758,0.1497,0.1501,0.9810,241,8.0936
01545600,ifs,8,-0.7609,0.1135,0.1139,1.0254,241,8.5385
01547700,ifs,8,-0.2900,-0.1215,0.0087,0.7481,241,12.1569
01548500,ifs,8,-0.7667,0.1133,0.1141,0.9641,241,7.7966
01549500,ifs,8,-0.8398,0.0487,0.0501,1.0416,241,8.8839
01550000,ifs,8,-0.8137,0.0399,0.0437,1.0678,241,9.8365
01552000,ifs,8,-0.6816,0.0078,0.0201,0.9755,241,10.8106
01552500,ifs,8,-1.0862,0.0167,0.0191,1.0284,241,10.1001
01557500,ifs,8,-0.2617,-0.0170,0.1145,0.6781,241,10.5756
01567500,ifs,8,-0.1851,0.0701,0.1886,0.7204,241,8.4603
01568000,ifs,8,-0.3092,0.0556,0.1436,0.7342,241,7.8705
01580000,ifs,8,-0.7731,0.0330,0.0366,0.9949,241,8.2626
01583500,ifs,8,-0.4889,0.0352,0.0669,0.9189,241,7.5194
01586610,ifs,8,-0.4189,0.0281,0.0755,0.8805,241,7.4283
01591400,ifs,8,-0.1839,-0.0435,0.1208,0.6731,241,8.8181
01596500,ifs,8,-0.3384,0.0770,0.1234,0.9396,241,8.4438
01605500,ifs,8,-0.4669,0.1015,0.1315,0.8510,241,8.0611
01606500,ifs,8,-0.3332,0.1191,0.1639,0.8614,241,7.1587
01613050,ifs,8,-0.3112,0.0956,0.1608,0.7944,241,7.5527
01620500,ifs,8,-0.5544,0.1406,0.1464,1.0312,241,7.0277
01632000,ifs,8,-0.2769,0.0577,0.1536,0.7331,241,8.0423
01632900,ifs,8,-0.2043,0.0166,0.1567,0.6764,241,7.5373
01634500,ifs,8,-0.2034,-0.0035,0.1308,0.7229,241,7.6097
01638480,ifs,8,-0.2530,-0.0488,0.0879,0.6969,241,7.6785
01639500,ifs,8,-0.4856,0.0198,0.0573,0.8904,241,7.4725
01644000,ifs,8,-0.3857,-0.0339,0.0578,0.7340,241,7.5890
01658500,ifs,8,-0.2785,-0.0457,0.0878,0.6773,241,8.1826
01664000,ifs,8,-0.2349,0.0082,0.1371,0.6954,241,7.6309
01666500,ifs,8,-0.2148,0.0691,0.1780,0.7296,241,7.5410
01667500,ifs,8,-0.1624,0.0749,0.2082,0.6894,241,7.0495
01669000,ifs,8,-0.3311,-0.0208,0.0622,0.8240,241,9.3341
01669520,ifs,8,-0.2996,-0.0044,0.0865,0.7956,241,9.1695
02011400,ifs,8,-0.6909,0.1223,0.1285,0.9006,241,7.7712
02011460,ifs,8,-0.6298,0.1267,0.1313,0.9370,241,8.1022
02013000,ifs,8,-0.6123,0.1006,0.1113,0.9040,241,7.9575
02014000,ifs,8,-0.6374,0.1532,0.1561,0.9377,241,7.1749
02015700,ifs,8,-0.6718,0.1011,0.1038,1.0009,241,7.9370
02016000,ifs,8,-0.7694,0.1363,0.1377,0.9584,241,7.1914
02017500,ifs,8,-0.8942,0.1252,0.1304,1.0448,241,6.8325
02018000,ifs,8,-0.9523,0.1304,0.1423,1.0652,241,6.6288
02027000,ifs,8,-0.4728,0.1645,0.1742,1.0501,241,6.3261
02027500,ifs,8,-0.4187,0.1389,0.1577,0.9722,241,6.4961
02028500,ifs,8,-0.1307,0.2270,0.2913,0.8220,241,5.9517
02038850,ifs,8,-0.4441,0.0086,0.0649,0.8120,241,7.0915
02046000,ifs,8,-0.2617,0.1028,0.1702,0.8298,241,7.6947
02051000,ifs,8,-0.1926,0.0177,0.1369,0.7752,241,7.9985
02051500,ifs,8,-0.2523,0.0980,0.1674,0.8389,241,7.4758
02053200,ifs,8,-0.1493,0.1688,0.2395,0.8697,241,7.7800
02053800,ifs,8,-0.5324,0.1209,0.1390,0.8710,241,6.6124
02055100,ifs,8,-1.3226,0.0014,0.0957,1.3484,241,7.2803
02056900,ifs,8,-0.6830,0.0622,0.0718,0.9112,241,7.7088
02059500,ifs,8,-0.7244,0.1127,0.1176,0.9109,241,6.1009
02064000,ifs,8,-0.5091,0.0233,0.0524,0.9557,241,6.5594
02065500,ifs,8,-0.4050,0.0533,0.0946,0.9147,241,6.2428
02069700,ifs,8,-0.4266,0.0628,0.1010,0.8870,241,8.4099
02070000,ifs,8,-0.5481,0.0270,0.0553,0.8875,241,8.6567
02074500,ifs,8,-0.5917,-0.0257,0.0077,1.1302,241,9.3647
02077200,ifs,8,-0.7100,0.1077,0.1102,1.0539,241,7.2180
02081500,ifs,8,-0.3449,0.1498,0.1764,0.9844,241,7.3438
02082950,ifs,8,-0.4632,0.2453,0.2507,1.0866,241,6.5858
02092500,ifs,8,-0.6671,0.1540,0.1665,1.1447,241,8.0717
02096846,ifs,8,-0.2630,0.0072,0.0923,0.8933,241,10.0909
02102908,ifs,8,-0.2276,0.0339,0.1377,0.7755,241,9.2705
02108000,ifs,8,-0.4480,0.1710,0.1806,1.0008,241,7.7755
02111180,ifs,8,-0.2075,0.0944,0.1833,0.7970,241,8.1692
02111500,ifs,8,-0.2922,0.1178,0.1775,0.8146,241,8.3245
02118500,ifs,8,-0.5204,0.1803,0.1869,0.9226,241,7.6954
02128000,ifs,8,-0.2426,0.1094,0.1787,0.8346,241,7.3291
02137727,ifs,8,-0.1613,0.0102,0.1435,0.7740,241,9.0218
02140991,ifs,8,-0.1900,0.1700,0.2422,0.7941,241,7.7996
02143000,ifs,8,-0.4223,0.0695,0.1150,0.8270,241,8.4218
02143040,ifs,8,-0.3978,0.0622,0.1210,0.7831,241,8.2829
02149000,ifs,8,-0.1714,-0.1155,0.0855,0.6269,241,10.6912
02152100,ifs,8,-0.5524,0.0404,0.0753,0.8194,241,8.3152
02177000,ifs,8,-0.6188,0.0965,0.1159,0.8384,241,11.4109
02178400,ifs,8,-1.0305,0.0745,0.0913,0.8614,241,10.8359
02193340,ifs,8,-0.3396,0.3543,0.4020,1.2200,241,8.4033
02196000,ifs,8,-0.1885,0.2274,0.2654,0.9237,241,8.7498
02198100,ifs,8,-0.2755,0.2129,0.2452,0.8647,241,11.7659
02202600,ifs,8,-0.5895,0.2023,0.2050,1.0650,241,7.5292
02212600,ifs,8,-0.0674,0.2719,0.3385,0.8156,241,8.7910
02215100,ifs,8,-0.4149,0.0634,0.1188,0.7847,241,10.0383
02216180,ifs,8,-0.1719,0.0168,0.1566,0.7103,241,10.7528
02221525,ifs,8,-0.0922,0.2997,0.3449,0.8543,241,7.9429
02231000,ifs,8,-0.3481,0.1223,0.1743,0.8014,241,7.7710
02231342,ifs,8,-0.6814,0.1556,0.1556,1.0044,241,8.7925
02235200,ifs,8,-0.0609,0.1966,0.3200,0.7090,241,7.0470
02245500,ifs,8,-0.0644,0.2231,0.3001,0.8724,241,6.7758
02246000,ifs,8,-0.3318,0.1642,0.2009,0.8521,241,6.8103
02296500,ifs,8,-1.1752,0.1281,0.1714,0.9625,241,8.9732
02297155,ifs,8,-0.5337,0.0751,0.1008,0.8601,241,10.8281
02297310,ifs,8,-0.5901,0.1122,0.1345,0.8250,241,10.0259
02298123,ifs,8,-1.1680,0.0779,0.0959,0.9969,241,10.5642
02298608,ifs,8,-0.4452,0.1020,0.1453,0.7920,241,10.2874
02299950,ifs,8,-0.5240,0.1368,0.1506,0.8952,241,9.7483
02300700,ifs,8,-0.2135,0.1012,0.1793,0.8397,241,10.3013
02310947,ifs,8,-0.2005,0.0469,0.1623,0.7473,241,8.4304
02312200,ifs,8,-0.1737,0.0005,0.1335,0.7674,241,10.0789
02314500,ifs,8,-0.2360,0.1428,0.2068,0.8236,241,8.5827
02315500,ifs,8,-0.2685,0.1819,0.2301,0.8215,241,7.9413
02324400,ifs,8,-0.1077,0.1600,0.2567,0.7990,241,10.9241
02327100,ifs,8,-0.4506,0.0724,0.1169,0.8075,241,10.6986
02349900,ifs,8,-0.3167,0.0392,0.1328,0.7170,241,10.8206
02350900,ifs,8,-0.3712,0.1199,0.1818,0.7414,241,8.7394
02361000,ifs,8,-0.3665,0.1655,0.1993,0.8366,241,8.3274
02363000,ifs,8,-0.3726,0.1211,0.1625,0.8359,241,9.2135
02369800,ifs,8,-0.1082,0.0093,0.1805,0.6952,241,13.5723
02371500,ifs,8,-0.2115,0.0846,0.1722,0.8124,241,10.3151
02372250,ifs,8,-0.1963,0.1138,0.2023,0.7836,241,9.9482
02374500,ifs,8,-0.2383,0.0177,0.1289,0.7482,241,11.1070
02381600,ifs,8,-0.8174,0.0767,0.0854,0.8736,241,13.6693
02384540,ifs,8,-0.6371,0.0870,0.1015,0.8688,241,11.1807
02395120,ifs,8,-0.4771,0.1582,0.1685,0.9500,241,9.0852
02408540,ifs,8,-0.0323,0.1998,0.3150,0.7602,241,9.6874
02415000,ifs,8,0.1198,0.1896,0.4098,0.6506,241,9.7284
02422500,ifs,8,-0.2401,0.1774,0.2193,0.9157,241,9.7090
02427250,ifs,8,-0.2795,0.2313,0.2545,0.9032,241,8.6393
02430085,ifs,8,-1.1738,0.0223,0.0548,1.2094,241,12.6771
02450250,ifs,8,-0.4304,0.0956,0.1398,0.8003,241,11.6602
02464000,ifs,8,-0.4212,0.1465,0.1633,0.9817,241,13.3498
02465493,ifs,8,-0.8588,0.1410,0.1494,1.0819,241,11.5990
02469800,ifs,8,-0.2674,0.0986,0.1646,0.8385,241,10.2056
02472000,ifs,8,-0.2184,0.1170,0.1874,0.8536,241,11.5256
02472500,ifs,8,-0.2727,0.0184,0.1091,0.8068,241,12.8204
02479155,ifs,8,-0.1867,-0.0759,0.0823,0.7266,241,14.3380
02479300,ifs,8,-0.1306,-0.1717,0.0613,0.6317,241,18.5674
02481000,ifs,8,-0.1144,-0.2075,0.0569,0.5874,241,22.1252
02481510,ifs,8,-0.1343,-0.1660,0.0776,0.5932,241,18.3507
03010655,ifs,8,-0.6066,0.1941,0.1941,1.0082,241,8.3216
03011800,ifs,8,-0.3562,0.3138,0.3140,1.0099,241,8.9348
03015500,ifs,8,-1.1220,0.1458,0.2256,1.1957,241,9.3686
03021350,ifs,8,-0.8346,0.1918,0.2186,1.1364,241,10.0550
03026500,ifs,8,-0.4922,0.2576,0.2577,0.9931,241,8.8376
03028000,ifs,8,-0.5011,0.2689,0.2710,1.0473,241,9.1184
03049800,ifs,8,-0.4095,0.0739,0.1130,0.8831,241,10.4417
03050000,ifs,8,-0.1449,0.0919,0.1959,0.8270,241,10.0732
03066000,ifs,8,-0.1869,0.0972,0.1798,0.8757,241,9.1513
03069500,ifs,8,-0.2360,0.1395,0.1933,0.9103,241,8.6554
03070500,ifs,8,-0.3957,0.2437,0.2482,1.0315,241,8.9960
03076600,ifs,8,-0.1797,0.0347,0.1477,0.8127,241,9.7252
03078000,ifs,8,-0.1883,0.0298,0.1327,0.8764,241,9.6365
03140000,ifs,8,-0.7673,0.1559,0.1572,0.9995,241,9.4448
03144000,ifs,8,-0.4979,0.0882,0.1239,0.8096,241,10.7420
03159540,ifs,8,-0.3144,0.1777,0.2061,0.9171,241,10.6990
03161000,ifs,8,-0.2432,0.0914,0.1644,0.8453,241,7.5653
03164000,ifs,8,-0.2730,0.0992,0.1682,0.8149,241,6.7049
03165000,ifs,8,-0.2805,0.0144,0.1135,0.7584,241,8.2387
03170000,ifs,8,-0.4398,0.1200,0.1493,0.8580,241,6.6854
03173000,ifs,8,-0.8759,0.1844,0.2006,1.0356,241,6.7904
03180500,ifs,8,-0.3452,0.1232,0.1575,0.9386,241,8.1109
03182500,ifs,8,-0.5118,0.1506,0.1596,0.9398,241,7.6493
03186500,ifs,8,-0.4156,0.1703,0.1859,0.9308,241,8.8251
03187500,ifs,8,-0.4300,0.1748,0.1868,0.9518,241,8.7663
03213700,ifs,8,-0.3670,0.2647,0.2701,1.0578,241,8.2158
03237280,ifs,8,-0.4633,0.1830,0.1938,1.0871,241,9.3482
03237500,ifs,8,-0.3136,0.1450,0.1795,0.9397,241,9.2136
03241500,ifs,8,-0.0691,0.2054,0.2999,0.7894,241,10.2852
03280700,ifs,8,-0.4980,0.1299,0.1423,1.0472,241,8.8205
03281100,ifs,8,-0.6731,0.1715,0.1851,1.1473,241,8.9279
03281500,ifs,8,-0.7071,0.1562,0.1673,1.1348,241,8.7289
03285000,ifs,8,-0.3786,0.1305,0.1560,0.9934,241,10.6168
03291780,ifs,8,0.0095,0.3063,0.3666,0.9610,241,10.2757
03300400,ifs,8,-0.3649,0.1813,0.1983,1.0090,241,11.3029
03340800,ifs,8,-0.1530,0.0502,0.1658,0.8164,241,11.0769
03346000,ifs,8,-0.1659,0.2467,0.2818,0.9569,241,9.4039
03364500,ifs,8,0.1118,0.2578,0.3986,0.8184,241,12.4222
03366500,ifs,8,-0.0873,0.3271,0.3542,1.0414,241,10.5336
03368000,ifs,8,-0.0220,0.1878,0.3022,0.8104,241,13.1936
03384450,ifs,8,-0.5196,0.1713,0.1864,1.1406,241,11.6705
03439000,ifs,8,-0.4935,0.0571,0.1159,0.7296,241,9.6965
03450000,ifs,8,-0.2689,0.0577,0.1514,0.7486,241,7.3528
03455500,ifs,8,-0.4786,0.0362,0.1120,0.6889,241,8.7616
03456500,ifs,8,-0.2147,0.0753,0.1880,0.7142,241,7.4839
03460000,ifs,8,-0.2648,0.0586,0.1493,0.7688,241,8.0627
03463300,ifs,8,-0.2448,0.0297,0.1261,0.8042,241,8.8151
03471500,ifs,8,-0.2709,0.3091,0.3146,0.9605,241,6.8547
03473000,ifs,8,-0.1650,0.3154,0.3344,0.9237,241,6.8025
03479000,ifs,8,-0.3803,0.0996,0.1411,0.8600,241,7.0439
03488000,ifs,8,-0.2406,0.3007,0.3108,0.9551,241,6.8758
03498500,ifs,8,-0.5065,0.0094,0.0536,0.8297,241,9.3900
03500000,ifs,8,-0.9873,0.0802,0.0894,0.9030,241,10.4004
03504000,ifs,8,-0.7973,0.0388,0.0756,0.7395,241,11.6862
03574500,ifs,8,-0.7589,0.0574,0.0682,0.8711,241,12.2575
03604000,ifs,8,-0.3084,0.0185,0.1016,0.7996,241,11.1005
04015330,ifs,8,-0.5177,0.0810,0.1048,0.8793,241,8.0687
04024430,ifs,8,-0.4027,0.1987,0.2093,0.9567,241,5.9594
04027000,ifs,8,-1.0429,-0.0014,0.0472,1.3020,241,6.4646
04040500,ifs,8,-0.6711,0.0356,0.0454,0.9710,241,6.8651
04043050,ifs,8,-0.6015,0.1709,0.1802,0.8794,241,6.1440
04045500,ifs,8,-0.5431,0.0995,0.1111,1.0046,241,6.3229
04056500,ifs,8,-0.3971,0.1882,0.2002,0.9871,241,5.6130
04057510,ifs,8,-0.5440,0.1477,0.1532,0.9767,241,6.9230
04057800,ifs,8,-0.5406,0.0188,0.0507,0.8750,241,6.6672
04059500,ifs,8,-0.8540,0.0887,0.0891,1.0210,241,7.0446
04063700,ifs,8,-0.9443,0.1096,0.1289,1.1501,241,6.6221
04074950,ifs,8,-0.6576,0.1621,0.1622,1.0068,241,6.7538
04105700,ifs,8,-0.5277,0.1552,0.1606,1.0014,241,8.8790
04115265,ifs,8,-0.4288,0.1551,0.1704,0.9547,241,8.5627
04122200,ifs,8,-0.2354,0.2327,0.2597,0.9347,241,7.9803
04122500,ifs,8,-0.4266,0.1949,0.2038,0.9599,241,8.0717
04124000,ifs,8,-0.2819,0.0917,0.1767,0.7339,241,9.7232
04127997,ifs,8,-0.6670,0.1456,0.1597,0.8460,241,9.9685
04185000,ifs,8,-0.7333,0.1186,0.1209,0.9379,241,8.6339
04196800,ifs,8,-0.5127,0.2225,0.2233,1.0206,241,8.6608
04197100,ifs,8,-0.4644,0.1427,0.1558,0.9679,241,9.5374
04197170,ifs,8,-0.4550,0.1836,0.1909,1.0132,241,8.6168
04213000,ifs,8,-1.4006,0.0451,0.1168,1.2026,241,9.9154
04213075,ifs,8,-1.0902,0.0771,0.1267,1.2440,241,10.4000
04216418,ifs,8,-0.6445,0.1195,0.1249,0.9262,241,9.4886
04221000,ifs,8,-0.7733,0.1594,0.1633,1.0580,241,8.2607
04224775,ifs,8,-0.8040,0.1621,0.1818,1.1546,241,9.2292
04256000,ifs,8,-0.9391,0.1086,0.1275,1.1520,241,8.3775
04296000,ifs,8,-0.6033,0.0155,0.0372,1.0872,241,7.9025
05057000,ifs,8,-0.0241,0.3487,0.3973,1.1680,241,3.7682
05057200,ifs,8,-0.5026,0.1924,0.2338,1.2540,241,4.2232
05062500,ifs,8,-0.5701,0.0300,0.0495,1.0030,241,5.5150
05087500,ifs,8,-0.9987,0.0485,0.0572,1.1148,241,7.4796
05120500,ifs,8,0.0583,0.4598,0.4836,1.1236,241,3.8901
05123400,ifs,8,-0.2537,0.2372,0.2606,1.0733,241,5.8394
05129115,ifs,8,-0.7479,0.0503,0.0554,1.0592,241,6.2621
05131500,ifs,8,-1.0225,0.0589,0.0730,1.1384,241,6.2185
05291000,ifs,8,-0.2620,-0.0144,0.0786,1.1280,241,7.6785
05362000,ifs,8,-0.6833,0.1347,0.1593,1.2048,241,6.6566
05393500,ifs,8,-0.5134,0.1537,0.1691,1.1282,241,6.9058
05399500,ifs,8,-0.4281,0.0723,0.1032,0.9637,241,8.4480
05408000,ifs,8,-0.1394,-0.0111,0.1412,0.7480,241,9.5737
05412500,ifs,8,-0.3049,-0.0299,0.0764,0.7436,241,8.6150
05413500,ifs,8,-0.2050,-0.0314,0.1080,0.7258,241,9.4277
05414000,ifs,8,-0.1930,-0.0107,0.1131,0.7964,241,9.1928
05444000,ifs,8,-0.6130,0.1775,0.1910,1.1483,241,9.1534
05454000,ifs,8,-0.3203,0.0878,0.1416,0.8651,241,9.9079
05458000,ifs,8,-0.3159,-0.0421,0.0595,0.7659,241,9.0242
05466500,ifs,8,-0.5100,0.1287,0.1413,0.9324,241,12.9178
05487980,ifs,8,-0.4852,0.0959,0.1142,1.0215,241,10.9227
05488200,ifs,8,-0.3647,0.0153,0.0701,0.9648,241,12.7058
05489000,ifs,8,-0.4875,0.0670,0.0903,0.9756,241,12.2918
05495000,ifs,8,-0.6617,0.1976,0.2273,1.2053,241,9.4075
05495500,ifs,8,-0.2660,0.2461,0.2657,0.9276,241,10.0747
05501000,ifs,8,-0.3305,0.1256,0.1601,0.9897,241,11.5728
05503800,ifs,8,-0.5711,0.1781,0.1876,1.1195,241,9.8448
05507600,ifs,8,-0.6443,0.1862,0.2070,1.1800,241,8.4451
05508805,ifs,8,-0.6402,0.1993,0.2028,1.0685,241,8.2864
05514500,ifs,8,-0.3022,0.2268,0.2431,0.9748,241,8.0736
05525500,ifs,8,-0.2454,0.0872,0.1588,0.8574,241,9.0714
05556500,ifs,8,-0.4610,0.1927,0.1995,1.0480,241,10.8555
05584500,ifs,8,-0.1397,0.1399,0.2166,0.9508,241,12.0834
05585000,ifs,8,-0.1621,0.1636,0.2257,0.9552,241,11.1555
05591550,ifs,8,-0.1093,0.1446,0.2369,0.8603,241,9.5551
05592050,ifs,8,-0.2136,0.2416,0.2708,1.0756,241,8.3638
05592575,ifs,8,-0.2318,0.1272,0.1883,0.8791,241,10.7442
05593575,ifs,8,-0.4706,0.1087,0.1263,0.9988,241,9.9411
05593900,ifs,8,-0.2114,0.1460,0.2051,0.8927,241,9.6627
05595730,ifs,8,-0.3864,0.1068,0.1365,0.9757,241,9.2061
06037500,ifs,8,-0.0198,0.4131,0.4310,1.0834,241,3.9277
06043500,ifs,8,-0.1360,0.3962,0.3993,1.0235,241,4.0409
06154410,ifs,8,-0.3134,0.1529,0.1860,1.0670,241,5.5728
06188000,ifs,8,-0.6831,0.2162,0.2894,1.2960,241,3.8937
06191500,ifs,8,-0.2471,0.3676,0.4046,1.2103,241,3.3973
06221400,ifs,8,-2.1046,-0.3004,0.1899,1.8285,241,5.1562
06224000,ifs,8,-1.7389,-0.2325,0.1201,1.7682,241,5.1047
06289000,ifs,8,-1.8547,-0.3441,0.2312,1.9699,241,4.8111
06332515,ifs,8,-1.1022,0.0509,0.2925,1.5133,241,4.8761
06339100,ifs,8,-1.5078,-0.1002,0.2453,1.6435,241,4.1408
06339500,ifs,8,-0.8782,0.0996,0.1376,1.2460,241,4.2467
06344600,ifs,8,-0.5922,0.2018,0.3589,1.4328,241,4.3452
06350000,ifs,8,-1.9578,-0.0898,0.1066,1.3705,241,4.9737
06352000,ifs,8,-1.8056,-0.0629,0.1286,1.3881,241,4.1622
06353000,ifs,8,-1.6489,-0.0219,0.1143,1.3199,241,4.3379
06354000,ifs,8,-1.1750,0.0662,0.1198,1.2340,241,4.2802
06360500,ifs,8,-1.5676,-0.0018,0.1420,1.3343,241,4.0442
06404000,ifs,8,-1.7178,-0.1031,0.1705,1.5533,241,5.4778
06406000,ifs,8,-1.7724,-0.0931,0.1412,1.4928,241,5.0477
06408700,ifs,8,-2.2375,-0.2244,0.0895,1.5993,241,5.1964
06409000,ifs,8,-2.6128,-0.3024,0.1731,1.6510,241,5.4034
06431500,ifs,8,-1.4415,-0.0729,0.0783,1.4837,241,5.0458
06440200,ifs,8,-0.9997,0.0168,0.0301,1.1586,241,6.0054
06441500,ifs,8,-1.2396,0.0351,0.0513,1.0598,241,5.2049
06447000,ifs,8,-0.6686,0.1134,0.1413,1.2183,241,4.2838
06447500,ifs,8,-0.8157,-0.0087,0.0148,1.1995,241,5.1437
06450500,ifs,8,-0.7134,-0.0143,-0.0017,1.0253,241,5.9382
06452000,ifs,8,-0.9022,0.0594,0.0681,1.1265,241,4.9162
06453600,ifs,8,-0.8215,0.0324,0.0354,1.0496,241,7.2359
06464500,ifs,8,-0.4003,-0.0373,0.0259,0.8980,241,7.2947
06477500,ifs,8,-0.5809,0.1131,0.1252,1.1031,241,6.2612
06479215,ifs,8,-0.1683,0.0246,0.1321,1.0831,241,7.5550
06479438,ifs,8,-0.1525,0.0123,0.1299,1.0877,241,6.9690
06601000,ifs,8,-0.3956,-0.0254,0.0324,1.0314,241,8.8225
06614800,ifs,8,0.0402,0.2854,0.3821,1.1903,241,5.2511
06622700,ifs,8,-0.5801,0.1695,0.1918,1.1892,241,4.4715
06623800,ifs,8,-0.5037,0.1121,0.3134,1.5612,241,4.6867
06632400,ifs,8,-0.8693,0.0295,0.1595,1.4784,241,5.2904
06784000,ifs,8,-0.6293,0.1648,0.1744,1.1257,241,6.9885
06803510,ifs,8,-0.9323,0.0314,0.0412,1.1372,241,11.4394
06803530,ifs,8,-1.2999,-0.0110,0.0404,1.2643,241,10.7075
06814000,ifs,8,-0.5584,0.0401,0.0619,1.0760,241,9.5004
06846500,ifs,8,0.0585,0.4297,0.4535,1.0044,241,4.0333
06847900,ifs,8,0.0279,0.4288,0.4464,0.9813,241,4.9741
06853800,ifs,8,-0.8511,0.1387,0.1700,1.2049,241,7.2988
06876700,ifs,8,-0.1120,0.0299,0.1670,0.8176,241,10.4428
06878000,ifs,8,-0.3108,0.0448,0.1044,0.9513,241,9.1529
06879650,ifs,8,-0.3351,0.0025,0.0896,0.7622,241,11.0968
06885500,ifs,8,-0.4440,0.0299,0.0692,0.9201,241,10.6054
06888500,ifs,8,-0.2973,-0.0139,0.0803,0.7926,241,11.4033
06889200,ifs,8,-0.3813,0.0247,0.0758,0.9264,241,10.6233
06889500,ifs,8,-0.4321,0.0612,0.0942,0.9524,241,10.4508
06892000,ifs,8,-0.3908,0.1537,0.1733,0.9681,241,10.9020
06903400,ifs,8,-0.6062,0.0869,0.0966,1.0590,241,11.9579
06906800,ifs,8,-0.1712,0.1535,0.2411,0.7629,241,11.7072
06910800,ifs,8,-0.3588,0.0587,0.1175,0.8231,241,11.1271
06911900,ifs,8,-0.3748,0.0121,0.0866,0.7731,241,11.8325
06917000,ifs,8,-0.1871,0.2262,0.2674,0.8938,241,11.9448
06918460,ifs,8,-0.1047,0.2054,0.2706,0.9340,241,10.4866
06919500,ifs,8,-0.1046,0.1911,0.2695,0.8513,241,9.9907
06921070,ifs,8,-0.0260,0.1476,0.2822,0.7812,241,11.5171
06921200,ifs,8,0.0083,0.1583,0.3035,0.7793,241,12.0203
06934000,ifs,8,-0.3848,0.1390,0.1624,1.0343,241,10.1891
07014500,ifs,8,-0.2684,-0.0240,0.0726,0.8495,241,13.0487
07056000,ifs,8,-0.2338,0.2788,0.2980,1.0946,241,10.1757
07057500,ifs,8,-0.6294,0.1934,0.2150,1.1826,241,10.6258
07060710,ifs,8,0.0375,0.3688,0.4216,1.1446,241,9.8693
07066000,ifs,8,-0.6973,0.0941,0.1118,1.1712,241,10.7825
07067000,ifs,8,-0.8942,0.0780,0.1047,1.2139,241,10.0780
07068000,ifs,8,-1.0082,0.0790,0.1238,1.2523,241,9.7473
07071500,ifs,8,-0.8423,0.1543,0.1948,1.2246,241,10.0400
07083000,ifs,8,-0.5114,0.0613,0.3456,1.6685,241,3.5440
07142300,ifs,8,-0.2567,0.1500,0.1937,1.0496,241,5.8810
07145700,ifs,8,0.0058,0.0447,0.2402,0.7858,241,11.5598
07148400,ifs,8,-0.3759,0.1034,0.1360,1.0395,241,5.2123
07149000,ifs,8,-0.6139,0.1564,0.1680,1.1358,241,5.3421
07151500,ifs,8,0.0989,0.2172,0.3674,0.8814,241,7.4433
07167500,ifs,8,-0.2982,0.2441,0.2572,1.0148,241,8.9956
07180500,ifs,8,-0.4402,0.0649,0.0953,0.9700,241,9.6666
07184000,ifs,8,0.1128,0.1608,0.3666,0.7766,241,12.3359
07195800,ifs,8,-0.3712,0.0546,0.1116,1.1755,241,12.8577
07196900,ifs,8,-0.5008,0.0983,0.1505,1.2721,241,11.9344
07197000,ifs,8,-0.5716,0.1190,0.1594,1.2529,241,11.7463
07208500,ifs,8,-0.5204,0.1094,0.3475,1.5967,241,3.1906
07226500,ifs,8,-0.3945,0.2804,0.3309,1.2623,241,2.8969
07261000,ifs,8,-0.8803,0.0846,0.1647,1.3590,241,12.3458
07263295,ifs,8,-0.4758,0.1918,0.2537,1.3096,241,11.2344
07290650,ifs,8,-0.4006,0.1077,0.1358,1.0466,241,11.3296
07291000,ifs,8,-0.4267,0.0482,0.0842,0.9707,241,11.5815
07292500,ifs,8,-0.4001,0.0516,0.0922,0.9466,241,11.5599
07295000,ifs,8,-0.4246,0.0039,0.0505,0.9476,241,13.1921
07299670,ifs,8,-1.0249,-0.0428,0.0664,1.4589,241,6.4772
07301410,ifs,8,0.0709,0.2113,0.3453,1.0620,241,5.3875
07301500,ifs,8,-0.4366,0.1704,0.2889,1.4274,241,3.8787
07315200,ifs,8,-1.5086,-0.0225,0.1410,1.4141,241,10.7139
07315700,ifs,8,-3.3641,-0.6120,0.1448,1.9748,241,12.3900
07335700,ifs,8,-0.1403,0.3343,0.3501,0.9566,241,11.6819
07340300,ifs,8,-0.2225,0.3381,0.3486,1.0974,241,9.1804
07346045,ifs,8,-1.5375,-0.0949,0.1136,1.5450,241,11.4921
07359610,ifs,8,-0.2989,0.1787,0.2061,0.9830,241,11.7485
07362100,ifs,8,-1.0788,-0.1652,0.3072,1.8727,241,10.1877
07362587,ifs,8,-0.3164,0.2257,0.2525,1.1514,241,11.8649
07373000,ifs,8,-0.5458,0.1520,0.1759,1.1878,241,11.2970
07375000,ifs,8,-0.5651,-0.0050,0.0301,0.8550,241,16.9854
07376000,ifs,8,-0.8527,0.0402,0.0422,0.9471,241,16.1888
08013000,ifs,8,-0.4459,0.1439,0.1615,1.0815,241,12.2211
08014500,ifs,8,-0.3262,0.1849,0.2077,1.0480,241,11.3649
08023080,ifs,8,-0.9870,-0.0057,0.2148,1.5913,241,13.0873
08025500,ifs,8,-0.2961,0.1634,0.2023,1.1262,241,12.7090
08029500,ifs,8,-0.6126,0.1420,0.1447,1.0315,241,14.6653
08050800,ifs,8,-0.2605,0.1255,0.1756,0.9389,241,10.7210
08066200,ifs,8,-0.2151,0.0581,0.1506,0.8208,241,15.4677
08066300,ifs,8,-0.1456,-0.0347,0.1118,0.8060,241,18.9398
08070000,ifs,8,-0.1508,0.3148,0.3327,1.0001,241,9.7075
08070200,ifs,8,-0.1599,0.2839,0.3092,0.9645,241,9.9735
08079600,ifs,8,-2.0933,-0.2800,0.0648,1.7198,241,5.3087
08082700,ifs,8,-0.8586,-0.0146,0.1927,1.6018,241,7.2834
08086212,ifs,8,-0.3284,0.1944,0.2324,1.1914,241,7.1042
08086290,ifs,8,-0.4863,0.1813,0.2374,1.2963,241,7.4777
08101000,ifs,8,-0.6714,0.1853,0.2297,1.2543,241,7.9240
08103900,ifs,8,-0.6687,0.1846,0.1849,1.0026,241,11.9676
08104900,ifs,8,-0.6516,0.1192,0.1223,0.9579,241,13.4732
08109700,ifs,8,-0.4466,0.0671,0.1004,1.1026,241,12.7305
08150800,ifs,8,-0.2054,0.0600,0.1539,0.8253,241,11.6449
08155200,ifs,8,-1.0781,0.0597,0.0823,1.1641,241,11.9115
08158700,ifs,8,-1.1617,0.0729,0.1080,1.1669,241,11.4084
08158810,ifs,8,-1.1805,0.1169,0.1810,1.1739,241,10.8992
08164000,ifs,8,-0.5119,0.2464,0.2863,1.2364,241,9.0948
08164300,ifs,8,-0.4712,0.1355,0.1543,1.1076,241,11.6637
08164600,ifs,8,-0.5183,0.2580,0.2879,1.1997,241,9.1852
08165300,ifs,8,-0.1711,-0.0199,0.1245,0.7340,241,10.2943
08171300,ifs,8,-1.0748,0.1014,0.1241,1.1101,241,12.1041
08175000,ifs,8,-1.6021,0.0579,0.2417,1.1809,241,14.0008
08176900,ifs,8,-0.7791,0.2090,0.2938,1.2812,241,9.1732
08178880,ifs,8,-0.1432,-0.0811,0.0846,0.7829,241,11.3699
08189500,ifs,8,-0.7876,0.2110,0.2525,1.1836,241,9.8607
08190000,ifs,8,0.0087,-0.1573,0.1856,0.5582,241,14.3350
08190500,ifs,8,0.0308,-0.1306,0.2255,0.5365,241,13.5409
08194200,ifs,8,-0.0661,0.1506,0.2613,0.8134,241,8.9448
08195000,ifs,8,-0.0708,-0.1310,0.1078,0.6793,241,13.4458
08196000,ifs,8,-0.0618,-0.1508,0.0982,0.6904,241,15.3300
08198500,ifs,8,-0.0990,-0.1170,0.0951,0.7078,241,13.1253
08200000,ifs,8,-0.1247,-0.0781,0.0953,0.7804,241,12.7742
08202700,ifs,8,-0.1262,-0.0353,0.1220,0.7899,241,13.7000
08267500,ifs,8,-0.0055,0.3001,0.3629,1.1086,241,3.7985
08269000,ifs,8,-0.2288,0.2687,0.3739,1.3760,241,3.1127
08271000,ifs,8,0.0295,0.3048,0.3730,1.0483,241,3.8860
08324000,ifs,8,-0.7246,-0.0707,0.3268,1.8136,241,3.0285
08377900,ifs,8,-0.4050,0.1361,0.2863,1.4849,241,4.4296
08378500,ifs,8,-0.3499,0.1587,0.2883,1.4411,241,3.8084
08380500,ifs,8,-0.9391,0.0645,0.2292,1.4899,241,4.2499
09034900,ifs,8,0.0103,0.3549,0.4259,1.2354,241,3.9236
09035900,ifs,8,-0.3520,0.2149,0.4353,1.5335,241,3.3887
09047700,ifs,8,-0.4740,0.1108,0.3742,1.6252,241,3.3580
09065500,ifs,8,-0.6194,0.1009,0.3565,1.6068,241,3.7855
09066000,ifs,8,-0.5296,0.1456,0.3473,1.5418,241,3.1352
09066200,ifs,8,-0.8811,-0.0066,0.3099,1.6940,241,4.3196
09066300,ifs,8,-0.7741,0.0434,0.3197,1.6428,241,4.0822
09081600,ifs,8,0.2223,0.3898,0.5568,1.3779,241,3.8280
09107000,ifs,8,-0.3929,-0.0228,0.4882,1.8645,241,2.9010
09210500,ifs,8,-0.6624,0.1532,0.2048,1.2891,241,2.9951
09223000,ifs,8,-0.7922,0.1638,0.2882,1.3870,241,3.8146
09306242,ifs,8,-1.0974,-0.2952,0.1138,1.9369,241,4.0799
09312600,ifs,8,-0.3334,0.1847,0.2327,1.2305,241,3.5711
09352900,ifs,8,-0.1255,0.2094,0.4264,1.5407,241,4.6713
09378170,ifs,8,-0.1685,0.1094,0.1965,0.8466,241,3.7610
09378630,ifs,8,-0.1908,0.0583,0.1586,0.8176,241,3.9953
09386900,ifs,8,-0.7058,-0.0082,0.4071,1.7580,241,2.9632
09404450,ifs,8,-0.1465,0.2951,0.3294,1.1380,241,3.1345
09430500,ifs,8,-0.3456,0.3326,0.3755,1.2270,241,2.6539
09430600,ifs,8,-0.3244,0.3307,0.4137,1.3060,241,3.4407
09447800,ifs,8,-2.3852,-0.2643,0.3814,1.5509,241,3.0228
09480000,ifs,8,-0.3450,0.2933,0.3215,1.1970,241,4.0757
09484000,ifs,8,-0.5583,0.1538,0.2489,1.3889,241,4.1541
09484600,ifs,8,0.0763,0.5050,0.5117,1.0565,241,2.8684
09492400,ifs,8,-0.0163,0.3592,0.4004,1.1328,241,4.7690
09494000,ifs,8,-0.2783,0.3101,0.4415,1.3909,241,3.8219
09497800,ifs,8,-0.1455,0.3469,0.3866,1.2109,241,3.2244
09497980,ifs,8,0.1668,0.4948,0.5272,1.1076,241,3.2374
09505200,ifs,8,-0.1754,0.3185,0.4798,1.4294,241,3.3431
09505350,ifs,8,0.1627,0.4583,0.5062,1.1156,241,2.9318
09505800,ifs,8,0.1276,0.4317,0.5547,1.3508,241,3.0572
09508300,ifs,8,0.2125,0.4649,0.5242,0.9114,241,2.7013
09510200,ifs,8,0.1975,0.5289,0.5532,1.0908,241,2.7618
09512280,ifs,8,0.0244,0.3410,0.4179,1.2371,241,2.7323
09513780,ifs,8,-0.0804,0.3479,0.3884,1.1833,241,2.6829
10023000,ifs,8,-0.0533,0.2343,0.3028,0.9879,241,3.6735
10166430,ifs,8,-0.6203,0.2389,0.2452,0.9307,241,4.5406
10172700,ifs,8,-0.3264,0.2597,0.2741,1.1115,241,3.1360
10172800,ifs,8,-0.3335,0.2583,0.2679,1.0698,241,4.2097
10173450,ifs,8,0.0618,0.3778,0.4314,1.1254,241,3.4609
10205030,ifs,8,-0.5123,0.1716,0.2017,1.2130,241,3.7275
10234500,ifs,8,0.1580,0.4001,0.4725,0.9198,241,3.1781
10242000,ifs,8,0.1157,0.3408,0.4365,0.8313,241,3.5415
10244950,ifs,8,-0.1071,0.2480,0.2960,1.0272,241,2.9959
10249300,ifs,8,-1.4768,-0.0225,0.2337,1.4965,241,3.5477
10258000,ifs,8,0.2735,0.1916,0.6488,1.7279,241,3.0306
10258500,ifs,8,0.0529,-0.0778,0.6973,1.9777,241,1.7660
10259000,ifs,8,0.4207,0.4395,0.7048,1.4756,241,2.0923
10259200,ifs,8,-0.2085,-0.1988,0.5707,2.0830,241,2.1989
10263500,ifs,8,0.5097,0.5034,0.7164,0.7523,241,4.0970
10310500,ifs,8,-0.0620,0.5122,0.6361,1.0616,241,3.7340
10316500,ifs,8,0.1803,0.2198,0.4576,0.6449,241,3.3536
10329500,ifs,8,0.1915,0.4141,0.4969,0.8710,241,2.9342
10336645,ifs,8,0.1762,0.6149,0.6306,1.0400,241,7.4319
10336660,ifs,8,0.2510,0.6303,0.6337,0.9547,241,7.7161
10343500,ifs,8,-0.2023,0.4677,0.5216,1.1024,241,5.9034
10348850,ifs,8,0.4080,0.3715,0.6459,0.6119,241,6.9886
10396000,ifs,8,-0.1862,0.3624,0.3716,0.9106,241,3.6484
11098000,ifs,8,0.4595,0.5033,0.6792,0.7730,241,5.9925
11124500,ifs,8,0.3155,0.3989,0.5637,0.8708,241,5.7200
11141280,ifs,8,0.4542,0.6865,0.7029,0.9786,241,4.6449
11143000,ifs,8,0.3730,0.5570,0.6389,0.8151,241,7.9926
11148900,ifs,8,0.3007,0.6317,0.6348,0.9864,241,4.5553
11151300,ifs,8,0.2946,0.6470,0.6850,1.1221,241,3.1319
11162500,ifs,8,0.3311,0.5823,0.6179,0.9387,241,5.1745
11176400,ifs,8,0.2874,0.6351,0.6783,1.1454,241,2.8501
11180500,ifs,8,0.1376,0.5143,0.6548,1.2836,241,3.5313
11180960,ifs,8,0.1457,0.5689,0.5994,1.1474,241,4.2196
11224500,ifs,8,0.1540,0.5661,0.6819,1.1738,241,2.9867
11253310,ifs,8,-0.2204,0.3543,0.6329,1.3271,241,2.9240
11264500,ifs,8,-1.8647,-0.2343,0.5136,1.5991,241,8.0144
11266500,ifs,8,-1.3417,-0.0302,0.5132,1.4751,241,7.8073
11274500,ifs,8,0.2858,0.6459,0.6685,1.1036,241,2.7248
11274630,ifs,8,0.2591,0.6354,0.6373,1.0309,241,2.5237
11284400,ifs,8,-0.2302,0.4381,0.4889,1.1567,241,5.6094
11299600,ifs,8,-0.1130,0.4868,0.5480,1.1516,241,5.2128
11381500,ifs,8,0.1864,0.3929,0.4894,0.8356,241,8.1424
11383500,ifs,8,0.1829,0.4243,0.4989,0.8608,241,8.2852
11451100,ifs,8,0.0407,0.5186,0.6041,1.2139,241,5.0641
11468500,ifs,8,0.2394,0.5841,0.6079,1.1348,241,5.8129
11473900,ifs,8,0.3792,0.6470,0.6611,1.0017,241,5.4004
11475560,ifs,8,0.3988,0.3109,0.6470,0.6338,241,10.1010
11476600,ifs,8,0.2266,0.6017,0.6038,1.0318,241,6.4493
11478500,ifs,8,0.4337,0.6833,0.6960,0.9589,241,5.5363
11480390,ifs,8,0.3990,0.6760,0.6820,1.0115,241,5.3695
11481200,ifs,8,0.3676,0.5593,0.6301,0.8718,241,6.3073
11482500,ifs,8,0.4092,0.4829,0.6460,0.7656,241,6.8301
11522500,ifs,8,0.2239,0.5529,0.5689,1.0266,241,5.2498
11523200,ifs,8,-0.1106,0.4849,0.4992,0.9308,241,6.9173
11528700,ifs,8,0.2604,0.6177,0.6197,0.9741,241,5.1933
11532500,ifs,8,0.3541,0.4219,0.6047,0.7298,241,8.8689
12010000,ifs,8,0.1901,0.4449,0.5445,0.7236,241,10.2440
12013500,ifs,8,0.0869,0.5159,0.5526,0.8154,241,8.5303
12020000,ifs,8,0.1614,0.5281,0.5827,0.7800,241,6.8448
12025000,ifs,8,0.1603,0.5109,0.5523,0.8183,241,6.5947
12025700,ifs,8,-0.1749,0.4880,0.5356,1.0148,241,7.0257
12035000,ifs,8,0.1952,0.3957,0.5440,0.6473,241,9.9059
12040500,ifs,8,0.2528,0.4381,0.5675,0.7104,241,10.9894
12041200,ifs,8,0.2808,0.3545,0.5716,0.6314,241,11.8474
12043000,ifs,8,0.3319,0.4086,0.6034,0.6858,241,8.9908
12048000,ifs,8,-0.1719,0.4090,0.5841,1.3057,241,5.6584
12054000,ifs,8,0.2003,0.5397,0.5595,0.9199,241,7.9732
12056500,ifs,8,0.2438,0.4971,0.5704,0.7914,241,10.2913
12073500,ifs,8,-0.1057,0.4636,0.4683,0.9406,241,5.9672
12082500,ifs,8,0.1267,0.5424,0.5574,0.8851,241,8.9301
12092000,ifs,8,0.1266,0.4954,0.5263,0.8523,241,9.0127
12095000,ifs,8,-0.0686,0.5102,0.5270,1.0545,241,7.6196
12114500,ifs,8,0.1494,0.3290,0.4832,0.6646,241,10.6199
12115000,ifs,8,0.1424,0.3323,0.4797,0.6723,241,10.6086
12115500,ifs,8,0.1278,0.3884,0.4800,0.7619,241,10.7340
12117000,ifs,8,0.1087,0.4013,0.4778,0.7785,241,10.7372
12141300,ifs,8,0.0772,0.3679,0.4620,0.7280,241,12.7993
12143600,ifs,8,0.0949,0.3986,0.4728,0.7756,241,11.9069
12144000,ifs,8,0.0762,0.4199,0.4733,0.8100,241,11.2630
12145500,ifs,8,0.0866,0.4033,0.4842,0.7412,241,8.8366
12147600,ifs,8,0.1124,0.2766,0.4445,0.6568,241,15.3793
12167000,ifs,8,0.1301,0.4366,0.4873,0.8655,241,10.4528
12175500,ifs,8,-0.1163,0.4615,0.4639,1.0323,241,8.3202
12186000,ifs,8,0.0431,0.4095,0.4645,0.7893,241,11.3631
12189500,ifs,8,-0.0139,0.4624,0.4727,0.9038,241,9.8469
12358500,ifs,8,0.1506,0.3972,0.4992,0.7431,241,6.3576
12377150,ifs,8,0.0399,0.1944,0.4283,0.5185,241,6.3938
12381400,ifs,8,0.0736,0.2808,0.4447,0.6276,241,5.7692
12390700,ifs,8,-0.0998,0.4498,0.4499,0.9870,241,4.8196
12411000,ifs,8,0.1259,0.4648,0.5023,0.8695,241,4.9716
12414500,ifs,8,0.1363,0.4606,0.5104,0.8273,241,5.2169
12447390,ifs,8,-0.8113,0.1143,0.3760,1.5338,241,3.7198
12451000,ifs,8,-0.7524,0.2524,0.4500,1.2837,241,7.3779
12488500,ifs,8,0.1279,0.5453,0.5659,0.8646,241,7.5235
13011500,ifs,8,0.1114,0.5263,0.5465,1.1346,241,3.4319
13011900,ifs,8,-0.1407,0.4147,0.4649,1.2321,241,3.7433
13018300,ifs,8,0.0961,0.4040,0.4495,1.0352,241,3.5022
13023000,ifs,8,-0.6996,0.2064,0.3354,1.3760,241,3.9493
13161500,ifs,8,0.2297,0.5002,0.5724,1.2269,241,1.8619
13235000,ifs,8,0.1497,0.4609,0.5018,0.9022,241,4.0272
13240000,ifs,8,0.0054,0.4660,0.4761,0.9123,241,5.6809
13310700,ifs,8,-0.0610,0.4460,0.4479,0.9791,241,4.4887
13313000,ifs,8,0.0980,0.3202,0.4409,0.7272,241,4.9537
13331500,ifs,8,-0.2003,0.3399,0.3463,0.9746,241,5.4830
13337000,ifs,8,0.2260,0.5242,0.5702,0.8386,241,5.2359
13338500,ifs,8,-0.1450,0.4089,0.4159,1.0882,241,4.8741
13340000,ifs,8,0.1627,0.5241,0.5415,0.9199,241,4.5989
13340600,ifs,8,0.2775,0.4716,0.5757,0.7723,241,5.6977
14020000,ifs,8,-0.1488,0.3145,0.3333,0.9717,241,5.1853
14092750,ifs,8,-0.3631,0.4088,0.4709,1.1221,241,6.6375
14096850,ifs,8,-0.7351,0.2493,0.3153,1.2084,241,4.6635
14137000,ifs,8,0.1216,0.4910,0.5104,0.9265,241,8.0416
14138800,ifs,8,0.2350,0.4385,0.5409,0.7822,241,10.2170
14138870,ifs,8,0.1594,0.4460,0.5039,0.8497,241,11.0906
14138900,ifs,8,0.2410,0.3644,0.5271,0.7230,241,12.5036
14139800,ifs,8,0.1295,0.4407,0.4957,0.8305,241,10.9706
14141500,ifs,8,0.0636,0.4981,0.5036,0.9585,241,9.7317
14154500,ifs,8,-0.0181,0.4877,0.4884,0.9730,241,5.6518
14158500,ifs,8,-0.0536,0.4772,0.4843,0.9162,241,7.3003
14158790,ifs,8,0.0497,0.3711,0.4469,0.7621,241,8.8638
14166500,ifs,8,0.0005,0.4036,0.4304,0.8937,241,6.4121
14182500,ifs,8,0.0758,0.5194,0.5237,0.9447,241,7.8067
14185000,ifs,8,-0.1095,0.4866,0.4948,1.0148,241,7.5736
14185900,ifs,8,0.1013,0.5067,0.5257,0.8786,241,8.1917
14187000,ifs,8,-0.0332,0.4612,0.4671,0.9275,241,7.6128
14216500,ifs,8,0.2693,0.6081,0.6381,0.8496,241,7.9588
14222500,ifs,8,0.4023,0.4658,0.6471,0.7217,241,11.5280
14236200,ifs,8,0.2437,0.5711,0.5934,0.8900,241,7.4762
14301000,ifs,8,0.3433,0.4711,0.6105,0.7461,241,7.2457
14303200,ifs,8,0.3784,0.3588,0.6337,0.6129,241,9.1655
14305500,ifs,8,0.2627,0.3227,0.5395,0.6563,241,11.8235
14306340,ifs,8,0.0867,0.4380,0.4886,0.8061,241,6.7777
14306500,ifs,8,0.0448,0.4451,0.4757,0.8502,241,7.4762
14308990,ifs,8,-0.0287,0.4164,0.4292,1.0527,241,4.5591
14309500,ifs,8,0.1997,0.4484,0.5382,0.7542,241,6.0221
14316700,ifs,8,-0.0922,0.4838,0.4878,1.0152,241,5.5520
14325000,ifs,8,0.2194,0.4607,0.5480,0.7682,241,7.4201
14362250,ifs,8,-0.1476,0.3102,0.3302,0.9791,241,4.4580
14400000,ifs,8,0.1827,0.3616,0.4957,0.7174,241,10.2211
01013500,ifs,9,-1.4556,-0.0669,0.0863,1.4771,241,8.6331
01022500,ifs,9,-0.9547,0.0344,0.0681,1.2493,241,8.8142
01030500,ifs,9,-1.1227,0.0160,0.0473,1.2241,241,7.8888
01031500,ifs,9,-1.0060,0.0204,0.0740,1.3117,241,8.0540
01047000,ifs,9,-0.9615,0.0380,0.0951,1.3190,241,8.5661
01052500,ifs,9,-1.3533,-0.0791,0.0464,1.4694,241,8.5355
01054200,ifs,9,-0.7836,0.0710,0.0867,1.1675,241,9.6450
01055000,ifs,9,-1.2027,0.0244,0.0905,1.3034,241,8.5098
01057000,ifs,9,-0.8553,0.0901,0.1095,1.1829,241,8.2274
01073000,ifs,9,-1.0253,0.0254,0.0454,1.1884,241,8.6030
01078000,ifs,9,-0.8854,0.0350,0.0478,1.1562,241,8.6139
01118300,ifs,9,-0.2479,0.0562,0.1356,0.8562,241,12.8588
01121000,ifs,9,-0.4283,0.0401,0.0949,0.8009,241,9.8351
01123000,ifs,9,-0.4556,0.0401,0.0930,0.7885,241,10.4386
01134500,ifs,9,-1.0024,0.0421,0.0756,1.2407,241,9.1855
01137500,ifs,9,-1.1631,0.0023,0.0667,1.3258,241,9.5769
01139000,ifs,9,-0.9908,0.0104,0.0792,1.3567,241,8.7210
01139800,ifs,9,-1.0479,0.0425,0.0496,1.0896,241,9.8844
01142500,ifs,9,-1.5367,-0.0518,0.0900,1.4224,241,9.1646
01144000,ifs,9,-1.2002,0.0541,0.0934,1.1927,241,9.2007
01169000,ifs,9,-0.7330,0.1030,0.1090,1.0995,241,9.1169
01170100,ifs,9,-0.7591,0.1079,0.1191,1.1409,241,8.9539
01181000,ifs,9,-0.3770,0.1125,0.1469,0.9005,241,8.8497
01187300,ifs,9,-0.7387,0.0720,0.0751,1.0440,241,8.6976
01195100,ifs,9,-0.3105,0.0883,0.1568,0.7835,241,10.9713
01333000,ifs,9,-0.3468,0.1989,0.2184,1.0835,241,8.0992
01350000,ifs,9,-0.1442,0.1125,0.1974,0.9450,241,10.7737
01350080,ifs,9,-0.3106,0.1496,0.1818,1.0080,241,9.0074
01350140,ifs,9,-0.4876,0.1124,0.1276,1.0164,241,9.0897
01365000,ifs,9,-0.4009,0.1879,0.2102,1.1420,241,9.9237
01411300,ifs,9,-0.2964,0.0191,0.0894,0.9382,241,12.2440
01413500,ifs,9,-0.2319,0.0883,0.1611,0.8735,241,10.5657
01414500,ifs,9,-0.1999,0.1180,0.1836,0.9807,241,11.1012
01415000,ifs,9,-0.4375,0.1135,0.1345,0.9786,241,9.3974
01423000,ifs,9,-0.4949,0.0660,0.0889,0.9616,241,9.4789
01434025,ifs,9,-0.1885,0.1381,0.2017,0.9439,241,11.6515
01435000,ifs,9,-0.2076,0.1697,0.2175,1.0024,241,11.0593
01439500,ifs,9,-0.7837,0.0476,0.0500,1.0240,241,10.1497
01440000,ifs,9,-0.5096,0.0888,0.1054,0.9870,241,9.8833
01440400,ifs,9,-0.7529,0.0184,0.0268,0.9284,241,11.1188
01451800,ifs,9,-1.9456,-0.0993,0.0141,1.2718,241,11.6965
01466500,ifs,9,-0.7997,0.0766,0.0800,1.0758,241,9.6131
01484100,ifs,9,-0.5480,0.0590,0.0862,1.1460,241,9.6646
01485500,ifs,9,-0.3119,0.0377,0.1032,0.8881,241,10.7290
01486000,ifs,9,-0.2796,0.0356,0.1062,0.9281,241,10.8861
01487000,ifs,9,-0.4096,0.0691,0.1103,1.1282,241,9.7865
01491000,ifs,9,-0.8541,0.0589,0.1068,1.2950,241,8.4058
01510000,ifs,9,-0.5658,0.0770,0.0900,0.9780,241,9.0910
01516500,ifs,9,-0.6137,0.0846,0.0954,0.9231,241,7.2264
01518862,ifs,9,-0.4249,0.1674,0.1828,0.9261,241,7.3066
01532000,ifs,9,-0.6988,0.0096,0.0210,0.9562,241,9.0655
01539000,ifs,9,-1.1100,-0.0053,-0.0021,1.0606,241,10.5058
01542810,ifs,9,-0.5780,0.0869,0.1003,0.9199,241,8.2201
01543000,ifs,9,-0.6723,0.0953,0.1003,0.9415,241,8.1882
01543500,ifs,9,-0.6530,0.0630,0.0730,0.9299,241,8.7679
01544500,ifs,9,-0.6637,0.0886,0.0938,0.9553,241,8.0644
01545600,ifs,9,-0.6670,0.0743,0.0797,0.9956,241,8.3077
01547700,ifs,9,-0.6096,-0.0584,-0.0288,0.9772,241,13.5795
01548500,ifs,9,-0.5790,0.1183,0.1281,0.9174,241,7.3707
01549500,ifs,9,-0.7381,0.0512,0.0550,0.9886,241,8.6349
01550000,ifs,9,-0.7481,0.0101,0.0171,0.9949,241,9.6569
01552000,ifs,9,-0.5857,-0.0294,0.0017,0.9089,241,10.4977
01552500,ifs,9,-0.8645,0.0002,0.0026,0.9853,241,9.5484
01557500,ifs,9,-0.6192,0.0547,0.0694,0.9142,241,11.9807
01567500,ifs,9,-1.0135,0.0028,0.0036,1.0395,241,11.0279
01568000,ifs,9,-1.1958,0.0344,0.0459,1.0480,241,10.1930
01580000,ifs,9,-0.9767,0.0742,0.0793,1.0665,241,8.7242
01583500,ifs,9,-0.9117,0.0901,0.1049,1.1506,241,8.5203
01586610,ifs,9,-0.7079,0.1392,0.1425,1.0744,241,8.1498
01591400,ifs,9,-0.2655,0.2554,0.2750,0.9075,241,9.1168
01596500,ifs,9,-0.1555,0.2581,0.2929,1.0593,241,7.8456
01605500,ifs,9,-0.2399,0.2474,0.2678,0.9998,241,7.4112
01606500,ifs,9,-0.2020,0.3319,0.3401,1.0390,241,6.7974
01613050,ifs,9,-0.6900,0.1494,0.1506,1.0436,241,8.5745
01620500,ifs,9,-0.5082,0.2247,0.2495,1.1943,241,6.9226
01632000,ifs,9,-0.1032,0.2555,0.3213,0.8053,241,7.4751
01632900,ifs,9,-0.1593,0.1934,0.2606,0.8237,241,7.3952
01634500,ifs,9,-0.3043,0.1982,0.2226,0.9309,241,7.9223
01638480,ifs,9,-0.4851,0.1832,0.1882,0.9997,241,8.3596
01639500,ifs,9,-0.7361,0.1147,0.1159,1.0433,241,8.0779
01644000,ifs,9,-0.4532,0.1596,0.1727,0.9358,241,7.7717
01658500,ifs,9,-0.4041,0.1452,0.1685,0.9072,241,8.5748
01664000,ifs,9,-0.2830,0.1918,0.2293,0.8556,241,7.7781
01666500,ifs,9,-0.3237,0.2169,0.2372,0.9030,241,7.8718
01667500,ifs,9,-0.3708,0.2228,0.2370,0.9030,241,7.6555
01669000,ifs,9,-0.3307,0.0362,0.0926,0.9970,241,9.3330
01669520,ifs,9,-0.4295,0.0580,0.0920,1.0475,241,9.6170
02011400,ifs,9,-0.2893,0.2693,0.2785,1.0035,241,6.7859
02011460,ifs,9,-0.2433,0.2825,0.2959,1.0481,241,7.0765
02013000,ifs,9,-0.2292,0.3263,0.3319,1.0110,241,6.9480
02014000,ifs,9,-0.3338,0.3433,0.3445,1.0361,241,6.4756
02015700,ifs,9,-0.3099,0.2298,0.2557,1.1450,241,7.0258
02016000,ifs,9,-0.3403,0.2799,0.2889,1.0951,241,6.2589
02017500,ifs,9,-0.7811,0.2324,0.2687,1.1353,241,6.6254
02018000,ifs,9,-0.6725,0.2678,0.3020,1.1378,241,6.1354
02027000,ifs,9,-0.4372,0.2668,0.2991,1.2143,241,6.2493
02027500,ifs,9,-0.3427,0.2831,0.2983,1.1387,241,6.3196
02028500,ifs,9,-0.4456,0.2437,0.2452,1.0191,241,6.7297
02038850,ifs,9,-0.2350,0.1903,0.2299,0.9140,241,6.5581
02046000,ifs,9,-0.3144,0.0820,0.1383,0.8664,241,7.8539
02051000,ifs,9,-0.0802,0.2200,0.2918,0.8806,241,7.6121
02051500,ifs,9,-0.2117,0.1287,0.1910,0.9152,241,7.3535
02053200,ifs,9,-0.3854,0.1361,0.1602,1.0380,241,8.5419
02053800,ifs,9,-0.4179,0.1677,0.1829,0.9387,241,6.3605
02055100,ifs,9,-1.0968,0.0479,0.1474,1.3768,241,6.9173
02056900,ifs,9,-0.3072,0.2814,0.2871,0.9824,241,6.7938
02059500,ifs,9,-0.4221,0.2962,0.2980,1.0497,241,5.5404
02064000,ifs,9,-0.3366,0.2217,0.2431,1.1258,241,6.1732
02065500,ifs,9,-0.3735,0.2342,0.2557,1.1588,241,6.1725
02069700,ifs,9,-0.1769,0.0892,0.1806,0.8458,241,7.6385
02070000,ifs,9,-0.1623,0.0432,0.1647,0.7786,241,7.5010
02074500,ifs,9,-0.1561,0.0690,0.1637,0.9786,241,7.9809
02077200,ifs,9,-0.5211,0.1766,0.1877,1.1160,241,6.8076
02081500,ifs,9,-0.4858,0.0404,0.0702,1.0592,241,7.7192
02082950,ifs,9,-0.5312,0.1720,0.2131,1.2553,241,6.7369
02092500,ifs,9,-0.9977,0.0786,0.1482,1.3186,241,8.8360
02096846,ifs,9,-0.3468,0.0519,0.1022,1.0508,241,10.4201
02102908,ifs,9,-0.2155,0.1261,0.1862,0.9478,241,9.2245
02108000,ifs,9,-0.6614,0.1220,0.1377,1.1597,241,8.3286
02111180,ifs,9,-0.3050,0.0482,0.1233,0.8091,241,8.4927
02111500,ifs,9,-0.3767,-0.0541,0.0504,0.7031,241,8.5926
02118500,ifs,9,-0.5599,0.0638,0.0859,0.8804,241,7.7948
02128000,ifs,9,-0.4304,0.0871,0.1146,0.9645,241,7.8635
02137727,ifs,9,-0.3021,-0.0931,0.0215,0.7841,241,9.5531
02140991,ifs,9,-0.4593,-0.0151,0.0520,0.7658,241,8.6369
02143000,ifs,9,-0.3363,0.0272,0.1082,0.7667,241,8.1633
02143040,ifs,9,-0.2695,0.0534,0.1465,0.7526,241,7.8935
02149000,ifs,9,-0.1594,-0.1551,0.0680,0.6075,241,10.6364
02152100,ifs,9,-0.3744,0.0601,0.1212,0.7946,241,7.8239
02177000,ifs,9,-0.3471,-0.0632,0.0293,0.8045,241,10.4096
02178400,ifs,9,-0.6532,0.0513,0.0629,0.9241,241,9.7776
02193340,ifs,9,-0.3633,0.2248,0.2344,1.0258,241,8.4772
02196000,ifs,9,-0.0888,0.0775,0.2205,0.7467,241,8.3744
02198100,ifs,9,-0.1618,0.1157,0.2204,0.7461,241,11.2290
02202600,ifs,9,-0.9975,0.1192,0.1425,1.1353,241,8.4402
02212600,ifs,9,-0.0142,0.2562,0.3635,0.7268,241,8.5691
02215100,ifs,9,-0.3304,-0.0381,0.0731,0.7038,241,9.7340
02216180,ifs,9,-0.2156,-0.0672,0.0913,0.6700,241,10.9517
02221525,ifs,9,-0.2017,0.1821,0.2572,0.7525,241,8.3314
02231000,ifs,9,-0.8177,0.0965,0.1310,0.7549,241,9.0236
02231342,ifs,9,-0.5608,0.1431,0.1478,0.9998,241,8.4713
02235200,ifs,9,-0.3764,0.1146,0.1831,0.7218,241,8.0266
02245500,ifs,9,-0.8936,0.1179,0.1254,0.9154,241,9.0374
02246000,ifs,9,-0.9317,0.0986,0.1137,0.8571,241,8.2020
02296500,ifs,9,-0.2906,0.1832,0.2221,0.8544,241,6.9118
02297155,ifs,9,-0.4398,-0.0757,0.0006,0.7995,241,10.4914
02297310,ifs,9,-0.4180,-0.0593,0.0272,0.7553,241,9.4681
02298123,ifs,9,-0.4860,0.0635,0.0904,0.9198,241,8.7460
02298608,ifs,9,-0.3995,-0.0783,0.0175,0.7462,241,10.1234
02299950,ifs,9,-0.4952,-0.0329,0.0164,0.8619,241,9.6557
02300700,ifs,9,-0.3089,0.0111,0.0864,0.8662,241,10.6984
02310947,ifs,9,-0.2476,0.0540,0.1432,0.8009,241,8.5942
02312200,ifs,9,-0.1979,0.0102,0.1232,0.8183,241,10.1822
02314500,ifs,9,-0.1759,0.0871,0.2117,0.6942,241,8.3713
02315500,ifs,9,-0.3685,0.1204,0.1907,0.7144,241,8.2484
02324400,ifs,9,-0.1019,0.1124,0.2462,0.7125,241,10.8958
02327100,ifs,9,-0.5416,-0.0413,0.0281,0.7213,241,11.0293
02349900,ifs,9,-0.2289,-0.1024,0.0768,0.6193,241,10.4534
02350900,ifs,9,-0.5105,0.0064,0.0595,0.7789,241,9.1728
02361000,ifs,9,-0.6076,0.0644,0.0778,0.9263,241,9.0322
02363000,ifs,9,-0.4794,0.0318,0.0671,0.8993,241,9.5653
02369800,ifs,9,-0.1690,-0.0833,0.1048,0.6455,241,13.9398
02371500,ifs,9,-0.3309,-0.0297,0.0549,0.8295,241,10.8117
02372250,ifs,9,-0.3278,-0.0334,0.0642,0.7637,241,10.4805
02374500,ifs,9,-0.4129,-0.0798,0.0081,0.7662,241,11.8642
02381600,ifs,9,-0.7394,-0.0090,0.0046,0.9074,241,13.3727
02384540,ifs,9,-0.9014,-0.0314,-0.0283,0.9924,241,12.0494
02395120,ifs,9,-0.8774,0.0043,0.0068,1.0422,241,10.2427
02408540,ifs,9,-0.1487,0.2686,0.3135,0.8390,241,10.2187
02415000,ifs,9,-0.1453,0.1300,0.2406,0.7266,241,11.0972
02422500,ifs,9,-0.2338,0.2407,0.2644,0.9625,241,9.6846
02427250,ifs,9,-0.4154,0.1218,0.1469,0.9210,241,9.0867
02430085,ifs,9,-0.7028,0.0515,0.0630,1.1106,241,11.2199
02450250,ifs,9,-0.2823,0.0020,0.0939,0.8111,241,11.0399
02464000,ifs,9,-0.1071,0.1385,0.2331,0.8640,241,11.7824
02465493,ifs,9,-0.4479,0.2759,0.2765,1.0283,241,10.2370
02469800,ifs,9,-0.2042,0.0752,0.1744,0.7769,241,9.9479
02472000,ifs,9,-0.3293,-0.0096,0.0808,0.7694,241,12.0390
02472500,ifs,9,-0.3743,-0.0559,0.0501,0.6994,241,13.3221
02479155,ifs,9,-0.1747,-0.0704,0.0951,0.7072,241,14.2655
02479300,ifs,9,-0.1274,-0.1884,0.0685,0.5731,241,18.5413
02481000,ifs,9,-0.1247,-0.2489,0.0419,0.5226,241,22.2271
02481510,ifs,9,-0.1269,-0.1532,0.1048,0.5503,241,18.2914
03010655,ifs,9,-0.4703,0.1511,0.1635,0.9420,241,7.9609
03011800,ifs,9,-0.4281,0.0368,0.0798,0.8925,241,9.1688
03015500,ifs,9,-0.6806,0.0809,0.0857,0.9621,241,8.3375
03021350,ifs,9,-0.6580,0.0279,0.0399,0.9657,241,9.5590
03026500,ifs,9,-0.4824,0.0597,0.0891,0.9039,241,8.8085
03028000,ifs,9,-0.4921,0.0331,0.0656,0.9095,241,9.0909
03049800,ifs,9,-0.6148,0.0313,0.0463,0.9788,241,11.1762
03050000,ifs,9,-0.1938,0.2266,0.2616,1.0397,241,10.2862
03066000,ifs,9,-0.2473,0.2229,0.2508,1.0725,241,9.3811
03069500,ifs,9,-0.2726,0.2649,0.2846,1.1146,241,8.7826
03070500,ifs,9,-0.5488,0.1562,0.1626,1.0668,241,9.4764
03076600,ifs,9,-0.1436,0.1468,0.2231,0.9052,241,9.5751
03078000,ifs,9,-0.1507,0.1467,0.2168,0.9854,241,9.4826
03140000,ifs,9,-0.6645,0.1183,0.1223,1.0642,241,9.1660
03144000,ifs,9,-0.3544,0.1211,0.1677,0.8231,241,10.2148
03159540,ifs,9,-0.4049,0.0818,0.1197,0.8857,241,11.0613
03161000,ifs,9,-0.4504,0.0577,0.0902,0.9256,241,8.1715
03164000,ifs,9,-0.4708,0.0224,0.0646,0.8654,241,7.2070
03165000,ifs,9,-0.1542,0.0345,0.1687,0.7462,241,7.8220
03170000,ifs,9,-0.2707,0.2010,0.2317,0.9106,241,6.2807
03173000,ifs,9,-0.6148,0.2359,0.2380,1.0011,241,6.3001
03180500,ifs,9,-0.2706,0.2534,0.2749,1.1109,241,7.8828
03182500,ifs,9,-0.2518,0.3026,0.3145,1.0857,241,6.9604
03186500,ifs,9,-0.3019,0.2362,0.2536,1.0774,241,8.4632
03187500,ifs,9,-0.3227,0.2333,0.2510,1.0987,241,8.4309
03213700,ifs,9,-0.4597,0.2166,0.2277,1.1171,241,8.4899
03237280,ifs,9,-0.4764,0.2077,0.2214,1.1354,241,9.3900
03237500,ifs,9,-0.5589,0.1459,0.1504,1.0042,241,10.0370
03241500,ifs,9,-0.2662,0.0489,0.1425,0.7573,241,11.1930
03280700,ifs,9,-0.6451,0.0539,0.0674,1.0946,241,9.2436
03281100,ifs,9,-0.7913,0.0973,0.1164,1.1844,241,9.2377
03281500,ifs,9,-0.6335,0.1580,0.1727,1.1557,241,8.5388
03285000,ifs,9,-0.5812,0.1029,0.1109,1.0096,241,11.3701
03291780,ifs,9,-0.3128,0.0422,0.1044,0.9109,241,11.8299
03300400,ifs,9,-0.3814,0.1398,0.1665,0.9149,241,11.3710
03340800,ifs,9,-0.4511,-0.0318,0.0287,0.8272,241,12.4262
03346000,ifs,9,-0.4944,0.0576,0.0835,0.9332,241,10.6468
03364500,ifs,9,-0.2699,-0.0771,0.0474,0.7551,241,14.8531
03366500,ifs,9,-0.2555,0.1072,0.1626,0.9570,241,11.3191
03368000,ifs,9,-0.1180,0.0261,0.1761,0.7438,241,13.7994
03384450,ifs,9,-0.5120,0.0471,0.0711,0.9675,241,11.6410
03439000,ifs,9,-0.2953,-0.0226,0.0893,0.7282,241,9.0303
03450000,ifs,9,-0.4101,-0.0545,0.0390,0.7236,241,7.7511
03455500,ifs,9,-0.3979,-0.0660,0.0430,0.6863,241,8.5192
03456500,ifs,9,-0.4308,0.0088,0.0750,0.7749,241,8.1225
03460000,ifs,9,-0.4630,0.0421,0.0773,0.9063,241,8.6716
03463300,ifs,9,-0.5017,-0.0374,0.0129,0.8516,241,9.6820
03471500,ifs,9,-0.5821,0.1453,0.1513,1.0709,241,7.6479
03473000,ifs,9,-0.5687,0.1051,0.1137,1.0018,241,7.8938
03479000,ifs,9,-0.6542,0.0681,0.0752,0.9761,241,7.7109
03488000,ifs,9,-0.2684,0.2063,0.2326,0.9639,241,6.9524
03498500,ifs,9,-0.9320,-0.0119,-0.0056,1.1052,241,10.6339
03500000,ifs,9,-0.5965,0.0147,0.0359,0.9314,241,9.3221
03504000,ifs,9,-0.5221,-0.0132,0.0384,0.7959,241,10.7546
03574500,ifs,9,-0.5855,0.0056,0.0276,0.9770,241,11.6375
03604000,ifs,9,-0.2531,0.0434,0.1314,0.8138,241,10.8636
04015330,ifs,9,-0.2883,-0.0985,0.0340,0.7145,241,7.4338
04024430,ifs,9,-0.8379,0.0394,0.0455,1.1009,241,6.8216
04027000,ifs,9,-1.4426,-0.0687,0.0477,1.4230,241,7.0687
04040500,ifs,9,-0.7038,0.0346,0.0427,1.0396,241,6.9318
04043050,ifs,9,-0.9165,0.0350,0.0436,0.8719,241,6.7210
04045500,ifs,9,-1.0585,0.0110,0.0644,1.3089,241,7.3028
04056500,ifs,9,-1.2775,-0.0207,0.0670,1.3699,241,7.1667
04057510,ifs,9,-0.8722,0.0768,0.1135,1.2530,241,7.6234
04057800,ifs,9,-0.8597,-0.0082,-0.0024,1.0767,241,7.3251
04059500,ifs,9,-0.9914,0.0190,0.0714,1.3105,241,7.3009
04063700,ifs,9,-1.4014,-0.0833,0.0807,1.5166,241,7.3594
04074950,ifs,9,-1.1520,0.0529,0.1235,1.3008,241,7.6952
04105700,ifs,9,-0.5342,0.1941,0.1974,0.9439,241,8.8978
04115265,ifs,9,-0.3217,0.2565,0.2682,0.9211,241,8.2356
04122200,ifs,9,-0.3643,0.2329,0.2417,0.9586,241,8.3865
04122500,ifs,9,-0.3726,0.2378,0.2442,0.9970,241,7.9173
04124000,ifs,9,-0.4066,0.0928,0.1272,0.8950,241,10.1852
04127997,ifs,9,-0.2525,0.1987,0.2326,0.9159,241,8.6408
04185000,ifs,9,-0.5326,0.1019,0.1336,0.8027,241,8.1187
04196800,ifs,9,-0.3100,0.1279,0.1796,0.8292,241,8.0595
04197100,ifs,9,-0.2429,0.1419,0.2003,0.8486,241,8.7866
04197170,ifs,9,-0.2688,0.2014,0.2340,0.8939,241,8.0465
04213000,ifs,9,-0.7099,0.0523,0.0607,1.0819,241,8.3683
04213075,ifs,9,-0.6834,0.0401,0.0565,1.1322,241,9.3333
04216418,ifs,9,-0.4198,0.0235,0.0780,0.8342,241,8.8167
04221000,ifs,9,-0.4587,0.1581,0.1698,0.9540,241,7.4923
04224775,ifs,9,-0.4210,0.0940,0.1233,0.9284,241,8.1912
04256000,ifs,9,-1.1752,0.0639,0.0836,1.0874,241,8.8730
04296000,ifs,9,-0.7552,0.0530,0.0756,1.1976,241,8.2684
05057000,ifs,9,-0.5682,0.1605,0.2576,1.3898,241,4.6629
05057200,ifs,9,-0.9290,0.0405,0.1999,1.5027,241,4.7849
05062500,ifs,9,-0.8682,0.0815,0.1013,1.1861,241,6.0157
05087500,ifs,9,-0.2588,0.1596,0.2044,1.1074,241,5.9359
05120500,ifs,9,-0.7468,0.1427,0.3299,1.4776,241,5.2980
05123400,ifs,9,-0.1948,0.2691,0.2917,1.0201,241,5.7006
05129115,ifs,9,-0.3926,-0.0647,0.0073,0.8870,241,5.5896
05131500,ifs,9,-0.4362,-0.0076,0.0390,0.9565,241,5.2402
05291000,ifs,9,-0.8502,-0.1226,0.0659,1.6222,241,9.2972
05362000,ifs,9,-1.1989,0.0081,0.1131,1.3954,241,7.6081
05393500,ifs,9,-1.0355,0.0394,0.0939,1.2998,241,8.0090
05399500,ifs,9,-0.4398,0.1410,0.1576,1.0475,241,8.4824
05408000,ifs,9,-0.2033,0.0796,0.1689,0.8239,241,9.8384
05412500,ifs,9,-0.2639,0.1467,0.1986,0.8540,241,8.4785
05413500,ifs,9,-0.2110,0.0678,0.1583,0.8252,241,9.4512
05414000,ifs,9,-0.2274,0.1128,0.1747,0.9307,241,9.3244
05444000,ifs,9,-0.6336,0.1373,0.1399,1.0408,241,9.2115
05454000,ifs,9,-0.5923,0.0963,0.1044,0.9785,241,10.8808
05458000,ifs,9,-0.2814,0.1336,0.1782,0.9211,241,8.9052
05466500,ifs,9,-0.3116,0.0619,0.1307,0.8160,241,12.0393
05487980,ifs,9,-0.2944,0.1140,0.1686,0.8483,241,10.1969
05488200,ifs,9,-0.1793,0.0380,0.1475,0.8202,241,11.8113
05489000,ifs,9,-0.2808,-0.0228,0.0816,0.7724,241,11.4061
05495000,ifs,9,-0.4673,0.1320,0.1474,0.9476,241,8.8401
05495500,ifs,9,-0.3511,0.0374,0.1076,0.7932,241,10.4078
05501000,ifs,9,-0.2443,0.0182,0.1180,0.7938,241,11.1914
05503800,ifs,9,-0.3641,0.1787,0.1976,0.9505,241,9.1734
05507600,ifs,9,-0.7349,0.1469,0.1556,1.1189,241,8.6748
05508805,ifs,9,-0.7528,0.1256,0.1257,1.0169,241,8.5662
05514500,ifs,9,-0.5672,0.1381,0.1429,0.9953,241,8.8571
05525500,ifs,9,-0.4924,0.0801,0.1023,0.9309,241,9.9305
05556500,ifs,9,-0.5015,0.1366,0.1492,0.9278,241,11.0052
05584500,ifs,9,-0.2308,-0.0395,0.0845,0.7674,241,12.5570
05585000,ifs,9,-0.2779,-0.0221,0.0817,0.7784,241,11.6983
05591550,ifs,9,-0.5721,0.0320,0.0528,0.9358,241,11.3753
05592050,ifs,9,-0.7962,0.0364,0.0411,1.0689,241,10.1751
05592575,ifs,9,-0.4810,-0.0366,0.0241,0.8003,241,11.7811
05593575,ifs,9,-0.6308,0.0737,0.0819,1.0289,241,10.4687
05593900,ifs,9,-0.5760,-0.0377,0.0051,0.8277,241,11.0214
05595730,ifs,9,-0.6574,0.1080,0.1151,1.0905,241,10.0660
06037500,ifs,9,-0.2791,0.2439,0.2621,1.0712,241,4.3989
06043500,ifs,9,-0.4181,0.2238,0.2293,1.0354,241,4.5150
06154410,ifs,9,-0.3033,-0.0023,0.0747,0.8949,241,5.5513
06188000,ifs,9,-1.2373,0.0684,0.2082,1.3743,241,4.4892
06191500,ifs,9,-0.6977,0.2010,0.2592,1.2748,241,3.9638
06221400,ifs,9,-1.4537,-0.1439,0.1938,1.7289,241,4.5840
06224000,ifs,9,-1.1795,-0.0681,0.1878,1.6485,241,4.5537
06289000,ifs,9,-4.6037,-0.9320,0.2694,2.1726,241,6.7406
06332515,ifs,9,-1.7957,-0.2517,0.1127,1.7686,241,5.6231
06339100,ifs,9,-1.5005,-0.1886,0.2495,1.7948,241,4.1348
06339500,ifs,9,-0.9483,0.0298,0.2271,1.5485,241,4.3252
06344600,ifs,9,-1.2097,-0.0923,0.2400,1.7052,241,5.1188
06350000,ifs,9,-1.5705,-0.0756,0.0972,1.4756,241,4.6367
06352000,ifs,9,-2.4215,-0.2695,0.1235,1.6365,241,4.5963
06353000,ifs,9,-1.6583,-0.1015,0.1374,1.5465,241,4.3456
06354000,ifs,9,-1.2679,-0.0183,0.1089,1.4377,241,4.3706
06360500,ifs,9,-2.1866,-0.2443,0.0216,1.6010,241,4.5054
06404000,ifs,9,-2.3857,-0.3465,0.2949,1.7890,241,6.1140
06406000,ifs,9,-2.1225,-0.2687,0.2960,1.7445,241,5.3570
06408700,ifs,9,-2.4485,-0.2741,0.1082,1.6437,241,5.3631
06409000,ifs,9,-2.5586,-0.3044,0.1628,1.6773,241,5.3627
06431500,ifs,9,-2.2676,-0.2485,0.0824,1.6338,241,5.8374
06440200,ifs,9,-0.6796,0.0427,0.0636,1.1653,241,5.5039
06441500,ifs,9,-1.0738,0.0302,0.0455,1.1511,241,5.0085
06447000,ifs,9,-0.4757,0.0657,0.0971,1.1200,241,4.0286
06447500,ifs,9,-0.5114,-0.0133,0.0231,1.0625,241,4.6929
06450500,ifs,9,-0.4017,-0.0493,0.0152,0.9136,241,5.3709
06452000,ifs,9,-0.4712,0.0371,0.0688,1.0409,241,4.3235
06453600,ifs,9,-0.5793,0.0152,0.0371,1.0478,241,6.7378
06464500,ifs,9,-0.3252,-0.0825,0.0167,0.8208,241,7.0965
06477500,ifs,9,-0.8898,-0.0000,0.0229,1.2096,241,6.8457
06479215,ifs,9,-0.7824,-0.1253,0.0646,1.6226,241,9.3319
06479438,ifs,9,-0.9009,-0.1442,0.0732,1.6709,241,8.9502
06601000,ifs,9,-0.7090,0.0336,0.0644,1.2232,241,9.7630
06614800,ifs,9,-0.6111,0.0079,0.0534,1.2429,241,6.8034
06622700,ifs,9,-0.8156,0.1534,0.1799,1.1864,241,4.7931
06623800,ifs,9,-1.1499,0.0083,0.1486,1.4632,241,5.6040
06632400,ifs,9,-0.8183,0.0428,0.1217,1.3803,241,5.2178
06784000,ifs,9,-0.0621,0.2288,0.2991,0.9251,241,5.6423
06803510,ifs,9,-0.2348,-0.0256,0.0879,0.7993,241,9.1444
06803530,ifs,9,-0.2976,0.0307,0.1008,0.8928,241,8.0426
06814000,ifs,9,-0.2225,-0.0495,0.0857,0.7376,241,8.4145
06846500,ifs,9,-0.1872,0.1778,0.2305,0.9270,241,4.5292
06847900,ifs,9,-0.1875,0.0921,0.1738,0.8935,241,5.4975
06853800,ifs,9,-0.2877,0.0248,0.1021,0.8612,241,6.0874
06876700,ifs,9,-0.2095,-0.2241,-0.0161,0.6260,241,10.8910
06878000,ifs,9,-0.2900,-0.1698,-0.0154,0.6833,241,9.0801
06879650,ifs,9,-0.3173,-0.0533,0.0694,0.6797,241,11.0226
06885500,ifs,9,-0.2008,-0.1697,0.0387,0.6024,241,9.6711
06888500,ifs,9,-0.3082,-0.1558,-0.0064,0.6693,241,11.4514
06889200,ifs,9,-0.2866,-0.1178,0.0233,0.6970,241,10.2525
06889500,ifs,9,-0.3493,-0.0782,0.0253,0.7539,241,10.1441
06892000,ifs,9,-0.2645,-0.0239,0.0903,0.7463,241,10.3952
06903400,ifs,9,-0.3891,0.0608,0.1139,0.8218,241,11.1204
06906800,ifs,9,-0.3671,-0.0009,0.1078,0.6550,241,12.6483
06910800,ifs,9,-0.4845,-0.1417,-0.0372,0.6754,241,11.6302
06911900,ifs,9,-0.5245,-0.1463,-0.0410,0.6483,241,12.4601
06917000,ifs,9,-0.0781,-0.0283,0.2033,0.5746,241,11.3830
06918460,ifs,9,-0.3899,0.1170,0.1461,0.9277,241,11.7629
06919500,ifs,9,-0.2592,0.1369,0.1946,0.8374,241,10.6669
06921070,ifs,9,-0.2258,0.1030,0.1801,0.8210,241,12.5886
06921200,ifs,9,-0.1753,0.0718,0.1764,0.7944,241,13.0855
06934000,ifs,9,-0.7985,0.0684,0.0694,1.0258,241,11.6116
07014500,ifs,9,-0.4474,-0.0172,0.0372,0.8558,241,13.9388
07056000,ifs,9,-0.4915,0.0630,0.0888,0.9251,241,11.1884
07057500,ifs,9,-0.9418,0.1113,0.1325,1.1585,241,11.5999
07060710,ifs,9,-0.2060,0.0730,0.1546,0.9004,241,11.0475
07066000,ifs,9,-1.0538,0.0856,0.1095,1.1531,241,11.8611
07067000,ifs,9,-1.2707,0.0552,0.1124,1.2156,241,11.0342
07068000,ifs,9,-1.2625,0.0717,0.1475,1.2428,241,10.3460
07071500,ifs,9,-0.8567,0.1590,0.1817,1.1501,241,10.0791
07083000,ifs,9,-1.3582,-0.2324,0.1635,1.8636,241,4.4268
07142300,ifs,9,-0.1985,0.0688,0.1545,0.8929,241,5.7432
07145700,ifs,9,-0.0729,-0.1164,0.1074,0.7219,241,12.0082
07148400,ifs,9,-0.2086,0.3656,0.3829,1.1454,241,4.8853
07149000,ifs,9,-0.4895,0.2111,0.2238,1.1340,241,5.1319
07151500,ifs,9,-0.0320,0.1398,0.2609,0.8840,241,7.9654
07167500,ifs,9,-0.3009,0.0878,0.1488,0.8389,241,9.0048
07180500,ifs,9,-0.3750,-0.0904,-0.0024,0.8271,241,9.4454
07184000,ifs,9,-0.0344,0.0446,0.2238,0.7464,241,13.3198
07195800,ifs,9,-0.6492,0.0669,0.0774,1.0817,241,14.1010
07196900,ifs,9,-0.6747,0.1204,0.1406,1.1856,241,12.6070
07197000,ifs,9,-0.8878,0.0893,0.1077,1.1742,241,12.8738
07208500,ifs,9,-0.9457,-0.1410,0.2593,1.8449,241,3.6094
07226500,ifs,9,-0.6502,0.0498,0.2294,1.5539,241,3.1512
07261000,ifs,9,-0.5908,0.0830,0.0929,1.0205,241,11.3557
07263295,ifs,9,-0.2928,0.0420,0.1087,0.9127,241,10.5147
07290650,ifs,9,-0.8329,0.0885,0.0885,0.9927,241,12.9608
07291000,ifs,9,-0.3182,0.1269,0.1669,0.9116,241,11.1323
07292500,ifs,9,-0.2744,0.1254,0.1752,0.9024,241,11.0286
07295000,ifs,9,-0.6065,0.1178,0.1240,0.9446,241,14.0092
07299670,ifs,9,-2.1721,-0.4518,0.0878,1.9940,241,8.1069
07301410,ifs,9,0.0376,0.1832,0.3265,1.2041,241,5.4833
07301500,ifs,9,-0.4138,0.1095,0.2802,1.5228,241,3.8478
07315200,ifs,9,-1.0750,-0.0486,0.0955,1.5165,241,9.7440
07315700,ifs,9,-2.8350,-0.6665,0.1583,2.1917,241,11.6147
07335700,ifs,9,-0.3229,-0.0060,0.0856,0.7639,241,12.5821
07340300,ifs,9,-0.3380,0.1612,0.1912,0.9001,241,9.6045
07346045,ifs,9,-0.6968,0.1455,0.1727,1.2132,241,9.3972
07359610,ifs,9,-0.2149,0.0942,0.1892,0.7536,241,11.3623
07362100,ifs,9,-0.5843,0.1777,0.2495,1.3331,241,8.8939
07362587,ifs,9,-0.2699,0.0035,0.0995,0.7996,241,11.6531
07373000,ifs,9,-1.0169,0.0693,0.0941,1.1863,241,12.9043
07375000,ifs,9,-0.1990,-0.0815,0.0746,0.7217,241,14.8668
07376000,ifs,9,-0.5892,0.0806,0.0973,0.8848,241,14.9931
08013000,ifs,9,-0.1527,0.1700,0.2320,0.9755,241,10.9119
08014500,ifs,9,-0.1021,0.2230,0.2822,0.9432,241,10.3606
08023080,ifs,9,-0.4429,0.1201,0.1752,1.2712,241,11.1525
08025500,ifs,9,-0.2039,0.1749,0.2257,1.0899,241,12.2485
08029500,ifs,9,-0.2394,0.0878,0.1529,0.9504,241,12.8569
08050800,ifs,9,-0.2410,0.1331,0.1845,0.9591,241,10.6377
08066200,ifs,9,-0.2070,0.0248,0.1346,0.7874,241,15.4158
08066300,ifs,9,-0.0570,0.0096,0.1822,0.8023,241,18.1927
08070000,ifs,9,-0.2815,0.2934,0.3015,1.0584,241,10.2442
08070200,ifs,9,-0.2362,0.3043,0.3135,1.0334,241,10.2966
08079600,ifs,9,-1.6791,-0.4757,0.2069,2.1526,241,4.9405
08082700,ifs,9,-1.6311,-0.4267,0.0816,2.0407,241,8.6658
08086212,ifs,9,-1.4226,-0.1798,0.1676,1.7596,241,9.5937
08086290,ifs,9,-1.4470,-0.1407,0.1803,1.6980,241,9.5947
08101000,ifs,9,-0.8551,0.0441,0.2207,1.5319,241,8.3481
08103900,ifs,9,-0.8479,0.1578,0.2044,1.2357,241,12.5936
08104900,ifs,9,-1.1448,0.1104,0.1540,1.1444,241,15.3535
08109700,ifs,9,-0.7690,0.1270,0.2214,1.3763,241,14.0781
08150800,ifs,9,-0.2324,0.2296,0.2617,1.1096,241,11.7744
08155200,ifs,9,-3.7725,-0.6708,0.2096,1.9298,241,18.0513
08158700,ifs,9,-2.9161,-0.4686,0.2306,1.8348,241,15.3551
08158810,ifs,9,-4.9344,-0.8872,0.2406,1.9391,241,17.9805
08164000,ifs,9,-0.1243,0.3625,0.4402,1.3050,241,7.8429
08164300,ifs,9,-0.0891,0.2888,0.3623,1.2613,241,10.0352
08164600,ifs,9,-0.2600,0.2866,0.3105,1.1568,241,8.3676
08165300,ifs,9,-0.1479,0.0818,0.1752,0.9687,241,10.1921
08171300,ifs,9,-1.3212,-0.0574,0.2830,1.6341,241,12.8027
08175000,ifs,9,-0.0609,0.4326,0.4756,1.2164,241,8.9400
08176900,ifs,9,-0.1433,0.3652,0.3960,1.1856,241,7.3537
08178880,ifs,9,-0.2569,0.0179,0.1002,1.0875,241,11.9220
08189500,ifs,9,0.1487,0.3569,0.4472,1.0380,241,6.8047
08190000,ifs,9,-0.0831,-0.1225,0.0917,0.7536,241,14.9837
08190500,ifs,9,-0.1096,-0.1239,0.0665,0.8164,241,14.4888
08194200,ifs,9,-0.0425,0.1135,0.2492,0.8097,241,8.8451
08195000,ifs,9,-0.1342,-0.0964,0.0697,0.8459,241,13.8381
08196000,ifs,9,-0.1151,-0.1076,0.0691,0.8704,241,15.7102
08198500,ifs,9,-0.1661,-0.0280,0.0959,0.9415,241,13.5197
08200000,ifs,9,-0.2077,0.0260,0.1193,1.0701,241,13.2368
08202700,ifs,9,-0.0968,0.0432,0.1702,0.9706,241,13.5195
08267500,ifs,9,-0.4419,0.1154,0.2425,1.4514,241,4.5487
08269000,ifs,9,-0.9850,-0.1202,0.2239,1.7854,241,3.9561
08271000,ifs,9,-0.3849,0.1499,0.2432,1.3726,241,4.6420
08324000,ifs,9,-1.3982,-0.3447,0.1202,1.9885,241,3.5713
08377900,ifs,9,-0.4288,0.0179,0.3252,1.7136,241,4.4671
08378500,ifs,9,-0.6952,-0.0471,0.2314,1.7100,241,4.2678
08380500,ifs,9,-0.9507,-0.1274,0.2776,1.8354,241,4.2626
09034900,ifs,9,-0.6615,0.0501,0.0970,1.2790,241,5.0835
09035900,ifs,9,-1.3694,-0.1038,0.0929,1.5876,241,4.4861
09047700,ifs,9,-2.1303,-0.3907,0.1107,1.9492,241,4.8935
09065500,ifs,9,-1.3721,-0.0931,0.1495,1.6245,241,4.5816
09066000,ifs,9,-1.3910,-0.1261,0.1699,1.6975,241,3.9198
09066200,ifs,9,-1.4688,-0.1224,0.1511,1.6573,241,4.9485
09066300,ifs,9,-1.3645,-0.0883,0.1529,1.6192,241,4.7128
09081600,ifs,9,-0.3898,0.1171,0.2067,1.3579,241,5.1173
09107000,ifs,9,-1.2414,-0.2847,0.2317,1.9883,241,3.6800
09210500,ifs,9,-0.6911,0.1723,0.2623,1.3560,241,3.0208
09223000,ifs,9,-0.4139,0.2439,0.3036,1.2944,241,3.3882
09306242,ifs,9,-2.0980,-0.4926,0.0215,2.0430,241,4.9585
09312600,ifs,9,-0.8227,-0.0371,0.0093,1.2933,241,4.1752
09352900,ifs,9,-0.7463,0.0004,0.1952,1.5906,241,5.8186
09378170,ifs,9,-0.7200,0.0512,0.0559,1.0111,241,4.5630
09378630,ifs,9,-0.6374,0.0522,0.0624,0.9780,241,4.6850
09386900,ifs,9,-2.0079,-0.4956,0.1265,2.1096,241,3.9348
09404450,ifs,9,-0.5643,0.1942,0.2585,1.3121,241,3.6613
09430500,ifs,9,-0.6917,0.1792,0.2377,1.2908,241,2.9758
09430600,ifs,9,-0.8433,0.1417,0.2482,1.3715,241,4.0592
09447800,ifs,9,-1.5592,-0.0404,0.1799,1.4786,241,2.6283
09480000,ifs,9,-0.1855,0.3758,0.4053,1.1896,241,3.8264
09484000,ifs,9,-0.9190,0.0649,0.2811,1.5376,241,4.6099
09484600,ifs,9,0.0951,0.4943,0.5068,1.0636,241,2.8390
09492400,ifs,9,-0.3676,0.1965,0.2750,1.3379,241,5.5324
09494000,ifs,9,-0.9637,0.0291,0.2612,1.5816,241,4.7369
09497800,ifs,9,-0.9990,0.0349,0.2006,1.5012,241,4.2595
09497980,ifs,9,-0.7121,0.1292,0.2841,1.4700,241,4.6407
09505200,ifs,9,-1.3055,-0.2470,0.3482,1.9411,241,4.6822
09505350,ifs,9,-0.7141,0.0818,0.3466,1.6002,241,4.1948
09505800,ifs,9,-0.9068,-0.0276,0.3077,1.7077,241,4.5198
09508300,ifs,9,-2.0715,-0.2037,0.2131,1.6372,241,5.3348
09510200,ifs,9,-2.1966,-0.3205,0.1793,1.7998,241,5.5120
09512280,ifs,9,-3.2543,-0.9317,0.1406,2.4647,241,5.7055
09513780,ifs,9,-3.8145,-0.9512,0.1476,2.3854,241,5.6635
10023000,ifs,9,-0.4698,0.1283,0.1512,1.1312,241,4.3395
10166430,ifs,9,-0.5239,0.1350,0.1445,0.9500,241,4.4034
10172700,ifs,9,-0.6587,0.0659,0.1023,1.2439,241,3.5070
10172800,ifs,9,-0.9073,0.0861,0.1479,1.3134,241,5.0346
10173450,ifs,9,-0.1185,0.3250,0.3610,1.1631,241,3.7788
10205030,ifs,9,-0.6986,0.0716,0.0980,1.2098,241,3.9504
10234500,ifs,9,-0.0323,0.2913,0.3466,0.9256,241,3.5190
10242000,ifs,9,0.0287,0.2927,0.3698,0.8965,241,3.7115
10244950,ifs,9,-0.7401,0.2072,0.2854,1.2884,241,3.7560
10249300,ifs,9,-1.9316,-0.2795,0.2716,1.8179,241,3.8597
10258000,ifs,9,-0.0620,0.1658,0.4719,1.6457,241,3.6640
10258500,ifs,9,-1.2691,-0.5730,0.5639,2.2771,241,2.7336
10259000,ifs,9,-0.5122,0.0247,0.5029,1.7531,241,3.3805
10259200,ifs,9,-0.1757,-0.0368,0.5354,1.9048,241,2.1688
10263500,ifs,9,-0.6373,0.1348,0.1548,0.8179,241,7.4867
10310500,ifs,9,-0.1884,0.4060,0.4061,1.0072,241,3.9498
10316500,ifs,9,-0.0062,0.2786,0.3558,0.8435,241,3.7156
10329500,ifs,9,-0.0734,0.1738,0.2776,0.7879,241,3.3808
10336645,ifs,9,-0.0108,0.5108,0.5228,1.0923,241,8.2323
10336660,ifs,9,0.1287,0.5556,0.5560,1.0032,241,8.3223
10343500,ifs,9,-0.2522,0.3866,0.3974,1.1084,241,6.0247
10348850,ifs,9,0.1896,0.2255,0.4595,0.6414,241,8.1764
10396000,ifs,9,-0.4498,0.1469,0.1758,0.8252,241,4.0334
11098000,ifs,9,-0.3096,0.0800,0.1748,0.6754,241,9.3276
11124500,ifs,9,-0.4079,0.0732,0.1067,1.0238,241,8.2033
11141280,ifs,9,-0.0666,0.3960,0.4086,1.0572,241,6.4932
11143000,ifs,9,0.1858,0.1810,0.4512,0.5933,241,9.1082
11148900,ifs,9,-0.1527,0.2793,0.3127,0.8901,241,5.8487
11151300,ifs,9,-0.2916,0.2714,0.2801,1.0097,241,4.2380
11162500,ifs,9,0.2557,0.3176,0.5216,0.6907,241,5.4583
11176400,ifs,9,0.1841,0.2527,0.4597,0.6683,241,3.0495
11180500,ifs,9,-0.0176,0.3442,0.4007,0.8031,241,3.8360
11180960,ifs,9,0.1086,0.1955,0.3989,0.6362,241,4.3101
11224500,ifs,9,-0.7999,0.1772,0.1994,1.1509,241,4.3565
11253310,ifs,9,-0.9998,0.0768,0.2628,1.4724,241,3.7430
11264500,ifs,9,-1.7091,-0.1496,0.3607,1.6443,241,7.7937
11266500,ifs,9,-1.2506,0.0171,0.3790,1.5259,241,7.6539
11274500,ifs,9,0.0478,0.2179,0.3667,0.6995,241,3.1463
11274630,ifs,9,0.1041,0.1726,0.3820,0.6554,241,2.7752
11284400,ifs,9,0.0230,0.4275,0.6457,1.3613,241,4.9989
11299600,ifs,9,0.2503,0.5062,0.7517,1.2947,241,4.2781
11381500,ifs,9,0.2093,0.2197,0.4743,0.6334,241,8.0271
11383500,ifs,9,0.1785,0.2433,0.4546,0.6634,241,8.3072
11451100,ifs,9,0.0732,0.1826,0.3647,0.6822,241,4.9777
11468500,ifs,9,0.1105,0.3173,0.4268,0.7962,241,6.2860
11473900,ifs,9,0.1913,0.1990,0.4537,0.6430,241,6.1638
11475560,ifs,9,0.2320,-0.0149,0.5507,0.3902,241,11.4169
11476600,ifs,9,0.0090,0.3971,0.4241,0.9279,241,7.3007
11478500,ifs,9,0.2672,0.3331,0.5317,0.7055,241,6.2978
11480390,ifs,9,0.2498,0.2919,0.5126,0.6867,241,5.9991
11481200,ifs,9,0.3533,0.4648,0.6022,0.8275,241,6.3782
11482500,ifs,9,0.3432,0.3471,0.5915,0.7220,241,7.2018
11522500,ifs,9,0.3547,0.4487,0.5996,0.8456,241,4.7870
11523200,ifs,9,0.1452,0.2236,0.4394,0.6179,241,6.0689
11528700,ifs,9,0.2524,0.2658,0.5136,0.6629,241,5.2213
11532500,ifs,9,0.2912,0.2941,0.5489,0.6714,241,9.2904
12010000,ifs,9,0.0387,0.3130,0.4276,0.6911,241,11.1605
12013500,ifs,9,-0.0606,0.4057,0.4441,0.7979,241,9.1933
12020000,ifs,9,-0.0591,0.3733,0.4409,0.7262,241,7.6920
12025000,ifs,9,-0.0487,0.3246,0.3976,0.7416,241,7.3696
12025700,ifs,9,-0.0734,0.4396,0.4508,0.8915,241,6.7153
12035000,ifs,9,-0.3019,0.3241,0.3694,0.7577,241,12.5993
12040500,ifs,9,-0.2305,0.4342,0.4780,0.8426,241,14.1022
12041200,ifs,9,-0.1015,0.3970,0.4506,0.7518,241,14.6615
12043000,ifs,9,-0.4115,0.3816,0.4357,0.8561,241,13.0680
12048000,ifs,9,-0.7598,0.1951,0.4957,1.4004,241,6.9337
12054000,ifs,9,-0.0777,0.4662,0.4669,0.9760,241,9.2560
12056500,ifs,9,-0.1672,0.3842,0.4021,0.8553,241,12.7856
12073500,ifs,9,-0.4457,0.3467,0.3639,0.9168,241,6.8232
12082500,ifs,9,-0.0224,0.3793,0.4213,0.8234,241,9.6626
12092000,ifs,9,-0.0174,0.3177,0.3874,0.7893,241,9.7271
12095000,ifs,9,-0.2244,0.3742,0.3748,0.9813,241,8.1560
12114500,ifs,9,0.0706,0.1601,0.3843,0.5933,241,11.1010
12115000,ifs,9,0.0746,0.1687,0.3883,0.6005,241,11.0200
12115500,ifs,9,0.0602,0.2064,0.3828,0.6585,241,11.1421
12117000,ifs,9,0.0545,0.2142,0.3831,0.6667,241,11.0587
12141300,ifs,9,0.0713,0.2619,0.4088,0.6906,241,12.8401
12143600,ifs,9,0.0642,0.2703,0.4019,0.7213,241,12.1076
12144000,ifs,9,0.0588,0.2858,0.4032,0.7425,241,11.3684
12145500,ifs,9,0.0318,0.2097,0.3807,0.6376,241,9.0979
12147600,ifs,9,-0.0089,0.2281,0.3623,0.6800,241,16.3966
12167000,ifs,9,0.0460,0.3763,0.4310,0.8438,241,10.9465
12175500,ifs,9,-0.4672,0.3691,0.4226,1.1195,241,9.5386
12186000,ifs,9,0.0031,0.3578,0.4118,0.8250,241,11.5976
12189500,ifs,9,-0.0405,0.4230,0.4338,0.9334,241,9.9756
12358500,ifs,9,-0.2423,0.1764,0.2432,0.7622,241,7.6889
12377150,ifs,9,-0.0329,0.1367,0.3484,0.5514,241,6.6316
12381400,ifs,9,-0.0871,0.2261,0.3409,0.6754,241,6.2495
12390700,ifs,9,-0.3561,0.2405,0.2615,0.8480,241,5.3519
12411000,ifs,9,-0.2850,0.0760,0.1668,0.7243,241,6.0282
12414500,ifs,9,-0.1546,0.2400,0.3026,0.7843,241,6.0318
12447390,ifs,9,-2.4966,-0.3853,0.2038,1.8347,241,5.1682
12451000,ifs,9,-1.3084,0.0474,0.4146,1.4291,241,8.4678
12488500,ifs,9,0.0263,0.3566,0.4212,0.7999,241,7.9496
13011500,ifs,9,-0.5002,0.2030,0.2201,1.1584,241,4.4593
13011900,ifs,9,-0.5263,0.2228,0.2609,1.2395,241,4.3300
13018300,ifs,9,-0.6239,0.1741,0.1827,1.1187,241,4.6943
13023000,ifs,9,-0.3987,0.3064,0.4211,1.3473,241,3.5827
13161500,ifs,9,-0.5574,0.1268,0.2090,1.3689,241,2.6475
13235000,ifs,9,-0.4146,0.2456,0.2496,0.9520,241,5.1944
13240000,ifs,9,-0.1347,0.2161,0.2860,0.8036,241,6.0678
13310700,ifs,9,-0.3613,0.2715,0.2762,0.9456,241,5.0844
13313000,ifs,9,-0.2243,0.1992,0.2613,0.7711,241,5.7713
13331500,ifs,9,-0.4654,0.1105,0.1312,0.9236,241,6.0584
13337000,ifs,9,0.0086,0.4373,0.4609,0.8678,241,5.9259
13338500,ifs,9,-0.2563,0.2428,0.2617,1.0035,241,5.1055
13340000,ifs,9,-0.0541,0.3774,0.3998,0.9117,241,5.1601
13340600,ifs,9,0.0177,0.3597,0.4238,0.7916,241,6.6438
14020000,ifs,9,-0.0978,0.2097,0.2797,0.8827,241,5.0689
14092750,ifs,9,-0.1640,0.3507,0.3632,0.9153,241,6.1335
14096850,ifs,9,-0.0813,0.2764,0.3256,0.9009,241,3.6815
14137000,ifs,9,0.0130,0.3773,0.4208,0.8576,241,8.5242
14138800,ifs,9,-0.0249,0.2678,0.3702,0.7192,241,11.8263
14138870,ifs,9,-0.0605,0.3019,0.3708,0.7695,241,12.4568
14138900,ifs,9,0.0289,0.2179,0.3764,0.6548,241,14.1430
14139800,ifs,9,-0.0863,0.3007,0.3693,0.7522,241,12.2556
14141500,ifs,9,-0.1548,0.3684,0.3855,0.8702,241,10.8074
14154500,ifs,9,-0.2292,0.2989,0.3239,0.8450,241,6.2101
14158500,ifs,9,-0.0257,0.3138,0.3932,0.7482,241,7.2030
14158790,ifs,9,0.0319,0.2430,0.3913,0.6621,241,8.9464
14166500,ifs,9,0.1355,0.3289,0.4769,0.6591,241,5.9633
14182500,ifs,9,0.1238,0.3656,0.4722,0.7387,241,7.6012
14185000,ifs,9,-0.0661,0.3450,0.3969,0.7866,241,7.4242
14185900,ifs,9,0.0389,0.2954,0.4187,0.6839,241,8.4716
14187000,ifs,9,-0.0800,0.2608,0.3491,0.7270,241,7.7834
14216500,ifs,9,-0.0970,0.3816,0.4135,0.8188,241,9.7518
14222500,ifs,9,0.0745,0.2622,0.4194,0.6524,241,14.3452
14236200,ifs,9,0.0254,0.3692,0.4343,0.7812,241,8.4868
14301000,ifs,9,0.0974,0.3345,0.4601,0.6839,241,8.4946
14303200,ifs,9,0.0970,0.1601,0.4222,0.5127,241,11.0476
14305500,ifs,9,0.2383,0.2590,0.5227,0.5837,241,12.0173
14306340,ifs,9,0.1457,0.3168,0.4947,0.6042,241,6.5552
14306500,ifs,9,0.1154,0.3188,0.4672,0.6527,241,7.1949
14308990,ifs,9,0.0332,0.3813,0.4193,0.9358,241,4.4199
14309500,ifs,9,0.2859,0.3689,0.5721,0.6256,241,5.6887
14316700,ifs,9,-0.2109,0.3235,0.3451,0.8528,241,5.8458
14325000,ifs,9,0.0831,0.2860,0.4448,0.6251,241,8.0420
14362250,ifs,9,0.2138,0.4786,0.5279,0.9586,241,3.6900
14400000,ifs,9,0.1313,0.2421,0.4348,0.6415,241,10.5373
01013500,ifs,10,-1.3852,-0.1021,0.0726,1.5520,241,8.5084
01022500,ifs,10,-1.3824,-0.0123,0.1611,1.4594,241,9.7309
01030500,ifs,10,-1.6586,-0.0978,0.0998,1.5109,241,8.8285
01031500,ifs,10,-1.5374,-0.1325,0.0555,1.5627,241,9.0581
01047000,ifs,10,-1.4551,-0.1289,0.0275,1.5328,241,9.5835
01052500,ifs,10,-1.6755,-0.1530,0.0452,1.5677,241,9.1012
01054200,ifs,10,-1.2442,-0.0269,0.0277,1.3013,241,10.8187
01055000,ifs,10,-1.5210,-0.0701,0.0214,1.3589,241,9.1039
01057000,ifs,10,-1.3804,-0.0422,0.0113,1.2762,241,9.3193
01073000,ifs,10,-0.7726,0.0008,0.0073,1.0051,241,8.0485
01078000,ifs,10,-0.9760,-0.0178,-0.0172,1.0207,241,8.8184
01118300,ifs,10,-0.2218,-0.1407,0.0378,0.6544,241,12.7235
01121000,ifs,10,-0.5114,-0.0355,0.0415,0.7027,241,10.1173
01123000,ifs,10,-0.4415,-0.0489,0.0503,0.6708,241,10.3879
01134500,ifs,10,-1.3544,-0.0497,-0.0027,1.2701,241,9.9600
01137500,ifs,10,-1.4744,-0.0788,0.0352,1.4232,241,10.2430
01139000,ifs,10,-0.9960,-0.0186,0.0150,1.2595,241,8.7323
01139800,ifs,10,-0.7061,0.0085,0.0190,0.9690,241,9.0220
01142500,ifs,10,-0.9853,0.0281,0.0483,1.1936,241,8.1075
01144000,ifs,10,-0.7210,0.0106,0.0194,0.9997,241,8.1373
01169000,ifs,10,-0.5458,-0.0856,-0.0284,0.8138,241,8.6103
01170100,ifs,10,-0.5649,-0.0718,-0.0241,0.8442,241,8.4451
01181000,ifs,10,-0.4400,-0.0859,0.0087,0.7167,241,9.0501
01187300,ifs,10,-0.5823,0.0509,0.0720,0.8865,241,8.2973
01195100,ifs,10,-0.4253,-0.1388,-0.0118,0.6363,241,11.4420
01333000,ifs,10,-0.5171,-0.0671,-0.0176,0.8858,241,8.5961
01350000,ifs,10,-0.2317,-0.1313,0.0190,0.7537,241,11.1778
01350080,ifs,10,-0.4031,-0.0248,0.0368,0.8807,241,9.3196
01350140,ifs,10,-0.5467,-0.0409,0.0079,0.8179,241,9.2685
01365000,ifs,10,-0.4069,0.0120,0.0687,0.8482,241,9.9449
01411300,ifs,10,-0.1875,-0.1163,0.0546,0.7121,241,11.7186
01413500,ifs,10,-0.2544,-0.1112,0.0433,0.6818,241,10.6620
01414500,ifs,10,-0.2267,-0.0888,0.0534,0.7500,241,11.2244
01415000,ifs,10,-0.4158,-0.0147,0.0552,0.7898,241,9.3262
01423000,ifs,10,-0.4366,-0.0203,0.0495,0.7773,241,9.2921
01434025,ifs,10,-0.2408,-0.0837,0.0640,0.6983,241,11.9049
01435000,ifs,10,-0.2735,-0.0598,0.0622,0.7419,241,11.3566
01439500,ifs,10,-0.3446,0.0814,0.1478,0.7718,241,8.8124
01440000,ifs,10,-0.2590,0.0964,0.1771,0.7695,241,9.0256
01440400,ifs,10,-0.3406,-0.0135,0.0964,0.6821,241,9.7237
01451800,ifs,10,-0.4733,0.0520,0.1097,0.7459,241,8.2722
01466500,ifs,10,-0.5216,0.0181,0.0536,0.8660,241,8.8390
01484100,ifs,10,-0.3839,-0.0778,0.0069,0.8175,241,9.1380
01485500,ifs,10,-0.1871,-0.0465,0.1081,0.7020,241,10.2058
01486000,ifs,10,-0.1688,-0.0155,0.1248,0.7569,241,10.4039
01487000,ifs,10,-0.4113,-0.0786,-0.0030,0.8419,241,9.7923
01491000,ifs,10,-0.6328,-0.0296,-0.0045,0.9160,241,7.8882
01510000,ifs,10,-0.5442,0.0555,0.0824,0.8655,241,9.0280
01516500,ifs,10,-0.5276,0.0688,0.1025,0.8193,241,7.0310
01518862,ifs,10,-0.4170,0.1052,0.1452,0.8263,241,7.2865
01532000,ifs,10,-0.3541,0.0012,0.0833,0.7731,241,8.0936
01539000,ifs,10,-0.7670,0.0050,0.0254,0.8278,241,9.6141
01542810,ifs,10,-0.5936,0.0861,0.1104,0.8264,241,8.2607
01543000,ifs,10,-0.7061,0.0892,0.1052,0.8381,241,8.2703
01543500,ifs,10,-0.5981,0.0554,0.0911,0.7839,241,8.6210
01544500,ifs,10,-0.5309,0.0443,0.0824,0.8132,241,7.7358
01545600,ifs,10,-0.4544,0.0612,0.1047,0.8219,241,7.7598
01547700,ifs,10,-0.0271,-0.0558,0.1969,0.6361,241,10.8478
01548500,ifs,10,-0.5040,0.0888,0.1215,0.8229,241,7.1935
01549500,ifs,10,-0.4174,0.0341,0.0922,0.8000,241,7.7978
01550000,ifs,10,-0.3990,-0.0203,0.0564,0.7766,241,8.6388
01552000,ifs,10,-0.2659,-0.0741,0.0639,0.7005,241,9.3797
01552500,ifs,10,-0.4731,-0.0009,0.0606,0.7710,241,8.4871
01557500,ifs,10,-0.1503,-0.0985,0.1216,0.5913,241,10.0982
01567500,ifs,10,-0.3763,-0.0637,0.0494,0.6771,241,9.1175
01568000,ifs,10,-0.4398,-0.0420,0.0515,0.6900,241,8.2537
01580000,ifs,10,-0.2514,0.1369,0.2109,0.7629,241,6.9414
01583500,ifs,10,-0.4296,0.0401,0.0959,0.7941,241,7.3681
01586610,ifs,10,-0.4140,0.0540,0.1092,0.7961,241,7.4154
01591400,ifs,10,-0.2709,-0.1067,0.0600,0.6194,241,9.1361
01596500,ifs,10,-0.2429,0.0176,0.1202,0.7873,241,8.1371
01605500,ifs,10,-0.3634,0.1228,0.1632,0.8500,241,7.7714
01606500,ifs,10,-0.3409,0.1635,0.1956,0.8746,241,7.1792
01613050,ifs,10,-0.2952,0.0718,0.1605,0.7288,241,7.5066
01620500,ifs,10,-0.3485,0.2192,0.2325,1.0528,241,6.5458
01632000,ifs,10,-0.3240,0.0724,0.1647,0.6957,241,8.1893
01632900,ifs,10,-0.2441,0.0294,0.1581,0.6640,241,7.6609
01634500,ifs,10,-0.2502,0.0528,0.1707,0.6759,241,7.7564
01638480,ifs,10,-0.3690,-0.0726,0.0410,0.6893,241,8.0260
01639500,ifs,10,-0.3650,0.0893,0.1454,0.7966,241,7.1627
01644000,ifs,10,-0.2738,0.0415,0.1590,0.6683,241,7.2762
01658500,ifs,10,-0.2322,0.0540,0.1680,0.7033,241,8.0330
01664000,ifs,10,-0.2329,0.1261,0.2374,0.6560,241,7.6246
01666500,ifs,10,-0.2482,0.0860,0.1896,0.7001,241,7.6438
01667500,ifs,10,-0.1890,0.0948,0.2153,0.6862,241,7.1295
01669000,ifs,10,-0.2978,0.0117,0.0965,0.8116,241,9.2169
01669520,ifs,10,-0.2225,0.0624,0.1551,0.7994,241,8.8934
02011400,ifs,10,-0.4819,0.0977,0.1212,0.8957,241,7.2750
02011460,ifs,10,-0.4990,0.0788,0.1024,0.9072,241,7.7702
02013000,ifs,10,-0.4952,0.1479,0.1585,0.9411,241,7.6631
02014000,ifs,10,-0.7036,0.1782,0.1794,1.0264,241,7.3186
02015700,ifs,10,-0.4613,0.1148,0.1326,1.0221,241,7.4205
02016000,ifs,10,-0.4935,0.1452,0.1546,1.0143,241,6.6071
02017500,ifs,10,-1.1495,0.1248,0.1914,1.1896,241,7.2783
02018000,ifs,10,-1.0637,0.1433,0.2022,1.1886,241,6.8152
02027000,ifs,10,-0.6896,0.1466,0.1791,1.2318,241,6.7758
02027500,ifs,10,-0.5707,0.1664,0.1835,1.1623,241,6.8352
02028500,ifs,10,-0.2746,0.2715,0.2829,0.9595,241,6.3191
02038850,ifs,10,-0.5260,0.1418,0.1522,0.9220,241,7.2900
02046000,ifs,10,-0.3949,0.1475,0.1795,0.8435,241,8.0908
02051000,ifs,10,-0.3213,0.1047,0.1551,0.8580,241,8.4187
02051500,ifs,10,-0.3197,0.1028,0.1549,0.8511,241,7.6744
02053200,ifs,10,-0.4208,0.0793,0.1108,0.9422,241,8.6503
02053800,ifs,10,-0.7012,0.1773,0.1784,1.0241,241,6.9671
02055100,ifs,10,-1.2384,-0.0114,0.1363,1.4678,241,7.1470
02056900,ifs,10,-0.6163,0.2033,0.2073,1.0779,241,7.5544
02059500,ifs,10,-0.9356,0.1149,0.1240,1.0803,241,6.4638
02064000,ifs,10,-0.6541,0.1517,0.1589,1.1089,241,6.8674
02065500,ifs,10,-0.4877,0.2031,0.2073,1.0493,241,6.4238
02069700,ifs,10,-0.1812,0.3414,0.3492,0.9942,241,7.6524
02070000,ifs,10,-0.2009,0.2980,0.3132,0.9607,241,7.6245
02074500,ifs,10,-0.0812,0.2382,0.3067,1.1504,241,7.7181
02077200,ifs,10,-0.4472,0.1964,0.2152,1.1503,241,6.6402
02081500,ifs,10,-0.4109,0.1334,0.1545,1.0368,241,7.5220
02082950,ifs,10,-0.8003,0.0629,0.0738,1.1387,241,7.3049
02092500,ifs,10,-1.1212,0.0564,0.1693,1.3851,241,9.1051
02096846,ifs,10,-0.3431,0.0445,0.0976,1.0568,241,10.4059
02102908,ifs,10,-0.7801,0.0155,0.0219,1.0594,241,11.1632
02108000,ifs,10,-1.0245,0.1033,0.1642,1.2688,241,9.1938
02111180,ifs,10,-0.7755,0.1725,0.1780,1.0575,241,9.9061
02111500,ifs,10,-0.6131,0.1683,0.1716,0.9314,241,9.3010
02118500,ifs,10,-0.6184,0.2032,0.2047,1.0457,241,7.9394
02128000,ifs,10,-0.6682,0.1285,0.1366,1.1130,241,8.4921
02137727,ifs,10,-0.5525,0.1691,0.1723,1.0321,241,10.4310
02140991,ifs,10,-1.2038,0.0935,0.1406,1.1533,241,10.6140
02143000,ifs,10,-0.3266,0.3253,0.3255,1.0023,241,8.1334
02143040,ifs,10,-0.5500,0.1909,0.1920,0.9931,241,8.7222
02149000,ifs,10,-0.3867,0.0608,0.1097,0.8547,241,11.6323
02152100,ifs,10,-0.7139,0.1983,0.2042,1.0639,241,8.7368
02177000,ifs,10,-0.5630,0.0600,0.0757,0.9811,241,11.2126
02178400,ifs,10,-0.9327,0.0279,0.0279,1.0007,241,10.5718
02193340,ifs,10,-0.6575,0.1017,0.1056,1.0328,241,9.3472
02196000,ifs,10,-0.3855,0.1070,0.1412,0.9002,241,9.4469
02198100,ifs,10,-0.6610,-0.0123,0.0173,0.8285,241,13.4266
02202600,ifs,10,-1.0407,0.0632,0.0856,1.1737,241,8.5311
02212600,ifs,10,-0.2578,0.0308,0.1181,0.8320,241,9.5432
02215100,ifs,10,-0.7069,0.0571,0.0776,0.8220,241,11.0258
02216180,ifs,10,-0.6481,-0.0126,0.0390,0.7250,241,12.7518
02221525,ifs,10,-0.4203,0.0487,0.0906,0.8892,241,9.0575
02231000,ifs,10,-0.6577,0.1115,0.1176,0.9183,241,8.6175
02231342,ifs,10,-0.4970,0.0775,0.1040,0.8837,241,8.2964
02235200,ifs,10,-0.5407,0.1335,0.1584,0.8179,241,8.4923
02245500,ifs,10,-0.5986,0.1132,0.1193,0.9659,241,8.3038
02246000,ifs,10,-0.6020,0.1626,0.1652,0.9493,241,7.4693
02296500,ifs,10,-0.5316,0.2610,0.2636,0.9519,241,7.5297
02297155,ifs,10,-0.3703,0.0846,0.1273,0.8894,241,10.2353
02297310,ifs,10,-0.5100,0.0797,0.1057,0.8724,241,9.7702
02298123,ifs,10,-0.5430,0.1093,0.1218,0.9314,241,8.9121
02298608,ifs,10,-0.4434,0.0348,0.0837,0.8302,241,10.2810
02299950,ifs,10,-0.5604,0.0481,0.0677,0.9372,241,9.8640
02300700,ifs,10,-0.3201,0.0624,0.1170,0.9259,241,10.7441
02310947,ifs,10,-0.4185,0.0220,0.0666,0.9322,241,9.1642
02312200,ifs,10,-0.3885,0.0288,0.0777,0.9256,241,10.9625
02314500,ifs,10,-0.3043,0.0973,0.1525,0.8635,241,8.8166
02315500,ifs,10,-0.4204,0.1093,0.1399,0.8836,241,8.4034
02324400,ifs,10,-0.3318,-0.0018,0.0796,0.8066,241,11.9785
02327100,ifs,10,-0.6898,0.0022,0.0258,0.8421,241,11.5472
02349900,ifs,10,-0.5396,0.0395,0.0868,0.7631,241,11.7007
02350900,ifs,10,-0.4679,0.0541,0.1035,0.7863,241,9.0424
02361000,ifs,10,-0.5877,0.0736,0.0921,0.8779,241,8.9763
02363000,ifs,10,-0.3557,0.0004,0.0748,0.8151,241,9.1567
02369800,ifs,10,-0.2944,-0.0564,0.0877,0.6304,241,14.6686
02371500,ifs,10,-0.2727,-0.0607,0.0538,0.7853,241,10.5724
02372250,ifs,10,-0.3099,-0.0287,0.0686,0.7824,241,10.4097
02374500,ifs,10,-0.3111,-0.0262,0.0765,0.7492,241,11.4288
02381600,ifs,10,-0.5810,0.0089,0.0358,0.8922,241,12.7493
02384540,ifs,10,-0.4517,0.0396,0.0793,0.8811,241,10.5285
02395120,ifs,10,-0.7916,0.0695,0.0737,1.0807,241,10.0059
02408540,ifs,10,-0.2206,0.0031,0.1222,0.7546,241,10.5339
02415000,ifs,10,-0.1509,-0.0317,0.1405,0.6778,241,11.1243
02422500,ifs,10,-0.3818,0.0592,0.1008,0.9597,241,10.2489
02427250,ifs,10,-0.4647,-0.0004,0.0453,0.8793,241,9.2435
02430085,ifs,10,-0.3923,0.2482,0.2632,1.1374,241,10.1456
02450250,ifs,10,-0.2419,0.2320,0.2599,0.9122,241,10.8650
02464000,ifs,10,-0.2911,0.2532,0.2653,1.0058,241,12.7239
02465493,ifs,10,-0.9548,0.1503,0.1714,1.0943,241,11.8947
02469800,ifs,10,-0.2307,0.1719,0.2229,0.8629,241,10.0566
02472000,ifs,10,-0.4779,0.1728,0.1853,0.8980,241,12.6938
02472500,ifs,10,-0.3747,0.1220,0.1627,0.8363,241,13.3243
02479155,ifs,10,-0.5650,0.0763,0.0935,0.9050,241,16.4655
02479300,ifs,10,-0.3130,0.0044,0.0985,0.7503,241,20.0088
02481000,ifs,10,-0.1439,-0.1097,0.1025,0.6161,241,22.4156
02481510,ifs,10,-0.1019,-0.0534,0.1657,0.6097,241,18.0867
03010655,ifs,10,-0.5492,0.1050,0.1225,0.8809,241,8.1716
03011800,ifs,10,-0.4333,0.0605,0.1036,0.8445,241,9.1854
03015500,ifs,10,-0.4196,0.1332,0.1571,0.9058,241,7.6628
03021350,ifs,10,-0.3569,0.0817,0.1300,0.8686,241,8.6473
03026500,ifs,10,-0.4677,0.0844,0.1180,0.8474,241,8.7650
03028000,ifs,10,-0.4771,0.0779,0.1091,0.8636,241,9.0451
03049800,ifs,10,-0.3651,0.0434,0.1016,0.8452,241,10.2759
03050000,ifs,10,-0.2732,-0.0346,0.0752,0.7795,241,10.6228
03066000,ifs,10,-0.3374,0.0272,0.0942,0.8510,241,9.7140
03069500,ifs,10,-0.3212,0.0736,0.1292,0.8814,241,8.9489
03070500,ifs,10,-0.5607,-0.0309,0.0174,0.8033,241,9.5128
03076600,ifs,10,-0.1857,-0.0742,0.0991,0.6766,241,9.7497
03078000,ifs,10,-0.1499,-0.0345,0.1251,0.7370,241,9.4794
03140000,ifs,10,-0.9422,0.0187,0.0302,0.8502,241,9.9011
03144000,ifs,10,-0.6271,-0.0243,0.0340,0.7143,241,11.1957
03159540,ifs,10,-0.3804,-0.0830,0.0253,0.7093,241,10.9643
03161000,ifs,10,-0.9809,0.1399,0.1714,1.1516,241,9.5497
03164000,ifs,10,-0.7024,0.2060,0.2117,1.0576,241,7.7535
03165000,ifs,10,-0.2506,0.2987,0.3098,0.9302,241,8.1419
03170000,ifs,10,-0.6437,0.1863,0.1866,1.0202,241,7.1432
03173000,ifs,10,-1.4544,0.0418,0.0945,1.0783,241,7.7672
03180500,ifs,10,-0.3859,0.0198,0.0736,0.8965,241,8.2326
03182500,ifs,10,-0.4700,0.0520,0.0861,0.8878,241,7.5429
03186500,ifs,10,-0.5724,0.0232,0.0497,0.8854,241,9.3010
03187500,ifs,10,-0.6171,0.0293,0.0470,0.9219,241,9.3221
03213700,ifs,10,-0.5971,0.1148,0.1211,1.0406,241,8.8806
03237280,ifs,10,-1.0538,-0.0003,0.0002,1.0201,241,11.0750
03237500,ifs,10,-0.8883,0.0204,0.0244,0.9186,241,11.0466
03241500,ifs,10,-0.5602,-0.0142,0.0345,0.7826,241,12.4245
03280700,ifs,10,-0.5895,0.1007,0.1090,1.0390,241,9.0861
03281100,ifs,10,-0.8062,0.0658,0.0705,1.0891,241,9.2762
03281500,ifs,10,-0.7967,0.0676,0.0713,1.0766,241,8.9551
03285000,ifs,10,-0.4207,-0.0179,0.0432,0.8438,241,10.7778
03291780,ifs,10,-0.7382,-0.0106,0.0005,0.9502,241,13.6123
03300400,ifs,10,-0.4801,0.0208,0.0684,0.8177,241,11.7700
03340800,ifs,10,-0.4976,-0.0248,0.0245,0.8432,241,12.6240
03346000,ifs,10,-0.9598,0.0206,0.0210,0.9738,241,12.1922
03364500,ifs,10,-0.3589,-0.0639,0.0419,0.7180,241,15.3650
03366500,ifs,10,-0.6679,0.0171,0.0302,0.9500,241,13.0463
03368000,ifs,10,-0.4622,-0.0514,0.0277,0.7354,241,15.7811
03384450,ifs,10,-0.7402,0.0392,0.0440,0.9859,241,12.4886
03439000,ifs,10,-0.9022,0.0725,0.0737,0.9627,241,10.9433
03450000,ifs,10,-0.4419,0.2147,0.2258,0.8911,241,7.8380
03455500,ifs,10,-1.0538,0.0629,0.0716,0.9209,241,10.3259
03456500,ifs,10,-1.2021,0.0690,0.0898,0.9517,241,10.0765
03460000,ifs,10,-0.4928,0.2262,0.2272,0.9782,241,8.7594
03463300,ifs,10,-0.6434,0.2443,0.2525,1.0607,241,10.1286
03471500,ifs,10,-0.7473,0.1715,0.1851,1.1338,241,8.0374
03473000,ifs,10,-0.7271,0.1709,0.1787,1.1031,241,8.2828
03479000,ifs,10,-1.1077,0.1348,0.1945,1.1790,241,8.7040
03488000,ifs,10,-1.1534,0.0390,0.0515,1.0902,241,9.0589
03498500,ifs,10,-0.5028,0.1496,0.1576,1.0016,241,9.3785
03500000,ifs,10,-0.9008,0.0217,0.0234,1.0500,241,10.1718
03504000,ifs,10,-0.7123,-0.0102,0.0110,0.8564,241,11.4066
03574500,ifs,10,-0.5025,0.1619,0.1683,1.0102,241,11.3289
03604000,ifs,10,-0.5089,0.1498,0.1622,0.9038,241,11.9209
04015330,ifs,10,-0.5274,0.1204,0.1467,1.1795,241,8.0943
04024430,ifs,10,-1.5728,-0.0855,0.0728,1.4690,241,8.0711
04027000,ifs,10,-1.3966,-0.1610,0.0396,1.6226,241,7.0019
04040500,ifs,10,-1.0888,-0.0365,-0.0195,1.1857,241,7.6752
04043050,ifs,10,-0.6810,0.1891,0.1940,0.9211,241,6.2946
04045500,ifs,10,-0.7312,0.0033,0.0200,1.1306,241,6.6971
04056500,ifs,10,-0.9072,-0.0047,0.0139,1.1886,241,6.5581
04057510,ifs,10,-0.6569,0.0331,0.0485,1.0992,241,7.1717
04057800,ifs,10,-0.9415,-0.0494,-0.0407,1.1144,241,7.4846
04059500,ifs,10,-0.7684,0.0230,0.0313,1.0872,241,6.8800
04063700,ifs,10,-1.3159,-0.0118,0.0868,1.3721,241,7.2273
04074950,ifs,10,-1.6898,-0.0801,0.0139,1.3169,241,8.6033
04105700,ifs,10,-0.5213,0.0872,0.1037,0.9573,241,8.8605
04115265,ifs,10,-0.4712,0.0167,0.0519,0.9755,241,8.6889
04122200,ifs,10,-0.5604,0.0852,0.0987,1.0542,241,8.9690
04122500,ifs,10,-0.6029,0.1312,0.1421,1.1177,241,8.5558
04124000,ifs,10,-0.3976,0.0580,0.1058,0.8545,241,10.1527
04127997,ifs,10,-0.3349,-0.0353,0.0565,0.7882,241,8.9205
04185000,ifs,10,-0.4139,0.2258,0.2352,0.9119,241,7.7979
04196800,ifs,10,-0.8028,0.0946,0.0963,0.9434,241,9.4547
04197100,ifs,10,-0.5041,0.1290,0.1409,0.9522,241,9.6660
04197170,ifs,10,-0.5729,0.1903,0.1911,1.0203,241,8.9592
04213000,ifs,10,-0.5088,0.0959,0.1115,0.9843,241,7.8609
04213075,ifs,10,-0.5204,0.1102,0.1225,1.0230,241,8.8700
04216418,ifs,10,-0.4857,0.0688,0.0991,0.8762,241,9.0191
04221000,ifs,10,-0.4742,0.1208,0.1419,0.8913,241,7.5319
04224775,ifs,10,-0.4329,0.0988,0.1236,0.9636,241,8.2253
04256000,ifs,10,-1.1191,0.1083,0.1476,1.1538,241,8.7577
04296000,ifs,10,-1.0337,-0.0008,0.0470,1.3007,241,8.9002
05057000,ifs,10,-0.9987,0.0261,0.2377,1.5548,241,5.2642
05057200,ifs,10,-1.4513,-0.1426,0.2108,1.7206,241,5.3940
05062500,ifs,10,-1.1276,-0.0266,0.0215,1.3010,241,6.4198
05087500,ifs,10,-0.9346,0.0174,0.0654,1.3020,241,7.3586
05120500,ifs,10,-0.7346,0.0492,0.3897,1.6630,241,5.2795
05123400,ifs,10,-0.2268,0.2952,0.3144,1.1144,241,5.7765
05129115,ifs,10,-0.8387,0.0748,0.1113,1.2557,241,6.4227
05131500,ifs,10,-0.9957,0.0764,0.1553,1.3402,241,6.1771
05291000,ifs,10,-0.3899,-0.0741,0.0247,1.2774,241,8.0580
05362000,ifs,10,-2.6766,-0.3446,-0.0406,1.6270,241,9.8378
05393500,ifs,10,-1.9963,-0.1857,-0.0210,1.4681,241,9.7171
05399500,ifs,10,-1.4986,-0.0790,-0.0208,1.2879,241,11.1744
05408000,ifs,10,-0.4444,0.0762,0.1038,1.0332,241,10.7792
05412500,ifs,10,-1.0408,-0.0440,-0.0330,1.1507,241,10.7738
05413500,ifs,10,-0.6623,0.0321,0.0437,1.0474,241,11.0733
05414000,ifs,10,-0.5988,0.0670,0.0828,1.0987,241,10.6421
05444000,ifs,10,-0.8445,0.1404,0.1713,1.2039,241,9.7881
05454000,ifs,10,-0.7224,0.0521,0.0565,1.0050,241,11.3165
05458000,ifs,10,-0.8324,-0.0539,-0.0402,1.1112,241,10.6490
05466500,ifs,10,-0.2917,0.0541,0.1335,0.7901,241,11.9479
05487980,ifs,10,-0.3481,0.0895,0.1338,0.9002,241,10.4062
05488200,ifs,10,-0.3388,0.0103,0.0759,0.8933,241,12.5844
05489000,ifs,10,-0.3669,0.0243,0.0871,0.8378,241,11.7833
05495000,ifs,10,-0.2612,0.1752,0.2196,0.8599,241,8.1956
05495500,ifs,10,-0.3320,0.0425,0.1069,0.8484,241,10.3339
05501000,ifs,10,-0.3810,0.0328,0.0899,0.8450,241,11.7905
05503800,ifs,10,-0.6179,0.0519,0.0672,0.9105,241,9.9904
05507600,ifs,10,-0.7954,0.0274,0.0310,1.0312,241,8.8247
05508805,ifs,10,-1.0019,0.0392,0.0403,1.0212,241,9.1545
05514500,ifs,10,-0.6909,0.0655,0.0704,1.0066,241,9.2000
05525500,ifs,10,-0.3693,0.0663,0.1156,0.8667,241,9.5120
05556500,ifs,10,-0.2178,0.2368,0.2637,0.9842,241,9.9111
05584500,ifs,10,-0.1007,0.0157,0.1671,0.7908,241,11.8747
05585000,ifs,10,-0.1406,0.0450,0.1643,0.8323,241,11.0520
05591550,ifs,10,-0.5764,0.0443,0.0649,0.9060,241,11.3906
05592050,ifs,10,-0.9019,0.0779,0.0876,1.1274,241,10.4702
05592575,ifs,10,-0.8550,0.0235,0.0275,0.9257,241,13.1849
05593575,ifs,10,-0.9264,-0.0131,-0.0108,0.9528,241,11.3781
05593900,ifs,10,-0.9541,0.0297,0.0300,1.0227,241,12.2726
05595730,ifs,10,-0.9070,0.0291,0.0307,0.9467,241,10.7973
06037500,ifs,10,-0.4632,0.1123,0.1305,1.0305,241,4.7047
06043500,ifs,10,-0.3776,0.1152,0.1470,0.9242,241,4.4500
06154410,ifs,10,-0.6867,0.0753,0.0841,1.0955,241,6.3154
06188000,ifs,10,-0.9372,0.0905,0.1335,1.2582,241,4.1773
06191500,ifs,10,-0.7771,0.1218,0.1446,1.1966,241,4.0554
06221400,ifs,10,-1.2179,-0.0580,0.1522,1.5919,241,4.3581
06224000,ifs,10,-0.9696,-0.0156,0.1547,1.5507,241,4.3289
06289000,ifs,10,-2.9464,-0.5268,0.0709,1.9760,241,5.6567
06332515,ifs,10,-2.2475,-0.2356,0.1191,1.6155,241,6.0605
06339100,ifs,10,-2.5799,-0.4618,0.0447,1.9181,241,4.9474
06339500,ifs,10,-1.8434,-0.2525,0.1653,1.7866,241,5.2251
06344600,ifs,10,-2.2324,-0.4099,-0.0042,1.8738,241,6.1911
06350000,ifs,10,-3.1786,-0.5466,0.0835,1.9290,241,5.9118
06352000,ifs,10,-2.7318,-0.4805,0.0817,1.9336,241,4.8003
06353000,ifs,10,-2.5712,-0.4454,0.0557,1.9039,241,5.0368
06354000,ifs,10,-2.2258,-0.3578,0.0578,1.8327,241,5.2126
06360500,ifs,10,-3.7000,-0.7233,0.1162,2.1002,241,5.4717
06404000,ifs,10,-2.3058,-0.3646,0.1354,1.8562,241,6.0414
06406000,ifs,10,-2.7551,-0.4228,0.1245,1.8336,241,5.8746
06408700,ifs,10,-2.8608,-0.4296,0.1226,1.8281,241,5.6746
06409000,ifs,10,-3.3908,-0.5998,0.1275,1.9855,241,5.9569
06431500,ifs,10,-1.9608,-0.2002,0.1529,1.6674,241,5.5566
06440200,ifs,10,-0.7751,0.1382,0.2236,1.3527,241,5.6581
06441500,ifs,10,-0.8817,0.1227,0.2616,1.4189,241,4.7709
06447000,ifs,10,-1.4632,-0.0751,0.1513,1.5584,241,5.2047
06447500,ifs,10,-1.1823,-0.0357,0.1228,1.5122,241,5.6390
06450500,ifs,10,-0.9095,0.0488,0.1150,1.3420,241,6.2687
06452000,ifs,10,-0.9629,0.0703,0.2187,1.4595,241,4.9940
06453600,ifs,10,-0.8306,0.0373,0.0797,1.2825,241,7.2539
06464500,ifs,10,-0.6889,0.0765,0.1085,1.2337,241,8.0113
06477500,ifs,10,-0.9217,0.0630,0.1416,1.3610,241,6.9033
06479215,ifs,10,-0.2806,-0.0466,0.0635,1.2316,241,7.9100
06479438,ifs,10,-0.3034,-0.0084,0.1088,1.3315,241,7.4113
06601000,ifs,10,-0.3210,0.1272,0.1738,1.1540,241,8.5834
06614800,ifs,10,-0.5581,0.0145,0.0505,1.1666,241,6.6907
06622700,ifs,10,-1.1307,0.0778,0.1408,1.2641,241,5.1924
06623800,ifs,10,-0.8822,0.0018,0.1485,1.5163,241,5.2435
06632400,ifs,10,-1.5246,-0.0888,0.1194,1.5452,241,6.1482
06784000,ifs,10,-0.0685,0.1252,0.2421,0.8401,241,5.6594
06803510,ifs,10,-0.5428,0.0102,0.0369,1.0355,241,10.2216
06803530,ifs,10,-0.7018,0.0332,0.0474,1.1188,241,9.2105
06814000,ifs,10,-0.5413,0.1706,0.1811,1.1161,241,9.4482
06846500,ifs,10,-0.4290,0.1638,0.1780,0.9453,241,4.9691
06847900,ifs,10,-0.3922,0.0663,0.1037,1.0134,241,5.9526
06853800,ifs,10,-1.2108,0.0408,0.0582,1.0861,241,7.9764
06876700,ifs,10,-0.1317,-0.0487,0.1158,0.7587,241,10.5351
06878000,ifs,10,-0.1245,0.2018,0.2638,0.9151,241,8.4777
06879650,ifs,10,-0.1114,0.3999,0.4270,0.8252,241,10.1247
06885500,ifs,10,-0.1890,0.2915,0.3112,0.9388,241,9.6235
06888500,ifs,10,0.0834,0.4319,0.4742,0.8492,241,9.5855
06889200,ifs,10,-0.1512,0.2103,0.2661,0.8778,241,9.6979
06889500,ifs,10,-0.0944,0.3098,0.3431,0.9225,241,9.1361
06892000,ifs,10,0.0450,0.2452,0.3671,0.7753,241,9.0338
06903400,ifs,10,-0.2341,0.1051,0.1737,0.8616,241,10.4816
06906800,ifs,10,-0.2556,-0.0898,0.0867,0.5898,241,12.1216
06910800,ifs,10,0.0020,0.4564,0.4716,0.8879,241,9.5358
06911900,ifs,10,0.0196,0.4571,0.4806,0.8549,241,9.9921
06917000,ifs,10,-0.3703,0.0835,0.1533,0.7329,241,12.8331
06918460,ifs,10,-0.3513,0.1056,0.1530,0.8389,241,11.5983
06919500,ifs,10,-0.2539,0.0873,0.1764,0.7455,241,10.6444
06921070,ifs,10,-0.2293,-0.0276,0.1146,0.6770,241,12.6064
06921200,ifs,10,-0.0830,-0.0483,0.1776,0.6037,241,12.5610
06934000,ifs,10,-0.5420,0.0400,0.0667,0.8887,241,10.7518
07014500,ifs,10,-0.4669,-0.0930,-0.0237,0.8296,241,14.0325
07056000,ifs,10,-0.8881,0.0720,0.0765,1.0889,241,12.5882
07057500,ifs,10,-0.9215,0.1219,0.1525,1.1950,241,11.5391
07060710,ifs,10,-0.5264,0.0769,0.0937,0.9982,241,12.4284
07066000,ifs,10,-0.8507,0.0285,0.0439,1.1687,241,11.2593
07067000,ifs,10,-1.1470,0.0080,0.0356,1.2084,241,10.7296
07068000,ifs,10,-1.3401,-0.0095,0.0428,1.2538,241,10.5219
07071500,ifs,10,-1.3515,-0.0041,0.0641,1.2880,241,11.3429
07083000,ifs,10,-1.3316,-0.2125,0.1252,1.8091,241,4.4017
07142300,ifs,10,-0.3179,0.2140,0.2580,1.2271,241,6.0224
07145700,ifs,10,0.0109,-0.0348,0.2191,0.6900,241,11.5297
07148400,ifs,10,-0.8992,0.1199,0.2186,1.3609,241,6.1238
07149000,ifs,10,-0.6425,0.2031,0.2689,1.2984,241,5.3891
07151500,ifs,10,0.0232,0.1869,0.3109,0.8983,241,7.7494
07167500,ifs,10,-0.5266,0.0862,0.1057,0.9050,241,9.7547
07180500,ifs,10,-0.4486,0.1867,0.1990,0.9037,241,9.6947
07184000,ifs,10,0.0368,0.1347,0.3169,0.7122,241,12.8535
07195800,ifs,10,-0.3596,0.1761,0.1976,1.0745,241,12.8029
07196900,ifs,10,-0.7923,0.1902,0.2496,1.2525,241,13.0419
07197000,ifs,10,-0.6531,0.2447,0.2777,1.1786,241,12.0471
07208500,ifs,10,-0.6101,-0.0670,0.2157,1.7226,241,3.2835
07226500,ifs,10,-0.8844,-0.0573,0.0443,1.4516,241,3.3675
07261000,ifs,10,-0.5824,0.1239,0.1293,1.0067,241,11.3256
07263295,ifs,10,-0.4543,0.0407,0.0785,0.8925,241,11.1522
07290650,ifs,10,-0.4991,0.1985,0.2011,1.0019,241,11.7213
07291000,ifs,10,-0.3308,0.2347,0.2484,0.9291,241,11.1855
07292500,ifs,10,-0.2985,0.2674,0.2782,0.9387,241,11.1327
07295000,ifs,10,-0.4079,0.2123,0.2194,0.9959,241,13.1145
07299670,ifs,10,-1.5760,-0.1903,0.0872,1.6891,241,7.3056
07301410,ifs,10,-0.6388,-0.0419,0.1505,1.6014,241,7.1552
07301500,ifs,10,-1.9504,-0.3404,0.2063,1.9048,241,5.5585
07315200,ifs,10,-1.0051,0.0791,0.2632,1.4720,241,9.5784
07315700,ifs,10,-1.6475,-0.3344,0.1228,1.9323,241,9.6503
07335700,ifs,10,-0.0921,0.1386,0.2386,0.8625,241,11.4323
07340300,ifs,10,-0.2810,0.2365,0.2536,0.9790,241,9.3978
07346045,ifs,10,-1.5448,-0.0684,0.1545,1.5237,241,11.5086
07359610,ifs,10,-0.3357,0.1097,0.1550,0.8680,241,11.9140
07362100,ifs,10,-0.9705,0.0257,0.1375,1.4374,241,9.9188
07362587,ifs,10,-0.4218,0.0387,0.0824,0.8893,241,12.3306
07373000,ifs,10,-0.6434,0.1415,0.1713,1.2239,241,11.6482
07375000,ifs,10,-0.1439,0.0899,0.1982,0.7989,241,14.5210
07376000,ifs,10,-0.3075,0.2047,0.2264,0.9424,241,13.5996
08013000,ifs,10,-0.3053,0.1339,0.1712,0.9769,241,11.6118
08014500,ifs,10,-0.3446,0.2484,0.2556,0.9970,241,11.4436
08023080,ifs,10,-0.6613,0.0418,0.0661,1.1775,241,11.9668
08025500,ifs,10,-0.3666,0.1260,0.1545,0.9851,241,13.0498
08029500,ifs,10,-0.4185,0.2034,0.2112,0.9732,241,13.7541
08050800,ifs,10,-0.4589,0.2184,0.2907,1.3276,241,11.5337
08066200,ifs,10,-0.1956,-0.0176,0.1147,0.7519,241,15.3429
08066300,ifs,10,-0.1941,-0.0539,0.0792,0.8106,241,19.3364
08070000,ifs,10,-0.5570,0.1955,0.2004,1.0845,241,11.2918
08070200,ifs,10,-0.4923,0.1918,0.1965,1.0427,241,11.3127
08079600,ifs,10,-0.9641,-0.0049,0.1307,1.4921,241,4.2303
08082700,ifs,10,-1.3465,-0.1841,0.0427,1.6705,241,8.1837
08086212,ifs,10,-0.8298,0.0820,0.2105,1.4484,241,8.3379
08086290,ifs,10,-1.1325,-0.0563,0.1677,1.6091,241,8.9570
08101000,ifs,10,-1.4741,-0.1294,0.2317,1.6990,241,9.6408
08103900,ifs,10,-1.0401,0.1061,0.1787,1.2835,241,13.2324
08104900,ifs,10,-0.2229,0.2276,0.2579,1.0627,241,11.5934
08109700,ifs,10,-0.1621,0.1111,0.1932,1.0941,241,11.4103
08150800,ifs,10,-0.3278,0.1490,0.1785,1.0173,241,12.2217
08155200,ifs,10,-0.4842,0.1041,0.1606,1.2845,241,10.0666
08158700,ifs,10,-0.5269,0.0757,0.1261,1.2651,241,9.5881
08158810,ifs,10,-0.6517,0.1204,0.1670,1.2820,241,9.4861
08164000,ifs,10,-0.8593,0.0505,0.1222,1.3589,241,10.0858
08164300,ifs,10,-0.6106,0.0721,0.1037,1.2129,241,12.2037
08164600,ifs,10,-0.4798,0.1702,0.2115,1.2491,241,9.0681
08165300,ifs,10,-0.3315,0.1370,0.1688,0.9787,241,10.9769
08171300,ifs,10,-0.5228,0.0487,0.0836,1.1700,241,10.3696
08175000,ifs,10,-0.4750,0.1586,0.1834,1.1731,241,10.5411
08176900,ifs,10,-0.5800,0.1437,0.1870,1.2667,241,8.6448
08178880,ifs,10,-0.2818,0.0492,0.1140,1.0360,241,12.0395
08189500,ifs,10,-0.2191,0.2616,0.3029,1.1973,241,8.1431
08190000,ifs,10,-0.1438,-0.0408,0.1059,0.8228,241,15.3983
08190500,ifs,10,-0.1104,-0.0589,0.1118,0.7997,241,14.4937
08194200,ifs,10,-0.1444,-0.0021,0.1270,0.8680,241,9.2673
08195000,ifs,10,-0.1856,0.0194,0.1225,0.9189,241,14.1478
08196000,ifs,10,-0.1765,-0.0352,0.0868,0.9454,241,16.1366
08198500,ifs,10,-0.1779,0.0018,0.1132,0.9164,241,13.5877
08200000,ifs,10,-0.2514,0.0256,0.1047,1.0308,241,13.4740
08202700,ifs,10,-0.1719,0.0282,0.1310,0.9721,241,13.9747
08267500,ifs,10,-0.3735,0.0562,0.2442,1.5498,241,4.4394
08269000,ifs,10,-0.8921,-0.1935,0.1936,1.8754,241,3.8625
08271000,ifs,10,-0.3526,0.0822,0.2269,1.4670,241,4.5875
08324000,ifs,10,-1.6728,-0.5017,0.1743,2.1935,241,3.7702
08377900,ifs,10,-0.5164,-0.0186,0.2519,1.6900,241,4.6019
08378500,ifs,10,-0.7084,-0.0934,0.2494,1.7929,241,4.2844
08380500,ifs,10,-1.0074,-0.1140,0.1816,1.7406,241,4.3241
09034900,ifs,10,-0.5512,0.0657,0.0905,1.1368,241,4.9120
09035900,ifs,10,-1.1440,-0.0156,0.0806,1.4112,241,4.2675
09047700,ifs,10,-1.2155,-0.1342,0.0741,1.6421,241,4.1169
09065500,ifs,10,-1.3309,-0.0802,0.0980,1.5522,241,4.5415
09066000,ifs,10,-1.4205,-0.1174,0.0931,1.6046,241,3.9439
09066200,ifs,10,-1.3800,-0.0927,0.1184,1.5904,241,4.8587
09066300,ifs,10,-1.1765,-0.0244,0.1565,1.5388,241,4.5216
09081600,ifs,10,-0.2967,0.1266,0.2273,1.3559,241,4.9430
09107000,ifs,10,-1.2954,-0.2901,0.1499,1.9440,241,3.7241
09210500,ifs,10,-0.4420,0.1105,0.1352,1.0901,241,2.7895
09223000,ifs,10,-0.3989,0.1421,0.1636,1.0486,241,3.3701
09306242,ifs,10,-1.1709,-0.3385,0.1737,2.0311,241,4.1507
09312600,ifs,10,-0.6222,0.0636,0.0902,1.1869,241,3.9388
09352900,ifs,10,-0.7564,-0.1007,0.1130,1.6500,241,5.8354
09378170,ifs,10,-0.6485,0.1573,0.1884,1.2264,241,4.4670
09378630,ifs,10,-0.5101,0.1972,0.2202,1.1872,241,4.4991
09386900,ifs,10,-1.6905,-0.4535,0.1631,2.1149,241,3.7214
09404450,ifs,10,-0.6118,0.1066,0.3726,1.5990,241,3.7165
09430500,ifs,10,-1.0347,0.0965,0.1672,1.2966,241,3.2635
09430600,ifs,10,-1.1385,0.0453,0.0944,1.2575,241,4.3721
09447800,ifs,10,-1.3189,-0.0006,0.0949,1.3545,241,2.5018
09480000,ifs,10,-0.3301,0.2873,0.2912,0.9637,241,4.0531
09484000,ifs,10,-0.1557,0.3142,0.3404,1.1252,241,3.5774
09484600,ifs,10,-0.2375,0.2239,0.2660,0.8262,241,3.3200
09492400,ifs,10,-0.4383,0.1573,0.1792,1.1326,241,5.6735
09494000,ifs,10,-0.7131,0.1415,0.2182,1.3466,241,4.4245
09497800,ifs,10,-0.4401,0.2031,0.2592,1.2914,241,3.6153
09497980,ifs,10,-0.2593,0.2954,0.3546,1.2807,241,3.9800
09505200,ifs,10,-0.3212,0.2316,0.4093,1.4837,241,3.5444
09505350,ifs,10,-0.0005,0.3737,0.4280,1.2068,241,3.2048
09505800,ifs,10,0.0362,0.3862,0.4818,1.3163,241,3.2133
09508300,ifs,10,-0.0478,0.4787,0.5056,1.1563,241,3.1159
09510200,ifs,10,-0.1211,0.4204,0.4974,1.2709,241,3.2642
09512280,ifs,10,0.0004,0.2742,0.5372,1.5559,241,2.7656
09513780,ifs,10,-0.2694,0.1888,0.5394,1.6092,241,2.9081
10023000,ifs,10,-0.2051,0.0866,0.1645,0.8995,241,3.9293
10166430,ifs,10,-0.4748,0.0772,0.1023,0.9289,241,4.3319
10172700,ifs,10,-0.4404,0.1716,0.2068,1.2157,241,3.2680
10172800,ifs,10,-0.5733,0.1555,0.1590,1.0360,241,4.5726
10173450,ifs,10,-0.2697,0.2662,0.4137,1.4378,241,4.0262
10205030,ifs,10,-0.5536,0.1469,0.1775,1.2174,241,3.7780
10234500,ifs,10,-0.4196,0.1916,0.2075,1.1120,241,4.1266
10242000,ifs,10,-0.1043,0.3576,0.3774,1.0942,241,3.9575
10244950,ifs,10,-0.4361,0.2124,0.2195,1.0626,241,3.4122
10249300,ifs,10,-2.0967,-0.1288,0.1346,1.4323,241,3.9669
10258000,ifs,10,0.0128,0.2084,0.4543,1.5618,241,3.5326
10258500,ifs,10,-0.4141,-0.1294,0.5564,1.9610,241,2.1580
10259000,ifs,10,0.1587,0.4249,0.5460,1.3428,241,2.5215
10259200,ifs,10,-0.8451,-0.4593,0.4351,2.2737,241,2.7170
10263500,ifs,10,0.1670,-0.0259,0.4241,0.3652,241,5.3403
10310500,ifs,10,-0.3841,0.3906,0.4493,1.1498,241,4.2628
10316500,ifs,10,-0.1437,0.0695,0.2117,0.6736,241,3.9614
10329500,ifs,10,-0.0377,-0.0191,0.2190,0.5974,241,3.3241
10336645,ifs,10,0.2354,0.6006,0.6091,1.0786,241,7.1600
10336660,ifs,10,0.2801,0.5957,0.6072,0.9877,241,7.5647
10343500,ifs,10,-0.1628,0.4657,0.5202,1.1542,241,5.8057
10348850,ifs,10,0.2662,0.3072,0.5273,0.6846,241,7.7803
10396000,ifs,10,-0.0741,0.0578,0.2318,0.6670,241,3.4717
11098000,ifs,10,0.2234,-0.0550,0.5108,0.3217,241,7.1832
11124500,ifs,10,0.1487,0.0562,0.3931,0.5514,241,6.3790
11141280,ifs,10,0.2188,0.1572,0.4773,0.5431,241,5.5570
11143000,ifs,10,0.1548,0.1848,0.4323,0.5870,241,9.2798
11148900,ifs,10,0.1529,0.3471,0.4642,0.7656,241,5.0139
11151300,ifs,10,0.2400,0.2634,0.5019,0.6487,241,3.2509
11162500,ifs,10,0.1461,0.4141,0.4800,0.8612,241,5.8465
11176400,ifs,10,0.1248,0.5086,0.5200,0.9622,241,3.1584
11180500,ifs,10,-0.0931,0.4098,0.4294,1.1441,241,3.9756
11180960,ifs,10,-0.0388,0.3541,0.3844,0.9344,241,4.6530
11224500,ifs,10,0.1491,0.1102,0.3983,0.6252,241,2.9953
11253310,ifs,10,0.0226,-0.0458,0.2434,0.5745,241,2.6167
11264500,ifs,10,-0.8405,0.1747,0.3310,1.3786,241,6.4239
11266500,ifs,10,-0.6730,0.2333,0.3143,1.2858,241,6.5990
11274500,ifs,10,0.1081,0.4600,0.4905,0.8969,241,3.0451
11274630,ifs,10,0.1322,0.4084,0.4695,0.8838,241,2.7314
11284400,ifs,10,-0.2103,0.2684,0.2906,0.9351,241,5.5638
11299600,ifs,10,-0.0753,0.2687,0.3198,0.9299,241,5.1238
11381500,ifs,10,0.3407,0.3474,0.5901,0.6769,241,7.3296
11383500,ifs,10,0.3501,0.3924,0.5982,0.7128,241,7.3889
11451100,ifs,10,-0.0254,0.5119,0.5565,1.1534,241,5.2357
11468500,ifs,10,0.2142,0.5895,0.6157,1.1429,241,5.9081
11473900,ifs,10,0.3213,0.6172,0.6309,0.9579,241,5.6466
11475560,ifs,10,0.3955,0.3275,0.6395,0.6431,241,10.1293
11476600,ifs,10,-0.2093,0.4098,0.4925,1.2543,241,8.0647
11478500,ifs,10,0.1415,0.5544,0.5602,0.9330,241,6.8166
11480390,ifs,10,0.2381,0.6206,0.6211,0.9820,241,6.0455
11481200,ifs,10,0.1196,0.5556,0.5594,0.9416,241,7.4419
11482500,ifs,10,0.1442,0.4632,0.5114,0.8354,241,8.2207
11522500,ifs,10,0.1481,0.5849,0.5869,1.0284,241,5.5001
11523200,ifs,10,-0.0046,0.4692,0.4842,0.8779,241,6.5791
11528700,ifs,10,0.2931,0.6561,0.6605,0.9615,241,5.0774
11532500,ifs,10,0.0707,0.3748,0.4495,0.7764,241,10.6382
12010000,ifs,10,-0.0037,0.3237,0.4078,0.7403,241,11.4042
12013500,ifs,10,-0.0605,0.3839,0.4238,0.8035,241,9.1929
12020000,ifs,10,-0.0881,0.2941,0.3796,0.7029,241,7.7968
12025000,ifs,10,-0.0272,0.3281,0.3974,0.7675,241,7.2936
12025700,ifs,10,-0.2325,0.4074,0.4109,0.9531,241,7.1957
12035000,ifs,10,-0.2878,0.2578,0.2983,0.7779,241,12.5306
12040500,ifs,10,-0.2316,0.3467,0.3632,0.8593,241,14.1085
12041200,ifs,10,-0.1196,0.3006,0.3593,0.7663,241,14.7813
12043000,ifs,10,-0.0823,0.3404,0.3862,0.8050,241,11.4431
12048000,ifs,10,-1.1297,0.0534,0.2071,1.4392,241,7.6277
12054000,ifs,10,-0.2881,0.2771,0.2851,1.0044,241,10.1194
12056500,ifs,10,-0.2736,0.3230,0.3291,0.9271,241,13.3553
12073500,ifs,10,-0.4894,0.2338,0.2348,0.9699,241,6.9254
12082500,ifs,10,-0.0075,0.3807,0.4292,0.8061,241,9.5916
12092000,ifs,10,0.0140,0.3222,0.4053,0.7620,241,9.5757
12095000,ifs,10,-0.1259,0.4030,0.4088,0.9344,241,7.8212
12114500,ifs,10,0.0762,0.2004,0.4026,0.6078,241,11.0675
12115000,ifs,10,0.0711,0.2036,0.3995,0.6149,241,11.0409
12115500,ifs,10,-0.0024,0.2207,0.3621,0.6697,241,11.5072
12117000,ifs,10,0.0034,0.2299,0.3631,0.6948,241,11.3540
12141300,ifs,10,0.0444,0.2517,0.3920,0.6918,241,13.0245
12143600,ifs,10,0.0675,0.2774,0.4040,0.7338,241,12.0860
12144000,ifs,10,0.0609,0.2954,0.4037,0.7671,241,11.3559
12145500,ifs,10,0.0336,0.1943,0.3623,0.6721,241,9.0894
12147600,ifs,10,-0.0067,0.2147,0.3563,0.6750,241,16.3792
12167000,ifs,10,-0.2347,0.2730,0.2951,0.8902,241,12.4532
12175500,ifs,10,-0.4315,0.3334,0.3407,1.0567,241,9.4219
12186000,ifs,10,-0.1274,0.3145,0.3577,0.8094,241,12.3336
12189500,ifs,10,-0.2317,0.3457,0.3522,0.9251,241,10.8532
12358500,ifs,10,-0.2240,0.1132,0.2095,0.7245,241,7.6318
12377150,ifs,10,-0.2307,-0.0084,0.1740,0.5604,241,7.2390
12381400,ifs,10,-0.1448,0.0482,0.2231,0.6106,241,6.4132
12390700,ifs,10,-0.6412,0.1985,0.2026,0.9240,241,5.8877
12411000,ifs,10,-0.4307,0.0903,0.1387,0.7844,241,6.3606
12414500,ifs,10,-0.3068,0.1663,0.2167,0.7929,241,6.4172
12447390,ifs,10,-1.1727,-0.0171,0.1550,1.5162,241,4.0739
12451000,ifs,10,-1.0493,0.1589,0.3546,1.3266,241,7.9785
12488500,ifs,10,0.0232,0.3840,0.4460,0.7722,241,7.9625
13011500,ifs,10,-0.6011,0.1458,0.1581,1.1344,241,4.6067
13011900,ifs,10,-0.7350,0.1038,0.1383,1.2462,241,4.6166
13018300,ifs,10,-0.4063,0.1225,0.1473,1.0580,241,4.3683
13023000,ifs,10,-0.8236,0.0674,0.1049,1.2615,241,4.0908
13161500,ifs,10,-0.3174,0.2534,0.2905,1.2184,241,2.4350
13235000,ifs,10,-0.0452,0.1977,0.3077,0.7668,241,4.4649
13240000,ifs,10,-0.0258,0.1640,0.3137,0.6891,241,5.7692
13310700,ifs,10,-0.1163,0.1828,0.2694,0.7983,241,4.6042
13313000,ifs,10,-0.0418,0.0846,0.2696,0.6544,241,5.3240
13331500,ifs,10,-0.0299,0.1988,0.3047,0.8166,241,5.0790
13337000,ifs,10,-0.2075,0.2578,0.2973,0.8275,241,6.5399
13338500,ifs,10,-0.2259,0.2157,0.2477,0.9519,241,5.0433
13340000,ifs,10,-0.1525,0.2683,0.3078,0.8710,241,5.3956
13340600,ifs,10,-0.1781,0.2146,0.2796,0.7821,241,7.2758
14020000,ifs,10,-0.0762,0.2013,0.2915,0.8064,241,5.0188
14092750,ifs,10,-0.4359,0.3641,0.3806,0.9813,241,6.8124
14096850,ifs,10,-0.2415,0.3739,0.3745,0.9726,241,3.9447
14137000,ifs,10,-0.0243,0.2989,0.3744,0.7840,241,8.6835
14138800,ifs,10,0.0012,0.2130,0.3601,0.6653,241,11.6743
14138870,ifs,10,-0.0169,0.2255,0.3500,0.7040,241,12.1981
14138900,ifs,10,0.0418,0.1376,0.3557,0.5990,241,14.0490
14139800,ifs,10,-0.0484,0.2191,0.3408,0.6881,241,12.0397
14141500,ifs,10,-0.1381,0.2837,0.3349,0.7980,241,10.7289
14154500,ifs,10,-0.3378,0.3735,0.3919,0.8801,241,6.4786
14158500,ifs,10,-0.2834,0.3395,0.3641,0.8217,241,8.0571
14158790,ifs,10,0.0011,0.2635,0.3880,0.6791,241,9.0877
14166500,ifs,10,-0.1202,0.2567,0.3330,0.7366,241,6.7881
14182500,ifs,10,-0.0924,0.2828,0.3545,0.7533,241,8.4873
14185000,ifs,10,-0.2056,0.3455,0.3734,0.8162,241,7.8949
14185900,ifs,10,-0.0803,0.2609,0.3567,0.7022,241,8.9814
14187000,ifs,10,-0.1580,0.2987,0.3628,0.7301,241,8.0596
14216500,ifs,10,-0.1843,0.3709,0.4008,0.8093,241,10.1323
14222500,ifs,10,-0.0246,0.1480,0.3287,0.6030,241,15.0941
14236200,ifs,10,-0.0751,0.3252,0.3767,0.8017,241,8.9136
14301000,ifs,10,0.0488,0.1554,0.3580,0.6284,241,8.7202
14303200,ifs,10,0.0584,0.0809,0.3629,0.5106,241,11.2808
14305500,ifs,10,-0.0008,0.1120,0.3241,0.5805,241,13.7754
14306340,ifs,10,-0.1864,0.1833,0.2816,0.6794,241,7.7249
14306500,ifs,10,-0.1951,0.1766,0.2678,0.7018,241,8.3626
14308990,ifs,10,-0.1212,0.4636,0.4657,1.0009,241,4.7597
14309500,ifs,10,-0.0923,0.4273,0.4765,0.7704,241,7.0357
14316700,ifs,10,-0.3582,0.3610,0.3801,0.8719,241,6.1911
14325000,ifs,10,-0.2420,0.2563,0.3209,0.7142,241,9.3599
14362250,ifs,10,0.0143,0.5517,0.5967,1.0746,241,4.1317
14400000,ifs,10,-0.2777,0.2102,0.2753,0.7177,241,12.7797
01013500,ifs,11,-1.4403,-0.0559,-0.0083,1.2523,241,8.6061
01022500,ifs,11,-1.3693,-0.0020,0.0642,1.2743,241,9.7040
01030500,ifs,11,-1.2975,-0.0182,-0.0010,1.1272,241,8.2071
01031500,ifs,11,-1.5695,-0.0525,0.0079,1.2406,241,9.1153
01047000,ifs,11,-1.4291,-0.0811,-0.0359,1.2680,241,9.5327
01052500,ifs,11,-1.1309,-0.0545,-0.0125,1.2918,241,8.1222
01054200,ifs,11,-0.9294,-0.0555,-0.0469,1.1051,241,10.0314
01055000,ifs,11,-1.1871,-0.0547,-0.0490,1.1015,241,8.4796
01057000,ifs,11,-0.9521,-0.0661,-0.0627,0.9930,241,8.4394
01073000,ifs,11,-0.9448,0.0044,0.0075,1.0755,241,8.4303
01078000,ifs,11,-0.9818,-0.0152,-0.0118,1.0802,241,8.8314
01118300,ifs,11,-0.3931,-0.0490,0.0285,0.8104,241,13.5861
01121000,ifs,11,-0.5372,0.0082,0.0577,0.7772,241,10.2033
01123000,ifs,11,-0.5171,-0.0207,0.0409,0.7537,241,10.6566
01134500,ifs,11,-0.8113,0.0262,0.0325,1.0879,241,8.7362
01137500,ifs,11,-0.9874,-0.0418,-0.0187,1.2164,241,9.1797
01139000,ifs,11,-0.9469,-0.0625,-0.0507,1.1368,241,8.6242
01139800,ifs,11,-0.7912,-0.0480,-0.0343,0.9133,241,9.2440
01142500,ifs,11,-1.5345,-0.0934,-0.0492,1.2461,241,9.1607
01144000,ifs,11,-1.0335,-0.0252,-0.0249,1.0260,241,8.8453
01169000,ifs,11,-1.0178,-0.0020,0.0076,1.1378,241,9.8376
01170100,ifs,11,-1.0810,-0.0127,0.0044,1.1807,241,9.7389
01181000,ifs,11,-0.5622,0.0229,0.0566,0.8369,241,9.4262
01187300,ifs,11,-0.5921,0.0840,0.0953,0.9380,241,8.3228
01195100,ifs,11,-0.3702,-0.0972,0.0220,0.6817,241,11.2184
01333000,ifs,11,-0.6329,0.0610,0.0705,1.0255,241,8.9182
01350000,ifs,11,-0.1954,-0.0258,0.0988,0.8125,241,11.0118
01350080,ifs,11,-0.3751,0.0556,0.1014,0.9187,241,9.2263
01350140,ifs,11,-0.4439,0.1012,0.1262,0.9253,241,8.9552
01365000,ifs,11,-0.5252,0.0119,0.0401,0.9846,241,10.3548
01411300,ifs,11,-0.2602,-0.1122,0.0225,0.7593,241,12.0723
01413500,ifs,11,-0.2652,-0.0399,0.0748,0.7669,241,10.7077
01414500,ifs,11,-0.3119,-0.0313,0.0524,0.8786,241,11.6079
01415000,ifs,11,-0.4405,0.0556,0.0920,0.9000,241,9.4072
01423000,ifs,11,-0.4604,0.0369,0.0786,0.8579,241,9.3686
01434025,ifs,11,-0.3245,-0.0501,0.0411,0.8274,241,12.3000
01435000,ifs,11,-0.3682,-0.0307,0.0397,0.8783,241,11.7715
01439500,ifs,11,-0.4389,0.0674,0.1106,0.8290,241,9.1162
01440000,ifs,11,-0.4623,0.0713,0.1113,0.8239,241,9.7270
01440400,ifs,11,-0.3998,0.0046,0.0824,0.7468,241,9.9361
01451800,ifs,11,-0.7249,0.0637,0.0710,0.9108,241,8.9507
01466500,ifs,11,-0.7214,0.0358,0.0466,0.9005,241,9.4016
01484100,ifs,11,-0.6053,0.0425,0.0566,0.9934,241,9.8417
01485500,ifs,11,-0.3420,-0.0671,0.0294,0.7887,241,10.8515
01486000,ifs,11,-0.2610,-0.0181,0.0824,0.8222,241,10.8067
01487000,ifs,11,-0.5270,-0.0091,0.0226,0.9931,241,10.1858
01491000,ifs,11,-1.0630,0.0179,0.0274,1.1228,241,8.8667
01510000,ifs,11,-0.5319,0.0208,0.0558,0.8577,241,8.9919
01516500,ifs,11,-0.7568,0.0956,0.0973,0.9513,241,7.5402
01518862,ifs,11,-0.5407,0.0932,0.1112,0.8963,241,7.5978
01532000,ifs,11,-0.5031,0.0294,0.0633,0.8843,241,8.5273
01539000,ifs,11,-0.7232,0.0468,0.0543,0.9269,241,9.4942
01542810,ifs,11,-1.0561,0.0492,0.0527,0.9945,241,9.3832
01543000,ifs,11,-1.2252,0.0347,0.0473,1.0115,241,9.4451
01543500,ifs,11,-0.9457,0.0663,0.0686,0.9520,241,9.5125
01544500,ifs,11,-0.9576,0.0311,0.0314,0.9793,241,8.7475
01545600,ifs,11,-0.9353,0.0415,0.0416,1.0090,241,8.9511
01547700,ifs,11,-0.3446,-0.0154,0.0572,0.8719,241,12.4112
01548500,ifs,11,-0.8130,0.0501,0.0539,0.9273,241,7.8980
01549500,ifs,11,-0.9426,0.0414,0.0415,1.0065,241,9.1288
01550000,ifs,11,-0.7461,0.0306,0.0363,0.9673,241,9.6513
01552000,ifs,11,-0.3933,-0.0071,0.0577,0.8382,241,9.8402
01552500,ifs,11,-0.6536,0.0430,0.0574,0.9027,241,8.9920
01557500,ifs,11,-0.2494,0.0774,0.1679,0.7586,241,10.5242
01567500,ifs,11,-0.3642,0.0459,0.1071,0.8214,241,9.0774
01568000,ifs,11,-0.4035,0.0520,0.1055,0.8188,241,8.1490
01580000,ifs,11,-0.7387,0.0907,0.0960,0.9105,241,8.1820
01583500,ifs,11,-0.7717,0.1558,0.1586,0.9548,241,8.2025
01586610,ifs,11,-0.6791,0.1001,0.1103,0.8795,241,8.0808
01591400,ifs,11,-0.3826,0.1362,0.1825,0.7862,241,9.5295
01596500,ifs,11,-0.2603,0.0864,0.1471,0.9438,241,8.1938
01605500,ifs,11,-0.4938,0.0473,0.0737,0.9662,241,8.1347
01606500,ifs,11,-0.5026,0.0722,0.0926,0.9820,241,7.5998
01613050,ifs,11,-0.4834,0.0096,0.0531,0.8579,241,8.0334
01620500,ifs,11,-0.6028,0.0709,0.0907,1.1402,241,7.1363
01632000,ifs,11,-0.4054,0.0623,0.1155,0.8085,241,8.4373
01632900,ifs,11,-0.3576,0.0383,0.1055,0.8045,241,8.0026
01634500,ifs,11,-0.5029,0.0558,0.0907,0.8408,241,8.5043
01638480,ifs,11,-0.5059,0.1310,0.1463,0.9012,241,8.4178
01639500,ifs,11,-0.5177,0.1031,0.1212,0.9028,241,7.5528
01644000,ifs,11,-0.4724,0.2061,0.2194,0.8689,241,7.8227
01658500,ifs,11,-0.3794,0.1460,0.1785,0.8557,241,8.4993
01664000,ifs,11,-0.3717,0.1885,0.2187,0.8302,241,8.0423
01666500,ifs,11,-0.4120,0.1869,0.2016,0.9130,241,8.1299
01667500,ifs,11,-0.4019,0.1706,0.1910,0.8938,241,7.7416
01669000,ifs,11,-0.4953,0.0328,0.0612,0.9906,241,9.8931
01669520,ifs,11,-0.3853,0.0342,0.0812,0.9482,241,9.4670
02011400,ifs,11,-0.5165,0.0291,0.0555,0.9790,241,7.3594
02011460,ifs,11,-0.4626,0.0253,0.0599,0.9916,241,7.6753
02013000,ifs,11,-0.6211,0.0157,0.0322,0.9831,241,7.9791
02014000,ifs,11,-1.0441,-0.0077,-0.0045,1.0776,241,8.0166
02015700,ifs,11,-0.5317,0.0109,0.0428,1.1010,241,7.5974
02016000,ifs,11,-0.6529,0.0342,0.0496,1.0967,241,6.9508
02017500,ifs,11,-1.6779,-0.0678,-0.0070,1.2140,241,8.1238
02018000,ifs,11,-1.7927,-0.1014,-0.0130,1.2936,241,7.9281
02027000,ifs,11,-1.0714,0.0170,0.1269,1.4249,241,7.5025
02027500,ifs,11,-0.9800,0.0427,0.1185,1.3587,241,7.6744
02028500,ifs,11,-0.5842,0.1660,0.1684,1.0407,241,7.0450
02038850,ifs,11,-1.0228,0.0141,0.0296,1.1696,241,8.3931
02046000,ifs,11,-0.5581,0.0666,0.0818,1.0204,241,8.5510
02051000,ifs,11,-0.5055,0.1342,0.1519,1.1235,241,8.9865
02051500,ifs,11,-0.5304,0.1413,0.1601,1.1505,241,8.2645
02053200,ifs,11,-0.5242,0.1634,0.1705,1.0662,241,8.9598
02053800,ifs,11,-1.3604,0.0199,0.0655,1.1857,241,8.2066
02055100,ifs,11,-2.1149,-0.2937,0.0070,1.7076,241,8.4310
02056900,ifs,11,-1.6745,-0.0764,0.0648,1.4052,241,9.7177
02059500,ifs,11,-2.0064,-0.1490,0.0293,1.4401,241,8.0556
02064000,ifs,11,-1.6868,-0.1205,0.0216,1.4515,241,8.7523
02065500,ifs,11,-1.5823,-0.0783,0.0468,1.4098,241,8.4634
02069700,ifs,11,-1.5582,-0.0206,0.0570,1.2474,241,11.2617
02070000,ifs,11,-1.9588,-0.0921,0.0335,1.2738,241,11.9679
02074500,ifs,11,-1.6409,-0.2282,0.0144,1.6785,241,12.0625
02077200,ifs,11,-2.1123,-0.2072,0.0322,1.5507,241,9.7377
02081500,ifs,11,-1.2484,-0.0098,0.0727,1.3552,241,9.4955
02082950,ifs,11,-1.4239,-0.0968,0.1200,1.5841,241,8.4762
02092500,ifs,11,-0.5676,0.0975,0.1156,1.1305,241,7.8271
02096846,ifs,11,-0.5108,-0.0006,0.0436,1.1668,241,11.0364
02102908,ifs,11,-0.4136,0.0307,0.0726,1.0268,241,9.9477
02108000,ifs,11,-0.5441,0.0980,0.1129,1.0804,241,8.0293
02111180,ifs,11,-1.0719,0.1237,0.1540,1.1114,241,10.7011
02111500,ifs,11,-1.1021,0.0199,0.0237,1.0456,241,10.6175
02118500,ifs,11,-1.5712,-0.0415,0.0136,1.2055,241,10.0073
02128000,ifs,11,-0.7669,0.0531,0.0800,1.2193,241,8.7396
02137727,ifs,11,-0.9836,0.0686,0.0778,1.1092,241,11.7909
02140991,ifs,11,-1.6552,0.0281,0.1574,1.1773,241,11.6503
02143000,ifs,11,-1.1441,0.0869,0.1263,1.1737,241,10.3401
02143040,ifs,11,-1.3272,0.0568,0.1172,1.1909,241,10.6873
02149000,ifs,11,-0.5614,0.1284,0.1355,0.9579,241,12.3431
02152100,ifs,11,-1.5437,0.0237,0.1406,1.2575,241,10.6440
02177000,ifs,11,-0.8697,0.0741,0.0777,1.0801,241,12.2635
02178400,ifs,11,-1.3528,0.0261,0.0556,1.0928,241,11.6642
02193340,ifs,11,-0.7285,0.1584,0.1643,1.0942,241,9.5452
02196000,ifs,11,-0.4403,0.1952,0.2020,1.0098,241,9.6322
02198100,ifs,11,-0.3522,0.0560,0.1144,0.8389,241,12.1144
02202600,ifs,11,-1.0287,0.0927,0.1173,1.1599,241,8.5060
02212600,ifs,11,-0.4120,-0.0014,0.0555,0.8616,241,10.1111
02215100,ifs,11,-0.4023,0.1507,0.1695,0.9656,241,9.9934
02216180,ifs,11,-0.2583,0.1516,0.1957,0.9290,241,11.1424
02221525,ifs,11,-0.4641,0.0961,0.1205,0.9109,241,9.1963
02231000,ifs,11,-0.5695,0.0511,0.0855,0.8066,241,8.3850
02231342,ifs,11,-0.9879,0.0603,0.0627,1.0327,241,9.5603
02235200,ifs,11,-0.3730,0.1526,0.1873,0.8424,241,8.0167
02245500,ifs,11,-0.2342,0.1564,0.2060,0.9091,241,7.2962
02246000,ifs,11,-0.4292,0.1040,0.1382,0.8555,241,7.0551
02296500,ifs,11,-0.5843,0.2084,0.2088,0.9745,241,7.6582
02297155,ifs,11,-0.5210,0.0166,0.0465,0.9323,241,10.7832
02297310,ifs,11,-0.7259,0.0016,0.0132,0.9324,241,10.4455
02298123,ifs,11,-0.7731,0.0675,0.0698,1.0440,241,9.5535
02298608,ifs,11,-0.5683,-0.0562,-0.0136,0.8625,241,10.7165
02299950,ifs,11,-0.5369,-0.0050,0.0259,0.9465,241,9.7893
02300700,ifs,11,-0.2582,0.1134,0.1664,0.9585,241,10.4893
02310947,ifs,11,-0.3208,0.0812,0.1294,0.9537,241,8.8427
02312200,ifs,11,-0.2447,-0.0052,0.0893,0.8874,241,10.3793
02314500,ifs,11,-0.3865,0.0092,0.0807,0.7867,241,9.0904
02315500,ifs,11,-0.4200,0.0426,0.1069,0.7617,241,8.4021
02324400,ifs,11,-0.0893,0.0198,0.1848,0.7461,241,10.8331
02327100,ifs,11,-0.2860,-0.0202,0.0997,0.7035,241,10.0733
02349900,ifs,11,-0.3506,0.0795,0.1295,0.8655,241,10.9589
02350900,ifs,11,-0.3881,0.1642,0.1867,0.9001,241,8.7932
02361000,ifs,11,-0.5040,0.1635,0.1722,0.9302,241,8.7365
02363000,ifs,11,-0.3507,0.1359,0.1677,0.9193,241,9.1399
02369800,ifs,11,-0.1994,-0.1060,0.0699,0.6693,241,14.1200
02371500,ifs,11,-0.2351,0.0543,0.1364,0.8702,241,10.4150
02372250,ifs,11,-0.2621,0.0551,0.1383,0.8099,241,10.2179
02374500,ifs,11,-0.4624,-0.0043,0.0483,0.8327,241,12.0702
02381600,ifs,11,-0.7167,0.0003,0.0127,0.9313,241,13.2854
02384540,ifs,11,-0.5961,0.0287,0.0478,0.9327,241,11.0398
02395120,ifs,11,-1.1233,-0.0026,0.0215,1.2040,241,10.8929
02408540,ifs,11,-0.5666,0.1001,0.1104,0.9573,241,11.9339
02415000,ifs,11,-0.4581,0.0309,0.0733,0.8634,241,12.5213
02422500,ifs,11,-1.0285,0.0874,0.1146,1.1767,241,12.4178
02427250,ifs,11,-0.5509,0.1289,0.1359,0.9949,241,9.5116
02430085,ifs,11,-0.4448,0.1501,0.1704,1.1171,241,10.3348
02450250,ifs,11,-0.2776,-0.0010,0.0866,0.8557,241,11.0197
02464000,ifs,11,-0.1882,-0.0213,0.0998,0.8496,241,12.2065
02465493,ifs,11,-0.6804,0.1122,0.1193,1.1016,241,11.0283
02469800,ifs,11,-0.6169,0.1073,0.1143,0.9377,241,11.5272
02472000,ifs,11,-0.3515,0.0271,0.0925,0.8385,241,12.1392
02472500,ifs,11,-0.4344,-0.0989,-0.0095,0.7553,241,13.6105
02479155,ifs,11,-0.2434,-0.0488,0.0864,0.7094,241,14.6767
02479300,ifs,11,-0.0961,-0.1380,0.1199,0.5769,241,18.2815
02481000,ifs,11,-0.0518,-0.1883,0.1364,0.5164,241,21.4945
02481510,ifs,11,-0.0375,-0.1242,0.1889,0.5282,241,17.5507
03010655,ifs,11,-0.6066,0.0641,0.0793,0.9062,241,8.3216
03011800,ifs,11,-0.7589,0.0492,0.0526,0.9701,241,10.1754
03015500,ifs,11,-1.1582,0.0301,0.0413,1.0896,241,9.4482
03021350,ifs,11,-0.9432,0.0345,0.0350,1.0309,241,10.3485
03026500,ifs,11,-0.7931,0.0632,0.0647,0.9664,241,9.6880
03028000,ifs,11,-0.8936,0.0752,0.0757,1.0204,241,10.2414
03049800,ifs,11,-0.3756,0.1566,0.1776,0.9696,241,10.3153
03050000,ifs,11,-0.2516,0.0273,0.1117,0.8807,241,10.5323
03066000,ifs,11,-0.3971,0.0268,0.0722,0.9949,241,9.9285
03069500,ifs,11,-0.4124,0.0560,0.0923,1.0126,241,9.2527
03070500,ifs,11,-0.7074,0.1564,0.1604,1.0808,241,9.9499
03076600,ifs,11,-0.1976,0.0570,0.1567,0.8174,241,9.7989
03078000,ifs,11,-0.1840,0.0631,0.1566,0.8802,241,9.6188
03140000,ifs,11,-0.6516,0.0604,0.0685,1.0213,241,9.1304
03144000,ifs,11,-0.3630,0.0445,0.1109,0.7959,241,10.2472
03159540,ifs,11,-0.1450,0.1231,0.2129,0.8500,241,9.9859
03161000,ifs,11,-1.2721,0.0790,0.1297,1.1476,241,10.2273
03164000,ifs,11,-1.1113,0.0786,0.0913,1.0304,241,8.6348
03165000,ifs,11,-0.7222,0.1354,0.1355,1.0099,241,9.5546
03170000,ifs,11,-1.2963,0.0576,0.1055,1.1663,241,8.4430
03173000,ifs,11,-1.3627,0.0152,0.0415,1.0881,241,7.6206
03180500,ifs,11,-0.3897,0.0436,0.0865,0.9902,241,8.2438
03182500,ifs,11,-0.4386,0.0568,0.0887,0.9934,241,7.4618
03186500,ifs,11,-0.4391,0.0763,0.1042,0.9936,241,8.8981
03187500,ifs,11,-0.4979,0.0693,0.0910,1.0289,241,8.9719
03213700,ifs,11,-0.7821,-0.0020,0.0094,1.1051,241,9.3807
03237280,ifs,11,-0.5782,0.0558,0.0705,1.0044,241,9.7083
03237500,ifs,11,-0.3899,0.1417,0.1641,0.9604,241,9.4773
03241500,ifs,11,-0.3615,0.0121,0.0740,0.8794,241,11.6066
03280700,ifs,11,-0.6629,0.0146,0.0294,1.0663,241,9.2936
03281100,ifs,11,-0.6889,0.0928,0.0982,1.0719,241,8.9699
03281500,ifs,11,-0.6438,0.0914,0.0975,1.0449,241,8.5657
03285000,ifs,11,-0.5749,0.0641,0.0778,0.9952,241,11.3477
03291780,ifs,11,-0.2702,0.0870,0.1452,0.9424,241,11.6364
03300400,ifs,11,-0.4723,0.0405,0.0737,0.9183,241,11.7389
03340800,ifs,11,-0.2246,0.0171,0.1164,0.8396,241,11.4154
03346000,ifs,11,-0.3248,0.1112,0.1528,0.9251,241,10.0244
03364500,ifs,11,-0.1212,0.0294,0.1689,0.7844,241,13.9564
03366500,ifs,11,-0.1881,0.1925,0.2381,0.9841,241,11.0109
03368000,ifs,11,0.0024,0.1227,0.2890,0.7430,241,13.0354
03384450,ifs,11,-0.3804,0.2182,0.2461,1.1848,241,11.1231
03439000,ifs,11,-1.2024,0.0570,0.0763,1.0738,241,11.7752
03450000,ifs,11,-1.2196,0.0530,0.0695,1.0033,241,9.7248
03455500,ifs,11,-1.3048,0.0632,0.0948,1.0035,241,10.9388
03456500,ifs,11,-1.6340,0.0082,0.0764,1.0596,241,11.0205
03460000,ifs,11,-1.0672,0.0658,0.0734,1.0479,241,10.3078
03463300,ifs,11,-0.9918,0.1145,0.1358,1.1348,241,11.1507
03471500,ifs,11,-1.1124,0.0159,0.0202,1.0532,241,8.8373
03473000,ifs,11,-0.9455,0.0696,0.0709,1.0160,241,8.7908
03479000,ifs,11,-1.2416,0.0829,0.1183,1.0838,241,8.9764
03488000,ifs,11,-1.0057,0.0104,0.0105,1.0002,241,8.7427
03498500,ifs,11,-0.7730,0.0491,0.0525,1.0432,241,10.1869
03500000,ifs,11,-1.2976,0.0374,0.0726,1.1477,241,11.1832
03504000,ifs,11,-0.9856,0.0446,0.0483,0.9273,241,12.2832
03574500,ifs,11,-0.3911,0.0331,0.0796,0.9418,241,10.9008
03604000,ifs,11,-0.3210,0.1669,0.1975,0.9073,241,11.1540
04015330,ifs,11,-0.8947,0.0197,0.1938,1.5400,241,9.0153
04024430,ifs,11,-1.2968,-0.0700,0.1673,1.6058,241,7.6260
04027000,ifs,11,-1.3349,-0.1576,0.0714,1.6623,241,6.9111
04040500,ifs,11,-0.6203,0.0346,0.0484,1.0081,241,6.7598
04043050,ifs,11,-0.5037,0.2756,0.2786,1.0513,241,5.9535
04045500,ifs,11,-0.4526,0.1194,0.1428,1.1066,241,6.1346
04056500,ifs,11,-0.6595,0.1626,0.1941,1.2263,241,6.1176
04057510,ifs,11,-0.4852,0.1576,0.1788,1.1556,241,6.7899
04057800,ifs,11,-0.7015,0.0286,0.0370,1.0248,241,7.0066
04059500,ifs,11,-0.7327,0.1283,0.1440,1.1643,241,6.8102
04063700,ifs,11,-1.2354,0.0301,0.1761,1.4232,241,7.1006
04074950,ifs,11,-0.7675,0.1220,0.1500,1.2176,241,6.9741
04105700,ifs,11,-0.4725,0.0658,0.0914,0.9727,241,8.7171
04115265,ifs,11,-0.2574,0.1903,0.2225,0.9659,241,8.0329
04122200,ifs,11,-0.5082,0.1642,0.1704,1.0314,241,8.8175
04122500,ifs,11,-0.5373,0.1729,0.1764,1.0314,241,8.3791
04124000,ifs,11,-0.1266,0.0554,0.1939,0.7395,241,9.1152
04127997,ifs,11,-0.1605,0.0930,0.1963,0.7955,241,8.3171
04185000,ifs,11,-0.8317,0.0692,0.0693,1.0007,241,8.8754
04196800,ifs,11,-0.5484,0.0203,0.0466,0.9245,241,8.7623
04197100,ifs,11,-0.5318,-0.0095,0.0218,0.9772,241,9.7546
04197170,ifs,11,-0.6365,0.0280,0.0433,1.0662,241,9.1386
04213000,ifs,11,-1.5991,-0.0613,-0.0063,1.2231,241,10.3172
04213075,ifs,11,-0.9796,0.0207,0.0405,1.1942,241,10.1211
04216418,ifs,11,-0.9164,0.0469,0.0552,0.8746,241,10.2431
04221000,ifs,11,-0.4823,0.1203,0.1381,0.9172,241,7.5527
04224775,ifs,11,-0.3854,0.1717,0.1895,0.9453,241,8.0878
04256000,ifs,11,-1.0538,-0.0111,-0.0049,1.1105,241,8.6217
04296000,ifs,11,-0.8970,-0.0429,-0.0322,1.1216,241,8.5959
05057000,ifs,11,-1.6231,-0.2357,0.1910,1.8227,241,6.0306
05057200,ifs,11,-4.1459,-0.7567,0.1012,2.0296,241,7.8152
05062500,ifs,11,-1.7137,-0.2722,0.1020,1.8191,241,7.2504
05087500,ifs,11,-2.8774,-0.4436,0.0599,1.8127,241,10.4176
05120500,ifs,11,-1.2846,-0.1269,0.3096,1.7658,241,6.0590
05123400,ifs,11,-0.4228,0.2328,0.3689,1.4244,241,6.2208
05129115,ifs,11,-0.9211,0.0412,0.1552,1.4398,241,6.5650
05131500,ifs,11,-0.8757,0.0417,0.1604,1.4532,241,5.9885
05291000,ifs,11,-1.3850,-0.3022,-0.0019,1.8168,241,10.5556
05362000,ifs,11,-1.2116,-0.0434,0.1605,1.5674,241,7.6302
05393500,ifs,11,-0.8596,0.0525,0.1640,1.4368,241,7.6551
05399500,ifs,11,-0.6214,0.1006,0.1233,1.1833,241,9.0015
05408000,ifs,11,-0.3506,0.1274,0.1601,1.0679,241,10.4235
05412500,ifs,11,-0.5048,0.1610,0.1677,1.0270,241,9.2511
05413500,ifs,11,-0.4407,0.1784,0.1884,1.0391,241,10.3086
05414000,ifs,11,-0.3820,0.1609,0.1806,1.0428,241,9.8941
05444000,ifs,11,-0.3517,0.1399,0.1685,1.0457,241,8.3791
05454000,ifs,11,-0.2025,0.0678,0.1662,0.7914,241,9.4554
05458000,ifs,11,-0.6659,0.0584,0.0677,1.0665,241,10.1536
05466500,ifs,11,-0.1504,-0.0718,0.1191,0.6479,241,11.2754
05487980,ifs,11,-0.3291,-0.0063,0.0765,0.8055,241,10.3327
05488200,ifs,11,-0.1717,-0.0926,0.0724,0.7401,241,11.7729
05489000,ifs,11,-0.2037,-0.0743,0.0727,0.7456,241,11.0574
05495000,ifs,11,-0.5904,0.0351,0.0548,0.9168,241,9.2036
05495500,ifs,11,-0.3310,0.0578,0.1230,0.8187,241,10.3299
05501000,ifs,11,-0.1948,0.0766,0.1617,0.8852,241,10.9667
05503800,ifs,11,-0.3212,0.1520,0.1820,0.9824,241,9.0280
05507600,ifs,11,-0.7543,0.1852,0.2390,1.2587,241,8.7232
05508805,ifs,11,-0.9013,0.1623,0.1945,1.1642,241,8.9217
05514500,ifs,11,-0.7705,0.1632,0.1859,1.1763,241,9.4141
05525500,ifs,11,-0.4825,0.0320,0.0639,0.9393,241,9.8973
05556500,ifs,11,-0.1325,0.0937,0.2105,0.7678,241,9.5577
05584500,ifs,11,-0.1397,-0.0488,0.1173,0.7355,241,12.0832
05585000,ifs,11,-0.1750,-0.0069,0.1253,0.7753,241,11.2174
05591550,ifs,11,-0.1859,0.1287,0.1996,0.8921,241,9.8795
05592050,ifs,11,-0.1513,0.2836,0.3107,1.0377,241,8.1461
05592575,ifs,11,-0.1634,0.1176,0.2127,0.7900,241,10.4416
05593575,ifs,11,-0.4113,0.2950,0.3041,1.1120,241,9.7388
05593900,ifs,11,-0.1610,0.2163,0.2706,0.8576,241,9.4595
05595730,ifs,11,-0.4167,0.3063,0.3241,1.1503,241,9.3062
06037500,ifs,11,-0.1497,0.2961,0.3193,1.0058,241,4.1703
06043500,ifs,11,-0.2326,0.3064,0.3150,1.0026,241,4.2092
06154410,ifs,11,-1.1419,0.0196,0.1089,1.3688,241,7.1166
06188000,ifs,11,-0.5068,0.2533,0.2976,1.2473,241,3.6841
06191500,ifs,11,-0.3285,0.3074,0.3254,1.1553,241,3.5064
06221400,ifs,11,-0.9661,0.0755,0.3032,1.5310,241,4.1033
06224000,ifs,11,-0.8128,0.0852,0.2743,1.5259,241,4.1530
06289000,ifs,11,-2.8418,-0.5004,0.2046,1.9617,241,5.5812
06332515,ifs,11,-2.7602,-0.4459,0.0099,1.8296,241,6.5214
06339100,ifs,11,-4.8227,-0.9222,0.0469,2.1560,241,6.3097
06339500,ifs,11,-2.4114,-0.3083,0.0990,1.7055,241,5.7232
06344600,ifs,11,-2.1929,-0.3459,0.0274,1.7923,241,6.1532
06350000,ifs,11,-1.0558,0.0791,0.1591,1.3233,241,4.1466
06352000,ifs,11,-2.1020,-0.1928,0.1098,1.5785,241,4.3765
06353000,ifs,11,-1.7196,-0.1479,0.1754,1.6443,241,4.3955
06354000,ifs,11,-1.3020,-0.0345,0.1986,1.5623,241,4.4034
06360500,ifs,11,-1.7847,-0.2291,0.1396,1.7560,241,4.2118
06404000,ifs,11,-1.3401,-0.1324,0.1390,1.6844,241,5.0829
06406000,ifs,11,-1.3913,-0.1219,0.1477,1.6643,241,4.6879
06408700,ifs,11,-1.7974,-0.2175,0.2094,1.7727,241,4.8303
06409000,ifs,11,-1.7043,-0.1743,0.1986,1.7171,241,4.6750
06431500,ifs,11,-1.8044,-0.2214,0.1423,1.7455,241,5.4079
06440200,ifs,11,-0.8823,0.0145,0.0295,1.1680,241,5.8265
06441500,ifs,11,-1.4247,0.0073,0.0604,1.1967,241,5.4157
06447000,ifs,11,-1.1683,-0.0166,0.0935,1.4291,241,4.8833
06447500,ifs,11,-2.0157,-0.2398,-0.0324,1.5760,241,6.6289
06450500,ifs,11,-1.4140,-0.0724,-0.0106,1.3144,241,7.0484
06452000,ifs,11,-1.3966,-0.0453,0.0515,1.3776,241,5.5182
06453600,ifs,11,-1.2721,-0.0936,0.0064,1.4400,241,8.0816
06464500,ifs,11,-0.7466,-0.0266,0.0029,1.2034,241,8.1470
06477500,ifs,11,-0.8515,0.0110,0.1668,1.5255,241,6.7760
06479215,ifs,11,-1.4104,-0.3489,-0.0174,1.8725,241,10.8521
06479438,ifs,11,-1.3855,-0.3742,-0.0028,1.9273,241,10.0263
06601000,ifs,11,-0.6942,-0.0809,0.0698,1.5392,241,9.7205
06614800,ifs,11,-0.3772,-0.0608,0.0090,1.0313,241,6.2902
06622700,ifs,11,-0.8442,0.0934,0.1049,1.1417,241,4.8308
06623800,ifs,11,-0.9726,0.0140,0.0775,1.3441,241,5.3679
06632400,ifs,11,-1.1009,0.0163,0.0784,1.3222,241,5.6087
06784000,ifs,11,-0.7009,0.0628,0.0974,1.2438,241,7.1404
06803510,ifs,11,-0.5179,0.0369,0.0726,1.1586,241,10.1387
06803530,ifs,11,-0.6316,0.0405,0.0853,1.2634,241,9.0187
06814000,ifs,11,-0.3408,0.0581,0.1071,0.9880,241,8.8122
06846500,ifs,11,-0.6138,0.0970,0.1055,1.0653,241,5.2806
06847900,ifs,11,-0.9743,0.0172,0.0972,1.3798,241,7.0887
06853800,ifs,11,-1.2392,0.0041,0.0979,1.3674,241,8.0274
06876700,ifs,11,-0.4066,-0.0458,0.0197,0.8784,241,11.7449
06878000,ifs,11,-0.4763,0.1154,0.1319,1.0377,241,9.7136
06879650,ifs,11,-0.2027,0.1223,0.1981,0.8300,241,10.5323
06885500,ifs,11,-0.3073,0.0520,0.1156,0.8808,241,10.0909
06888500,ifs,11,-0.3359,0.0643,0.1201,0.8683,241,11.5720
06889200,ifs,11,-0.3389,-0.0363,0.0435,0.8639,241,10.4587
06889500,ifs,11,-0.4188,-0.0102,0.0430,0.9058,241,10.4022
06892000,ifs,11,-0.3822,-0.0230,0.0506,0.8144,241,10.8682
06903400,ifs,11,-0.3334,-0.0702,0.0290,0.7895,241,10.8954
06906800,ifs,11,-0.1526,0.0563,0.1944,0.6985,241,11.6138
06910800,ifs,11,-0.6929,0.0404,0.0502,0.9278,241,12.4198
06911900,ifs,11,-0.6387,-0.0026,0.0246,0.8511,241,12.9183
06917000,ifs,11,-0.4953,0.0169,0.0528,0.8969,241,13.4058
06918460,ifs,11,-0.3367,0.0942,0.1370,0.9348,241,11.5354
06919500,ifs,11,-0.6033,0.1805,0.1858,1.0914,241,12.0364
06921070,ifs,11,-0.0694,0.1347,0.2617,0.7558,241,11.7584
06921200,ifs,11,-0.1739,0.1076,0.1980,0.8154,241,13.0778
06934000,ifs,11,-0.2523,0.1717,0.2093,0.9890,241,9.6895
07014500,ifs,11,-0.1950,0.0593,0.1495,0.8878,241,12.6651
07056000,ifs,11,-0.4033,0.1273,0.1519,1.0642,241,10.8522
07057500,ifs,11,-0.2848,0.2082,0.2309,1.0150,241,9.4357
07060710,ifs,11,-0.3858,0.1498,0.1873,1.1860,241,11.8422
07066000,ifs,11,-0.3215,0.1949,0.2227,1.1230,241,9.5143
07067000,ifs,11,-0.4540,0.2102,0.2455,1.2294,241,8.8297
07068000,ifs,11,-0.6212,0.1716,0.2273,1.2963,241,8.7579
07071500,ifs,11,-0.6068,0.1612,0.1983,1.2467,241,9.3763
07083000,ifs,11,-0.8821,-0.1043,0.1596,1.7144,241,3.9548
07142300,ifs,11,-0.8764,0.0191,0.1111,1.4120,241,7.1861
07145700,ifs,11,0.0009,0.0889,0.2506,0.8740,241,11.5883
07148400,ifs,11,-0.9156,0.1416,0.3925,1.4419,241,6.1502
07149000,ifs,11,-1.1399,0.0494,0.3052,1.5105,241,6.1513
07151500,ifs,11,-0.0330,0.2815,0.3452,1.1287,241,7.9694
07167500,ifs,11,-0.4294,0.0190,0.0604,0.9889,241,9.4390
07180500,ifs,11,-0.5372,0.1214,0.1321,1.0580,241,9.9870
07184000,ifs,11,-0.2074,0.0641,0.1442,0.9784,241,14.3907
07195800,ifs,11,-0.2527,0.1253,0.1757,1.0239,241,12.2896
07196900,ifs,11,-0.3403,0.1227,0.1618,1.1119,241,11.2783
07197000,ifs,11,-0.3555,0.1532,0.1799,1.0739,241,10.9091
07208500,ifs,11,-1.3576,-0.3056,0.2451,2.0042,241,3.9731
07226500,ifs,11,-0.9283,-0.0037,0.1449,1.5153,241,3.4064
07261000,ifs,11,-0.8666,0.0924,0.1663,1.3437,241,12.3007
07263295,ifs,11,-1.3355,-0.0799,0.0378,1.4552,241,14.1327
07290650,ifs,11,-0.3900,-0.0114,0.0463,0.9256,241,11.2864
07291000,ifs,11,-0.2968,-0.0079,0.0764,0.8559,241,11.0415
07292500,ifs,11,-0.3131,-0.0065,0.0765,0.8320,241,11.1951
07295000,ifs,11,-0.2389,-0.0754,0.0573,0.7618,241,12.3026
07299670,ifs,11,-1.6743,-0.1586,0.0858,1.6076,241,7.4438
07301410,ifs,11,-0.2886,-0.1014,0.0072,1.1384,241,6.3447
07301500,ifs,11,-0.8081,-0.0501,0.0854,1.5153,241,4.3514
07315200,ifs,11,-1.4298,-0.0155,0.0927,1.3554,241,10.5443
07315700,ifs,11,-2.2180,-0.3720,0.0964,1.8657,241,10.6394
07335700,ifs,11,-0.5400,0.0564,0.0765,1.0569,241,13.5755
07340300,ifs,11,-1.1832,0.0521,0.1315,1.3102,241,12.2685
07346045,ifs,11,-1.3691,-0.0329,0.0690,1.3827,241,11.1040
07359610,ifs,11,-0.8408,0.1241,0.1414,1.1599,241,13.9863
07362100,ifs,11,-1.1832,-0.0283,0.0803,1.4315,241,10.4403
07362587,ifs,11,-0.9151,0.0381,0.0627,1.2153,241,14.3107
07373000,ifs,11,-0.6552,0.1507,0.1587,1.1152,241,11.6901
07375000,ifs,11,-0.1482,-0.0330,0.1363,0.6877,241,14.5483
07376000,ifs,11,-0.0769,0.0714,0.2168,0.7712,241,12.3421
08013000,ifs,11,-0.3480,0.1075,0.1462,0.9183,241,11.8000
08014500,ifs,11,-0.8432,0.1606,0.1667,1.0113,241,13.3983
08023080,ifs,11,-0.4397,0.1311,0.1565,1.1296,241,11.1401
08025500,ifs,11,-0.3160,-0.0292,0.0518,0.8898,241,12.8060
08029500,ifs,11,-0.2189,0.1146,0.1822,0.8814,241,12.7498
08050800,ifs,11,-0.7605,0.0968,0.1207,1.2065,241,12.6700
08066200,ifs,11,-0.5185,-0.0430,0.0095,0.8203,241,17.2910
08066300,ifs,11,-0.2065,-0.0561,0.0793,0.7704,241,19.4371
08070000,ifs,11,-0.6454,0.0392,0.0505,0.9773,241,11.6079
08070200,ifs,11,-0.6049,0.0370,0.0528,0.9560,241,11.7319
08079600,ifs,11,-1.4954,-0.1495,0.0722,1.6173,241,4.7681
08082700,ifs,11,-1.5983,-0.2659,0.0526,1.7843,241,8.6116
08086212,ifs,11,-0.5553,0.2256,0.3137,1.3396,241,7.6870
08086290,ifs,11,-1.1077,0.0781,0.2213,1.3997,241,8.9047
08101000,ifs,11,-2.5052,-0.2418,0.1013,1.5259,241,11.4752
08103900,ifs,11,-0.5094,0.1343,0.1438,0.9992,241,11.3819
08104900,ifs,11,-0.4078,0.0768,0.1115,0.9291,241,12.4388
08109700,ifs,11,-0.7279,-0.0349,-0.0159,1.1119,241,13.9134
08150800,ifs,11,-0.4480,0.1114,0.1313,0.9856,241,12.7630
08155200,ifs,11,-1.1876,-0.0162,-0.0009,1.1522,241,12.2212
08158700,ifs,11,-1.2959,-0.0224,0.0033,1.1797,241,11.7570
08158810,ifs,11,-1.5696,-0.0476,-0.0052,1.1621,241,11.8316
08164000,ifs,11,-0.8889,0.0886,0.1046,1.1625,241,10.1657
08164300,ifs,11,-0.5773,0.0106,0.0325,1.0004,241,12.0768
08164600,ifs,11,-0.9597,0.0832,0.1048,1.1772,241,10.4354
08165300,ifs,11,-0.2746,0.0306,0.1071,0.8841,241,10.7397
08171300,ifs,11,-1.2779,-0.0153,0.0171,1.2088,241,12.6827
08175000,ifs,11,-1.2180,0.0463,0.0763,1.1527,241,12.9261
08176900,ifs,11,-1.3549,0.0478,0.1410,1.2698,241,10.5538
08178880,ifs,11,-0.3630,-0.0108,0.0501,0.9966,241,12.4147
08189500,ifs,11,-0.9308,0.1958,0.2751,1.2124,241,10.2478
08190000,ifs,11,-0.1102,-0.0429,0.1249,0.7831,241,15.1703
08190500,ifs,11,-0.0698,0.0499,0.1930,0.8595,241,14.2267
08194200,ifs,11,-0.0800,0.3643,0.3989,0.8274,241,9.0030
08195000,ifs,11,-0.1549,-0.0369,0.0983,0.8776,241,13.9639
08196000,ifs,11,-0.1484,-0.0154,0.1120,0.9275,241,15.9430
08198500,ifs,11,-0.2319,0.0128,0.1018,0.9460,241,13.8957
08200000,ifs,11,-0.2851,-0.0419,0.0468,0.9477,241,13.6546
08202700,ifs,11,-0.1695,0.0151,0.1261,0.9045,241,13.9608
08267500,ifs,11,-0.8101,-0.0249,0.1609,1.5864,241,5.0964
08269000,ifs,11,-1.3942,-0.2885,0.2045,1.9560,241,4.3448
08271000,ifs,11,-0.6914,0.0397,0.1811,1.5015,241,5.1300
08324000,ifs,11,-1.8796,-0.6180,0.1661,2.3151,241,3.9133
08377900,ifs,11,-1.2654,-0.2863,0.1035,1.9063,241,5.6247
08378500,ifs,11,-1.3578,-0.3202,0.0991,1.9448,241,5.0332
08380500,ifs,11,-1.7930,-0.3338,0.1535,1.9317,241,5.1005
09034900,ifs,11,-0.3664,0.0600,0.1061,1.0763,241,4.6102
09035900,ifs,11,-0.6731,0.0927,0.1576,1.3360,241,3.7698
09047700,ifs,11,-0.7632,0.0186,0.1932,1.5572,241,3.6727
09065500,ifs,11,-0.7590,0.0802,0.2054,1.4583,241,3.9453
09066000,ifs,11,-0.7366,0.0705,0.1775,1.4324,241,3.3406
09066200,ifs,11,-0.9559,0.0181,0.1818,1.5243,241,4.4045
09066300,ifs,11,-0.8337,0.0620,0.2078,1.4898,241,4.1503
09081600,ifs,11,-0.1452,0.1701,0.2891,1.3476,241,4.6453
09107000,ifs,11,-0.7137,-0.0744,0.2470,1.7637,241,3.2178
09210500,ifs,11,-1.1409,0.0342,0.1249,1.3630,241,3.3990
09223000,ifs,11,-1.0083,0.0731,0.1633,1.3622,241,4.0380
09306242,ifs,11,-1.5592,-0.3040,-0.0151,1.7924,241,4.5066
09312600,ifs,11,-0.5127,0.1704,0.2195,1.2784,241,3.8035
09352900,ifs,11,-0.7531,-0.0540,0.1626,1.6399,241,5.8298
09378170,ifs,11,-0.3984,0.1625,0.1858,1.1164,241,4.1143
09378630,ifs,11,-0.2953,0.1910,0.2192,1.0807,241,4.1669
09386900,ifs,11,-1.6777,-0.3776,0.0572,1.9561,241,3.7126
09404450,ifs,11,-0.3669,0.2811,0.3414,1.2867,241,3.4226
09430500,ifs,11,-0.9478,0.1321,0.2576,1.3765,241,3.1930
09430600,ifs,11,-0.8976,0.1521,0.2107,1.2566,241,4.1185
09447800,ifs,11,-1.2182,0.0826,0.2611,1.3853,241,2.4469
09480000,ifs,11,-0.0569,0.3537,0.3797,0.9431,241,3.6130
09484000,ifs,11,-0.5187,0.2298,0.2518,1.1823,241,4.1009
09484600,ifs,11,-0.2641,0.2850,0.2960,0.9426,241,3.3555
09492400,ifs,11,-0.3049,0.1365,0.1730,1.0013,241,5.4040
09494000,ifs,11,-0.5751,0.1562,0.1776,1.1827,241,4.2425
09497800,ifs,11,-0.3042,0.0959,0.1428,0.9917,241,3.4405
09497980,ifs,11,-0.2380,0.1144,0.1731,0.9329,241,3.9461
09505200,ifs,11,-0.2563,0.2459,0.2753,1.1443,241,3.4563
09505350,ifs,11,-0.0820,0.2306,0.2931,0.9396,241,3.3328
09505800,ifs,11,-0.0808,0.2598,0.3119,1.0567,241,3.4028
09508300,ifs,11,-0.1933,0.1698,0.2484,0.7553,241,3.3252
09510200,ifs,11,-0.1511,0.0746,0.1970,0.7314,241,3.3076
09512280,ifs,11,-0.0963,0.2053,0.2712,0.9963,241,2.8963
09513780,ifs,11,-0.1654,0.2583,0.2901,0.9552,241,2.7864
10023000,ifs,11,-0.2070,0.1660,0.2160,0.9531,241,3.9325
10166430,ifs,11,-0.5591,0.1156,0.1257,0.9345,241,4.4539
10172700,ifs,11,-0.6205,0.1391,0.1666,1.2133,241,3.4663
10172800,ifs,11,-0.6133,0.1482,0.1534,1.0801,241,4.6304
10173450,ifs,11,-0.0873,0.3961,0.4398,1.2226,241,3.7258
10205030,ifs,11,-0.8050,0.1119,0.2270,1.4157,241,4.0723
10234500,ifs,11,-0.0806,0.3525,0.3734,1.0425,241,3.6004
10242000,ifs,11,0.0403,0.4174,0.4427,0.9530,241,3.6893
10244950,ifs,11,-0.5115,0.1979,0.2017,1.0548,241,3.5006
10249300,ifs,11,-1.0173,0.1060,0.1455,1.2067,241,3.2017
10258000,ifs,11,0.4765,0.5331,0.7084,1.3360,241,2.5726
10258500,ifs,11,0.0064,0.0678,0.7305,1.7725,241,1.8089
10259000,ifs,11,0.4241,0.6025,0.7387,1.2873,241,2.0863
10259200,ifs,11,0.1334,0.1345,0.6087,1.7677,241,1.8620
10263500,ifs,11,0.2507,0.2135,0.5099,0.5630,241,5.0648
10310500,ifs,11,-1.5404,0.0738,0.2267,1.1484,241,5.7750
10316500,ifs,11,0.0199,0.1706,0.3319,0.6994,241,3.6671
10329500,ifs,11,-0.3381,0.0636,0.1279,0.8048,241,3.7746
10336645,ifs,11,-0.5737,0.3198,0.3547,1.0995,241,10.2718
10336660,ifs,11,-0.3519,0.3835,0.3923,1.0077,241,10.3667
10343500,ifs,11,-0.9747,0.2072,0.2602,1.0468,241,7.5657
10348850,ifs,11,-0.0974,0.1433,0.2839,0.6406,241,9.5151
10396000,ifs,11,-0.1096,0.0524,0.2115,0.6766,241,3.5285
11098000,ifs,11,0.1089,0.1357,0.3846,0.5740,241,7.6942
11124500,ifs,11,-0.0095,0.1937,0.3104,0.7977,241,6.9464
11141280,ifs,11,0.1160,0.2995,0.4310,0.7328,241,5.9115
11143000,ifs,11,-0.0408,-0.0662,0.2193,0.4795,241,10.2982
11148900,ifs,11,0.0952,0.2190,0.3965,0.6635,241,5.1818
11151300,ifs,11,-0.0737,0.2926,0.3534,0.7968,241,3.8639
11162500,ifs,11,0.0022,0.1771,0.3304,0.6768,241,6.3199
11176400,ifs,11,-0.4320,0.1796,0.1988,0.8665,241,4.0402
11180500,ifs,11,-0.5563,0.1766,0.1785,1.0127,241,4.7438
11180960,ifs,11,-0.3425,0.1179,0.1699,0.8013,241,5.2896
11224500,ifs,11,0.0641,0.2829,0.4061,0.7132,241,3.1414
11253310,ifs,11,0.0322,0.4122,0.4385,0.9353,241,2.6038
11264500,ifs,11,-2.1933,-0.1750,0.2193,1.5170,241,8.4616
11266500,ifs,11,-1.7679,-0.0502,0.2185,1.4210,241,8.4882
11274500,ifs,11,-0.2795,0.1385,0.2021,0.7746,241,3.6471
11274630,ifs,11,-0.4121,0.1328,0.1620,0.8637,241,3.4843
11284400,ifs,11,-0.5097,0.2801,0.2876,1.0867,241,6.2140
11299600,ifs,11,-0.3432,0.3654,0.4083,1.1949,241,5.7265
11381500,ifs,11,-0.1039,-0.0147,0.1877,0.5961,241,9.4843
11383500,ifs,11,-0.1664,0.0025,0.1652,0.6339,241,9.8989
11451100,ifs,11,-0.7748,0.1604,0.1636,0.9567,241,6.8882
11468500,ifs,11,-0.7694,0.1283,0.1851,1.2993,241,8.8659
11473900,ifs,11,-0.5259,0.1498,0.1570,0.9544,241,8.4669
11475560,ifs,11,-0.1221,0.0410,0.1921,0.6930,241,13.8001
11476600,ifs,11,-0.7938,0.1697,0.2307,1.2750,241,9.8222
11478500,ifs,11,-0.5796,0.1706,0.1720,1.0115,241,9.2462
11480390,ifs,11,-0.5274,0.1329,0.1452,0.9102,241,8.5601
11481200,ifs,11,-0.4118,0.2538,0.2559,1.0179,241,9.4240
11482500,ifs,11,-0.2842,0.2298,0.2522,0.9061,241,10.0698
11522500,ifs,11,-0.5294,0.2384,0.2461,1.1074,241,7.3694
11523200,ifs,11,-0.7449,0.1058,0.1106,0.9095,241,8.6706
11528700,ifs,11,-0.6312,0.1515,0.1540,0.9469,241,7.7128
11532500,ifs,11,-0.1743,0.1867,0.2570,0.7917,241,11.9586
12010000,ifs,11,-0.1379,0.0623,0.2122,0.6719,241,12.1424
12013500,ifs,11,-0.2821,0.1300,0.1925,0.7953,241,10.1079
12020000,ifs,11,-0.3189,0.1633,0.2135,0.7878,241,8.5838
12025000,ifs,11,-0.1323,0.2297,0.2977,0.7950,241,7.6580
12025700,ifs,11,-0.2295,0.3369,0.3409,0.9854,241,7.1870
12035000,ifs,11,-0.2667,0.0767,0.1778,0.6992,241,12.4277
12040500,ifs,11,-0.2886,0.2226,0.2599,0.8156,241,14.4317
12041200,ifs,11,-0.2517,0.1589,0.2326,0.7429,241,15.6291
12043000,ifs,11,-0.3383,0.2195,0.2522,0.8117,241,12.7249
12048000,ifs,11,-1.3911,-0.0052,0.1231,1.3919,241,8.0823
12054000,ifs,11,-0.4945,0.1241,0.1370,0.9711,241,10.9000
12056500,ifs,11,-0.4654,0.1641,0.1815,0.8749,241,14.3259
12073500,ifs,11,-0.7155,0.1348,0.1350,0.9820,241,7.4327
12082500,ifs,11,-0.3019,0.1661,0.2073,0.8478,241,10.9035
12092000,ifs,11,-0.2116,0.1661,0.2302,0.8153,241,10.6151
12095000,ifs,11,-0.3278,0.2830,0.2867,1.0030,241,8.4933
12114500,ifs,11,-0.1028,0.0107,0.2123,0.5994,241,12.0920
12115000,ifs,11,-0.0993,0.0186,0.2166,0.6065,241,12.0108
12115500,ifs,11,-0.0853,0.0685,0.2333,0.6784,241,11.9738
12117000,ifs,11,-0.0834,0.1018,0.2459,0.7171,241,11.8379
12141300,ifs,11,-0.0742,0.0752,0.2434,0.6767,241,13.8096
12143600,ifs,11,-0.0775,0.0985,0.2440,0.7246,241,12.9915
12144000,ifs,11,-0.0883,0.1297,0.2503,0.7667,241,12.2247
12145500,ifs,11,-0.1464,0.1223,0.2332,0.7370,241,9.8997
12147600,ifs,11,-0.0600,0.0746,0.2550,0.6581,241,16.8067
12167000,ifs,11,-0.2197,0.1356,0.2043,0.8281,241,12.3770
12175500,ifs,11,-0.4006,0.2110,0.2190,0.9852,241,9.3196
12186000,ifs,11,-0.2903,0.0922,0.1647,0.7828,241,13.1947
12189500,ifs,11,-0.3177,0.1347,0.1776,0.8686,241,11.2260
12358500,ifs,11,-0.2605,-0.1171,0.0585,0.6205,241,7.7450
12377150,ifs,11,-0.2126,-0.0264,0.1896,0.5069,241,7.1855
12381400,ifs,11,-0.1556,-0.0318,0.1930,0.5361,241,6.4435
12390700,ifs,11,-0.4801,-0.0009,0.0613,0.7616,241,5.5913
12411000,ifs,11,-0.4030,-0.0235,0.0742,0.6868,241,6.2988
12414500,ifs,11,-0.3593,0.0309,0.1190,0.7135,241,6.5447
12447390,ifs,11,-1.3574,-0.1350,0.0252,1.5551,241,4.2436
12451000,ifs,11,-0.8550,0.1269,0.1644,1.2331,241,7.5909
12488500,ifs,11,-0.2805,0.0497,0.1337,0.7851,241,9.1166
13011500,ifs,11,-0.1259,0.3827,0.3945,1.0923,241,3.8632
13011900,ifs,11,-0.1741,0.3717,0.4039,1.1969,241,3.7976
13018300,ifs,11,-0.1927,0.2877,0.3069,1.0449,241,4.0230
13023000,ifs,11,-0.9785,0.1171,0.2528,1.3962,241,4.2610
13161500,ifs,11,-1.2625,0.0212,0.1702,1.4253,241,3.1911
13235000,ifs,11,-0.3022,0.1742,0.2064,0.9057,241,4.9837
13240000,ifs,11,-0.3387,0.0719,0.1404,0.7767,241,6.5907
13310700,ifs,11,-0.4454,0.1301,0.1505,0.9139,241,5.2391
13313000,ifs,11,-0.1777,0.0621,0.1924,0.6937,241,5.6604
13331500,ifs,11,-0.3334,0.1050,0.1549,0.8455,241,5.7790
13337000,ifs,11,-0.1470,0.2066,0.2833,0.7721,241,6.3740
13338500,ifs,11,-0.4937,0.1703,0.1764,1.0134,241,5.5670
13340000,ifs,11,-0.2706,0.2044,0.2404,0.8597,241,5.6654
13340600,ifs,11,-0.1939,0.0953,0.2112,0.6948,241,7.3246
14020000,ifs,11,-0.1893,0.1411,0.2179,0.8113,241,5.2760
14092750,ifs,11,-1.0678,0.1107,0.1307,1.0746,241,8.1751
14096850,ifs,11,-0.7404,0.0704,0.0742,1.0570,241,4.6705
14137000,ifs,11,-0.4547,0.1664,0.1822,0.8927,241,10.3486
14138800,ifs,11,-0.2804,0.0838,0.1699,0.7380,241,13.2182
14138870,ifs,11,-0.2689,0.1355,0.1975,0.8032,241,13.6261
14138900,ifs,11,-0.1520,0.0698,0.2081,0.6834,241,15.4039
14139800,ifs,11,-0.3105,0.1279,0.1875,0.7851,241,13.4607
14141500,ifs,11,-0.4425,0.1802,0.1926,0.9173,241,12.0787
14154500,ifs,11,-1.2025,0.0693,0.0924,1.0737,241,8.3128
14158500,ifs,11,-0.7287,0.1559,0.1598,0.9231,241,9.3509
14158790,ifs,11,-0.4220,0.1148,0.1678,0.7515,241,10.8430
14166500,ifs,11,-0.3999,0.1827,0.1973,0.9371,241,7.5884
14182500,ifs,11,-0.5743,0.1562,0.1626,0.9170,241,10.1888
14185000,ifs,11,-0.7937,0.1502,0.1527,0.9700,241,9.6300
14185900,ifs,11,-0.4945,0.1456,0.1695,0.8326,241,10.5639
14187000,ifs,11,-0.7045,0.1198,0.1248,0.9108,241,9.7780
14216500,ifs,11,-0.3106,0.1937,0.2318,0.8230,241,10.6589
14222500,ifs,11,-0.0989,0.0601,0.2241,0.6675,241,15.6314
14236200,ifs,11,-0.1477,0.2578,0.3045,0.8479,241,9.2098
14301000,ifs,11,-0.1421,0.1336,0.2349,0.7648,241,9.5550
14303200,ifs,11,-0.0777,0.0859,0.2554,0.6443,241,12.0690
14305500,ifs,11,-0.0139,0.1479,0.3155,0.6584,241,13.8649
14306340,ifs,11,-0.2057,0.2619,0.2949,0.8594,241,7.7875
14306500,ifs,11,-0.2004,0.2634,0.2955,0.8693,241,8.3813
14308990,ifs,11,-0.6755,0.1126,0.1145,1.0136,241,5.8185
14309500,ifs,11,-0.5365,0.2095,0.2298,0.8223,241,8.3445
14316700,ifs,11,-1.3425,0.0600,0.0981,1.0477,241,8.1306
14325000,ifs,11,-0.2822,0.2384,0.2781,0.7936,241,9.5101
14362250,ifs,11,-0.7525,0.1272,0.1275,1.0224,241,5.5091
14400000,ifs,11,-0.2627,0.1474,0.2182,0.7503,241,12.7042
01013500,ifs,12,-0.8094,-0.0190,0.0008,1.1713,241,7.4105
01022500,ifs,12,-0.4875,0.1248,0.1393,1.0533,241,7.6891
01030500,ifs,12,-0.8684,0.0089,0.0143,1.0880,241,7.4011
01031500,ifs,12,-0.8748,0.0762,0.1021,1.2139,241,7.7861
01047000,ifs,12,-0.7599,0.1423,0.1665,1.1962,241,8.1140
01052500,ifs,12,-0.6089,0.1727,0.2188,1.2715,241,7.0575
01054200,ifs,12,-0.6340,0.2215,0.2706,1.2513,241,9.2316
01055000,ifs,12,-0.9734,0.1080,0.1404,1.1979,241,8.0548
01057000,ifs,12,-0.6585,0.1974,0.2217,1.1869,241,7.7789
01073000,ifs,12,-1.1629,0.0308,0.0729,1.2401,241,8.8905
01078000,ifs,12,-1.0171,0.1354,0.1755,1.1705,241,8.9096
01118300,ifs,12,-0.2202,0.0967,0.1673,0.9011,241,12.7152
01121000,ifs,12,-0.4067,0.1719,0.1916,0.8931,241,9.7606
01123000,ifs,12,-0.5919,0.1223,0.1318,0.9065,241,10.9164
01134500,ifs,12,-0.4717,0.2012,0.2061,1.0416,241,7.8747
01137500,ifs,12,-0.8044,0.1239,0.1724,1.2774,241,8.7469
01139000,ifs,12,-0.6830,0.1683,0.1927,1.1965,241,8.0184
01139800,ifs,12,-0.6015,0.1474,0.1496,1.0042,241,8.7410
01142500,ifs,12,-1.1496,0.0621,0.0929,1.1710,241,8.4364
01144000,ifs,12,-0.8695,0.1017,0.1028,1.0159,241,8.4812
01169000,ifs,12,-1.2883,0.0449,0.0997,1.2151,241,10.4762
01170100,ifs,12,-1.3498,0.0312,0.1060,1.2606,241,10.3486
01181000,ifs,12,-0.4346,0.1198,0.1450,0.8966,241,9.0330
01187300,ifs,12,-0.7383,0.1378,0.1446,1.1067,241,8.6966
01195100,ifs,12,-0.2046,0.1519,0.2205,0.8198,241,10.5190
01333000,ifs,12,-1.1579,0.0672,0.1179,1.2320,241,10.2520
01350000,ifs,12,-0.3475,0.0143,0.0752,0.9182,241,11.6914
01350080,ifs,12,-0.3848,-0.0031,0.0540,0.9208,241,9.2588
01350140,ifs,12,-0.4531,-0.0348,0.0184,0.8944,241,8.9836
01365000,ifs,12,-0.6027,0.0972,0.1076,1.0813,241,10.6145
01411300,ifs,12,-0.2289,0.0357,0.1211,0.9088,241,11.9211
01413500,ifs,12,-0.2639,0.0110,0.1043,0.8157,241,10.7023
01414500,ifs,12,-0.3023,0.0794,0.1313,0.9716,241,11.5651
01415000,ifs,12,-0.3534,0.0250,0.0853,0.8831,241,9.1182
01423000,ifs,12,-0.3947,-0.0000,0.0607,0.8564,241,9.1556
01434025,ifs,12,-0.3665,0.0734,0.1181,0.9006,241,12.4934
01435000,ifs,12,-0.4288,0.0833,0.1121,0.9556,241,12.0293
01439500,ifs,12,-0.8361,0.1026,0.1037,1.0375,241,10.2978
01440000,ifs,12,-0.5311,0.1393,0.1464,0.9955,241,9.9535
01440400,ifs,12,-0.7403,0.0857,0.0902,0.9214,241,11.0787
01451800,ifs,12,-2.5590,-0.1682,0.1056,1.2630,241,12.8569
01466500,ifs,12,-0.3779,0.1602,0.1797,0.9961,241,8.4114
01484100,ifs,12,-0.5276,0.1085,0.1378,1.1881,241,9.6009
01485500,ifs,12,-0.3507,-0.0454,0.0283,0.9314,241,10.8863
01486000,ifs,12,-0.3452,-0.0060,0.0576,1.0012,241,11.1618
01487000,ifs,12,-0.5261,0.0670,0.0964,1.1541,241,10.1828
01491000,ifs,12,-1.0420,0.0049,0.0938,1.3971,241,8.8215
01510000,ifs,12,-0.5753,-0.0516,-0.0122,0.8746,241,9.1186
01516500,ifs,12,-1.3779,0.0005,0.0217,1.0605,241,8.7723
01518862,ifs,12,-0.7942,0.0498,0.0532,0.9406,241,8.1990
01532000,ifs,12,-0.9338,0.0150,0.0206,1.1037,241,9.6722
01539000,ifs,12,-1.8711,-0.0757,0.0229,1.2307,241,12.2550
01542810,ifs,12,-0.9035,0.0655,0.0659,1.0221,241,9.0282
01543000,ifs,12,-0.9934,0.0433,0.0447,1.0306,241,8.9396
01543500,ifs,12,-0.8620,0.0230,0.0251,0.9575,241,9.3058
01544500,ifs,12,-1.2114,0.0183,0.0278,1.0441,241,9.2975
01545600,ifs,12,-1.1201,0.0438,0.0547,1.0881,241,9.3688
01547700,ifs,12,-0.8393,0.0199,0.0227,0.9593,241,14.5160
01548500,ifs,12,-1.3902,0.0041,0.0271,1.0528,241,9.0685
01549500,ifs,12,-1.5046,-0.0073,0.0520,1.1995,241,10.3656
01550000,ifs,12,-1.1915,0.0079,0.0340,1.1897,241,10.8124
01552000,ifs,12,-0.8282,0.0059,0.0110,1.0614,241,11.2719
01552500,ifs,12,-1.6342,-0.0440,0.0105,1.1703,241,11.3493
01557500,ifs,12,-0.4751,-0.0122,0.0380,0.8468,241,11.4354
01567500,ifs,12,-2.3300,-0.1351,0.0045,1.1294,241,14.1821
01568000,ifs,12,-2.0087,-0.0819,0.0145,1.1175,241,11.9316
01580000,ifs,12,-1.6665,-0.0145,0.1802,1.3666,241,10.1327
01583500,ifs,12,-1.7247,-0.0656,0.0577,1.3401,241,10.1720
01586610,ifs,12,-1.8529,-0.0845,0.0317,1.2985,241,10.5333
01591400,ifs,12,-1.0325,0.0346,0.0420,1.1039,241,11.5540
01596500,ifs,12,-0.7899,0.0269,0.0389,1.1334,241,9.7646
01605500,ifs,12,-0.6238,0.0566,0.0674,1.0247,241,8.4812
01606500,ifs,12,-0.6566,0.0736,0.0821,1.0697,241,7.9797
01613050,ifs,12,-1.0920,0.0159,0.0206,1.0713,241,9.5401
01620500,ifs,12,-0.9536,0.0490,0.1055,1.3132,241,7.8787
01632000,ifs,12,-0.4362,0.0532,0.0990,0.8340,241,8.5292
01632900,ifs,12,-0.3482,0.0029,0.0779,0.8184,241,7.9749
01634500,ifs,12,-0.5368,0.0060,0.0373,0.9101,241,8.5996
01638480,ifs,12,-0.7853,0.0756,0.0779,1.0548,241,9.1655
01639500,ifs,12,-1.4520,0.0085,0.0777,1.2320,241,9.5999
01644000,ifs,12,-0.8152,0.1456,0.1492,1.0456,241,8.6859
01658500,ifs,12,-0.6369,0.1076,0.1131,1.0570,241,9.2586
01664000,ifs,12,-0.4014,0.1957,0.2085,0.9318,241,8.1290
01666500,ifs,12,-0.3683,0.2137,0.2243,0.9975,241,8.0032
01667500,ifs,12,-0.3694,0.1995,0.2126,0.9871,241,7.6513
01669000,ifs,12,-0.3485,0.0537,0.1046,1.0762,241,9.3952
01669520,ifs,12,-0.4413,0.0024,0.0486,1.0896,241,9.6565
02011400,ifs,12,-0.7859,0.0958,0.1046,1.1260,241,7.9864
02011460,ifs,12,-0.7670,0.0660,0.0813,1.1626,241,8.4361
02013000,ifs,12,-0.4528,0.1567,0.1709,1.0726,241,7.5537
02014000,ifs,12,-0.6776,0.1005,0.1082,1.0988,241,7.2625
02015700,ifs,12,-0.8900,0.0435,0.0870,1.2839,241,8.4393
02016000,ifs,12,-0.9600,0.0730,0.1124,1.2514,241,7.5689
02017500,ifs,12,-1.0447,0.0225,0.0436,1.1926,241,7.0987
02018000,ifs,12,-1.0631,0.0447,0.0798,1.2332,241,6.8143
02027000,ifs,12,-1.6662,-0.1122,0.1633,1.5863,241,8.5116
02027500,ifs,12,-1.3053,-0.0072,0.1739,1.4857,241,8.2807
02028500,ifs,12,-1.2906,0.0670,0.1460,1.2441,241,8.4712
02038850,ifs,12,-1.4235,0.0333,0.0988,1.1912,241,9.1868
02046000,ifs,12,-1.2299,0.0190,0.0527,1.1984,241,10.2295
02051000,ifs,12,-0.7563,0.0731,0.0884,1.1632,241,9.7061
02051500,ifs,12,-1.1664,0.0224,0.0628,1.2403,241,9.8329
02053200,ifs,12,-0.5927,0.0214,0.0480,1.1346,241,9.1587
02053800,ifs,12,-2.0887,-0.0843,0.0609,1.2005,241,9.3877
02055100,ifs,12,-1.0852,-0.0768,0.0602,1.5193,241,6.8981
02056900,ifs,12,-2.0019,-0.0590,0.0898,1.1960,241,10.2953
02059500,ifs,12,-1.7937,-0.0592,0.1153,1.3735,241,7.7654
02064000,ifs,12,-1.2776,-0.0062,0.0955,1.3828,241,8.0584
02065500,ifs,12,-1.4364,-0.0279,0.1046,1.4094,241,8.2208
02069700,ifs,12,-0.8045,0.0672,0.0735,1.1050,241,9.4584
02070000,ifs,12,-1.0415,0.0098,0.0170,1.1138,241,9.9412
02074500,ifs,12,-1.2873,-0.0778,0.0408,1.4625,241,11.2260
02077200,ifs,12,-0.8396,0.0227,0.0519,1.2342,241,7.4864
02081500,ifs,12,-0.9544,-0.0580,-0.0113,1.3080,241,8.8530
02082950,ifs,12,-1.8330,-0.2078,0.0168,1.6089,241,9.1637
02092500,ifs,12,-1.4424,-0.0751,0.0288,1.4070,241,9.7702
02096846,ifs,12,-0.4142,-0.0791,-0.0107,1.0884,241,10.6777
02102908,ifs,12,-0.4414,-0.0026,0.0413,1.0160,241,10.0452
02108000,ifs,12,-1.2779,-0.0092,0.0509,1.2955,241,9.7523
02111180,ifs,12,-0.7197,0.0038,0.0177,1.0974,241,9.7492
02111500,ifs,12,-0.9766,0.0076,0.0080,1.0274,241,10.2957
02118500,ifs,12,-0.9929,0.0222,0.0408,1.1869,241,8.8103
02128000,ifs,12,-0.7628,0.0019,0.0159,1.1230,241,8.7296
02137727,ifs,12,-0.4819,-0.0600,-0.0105,1.0466,241,10.1912
02140991,ifs,12,-0.7415,-0.0087,0.0057,1.1034,241,9.4351
02143000,ifs,12,-0.5733,-0.0062,0.0190,0.9871,241,8.8576
02143040,ifs,12,-0.5226,0.0134,0.0417,1.0062,241,8.6447
02149000,ifs,12,-0.2762,-0.1148,0.0091,0.8027,241,11.1592
02152100,ifs,12,-0.6432,0.0191,0.0367,1.0909,241,8.5548
02177000,ifs,12,-0.4735,0.0428,0.0734,1.0489,241,10.8868
02178400,ifs,12,-0.7878,0.0648,0.0772,1.1474,241,10.1678
02193340,ifs,12,-0.5615,0.1174,0.1256,1.0346,241,9.0725
02196000,ifs,12,-0.3475,0.0819,0.1327,0.8582,241,9.3165
02198100,ifs,12,-0.2982,-0.0229,0.0687,0.8244,241,11.8701
02202600,ifs,12,-0.6271,0.2245,0.2387,1.1336,241,7.6176
02212600,ifs,12,-0.2861,0.0652,0.1327,0.8596,241,9.6500
02215100,ifs,12,-0.1438,0.1376,0.2319,0.7925,241,9.0255
02216180,ifs,12,-0.1618,0.0356,0.1594,0.7763,241,10.7066
02221525,ifs,12,-0.2492,0.1355,0.1912,0.8721,241,8.4944
02231000,ifs,12,-0.3653,0.1171,0.1660,0.8083,241,7.8204
02231342,ifs,12,-0.6595,0.0942,0.0981,1.0101,241,8.7352
02235200,ifs,12,-0.2121,0.0383,0.1692,0.6925,241,7.5322
02245500,ifs,12,-0.2692,0.1709,0.2060,0.9642,241,7.3990
02246000,ifs,12,-0.1699,0.3246,0.3424,0.9092,241,6.3830
02296500,ifs,12,-0.6170,0.0479,0.0688,0.8673,241,7.7366
02297155,ifs,12,-0.2381,0.0070,0.1117,0.8021,241,9.7287
02297310,ifs,12,-0.3686,-0.0181,0.0647,0.7807,241,9.3015
02298123,ifs,12,-0.5003,0.0323,0.0628,0.9231,241,8.7879
02298608,ifs,12,-0.2719,-0.0451,0.0780,0.7344,241,9.6508
02299950,ifs,12,-0.2487,0.0178,0.1141,0.8172,241,8.8241
02300700,ifs,12,-0.2364,-0.0887,0.0423,0.7991,241,10.3979
02310947,ifs,12,-0.3177,-0.0804,0.0246,0.8013,241,8.8324
02312200,ifs,12,-0.2674,-0.0231,0.0777,0.8212,241,10.4734
02314500,ifs,12,-0.5057,0.0291,0.0643,0.8712,241,9.4730
02315500,ifs,12,-0.5826,0.0611,0.0855,0.8499,241,8.8701
02324400,ifs,12,-0.9681,0.0137,0.0239,0.8589,241,14.5617
02327100,ifs,12,-3.1299,-0.2613,0.0024,1.0213,241,18.0520
02349900,ifs,12,-0.1471,0.1067,0.2214,0.7369,241,10.0995
02350900,ifs,12,-0.4302,0.1327,0.1712,0.7992,241,8.9256
02361000,ifs,12,-0.6884,0.1065,0.1090,0.9591,241,9.2564
02363000,ifs,12,-0.5124,0.1203,0.1343,0.9276,241,9.6712
02369800,ifs,12,-0.1591,0.0237,0.1463,0.8138,241,13.8806
02371500,ifs,12,-0.2935,0.0708,0.1313,0.8954,241,10.6584
02372250,ifs,12,-0.2818,0.0872,0.1476,0.8808,241,10.2977
02374500,ifs,12,-0.2351,0.0675,0.1406,0.9320,241,11.0924
02381600,ifs,12,-0.5811,0.0266,0.0455,0.9896,241,12.7496
02384540,ifs,12,-0.5330,0.0797,0.0966,1.0537,241,10.8192
02395120,ifs,12,-0.5567,0.1121,0.1404,1.1964,241,9.3270
02408540,ifs,12,-0.1691,0.1777,0.2392,0.8799,241,10.3094
02415000,ifs,12,-0.2001,0.0659,0.1662,0.7905,241,11.3597
02422500,ifs,12,-0.3760,0.2393,0.2662,1.1878,241,10.2274
02427250,ifs,12,-0.3489,0.1693,0.1920,1.0452,241,8.8705
02430085,ifs,12,-0.9366,0.0937,0.2519,1.4539,241,11.9654
02450250,ifs,12,-0.3503,0.2200,0.2335,1.0612,241,11.3291
02464000,ifs,12,-0.2999,0.1106,0.1568,1.0700,241,12.7670
02465493,ifs,12,-0.7010,0.1724,0.2281,1.2853,241,11.0957
02469800,ifs,12,-0.3065,0.2008,0.2218,0.9916,241,10.3617
02472000,ifs,12,-0.1796,0.2151,0.2565,1.0397,241,11.3407
02472500,ifs,12,-0.1677,0.0773,0.1697,0.8984,241,12.2801
02479155,ifs,12,-0.1748,0.0998,0.1792,0.9505,241,14.2656
02479300,ifs,12,-0.0532,0.0138,0.1921,0.7747,241,17.9202
02481000,ifs,12,-0.0727,-0.1053,0.1267,0.6795,241,21.7067
02481510,ifs,12,-0.0839,-0.0170,0.1725,0.7049,241,17.9385
03010655,ifs,12,-0.7609,0.0850,0.0859,0.9812,241,8.7121
03011800,ifs,12,-0.6393,0.0456,0.0565,0.9746,241,9.8234
03015500,ifs,12,-0.6563,0.0266,0.0384,1.0137,241,8.2771
03021350,ifs,12,-0.5755,0.0081,0.0309,0.9764,241,9.3179
03026500,ifs,12,-0.6880,0.0581,0.0643,0.9704,241,9.3998
03028000,ifs,12,-0.6270,0.0704,0.0790,1.0074,241,9.4929
03049800,ifs,12,-0.6012,-0.0644,-0.0313,0.9365,241,11.1288
03050000,ifs,12,-0.3476,0.0525,0.1023,1.0441,241,10.9288
03066000,ifs,12,-0.4848,0.1143,0.1394,1.1418,241,10.2355
03069500,ifs,12,-0.4974,0.1278,0.1552,1.1745,241,9.5267
03070500,ifs,12,-0.9638,0.0292,0.0456,1.1765,241,10.6709
03076600,ifs,12,-0.4174,0.0007,0.0495,0.9436,241,10.6600
03078000,ifs,12,-0.4046,0.0142,0.0611,1.0209,241,10.4769
03140000,ifs,12,-0.5230,0.0553,0.0762,1.0208,241,8.7677
03144000,ifs,12,-0.4381,0.0337,0.0776,0.8736,241,10.5256
03159540,ifs,12,-0.5252,0.0871,0.1026,0.9753,241,11.5249
03161000,ifs,12,-0.9325,-0.0148,0.0086,1.2141,241,9.4321
03164000,ifs,12,-1.0180,0.0054,0.0129,1.1196,241,8.4418
03165000,ifs,12,-0.5098,0.0095,0.0404,0.9795,241,8.9459
03170000,ifs,12,-1.9073,-0.0426,0.0889,1.1915,241,9.5001
03173000,ifs,12,-1.0703,0.0808,0.0994,1.1231,241,7.1336
03180500,ifs,12,-0.5310,0.0608,0.0920,1.1616,241,8.6528
03182500,ifs,12,-0.6330,0.0877,0.1069,1.1607,241,7.9500
03186500,ifs,12,-0.5507,0.1535,0.1800,1.2002,241,9.2366
03187500,ifs,12,-0.6030,0.1553,0.1993,1.2688,241,9.2814
03213700,ifs,12,-0.7203,0.0956,0.1362,1.2677,241,9.2166
03237280,ifs,12,-0.7565,0.0411,0.0556,1.1475,241,10.2421
03237500,ifs,12,-0.9383,0.0426,0.0503,1.1195,241,11.1919
03241500,ifs,12,-0.2777,-0.0041,0.0838,0.8591,241,11.2439
03280700,ifs,12,-0.7787,0.0531,0.1164,1.3402,241,9.6117
03281100,ifs,12,-0.7953,0.1007,0.1855,1.3734,241,9.2482
03281500,ifs,12,-0.7412,0.1007,0.1716,1.3486,241,8.8158
03285000,ifs,12,-0.3836,0.0593,0.1015,1.0639,241,10.6361
03291780,ifs,12,-0.2202,0.0924,0.1606,0.9677,241,11.4049
03300400,ifs,12,-0.4253,0.1158,0.1389,1.0502,241,11.5502
03340800,ifs,12,-0.3570,0.0206,0.0772,0.9325,241,12.0165
03346000,ifs,12,-0.4761,0.0467,0.0754,0.9715,241,10.5813
03364500,ifs,12,-0.1969,-0.0558,0.0754,0.8262,241,14.4198
03366500,ifs,12,-0.3627,0.0601,0.1056,1.0556,241,11.7922
03368000,ifs,12,-0.2438,0.0258,0.1156,0.8522,241,14.5550
03384450,ifs,12,-0.7678,0.0240,0.0451,1.1852,241,12.5875
03439000,ifs,12,-0.6215,0.0484,0.0635,1.0840,241,10.1036
03450000,ifs,12,-0.5481,-0.0369,-0.0030,1.0078,241,8.1216
03455500,ifs,12,-0.6255,0.0802,0.0879,1.0240,241,9.1865
03456500,ifs,12,-0.5742,0.0563,0.0717,0.9708,241,8.5197
03460000,ifs,12,-0.5337,0.0265,0.0537,1.0776,241,8.8786
03463300,ifs,12,-0.7623,-0.0348,-0.0152,1.1384,241,10.4886
03471500,ifs,12,-0.9131,0.0706,0.1026,1.2353,241,8.4101
03473000,ifs,12,-0.8647,0.0621,0.0901,1.2268,241,8.6064
03479000,ifs,12,-1.2045,-0.0317,0.0055,1.2582,241,8.9017
03488000,ifs,12,-0.7035,0.1317,0.1569,1.2078,241,8.0570
03498500,ifs,12,-0.8136,0.0802,0.1202,1.2675,241,10.3028
03500000,ifs,12,-0.7135,0.0776,0.0968,1.1782,241,9.6575
03504000,ifs,12,-0.5431,0.0758,0.0910,0.9845,241,10.8285
03574500,ifs,12,-0.3108,0.2678,0.3217,1.2720,241,10.5814
03604000,ifs,12,-0.2433,0.2671,0.2886,1.1045,241,10.8211
04015330,ifs,12,-0.7682,0.0644,0.1030,1.2654,241,8.7092
04024430,ifs,12,-1.0853,-0.0395,0.0152,1.3292,241,7.2664
04027000,ifs,12,-1.3369,-0.1598,0.0652,1.6590,241,6.9141
04040500,ifs,12,-1.4729,-0.0229,0.0659,1.3156,241,8.3512
04043050,ifs,12,-1.2959,0.0646,0.1515,1.2633,241,7.3564
04045500,ifs,12,-0.9101,-0.0077,0.0403,1.3069,241,7.0346
04056500,ifs,12,-0.9632,0.0051,0.0280,1.2121,241,6.6539
04057510,ifs,12,-0.8499,0.0034,0.0072,1.0493,241,7.5779
04057800,ifs,12,-0.8321,0.0671,0.0683,1.0450,241,7.2705
04059500,ifs,12,-0.9023,0.0370,0.0392,1.0646,241,7.1357
04063700,ifs,12,-1.6065,-0.0658,0.0420,1.3568,241,7.6672
04074950,ifs,12,-1.0270,0.0626,0.0799,1.1525,241,7.4684
04105700,ifs,12,-0.7270,0.1139,0.1164,1.0628,241,9.4406
04115265,ifs,12,-0.6537,0.1832,0.2161,1.2246,241,9.2120
04122200,ifs,12,-0.6919,0.1525,0.1828,1.2226,241,9.3392
04122500,ifs,12,-0.8874,0.0967,0.1278,1.2233,241,9.2842
04124000,ifs,12,-0.6629,0.0160,0.0363,0.8708,241,11.0743
04127997,ifs,12,-0.5132,0.0878,0.1049,0.9612,241,9.4975
04185000,ifs,12,-0.7138,0.0880,0.0900,1.0060,241,8.5850
04196800,ifs,12,-0.7160,0.0267,0.0342,1.0180,241,9.2243
04197100,ifs,12,-0.3503,0.0199,0.0764,0.9722,241,9.1585
04197170,ifs,12,-0.4378,0.0795,0.1089,1.0659,241,8.5656
04213000,ifs,12,-0.6873,0.0233,0.0397,1.1191,241,8.3128
04213075,ifs,12,-1.5051,-0.0618,0.0060,1.2986,241,11.3855
04216418,ifs,12,-0.6339,0.0077,0.0248,0.9598,241,9.4581
04221000,ifs,12,-0.7680,0.0649,0.0668,0.9755,241,8.2485
04224775,ifs,12,-0.7121,0.0432,0.0499,1.0426,241,8.9910
04256000,ifs,12,-1.0771,-0.0361,-0.0345,0.9434,241,8.6706
04296000,ifs,12,-0.3699,0.1394,0.1645,0.9816,241,7.3048
05057000,ifs,12,-1.2519,-0.1323,-0.0322,1.4596,241,5.5877
05057200,ifs,12,-1.2746,-0.0725,0.0179,1.4086,241,5.1959
05062500,ifs,12,-0.6750,0.1046,0.1307,1.2106,241,5.6963
05087500,ifs,12,-0.4708,0.0643,0.1267,1.2822,241,6.4163
05120500,ifs,12,-0.9335,-0.0385,0.0049,1.2948,241,5.5740
05123400,ifs,12,-0.2585,0.1096,0.1631,1.0259,241,5.8507
05129115,ifs,12,-2.1230,-0.1889,0.0240,1.4927,241,8.3705
05131500,ifs,12,-1.7714,-0.1468,0.0309,1.5076,241,7.2793
05291000,ifs,12,-0.2469,0.0456,0.1401,1.2267,241,7.6322
05362000,ifs,12,-1.2442,-0.0556,0.0606,1.4534,241,7.6861
05393500,ifs,12,-1.0465,0.0025,0.0673,1.3437,241,8.0307
05399500,ifs,12,-0.5382,0.1056,0.1167,0.9912,241,8.7676
05408000,ifs,12,-0.7474,-0.0037,0.0049,0.9856,241,11.8562
05412500,ifs,12,-0.8756,-0.0384,-0.0298,1.0947,241,10.3284
05413500,ifs,12,-0.7539,-0.0145,-0.0006,1.1012,241,11.3740
05414000,ifs,12,-0.6437,0.0266,0.0496,1.1488,241,10.7904
05444000,ifs,12,-1.4692,-0.1135,0.0475,1.5229,241,11.3251
05454000,ifs,12,-0.6304,0.0040,0.0227,1.0569,241,11.0103
05458000,ifs,12,-0.8766,-0.0349,-0.0174,1.1704,241,10.7767
05466500,ifs,12,-0.4530,-0.0278,0.0237,0.8959,241,12.6715
05487980,ifs,12,-0.6418,-0.0816,-0.0508,0.9371,241,11.4839
05488200,ifs,12,-0.4629,-0.1049,-0.0411,0.9152,241,13.1549
05489000,ifs,12,-0.5253,-0.1007,-0.0454,0.8736,241,12.4471
05495000,ifs,12,-0.9144,-0.0046,0.0125,1.1815,241,10.0976
05495500,ifs,12,-0.7626,-0.0219,-0.0114,1.0473,241,11.8877
05501000,ifs,12,-0.5316,-0.0365,-0.0001,1.0290,241,12.4167
05503800,ifs,12,-0.8246,0.0228,0.0436,1.1940,241,10.6094
05507600,ifs,12,-1.0708,-0.0477,-0.0289,1.1973,241,9.4774
05508805,ifs,12,-1.6138,-0.1109,-0.0620,1.2532,241,10.4606
05514500,ifs,12,-0.8464,-0.0118,-0.0018,1.1144,241,9.6137
05525500,ifs,12,-0.6785,0.0612,0.0705,1.0813,241,10.5312
05556500,ifs,12,-0.8374,0.0847,0.1147,1.2299,241,12.1739
05584500,ifs,12,-0.4530,-0.0579,-0.0043,1.0252,241,13.6437
05585000,ifs,12,-0.5379,-0.0474,-0.0086,1.0626,241,12.8334
05591550,ifs,12,-0.4629,-0.0411,0.0094,0.9234,241,10.9728
05592050,ifs,12,-0.7434,0.0035,0.0167,1.1063,241,10.0244
05592575,ifs,12,-0.4919,0.0299,0.0612,0.9338,241,11.8244
05593575,ifs,12,-0.6132,0.1073,0.1142,1.0581,241,10.4122
05593900,ifs,12,-0.7187,0.0239,0.0315,1.0210,241,11.5096
05595730,ifs,12,-0.6774,0.0580,0.0653,1.0432,241,10.1263
06037500,ifs,12,-0.8398,0.0118,0.0163,0.9341,241,5.2755
06043500,ifs,12,-0.6069,0.0519,0.0688,0.9044,241,4.8061
06154410,ifs,12,-0.2756,-0.1336,-0.0010,0.7730,241,5.4920
06188000,ifs,12,-1.2458,0.0136,0.0287,1.0944,241,4.4977
06191500,ifs,12,-1.1478,0.0235,0.0307,1.0598,241,4.4583
06221400,ifs,12,-1.6135,-0.0874,0.0038,1.3490,241,4.7308
06224000,ifs,12,-1.2163,-0.0457,-0.0078,1.2649,241,4.5920
06289000,ifs,12,-1.8113,-0.1542,0.0473,1.5386,241,4.7744
06332515,ifs,12,-1.3316,-0.0893,0.0303,1.4643,241,5.1353
06339100,ifs,12,-2.5271,-0.3605,-0.0130,1.7182,241,4.9108
06339500,ifs,12,-1.6995,-0.1544,-0.0279,1.4531,241,5.0912
06344600,ifs,12,-1.5005,-0.1766,-0.0003,1.5825,241,5.4453
06350000,ifs,12,-2.8911,-0.3536,-0.0345,1.5821,241,5.7047
06352000,ifs,12,-4.8795,-0.7299,-0.0002,1.7656,241,6.0253
06353000,ifs,12,-3.8078,-0.5462,-0.0245,1.7235,241,5.8441
06354000,ifs,12,-2.5763,-0.3194,-0.0241,1.6134,241,5.4885
06360500,ifs,12,-3.3051,-0.4161,-0.0127,1.5983,241,5.2368
06404000,ifs,12,-2.2271,-0.2682,0.0781,1.6790,241,5.9691
06406000,ifs,12,-2.4813,-0.2870,0.0786,1.6390,241,5.6564
06408700,ifs,12,-2.2723,-0.2819,0.0434,1.6825,241,5.2243
06409000,ifs,12,-2.7821,-0.3596,0.0202,1.6778,241,5.5286
06431500,ifs,12,-1.9729,-0.2283,0.0319,1.6384,241,5.5679
06440200,ifs,12,-0.5437,-0.0205,0.0127,1.0646,241,5.2765
06441500,ifs,12,-1.0645,0.0239,0.0456,1.1900,241,4.9973
06447000,ifs,12,-0.9108,-0.0243,0.0039,1.2339,241,4.5841
06447500,ifs,12,-0.8518,-0.0173,0.0093,1.2200,241,5.1945
06450500,ifs,12,-0.7753,0.0615,0.0748,1.1513,241,6.0445
06452000,ifs,12,-1.0797,0.0016,0.0349,1.2462,241,5.1404
06453600,ifs,12,-1.1740,-0.0059,0.0397,1.2743,241,7.9051
06464500,ifs,12,-0.7093,0.0522,0.0655,1.1299,241,8.0597
06477500,ifs,12,-1.1928,-0.0027,0.1296,1.4472,241,7.3741
06479215,ifs,12,-0.1912,0.0439,0.1497,1.1965,241,7.6287
06479438,ifs,12,-0.2024,0.0631,0.1772,1.2867,241,7.1185
06601000,ifs,12,-0.7130,-0.0483,-0.0285,1.0843,241,9.7743
06614800,ifs,12,-0.2983,0.0801,0.1324,1.0074,241,6.1075
06622700,ifs,12,-0.6358,0.0685,0.0769,1.0273,241,4.5497
06623800,ifs,12,-0.6142,0.0670,0.1116,1.2643,241,4.8559
06632400,ifs,12,-0.7774,0.0344,0.0465,1.1340,241,5.1587
06784000,ifs,12,-0.3842,0.0280,0.0854,0.8471,241,6.4413
06803510,ifs,12,-0.7191,0.0905,0.1074,1.1700,241,10.7896
06803530,ifs,12,-0.9358,0.0567,0.0898,1.2407,241,9.8234
06814000,ifs,12,-0.4486,-0.0128,0.0322,0.9730,241,9.1595
06846500,ifs,12,-0.1383,0.2158,0.2794,0.8318,241,4.4350
06847900,ifs,12,-0.1673,0.0394,0.1587,0.7806,241,5.4505
06853800,ifs,12,-0.3919,0.2614,0.2739,1.1277,241,6.3289
06876700,ifs,12,-0.1337,-0.0715,0.1001,0.7547,241,10.5442
06878000,ifs,12,-0.4269,-0.0900,-0.0243,0.9579,241,9.5496
06879650,ifs,12,-0.6990,-0.0529,-0.0310,0.9132,241,12.5180
06885500,ifs,12,-0.3394,-0.1264,-0.0111,0.7599,241,10.2143
06888500,ifs,12,-0.5326,-0.0446,-0.0061,0.9499,241,12.3945
06889200,ifs,12,-0.4388,-0.0759,-0.0049,0.8309,241,10.8421
06889500,ifs,12,-0.5413,-0.0468,-0.0059,0.8977,241,10.8421
06892000,ifs,12,-0.7632,0.0153,0.0215,1.0332,241,12.2749
06903400,ifs,12,-0.5484,-0.0903,-0.0421,0.8908,241,11.7409
06906800,ifs,12,-0.4395,-0.0939,-0.0101,0.7741,241,12.9788
06910800,ifs,12,-0.5331,-0.0065,0.0246,0.9587,241,11.8193
06911900,ifs,12,-0.4777,0.0072,0.0452,0.9299,241,12.2675
06917000,ifs,12,-0.4895,-0.0083,0.0361,0.8684,241,13.3801
06918460,ifs,12,-0.5571,0.0078,0.0366,0.9042,241,12.4504
06919500,ifs,12,-0.5625,0.0543,0.0715,0.9600,241,11.8822
06921070,ifs,12,-0.5180,-0.0300,0.0193,0.8288,241,14.0090
06921200,ifs,12,-0.3616,-0.0419,0.0383,0.8288,241,14.0847
06934000,ifs,12,-0.5626,0.0561,0.0723,1.0075,241,10.8233
07014500,ifs,12,-0.3291,-0.0466,0.0385,0.8595,241,13.3572
07056000,ifs,12,-0.4790,0.1044,0.1225,1.0400,241,11.1413
07057500,ifs,12,-0.7831,0.0712,0.0873,1.1704,241,11.1157
07060710,ifs,12,-0.4902,0.0536,0.0818,1.0822,241,12.2801
07066000,ifs,12,-0.7932,0.0434,0.0703,1.2219,241,11.0832
07067000,ifs,12,-1.0110,0.0286,0.0696,1.2702,241,10.3842
07068000,ifs,12,-1.1086,0.0191,0.0754,1.3038,241,9.9879
07071500,ifs,12,-0.9947,0.0329,0.0718,1.2635,241,10.4470
07083000,ifs,12,-0.8928,-0.0229,0.2074,1.6335,241,3.9660
07142300,ifs,12,-0.7735,-0.0108,0.0864,1.4308,241,6.9863
07145700,ifs,12,-0.3135,-0.0557,0.0284,0.9596,241,13.2869
07148400,ifs,12,-1.1895,-0.0108,0.0826,1.3897,241,6.5752
07149000,ifs,12,-1.2639,-0.0631,0.0713,1.4834,241,6.3270
07151500,ifs,12,-0.4054,-0.0003,0.0539,1.1030,241,9.2953
07167500,ifs,12,-2.1330,-0.1897,0.0065,1.4677,241,13.9744
07180500,ifs,12,-1.6659,-0.1158,-0.0065,1.3935,241,13.1519
07184000,ifs,12,-0.4921,-0.0241,0.0180,1.0755,241,15.9978
07195800,ifs,12,-0.4685,0.0332,0.0671,1.0646,241,13.3060
07196900,ifs,12,-0.8331,0.0414,0.0879,1.2948,241,13.1897
07197000,ifs,12,-0.8349,0.0610,0.0824,1.1995,241,12.6924
07208500,ifs,12,-1.4669,-0.2893,0.1623,1.9271,241,4.0642
07226500,ifs,12,-2.2790,-0.2878,0.0373,1.6711,241,4.4421
07261000,ifs,12,-0.9329,0.0983,0.1520,1.2806,241,12.5173
07263295,ifs,12,-0.4730,0.1473,0.1716,1.1611,241,11.2236
07290650,ifs,12,-0.2773,0.1858,0.2185,1.0836,241,10.8193
07291000,ifs,12,-0.3851,0.2128,0.2359,1.1584,241,11.4112
07292500,ifs,12,-0.2762,0.2379,0.2622,1.1153,241,11.0366
07295000,ifs,12,-0.3092,0.1895,0.2188,1.1111,241,12.6467
07299670,ifs,12,-1.1078,0.0021,0.0339,1.2349,241,6.6085
07301410,ifs,12,-0.2904,-0.1394,-0.0281,1.0522,241,6.3492
07301500,ifs,12,-0.9317,-0.0874,-0.0213,1.3681,241,4.4977
07315200,ifs,12,-0.6418,0.1366,0.1466,0.8756,241,8.6674
07315700,ifs,12,-2.0238,-0.1751,0.1470,1.5779,241,10.3134
07335700,ifs,12,-0.2296,0.1147,0.1743,0.9538,241,12.1305
07340300,ifs,12,-0.6982,0.1471,0.1559,1.1223,241,10.8204
07346045,ifs,12,-0.6893,0.2129,0.2758,1.2724,241,9.3766
07359610,ifs,12,-0.4434,0.1084,0.1302,0.9602,241,12.3849
07362100,ifs,12,-0.8518,0.0537,0.2009,1.4904,241,9.6154
07362587,ifs,12,-0.6530,0.0917,0.1015,1.1024,241,13.2954
07373000,ifs,12,-0.5572,0.1273,0.1570,1.2091,241,11.3385
07375000,ifs,12,-0.1310,0.1174,0.2067,0.9161,241,14.4389
07376000,ifs,12,-0.2205,0.1568,0.2054,1.0017,241,13.1395
08013000,ifs,12,-0.3766,0.0854,0.1216,1.0333,241,11.9247
08014500,ifs,12,-0.5428,0.1078,0.1214,1.0797,241,12.2580
08023080,ifs,12,-0.5447,0.0914,0.1322,1.2400,241,11.5392
08025500,ifs,12,-0.3994,0.0654,0.1023,1.0340,241,13.2055
08029500,ifs,12,-0.2426,0.0352,0.1237,0.8428,241,12.8734
08050800,ifs,12,-0.3916,0.1123,0.1460,0.8839,241,11.2647
08066200,ifs,12,-0.1531,0.0742,0.1840,0.7997,241,15.0674
08066300,ifs,12,-0.1007,-0.0116,0.1432,0.8339,241,18.5650
08070000,ifs,12,-0.5801,0.2718,0.3061,1.1828,241,11.3750
08070200,ifs,12,-0.5410,0.2775,0.2957,1.1359,241,11.4960
08079600,ifs,12,-1.2670,-0.0864,-0.0238,1.3505,241,4.5447
08082700,ifs,12,-0.6080,0.0556,0.0716,1.0932,241,6.7746
08086212,ifs,12,-0.7201,0.0899,0.0927,1.0459,241,8.0840
08086290,ifs,12,-1.2396,0.0273,0.0474,1.1126,241,9.1792
08101000,ifs,12,-0.4147,0.2272,0.2321,1.0255,241,7.2903
08103900,ifs,12,-0.0708,0.1413,0.2576,0.7923,241,9.5866
08104900,ifs,12,-0.1917,0.1385,0.2058,0.8810,241,11.4447
08109700,ifs,12,-0.3622,0.1911,0.2202,1.1627,241,12.3536
08150800,ifs,12,-0.1226,-0.1258,0.0923,0.6424,241,11.2378
08155200,ifs,12,-0.3602,0.1387,0.1657,1.0296,241,9.6367
08158700,ifs,12,-0.3830,0.1280,0.1539,1.0339,241,9.1249
08158810,ifs,12,-0.4328,0.2003,0.2076,1.0343,241,8.8351
08164000,ifs,12,-1.0625,0.1286,0.2394,1.3091,241,10.6225
08164300,ifs,12,-0.6021,0.1317,0.1447,1.1337,241,12.1716
08164600,ifs,12,-0.6097,0.2661,0.3163,1.2169,241,9.4577
08165300,ifs,12,-0.1642,-0.0806,0.0842,0.7362,241,10.2642
08171300,ifs,12,-0.3747,0.1084,0.1394,1.0121,241,9.8528
08175000,ifs,12,-0.3618,0.1857,0.2026,1.0278,241,10.1285
08176900,ifs,12,-0.9022,0.1685,0.2297,1.2381,241,9.4854
08178880,ifs,12,-0.2519,-0.0741,0.0421,0.8331,241,11.8979
08189500,ifs,12,-0.3320,0.2082,0.2264,1.0667,241,8.5118
08190000,ifs,12,-0.0756,-0.2402,0.0577,0.5684,241,14.9319
08190500,ifs,12,-0.0849,-0.2245,0.0539,0.5967,241,14.3265
08194200,ifs,12,0.2403,0.1783,0.5014,0.6251,241,7.5507
08195000,ifs,12,-0.1517,-0.1319,0.0512,0.7437,241,13.9441
08196000,ifs,12,-0.1475,-0.1652,0.0363,0.7041,241,15.9369
08198500,ifs,12,-0.2274,-0.1050,0.0384,0.7584,241,13.8705
08200000,ifs,12,-0.1742,-0.0569,0.0891,0.7790,241,13.0520
08202700,ifs,12,-0.1514,-0.0994,0.0828,0.7018,241,13.8519
08267500,ifs,12,-0.7279,0.0011,0.1222,1.4756,241,4.9794
08269000,ifs,12,-1.3536,-0.2337,0.1249,1.8347,241,4.3079
08271000,ifs,12,-0.6603,0.0348,0.1232,1.3975,241,5.0827
08324000,ifs,12,-1.3133,-0.2618,0.1881,1.9223,241,3.5075
08377900,ifs,12,-0.8597,-0.0808,0.1670,1.6854,241,5.0963
08378500,ifs,12,-0.7653,-0.0414,0.1911,1.6545,241,4.3552
08380500,ifs,12,-1.4438,-0.1739,0.1616,1.7524,241,4.7710
09034900,ifs,12,-0.4393,0.0991,0.1224,1.0035,241,4.7316
09035900,ifs,12,-0.9610,0.0648,0.1010,1.2456,241,4.0812
09047700,ifs,12,-1.0036,0.0004,0.1087,1.4433,241,3.9150
09065500,ifs,12,-0.6967,0.1276,0.1669,1.2590,241,3.8748
09066000,ifs,12,-0.7227,0.0954,0.1766,1.3738,241,3.3271
09066200,ifs,12,-0.7968,0.1258,0.1685,1.2612,241,4.2216
09066300,ifs,12,-0.7464,0.1311,0.1673,1.2451,241,4.0503
09081600,ifs,12,-0.1143,0.2061,0.2821,1.1864,241,4.5821
09107000,ifs,12,-0.6959,-0.0017,0.2740,1.6825,241,3.2010
09210500,ifs,12,-0.9245,0.0076,0.0085,1.0300,241,3.2226
09223000,ifs,12,-0.9568,0.0120,0.0121,0.9858,241,3.9859
09306242,ifs,12,-1.7209,-0.4446,-0.0015,2.0065,241,4.6468
09312600,ifs,12,-0.6906,0.0268,0.0518,1.1846,241,4.0210
09352900,ifs,12,-0.4972,0.0471,0.2438,1.5780,241,5.3876
09378170,ifs,12,-0.5695,0.1786,0.1839,1.0841,241,4.3587
09378630,ifs,12,-0.5080,0.1746,0.1804,1.0491,241,4.4960
09386900,ifs,12,-0.7819,-0.0435,0.2333,1.6987,241,3.0286
09404450,ifs,12,-0.5876,0.2099,0.2319,1.1828,241,3.6886
09430500,ifs,12,-0.7162,0.1518,0.3155,1.4649,241,2.9972
09430600,ifs,12,-0.7089,0.1514,0.2221,1.3299,241,3.9084
09447800,ifs,12,-2.1523,-0.1503,0.1306,1.4680,241,2.9169
09480000,ifs,12,-0.4622,0.2532,0.2743,1.1761,241,4.2495
09484000,ifs,12,-0.5265,0.2223,0.4412,1.4662,241,4.1115
09484600,ifs,12,-0.3992,0.3242,0.3277,1.0558,241,3.5303
09492400,ifs,12,-0.4012,0.2087,0.2427,1.2131,241,5.5998
09494000,ifs,12,-0.8156,0.1263,0.2663,1.4361,241,4.5548
09497800,ifs,12,-0.7067,0.2422,0.2879,1.1925,241,3.9357
09497980,ifs,12,-0.3779,0.3449,0.3777,1.1807,241,4.1631
09505200,ifs,12,-0.4658,0.3288,0.4706,1.2904,241,3.7333
09505350,ifs,12,-0.1814,0.4555,0.4690,1.0639,241,3.4825
09505800,ifs,12,-0.3418,0.3817,0.4802,1.2417,241,3.7915
09508300,ifs,12,-0.6432,0.3366,0.4661,1.0071,241,3.9019
09510200,ifs,12,-1.0636,0.1934,0.4069,1.1850,241,4.4287
09512280,ifs,12,-1.4331,-0.1048,0.3506,1.6722,241,4.3148
09513780,ifs,12,-1.8133,-0.1888,0.3224,1.6841,241,4.3293
10023000,ifs,12,-0.3036,-0.0326,0.0733,0.7476,241,4.0869
10166430,ifs,12,-0.2752,0.0631,0.1414,0.8058,241,4.0281
10172700,ifs,12,-0.6237,0.1394,0.1476,1.1077,241,3.4697
10172800,ifs,12,-0.4426,0.1163,0.1411,0.8963,241,4.3785
10173450,ifs,12,-0.3595,0.2536,0.2685,1.1271,241,4.1662
10205030,ifs,12,-0.3173,0.1673,0.1948,1.0337,241,3.4789
10234500,ifs,12,-0.1749,0.1641,0.2351,0.8290,241,3.7542
10242000,ifs,12,-0.1440,0.2457,0.2990,0.8320,241,4.0280
10244950,ifs,12,-0.1171,0.1666,0.2547,0.8153,241,3.0093
10249300,ifs,12,-0.5718,0.1973,0.1977,0.9834,241,2.8262
10258000,ifs,12,0.3657,0.4708,0.6405,1.3555,241,2.8316
10258500,ifs,12,-1.1182,-0.7657,0.5366,2.5545,241,2.6411
10259000,ifs,12,0.1751,0.3050,0.5926,1.5631,241,2.4967
10259200,ifs,12,-2.3655,-1.0539,0.4090,2.7059,241,3.6695
10263500,ifs,12,0.2527,0.2109,0.5130,0.5464,241,5.0580
10310500,ifs,12,-3.6943,-0.3717,0.0338,1.1875,241,7.8504
10316500,ifs,12,-0.0791,-0.1368,0.1623,0.4888,241,3.8479
10329500,ifs,12,-0.3780,0.0875,0.1404,0.8002,241,3.8305
10336645,ifs,12,-0.9571,0.0946,0.0991,1.0361,241,11.4550
10336660,ifs,12,-0.7558,0.1185,0.1200,0.9489,241,11.8139
10343500,ifs,12,-1.7260,-0.0204,0.0515,1.0865,241,8.8892
10348850,ifs,12,-0.4642,-0.0213,0.0758,0.6404,241,10.9905
10396000,ifs,12,-0.3906,0.0512,0.1099,0.7988,241,3.9502
11098000,ifs,12,0.2875,0.1629,0.5450,0.5084,241,6.8802
11124500,ifs,12,0.0757,0.0312,0.3205,0.5552,241,6.6468
11141280,ifs,12,0.0049,0.0414,0.2779,0.5741,241,6.2717
11143000,ifs,12,-0.2989,-0.1084,0.0861,0.4952,241,11.5043
11148900,ifs,12,-0.5936,0.1340,0.1463,0.8723,241,6.8769
11151300,ifs,12,-0.5623,0.0988,0.1273,0.8057,241,4.6610
11162500,ifs,12,-0.4704,0.0817,0.1258,0.7833,241,7.6721
11176400,ifs,12,-0.6026,0.2050,0.2088,0.9232,241,4.2740
11180500,ifs,12,-0.5587,0.1032,0.1165,0.9135,241,4.7475
11180960,ifs,12,-0.2879,0.0619,0.1400,0.7857,241,5.1809
11224500,ifs,12,-0.2166,0.1686,0.2272,0.8314,241,3.5817
11253310,ifs,12,-0.4881,0.2260,0.2394,1.1418,241,3.2288
11264500,ifs,12,-1.4544,0.0488,0.1337,1.1861,241,7.4184
11266500,ifs,12,-1.1464,0.1046,0.1406,1.1216,241,7.4747
11274500,ifs,12,-0.6037,0.2395,0.2419,0.9776,241,4.0832
11274630,ifs,12,-0.5586,0.2277,0.2284,1.0292,241,3.6605
11284400,ifs,12,-0.4732,0.2335,0.2344,0.9976,241,6.1385
11299600,ifs,12,-0.1305,0.2684,0.3108,0.8784,241,5.2537
11381500,ifs,12,-0.4360,0.0327,0.0832,0.8233,241,10.8172
11383500,ifs,12,-0.4881,0.0396,0.0809,0.8252,241,11.1811
11451100,ifs,12,-2.3853,-0.1330,0.0652,1.1936,241,9.5131
11468500,ifs,12,-0.8322,0.1195,0.1279,1.1116,241,9.0218
11473900,ifs,12,-0.7500,0.0956,0.0979,0.9443,241,9.0673
11475560,ifs,12,-0.3209,-0.0542,0.0732,0.6510,241,14.9728
11476600,ifs,12,-1.6905,-0.0648,0.0707,1.3657,241,12.0293
11478500,ifs,12,-0.8378,0.1010,0.1030,1.0543,241,9.9734
11480390,ifs,12,-0.6588,0.0899,0.0959,0.9410,241,8.9206
11481200,ifs,12,-0.6211,0.1474,0.1788,1.2287,241,10.0984
11482500,ifs,12,-0.3982,0.1764,0.1922,1.0618,241,10.5075
11522500,ifs,12,-0.7740,0.0987,0.1443,1.2814,241,7.9369
11523200,ifs,12,-1.1655,0.0572,0.0724,0.9318,241,9.6593
11528700,ifs,12,-0.7255,0.0976,0.1004,0.9433,241,7.9326
11532500,ifs,12,-0.4974,0.1347,0.1521,1.1168,241,13.5035
12010000,ifs,12,-0.4368,0.0897,0.1320,0.8121,241,13.6443
12013500,ifs,12,-0.7555,0.0893,0.0912,0.9524,241,11.8277
12020000,ifs,12,-0.8370,0.0325,0.0364,0.9279,241,10.1306
12025000,ifs,12,-0.6765,0.0313,0.0420,0.9511,241,9.3182
12025700,ifs,12,-0.9301,0.0278,0.0334,1.1041,241,9.0049
12035000,ifs,12,-0.4412,0.1120,0.1578,0.7735,241,13.2559
12040500,ifs,12,-0.6568,0.1613,0.1650,0.9224,241,16.3639
12041200,ifs,12,-0.5900,0.1655,0.1747,0.8833,241,17.6152
12043000,ifs,12,-0.6986,0.1685,0.1713,0.9351,241,14.3356
12048000,ifs,12,-2.6694,-0.3537,0.0815,1.7194,241,10.0123
12054000,ifs,12,-1.1944,0.0631,0.1075,1.2008,241,13.2081
12056500,ifs,12,-0.8207,0.1905,0.2052,1.0753,241,15.9684
12073500,ifs,12,-0.9489,0.0661,0.0738,1.1091,241,7.9221
12082500,ifs,12,-0.6956,0.0897,0.0932,1.0412,241,12.4434
12092000,ifs,12,-0.5308,0.0748,0.0916,0.9765,241,11.9317
12095000,ifs,12,-0.7878,0.0860,0.1041,1.1812,241,9.8556
12114500,ifs,12,-0.1982,0.0189,0.1510,0.7089,241,12.6042
12115000,ifs,12,-0.2025,0.0219,0.1498,0.7169,241,12.5620
12115500,ifs,12,-0.2590,0.0626,0.1479,0.7908,241,12.8962
12117000,ifs,12,-0.2825,0.0669,0.1437,0.8015,241,12.8797
12141300,ifs,12,-0.2452,0.0293,0.1318,0.7680,241,14.8677
12143600,ifs,12,-0.2544,0.0469,0.1335,0.8150,241,14.0177
12144000,ifs,12,-0.2788,0.0645,0.1354,0.8489,241,13.2516
12145500,ifs,12,-0.3353,0.0519,0.1253,0.7792,241,10.6841
12147600,ifs,12,-0.2022,0.0349,0.1554,0.7360,241,17.8987
12167000,ifs,12,-0.4277,0.1280,0.1476,1.0276,241,13.3908
12175500,ifs,12,-1.0315,0.0649,0.1025,1.2345,241,11.2242
12186000,ifs,12,-0.6249,0.0700,0.0787,1.0068,241,14.8069
12189500,ifs,12,-0.7484,0.0777,0.0878,1.1285,241,12.9310
12358500,ifs,12,-0.3869,-0.1611,-0.0057,0.5984,241,8.1238
12377150,ifs,12,-0.1308,-0.0520,0.2165,0.4813,241,6.9388
12381400,ifs,12,-0.1631,-0.0221,0.1890,0.5549,241,6.4643
12390700,ifs,12,-0.8511,0.0116,0.0189,0.8961,241,6.2528
12411000,ifs,12,-0.6195,-0.0039,0.0323,0.8073,241,6.7674
12414500,ifs,12,-0.4982,0.0033,0.0558,0.7932,241,6.8709
12447390,ifs,12,-2.2075,-0.3908,-0.0058,1.8505,241,4.9499
12451000,ifs,12,-1.8564,-0.1620,0.1045,1.5905,241,9.4195
12488500,ifs,12,-0.5355,0.0620,0.0806,1.0299,241,9.9832
13011500,ifs,12,-1.1236,0.0422,0.0507,1.0614,241,5.3054
13011900,ifs,12,-1.2383,0.0416,0.0698,1.1412,241,5.2436
13018300,ifs,12,-1.0332,0.0057,0.0064,1.0280,241,5.2526
13023000,ifs,12,-1.6407,-0.0420,0.0190,1.1884,241,4.9227
13161500,ifs,12,-1.1746,-0.0813,-0.0418,1.2873,241,3.1285
13235000,ifs,12,-0.9054,-0.0049,-0.0016,0.9363,241,6.0285
13240000,ifs,12,-0.5254,-0.0114,0.0372,0.8071,241,7.0352
13310700,ifs,12,-0.6750,0.0280,0.0397,0.9410,241,5.6398
13313000,ifs,12,-0.3697,-0.0349,0.0621,0.7242,241,6.1044
13331500,ifs,12,-0.6758,0.0307,0.0407,1.0269,241,6.4788
13337000,ifs,12,-0.4390,0.1148,0.1518,0.8162,241,7.1393
13338500,ifs,12,-0.8941,-0.0099,-0.0079,1.0153,241,6.2690
13340000,ifs,12,-0.6908,0.0781,0.0850,0.9206,241,6.5353
13340600,ifs,12,-0.3079,0.0643,0.1455,0.7547,241,7.6662
14020000,ifs,12,-0.6677,0.0591,0.0697,1.0867,241,6.2477
14092750,ifs,12,-1.6345,-0.0948,0.0300,1.4118,241,9.2277
14096850,ifs,12,-1.2943,-0.0941,0.0145,1.4533,241,5.3625
14137000,ifs,12,-0.6683,0.0082,0.0220,1.0373,241,11.0823
14138800,ifs,12,-0.5364,-0.0245,0.0155,0.8746,241,14.4794
14138870,ifs,12,-0.6176,-0.0212,0.0033,0.9321,241,15.3849
14138900,ifs,12,-0.4394,-0.0676,0.0077,0.7931,241,17.2185
14139800,ifs,12,-0.6456,-0.0130,0.0087,0.9111,241,15.0841
14141500,ifs,12,-0.8469,0.0061,0.0107,1.0647,241,13.6674
14154500,ifs,12,-0.9378,0.1128,0.1304,1.1406,241,7.7974
14158500,ifs,12,-1.1286,0.0560,0.0903,1.2010,241,10.3763
14158790,ifs,12,-0.6953,0.0618,0.0680,0.9506,241,11.8389
14166500,ifs,12,-0.8791,0.0910,0.1403,1.2833,241,8.7918
14182500,ifs,12,-0.8519,0.0823,0.0887,1.1073,241,11.0507
14185000,ifs,12,-1.0822,0.0579,0.0800,1.1631,241,10.3755
14185900,ifs,12,-0.7785,0.0733,0.0742,1.0054,241,11.5238
14187000,ifs,12,-0.8636,0.0931,0.0972,1.0800,241,10.2242
14216500,ifs,12,-0.9941,0.0933,0.1120,1.1441,241,13.1478
14222500,ifs,12,-0.3477,-0.0387,0.0495,0.7936,241,17.3111
14236200,ifs,12,-0.5618,0.0785,0.0927,0.9493,241,10.7434
14301000,ifs,12,-0.6088,0.0624,0.0734,0.9959,241,11.3405
14303200,ifs,12,-0.4048,0.0100,0.0725,0.8133,241,13.7791
14305500,ifs,12,-0.2789,0.0334,0.1231,0.7795,241,15.5721
14306340,ifs,12,-0.9765,0.0776,0.0948,1.1553,241,9.9707
14306500,ifs,12,-0.8456,0.0953,0.1050,1.1289,241,10.3924
14308990,ifs,12,-0.7373,0.0965,0.1090,1.1474,241,5.9247
14309500,ifs,12,-0.7303,0.1910,0.1980,1.0751,241,8.8552
14316700,ifs,12,-1.2311,0.0619,0.1035,1.1731,241,7.9349
14325000,ifs,12,-0.8402,0.1588,0.1769,1.1347,241,11.3930
14362250,ifs,12,-1.1664,0.0294,0.1013,1.3183,241,6.1252
14400000,ifs,12,-0.8842,0.0718,0.0871,1.1655,241,15.5190
01013500,ifs,13,-1.6110,-0.0657,-0.0157,1.2038,241,8.9020
01022500,ifs,13,-0.9433,0.1336,0.1863,1.2445,241,8.7884
01030500,ifs,13,-1.0993,0.0307,0.0349,1.0344,241,7.8452
01031500,ifs,13,-1.5147,-0.0210,0.0374,1.2133,241,9.0174
01047000,ifs,13,-1.2515,0.0149,0.0492,1.1973,241,9.1777
01052500,ifs,13,-0.9317,0.0339,0.0425,1.1287,241,7.7332
01054200,ifs,13,-0.7751,0.0371,0.0407,0.9699,241,9.6220
01055000,ifs,13,-1.0667,0.0307,0.0333,1.0212,241,8.2430
01057000,ifs,13,-0.9199,0.0681,0.0687,0.9869,241,8.3695
01073000,ifs,13,-1.3728,-0.0089,0.0120,1.0913,241,9.3118
01078000,ifs,13,-0.8667,0.0050,0.0070,0.9892,241,8.5709
01118300,ifs,13,-0.2114,0.0351,0.1573,0.7078,241,12.6690
01121000,ifs,13,-0.2318,0.1727,0.2415,0.7639,241,9.1334
01123000,ifs,13,-0.1883,0.1075,0.2233,0.6872,241,9.4315
01134500,ifs,13,-0.9434,0.0259,0.0259,1.0053,241,9.0492
01137500,ifs,13,-0.6825,0.0337,0.0429,1.0273,241,8.4462
01139000,ifs,13,-0.9068,0.0374,0.0420,1.0938,241,8.5350
01139800,ifs,13,-0.5812,0.0426,0.0660,0.8776,241,8.6852
01142500,ifs,13,-1.0958,0.0488,0.0652,1.1355,241,8.3302
01144000,ifs,13,-0.7078,0.0684,0.0738,0.9420,241,8.1062
01169000,ifs,13,-0.7281,0.1117,0.1124,1.0258,241,9.1041
01170100,ifs,13,-0.7596,0.1167,0.1191,1.0642,241,8.9551
01181000,ifs,13,-0.6696,0.1514,0.1526,0.9587,241,9.7449
01187300,ifs,13,-0.9603,0.1529,0.1838,1.1395,241,9.2353
01195100,ifs,13,-0.3381,-0.0211,0.0811,0.7158,241,11.0864
01333000,ifs,13,-0.7130,0.0593,0.0658,1.0663,241,9.1342
01350000,ifs,13,-0.3996,-0.0377,0.0295,0.8599,241,11.9154
01350080,ifs,13,-0.6168,-0.0057,0.0165,0.9314,241,10.0043
01350140,ifs,13,-0.8585,-0.0027,0.0013,0.9466,241,10.1598
01365000,ifs,13,-0.6211,0.0431,0.0561,0.9690,241,10.6754
01411300,ifs,13,-0.1636,0.0188,0.1402,0.8166,241,11.6002
01413500,ifs,13,-0.3942,-0.0501,0.0336,0.7760,241,11.2403
01414500,ifs,13,-0.3421,-0.0419,0.0411,0.8421,241,11.7404
01415000,ifs,13,-0.4717,0.0504,0.0913,0.8340,241,9.5083
01423000,ifs,13,-0.5046,0.0478,0.0849,0.8343,241,9.5095
01434025,ifs,13,-0.3699,-0.0382,0.0437,0.8004,241,12.5091
01435000,ifs,13,-0.4156,-0.0138,0.0464,0.8500,241,11.9735
01439500,ifs,13,-0.9249,0.0861,0.0879,0.9828,241,10.5439
01440000,ifs,13,-0.6531,0.0394,0.0546,0.8983,241,10.3422
01440400,ifs,13,-0.6832,0.0841,0.0996,0.8480,241,10.8956
01451800,ifs,13,-0.9872,0.0988,0.1071,1.0609,241,9.6071
01466500,ifs,13,-0.6249,0.1540,0.1552,1.0217,241,9.1342
01484100,ifs,13,-0.3170,0.2047,0.2262,1.0751,241,8.9144
01485500,ifs,13,-0.1804,0.0911,0.1747,0.8997,241,10.1772
01486000,ifs,13,-0.2048,0.0844,0.1591,0.9752,241,10.5630
01487000,ifs,13,-0.2865,0.1382,0.1781,1.0274,241,9.3493
01491000,ifs,13,-0.5767,0.2150,0.2312,1.1569,241,7.7516
01510000,ifs,13,-0.9683,0.0168,0.0174,0.9649,241,10.1927
01516500,ifs,13,-0.7653,0.1101,0.1201,0.8668,241,7.5583
01518862,ifs,13,-0.5929,0.0523,0.0812,0.8232,241,7.7255
01532000,ifs,13,-0.5645,0.0680,0.0886,0.8838,241,8.6999
01539000,ifs,13,-0.8976,0.0970,0.0985,0.9902,241,9.9630
01542810,ifs,13,-0.5179,0.1115,0.1309,0.8800,241,8.0621
01543000,ifs,13,-0.5603,0.1278,0.1395,0.8998,241,7.9092
01543500,ifs,13,-0.4707,0.0869,0.1184,0.8570,241,8.2704
01544500,ifs,13,-0.4644,0.1214,0.1475,0.8599,241,7.5658
01545600,ifs,13,-0.4525,0.1146,0.1399,0.8842,241,7.7547
01547700,ifs,13,-0.1378,0.0181,0.1507,0.8090,241,11.4170
01548500,ifs,13,-0.5507,0.1124,0.1328,0.8522,241,7.3044
01549500,ifs,13,-0.4659,0.1345,0.1521,0.9121,241,7.9301
01550000,ifs,13,-0.4063,0.1088,0.1378,0.9197,241,8.6613
01552000,ifs,13,-0.3736,0.0603,0.1129,0.8462,241,9.7704
01552500,ifs,13,-0.6532,0.1252,0.1293,0.9338,241,8.9909
01557500,ifs,13,-0.1388,0.0539,0.1890,0.7385,241,10.0474
01567500,ifs,13,-0.5329,0.0838,0.1008,0.9338,241,9.6221
01568000,ifs,13,-0.7485,0.1439,0.1443,1.0131,241,9.0958
01580000,ifs,13,-0.9324,0.1405,0.1617,1.1290,241,8.6258
01583500,ifs,13,-0.6586,0.2141,0.2180,1.0520,241,7.9363
01586610,ifs,13,-1.0103,0.1044,0.1171,1.0778,241,8.8419
01591400,ifs,13,-0.4387,0.1106,0.1453,0.8326,241,9.7207
01596500,ifs,13,-0.4744,0.0879,0.1096,1.0436,241,8.8625
01605500,ifs,13,-0.3348,0.2041,0.2206,1.0140,241,7.6894
01606500,ifs,13,-0.3844,0.2549,0.2612,1.0701,241,7.2949
01613050,ifs,13,-0.5748,0.0798,0.0935,0.9325,241,8.2773
01620500,ifs,13,-0.4609,0.2212,0.2517,1.2138,241,6.8132
01632000,ifs,13,-0.3292,0.1404,0.1904,0.8058,241,8.2052
01632900,ifs,13,-0.2810,0.0815,0.1630,0.7614,241,7.7738
01634500,ifs,13,-0.5041,0.1339,0.1506,0.8866,241,8.5075
01638480,ifs,13,-0.5324,0.1183,0.1313,0.9200,241,8.4915
01639500,ifs,13,-0.8979,0.1349,0.1446,1.0779,241,8.4459
01644000,ifs,13,-0.6398,0.1592,0.1631,0.9229,241,8.2556
01658500,ifs,13,-0.6839,0.1089,0.1156,0.9034,241,9.3906
01664000,ifs,13,-0.4360,0.1830,0.2021,0.8636,241,8.2286
01666500,ifs,13,-0.5536,0.2037,0.2045,0.9744,241,8.5280
01667500,ifs,13,-0.5458,0.1915,0.1939,0.9549,241,8.1294
01669000,ifs,13,-0.6074,0.0699,0.0890,1.1369,241,10.2573
01669520,ifs,13,-0.6453,0.0315,0.0516,1.1329,241,10.3173
02011400,ifs,13,-0.5102,0.1957,0.2004,1.0649,241,7.3441
02011460,ifs,13,-0.4046,0.2096,0.2227,1.0978,241,7.5216
02013000,ifs,13,-0.6219,0.1037,0.1101,1.0509,241,7.9811
02014000,ifs,13,-0.8387,0.0997,0.1080,1.1189,241,7.6031
02015700,ifs,13,-0.4641,0.1773,0.2103,1.2153,241,7.4276
02016000,ifs,13,-0.7551,0.1473,0.1696,1.1873,241,7.1623
02017500,ifs,13,-1.1168,0.0651,0.1150,1.2485,241,7.2228
02018000,ifs,13,-1.3033,0.0362,0.1178,1.2922,241,7.2001
02027000,ifs,13,-1.0038,0.0963,0.1614,1.2917,241,7.3789
02027500,ifs,13,-0.8431,0.1244,0.1557,1.2167,241,7.4042
02028500,ifs,13,-0.8355,0.1459,0.1565,1.1062,241,7.5831
02038850,ifs,13,-1.0750,0.0476,0.0540,1.0597,241,8.5007
02046000,ifs,13,-0.8790,0.0017,0.0041,1.0372,241,9.3904
02051000,ifs,13,-0.9394,0.0055,0.0122,1.1134,241,10.1996
02051500,ifs,13,-0.9457,0.0139,0.0270,1.1600,241,9.3185
02053200,ifs,13,-1.5460,-0.0495,0.0589,1.3584,241,11.5798
02053800,ifs,13,-1.7405,-0.0456,0.0207,1.1414,241,8.8428
02055100,ifs,13,-1.5771,-0.1346,0.0947,1.5990,241,7.6687
02056900,ifs,13,-1.8041,-0.0691,0.0209,1.2342,241,9.9503
02059500,ifs,13,-1.4069,0.0072,0.0722,1.2454,241,7.2078
02064000,ifs,13,-1.5191,-0.0582,0.0285,1.3340,241,8.4748
02065500,ifs,13,-2.1298,-0.1371,0.0412,1.3613,241,9.3174
02069700,ifs,13,-1.5117,-0.0511,-0.0263,1.1021,241,11.1589
02070000,ifs,13,-1.4614,-0.0346,-0.0127,1.0813,241,10.9158
02074500,ifs,13,-0.9008,-0.0514,-0.0008,1.3169,241,10.2337
02077200,ifs,13,-1.5341,-0.0580,0.0366,1.3468,241,8.7867
02081500,ifs,13,-1.2105,-0.0294,0.0244,1.3063,241,9.4152
02082950,ifs,13,-1.4338,-0.1162,0.0940,1.5931,241,8.4935
02092500,ifs,13,-1.4115,-0.0179,0.1204,1.4146,241,9.7081
02096846,ifs,13,-0.6277,-0.0398,0.0052,1.2220,241,11.4554
02102908,ifs,13,-0.5583,0.1000,0.1244,1.1694,241,10.4447
02108000,ifs,13,-1.3721,0.0334,0.1537,1.3350,241,9.9519
02111180,ifs,13,-0.7985,0.0831,0.0886,1.0992,241,9.9700
02111500,ifs,13,-1.1258,0.0357,0.0429,1.0548,241,10.6771
02118500,ifs,13,-0.9195,0.0694,0.0741,1.0870,241,8.6467
02128000,ifs,13,-0.9488,0.0576,0.1300,1.3476,241,9.1785
02137727,ifs,13,-0.5815,0.0970,0.1183,1.1587,241,10.5281
02140991,ifs,13,-0.8058,0.1161,0.1286,1.1443,241,9.6079
02143000,ifs,13,-0.5147,0.0662,0.0860,0.9960,241,8.6910
02143040,ifs,13,-0.6253,0.0880,0.0946,1.0076,241,8.9315
02149000,ifs,13,-0.2585,0.1076,0.1643,0.9186,241,11.0817
02152100,ifs,13,-0.7658,0.1052,0.1080,1.0700,241,8.8682
02177000,ifs,13,-1.1187,0.0271,0.0513,1.1870,241,13.0545
02178400,ifs,13,-1.6126,-0.0209,0.0545,1.2126,241,12.2914
02193340,ifs,13,-0.6334,0.1164,0.1883,1.3491,241,9.2789
02196000,ifs,13,-0.6142,0.0767,0.0936,1.1290,241,10.1969
02198100,ifs,13,-0.2840,0.1073,0.1656,0.8495,241,11.8047
02202600,ifs,13,-0.8091,0.1093,0.1521,1.2669,241,8.0323
02212600,ifs,13,-0.5515,0.0673,0.0853,1.0710,241,10.5987
02215100,ifs,13,-0.5572,0.0699,0.0874,0.9216,241,10.5312
02216180,ifs,13,-0.7348,0.0417,0.0475,0.9531,241,13.0828
02221525,ifs,13,-0.6340,0.1137,0.1246,1.1188,241,9.7152
02231000,ifs,13,-1.1536,0.0777,0.0940,1.0146,241,9.8220
02231342,ifs,13,-0.5951,-0.0467,-0.0072,0.8472,241,8.5639
02235200,ifs,13,-0.8040,0.0969,0.1080,0.8591,241,9.1892
02245500,ifs,13,-1.2507,0.0147,0.0283,1.0731,241,9.8528
02246000,ifs,13,-1.7889,-0.0283,0.0491,1.0582,241,9.8553
02296500,ifs,13,-0.7458,0.0070,0.0400,0.7701,241,8.0390
02297155,ifs,13,-0.4292,-0.1049,-0.0073,0.7307,241,10.4528
02297310,ifs,13,-0.4903,-0.0829,0.0032,0.7173,241,9.7063
02298123,ifs,13,-0.4585,-0.0063,0.0546,0.7925,241,8.6647
02298608,ifs,13,-0.4834,-0.1132,-0.0204,0.7150,241,10.4223
02299950,ifs,13,-0.5969,-0.0726,-0.0262,0.8246,241,9.9788
02300700,ifs,13,-0.5158,-0.0484,0.0009,0.8561,241,11.5130
02310947,ifs,13,-0.3994,0.0070,0.0698,0.8252,241,9.1021
02312200,ifs,13,-0.3096,-0.0352,0.0607,0.7997,241,10.6464
02314500,ifs,13,-1.0096,0.1189,0.1323,1.0472,241,10.9439
02315500,ifs,13,-1.1631,0.0968,0.1216,1.0371,241,10.3701
02324400,ifs,13,-0.6917,0.0615,0.0687,0.9365,241,13.5004
02327100,ifs,13,-1.2067,-0.0032,0.0021,1.0207,241,13.1957
02349900,ifs,13,-0.3597,0.0382,0.1020,0.8213,241,10.9958
02350900,ifs,13,-0.3058,0.1161,0.1660,0.8663,241,8.5285
02361000,ifs,13,-0.4556,0.0452,0.0804,0.9123,241,8.5946
02363000,ifs,13,-0.2643,0.1275,0.1777,0.9173,241,8.8425
02369800,ifs,13,-0.0064,0.0249,0.2389,0.7135,241,12.9337
02371500,ifs,13,-0.1930,0.0637,0.1540,0.8804,241,10.2361
02372250,ifs,13,-0.2109,0.1096,0.1830,0.8627,241,10.0085
02374500,ifs,13,-0.2870,0.1734,0.2061,0.9338,241,11.3230
02381600,ifs,13,-0.5925,0.0975,0.1053,1.0108,241,12.7957
02384540,ifs,13,-1.0666,0.0520,0.0625,1.1027,241,12.5620
02395120,ifs,13,-0.8805,0.1226,0.1739,1.2694,241,10.2512
02408540,ifs,13,-0.6231,0.0480,0.0597,1.0092,241,12.1472
02415000,ifs,13,-0.5783,0.0127,0.0369,0.9205,241,13.0270
02422500,ifs,13,-0.7445,0.1010,0.1119,1.1385,241,11.5158
02427250,ifs,13,-0.6738,0.1549,0.1755,1.1850,241,9.8814
02430085,ifs,13,-0.8762,0.0678,0.0882,1.1926,241,11.7774
02450250,ifs,13,-0.4801,0.0267,0.0623,0.9057,241,11.8611
02464000,ifs,13,-0.4363,0.1685,0.1847,1.0981,241,13.4204
02465493,ifs,13,-0.8784,0.0985,0.1114,1.1423,241,11.6601
02469800,ifs,13,-0.6884,0.1678,0.1692,1.0446,241,11.7792
02472000,ifs,13,-0.3141,0.0106,0.0996,0.7698,241,11.9701
02472500,ifs,13,-0.2257,-0.0112,0.1204,0.7095,241,12.5814
02479155,ifs,13,-0.0528,0.0688,0.2324,0.7368,241,13.5051
02479300,ifs,13,-0.0764,-0.1750,0.1038,0.5906,241,18.1165
02481000,ifs,13,-0.0801,-0.2410,0.0704,0.5442,241,21.7817
02481510,ifs,13,-0.0999,-0.1688,0.1086,0.5536,241,18.0705
03010655,ifs,13,-0.5051,0.0320,0.0698,0.8479,241,8.0544
03011800,ifs,13,-0.4802,-0.0079,0.0382,0.8686,241,9.3345
03015500,ifs,13,-0.7666,-0.0125,-0.0040,0.9765,241,8.5480
03021350,ifs,13,-0.7011,-0.0522,-0.0332,0.9636,241,9.6822
03026500,ifs,13,-0.5092,-0.0025,0.0403,0.8523,241,8.8880
03028000,ifs,13,-0.5858,-0.0085,0.0184,0.9201,241,9.3720
03049800,ifs,13,-0.3311,0.0388,0.1048,0.8471,241,10.1469
03050000,ifs,13,-0.2490,0.1908,0.2245,0.9651,241,10.5214
03066000,ifs,13,-0.3510,0.1696,0.1932,1.0665,241,9.7636
03069500,ifs,13,-0.4186,0.2145,0.2282,1.1162,241,9.2730
03070500,ifs,13,-0.7676,0.1096,0.1129,1.0767,241,10.1238
03076600,ifs,13,-0.3884,0.0105,0.0677,0.8775,241,10.5506
03078000,ifs,13,-0.3831,0.0172,0.0683,0.9522,241,10.3964
03140000,ifs,13,-0.5086,0.0756,0.0959,0.9462,241,8.7262
03144000,ifs,13,-0.4334,-0.0232,0.0420,0.8092,241,10.5082
03159540,ifs,13,-0.3863,0.0788,0.1185,0.9048,241,10.9878
03161000,ifs,13,-0.9024,0.0700,0.0875,1.1755,241,9.3586
03164000,ifs,13,-1.1795,0.0371,0.0492,1.0684,241,8.7730
03165000,ifs,13,-1.2159,0.0174,0.0266,1.0368,241,10.8380
03170000,ifs,13,-1.7447,-0.0428,0.0189,1.0994,241,9.2306
03173000,ifs,13,-1.2711,0.0227,0.0442,1.1115,241,7.4715
03180500,ifs,13,-0.3425,0.2495,0.2682,1.1386,241,8.1027
03182500,ifs,13,-0.3711,0.2546,0.2660,1.1084,241,7.2848
03186500,ifs,13,-0.4189,0.2145,0.2232,1.0692,241,8.8355
03187500,ifs,13,-0.4604,0.2144,0.2240,1.1045,241,8.8589
03213700,ifs,13,-0.6175,0.1020,0.1193,1.1509,241,8.9372
03237280,ifs,13,-0.5829,0.1747,0.1979,1.1934,241,9.7227
03237500,ifs,13,-0.9033,0.0566,0.0657,1.1297,241,11.0906
03241500,ifs,13,-0.2723,-0.0360,0.0682,0.8114,241,11.2199
03280700,ifs,13,-0.6762,0.0550,0.0777,1.1797,241,9.3307
03281100,ifs,13,-0.8565,0.0651,0.1106,1.2864,241,9.4045
03281500,ifs,13,-0.8713,0.0540,0.1051,1.3052,241,9.1391
03285000,ifs,13,-0.6416,0.0483,0.0655,1.1224,241,11.5855
03291780,ifs,13,-0.5630,-0.0050,0.0220,0.9584,241,12.9082
03300400,ifs,13,-0.6257,0.0529,0.0638,1.0131,241,12.3353
03340800,ifs,13,-0.5494,-0.0172,0.0154,0.9242,241,12.8404
03346000,ifs,13,-0.7740,0.0099,0.0157,0.9807,241,11.5998
03364500,ifs,13,-0.1893,-0.1125,0.0614,0.6958,241,14.3740
03366500,ifs,13,-0.5918,0.0081,0.0288,0.9937,241,12.7451
03368000,ifs,13,-0.2498,-0.0013,0.1080,0.7644,241,14.5901
03384450,ifs,13,-0.7374,-0.0099,0.0000,1.0081,241,12.4786
03439000,ifs,13,-1.9353,-0.0683,0.0276,1.1480,241,13.5939
03450000,ifs,13,-0.6709,0.1213,0.1253,1.0695,241,8.4374
03455500,ifs,13,-1.9724,-0.0618,0.0375,1.0760,241,12.4225
03456500,ifs,13,-1.1069,0.0741,0.0871,1.0618,241,9.8562
03460000,ifs,13,-1.4097,-0.0305,0.0060,1.1962,241,11.1290
03463300,ifs,13,-0.9230,0.0642,0.0878,1.2035,241,10.9565
03471500,ifs,13,-1.9065,-0.0897,-0.0172,1.1489,241,10.3660
03473000,ifs,13,-1.4355,-0.0240,-0.0012,1.0881,241,9.8357
03479000,ifs,13,-1.0045,0.0736,0.1018,1.2023,241,8.4884
03488000,ifs,13,-0.8082,0.0200,0.0237,1.0359,241,8.3010
03498500,ifs,13,-1.0883,0.0715,0.0979,1.1679,241,11.0557
03500000,ifs,13,-1.7436,-0.0600,0.0404,1.2775,241,12.2205
03504000,ifs,13,-1.1944,0.0314,0.0416,1.0368,241,12.9130
03574500,ifs,13,-0.7481,0.0489,0.0547,1.0696,241,12.2199
03604000,ifs,13,-0.3236,0.1242,0.1661,0.8885,241,11.1647
04015330,ifs,13,-0.8954,-0.0959,-0.0713,1.1944,241,9.0169
04024430,ifs,13,-1.2383,-0.0797,-0.0170,1.3521,241,7.5282
04027000,ifs,13,-2.5093,-0.4983,-0.0082,1.9755,241,8.4728
04040500,ifs,13,-1.5256,-0.0401,0.0817,1.3801,241,8.4395
04043050,ifs,13,-1.5386,-0.0438,0.0356,1.2961,241,7.7354
04045500,ifs,13,-1.4607,-0.0555,0.0186,1.3207,241,7.9845
04056500,ifs,13,-2.2817,-0.1901,0.0063,1.4180,241,8.6028
04057510,ifs,13,-1.2379,0.0340,0.0697,1.1865,241,8.3348
04057800,ifs,13,-1.5131,-0.0358,0.0663,1.3434,241,8.5154
04059500,ifs,13,-1.3114,0.0076,0.0865,1.3150,241,7.8656
04063700,ifs,13,-1.6122,-0.1518,0.1147,1.6419,241,7.6757
04074950,ifs,13,-1.7495,-0.0833,0.0493,1.3718,241,8.6982
04105700,ifs,13,-0.4807,0.0474,0.0754,1.0292,241,8.7415
04115265,ifs,13,-0.5178,0.0280,0.0547,0.9664,241,8.8254
04122200,ifs,13,-0.9309,0.0161,0.0237,1.1207,241,9.9769
04122500,ifs,13,-0.9958,0.0179,0.0214,1.0803,241,9.5470
04124000,ifs,13,-0.5380,-0.0729,-0.0155,0.8063,241,10.6505
04127997,ifs,13,-0.6079,-0.0794,-0.0329,0.8204,241,9.7901
04185000,ifs,13,-0.5229,0.2046,0.2077,1.0569,241,8.0929
04196800,ifs,13,-0.6625,0.0216,0.0342,0.9601,241,9.0794
04197100,ifs,13,-0.7065,0.0140,0.0251,1.0602,241,10.2959
04197170,ifs,13,-0.8607,0.0464,0.0595,1.1569,241,9.7444
04213000,ifs,13,-0.8538,0.0200,0.0252,1.0868,241,8.7133
04213075,ifs,13,-0.8482,-0.0314,-0.0220,1.0938,241,9.7795
04216418,ifs,13,-0.7047,-0.0311,0.0007,0.8083,241,9.6609
04221000,ifs,13,-0.6907,0.0000,0.0207,0.8655,241,8.0661
04224775,ifs,13,-1.0077,0.0005,0.0011,0.9650,241,9.7365
04256000,ifs,13,-1.5449,-0.0094,0.0295,1.0526,241,9.5974
04296000,ifs,13,-1.0509,-0.0032,0.0009,1.0865,241,8.9379
05057000,ifs,13,-1.1874,-0.1004,-0.0681,1.2643,241,5.5070
05057200,ifs,13,-1.6909,-0.1555,-0.0613,1.3936,241,5.6514
05062500,ifs,13,-1.5389,-0.0775,0.0656,1.4478,241,7.0130
05087500,ifs,13,-0.9458,-0.0737,-0.0591,1.1544,241,7.3799
05120500,ifs,13,-0.8740,-0.0792,-0.0488,1.2261,241,5.4876
05123400,ifs,13,-0.6791,0.0035,0.0190,0.9233,241,6.7580
05129115,ifs,13,-1.3238,-0.1111,-0.0818,1.2446,241,7.2205
05131500,ifs,13,-1.6259,-0.1276,-0.0650,1.3085,241,7.0857
05291000,ifs,13,-0.4920,-0.1280,-0.0318,1.3103,241,8.3488
05362000,ifs,13,-2.4077,-0.4114,0.0895,1.8956,241,9.4712
05393500,ifs,13,-2.2051,-0.2887,0.0814,1.7241,241,10.0499
05399500,ifs,13,-0.7349,0.0426,0.0799,1.2567,241,9.3113
05408000,ifs,13,-0.5063,0.0616,0.0860,1.0771,241,11.0076
05412500,ifs,13,-0.8527,-0.0066,-0.0033,1.0158,241,10.2652
05413500,ifs,13,-0.9257,0.0281,0.0358,1.1224,241,11.9183
05414000,ifs,13,-0.6656,0.0799,0.0953,1.1440,241,10.8621
05444000,ifs,13,-1.0835,-0.0272,-0.0033,1.2177,241,10.4029
05454000,ifs,13,-0.5934,0.0732,0.0845,0.9683,241,10.8843
05458000,ifs,13,-0.7476,0.0168,0.0295,1.1160,241,10.3998
05466500,ifs,13,-0.3131,-0.0931,0.0222,0.7598,241,12.0462
05487980,ifs,13,-0.3354,-0.0640,0.0316,0.8010,241,10.3573
05488200,ifs,13,-0.2192,-0.1407,0.0165,0.7522,241,12.0091
05489000,ifs,13,-0.2236,-0.0596,0.0813,0.7223,241,11.1486
05495000,ifs,13,-0.3977,0.0375,0.0831,0.9198,241,8.6280
05495500,ifs,13,-0.1967,-0.0241,0.1121,0.7445,241,9.7953
05501000,ifs,13,-0.3181,-0.0348,0.0501,0.8592,241,11.5186
05503800,ifs,13,-0.5686,0.0155,0.0397,0.9318,241,9.8371
05507600,ifs,13,-1.9386,-0.0578,0.0358,1.0775,241,11.2898
05508805,ifs,13,-1.1483,0.0416,0.0495,0.9830,241,9.4834
05514500,ifs,13,-0.9983,-0.0158,-0.0121,0.9144,241,10.0014
05525500,ifs,13,-0.6821,-0.0056,0.0084,0.9773,241,10.5425
05556500,ifs,13,-0.4990,-0.1015,-0.0358,0.8261,241,10.9959
05584500,ifs,13,-0.0701,-0.0687,0.1480,0.6912,241,11.7089
05585000,ifs,13,-0.1092,-0.0590,0.1268,0.7252,241,10.8987
05591550,ifs,13,-0.8730,0.0343,0.0383,1.0842,241,12.4160
05592050,ifs,13,-1.0200,-0.0207,0.0047,1.2259,241,10.7903
05592575,ifs,13,-0.5362,-0.0647,-0.0087,0.8065,241,11.9989
05593575,ifs,13,-0.9868,-0.0354,-0.0341,1.0319,241,11.5551
05593900,ifs,13,-0.7319,-0.0215,-0.0096,0.9782,241,11.5537
05595730,ifs,13,-1.3692,-0.0735,-0.0615,1.1170,241,12.0347
06037500,ifs,13,-0.8489,-0.0104,-0.0067,0.9839,241,5.2886
06043500,ifs,13,-0.7110,0.0070,0.0231,0.8841,241,4.9593
06154410,ifs,13,-0.5022,-0.0850,-0.0348,0.9777,241,5.9599
06188000,ifs,13,-1.0977,-0.0067,0.0010,1.1157,241,4.3469
06191500,ifs,13,-1.0647,-0.0123,-0.0088,1.0814,241,4.3712
06221400,ifs,13,-1.8821,-0.1425,0.0213,1.4561,241,4.9681
06224000,ifs,13,-1.2596,-0.0349,0.0327,1.3385,241,4.6366
06289000,ifs,13,-2.5131,-0.2700,-0.0015,1.5442,241,5.3371
06332515,ifs,13,-1.2455,-0.1207,0.0210,1.5312,241,5.0395
06339100,ifs,13,-2.2175,-0.3223,0.1539,1.8027,241,4.6904
06339500,ifs,13,-1.6257,-0.1479,0.0631,1.5795,241,5.0211
06344600,ifs,13,-1.3476,-0.1238,0.0660,1.5871,241,5.2761
06350000,ifs,13,-1.9207,-0.1318,0.1010,1.4954,241,4.9425
06352000,ifs,13,-2.8162,-0.3953,0.0875,1.7542,241,4.8542
06353000,ifs,13,-1.7029,-0.1324,0.0567,1.5228,241,4.3819
06354000,ifs,13,-1.3919,-0.0646,0.0524,1.4324,241,4.4885
06360500,ifs,13,-1.1225,-0.0034,0.2461,1.5870,241,3.6771
06404000,ifs,13,-1.5403,-0.0847,0.1239,1.5346,241,5.2959
06406000,ifs,13,-1.9183,-0.1355,0.1070,1.5126,241,5.1788
06408700,ifs,13,-1.8027,-0.1192,0.0177,1.4111,241,4.8349
06409000,ifs,13,-1.9704,-0.1408,0.0760,1.4843,241,4.8995
06431500,ifs,13,-1.5047,-0.0717,0.0277,1.3804,241,5.1106
06440200,ifs,13,-0.8101,0.1372,0.1465,1.1131,241,5.7137
06441500,ifs,13,-1.0672,0.0521,0.0900,1.2351,241,5.0006
06447000,ifs,13,-0.7784,0.1403,0.1659,1.1994,241,4.4224
06447500,ifs,13,-0.9689,0.0774,0.1122,1.2301,241,5.3563
06450500,ifs,13,-0.4226,0.0946,0.1211,1.0071,241,5.4108
06452000,ifs,13,-0.6940,0.0792,0.0893,1.1138,241,4.6393
06453600,ifs,13,-0.4827,0.0301,0.0621,1.0567,241,6.5284
06464500,ifs,13,-0.2337,-0.0662,0.0538,0.8340,241,6.8472
06477500,ifs,13,-0.8575,-0.0375,-0.0171,1.1823,241,6.7870
06479215,ifs,13,-0.3654,-0.0844,0.0213,1.2749,241,8.1676
06479438,ifs,13,-0.3640,-0.0262,0.0690,1.2810,241,7.5815
06601000,ifs,13,-0.7188,0.0213,0.0322,1.0828,241,9.7907
06614800,ifs,13,-0.3153,-0.0571,0.0264,0.9868,241,6.1472
06622700,ifs,13,-0.5631,0.0373,0.0565,0.9861,241,4.4474
06623800,ifs,13,-0.8351,0.0178,0.0637,1.2953,241,5.1774
06632400,ifs,13,-0.5963,0.0562,0.0842,1.1779,241,4.8889
06784000,ifs,13,-0.3546,0.1295,0.1620,0.9199,241,6.3722
06803510,ifs,13,-0.3245,-0.0918,0.0077,0.8364,241,9.4708
06803530,ifs,13,-0.4763,-0.0708,-0.0168,0.9223,241,8.5788
06814000,ifs,13,-0.3003,0.1485,0.1832,0.9743,241,8.6779
06846500,ifs,13,-0.8885,-0.0210,-0.0168,0.9447,241,5.7123
06847900,ifs,13,-0.6239,-0.0861,-0.0506,0.9088,241,6.4289
06853800,ifs,13,-0.4505,0.0907,0.1142,0.9945,241,6.4609
06876700,ifs,13,-0.2400,-0.0708,0.0618,0.7467,241,11.0274
06878000,ifs,13,-0.2013,-0.0513,0.0932,0.7283,241,8.7622
06879650,ifs,13,-0.2742,-0.0006,0.1162,0.6981,241,10.8408
06885500,ifs,13,-0.1486,0.1251,0.2186,0.8081,241,9.4588
06888500,ifs,13,-0.2153,0.0336,0.1436,0.7589,241,11.0371
06889200,ifs,13,-0.2382,-0.0018,0.1002,0.8272,241,10.0578
06889500,ifs,13,-0.2564,0.0081,0.0998,0.8463,241,9.7886
06892000,ifs,13,-0.2678,-0.0034,0.0865,0.8610,241,10.4087
06903400,ifs,13,-0.2402,-0.0281,0.0898,0.7696,241,10.5076
06906800,ifs,13,-0.2177,-0.0909,0.0842,0.6357,241,11.9373
06910800,ifs,13,-0.1596,0.0618,0.1858,0.7355,241,10.2793
06911900,ifs,13,-0.2009,0.0013,0.1373,0.7029,241,11.0588
06917000,ifs,13,0.0219,0.1281,0.3170,0.6726,241,10.8424
06918460,ifs,13,-0.5635,-0.1058,-0.0565,0.8838,241,12.4760
06919500,ifs,13,-0.4612,-0.0355,0.0237,0.8296,241,11.4908
06921070,ifs,13,-0.3346,-0.1964,-0.0425,0.6592,241,13.1356
06921200,ifs,13,-0.3138,-0.2017,-0.0498,0.6940,241,13.8352
06934000,ifs,13,-0.6127,-0.0687,-0.0348,0.9123,241,10.9955
07014500,ifs,13,-0.4443,-0.1219,-0.0359,0.7839,241,13.9241
07056000,ifs,13,-0.2748,0.0310,0.1041,0.9276,241,10.3434
07057500,ifs,13,-0.7643,0.0061,0.0172,1.0996,241,11.0571
07060710,ifs,13,-0.1918,0.0926,0.1682,0.9906,241,10.9821
07066000,ifs,13,-0.7424,0.0025,0.0172,1.1197,241,10.9250
07067000,ifs,13,-0.9727,0.0058,0.0223,1.1801,241,10.2848
07068000,ifs,13,-1.0995,0.0151,0.0457,1.2259,241,9.9662
07071500,ifs,13,-0.9045,0.0576,0.0772,1.1890,241,10.2081
07083000,ifs,13,-0.7506,-0.0138,0.1891,1.6077,241,3.8141
07142300,ifs,13,-0.9241,-0.0733,-0.0641,1.0970,241,7.2769
07145700,ifs,13,-0.1250,-0.1186,0.0809,0.7023,241,12.2964
07148400,ifs,13,-1.0753,-0.0277,-0.0244,1.0813,241,6.4015
07149000,ifs,13,-1.7623,-0.0721,-0.0014,1.2039,241,6.9888
07151500,ifs,13,-0.2902,-0.0089,0.0766,0.8573,241,8.9062
07167500,ifs,13,-0.4384,0.1455,0.1614,1.0468,241,9.4686
07180500,ifs,13,-0.1417,0.2191,0.2698,0.9295,241,8.6067
07184000,ifs,13,-0.1226,-0.0515,0.1273,0.7111,241,13.8763
07195800,ifs,13,-0.4707,-0.0491,-0.0006,0.9757,241,13.3157
07196900,ifs,13,-0.6641,-0.0059,0.0095,1.0086,241,12.5669
07197000,ifs,13,-0.6372,0.0317,0.0449,0.9637,241,11.9889
07208500,ifs,13,-0.7030,-0.1032,0.1695,1.7253,241,3.3768
07226500,ifs,13,-0.8388,0.0199,0.0820,1.3433,241,3.3265
07261000,ifs,13,-1.1500,0.0605,0.0926,1.1775,241,13.2015
07263295,ifs,13,-1.0730,0.1101,0.1308,1.0771,241,13.3150
07290650,ifs,13,-0.4237,0.0186,0.0747,0.8217,241,11.4225
07291000,ifs,13,-0.4132,0.0251,0.0840,0.8078,241,11.5266
07292500,ifs,13,-0.3801,0.0443,0.1048,0.8093,241,11.4769
07295000,ifs,13,-0.3873,0.0580,0.1101,0.8350,241,13.0182
07299670,ifs,13,-1.0047,0.0777,0.1323,1.2794,241,6.4448
07301410,ifs,13,-0.3149,0.1100,0.1774,1.2441,241,6.4093
07301500,ifs,13,-1.3681,-0.0682,0.1073,1.5205,241,4.9799
07315200,ifs,13,-1.1418,-0.0406,-0.0394,1.0408,241,9.8996
07315700,ifs,13,-0.9821,-0.0176,0.0142,1.2522,241,8.3500
07335700,ifs,13,-0.4623,0.0253,0.0632,0.9131,241,13.2288
07340300,ifs,13,-1.1411,0.0587,0.0961,1.2045,241,12.1496
07346045,ifs,13,-1.3229,0.0523,0.1930,1.3514,241,10.9954
07359610,ifs,13,-0.3596,0.2277,0.2382,0.9498,241,12.0198
07362100,ifs,13,-0.6714,0.1913,0.2905,1.3579,241,9.1349
07362587,ifs,13,-0.8058,0.1203,0.1223,0.9473,241,13.8963
07373000,ifs,13,-0.7632,0.0933,0.0986,1.0960,241,12.0653
07375000,ifs,13,0.0161,0.0534,0.2688,0.7034,241,13.4670
07376000,ifs,13,-0.0734,0.1165,0.2391,0.8115,241,12.3225
08013000,ifs,13,-0.7550,0.0165,0.0230,0.9667,241,13.4643
08014500,ifs,13,-0.7464,0.0411,0.0456,0.9735,241,13.0418
08023080,ifs,13,-0.5425,0.1567,0.1623,1.0492,241,11.5309
08025500,ifs,13,-0.3089,0.0532,0.1178,0.8641,241,12.7715
08029500,ifs,13,-0.3470,-0.1087,0.0087,0.7215,241,13.4029
08050800,ifs,13,-0.6312,0.0369,0.0494,0.9942,241,12.1957
08066200,ifs,13,-0.3729,-0.0406,0.0521,0.7397,241,16.4414
08066300,ifs,13,-0.3187,-0.1397,-0.0102,0.7251,241,20.3203
08070000,ifs,13,-1.2127,0.0665,0.0868,0.9701,241,13.4611
08070200,ifs,13,-1.1430,0.0642,0.0796,0.9251,241,13.5568
08079600,ifs,13,-1.0345,-0.0534,0.0671,1.4833,241,4.3054
08082700,ifs,13,-0.9553,-0.0166,0.0226,1.2795,241,7.4704
08086212,ifs,13,-1.2970,-0.0131,0.0071,1.1394,241,9.3418
08086290,ifs,13,-1.3913,-0.0493,-0.0058,1.2452,241,9.4850
08101000,ifs,13,-0.6185,0.1074,0.1141,1.0592,241,7.7975
08103900,ifs,13,-0.2596,-0.0564,0.0970,0.6241,241,10.3976
08104900,ifs,13,-0.1498,-0.0469,0.1360,0.6410,241,11.2417
08109700,ifs,13,-0.0483,0.1084,0.2459,0.7951,241,10.8373
08150800,ifs,13,-0.2052,-0.2260,-0.0085,0.6007,241,11.6437
08155200,ifs,13,-0.1067,0.0942,0.2092,0.8271,241,8.6926
08158700,ifs,13,-0.1347,0.0215,0.1611,0.7652,241,8.2653
08158810,ifs,13,-0.1479,0.1622,0.2386,0.8424,241,7.9082
08164000,ifs,13,-0.4128,0.1179,0.1460,0.8978,241,8.7919
08164300,ifs,13,-0.1373,0.0811,0.1964,0.7837,241,10.2550
08164600,ifs,13,-0.4073,0.1711,0.1880,0.9226,241,8.8432
08165300,ifs,13,-0.7605,-0.0517,-0.0180,0.7813,241,12.6220
08171300,ifs,13,-0.0880,-0.0789,0.1364,0.6679,241,8.7651
08175000,ifs,13,-0.5263,-0.0210,0.0414,0.7404,241,10.7230
08176900,ifs,13,-0.8827,0.1012,0.1028,0.9740,241,9.4366
08178880,ifs,13,-0.1660,-0.2222,-0.0019,0.6505,241,11.4826
08189500,ifs,13,-0.6347,0.0930,0.1008,0.9313,241,9.4294
08190000,ifs,13,-0.5976,-0.1145,-0.0187,0.6238,241,18.1983
08190500,ifs,13,-0.4493,-0.1445,-0.0188,0.6170,241,16.5586
08194200,ifs,13,-0.1585,-0.0460,0.1202,0.6885,241,9.3243
08195000,ifs,13,-0.3548,-0.1531,-0.0154,0.6577,241,15.1241
08196000,ifs,13,-0.1311,-0.2639,-0.0018,0.5900,241,15.8225
08198500,ifs,13,-0.1474,-0.2682,-0.0087,0.5783,241,13.4109
08200000,ifs,13,-0.1243,-0.2767,-0.0047,0.5859,241,12.7719
08202700,ifs,13,-0.1309,-0.2949,-0.0111,0.5480,241,13.7282
08267500,ifs,13,-0.5473,0.0052,0.0862,1.3491,241,4.7120
08269000,ifs,13,-0.8676,-0.0947,0.1269,1.6598,241,3.8373
08271000,ifs,13,-0.4873,0.0288,0.0934,1.2777,241,4.8105
08324000,ifs,13,-1.5028,-0.4103,0.0832,2.0453,241,3.6484
08377900,ifs,13,-0.7359,-0.1157,0.1902,1.7675,241,4.9238
08378500,ifs,13,-0.7662,-0.1149,0.1602,1.7334,241,4.3562
08380500,ifs,13,-1.0371,-0.1581,0.2090,1.8251,241,4.3560
09034900,ifs,13,-0.3085,0.0999,0.1455,1.0360,241,4.5113
09035900,ifs,13,-0.7042,0.0904,0.1370,1.2860,241,3.8046
09047700,ifs,13,-0.9707,-0.0226,0.0883,1.4607,241,3.8828
09065500,ifs,13,-0.7536,0.0687,0.1457,1.3708,241,3.9392
09066000,ifs,13,-0.9090,0.0280,0.1291,1.4269,241,3.5025
09066200,ifs,13,-0.8266,0.0616,0.1532,1.4007,241,4.2564
09066300,ifs,13,-0.7147,0.0951,0.1697,1.3595,241,4.0134
09081600,ifs,13,-0.2455,0.1462,0.2266,1.2722,241,4.8445
09107000,ifs,13,-0.7294,-0.0877,0.2444,1.7794,241,3.2325
09210500,ifs,13,-1.1070,0.0398,0.0540,1.1263,241,3.3719
09223000,ifs,13,-0.7223,0.0559,0.0605,1.0332,241,3.7394
09306242,ifs,13,-1.0464,-0.1989,0.0901,1.7762,241,4.0300
09312600,ifs,13,-0.7407,0.0314,0.1082,1.3764,241,4.0802
09352900,ifs,13,-0.3416,0.0855,0.2332,1.4703,241,5.1000
09378170,ifs,13,-0.1645,0.0797,0.1813,0.8194,241,3.7545
09378630,ifs,13,-0.1628,0.0470,0.1639,0.7924,241,3.9480
09386900,ifs,13,-2.0809,-0.4726,0.0122,2.0129,241,3.9823
09404450,ifs,13,-0.6025,0.1614,0.2071,1.2731,241,3.7058
09430500,ifs,13,-1.0386,0.0167,0.2860,1.6072,241,3.2666
09430600,ifs,13,-1.2993,-0.0011,0.2011,1.5029,241,4.5335
09447800,ifs,13,-2.5824,-0.3163,0.1758,1.6824,241,3.1096
09480000,ifs,13,-0.2846,0.2902,0.3103,1.1494,241,3.9830
09484000,ifs,13,-0.8838,0.1106,0.2558,1.4355,241,4.5674
09484600,ifs,13,-0.4689,0.2719,0.2783,1.0947,241,3.6172
09492400,ifs,13,-0.4375,0.2098,0.2443,1.2239,241,5.6719
09494000,ifs,13,-0.7929,0.1296,0.2385,1.3967,241,4.5263
09497800,ifs,13,-0.4689,0.1527,0.1749,1.1502,241,3.6512
09497980,ifs,13,-0.3661,0.1479,0.1754,1.0885,241,4.1452
09505200,ifs,13,-0.4852,0.2009,0.2513,1.2789,241,3.7580
09505350,ifs,13,-0.2632,0.2264,0.2533,1.1007,241,3.6010
09505800,ifs,13,-0.3153,0.2266,0.2646,1.2075,241,3.7538
09508300,ifs,13,-0.4705,0.1996,0.2060,1.0643,241,3.6913
09510200,ifs,13,-0.7289,0.1165,0.1268,1.1340,241,4.0537
09512280,ifs,13,-0.4458,0.1111,0.2723,1.5103,241,3.3262
09513780,ifs,13,-0.7262,0.0680,0.2292,1.5137,241,3.3912
10023000,ifs,13,-0.6161,0.0335,0.0486,1.0401,241,4.5503
10166430,ifs,13,-0.5046,0.1412,0.1558,1.1042,241,4.3754
10172700,ifs,13,-0.8622,0.0714,0.1260,1.3084,241,3.7158
10172800,ifs,13,-1.3316,-0.0130,0.0777,1.3530,241,5.5665
10173450,ifs,13,-0.3182,0.2217,0.2778,1.2712,241,4.1024
10205030,ifs,13,-0.3136,0.1749,0.2132,1.1584,241,3.4739
10234500,ifs,13,-0.3218,0.2639,0.2799,1.1237,241,3.9820
10242000,ifs,13,-0.2038,0.1994,0.2401,0.9599,241,4.1319
10244950,ifs,13,-0.2078,0.0594,0.1552,0.8115,241,3.1292
10249300,ifs,13,-0.7988,0.1354,0.1470,1.1311,241,3.0234
10258000,ifs,13,-0.3688,0.0097,0.1834,1.5277,241,4.1598
10258500,ifs,13,-0.4252,-0.0349,0.2531,1.7141,241,2.1664
10259000,ifs,13,-0.2337,0.1297,0.2319,1.3355,241,3.0535
10259200,ifs,13,-0.2806,-0.0624,0.2234,1.6934,241,2.2635
10263500,ifs,13,-0.0669,-0.2202,0.1144,0.4354,241,6.0437
10310500,ifs,13,-0.1941,0.3438,0.3500,0.9778,241,3.9594
10316500,ifs,13,-0.0176,0.0844,0.2689,0.6882,241,3.7365
10329500,ifs,13,-0.4848,-0.0178,0.0313,0.8486,241,3.9762
10336645,ifs,13,-0.3389,0.2917,0.2942,0.9745,241,9.4745
10336660,ifs,13,-0.2366,0.2872,0.3056,0.8936,241,9.9145
10343500,ifs,13,-0.2319,0.3184,0.3250,1.0114,241,5.9755
10348850,ifs,13,0.0296,0.0208,0.2841,0.5751,241,8.9472
10396000,ifs,13,-0.3791,-0.0671,0.0162,0.8191,241,3.9339
11098000,ifs,13,-0.0609,-0.2879,0.0896,0.3836,241,8.3954
11124500,ifs,13,-0.0896,-0.1286,0.1011,0.6521,241,7.2168
11141280,ifs,13,-0.6935,-0.0265,0.0039,0.8143,241,8.1819
11143000,ifs,13,-0.3091,-0.1211,0.0582,0.5356,241,11.5491
11148900,ifs,13,-0.8317,0.0244,0.0363,0.8572,241,7.3727
11151300,ifs,13,-0.5668,0.0564,0.0921,0.7916,241,4.6677
11162500,ifs,13,-0.3596,0.0441,0.1245,0.7240,241,7.3773
11176400,ifs,13,-0.4418,0.0377,0.1028,0.7368,241,4.0540
11180500,ifs,13,-0.5179,0.1341,0.1511,0.8728,241,4.6850
11180960,ifs,13,-0.3942,0.0264,0.1029,0.7287,241,5.3905
11224500,ifs,13,-0.3827,0.0004,0.0907,0.6997,241,3.8183
11253310,ifs,13,-0.4771,0.0064,0.0768,0.7140,241,3.2168
11264500,ifs,13,-1.5867,-0.0243,0.1683,1.4111,241,7.6156
11266500,ifs,13,-1.3216,0.0508,0.1643,1.3140,241,7.7737
11274500,ifs,13,-0.6252,0.0240,0.0678,0.7471,241,4.1104
11274630,ifs,13,-0.4770,-0.0150,0.0627,0.6992,241,3.5634
11284400,ifs,13,-1.1365,0.1207,0.1575,1.0900,241,7.3923
11299600,ifs,13,-1.0274,0.0911,0.1012,1.0627,241,7.0355
11381500,ifs,13,-0.2389,0.0214,0.1321,0.7353,241,10.0475
11383500,ifs,13,-0.2822,0.0451,0.1337,0.7602,241,10.3785
11451100,ifs,13,-0.5009,0.2397,0.2407,1.0360,241,6.3344
11468500,ifs,13,-0.5439,0.1851,0.2407,1.2955,241,8.2816
11473900,ifs,13,-0.3340,0.2125,0.2273,0.9965,241,7.9165
11475560,ifs,13,-0.1923,0.0545,0.1656,0.7519,241,14.2257
11476600,ifs,13,-1.6571,-0.1281,0.1082,1.5689,241,11.9544
11478500,ifs,13,-1.0480,0.0729,0.1168,1.2418,241,10.5282
11480390,ifs,13,-0.8119,0.1355,0.1501,1.1455,241,9.3233
11481200,ifs,13,-1.7191,-0.1201,0.0677,1.4962,241,13.0787
11482500,ifs,13,-1.0566,0.0558,0.0914,1.2261,241,12.7432
11522500,ifs,13,-1.4017,-0.0145,0.1129,1.3925,241,9.2348
11523200,ifs,13,-0.6319,0.0496,0.0706,0.8519,241,8.3853
11528700,ifs,13,-0.7645,0.1312,0.1365,1.0936,241,8.0217
11532500,ifs,13,-1.0453,0.0495,0.0669,1.1567,241,15.7821
12010000,ifs,13,-0.2233,0.0671,0.1875,0.6784,241,12.5897
12013500,ifs,13,-0.4475,0.1375,0.1695,0.8182,241,10.7399
12020000,ifs,13,-0.4431,0.1341,0.1734,0.7871,241,8.9790
12025000,ifs,13,-0.3754,0.1116,0.1586,0.8118,241,8.4400
12025700,ifs,13,-0.6486,0.1426,0.1442,1.0360,241,8.3224
12035000,ifs,13,-0.1648,0.0875,0.2319,0.6349,241,11.9174
12040500,ifs,13,-0.2534,0.1362,0.2228,0.7137,241,14.2329
12041200,ifs,13,-0.1932,0.0790,0.2188,0.6351,241,15.2594
12043000,ifs,13,-0.2336,0.0973,0.2030,0.6955,241,12.2168
12048000,ifs,13,-0.7802,0.1153,0.1726,1.3070,241,6.9738
12054000,ifs,13,-0.2731,0.1593,0.1979,0.9376,241,10.0602
12056500,ifs,13,-0.2952,0.1746,0.2249,0.7924,241,13.4682
12073500,ifs,13,-0.4304,0.1067,0.1349,0.8959,241,6.7870
12082500,ifs,13,-0.6960,0.1027,0.1045,1.0134,241,12.4449
12092000,ifs,13,-0.5507,0.0751,0.0910,0.9456,241,12.0090
12095000,ifs,13,-0.7620,0.1067,0.1164,1.1311,241,9.7842
12114500,ifs,13,-0.2213,-0.0143,0.1280,0.6770,241,12.7254
12115000,ifs,13,-0.2269,-0.0121,0.1258,0.6846,241,12.6891
12115500,ifs,13,-0.2303,0.0263,0.1391,0.7412,241,12.7482
12117000,ifs,13,-0.2673,0.0499,0.1401,0.7731,241,12.8031
12141300,ifs,13,-0.2693,0.0443,0.1396,0.7532,241,15.0111
12143600,ifs,13,-0.2830,0.0593,0.1376,0.8029,241,14.1766
12144000,ifs,13,-0.3116,0.0823,0.1420,0.8450,241,13.4203
12145500,ifs,13,-0.3680,0.0969,0.1471,0.8182,241,10.8142
12147600,ifs,13,-0.2139,0.0256,0.1516,0.7091,241,17.9860
12167000,ifs,13,-0.2139,0.1933,0.2421,0.8628,241,12.3475
12175500,ifs,13,-0.3570,0.2471,0.2534,0.9997,241,9.1735
12186000,ifs,13,-0.2358,0.1344,0.2022,0.8139,241,12.9128
12189500,ifs,13,-0.2515,0.2002,0.2352,0.9028,241,10.9401
12358500,ifs,13,-0.2084,-0.0144,0.1334,0.6815,241,7.5831
12377150,ifs,13,-0.3021,-0.1207,0.0742,0.5394,241,7.4460
12381400,ifs,13,-0.2968,-0.1335,0.0474,0.5851,241,6.8258
12390700,ifs,13,-0.6798,0.0596,0.0676,0.9380,241,5.9565
12411000,ifs,13,-0.5713,0.0412,0.0657,0.8790,241,6.6658
12414500,ifs,13,-0.5890,-0.0015,0.0312,0.8487,241,7.0762
12447390,ifs,13,-1.1658,-0.1695,0.0653,1.6932,241,4.0675
12451000,ifs,13,-0.6058,0.2287,0.2681,1.2279,241,7.0626
12488500,ifs,13,-0.5484,0.0653,0.0836,0.9333,241,10.0248
13011500,ifs,13,-0.9175,0.0221,0.0268,1.0936,241,5.0415
13011900,ifs,13,-0.8600,-0.0014,0.0040,1.0779,241,4.7799
13018300,ifs,13,-0.6463,0.0286,0.0409,0.9940,241,4.7265
13023000,ifs,13,-1.0091,0.0241,0.0382,1.1605,241,4.2939
13161500,ifs,13,-0.5534,-0.0535,-0.0040,1.1812,241,2.6441
13235000,ifs,13,-0.9745,0.0070,0.0082,0.9525,241,6.1369
13240000,ifs,13,-0.7068,-0.0100,0.0137,0.8414,241,7.4417
13310700,ifs,13,-0.8992,0.0390,0.0397,0.9650,241,6.0054
13313000,ifs,13,-0.5158,-0.0049,0.0550,0.7505,241,6.4217
13331500,ifs,13,-0.5505,-0.0327,0.0022,0.9288,241,6.2318
13337000,ifs,13,-0.3975,-0.0055,0.0671,0.7854,241,7.0356
13338500,ifs,13,-0.4572,0.0459,0.0775,1.0246,241,5.4987
13340000,ifs,13,-0.4360,0.0065,0.0561,0.8757,241,6.0228
13340600,ifs,13,-0.4641,-0.0218,0.0452,0.7683,241,8.1112
14020000,ifs,13,-0.6807,0.0731,0.0854,1.1230,241,6.2719
14092750,ifs,13,-1.8253,-0.0977,0.0514,1.3878,241,9.5560
14096850,ifs,13,-1.2138,-0.0583,0.0183,1.3786,241,5.2676
14137000,ifs,13,-0.6598,0.0976,0.1012,1.0016,241,11.0539
14138800,ifs,13,-0.3813,0.0175,0.0878,0.7859,241,13.7294
14138870,ifs,13,-0.3131,0.0413,0.1176,0.8000,241,13.8613
14138900,ifs,13,-0.2119,-0.0279,0.1200,0.6808,241,15.7992
14139800,ifs,13,-0.3302,0.0488,0.1232,0.7820,241,13.5619
14141500,ifs,13,-0.4605,0.1011,0.1249,0.9136,241,12.1540
14154500,ifs,13,-1.6028,-0.0111,0.0593,1.1799,241,9.0366
14158500,ifs,13,-1.3769,0.0390,0.0918,1.1667,241,10.9649
14158790,ifs,13,-0.8054,0.0882,0.0906,0.9348,241,12.2173
14166500,ifs,13,-0.6514,0.1286,0.1311,1.0411,241,8.2419
14182500,ifs,13,-0.7915,0.1123,0.1124,1.0126,241,10.8689
14185000,ifs,13,-1.2175,0.0535,0.0777,1.1083,241,10.7073
14185900,ifs,13,-0.7626,0.0920,0.0948,0.9345,241,11.4725
14187000,ifs,13,-1.1799,0.0513,0.0649,1.0473,241,11.0580
14216500,ifs,13,-0.8198,0.1235,0.1249,1.0320,241,12.5602
14222500,ifs,13,-0.2271,-0.0199,0.1189,0.6855,241,16.5181
14236200,ifs,13,-0.3652,0.1268,0.1622,0.8795,241,10.0445
14301000,ifs,13,-0.2502,0.0888,0.1741,0.7649,241,9.9972
14303200,ifs,13,-0.2477,-0.0063,0.1317,0.6531,241,12.9856
14305500,ifs,13,-0.1489,0.0347,0.1917,0.6547,241,14.7590
14306340,ifs,13,-0.5123,0.1349,0.1500,0.8929,241,8.7217
14306500,ifs,13,-0.4467,0.1715,0.1853,0.9117,241,9.2010
14308990,ifs,13,-1.9020,-0.1072,0.0579,1.3897,241,7.6574
14309500,ifs,13,-1.1612,0.0809,0.1005,1.0478,241,9.8964
14316700,ifs,13,-2.1033,-0.0977,0.0572,1.2480,241,9.3584
14325000,ifs,13,-0.9205,0.0877,0.0892,0.9986,241,11.6389
14362250,ifs,13,-2.3501,-0.2917,0.0884,1.6815,241,7.6169
14400000,ifs,13,-1.0114,0.0512,0.0552,1.0613,241,16.0345
01013500,ifs,14,-0.8782,-0.0249,-0.0064,1.1797,241,7.5503
01022500,ifs,14,-0.9063,0.0612,0.0955,1.2470,241,8.7045
01030500,ifs,14,-1.1411,-0.0525,-0.0333,1.1976,241,7.9230
01031500,ifs,14,-0.9093,-0.0445,-0.0150,1.2370,241,7.8573
01047000,ifs,14,-0.7899,-0.0114,0.0176,1.2196,241,8.1829
01052500,ifs,14,-1.3833,-0.0776,-0.0013,1.3643,241,8.5898
01054200,ifs,14,-0.5665,-0.0065,0.0201,1.0353,241,9.0389
01055000,ifs,14,-0.9175,-0.0098,0.0001,1.1340,241,7.9399
01057000,ifs,14,-0.7143,0.0207,0.0299,1.0496,241,7.9087
01073000,ifs,14,-0.9006,0.0016,0.0263,1.2188,241,8.3341
01078000,ifs,14,-0.6452,0.0426,0.0646,1.1557,241,8.0465
01118300,ifs,14,-0.2138,0.0369,0.1397,0.7977,241,12.6815
01121000,ifs,14,-0.3815,0.0649,0.1174,0.8312,241,9.6728
01123000,ifs,14,-0.2816,0.0505,0.1345,0.7859,241,9.7946
01134500,ifs,14,-1.0217,0.0121,0.0285,1.1755,241,9.2296
01137500,ifs,14,-0.8628,-0.0386,-0.0053,1.2468,241,8.8874
01139000,ifs,14,-0.8102,0.0063,0.0272,1.1881,241,8.3159
01139800,ifs,14,-0.5041,0.0379,0.0662,0.9318,241,8.4710
01142500,ifs,14,-1.0469,-0.0044,0.0436,1.3014,241,8.2324
01144000,ifs,14,-0.7109,0.0310,0.0409,1.0760,241,8.1134
01169000,ifs,14,-0.4719,0.0723,0.0981,1.0610,241,8.4021
01170100,ifs,14,-0.5303,0.0561,0.0805,1.1007,241,8.3514
01181000,ifs,14,-0.3759,0.1930,0.2067,0.9773,241,8.8462
01187300,ifs,14,-0.9007,0.1392,0.1634,1.1604,241,9.0938
01195100,ifs,14,-0.4746,-0.0192,0.0412,0.7887,241,11.6382
01333000,ifs,14,-0.4494,0.0955,0.1259,1.1271,241,8.4022
01350000,ifs,14,-0.1523,-0.0458,0.0954,0.8600,241,10.8115
01350080,ifs,14,-0.3122,0.0210,0.0856,0.9797,241,9.0126
01350140,ifs,14,-0.4731,0.0375,0.0684,0.9744,241,9.0451
01365000,ifs,14,-0.3691,0.0548,0.1009,1.0667,241,9.8103
01411300,ifs,14,-0.2083,0.0073,0.1118,0.8593,241,11.8210
01413500,ifs,14,-0.1850,-0.0220,0.1042,0.8231,241,10.3627
01414500,ifs,14,-0.1979,0.0146,0.1129,0.9750,241,11.0921
01415000,ifs,14,-0.3611,0.0654,0.1095,0.9549,241,9.1441
01423000,ifs,14,-0.4446,0.0526,0.0857,0.9465,241,9.3181
01434025,ifs,14,-0.1897,0.0101,0.1164,0.8983,241,11.6574
01435000,ifs,14,-0.2365,0.0169,0.1032,0.9526,241,11.1907
01439500,ifs,14,-0.7157,-0.0286,-0.0138,0.9547,241,9.9543
01440000,ifs,14,-0.6906,-0.0539,-0.0332,0.9499,241,10.4589
01440400,ifs,14,-0.5638,-0.0403,0.0028,0.8408,241,10.5020
01451800,ifs,14,-1.4239,-0.0505,-0.0204,1.1830,241,10.6102
01466500,ifs,14,-1.1435,-0.0190,-0.0114,1.1110,241,10.4911
01484100,ifs,14,-0.4352,0.0307,0.0692,1.0396,241,9.3058
01485500,ifs,14,-0.2222,0.0140,0.1168,0.8248,241,10.3558
01486000,ifs,14,-0.2369,0.0029,0.0979,0.8788,241,10.7030
01487000,ifs,14,-0.2742,-0.0130,0.0736,0.9053,241,9.3044
01491000,ifs,14,-0.7910,0.0315,0.0465,1.1571,241,8.2616
01510000,ifs,14,-0.5322,0.0763,0.0926,0.9884,241,8.9930
01516500,ifs,14,-1.1894,-0.0440,-0.0423,1.0365,241,8.4174
01518862,ifs,14,-0.9305,-0.0200,-0.0185,0.9984,241,8.5048
01532000,ifs,14,-0.8208,-0.0185,-0.0128,0.9867,241,9.3853
01539000,ifs,14,-1.0877,-0.0082,-0.0031,1.0932,241,10.4503
01542810,ifs,14,-1.1728,0.0675,0.0830,1.0050,241,9.6458
01543000,ifs,14,-1.1753,0.0683,0.0842,1.0012,241,9.3386
01543500,ifs,14,-0.9716,0.0601,0.0625,0.9536,241,9.5756
01544500,ifs,14,-0.9323,-0.0161,-0.0148,0.9854,241,8.6909
01545600,ifs,14,-0.9484,-0.0213,-0.0202,1.0111,241,8.9816
01547700,ifs,14,-0.4466,-0.1199,-0.0408,0.8239,241,12.8736
01548500,ifs,14,-1.0411,-0.0412,-0.0409,0.9813,241,8.3800
01549500,ifs,14,-1.0302,-0.0405,-0.0401,1.0179,241,9.3324
01550000,ifs,14,-0.8537,-0.0349,-0.0295,0.9940,241,9.9442
01552000,ifs,14,-0.6766,-0.0326,-0.0124,0.9287,241,10.7944
01552500,ifs,14,-0.9054,0.0099,0.0107,1.0159,241,9.6524
01557500,ifs,14,-0.6220,-0.0886,-0.0395,0.8014,241,11.9911
01567500,ifs,14,-0.8561,-0.0794,-0.0671,0.9167,241,10.5880
01568000,ifs,14,-1.0950,-0.0634,-0.0625,0.9580,241,9.9564
01580000,ifs,14,-1.0716,-0.0128,-0.0112,1.0516,241,8.9311
01583500,ifs,14,-1.2975,-0.0327,-0.0087,1.1812,241,9.3406
01586610,ifs,14,-1.4163,-0.0489,-0.0113,1.2170,241,9.6937
01591400,ifs,14,-0.5884,-0.0070,0.0233,0.8755,241,10.2139
01596500,ifs,14,-0.6577,-0.0344,-0.0071,1.1283,241,9.3970
01605500,ifs,14,-0.6021,0.0840,0.0931,1.0280,241,8.4243
01606500,ifs,14,-0.5565,0.1243,0.1335,1.0638,241,7.7349
01613050,ifs,14,-1.0843,-0.0709,-0.0682,1.0725,241,9.5226
01620500,ifs,14,-1.0534,0.0380,0.0857,1.2788,241,8.0775
01632000,ifs,14,-0.3319,0.1043,0.1582,0.8257,241,8.2137
01632900,ifs,14,-0.3732,0.0766,0.1275,0.8348,241,8.0487
01634500,ifs,14,-0.4453,0.0724,0.1018,0.9394,241,8.3398
01638480,ifs,14,-0.8664,0.0579,0.0661,1.1243,241,9.3714
01639500,ifs,14,-1.2766,-0.0351,-0.0126,1.1819,241,9.2503
01644000,ifs,14,-0.6520,0.0835,0.0892,1.0247,241,8.2861
01658500,ifs,14,-0.7002,0.0362,0.0439,0.9722,241,9.4358
01664000,ifs,14,-0.4973,0.0877,0.1118,0.8894,241,8.4024
01666500,ifs,14,-0.6568,0.0948,0.1005,0.9423,241,8.8065
01667500,ifs,14,-0.6999,0.0767,0.0825,0.9318,241,8.5249
01669000,ifs,14,-0.3354,0.0768,0.1222,0.9975,241,9.3495
01669520,ifs,14,-0.3624,0.1038,0.1382,1.0293,241,9.3885
02011400,ifs,14,-0.6963,0.1207,0.1264,1.0956,241,7.7836
02011460,ifs,14,-0.6181,0.1011,0.1125,1.1066,241,8.0728
02013000,ifs,14,-0.8366,0.0918,0.1005,1.1239,241,8.4931
02014000,ifs,14,-1.0080,0.0795,0.1003,1.1632,241,7.9456
02015700,ifs,14,-0.6628,0.0864,0.1119,1.2027,241,7.9158
02016000,ifs,14,-0.9124,0.0836,0.1147,1.2258,241,7.4764
02017500,ifs,14,-1.3212,0.0393,0.1161,1.2691,241,7.5634
02018000,ifs,14,-1.3394,0.0345,0.1233,1.2945,241,7.2563
02027000,ifs,14,-1.1868,0.0048,0.1032,1.3902,241,7.7085
02027500,ifs,14,-0.9918,0.0548,0.1181,1.3212,241,7.6971
02028500,ifs,14,-0.9070,0.0742,0.0787,1.0850,241,7.7294
02038850,ifs,14,-1.0069,0.0234,0.0291,1.1009,241,8.3599
02046000,ifs,14,-0.8987,0.0514,0.0519,0.9696,241,9.4395
02051000,ifs,14,-0.4068,0.1783,0.1909,1.0068,241,8.6869
02051500,ifs,14,-0.5553,0.1794,0.1826,1.0519,241,8.3314
02053200,ifs,14,-0.6904,-0.0103,0.0044,0.9519,241,9.4354
02053800,ifs,14,-0.8478,0.0749,0.0752,0.9768,241,7.2611
02055100,ifs,14,-1.3543,-0.0965,0.1376,1.6155,241,7.3297
02056900,ifs,14,-1.1145,0.0418,0.0507,1.0747,241,8.6406
02059500,ifs,14,-1.4662,0.0066,0.0755,1.2272,241,7.2962
02064000,ifs,14,-1.9505,-0.1197,0.0023,1.3229,241,9.1717
02065500,ifs,14,-1.6820,-0.0286,0.0983,1.3012,241,8.6251
02069700,ifs,14,-0.5978,0.0433,0.0604,0.9276,241,8.9001
02070000,ifs,14,-0.5052,0.0780,0.1024,0.8915,241,8.5360
02074500,ifs,14,-0.5893,0.0542,0.0803,1.1626,241,9.3577
02077200,ifs,14,-1.1336,-0.0080,-0.0003,1.1065,241,8.0625
02081500,ifs,14,-0.9852,0.0142,0.0176,1.0818,241,8.9226
02082950,ifs,14,-1.2370,-0.0076,0.0505,1.2982,241,8.1429
02092500,ifs,14,-0.8027,0.0132,0.0191,1.0659,241,8.3936
02096846,ifs,14,-0.5644,-0.0239,0.0076,0.9292,241,11.2305
02102908,ifs,14,-0.6508,0.0631,0.0722,0.9457,241,10.7500
02108000,ifs,14,-0.7489,-0.0028,0.0055,0.9937,241,8.5453
02111180,ifs,14,-1.0376,-0.0479,-0.0465,0.9532,241,10.6122
02111500,ifs,14,-0.9216,-0.0527,-0.0357,0.8289,241,10.1515
02118500,ifs,14,-0.6945,0.0275,0.0477,0.8440,241,8.1241
02128000,ifs,14,-0.9921,0.0243,0.0245,1.0042,241,9.2798
02137727,ifs,14,-0.2832,0.0453,0.1134,0.9157,241,9.4834
02140991,ifs,14,-0.8811,-0.0418,-0.0364,0.9585,241,9.8061
02143000,ifs,14,-0.5413,-0.0030,0.0445,0.7934,241,8.7669
02143040,ifs,14,-0.7492,0.0025,0.0270,0.8106,241,9.2656
02149000,ifs,14,-0.1233,0.0038,0.1655,0.7148,241,10.4693
02152100,ifs,14,-1.0071,0.0378,0.0442,0.9001,241,9.4548
02177000,ifs,14,-0.5712,0.0469,0.0641,0.9682,241,11.2418
02178400,ifs,14,-0.9556,0.0263,0.0280,1.0581,241,10.6341
02193340,ifs,14,-0.2622,0.2376,0.2587,1.0580,241,8.1567
02196000,ifs,14,-0.3770,0.0965,0.1329,0.9160,241,9.4179
02198100,ifs,14,-0.3070,-0.0883,0.0281,0.7567,241,11.9101
02202600,ifs,14,-0.8948,-0.0276,-0.0242,1.0293,241,8.2203
02212600,ifs,14,-0.3307,0.0507,0.1121,0.8592,241,9.8157
02215100,ifs,14,-0.3589,0.0805,0.1296,0.8585,241,9.8378
02216180,ifs,14,-0.2633,-0.1311,0.0138,0.7294,241,11.1643
02221525,ifs,14,-0.3824,0.1121,0.1437,0.9253,241,8.9358
02231000,ifs,14,-0.4856,0.0633,0.1097,0.7849,241,8.1579
02231342,ifs,14,-0.4814,0.0829,0.1078,0.9083,241,8.2531
02235200,ifs,14,-0.1857,0.0722,0.2010,0.6937,241,7.4498
02245500,ifs,14,-0.3168,0.0650,0.1327,0.8161,241,7.5365
02246000,ifs,14,-0.4767,0.1016,0.1418,0.7915,241,7.1712
02296500,ifs,14,-0.4792,0.0718,0.1138,0.8053,241,7.3996
02297155,ifs,14,-0.2866,-0.1005,0.0434,0.6835,241,9.9177
02297310,ifs,14,-0.3354,-0.0742,0.0553,0.6726,241,9.1881
02298123,ifs,14,-0.3577,0.0393,0.1032,0.8258,241,8.3600
02298608,ifs,14,-0.2821,-0.1203,0.0447,0.6369,241,9.6895
02299950,ifs,14,-0.2941,-0.0694,0.0584,0.7105,241,8.9831
02300700,ifs,14,-0.2900,-0.0945,0.0338,0.7320,241,10.6208
02310947,ifs,14,-0.2611,-0.0697,0.0607,0.7401,241,8.6406
02312200,ifs,14,-0.2076,-0.0658,0.0812,0.7343,241,10.2233
02314500,ifs,14,-0.1702,0.1259,0.2264,0.7487,241,8.3512
02315500,ifs,14,-0.3061,0.0936,0.1717,0.7459,241,8.0580
02324400,ifs,14,-0.1872,0.0842,0.1953,0.7306,241,11.3093
02327100,ifs,14,-0.3859,0.0853,0.1477,0.7564,241,10.4573
02349900,ifs,14,-0.2477,0.0264,0.1304,0.7589,241,10.5334
02350900,ifs,14,-0.3818,0.0155,0.0945,0.7482,241,8.7731
02361000,ifs,14,-0.2822,0.1276,0.1879,0.8116,241,8.0664
02363000,ifs,14,-0.2549,0.0293,0.1287,0.7706,241,8.8095
02369800,ifs,14,-0.2329,-0.1269,0.0499,0.6405,241,14.3158
02371500,ifs,14,-0.2291,-0.0218,0.0987,0.7678,241,10.3897
02372250,ifs,14,-0.2684,-0.0128,0.0984,0.7472,241,10.2433
02374500,ifs,14,-0.2512,-0.0983,0.0496,0.7023,241,11.1647
02381600,ifs,14,-1.2262,0.0213,0.0323,1.0416,241,15.1290
02384540,ifs,14,-0.6736,0.0596,0.0720,1.1095,241,11.3045
02395120,ifs,14,-0.8940,0.0471,0.0721,1.2160,241,10.2880
02408540,ifs,14,-0.3869,0.0090,0.0872,0.7499,241,11.2285
02415000,ifs,14,-0.2663,-0.0525,0.0871,0.6729,241,11.6686
02422500,ifs,14,-0.3548,0.0174,0.0790,0.8833,241,10.1482
02427250,ifs,14,-0.4090,-0.0294,0.0411,0.8124,241,9.0661
02430085,ifs,14,-0.7613,0.0335,0.0492,1.1539,241,11.4110
02450250,ifs,14,-0.6522,-0.0001,0.0190,0.9133,241,12.5316
02464000,ifs,14,-0.3648,0.0772,0.1181,0.9478,241,13.0821
02465493,ifs,14,-0.2904,0.0092,0.0948,0.8253,241,9.6643
02469800,ifs,14,-0.4982,0.0195,0.0671,0.8039,241,11.0960
02472000,ifs,14,-0.0486,0.0850,0.2531,0.7009,241,10.6927
02472500,ifs,14,-0.0865,-0.0359,0.1774,0.6391,241,11.8452
02479155,ifs,14,-0.0067,0.0917,0.2649,0.7559,241,13.2057
02479300,ifs,14,0.0927,0.0932,0.3471,0.6699,241,16.6328
02481000,ifs,14,0.1332,0.0660,0.3876,0.6253,241,19.5129
02481510,ifs,14,0.0188,0.0642,0.2928,0.6373,241,17.0680
03010655,ifs,14,-0.7607,-0.0103,-0.0012,0.9598,241,8.7117
03011800,ifs,14,-0.7249,-0.0284,-0.0145,0.9588,241,10.0765
03015500,ifs,14,-0.9930,0.0241,0.0293,1.0971,241,9.0794
03021350,ifs,14,-0.7167,0.0724,0.0794,1.0883,241,9.7265
03026500,ifs,14,-0.7877,-0.0007,0.0057,0.9625,241,9.6734
03028000,ifs,14,-0.7490,-0.0021,0.0062,0.9925,241,9.8424
03049800,ifs,14,-0.9102,-0.0194,-0.0164,1.0465,241,12.1554
03050000,ifs,14,-0.4525,-0.0218,0.0241,0.9950,241,11.3459
03066000,ifs,14,-0.5633,-0.0283,0.0064,1.1016,241,10.5027
03069500,ifs,14,-0.5688,0.0028,0.0325,1.1108,241,9.7513
03070500,ifs,14,-0.9019,0.0334,0.0432,1.1370,241,10.5012
03076600,ifs,14,-0.4944,-0.0638,-0.0153,0.9432,241,10.9457
03078000,ifs,14,-0.5110,-0.0687,-0.0230,1.0279,241,10.8664
03140000,ifs,14,-0.8528,0.0453,0.0467,1.0439,241,9.6706
03144000,ifs,14,-0.5443,0.0032,0.0377,0.8720,241,10.9072
03159540,ifs,14,-0.3589,-0.0144,0.0532,0.8915,241,10.8786
03161000,ifs,14,-1.2837,-0.0411,-0.0364,1.0183,241,10.2535
03164000,ifs,14,-1.0618,-0.0207,-0.0200,0.9653,241,8.5330
03165000,ifs,14,-0.6350,-0.0237,0.0053,0.8642,241,9.3096
03170000,ifs,14,-0.8521,0.0241,0.0273,0.9385,241,7.5825
03173000,ifs,14,-1.4132,-0.0055,0.0266,1.1342,241,7.7017
03180500,ifs,14,-0.5901,0.0420,0.0669,1.1402,241,8.8182
03182500,ifs,14,-0.6829,0.0836,0.0953,1.1255,241,8.0705
03186500,ifs,14,-0.7152,0.0371,0.0482,1.0997,241,9.7142
03187500,ifs,14,-0.8011,0.0102,0.0230,1.1343,241,9.8383
03213700,ifs,14,-1.2100,-0.0019,0.0335,1.2313,241,10.4463
03237280,ifs,14,-0.5838,0.0558,0.0735,1.0870,241,9.7256
03237500,ifs,14,-0.5075,0.0017,0.0368,0.9230,241,9.8702
03241500,ifs,14,-0.4974,-0.0919,-0.0254,0.8114,241,12.1721
03280700,ifs,14,-1.5121,-0.0297,0.0192,1.1946,241,11.4226
03281100,ifs,14,-1.2736,-0.0049,0.0240,1.1869,241,10.4075
03281500,ifs,14,-1.1938,0.0202,0.0498,1.1945,241,9.8955
03285000,ifs,14,-0.4488,0.0220,0.0669,0.8688,241,10.8837
03291780,ifs,14,-0.4454,0.0088,0.0593,0.8489,241,12.4129
03300400,ifs,14,-0.2965,0.0663,0.1312,0.8601,241,11.0158
03340800,ifs,14,-0.3213,-0.1001,0.0212,0.7276,241,11.8577
03346000,ifs,14,-0.5359,-0.0151,0.0264,0.8483,241,10.7934
03364500,ifs,14,-0.2541,-0.0736,0.0540,0.7594,241,14.7606
03366500,ifs,14,-0.4487,0.0504,0.0876,0.8881,241,12.1588
03368000,ifs,14,-0.3275,-0.0138,0.0875,0.7228,241,15.0367
03384450,ifs,14,-1.2920,-0.0926,-0.0534,1.2787,241,14.3326
03439000,ifs,14,-0.5103,0.0364,0.0649,0.9213,241,9.7509
03450000,ifs,14,-0.6388,-0.0747,-0.0338,0.8285,241,8.3561
03455500,ifs,14,-0.6561,0.0204,0.0391,0.8857,241,9.2725
03456500,ifs,14,-0.5138,0.0388,0.0718,0.8678,241,8.3545
03460000,ifs,14,-0.8378,-0.0281,-0.0225,0.9898,241,9.7191
03463300,ifs,14,-0.6073,0.0356,0.0505,1.0120,241,10.0169
03471500,ifs,14,-1.0450,0.0042,0.0075,1.0760,241,8.6951
03473000,ifs,14,-1.1283,-0.0275,-0.0257,1.0475,241,9.1944
03479000,ifs,14,-1.7294,-0.0810,-0.0468,1.0202,241,9.9049
03488000,ifs,14,-1.3080,-0.0208,0.0008,1.1536,241,9.3784
03498500,ifs,14,-0.9702,-0.0446,-0.0421,1.0456,241,10.7384
03500000,ifs,14,-0.9148,0.0052,0.0081,1.0672,241,10.2092
03504000,ifs,14,-0.6768,0.0217,0.0364,0.9078,241,11.2878
03574500,ifs,14,-0.7802,-0.0277,-0.0160,1.0788,241,12.3314
03604000,ifs,14,-0.5390,0.0134,0.0409,0.9435,241,12.0392
04015330,ifs,14,-0.4927,-0.0498,-0.0023,0.9175,241,8.0018
04024430,ifs,14,-0.6866,0.0573,0.0634,1.0148,241,6.5348
04027000,ifs,14,-1.3300,-0.0967,-0.0134,1.3989,241,6.9039
04040500,ifs,14,-1.1215,0.1482,0.2088,1.1322,241,7.7351
04043050,ifs,14,-1.2538,0.0547,0.0767,0.9598,241,7.2885
04045500,ifs,14,-1.4989,-0.0555,0.0038,1.2688,241,8.0461
04056500,ifs,14,-1.3252,0.0089,0.0521,1.2090,241,7.2413
04057510,ifs,14,-1.1502,0.0038,0.0183,1.1444,241,8.1698
04057800,ifs,14,-0.9853,0.1411,0.1601,1.0704,241,7.5685
04059500,ifs,14,-1.4818,-0.0050,0.0676,1.2478,241,8.1504
04063700,ifs,14,-1.2598,-0.0695,-0.0027,1.3554,241,7.1392
04074950,ifs,14,-1.0912,-0.0426,-0.0351,1.1244,241,7.5858
04105700,ifs,14,-1.1695,0.0462,0.0724,1.1602,241,10.5811
04115265,ifs,14,-0.9734,0.0637,0.0908,1.2099,241,10.0632
04122200,ifs,14,-0.7096,0.1357,0.1687,1.2356,241,9.3878
04122500,ifs,14,-0.6686,0.1408,0.1450,1.0813,241,8.7295
04124000,ifs,14,-0.3150,0.0388,0.1172,0.7905,241,9.8479
04127997,ifs,14,-0.2784,0.0802,0.1570,0.7880,241,8.7295
04185000,ifs,14,-1.0125,0.0644,0.0687,1.0457,241,9.3031
04196800,ifs,14,-0.8172,0.0389,0.0422,1.0579,241,9.4926
04197100,ifs,14,-0.2982,0.1336,0.1721,0.9952,241,8.9800
04197170,ifs,14,-0.4387,0.1358,0.1547,1.0698,241,8.5684
04213000,ifs,14,-1.0627,0.0498,0.0977,1.2714,241,9.1911
04213075,ifs,14,-1.0955,0.0152,0.0803,1.3316,241,10.4133
04216418,ifs,14,-0.5464,0.0494,0.0761,0.8733,241,9.2014
04221000,ifs,14,-0.8273,-0.0049,-0.0006,1.0201,241,8.3856
04224775,ifs,14,-0.5360,0.0469,0.0675,0.9925,241,8.5162
04256000,ifs,14,-0.7161,0.1364,0.1409,1.0886,241,7.8811
04296000,ifs,14,-0.9666,0.0081,0.0316,1.2148,241,8.7523
05057000,ifs,14,-1.7105,-0.1423,-0.0408,1.3928,241,6.1303
05057200,ifs,14,-2.0075,-0.2362,-0.0064,1.6009,241,5.9746
05062500,ifs,14,-1.4975,-0.0300,0.1086,1.3990,241,6.9555
05087500,ifs,14,-1.1133,-0.0381,0.0101,1.3067,241,7.6911
05120500,ifs,14,-2.4766,-0.2156,0.0365,1.4299,241,7.4743
05123400,ifs,14,-1.5503,-0.0133,0.0287,1.0922,241,8.3286
05129115,ifs,14,-1.1879,0.0266,0.0653,1.2242,241,7.0061
05131500,ifs,14,-1.1325,0.0273,0.0609,1.2216,241,6.3853
05291000,ifs,14,-1.0232,-0.1141,-0.0383,1.4029,241,9.7222
05362000,ifs,14,-1.4598,-0.0987,-0.0197,1.3676,241,8.0468
05393500,ifs,14,-1.0121,-0.0235,0.0060,1.2441,241,7.9629
05399500,ifs,14,-0.9596,-0.0803,-0.0762,1.0121,241,9.8959
05408000,ifs,14,-0.6042,-0.0809,-0.0338,0.8187,241,11.3599
05412500,ifs,14,-0.8801,0.0020,0.0106,0.8798,241,10.3407
05413500,ifs,14,-0.7652,-0.0499,-0.0312,0.8808,241,11.4108
05414000,ifs,14,-0.7909,-0.0239,-0.0155,0.9643,241,11.2633
05444000,ifs,14,-1.0533,-0.0131,-0.0127,1.0260,241,10.3273
05454000,ifs,14,-0.8477,-0.0369,-0.0152,0.8127,241,11.7210
05458000,ifs,14,-0.7623,0.0108,0.0209,0.9085,241,10.4433
05466500,ifs,14,-0.2160,-0.1484,0.0559,0.5843,241,11.5922
05487980,ifs,14,-0.4695,-0.1264,-0.0336,0.7274,241,10.8648
05488200,ifs,14,-0.4426,-0.1436,-0.0435,0.7306,241,13.0630
05489000,ifs,14,-0.4029,-0.1859,-0.0511,0.6541,241,11.9372
05495000,ifs,14,-0.3690,-0.0701,0.0426,0.6885,241,8.5389
05495500,ifs,14,-0.2102,-0.1342,0.0747,0.5673,241,9.8503
05501000,ifs,14,-0.3452,-0.1029,0.0185,0.6986,241,11.6366
05503800,ifs,14,-0.5261,0.0171,0.0523,0.8642,241,9.7028
05507600,ifs,14,-0.3860,0.1432,0.1717,0.8829,241,7.7535
05508805,ifs,14,-0.5923,0.1715,0.1762,0.9192,241,8.1645
05514500,ifs,14,-0.5788,0.1462,0.1533,0.9160,241,8.8899
05525500,ifs,14,-0.4691,-0.0353,0.0209,0.8421,241,9.8525
05556500,ifs,14,-0.3175,-0.0732,0.0457,0.7164,241,10.3089
05584500,ifs,14,-0.1367,-0.1744,0.0825,0.5402,241,12.0673
05585000,ifs,14,-0.1335,-0.1501,0.0945,0.5649,241,11.0174
05591550,ifs,14,-0.4973,-0.0951,-0.0328,0.8453,241,11.1013
05592050,ifs,14,-0.8950,-0.0234,-0.0206,0.9846,241,10.4511
05592575,ifs,14,-0.4143,0.0492,0.1000,0.8260,241,11.5127
05593575,ifs,14,-0.9742,-0.0089,-0.0028,1.1101,241,11.5184
05593900,ifs,14,-0.5692,0.0481,0.0719,0.8768,241,10.9975
05595730,ifs,14,-0.9899,-0.0028,0.0028,1.1060,241,11.0296
06037500,ifs,14,-0.8147,-0.0566,-0.0465,1.0281,241,5.2394
06043500,ifs,14,-0.8849,-0.0975,-0.0876,0.9662,241,5.2052
06154410,ifs,14,-0.6171,-0.1026,-0.0631,1.0978,241,6.1836
06188000,ifs,14,-1.3916,-0.1168,-0.0920,1.2184,241,4.6414
06191500,ifs,14,-1.4531,-0.1124,-0.0919,1.1805,241,4.7647
06221400,ifs,14,-2.2777,-0.2727,-0.0490,1.5771,241,5.2980
06224000,ifs,14,-1.6784,-0.1611,-0.0244,1.4856,241,5.0480
06289000,ifs,14,-2.3732,-0.3410,0.1980,1.8189,241,5.2298
06332515,ifs,14,-1.8453,-0.1838,0.1360,1.6477,241,5.6728
06339100,ifs,14,-4.4083,-0.7281,-0.0207,1.9138,241,6.0810
06339500,ifs,14,-2.8175,-0.3404,-0.0107,1.5889,241,6.0544
06344600,ifs,14,-2.1990,-0.3055,-0.0405,1.6620,241,6.1590
06350000,ifs,14,-2.2582,-0.2077,-0.0337,1.4224,241,5.2202
06352000,ifs,14,-2.5636,-0.2622,0.0053,1.5024,241,4.6909
06353000,ifs,14,-2.5128,-0.2444,-0.0143,1.4541,241,4.9954
06354000,ifs,14,-1.9180,-0.1350,-0.0099,1.3655,241,4.9577
06360500,ifs,14,-1.8103,-0.1225,-0.0343,1.3112,241,4.2311
06404000,ifs,14,-0.8334,0.0797,0.1869,1.4188,241,4.4991
06406000,ifs,14,-1.0075,0.0594,0.1811,1.4242,241,4.2953
06408700,ifs,14,-1.1517,-0.0354,0.0798,1.4560,241,4.2364
06409000,ifs,14,-1.2820,-0.0432,0.1139,1.5024,241,4.2945
06431500,ifs,14,-0.8814,0.0043,0.0761,1.3712,241,4.4293
06440200,ifs,14,-0.6221,-0.0752,-0.0393,0.8848,241,5.4088
06441500,ifs,14,-0.7109,-0.0412,-0.0234,0.9349,241,4.5492
06447000,ifs,14,-0.6678,0.0021,0.0263,1.1501,241,4.2827
06447500,ifs,14,-0.7106,0.0098,0.0305,1.1557,241,4.9925
06450500,ifs,14,-0.2967,-0.0273,0.0572,0.9022,241,5.1658
06452000,ifs,14,-0.4126,0.0196,0.0638,1.0119,241,4.2365
06453600,ifs,14,-0.6818,-0.0035,0.0161,1.1176,241,6.9529
06464500,ifs,14,-0.1445,-0.0206,0.1154,0.8618,241,6.5948
06477500,ifs,14,-1.3450,-0.0792,-0.0172,1.3336,241,7.6258
06479215,ifs,14,-0.9547,-0.0843,-0.0265,1.3453,241,9.7726
06479438,ifs,14,-0.9449,-0.0903,-0.0219,1.3763,241,9.0533
06601000,ifs,14,-0.3363,-0.0368,0.0406,0.8963,241,8.6329
06614800,ifs,14,-0.2521,-0.0549,0.0471,1.0553,241,5.9976
06622700,ifs,14,-0.5092,-0.0805,-0.0322,1.0273,241,4.3700
06623800,ifs,14,-0.6189,-0.0584,0.0227,1.3497,241,4.8629
06632400,ifs,14,-0.7660,-0.0704,0.0026,1.3633,241,5.1422
06784000,ifs,14,-0.5529,0.1100,0.1194,1.0192,241,6.8225
06803510,ifs,14,-0.5656,-0.0962,-0.0457,0.8517,241,10.2966
06803530,ifs,14,-0.8358,-0.0779,-0.0660,0.9427,241,9.5664
06814000,ifs,14,-0.2179,-0.0829,0.0699,0.7042,241,8.3984
06846500,ifs,14,-0.7679,-0.0371,-0.0251,0.9490,241,5.5270
06847900,ifs,14,-0.4042,-0.0720,0.0012,0.8630,241,5.9783
06853800,ifs,14,-0.5662,-0.0785,-0.0301,0.8445,241,6.7136
06876700,ifs,14,-0.1215,-0.3040,0.0130,0.4763,241,10.4874
06878000,ifs,14,-0.0998,-0.2369,0.0748,0.4941,241,8.3839
06879650,ifs,14,-0.1992,-0.2827,-0.0045,0.4761,241,10.5169
06885500,ifs,14,-0.2266,-0.1744,0.0284,0.5912,241,9.7744
06888500,ifs,14,-0.1569,-0.2970,-0.0100,0.5100,241,10.7689
06889200,ifs,14,-0.2048,-0.1938,0.0141,0.6167,241,9.9214
06889500,ifs,14,-0.1759,-0.1960,0.0294,0.6028,241,9.4699
06892000,ifs,14,-0.2186,-0.1266,0.0473,0.6639,241,10.2047
06903400,ifs,14,-0.3322,-0.1665,-0.0229,0.6761,241,10.8903
06906800,ifs,14,-0.0967,-0.1162,0.1571,0.5267,241,11.3286
06910800,ifs,14,-0.2268,-0.2250,-0.0040,0.5681,241,10.5728
06911900,ifs,14,-0.2096,-0.2514,0.0005,0.5147,241,11.0989
06917000,ifs,14,-0.0259,-0.2184,0.1951,0.4046,241,11.1042
06918460,ifs,14,-0.3401,-0.0088,0.0707,0.8146,241,11.5503
06919500,ifs,14,-0.3064,0.0565,0.1371,0.7646,241,10.8649
06921070,ifs,14,-0.2411,-0.1174,0.0552,0.6346,241,12.6672
06921200,ifs,14,-0.2034,-0.1060,0.0759,0.6353,241,13.2411
06934000,ifs,14,-0.5049,0.0397,0.0684,0.9181,241,10.6216
07014500,ifs,14,-0.3357,-0.1220,-0.0098,0.7781,241,13.3901
07056000,ifs,14,-0.3936,0.1163,0.1427,1.0079,241,10.8149
07057500,ifs,14,-0.7357,0.0930,0.1168,1.2056,241,10.9669
07060710,ifs,14,-0.6330,0.0850,0.1236,1.2520,241,12.8552
07066000,ifs,14,-0.7304,0.0490,0.0693,1.1799,241,10.8873
07067000,ifs,14,-0.9464,0.0189,0.0443,1.2214,241,10.2159
07068000,ifs,14,-1.1371,0.0031,0.0492,1.2788,241,10.0552
07071500,ifs,14,-1.1142,0.0252,0.0776,1.2876,241,10.7554
07083000,ifs,14,-1.0442,-0.1738,0.1424,1.7942,241,4.1215
07142300,ifs,14,-0.7312,-0.0495,-0.0324,1.0662,241,6.9026
07145700,ifs,14,-0.1674,-0.2156,-0.0072,0.6887,241,12.5259
07148400,ifs,14,-1.4066,-0.0942,-0.0580,1.2491,241,6.8935
07149000,ifs,14,-1.2817,-0.0575,-0.0406,1.1649,241,6.3518
07151500,ifs,14,-0.4102,-0.0836,-0.0132,0.9086,241,9.3113
07167500,ifs,14,-0.1838,0.0023,0.1441,0.7003,241,8.5899
07180500,ifs,14,-0.3040,-0.0461,0.0617,0.7510,241,9.1981
07184000,ifs,14,-0.1377,-0.1318,0.0892,0.6109,241,13.9693
07195800,ifs,14,-0.4012,0.0111,0.0597,1.0353,241,12.9975
07196900,ifs,14,-0.3813,0.0855,0.1219,1.0578,241,11.4495
07197000,ifs,14,-0.4198,0.0920,0.1195,1.0081,241,11.1646
07208500,ifs,14,-1.3647,-0.3370,0.1867,2.0221,241,3.9791
07226500,ifs,14,-1.4077,-0.1754,0.1020,1.7091,241,3.8064
07261000,ifs,14,-0.8868,0.0475,0.0779,1.2378,241,12.3672
07263295,ifs,14,-0.5168,0.1170,0.1465,1.1900,241,11.3893
07290650,ifs,14,-0.1608,0.0449,0.1699,0.7582,241,10.3140
07291000,ifs,14,-0.0793,0.1981,0.2941,0.7780,241,10.0732
07292500,ifs,14,-0.1013,0.2262,0.2983,0.8206,241,10.2523
07295000,ifs,14,-0.2379,0.0908,0.1648,0.8446,241,12.2973
07299670,ifs,14,-0.4593,0.1313,0.1663,1.2013,241,5.4986
07301410,ifs,14,-0.4664,-0.1168,0.0389,1.4919,241,6.7684
07301500,ifs,14,-1.0636,-0.2213,0.1267,1.8434,241,4.6488
07315200,ifs,14,-0.2900,0.2675,0.2791,1.0602,241,7.6830
07315700,ifs,14,-0.7634,0.0432,0.0803,1.2597,241,7.8760
07335700,ifs,14,-0.3217,0.0277,0.0965,0.8589,241,12.5768
07340300,ifs,14,-0.8655,0.1461,0.1663,1.1489,241,11.3408
07346045,ifs,14,-1.3389,-0.0083,0.0642,1.3062,241,11.0330
07359610,ifs,14,-0.5358,0.1418,0.1482,1.0010,241,12.7751
07362100,ifs,14,-0.9862,0.0532,0.2433,1.5122,241,9.9582
07362587,ifs,14,-0.5521,0.0783,0.0922,1.0026,241,12.8833
07373000,ifs,14,-0.2292,0.2020,0.2370,0.9526,241,10.0738
07375000,ifs,14,-0.2625,0.0972,0.1561,0.9150,241,15.2553
07376000,ifs,14,-0.2228,0.1993,0.2393,0.9090,241,13.1521
08013000,ifs,14,-0.1604,0.1321,0.2085,0.8997,241,10.9484
08014500,ifs,14,-0.3903,0.1790,0.1945,0.9509,241,11.6364
08023080,ifs,14,-0.3652,0.2226,0.2428,1.1396,241,10.8480
08025500,ifs,14,-0.1192,0.1294,0.2280,0.8251,241,11.8099
08029500,ifs,14,-0.3759,0.0349,0.0890,0.8753,241,13.5462
08050800,ifs,14,-0.3383,0.0758,0.1216,0.9581,241,11.0465
08066200,ifs,14,-0.2157,-0.0331,0.1033,0.7205,241,15.4710
08066300,ifs,14,-0.1377,-0.1497,0.0481,0.7290,241,18.8744
08070000,ifs,14,-0.5579,0.0284,0.0510,0.9445,241,11.2948
08070200,ifs,14,-0.4770,0.0108,0.0505,0.8985,241,11.2548
08079600,ifs,14,-3.1993,-0.5991,0.1104,1.9998,241,6.1854
08082700,ifs,14,-0.6556,0.0456,0.1766,1.4825,241,6.8742
08086212,ifs,14,-0.4046,0.1115,0.1433,1.1149,241,7.3050
08086290,ifs,14,-0.3921,0.1361,0.1678,1.1395,241,7.2369
08101000,ifs,14,-0.5545,0.1231,0.1381,1.1225,241,7.6418
08103900,ifs,14,-0.3245,-0.0200,0.0672,0.8031,241,10.6622
08104900,ifs,14,-0.1448,0.0081,0.1507,0.7508,241,11.2170
08109700,ifs,14,-0.4267,-0.0726,-0.0106,0.9624,241,12.6429
08150800,ifs,14,-0.2713,-0.1899,-0.0243,0.6764,241,11.9587
08155200,ifs,14,-0.1461,0.3122,0.3317,1.0102,241,8.8458
08158700,ifs,14,-0.0127,0.2799,0.3443,0.9513,241,7.8086
08158810,ifs,14,-0.4030,0.2856,0.2863,1.0251,241,8.7426
08164000,ifs,14,-0.4257,0.0332,0.0721,0.9911,241,8.8317
08164300,ifs,14,-0.2910,-0.1064,0.0061,0.8346,241,10.9261
08164600,ifs,14,-0.6682,0.0523,0.0635,1.0856,241,9.6281
08165300,ifs,14,-0.2192,-0.2450,-0.0480,0.6728,241,10.5039
08171300,ifs,14,0.0301,0.1762,0.3101,0.8854,241,8.2759
08175000,ifs,14,-0.3336,-0.0805,0.0118,0.8558,241,10.0233
08176900,ifs,14,-0.6402,0.0464,0.0609,1.0923,241,8.8079
08178880,ifs,14,-0.2467,-0.2050,-0.0486,0.7845,241,11.8734
08189500,ifs,14,-0.2463,0.0649,0.1366,0.9171,241,8.2334
08190000,ifs,14,-0.1407,-0.3060,-0.0470,0.6170,241,15.3772
08190500,ifs,14,-0.1525,-0.2779,-0.0421,0.6602,241,14.7663
08194200,ifs,14,-0.1829,-0.0808,0.0715,0.7620,241,9.4221
08195000,ifs,14,-0.1402,-0.3233,-0.0580,0.6095,241,13.8744
08196000,ifs,14,-0.1326,-0.3068,-0.0479,0.6354,241,15.8328
08198500,ifs,14,-0.1715,-0.2616,-0.0377,0.6610,241,13.5513
08200000,ifs,14,-0.2148,-0.2123,-0.0389,0.7634,241,13.2760
08202700,ifs,14,-0.1389,-0.2314,0.0018,0.6623,241,13.7769
08267500,ifs,14,-0.4676,0.0111,0.0897,1.3103,241,4.5891
08269000,ifs,14,-0.9160,-0.1167,0.1160,1.6812,241,3.8867
08271000,ifs,14,-0.4257,0.0236,0.0891,1.2378,241,4.7099
08324000,ifs,14,-1.5894,-0.6247,0.1661,2.3591,241,3.7109
08377900,ifs,14,-0.7639,-0.2110,0.1665,1.8783,241,4.9633
08378500,ifs,14,-0.8848,-0.2218,0.1852,1.9084,241,4.5001
08380500,ifs,14,-1.1295,-0.2277,0.1580,1.8782,241,4.4537
09034900,ifs,14,-0.2589,0.2223,0.2536,1.1220,241,4.4251
09035900,ifs,14,-0.7463,0.1352,0.2371,1.3927,241,3.8514
09047700,ifs,14,-1.3572,-0.2171,0.0958,1.7916,241,4.2465
09065500,ifs,14,-0.7691,0.0608,0.1959,1.4816,241,3.9566
09066000,ifs,14,-0.9883,-0.0309,0.1740,1.6024,241,3.5745
09066200,ifs,14,-0.8158,0.0604,0.2042,1.4900,241,4.2439
09066300,ifs,14,-0.7140,0.0978,0.2231,1.4539,241,4.0124
09081600,ifs,14,-0.3146,-0.0896,0.0207,1.2202,241,4.9769
09107000,ifs,14,-0.8711,-0.1869,0.1118,1.7871,241,3.3623
09210500,ifs,14,-1.7170,-0.1016,0.0360,1.4166,241,3.8290
09223000,ifs,14,-1.1453,0.0124,0.0500,1.2440,241,4.1735
09306242,ifs,14,-1.3276,-0.3979,-0.0434,1.9279,241,4.2979
09312600,ifs,14,-0.5271,0.0478,0.1050,1.2775,241,3.8217
09352900,ifs,14,-0.6424,-0.1775,0.0598,1.6852,241,5.6428
09378170,ifs,14,-0.5348,0.0188,0.0445,1.0020,241,4.3104
09378630,ifs,14,-0.5093,-0.0052,0.0288,0.9685,241,4.4980
09386900,ifs,14,-1.7380,-0.5041,0.1540,2.1729,241,3.7542
09404450,ifs,14,-0.7461,0.1284,0.1716,1.2669,241,3.8683
09430500,ifs,14,-1.4394,-0.0765,0.2596,1.6448,241,3.5734
09430600,ifs,14,-1.4371,-0.0215,0.2116,1.5081,241,4.6674
09447800,ifs,14,-4.0931,-0.7237,0.1782,1.9651,241,3.7077
09480000,ifs,14,-1.4146,-0.0554,0.1116,1.4902,241,5.4608
09484000,ifs,14,-1.6084,-0.1601,0.1339,1.6677,241,5.3745
09484600,ifs,14,-1.0855,0.0503,0.1410,1.3614,241,4.3099
09492400,ifs,14,-0.4808,0.1930,0.3114,1.4178,241,5.7567
09494000,ifs,14,-1.1622,-0.0535,0.3105,1.6962,241,4.9707
09497800,ifs,14,-1.7775,-0.1577,0.1383,1.6223,241,5.0208
09497980,ifs,14,-1.4567,-0.0526,0.2085,1.5552,241,5.5589
09505200,ifs,14,-1.3679,-0.0665,0.2363,1.6222,241,4.7451
09505350,ifs,14,-0.9863,0.1121,0.2178,1.3533,241,4.5156
09505800,ifs,14,-1.7409,-0.1118,0.2018,1.5727,241,5.4189
09508300,ifs,14,-3.7376,-0.4402,0.1600,1.4133,241,6.6255
09510200,ifs,14,-4.4584,-0.6870,0.1013,1.7659,241,7.2027
09512280,ifs,14,-7.9499,-1.5395,0.0582,2.4500,241,8.2755
09513780,ifs,14,-10.6526,-1.8536,0.0444,2.4078,241,8.8109
10023000,ifs,14,-0.3901,0.0266,0.0760,1.0806,241,4.2202
10166430,ifs,14,-0.5022,-0.0524,-0.0010,0.8623,241,4.3719
10172700,ifs,14,-0.9653,-0.0430,-0.0108,1.2552,241,3.8173
10172800,ifs,14,-0.8338,-0.0594,-0.0473,1.0879,241,4.9367
10173450,ifs,14,-0.3805,0.1709,0.2145,1.2265,241,4.1982
10205030,ifs,14,-0.6046,0.0417,0.0735,1.1938,241,3.8396
10234500,ifs,14,-0.2838,0.2159,0.2409,1.0887,241,3.9244
10242000,ifs,14,-0.2466,0.1120,0.1704,0.9178,241,4.2047
10244950,ifs,14,-0.5445,0.1041,0.1194,1.0959,241,3.5385
10249300,ifs,14,-0.7455,0.1401,0.1719,1.2265,241,2.9783
10258000,ifs,14,-0.5384,0.0838,0.2706,1.5524,241,4.4100
10258500,ifs,14,-2.8256,-0.9318,0.3104,2.4995,241,3.5494
10259000,ifs,14,-1.0441,-0.0050,0.3007,1.6247,241,3.9304
10259200,ifs,14,-2.3237,-0.9578,0.2456,2.6345,241,3.6466
10263500,ifs,14,0.1170,0.0580,0.3730,0.5121,241,5.4981
10310500,ifs,14,-1.3142,0.0120,0.0284,1.0382,241,5.5119
10316500,ifs,14,-0.5100,0.0972,0.1181,0.8907,241,4.5517
10329500,ifs,14,-0.4822,-0.0455,0.0044,0.8968,241,3.9726
10336645,ifs,14,-0.9836,0.0210,0.0239,0.9276,241,11.5322
10336660,ifs,14,-0.8214,0.0219,0.0355,0.8482,241,12.0326
10343500,ifs,14,-2.0832,-0.1013,0.0037,1.1445,241,9.4537
10348850,ifs,14,-0.3904,-0.0949,0.0317,0.6272,241,10.7102
10396000,ifs,14,-1.1515,0.0232,0.0505,1.1940,241,4.9135
11098000,ifs,14,0.1445,-0.0550,0.3953,0.4283,241,7.5393
11124500,ifs,14,0.1388,-0.0196,0.3799,0.5046,241,6.4160
11141280,ifs,14,0.1632,-0.1355,0.4775,0.3201,241,5.7514
11143000,ifs,14,0.0381,-0.2197,0.2512,0.3351,241,9.9002
11148900,ifs,14,0.1331,0.0055,0.3827,0.4737,241,5.0720
11151300,ifs,14,0.1091,-0.0965,0.3498,0.4261,241,3.5197
11162500,ifs,14,-0.0598,-0.1097,0.1627,0.5420,241,6.5133
11176400,ifs,14,-0.1676,-0.0254,0.1496,0.6148,241,3.6481
11180500,ifs,14,-0.2532,-0.0154,0.1023,0.7269,241,4.2569
11180960,ifs,14,-0.2219,-0.0817,0.0875,0.6218,241,5.0465
11224500,ifs,14,0.1312,0.0055,0.3764,0.5019,241,3.0267
11253310,ifs,14,-0.0308,-0.0250,0.2135,0.5991,241,2.6872
11264500,ifs,14,-0.5625,0.0599,0.0794,1.0918,241,5.9189
11266500,ifs,14,-0.5257,0.0539,0.0751,1.0364,241,6.3018
11274500,ifs,14,-0.0847,-0.0541,0.1886,0.5294,241,3.3581
11274630,ifs,14,-0.1840,0.0326,0.1654,0.6921,241,3.1905
11284400,ifs,14,-0.4579,0.0077,0.0624,0.8044,241,6.1065
11299600,ifs,14,-0.4716,-0.0033,0.0658,0.7302,241,5.9940
11381500,ifs,14,-0.5918,-0.0909,-0.0195,0.7062,241,11.3889
11383500,ifs,14,-0.6846,-0.0807,-0.0257,0.7252,241,11.8964
11451100,ifs,14,-3.4712,-0.3909,-0.0122,1.4377,241,10.9329
11468500,ifs,14,-3.0718,-0.3544,-0.0005,1.5235,241,13.4491
11473900,ifs,14,-2.5283,-0.2149,-0.0129,1.3457,241,12.8748
11475560,ifs,14,-1.1124,-0.0079,-0.0046,0.9366,241,18.9349
11476600,ifs,14,-3.8552,-0.5451,-0.0009,1.6886,241,16.1595
11478500,ifs,14,-2.5649,-0.2152,0.0085,1.3534,241,13.8905
11480390,ifs,14,-2.9079,-0.2984,-0.0117,1.4317,241,13.6921
11481200,ifs,14,-1.7513,-0.1188,0.0883,1.5048,241,13.1557
11482500,ifs,14,-1.4130,0.0055,0.0864,1.2800,241,13.8034
11522500,ifs,14,-3.4080,-0.4667,0.0263,1.6778,241,12.5110
11523200,ifs,14,-2.3098,-0.1401,-0.0205,1.0961,241,11.9417
11528700,ifs,14,-2.4556,-0.1828,-0.0059,1.2727,241,11.2259
11532500,ifs,14,-1.2507,0.0741,0.1371,1.2098,241,16.5556
12010000,ifs,14,-0.0421,0.0556,0.2630,0.6223,241,11.6202
12013500,ifs,14,-0.1204,0.1241,0.2512,0.7026,241,9.4489
12020000,ifs,14,-0.1941,0.0534,0.1920,0.6566,241,8.1677
12025000,ifs,14,-0.2243,-0.0135,0.1335,0.6576,241,7.9627
12025700,ifs,14,-0.3909,0.0556,0.1097,0.8224,241,7.6442
12035000,ifs,14,0.1283,0.2421,0.4503,0.6063,241,10.3095
12040500,ifs,14,0.0031,0.3324,0.4171,0.7361,241,12.6933
12041200,ifs,14,0.0238,0.2811,0.4102,0.6704,241,13.8025
12043000,ifs,14,0.0069,0.2718,0.3921,0.6916,241,10.9614
12048000,ifs,14,-0.8337,0.1990,0.2592,1.2272,241,7.0779
12054000,ifs,14,-0.0943,0.3223,0.3585,0.8668,241,9.3272
12056500,ifs,14,-0.0795,0.3872,0.4224,0.8102,241,12.2955
12073500,ifs,14,-0.1074,0.2024,0.2888,0.7763,241,5.9717
12082500,ifs,14,-0.3375,0.0859,0.1454,0.8086,241,11.0515
12092000,ifs,14,-0.2716,0.0255,0.1248,0.7534,241,10.8745
12095000,ifs,14,-0.4438,0.0934,0.1199,0.9247,241,8.8566
12114500,ifs,14,-0.1632,-0.1213,0.1059,0.5680,241,12.4189
12115000,ifs,14,-0.1628,-0.1160,0.1076,0.5742,241,12.3529
12115500,ifs,14,-0.1665,-0.0523,0.1300,0.6415,241,12.4135
12117000,ifs,14,-0.1579,-0.0173,0.1507,0.6696,241,12.2381
12141300,ifs,14,-0.1385,-0.0719,0.1427,0.5989,241,14.2167
12143600,ifs,14,-0.1444,-0.0521,0.1383,0.6465,241,13.3891
12144000,ifs,14,-0.1493,-0.0182,0.1483,0.6875,241,12.5626
12145500,ifs,14,-0.1323,0.0301,0.1897,0.6838,241,9.8384
12147600,ifs,14,-0.1166,-0.0755,0.1626,0.5671,241,17.2502
12167000,ifs,14,-0.1669,0.1468,0.2354,0.7756,241,12.1064
12175500,ifs,14,-0.2475,0.2127,0.2523,0.8475,241,8.7957
12186000,ifs,14,-0.1827,0.0716,0.1990,0.6909,241,12.6324
12189500,ifs,14,-0.2039,0.1390,0.2204,0.7758,241,10.7301
12358500,ifs,14,-0.2881,-0.1325,0.0328,0.6359,241,7.8292
12377150,ifs,14,-0.4386,-0.2156,-0.0334,0.5210,241,7.8265
12381400,ifs,14,-0.3982,-0.1957,-0.0259,0.5697,241,7.0876
12390700,ifs,14,-0.6132,0.0488,0.0683,0.8784,241,5.8372
12411000,ifs,14,-0.3134,-0.0314,0.0757,0.7352,241,6.0944
12414500,ifs,14,-0.4559,0.0044,0.0695,0.7609,241,6.7734
12447390,ifs,14,-0.6842,0.0242,0.0427,1.1369,241,3.5869
12451000,ifs,14,-0.4479,0.2577,0.2589,1.0353,241,6.7064
12488500,ifs,14,-0.1647,-0.0428,0.1257,0.6763,241,8.6944
13011500,ifs,14,-1.4936,-0.0722,-0.0524,1.1158,241,5.7491
13011900,ifs,14,-1.3768,-0.0802,-0.0607,1.1718,241,5.4034
13018300,ifs,14,-0.9863,-0.0901,-0.0838,1.0770,241,5.1917
13023000,ifs,14,-1.2852,-0.0733,-0.0544,1.1855,241,4.5794
13161500,ifs,14,-1.9809,-0.2736,-0.0138,1.6734,241,3.6628
13235000,ifs,14,-1.6045,-0.0786,-0.0494,1.1225,241,7.0483
13240000,ifs,14,-0.9733,-0.0154,-0.0069,0.8701,241,8.0017
13310700,ifs,14,-1.4411,-0.0316,-0.0124,1.0638,241,6.8085
13313000,ifs,14,-1.0352,-0.0339,-0.0228,0.8494,241,7.4411
13331500,ifs,14,-0.8013,0.0156,0.0199,1.0353,241,6.7170
13337000,ifs,14,-0.5333,-0.0590,0.0085,0.7458,241,7.3696
13338500,ifs,14,-1.0966,-0.0224,-0.0220,1.0180,241,6.5956
13340000,ifs,14,-0.7270,-0.0237,-0.0023,0.8577,241,6.6048
13340600,ifs,14,-0.4008,-0.0871,0.0270,0.6730,241,7.9337
14020000,ifs,14,-0.5608,0.0895,0.1008,0.9977,241,6.0440
14092750,ifs,14,-2.0583,-0.0748,0.1242,1.2742,241,9.9421
14096850,ifs,14,-2.1309,-0.1465,0.0389,1.3831,241,6.2644
14137000,ifs,14,-0.5088,0.1334,0.1543,0.8530,241,10.5391
14138800,ifs,14,-0.2857,0.0309,0.1464,0.6697,241,13.2455
14138870,ifs,14,-0.2606,0.0536,0.1606,0.7022,241,13.5811
14138900,ifs,14,-0.1609,-0.0146,0.1722,0.5975,241,15.4634
14139800,ifs,14,-0.2954,0.0483,0.1532,0.6863,241,13.3829
14141500,ifs,14,-0.3957,0.1131,0.1589,0.8005,241,11.8811
14154500,ifs,14,-2.0881,-0.0681,0.2009,1.2712,241,9.8432
14158500,ifs,14,-1.5575,0.0688,0.1972,1.1065,241,11.3739
14158790,ifs,14,-0.9552,0.1642,0.1885,0.9201,241,12.7141
14166500,ifs,14,-0.8835,0.1775,0.1923,1.0346,241,8.8021
14182500,ifs,14,-0.7908,0.1799,0.1909,0.9105,241,10.8670
14185000,ifs,14,-1.3165,0.1230,0.2101,1.0601,241,10.9438
14185900,ifs,14,-0.7705,0.1787,0.1941,0.8708,241,11.4981
14187000,ifs,14,-1.0825,0.1685,0.2177,0.9727,241,10.8080
14216500,ifs,14,-0.3774,0.1882,0.2186,0.8251,241,10.9271
14222500,ifs,14,-0.1157,-0.0519,0.1701,0.5771,241,15.7508
14236200,ifs,14,-0.1898,0.0679,0.1842,0.7264,241,9.3770
14301000,ifs,14,-0.1615,-0.0432,0.1371,0.6414,241,9.6358
14303200,ifs,14,-0.2029,-0.1065,0.1049,0.5483,241,12.7508
14305500,ifs,14,-0.2221,-0.0744,0.1131,0.5738,241,15.2221
14306340,ifs,14,-0.7747,0.1354,0.1498,0.8480,241,9.4480
14306500,ifs,14,-0.6558,0.1149,0.1358,0.8148,241,9.8435
14308990,ifs,14,-3.2706,-0.4019,0.0956,1.5878,241,9.2892
14309500,ifs,14,-1.9086,-0.0201,0.2083,1.2235,241,11.4808
14316700,ifs,14,-2.9168,-0.2677,0.1769,1.3811,241,10.5136
14325000,ifs,14,-1.6452,0.0555,0.2107,1.0948,241,13.6595
14362250,ifs,14,-5.0649,-0.8556,0.0272,1.9531,241,10.2485
14400000,ifs,14,-1.5092,0.0590,0.1627,1.1537,241,17.9091
01013500,aifs,1,0.6345,0.7251,0.8054,1.1645,241,3.3308
01022500,aifs,1,0.5994,0.6753,0.7745,1.0525,241,3.9904
01030500,aifs,1,0.6903,0.7573,0.8311,1.0455,241,3.0134
01031500,aifs,1,0.6349,0.6958,0.7985,1.1178,241,3.4358
01047000,aifs,1,0.5717,0.6464,0.7572,1.0910,241,4.0026
01052500,aifs,1,0.4126,0.5334,0.6922,1.3327,241,4.2646
01054200,aifs,1,0.6208,0.6651,0.7895,1.0478,241,4.4472
01055000,aifs,1,0.5551,0.6730,0.7485,1.0827,241,3.8247
01057000,aifs,1,0.5111,0.6589,0.7203,1.0300,241,4.2234
01073000,aifs,1,0.4716,0.6681,0.7117,1.1233,241,4.3944
01078000,aifs,1,0.5994,0.7258,0.7820,1.1152,241,3.9706
01118300,aifs,1,0.4501,0.4469,0.6807,0.8231,241,8.5355
01121000,aifs,1,0.6408,0.7004,0.8020,0.8943,241,4.9321
01123000,aifs,1,0.5867,0.6492,0.7680,0.8736,241,5.5621
01134500,aifs,1,0.5754,0.6555,0.7613,1.1213,241,4.2297
01137500,aifs,1,0.5673,0.6574,0.7608,1.1734,241,4.2834
01139000,aifs,1,0.5155,0.5676,0.7388,1.3096,241,4.3024
01139800,aifs,1,0.5131,0.6428,0.7207,1.0768,241,4.8195
01142500,aifs,1,0.5356,0.6217,0.7664,1.2922,241,3.9213
01144000,aifs,1,0.6136,0.7261,0.7894,1.1155,241,3.8556
01169000,aifs,1,0.7355,0.7853,0.8647,1.1593,241,3.5616
01170100,aifs,1,0.7500,0.7612,0.8760,1.2026,241,3.3754
01181000,aifs,1,0.6276,0.7950,0.8189,1.0936,241,4.6022
01187300,aifs,1,0.4881,0.6017,0.8112,1.2855,241,4.7192
01195100,aifs,1,0.4950,0.5645,0.7062,0.8463,241,6.8110
01333000,aifs,1,0.5509,0.6761,0.7771,1.2343,241,4.6767
01350000,aifs,1,0.3790,0.4576,0.6157,1.0151,241,7.9367
01350080,aifs,1,0.4079,0.5566,0.6483,1.1056,241,6.0542
01350140,aifs,1,0.5096,0.5857,0.7141,1.0350,241,5.2188
01365000,aifs,1,0.4531,0.5796,0.6788,1.1133,241,6.2006
01411300,aifs,1,0.4102,0.3688,0.6622,0.7965,241,8.2590
01413500,aifs,1,0.4923,0.4922,0.7135,0.9255,241,6.7831
01414500,aifs,1,0.4425,0.4693,0.6709,1.0125,241,7.5668
01415000,aifs,1,0.6329,0.6096,0.8096,0.9828,241,4.7491
01423000,aifs,1,0.6368,0.6031,0.8142,0.9322,241,4.6724
01434025,aifs,1,0.4492,0.4688,0.6772,0.9267,241,7.9321
01435000,aifs,1,0.4439,0.4963,0.6679,0.9841,241,7.5048
01439500,aifs,1,0.5856,0.6229,0.7684,0.8723,241,4.8922
01440000,aifs,1,0.6126,0.6288,0.7873,0.8891,241,5.0069
01440400,aifs,1,0.5727,0.5362,0.7718,0.7840,241,5.4900
01451800,aifs,1,0.5651,0.7003,0.7554,0.9758,241,4.4941
01466500,aifs,1,0.5476,0.6540,0.7414,0.9371,241,4.8198
01484100,aifs,1,0.5627,0.6195,0.7511,1.0142,241,5.1370
01485500,aifs,1,0.4652,0.5000,0.6856,0.8762,241,6.8504
01486000,aifs,1,0.4576,0.4815,0.6818,0.8976,241,7.0879
01487000,aifs,1,0.5453,0.5898,0.7407,1.0026,241,5.5584
01491000,aifs,1,0.5802,0.7008,0.7723,1.1557,241,3.9998
01510000,aifs,1,0.6501,0.6890,0.8080,0.9977,241,4.2973
01516500,aifs,1,0.6399,0.7260,0.8012,0.9289,241,3.4138
01518862,aifs,1,0.5665,0.6600,0.7547,0.9112,241,4.0300
01532000,aifs,1,0.4994,0.5695,0.7078,0.9184,241,4.9210
01539000,aifs,1,0.5140,0.5842,0.7199,0.8702,241,5.0419
01542810,aifs,1,0.5121,0.6472,0.7204,0.9350,241,4.5708
01543000,aifs,1,0.5649,0.6931,0.7559,0.9336,241,4.1766
01543500,aifs,1,0.6072,0.6655,0.7817,0.8920,241,4.2739
01544500,aifs,1,0.5911,0.7027,0.7708,0.9477,241,3.9981
01545600,aifs,1,0.5860,0.6931,0.7664,0.9793,241,4.1399
01547700,aifs,1,0.3366,0.3137,0.5955,0.8111,241,8.7181
01548500,aifs,1,0.5990,0.7201,0.7773,0.9406,241,3.7146
01549500,aifs,1,0.5887,0.6718,0.7674,0.9650,241,4.2007
01550000,aifs,1,0.5068,0.5722,0.7129,0.9311,241,5.1294
01552000,aifs,1,0.4463,0.4792,0.6729,0.8732,241,6.2031
01552500,aifs,1,0.5282,0.6129,0.7286,0.9019,241,4.8031
01557500,aifs,1,0.4809,0.4119,0.7261,0.7485,241,6.7836
01567500,aifs,1,0.5402,0.5344,0.7449,0.8320,241,5.2698
01568000,aifs,1,0.6015,0.6173,0.7809,0.8469,241,4.3423
01580000,aifs,1,0.6535,0.7781,0.8117,1.0184,241,3.6525
01583500,aifs,1,0.6412,0.7646,0.8054,1.0677,241,3.6913
01586610,aifs,1,0.5984,0.7296,0.7770,1.0246,241,3.9518
01591400,aifs,1,0.5571,0.5359,0.7583,0.8060,241,5.3934
01596500,aifs,1,0.3564,0.4687,0.6000,0.9439,241,5.8552
01605500,aifs,1,0.5035,0.5415,0.7134,0.8908,241,4.6897
01606500,aifs,1,0.5746,0.6184,0.7608,0.9072,241,4.0436
01613050,aifs,1,0.4978,0.5528,0.7103,0.8315,241,4.6741
01620500,aifs,1,0.5972,0.6680,0.7729,1.0143,241,3.5777
01632000,aifs,1,0.4970,0.4185,0.7393,0.6590,241,5.0478
01632900,aifs,1,0.4513,0.4312,0.6881,0.7163,241,5.0875
01634500,aifs,1,0.4850,0.4937,0.7064,0.7682,241,4.9784
01638480,aifs,1,0.5584,0.6020,0.7503,0.8636,241,4.5582
01639500,aifs,1,0.6024,0.7320,0.7793,1.0149,241,3.8656
01644000,aifs,1,0.6441,0.6360,0.8098,0.8219,241,3.8462
01658500,aifs,1,0.5443,0.5206,0.7506,0.7942,241,4.8850
01664000,aifs,1,0.5528,0.5107,0.7611,0.7299,241,4.5921
01666500,aifs,1,0.5333,0.5054,0.7455,0.7462,241,4.6740
01667500,aifs,1,0.5486,0.5377,0.7521,0.7691,241,4.3931
01669000,aifs,1,0.4550,0.4981,0.6773,0.9289,241,5.9726
01669520,aifs,1,0.5184,0.5489,0.7243,0.9408,241,5.5822
02011400,aifs,1,0.5553,0.6378,0.7460,0.9295,241,3.9853
02011460,aifs,1,0.5253,0.6153,0.7248,0.9828,241,4.3727
02013000,aifs,1,0.4602,0.5211,0.6830,0.8365,241,4.6044
02014000,aifs,1,0.5373,0.6124,0.7361,0.8699,241,3.8140
02015700,aifs,1,0.5462,0.6091,0.7397,1.0179,241,4.1354
02016000,aifs,1,0.5852,0.6962,0.7660,0.9982,241,3.4819
02017500,aifs,1,0.5231,0.6789,0.7304,0.9608,241,3.4283
02018000,aifs,1,0.5698,0.7348,0.7637,0.9924,241,3.1115
02027000,aifs,1,0.5130,0.6780,0.7351,1.1450,241,3.6377
02027500,aifs,1,0.5416,0.6891,0.7426,1.0649,241,3.6927
02028500,aifs,1,0.5603,0.6727,0.7510,0.9257,241,3.7117
02038850,aifs,1,0.4730,0.5971,0.6921,0.9061,241,4.2839
02046000,aifs,1,0.4527,0.5867,0.6781,0.9157,241,5.0679
02051000,aifs,1,0.5201,0.5478,0.7255,0.8803,241,5.0739
02051500,aifs,1,0.4487,0.5910,0.6753,0.9430,241,4.9602
02053200,aifs,1,0.5100,0.6751,0.7239,1.0606,241,5.0799
02053800,aifs,1,0.5248,0.5897,0.7307,0.8197,241,3.6822
02055100,aifs,1,0.3932,0.5900,0.6736,1.2278,241,3.7212
02056900,aifs,1,0.5272,0.5499,0.7328,0.8081,241,4.0858
02059500,aifs,1,0.5529,0.7443,0.7595,0.9875,241,3.1067
02064000,aifs,1,0.5489,0.6895,0.7487,1.1007,241,3.5861
02065500,aifs,1,0.6053,0.7274,0.7823,1.0798,241,3.3086
02069700,aifs,1,0.5111,0.4994,0.7264,0.8059,241,4.9233
02070000,aifs,1,0.5241,0.4999,0.7375,0.7877,241,4.7995
02074500,aifs,1,0.5377,0.5298,0.7472,0.9924,241,5.0470
02077200,aifs,1,0.3351,0.6341,0.6473,1.0725,241,4.5009
02081500,aifs,1,0.4494,0.6497,0.6893,1.0560,241,4.6988
02082950,aifs,1,0.4378,0.5976,0.7438,1.3043,241,4.0822
02092500,aifs,1,0.4612,0.6596,0.7377,1.2168,241,4.5888
02096846,aifs,1,0.3192,0.4006,0.5663,0.9184,241,7.4086
02102908,aifs,1,0.6240,0.6247,0.7963,0.8872,241,5.1308
02108000,aifs,1,0.5438,0.7420,0.7607,1.0787,241,4.3644
02111180,aifs,1,0.4439,0.4428,0.6783,0.7680,241,5.5438
02111500,aifs,1,0.4666,0.4739,0.6923,0.7911,241,5.3483
02118500,aifs,1,0.4790,0.6081,0.6992,0.8786,241,4.5047
02128000,aifs,1,0.4919,0.6683,0.7132,0.9495,241,4.6866
02137727,aifs,1,0.5172,0.4195,0.7591,0.7266,241,5.8173
02140991,aifs,1,0.5061,0.5131,0.7206,0.8105,241,5.0245
02143000,aifs,1,0.5562,0.5544,0.7541,0.8130,241,4.7045
02143040,aifs,1,0.5180,0.5653,0.7247,0.8169,241,4.8639
02149000,aifs,1,0.4479,0.3197,0.7237,0.6505,241,7.3400
02152100,aifs,1,0.5728,0.6183,0.7605,0.8427,241,4.3622
02177000,aifs,1,0.4894,0.5210,0.7046,0.8415,241,6.4084
02178400,aifs,1,0.5026,0.6103,0.7132,0.8825,241,5.3631
02193340,aifs,1,0.4370,0.5887,0.6681,1.0536,241,5.4478
02196000,aifs,1,0.5232,0.5037,0.7368,0.8353,241,5.5420
02198100,aifs,1,0.3323,0.2636,0.6050,0.6771,241,8.5128
02202600,aifs,1,0.3551,0.5166,0.6065,0.9975,241,4.7957
02212600,aifs,1,0.5056,0.5531,0.7134,0.9120,241,5.9830
02215100,aifs,1,0.3296,0.3679,0.5809,0.7937,241,6.9099
02216180,aifs,1,0.3078,0.2703,0.5734,0.7464,241,8.2641
02221525,aifs,1,0.5777,0.6454,0.7606,0.9463,241,4.9388
02231000,aifs,1,0.5504,0.5457,0.7545,0.8426,241,4.4879
02231342,aifs,1,0.3367,0.4548,0.5838,1.0153,241,5.5226
02235200,aifs,1,0.3876,0.4528,0.6272,0.8706,241,5.3541
02245500,aifs,1,0.3537,0.4648,0.5970,0.9845,241,5.2799
02246000,aifs,1,0.4972,0.5915,0.7065,0.9310,241,4.1846
02296500,aifs,1,0.4405,0.4851,0.6724,0.8382,241,4.5508
02297155,aifs,1,0.3302,0.2776,0.6103,0.7436,241,7.1560
02297310,aifs,1,0.3905,0.3205,0.6749,0.7058,241,6.2074
02298123,aifs,1,0.2474,0.2927,0.5073,0.8175,241,6.2241
02298608,aifs,1,0.2472,0.2126,0.5300,0.6910,241,7.4249
02299950,aifs,1,0.2642,0.2789,0.5246,0.8008,241,6.7734
02300700,aifs,1,0.2808,0.2533,0.5472,0.8179,241,7.9301
02310947,aifs,1,0.3757,0.3913,0.6212,0.8840,241,6.0797
02312200,aifs,1,0.2757,0.2542,0.5398,0.8202,241,7.9177
02314500,aifs,1,0.4552,0.4235,0.6968,0.7795,241,5.6982
02315500,aifs,1,0.5053,0.4862,0.7288,0.7904,241,4.9592
02324400,aifs,1,0.3462,0.2939,0.6175,0.7372,241,8.3927
02327100,aifs,1,0.3803,0.3888,0.6301,0.7753,241,6.9926
02349900,aifs,1,0.2760,0.2757,0.5395,0.7183,241,8.0237
02350900,aifs,1,0.4230,0.4951,0.6570,0.8182,241,5.6690
02361000,aifs,1,0.4960,0.5786,0.7073,0.8755,241,5.0574
02363000,aifs,1,0.5025,0.5575,0.7114,0.8822,241,5.5472
02369800,aifs,1,0.3785,0.2684,0.6726,0.6652,241,10.1638
02371500,aifs,1,0.4387,0.4455,0.6712,0.8314,241,7.0213
02372250,aifs,1,0.4423,0.4636,0.6724,0.8063,241,6.7921
02374500,aifs,1,0.3497,0.4007,0.5976,0.7974,241,8.0492
02381600,aifs,1,0.3492,0.4153,0.5948,0.8430,241,8.1800
02384540,aifs,1,0.4229,0.5090,0.6521,0.8985,241,6.6384
02395120,aifs,1,0.4184,0.5973,0.6655,1.1241,241,5.7009
02408540,aifs,1,0.3569,0.4737,0.6042,0.8736,241,7.6462
02415000,aifs,1,0.3302,0.3938,0.5827,0.7901,241,8.4861
02422500,aifs,1,0.4329,0.5926,0.6659,1.0233,241,6.5659
02427250,aifs,1,0.3858,0.5918,0.6425,0.9677,241,5.9855
02430085,aifs,1,0.5473,0.6112,0.7405,0.9724,241,5.7849
02450250,aifs,1,0.5472,0.5169,0.7536,0.7833,241,6.5607
02464000,aifs,1,0.4858,0.4753,0.7100,0.8632,241,8.0299
02465493,aifs,1,0.5938,0.6820,0.7706,1.0050,241,5.4222
02469800,aifs,1,0.5193,0.6047,0.7227,0.8866,241,6.2853
02472000,aifs,1,0.6150,0.6431,0.7873,0.8798,241,6.4791
02472500,aifs,1,0.5066,0.5816,0.7159,0.8318,241,7.9822
02479155,aifs,1,0.5478,0.4531,0.7826,0.7989,241,8.8509
02479300,aifs,1,0.4773,0.2721,0.8217,0.6338,241,12.6252
02481000,aifs,1,0.3936,0.1699,0.8031,0.5577,241,16.3201
02481510,aifs,1,0.4637,0.2479,0.8093,0.5793,241,12.6185
03010655,aifs,1,0.5291,0.6323,0.7295,0.9213,241,4.5051
03011800,aifs,1,0.4644,0.5512,0.6830,0.9130,241,5.6150
03015500,aifs,1,0.5247,0.7142,0.7444,1.0886,241,4.4341
03021350,aifs,1,0.5252,0.6624,0.7286,1.0310,241,5.1151
03026500,aifs,1,0.5022,0.5958,0.7102,0.9201,241,5.1044
03028000,aifs,1,0.5111,0.6000,0.7159,0.9337,241,5.2036
03049800,aifs,1,0.5209,0.5684,0.7240,0.9468,241,6.0876
03050000,aifs,1,0.4069,0.4341,0.6445,0.8694,241,7.2501
03066000,aifs,1,0.4210,0.4352,0.6588,0.8307,241,6.3916
03069500,aifs,1,0.4884,0.5244,0.7038,0.8901,241,5.5688
03070500,aifs,1,0.4944,0.6468,0.7090,0.9940,241,5.4145
03076600,aifs,1,0.3382,0.3992,0.5856,0.8580,241,7.2843
03078000,aifs,1,0.3143,0.3968,0.5622,0.9317,241,7.3201
03140000,aifs,1,0.3799,0.5045,0.6212,0.9242,241,5.5947
03144000,aifs,1,0.3333,0.3526,0.5895,0.7605,241,7.1667
03159540,aifs,1,0.2465,0.3362,0.5099,0.8180,241,8.1006
03161000,aifs,1,0.4002,0.4726,0.6391,0.8202,241,5.2546
03164000,aifs,1,0.5080,0.5650,0.7197,0.8151,241,4.1682
03165000,aifs,1,0.5121,0.4370,0.7446,0.7146,241,5.0855
03170000,aifs,1,0.5174,0.5561,0.7271,0.7962,241,3.8707
03173000,aifs,1,0.4795,0.6066,0.7039,0.8431,241,3.5768
03180500,aifs,1,0.4891,0.5793,0.6994,1.0171,241,4.9986
03182500,aifs,1,0.5345,0.6474,0.7323,1.0244,241,4.2445
03186500,aifs,1,0.4633,0.5388,0.6844,0.8745,241,5.4342
03187500,aifs,1,0.4604,0.5481,0.6812,0.8962,241,5.3849
03213700,aifs,1,0.4969,0.5564,0.7070,0.9061,241,4.9844
03237280,aifs,1,0.3472,0.4902,0.5969,0.9581,241,6.2439
03237500,aifs,1,0.3648,0.4775,0.6078,0.9193,241,6.4071
03241500,aifs,1,0.3874,0.3643,0.6403,0.7918,241,7.7852
03280700,aifs,1,0.4603,0.5735,0.6796,1.0103,241,5.2943
03281100,aifs,1,0.3913,0.5722,0.6392,1.0100,241,5.3849
03281500,aifs,1,0.5066,0.6402,0.7148,0.9983,241,4.6928
03285000,aifs,1,0.4955,0.5157,0.7103,0.8930,241,6.4223
03291780,aifs,1,0.4495,0.4234,0.6907,0.8590,241,7.6603
03300400,aifs,1,0.4645,0.4564,0.6942,0.8184,241,7.0796
03340800,aifs,1,0.4459,0.4556,0.6765,0.8804,241,7.6785
03346000,aifs,1,0.4794,0.5584,0.6929,0.9391,241,6.2841
03364500,aifs,1,0.4067,0.3072,0.6935,0.7309,241,10.1526
03366500,aifs,1,0.4566,0.4270,0.6964,0.8434,241,7.4469
03368000,aifs,1,0.3847,0.2646,0.6850,0.6634,241,10.2373
03384450,aifs,1,0.4312,0.4875,0.6579,0.9412,241,7.1402
03439000,aifs,1,0.4951,0.5010,0.7152,0.7735,241,5.6379
03450000,aifs,1,0.4586,0.5027,0.6835,0.8216,241,4.8027
03455500,aifs,1,0.4946,0.5456,0.7134,0.7857,241,5.1226
03456500,aifs,1,0.4421,0.4588,0.6846,0.7066,241,5.0721
03460000,aifs,1,0.3476,0.4604,0.6039,0.8142,241,5.7907
03463300,aifs,1,0.4559,0.3912,0.7087,0.6863,241,5.8281
03471500,aifs,1,0.4065,0.5243,0.6462,0.8553,241,4.6842
03473000,aifs,1,0.3701,0.5011,0.6216,0.8427,241,5.0022
03479000,aifs,1,0.4129,0.5528,0.6554,0.8545,241,4.5937
03488000,aifs,1,0.3980,0.5275,0.6386,0.8865,241,4.7899
03498500,aifs,1,0.3830,0.5172,0.6275,0.8885,241,6.0092
03500000,aifs,1,0.4850,0.6257,0.7022,0.9291,241,5.2944
03504000,aifs,1,0.4224,0.4645,0.6619,0.7570,241,6.6250
03574500,aifs,1,0.5605,0.5758,0.7548,0.9006,241,6.1273
03604000,aifs,1,0.5223,0.5200,0.7319,0.7984,241,6.7077
04015330,aifs,1,0.4349,0.5318,0.6600,0.9565,241,4.9233
04024430,aifs,1,0.4801,0.6768,0.7182,1.1227,241,3.6280
04027000,aifs,1,0.4287,0.5404,0.6961,1.3274,241,3.4187
04040500,aifs,1,0.3739,0.5429,0.6232,1.0312,241,4.2022
04043050,aifs,1,0.3717,0.5617,0.6266,0.9826,241,3.8483
04045500,aifs,1,0.4645,0.6356,0.7003,1.1420,241,3.7247
04056500,aifs,1,0.3634,0.6040,0.6652,1.1998,241,3.7891
04057510,aifs,1,0.3626,0.5791,0.6290,1.0563,241,4.4482
04057800,aifs,1,0.4765,0.6202,0.6952,1.0347,241,3.8864
04059500,aifs,1,0.4806,0.6646,0.7085,1.0726,241,3.7285
04063700,aifs,1,0.4060,0.5744,0.6917,1.2857,241,3.6602
04074950,aifs,1,0.3672,0.6143,0.6528,1.1261,241,4.1728
04105700,aifs,1,0.4385,0.5176,0.6624,0.9599,241,5.3831
04115265,aifs,1,0.4403,0.5155,0.6637,0.9785,241,5.3594
04122200,aifs,1,0.5254,0.6192,0.7259,1.0770,241,4.9463
04122500,aifs,1,0.5676,0.6723,0.7557,1.0886,241,4.4440
04124000,aifs,1,0.5520,0.5003,0.7650,0.8045,241,5.7481
04127997,aifs,1,0.5669,0.5901,0.7577,0.8725,241,5.0813
04185000,aifs,1,0.4455,0.5363,0.6704,0.8827,241,4.8832
04196800,aifs,1,0.4488,0.5344,0.6713,0.9159,241,5.2277
04197100,aifs,1,0.3886,0.4443,0.6250,0.9134,241,6.1627
04197170,aifs,1,0.4188,0.5117,0.6474,0.9737,241,5.4461
04213000,aifs,1,0.5221,0.6800,0.7357,1.1144,241,4.4242
04213075,aifs,1,0.4954,0.6166,0.7097,1.1192,241,5.1099
04216418,aifs,1,0.6665,0.6884,0.8200,0.9072,241,4.2730
04221000,aifs,1,0.5642,0.6704,0.7523,0.9557,241,4.0950
04224775,aifs,1,0.5617,0.6401,0.7495,0.9948,241,4.5492
04256000,aifs,1,0.5756,0.7355,0.7747,1.1109,241,3.9193
04296000,aifs,1,0.5478,0.5955,0.7625,1.3005,241,4.1970
05057000,aifs,1,0.5137,0.6239,0.7611,1.2903,241,2.5967
05057200,aifs,1,0.2651,0.5097,0.6468,1.3396,241,2.9535
05062500,aifs,1,0.1054,0.4786,0.5298,1.2171,241,4.1630
05087500,aifs,1,0.5100,0.5897,0.7147,1.0782,241,3.7033
05120500,aifs,1,0.5273,0.6385,0.7572,1.2634,241,2.7561
05123400,aifs,1,0.5159,0.6889,0.7291,1.0436,241,3.6285
05129115,aifs,1,0.4363,0.6041,0.6844,1.1833,241,3.5562
05131500,aifs,1,0.4562,0.6522,0.7149,1.1882,241,3.2244
05291000,aifs,1,0.4413,0.4526,0.6686,1.1950,241,5.1088
05362000,aifs,1,0.3490,0.5691,0.6409,1.2029,241,4.1398
05393500,aifs,1,0.2804,0.5065,0.5748,1.1389,241,4.7619
05399500,aifs,1,0.3354,0.4928,0.5900,0.9800,241,5.7630
05408000,aifs,1,0.3651,0.4824,0.6074,0.9481,241,7.1465
05412500,aifs,1,0.6491,0.7381,0.8059,1.0072,241,4.4673
05413500,aifs,1,0.6604,0.6737,0.8173,0.9818,241,5.0051
05414000,aifs,1,0.6241,0.6639,0.7919,1.0320,241,5.1604
05444000,aifs,1,0.5433,0.6379,0.7626,1.2641,241,4.8705
05454000,aifs,1,0.4394,0.6052,0.6718,1.0104,241,6.4564
05458000,aifs,1,0.3825,0.5620,0.6325,0.9642,241,6.1820
05466500,aifs,1,0.5968,0.5613,0.7870,0.8447,241,6.6755
05487980,aifs,1,0.3312,0.5008,0.5902,0.9472,241,7.3295
05488200,aifs,1,0.3470,0.4237,0.5900,0.9095,241,8.7892
05489000,aifs,1,0.3390,0.4393,0.5861,0.8851,241,8.1937
05495000,aifs,1,0.4281,0.6111,0.6674,0.9921,241,5.5189
05495500,aifs,1,0.4576,0.4752,0.6830,0.8431,241,6.5942
05501000,aifs,1,0.2961,0.3345,0.5463,0.8642,241,8.4175
05503800,aifs,1,0.3797,0.5139,0.6208,1.0115,241,6.1863
05507600,aifs,1,0.5048,0.6545,0.7199,1.1056,241,4.6346
05508805,aifs,1,0.5788,0.7097,0.7646,1.0497,241,4.1990
05514500,aifs,1,0.4090,0.5907,0.6529,1.0177,241,5.4390
05525500,aifs,1,0.4697,0.6209,0.6912,0.9845,241,5.9193
05556500,aifs,1,0.4841,0.5970,0.6970,0.9635,241,6.4510
05584500,aifs,1,0.4213,0.3908,0.6686,0.8265,241,8.6100
05585000,aifs,1,0.4483,0.4346,0.6838,0.8529,241,7.6862
05591550,aifs,1,0.4165,0.4912,0.6458,0.9410,241,6.9298
05592050,aifs,1,0.4222,0.5646,0.6560,1.0683,241,5.7711
05592575,aifs,1,0.3982,0.4438,0.6348,0.8397,241,7.5101
05593575,aifs,1,0.2438,0.4468,0.5274,0.9871,241,7.1286
05593900,aifs,1,0.3562,0.4638,0.6003,0.9108,241,7.0443
05595730,aifs,1,0.2958,0.5043,0.5722,1.0134,241,6.5613
06037500,aifs,1,0.8351,0.8248,0.9157,1.1028,241,1.5794
06043500,aifs,1,0.8348,0.8746,0.9163,1.0875,241,1.5409
06154410,aifs,1,0.3113,0.4752,0.5745,0.9049,241,4.0356
06188000,aifs,1,0.7076,0.7472,0.8674,1.2120,241,1.6230
06191500,aifs,1,0.8201,0.7785,0.9201,1.2043,241,1.2903
06221400,aifs,1,0.6217,0.7361,0.8063,1.1722,241,1.7999
06224000,aifs,1,0.6330,0.7255,0.8029,1.1517,241,1.8686
06289000,aifs,1,0.6317,0.6420,0.8348,1.3156,241,1.7281
06332515,aifs,1,0.2434,0.4593,0.6183,1.3817,241,2.9253
06339100,aifs,1,0.4482,0.5000,0.7645,1.4295,241,1.9424
06339500,aifs,1,0.6496,0.6885,0.8224,1.2525,241,1.8343
06344600,aifs,1,0.5028,0.6060,0.7116,1.1161,241,2.4280
06350000,aifs,1,0.7083,0.8189,0.8453,1.0523,241,1.5621
06352000,aifs,1,0.5722,0.7262,0.8115,1.1737,241,1.6253
06353000,aifs,1,0.5264,0.6687,0.8029,1.2305,241,1.8342
06354000,aifs,1,0.5906,0.7372,0.8044,1.1726,241,1.8571
06360500,aifs,1,0.3987,0.5835,0.7651,1.2932,241,1.9571
06404000,aifs,1,0.4099,0.5610,0.6599,1.1910,241,2.5524
06406000,aifs,1,0.3852,0.5880,0.6577,1.1823,241,2.3770
06408700,aifs,1,0.3670,0.5841,0.6414,1.1374,241,2.2978
06409000,aifs,1,0.3692,0.5833,0.6437,1.1488,241,2.2579
06431500,aifs,1,0.4369,0.5885,0.6718,1.1143,241,2.4232
06440200,aifs,1,0.4294,0.5521,0.6578,1.0411,241,3.2080
06441500,aifs,1,0.3786,0.6437,0.6696,1.1135,241,2.7416
06447000,aifs,1,0.3707,0.5799,0.6319,1.0341,241,2.6306
06447500,aifs,1,0.0078,0.3658,0.4075,1.1120,241,3.8024
06450500,aifs,1,0.1922,0.4044,0.4867,0.9988,241,4.0774
06452000,aifs,1,0.3515,0.5633,0.6181,1.0396,241,2.8705
06453600,aifs,1,0.2605,0.4510,0.5374,0.9748,241,4.6105
06464500,aifs,1,0.2945,0.3583,0.5438,0.8992,241,5.1780
06477500,aifs,1,0.0537,0.4103,0.4533,1.1521,241,4.8443
06479215,aifs,1,0.3908,0.4026,0.6288,1.2173,241,5.4555
06479438,aifs,1,0.2965,0.3625,0.5517,1.2435,241,5.4449
06601000,aifs,1,0.1939,0.3121,0.4568,0.9870,241,6.7050
06614800,aifs,1,0.5833,0.4185,0.8428,0.7337,241,3.4600
06622700,aifs,1,0.6871,0.6334,0.8416,0.8157,241,1.9897
06623800,aifs,1,0.7297,0.6858,0.8646,0.8791,241,1.9869
06632400,aifs,1,0.7194,0.6742,0.8611,0.9166,241,2.0498
06784000,aifs,1,0.4809,0.5370,0.6950,0.9259,241,3.9445
06803510,aifs,1,0.0867,0.2136,0.3560,0.9265,241,7.8645
06803530,aifs,1,0.0772,0.2929,0.3850,1.0179,241,6.7826
06814000,aifs,1,0.3077,0.4574,0.5655,0.9909,241,6.3319
06846500,aifs,1,0.4398,0.4952,0.6673,0.8033,241,3.1113
06847900,aifs,1,0.2938,0.4382,0.5571,0.8724,241,4.2395
06853800,aifs,1,0.0650,0.3646,0.4173,1.0204,241,5.1872
06876700,aifs,1,0.2702,0.2484,0.5275,0.7274,241,8.4601
06878000,aifs,1,0.1854,0.3412,0.4638,0.8933,241,7.2156
06879650,aifs,1,0.2972,0.3264,0.5534,0.7433,241,8.0511
06885500,aifs,1,0.3174,0.3800,0.5670,0.8312,241,7.2919
06888500,aifs,1,0.2103,0.2798,0.4709,0.7998,241,8.8969
06889200,aifs,1,0.2395,0.3694,0.5047,0.8982,241,7.8826
06889500,aifs,1,0.2191,0.3771,0.4936,0.9148,241,7.7175
06892000,aifs,1,0.2197,0.3575,0.4890,0.8993,241,8.1659
06903400,aifs,1,0.2053,0.3926,0.4904,0.9327,241,8.4114
06906800,aifs,1,0.4178,0.3926,0.6625,0.7311,241,8.2541
06910800,aifs,1,0.1985,0.3036,0.4670,0.8166,241,8.5460
06911900,aifs,1,0.1848,0.2640,0.4512,0.7781,241,9.1113
06917000,aifs,1,0.3113,0.3403,0.5659,0.7527,241,9.0982
06918460,aifs,1,0.4130,0.4072,0.6535,0.8007,241,7.6444
06919500,aifs,1,0.3905,0.4720,0.6281,0.8557,241,7.4214
06921070,aifs,1,0.3649,0.2941,0.6339,0.6800,241,9.0611
06921200,aifs,1,0.3215,0.2848,0.5837,0.7320,241,9.9424
06934000,aifs,1,0.3384,0.4157,0.5866,0.8362,241,7.0427
07014500,aifs,1,0.2565,0.2328,0.5185,0.7149,241,9.9903
07056000,aifs,1,0.2290,0.3135,0.4915,0.8135,241,8.0440
07057500,aifs,1,0.3131,0.4250,0.5659,0.8933,241,6.8990
07060710,aifs,1,0.2750,0.3070,0.5276,0.8280,241,8.5658
07066000,aifs,1,0.3180,0.4283,0.5694,0.8998,241,6.8347
07067000,aifs,1,0.3679,0.5216,0.6162,0.9364,241,5.8219
07068000,aifs,1,0.3796,0.5620,0.6311,0.9633,241,5.4176
07071500,aifs,1,0.3005,0.4802,0.5685,0.9367,241,6.1867
07083000,aifs,1,0.6830,0.6969,0.8337,1.2206,241,1.6231
07142300,aifs,1,0.1681,0.2394,0.4304,0.7843,241,4.7848
07145700,aifs,1,0.2700,0.2197,0.5338,0.7438,241,9.9051
07148400,aifs,1,0.0180,0.2708,0.3551,0.8807,241,4.4036
07149000,aifs,1,0.0722,0.4278,0.4566,0.9595,241,4.0504
07151500,aifs,1,0.2701,0.3614,0.5267,0.8451,241,6.6988
07167500,aifs,1,0.2864,0.4469,0.5504,0.9745,241,6.6694
07180500,aifs,1,0.2318,0.3883,0.5049,0.9047,241,7.0599
07184000,aifs,1,0.3471,0.3183,0.6057,0.8090,241,10.5820
07195800,aifs,1,0.3295,0.3457,0.5789,0.8801,241,8.9909
07196900,aifs,1,0.3321,0.4340,0.5782,0.9661,241,7.9617
07197000,aifs,1,0.3544,0.4603,0.5981,0.9215,241,7.5284
07208500,aifs,1,0.6084,0.6786,0.7803,1.0468,241,1.6192
07226500,aifs,1,0.4270,0.4705,0.6571,0.7960,241,1.8569
07261000,aifs,1,0.4764,0.4897,0.6972,0.8463,241,6.5149
07263295,aifs,1,0.4854,0.5031,0.7028,0.8710,241,6.6342
07290650,aifs,1,0.3359,0.5509,0.6066,0.9726,241,7.8016
07291000,aifs,1,0.3402,0.5957,0.6254,0.9698,241,7.8761
07292500,aifs,1,0.3340,0.6044,0.6281,0.9532,241,7.9731
07295000,aifs,1,0.3963,0.5709,0.6428,0.9386,241,8.5879
07299670,aifs,1,0.1950,0.2584,0.4518,0.8238,241,4.0840
07301410,aifs,1,0.2959,0.2124,0.5772,0.7287,241,4.6901
07301500,aifs,1,0.4601,0.5088,0.6801,0.8891,241,2.3779
07315200,aifs,1,0.2941,0.4330,0.5556,0.8790,241,5.6835
07315700,aifs,1,0.1719,0.4431,0.5084,1.1661,241,5.3971
07335700,aifs,1,0.2843,0.2740,0.5454,0.6963,241,9.2545
07340300,aifs,1,0.4994,0.5384,0.7110,0.8233,241,5.8749
07346045,aifs,1,0.4743,0.6181,0.6935,0.9707,241,5.2307
07359610,aifs,1,0.3898,0.3316,0.6476,0.6700,241,8.0525
07362100,aifs,1,0.4750,0.6443,0.7002,1.0675,241,5.1195
07362587,aifs,1,0.4102,0.3836,0.6552,0.7545,241,7.9417
07373000,aifs,1,0.6130,0.6156,0.7909,0.9586,241,5.6526
07375000,aifs,1,0.2829,0.3679,0.5380,0.8492,241,11.4974
07376000,aifs,1,0.3211,0.5075,0.5884,0.9157,241,9.7996
08013000,aifs,1,0.6380,0.5714,0.8251,0.8995,241,6.1146
08014500,aifs,1,0.6508,0.6199,0.8199,0.9049,241,5.8318
08023080,aifs,1,0.5304,0.5885,0.7294,0.9964,241,6.3622
08025500,aifs,1,0.5991,0.5116,0.8124,0.8642,241,7.0681
08029500,aifs,1,0.4602,0.4768,0.6852,0.8827,241,8.4847
08050800,aifs,1,0.4056,0.4316,0.6411,0.8133,241,7.3618
08066200,aifs,1,0.4668,0.4830,0.6884,0.8146,241,10.2456
08066300,aifs,1,0.3483,0.3501,0.5986,0.8757,241,14.2856
08070000,aifs,1,0.5452,0.7039,0.7481,1.0767,241,6.1029
08070200,aifs,1,0.5823,0.7165,0.7674,1.0499,241,5.9850
08079600,aifs,1,0.3040,0.4191,0.5604,0.8531,241,2.5182
08082700,aifs,1,0.2679,0.4090,0.5298,1.0165,241,4.5711
08086212,aifs,1,0.2166,0.3816,0.4924,0.9391,241,5.4555
08086290,aifs,1,0.2839,0.4464,0.5488,0.9764,241,5.1903
08101000,aifs,1,0.4551,0.6051,0.6833,1.0997,241,4.5244
08103900,aifs,1,0.4174,0.4414,0.6506,0.8443,241,7.0716
08104900,aifs,1,0.4152,0.4071,0.6544,0.8101,241,8.0171
08109700,aifs,1,0.3886,0.4414,0.6246,0.9532,241,8.2761
08150800,aifs,1,0.6157,0.5531,0.8027,0.8187,241,6.5751
08155200,aifs,1,0.3841,0.5532,0.6335,1.0921,241,6.4846
08158700,aifs,1,0.4272,0.6071,0.6712,1.1164,241,5.8726
08158810,aifs,1,0.4357,0.6394,0.6825,1.0881,241,5.5448
08164000,aifs,1,0.6507,0.7024,0.8083,1.1420,241,4.3715
08164300,aifs,1,0.5854,0.6078,0.7702,1.0065,241,6.1914
08164600,aifs,1,0.4723,0.5913,0.6929,1.1367,241,5.4150
08165300,aifs,1,0.6725,0.7178,0.8210,1.0088,241,5.4437
08171300,aifs,1,0.5066,0.6280,0.7151,1.0902,241,5.9026
08175000,aifs,1,0.5075,0.6004,0.7125,0.9785,241,6.0908
08176900,aifs,1,0.6472,0.7047,0.8068,1.1532,241,4.0849
08178880,aifs,1,0.4945,0.5662,0.7035,1.0115,241,7.5608
08189500,aifs,1,0.5471,0.6309,0.7406,1.1010,241,4.9633
08190000,aifs,1,0.5823,0.4296,0.8426,0.8031,241,9.3053
08190500,aifs,1,0.5231,0.3985,0.7941,0.8057,241,9.4987
08194200,aifs,1,0.4105,0.3412,0.6663,0.7355,241,6.6513
08195000,aifs,1,0.6425,0.5244,0.8534,0.8874,241,7.7693
08196000,aifs,1,0.5177,0.4179,0.7792,0.8525,241,10.3321
08198500,aifs,1,0.5391,0.4974,0.7569,0.8833,241,8.4998
08200000,aifs,1,0.3180,0.4039,0.5650,0.9446,241,9.9471
08202700,aifs,1,0.3424,0.3715,0.5879,0.8583,241,10.4684
08267500,aifs,1,0.5601,0.3691,0.8332,0.6706,241,2.5125
08269000,aifs,1,0.6143,0.5953,0.7947,0.8786,241,1.7438
08271000,aifs,1,0.5402,0.3335,0.8310,0.6342,241,2.6748
08324000,aifs,1,0.5886,0.6105,0.7712,0.8638,241,1.4792
08377900,aifs,1,0.3984,0.3804,0.6469,0.8060,241,2.8985
08378500,aifs,1,0.4991,0.4983,0.7172,0.8671,241,2.3198
08380500,aifs,1,0.4742,0.4605,0.7027,0.8283,241,2.2130
09034900,aifs,1,0.6362,0.5209,0.8412,0.8073,241,2.3789
09035900,aifs,1,0.7120,0.7469,0.8450,1.0022,241,1.5641
09047700,aifs,1,0.6838,0.7294,0.8278,1.0393,241,1.5553
09065500,aifs,1,0.6737,0.7132,0.8222,0.9877,241,1.6992
09066000,aifs,1,0.6283,0.7282,0.8073,1.1778,241,1.5455
09066200,aifs,1,0.6413,0.6644,0.8045,0.9494,241,1.8863
09066300,aifs,1,0.6522,0.6842,0.8100,0.9596,241,1.8074
09081600,aifs,1,0.6985,0.6740,0.8464,1.0211,241,2.3833
09107000,aifs,1,0.6566,0.5116,0.8532,1.4647,241,1.4405
09210500,aifs,1,0.6591,0.7985,0.8177,1.0137,241,1.3563
09223000,aifs,1,0.7281,0.8072,0.8538,1.0316,241,1.4859
09306242,aifs,1,0.6520,0.7739,0.8110,1.0460,241,1.6619
09312600,aifs,1,0.5932,0.7017,0.7733,1.0947,241,1.9723
09352900,aifs,1,0.8028,0.7856,0.9003,0.9660,241,1.9552
09378170,aifs,1,0.4800,0.2890,0.7484,0.5352,241,2.5090
09378630,aifs,1,0.4492,0.2530,0.7317,0.5162,241,2.7172
09386900,aifs,1,0.5569,0.6199,0.7469,0.9734,241,1.5102
09404450,aifs,1,0.6160,0.6946,0.7850,0.9582,241,1.8140
09430500,aifs,1,0.6689,0.6731,0.8232,0.8766,241,1.3166
09430600,aifs,1,0.4187,0.4543,0.6568,0.7653,241,2.2795
09447800,aifs,1,0.3221,0.6689,0.6699,1.0068,241,1.3527
09480000,aifs,1,0.4112,0.4037,0.6526,0.7127,241,2.6966
09484000,aifs,1,0.2788,0.4584,0.5544,0.8775,241,2.8260
09484600,aifs,1,0.4082,0.4784,0.6472,0.7660,241,2.2960
09492400,aifs,1,0.4782,0.4139,0.7175,0.7188,241,3.4174
09494000,aifs,1,0.5771,0.6460,0.7618,0.8763,241,2.1982
09497800,aifs,1,0.3329,0.5644,0.6130,0.9179,241,2.4607
09497980,aifs,1,0.3369,0.4784,0.5999,0.7989,241,2.8880
09505200,aifs,1,0.6047,0.7592,0.7860,1.0457,241,1.9387
09505350,aifs,1,0.5547,0.7134,0.7522,1.0166,241,2.1380
09505800,aifs,1,0.6138,0.7574,0.7892,1.0296,241,2.0340
09508300,aifs,1,0.3988,0.6117,0.6623,0.8724,241,2.3602
09510200,aifs,1,0.1817,0.3504,0.4751,0.7945,241,2.7887
09512280,aifs,1,0.1123,0.3757,0.4400,1.0261,241,2.6063
09513780,aifs,1,0.1379,0.4026,0.4634,0.9617,241,2.3966
10023000,aifs,1,0.7674,0.7704,0.8790,1.0330,241,1.7262
10166430,aifs,1,0.6434,0.5210,0.8254,0.6978,241,2.1302
10172700,aifs,1,0.6204,0.6570,0.7908,0.8119,241,1.6777
10172800,aifs,1,0.6490,0.4143,0.8646,0.6009,241,2.1599
10173450,aifs,1,0.5840,0.5589,0.7745,0.8064,241,2.3045
10205030,aifs,1,0.6527,0.6084,0.8207,0.8321,241,1.7862
10234500,aifs,1,0.5833,0.5603,0.7739,0.8002,241,2.2358
10242000,aifs,1,0.6255,0.4953,0.8235,0.7181,241,2.3048
10244950,aifs,1,0.7442,0.7265,0.8679,0.9086,241,1.4402
10249300,aifs,1,0.5862,0.7269,0.7710,1.0506,241,1.4500
10258000,aifs,1,0.6322,0.6797,0.7961,0.9527,241,2.1563
10258500,aifs,1,0.5293,0.5191,0.8202,1.4018,241,1.2450
10259000,aifs,1,0.6417,0.7042,0.8012,0.9321,241,1.6455
10259200,aifs,1,0.5350,0.4518,0.8118,1.4907,241,1.3640
10263500,aifs,1,0.5920,0.3420,0.8486,0.6029,241,3.7375
10310500,aifs,1,0.7208,0.6124,0.9031,1.3183,241,1.9144
10316500,aifs,1,0.4660,0.2554,0.7836,0.5674,241,2.7067
10329500,aifs,1,0.5326,0.4544,0.7526,0.7433,241,2.2308
10336645,aifs,1,0.8364,0.7850,0.9196,1.1994,241,3.3115
10336660,aifs,1,0.8702,0.8599,0.9332,1.0991,241,3.2122
10343500,aifs,1,0.7738,0.7652,0.8976,1.1999,241,2.5607
10348850,aifs,1,0.7073,0.4035,0.9365,0.6324,241,4.9138
10396000,aifs,1,0.6818,0.5093,0.8600,0.6872,241,1.8895
11098000,aifs,1,0.4540,0.1943,0.7593,0.4948,241,6.0228
11124500,aifs,1,0.6153,0.4666,0.8353,0.7654,241,4.2882
11141280,aifs,1,0.7661,0.5040,0.9256,0.6776,241,3.0408
11143000,aifs,1,0.5298,0.3142,0.7590,0.5208,241,6.9220
11148900,aifs,1,0.6799,0.7396,0.8280,0.8345,241,3.0823
11151300,aifs,1,0.7421,0.7970,0.8631,0.8801,241,1.8937
11162500,aifs,1,0.6960,0.6243,0.8425,0.7813,241,3.4886
11176400,aifs,1,0.3641,0.6105,0.7807,1.1680,241,2.6924
11180500,aifs,1,0.5676,0.7337,0.8062,1.1585,241,2.5004
11180960,aifs,1,0.6511,0.7796,0.8108,0.9723,241,2.6966
11224500,aifs,1,0.7745,0.6691,0.8861,0.7679,241,1.5421
11253310,aifs,1,0.8365,0.6899,0.9249,0.7814,241,1.0703
11264500,aifs,1,0.2118,-0.0037,0.8896,1.7812,241,4.2038
11266500,aifs,1,0.3499,0.1300,0.8865,1.6879,241,4.1138
11274500,aifs,1,0.5194,0.6988,0.8268,1.0842,241,2.2353
11274630,aifs,1,0.4318,0.5476,0.8394,1.2232,241,2.2102
11284400,aifs,1,0.8297,0.6074,0.9530,1.3196,241,2.0871
11299600,aifs,1,0.7387,0.5239,0.9313,1.3790,241,2.5259
11381500,aifs,1,0.6856,0.6813,0.8341,0.9390,241,5.0613
11383500,aifs,1,0.6966,0.6902,0.8406,0.9397,241,5.0490
11451100,aifs,1,0.8438,0.8138,0.9266,1.1662,241,2.0436
11468500,aifs,1,0.8449,0.8335,0.9278,1.1417,241,2.6246
11473900,aifs,1,0.8343,0.8532,0.9140,0.9873,241,2.7902
11475560,aifs,1,0.6181,0.4009,0.8355,0.6201,241,8.0507
11476600,aifs,1,0.6447,0.8115,0.8260,1.0699,241,4.3711
11478500,aifs,1,0.8115,0.8707,0.9011,0.9724,241,3.1938
11480390,aifs,1,0.7610,0.8340,0.8726,0.9981,241,3.3861
11481200,aifs,1,0.7322,0.7147,0.8590,0.8605,241,4.1043
11482500,aifs,1,0.7246,0.6344,0.8628,0.7876,241,4.6629
11522500,aifs,1,0.8263,0.8991,0.9103,1.0179,241,2.4835
11523200,aifs,1,0.7651,0.7863,0.8755,0.8839,241,3.1814
11528700,aifs,1,0.7974,0.8847,0.8950,1.0165,241,2.7183
11532500,aifs,1,0.7314,0.6421,0.8672,0.7967,241,5.7195
12010000,aifs,1,0.7247,0.5267,0.8956,0.6897,241,5.9728
12013500,aifs,1,0.7977,0.7398,0.8996,0.8379,241,4.0152
12020000,aifs,1,0.8296,0.8732,0.9120,0.9283,241,3.0858
12025000,aifs,1,0.8209,0.8324,0.9073,0.8922,241,3.0457
12025700,aifs,1,0.8342,0.8188,0.9293,1.1409,241,2.6389
12035000,aifs,1,0.8003,0.6544,0.9140,0.7687,241,4.9348
12040500,aifs,1,0.8246,0.6642,0.9318,0.7839,241,5.3236
12041200,aifs,1,0.7710,0.5435,0.9312,0.7078,241,6.6844
12043000,aifs,1,0.8072,0.5964,0.9419,0.7519,241,4.8293
12048000,aifs,1,0.4936,0.4550,0.7961,1.4953,241,3.7197
12054000,aifs,1,0.7534,0.7236,0.8768,0.9938,241,4.4279
12056500,aifs,1,0.8011,0.6980,0.9122,0.8627,241,5.2775
12073500,aifs,1,0.7520,0.8155,0.8677,1.0616,241,2.8260
12082500,aifs,1,0.9119,0.9339,0.9566,1.0491,241,2.8364
12092000,aifs,1,0.9039,0.9186,0.9509,0.9952,241,2.9896
12095000,aifs,1,0.8307,0.7770,0.9304,1.1883,241,3.0330
12114500,aifs,1,0.8372,0.6101,0.9566,0.7572,241,4.6460
12115000,aifs,1,0.8440,0.6183,0.9594,0.7644,241,4.5250
12115500,aifs,1,0.8625,0.6506,0.9655,0.7987,241,4.2617
12117000,aifs,1,0.8589,0.6499,0.9611,0.7852,241,4.2715
12141300,aifs,1,0.8156,0.5661,0.9553,0.7206,241,5.7212
12143600,aifs,1,0.8390,0.6281,0.9550,0.7806,241,5.0219
12144000,aifs,1,0.8593,0.6765,0.9558,0.8151,241,4.3949
12145500,aifs,1,0.8685,0.7209,0.9489,0.8204,241,3.3524
12147600,aifs,1,0.7244,0.4585,0.9287,0.6471,241,8.5695
12167000,aifs,1,0.8546,0.7209,0.9450,0.8716,241,4.2741
12175500,aifs,1,0.8915,0.9086,0.9443,1.0141,241,2.5940
12186000,aifs,1,0.8982,0.7494,0.9638,0.8476,241,3.7066
12189500,aifs,1,0.9248,0.8900,0.9638,0.9668,241,2.6826
12358500,aifs,1,0.7991,0.7440,0.9036,0.9123,241,3.0922
12377150,aifs,1,0.6908,0.5482,0.8640,0.6901,241,3.6282
12381400,aifs,1,0.7273,0.6231,0.8718,0.7457,241,3.1299
12390700,aifs,1,0.7981,0.8689,0.8975,1.0779,241,2.0650
12411000,aifs,1,0.8100,0.8496,0.9001,1.0176,241,2.3179
12414500,aifs,1,0.8553,0.9080,0.9260,1.0442,241,2.1353
12447390,aifs,1,0.3729,0.3298,0.7600,1.6066,241,2.1887
12451000,aifs,1,0.7588,0.5822,0.9340,1.3374,241,2.7374
12488500,aifs,1,0.9254,0.9338,0.9621,1.0429,241,2.1997
13011500,aifs,1,0.8081,0.7436,0.9096,1.2388,241,1.5947
13011900,aifs,1,0.7961,0.8124,0.8946,1.1209,241,1.5827
13018300,aifs,1,0.7136,0.7638,0.8481,1.1399,241,1.9714
13023000,aifs,1,0.7406,0.8236,0.8670,1.1077,241,1.5430
13161500,aifs,1,0.7500,0.6464,0.8733,1.3170,241,1.0608
13235000,aifs,1,0.8241,0.8578,0.9082,1.0616,241,1.8319
13240000,aifs,1,0.8014,0.7308,0.9058,0.8795,241,2.5387
13310700,aifs,1,0.8409,0.8448,0.9238,1.1340,241,1.7381
13313000,aifs,1,0.8140,0.7647,0.9097,0.9143,241,2.2493
13331500,aifs,1,0.7844,0.6440,0.9108,0.8072,241,2.3241
13337000,aifs,1,0.8751,0.9346,0.9367,0.9994,241,2.1031
13338500,aifs,1,0.6957,0.6802,0.8665,1.2836,241,2.5127
13340000,aifs,1,0.8494,0.8839,0.9267,1.0891,241,1.9501
13340600,aifs,1,0.8838,0.8693,0.9416,0.9534,241,2.2852
14020000,aifs,1,0.7692,0.7032,0.8867,0.8520,241,2.3241
14092750,aifs,1,0.8025,0.9005,0.9009,1.0083,241,2.5262
14096850,aifs,1,0.4518,0.5934,0.7655,1.3105,241,2.6213
14137000,aifs,1,0.8671,0.8838,0.9316,0.9347,241,3.1276
14138800,aifs,1,0.8464,0.6187,0.9538,0.7344,241,4.5780
14138870,aifs,1,0.8658,0.6590,0.9590,0.7732,241,4.4315
14138900,aifs,1,0.7968,0.4955,0.9640,0.6580,241,6.4695
14139800,aifs,1,0.8495,0.6601,0.9447,0.7558,241,4.5612
14141500,aifs,1,0.8917,0.8328,0.9473,0.8825,241,3.3093
14154500,aifs,1,0.8593,0.8823,0.9371,1.0702,241,2.1008
14158500,aifs,1,0.8877,0.9076,0.9426,0.9435,241,2.3837
14158790,aifs,1,0.8366,0.5937,0.9557,0.7177,241,3.6754
14166500,aifs,1,0.7999,0.8534,0.8944,0.9855,241,2.8689
14182500,aifs,1,0.7637,0.8472,0.8898,1.0922,241,3.9472
14185000,aifs,1,0.8770,0.8436,0.9479,1.1214,241,2.5219
14185900,aifs,1,0.8968,0.9305,0.9471,0.9791,241,2.7755
14187000,aifs,1,0.8602,0.9226,0.9288,1.0212,241,2.8002
14216500,aifs,1,0.9221,0.9431,0.9632,1.0203,241,2.5988
14222500,aifs,1,0.7751,0.5062,0.9469,0.6877,241,7.0721
14236200,aifs,1,0.9336,0.9419,0.9663,0.9793,241,2.2148
14301000,aifs,1,0.7904,0.6358,0.9169,0.7989,241,4.0931
14303200,aifs,1,0.6546,0.4194,0.8810,0.6371,241,6.8329
14305500,aifs,1,0.5808,0.3663,0.8335,0.6053,241,8.9156
14306340,aifs,1,0.7593,0.7277,0.8754,0.8295,241,3.4795
14306500,aifs,1,0.7398,0.7361,0.8629,0.8599,241,3.9021
14308990,aifs,1,0.7685,0.8196,0.8942,1.1308,241,2.1629
14309500,aifs,1,0.7611,0.7834,0.8735,0.8811,241,3.2900
14316700,aifs,1,0.8601,0.8558,0.9430,1.0723,241,1.9869
14325000,aifs,1,0.6726,0.6559,0.8245,0.7860,241,4.8057
14362250,aifs,1,0.7026,0.6935,0.8722,1.2597,241,2.2695
14400000,aifs,1,0.6554,0.6384,0.8134,0.7820,241,6.6368
01013500,aifs,2,0.6238,0.6978,0.8001,1.1976,241,3.3789
01022500,aifs,2,0.5780,0.6705,0.7624,1.1066,241,4.0955
01030500,aifs,2,0.6184,0.7287,0.7894,1.0764,241,3.3448
01031500,aifs,2,0.6209,0.6807,0.7896,1.1148,241,3.5011
01047000,aifs,2,0.5666,0.6222,0.7539,1.0503,241,4.0266
01052500,aifs,2,0.4331,0.5524,0.6796,1.2398,241,4.1895
01054200,aifs,2,0.6292,0.6608,0.7960,1.0128,241,4.3978
01055000,aifs,2,0.5751,0.6578,0.7585,1.0299,241,3.7378
01057000,aifs,2,0.5527,0.6741,0.7453,1.0163,241,4.0398
01073000,aifs,2,0.4044,0.6389,0.6856,1.1640,241,4.6654
01078000,aifs,2,0.5608,0.7074,0.7591,1.1080,241,4.1574
01118300,aifs,2,0.4829,0.4493,0.7122,0.8077,241,8.2777
01121000,aifs,2,0.6114,0.6740,0.7849,0.8561,241,5.1298
01123000,aifs,2,0.5864,0.6398,0.7688,0.8462,241,5.5641
01134500,aifs,2,0.5817,0.6327,0.7642,1.0549,241,4.1984
01137500,aifs,2,0.5715,0.6594,0.7592,1.1234,241,4.2624
01139000,aifs,2,0.5858,0.6140,0.7733,1.2427,241,3.9777
01139800,aifs,2,0.5270,0.6309,0.7266,1.0290,241,4.7503
01142500,aifs,2,0.5655,0.6534,0.7676,1.2251,241,3.7927
01144000,aifs,2,0.5940,0.6995,0.7725,1.0639,241,3.9523
01169000,aifs,2,0.7323,0.7893,0.8575,1.1055,241,3.5832
01170100,aifs,2,0.7458,0.7821,0.8670,1.1468,241,3.4035
01181000,aifs,2,0.6845,0.7947,0.8294,1.0123,241,4.2358
01187300,aifs,2,0.6309,0.7427,0.8270,1.1858,241,4.0074
01195100,aifs,2,0.4333,0.5025,0.6623,0.8216,241,7.2146
01333000,aifs,2,0.6156,0.6675,0.7877,1.1546,241,4.3267
01350000,aifs,2,0.3947,0.4146,0.6350,0.9642,241,7.8359
01350080,aifs,2,0.4434,0.5073,0.6667,1.0555,241,5.8699
01350140,aifs,2,0.4448,0.5129,0.6673,1.0102,241,5.5532
01365000,aifs,2,0.4364,0.5610,0.6643,1.0755,241,6.2946
01411300,aifs,2,0.3616,0.3546,0.6117,0.8254,241,8.5920
01413500,aifs,2,0.4447,0.4518,0.6768,0.9016,241,7.0938
01414500,aifs,2,0.3982,0.4414,0.6334,0.9896,241,7.8616
01415000,aifs,2,0.5512,0.5745,0.7479,0.9701,241,5.2510
01423000,aifs,2,0.5438,0.5653,0.7433,0.9245,241,5.2366
01434025,aifs,2,0.4247,0.4421,0.6589,0.8999,241,8.1063
01435000,aifs,2,0.4217,0.4715,0.6513,0.9551,241,7.6528
01439500,aifs,2,0.5892,0.6133,0.7720,0.8577,241,4.8710
01440000,aifs,2,0.6018,0.6092,0.7818,0.8706,241,5.0762
01440400,aifs,2,0.5713,0.5236,0.7733,0.7685,241,5.4989
01451800,aifs,2,0.5490,0.6855,0.7447,0.9707,241,4.5769
01466500,aifs,2,0.4738,0.6212,0.6939,0.9645,241,5.1977
01484100,aifs,2,0.5388,0.6172,0.7343,1.0448,241,5.2750
01485500,aifs,2,0.4730,0.5066,0.6915,0.8944,241,6.8003
01486000,aifs,2,0.4796,0.4985,0.6992,0.9186,241,6.9425
01487000,aifs,2,0.5537,0.5988,0.7462,1.0307,241,5.5067
01491000,aifs,2,0.4973,0.6588,0.7322,1.1931,241,4.3770
01510000,aifs,2,0.5569,0.6285,0.7465,0.9907,241,4.8362
01516500,aifs,2,0.6215,0.7403,0.7911,0.9562,241,3.4999
01518862,aifs,2,0.6071,0.6943,0.7804,0.9248,241,3.8368
01532000,aifs,2,0.4652,0.5707,0.6835,0.9391,241,5.0863
01539000,aifs,2,0.5074,0.5849,0.7151,0.8743,241,5.0763
01542810,aifs,2,0.4665,0.6373,0.6934,0.9580,241,4.7797
01543000,aifs,2,0.5165,0.6831,0.7282,0.9566,241,4.4026
01543500,aifs,2,0.5822,0.6700,0.7649,0.9123,241,4.4080
01544500,aifs,2,0.5564,0.6991,0.7507,0.9713,241,4.1639
01545600,aifs,2,0.5537,0.6876,0.7473,1.0048,241,4.2984
01547700,aifs,2,0.3311,0.3194,0.5873,0.8282,241,8.7538
01548500,aifs,2,0.5911,0.7323,0.7740,0.9628,241,3.7509
01549500,aifs,2,0.5668,0.6734,0.7536,0.9908,241,4.3107
01550000,aifs,2,0.4928,0.5779,0.7023,0.9547,241,5.2014
01552000,aifs,2,0.4259,0.4801,0.6550,0.8879,241,6.3165
01552500,aifs,2,0.5014,0.6096,0.7107,0.9128,241,4.9375
01557500,aifs,2,0.4601,0.4039,0.7065,0.7496,241,6.9183
01567500,aifs,2,0.4865,0.5111,0.7034,0.8375,241,5.5691
01568000,aifs,2,0.5369,0.5904,0.7363,0.8507,241,4.6813
01580000,aifs,2,0.5595,0.7226,0.7562,1.0022,241,4.1183
01583500,aifs,2,0.5613,0.7231,0.7589,1.0582,241,4.0817
01586610,aifs,2,0.5180,0.6861,0.7288,1.0176,241,4.3296
01591400,aifs,2,0.4981,0.5148,0.7127,0.8083,241,5.7416
01596500,aifs,2,0.2793,0.4151,0.5395,0.9387,241,6.1962
01605500,aifs,2,0.4954,0.5366,0.7071,0.9210,241,4.7281
01606500,aifs,2,0.5606,0.6041,0.7513,0.9319,241,4.1098
01613050,aifs,2,0.4577,0.5236,0.6820,0.8247,241,4.8572
01620500,aifs,2,0.5716,0.6505,0.7564,1.0506,241,3.6893
01632000,aifs,2,0.4858,0.4095,0.7324,0.6712,241,5.1035
01632900,aifs,2,0.4343,0.4202,0.6747,0.7244,241,5.1657
01634500,aifs,2,0.4553,0.4595,0.6863,0.7590,241,5.1196
01638480,aifs,2,0.5153,0.5707,0.7210,0.8518,241,4.7757
01639500,aifs,2,0.5547,0.7044,0.7504,1.0053,241,4.0912
01644000,aifs,2,0.5957,0.6058,0.7786,0.8100,241,4.0993
01658500,aifs,2,0.5364,0.5339,0.7414,0.8090,241,4.9272
01664000,aifs,2,0.5094,0.4882,0.7298,0.7254,241,4.8097
01666500,aifs,2,0.5040,0.4930,0.7233,0.7486,241,4.8183
01667500,aifs,2,0.5275,0.5330,0.7361,0.7754,241,4.4946
01669000,aifs,2,0.5062,0.5420,0.7153,0.9701,241,5.6853
01669520,aifs,2,0.5114,0.5550,0.7178,0.9781,241,5.6221
02011400,aifs,2,0.5426,0.6420,0.7370,0.9747,241,4.0416
02011460,aifs,2,0.5218,0.6128,0.7225,1.0225,241,4.3886
02013000,aifs,2,0.4166,0.5420,0.6505,0.9084,241,4.7869
02014000,aifs,2,0.4526,0.6183,0.6825,0.9484,241,4.1486
02015700,aifs,2,0.5331,0.5997,0.7309,1.0616,241,4.1946
02016000,aifs,2,0.5540,0.6860,0.7482,1.0528,241,3.6106
02017500,aifs,2,0.3970,0.6454,0.6677,1.0511,241,3.8549
02018000,aifs,2,0.4346,0.6827,0.7005,1.0808,241,3.5672
02027000,aifs,2,0.5068,0.6562,0.7381,1.2044,241,3.6607
02027500,aifs,2,0.5348,0.6831,0.7431,1.1248,241,3.7197
02028500,aifs,2,0.5246,0.6750,0.7303,0.9642,241,3.8593
02038850,aifs,2,0.4710,0.6086,0.6908,0.9466,241,4.2920
02046000,aifs,2,0.4364,0.5626,0.6635,0.9609,241,5.1427
02051000,aifs,2,0.4554,0.5019,0.6773,0.9136,241,5.4050
02051500,aifs,2,0.4347,0.5547,0.6613,0.9796,241,5.0226
02053200,aifs,2,0.4159,0.6057,0.6676,1.1293,241,5.5463
02053800,aifs,2,0.4615,0.6071,0.6896,0.8807,241,3.9199
02055100,aifs,2,0.2332,0.4830,0.6057,1.3299,241,4.1831
02056900,aifs,2,0.4795,0.5634,0.6962,0.8552,241,4.2872
02059500,aifs,2,0.4713,0.7115,0.7220,1.0537,241,3.3781
02064000,aifs,2,0.5056,0.6487,0.7245,1.1559,241,3.7543
02065500,aifs,2,0.5409,0.6768,0.7446,1.1272,241,3.5685
02069700,aifs,2,0.4510,0.4785,0.6774,0.8369,241,5.2170
02070000,aifs,2,0.4427,0.4736,0.6711,0.8193,241,5.1942
02074500,aifs,2,0.4153,0.4639,0.6463,1.0356,241,5.6759
02077200,aifs,2,0.3090,0.5836,0.6174,1.1137,241,4.5881
02081500,aifs,2,0.4325,0.5990,0.6700,1.0943,241,4.7707
02082950,aifs,2,0.4114,0.5460,0.7155,1.3538,241,4.1769
02092500,aifs,2,0.4536,0.6280,0.7288,1.2541,241,4.6211
02096846,aifs,2,0.3232,0.3882,0.5687,0.9548,241,7.3867
02102908,aifs,2,0.6196,0.6558,0.7894,0.9442,241,5.1606
02108000,aifs,2,0.5385,0.7197,0.7561,1.1195,241,4.3898
02111180,aifs,2,0.4457,0.4455,0.6792,0.7925,241,5.5352
02111500,aifs,2,0.4209,0.4470,0.6558,0.8087,241,5.5726
02118500,aifs,2,0.4301,0.5781,0.6647,0.9034,241,4.7113
02128000,aifs,2,0.4570,0.6583,0.6936,1.0004,241,4.8451
02137727,aifs,2,0.5011,0.4253,0.7427,0.7636,241,5.9131
02140991,aifs,2,0.4801,0.5120,0.6985,0.8452,241,5.1551
02143000,aifs,2,0.5348,0.5683,0.7355,0.8547,241,4.8163
02143040,aifs,2,0.4864,0.5755,0.7010,0.8612,241,5.0208
02149000,aifs,2,0.4481,0.3387,0.7179,0.6872,241,7.3384
02152100,aifs,2,0.5600,0.6404,0.7501,0.8922,241,4.4271
02177000,aifs,2,0.3954,0.4409,0.6332,0.8376,241,6.9738
02178400,aifs,2,0.3985,0.5197,0.6384,0.8762,241,5.8974
02193340,aifs,2,0.3618,0.5375,0.6184,1.0964,241,5.8002
02196000,aifs,2,0.4888,0.5289,0.7023,0.9000,241,5.7386
02198100,aifs,2,0.3337,0.3052,0.5938,0.7504,241,8.5038
02202600,aifs,2,0.2384,0.4756,0.5418,1.1120,241,5.2116
02212600,aifs,2,0.4443,0.5240,0.6668,0.9578,241,6.3428
02215100,aifs,2,0.3105,0.4147,0.5635,0.8787,241,7.0078
02216180,aifs,2,0.3101,0.3196,0.5635,0.8247,241,8.2504
02221525,aifs,2,0.4855,0.5987,0.6978,0.9872,241,5.4517
02231000,aifs,2,0.4837,0.5044,0.7042,0.8661,241,4.8093
02231342,aifs,2,0.3560,0.4307,0.5967,0.9960,241,5.4414
02235200,aifs,2,0.3858,0.4430,0.6246,0.8958,241,5.3617
02245500,aifs,2,0.3097,0.4230,0.5606,1.0226,241,5.4565
02246000,aifs,2,0.4231,0.5376,0.6525,0.9598,241,4.4823
02296500,aifs,2,0.4432,0.4639,0.6785,0.8224,241,4.5398
02297155,aifs,2,0.2971,0.2488,0.5778,0.7398,241,7.3303
02297310,aifs,2,0.3396,0.2836,0.6278,0.6994,241,6.4612
02298123,aifs,2,0.2061,0.2463,0.4673,0.8045,241,6.3929
02298608,aifs,2,0.2242,0.1900,0.5062,0.6902,241,7.5373
02299950,aifs,2,0.2447,0.2581,0.5050,0.8033,241,6.8625
02300700,aifs,2,0.2597,0.2366,0.5234,0.8344,241,8.0456
02310947,aifs,2,0.3147,0.3462,0.5647,0.9023,241,6.3694
02312200,aifs,2,0.2405,0.2338,0.4977,0.8574,241,8.1075
02314500,aifs,2,0.4157,0.3894,0.6669,0.8021,241,5.9013
02315500,aifs,2,0.4517,0.4442,0.6887,0.8133,241,5.2210
02324400,aifs,2,0.2759,0.2379,0.5464,0.7666,241,8.8327
02327100,aifs,2,0.3325,0.3443,0.5875,0.8144,241,7.2576
02349900,aifs,2,0.2814,0.3337,0.5384,0.7946,241,7.9937
02350900,aifs,2,0.3600,0.5154,0.6126,0.9017,241,5.9705
02361000,aifs,2,0.4385,0.5807,0.6679,0.9432,241,5.3383
02363000,aifs,2,0.4759,0.5698,0.6903,0.9556,241,5.6930
02369800,aifs,2,0.3922,0.2829,0.6856,0.6841,241,10.0518
02371500,aifs,2,0.4284,0.4619,0.6587,0.8971,241,7.0855
02372250,aifs,2,0.4230,0.4724,0.6537,0.8631,241,6.9089
02374500,aifs,2,0.3879,0.4166,0.6289,0.8215,241,7.8086
02381600,aifs,2,0.2839,0.3156,0.5396,0.7967,241,8.5807
02384540,aifs,2,0.3430,0.4172,0.5892,0.8641,241,7.0829
02395120,aifs,2,0.4013,0.5417,0.6394,1.0589,241,5.7842
02408540,aifs,2,0.3624,0.4588,0.6047,0.9027,241,7.6136
02415000,aifs,2,0.3358,0.3769,0.5854,0.8087,241,8.4511
02422500,aifs,2,0.4191,0.5674,0.6547,1.0670,241,6.6449
02427250,aifs,2,0.4124,0.5948,0.6555,1.0084,241,5.8545
02430085,aifs,2,0.4560,0.4959,0.6786,0.9195,241,6.3414
02450250,aifs,2,0.4748,0.4126,0.7158,0.7295,241,7.0653
02464000,aifs,2,0.4367,0.4171,0.6767,0.8334,241,8.4046
02465493,aifs,2,0.5142,0.6244,0.7180,1.0228,241,5.9300
02469800,aifs,2,0.5036,0.5823,0.7109,0.9050,241,6.3871
02472000,aifs,2,0.5568,0.5832,0.7505,0.8926,241,6.9517
02472500,aifs,2,0.4955,0.5329,0.7082,0.8392,241,8.0717
02479155,aifs,2,0.5246,0.4339,0.7668,0.7917,241,9.0753
02479300,aifs,2,0.4783,0.2684,0.8279,0.6304,241,12.6125
02481000,aifs,2,0.4025,0.1705,0.8215,0.5554,241,16.2005
02481510,aifs,2,0.4501,0.2411,0.7960,0.5782,241,12.7770
03010655,aifs,2,0.5328,0.6421,0.7322,0.9279,241,4.4874
03011800,aifs,2,0.4680,0.5624,0.6854,0.9276,241,5.5959
03015500,aifs,2,0.4606,0.6789,0.7086,1.0954,241,4.7232
03021350,aifs,2,0.4771,0.6301,0.6970,1.0251,241,5.3683
03026500,aifs,2,0.4920,0.6017,0.7033,0.9362,241,5.1566
03028000,aifs,2,0.5160,0.6107,0.7190,0.9486,241,5.1778
03049800,aifs,2,0.4573,0.5244,0.6771,0.9408,241,6.4792
03050000,aifs,2,0.4128,0.4347,0.6497,0.8897,241,7.2142
03066000,aifs,2,0.4335,0.4334,0.6715,0.8413,241,6.3225
03069500,aifs,2,0.4948,0.5190,0.7099,0.9065,241,5.5337
03070500,aifs,2,0.4232,0.6021,0.6628,0.9868,241,5.7832
03076600,aifs,2,0.2623,0.3471,0.5206,0.8536,241,7.6905
03078000,aifs,2,0.2355,0.3408,0.4945,0.9264,241,7.7294
03140000,aifs,2,0.3238,0.4973,0.5849,0.9606,241,5.8421
03144000,aifs,2,0.3216,0.3790,0.5757,0.7984,241,7.2290
03159540,aifs,2,0.2595,0.3573,0.5196,0.8564,241,8.0304
03161000,aifs,2,0.4031,0.4700,0.6394,0.8462,241,5.2422
03164000,aifs,2,0.4892,0.5555,0.7045,0.8440,241,4.2473
03165000,aifs,2,0.4825,0.4268,0.7202,0.7375,241,5.2377
03170000,aifs,2,0.4850,0.5841,0.7023,0.8512,241,3.9984
03173000,aifs,2,0.4499,0.6470,0.6907,0.9210,241,3.6772
03180500,aifs,2,0.4902,0.5697,0.7005,1.0454,241,4.9932
03182500,aifs,2,0.5332,0.6402,0.7318,1.0605,241,4.2506
03186500,aifs,2,0.4505,0.5399,0.6735,0.9061,241,5.4982
03187500,aifs,2,0.4526,0.5514,0.6744,0.9296,241,5.4240
03213700,aifs,2,0.5143,0.6138,0.7174,0.9891,241,4.8974
03237280,aifs,2,0.3053,0.4727,0.5677,0.9917,241,6.4411
03237500,aifs,2,0.3426,0.4854,0.5934,0.9526,241,6.5179
03241500,aifs,2,0.3490,0.3729,0.5972,0.8219,241,8.0257
03280700,aifs,2,0.3613,0.5475,0.6194,1.0701,241,5.7598
03281100,aifs,2,0.3006,0.5470,0.5916,1.0570,241,5.7724
03281500,aifs,2,0.4067,0.6126,0.6591,1.0518,241,5.1459
03285000,aifs,2,0.3853,0.4625,0.6218,0.9132,241,7.0895
03291780,aifs,2,0.4218,0.4317,0.6585,0.8978,241,7.8513
03300400,aifs,2,0.3619,0.3999,0.6070,0.8248,241,7.7281
03340800,aifs,2,0.3749,0.4008,0.6173,0.8687,241,8.1555
03346000,aifs,2,0.4840,0.5309,0.6982,0.9170,241,6.2561
03364500,aifs,2,0.3760,0.2975,0.6557,0.7440,241,10.4118
03366500,aifs,2,0.4289,0.4347,0.6649,0.8835,241,7.6338
03368000,aifs,2,0.3684,0.2737,0.6561,0.6919,241,10.3720
03384450,aifs,2,0.3793,0.4408,0.6168,0.9222,241,7.4585
03439000,aifs,2,0.4341,0.4601,0.6688,0.7851,241,5.9690
03450000,aifs,2,0.4543,0.4979,0.6790,0.8534,241,4.8220
03455500,aifs,2,0.4281,0.4999,0.6645,0.7966,241,5.4490
03456500,aifs,2,0.4028,0.4343,0.6528,0.7242,241,5.2473
03460000,aifs,2,0.3472,0.4556,0.6006,0.8326,241,5.7925
03463300,aifs,2,0.4397,0.3927,0.6918,0.7197,241,5.9140
03471500,aifs,2,0.3970,0.5276,0.6374,0.8957,241,4.7216
03473000,aifs,2,0.3594,0.4989,0.6111,0.8776,241,5.0442
03479000,aifs,2,0.4273,0.5569,0.6614,0.8851,241,4.5369
03488000,aifs,2,0.3985,0.5594,0.6412,0.9459,241,4.7876
03498500,aifs,2,0.3428,0.4908,0.5979,0.8943,241,6.2019
03500000,aifs,2,0.3594,0.5219,0.6122,0.9248,241,5.9049
03504000,aifs,2,0.3418,0.3920,0.5988,0.7516,241,7.0720
03574500,aifs,2,0.4711,0.4821,0.6948,0.8731,241,6.7213
03604000,aifs,2,0.4469,0.3993,0.6917,0.7383,241,7.2173
04015330,aifs,2,0.3570,0.4625,0.6006,0.9101,241,5.2519
04024430,aifs,2,0.3407,0.6086,0.6352,1.0808,241,4.0858
04027000,aifs,2,0.1739,0.4403,0.5556,1.3249,241,4.1108
04040500,aifs,2,0.2748,0.5029,0.5642,1.0669,241,4.5224
04043050,aifs,2,0.3619,0.5751,0.6260,1.0185,241,3.8783
04045500,aifs,2,0.4110,0.5806,0.6616,1.1587,241,3.9063
04056500,aifs,2,0.3439,0.5758,0.6458,1.2098,241,3.8465
04057510,aifs,2,0.3246,0.5510,0.6035,1.0665,241,4.5788
04057800,aifs,2,0.4349,0.6078,0.6721,1.0722,241,4.0378
04059500,aifs,2,0.3421,0.5896,0.6279,1.0910,241,4.1963
04063700,aifs,2,0.2711,0.5203,0.6052,1.2517,241,4.0545
04074950,aifs,2,0.2738,0.5452,0.5817,1.0659,241,4.4703
04105700,aifs,2,0.3825,0.5015,0.6209,1.0009,241,5.6452
04115265,aifs,2,0.4160,0.5265,0.6463,1.0273,241,5.4742
04122200,aifs,2,0.4986,0.6115,0.7099,1.1108,241,5.0840
04122500,aifs,2,0.5096,0.6429,0.7205,1.1079,241,4.7324
04124000,aifs,2,0.5020,0.4504,0.7326,0.7770,241,6.0605
04127997,aifs,2,0.4995,0.5019,0.7164,0.8283,241,5.4621
04185000,aifs,2,0.4561,0.5285,0.6782,0.8738,241,4.8364
04196800,aifs,2,0.4540,0.5377,0.6753,0.9089,241,5.2034
04197100,aifs,2,0.3364,0.4195,0.5816,0.9164,241,6.4205
04197170,aifs,2,0.3446,0.4714,0.5918,0.9701,241,5.7832
04213000,aifs,2,0.4576,0.6410,0.6983,1.1315,241,4.7131
04213075,aifs,2,0.4053,0.5631,0.6509,1.1289,241,5.5475
04216418,aifs,2,0.5692,0.5784,0.7630,0.8483,241,4.8564
04221000,aifs,2,0.6117,0.7005,0.7825,0.9600,241,3.8656
04224775,aifs,2,0.5474,0.6105,0.7407,0.9592,241,4.6226
04256000,aifs,2,0.5168,0.6736,0.7286,1.0801,241,4.1819
04296000,aifs,2,0.5601,0.6133,0.7569,1.2169,241,4.1392
05057000,aifs,2,0.5191,0.6155,0.7690,1.3071,241,2.5822
05057200,aifs,2,0.2367,0.4717,0.6317,1.3786,241,3.0100
05062500,aifs,2,0.1263,0.4497,0.4975,1.1572,241,4.1139
05087500,aifs,2,0.3631,0.4748,0.6047,1.0252,241,4.2221
05120500,aifs,2,0.3512,0.5537,0.6892,1.3193,241,3.2289
05123400,aifs,2,0.4602,0.6661,0.6991,1.0561,241,3.8319
05129115,aifs,2,0.3810,0.5551,0.6343,1.1127,241,3.7266
05131500,aifs,2,0.3630,0.5908,0.6392,1.1173,241,3.4899
05291000,aifs,2,0.3502,0.3839,0.5938,1.1573,241,5.5096
05362000,aifs,2,0.2627,0.5191,0.5757,1.1499,241,4.4054
05393500,aifs,2,0.2219,0.4559,0.5240,1.0862,241,4.9518
05399500,aifs,2,0.2353,0.3781,0.5045,0.9013,241,6.1818
05408000,aifs,2,0.3361,0.3589,0.5843,0.8562,241,7.3080
05412500,aifs,2,0.5367,0.5943,0.7340,0.9232,241,5.1331
05413500,aifs,2,0.5738,0.5576,0.7709,0.9112,241,5.6069
05414000,aifs,2,0.5228,0.5479,0.7285,0.9618,241,5.8143
05444000,aifs,2,0.5511,0.6504,0.7533,1.2003,241,4.8285
05454000,aifs,2,0.3709,0.5414,0.6221,0.9398,241,6.8394
05458000,aifs,2,0.3254,0.4394,0.5766,0.8911,241,6.4614
05466500,aifs,2,0.6091,0.5149,0.8114,0.7912,241,6.5727
05487980,aifs,2,0.2215,0.4061,0.5064,0.8893,241,7.9079
05488200,aifs,2,0.2623,0.3425,0.5179,0.8522,241,9.3413
05489000,aifs,2,0.2397,0.3529,0.5053,0.8365,241,8.7881
05495000,aifs,2,0.3472,0.5583,0.6143,0.9657,241,5.8965
05495500,aifs,2,0.4363,0.4650,0.6655,0.8383,241,6.7225
05501000,aifs,2,0.2995,0.3276,0.5502,0.8540,241,8.3973
05503800,aifs,2,0.3838,0.4941,0.6210,0.9946,241,6.1658
05507600,aifs,2,0.5288,0.6436,0.7298,1.0797,241,4.5208
05508805,aifs,2,0.5754,0.6889,0.7600,1.0318,241,4.2161
05514500,aifs,2,0.4850,0.6068,0.6982,1.0003,241,5.0773
05525500,aifs,2,0.5151,0.5934,0.7180,0.9569,241,5.6604
05556500,aifs,2,0.5094,0.5797,0.7144,0.9354,241,6.2904
05584500,aifs,2,0.4019,0.3681,0.6535,0.8063,241,8.7536
05585000,aifs,2,0.4300,0.4137,0.6702,0.8346,241,7.8127
05591550,aifs,2,0.3440,0.4360,0.5880,0.9316,241,7.3481
05592050,aifs,2,0.3819,0.5345,0.6269,1.0645,241,5.9688
05592575,aifs,2,0.4139,0.4117,0.6542,0.7991,241,7.4114
05593575,aifs,2,0.3213,0.4411,0.5721,0.9373,241,6.7538
05593900,aifs,2,0.3406,0.4364,0.5867,0.8970,241,7.1293
05595730,aifs,2,0.3448,0.4779,0.5933,0.9537,241,6.3286
06037500,aifs,2,0.8028,0.8017,0.8992,1.1500,241,1.7273
06043500,aifs,2,0.8212,0.8322,0.9113,1.1398,241,1.6030
06154410,aifs,2,0.3386,0.4581,0.5866,0.9302,241,3.9546
06188000,aifs,2,0.6463,0.6689,0.8598,1.2764,241,1.7850
06191500,aifs,2,0.7719,0.7135,0.9089,1.2576,241,1.4530
06221400,aifs,2,0.5462,0.6856,0.7757,1.2197,241,1.9714
06224000,aifs,2,0.5719,0.6853,0.7767,1.2081,241,2.0181
06289000,aifs,2,0.5769,0.5933,0.8158,1.3586,241,1.8523
06332515,aifs,2,0.1637,0.3874,0.5577,1.4156,241,3.0754
06339100,aifs,2,0.1234,0.3245,0.6416,1.5551,241,2.4483
06339500,aifs,2,0.4179,0.5444,0.7188,1.3583,241,2.3642
06344600,aifs,2,0.2178,0.4539,0.5519,1.2647,241,3.0455
06350000,aifs,2,0.4049,0.6313,0.7314,1.2398,241,2.2310
06352000,aifs,2,-0.0145,0.3968,0.6527,1.3946,241,2.5028
06353000,aifs,2,0.0455,0.4039,0.6691,1.4087,241,2.6039
06354000,aifs,2,0.2443,0.5268,0.6844,1.3239,241,2.5229
06360500,aifs,2,0.1398,0.4177,0.7172,1.4070,241,2.3408
06404000,aifs,2,0.3527,0.5237,0.6262,1.2195,241,2.6734
06406000,aifs,2,0.3307,0.5563,0.6285,1.2027,241,2.4802
06408700,aifs,2,0.3199,0.5442,0.6155,1.1849,241,2.3817
06409000,aifs,2,0.3446,0.5533,0.6297,1.1901,241,2.3015
06431500,aifs,2,0.3667,0.5379,0.6296,1.1706,241,2.5699
06440200,aifs,2,0.3513,0.4877,0.5990,0.9549,241,3.4205
06441500,aifs,2,0.3463,0.6297,0.6443,1.0417,241,2.8120
06447000,aifs,2,0.2915,0.5205,0.5759,0.9929,241,2.7914
06447500,aifs,2,-0.0098,0.3140,0.3646,1.0208,241,3.8358
06450500,aifs,2,0.1628,0.3412,0.4506,0.9074,241,4.1509
06452000,aifs,2,0.2909,0.5181,0.5749,0.9806,241,3.0017
06453600,aifs,2,0.2818,0.4559,0.5507,0.9558,241,4.5435
06464500,aifs,2,0.1990,0.2966,0.4610,0.8630,241,5.5173
06477500,aifs,2,0.1477,0.4515,0.4994,1.1273,241,4.5974
06479215,aifs,2,0.3325,0.3475,0.5798,1.1940,241,5.7108
06479438,aifs,2,0.2915,0.3332,0.5435,1.2282,241,5.4643
06601000,aifs,2,0.1697,0.2931,0.4353,0.9715,241,6.8049
06614800,aifs,2,0.5542,0.4100,0.8204,0.7553,241,3.5789
06622700,aifs,2,0.6566,0.6584,0.8159,0.8697,241,2.0845
06623800,aifs,2,0.7202,0.7251,0.8526,0.9434,241,2.0216
06632400,aifs,2,0.6661,0.6718,0.8217,0.9571,241,2.2361
06784000,aifs,2,0.4291,0.4930,0.6563,0.8978,241,4.1369
06803510,aifs,2,0.0483,0.1899,0.3249,0.9061,241,8.0281
06803530,aifs,2,0.0485,0.2797,0.3660,0.9930,241,6.8871
06814000,aifs,2,0.1711,0.3603,0.4593,0.9761,241,6.9288
06846500,aifs,2,0.4621,0.5698,0.6844,0.8600,241,3.0486
06847900,aifs,2,0.3162,0.4794,0.5786,0.9007,241,4.1717
06853800,aifs,2,0.0747,0.3780,0.4292,1.0570,241,5.1603
06876700,aifs,2,0.2378,0.1994,0.4971,0.6954,241,8.6458
06878000,aifs,2,0.0818,0.2638,0.3809,0.8578,241,7.6607
06879650,aifs,2,0.2788,0.3077,0.5392,0.7138,241,8.1559
06885500,aifs,2,0.2266,0.3225,0.4905,0.8222,241,7.7617
06888500,aifs,2,0.1975,0.2634,0.4608,0.7687,241,8.9691
06889200,aifs,2,0.1237,0.2847,0.4106,0.8664,241,8.4611
06889500,aifs,2,0.1250,0.3056,0.4189,0.8795,241,8.1691
06892000,aifs,2,0.1469,0.2937,0.4275,0.8617,241,8.5384
06903400,aifs,2,0.1101,0.3065,0.4118,0.8821,241,8.9009
06906800,aifs,2,0.3703,0.3155,0.6353,0.7011,241,8.5845
06910800,aifs,2,0.1921,0.2960,0.4630,0.7954,241,8.5797
06911900,aifs,2,0.1760,0.2536,0.4447,0.7575,241,9.1608
06917000,aifs,2,0.2478,0.2762,0.5081,0.7427,241,9.5085
06918460,aifs,2,0.3722,0.4010,0.6151,0.8156,241,7.9058
06919500,aifs,2,0.2530,0.3888,0.5224,0.8494,241,8.2156
06921070,aifs,2,0.3351,0.3061,0.5951,0.7115,241,9.2713
06921200,aifs,2,0.2872,0.2769,0.5457,0.7513,241,10.1903
06934000,aifs,2,0.3263,0.4267,0.5758,0.8870,241,7.1069
07014500,aifs,2,0.2487,0.2224,0.5104,0.7401,241,10.0424
07056000,aifs,2,0.2613,0.3314,0.5178,0.8295,241,7.8740
07057500,aifs,2,0.3723,0.5241,0.6180,0.9943,241,6.5950
07060710,aifs,2,0.3221,0.3601,0.5698,0.8667,241,8.2827
07066000,aifs,2,0.3511,0.4932,0.5994,0.9960,241,6.6669
07067000,aifs,2,0.3887,0.5628,0.6357,1.0245,241,5.7250
07068000,aifs,2,0.4024,0.6019,0.6539,1.0542,241,5.3172
07071500,aifs,2,0.3433,0.5531,0.6109,1.0353,241,5.9942
07083000,aifs,2,0.6399,0.6685,0.8111,1.2458,241,1.7299
07142300,aifs,2,0.1927,0.2160,0.4467,0.7714,241,4.7137
07145700,aifs,2,0.2963,0.2114,0.5777,0.7166,241,9.7249
07148400,aifs,2,0.0533,0.2317,0.3521,0.8554,241,4.3236
07149000,aifs,2,0.1568,0.3972,0.4706,0.9193,241,3.8612
07151500,aifs,2,0.3306,0.3325,0.5809,0.7996,241,6.4150
07167500,aifs,2,0.3196,0.4505,0.5723,0.9452,241,6.5122
07180500,aifs,2,0.2725,0.4087,0.5357,0.8907,241,6.8703
07184000,aifs,2,0.2931,0.2499,0.5586,0.7653,241,11.0113
07195800,aifs,2,0.3247,0.3276,0.5771,0.8577,241,9.0234
07196900,aifs,2,0.3239,0.3996,0.5696,0.9457,241,8.0104
07197000,aifs,2,0.3585,0.4282,0.6000,0.8952,241,7.5048
07208500,aifs,2,0.5838,0.6326,0.7656,0.9788,241,1.6694
07226500,aifs,2,0.4044,0.4036,0.6435,0.7558,241,1.8932
07261000,aifs,2,0.4108,0.4665,0.6433,0.8635,241,6.9112
07263295,aifs,2,0.4378,0.4518,0.6686,0.8518,241,6.9339
07290650,aifs,2,0.4174,0.5536,0.6502,0.9918,241,7.3068
07291000,aifs,2,0.4742,0.5933,0.6903,0.9735,241,7.0310
07292500,aifs,2,0.4967,0.6089,0.7062,0.9510,241,6.9310
07295000,aifs,2,0.4927,0.5503,0.7032,0.9311,241,7.8727
07299670,aifs,2,0.1922,0.3029,0.4558,0.8955,241,4.0912
07301410,aifs,2,0.2460,0.1851,0.5153,0.7765,241,4.8535
07301500,aifs,2,0.4304,0.5047,0.6563,0.9573,241,2.4424
07315200,aifs,2,0.2050,0.3872,0.4886,0.9263,241,6.0315
07315700,aifs,2,0.0919,0.3718,0.4575,1.2384,241,5.6518
07335700,aifs,2,0.3082,0.2773,0.5702,0.7042,241,9.0986
07340300,aifs,2,0.4623,0.5117,0.6835,0.8393,241,6.0888
07346045,aifs,2,0.4146,0.5797,0.6531,1.0060,241,5.5198
07359610,aifs,2,0.3670,0.3033,0.6321,0.6692,241,8.2017
07362100,aifs,2,0.3874,0.5723,0.6392,1.0736,241,5.5304
07362587,aifs,2,0.3594,0.3257,0.6163,0.7329,241,8.2765
07373000,aifs,2,0.5928,0.6646,0.7702,1.0423,241,5.7979
07375000,aifs,2,0.2376,0.3267,0.4986,0.8341,241,11.8551
07376000,aifs,2,0.3189,0.4529,0.5751,0.8883,241,9.8153
08013000,aifs,2,0.6497,0.6441,0.8146,0.9722,241,6.0152
08014500,aifs,2,0.6823,0.6856,0.8316,0.9681,241,5.5623
08023080,aifs,2,0.5080,0.5552,0.7149,1.0230,241,6.5124
08025500,aifs,2,0.5952,0.5557,0.7918,0.9194,241,7.1022
08029500,aifs,2,0.4150,0.4957,0.6447,0.9293,241,8.8331
08050800,aifs,2,0.3466,0.3754,0.5926,0.8161,241,7.7185
08066200,aifs,2,0.3982,0.4326,0.6343,0.8533,241,10.8855
08066300,aifs,2,0.3183,0.3223,0.5716,0.9051,241,14.6103
08070000,aifs,2,0.5376,0.7027,0.7583,1.1626,241,6.1534
08070200,aifs,2,0.5804,0.7295,0.7761,1.1259,241,5.9988
08079600,aifs,2,0.2935,0.4578,0.5605,0.8943,241,2.5370
08082700,aifs,2,0.1953,0.3491,0.4688,1.0292,241,4.7923
08086212,aifs,2,0.1100,0.3446,0.4238,0.9947,241,5.8150
08086290,aifs,2,0.2184,0.4371,0.5124,1.0431,241,5.4228
08101000,aifs,2,0.3427,0.5399,0.6187,1.1733,241,4.9692
08103900,aifs,2,0.4287,0.4453,0.6612,0.8767,241,7.0026
08104900,aifs,2,0.3371,0.3730,0.5832,0.8488,241,8.5354
08109700,aifs,2,0.4152,0.4993,0.6445,1.0393,241,8.0944
08150800,aifs,2,0.4562,0.3880,0.7040,0.7659,241,7.8213
08155200,aifs,2,0.2376,0.4762,0.5444,1.1400,241,7.2147
08158700,aifs,2,0.2549,0.5140,0.5710,1.1556,241,6.6980
08158810,aifs,2,0.3035,0.5725,0.6136,1.1373,241,6.1600
08164000,aifs,2,0.5370,0.6537,0.7424,1.1720,241,5.0329
08164300,aifs,2,0.5286,0.6019,0.7273,1.0497,241,6.6026
08164600,aifs,2,0.3821,0.5545,0.6383,1.1510,241,5.8597
08165300,aifs,2,0.5699,0.5684,0.7648,0.9367,241,6.2386
08171300,aifs,2,0.3384,0.5316,0.6057,1.1069,241,6.8350
08175000,aifs,2,0.4444,0.5687,0.6689,1.0034,241,6.4697
08176900,aifs,2,0.5336,0.6502,0.7405,1.1769,241,4.6970
08178880,aifs,2,0.4275,0.4802,0.6553,0.9605,241,8.0458
08189500,aifs,2,0.3681,0.5303,0.6183,1.0704,241,5.8628
08190000,aifs,2,0.4999,0.3726,0.7791,0.7787,241,10.1820
08190500,aifs,2,0.4674,0.3682,0.7405,0.8003,241,10.0383
08194200,aifs,2,0.3115,0.2171,0.5884,0.6650,241,7.1883
08195000,aifs,2,0.5390,0.4411,0.7867,0.8462,241,8.8217
08196000,aifs,2,0.4690,0.3779,0.7403,0.8265,241,10.8413
08198500,aifs,2,0.4693,0.4326,0.7065,0.8477,241,9.1209
08200000,aifs,2,0.2995,0.3576,0.5479,0.9055,241,10.0811
08202700,aifs,2,0.3228,0.3387,0.5719,0.8309,241,10.6237
08267500,aifs,2,0.5197,0.3142,0.8186,0.6216,241,2.6254
08269000,aifs,2,0.5965,0.5357,0.7936,0.8149,241,1.7837
08271000,aifs,2,0.5043,0.2819,0.8213,0.5879,241,2.7772
08324000,aifs,2,0.5147,0.5764,0.7205,0.8371,241,1.6066
08377900,aifs,2,0.3694,0.3556,0.6216,0.7811,241,2.9676
08378500,aifs,2,0.4645,0.4757,0.6897,0.8406,241,2.3987
08380500,aifs,2,0.4570,0.4413,0.6904,0.8048,241,2.2490
09034900,aifs,2,0.6098,0.5305,0.8125,0.8320,241,2.4635
09035900,aifs,2,0.6497,0.7315,0.8063,1.0328,241,1.7249
09047700,aifs,2,0.6103,0.7029,0.7822,1.0596,241,1.7266
09065500,aifs,2,0.6206,0.7083,0.7880,1.0256,241,1.8323
09066000,aifs,2,0.5601,0.6886,0.7766,1.2117,241,1.6814
09066200,aifs,2,0.5950,0.6664,0.7715,0.9903,241,2.0043
09066300,aifs,2,0.6016,0.6842,0.7756,1.0027,241,1.9344
09081600,aifs,2,0.6771,0.6839,0.8272,1.0824,241,2.4665
09107000,aifs,2,0.6226,0.4705,0.8428,1.5035,241,1.5100
09210500,aifs,2,0.6500,0.7868,0.8132,1.0586,241,1.3742
09223000,aifs,2,0.7065,0.7827,0.8412,1.0560,241,1.5438
09306242,aifs,2,0.5862,0.7334,0.7903,1.1633,241,1.8123
09312600,aifs,2,0.4878,0.6407,0.7082,1.1048,241,2.2134
09352900,aifs,2,0.7926,0.8249,0.8907,0.9830,241,2.0053
09378170,aifs,2,0.4851,0.3367,0.7322,0.5683,241,2.4966
09378630,aifs,2,0.4583,0.2992,0.7184,0.5481,241,2.6948
09386900,aifs,2,0.5264,0.5732,0.7275,0.9139,241,1.5614
09404450,aifs,2,0.5633,0.6775,0.7523,0.9477,241,1.9346
09430500,aifs,2,0.5968,0.6127,0.7788,0.8342,241,1.4527
09430600,aifs,2,0.3801,0.4039,0.6301,0.7280,241,2.3540
09447800,aifs,2,0.3261,0.6596,0.6629,0.9525,241,1.3487
09480000,aifs,2,0.4019,0.3415,0.6559,0.6560,241,2.7178
09484000,aifs,2,0.3151,0.4482,0.5750,0.8408,241,2.7540
09484600,aifs,2,0.4767,0.4404,0.7041,0.6994,241,2.1590
09492400,aifs,2,0.4560,0.3795,0.7057,0.6860,241,3.4892
09494000,aifs,2,0.5528,0.6018,0.7473,0.8336,241,2.2606
09497800,aifs,2,0.3226,0.5212,0.5983,0.8615,241,2.4796
09497980,aifs,2,0.3562,0.4410,0.6087,0.7524,241,2.8457
09505200,aifs,2,0.6142,0.7385,0.7863,0.9865,241,1.9153
09505350,aifs,2,0.5637,0.6830,0.7528,0.9573,241,2.1163
09505800,aifs,2,0.6131,0.7237,0.7844,0.9714,241,2.0360
09508300,aifs,2,0.4225,0.5578,0.6623,0.8257,241,2.3132
09510200,aifs,2,0.1975,0.2972,0.4696,0.7598,241,2.7618
09512280,aifs,2,0.0940,0.3024,0.3970,1.0089,241,2.6330
09513780,aifs,2,0.1368,0.3451,0.4367,0.9591,241,2.3980
10023000,aifs,2,0.7497,0.7615,0.8680,1.0687,241,1.7906
10166430,aifs,2,0.6339,0.5664,0.8103,0.7578,241,2.1583
10172700,aifs,2,0.5624,0.6317,0.7524,0.8467,241,1.8012
10172800,aifs,2,0.6847,0.4741,0.8785,0.6626,241,2.0470
10173450,aifs,2,0.5355,0.5466,0.7376,0.8049,241,2.4352
10205030,aifs,2,0.6469,0.6081,0.8172,0.8505,241,1.8011
10234500,aifs,2,0.5810,0.5791,0.7693,0.8242,241,2.2419
10242000,aifs,2,0.5847,0.4856,0.7894,0.7183,241,2.4271
10244950,aifs,2,0.6779,0.6758,0.8288,0.9101,241,1.6158
10249300,aifs,2,0.5552,0.7175,0.7618,1.1257,241,1.5035
10258000,aifs,2,0.5930,0.6522,0.7705,0.9340,241,2.2684
10258500,aifs,2,0.5002,0.5291,0.8033,1.3884,241,1.2830
10259000,aifs,2,0.6066,0.6760,0.7790,0.9165,241,1.7242
10259200,aifs,2,0.4915,0.4507,0.7914,1.4852,241,1.4264
10263500,aifs,2,0.5027,0.3051,0.7597,0.5850,241,4.1260
10310500,aifs,2,0.7736,0.7007,0.9085,1.2559,241,1.7239
10316500,aifs,2,0.4739,0.3417,0.7401,0.6609,241,2.6868
10329500,aifs,2,0.4928,0.4753,0.7122,0.8003,241,2.3239
10336645,aifs,2,0.8780,0.8400,0.9377,1.1315,241,2.8597
10336660,aifs,2,0.8964,0.8516,0.9507,1.0368,241,2.8704
10343500,aifs,2,0.7776,0.8115,0.8919,1.1532,241,2.5389
10348850,aifs,2,0.6814,0.3605,0.9360,0.5991,241,5.1266
10396000,aifs,2,0.6179,0.4813,0.8173,0.6926,241,2.0705
11098000,aifs,2,0.3665,0.1594,0.6485,0.4878,241,6.4875
11124500,aifs,2,0.3931,0.3280,0.6425,0.7135,241,5.3859
11141280,aifs,2,0.6667,0.4743,0.8507,0.6689,241,3.6296
11143000,aifs,2,0.4870,0.2444,0.7470,0.4866,241,7.2299
11148900,aifs,2,0.6291,0.6378,0.7944,0.7828,241,3.3175
11151300,aifs,2,0.6545,0.6784,0.8098,0.8255,241,2.1917
11162500,aifs,2,0.5236,0.6292,0.7321,0.8058,241,4.3668
11176400,aifs,2,0.3444,0.6325,0.7481,1.1654,241,2.7336
11180500,aifs,2,0.2942,0.5962,0.7272,1.2119,241,3.1947
11180960,aifs,2,0.4462,0.7214,0.7218,1.0155,241,3.3973
11224500,aifs,2,0.6751,0.5774,0.8305,0.7307,241,1.8509
11253310,aifs,2,0.7401,0.6166,0.8729,0.7562,241,1.3493
11264500,aifs,2,0.2388,0.0733,0.8553,1.7484,241,4.1314
11266500,aifs,2,0.3662,0.1981,0.8556,1.6588,241,4.0619
11274500,aifs,2,0.5320,0.7623,0.7930,1.0534,241,2.2057
11274630,aifs,2,0.4715,0.6490,0.8051,1.1879,241,2.1316
11284400,aifs,2,0.8005,0.6736,0.9184,1.2947,241,2.2591
11299600,aifs,2,0.7117,0.6373,0.8799,1.3207,241,2.6530
11381500,aifs,2,0.5920,0.6920,0.7698,0.9974,241,5.7660
11383500,aifs,2,0.6048,0.7037,0.7781,0.9973,241,5.7616
11451100,aifs,2,0.8045,0.8506,0.9011,1.1107,241,2.2858
11468500,aifs,2,0.8063,0.8524,0.9025,1.1103,241,2.9331
11473900,aifs,2,0.7813,0.7813,0.8865,0.9518,241,3.2054
11475560,aifs,2,0.5749,0.3586,0.8153,0.6048,241,8.4946
11476600,aifs,2,0.6364,0.7851,0.8056,1.0386,241,4.4221
11478500,aifs,2,0.7724,0.8006,0.8795,0.9488,241,3.5101
11480390,aifs,2,0.7176,0.7581,0.8478,0.9641,241,3.6809
11481200,aifs,2,0.7164,0.6778,0.8530,0.8495,241,4.2239
11482500,aifs,2,0.7000,0.6000,0.8523,0.7763,241,4.8668
11522500,aifs,2,0.8011,0.8717,0.8957,1.0213,241,2.6577
11523200,aifs,2,0.7564,0.7344,0.8732,0.8674,241,3.2394
11528700,aifs,2,0.7591,0.8262,0.8714,0.9961,241,2.9639
11532500,aifs,2,0.7091,0.6045,0.8566,0.7648,241,5.9523
12010000,aifs,2,0.7037,0.4997,0.8912,0.6815,241,6.1960
12013500,aifs,2,0.7813,0.7049,0.8942,0.8256,241,4.1748
12020000,aifs,2,0.8206,0.8425,0.9067,0.9155,241,3.1662
12025000,aifs,2,0.8046,0.8081,0.8985,0.8914,241,3.1814
12025700,aifs,2,0.8131,0.8261,0.9140,1.1427,241,2.8025
12035000,aifs,2,0.7991,0.6257,0.9206,0.7519,241,4.9491
12040500,aifs,2,0.8118,0.6420,0.9275,0.7640,241,5.5158
12041200,aifs,2,0.7550,0.5150,0.9293,0.6854,241,6.9153
12043000,aifs,2,0.7949,0.5689,0.9412,0.7274,241,4.9817
12048000,aifs,2,0.5063,0.5129,0.7778,1.4326,241,3.6725
12054000,aifs,2,0.7414,0.6737,0.8796,0.9484,241,4.5341
12056500,aifs,2,0.7898,0.6572,0.9138,0.8338,241,5.4258
12073500,aifs,2,0.7636,0.7786,0.8758,1.0160,241,2.7591
12082500,aifs,2,0.8778,0.9250,0.9382,1.0396,241,3.3410
12092000,aifs,2,0.8718,0.8857,0.9341,0.9849,241,3.4536
12095000,aifs,2,0.7960,0.7947,0.9081,1.1739,241,3.3295
12114500,aifs,2,0.8090,0.5757,0.9489,0.7407,241,5.0325
12115000,aifs,2,0.8148,0.5836,0.9510,0.7478,241,4.9296
12115500,aifs,2,0.8254,0.6166,0.9504,0.7829,241,4.8019
12117000,aifs,2,0.8160,0.6179,0.9409,0.7715,241,4.8784
12141300,aifs,2,0.7850,0.5337,0.9457,0.7041,241,6.1777
12143600,aifs,2,0.8026,0.5947,0.9398,0.7643,241,5.5605
12144000,aifs,2,0.8204,0.6421,0.9384,0.7990,241,4.9659
12145500,aifs,2,0.8160,0.6884,0.9212,0.8112,241,3.9665
12147600,aifs,2,0.6976,0.4314,0.9211,0.6337,241,8.9776
12167000,aifs,2,0.8597,0.7295,0.9470,0.8824,241,4.1974
12175500,aifs,2,0.8888,0.8848,0.9438,0.9899,241,2.6259
12186000,aifs,2,0.8911,0.7184,0.9663,0.8327,241,3.8337
12189500,aifs,2,0.9216,0.8647,0.9641,0.9544,241,2.7377
12358500,aifs,2,0.7855,0.7575,0.8924,0.9261,241,3.1948
12377150,aifs,2,0.6535,0.5638,0.8323,0.7311,241,3.8409
12381400,aifs,2,0.7135,0.6572,0.8568,0.7987,241,3.2081
12390700,aifs,2,0.7609,0.8309,0.8773,1.1075,241,2.2472
12411000,aifs,2,0.7635,0.8278,0.8746,1.0620,241,2.5860
12414500,aifs,2,0.8133,0.8731,0.9041,1.0717,241,2.4257
12447390,aifs,2,0.4227,0.3958,0.7503,1.5462,241,2.1000
12451000,aifs,2,0.8045,0.6461,0.9388,1.2959,241,2.4640
12488500,aifs,2,0.8964,0.8984,0.9474,1.0139,241,2.5933
13011500,aifs,2,0.7693,0.7063,0.8931,1.2733,241,1.7487
13011900,aifs,2,0.7513,0.7877,0.8724,1.1536,241,1.7478
13018300,aifs,2,0.6680,0.7276,0.8242,1.1769,241,2.1226
13023000,aifs,2,0.6978,0.7896,0.8434,1.1270,241,1.6653
13161500,aifs,2,0.5490,0.4744,0.7810,1.4768,241,1.4248
13235000,aifs,2,0.7509,0.8178,0.8669,1.0424,241,2.1796
13240000,aifs,2,0.7263,0.6593,0.8660,0.8421,241,2.9798
13310700,aifs,2,0.7664,0.8430,0.8805,1.0954,241,2.1061
13313000,aifs,2,0.7271,0.7041,0.8594,0.8873,241,2.7249
13331500,aifs,2,0.7346,0.6038,0.8847,0.7907,241,2.5782
13337000,aifs,2,0.8462,0.9154,0.9212,1.0036,241,2.3341
13338500,aifs,2,0.6308,0.6793,0.8282,1.2692,241,2.7678
13340000,aifs,2,0.8107,0.8724,0.9055,1.0854,241,2.1866
13340600,aifs,2,0.8524,0.8659,0.9238,0.9696,241,2.5757
14020000,aifs,2,0.7317,0.6644,0.8674,0.8376,241,2.5059
14092750,aifs,2,0.8265,0.8950,0.9110,0.9556,241,2.3679
14096850,aifs,2,0.4911,0.6373,0.7782,1.2669,241,2.5255
14137000,aifs,2,0.8677,0.8729,0.9326,0.9043,241,3.1209
14138800,aifs,2,0.8427,0.6165,0.9467,0.7122,241,4.6324
14138870,aifs,2,0.8571,0.6565,0.9491,0.7498,241,4.5733
14138900,aifs,2,0.7973,0.4940,0.9573,0.6380,241,6.4618
14139800,aifs,2,0.8286,0.6541,0.9284,0.7329,241,4.8683
14141500,aifs,2,0.8644,0.8221,0.9321,0.8563,241,3.7036
14154500,aifs,2,0.8376,0.8816,0.9269,1.0600,241,2.2574
14158500,aifs,2,0.8836,0.8667,0.9412,0.9029,241,2.4261
14158790,aifs,2,0.8178,0.5580,0.9524,0.6879,241,3.8814
14166500,aifs,2,0.7699,0.8022,0.8780,0.9481,241,3.0765
14182500,aifs,2,0.7703,0.8736,0.8903,1.0500,241,3.8923
14185000,aifs,2,0.8756,0.8815,0.9440,1.0833,241,2.5364
14185900,aifs,2,0.8974,0.9026,0.9477,0.9420,241,2.7683
14187000,aifs,2,0.8595,0.9178,0.9277,0.9922,241,2.8071
14216500,aifs,2,0.8994,0.9433,0.9515,0.9942,241,2.9529
14222500,aifs,2,0.7733,0.5057,0.9391,0.6703,241,7.0994
14236200,aifs,2,0.9090,0.9123,0.9538,0.9749,241,2.5938
14301000,aifs,2,0.8098,0.6336,0.9308,0.7885,241,3.8992
14303200,aifs,2,0.6832,0.4277,0.8997,0.6295,241,6.5434
14305500,aifs,2,0.5718,0.3553,0.8258,0.5886,241,9.0108
14306340,aifs,2,0.7371,0.6866,0.8648,0.8019,241,3.6364
14306500,aifs,2,0.7091,0.7005,0.8457,0.8334,241,4.1262
14308990,aifs,2,0.7536,0.8286,0.8824,1.1195,241,2.2313
14309500,aifs,2,0.7225,0.7532,0.8518,0.8518,241,3.5459
14316700,aifs,2,0.8305,0.8550,0.9296,1.0607,241,2.1874
14325000,aifs,2,0.6391,0.6260,0.8047,0.7563,241,5.0454
14362250,aifs,2,0.6939,0.7106,0.8585,1.2468,241,2.3023
14400000,aifs,2,0.6212,0.5967,0.7930,0.7436,241,6.9587
01013500,aifs,3,0.4975,0.6646,0.7253,1.1499,241,3.9054
01022500,aifs,3,0.4587,0.6013,0.6910,1.1639,241,4.6383
01030500,aifs,3,0.5778,0.7127,0.7677,1.0987,241,3.5181
01031500,aifs,3,0.4499,0.5938,0.6835,1.1527,241,4.2175
01047000,aifs,3,0.4719,0.5967,0.6916,1.0982,241,4.4450
01052500,aifs,3,0.4068,0.5608,0.6751,1.2574,241,4.2854
01054200,aifs,3,0.6111,0.6745,0.7821,1.0219,241,4.5036
01055000,aifs,3,0.4830,0.6588,0.7082,1.0736,241,4.1228
01057000,aifs,3,0.4384,0.6582,0.6887,1.0677,241,4.5266
01073000,aifs,3,0.2910,0.5544,0.6099,1.1815,241,5.0900
01078000,aifs,3,0.3928,0.5988,0.6497,1.0722,241,4.8884
01118300,aifs,3,0.4306,0.3858,0.6786,0.7824,241,8.6856
01121000,aifs,3,0.5550,0.5912,0.7493,0.8322,241,5.4900
01123000,aifs,3,0.5264,0.5532,0.7310,0.8170,241,5.9544
01134500,aifs,3,0.5162,0.6090,0.7190,1.0469,241,4.5148
01137500,aifs,3,0.4854,0.6213,0.7040,1.1084,241,4.6711
01139000,aifs,3,0.4645,0.5559,0.6905,1.2046,241,4.5232
01139800,aifs,3,0.4255,0.5312,0.6531,0.9849,241,5.2354
01142500,aifs,3,0.4598,0.5917,0.6931,1.1852,241,4.2293
01144000,aifs,3,0.4977,0.6125,0.7068,1.0275,241,4.3962
01169000,aifs,3,0.6419,0.7350,0.8034,1.0918,241,4.1443
01170100,aifs,3,0.6569,0.7373,0.8144,1.1326,241,3.9543
01181000,aifs,3,0.6217,0.7496,0.7916,0.9934,241,4.6385
01187300,aifs,3,0.5851,0.7443,0.7930,1.1499,241,4.2487
01195100,aifs,3,0.3219,0.3857,0.5754,0.7795,241,7.8921
01333000,aifs,3,0.5300,0.6440,0.7358,1.1542,241,4.7847
01350000,aifs,3,0.4050,0.4253,0.6430,0.9379,241,7.7688
01350080,aifs,3,0.4088,0.5210,0.6412,1.0468,241,6.0498
01350140,aifs,3,0.4103,0.5184,0.6416,1.0010,241,5.7232
01365000,aifs,3,0.4630,0.5529,0.6805,1.0219,241,6.1441
01411300,aifs,3,0.2703,0.2854,0.5233,0.8424,241,9.1863
01413500,aifs,3,0.4429,0.4367,0.6788,0.8682,241,7.1053
01414500,aifs,3,0.4282,0.4349,0.6650,0.9444,241,7.6631
01415000,aifs,3,0.5219,0.5496,0.7274,0.9376,241,5.4196
01423000,aifs,3,0.5206,0.5441,0.7274,0.8981,241,5.3680
01434025,aifs,3,0.4418,0.4214,0.6825,0.8551,241,7.9847
01435000,aifs,3,0.4372,0.4514,0.6693,0.9077,241,7.5497
01439500,aifs,3,0.4851,0.5202,0.7022,0.8203,241,5.4531
01440000,aifs,3,0.4890,0.5096,0.7057,0.8277,241,5.7499
01440400,aifs,3,0.4566,0.4348,0.6923,0.7374,241,6.1908
01451800,aifs,3,0.4453,0.6067,0.6762,0.9486,241,5.0755
01466500,aifs,3,0.3988,0.5540,0.6393,0.9754,241,5.5562
01484100,aifs,3,0.4556,0.5619,0.6765,1.0714,241,5.7314
01485500,aifs,3,0.3790,0.4362,0.6169,0.9006,241,7.3817
01486000,aifs,3,0.3609,0.4190,0.6015,0.9265,241,7.6935
01487000,aifs,3,0.4887,0.5560,0.6997,1.0585,241,5.8940
01491000,aifs,3,0.4105,0.5975,0.6820,1.2245,241,4.7396
01510000,aifs,3,0.5564,0.6361,0.7460,0.9896,241,4.8388
01516500,aifs,3,0.5382,0.6579,0.7373,0.9180,241,3.8658
01518862,aifs,3,0.5729,0.6281,0.7596,0.8843,241,4.0001
01532000,aifs,3,0.3539,0.4744,0.6009,0.9014,241,5.5907
01539000,aifs,3,0.3807,0.4880,0.6248,0.8471,241,5.6915
01542810,aifs,3,0.4992,0.6089,0.7091,0.9212,241,4.6310
01543000,aifs,3,0.5613,0.6598,0.7512,0.9206,241,4.1938
01543500,aifs,3,0.5855,0.6243,0.7693,0.8805,241,4.3905
01544500,aifs,3,0.5677,0.6572,0.7544,0.9356,241,4.1109
01545600,aifs,3,0.5512,0.6422,0.7427,0.9693,241,4.3105
01547700,aifs,3,0.2790,0.2513,0.5421,0.8011,241,9.0888
01548500,aifs,3,0.5707,0.6756,0.7577,0.9248,241,3.8432
01549500,aifs,3,0.4898,0.5955,0.7008,0.9575,241,4.6785
01550000,aifs,3,0.3800,0.4818,0.6187,0.9221,241,5.7511
01552000,aifs,3,0.2893,0.3699,0.5435,0.8559,241,7.0281
01552500,aifs,3,0.3627,0.5019,0.6129,0.8817,241,5.5822
01557500,aifs,3,0.3778,0.3286,0.6433,0.7299,241,7.4271
01567500,aifs,3,0.3845,0.4186,0.6260,0.8198,241,6.0970
01568000,aifs,3,0.4581,0.5137,0.6813,0.8384,241,5.0637
01580000,aifs,3,0.4671,0.6626,0.6994,1.0153,241,4.5296
01583500,aifs,3,0.5009,0.6734,0.7203,1.0760,241,4.3534
01586610,aifs,3,0.5094,0.6581,0.7193,1.0311,241,4.3678
01591400,aifs,3,0.5049,0.5016,0.7208,0.8186,241,5.7022
01596500,aifs,3,0.2576,0.3849,0.5185,0.9456,241,6.2885
01605500,aifs,3,0.4483,0.5035,0.6715,0.9212,241,4.9436
01606500,aifs,3,0.4922,0.5692,0.7023,0.9398,241,4.4181
01613050,aifs,3,0.4301,0.4851,0.6610,0.8330,241,4.9791
01620500,aifs,3,0.5395,0.6086,0.7349,1.0333,241,3.8252
01632000,aifs,3,0.4252,0.3737,0.6842,0.6746,241,5.3957
01632900,aifs,3,0.3881,0.3717,0.6407,0.7153,241,5.3726
01634500,aifs,3,0.4533,0.4466,0.6865,0.7724,241,5.1291
01638480,aifs,3,0.4802,0.5337,0.6960,0.8649,241,4.9455
01639500,aifs,3,0.4727,0.6364,0.6956,1.0109,241,4.4517
01644000,aifs,3,0.4980,0.5448,0.7112,0.8205,241,4.5678
01658500,aifs,3,0.4589,0.4791,0.6847,0.8065,241,5.3229
01664000,aifs,3,0.4089,0.4202,0.6548,0.7232,241,5.2793
01666500,aifs,3,0.4016,0.4143,0.6474,0.7350,241,5.2927
01667500,aifs,3,0.4211,0.4468,0.6601,0.7548,241,4.9749
01669000,aifs,3,0.3292,0.4294,0.5758,0.9494,241,6.6265
01669520,aifs,3,0.3678,0.4595,0.6071,0.9567,241,6.3956
02011400,aifs,3,0.5112,0.6016,0.7154,0.9540,241,4.1783
02011460,aifs,3,0.5068,0.5948,0.7120,1.0151,241,4.4569
02013000,aifs,3,0.3627,0.4669,0.6082,0.8681,241,5.0028
02014000,aifs,3,0.3832,0.5263,0.6287,0.8961,241,4.4037
02015700,aifs,3,0.4987,0.5623,0.7070,1.0418,241,4.3463
02016000,aifs,3,0.5257,0.6390,0.7262,1.0146,241,3.7232
02017500,aifs,3,0.3399,0.5688,0.6142,0.9894,241,4.0333
02018000,aifs,3,0.3791,0.6148,0.6471,1.0109,241,3.7383
02027000,aifs,3,0.4908,0.6364,0.7103,1.1189,241,3.7197
02027500,aifs,3,0.4683,0.6126,0.6896,1.0438,241,3.9768
02028500,aifs,3,0.4821,0.5885,0.6971,0.9026,241,4.0279
02038850,aifs,3,0.3212,0.4713,0.5820,0.8730,241,4.8621
02046000,aifs,3,0.3970,0.4965,0.6332,0.8883,241,5.3197
02051000,aifs,3,0.3719,0.4237,0.6129,0.8447,241,5.8047
02051500,aifs,3,0.4173,0.5111,0.6477,0.9065,241,5.0993
02053200,aifs,3,0.3657,0.5483,0.6210,1.0553,241,5.7798
02053800,aifs,3,0.4038,0.5211,0.6479,0.8174,241,4.1246
02055100,aifs,3,0.2024,0.4719,0.5498,1.2328,241,4.2663
02056900,aifs,3,0.4009,0.4714,0.6417,0.7888,241,4.5992
02059500,aifs,3,0.4343,0.6531,0.6831,0.9678,241,3.4945
02064000,aifs,3,0.3715,0.5705,0.6308,1.0675,241,4.2332
02065500,aifs,3,0.4098,0.6000,0.6563,1.0428,241,4.0461
02069700,aifs,3,0.3932,0.4193,0.6346,0.7870,241,5.4848
02070000,aifs,3,0.3822,0.4073,0.6271,0.7625,241,5.4688
02074500,aifs,3,0.3501,0.4085,0.5922,0.9569,241,5.9837
02077200,aifs,3,0.3016,0.5744,0.6040,1.0559,241,4.6128
02081500,aifs,3,0.3377,0.5355,0.6028,1.0382,241,5.1535
02082950,aifs,3,0.3557,0.5581,0.6641,1.2794,241,4.3701
02092500,aifs,3,0.3682,0.5768,0.6738,1.2636,241,4.9692
02096846,aifs,3,0.2734,0.3412,0.5241,0.9225,241,7.6539
02102908,aifs,3,0.5757,0.6129,0.7615,0.9488,241,5.4502
02108000,aifs,3,0.4533,0.6573,0.7022,1.1316,241,4.7776
02111180,aifs,3,0.3869,0.4030,0.6322,0.7724,241,5.8213
02111500,aifs,3,0.3967,0.4159,0.6386,0.7833,241,5.6879
02118500,aifs,3,0.4450,0.5556,0.6730,0.8621,241,4.6493
02128000,aifs,3,0.4579,0.6277,0.6862,0.9839,241,4.8410
02137727,aifs,3,0.4194,0.3851,0.6688,0.7682,241,6.3793
02140991,aifs,3,0.4307,0.4779,0.6613,0.8333,241,5.3948
02143000,aifs,3,0.5053,0.5199,0.7180,0.8254,241,4.9669
02143040,aifs,3,0.4751,0.5248,0.6939,0.8306,241,5.0756
02149000,aifs,3,0.4051,0.3051,0.6832,0.6823,241,7.6190
02152100,aifs,3,0.5529,0.5952,0.7470,0.8676,241,4.4622
02177000,aifs,3,0.3908,0.4753,0.6271,0.8961,241,7.0002
02178400,aifs,3,0.4133,0.5664,0.6512,0.9372,241,5.8246
02193340,aifs,3,0.4503,0.5536,0.6736,1.1080,241,5.3831
02196000,aifs,3,0.4906,0.5018,0.7089,0.9065,241,5.7280
02198100,aifs,3,0.3473,0.3312,0.6030,0.7955,241,8.4162
02202600,aifs,3,0.1999,0.4622,0.5328,1.1863,241,5.3419
02212600,aifs,3,0.4505,0.5176,0.6717,0.9780,241,6.3074
02215100,aifs,3,0.3150,0.4064,0.5643,0.9064,241,6.9848
02216180,aifs,3,0.3103,0.3203,0.5633,0.8596,241,8.2493
02221525,aifs,3,0.4938,0.5891,0.7028,1.0094,241,5.4074
02231000,aifs,3,0.4184,0.4843,0.6492,0.9094,241,5.1041
02231342,aifs,3,0.2495,0.3766,0.5105,1.0288,241,5.8742
02235200,aifs,3,0.3084,0.4081,0.5595,0.9249,241,5.6898
02245500,aifs,3,0.2122,0.3593,0.4833,1.0611,241,5.8291
02246000,aifs,3,0.2983,0.4678,0.5625,1.0015,241,4.9435
02296500,aifs,3,0.3294,0.4198,0.5822,0.8584,241,4.9822
02297155,aifs,3,0.2299,0.2218,0.4936,0.7778,241,7.6729
02297310,aifs,3,0.2645,0.2598,0.5379,0.7359,241,6.8187
02298123,aifs,3,0.1698,0.2331,0.4295,0.8383,241,6.5372
02298608,aifs,3,0.1554,0.1621,0.4216,0.7280,241,7.8646
02299950,aifs,3,0.1540,0.2167,0.4112,0.8473,241,7.2629
02300700,aifs,3,0.1873,0.2006,0.4358,0.8807,241,8.4303
02310947,aifs,3,0.1931,0.2707,0.4477,0.9372,241,6.9117
02312200,aifs,3,0.1773,0.1929,0.4240,0.8937,241,8.4385
02314500,aifs,3,0.4111,0.4043,0.6565,0.8442,241,5.9242
02315500,aifs,3,0.4408,0.4588,0.6735,0.8569,241,5.2727
02324400,aifs,3,0.2735,0.2482,0.5390,0.8056,241,8.8468
02327100,aifs,3,0.3166,0.3502,0.5690,0.8425,241,7.3435
02349900,aifs,3,0.2839,0.3276,0.5386,0.8175,241,7.9798
02350900,aifs,3,0.3460,0.4982,0.5998,0.9169,241,6.0354
02361000,aifs,3,0.4043,0.5643,0.6453,0.9491,241,5.4982
02363000,aifs,3,0.4563,0.5625,0.6767,0.9519,241,5.7986
02369800,aifs,3,0.3822,0.2763,0.6731,0.6738,241,10.1337
02371500,aifs,3,0.3880,0.4426,0.6250,0.8857,241,7.3312
02372250,aifs,3,0.3766,0.4492,0.6175,0.8475,241,7.1812
02374500,aifs,3,0.3118,0.3791,0.5659,0.8028,241,8.2801
02381600,aifs,3,0.3041,0.3650,0.5547,0.8624,241,8.4583
02384540,aifs,3,0.3506,0.4542,0.5947,0.9309,241,7.0419
02395120,aifs,3,0.4203,0.5610,0.6595,1.1463,241,5.6916
02408540,aifs,3,0.2830,0.3870,0.5377,0.9144,241,8.0736
02415000,aifs,3,0.3007,0.3418,0.5536,0.8244,241,8.6715
02422500,aifs,3,0.3182,0.4741,0.5767,1.0615,241,7.1990
02427250,aifs,3,0.3536,0.5723,0.6214,0.9864,241,6.1405
02430085,aifs,3,0.4403,0.5479,0.6649,1.0560,241,6.4328
02450250,aifs,3,0.4578,0.4636,0.6862,0.8168,241,7.1788
02464000,aifs,3,0.3890,0.4032,0.6310,0.8865,241,8.7530
02465493,aifs,3,0.4596,0.5636,0.6787,1.0366,241,6.2540
02469800,aifs,3,0.3810,0.5396,0.6303,0.8912,241,7.1323
02472000,aifs,3,0.5227,0.5280,0.7318,0.8819,241,7.2142
02472500,aifs,3,0.3992,0.4550,0.6363,0.8250,241,8.8086
02479155,aifs,3,0.5010,0.4464,0.7327,0.7961,241,9.2976
02479300,aifs,3,0.4614,0.2756,0.7902,0.6396,241,12.8151
02481000,aifs,3,0.3899,0.1773,0.7833,0.5672,241,16.3707
02481510,aifs,3,0.4340,0.2476,0.7627,0.5890,241,12.9634
03010655,aifs,3,0.5340,0.5982,0.7332,0.8910,241,4.4818
03011800,aifs,3,0.4742,0.5272,0.6916,0.8907,241,5.5635
03015500,aifs,3,0.4726,0.6737,0.7063,1.0473,241,4.6707
03021350,aifs,3,0.4420,0.5955,0.6714,0.9824,241,5.5453
03026500,aifs,3,0.4928,0.5614,0.7041,0.8988,241,5.1525
03028000,aifs,3,0.4848,0.5579,0.6978,0.9125,241,5.3422
03049800,aifs,3,0.3975,0.4697,0.6315,0.9243,241,6.8265
03050000,aifs,3,0.3594,0.4156,0.6017,0.9055,241,7.5347
03066000,aifs,3,0.3854,0.4082,0.6288,0.8496,241,6.5850
03069500,aifs,3,0.4314,0.4929,0.6587,0.9190,241,5.8705
03070500,aifs,3,0.4108,0.5760,0.6504,0.9832,241,5.8447
03076600,aifs,3,0.2446,0.3214,0.5030,0.8551,241,7.7820
03078000,aifs,3,0.2213,0.3159,0.4789,0.9281,241,7.8006
03140000,aifs,3,0.3182,0.4732,0.5769,0.9328,241,5.8664
03144000,aifs,3,0.3224,0.3633,0.5783,0.7731,241,7.2251
03159540,aifs,3,0.2326,0.3258,0.4966,0.8289,241,8.1751
03161000,aifs,3,0.3541,0.4388,0.6023,0.8298,241,5.4529
03164000,aifs,3,0.4599,0.5296,0.6853,0.8192,241,4.3674
03165000,aifs,3,0.4296,0.3807,0.6805,0.7055,241,5.4989
03170000,aifs,3,0.4248,0.5047,0.6617,0.7940,241,4.2255
03173000,aifs,3,0.3975,0.5657,0.6493,0.8627,241,3.8483
03180500,aifs,3,0.4323,0.5443,0.6596,1.0592,241,5.2691
03182500,aifs,3,0.4762,0.6111,0.6948,1.0652,241,4.5025
03186500,aifs,3,0.3855,0.5142,0.6270,0.9161,241,5.8145
03187500,aifs,3,0.3880,0.5265,0.6291,0.9417,241,5.7350
03213700,aifs,3,0.4248,0.5436,0.6539,0.9728,241,5.3293
03237280,aifs,3,0.2528,0.4458,0.5315,0.9960,241,6.6800
03237500,aifs,3,0.3187,0.4713,0.5763,0.9429,241,6.6354
03241500,aifs,3,0.2935,0.3196,0.5494,0.7866,241,8.3609
03280700,aifs,3,0.3256,0.5179,0.5929,1.0676,241,5.9183
03281100,aifs,3,0.3418,0.5603,0.6139,1.0607,241,5.5996
03281500,aifs,3,0.3912,0.5968,0.6476,1.0584,241,5.2128
03285000,aifs,3,0.3290,0.4371,0.5767,0.9469,241,7.4071
03291780,aifs,3,0.3984,0.4115,0.6390,0.8836,241,8.0086
03300400,aifs,3,0.3316,0.3891,0.5793,0.8562,241,7.9097
03340800,aifs,3,0.3323,0.3529,0.5819,0.8364,241,8.4295
03346000,aifs,3,0.4284,0.4756,0.6574,0.8881,241,6.5843
03364500,aifs,3,0.3371,0.2579,0.6212,0.7203,241,10.7312
03366500,aifs,3,0.3898,0.4104,0.6305,0.8760,241,7.8913
03368000,aifs,3,0.3300,0.2460,0.6155,0.6820,241,10.6822
03384450,aifs,3,0.3239,0.3926,0.5696,0.9366,241,7.7846
03439000,aifs,3,0.4266,0.4844,0.6593,0.8231,241,6.0081
03450000,aifs,3,0.3877,0.4771,0.6266,0.8734,241,5.1078
03455500,aifs,3,0.4131,0.5234,0.6526,0.8348,241,5.5199
03456500,aifs,3,0.3729,0.4342,0.6269,0.7498,241,5.3774
03460000,aifs,3,0.3626,0.4773,0.6114,0.8572,241,5.7236
03463300,aifs,3,0.3960,0.3788,0.6505,0.7285,241,6.1404
03471500,aifs,3,0.3703,0.5011,0.6188,0.8689,241,4.8250
03473000,aifs,3,0.3325,0.4807,0.5933,0.8590,241,5.1493
03479000,aifs,3,0.3695,0.5288,0.6237,0.8760,241,4.7607
03488000,aifs,3,0.3448,0.5051,0.6010,0.9129,241,4.9969
03498500,aifs,3,0.3520,0.4930,0.6030,0.9052,241,6.1584
03500000,aifs,3,0.3553,0.5544,0.6165,0.9889,241,5.9237
03504000,aifs,3,0.3521,0.4370,0.6039,0.8033,241,7.0162
03574500,aifs,3,0.4594,0.5048,0.6804,0.9462,241,6.7956
03604000,aifs,3,0.4343,0.4575,0.6657,0.8306,241,7.2990
04015330,aifs,3,0.3207,0.4340,0.5715,0.9085,241,5.3982
04024430,aifs,3,0.2752,0.5727,0.6029,1.1187,241,4.2840
04027000,aifs,3,0.0274,0.3633,0.4922,1.3777,241,4.4605
04040500,aifs,3,0.1484,0.4515,0.4950,1.0843,241,4.9007
04043050,aifs,3,0.2055,0.4604,0.5158,1.0020,241,4.3275
04045500,aifs,3,0.4349,0.5900,0.6735,1.1401,241,3.8264
04056500,aifs,3,0.3957,0.5960,0.6692,1.1974,241,3.6916
04057510,aifs,3,0.3107,0.5376,0.5928,1.0690,241,4.6257
04057800,aifs,3,0.2904,0.5500,0.5916,1.0876,241,4.5249
04059500,aifs,3,0.3095,0.5913,0.6209,1.1081,241,4.2991
04063700,aifs,3,0.1499,0.4663,0.5653,1.3067,241,4.3786
04074950,aifs,3,0.1291,0.4775,0.5098,1.1225,241,4.8953
04105700,aifs,3,0.3576,0.4653,0.5998,0.9792,241,5.7579
04115265,aifs,3,0.3678,0.5015,0.6117,1.0373,241,5.6956
04122200,aifs,3,0.4615,0.5889,0.6837,1.0861,241,5.2687
04122500,aifs,3,0.4650,0.6210,0.6916,1.0928,241,4.9432
04124000,aifs,3,0.4505,0.4302,0.6869,0.7746,241,6.3660
04127997,aifs,3,0.5117,0.4978,0.7282,0.8165,241,5.3953
04185000,aifs,3,0.3907,0.4753,0.6300,0.8515,241,5.1189
04196800,aifs,3,0.3400,0.4630,0.5917,0.8786,241,5.7205
04197100,aifs,3,0.2804,0.3645,0.5342,0.8849,241,6.6856
04197170,aifs,3,0.2924,0.4215,0.5495,0.9357,241,6.0090
04213000,aifs,3,0.4692,0.6425,0.6978,1.0759,241,4.6624
04213075,aifs,3,0.3915,0.5528,0.6372,1.0804,241,5.6115
04216418,aifs,3,0.5436,0.5821,0.7428,0.8497,241,4.9989
04221000,aifs,3,0.5692,0.6369,0.7557,0.9216,241,4.0715
04224775,aifs,3,0.5251,0.5862,0.7259,0.9400,241,4.7352
04256000,aifs,3,0.5041,0.6763,0.7296,1.1302,241,4.2364
04296000,aifs,3,0.5161,0.5933,0.7265,1.1973,241,4.3414
05057000,aifs,3,0.2323,0.5099,0.6104,1.2958,241,3.2626
05057200,aifs,3,0.1807,0.4441,0.5678,1.3409,241,3.1183
05062500,aifs,3,0.0560,0.4037,0.4468,1.1341,241,4.2763
05087500,aifs,3,0.2819,0.4163,0.5406,1.0333,241,4.4832
05120500,aifs,3,0.0434,0.4234,0.5322,1.3371,241,3.9206
05123400,aifs,3,0.1805,0.4864,0.5211,1.0530,241,4.7211
05129115,aifs,3,0.3515,0.5494,0.6168,1.0938,241,3.8144
05131500,aifs,3,0.3149,0.5697,0.6091,1.0880,241,3.6192
05291000,aifs,3,0.3431,0.3648,0.5894,1.1223,241,5.5399
05362000,aifs,3,0.2060,0.4816,0.5502,1.2094,241,4.5718
05393500,aifs,3,0.1963,0.4456,0.5162,1.1498,241,5.0325
05399500,aifs,3,0.1750,0.3502,0.4587,0.9400,241,6.4209
05408000,aifs,3,0.2567,0.3244,0.5106,0.8699,241,7.7325
05412500,aifs,3,0.4346,0.5497,0.6618,0.9289,241,5.6708
05413500,aifs,3,0.4919,0.5310,0.7046,0.9186,241,6.1219
05414000,aifs,3,0.4590,0.5283,0.6779,0.9733,241,6.1903
05444000,aifs,3,0.5329,0.6541,0.7403,1.1676,241,4.9258
05454000,aifs,3,0.3998,0.4938,0.6350,0.8805,241,6.6805
05458000,aifs,3,0.3302,0.4245,0.5781,0.8894,241,6.4383
05466500,aifs,3,0.5413,0.4284,0.7790,0.7348,241,7.1201
05487980,aifs,3,0.2409,0.3611,0.5082,0.8383,241,7.8090
05488200,aifs,3,0.2780,0.2983,0.5315,0.7992,241,9.2416
05489000,aifs,3,0.2473,0.2942,0.5052,0.7798,241,8.7440
05495000,aifs,3,0.3600,0.4998,0.6092,0.8970,241,5.8383
05495500,aifs,3,0.3971,0.3934,0.6407,0.7822,241,6.9526
05501000,aifs,3,0.2780,0.2737,0.5344,0.7954,241,8.5253
05503800,aifs,3,0.3657,0.4502,0.6057,0.9254,241,6.2553
05507600,aifs,3,0.4977,0.5909,0.7055,1.0006,241,4.6678
05508805,aifs,3,0.5240,0.6071,0.7241,0.9558,241,4.4642
05514500,aifs,3,0.4157,0.5093,0.6460,0.9227,241,5.4082
05525500,aifs,3,0.4303,0.4984,0.6576,0.8910,241,6.1356
05556500,aifs,3,0.5031,0.5375,0.7131,0.8743,241,6.3307
05584500,aifs,3,0.3856,0.3197,0.6524,0.7533,241,8.8721
05585000,aifs,3,0.4065,0.3599,0.6613,0.7798,241,7.9721
05591550,aifs,3,0.3357,0.3914,0.5815,0.8765,241,7.3940
05592050,aifs,3,0.3558,0.4792,0.6002,0.9931,241,6.0934
05592575,aifs,3,0.3413,0.3370,0.5957,0.7624,241,7.8568
05593575,aifs,3,0.1925,0.3461,0.4684,0.9153,241,7.3666
05593900,aifs,3,0.3029,0.3551,0.5544,0.8347,241,7.3300
05595730,aifs,3,0.2333,0.4028,0.5084,0.9466,241,6.8460
06037500,aifs,3,0.6980,0.7566,0.8392,1.1369,241,2.1373
06043500,aifs,3,0.7289,0.8025,0.8643,1.1414,241,1.9739
06154410,aifs,3,0.3608,0.4790,0.6044,0.9304,241,3.8878
06188000,aifs,3,0.6178,0.6899,0.8304,1.2545,241,1.8554
06191500,aifs,3,0.7106,0.7197,0.8718,1.2458,241,1.6366
06221400,aifs,3,0.5265,0.6685,0.7552,1.2137,241,2.0138
06224000,aifs,3,0.5260,0.6536,0.7429,1.1953,241,2.1236
06289000,aifs,3,0.5365,0.5832,0.7954,1.3599,241,1.9386
06332515,aifs,3,-0.1390,0.2977,0.4333,1.4147,241,3.5892
06339100,aifs,3,-0.2511,0.2376,0.5135,1.5506,241,2.9248
06339500,aifs,3,0.3330,0.5076,0.6962,1.3827,241,2.5308
06344600,aifs,3,0.0948,0.4215,0.4941,1.2499,241,3.2762
06350000,aifs,3,0.4099,0.6464,0.7232,1.2145,241,2.2216
06352000,aifs,3,-0.0534,0.4249,0.5918,1.3460,241,2.5503
06353000,aifs,3,-0.0057,0.4191,0.6102,1.3787,241,2.6729
06354000,aifs,3,0.2410,0.5370,0.6668,1.3053,241,2.5284
06360500,aifs,3,0.2649,0.5248,0.6873,1.3367,241,2.1640
06404000,aifs,3,0.1976,0.4380,0.5323,1.2445,241,2.9764
06406000,aifs,3,0.1710,0.4630,0.5348,1.2286,241,2.7603
06408700,aifs,3,0.1622,0.4674,0.5284,1.2010,241,2.6435
06409000,aifs,3,0.1823,0.4779,0.5417,1.2068,241,2.5707
06431500,aifs,3,0.2287,0.4626,0.5434,1.1864,241,2.8361
06440200,aifs,3,0.2591,0.4325,0.5310,0.9677,241,3.6556
06441500,aifs,3,0.3288,0.5935,0.6204,1.0251,241,2.8493
06447000,aifs,3,0.1501,0.4643,0.4991,1.0350,241,3.0572
06447500,aifs,3,-0.1097,0.2753,0.3148,1.0575,241,4.0211
06450500,aifs,3,0.0501,0.2846,0.3714,0.9261,241,4.4215
06452000,aifs,3,0.1590,0.4544,0.4960,1.0013,241,3.2689
06453600,aifs,3,0.2566,0.3984,0.5209,0.9429,241,4.6225
06464500,aifs,3,0.1607,0.2396,0.4185,0.8600,241,5.6477
06477500,aifs,3,0.1477,0.4124,0.4781,1.1224,241,4.5974
06479215,aifs,3,0.3294,0.3393,0.5783,1.1655,241,5.7241
06479438,aifs,3,0.2984,0.3336,0.5486,1.2016,241,5.4374
06601000,aifs,3,0.1725,0.2909,0.4364,0.9793,241,6.7934
06614800,aifs,3,0.5126,0.3853,0.7834,0.7357,241,3.7420
06622700,aifs,3,0.5857,0.6315,0.7678,0.8913,241,2.2896
06623800,aifs,3,0.6890,0.7040,0.8337,0.9523,241,2.1313
06632400,aifs,3,0.6367,0.6527,0.8028,0.9747,241,2.3321
06784000,aifs,3,0.3573,0.3953,0.6013,0.8479,241,4.3892
06803510,aifs,3,0.0022,0.1980,0.3043,0.9466,241,8.2201
06803530,aifs,3,-0.0195,0.2789,0.3411,1.0392,241,7.1291
06814000,aifs,3,0.1077,0.3393,0.4231,0.9177,241,7.1886
06846500,aifs,3,0.4578,0.5553,0.6799,0.8626,241,3.0609
06847900,aifs,3,0.3594,0.4757,0.6042,0.8978,241,4.0379
06853800,aifs,3,0.1432,0.3607,0.4458,1.0094,241,4.9657
06876700,aifs,3,0.2164,0.1428,0.4814,0.6745,241,8.7661
06878000,aifs,3,0.1579,0.2553,0.4262,0.8071,241,7.3362
06879650,aifs,3,0.3003,0.2417,0.5694,0.6539,241,8.0333
06885500,aifs,3,0.1652,0.2538,0.4389,0.7480,241,8.0636
06888500,aifs,3,0.2578,0.2215,0.5206,0.7036,241,8.6256
06889200,aifs,3,0.1446,0.2140,0.4084,0.7738,241,8.3597
06889500,aifs,3,0.1742,0.2418,0.4369,0.7838,241,7.9361
06892000,aifs,3,0.1766,0.2095,0.4354,0.7522,241,8.3881
06903400,aifs,3,0.1133,0.2475,0.3939,0.8269,241,8.8849
06906800,aifs,3,0.3405,0.2573,0.6216,0.6418,241,8.7848
06910800,aifs,3,0.2319,0.2361,0.4906,0.7361,241,8.3660
06911900,aifs,3,0.2180,0.1975,0.4793,0.6972,241,8.9244
06917000,aifs,3,0.2985,0.2806,0.5592,0.7320,241,9.1820
06918460,aifs,3,0.2685,0.3259,0.5243,0.8132,241,8.5336
06919500,aifs,3,0.2930,0.3689,0.5475,0.8314,241,7.9927
06921070,aifs,3,0.2332,0.2035,0.5000,0.6777,241,9.9565
06921200,aifs,3,0.2177,0.1779,0.4806,0.7030,241,10.6762
06934000,aifs,3,0.2228,0.3310,0.4888,0.8429,241,7.6330
07014500,aifs,3,0.1552,0.1371,0.4087,0.7117,241,10.6489
07056000,aifs,3,0.2599,0.3579,0.5190,0.8568,241,7.8810
07057500,aifs,3,0.2258,0.4467,0.5192,0.9674,241,7.3246
07060710,aifs,3,0.2451,0.3381,0.5019,0.8944,241,8.7407
07066000,aifs,3,0.2393,0.4305,0.5199,0.9663,241,7.2185
07067000,aifs,3,0.2687,0.4976,0.5574,0.9958,241,6.2622
07068000,aifs,3,0.2727,0.5395,0.5767,1.0294,241,5.8661
07071500,aifs,3,0.2228,0.5045,0.5426,1.0168,241,6.5212
07083000,aifs,3,0.5476,0.6561,0.7576,1.2156,241,1.9388
07142300,aifs,3,0.1665,0.2197,0.4246,0.7784,241,4.7894
07145700,aifs,3,0.2458,0.1742,0.5161,0.7256,241,10.0680
07148400,aifs,3,0.0208,0.2750,0.3583,0.8820,241,4.3972
07149000,aifs,3,0.1769,0.4231,0.4900,0.9288,241,3.8150
07151500,aifs,3,0.2536,0.2671,0.5067,0.8051,241,6.7741
07167500,aifs,3,0.2493,0.4082,0.5186,0.9595,241,6.8404
07180500,aifs,3,0.2665,0.3452,0.5210,0.8641,241,6.8987
07184000,aifs,3,0.2550,0.2468,0.5108,0.8268,241,11.3043
07195800,aifs,3,0.2535,0.2928,0.5047,0.8870,241,9.4868
07196900,aifs,3,0.2671,0.3668,0.5210,0.9738,241,8.3399
07197000,aifs,3,0.2775,0.3862,0.5329,0.9248,241,7.9644
07208500,aifs,3,0.5411,0.6104,0.7359,0.9913,241,1.7529
07226500,aifs,3,0.3913,0.5030,0.6315,0.8504,241,1.9139
07261000,aifs,3,0.3674,0.4404,0.6076,0.8941,241,7.1610
07263295,aifs,3,0.3866,0.4072,0.6276,0.8818,241,7.2427
07290650,aifs,3,0.3751,0.4816,0.6140,0.9631,241,7.5679
07291000,aifs,3,0.4150,0.4990,0.6448,0.9383,241,7.4159
07292500,aifs,3,0.4428,0.5153,0.6664,0.9172,241,7.2929
07295000,aifs,3,0.4479,0.4759,0.6743,0.9011,241,8.2128
07299670,aifs,3,0.1068,0.2754,0.3922,0.9509,241,4.3020
07301410,aifs,3,0.1956,0.1287,0.4556,0.7757,241,5.0130
07301500,aifs,3,0.3488,0.4405,0.5912,0.9837,241,2.6114
07315200,aifs,3,0.1823,0.3285,0.4593,0.8725,241,6.1167
07315700,aifs,3,0.0506,0.3574,0.4298,1.2088,241,5.7789
07335700,aifs,3,0.2641,0.2331,0.5283,0.7093,241,9.3846
07340300,aifs,3,0.4302,0.4705,0.6600,0.8506,241,6.2674
07346045,aifs,3,0.3664,0.5574,0.6228,1.0166,241,5.7424
07359610,aifs,3,0.3482,0.2847,0.6187,0.6892,241,8.3223
07362100,aifs,3,0.2924,0.5623,0.6072,1.1497,241,5.9438
07362587,aifs,3,0.3128,0.2880,0.5737,0.7599,241,8.5723
07373000,aifs,3,0.5849,0.6282,0.7669,1.0133,241,5.8543
07375000,aifs,3,0.2132,0.2896,0.4734,0.8285,241,12.0434
07376000,aifs,3,0.3305,0.4016,0.5778,0.8645,241,9.7318
08013000,aifs,3,0.6125,0.5836,0.7988,0.9395,241,6.3268
08014500,aifs,3,0.6268,0.6229,0.8004,0.9441,241,6.0289
08023080,aifs,3,0.5543,0.5721,0.7511,1.0001,241,6.1986
08025500,aifs,3,0.5745,0.5076,0.7898,0.8785,241,7.2819
08029500,aifs,3,0.3736,0.4163,0.6139,0.8760,241,9.1397
08050800,aifs,3,0.3537,0.3598,0.6015,0.8057,241,7.6765
08066200,aifs,3,0.2884,0.2872,0.5440,0.7776,241,11.8364
08066300,aifs,3,0.1808,0.1603,0.4282,0.8266,241,16.0164
08070000,aifs,3,0.5150,0.6447,0.7215,1.0706,241,6.3024
08070200,aifs,3,0.5331,0.6475,0.7316,1.0406,241,6.3275
08079600,aifs,3,0.2785,0.4900,0.5592,0.9852,241,2.5639
08082700,aifs,3,0.1406,0.3039,0.4215,1.0308,241,4.9528
08086212,aifs,3,0.1838,0.3300,0.4567,0.9386,241,5.5685
08086290,aifs,3,0.2378,0.3814,0.5041,0.9713,241,5.3549
08101000,aifs,3,0.3658,0.5669,0.6376,1.1665,241,4.8809
08103900,aifs,3,0.3997,0.4718,0.6332,0.8928,241,7.1779
08104900,aifs,3,0.3060,0.3734,0.5558,0.8542,241,8.7334
08109700,aifs,3,0.3887,0.4531,0.6238,1.0125,241,8.2755
08150800,aifs,3,0.5181,0.4358,0.7498,0.7658,241,7.3627
08155200,aifs,3,0.2397,0.4541,0.5330,1.1132,241,7.2049
08158700,aifs,3,0.2839,0.5053,0.5738,1.1257,241,6.5662
08158810,aifs,3,0.3043,0.5513,0.5994,1.1102,241,6.1564
08164000,aifs,3,0.4510,0.6147,0.7003,1.2127,241,5.4807
08164300,aifs,3,0.4406,0.5364,0.6644,1.0599,241,7.1920
08164600,aifs,3,0.2955,0.5344,0.6063,1.2085,241,6.2568
08165300,aifs,3,0.5429,0.5573,0.7433,0.9218,241,6.4318
08171300,aifs,3,0.4019,0.5342,0.6390,1.0746,241,6.4986
08175000,aifs,3,0.3943,0.5317,0.6327,1.0129,241,6.7549
08176900,aifs,3,0.4920,0.6357,0.7271,1.2207,241,4.9017
08178880,aifs,3,0.4549,0.4838,0.6794,0.9415,241,7.8509
08189500,aifs,3,0.3806,0.5576,0.6343,1.1109,241,5.8043
08190000,aifs,3,0.5459,0.3777,0.8341,0.7577,241,9.7019
08190500,aifs,3,0.5019,0.3715,0.7848,0.7829,241,9.7074
08194200,aifs,3,0.2510,0.2027,0.5112,0.6924,241,7.4972
08195000,aifs,3,0.5834,0.4450,0.8356,0.8248,241,8.3863
08196000,aifs,3,0.5085,0.3822,0.7899,0.8036,241,10.4299
08198500,aifs,3,0.5254,0.4419,0.7655,0.8269,241,8.6249
08200000,aifs,3,0.3331,0.3614,0.5799,0.8840,241,9.8365
08202700,aifs,3,0.3612,0.3420,0.6132,0.8080,241,10.3178
08267500,aifs,3,0.4776,0.2918,0.7836,0.6202,241,2.7380
08269000,aifs,3,0.5421,0.5037,0.7539,0.8149,241,1.9000
08271000,aifs,3,0.4583,0.2589,0.7805,0.5866,241,2.9031
08324000,aifs,3,0.4271,0.5205,0.6596,0.8222,241,1.7455
08377900,aifs,3,0.3302,0.3487,0.5819,0.7934,241,3.0586
08378500,aifs,3,0.4117,0.4606,0.6453,0.8480,241,2.5142
08380500,aifs,3,0.3946,0.4411,0.6327,0.8291,241,2.3747
09034900,aifs,3,0.5533,0.4933,0.7699,0.7920,241,2.6360
09035900,aifs,3,0.5847,0.6988,0.7660,0.9831,241,1.8782
09047700,aifs,3,0.5210,0.6696,0.7272,1.0198,241,1.9143
09065500,aifs,3,0.5750,0.6805,0.7590,0.9826,241,1.9393
09066000,aifs,3,0.5011,0.6909,0.7428,1.1642,241,1.7905
09066200,aifs,3,0.5544,0.6345,0.7450,0.9475,241,2.1023
09066300,aifs,3,0.5604,0.6519,0.7490,0.9597,241,2.0320
09081600,aifs,3,0.6355,0.6600,0.8004,1.0702,241,2.6206
09107000,aifs,3,0.5440,0.4739,0.8064,1.4857,241,1.6599
09210500,aifs,3,0.5032,0.6940,0.7252,1.0478,241,1.6373
09223000,aifs,3,0.5798,0.7116,0.7654,1.0506,241,1.8471
09306242,aifs,3,0.5421,0.7130,0.7586,1.1408,241,1.9062
09312600,aifs,3,0.4977,0.6020,0.7077,1.0982,241,2.1918
09352900,aifs,3,0.7821,0.7762,0.8875,0.9363,241,2.0554
09378170,aifs,3,0.4487,0.2829,0.7186,0.5473,241,2.5833
09378630,aifs,3,0.4140,0.2443,0.6964,0.5278,241,2.8028
09386900,aifs,3,0.4654,0.4977,0.6861,0.8616,241,1.6588
09404450,aifs,3,0.4906,0.6288,0.7049,0.9450,241,2.0893
09430500,aifs,3,0.5777,0.6136,0.7651,0.8362,241,1.4868
09430600,aifs,3,0.3501,0.3958,0.6059,0.7304,241,2.4103
09447800,aifs,3,0.2856,0.6047,0.6276,0.8763,241,1.3886
09480000,aifs,3,0.3610,0.2841,0.6289,0.6245,241,2.8093
09484000,aifs,3,0.2815,0.3854,0.5453,0.7867,241,2.8207
09484600,aifs,3,0.4352,0.3818,0.6783,0.6683,241,2.2429
09492400,aifs,3,0.4190,0.3328,0.6827,0.6523,241,3.6059
09494000,aifs,3,0.4880,0.5328,0.7052,0.7882,241,2.4187
09497800,aifs,3,0.2602,0.4400,0.5493,0.7949,241,2.5912
09497980,aifs,3,0.3121,0.3703,0.5746,0.6956,241,2.9416
09505200,aifs,3,0.5664,0.6663,0.7539,0.9209,241,2.0306
09505350,aifs,3,0.5356,0.6156,0.7329,0.8909,241,2.1835
09505800,aifs,3,0.5680,0.6534,0.7546,0.9084,241,2.1513
09508300,aifs,3,0.3743,0.4671,0.6241,0.7547,241,2.4078
09510200,aifs,3,0.1647,0.2332,0.4362,0.7024,241,2.8176
09512280,aifs,3,0.0900,0.2595,0.3774,0.9273,241,2.6388
09513780,aifs,3,0.1165,0.2905,0.4073,0.8830,241,2.4261
10023000,aifs,3,0.5762,0.6773,0.7597,1.0359,241,2.3303
10166430,aifs,3,0.5617,0.5881,0.7536,0.8092,241,2.3616
10172700,aifs,3,0.5204,0.6597,0.7267,0.9278,241,1.8857
10172800,aifs,3,0.6442,0.5214,0.8279,0.7102,241,2.1745
10173450,aifs,3,0.4906,0.5141,0.7057,0.8037,241,2.5503
10205030,aifs,3,0.6416,0.5928,0.8171,0.8497,241,1.8147
10234500,aifs,3,0.5465,0.5576,0.7455,0.8334,241,2.3324
10242000,aifs,3,0.5313,0.4632,0.7484,0.7239,241,2.5783
10244950,aifs,3,0.5622,0.6672,0.7505,0.9736,241,1.8840
10249300,aifs,3,0.3722,0.6220,0.6595,1.1344,241,1.7861
10258000,aifs,3,0.6397,0.6896,0.8003,0.9276,241,2.1342
10258500,aifs,3,0.5733,0.5293,0.8393,1.3965,241,1.1854
10259000,aifs,3,0.6611,0.7114,0.8133,0.9129,241,1.6003
10259200,aifs,3,0.5560,0.4388,0.8230,1.5071,241,1.3328
10263500,aifs,3,0.5014,0.2625,0.7692,0.5301,241,4.1317
10310500,aifs,3,0.7637,0.6772,0.9059,1.2790,241,1.7615
10316500,aifs,3,0.3798,0.3028,0.6455,0.6736,241,2.9172
10329500,aifs,3,0.4195,0.4326,0.6531,0.8103,241,2.4862
10336645,aifs,3,0.8712,0.8342,0.9341,1.1407,241,2.9383
10336660,aifs,3,0.8780,0.8521,0.9394,1.0450,241,3.1147
10343500,aifs,3,0.8157,0.8245,0.9070,1.1476,241,2.3115
10348850,aifs,3,0.6620,0.3588,0.9218,0.6070,241,5.2805
10396000,aifs,3,0.5224,0.4461,0.7423,0.6961,241,2.3149
11098000,aifs,3,0.3987,0.1578,0.6871,0.4618,241,6.3205
11124500,aifs,3,0.4019,0.3855,0.6400,0.7684,241,5.3469
11141280,aifs,3,0.6654,0.5091,0.8418,0.7047,241,3.6367
11143000,aifs,3,0.4621,0.1847,0.7537,0.4481,241,7.4031
11148900,aifs,3,0.6228,0.5921,0.7921,0.7576,241,3.3455
11151300,aifs,3,0.6459,0.6286,0.8067,0.8073,241,2.2190
11162500,aifs,3,0.5605,0.5492,0.7518,0.7398,241,4.1944
11176400,aifs,3,0.5689,0.7770,0.7794,1.0229,241,2.2168
11180500,aifs,3,0.5204,0.7495,0.7563,1.0554,241,2.6334
11180960,aifs,3,0.5520,0.6626,0.7463,0.8821,241,3.0556
11224500,aifs,3,0.6424,0.5355,0.8153,0.7226,241,1.9418
11253310,aifs,3,0.6935,0.5494,0.8555,0.7341,241,1.4654
11264500,aifs,3,0.0994,0.0143,0.8364,1.7789,241,4.4936
11266500,aifs,3,0.2412,0.1412,0.8353,1.6894,241,4.4442
11274500,aifs,3,0.6172,0.7648,0.7940,0.9333,241,1.9949
11274630,aifs,3,0.5863,0.7828,0.7895,1.0501,241,1.8860
11284400,aifs,3,0.7680,0.6361,0.9079,1.3260,241,2.4358
11299600,aifs,3,0.5897,0.6136,0.8226,1.3257,241,3.1649
11381500,aifs,3,0.5146,0.6420,0.7204,0.9418,241,6.2890
11383500,aifs,3,0.5451,0.6585,0.7400,0.9369,241,6.1821
11451100,aifs,3,0.6301,0.8071,0.8213,1.0654,241,3.1445
11468500,aifs,3,0.7896,0.8569,0.8894,1.0521,241,3.0575
11473900,aifs,3,0.7322,0.7360,0.8583,0.9128,241,3.5469
11475560,aifs,3,0.5557,0.3099,0.8211,0.5689,241,8.6840
11476600,aifs,3,0.6258,0.7555,0.7947,0.9735,241,4.4862
11478500,aifs,3,0.7689,0.7510,0.8806,0.9046,241,3.5368
11480390,aifs,3,0.7105,0.7203,0.8458,0.9261,241,3.7264
11481200,aifs,3,0.7349,0.6729,0.8669,0.8426,241,4.0836
11482500,aifs,3,0.7168,0.5899,0.8679,0.7674,241,4.7285
11522500,aifs,3,0.8222,0.8607,0.9068,1.0260,241,2.5129
11523200,aifs,3,0.7224,0.7413,0.8512,0.8820,241,3.4581
11528700,aifs,3,0.7657,0.7991,0.8755,0.9619,241,2.9234
11532500,aifs,3,0.7111,0.6156,0.8564,0.7760,241,5.9317
12010000,aifs,3,0.6110,0.4750,0.8164,0.6638,241,7.0995
12013500,aifs,3,0.6435,0.6729,0.8070,0.8123,241,5.3299
12020000,aifs,3,0.6994,0.8155,0.8442,0.9137,241,4.0979
12025000,aifs,3,0.7551,0.8173,0.8711,0.9023,241,3.5617
12025700,aifs,3,0.7282,0.7769,0.8843,1.1589,241,3.3790
12035000,aifs,3,0.7520,0.6017,0.8922,0.7399,241,5.4991
12040500,aifs,3,0.7801,0.6432,0.9042,0.7648,241,5.9618
12041200,aifs,3,0.7329,0.5267,0.9051,0.6930,241,7.2201
12043000,aifs,3,0.7863,0.6033,0.9213,0.7470,241,5.0846
12048000,aifs,3,0.4104,0.4505,0.7481,1.4832,241,4.0134
12054000,aifs,3,0.6886,0.6781,0.8378,0.9766,241,4.9752
12056500,aifs,3,0.7469,0.6532,0.8827,0.8383,241,5.9539
12073500,aifs,3,0.6505,0.7562,0.8085,1.0588,241,3.3550
12082500,aifs,3,0.8405,0.9147,0.9190,1.0199,241,3.8162
12092000,aifs,3,0.8325,0.8738,0.9125,0.9710,241,3.9473
12095000,aifs,3,0.7511,0.7854,0.8901,1.1667,241,3.6776
12114500,aifs,3,0.7677,0.5621,0.9192,0.7263,241,5.5503
12115000,aifs,3,0.7770,0.5704,0.9240,0.7333,241,5.4102
12115500,aifs,3,0.8022,0.6052,0.9351,0.7701,241,5.1118
12117000,aifs,3,0.7958,0.6034,0.9296,0.7598,241,5.1389
12141300,aifs,3,0.7429,0.5085,0.9218,0.6893,241,6.7555
12143600,aifs,3,0.7838,0.5710,0.9337,0.7485,241,5.8201
12144000,aifs,3,0.8032,0.6180,0.9329,0.7833,241,5.1982
12145500,aifs,3,0.7923,0.6743,0.9077,0.8042,241,4.2139
12147600,aifs,3,0.6425,0.3954,0.8918,0.6184,241,9.7606
12167000,aifs,3,0.7988,0.6671,0.9212,0.8620,241,5.0266
12175500,aifs,3,0.8104,0.8148,0.9021,0.9790,241,3.4291
12186000,aifs,3,0.8060,0.6647,0.9219,0.8140,241,5.1162
12189500,aifs,3,0.8409,0.7969,0.9229,0.9353,241,3.9002
12358500,aifs,3,0.7842,0.7522,0.8924,0.9316,241,3.2046
12377150,aifs,3,0.7119,0.6546,0.8560,0.7694,241,3.5022
12381400,aifs,3,0.7579,0.7477,0.8751,0.8408,241,2.9492
12390700,aifs,3,0.7377,0.8056,0.8736,1.1466,241,2.3536
12411000,aifs,3,0.7175,0.8069,0.8495,1.0723,241,2.8262
12414500,aifs,3,0.7949,0.8650,0.8974,1.0874,241,2.5424
12447390,aifs,3,0.2844,0.3002,0.6841,1.6227,241,2.3381
12451000,aifs,3,0.7072,0.6619,0.8856,1.2890,241,3.0156
12488500,aifs,3,0.8794,0.9037,0.9378,0.9957,241,2.7979
13011500,aifs,3,0.7070,0.6827,0.8608,1.2841,241,1.9708
13011900,aifs,3,0.6991,0.7560,0.8440,1.1680,241,1.9226
13018300,aifs,3,0.5897,0.6851,0.7833,1.2069,241,2.3595
13023000,aifs,3,0.5923,0.7318,0.7908,1.1610,241,1.9343
13161500,aifs,3,0.4628,0.4132,0.7377,1.5235,241,1.5549
13235000,aifs,3,0.6466,0.7690,0.8078,1.0511,241,2.5963
13240000,aifs,3,0.6909,0.6727,0.8376,0.8488,241,3.1669
13310700,aifs,3,0.6796,0.8111,0.8384,1.0966,241,2.4668
13313000,aifs,3,0.6538,0.6851,0.8110,0.8850,241,3.0691
13331500,aifs,3,0.6465,0.5939,0.8172,0.7982,241,2.9754
13337000,aifs,3,0.8301,0.9090,0.9153,1.0332,241,2.4532
13338500,aifs,3,0.5601,0.6319,0.8073,1.3040,241,3.0213
13340000,aifs,3,0.7759,0.8398,0.8928,1.1159,241,2.3793
13340600,aifs,3,0.8452,0.8887,0.9194,0.9881,241,2.6375
14020000,aifs,3,0.7095,0.6646,0.8510,0.8382,241,2.6076
14092750,aifs,3,0.7454,0.8669,0.8720,0.9644,241,2.8684
14096850,aifs,3,0.3639,0.5887,0.7335,1.2798,241,2.8236
14137000,aifs,3,0.7959,0.8445,0.8943,0.9031,241,3.8761
14138800,aifs,3,0.8050,0.5901,0.9294,0.7054,241,5.1581
14138870,aifs,3,0.8408,0.6288,0.9472,0.7429,241,4.8263
14138900,aifs,3,0.7711,0.4700,0.9511,0.6322,241,6.8666
14139800,aifs,3,0.8198,0.6283,0.9299,0.7262,241,4.9910
14141500,aifs,3,0.8526,0.7939,0.9271,0.8489,241,3.8607
14154500,aifs,3,0.7413,0.8211,0.8898,1.0870,241,2.8492
14158500,aifs,3,0.8322,0.8710,0.9143,0.9124,241,2.9133
14158790,aifs,3,0.8008,0.5763,0.9317,0.6955,241,4.0587
14166500,aifs,3,0.7240,0.8195,0.8524,0.9660,241,3.3693
14182500,aifs,3,0.6572,0.8155,0.8428,1.0653,241,4.7543
14185000,aifs,3,0.7975,0.8297,0.9148,1.1012,241,3.2353
14185900,aifs,3,0.8346,0.9025,0.9158,0.9564,241,3.5147
14187000,aifs,3,0.7907,0.8949,0.8959,1.0139,241,3.4260
14216500,aifs,3,0.8834,0.9345,0.9412,0.9729,241,3.1787
14222500,aifs,3,0.7164,0.4637,0.9157,0.6605,241,7.9414
14236200,aifs,3,0.8671,0.9035,0.9313,0.9710,241,3.1338
14301000,aifs,3,0.7365,0.5970,0.8862,0.7764,241,4.5899
14303200,aifs,3,0.5955,0.3986,0.8292,0.6220,241,7.3939
14305500,aifs,3,0.5286,0.3398,0.7848,0.5793,241,9.4544
14306340,aifs,3,0.7064,0.7128,0.8438,0.8154,241,3.8426
14306500,aifs,3,0.6711,0.7168,0.8223,0.8381,241,4.3868
14308990,aifs,3,0.7137,0.7725,0.8690,1.1747,241,2.4052
14309500,aifs,3,0.7038,0.7750,0.8419,0.8764,241,3.6640
14316700,aifs,3,0.7470,0.8064,0.8983,1.0866,241,2.6721
14325000,aifs,3,0.6109,0.6452,0.7866,0.7806,241,5.2388
14362250,aifs,3,0.6483,0.6219,0.8451,1.3350,241,2.4678
14400000,aifs,3,0.5896,0.6077,0.7720,0.7613,241,7.2426
01013500,aifs,4,0.4041,0.5936,0.7091,1.2838,241,4.2528
01022500,aifs,4,0.2576,0.4972,0.6121,1.3117,241,5.4321
01030500,aifs,4,0.4200,0.6290,0.6931,1.1923,241,4.1236
01031500,aifs,4,0.2864,0.5236,0.6172,1.2658,241,4.8035
01047000,aifs,4,0.4030,0.5923,0.6722,1.2072,241,4.7259
01052500,aifs,4,0.3034,0.4990,0.6385,1.3361,241,4.6439
01054200,aifs,4,0.4946,0.6188,0.7067,1.0743,241,5.1340
01055000,aifs,4,0.3796,0.6282,0.6718,1.1591,241,4.5162
01057000,aifs,4,0.3065,0.5938,0.6304,1.1506,241,5.0303
01073000,aifs,4,0.2424,0.5193,0.5821,1.2051,241,5.2618
01078000,aifs,4,0.2557,0.5040,0.5575,1.0774,241,5.4122
01118300,aifs,4,0.2823,0.3429,0.5384,0.7890,241,9.7519
01121000,aifs,4,0.3495,0.5300,0.6177,0.8374,241,6.6373
01123000,aifs,4,0.3052,0.4894,0.5848,0.8247,241,7.2117
01134500,aifs,4,0.3589,0.5360,0.6177,1.1049,241,5.1974
01137500,aifs,4,0.3896,0.5602,0.6454,1.1543,241,5.0875
01139000,aifs,4,0.2650,0.4457,0.5696,1.2731,241,5.2992
01139800,aifs,4,0.2900,0.4583,0.5555,1.0263,241,5.8201
01142500,aifs,4,0.2891,0.4990,0.5951,1.2358,241,4.8515
01144000,aifs,4,0.3631,0.5448,0.6193,1.0634,241,4.9502
01169000,aifs,4,0.5977,0.7266,0.7781,1.0766,241,4.3927
01170100,aifs,4,0.6098,0.7308,0.7881,1.1168,241,4.2173
01181000,aifs,4,0.5530,0.7144,0.7520,0.9650,241,5.0425
01187300,aifs,4,0.4133,0.6857,0.7116,1.1245,241,5.0522
01195100,aifs,4,0.1465,0.3220,0.4505,0.7774,241,8.8542
01333000,aifs,4,0.5753,0.6692,0.7621,1.1289,241,4.5483
01350000,aifs,4,0.3565,0.4059,0.5984,0.9197,241,8.0796
01350080,aifs,4,0.3650,0.5046,0.6101,1.0143,241,6.2699
01350140,aifs,4,0.3738,0.4962,0.6146,0.9740,241,5.8973
01365000,aifs,4,0.3878,0.5208,0.6271,1.0255,241,6.5603
01411300,aifs,4,0.1561,0.1611,0.4024,0.8040,241,9.8786
01413500,aifs,4,0.4004,0.4154,0.6403,0.8619,241,7.3711
01414500,aifs,4,0.3765,0.4050,0.6180,0.9499,241,8.0021
01415000,aifs,4,0.4998,0.5283,0.7121,0.9329,241,5.5434
01423000,aifs,4,0.4885,0.5138,0.7050,0.8939,241,5.5445
01434025,aifs,4,0.3794,0.3938,0.6231,0.8587,241,8.4197
01435000,aifs,4,0.3748,0.4237,0.6141,0.9113,241,7.9572
01439500,aifs,4,0.4086,0.4950,0.6446,0.8379,241,5.8442
01440000,aifs,4,0.4122,0.4788,0.6455,0.8449,241,6.1672
01440400,aifs,4,0.3978,0.4221,0.6415,0.7542,241,6.5170
01451800,aifs,4,0.4363,0.6110,0.6720,0.9618,241,5.1165
01466500,aifs,4,0.3541,0.4911,0.6022,0.9317,241,5.7589
01484100,aifs,4,0.3062,0.4114,0.5563,0.9966,241,6.4700
01485500,aifs,4,0.2645,0.3013,0.5173,0.8451,241,8.0335
01486000,aifs,4,0.2714,0.2980,0.5234,0.8643,241,8.2143
01487000,aifs,4,0.3484,0.4130,0.5904,0.9859,241,6.6537
01491000,aifs,4,0.3087,0.5085,0.5869,1.1318,241,5.1326
01510000,aifs,4,0.4646,0.5699,0.6822,0.9892,241,5.3161
01516500,aifs,4,0.5098,0.6789,0.7239,0.9591,241,3.9829
01518862,aifs,4,0.4851,0.6188,0.7017,0.9215,241,4.3922
01532000,aifs,4,0.4160,0.5376,0.6483,0.9353,241,5.3151
01539000,aifs,4,0.3553,0.5076,0.6102,0.8761,241,5.8073
01542810,aifs,4,0.3650,0.5789,0.6298,0.9501,241,5.2145
01543000,aifs,4,0.3999,0.6188,0.6584,0.9471,241,4.9050
01543500,aifs,4,0.4562,0.6062,0.6851,0.9012,241,5.0289
01544500,aifs,4,0.4867,0.6634,0.7088,0.9759,241,4.4792
01545600,aifs,4,0.4802,0.6505,0.7024,1.0104,241,4.6391
01547700,aifs,4,0.2465,0.2529,0.5014,0.8187,241,9.2910
01548500,aifs,4,0.4868,0.6766,0.7125,0.9673,241,4.2021
01549500,aifs,4,0.4997,0.6403,0.7109,0.9968,241,4.6325
01550000,aifs,4,0.4444,0.5534,0.6679,0.9583,241,5.4440
01552000,aifs,4,0.3566,0.4402,0.5998,0.8853,241,6.6871
01552500,aifs,4,0.3713,0.5420,0.6244,0.9122,241,5.5444
01557500,aifs,4,0.3485,0.3329,0.6077,0.7346,241,7.5999
01567500,aifs,4,0.4133,0.4438,0.6490,0.8214,241,5.9528
01568000,aifs,4,0.4627,0.5175,0.6850,0.8325,241,5.0420
01580000,aifs,4,0.4424,0.6107,0.6751,0.9588,241,4.6336
01583500,aifs,4,0.4829,0.6294,0.6999,1.0075,241,4.4313
01586610,aifs,4,0.4719,0.6035,0.6901,0.9729,241,4.5317
01591400,aifs,4,0.4658,0.4351,0.7001,0.7677,241,5.9231
01596500,aifs,4,0.2671,0.3899,0.5260,0.9424,241,6.2482
01605500,aifs,4,0.4229,0.5041,0.6508,0.9426,241,5.0563
01606500,aifs,4,0.4446,0.5561,0.6684,0.9563,241,4.6204
01613050,aifs,4,0.3972,0.4632,0.6368,0.8150,241,5.1210
01620500,aifs,4,0.5124,0.6050,0.7163,1.0549,241,3.9362
01632000,aifs,4,0.3546,0.3434,0.6216,0.6745,241,5.7174
01632900,aifs,4,0.3543,0.3530,0.6116,0.7091,241,5.5191
01634500,aifs,4,0.3868,0.3991,0.6343,0.7470,241,5.4322
01638480,aifs,4,0.4106,0.4686,0.6457,0.8225,241,5.2663
01639500,aifs,4,0.4406,0.5910,0.6701,0.9656,241,4.5853
01644000,aifs,4,0.4274,0.4789,0.6627,0.7790,241,4.8784
01658500,aifs,4,0.4041,0.4101,0.6466,0.7607,241,5.5863
01664000,aifs,4,0.3425,0.3593,0.6054,0.6892,241,5.5680
01666500,aifs,4,0.3317,0.3559,0.5931,0.7076,241,5.5930
01667500,aifs,4,0.3492,0.3888,0.6056,0.7292,241,5.2748
01669000,aifs,4,0.2336,0.3380,0.4928,0.9120,241,7.0828
01669520,aifs,4,0.2618,0.3654,0.5181,0.9222,241,6.9109
02011400,aifs,4,0.4490,0.5867,0.6739,0.9921,241,4.4362
02011460,aifs,4,0.4519,0.5766,0.6751,1.0484,241,4.6983
02013000,aifs,4,0.2827,0.4564,0.5529,0.9247,241,5.3077
02014000,aifs,4,0.3289,0.5351,0.5986,0.9597,241,4.5935
02015700,aifs,4,0.4572,0.5508,0.6772,1.0763,241,4.5227
02016000,aifs,4,0.4735,0.6252,0.6952,1.0608,241,3.9228
02017500,aifs,4,0.2861,0.5698,0.5974,1.0621,241,4.1944
02018000,aifs,4,0.3230,0.6067,0.6300,1.0865,241,3.9037
02027000,aifs,4,0.4447,0.6090,0.6852,1.1549,241,3.8844
02027500,aifs,4,0.4294,0.5966,0.6674,1.0855,241,4.1198
02028500,aifs,4,0.4193,0.5587,0.6543,0.9144,241,4.2653
02038850,aifs,4,0.2938,0.4603,0.5630,0.8821,241,4.9593
02046000,aifs,4,0.3632,0.4724,0.6084,0.8704,241,5.4668
02051000,aifs,4,0.3455,0.4096,0.5913,0.8386,241,5.9253
02051500,aifs,4,0.3848,0.4905,0.6239,0.8926,241,5.2397
02053200,aifs,4,0.3334,0.4774,0.5854,0.9989,241,5.9252
02053800,aifs,4,0.3836,0.5445,0.6353,0.8707,241,4.1937
02055100,aifs,4,0.1890,0.4453,0.5648,1.3288,241,4.3020
02056900,aifs,4,0.3948,0.4920,0.6353,0.8343,241,4.6228
02059500,aifs,4,0.4343,0.6732,0.6911,1.0338,241,3.4945
02064000,aifs,4,0.2995,0.5387,0.5906,1.0939,241,4.4690
02065500,aifs,4,0.3336,0.5645,0.6115,1.0553,241,4.2993
02069700,aifs,4,0.3552,0.4083,0.6012,0.8162,241,5.6541
02070000,aifs,4,0.3466,0.3961,0.5958,0.7894,241,5.6242
02074500,aifs,4,0.3054,0.3820,0.5530,0.9854,241,6.1863
02077200,aifs,4,0.3026,0.5628,0.5982,1.0415,241,4.6095
02081500,aifs,4,0.3575,0.5262,0.6100,1.0029,241,5.0761
02082950,aifs,4,0.4050,0.5843,0.6714,1.2168,241,4.1995
02092500,aifs,4,0.2276,0.5240,0.5872,1.2216,241,5.4943
02096846,aifs,4,0.2323,0.2930,0.4849,0.8953,241,7.8675
02102908,aifs,4,0.3804,0.4526,0.6181,0.8983,241,6.5858
02108000,aifs,4,0.3839,0.6095,0.6512,1.0874,241,5.0720
02111180,aifs,4,0.3930,0.4224,0.6348,0.7940,241,5.7919
02111500,aifs,4,0.4149,0.4409,0.6512,0.8072,241,5.6015
02118500,aifs,4,0.4352,0.5627,0.6656,0.8954,241,4.6903
02128000,aifs,4,0.4647,0.5893,0.6843,0.9565,241,4.8104
02137727,aifs,4,0.3453,0.3817,0.5942,0.8045,241,6.7740
02140991,aifs,4,0.4415,0.5029,0.6680,0.8556,241,5.3430
02143000,aifs,4,0.4414,0.5138,0.6672,0.8623,241,5.2780
02143040,aifs,4,0.4319,0.5345,0.6610,0.8800,241,5.2803
02149000,aifs,4,0.3460,0.3083,0.6077,0.7227,241,7.9883
02152100,aifs,4,0.4819,0.5963,0.6969,0.9196,241,4.8038
02177000,aifs,4,0.3266,0.5050,0.5885,0.9608,241,7.3595
02178400,aifs,4,0.2955,0.5716,0.5988,0.9959,241,6.3828
02193340,aifs,4,0.4509,0.5866,0.6874,1.1956,241,5.3802
02196000,aifs,4,0.4344,0.5467,0.6603,0.9949,241,6.0361
02198100,aifs,4,0.3613,0.3533,0.6129,0.8141,241,8.3258
02202600,aifs,4,0.2060,0.4459,0.5248,1.1751,241,5.3212
02212600,aifs,4,0.4349,0.5566,0.6617,1.0267,241,6.3966
02215100,aifs,4,0.3350,0.4180,0.5805,0.9163,241,6.8817
02216180,aifs,4,0.2716,0.2707,0.5281,0.8421,241,8.4777
02221525,aifs,4,0.5007,0.6421,0.7129,1.0629,241,5.3705
02231000,aifs,4,0.3842,0.4912,0.6219,0.9503,241,5.2521
02231342,aifs,4,0.2296,0.3751,0.4985,1.0601,241,5.9516
02235200,aifs,4,0.2779,0.4176,0.5381,0.9872,241,5.8136
02245500,aifs,4,0.2487,0.3958,0.5201,1.1212,241,5.6925
02246000,aifs,4,0.3102,0.4964,0.5783,1.0548,241,4.9012
02296500,aifs,4,0.2919,0.4083,0.5506,0.8895,241,5.1198
02297155,aifs,4,0.2136,0.2180,0.4724,0.8044,241,7.7536
02297310,aifs,4,0.2303,0.2445,0.4986,0.7597,241,6.9758
02298123,aifs,4,0.1475,0.2192,0.4055,0.8628,241,6.6244
02298608,aifs,4,0.1349,0.1526,0.3958,0.7514,241,7.9592
02299950,aifs,4,0.1046,0.1853,0.3613,0.8754,241,7.4722
02300700,aifs,4,0.0982,0.1350,0.3361,0.9147,241,8.8800
02310947,aifs,4,0.1857,0.2945,0.4463,1.0011,241,6.9434
02312200,aifs,4,0.1654,0.2145,0.4125,0.9626,241,8.4993
02314500,aifs,4,0.3835,0.4101,0.6259,0.8689,241,6.0615
02315500,aifs,4,0.4405,0.4817,0.6687,0.8831,241,5.2739
02324400,aifs,4,0.2810,0.2650,0.5432,0.8236,241,8.8013
02327100,aifs,4,0.2236,0.2946,0.4815,0.8646,241,7.8270
02349900,aifs,4,0.3030,0.3440,0.5553,0.8304,241,7.8724
02350900,aifs,4,0.3787,0.5321,0.6243,0.9492,241,5.8827
02361000,aifs,4,0.4156,0.5702,0.6519,0.9879,241,5.4460
02363000,aifs,4,0.5007,0.5961,0.7077,1.0006,241,5.5571
02369800,aifs,4,0.4148,0.3002,0.7108,0.7042,241,9.8626
02371500,aifs,4,0.4316,0.4822,0.6590,0.9333,241,7.0652
02372250,aifs,4,0.4212,0.4941,0.6506,0.8947,241,6.9198
02374500,aifs,4,0.3894,0.4365,0.6278,0.8476,241,7.7996
02381600,aifs,4,0.1402,0.3004,0.4245,0.8867,241,9.4023
02384540,aifs,4,0.1413,0.3881,0.4578,0.9670,241,8.0973
02395120,aifs,4,0.1870,0.4612,0.5224,1.1596,241,6.7405
02408540,aifs,4,0.1093,0.3485,0.4260,0.9633,241,8.9983
02415000,aifs,4,0.1574,0.3121,0.4408,0.8636,241,9.5183
02422500,aifs,4,0.1650,0.4533,0.5066,1.1314,241,7.9671
02427250,aifs,4,0.3295,0.5850,0.6182,1.0535,241,6.2540
02430085,aifs,4,0.4145,0.5077,0.6440,1.0139,241,6.5792
02450250,aifs,4,0.3214,0.3806,0.5752,0.7879,241,8.0311
02464000,aifs,4,0.2843,0.3238,0.5355,0.8692,241,9.4733
02465493,aifs,4,0.3055,0.5083,0.5804,1.0740,241,7.0897
02469800,aifs,4,0.3962,0.5922,0.6479,0.9518,241,7.0444
02472000,aifs,4,0.3857,0.5158,0.6257,0.9433,241,8.1842
02472500,aifs,4,0.2499,0.4325,0.5309,0.8835,241,9.8425
02479155,aifs,4,0.4875,0.4434,0.7221,0.8249,241,9.4222
02479300,aifs,4,0.4146,0.2663,0.7326,0.6650,241,13.3605
02481000,aifs,4,0.3450,0.1663,0.7151,0.5893,241,16.9625
02481510,aifs,4,0.3980,0.2473,0.7135,0.6179,241,13.3688
03010655,aifs,4,0.4526,0.5820,0.6777,0.9186,241,4.8575
03011800,aifs,4,0.4215,0.5211,0.6516,0.9106,241,5.8354
03015500,aifs,4,0.3896,0.6205,0.6561,1.0680,241,5.0246
03021350,aifs,4,0.4005,0.5556,0.6405,0.9993,241,5.7477
03026500,aifs,4,0.4169,0.5467,0.6509,0.9207,241,5.5245
03028000,aifs,4,0.4097,0.5409,0.6452,0.9293,241,5.7181
03049800,aifs,4,0.3469,0.4639,0.5934,0.9309,241,7.1075
03050000,aifs,4,0.3026,0.3903,0.5529,0.9233,241,7.8617
03066000,aifs,4,0.3548,0.3947,0.6009,0.8587,241,6.7470
03069500,aifs,4,0.3757,0.4699,0.6145,0.9346,241,6.1516
03070500,aifs,4,0.4155,0.5788,0.6535,0.9888,241,5.8216
03076600,aifs,4,0.2586,0.3310,0.5153,0.8575,241,7.7096
03078000,aifs,4,0.2200,0.3156,0.4777,0.9304,241,7.8073
03140000,aifs,4,0.2837,0.4612,0.5552,0.9191,241,6.0130
03144000,aifs,4,0.3240,0.3545,0.5816,0.7530,241,7.2162
03159540,aifs,4,0.2170,0.3067,0.4804,0.8364,241,8.2579
03161000,aifs,4,0.3691,0.4640,0.6136,0.8513,241,5.3895
03164000,aifs,4,0.4314,0.5394,0.6644,0.8492,241,4.4810
03165000,aifs,4,0.4227,0.3999,0.6680,0.7379,241,5.5318
03170000,aifs,4,0.4117,0.5283,0.6510,0.8420,241,4.2735
03173000,aifs,4,0.3977,0.6120,0.6570,0.9229,241,3.8475
03180500,aifs,4,0.3657,0.5145,0.6146,1.0830,241,5.5697
03182500,aifs,4,0.4481,0.6025,0.6795,1.0953,241,4.6217
03186500,aifs,4,0.3693,0.5169,0.6162,0.9409,241,5.8909
03187500,aifs,4,0.3658,0.5250,0.6148,0.9675,241,5.8381
03213700,aifs,4,0.3716,0.5327,0.6194,1.0073,241,5.5707
03237280,aifs,4,0.1931,0.3973,0.4843,1.0063,241,6.9420
03237500,aifs,4,0.2602,0.4218,0.5291,0.9517,241,6.9144
03241500,aifs,4,0.3051,0.3073,0.5629,0.7762,241,8.2918
03280700,aifs,4,0.1961,0.4437,0.5086,1.0901,241,6.4615
03281100,aifs,4,0.2166,0.4805,0.5320,1.0739,241,6.1091
03281500,aifs,4,0.2609,0.5094,0.5612,1.0667,241,5.7437
03285000,aifs,4,0.3044,0.3856,0.5534,0.9278,241,7.5414
03291780,aifs,4,0.3332,0.3823,0.5790,0.8955,241,8.4312
03300400,aifs,4,0.3472,0.3761,0.5947,0.8451,241,7.8168
03340800,aifs,4,0.2746,0.2904,0.5305,0.7959,241,8.7856
03346000,aifs,4,0.3820,0.4239,0.6224,0.8375,241,6.8467
03364500,aifs,4,0.2731,0.2022,0.5526,0.7000,241,11.2379
03366500,aifs,4,0.3260,0.3860,0.5727,0.8906,241,8.2932
03368000,aifs,4,0.2695,0.2146,0.5434,0.6886,241,11.1541
03384450,aifs,4,0.2382,0.3176,0.4935,0.8953,241,8.2630
03439000,aifs,4,0.4258,0.5493,0.6597,0.8738,241,6.0122
03450000,aifs,4,0.3148,0.4784,0.5778,0.9081,241,5.4030
03455500,aifs,4,0.4243,0.5976,0.6686,0.8823,241,5.4671
03456500,aifs,4,0.3571,0.4920,0.6191,0.7944,241,5.4445
03460000,aifs,4,0.3123,0.5028,0.5847,0.8968,241,5.9451
03463300,aifs,4,0.3388,0.3825,0.5956,0.7560,241,6.4247
03471500,aifs,4,0.3282,0.5008,0.5914,0.9065,241,4.9837
03473000,aifs,4,0.2938,0.4774,0.5681,0.8899,241,5.2964
03479000,aifs,4,0.3743,0.5503,0.6297,0.8963,241,4.7424
03488000,aifs,4,0.3200,0.5209,0.5899,0.9599,241,5.0906
03498500,aifs,4,0.2219,0.4761,0.5303,0.9536,241,6.7485
03500000,aifs,4,0.2331,0.5502,0.5711,1.0533,241,6.4609
03504000,aifs,4,0.2773,0.4679,0.5608,0.8529,241,7.4107
03574500,aifs,4,0.2383,0.4231,0.5175,0.9498,241,8.0662
03604000,aifs,4,0.3957,0.4179,0.6365,0.8062,241,7.5438
04015330,aifs,4,0.2292,0.3740,0.4990,0.9099,241,5.7501
04024430,aifs,4,0.1841,0.5091,0.5433,1.1270,241,4.5452
04027000,aifs,4,-0.0395,0.3246,0.4585,1.3978,241,4.6114
04040500,aifs,4,0.0795,0.3912,0.4409,1.0919,241,5.0951
04043050,aifs,4,0.1464,0.4052,0.4676,1.0258,241,4.4856
04045500,aifs,4,0.0869,0.4082,0.4889,1.2642,241,4.8638
04056500,aifs,4,0.0966,0.4359,0.5231,1.2908,241,4.5137
04057510,aifs,4,0.1769,0.4565,0.5112,1.1231,241,5.0547
04057800,aifs,4,0.2124,0.4815,0.5329,1.0971,241,4.7672
04059500,aifs,4,0.2537,0.5406,0.5794,1.1213,241,4.4695
04063700,aifs,4,0.1232,0.4507,0.5387,1.2897,241,4.4469
04074950,aifs,4,0.1185,0.4666,0.4973,1.1015,241,4.9252
04105700,aifs,4,0.3160,0.4468,0.5700,0.9298,241,5.9412
04115265,aifs,4,0.3715,0.4962,0.6130,0.9853,241,5.6792
04122200,aifs,4,0.4525,0.5695,0.6752,1.0663,241,5.3124
04122500,aifs,4,0.3819,0.5551,0.6327,1.0834,241,5.3132
04124000,aifs,4,0.4192,0.4031,0.6633,0.7947,241,6.5446
04127997,aifs,4,0.4640,0.4917,0.6867,0.8861,241,5.6526
04185000,aifs,4,0.3651,0.4634,0.6122,0.8348,241,5.2254
04196800,aifs,4,0.3610,0.4783,0.6083,0.8721,241,5.6291
04197100,aifs,4,0.2651,0.3674,0.5227,0.8907,241,6.7567
04197170,aifs,4,0.2868,0.4310,0.5477,0.9431,241,6.0327
04213000,aifs,4,0.4243,0.6012,0.6668,1.0916,241,4.8556
04213075,aifs,4,0.3416,0.4971,0.5975,1.0931,241,5.8369
04216418,aifs,4,0.4049,0.5015,0.6418,0.8666,241,5.7078
04221000,aifs,4,0.4995,0.6251,0.7096,0.9528,241,4.3887
04224775,aifs,4,0.3881,0.5096,0.6261,0.9611,241,5.3750
04256000,aifs,4,0.3484,0.5922,0.6388,1.1369,241,4.8563
04296000,aifs,4,0.3118,0.4942,0.6120,1.2721,241,5.1775
05057000,aifs,4,0.1745,0.4753,0.5567,1.2663,241,3.3831
05057200,aifs,4,0.0081,0.3887,0.4865,1.3276,241,3.4313
05062500,aifs,4,0.0184,0.3761,0.4212,1.1430,241,4.3606
05087500,aifs,4,0.2473,0.3927,0.5130,1.0273,241,4.5899
05120500,aifs,4,0.2223,0.4816,0.5827,1.2940,241,3.5350
05123400,aifs,4,0.3228,0.5257,0.5923,1.0299,241,4.2918
05129115,aifs,4,0.2389,0.4248,0.5189,1.0634,241,4.1321
05131500,aifs,4,0.2087,0.4490,0.5147,1.0737,241,3.8898
05291000,aifs,4,0.3360,0.3503,0.5856,1.0677,241,5.5696
05362000,aifs,4,0.0733,0.4135,0.4759,1.2209,241,4.9392
05393500,aifs,4,0.0718,0.3808,0.4412,1.1594,241,5.4084
05399500,aifs,4,0.1922,0.3625,0.4723,0.9455,241,6.3535
05408000,aifs,4,0.1956,0.2630,0.4520,0.8548,241,8.0440
05412500,aifs,4,0.3762,0.4708,0.6156,0.9033,241,5.9566
05413500,aifs,4,0.4012,0.4325,0.6378,0.8817,241,6.6459
05414000,aifs,4,0.3732,0.4297,0.6119,0.9302,241,6.6634
05444000,aifs,4,0.4169,0.5708,0.6572,1.1187,241,5.5036
05454000,aifs,4,0.4053,0.4561,0.6393,0.8605,241,6.6497
05458000,aifs,4,0.2381,0.3613,0.5016,0.9051,241,6.8668
05466500,aifs,4,0.4705,0.3983,0.7157,0.7391,241,7.6492
05487980,aifs,4,0.2357,0.3168,0.4990,0.7920,241,7.8357
05488200,aifs,4,0.2355,0.2333,0.4919,0.7568,241,9.5094
05489000,aifs,4,0.2324,0.2576,0.4913,0.7480,241,8.8299
05495000,aifs,4,0.4028,0.5612,0.6455,0.9111,241,5.6398
05495500,aifs,4,0.3385,0.4311,0.5880,0.8358,241,7.2825
05501000,aifs,4,0.2228,0.3061,0.4813,0.8558,241,8.8452
05503800,aifs,4,0.2875,0.4796,0.5601,0.9931,241,6.6297
05507600,aifs,4,0.3530,0.5705,0.6221,1.0599,241,5.2973
05508805,aifs,4,0.3551,0.5853,0.6266,1.0153,241,5.1959
05514500,aifs,4,0.2951,0.4846,0.5661,0.9604,241,5.9403
05525500,aifs,4,0.3350,0.4831,0.5891,0.9278,241,6.6288
05556500,aifs,4,0.3823,0.4485,0.6209,0.8601,241,7.0587
05584500,aifs,4,0.3863,0.3642,0.6357,0.7958,241,8.8669
05585000,aifs,4,0.3976,0.4086,0.6375,0.8296,241,8.0318
05591550,aifs,4,0.3297,0.3887,0.5773,0.8491,241,7.4278
05592050,aifs,4,0.2823,0.4577,0.5510,0.9803,241,6.4317
05592575,aifs,4,0.2918,0.2913,0.5522,0.7304,241,8.1468
05593575,aifs,4,0.1780,0.3385,0.4587,0.8981,241,7.4322
05593900,aifs,4,0.2673,0.3392,0.5247,0.8204,241,7.5146
05595730,aifs,4,0.1856,0.3736,0.4741,0.9205,241,7.0560
06037500,aifs,4,0.6612,0.7509,0.8178,1.1214,241,2.2640
06043500,aifs,4,0.6447,0.7738,0.8155,1.1180,241,2.2599
06154410,aifs,4,0.3070,0.4190,0.5600,0.9002,241,4.0479
06188000,aifs,4,0.5409,0.6909,0.7828,1.2193,241,2.0337
06191500,aifs,4,0.6346,0.7235,0.8280,1.2159,241,1.8390
06221400,aifs,4,0.5328,0.6887,0.7496,1.1559,241,2.0002
06224000,aifs,4,0.5441,0.6705,0.7467,1.1394,241,2.0826
06289000,aifs,4,0.4563,0.5948,0.7279,1.2967,241,2.0997
06332515,aifs,4,0.0274,0.3537,0.4803,1.3747,241,3.3166
06339100,aifs,4,-0.1771,0.2527,0.5169,1.5491,241,2.8370
06339500,aifs,4,0.2895,0.4943,0.6560,1.3706,241,2.6118
06344600,aifs,4,0.1511,0.4305,0.5218,1.2754,241,3.1727
06350000,aifs,4,0.2782,0.5639,0.6731,1.2784,241,2.4570
06352000,aifs,4,-0.2134,0.3210,0.5710,1.4444,241,2.7372
06353000,aifs,4,-0.3049,0.2622,0.5504,1.5008,241,3.0446
06354000,aifs,4,-0.0025,0.3942,0.6041,1.4191,241,2.9059
06360500,aifs,4,-0.0506,0.3266,0.6249,1.4970,241,2.5869
06404000,aifs,4,0.1644,0.4223,0.5445,1.3346,241,3.0373
06406000,aifs,4,0.0938,0.4316,0.5355,1.3241,241,2.8859
06408700,aifs,4,0.1041,0.4493,0.5267,1.2701,241,2.7336
06409000,aifs,4,0.1690,0.4720,0.5636,1.2870,241,2.5914
06431500,aifs,4,0.1516,0.4421,0.5221,1.2460,241,2.9745
06440200,aifs,4,0.1282,0.4016,0.4607,1.0673,241,3.9651
06441500,aifs,4,0.1479,0.5393,0.5581,1.1240,241,3.2104
06447000,aifs,4,0.0067,0.4377,0.4598,1.1272,241,3.3052
06447500,aifs,4,-0.1090,0.3140,0.3541,1.1621,241,4.0199
06450500,aifs,4,0.0193,0.3068,0.3695,0.9916,241,4.4924
06452000,aifs,4,0.0519,0.4375,0.4594,1.0621,241,3.4708
06453600,aifs,4,0.3516,0.4437,0.5948,0.9093,241,4.3172
06464500,aifs,4,0.1445,0.2399,0.4071,0.8596,241,5.7017
06477500,aifs,4,0.1590,0.4198,0.4813,1.0699,241,4.5667
06479215,aifs,4,0.3476,0.3476,0.5990,1.1033,241,5.6459
06479438,aifs,4,0.3461,0.3649,0.5922,1.1400,241,5.2496
06601000,aifs,4,0.1213,0.2054,0.3757,0.9225,241,7.0005
06614800,aifs,4,0.4700,0.3675,0.7375,0.7198,241,3.9020
06622700,aifs,4,0.5410,0.6661,0.7408,0.8994,241,2.4099
06623800,aifs,4,0.6220,0.7159,0.7891,0.9738,241,2.3499
06632400,aifs,4,0.6123,0.6956,0.7826,0.9745,241,2.4094
06784000,aifs,4,0.2746,0.3978,0.5353,0.8827,241,4.6631
06803510,aifs,4,0.0316,0.1361,0.2951,0.8447,241,8.0982
06803530,aifs,4,0.0133,0.2159,0.3197,0.9274,241,7.0135
06814000,aifs,4,0.0654,0.2520,0.3651,0.8828,241,7.3571
06846500,aifs,4,0.4116,0.5273,0.6470,0.8687,241,3.1885
06847900,aifs,4,0.2557,0.4374,0.5318,0.9327,241,4.3525
06853800,aifs,4,0.0204,0.2909,0.3612,0.9781,241,5.3095
06876700,aifs,4,0.2561,0.1600,0.5359,0.6571,241,8.5414
06878000,aifs,4,0.1393,0.2120,0.4003,0.8014,241,7.4167
06879650,aifs,4,0.2497,0.2307,0.5138,0.6765,241,8.3186
06885500,aifs,4,0.1495,0.2130,0.4171,0.7360,241,8.1394
06888500,aifs,4,0.2260,0.2270,0.4840,0.7304,241,8.8081
06889200,aifs,4,0.1165,0.2229,0.3893,0.7996,241,8.4962
06889500,aifs,4,0.1401,0.2608,0.4159,0.8176,241,8.0981
06892000,aifs,4,0.1120,0.2339,0.3902,0.8069,241,8.7113
06903400,aifs,4,0.1447,0.2371,0.4143,0.7876,241,8.7259
06906800,aifs,4,0.2759,0.2682,0.5425,0.6826,241,9.2052
06910800,aifs,4,0.1739,0.2333,0.4365,0.7669,241,8.6759
06911900,aifs,4,0.1836,0.2108,0.4443,0.7274,241,9.1182
06917000,aifs,4,0.1981,0.2282,0.4595,0.7393,241,9.8172
06918460,aifs,4,0.1681,0.2620,0.4339,0.8269,241,9.1001
06919500,aifs,4,0.2052,0.3277,0.4764,0.8408,241,8.4747
06921070,aifs,4,0.1475,0.1628,0.4093,0.7002,241,10.4981
06921200,aifs,4,0.1373,0.1472,0.3911,0.7273,241,11.2111
06934000,aifs,4,0.1564,0.3286,0.4446,0.8809,241,7.9526
07014500,aifs,4,0.1218,0.1434,0.3743,0.7446,241,10.8578
07056000,aifs,4,0.1756,0.2912,0.4480,0.8241,241,8.3182
07057500,aifs,4,0.2389,0.4191,0.5162,0.9559,241,7.2621
07060710,aifs,4,0.2255,0.2735,0.4801,0.8294,241,8.8534
07066000,aifs,4,0.2409,0.4138,0.5154,0.9652,241,7.2112
07067000,aifs,4,0.2553,0.4844,0.5465,1.0034,241,6.3192
07068000,aifs,4,0.2753,0.5283,0.5728,1.0288,241,5.8555
07071500,aifs,4,0.2943,0.5035,0.5712,0.9902,241,6.2140
07083000,aifs,4,0.4679,0.6013,0.6914,1.1169,241,2.1028
07142300,aifs,4,0.1119,0.2185,0.3795,0.8404,241,4.9439
07145700,aifs,4,0.2021,0.1508,0.4582,0.7574,241,10.3558
07148400,aifs,4,0.0673,0.3259,0.3986,0.9440,241,4.2915
07149000,aifs,4,0.1651,0.4410,0.4915,1.0031,241,3.8422
07151500,aifs,4,0.2052,0.2490,0.4571,0.8531,241,6.9906
07167500,aifs,4,0.1935,0.3674,0.4736,0.9893,241,7.0902
07180500,aifs,4,0.2017,0.3152,0.4658,0.8972,241,7.1968
07184000,aifs,4,0.1691,0.1779,0.4159,0.8249,241,11.9378
07195800,aifs,4,0.1522,0.2622,0.4154,0.9264,241,10.1100
07196900,aifs,4,0.1256,0.3260,0.4226,1.0173,241,9.1093
07197000,aifs,4,0.1372,0.3547,0.4408,0.9701,241,8.7033
07208500,aifs,4,0.4910,0.5762,0.7008,0.9821,241,1.8461
07226500,aifs,4,0.2942,0.4201,0.5563,0.8328,241,2.0608
07261000,aifs,4,0.3640,0.4649,0.6070,0.8826,241,7.1804
07263295,aifs,4,0.3955,0.4821,0.6298,0.9173,241,7.1904
07290650,aifs,4,0.2505,0.4267,0.5248,1.0405,241,8.2876
07291000,aifs,4,0.2681,0.4473,0.5401,1.0156,241,8.2952
07292500,aifs,4,0.2711,0.4531,0.5434,0.9897,241,8.3410
07295000,aifs,4,0.2948,0.4111,0.5484,0.9628,241,9.2818
07299670,aifs,4,0.0949,0.2499,0.3753,0.9424,241,4.3304
07301410,aifs,4,0.1507,0.1062,0.3909,0.7962,241,5.1510
07301500,aifs,4,0.2691,0.4080,0.5302,0.9919,241,2.7666
07315200,aifs,4,0.1583,0.3651,0.4555,0.9552,241,6.2058
07315700,aifs,4,-0.0780,0.3010,0.3827,1.2900,241,6.1579
07335700,aifs,4,0.2775,0.2594,0.5389,0.7206,241,9.2984
07340300,aifs,4,0.3460,0.4574,0.5948,0.8701,241,6.7148
07346045,aifs,4,0.3005,0.5556,0.5969,1.0805,241,6.0338
07359610,aifs,4,0.2903,0.2951,0.5505,0.7212,241,8.6844
07362100,aifs,4,0.3141,0.5336,0.6146,1.2180,241,5.8521
07362587,aifs,4,0.3545,0.3776,0.6011,0.8009,241,8.3083
07373000,aifs,4,0.5199,0.6034,0.7216,1.0726,241,6.2958
07375000,aifs,4,0.1403,0.2679,0.4115,0.8948,241,12.5886
07376000,aifs,4,0.1917,0.3500,0.4683,0.9323,241,10.6932
08013000,aifs,4,0.5544,0.5847,0.7488,0.9884,241,6.7843
08014500,aifs,4,0.5780,0.6292,0.7616,0.9804,241,6.4110
08023080,aifs,4,0.4549,0.5356,0.6754,1.1025,241,6.8548
08025500,aifs,4,0.5304,0.5175,0.7434,0.9399,241,7.6496
08029500,aifs,4,0.2946,0.3944,0.5471,0.9112,241,9.6993
08050800,aifs,4,0.3430,0.3895,0.5876,0.8668,241,7.7399
08066200,aifs,4,0.1728,0.1893,0.4258,0.7684,241,12.7622
08066300,aifs,4,0.1114,0.0947,0.3426,0.8236,241,16.6806
08070000,aifs,4,0.3496,0.5313,0.6078,1.0462,241,7.2983
08070200,aifs,4,0.3740,0.5383,0.6221,1.0188,241,7.3268
08079600,aifs,4,0.1014,0.4297,0.4663,1.0538,241,2.8613
08082700,aifs,4,0.0402,0.2610,0.3629,1.1620,241,5.2340
08086212,aifs,4,0.1420,0.3408,0.4374,1.0429,241,5.7095
08086290,aifs,4,0.2080,0.4073,0.4979,1.0821,241,5.4586
08101000,aifs,4,0.2056,0.4770,0.5523,1.2297,241,5.4629
08103900,aifs,4,0.3951,0.4699,0.6290,0.9297,241,7.2055
08104900,aifs,4,0.2756,0.3607,0.5287,0.8930,241,8.9227
08109700,aifs,4,0.3153,0.4159,0.5642,1.0659,241,8.7586
08150800,aifs,4,0.5188,0.4840,0.7357,0.8176,241,7.3574
08155200,aifs,4,0.2273,0.4453,0.5322,1.1794,241,7.2633
08158700,aifs,4,0.2609,0.4902,0.5679,1.1907,241,6.6706
08158810,aifs,4,0.2642,0.5255,0.5844,1.1773,241,6.3315
08164000,aifs,4,0.3950,0.5548,0.6597,1.2395,241,5.7532
08164300,aifs,4,0.4751,0.5458,0.6899,1.0909,241,6.9672
08164600,aifs,4,0.2780,0.4889,0.5825,1.2310,241,6.3340
08165300,aifs,4,0.5480,0.6185,0.7406,0.9785,241,6.3954
08171300,aifs,4,0.3679,0.5234,0.6203,1.1306,241,6.6810
08175000,aifs,4,0.4084,0.5290,0.6416,1.0412,241,6.6756
08176900,aifs,4,0.4550,0.5819,0.6932,1.2292,241,5.0771
08178880,aifs,4,0.3794,0.4736,0.6165,0.9745,241,8.3769
08189500,aifs,4,0.3949,0.5235,0.6347,1.1139,241,5.7369
08190000,aifs,4,0.5448,0.4471,0.7844,0.8236,241,9.7135
08190500,aifs,4,0.5055,0.4441,0.7446,0.8631,241,9.6721
08194200,aifs,4,0.2998,0.2138,0.5753,0.6817,241,7.2492
08195000,aifs,4,0.5672,0.4948,0.7877,0.8750,241,8.5485
08196000,aifs,4,0.4738,0.4117,0.7240,0.8512,241,10.7915
08198500,aifs,4,0.4422,0.4381,0.6754,0.8591,241,9.3507
08200000,aifs,4,0.2413,0.3259,0.4961,0.9105,241,10.4919
08202700,aifs,4,0.2724,0.3109,0.5239,0.8345,241,11.0118
08267500,aifs,4,0.4404,0.2921,0.7361,0.6461,241,2.8337
08269000,aifs,4,0.4894,0.4893,0.7094,0.8400,241,2.0065
08271000,aifs,4,0.4254,0.2605,0.7359,0.6112,241,2.9899
08324000,aifs,4,0.3999,0.5498,0.6432,0.8845,241,1.7864
08377900,aifs,4,0.3521,0.3710,0.6001,0.8208,241,3.0080
08378500,aifs,4,0.4246,0.4792,0.6540,0.8814,241,2.4865
08380500,aifs,4,0.3913,0.4510,0.6285,0.8595,241,2.3811
09034900,aifs,4,0.4408,0.3777,0.6975,0.7232,241,2.9491
09035900,aifs,4,0.4790,0.5731,0.6947,0.8977,241,2.1037
09047700,aifs,4,0.3781,0.5199,0.6227,0.9248,241,2.1812
09065500,aifs,4,0.4503,0.5548,0.6740,0.9027,241,2.2056
09066000,aifs,4,0.4125,0.6261,0.6668,1.0645,241,1.9430
09066200,aifs,4,0.4336,0.5145,0.6617,0.8724,241,2.3702
09066300,aifs,4,0.4525,0.5397,0.6755,0.8844,241,2.2677
09081600,aifs,4,0.5933,0.5842,0.7822,0.9894,241,2.7682
09107000,aifs,4,0.5416,0.5570,0.7655,1.3644,241,1.6641
09210500,aifs,4,0.5394,0.6494,0.7355,0.9674,241,1.5765
09223000,aifs,4,0.5775,0.6677,0.7601,0.9764,241,1.8522
09306242,aifs,4,0.4659,0.6569,0.7021,1.1009,241,2.0588
09312600,aifs,4,0.4273,0.5638,0.6586,1.0619,241,2.3403
09352900,aifs,4,0.7243,0.6387,0.8728,0.8764,241,2.3121
09378170,aifs,4,0.3832,0.2100,0.6819,0.5210,241,2.7325
09378630,aifs,4,0.3477,0.1723,0.6554,0.5025,241,2.9569
09386900,aifs,4,0.4162,0.5175,0.6464,0.9313,241,1.7336
09404450,aifs,4,0.3726,0.5192,0.6213,0.8805,241,2.3187
09430500,aifs,4,0.4974,0.7021,0.7271,0.9332,241,1.6220
09430600,aifs,4,0.2844,0.4488,0.5662,0.7940,241,2.5291
09447800,aifs,4,0.1583,0.5934,0.5996,0.9480,241,1.5073
09480000,aifs,4,0.3630,0.3009,0.6263,0.6433,241,2.8048
09484000,aifs,4,0.1941,0.3382,0.4774,0.7991,241,2.9875
09484600,aifs,4,0.3908,0.3825,0.6373,0.6961,241,2.3294
09492400,aifs,4,0.3982,0.3139,0.6677,0.6541,241,3.6700
09494000,aifs,4,0.4802,0.5101,0.7002,0.7852,241,2.4371
09497800,aifs,4,0.2244,0.3786,0.5145,0.7606,241,2.6531
09497980,aifs,4,0.2680,0.3056,0.5369,0.6631,241,3.0343
09505200,aifs,4,0.4714,0.5738,0.6891,0.8854,241,2.2420
09505350,aifs,4,0.4369,0.5257,0.6636,0.8581,241,2.4043
09505800,aifs,4,0.5109,0.5747,0.7163,0.8701,241,2.2890
09508300,aifs,4,0.3309,0.3864,0.5878,0.7076,241,2.4899
09510200,aifs,4,0.0775,0.1290,0.3474,0.6607,241,2.9610
09512280,aifs,4,0.0451,0.1767,0.3185,0.8788,241,2.7031
09513780,aifs,4,0.0607,0.2007,0.3416,0.8418,241,2.5016
10023000,aifs,4,0.5749,0.6088,0.7614,0.9371,241,2.3337
10166430,aifs,4,0.5240,0.5040,0.7338,0.7454,241,2.4611
10172700,aifs,4,0.4269,0.5759,0.6622,0.9013,241,2.0613
10172800,aifs,4,0.5800,0.4403,0.7968,0.6591,241,2.3625
10173450,aifs,4,0.4139,0.4302,0.6510,0.7596,241,2.7355
10205030,aifs,4,0.5967,0.5501,0.7899,0.8273,241,1.9250
10234500,aifs,4,0.4922,0.4988,0.7095,0.7981,241,2.4680
10242000,aifs,4,0.4384,0.3703,0.6844,0.6756,241,2.8222
10244950,aifs,4,0.5483,0.6574,0.7414,1.0261,241,1.9137
10249300,aifs,4,0.4736,0.6396,0.6988,1.0767,241,1.6356
10258000,aifs,4,0.5606,0.6483,0.7491,0.9133,241,2.3568
10258500,aifs,4,0.5161,0.5688,0.8052,1.3475,241,1.2624
10259000,aifs,4,0.5892,0.6566,0.7679,0.8820,241,1.7619
10259200,aifs,4,0.4844,0.4669,0.7859,1.4665,241,1.4362
10263500,aifs,4,0.4577,0.2355,0.7308,0.5216,241,4.3087
10310500,aifs,4,0.5669,0.5527,0.8689,1.3101,241,2.3844
10316500,aifs,4,0.3106,0.2887,0.5710,0.6856,241,3.0756
10329500,aifs,4,0.2888,0.3235,0.5412,0.7952,241,2.7518
10336645,aifs,4,0.8353,0.8269,0.9199,1.1526,241,3.3226
10336660,aifs,4,0.8535,0.8888,0.9241,1.0556,241,3.4128
10343500,aifs,4,0.8040,0.8207,0.9117,1.1382,241,2.3834
10348850,aifs,4,0.6920,0.4124,0.9027,0.6173,241,5.0411
10396000,aifs,4,0.3182,0.2826,0.5804,0.6498,241,2.7659
11098000,aifs,4,0.4256,0.1758,0.7154,0.4700,241,6.1777
11124500,aifs,4,0.4724,0.4094,0.7050,0.7528,241,5.0220
11141280,aifs,4,0.7301,0.5093,0.8935,0.6855,241,3.2664
11143000,aifs,4,0.4055,0.1655,0.6840,0.4398,241,7.7829
11148900,aifs,4,0.5879,0.5578,0.7693,0.7229,241,3.4970
11151300,aifs,4,0.6486,0.6304,0.8076,0.7925,241,2.2106
11162500,aifs,4,0.3596,0.4973,0.6233,0.7487,241,5.0633
11176400,aifs,4,0.3268,0.6769,0.6924,1.0536,241,2.7702
11180500,aifs,4,0.1735,0.6030,0.6334,1.1054,241,3.4571
11180960,aifs,4,0.2985,0.6014,0.6205,0.9140,241,3.8236
11224500,aifs,4,0.6751,0.5410,0.8375,0.7077,241,1.8509
11253310,aifs,4,0.7338,0.5586,0.8821,0.7215,241,1.3655
11264500,aifs,4,-0.5151,-0.2301,0.7705,1.9113,241,5.8285
11266500,aifs,4,-0.2710,-0.0803,0.7708,1.8117,241,5.7520
11274500,aifs,4,0.4836,0.7327,0.7372,0.9549,241,2.3171
11274630,aifs,4,0.4201,0.7121,0.7366,1.0779,241,2.2328
11284400,aifs,4,0.6855,0.5809,0.8811,1.3640,241,2.8361
11299600,aifs,4,0.5410,0.6110,0.8022,1.3148,241,3.3474
11381500,aifs,4,0.5015,0.5893,0.7097,0.8681,241,6.3734
11383500,aifs,4,0.5392,0.6070,0.7353,0.8591,241,6.2221
11451100,aifs,4,0.5343,0.7472,0.7550,0.9730,241,3.5284
11468500,aifs,4,0.7218,0.7610,0.8503,0.9789,241,3.5154
11473900,aifs,4,0.6363,0.6252,0.8033,0.8559,241,4.1334
11475560,aifs,4,0.4805,0.2312,0.7876,0.5299,241,9.3902
11476600,aifs,4,0.5944,0.6708,0.7712,0.9233,241,4.6707
11478500,aifs,4,0.6874,0.6436,0.8393,0.8591,241,4.1130
11480390,aifs,4,0.6153,0.6163,0.7901,0.8839,241,4.2958
11481200,aifs,4,0.6679,0.5555,0.8424,0.7797,241,4.5709
11482500,aifs,4,0.6501,0.4832,0.8477,0.7110,241,5.2562
11522500,aifs,4,0.7318,0.7593,0.8568,0.9712,241,3.0862
11523200,aifs,4,0.5998,0.6545,0.7758,0.8551,241,4.1527
11528700,aifs,4,0.6530,0.6944,0.8091,0.9232,241,3.5572
11532500,aifs,4,0.7068,0.5152,0.8805,0.7052,241,5.9755
12010000,aifs,4,0.6413,0.5389,0.8228,0.7039,241,6.8175
12013500,aifs,4,0.6428,0.7328,0.8076,0.8594,241,5.3354
12020000,aifs,4,0.6168,0.8102,0.8155,0.9719,241,4.6269
12025000,aifs,4,0.6323,0.8106,0.8143,0.9643,241,4.3639
12025700,aifs,4,0.5755,0.6783,0.8305,1.2260,241,4.2229
12035000,aifs,4,0.7391,0.6347,0.8746,0.7579,241,5.6398
12040500,aifs,4,0.7668,0.6447,0.8940,0.7639,241,6.1395
12041200,aifs,4,0.7300,0.5198,0.9051,0.6867,241,7.2585
12043000,aifs,4,0.7721,0.5862,0.9163,0.7378,241,5.2512
12048000,aifs,4,0.4618,0.4672,0.7729,1.4760,241,3.8345
12054000,aifs,4,0.7128,0.6937,0.8529,0.9715,241,4.7780
12056500,aifs,4,0.7556,0.6671,0.8852,0.8383,241,5.8501
12073500,aifs,4,0.5737,0.7257,0.7662,1.0755,241,3.7052
12082500,aifs,4,0.6943,0.8325,0.8528,1.0735,241,5.2835
12092000,aifs,4,0.6681,0.8154,0.8257,1.0174,241,5.5555
12095000,aifs,4,0.5983,0.7097,0.8209,1.2146,241,4.6715
12114500,aifs,4,0.6999,0.5709,0.8647,0.7575,241,6.3082
12115000,aifs,4,0.7032,0.5784,0.8655,0.7648,241,6.2412
12115500,aifs,4,0.7153,0.6054,0.8702,0.8019,241,6.1323
12117000,aifs,4,0.7061,0.6030,0.8630,0.7922,241,6.1661
12141300,aifs,4,0.6905,0.5265,0.8726,0.7219,241,7.4123
12143600,aifs,4,0.7166,0.5854,0.8772,0.7838,241,6.6627
12144000,aifs,4,0.7307,0.6302,0.8762,0.8202,241,6.0814
12145500,aifs,4,0.7170,0.6784,0.8555,0.8419,241,4.9182
12147600,aifs,4,0.6176,0.4252,0.8512,0.6523,241,10.0952
12167000,aifs,4,0.7168,0.6938,0.8545,0.9059,241,5.9635
12175500,aifs,4,0.7424,0.8282,0.8625,1.0197,241,3.9966
12186000,aifs,4,0.7377,0.7058,0.8658,0.8583,241,5.9491
12189500,aifs,4,0.7488,0.8191,0.8655,0.9824,241,4.9018
12358500,aifs,4,0.5876,0.7121,0.7704,0.9336,241,4.4300
12377150,aifs,4,0.6836,0.6462,0.8382,0.7639,241,3.6702
12381400,aifs,4,0.6543,0.7052,0.8145,0.8315,241,3.5243
12390700,aifs,4,0.3675,0.6432,0.7204,1.1987,241,3.6551
12411000,aifs,4,0.3053,0.6276,0.6605,1.1522,241,4.4322
12414500,aifs,4,0.5594,0.7452,0.7954,1.1403,241,3.7263
12447390,aifs,4,0.0804,0.2296,0.6001,1.6546,241,2.6505
12451000,aifs,4,0.5876,0.5706,0.8580,1.3446,241,3.5790
12488500,aifs,4,0.7833,0.8788,0.8894,1.0437,241,3.7505
13011500,aifs,4,0.6372,0.6957,0.8196,1.2416,241,2.1930
13011900,aifs,4,0.6482,0.7489,0.8121,1.1288,241,2.0790
13018300,aifs,4,0.5997,0.7090,0.7803,1.1254,241,2.3306
13023000,aifs,4,0.6269,0.7633,0.7985,1.0677,241,1.8504
13161500,aifs,4,0.2692,0.3739,0.6241,1.4954,241,1.8136
13235000,aifs,4,0.5562,0.7231,0.7551,1.0240,241,2.9093
13240000,aifs,4,0.6518,0.6484,0.8131,0.8446,241,3.3613
13310700,aifs,4,0.5910,0.7706,0.7903,1.0878,241,2.7868
13313000,aifs,4,0.5783,0.6413,0.7626,0.8722,241,3.3873
13331500,aifs,4,0.6182,0.6001,0.7947,0.8240,241,3.0925
13337000,aifs,4,0.7280,0.8562,0.8680,1.0511,241,3.1040
13338500,aifs,4,0.4945,0.6079,0.7783,1.3133,241,3.2386
13340000,aifs,4,0.6942,0.7998,0.8562,1.1326,241,2.7795
13340600,aifs,4,0.7337,0.8557,0.8623,1.0194,241,3.4591
14020000,aifs,4,0.6126,0.6322,0.7861,0.8515,241,3.0110
14092750,aifs,4,0.6594,0.7950,0.8236,0.9054,241,3.3179
14096850,aifs,4,0.2959,0.6065,0.6703,1.2074,241,2.9706
14137000,aifs,4,0.7857,0.8213,0.8882,0.8889,241,3.9720
14138800,aifs,4,0.7600,0.6022,0.8929,0.7134,241,5.7227
14138870,aifs,4,0.7832,0.6504,0.9007,0.7550,241,5.6317
14138900,aifs,4,0.7394,0.4919,0.9119,0.6425,241,7.3260
14139800,aifs,4,0.7664,0.6482,0.8887,0.7380,241,5.6836
14141500,aifs,4,0.7951,0.8116,0.8943,0.8641,241,4.5519
14154500,aifs,4,0.7349,0.8390,0.8846,1.0471,241,2.8840
14158500,aifs,4,0.7728,0.8095,0.8837,0.8589,241,3.3901
14158790,aifs,4,0.7209,0.5375,0.8795,0.6578,241,4.8037
14166500,aifs,4,0.6931,0.7906,0.8352,0.9240,241,3.5529
14182500,aifs,4,0.7448,0.8733,0.8753,1.0066,241,4.1026
14185000,aifs,4,0.7524,0.8516,0.8907,1.0392,241,3.5779
14185900,aifs,4,0.8053,0.8500,0.9000,0.9002,241,3.8125
14187000,aifs,4,0.7452,0.8671,0.8738,0.9590,241,3.7803
14216500,aifs,4,0.7597,0.8463,0.8967,1.0406,241,4.5638
14222500,aifs,4,0.7474,0.5463,0.9023,0.7012,241,7.4951
14236200,aifs,4,0.7437,0.8684,0.8735,1.0342,241,4.3525
14301000,aifs,4,0.7243,0.7284,0.8537,0.8611,241,4.6942
14303200,aifs,4,0.5907,0.4758,0.7930,0.6740,241,7.4377
14305500,aifs,4,0.5386,0.3788,0.7756,0.6029,241,9.3532
14306340,aifs,4,0.6584,0.6748,0.8163,0.7858,241,4.1453
14306500,aifs,4,0.5975,0.6753,0.7793,0.8183,241,4.8532
14308990,aifs,4,0.6851,0.7995,0.8428,1.1244,241,2.5223
14309500,aifs,4,0.7267,0.7252,0.8548,0.8215,241,3.5193
14316700,aifs,4,0.7423,0.8375,0.8897,1.0440,241,2.6969
14325000,aifs,4,0.6326,0.5950,0.8024,0.7225,241,5.0905
14362250,aifs,4,0.5713,0.6438,0.7881,1.2863,241,2.7246
14400000,aifs,4,0.6321,0.5416,0.8059,0.6925,241,6.8579
01013500,aifs,5,0.2318,0.4593,0.6504,1.4101,241,4.8288
01022500,aifs,5,0.1478,0.4527,0.5798,1.3504,241,5.8198
01030500,aifs,5,0.1043,0.4631,0.5844,1.3374,241,5.1244
01031500,aifs,5,0.1868,0.4591,0.5680,1.3127,241,5.1280
01047000,aifs,5,0.2159,0.4603,0.5384,1.1925,241,5.4159
01052500,aifs,5,0.0693,0.3581,0.4719,1.3223,241,5.3677
01054200,aifs,5,-0.0403,0.3101,0.3538,1.0305,241,7.3661
01055000,aifs,5,0.1064,0.4370,0.4775,1.1108,241,5.4203
01057000,aifs,5,-0.0387,0.4018,0.4200,1.0868,241,6.1562
01073000,aifs,5,-0.3877,0.2703,0.2864,1.1490,241,7.1213
01078000,aifs,5,-0.2572,0.2828,0.2960,1.0701,241,7.0338
01118300,aifs,5,0.2146,0.1690,0.4782,0.6929,241,10.2012
01121000,aifs,5,0.3132,0.3280,0.5733,0.7307,241,6.8203
01123000,aifs,5,0.2635,0.2861,0.5289,0.7155,241,7.4251
01134500,aifs,5,0.0680,0.3449,0.4124,1.0998,241,6.2666
01137500,aifs,5,-0.0163,0.3400,0.3884,1.1348,241,6.5645
01139000,aifs,5,-0.0768,0.2685,0.3568,1.2794,241,6.4138
01139800,aifs,5,-0.0726,0.2802,0.3265,1.0415,241,7.1536
01142500,aifs,5,-0.1524,0.3086,0.3735,1.2738,241,6.1770
01144000,aifs,5,-0.0052,0.3814,0.4128,1.0930,241,6.2188
01169000,aifs,5,0.3502,0.5007,0.6004,1.0254,241,5.5827
01170100,aifs,5,0.3402,0.5048,0.5967,1.0636,241,5.4839
01181000,aifs,5,0.3818,0.4723,0.6204,0.8956,241,5.9297
01187300,aifs,5,0.3908,0.5456,0.6331,1.0177,241,5.1483
01195100,aifs,5,0.2528,0.2227,0.5206,0.6722,241,8.2842
01333000,aifs,5,0.2776,0.4314,0.5456,1.1147,241,5.9318
01350000,aifs,5,0.1901,0.2301,0.4391,0.9095,241,9.0641
01350080,aifs,5,0.1926,0.3339,0.4624,1.0284,241,7.0695
01350140,aifs,5,0.1970,0.3505,0.4700,1.0026,241,6.6781
01365000,aifs,5,0.2057,0.3443,0.4734,0.9971,241,7.4727
01411300,aifs,5,0.1407,0.1188,0.3837,0.7683,241,9.9686
01413500,aifs,5,0.2335,0.2689,0.4868,0.8577,241,8.3343
01414500,aifs,5,0.2036,0.2468,0.4533,0.9261,241,9.0442
01415000,aifs,5,0.3114,0.3962,0.5596,0.9384,241,6.5040
01423000,aifs,5,0.3267,0.4038,0.5739,0.9014,241,6.3614
01434025,aifs,5,0.2214,0.2422,0.4748,0.8372,241,9.4305
01435000,aifs,5,0.2119,0.2644,0.4645,0.8884,241,8.9340
01439500,aifs,5,0.2806,0.3569,0.5409,0.7978,241,6.4457
01440000,aifs,5,0.2937,0.3486,0.5490,0.8048,241,6.7600
01440400,aifs,5,0.2860,0.3001,0.5512,0.7157,241,7.0962
01451800,aifs,5,0.3108,0.4775,0.5751,0.9094,241,5.6579
01466500,aifs,5,0.2555,0.3990,0.5216,0.9192,241,6.1828
01484100,aifs,5,0.1346,0.2667,0.4053,0.9348,241,7.2260
01485500,aifs,5,0.0953,0.1268,0.3458,0.7576,241,8.9099
01486000,aifs,5,0.1150,0.1362,0.3615,0.7791,241,9.0534
01487000,aifs,5,0.1531,0.2468,0.4123,0.9065,241,7.5855
01491000,aifs,5,0.1916,0.4240,0.4970,1.0772,241,5.5504
01510000,aifs,5,0.2878,0.4681,0.5575,1.0404,241,6.1311
01516500,aifs,5,0.4019,0.5761,0.6470,0.9424,241,4.3996
01518862,aifs,5,0.3494,0.5210,0.6065,0.9270,241,4.9373
01532000,aifs,5,0.3768,0.4647,0.6156,0.9128,241,5.4906
01539000,aifs,5,0.2914,0.4038,0.5536,0.8307,241,6.0882
01542810,aifs,5,0.2319,0.4739,0.5345,0.9350,241,5.7350
01543000,aifs,5,0.2749,0.5198,0.5713,0.9317,241,5.3917
01543500,aifs,5,0.3390,0.5097,0.6017,0.8840,241,5.5446
01544500,aifs,5,0.3645,0.5590,0.6231,0.9553,241,4.9842
01545600,aifs,5,0.3599,0.5465,0.6165,0.9864,241,5.1477
01547700,aifs,5,0.1907,0.1890,0.4426,0.7971,241,9.6288
01548500,aifs,5,0.3625,0.5717,0.6263,0.9518,241,4.6832
01549500,aifs,5,0.4089,0.5479,0.6443,0.9722,241,5.0357
01550000,aifs,5,0.3932,0.4801,0.6280,0.9337,241,5.6895
01552000,aifs,5,0.3381,0.3791,0.5853,0.8564,241,6.7825
01552500,aifs,5,0.3250,0.4526,0.5806,0.8750,241,5.7451
01557500,aifs,5,0.2763,0.2689,0.5426,0.7186,241,8.0097
01567500,aifs,5,0.3842,0.4146,0.6267,0.8034,241,6.0986
01568000,aifs,5,0.4123,0.4812,0.6484,0.8162,241,5.2731
01580000,aifs,5,0.3533,0.5511,0.6158,0.9451,241,4.9899
01583500,aifs,5,0.4126,0.5870,0.6537,0.9984,241,4.7228
01586610,aifs,5,0.4206,0.5721,0.6554,0.9643,241,4.7469
01591400,aifs,5,0.3814,0.3843,0.6291,0.7581,241,6.3741
01596500,aifs,5,0.1777,0.3238,0.4530,0.9069,241,6.6185
01605500,aifs,5,0.3169,0.4234,0.5689,0.8892,241,5.5009
01606500,aifs,5,0.3290,0.4733,0.5851,0.9040,241,5.0788
01613050,aifs,5,0.3196,0.4252,0.5787,0.8083,241,5.4405
01620500,aifs,5,0.4213,0.5467,0.6517,0.9906,241,4.2880
01632000,aifs,5,0.2968,0.2878,0.5784,0.6335,241,5.9681
01632900,aifs,5,0.2984,0.3003,0.5669,0.6737,241,5.7528
01634500,aifs,5,0.3115,0.3451,0.5736,0.7197,241,5.7559
01638480,aifs,5,0.2739,0.3898,0.5404,0.8119,241,5.8453
01639500,aifs,5,0.4576,0.5980,0.6811,0.9587,241,4.5153
01644000,aifs,5,0.3221,0.4143,0.5844,0.7632,241,5.3081
01658500,aifs,5,0.3026,0.3310,0.5625,0.7343,241,6.0431
01664000,aifs,5,0.2982,0.3205,0.5708,0.6684,241,5.7527
01666500,aifs,5,0.3211,0.3331,0.5871,0.6826,241,5.6376
01667500,aifs,5,0.3239,0.3580,0.5874,0.7037,241,5.3762
01669000,aifs,5,0.1395,0.2260,0.4022,0.8313,241,7.5052
01669520,aifs,5,0.1178,0.2218,0.3857,0.8358,241,7.5549
02011400,aifs,5,0.3559,0.5192,0.6087,0.9428,241,4.7962
02011460,aifs,5,0.3482,0.5090,0.6008,0.9986,241,5.1238
02013000,aifs,5,0.2091,0.3913,0.4959,0.8841,241,5.5732
02014000,aifs,5,0.2279,0.4541,0.5259,0.9165,241,4.9269
02015700,aifs,5,0.3924,0.5070,0.6283,1.0168,241,4.7850
02016000,aifs,5,0.3817,0.5672,0.6330,1.0049,241,4.2512
02017500,aifs,5,0.1516,0.4749,0.5048,1.0163,241,4.5727
02018000,aifs,5,0.1903,0.5216,0.5425,1.0347,241,4.2689
02027000,aifs,5,0.2805,0.5358,0.5837,1.1069,241,4.4217
02027500,aifs,5,0.2917,0.5257,0.5787,1.0396,241,4.5899
02028500,aifs,5,0.2922,0.4777,0.5684,0.8743,241,4.7089
02038850,aifs,5,0.1189,0.3353,0.4343,0.8419,241,5.5393
02046000,aifs,5,0.2024,0.3286,0.4787,0.8115,241,6.1180
02051000,aifs,5,0.2988,0.3358,0.5529,0.7881,241,6.1329
02051500,aifs,5,0.2354,0.3537,0.5029,0.8424,241,5.8416
02053200,aifs,5,0.2286,0.3987,0.5043,0.9496,241,6.3740
02053800,aifs,5,0.2092,0.4115,0.5108,0.8305,241,4.7501
02055100,aifs,5,0.0156,0.3795,0.4502,1.2565,241,4.7396
02056900,aifs,5,0.2737,0.3864,0.5431,0.7881,241,5.0642
02059500,aifs,5,0.2778,0.5742,0.5949,0.9779,241,3.9482
02064000,aifs,5,0.1097,0.4133,0.4593,1.0442,241,5.0381
02065500,aifs,5,0.2111,0.4696,0.5221,1.0005,241,4.6779
02069700,aifs,5,0.1945,0.2742,0.4617,0.7863,241,6.3192
02070000,aifs,5,0.1855,0.2609,0.4562,0.7556,241,6.2794
02074500,aifs,5,0.1347,0.2330,0.3935,0.9402,241,6.9046
02077200,aifs,5,0.1239,0.4174,0.4653,1.0214,241,5.1665
02081500,aifs,5,0.2301,0.4117,0.5085,0.9855,241,5.5565
02082950,aifs,5,0.2210,0.4828,0.5492,1.1821,241,4.8051
02092500,aifs,5,0.2420,0.4820,0.5601,1.1996,241,5.4429
02096846,aifs,5,0.1934,0.2430,0.4442,0.8947,241,8.0642
02102908,aifs,5,0.3402,0.4198,0.5844,0.9191,241,6.7964
02108000,aifs,5,0.3676,0.5483,0.6236,1.0837,241,5.1385
02111180,aifs,5,0.3355,0.3863,0.5867,0.7983,241,6.0601
02111500,aifs,5,0.2464,0.3348,0.5104,0.8068,241,6.3572
02118500,aifs,5,0.2548,0.4387,0.5353,0.8890,241,5.3877
02128000,aifs,5,0.3261,0.5003,0.5868,0.9652,241,5.3973
02137727,aifs,5,0.3207,0.3892,0.5729,0.8174,241,6.8998
02140991,aifs,5,0.3579,0.4671,0.6050,0.8645,241,5.7292
02143000,aifs,5,0.2945,0.4481,0.5609,0.8725,241,5.9313
02143040,aifs,5,0.3220,0.4929,0.5868,0.8898,241,5.7687
02149000,aifs,5,0.3130,0.3119,0.5705,0.7376,241,8.1876
02152100,aifs,5,0.3667,0.5578,0.6249,0.9325,241,5.3110
02177000,aifs,5,0.3751,0.5232,0.6205,0.9432,241,7.0900
02178400,aifs,5,0.3071,0.5619,0.5994,0.9609,241,6.3297
02193340,aifs,5,0.3910,0.5572,0.6422,1.1376,241,5.6657
02196000,aifs,5,0.3348,0.4650,0.5847,0.9480,241,6.5460
02198100,aifs,5,0.2627,0.2784,0.5185,0.8004,241,8.9455
02202600,aifs,5,0.2207,0.4639,0.5469,1.2135,241,5.2718
02212600,aifs,5,0.3102,0.4571,0.5671,0.9701,241,7.0673
02215100,aifs,5,0.2962,0.3699,0.5473,0.8855,241,7.0798
02216180,aifs,5,0.2438,0.2596,0.4974,0.8510,241,8.6375
02221525,aifs,5,0.2764,0.4947,0.5598,1.0055,241,6.4650
02231000,aifs,5,0.3421,0.4552,0.5903,0.9126,241,5.4287
02231342,aifs,5,0.2109,0.3592,0.4835,1.0769,241,6.0234
02235200,aifs,5,0.2920,0.4221,0.5485,0.9697,241,5.7567
02245500,aifs,5,0.2114,0.3769,0.4887,1.0688,241,5.8324
02246000,aifs,5,0.2353,0.4511,0.5249,1.0054,241,5.1606
02296500,aifs,5,0.2530,0.3786,0.5173,0.9025,241,5.2584
02297155,aifs,5,0.1736,0.1814,0.4276,0.8088,241,7.9485
02297310,aifs,5,0.2014,0.2218,0.4674,0.7689,241,7.1053
02298123,aifs,5,0.1100,0.1990,0.3688,0.8904,241,6.7687
02298608,aifs,5,0.1012,0.1201,0.3564,0.7572,241,8.1127
02299950,aifs,5,0.0974,0.1692,0.3503,0.8780,241,7.5020
02300700,aifs,5,0.1482,0.1655,0.3899,0.9079,241,8.6307
02310947,aifs,5,0.1385,0.2553,0.4025,0.9900,241,7.1417
02312200,aifs,5,0.1253,0.1809,0.3705,0.9518,241,8.7010
02314500,aifs,5,0.3536,0.3866,0.6007,0.8534,241,6.2066
02315500,aifs,5,0.3829,0.4419,0.6235,0.8631,241,5.5390
02324400,aifs,5,0.2601,0.2417,0.5230,0.7969,241,8.9283
02327100,aifs,5,0.1529,0.2416,0.4176,0.8420,241,8.1757
02349900,aifs,5,0.2754,0.2996,0.5319,0.7992,241,8.0269
02350900,aifs,5,0.3478,0.4809,0.5978,0.9092,241,6.0272
02361000,aifs,5,0.4122,0.5554,0.6476,0.9682,241,5.4617
02363000,aifs,5,0.4988,0.5812,0.7064,0.9792,241,5.5672
02369800,aifs,5,0.4314,0.3149,0.7235,0.7104,241,9.7222
02371500,aifs,5,0.4520,0.4883,0.6762,0.9215,241,6.9373
02372250,aifs,5,0.4607,0.5185,0.6809,0.8893,241,6.6796
02374500,aifs,5,0.3977,0.4704,0.6339,0.8532,241,7.7459
02381600,aifs,5,0.1781,0.3044,0.4520,0.8457,241,9.1924
02384540,aifs,5,0.2001,0.3814,0.4858,0.9030,241,7.8153
02395120,aifs,5,0.2590,0.5015,0.5616,1.1178,241,6.4348
02408540,aifs,5,0.1899,0.3667,0.4738,0.9198,241,8.5817
02415000,aifs,5,0.2279,0.3240,0.4932,0.8219,241,9.1113
02422500,aifs,5,0.2289,0.4770,0.5363,1.0908,241,7.6561
02427250,aifs,5,0.2998,0.6011,0.6169,1.0493,241,6.3911
02430085,aifs,5,0.4117,0.5131,0.6424,1.0346,241,6.5951
02450250,aifs,5,0.3442,0.3856,0.5942,0.7865,241,7.8952
02464000,aifs,5,0.2916,0.3246,0.5429,0.8588,241,9.4251
02465493,aifs,5,0.2414,0.4470,0.5264,1.0218,241,7.4099
02469800,aifs,5,0.3482,0.6010,0.6324,0.9379,241,7.3185
02472000,aifs,5,0.2625,0.3704,0.5219,0.8811,241,8.9671
02472500,aifs,5,0.1719,0.3066,0.4486,0.8496,241,10.3412
02479155,aifs,5,0.5089,0.4949,0.7267,0.8610,241,9.2239
02479300,aifs,5,0.4395,0.3115,0.7334,0.7043,241,13.0730
02481000,aifs,5,0.3825,0.2204,0.7239,0.6335,241,16.4695
02481510,aifs,5,0.4022,0.2772,0.6986,0.6551,241,13.3220
03010655,aifs,5,0.3017,0.4849,0.5715,0.9256,241,5.4862
03011800,aifs,5,0.2878,0.4334,0.5509,0.9083,241,6.4749
03015500,aifs,5,0.2253,0.5217,0.5558,1.0794,241,5.6605
03021350,aifs,5,0.1868,0.4178,0.4897,1.0141,241,6.6945
03026500,aifs,5,0.2759,0.4532,0.5489,0.9173,241,6.1566
03028000,aifs,5,0.2991,0.4638,0.5642,0.9251,241,6.2306
03049800,aifs,5,0.2854,0.4092,0.5435,0.9141,241,7.4349
03050000,aifs,5,0.1952,0.3158,0.4624,0.8976,241,8.4457
03066000,aifs,5,0.2486,0.3191,0.5092,0.8239,241,7.2812
03069500,aifs,5,0.2667,0.3968,0.5299,0.8996,241,6.6667
03070500,aifs,5,0.2783,0.4919,0.5604,0.9600,241,6.4690
03076600,aifs,5,0.1503,0.2464,0.4188,0.8264,241,8.2538
03078000,aifs,5,0.1284,0.2412,0.3948,0.8963,241,8.2532
03140000,aifs,5,0.1802,0.3743,0.4727,0.9084,241,6.4327
03144000,aifs,5,0.2259,0.2879,0.4951,0.7514,241,7.7221
03159540,aifs,5,0.1421,0.2687,0.4182,0.8451,241,8.6435
03161000,aifs,5,0.2897,0.4097,0.5509,0.8563,241,5.7183
03164000,aifs,5,0.2816,0.4407,0.5552,0.8490,241,5.0369
03165000,aifs,5,0.2490,0.2845,0.5158,0.7274,241,6.3097
03170000,aifs,5,0.2524,0.4052,0.5340,0.8067,241,4.8174
03173000,aifs,5,0.2350,0.4942,0.5480,0.8987,241,4.3363
03180500,aifs,5,0.2244,0.4276,0.5116,1.0385,241,6.1588
03182500,aifs,5,0.3070,0.5219,0.5845,1.0493,241,5.1788
03186500,aifs,5,0.2852,0.4598,0.5562,0.9146,241,6.2710
03187500,aifs,5,0.2711,0.4627,0.5479,0.9429,241,6.2587
03213700,aifs,5,0.2957,0.4702,0.5617,0.9972,241,5.8972
03237280,aifs,5,0.0979,0.3596,0.4264,1.0206,241,7.3401
03237500,aifs,5,0.2088,0.4014,0.4948,0.9475,241,7.1503
03241500,aifs,5,0.1886,0.2232,0.4508,0.7520,241,8.9599
03280700,aifs,5,0.1454,0.3804,0.4581,1.0760,241,6.6623
03281100,aifs,5,0.2018,0.4489,0.5119,1.0728,241,6.1665
03281500,aifs,5,0.2231,0.4745,0.5320,1.0766,241,5.8887
03285000,aifs,5,0.2506,0.3709,0.5103,0.9571,241,7.8274
03291780,aifs,5,0.2543,0.3091,0.5088,0.8455,241,8.9158
03300400,aifs,5,0.2997,0.3700,0.5513,0.8650,241,8.0962
03340800,aifs,5,0.1153,0.1904,0.3791,0.7873,241,9.7027
03346000,aifs,5,0.1956,0.3560,0.4791,0.8502,241,7.8112
03364500,aifs,5,0.1590,0.1139,0.4165,0.6764,241,12.0872
03366500,aifs,5,0.2746,0.3289,0.5283,0.8406,241,8.6036
03368000,aifs,5,0.2149,0.1549,0.4882,0.6492,241,11.5638
03384450,aifs,5,0.2276,0.3710,0.4953,0.9559,241,8.3200
03439000,aifs,5,0.3877,0.5298,0.6345,0.8658,241,6.2089
03450000,aifs,5,0.3048,0.4859,0.5742,0.9113,241,5.4425
03455500,aifs,5,0.3787,0.5723,0.6413,0.8700,241,5.6795
03456500,aifs,5,0.3494,0.5003,0.6172,0.7939,241,5.4772
03460000,aifs,5,0.3055,0.4901,0.5797,0.8743,241,5.9748
03463300,aifs,5,0.3059,0.3795,0.5688,0.7638,241,6.5826
03471500,aifs,5,0.2171,0.4078,0.5045,0.9021,241,5.3801
03473000,aifs,5,0.1782,0.3792,0.4758,0.8885,241,5.7135
03479000,aifs,5,0.2923,0.4989,0.5731,0.9038,241,5.0438
03488000,aifs,5,0.2309,0.4312,0.5168,0.9453,241,5.4139
03498500,aifs,5,0.2072,0.4344,0.5096,0.9074,241,6.8121
03500000,aifs,5,0.2306,0.5389,0.5627,1.0227,241,6.4714
03504000,aifs,5,0.2491,0.4298,0.5381,0.8216,241,7.5536
03574500,aifs,5,0.2401,0.3868,0.5097,0.9054,241,8.0568
03604000,aifs,5,0.3550,0.3842,0.6029,0.7990,241,7.7938
04015330,aifs,5,0.1739,0.2963,0.4435,0.8753,241,5.9529
04024430,aifs,5,0.0814,0.4613,0.4868,1.1103,241,4.8228
04027000,aifs,5,-0.1327,0.2872,0.3845,1.3440,241,4.8136
04040500,aifs,5,0.0544,0.3074,0.3827,0.9965,241,5.1640
04043050,aifs,5,0.0899,0.2910,0.3913,0.9420,241,4.6317
04045500,aifs,5,0.2497,0.4296,0.5268,1.0752,241,4.4090
04056500,aifs,5,0.1810,0.4193,0.4928,1.1035,241,4.2976
04057510,aifs,5,0.1317,0.3384,0.4309,0.9787,241,5.1917
04057800,aifs,5,0.1034,0.3370,0.4176,0.9764,241,5.0862
04059500,aifs,5,0.1464,0.4248,0.4767,1.0007,241,4.7799
04063700,aifs,5,0.0143,0.4118,0.4578,1.2010,241,4.7151
04074950,aifs,5,0.0809,0.4444,0.4699,1.0554,241,5.0290
04105700,aifs,5,0.1488,0.3879,0.4605,1.0223,241,6.6278
04115265,aifs,5,0.2776,0.4462,0.5453,1.0296,241,6.0885
04122200,aifs,5,0.3632,0.5122,0.6117,1.0670,241,5.7297
04122500,aifs,5,0.2786,0.4775,0.5562,1.0563,241,5.7400
04124000,aifs,5,0.3056,0.3030,0.5662,0.7489,241,7.1564
04127997,aifs,5,0.3078,0.3772,0.5607,0.8329,241,6.4237
04185000,aifs,5,0.1907,0.3905,0.4873,0.8758,241,5.8997
04196800,aifs,5,0.1479,0.3448,0.4502,0.8570,241,6.5001
04197100,aifs,5,0.1103,0.2456,0.3870,0.8748,241,7.4343
04197170,aifs,5,0.1221,0.3110,0.4166,0.9266,241,6.6933
04213000,aifs,5,0.1818,0.4443,0.5050,1.1041,241,5.7889
04213075,aifs,5,0.1691,0.3756,0.4700,1.1152,241,6.5573
04216418,aifs,5,0.2553,0.4130,0.5271,0.9004,241,6.3852
04221000,aifs,5,0.3472,0.5273,0.6052,0.9679,241,5.0123
04224775,aifs,5,0.2522,0.4281,0.5256,1.0057,241,5.9423
04256000,aifs,5,0.2659,0.5082,0.5894,1.2206,241,5.1546
04296000,aifs,5,0.0639,0.3446,0.4507,1.2925,241,6.0384
05057000,aifs,5,0.1739,0.4527,0.5707,1.3341,241,3.3843
05057200,aifs,5,-0.0735,0.3384,0.4956,1.4265,241,3.5695
05062500,aifs,5,-0.1672,0.3071,0.3699,1.2743,241,4.7551
05087500,aifs,5,0.0643,0.3409,0.4165,1.1657,241,5.1175
05120500,aifs,5,0.1591,0.4406,0.5499,1.3202,241,3.6758
05123400,aifs,5,0.2865,0.4728,0.5583,1.0482,241,4.4053
05129115,aifs,5,0.0042,0.3649,0.4122,1.1530,241,4.7267
05131500,aifs,5,-0.0761,0.3717,0.4100,1.1898,241,4.5360
05291000,aifs,5,0.2106,0.3040,0.4682,1.0843,241,6.0730
05362000,aifs,5,-0.0123,0.3957,0.4468,1.2211,241,5.1621
05393500,aifs,5,-0.0003,0.3592,0.4054,1.1410,241,5.6145
05399500,aifs,5,0.0632,0.3008,0.3838,0.9508,241,6.8424
05408000,aifs,5,0.1027,0.2148,0.3728,0.8431,241,8.4959
05412500,aifs,5,0.2950,0.4256,0.5548,0.8824,241,6.3324
05413500,aifs,5,0.2790,0.3404,0.5317,0.8582,241,7.2928
05414000,aifs,5,0.2691,0.3468,0.5218,0.9044,241,7.1952
05444000,aifs,5,0.2510,0.4173,0.5220,1.0262,241,6.2372
05454000,aifs,5,0.3079,0.3459,0.5601,0.8053,241,7.1733
05458000,aifs,5,0.1533,0.2936,0.4313,0.8624,241,7.2388
05466500,aifs,5,0.3451,0.2418,0.6356,0.6509,241,8.5072
05487980,aifs,5,0.2075,0.2394,0.4695,0.7337,241,7.9786
05488200,aifs,5,0.1960,0.1550,0.4540,0.6992,241,9.7525
05489000,aifs,5,0.2222,0.1886,0.4851,0.6883,241,8.8887
05495000,aifs,5,0.4141,0.4432,0.6492,0.8202,241,5.5863
05495500,aifs,5,0.3657,0.3327,0.6236,0.7595,241,7.1314
05501000,aifs,5,0.2646,0.2515,0.5226,0.7967,241,8.6040
05503800,aifs,5,0.2907,0.3941,0.5434,0.9358,241,6.6150
05507600,aifs,5,0.2470,0.4630,0.5351,1.0313,241,5.7149
05508805,aifs,5,0.2543,0.4684,0.5403,0.9791,241,5.5872
05514500,aifs,5,0.1845,0.4053,0.4846,0.9483,241,6.3892
05525500,aifs,5,0.1432,0.2702,0.4187,0.8476,241,7.5241
05556500,aifs,5,0.2877,0.3009,0.5449,0.7680,241,7.5801
05584500,aifs,5,0.3495,0.2453,0.6496,0.7091,241,9.1289
05585000,aifs,5,0.3707,0.2896,0.6524,0.7446,241,8.2095
05591550,aifs,5,0.2032,0.3045,0.4695,0.8316,241,8.0983
05592050,aifs,5,0.1718,0.3723,0.4652,0.9483,241,6.9090
05592575,aifs,5,0.1906,0.2669,0.4618,0.7471,241,8.7097
05593575,aifs,5,0.0887,0.3506,0.4197,0.9408,241,7.8259
05593900,aifs,5,0.1626,0.2827,0.4386,0.8141,241,8.0338
05595730,aifs,5,0.0616,0.3687,0.4187,0.9686,241,7.5742
06037500,aifs,5,0.6076,0.7225,0.7814,1.0337,241,2.4363
06043500,aifs,5,0.6520,0.7349,0.8075,0.9885,241,2.2367
06154410,aifs,5,0.2770,0.3613,0.5312,0.8640,241,4.1347
06188000,aifs,5,0.4871,0.6998,0.7429,1.1536,241,2.1494
06191500,aifs,5,0.5836,0.7421,0.7905,1.1483,241,1.9630
06221400,aifs,5,0.3687,0.6197,0.6612,1.1484,241,2.3251
06224000,aifs,5,0.4188,0.6244,0.6766,1.1335,241,2.3515
06289000,aifs,5,0.4094,0.5909,0.7593,1.3000,241,2.1882
06332515,aifs,5,-0.1660,0.2944,0.4347,1.4220,241,3.6315
06339100,aifs,5,-0.5608,0.1545,0.4609,1.5693,241,3.2668
06339500,aifs,5,0.1282,0.4427,0.6459,1.3978,241,2.8933
06344600,aifs,5,-0.1422,0.3548,0.4192,1.2798,241,3.6803
06350000,aifs,5,0.1277,0.5215,0.6583,1.2680,241,2.7011
06352000,aifs,5,-0.5853,0.2359,0.4995,1.4197,241,3.1287
06353000,aifs,5,-0.2966,0.2778,0.5994,1.4597,241,3.0349
06354000,aifs,5,0.0540,0.4140,0.6786,1.3901,241,2.8228
06360500,aifs,5,-0.1982,0.3470,0.5614,1.4095,241,2.7627
06404000,aifs,5,0.1566,0.4679,0.5849,1.3328,241,3.0515
06406000,aifs,5,0.0618,0.4631,0.5755,1.3197,241,2.9364
06408700,aifs,5,-0.1283,0.4036,0.4460,1.2207,241,3.0677
06409000,aifs,5,-0.0306,0.4424,0.5055,1.2566,241,2.8859
06431500,aifs,5,-0.0519,0.3986,0.4348,1.1884,241,3.3119
06440200,aifs,5,0.1734,0.4409,0.4945,0.9948,241,3.8610
06441500,aifs,5,0.2182,0.5561,0.5692,1.0162,241,3.0753
06447000,aifs,5,0.1312,0.4939,0.5107,0.9953,241,3.0910
06447500,aifs,5,-0.0712,0.3295,0.3584,1.0031,241,3.9508
06450500,aifs,5,0.0119,0.2414,0.3401,0.8486,241,4.5094
06452000,aifs,5,0.1259,0.4270,0.4739,0.9231,241,3.3325
06453600,aifs,5,0.3225,0.3368,0.5743,0.7732,241,4.4130
06464500,aifs,5,0.1689,0.1524,0.4226,0.7039,241,5.6200
06477500,aifs,5,0.2955,0.4771,0.5642,0.9563,241,4.1798
06479215,aifs,5,0.1567,0.2572,0.4191,1.1221,241,6.4187
06479438,aifs,5,0.1068,0.2449,0.3859,1.1514,241,6.1352
06601000,aifs,5,0.0585,0.1298,0.3072,0.8617,241,7.2462
06614800,aifs,5,0.4370,0.3540,0.7039,0.7219,241,4.0218
06622700,aifs,5,0.4426,0.5232,0.6729,0.8056,241,2.6558
06623800,aifs,5,0.5744,0.6311,0.7594,0.9075,241,2.4935
06632400,aifs,5,0.5181,0.5819,0.7216,0.8925,241,2.6860
06784000,aifs,5,0.2209,0.4074,0.5050,0.9103,241,4.8327
06803510,aifs,5,-0.0236,0.0795,0.2373,0.8266,241,8.3257
06803530,aifs,5,-0.0435,0.1609,0.2666,0.9045,241,7.2124
06814000,aifs,5,0.1168,0.2879,0.4044,0.9168,241,7.1519
06846500,aifs,5,0.2196,0.3451,0.4934,0.8110,241,3.6722
06847900,aifs,5,0.1103,0.2667,0.3941,0.8861,241,4.7585
06853800,aifs,5,0.0465,0.3314,0.3940,1.0567,241,5.2383
06876700,aifs,5,0.2478,0.1965,0.5120,0.7341,241,8.5887
06878000,aifs,5,0.2181,0.3180,0.4780,0.8945,241,7.0691
06879650,aifs,5,0.2604,0.2732,0.5197,0.7315,241,8.2591
06885500,aifs,5,0.1633,0.2312,0.4273,0.7726,241,8.0731
06888500,aifs,5,0.2636,0.2810,0.5187,0.7811,241,8.5917
06889200,aifs,5,0.1986,0.2782,0.4596,0.8262,241,8.0918
06889500,aifs,5,0.2452,0.3296,0.5037,0.8443,241,7.5872
06892000,aifs,5,0.1727,0.2513,0.4356,0.8093,241,8.4083
06903400,aifs,5,0.1295,0.1623,0.3879,0.7300,241,8.8033
06906800,aifs,5,0.2033,0.2121,0.4724,0.6800,241,9.6554
06910800,aifs,5,0.1820,0.2702,0.4471,0.8111,241,8.6333
06911900,aifs,5,0.1858,0.2396,0.4473,0.7665,241,9.1057
06917000,aifs,5,0.1675,0.2101,0.4289,0.7507,241,10.0027
06918460,aifs,5,0.1315,0.2934,0.4160,0.8964,241,9.2984
06919500,aifs,5,0.1253,0.2918,0.4132,0.8830,241,8.8905
06921070,aifs,5,0.1107,0.1807,0.3783,0.7486,241,10.7227
06921200,aifs,5,0.1273,0.1693,0.3831,0.7674,241,11.2755
06934000,aifs,5,0.0906,0.3296,0.4118,0.9117,241,8.2570
07014500,aifs,5,0.0807,0.1512,0.3448,0.7550,241,11.1086
07056000,aifs,5,0.1074,0.2803,0.3970,0.9078,241,8.6552
07057500,aifs,5,0.0387,0.3544,0.4033,1.0310,241,8.1618
07060710,aifs,5,0.1912,0.2723,0.4471,0.9104,241,9.0468
07066000,aifs,5,0.0477,0.3509,0.4041,1.0268,241,8.0768
07067000,aifs,5,0.0620,0.4260,0.4539,1.0579,241,7.0920
07068000,aifs,5,0.0464,0.4502,0.4700,1.0913,241,6.7166
07071500,aifs,5,0.0479,0.4160,0.4454,1.0724,241,7.2177
07083000,aifs,5,0.3424,0.5261,0.6099,1.1384,241,2.3376
07142300,aifs,5,0.0214,0.1982,0.3131,0.9488,241,5.1898
07145700,aifs,5,-0.0612,-0.0074,0.1643,0.8463,241,11.9425
07148400,aifs,5,-0.0075,0.2900,0.3510,1.0139,241,4.4603
07149000,aifs,5,-0.1177,0.3076,0.3399,1.1086,241,4.4456
07151500,aifs,5,-0.0822,0.1111,0.2185,0.9560,241,8.1568
07167500,aifs,5,-0.1888,0.2078,0.2507,1.0665,241,8.6079
07180500,aifs,5,-0.0937,0.2045,0.2715,0.9894,241,8.4238
07184000,aifs,5,0.1785,0.1958,0.4261,0.8510,241,11.8700
07195800,aifs,5,0.1641,0.3028,0.4346,0.9975,241,10.0389
07196900,aifs,5,0.0674,0.3146,0.3958,1.1017,241,9.4077
07197000,aifs,5,0.1123,0.3684,0.4371,1.0465,241,8.8281
07208500,aifs,5,0.3137,0.5313,0.5896,1.0096,241,2.1436
07226500,aifs,5,0.1294,0.5102,0.5211,1.0140,241,2.2889
07261000,aifs,5,0.2331,0.3833,0.5024,0.9445,241,7.8846
07263295,aifs,5,0.3598,0.4790,0.6028,1.0095,241,7.3995
07290650,aifs,5,0.2243,0.4000,0.5017,1.0267,241,8.4317
07291000,aifs,5,0.2161,0.4006,0.4973,1.0128,241,8.5846
07292500,aifs,5,0.2439,0.4216,0.5190,0.9937,241,8.4953
07295000,aifs,5,0.2930,0.4060,0.5460,0.9842,241,9.2936
07299670,aifs,5,-0.1323,0.1976,0.2576,1.0655,241,4.8435
07301410,aifs,5,0.0856,0.1423,0.3276,0.9167,241,5.3448
07301500,aifs,5,-0.0356,0.3501,0.3896,1.1326,241,3.2932
07315200,aifs,5,0.0609,0.3311,0.3976,1.0037,241,6.5552
07315700,aifs,5,-0.2733,0.2042,0.3092,1.3832,241,6.6925
07335700,aifs,5,0.2686,0.3433,0.5245,0.8355,241,9.3559
07340300,aifs,5,0.3318,0.5437,0.6020,1.0101,241,6.7874
07346045,aifs,5,0.1551,0.4891,0.5475,1.2225,241,6.6311
07359610,aifs,5,0.2144,0.3379,0.4856,0.8369,241,9.1367
07362100,aifs,5,0.2209,0.4461,0.5853,1.3556,241,6.2367
07362587,aifs,5,0.3125,0.4003,0.5619,0.8962,241,8.5745
07373000,aifs,5,0.5027,0.5963,0.7110,1.1127,241,6.4075
07375000,aifs,5,0.1956,0.2731,0.4509,0.9111,241,12.1769
07376000,aifs,5,0.2272,0.3414,0.4879,0.9443,241,10.4554
08013000,aifs,5,0.5124,0.5614,0.7178,1.0050,241,7.0973
08014500,aifs,5,0.5181,0.5883,0.7201,0.9921,241,6.8509
08023080,aifs,5,0.3002,0.4456,0.5630,1.1307,241,7.7667
08025500,aifs,5,0.4952,0.4959,0.7156,0.9503,241,7.9310
08029500,aifs,5,0.2650,0.3763,0.5223,0.9246,241,9.9008
08050800,aifs,5,0.3368,0.4306,0.5815,0.9557,241,7.7766
08066200,aifs,5,0.1102,0.1608,0.3635,0.7926,241,13.2357
08066300,aifs,5,0.0189,0.0678,0.2516,0.8708,241,17.5273
08070000,aifs,5,0.2695,0.5067,0.5645,1.0836,241,7.7346
08070200,aifs,5,0.2723,0.5121,0.5663,1.0604,241,7.9000
08079600,aifs,5,-0.1737,0.3392,0.3660,1.1673,241,3.2700
08082700,aifs,5,-0.0706,0.2134,0.3043,1.2170,241,5.5278
08086212,aifs,5,0.1075,0.3512,0.4269,1.0486,241,5.8229
08086290,aifs,5,0.0934,0.3652,0.4303,1.0816,241,5.8403
08101000,aifs,5,0.1649,0.4513,0.5194,1.2071,241,5.6013
08103900,aifs,5,0.3414,0.3890,0.5858,0.8853,241,7.5186
08104900,aifs,5,0.2719,0.3063,0.5237,0.8456,241,8.9456
08109700,aifs,5,0.2931,0.3769,0.5426,1.0286,241,8.8995
08150800,aifs,5,0.3995,0.3347,0.6621,0.7629,241,8.2187
08155200,aifs,5,0.1873,0.3850,0.4822,1.1216,241,7.4492
08158700,aifs,5,0.1989,0.4197,0.5031,1.1333,241,6.9448
08158810,aifs,5,0.2314,0.4738,0.5387,1.1204,241,6.4709
08164000,aifs,5,0.4242,0.5740,0.6697,1.1905,241,5.6125
08164300,aifs,5,0.4257,0.5053,0.6527,1.0550,241,7.2874
08164600,aifs,5,0.3160,0.5156,0.5988,1.1785,241,6.1650
08165300,aifs,5,0.4838,0.4816,0.7076,0.9167,241,6.8345
08171300,aifs,5,0.2636,0.4229,0.5325,1.0807,241,7.2113
08175000,aifs,5,0.3798,0.4844,0.6174,1.0040,241,6.8355
08176900,aifs,5,0.4582,0.5904,0.6907,1.1904,241,5.0621
08178880,aifs,5,0.3295,0.3631,0.5762,0.9213,241,8.7077
08189500,aifs,5,0.4645,0.5655,0.6833,1.1012,241,5.3970
08190000,aifs,5,0.4108,0.3224,0.6901,0.7780,241,11.0519
08190500,aifs,5,0.3760,0.3433,0.6326,0.8329,241,10.8652
08194200,aifs,5,0.1964,0.1559,0.4505,0.7024,241,7.7658
08195000,aifs,5,0.4267,0.3525,0.6980,0.8202,241,9.8383
08196000,aifs,5,0.3265,0.2665,0.6022,0.7970,241,12.2090
08198500,aifs,5,0.3304,0.3024,0.5897,0.8099,241,10.2450
08200000,aifs,5,0.2197,0.2423,0.4701,0.8659,241,10.6399
08202700,aifs,5,0.2165,0.2100,0.4690,0.7933,241,11.4266
08267500,aifs,5,0.2858,0.2046,0.5654,0.6362,241,3.2012
08269000,aifs,5,0.3137,0.3960,0.5663,0.8320,241,2.3263
08271000,aifs,5,0.2693,0.1716,0.5565,0.6018,241,3.3719
08324000,aifs,5,0.1860,0.4465,0.5070,0.8968,241,2.0806
08377900,aifs,5,0.2237,0.3559,0.4948,0.8546,241,3.2926
08378500,aifs,5,0.2823,0.4588,0.5540,0.9121,241,2.7769
08380500,aifs,5,0.2965,0.5068,0.5760,0.9212,241,2.5598
09034900,aifs,5,0.3251,0.3249,0.5871,0.7325,241,3.2399
09035900,aifs,5,0.3283,0.5003,0.5910,0.9093,241,2.3885
09047700,aifs,5,0.2886,0.4881,0.5645,0.9488,241,2.3328
09065500,aifs,5,0.3144,0.4796,0.5773,0.9180,241,2.4631
09066000,aifs,5,0.2653,0.5417,0.5793,1.0868,241,2.1728
09066200,aifs,5,0.2964,0.4374,0.5587,0.8855,241,2.6418
09066300,aifs,5,0.3134,0.4629,0.5739,0.8978,241,2.5395
09081600,aifs,5,0.5357,0.5421,0.7416,1.0074,241,2.9579
09107000,aifs,5,0.3984,0.4837,0.6865,1.3969,241,1.9065
09210500,aifs,5,0.2538,0.6258,0.6308,1.0601,241,2.0066
09223000,aifs,5,0.4470,0.6778,0.6972,1.0316,241,2.1190
09306242,aifs,5,0.4028,0.6196,0.6605,1.0666,241,2.1770
09312600,aifs,5,0.3160,0.5067,0.5829,1.0141,241,2.5577
09352900,aifs,5,0.5973,0.5839,0.7832,0.8828,241,2.7940
09378170,aifs,5,0.3771,0.1891,0.6888,0.5069,241,2.7460
09378630,aifs,5,0.3386,0.1511,0.6581,0.4889,241,2.9775
09386900,aifs,5,0.2846,0.4524,0.5519,0.9361,241,1.9190
09404450,aifs,5,0.2370,0.5117,0.5513,0.9696,241,2.5570
09430500,aifs,5,0.1712,0.5556,0.5634,0.9391,241,2.0829
09430600,aifs,5,0.1074,0.4025,0.4713,0.8089,241,2.8246
09447800,aifs,5,-0.2461,0.4623,0.5330,1.0549,241,1.8340
09480000,aifs,5,0.2416,0.2294,0.5115,0.6421,241,3.0604
09484000,aifs,5,0.0268,0.2823,0.3694,0.8421,241,3.2829
09484600,aifs,5,0.2539,0.3257,0.5252,0.7092,241,2.5780
09492400,aifs,5,0.3083,0.2990,0.5731,0.6803,241,3.9344
09494000,aifs,5,0.3599,0.4961,0.6156,0.8215,241,2.7046
09497800,aifs,5,0.1437,0.3876,0.4741,0.8101,241,2.7878
09497980,aifs,5,0.2019,0.3167,0.4909,0.7014,241,3.1684
09505200,aifs,5,0.4342,0.5588,0.6640,0.8896,241,2.3196
09505350,aifs,5,0.4108,0.5142,0.6450,0.8602,241,2.4594
09505800,aifs,5,0.4720,0.5662,0.6891,0.8821,241,2.3784
09508300,aifs,5,0.2489,0.3781,0.5325,0.7288,241,2.6381
09510200,aifs,5,-0.0872,0.1094,0.2443,0.7216,241,3.2145
09512280,aifs,5,-0.0848,0.1403,0.2364,0.9310,241,2.8811
09513780,aifs,5,-0.0424,0.1815,0.2799,0.8913,241,2.6353
10023000,aifs,5,0.5115,0.6186,0.7161,0.9543,241,2.5019
10166430,aifs,5,0.4191,0.3929,0.6616,0.7057,241,2.7187
10172700,aifs,5,0.2955,0.4457,0.5604,0.8706,241,2.2854
10172800,aifs,5,0.4422,0.3376,0.7000,0.6346,241,2.7228
10173450,aifs,5,0.3123,0.4404,0.5729,0.8315,241,2.9630
10205030,aifs,5,0.5280,0.5455,0.7325,0.8386,241,2.0825
10234500,aifs,5,0.3593,0.4787,0.6075,0.8595,241,2.7723
10242000,aifs,5,0.3584,0.3905,0.6063,0.7469,241,3.0165
10244950,aifs,5,0.3015,0.5385,0.5900,1.0798,241,2.3797
10249300,aifs,5,0.1784,0.5191,0.5537,1.1536,241,2.0433
10258000,aifs,5,0.3987,0.4891,0.6328,0.8686,241,2.7571
10258500,aifs,5,0.3327,0.5892,0.6648,1.2373,241,1.4824
10259000,aifs,5,0.3876,0.4609,0.6243,0.8148,241,2.1512
10259200,aifs,5,0.3096,0.4972,0.6520,1.3627,241,1.6620
10263500,aifs,5,0.4621,0.2240,0.7498,0.5186,241,4.2913
10310500,aifs,5,0.6019,0.6649,0.8529,1.2232,241,2.2863
10316500,aifs,5,0.2709,0.3303,0.5313,0.7560,241,3.1630
10329500,aifs,5,0.1795,0.2952,0.4508,0.8244,241,2.9557
10336645,aifs,5,0.8121,0.8574,0.9013,1.0522,241,3.5497
10336660,aifs,5,0.8008,0.8085,0.8965,0.9634,241,3.9795
10343500,aifs,5,0.7664,0.8613,0.8774,0.9919,241,2.6020
10348850,aifs,5,0.6315,0.3325,0.8853,0.5610,241,5.5133
10396000,aifs,5,0.1914,0.2068,0.4632,0.6412,241,3.0122
11098000,aifs,5,0.4743,0.1821,0.7858,0.4658,241,5.9099
11124500,aifs,5,0.5137,0.3316,0.7828,0.6524,241,4.8214
11141280,aifs,5,0.7115,0.4496,0.9034,0.6501,241,3.3773
11143000,aifs,5,0.3614,0.1248,0.6531,0.4316,241,8.0663
11148900,aifs,5,0.5689,0.5178,0.7593,0.7163,241,3.5769
11151300,aifs,5,0.6119,0.5532,0.7907,0.7612,241,2.3230
11162500,aifs,5,0.3672,0.3814,0.6127,0.6682,241,5.0328
11176400,aifs,5,0.4198,0.6481,0.6765,0.9500,241,2.5716
11180500,aifs,5,0.3436,0.6154,0.6358,0.9631,241,3.0809
11180960,aifs,5,0.3690,0.4815,0.6181,0.7864,241,3.6265
11224500,aifs,5,0.6294,0.4661,0.8245,0.6817,241,1.9767
11253310,aifs,5,0.6511,0.4791,0.8490,0.7157,241,1.5633
11264500,aifs,5,-0.7318,-0.2456,0.6996,1.9273,241,6.2313
11266500,aifs,5,-0.4773,-0.0947,0.6967,1.8250,241,6.2012
11274500,aifs,5,0.4876,0.6285,0.7062,0.8784,241,2.3080
11274630,aifs,5,0.4397,0.6651,0.6890,0.9988,241,2.1947
11284400,aifs,5,0.5424,0.5884,0.7978,1.3460,241,3.4210
11299600,aifs,5,0.4417,0.6145,0.7228,1.2680,241,3.6921
11381500,aifs,5,0.5516,0.4164,0.7842,0.7057,241,6.0446
11383500,aifs,5,0.5722,0.4156,0.8040,0.6924,241,5.9950
11451100,aifs,5,0.4599,0.6086,0.6916,0.8386,241,3.7998
11468500,aifs,5,0.5870,0.6134,0.7686,0.8787,241,4.2831
11473900,aifs,5,0.4956,0.4729,0.7107,0.7532,241,4.8679
11475560,aifs,5,0.3809,0.1362,0.7155,0.4766,241,10.2506
11476600,aifs,5,0.5002,0.5627,0.7080,0.8769,241,5.1846
11478500,aifs,5,0.5750,0.5441,0.7683,0.8112,241,4.7961
11480390,aifs,5,0.4808,0.4954,0.6971,0.8105,241,4.9910
11481200,aifs,5,0.5856,0.5138,0.7857,0.7894,241,5.1054
11482500,aifs,5,0.5781,0.4503,0.7965,0.7194,241,5.7721
11522500,aifs,5,0.6873,0.6828,0.8350,0.9367,241,3.3323
11523200,aifs,5,0.5810,0.5247,0.7752,0.7625,241,4.2491
11528700,aifs,5,0.5244,0.5799,0.7253,0.8536,241,4.1645
11532500,aifs,5,0.6706,0.5713,0.8388,0.7792,241,6.3335
12010000,aifs,5,0.5306,0.4741,0.7480,0.6820,241,7.7990
12013500,aifs,5,0.5484,0.6509,0.7492,0.8277,241,5.9990
12020000,aifs,5,0.6010,0.7758,0.7927,0.9277,241,4.7214
12025000,aifs,5,0.5862,0.7535,0.7794,0.9239,241,4.6292
12025700,aifs,5,0.5323,0.7073,0.7943,1.1837,241,4.4329
12035000,aifs,5,0.6175,0.6083,0.7939,0.7512,241,6.8290
12040500,aifs,5,0.6391,0.6134,0.8094,0.7578,241,7.6378
12041200,aifs,5,0.6337,0.5063,0.8277,0.6843,241,8.4545
12043000,aifs,5,0.6710,0.5620,0.8436,0.7303,241,6.3091
12048000,aifs,5,0.3476,0.4511,0.7259,1.4656,241,4.2217
12054000,aifs,5,0.6434,0.6823,0.8039,0.9646,241,5.3244
12056500,aifs,5,0.6659,0.6625,0.8208,0.8390,241,6.8405
12073500,aifs,5,0.4065,0.6468,0.6709,1.0419,241,4.3719
12082500,aifs,5,0.6370,0.8111,0.8188,1.0532,241,5.7577
12092000,aifs,5,0.5844,0.7600,0.7765,0.9936,241,6.2169
12095000,aifs,5,0.4828,0.6959,0.7565,1.1766,241,5.3010
12114500,aifs,5,0.6031,0.5156,0.7995,0.7334,241,7.2540
12115000,aifs,5,0.6116,0.5244,0.8045,0.7405,241,7.1396
12115500,aifs,5,0.6239,0.5502,0.8099,0.7747,241,7.0482
12117000,aifs,5,0.6110,0.5454,0.8004,0.7649,241,7.0938
12141300,aifs,5,0.6110,0.4827,0.8181,0.7020,241,8.3103
12143600,aifs,5,0.6271,0.5350,0.8172,0.7603,241,7.6427
12144000,aifs,5,0.6403,0.5766,0.8175,0.7951,241,7.0284
12145500,aifs,5,0.6165,0.6129,0.7926,0.8121,241,5.7258
12147600,aifs,5,0.5607,0.3942,0.8087,0.6369,241,10.8200
12167000,aifs,5,0.6448,0.6725,0.8059,0.8950,241,6.6789
12175500,aifs,5,0.6910,0.8206,0.8365,1.0206,241,4.3777
12186000,aifs,5,0.6603,0.6730,0.8169,0.8479,241,6.7703
12189500,aifs,5,0.6622,0.7840,0.8169,0.9755,241,5.6839
12358500,aifs,5,0.5003,0.6196,0.7131,0.8804,241,4.8766
12377150,aifs,5,0.5817,0.5280,0.7843,0.6963,241,4.2200
12381400,aifs,5,0.5739,0.5969,0.7687,0.7581,241,3.9125
12390700,aifs,5,0.3675,0.6451,0.7375,1.1874,241,3.6552
12411000,aifs,5,0.3362,0.6310,0.7006,1.1993,241,4.3326
12414500,aifs,5,0.5572,0.7584,0.7939,1.1113,241,3.7355
12447390,aifs,5,0.0092,0.2078,0.5726,1.6620,241,2.7511
12451000,aifs,5,0.4830,0.5435,0.8220,1.3492,241,4.0075
12488500,aifs,5,0.7657,0.8625,0.8775,1.0244,241,3.8999
13011500,aifs,5,0.5538,0.6825,0.7642,1.1917,241,2.4318
13011900,aifs,5,0.5385,0.6890,0.7434,1.0934,241,2.3810
13018300,aifs,5,0.4633,0.6281,0.6933,1.1018,241,2.6987
13023000,aifs,5,0.4754,0.6933,0.7176,1.0810,241,2.1941
13161500,aifs,5,-0.1889,0.1625,0.4792,1.6500,241,2.3132
13235000,aifs,5,0.5495,0.6437,0.7424,0.9236,241,2.9312
13240000,aifs,5,0.5907,0.5414,0.7835,0.7568,241,3.6441
13310700,aifs,5,0.5970,0.7434,0.7784,0.9773,241,2.7665
13313000,aifs,5,0.5519,0.5482,0.7518,0.7842,241,3.4915
13331500,aifs,5,0.5345,0.5330,0.7393,0.7893,241,3.4145
13337000,aifs,5,0.7227,0.8398,0.8558,0.9495,241,3.1342
13338500,aifs,5,0.5716,0.7108,0.7778,1.1759,241,2.9815
13340000,aifs,5,0.7083,0.8300,0.8458,1.0156,241,2.7146
13340600,aifs,5,0.7271,0.8196,0.8549,0.9421,241,3.5018
14020000,aifs,5,0.5777,0.6237,0.7624,0.8509,241,3.1437
14092750,aifs,5,0.5768,0.7412,0.8374,1.0697,241,3.6982
14096850,aifs,5,0.0026,0.3214,0.7017,1.4725,241,3.5358
14137000,aifs,5,0.7208,0.8429,0.8772,1.0039,241,4.5336
14138800,aifs,5,0.7752,0.7114,0.8864,0.7850,241,5.5382
14138870,aifs,5,0.7952,0.7492,0.8959,0.8221,241,5.4746
14138900,aifs,5,0.7743,0.5809,0.9086,0.6996,241,6.8176
14139800,aifs,5,0.7655,0.7410,0.8795,0.8036,241,5.6943
14141500,aifs,5,0.7554,0.8647,0.8812,0.9397,241,4.9735
14154500,aifs,5,0.4991,0.6524,0.8245,1.1768,241,3.9644
14158500,aifs,5,0.6227,0.7962,0.8393,0.9954,241,4.3688
14158790,aifs,5,0.7063,0.6591,0.8486,0.7519,241,4.9274
14166500,aifs,5,0.6793,0.8273,0.8445,1.0703,241,3.6319
14182500,aifs,5,0.4834,0.6471,0.8224,1.1671,241,5.8366
14185000,aifs,5,0.5246,0.6238,0.8500,1.1930,241,4.9578
14185900,aifs,5,0.6917,0.8054,0.8742,1.0404,241,4.7980
14187000,aifs,5,0.6175,0.7569,0.8473,1.0994,241,4.6323
14216500,aifs,5,0.7500,0.8554,0.8875,1.0419,241,4.6555
14222500,aifs,5,0.7238,0.5641,0.8800,0.7255,241,7.8368
14236200,aifs,5,0.6763,0.8277,0.8324,1.0058,241,4.8907
14301000,aifs,5,0.7187,0.6867,0.8541,0.8420,241,4.7417
14303200,aifs,5,0.6825,0.5372,0.8536,0.7083,241,6.5503
14305500,aifs,5,0.6293,0.4703,0.8273,0.6582,241,8.3832
14306340,aifs,5,0.7004,0.8136,0.8451,0.9062,241,3.8818
14306500,aifs,5,0.6731,0.8112,0.8304,0.9299,241,4.3740
14308990,aifs,5,0.5190,0.6556,0.7911,1.2523,241,3.1174
14309500,aifs,5,0.7473,0.8545,0.8695,0.9488,241,3.3839
14316700,aifs,5,0.5179,0.6571,0.8339,1.1678,241,3.6886
14325000,aifs,5,0.6251,0.7325,0.8009,0.8430,241,5.1422
14362250,aifs,5,0.5893,0.5745,0.8100,1.3782,241,2.6668
14400000,aifs,5,0.7108,0.6642,0.8480,0.7864,241,6.0800
01013500,aifs,6,-0.1487,0.3100,0.4663,1.4359,241,5.9047
01022500,aifs,6,-0.1883,0.2681,0.5100,1.5250,241,6.8723
01030500,aifs,6,-0.5480,0.2090,0.4167,1.4816,241,6.7367
01031500,aifs,6,-0.6239,0.1171,0.4379,1.6111,241,7.2463
01047000,aifs,6,-0.3753,0.2398,0.4212,1.4740,241,7.1729
01052500,aifs,6,-0.2357,0.2251,0.4126,1.5054,241,6.1850
01054200,aifs,6,-0.1077,0.3281,0.3817,1.2309,241,7.6008
01055000,aifs,6,-0.3273,0.2975,0.3990,1.3561,241,6.6058
01057000,aifs,6,-0.4393,0.2618,0.3505,1.3405,241,7.2466
01073000,aifs,6,-0.2366,0.3199,0.4060,1.3302,241,6.7223
01078000,aifs,6,-0.2883,0.2959,0.3470,1.2622,241,7.1205
01118300,aifs,6,0.0926,0.1307,0.3455,0.7535,241,10.9649
01121000,aifs,6,0.1501,0.3351,0.4503,0.8309,241,7.5865
01123000,aifs,6,0.1107,0.2812,0.4114,0.8034,241,8.1591
01134500,aifs,6,-0.0717,0.3184,0.3861,1.2486,241,6.7200
01137500,aifs,6,-0.1790,0.2776,0.3562,1.3081,241,7.0704
01139000,aifs,6,-0.2490,0.1855,0.3266,1.4449,241,6.9075
01139800,aifs,6,-0.1593,0.2719,0.3172,1.1776,241,7.4370
01142500,aifs,6,-0.2984,0.2361,0.3471,1.3950,241,6.5567
01144000,aifs,6,-0.1860,0.3130,0.3532,1.2091,241,6.7551
01169000,aifs,6,-0.0675,0.3913,0.4245,1.1794,241,7.1555
01170100,aifs,6,-0.0849,0.3845,0.4296,1.2235,241,7.0317
01181000,aifs,6,0.0563,0.4055,0.4382,1.0187,241,7.3264
01187300,aifs,6,0.0733,0.4509,0.4843,1.1461,241,6.3496
01195100,aifs,6,0.2057,0.2422,0.4698,0.7304,241,8.5415
01333000,aifs,6,-0.0242,0.3573,0.4201,1.2364,241,7.0631
01350000,aifs,6,0.1368,0.2387,0.3961,0.9674,241,9.3577
01350080,aifs,6,0.0828,0.3179,0.4033,1.0944,241,7.5352
01350140,aifs,6,0.0519,0.3191,0.3895,1.0601,241,7.2567
01365000,aifs,6,0.1021,0.3322,0.4161,1.0602,241,7.9450
01411300,aifs,6,0.0934,0.0524,0.3241,0.7360,241,10.2391
01413500,aifs,6,0.1857,0.2888,0.4475,0.9070,241,8.5901
01414500,aifs,6,0.1496,0.2576,0.4107,0.9826,241,9.3457
01415000,aifs,6,0.2069,0.3923,0.4895,0.9908,241,6.9801
01423000,aifs,6,0.2053,0.3924,0.4897,0.9503,241,6.9112
01434025,aifs,6,0.1592,0.2488,0.4186,0.8892,241,9.8000
01435000,aifs,6,0.1447,0.2702,0.4125,0.9436,241,9.3072
01439500,aifs,6,0.2014,0.3469,0.4823,0.8289,241,6.7915
01440000,aifs,6,0.2488,0.3600,0.5138,0.8405,241,6.9717
01440400,aifs,6,0.2059,0.2852,0.4805,0.7419,241,7.4835
01451800,aifs,6,0.2366,0.4407,0.5251,0.9112,241,5.9546
01466500,aifs,6,0.1659,0.3054,0.4437,0.8586,241,6.5443
01484100,aifs,6,0.1205,0.2237,0.3826,0.9028,241,7.2848
01485500,aifs,6,0.0739,0.1324,0.3251,0.8086,241,9.0144
01486000,aifs,6,0.0943,0.1330,0.3389,0.8206,241,9.1584
01487000,aifs,6,0.1195,0.2051,0.3752,0.9075,241,7.7346
01491000,aifs,6,0.0474,0.2979,0.3753,1.0273,241,6.0250
01510000,aifs,6,0.1371,0.4435,0.4854,1.0625,241,6.7488
01516500,aifs,6,0.2586,0.5275,0.5663,0.9703,241,4.8981
01518862,aifs,6,0.1610,0.4431,0.4932,0.9366,241,5.6068
01532000,aifs,6,0.2982,0.4493,0.5588,0.9467,241,5.8268
01539000,aifs,6,0.2101,0.3690,0.4920,0.8541,241,6.4282
01542810,aifs,6,-0.0204,0.3519,0.3859,0.9606,241,6.6101
01543000,aifs,6,0.0067,0.3958,0.4208,0.9604,241,6.3104
01543500,aifs,6,0.1220,0.4118,0.4659,0.9118,241,6.3900
01544500,aifs,6,0.1801,0.4705,0.5118,0.9704,241,5.6611
01545600,aifs,6,0.1735,0.4489,0.4983,1.0000,241,5.8497
01547700,aifs,6,0.1363,0.1276,0.3795,0.7869,241,9.9472
01548500,aifs,6,0.1650,0.4864,0.5155,0.9689,241,5.3599
01549500,aifs,6,0.2915,0.4873,0.5646,0.9845,241,5.5131
01550000,aifs,6,0.3177,0.4446,0.5701,0.9488,241,6.0330
01552000,aifs,6,0.2719,0.3543,0.5266,0.8799,241,7.1134
01552500,aifs,6,0.2394,0.4180,0.5196,0.8993,241,6.0986
01557500,aifs,6,0.2056,0.2066,0.4727,0.7100,241,8.3918
01567500,aifs,6,0.2995,0.3012,0.5595,0.7518,241,6.5049
01568000,aifs,6,0.3082,0.3404,0.5675,0.7532,241,5.7214
01580000,aifs,6,0.1857,0.3820,0.4818,0.8725,241,5.5993
01583500,aifs,6,0.2189,0.4005,0.5014,0.9161,241,5.4464
01586610,aifs,6,0.1963,0.3551,0.4761,0.8835,241,5.5905
01591400,aifs,6,0.2499,0.2455,0.5170,0.6993,241,7.0190
01596500,aifs,6,0.1197,0.2407,0.3920,0.8650,241,6.8477
01605500,aifs,6,0.2476,0.3949,0.5169,0.9013,241,5.7732
01606500,aifs,6,0.2745,0.4487,0.5473,0.9100,241,5.2807
01613050,aifs,6,0.2197,0.2707,0.4906,0.7314,241,5.8263
01620500,aifs,6,0.3195,0.5013,0.5831,0.9946,241,4.6501
01632000,aifs,6,0.2879,0.2797,0.5720,0.6248,241,6.0057
01632900,aifs,6,0.2935,0.2907,0.5643,0.6603,241,5.7730
01634500,aifs,6,0.2726,0.2798,0.5437,0.6768,241,5.9162
01638480,aifs,6,0.1704,0.2400,0.4430,0.7395,241,6.2478
01639500,aifs,6,0.2192,0.3671,0.4941,0.8746,241,5.4172
01644000,aifs,6,0.2392,0.3055,0.5157,0.7088,241,5.6232
01658500,aifs,6,0.1512,0.2162,0.4283,0.7049,241,6.6670
01664000,aifs,6,0.2150,0.2471,0.5017,0.6383,241,6.0842
01666500,aifs,6,0.2127,0.2589,0.4956,0.6628,241,6.0708
01667500,aifs,6,0.2195,0.2884,0.5023,0.6858,241,5.7767
01669000,aifs,6,0.0265,0.1272,0.2902,0.8277,241,7.9825
01669520,aifs,6,0.0314,0.1350,0.2962,0.8331,241,7.9160
02011400,aifs,6,0.2416,0.4724,0.5364,0.9672,241,5.2044
02011460,aifs,6,0.2328,0.4560,0.5258,1.0229,241,5.5587
02013000,aifs,6,0.1426,0.3896,0.4604,0.9358,241,5.8031
02014000,aifs,6,0.1313,0.4423,0.4810,0.9775,241,5.2260
02015700,aifs,6,0.2951,0.4649,0.5603,1.0337,241,5.1538
02016000,aifs,6,0.3220,0.5510,0.6007,1.0303,241,4.4515
02017500,aifs,6,0.0371,0.4517,0.4697,1.0922,241,4.8715
02018000,aifs,6,0.0668,0.4880,0.5044,1.1103,241,4.5829
02027000,aifs,6,0.2420,0.5075,0.5585,1.1197,241,4.5383
02027500,aifs,6,0.2668,0.5071,0.5619,1.0570,241,4.6699
02028500,aifs,6,0.2334,0.4391,0.5267,0.8715,241,4.9007
02038850,aifs,6,0.1072,0.3247,0.4216,0.8614,241,5.5759
02046000,aifs,6,0.1262,0.2706,0.4124,0.8200,241,6.4035
02051000,aifs,6,0.1774,0.2692,0.4436,0.8167,241,6.6427
02051500,aifs,6,0.0986,0.2717,0.3924,0.8666,241,6.3427
02053200,aifs,6,0.2005,0.3488,0.4733,0.9282,241,6.4890
02053800,aifs,6,0.0267,0.3715,0.4142,0.9080,241,5.2698
02055100,aifs,6,0.0319,0.3843,0.4949,1.3459,241,4.7002
02056900,aifs,6,0.0880,0.3468,0.4242,0.8687,241,5.6746
02059500,aifs,6,0.1547,0.5347,0.5440,1.0453,241,4.2715
02064000,aifs,6,-0.0244,0.3397,0.3802,1.0879,241,5.4044
02065500,aifs,6,0.0868,0.4040,0.4468,1.0409,241,5.0329
02069700,aifs,6,0.0318,0.2224,0.3375,0.8601,241,6.9284
02070000,aifs,6,0.0005,0.2009,0.3162,0.8304,241,6.9557
02074500,aifs,6,0.0151,0.1873,0.3037,1.0208,241,7.3663
02077200,aifs,6,-0.0730,0.3261,0.3585,1.0717,241,5.7175
02081500,aifs,6,0.0705,0.3242,0.3978,1.0177,241,6.1055
02082950,aifs,6,0.1143,0.4112,0.4759,1.1816,241,5.1237
02092500,aifs,6,0.1113,0.4199,0.5003,1.2570,241,5.8934
02096846,aifs,6,0.0674,0.1518,0.3184,0.9216,241,8.6713
02102908,aifs,6,0.1667,0.2678,0.4273,0.9236,241,7.6379
02108000,aifs,6,0.2188,0.4714,0.5340,1.1271,241,5.7112
02111180,aifs,6,0.1215,0.2675,0.4062,0.8412,241,6.9681
02111500,aifs,6,0.0881,0.2510,0.3793,0.8557,241,6.9931
02118500,aifs,6,0.0739,0.3503,0.4150,0.9283,241,6.0061
02128000,aifs,6,0.1386,0.3444,0.4370,0.9704,241,6.1023
02137727,aifs,6,0.1283,0.2364,0.3997,0.8288,241,7.8165
02140991,aifs,6,0.1548,0.3375,0.4466,0.8929,241,6.5730
02143000,aifs,6,0.2098,0.3727,0.4894,0.8853,241,6.2774
02143040,aifs,6,0.2443,0.4063,0.5192,0.8888,241,6.0902
02149000,aifs,6,0.1816,0.1934,0.4405,0.7386,241,8.9361
02152100,aifs,6,0.2526,0.4460,0.5335,0.9313,241,5.7694
02177000,aifs,6,0.2623,0.4615,0.5416,0.9823,241,7.7034
02178400,aifs,6,0.1648,0.5002,0.5228,1.0119,241,6.9495
02193340,aifs,6,0.1998,0.4227,0.5056,1.1379,241,6.4947
02196000,aifs,6,0.3130,0.4109,0.5622,0.9346,241,6.6521
02198100,aifs,6,0.1216,0.0984,0.3705,0.7052,241,9.7640
02202600,aifs,6,0.0837,0.3313,0.4075,1.0460,241,5.7165
02212600,aifs,6,0.1715,0.3709,0.4642,0.9575,241,7.7449
02215100,aifs,6,0.1922,0.2778,0.4566,0.8219,241,7.5849
02216180,aifs,6,0.1408,0.1452,0.3895,0.7706,241,9.2072
02221525,aifs,6,0.1424,0.4119,0.4690,0.9996,241,7.0382
02231000,aifs,6,0.2127,0.3995,0.4987,0.9117,241,5.9389
02231342,aifs,6,0.1919,0.3472,0.4674,1.0588,241,6.0956
02235200,aifs,6,0.2316,0.3736,0.4990,0.9482,241,5.9974
02245500,aifs,6,0.1923,0.3837,0.4808,1.0671,241,5.9022
02246000,aifs,6,0.1956,0.4483,0.5065,1.0042,241,5.2928
02296500,aifs,6,0.1979,0.3760,0.4820,0.9212,241,5.4491
02297155,aifs,6,0.0931,0.1527,0.3450,0.8428,241,8.3267
02297310,aifs,6,0.1126,0.1979,0.3822,0.8029,241,7.4901
02298123,aifs,6,0.1208,0.2435,0.3903,0.9108,241,6.7273
02298608,aifs,6,0.0742,0.1411,0.3353,0.7936,241,8.2337
02299950,aifs,6,0.0370,0.1682,0.3081,0.9198,241,7.7489
02300700,aifs,6,0.1200,0.1763,0.3651,0.9459,241,8.7720
02310947,aifs,6,0.1028,0.2353,0.3727,0.9906,241,7.2883
02312200,aifs,6,0.0735,0.1463,0.3195,0.9489,241,8.9548
02314500,aifs,6,0.2515,0.3340,0.5119,0.8395,241,6.6791
02315500,aifs,6,0.2714,0.3910,0.5362,0.8528,241,6.0184
02324400,aifs,6,0.2411,0.2335,0.5011,0.7922,241,9.0420
02327100,aifs,6,0.0638,0.1823,0.3382,0.8382,241,8.5949
02349900,aifs,6,0.1685,0.2041,0.4312,0.7450,241,8.5985
02350900,aifs,6,0.1755,0.3607,0.4698,0.8613,241,6.7770
02361000,aifs,6,0.1924,0.4214,0.4957,0.9335,241,6.4018
02363000,aifs,6,0.3059,0.4682,0.5680,0.9465,241,6.5517
02369800,aifs,6,0.2891,0.2407,0.5614,0.7117,241,10.8705
02371500,aifs,6,0.2738,0.3749,0.5298,0.8961,241,7.9863
02372250,aifs,6,0.2808,0.4034,0.5420,0.8702,241,7.7133
02374500,aifs,6,0.2071,0.3415,0.4802,0.8584,241,8.8879
02381600,aifs,6,0.0376,0.2614,0.3540,0.9296,241,9.9473
02384540,aifs,6,0.0101,0.3482,0.3909,1.0141,241,8.6942
02395120,aifs,6,0.0202,0.3830,0.4477,1.2371,241,7.3995
02408540,aifs,6,0.0494,0.3368,0.3967,0.9818,241,9.2959
02415000,aifs,6,0.0903,0.2954,0.3980,0.8810,241,9.8899
02422500,aifs,6,0.0992,0.4385,0.4884,1.1801,241,8.2749
02427250,aifs,6,0.1858,0.5127,0.5374,1.0562,241,6.8919
02430085,aifs,6,-0.0264,0.3307,0.4057,1.2572,241,8.7109
02450250,aifs,6,0.0598,0.3579,0.4118,0.9823,241,9.4533
02464000,aifs,6,0.0962,0.3127,0.4048,1.0710,241,10.6460
02465493,aifs,6,0.1000,0.4404,0.4994,1.2164,241,8.0709
02469800,aifs,6,0.2414,0.5298,0.5610,0.9976,241,7.8954
02472000,aifs,6,0.2234,0.4033,0.5040,0.9274,241,9.2021
02472500,aifs,6,0.1584,0.3193,0.4445,0.8582,241,10.4253
02479155,aifs,6,0.4466,0.4493,0.6788,0.8831,241,9.7916
02479300,aifs,6,0.3849,0.2825,0.6781,0.7189,241,13.6954
02481000,aifs,6,0.3244,0.1912,0.6493,0.6467,241,17.2263
02481510,aifs,6,0.3642,0.2570,0.6587,0.6627,241,13.7388
03010655,aifs,6,0.0913,0.3892,0.4412,0.9384,241,6.2585
03011800,aifs,6,0.0880,0.3481,0.4184,0.9383,241,7.3271
03015500,aifs,6,-0.0070,0.4169,0.4377,1.0967,241,6.4538
03021350,aifs,6,0.0305,0.3438,0.3945,1.0187,241,7.3093
03026500,aifs,6,0.0324,0.3436,0.3962,0.9467,241,7.1168
03028000,aifs,6,0.0476,0.3541,0.4063,0.9608,241,7.2632
03049800,aifs,6,0.0868,0.3156,0.4007,0.9614,241,8.4045
03050000,aifs,6,0.0681,0.2392,0.3578,0.9231,241,9.0881
03066000,aifs,6,0.2023,0.2795,0.4666,0.8189,241,7.5021
03069500,aifs,6,0.1722,0.3375,0.4549,0.9085,241,7.0835
03070500,aifs,6,0.1512,0.4060,0.4703,0.9616,241,7.0154
03076600,aifs,6,0.1069,0.1932,0.3735,0.8101,241,8.4616
03078000,aifs,6,0.0693,0.1735,0.3326,0.8767,241,8.5281
03140000,aifs,6,-0.0120,0.2720,0.3430,0.9082,241,7.1471
03144000,aifs,6,0.0534,0.1705,0.3445,0.7357,241,8.5394
03159540,aifs,6,0.0261,0.1697,0.3125,0.8267,241,9.2093
03161000,aifs,6,0.0435,0.2740,0.3651,0.9049,241,6.6359
03164000,aifs,6,0.0257,0.3228,0.3852,0.9072,241,5.8657
03165000,aifs,6,0.1046,0.2289,0.3896,0.7825,241,6.8893
03170000,aifs,6,-0.0068,0.3174,0.3745,0.8831,241,5.5906
03173000,aifs,6,-0.0139,0.4064,0.4233,0.9712,241,4.9922
03180500,aifs,6,0.1079,0.3654,0.4349,1.0628,241,6.6053
03182500,aifs,6,0.1867,0.4646,0.5140,1.0787,241,5.6106
03186500,aifs,6,0.1922,0.4228,0.4955,0.9479,241,6.6665
03187500,aifs,6,0.1592,0.4137,0.4765,0.9788,241,6.7221
03213700,aifs,6,0.0298,0.3575,0.4061,1.0875,241,6.9214
03237280,aifs,6,-0.0222,0.2523,0.3241,0.9868,241,7.8132
03237500,aifs,6,0.0334,0.2602,0.3535,0.9060,241,7.9037
03241500,aifs,6,0.0464,0.0871,0.3038,0.7175,241,9.7138
03280700,aifs,6,-0.1201,0.2911,0.3410,1.1885,241,7.6275
03281100,aifs,6,-0.0181,0.3849,0.4273,1.1800,241,6.9642
03281500,aifs,6,-0.0148,0.3938,0.4337,1.1765,241,6.7301
03285000,aifs,6,0.1269,0.3222,0.4216,1.0143,241,8.4488
03291780,aifs,6,0.0977,0.1815,0.3595,0.8215,241,9.8073
03300400,aifs,6,0.1874,0.3109,0.4561,0.8904,241,8.7209
03340800,aifs,6,0.0780,0.1151,0.3332,0.7340,241,9.9052
03346000,aifs,6,0.2248,0.3487,0.4958,0.8336,241,7.6682
03364500,aifs,6,0.0835,0.0247,0.3233,0.6533,241,12.6181
03366500,aifs,6,0.1005,0.1944,0.3666,0.8199,241,9.5805
03368000,aifs,6,0.0663,0.0251,0.3128,0.6335,241,12.6107
03384450,aifs,6,0.1877,0.3555,0.4666,0.9696,241,8.5323
03439000,aifs,6,0.2589,0.4518,0.5415,0.8934,241,6.8305
03450000,aifs,6,0.0759,0.3280,0.4034,0.9409,241,6.2748
03455500,aifs,6,0.2626,0.5077,0.5643,0.8997,241,6.1874
03456500,aifs,6,0.2143,0.4081,0.5147,0.8162,241,6.0188
03460000,aifs,6,0.0662,0.3565,0.4164,0.9208,241,6.9280
03463300,aifs,6,0.1488,0.2659,0.4318,0.7817,241,7.2896
03471500,aifs,6,-0.0397,0.2934,0.3435,0.9726,241,6.1999
03473000,aifs,6,-0.0490,0.2834,0.3352,0.9574,241,6.4550
03479000,aifs,6,0.0241,0.3548,0.4002,0.9484,241,5.9226
03488000,aifs,6,-0.0470,0.3129,0.3537,1.0248,241,6.3166
03498500,aifs,6,-0.0949,0.3010,0.3339,0.9924,241,8.0053
03500000,aifs,6,0.1250,0.4883,0.5094,1.0728,241,6.9011
03504000,aifs,6,0.1698,0.4105,0.4880,0.8665,241,7.9426
03574500,aifs,6,0.0369,0.3683,0.4132,1.0728,241,9.0702
03604000,aifs,6,0.2744,0.4260,0.5392,0.9353,241,8.2663
04015330,aifs,6,0.0116,0.2105,0.3177,0.9033,241,6.5114
04024430,aifs,6,-0.0808,0.3520,0.3770,1.0927,241,5.2313
04027000,aifs,6,-0.2502,0.1829,0.2555,1.2752,241,5.0571
04040500,aifs,6,-0.1594,0.0903,0.1793,0.9224,241,5.7183
04043050,aifs,6,-0.1276,0.1351,0.2218,0.8906,241,5.1554
04045500,aifs,6,-0.1157,0.1802,0.2492,1.0096,241,5.3765
04056500,aifs,6,-0.1488,0.1629,0.2282,1.0136,241,5.0899
04057510,aifs,6,-0.0500,0.1143,0.2384,0.8893,241,5.7091
04057800,aifs,6,-0.0595,0.1413,0.2497,0.8959,241,5.5290
04059500,aifs,6,-0.1176,0.1114,0.2091,0.8982,241,5.4695
04063700,aifs,6,-0.1362,0.1808,0.2449,1.0551,241,5.0622
04074950,aifs,6,-0.1004,0.1548,0.2420,0.9049,241,5.5028
04105700,aifs,6,0.1365,0.3701,0.4485,0.9413,241,6.6756
04115265,aifs,6,0.2026,0.3778,0.4832,0.9477,241,6.3969
04122200,aifs,6,0.1747,0.3617,0.4621,0.9639,241,6.5225
04122500,aifs,6,0.0519,0.2899,0.3738,0.9470,241,6.5802
04124000,aifs,6,0.0996,0.1043,0.3634,0.6664,241,8.1490
04127997,aifs,6,0.1653,0.1759,0.4288,0.7174,241,7.0540
04185000,aifs,6,0.2006,0.4016,0.5004,0.8442,241,5.8634
04196800,aifs,6,0.0604,0.2917,0.3874,0.8503,241,6.8257
04197100,aifs,6,0.0166,0.2056,0.3196,0.8810,241,7.8158
04197170,aifs,6,-0.0085,0.2512,0.3303,0.9332,241,7.1740
04213000,aifs,6,-0.0063,0.3706,0.4086,1.1189,241,6.4199
04213075,aifs,6,0.0325,0.3184,0.3874,1.1185,241,7.0758
04216418,aifs,6,0.1745,0.3445,0.4664,0.8406,241,6.7226
04221000,aifs,6,0.1341,0.4289,0.4750,0.9709,241,5.7727
04224775,aifs,6,0.1550,0.3757,0.4580,0.9703,241,6.3165
04256000,aifs,6,-0.0769,0.4129,0.4530,1.2111,241,6.2430
04296000,aifs,6,-0.1526,0.2590,0.3855,1.4011,241,6.7004
05057000,aifs,6,-0.0903,0.3681,0.4662,1.3381,241,3.8880
05057200,aifs,6,-0.5392,0.1943,0.3042,1.3972,241,4.2743
05062500,aifs,6,-0.4447,0.2148,0.2501,1.2289,241,5.2901
05087500,aifs,6,-0.3458,0.1152,0.1573,1.1313,241,6.1374
05120500,aifs,6,0.0536,0.4071,0.4954,1.3010,241,3.8996
05123400,aifs,6,0.0456,0.3692,0.4147,1.0474,241,5.0949
05129115,aifs,6,-0.0952,0.3671,0.4284,1.2661,241,4.9569
05131500,aifs,6,-0.1967,0.3666,0.4426,1.2956,241,4.7833
05291000,aifs,6,0.0291,0.0929,0.2657,0.9563,241,6.7350
05362000,aifs,6,-0.1409,0.2286,0.2773,1.0819,241,5.4803
05393500,aifs,6,-0.0964,0.1823,0.2566,1.0107,241,5.8779
05399500,aifs,6,-0.1232,0.0373,0.1690,0.8126,241,7.4920
05408000,aifs,6,-0.0170,0.0083,0.2195,0.7236,241,9.0448
05412500,aifs,6,0.0728,0.2279,0.3698,0.7904,241,7.2617
05413500,aifs,6,0.0651,0.1680,0.3402,0.7723,241,8.3043
05414000,aifs,6,0.0579,0.1799,0.3350,0.8142,241,8.1692
05444000,aifs,6,0.1610,0.4049,0.4733,1.0257,241,6.6016
05454000,aifs,6,0.2643,0.2962,0.5223,0.7683,241,7.3961
05458000,aifs,6,0.0208,0.1369,0.2987,0.7833,241,7.7846
05466500,aifs,6,0.2567,0.2098,0.5270,0.6623,241,9.0631
05487980,aifs,6,0.1563,0.1994,0.4183,0.7404,241,8.2326
05488200,aifs,6,0.1842,0.1346,0.4416,0.6917,241,9.8233
05489000,aifs,6,0.1214,0.1147,0.3743,0.6906,241,9.4469
05495000,aifs,6,0.2928,0.4142,0.5535,0.8505,241,6.1372
05495500,aifs,6,0.3026,0.3291,0.5576,0.7684,241,7.4778
05501000,aifs,6,0.1296,0.1556,0.3793,0.7784,241,9.3603
05503800,aifs,6,0.1761,0.3178,0.4502,0.8998,241,7.1294
05507600,aifs,6,0.2938,0.4724,0.5618,0.9590,241,5.5348
05508805,aifs,6,0.2642,0.4580,0.5438,0.9222,241,5.5499
05514500,aifs,6,0.3262,0.4590,0.5807,0.8940,241,5.8077
05525500,aifs,6,0.1667,0.2630,0.4380,0.7925,241,7.4203
05556500,aifs,6,0.2633,0.3148,0.5222,0.7802,241,7.7087
05584500,aifs,6,0.3109,0.2497,0.5825,0.7236,241,9.3959
05585000,aifs,6,0.3285,0.2953,0.5891,0.7542,241,8.4803
05591550,aifs,6,0.2386,0.3200,0.4994,0.8206,241,7.9165
05592050,aifs,6,0.1936,0.3890,0.4827,0.9429,241,6.8177
05592575,aifs,6,0.2257,0.2809,0.4907,0.7497,241,8.5184
05593575,aifs,6,0.1296,0.3509,0.4367,0.9408,241,7.6482
05593900,aifs,6,0.1870,0.2954,0.4584,0.8117,241,7.9160
05595730,aifs,6,0.0827,0.3611,0.4218,0.9695,241,7.4886
06037500,aifs,6,0.5052,0.6900,0.7385,1.1487,241,2.7358
06043500,aifs,6,0.5100,0.7147,0.7384,1.0817,241,2.6540
06154410,aifs,6,0.2226,0.2032,0.4825,0.6927,241,4.2874
06188000,aifs,6,0.3932,0.6242,0.7385,1.2511,241,2.3379
06191500,aifs,6,0.4259,0.6309,0.7517,1.2567,241,2.3050
06221400,aifs,6,0.1857,0.5150,0.5724,1.2187,241,2.6407
06224000,aifs,6,0.1706,0.4765,0.5330,1.1890,241,2.8091
06289000,aifs,6,-0.0754,0.4158,0.5230,1.3249,241,2.9529
06332515,aifs,6,-0.1184,0.3154,0.3909,1.2971,241,3.5566
06339100,aifs,6,-0.2694,0.3098,0.4187,1.3648,241,2.9461
06339500,aifs,6,-0.0327,0.4124,0.4438,1.1716,241,3.1489
06344600,aifs,6,0.1050,0.3869,0.4468,1.0934,241,3.2577
06350000,aifs,6,0.1097,0.4452,0.4760,0.9997,241,2.7288
06352000,aifs,6,0.0062,0.4468,0.4626,1.1013,241,2.4772
06353000,aifs,6,-0.0214,0.4415,0.4528,1.0857,241,2.6937
06354000,aifs,6,0.0830,0.4757,0.4897,1.0367,241,2.7792
06360500,aifs,6,-0.1512,0.3833,0.3999,1.1344,241,2.7080
06404000,aifs,6,-0.0372,0.3664,0.4199,1.2210,241,3.3840
06406000,aifs,6,-0.1085,0.3852,0.4226,1.2053,241,3.1919
06408700,aifs,6,-0.2115,0.2876,0.3109,1.1175,241,3.1788
06409000,aifs,6,-0.1690,0.3235,0.3491,1.1433,241,3.0737
06431500,aifs,6,-0.1331,0.2690,0.3078,1.0905,241,3.4375
06440200,aifs,6,0.0070,0.2818,0.3541,0.9179,241,4.2318
06441500,aifs,6,0.0809,0.3728,0.4344,0.8762,241,3.3344
06447000,aifs,6,-0.1455,0.3346,0.3485,0.9869,241,3.5493
06447500,aifs,6,-0.2167,0.2440,0.2691,1.0020,241,4.2106
06450500,aifs,6,-0.1164,0.1670,0.2506,0.8458,241,4.7934
06452000,aifs,6,-0.0738,0.2987,0.3423,0.9013,241,3.6937
06453600,aifs,6,0.2392,0.3102,0.5009,0.7816,241,4.6764
06464500,aifs,6,0.1313,0.1668,0.3888,0.7313,241,5.7457
06477500,aifs,6,0.2101,0.3546,0.4868,0.8430,241,4.4258
06479215,aifs,6,0.0131,0.0697,0.2438,0.9700,241,6.9440
06479438,aifs,6,0.0104,0.0992,0.2564,0.9933,241,6.4578
06601000,aifs,6,-0.0687,0.1123,0.2263,0.9215,241,7.7204
06614800,aifs,6,0.3619,0.3193,0.6285,0.7589,241,4.2817
06622700,aifs,6,0.2962,0.4614,0.5634,0.8988,241,2.9843
06623800,aifs,6,0.3380,0.5204,0.5981,0.9902,241,3.1098
06632400,aifs,6,0.3430,0.4815,0.5925,0.9666,241,3.1364
06784000,aifs,6,-0.0395,0.1384,0.2619,0.8405,241,5.5820
06803510,aifs,6,-0.0542,0.0885,0.2208,0.8912,241,8.4494
06803530,aifs,6,-0.0586,0.1820,0.2697,0.9765,241,7.2645
06814000,aifs,6,-0.0912,0.1632,0.2469,0.9650,241,7.9498
06846500,aifs,6,0.1715,0.2847,0.4490,0.7781,241,3.7836
06847900,aifs,6,0.0792,0.1458,0.3357,0.7902,241,4.8410
06853800,aifs,6,-0.1376,0.1559,0.2275,0.9580,241,5.7218
06876700,aifs,6,0.1615,0.0675,0.4182,0.6361,241,9.0680
06878000,aifs,6,0.1290,0.2310,0.3959,0.8350,241,7.4612
06879650,aifs,6,0.1551,0.1931,0.4210,0.7033,241,8.8277
06885500,aifs,6,0.0776,0.2047,0.3581,0.8061,241,8.4764
06888500,aifs,6,0.1670,0.2041,0.4253,0.7521,241,9.1379
06889200,aifs,6,0.1201,0.2570,0.3989,0.8507,241,8.4786
06889500,aifs,6,0.1682,0.3045,0.4439,0.8606,241,7.9649
06892000,aifs,6,0.1327,0.2425,0.4039,0.8251,241,8.6088
06903400,aifs,6,0.0397,0.0992,0.2972,0.7442,241,9.2461
06906800,aifs,6,0.2916,0.2618,0.5615,0.6508,241,9.1049
06910800,aifs,6,0.1067,0.1861,0.3743,0.7629,241,9.0221
06911900,aifs,6,0.1022,0.1544,0.3653,0.7270,241,9.5620
06917000,aifs,6,0.1855,0.1985,0.4486,0.7014,241,9.8942
06918460,aifs,6,0.0958,0.2876,0.3930,0.9305,241,9.4875
06919500,aifs,6,0.2089,0.3684,0.4872,0.8848,241,8.4550
06921070,aifs,6,0.1072,0.1997,0.3780,0.7812,241,10.7435
06921200,aifs,6,0.1606,0.2100,0.4181,0.7873,241,11.0589
06934000,aifs,6,0.1096,0.3521,0.4281,0.9551,241,8.1702
07014500,aifs,6,0.0684,0.1282,0.3241,0.7746,241,11.1829
07056000,aifs,6,0.0550,0.2923,0.3753,0.9790,241,8.9056
07057500,aifs,6,0.0148,0.3625,0.4057,1.0978,241,8.2624
07060710,aifs,6,0.1171,0.2713,0.3954,1.0127,241,9.4527
07066000,aifs,6,-0.0269,0.3217,0.3679,1.0857,241,8.3870
07067000,aifs,6,-0.0598,0.3657,0.3935,1.1147,241,7.5384
07068000,aifs,6,-0.0615,0.3993,0.4253,1.1517,241,7.0865
07071500,aifs,6,-0.0253,0.3917,0.4219,1.1367,241,7.4898
07083000,aifs,6,0.1631,0.4489,0.5347,1.2620,241,2.6371
07142300,aifs,6,-0.1358,0.0938,0.1881,0.9439,241,5.5910
07145700,aifs,6,-0.0459,-0.0348,0.1585,0.8319,241,11.8562
07148400,aifs,6,-0.2127,0.2146,0.2520,1.0867,241,4.8934
07149000,aifs,6,-0.3874,0.1836,0.2086,1.1463,241,4.9530
07151500,aifs,6,-0.1267,0.0604,0.1692,0.9581,241,8.3228
07167500,aifs,6,-0.0104,0.2240,0.3128,0.9636,241,7.9359
07180500,aifs,6,-0.0569,0.1357,0.2479,0.8855,241,8.2811
07184000,aifs,6,0.1181,0.1449,0.3614,0.8232,241,12.2992
07195800,aifs,6,0.0415,0.2609,0.3550,1.0650,241,10.7500
07196900,aifs,6,-0.0029,0.3092,0.3763,1.1642,241,9.7559
07197000,aifs,6,0.0045,0.3474,0.3945,1.1074,241,9.3490
07208500,aifs,6,0.2576,0.4740,0.5470,1.0877,241,2.2295
07226500,aifs,6,-0.0627,0.4079,0.4173,1.0425,241,2.5289
07261000,aifs,6,0.2007,0.3889,0.4855,1.0336,241,8.0492
07263295,aifs,6,0.1573,0.3557,0.4523,1.0704,241,8.4893
07290650,aifs,6,0.1773,0.3839,0.4715,1.0083,241,8.6829
07291000,aifs,6,0.1649,0.3810,0.4644,0.9889,241,8.8607
07292500,aifs,6,0.2009,0.4080,0.4927,0.9670,241,8.7333
07295000,aifs,6,0.3067,0.4231,0.5590,0.9448,241,9.2031
07299670,aifs,6,-0.2745,0.1664,0.2290,1.2431,241,5.1387
07301410,aifs,6,0.0215,0.1743,0.3020,1.0770,241,5.5290
07301500,aifs,6,-0.3077,0.2520,0.3354,1.3423,241,3.7006
07315200,aifs,6,-0.0819,0.2981,0.3411,1.1104,241,7.0360
07315700,aifs,6,-0.3961,0.1139,0.3070,1.5520,241,7.0078
07335700,aifs,6,0.1679,0.2831,0.4367,0.8615,241,9.9787
07340300,aifs,6,0.1967,0.4767,0.5213,1.0490,241,7.4417
07346045,aifs,6,-0.0848,0.3389,0.4885,1.4175,241,7.5139
07359610,aifs,6,0.1441,0.3084,0.4309,0.8726,241,9.5368
07362100,aifs,6,-0.0004,0.3144,0.4875,1.4521,241,7.0672
07362587,aifs,6,0.1452,0.3012,0.4237,0.9484,241,9.5606
07373000,aifs,6,0.3931,0.5336,0.6333,1.0643,241,7.0784
07375000,aifs,6,0.2928,0.3378,0.5428,0.8886,241,11.4175
07376000,aifs,6,0.3127,0.3998,0.5616,0.9105,241,9.8604
08013000,aifs,6,0.4804,0.5284,0.6953,0.9577,241,7.3261
08014500,aifs,6,0.4354,0.5290,0.6606,0.9410,241,7.4152
08023080,aifs,6,0.3795,0.5111,0.6269,1.1639,241,7.3135
08025500,aifs,6,0.4347,0.4698,0.6631,0.9327,241,8.3931
08029500,aifs,6,0.1711,0.3022,0.4426,0.8899,241,10.5140
08050800,aifs,6,0.1429,0.3633,0.4483,1.0622,241,8.8403
08066200,aifs,6,0.0452,0.1187,0.3027,0.7849,241,13.7107
08066300,aifs,6,0.0044,0.0113,0.2182,0.8253,241,17.6563
08070000,aifs,6,-0.0077,0.3695,0.4019,1.0673,241,9.0838
08070200,aifs,6,0.0205,0.3813,0.4146,1.0370,241,9.1655
08079600,aifs,6,-0.1912,0.3251,0.3626,1.2094,241,3.2944
08082700,aifs,6,-0.2473,0.1481,0.2247,1.2639,241,5.9665
08086212,aifs,6,-0.0127,0.3148,0.3644,1.0304,241,6.2028
08086290,aifs,6,-0.0431,0.3307,0.3688,1.0772,241,6.2644
08101000,aifs,6,0.0691,0.4002,0.5129,1.3443,241,5.9136
08103900,aifs,6,0.2474,0.3918,0.5126,0.9901,241,8.0372
08104900,aifs,6,0.1254,0.2581,0.3963,0.9398,241,9.8044
08109700,aifs,6,0.2071,0.3248,0.4712,1.0917,241,9.4250
08150800,aifs,6,0.3133,0.3025,0.5683,0.7991,241,8.7891
08155200,aifs,6,0.0372,0.2974,0.3896,1.2090,241,8.1078
08158700,aifs,6,0.0590,0.3366,0.4210,1.2145,241,7.5271
08158810,aifs,6,0.0867,0.3940,0.4627,1.2077,241,7.0537
08164000,aifs,6,0.1981,0.4229,0.5087,1.1677,241,6.6237
08164300,aifs,6,0.3356,0.4179,0.5797,1.0324,241,7.8379
08164600,aifs,6,0.1104,0.3580,0.4405,1.1525,241,7.0311
08165300,aifs,6,0.3921,0.4125,0.6321,0.9211,241,7.4172
08171300,aifs,6,0.1394,0.3456,0.4455,1.1448,241,7.7956
08175000,aifs,6,0.2429,0.3887,0.5090,1.0143,241,7.5522
08176900,aifs,6,0.2270,0.4370,0.5274,1.1706,241,6.0465
08178880,aifs,6,0.2232,0.2786,0.4741,0.9406,241,9.3725
08189500,aifs,6,0.2326,0.3775,0.5005,1.0567,241,6.4607
08190000,aifs,6,0.3984,0.2763,0.7123,0.7422,241,11.1670
08190500,aifs,6,0.3487,0.2698,0.6313,0.7664,241,11.1001
08194200,aifs,6,0.1303,0.0882,0.3728,0.6887,241,8.0788
08195000,aifs,6,0.3858,0.3075,0.6722,0.8123,241,10.1831
08196000,aifs,6,0.3110,0.2304,0.6044,0.7819,241,12.3493
08198500,aifs,6,0.2835,0.2562,0.5448,0.8167,241,10.5975
08200000,aifs,6,0.2045,0.2215,0.4533,0.8856,241,10.7429
08202700,aifs,6,0.2125,0.1950,0.4654,0.8051,241,11.4556
08267500,aifs,6,0.2407,0.2107,0.5048,0.7083,241,3.3008
08269000,aifs,6,0.2545,0.3887,0.5183,0.9190,241,2.4244
08271000,aifs,6,0.2338,0.1827,0.5035,0.6700,241,3.4527
08324000,aifs,6,0.1136,0.3721,0.4402,0.9391,241,2.1712
08377900,aifs,6,0.1512,0.2730,0.4221,0.8726,241,3.4430
08378500,aifs,6,0.2003,0.3771,0.4823,0.9347,241,2.9312
08380500,aifs,6,0.2611,0.4285,0.5324,0.9302,241,2.6234
09034900,aifs,6,0.3238,0.3822,0.5762,0.8159,241,3.2432
09035900,aifs,6,0.2922,0.5357,0.5821,1.0128,241,2.4520
09047700,aifs,6,0.1772,0.4758,0.5148,1.0569,241,2.5088
09065500,aifs,6,0.2174,0.4884,0.5335,1.0314,241,2.6316
09066000,aifs,6,0.1006,0.4806,0.5296,1.2119,241,2.4041
09066200,aifs,6,0.2217,0.4605,0.5225,0.9986,241,2.7784
09066300,aifs,6,0.2303,0.4818,0.5351,1.0157,241,2.6889
09081600,aifs,6,0.4453,0.5149,0.6687,1.1161,241,3.2329
09107000,aifs,6,0.1249,0.3201,0.5933,1.5448,241,2.2994
09210500,aifs,6,0.2123,0.5029,0.5413,1.0742,241,2.0617
09223000,aifs,6,0.2174,0.5033,0.5457,1.0992,241,2.5207
09306242,aifs,6,0.3185,0.5163,0.5944,1.1379,241,2.3256
09312600,aifs,6,0.3583,0.4826,0.6024,1.0176,241,2.4772
09352900,aifs,6,0.5157,0.5481,0.7222,0.9181,241,3.0641
09378170,aifs,6,0.2558,0.1415,0.5446,0.5323,241,3.0014
09378630,aifs,6,0.2294,0.1043,0.5210,0.5134,241,3.2140
09386900,aifs,6,0.1440,0.4019,0.4648,0.9890,241,2.0991
09404450,aifs,6,0.2675,0.4388,0.5444,0.8544,241,2.5055
09430500,aifs,6,0.2422,0.4935,0.5528,0.8768,241,1.9916
09430600,aifs,6,0.1681,0.3396,0.4725,0.7658,241,2.7269
09447800,aifs,6,-0.1654,0.4781,0.5007,1.0444,241,1.7736
09480000,aifs,6,0.3352,0.2291,0.6201,0.5941,241,2.8653
09484000,aifs,6,0.1919,0.3120,0.4677,0.7956,241,2.9914
09484600,aifs,6,0.3783,0.3122,0.6399,0.6539,241,2.3532
09492400,aifs,6,0.2275,0.2812,0.5037,0.6826,241,4.1578
09494000,aifs,6,0.1996,0.4531,0.5258,0.8247,241,3.0243
09497800,aifs,6,-0.0932,0.3304,0.3724,0.8220,241,3.1499
09497980,aifs,6,0.0544,0.2916,0.4110,0.7113,241,3.4488
09505200,aifs,6,0.3168,0.5184,0.5927,0.8784,241,2.5489
09505350,aifs,6,0.2952,0.4711,0.5694,0.8497,241,2.6899
09505800,aifs,6,0.3467,0.5288,0.6105,0.8762,241,2.6455
09508300,aifs,6,0.1635,0.3617,0.4871,0.7223,241,2.7840
09510200,aifs,6,-0.0991,0.1212,0.2529,0.6994,241,3.2320
09512280,aifs,6,-0.0778,0.1547,0.2512,0.8824,241,2.8718
09513780,aifs,6,-0.0569,0.1725,0.2744,0.8398,241,2.6535
10023000,aifs,6,0.3649,0.5147,0.6119,1.0171,241,2.8525
10166430,aifs,6,0.4070,0.4417,0.6459,0.7449,241,2.7469
10172700,aifs,6,0.3133,0.4765,0.5789,0.8679,241,2.2564
10172800,aifs,6,0.4274,0.3599,0.6763,0.6519,241,2.7587
10173450,aifs,6,0.3045,0.3589,0.5624,0.7465,241,2.9798
10205030,aifs,6,0.4884,0.4716,0.7117,0.7892,241,2.1680
10234500,aifs,6,0.3841,0.4333,0.6263,0.7839,241,2.7180
10242000,aifs,6,0.3375,0.3080,0.5965,0.6667,241,3.0654
10244950,aifs,6,0.4841,0.5891,0.6967,0.9491,241,2.0451
10249300,aifs,6,0.4029,0.5946,0.6508,1.0123,241,1.7419
10258000,aifs,6,0.5172,0.5954,0.7193,0.9283,241,2.4704
10258500,aifs,6,0.5678,0.6226,0.7920,1.3134,241,1.1930
10259000,aifs,6,0.5453,0.5783,0.7402,0.8731,241,1.8537
10259200,aifs,6,0.5427,0.5143,0.7806,1.4322,241,1.3526
10263500,aifs,6,0.3498,0.1691,0.6309,0.5231,241,4.7180
10310500,aifs,6,0.5440,0.7087,0.8117,1.1661,241,2.4467
10316500,aifs,6,0.2357,0.2640,0.4993,0.7099,241,3.2384
10329500,aifs,6,0.3115,0.3233,0.5630,0.7903,241,2.7075
10336645,aifs,6,0.7900,0.8413,0.8888,1.0047,241,3.7523
10336660,aifs,6,0.7734,0.7710,0.8818,0.9201,241,4.2438
10343500,aifs,6,0.7301,0.8557,0.8608,0.9857,241,2.7971
10348850,aifs,6,0.5767,0.3096,0.8359,0.5478,241,5.9096
10396000,aifs,6,0.2797,0.2543,0.5458,0.6340,241,2.8430
11098000,aifs,6,0.3569,0.0992,0.6774,0.4392,241,6.5366
11124500,aifs,6,0.3898,0.2560,0.6682,0.6466,241,5.4008
11141280,aifs,6,0.5746,0.3538,0.8202,0.6125,241,4.1009
11143000,aifs,6,0.3517,0.0980,0.6597,0.4167,241,8.1278
11148900,aifs,6,0.4984,0.4341,0.7143,0.6855,241,3.8582
11151300,aifs,6,0.4588,0.3813,0.6924,0.6881,241,2.7432
11162500,aifs,6,0.4746,0.4244,0.6958,0.6638,241,4.5859
11176400,aifs,6,0.4095,0.6691,0.6825,0.9530,241,2.5943
11180500,aifs,6,0.4829,0.6916,0.7166,0.9455,241,2.7346
11180960,aifs,6,0.4737,0.5287,0.6914,0.7672,241,3.3119
11224500,aifs,6,0.4441,0.3117,0.6969,0.6279,241,2.4211
11253310,aifs,6,0.4449,0.3641,0.6853,0.6952,241,1.9720
11264500,aifs,6,-0.3787,0.0498,0.6839,1.6786,241,5.5599
11266500,aifs,6,-0.1758,0.1739,0.6897,1.5959,241,5.5323
11274500,aifs,6,0.3843,0.5916,0.6485,0.8711,241,2.5301
11274630,aifs,6,0.3693,0.6670,0.6706,1.0165,241,2.3286
11284400,aifs,6,0.4946,0.6330,0.7728,1.2749,241,3.5956
11299600,aifs,6,0.3760,0.6248,0.7000,1.2228,241,3.9032
11381500,aifs,6,0.6515,0.5244,0.8381,0.7626,241,5.3291
11383500,aifs,6,0.6579,0.5158,0.8446,0.7456,241,5.3608
11451100,aifs,6,0.6885,0.7500,0.8303,0.8973,241,2.8858
11468500,aifs,6,0.6339,0.7513,0.7982,1.0085,241,4.0328
11473900,aifs,6,0.6683,0.6386,0.8242,0.8422,241,3.9477
11475560,aifs,6,0.5442,0.2850,0.8268,0.5547,241,8.7952
11476600,aifs,6,0.6323,0.7837,0.8028,1.0158,241,4.4469
11478500,aifs,6,0.6743,0.7486,0.8217,0.9228,241,4.1983
11480390,aifs,6,0.6612,0.6949,0.8144,0.9076,241,4.0314
11481200,aifs,6,0.7032,0.6680,0.8451,0.8459,241,4.3208
11482500,aifs,6,0.7008,0.5898,0.8549,0.7669,241,4.8605
11522500,aifs,6,0.7105,0.8333,0.8475,1.0178,241,3.2062
11523200,aifs,6,0.6188,0.7244,0.7921,0.8684,241,4.0527
11528700,aifs,6,0.6768,0.7727,0.8238,0.9542,241,3.4331
11532500,aifs,6,0.6888,0.5639,0.8502,0.7407,241,6.1557
12010000,aifs,6,0.3989,0.3210,0.6676,0.6303,241,8.8256
12013500,aifs,6,0.4256,0.4598,0.6629,0.7492,241,6.7656
12020000,aifs,6,0.4337,0.5361,0.6680,0.8098,241,5.6248
12025000,aifs,6,0.4105,0.4936,0.6486,0.7992,241,5.5255
12025700,aifs,6,0.3740,0.6061,0.6432,1.0503,241,5.1281
12035000,aifs,6,0.5607,0.5158,0.7636,0.7216,241,7.3188
12040500,aifs,6,0.5436,0.5642,0.7459,0.7746,241,8.5887
12041200,aifs,6,0.5532,0.4721,0.7709,0.7004,241,9.3376
12043000,aifs,6,0.5616,0.5474,0.7611,0.7625,241,7.2831
12048000,aifs,6,0.1673,0.3558,0.6305,1.5252,241,4.7695
12054000,aifs,6,0.5747,0.6229,0.7598,0.9946,241,5.8145
12056500,aifs,6,0.6154,0.5946,0.7941,0.8349,241,7.3387
12073500,aifs,6,0.4190,0.6007,0.6606,1.0326,241,4.3255
12082500,aifs,6,0.4835,0.6245,0.7002,0.9501,241,6.8677
12092000,aifs,6,0.4360,0.5526,0.6641,0.9038,241,7.2426
12095000,aifs,6,0.3342,0.5836,0.6224,1.0904,241,6.0144
12114500,aifs,6,0.4128,0.3223,0.6830,0.6682,241,8.8234
12115000,aifs,6,0.4132,0.3274,0.6812,0.6750,241,8.7754
12115500,aifs,6,0.4063,0.3574,0.6622,0.7197,241,8.8557
12117000,aifs,6,0.4131,0.3753,0.6650,0.7240,241,8.7128
12141300,aifs,6,0.4239,0.3298,0.6948,0.6648,241,10.1131
12143600,aifs,6,0.4267,0.3696,0.6813,0.7226,241,9.4764
12144000,aifs,6,0.4377,0.4059,0.6811,0.7580,241,8.7871
12145500,aifs,6,0.4320,0.4562,0.6662,0.7878,241,6.9682
12147600,aifs,6,0.4078,0.2864,0.7005,0.6250,241,12.5620
12167000,aifs,6,0.5862,0.6158,0.7694,0.9352,241,7.2089
12175500,aifs,6,0.6441,0.7329,0.8028,1.0100,241,4.6977
12186000,aifs,6,0.6131,0.5764,0.7978,0.8336,241,7.2250
12189500,aifs,6,0.6491,0.7036,0.8063,0.9698,241,5.7932
12358500,aifs,6,0.4347,0.5016,0.6666,0.8111,241,5.1865
12377150,aifs,6,0.4573,0.4556,0.6982,0.6878,241,4.8071
12381400,aifs,6,0.4686,0.5117,0.6983,0.7447,241,4.3696
12390700,aifs,6,0.1684,0.5238,0.5394,1.0466,241,4.1909
12411000,aifs,6,0.2541,0.5734,0.5924,1.0783,241,4.5928
12414500,aifs,6,0.3431,0.5895,0.6234,0.9964,241,4.5497
12447390,aifs,6,0.0816,0.1439,0.6282,1.7630,241,2.6487
12451000,aifs,6,0.6027,0.6426,0.8250,1.3035,241,3.5128
12488500,aifs,6,0.5203,0.5311,0.7280,0.8592,241,5.5801
13011500,aifs,6,0.3122,0.5454,0.6894,1.3269,241,3.0194
13011900,aifs,6,0.3214,0.6035,0.6652,1.2124,241,2.8872
13018300,aifs,6,0.2527,0.5428,0.6156,1.2429,241,3.1843
13023000,aifs,6,0.2139,0.5552,0.6065,1.2067,241,2.6858
13161500,aifs,6,-0.1319,0.1286,0.4753,1.6953,241,2.2570
13235000,aifs,6,0.4201,0.6634,0.6821,1.0317,241,3.3258
13240000,aifs,6,0.5169,0.5701,0.7235,0.8191,241,3.9592
13310700,aifs,6,0.4451,0.7007,0.7116,1.0675,241,3.2461
13313000,aifs,6,0.4745,0.5963,0.6956,0.8658,241,3.7812
13331500,aifs,6,0.4553,0.5575,0.6794,0.8569,241,3.6936
13337000,aifs,6,0.5545,0.7146,0.7531,0.9557,241,3.9725
13338500,aifs,6,0.2745,0.5604,0.6637,1.2785,241,3.8798
13340000,aifs,6,0.5054,0.7277,0.7410,1.0658,241,3.5345
13340600,aifs,6,0.5187,0.6215,0.7229,0.8972,241,4.6504
14020000,aifs,6,0.5301,0.6218,0.7301,0.8854,241,3.3164
14092750,aifs,6,0.5323,0.7327,0.8214,0.9948,241,3.8881
14096850,aifs,6,0.0838,0.4634,0.6972,1.3019,241,3.3888
14137000,aifs,6,0.7461,0.7927,0.8652,0.8948,241,4.3233
14138800,aifs,6,0.6903,0.5170,0.8696,0.6934,241,6.5005
14138870,aifs,6,0.6956,0.5493,0.8663,0.7322,241,6.6734
14138900,aifs,6,0.6381,0.4061,0.8737,0.6230,241,8.6340
14139800,aifs,6,0.6927,0.5514,0.8611,0.7157,241,6.5184
14141500,aifs,6,0.7330,0.7011,0.8623,0.8370,241,5.1964
14154500,aifs,6,0.1484,0.5665,0.6838,1.1689,241,5.1689
14158500,aifs,6,0.3856,0.6923,0.7536,0.9614,241,5.5749
14158790,aifs,6,0.5383,0.6277,0.7561,0.7395,241,6.1783
14166500,aifs,6,0.4273,0.7135,0.7178,1.0474,241,4.8538
14182500,aifs,6,0.4988,0.7226,0.7951,1.1010,241,5.7487
14185000,aifs,6,0.2963,0.5781,0.7713,1.1681,241,6.0316
14185900,aifs,6,0.5683,0.7763,0.8155,1.0042,241,5.6779
14187000,aifs,6,0.3436,0.6625,0.7446,1.0887,241,6.0678
14216500,aifs,6,0.6747,0.7245,0.8224,0.9120,241,5.3101
14222500,aifs,6,0.5860,0.3804,0.8442,0.6434,241,9.5946
14236200,aifs,6,0.5227,0.6028,0.7246,0.8941,241,5.9389
14301000,aifs,6,0.5387,0.4623,0.7583,0.7310,241,6.0723
14303200,aifs,6,0.5488,0.3713,0.7988,0.6228,241,7.8094
14305500,aifs,6,0.4928,0.3318,0.7533,0.5934,241,9.8067
14306340,aifs,6,0.5564,0.7297,0.7663,0.8807,241,4.7233
14306500,aifs,6,0.5573,0.7239,0.7625,0.8905,241,5.0896
14308990,aifs,6,0.5157,0.6774,0.7750,1.2242,241,3.1281
14309500,aifs,6,0.6769,0.7727,0.8282,0.8795,241,3.8267
14316700,aifs,6,0.1939,0.5819,0.7026,1.1617,241,4.7697
14325000,aifs,6,0.5226,0.6221,0.7372,0.7712,241,5.8029
14362250,aifs,6,0.5290,0.5445,0.8016,1.3927,241,2.8559
14400000,aifs,6,0.6108,0.5576,0.7889,0.7137,241,7.0530
01013500,aifs,7,-0.4904,0.1874,0.3593,1.4868,241,6.7257
01022500,aifs,7,-0.2427,0.2705,0.4259,1.4474,241,7.0279
01030500,aifs,7,-0.5608,0.1972,0.3448,1.4427,241,6.7646
01031500,aifs,7,-0.1681,0.3043,0.4199,1.3836,241,6.1458
01047000,aifs,7,0.0042,0.3759,0.4387,1.2344,241,6.1037
01052500,aifs,7,-0.1063,0.2603,0.3728,1.3557,241,5.8524
01054200,aifs,7,-0.0655,0.2666,0.3213,1.0694,241,7.4547
01055000,aifs,7,-0.0618,0.3547,0.3896,1.1422,241,5.9083
01057000,aifs,7,-0.1852,0.3090,0.3328,1.1277,241,6.5759
01073000,aifs,7,-0.1556,0.3128,0.3719,1.2614,241,6.4985
01078000,aifs,7,-0.1728,0.2761,0.3208,1.1920,241,6.7937
01118300,aifs,7,0.0839,0.1103,0.3301,0.7638,241,11.0174
01121000,aifs,7,0.0929,0.2954,0.4015,0.8616,241,7.8379
01123000,aifs,7,0.0995,0.2668,0.3957,0.8281,241,8.2102
01134500,aifs,7,0.0129,0.2945,0.3699,1.1395,241,6.4493
01137500,aifs,7,-0.0248,0.3035,0.3741,1.1988,241,6.5919
01139000,aifs,7,-0.1227,0.2018,0.3148,1.3336,241,6.5492
01139800,aifs,7,-0.0427,0.2569,0.3246,1.1001,241,7.0529
01142500,aifs,7,-0.1250,0.2687,0.3641,1.3267,241,6.1033
01144000,aifs,7,-0.0474,0.3207,0.3713,1.1548,241,6.3483
01169000,aifs,7,-0.0759,0.3349,0.3876,1.2145,241,7.1835
01170100,aifs,7,-0.0947,0.3264,0.3910,1.2598,241,7.0635
01181000,aifs,7,-0.0006,0.3502,0.3903,1.0489,241,7.5438
01187300,aifs,7,-0.0784,0.3588,0.3973,1.1808,241,6.8499
01195100,aifs,7,0.1512,0.2239,0.4213,0.7472,241,8.8298
01333000,aifs,7,-0.0029,0.3282,0.4111,1.2610,241,6.9892
01350000,aifs,7,0.0836,0.1962,0.3454,0.9779,241,9.6415
01350080,aifs,7,0.0673,0.2949,0.3857,1.0985,241,7.5983
01350140,aifs,7,0.0717,0.3131,0.3938,1.0532,241,7.1803
01365000,aifs,7,0.0173,0.2805,0.3560,1.0641,241,8.3116
01411300,aifs,7,-0.0005,0.0262,0.2299,0.7722,241,10.7568
01413500,aifs,7,0.0979,0.2211,0.3671,0.9080,241,9.0417
01414500,aifs,7,0.0516,0.1838,0.3209,0.9798,241,9.8693
01415000,aifs,7,0.1315,0.3314,0.4278,0.9824,241,7.3044
01423000,aifs,7,0.1361,0.3344,0.4328,0.9391,241,7.2059
01434025,aifs,7,0.1008,0.2073,0.3646,0.8910,241,10.1346
01435000,aifs,7,0.0760,0.2223,0.3529,0.9458,241,9.6740
01439500,aifs,7,-0.0751,0.2011,0.2888,0.8286,241,7.8797
01440000,aifs,7,-0.0716,0.1857,0.2787,0.8383,241,8.3269
01440400,aifs,7,-0.0250,0.1588,0.2982,0.7437,241,8.5023
01451800,aifs,7,0.0109,0.3279,0.3825,0.9158,241,6.7779
01466500,aifs,7,-0.1175,0.2099,0.2719,0.9070,241,7.5751
01484100,aifs,7,-0.0771,0.1358,0.2365,0.9352,241,8.0617
01485500,aifs,7,0.0241,0.0872,0.2739,0.7928,241,9.2537
01486000,aifs,7,0.0228,0.0687,0.2622,0.8058,241,9.5131
01487000,aifs,7,-0.0471,0.1224,0.2412,0.9293,241,8.4347
01491000,aifs,7,-0.1587,0.2184,0.2642,1.0515,241,6.6449
01510000,aifs,7,0.1129,0.4102,0.4582,1.0314,241,6.8428
01516500,aifs,7,0.0138,0.3719,0.4077,0.9498,241,5.6495
01518862,aifs,7,0.0349,0.3639,0.4103,0.9257,241,6.0134
01532000,aifs,7,0.0227,0.2651,0.3505,0.9218,241,6.8761
01539000,aifs,7,0.0572,0.3014,0.3905,0.8550,241,7.0229
01542810,aifs,7,-0.0915,0.3130,0.3441,0.9515,241,6.8366
01543000,aifs,7,-0.0873,0.3448,0.3672,0.9499,241,6.6024
01543500,aifs,7,0.0319,0.3631,0.4113,0.9019,241,6.7099
01544500,aifs,7,-0.0355,0.3377,0.3730,0.9616,241,6.3620
01545600,aifs,7,-0.0246,0.3270,0.3682,0.9917,241,6.5130
01547700,aifs,7,0.0100,0.0381,0.2400,0.7977,241,10.6498
01548500,aifs,7,-0.0412,0.3545,0.3830,0.9553,241,5.9852
01549500,aifs,7,0.0056,0.3086,0.3664,0.9699,241,6.5315
01550000,aifs,7,0.0194,0.2490,0.3399,0.9315,241,7.2328
01552000,aifs,7,0.0172,0.1830,0.3099,0.8636,241,8.2648
01552500,aifs,7,0.0465,0.3122,0.3882,0.8884,241,6.8280
01557500,aifs,7,0.0180,0.0892,0.2877,0.7187,241,9.3301
01567500,aifs,7,0.0080,0.1315,0.2941,0.7613,241,7.7406
01568000,aifs,7,0.0509,0.2072,0.3562,0.7570,241,6.7013
01580000,aifs,7,0.0309,0.2805,0.3703,0.8460,241,6.1084
01583500,aifs,7,0.0527,0.2822,0.3757,0.8766,241,5.9979
01586610,aifs,7,0.0685,0.2593,0.3754,0.8413,241,6.0189
01591400,aifs,7,0.1319,0.1431,0.4018,0.6604,241,7.5509
01596500,aifs,7,0.0566,0.1777,0.3301,0.8473,241,7.0890
01605500,aifs,7,0.1038,0.1744,0.3666,0.7922,241,6.3007
01606500,aifs,7,0.1444,0.2513,0.4189,0.8127,241,5.7349
01613050,aifs,7,0.0305,0.1707,0.3325,0.7361,241,6.4946
01620500,aifs,7,0.0726,0.2196,0.3545,0.8777,241,5.4283
01632000,aifs,7,0.1024,0.0815,0.3997,0.5607,241,6.7429
01632900,aifs,7,0.0813,0.0667,0.3571,0.5926,241,6.5833
01634500,aifs,7,0.0962,0.1091,0.3742,0.6254,241,6.5949
01638480,aifs,7,0.0479,0.1242,0.3279,0.6931,241,6.6933
01639500,aifs,7,0.0962,0.2872,0.4019,0.8403,241,5.8285
01644000,aifs,7,0.0694,0.1474,0.3631,0.6572,241,6.2192
01658500,aifs,7,0.0521,0.0916,0.3215,0.6689,241,7.0454
01664000,aifs,7,0.0566,0.0783,0.3468,0.5901,241,6.6695
01666500,aifs,7,0.0433,0.0742,0.3261,0.6159,241,6.6920
01667500,aifs,7,0.0208,0.0842,0.3089,0.6401,241,6.4702
01669000,aifs,7,-0.0766,0.0161,0.1727,0.8359,241,8.3946
01669520,aifs,7,-0.0752,0.0273,0.1785,0.8507,241,8.3403
02011400,aifs,7,0.0885,0.2358,0.3751,0.8412,241,5.7055
02011460,aifs,7,0.0989,0.2363,0.3755,0.8910,241,6.0245
02013000,aifs,7,0.0106,0.1750,0.3098,0.8146,241,6.2335
02014000,aifs,7,-0.0582,0.2031,0.2914,0.8607,241,5.7681
02015700,aifs,7,0.0867,0.2052,0.3543,0.9020,241,5.8665
02016000,aifs,7,0.1021,0.2901,0.3995,0.9008,241,5.1229
02017500,aifs,7,-0.1516,0.2409,0.2804,0.9694,241,5.3274
02018000,aifs,7,-0.1388,0.2822,0.3115,0.9912,241,5.0627
02027000,aifs,7,0.0140,0.3198,0.3762,1.0452,241,5.1762
02027500,aifs,7,0.0422,0.3086,0.3788,0.9823,241,5.3375
02028500,aifs,7,0.0551,0.2491,0.3691,0.8106,241,5.4407
02038850,aifs,7,-0.0450,0.1863,0.2900,0.8285,241,6.0326
02046000,aifs,7,-0.0144,0.1661,0.2928,0.8140,241,6.8997
02051000,aifs,7,0.0157,0.1490,0.2991,0.8027,241,7.2664
02051500,aifs,7,-0.0513,0.1784,0.2786,0.8591,241,6.8498
02053200,aifs,7,0.1389,0.3623,0.4447,0.9784,241,6.7345
02053800,aifs,7,-0.1063,0.2493,0.3076,0.8541,241,5.6183
02055100,aifs,7,-0.0918,0.2883,0.3486,1.2078,241,4.9916
02056900,aifs,7,-0.0079,0.2643,0.3497,0.8294,241,5.9655
02059500,aifs,7,-0.0745,0.3653,0.3829,0.9788,241,4.8159
02064000,aifs,7,-0.1285,0.2664,0.3045,1.0596,241,5.6722
02065500,aifs,7,-0.1326,0.2541,0.2936,1.0155,241,5.6049
02069700,aifs,7,-0.0508,0.1894,0.2865,0.8508,241,7.2179
02070000,aifs,7,-0.0862,0.1641,0.2626,0.8220,241,7.2514
02074500,aifs,7,-0.0819,0.1378,0.2343,1.0183,241,7.7207
02077200,aifs,7,-0.1720,0.3228,0.3403,1.0882,241,5.9756
02081500,aifs,7,-0.0103,0.3300,0.3747,1.0393,241,6.3651
02082950,aifs,7,-0.1212,0.3352,0.3829,1.2229,241,5.7648
02092500,aifs,7,-0.1508,0.2844,0.3936,1.3718,241,6.7063
02096846,aifs,7,0.0575,0.1922,0.3287,0.9527,241,8.7169
02102908,aifs,7,0.1084,0.3154,0.4099,1.0260,241,7.9002
02108000,aifs,7,-0.1084,0.3316,0.3914,1.2534,241,6.8026
02111180,aifs,7,0.0335,0.2284,0.3427,0.8509,241,7.3088
02111500,aifs,7,-0.0101,0.2143,0.3149,0.8644,241,7.3600
02118500,aifs,7,-0.1899,0.2661,0.2907,0.9688,241,6.8077
02128000,aifs,7,0.0572,0.3607,0.4130,1.0370,241,6.3842
02137727,aifs,7,0.1131,0.2243,0.3834,0.8471,241,7.8844
02140991,aifs,7,0.0770,0.2980,0.3912,0.9058,241,6.8691
02143000,aifs,7,0.0536,0.3286,0.3959,0.9305,241,6.8698
02143040,aifs,7,0.1167,0.3895,0.4498,0.9445,241,6.5844
02149000,aifs,7,0.1625,0.2006,0.4206,0.7712,241,9.0401
02152100,aifs,7,0.1207,0.4187,0.4649,0.9842,241,6.2579
02177000,aifs,7,0.1122,0.3178,0.4127,0.9791,241,8.4504
02178400,aifs,7,-0.0108,0.3054,0.3591,0.9846,241,7.6452
02193340,aifs,7,0.0010,0.3186,0.4085,1.2740,241,7.2568
02196000,aifs,7,0.1543,0.3817,0.4623,1.0751,241,7.3807
02198100,aifs,7,0.0115,0.1738,0.2987,0.9005,241,10.3578
02202600,aifs,7,-0.1455,0.2970,0.3615,1.2653,241,6.3917
02212600,aifs,7,-0.0780,0.2530,0.3105,1.0885,241,8.8345
02215100,aifs,7,-0.0331,0.2693,0.3308,0.9700,241,8.5776
02216180,aifs,7,0.0786,0.1939,0.3448,0.8970,241,9.5346
02221525,aifs,7,-0.0767,0.3089,0.3519,1.1272,241,7.8863
02231000,aifs,7,0.2002,0.3912,0.4893,0.9116,241,5.9857
02231342,aifs,7,-0.0251,0.2249,0.3128,1.1089,241,6.8653
02235200,aifs,7,0.1882,0.3919,0.4798,1.0029,241,6.1645
02245500,aifs,7,0.1424,0.3527,0.4459,1.0934,241,6.0820
02246000,aifs,7,0.1612,0.4300,0.4849,1.0210,241,5.4049
02296500,aifs,7,0.0152,0.3114,0.3717,0.9570,241,6.0378
02297155,aifs,7,-0.0654,0.0820,0.2144,0.8734,241,9.0249
02297310,aifs,7,-0.0872,0.1043,0.2257,0.8268,241,8.2904
02298123,aifs,7,-0.0722,0.1354,0.2387,0.9302,241,7.4293
02298608,aifs,7,-0.0849,0.0774,0.2106,0.8208,241,8.9133
02299950,aifs,7,-0.1525,0.0972,0.1843,0.9557,241,8.4774
02300700,aifs,7,-0.0752,0.0824,0.2033,0.9941,241,9.6964
02310947,aifs,7,-0.0030,0.2219,0.3154,1.0551,241,7.7059
02312200,aifs,7,0.0759,0.1956,0.3402,1.0058,241,8.9431
02314500,aifs,7,0.2118,0.3101,0.4769,0.8487,241,6.8538
02315500,aifs,7,0.2390,0.3713,0.5103,0.8557,241,6.1509
02324400,aifs,7,0.2527,0.2616,0.5102,0.8067,241,8.9730
02327100,aifs,7,-0.0164,0.1586,0.2812,0.8683,241,8.9553
02349900,aifs,7,-0.0108,0.2170,0.3147,0.8766,241,9.4805
02350900,aifs,7,-0.0979,0.3519,0.3690,0.9900,241,7.8203
02361000,aifs,7,-0.1264,0.3897,0.3989,1.0806,241,7.5604
02363000,aifs,7,-0.0449,0.3900,0.4107,1.0908,241,8.0386
02369800,aifs,7,0.2921,0.3482,0.5453,0.8293,241,10.8478
02371500,aifs,7,0.0482,0.3377,0.3972,1.0343,241,9.1431
02372250,aifs,7,0.0889,0.3814,0.4342,1.0019,241,8.6817
02374500,aifs,7,0.1184,0.3818,0.4452,0.9902,241,9.3716
02381600,aifs,7,-0.0043,0.1454,0.2781,0.8780,241,10.1614
02384540,aifs,7,-0.0308,0.2236,0.3048,0.9649,241,8.8719
02395120,aifs,7,-0.0608,0.2761,0.3410,1.1735,241,7.6994
02408540,aifs,7,-0.0578,0.2169,0.2908,0.9873,241,9.8063
02415000,aifs,7,0.0026,0.1880,0.3041,0.8792,241,10.3558
02422500,aifs,7,-0.1518,0.2288,0.2877,1.1811,241,9.3572
02427250,aifs,7,0.0025,0.4204,0.4569,1.1781,241,7.6281
02430085,aifs,7,-0.3400,0.1437,0.2242,1.3232,241,9.9531
02450250,aifs,7,-0.1316,0.1778,0.2434,0.9671,241,10.3711
02464000,aifs,7,-0.0424,0.1370,0.2498,1.0112,241,11.4330
02465493,aifs,7,-0.0980,0.2455,0.3062,1.1426,241,8.9147
02469800,aifs,7,0.1012,0.4044,0.4514,1.0377,241,8.5946
02472000,aifs,7,0.0287,0.1922,0.3170,0.8964,241,10.2906
02472500,aifs,7,0.0569,0.1872,0.3338,0.8526,241,11.0360
02479155,aifs,7,0.2953,0.3576,0.5442,0.9282,241,11.0485
02479300,aifs,7,0.2957,0.2433,0.5693,0.7675,241,14.6543
02481000,aifs,7,0.2485,0.1562,0.5393,0.6940,241,18.1691
02481510,aifs,7,0.3093,0.2418,0.5895,0.7072,241,14.3203
03010655,aifs,7,-0.0255,0.3229,0.3681,0.9283,241,6.6485
03011800,aifs,7,-0.0201,0.2832,0.3462,0.9186,241,7.7490
03015500,aifs,7,0.0201,0.4436,0.4562,1.0402,241,6.3664
03021350,aifs,7,0.1048,0.4018,0.4510,0.9686,241,7.0239
03026500,aifs,7,-0.0121,0.3203,0.3701,0.9297,241,7.2785
03028000,aifs,7,-0.0031,0.3241,0.3746,0.9359,241,7.4538
03049800,aifs,7,0.1063,0.2847,0.4008,0.8827,241,8.3145
03050000,aifs,7,0.0854,0.1453,0.3397,0.8202,241,9.0034
03066000,aifs,7,0.1287,0.1652,0.3898,0.7609,241,7.8409
03069500,aifs,7,0.1257,0.2175,0.3934,0.8269,241,7.2798
03070500,aifs,7,0.1551,0.3765,0.4613,0.9179,241,6.9992
03076600,aifs,7,0.0731,0.1454,0.3359,0.7864,241,8.6207
03078000,aifs,7,0.0654,0.1497,0.3225,0.8528,241,8.5459
03140000,aifs,7,0.0222,0.2843,0.3683,0.8527,241,7.0253
03144000,aifs,7,0.1034,0.1942,0.3934,0.6953,241,8.3110
03159540,aifs,7,0.0469,0.1135,0.3150,0.7281,241,9.1108
03161000,aifs,7,-0.0407,0.2189,0.3023,0.9032,241,6.9217
03164000,aifs,7,-0.0711,0.2535,0.3149,0.8928,241,6.1502
03165000,aifs,7,0.0120,0.1742,0.3173,0.7711,241,7.2370
03170000,aifs,7,-0.0900,0.2387,0.3072,0.8396,241,5.8169
03173000,aifs,7,-0.1338,0.2798,0.3160,0.9033,241,5.2791
03180500,aifs,7,0.0749,0.2260,0.3542,0.9430,241,6.7262
03182500,aifs,7,0.1109,0.2871,0.3999,0.9435,241,5.8661
03186500,aifs,7,0.0979,0.2213,0.3784,0.8225,241,7.0448
03187500,aifs,7,0.0736,0.2174,0.3587,0.8493,241,7.0559
03213700,aifs,7,-0.0827,0.2205,0.2849,0.9965,241,7.3117
03237280,aifs,7,-0.0127,0.1723,0.2896,0.8722,241,7.7767
03237500,aifs,7,0.0453,0.2040,0.3398,0.8234,241,7.8545
03241500,aifs,7,0.0304,0.0747,0.2934,0.6904,241,9.7946
03280700,aifs,7,-0.2375,0.2098,0.2497,1.1374,241,8.0172
03281100,aifs,7,-0.1993,0.2863,0.3127,1.1256,241,7.5588
03281500,aifs,7,-0.2603,0.2626,0.2841,1.1148,241,7.5003
03285000,aifs,7,-0.1620,0.1150,0.1937,0.9424,241,9.7470
03291780,aifs,7,0.0738,0.1207,0.3286,0.7569,241,9.9365
03300400,aifs,7,-0.0275,0.1212,0.2604,0.8240,241,9.8070
03340800,aifs,7,0.0582,0.1063,0.3173,0.7249,241,10.0107
03346000,aifs,7,0.0219,0.2112,0.3328,0.8177,241,8.6132
03364500,aifs,7,0.0872,0.0109,0.3330,0.6088,241,12.5927
03366500,aifs,7,0.0915,0.1396,0.3492,0.7544,241,9.6287
03368000,aifs,7,0.0417,-0.0322,0.2832,0.5818,241,12.7755
03384450,aifs,7,0.0453,0.1867,0.3211,0.9187,241,9.2501
03439000,aifs,7,0.1050,0.3063,0.4088,0.8954,241,7.5064
03450000,aifs,7,0.0539,0.2775,0.3685,0.9459,241,6.3490
03455500,aifs,7,-0.0360,0.2600,0.3296,0.8934,241,7.3339
03456500,aifs,7,0.0074,0.2467,0.3462,0.8279,241,6.7653
03460000,aifs,7,-0.0315,0.2298,0.3113,0.9134,241,7.2813
03463300,aifs,7,0.0504,0.1816,0.3387,0.7877,241,7.6992
03471500,aifs,7,-0.1401,0.2045,0.2596,0.9460,241,6.4923
03473000,aifs,7,-0.1641,0.1800,0.2374,0.9356,241,6.8000
03479000,aifs,7,-0.0652,0.2815,0.3303,0.9406,241,6.1877
03488000,aifs,7,-0.1184,0.2354,0.2845,0.9836,241,6.5285
03498500,aifs,7,-0.1198,0.1976,0.2596,0.9706,241,8.0956
03500000,aifs,7,-0.0963,0.2761,0.3183,1.0516,241,7.7247
03504000,aifs,7,-0.0461,0.1826,0.2862,0.8417,241,8.9158
03574500,aifs,7,-0.0124,0.2829,0.3461,1.0454,241,9.2992
03604000,aifs,7,0.1074,0.3555,0.4280,1.0005,241,9.1686
04015330,aifs,7,0.0704,0.3545,0.4135,0.9904,241,6.3147
04024430,aifs,7,-0.1310,0.3943,0.4189,1.1676,241,5.3513
04027000,aifs,7,-0.3371,0.2381,0.3426,1.3850,241,5.2300
04040500,aifs,7,-0.3935,0.1153,0.1419,1.0134,241,6.2689
04043050,aifs,7,-0.2748,0.1845,0.2152,0.9618,241,5.4816
04045500,aifs,7,-0.3945,0.1378,0.1812,1.2084,241,6.0106
04056500,aifs,7,-0.3625,0.1765,0.2119,1.1816,241,5.5431
04057510,aifs,7,-0.2310,0.1352,0.1877,1.0193,241,6.1816
04057800,aifs,7,-0.2389,0.1927,0.2273,0.9971,241,5.9788
04059500,aifs,7,-0.3397,0.1481,0.1761,1.0258,241,5.9883
04063700,aifs,7,-0.4520,0.1532,0.1851,1.1953,241,5.7227
04074950,aifs,7,-0.3865,0.1262,0.1516,1.0120,241,6.1768
04105700,aifs,7,0.0779,0.2299,0.3683,0.8240,241,6.8981
04115265,aifs,7,0.1941,0.3082,0.4626,0.8522,241,6.4307
04122200,aifs,7,-0.0288,0.1832,0.2873,0.8866,241,7.2827
04122500,aifs,7,-0.1447,0.1350,0.2153,0.8993,241,7.2304
04124000,aifs,7,-0.0751,-0.0181,0.1860,0.6726,241,8.9044
04127997,aifs,7,-0.0350,0.0873,0.2470,0.7688,241,7.8547
04185000,aifs,7,0.1422,0.2972,0.4424,0.7651,241,6.0736
04196800,aifs,7,0.0857,0.2854,0.4057,0.7854,241,6.7332
04197100,aifs,7,0.0222,0.1910,0.3231,0.8131,241,7.7934
04197170,aifs,7,0.0365,0.2585,0.3588,0.8579,241,7.0119
04213000,aifs,7,0.0414,0.4079,0.4369,1.0453,241,6.2657
04213075,aifs,7,0.0837,0.3628,0.4237,1.0475,241,6.8861
04216418,aifs,7,0.0788,0.3257,0.4113,0.8615,241,7.1017
04221000,aifs,7,0.0046,0.3587,0.3963,0.9651,241,6.1892
04224775,aifs,7,0.0459,0.3362,0.3951,0.9895,241,6.7118
04256000,aifs,7,0.0280,0.4385,0.4699,1.1552,241,5.9312
04296000,aifs,7,-0.0830,0.2497,0.3477,1.2945,241,6.4950
05057000,aifs,7,0.0877,0.4267,0.4927,1.2368,241,3.5565
05057200,aifs,7,-0.2542,0.2951,0.3785,1.3326,241,3.8583
05062500,aifs,7,-0.3792,0.2019,0.2291,1.1701,241,5.1689
05087500,aifs,7,-0.0464,0.1643,0.2639,1.0054,241,5.4118
05120500,aifs,7,0.1506,0.4527,0.5155,1.2041,241,3.6944
05123400,aifs,7,0.1587,0.3927,0.4666,1.0048,241,4.7836
05129115,aifs,7,-0.1156,0.3293,0.3675,1.1756,241,5.0028
05131500,aifs,7,-0.1786,0.3040,0.3322,1.1434,241,4.7471
05291000,aifs,7,-0.0516,0.0477,0.1940,0.9940,241,7.0093
05362000,aifs,7,-0.3840,0.2274,0.2573,1.1990,241,6.0360
05393500,aifs,7,-0.2899,0.2027,0.2324,1.1143,241,6.3755
05399500,aifs,7,-0.2155,0.0894,0.1640,0.8952,241,7.7940
05408000,aifs,7,-0.0867,-0.0314,0.1508,0.7531,241,9.3499
05412500,aifs,7,-0.0469,0.0903,0.2365,0.8032,241,7.7163
05413500,aifs,7,-0.0333,0.0246,0.2164,0.7399,241,8.7301
05414000,aifs,7,-0.0077,0.0580,0.2438,0.7691,241,8.4488
05444000,aifs,7,0.0447,0.2405,0.3465,0.9289,241,7.0442
05454000,aifs,7,0.0729,0.1645,0.3366,0.8198,241,8.3027
05458000,aifs,7,-0.1654,0.0062,0.1292,0.8340,241,8.4925
05466500,aifs,7,0.2243,0.1851,0.4909,0.6890,241,9.2586
05487980,aifs,7,0.0603,0.2191,0.3475,0.8764,241,8.6881
05488200,aifs,7,0.0863,0.1324,0.3314,0.8285,241,10.3964
05489000,aifs,7,0.0559,0.1462,0.3178,0.8175,241,9.7928
05495000,aifs,7,0.0840,0.3873,0.4360,0.9798,241,6.9846
05495500,aifs,7,0.0807,0.2957,0.3925,0.8934,241,8.5851
05501000,aifs,7,-0.0310,0.1505,0.2675,0.8850,241,10.1872
05503800,aifs,7,-0.0968,0.2624,0.3078,1.0011,241,8.2256
05507600,aifs,7,-0.0831,0.3394,0.3646,1.0574,241,6.8540
05508805,aifs,7,-0.1223,0.3505,0.3648,1.0371,241,6.8544
05514500,aifs,7,0.0455,0.3636,0.4108,0.9678,241,6.9124
05525500,aifs,7,0.0402,0.2068,0.3379,0.8249,241,7.9636
05556500,aifs,7,0.1806,0.2104,0.4428,0.7355,241,8.1300
05584500,aifs,7,0.2516,0.2809,0.5044,0.8391,241,9.7918
05585000,aifs,7,0.2317,0.3161,0.4887,0.8801,241,9.0705
05591550,aifs,7,-0.0062,0.1892,0.3029,0.8583,241,9.1003
05592050,aifs,7,-0.0415,0.2918,0.3417,1.0130,241,7.7478
05592575,aifs,7,0.0728,0.1821,0.3553,0.7508,241,9.3218
05593575,aifs,7,0.0642,0.2808,0.3771,0.9040,241,7.9302
05593900,aifs,7,0.0061,0.2235,0.3261,0.8663,241,8.7524
05595730,aifs,7,-0.0100,0.2540,0.3326,0.9142,241,7.8577
06037500,aifs,7,0.2081,0.4972,0.5709,1.2394,241,3.4612
06043500,aifs,7,0.0597,0.4814,0.5524,1.2605,241,3.6764
06154410,aifs,7,-0.0894,0.2557,0.3138,0.8652,241,5.0754
06188000,aifs,7,-0.2002,0.3412,0.5776,1.4327,241,3.2880
06191500,aifs,7,-0.0082,0.4071,0.6100,1.4095,241,3.0546
06221400,aifs,7,-0.0936,0.3880,0.4962,1.3436,241,3.0603
06224000,aifs,7,-0.0277,0.3917,0.4755,1.3051,241,3.1270
06289000,aifs,7,-1.1209,0.0378,0.3771,1.5676,241,4.1469
06332515,aifs,7,-0.2675,0.2226,0.2950,1.3059,241,3.7863
06339100,aifs,7,-0.1790,0.3310,0.4390,1.3629,241,2.8392
06339500,aifs,7,0.0208,0.4161,0.4537,1.1673,241,3.0662
06344600,aifs,7,0.2257,0.4381,0.5180,1.0814,241,3.0300
06350000,aifs,7,0.0878,0.3942,0.4415,0.9641,241,2.7621
06352000,aifs,7,-0.1224,0.3503,0.3652,1.0495,241,2.6326
06353000,aifs,7,0.0039,0.3865,0.4134,1.0237,241,2.6601
06354000,aifs,7,0.0650,0.3864,0.4294,0.9853,241,2.8063
06360500,aifs,7,-0.2032,0.2548,0.2796,1.0131,241,2.7685
06404000,aifs,7,-0.2131,0.2361,0.3125,1.3001,241,3.6597
06406000,aifs,7,-0.2602,0.2638,0.3212,1.2713,241,3.4033
06408700,aifs,7,-0.3150,0.1906,0.2305,1.1846,241,3.3118
06409000,aifs,7,-0.2563,0.2313,0.2788,1.2176,241,3.1863
06431500,aifs,7,-0.2100,0.1863,0.2393,1.1475,241,3.5521
06440200,aifs,7,0.0376,0.2035,0.3283,0.8772,241,4.1661
06441500,aifs,7,0.1232,0.3493,0.4404,0.8575,241,3.2568
06447000,aifs,7,-0.0853,0.2680,0.3144,0.9960,241,3.4548
06447500,aifs,7,-0.0283,0.2841,0.3423,1.0575,241,3.8708
06450500,aifs,7,-0.1018,0.1276,0.2246,0.8998,241,4.7618
06452000,aifs,7,-0.0036,0.2743,0.3451,0.9348,241,3.5708
06453600,aifs,7,0.2355,0.2862,0.4892,0.8550,241,4.6877
06464500,aifs,7,0.0437,0.0907,0.2860,0.8062,241,6.0282
06477500,aifs,7,0.2151,0.3212,0.4762,0.9046,241,4.4118
06479215,aifs,7,-0.0418,0.0290,0.1886,0.9999,241,7.1345
06479438,aifs,7,-0.0426,0.0540,0.2026,1.0277,241,6.6285
06601000,aifs,7,-0.1833,0.0811,0.1634,1.0346,241,8.1238
06614800,aifs,7,0.2928,0.3030,0.5489,0.8356,241,4.5077
06622700,aifs,7,0.1970,0.4079,0.4908,0.9679,241,3.1877
06623800,aifs,7,0.2927,0.4919,0.5684,1.0657,241,3.2142
06632400,aifs,7,0.2740,0.4356,0.5404,1.0292,241,3.2969
06784000,aifs,7,0.0423,0.1614,0.3118,0.8645,241,5.3580
06803510,aifs,7,-0.1841,0.1180,0.1881,1.0268,241,8.9549
06803530,aifs,7,-0.2368,0.1886,0.2324,1.1269,241,7.8519
06814000,aifs,7,-0.0331,0.2168,0.2996,1.0204,241,7.7351
06846500,aifs,7,0.1085,0.3107,0.4130,0.8828,241,3.9248
06847900,aifs,7,0.1364,0.2252,0.3972,0.8542,241,4.6883
06853800,aifs,7,-0.1318,0.2356,0.2880,1.1202,241,5.7072
06876700,aifs,7,0.0855,0.0370,0.3111,0.7302,241,9.4700
06878000,aifs,7,0.1007,0.1616,0.3501,0.8564,241,7.5813
06879650,aifs,7,0.1972,0.1619,0.4594,0.6820,241,8.6047
06885500,aifs,7,0.1744,0.2443,0.4336,0.8241,241,8.0193
06888500,aifs,7,0.2099,0.1797,0.4683,0.7272,241,8.8991
06889200,aifs,7,0.2033,0.2610,0.4593,0.8331,241,8.0678
06889500,aifs,7,0.2381,0.2982,0.4938,0.8368,241,7.6226
06892000,aifs,7,0.1575,0.2445,0.4231,0.8066,241,8.4850
06903400,aifs,7,-0.0068,0.1528,0.2810,0.8729,241,9.4675
06906800,aifs,7,0.1679,0.1236,0.4431,0.6029,241,9.8677
06910800,aifs,7,0.1360,0.1417,0.3887,0.7263,241,8.8725
06911900,aifs,7,0.1322,0.1159,0.3849,0.6903,241,9.4009
06917000,aifs,7,0.1853,0.1142,0.4562,0.6228,241,9.8951
06918460,aifs,7,0.1990,0.3093,0.4679,0.8305,241,8.9296
06919500,aifs,7,0.2346,0.3165,0.5005,0.7781,241,8.3162
06921070,aifs,7,0.1730,0.1875,0.4384,0.6871,241,10.3397
06921200,aifs,7,0.1872,0.1631,0.4471,0.6874,241,10.8818
06934000,aifs,7,0.1918,0.3574,0.4759,0.8650,241,7.7837
07014500,aifs,7,0.0616,0.0926,0.3135,0.7208,241,11.2232
07056000,aifs,7,-0.0664,0.2532,0.3127,1.0724,241,9.4604
07057500,aifs,7,-0.0415,0.3112,0.3567,1.0770,241,8.4953
07060710,aifs,7,0.0225,0.2525,0.3452,1.1019,241,9.9458
07066000,aifs,7,-0.0943,0.2488,0.3005,1.0444,241,8.6580
07067000,aifs,7,-0.1260,0.2936,0.3239,1.0590,241,7.7704
07068000,aifs,7,-0.1841,0.3042,0.3258,1.1033,241,7.4847
07071500,aifs,7,-0.1961,0.2783,0.3067,1.1243,241,8.0896
07083000,aifs,7,0.3057,0.4834,0.6188,1.3171,241,2.4019
07142300,aifs,7,0.0183,0.1579,0.2926,0.9149,241,5.1980
07145700,aifs,7,0.0398,-0.0550,0.2347,0.7072,241,11.3603
07148400,aifs,7,-0.1843,0.2208,0.2595,1.0415,241,4.8359
07149000,aifs,7,-0.0842,0.2945,0.3347,1.0736,241,4.3785
07151500,aifs,7,0.0590,0.1028,0.2974,0.8469,241,7.6062
07167500,aifs,7,0.0877,0.1611,0.3426,0.8363,241,7.5410
07180500,aifs,7,0.0437,0.1007,0.2894,0.8174,241,7.8770
07184000,aifs,7,0.1197,0.1012,0.3612,0.7338,241,12.2880
07195800,aifs,7,0.0202,0.2082,0.3172,1.0324,241,10.8688
07196900,aifs,7,0.0099,0.2934,0.3753,1.1917,241,9.6935
07197000,aifs,7,-0.0627,0.2807,0.3357,1.1210,241,9.6594
07208500,aifs,7,0.2057,0.4490,0.5111,1.0197,241,2.3061
07226500,aifs,7,0.0932,0.3082,0.4035,0.8974,241,2.3360
07261000,aifs,7,-0.2044,0.2263,0.2780,1.1967,241,9.8809
07263295,aifs,7,-0.1570,0.2428,0.3193,1.2772,241,9.9471
07290650,aifs,7,0.1206,0.2857,0.4034,0.9703,241,8.9775
07291000,aifs,7,0.0928,0.2558,0.3766,0.9461,241,9.2354
07292500,aifs,7,0.1092,0.2652,0.3904,0.9287,241,9.2206
07295000,aifs,7,0.1426,0.2411,0.4025,0.9241,241,10.2342
07299670,aifs,7,-0.1199,0.1862,0.2647,1.1737,241,4.8169
07301410,aifs,7,0.0268,0.1265,0.2798,1.0308,241,5.5138
07301500,aifs,7,-0.1512,0.2798,0.3516,1.2845,241,3.4722
07315200,aifs,7,-0.1464,0.2511,0.2883,1.0109,241,7.2428
07315700,aifs,7,-0.5032,0.1300,0.2272,1.3976,241,7.2716
07335700,aifs,7,-0.0507,0.2278,0.2998,0.9812,241,11.2136
07340300,aifs,7,-0.1866,0.3365,0.3690,1.1931,241,9.0447
07346045,aifs,7,-0.1401,0.3104,0.4631,1.4314,241,7.7030
07359610,aifs,7,-0.0142,0.3076,0.3592,1.0028,241,10.3813
07362100,aifs,7,-0.4049,0.1049,0.4339,1.6742,241,8.3751
07362587,aifs,7,-0.1050,0.2411,0.2985,1.1202,241,10.8702
07373000,aifs,7,0.1269,0.3085,0.4188,1.0899,241,8.4900
07375000,aifs,7,0.2387,0.3161,0.4919,0.9444,241,11.8464
07376000,aifs,7,0.1656,0.2784,0.4290,0.9395,241,10.8644
08013000,aifs,7,0.1420,0.2698,0.4097,1.0034,241,9.4142
08014500,aifs,7,0.0291,0.2223,0.3282,0.9869,241,9.7242
08023080,aifs,7,-0.0040,0.2861,0.3963,1.3137,241,9.3028
08025500,aifs,7,0.1940,0.2796,0.4489,0.9960,241,10.0222
08029500,aifs,7,0.1264,0.2271,0.3858,0.9437,241,10.7942
08050800,aifs,7,-0.0206,0.2446,0.3203,0.9762,241,9.6467
08066200,aifs,7,0.0518,0.1062,0.2952,0.8369,241,13.6634
08066300,aifs,7,0.0143,-0.0117,0.2113,0.8628,241,17.5689
08070000,aifs,7,0.0881,0.3707,0.4358,1.1250,241,8.6413
08070200,aifs,7,0.0965,0.3688,0.4340,1.0890,241,8.8026
08079600,aifs,7,-0.0504,0.3238,0.3646,1.1003,241,3.0935
08082700,aifs,7,-0.2488,0.1315,0.2008,1.2136,241,5.9701
08086212,aifs,7,0.0581,0.2948,0.3781,0.9652,241,5.9820
08086290,aifs,7,0.0165,0.3047,0.3674,1.0055,241,6.0828
08101000,aifs,7,-0.1069,0.3057,0.3634,1.2302,241,6.4485
08103900,aifs,7,0.1230,0.2825,0.4035,0.9645,241,8.6761
08104900,aifs,7,-0.0339,0.1423,0.2571,0.9600,241,10.6598
08109700,aifs,7,0.0761,0.2612,0.3824,1.1897,241,10.1737
08150800,aifs,7,0.1399,0.1356,0.3849,0.7609,241,9.8367
08155200,aifs,7,-0.1333,0.2024,0.2951,1.2825,241,8.7963
08158700,aifs,7,-0.1580,0.2196,0.3040,1.2874,241,8.3497
08158810,aifs,7,-0.1784,0.2552,0.3271,1.2828,241,8.0123
08164000,aifs,7,-0.2078,0.2684,0.3452,1.3125,241,8.1290
08164300,aifs,7,0.0608,0.3253,0.4081,1.1767,241,9.3190
08164600,aifs,7,-0.1264,0.2928,0.3603,1.2658,241,7.9116
08165300,aifs,7,0.1874,0.2464,0.4393,0.8947,241,8.5754
08171300,aifs,7,-0.0927,0.2147,0.2978,1.2101,241,8.7840
08175000,aifs,7,0.0086,0.2983,0.3677,1.1223,241,8.6419
08176900,aifs,7,-0.0309,0.3374,0.4197,1.2895,241,6.9830
08178880,aifs,7,0.1031,0.1772,0.3522,0.9432,241,10.0706
08189500,aifs,7,0.1575,0.3750,0.4635,1.1134,241,6.7692
08190000,aifs,7,0.2777,0.1824,0.5723,0.7274,241,12.2362
08190500,aifs,7,0.2867,0.2046,0.5727,0.7496,241,11.6170
08194200,aifs,7,0.1527,0.0707,0.4023,0.6481,241,7.9740
08195000,aifs,7,0.2370,0.1920,0.5003,0.8023,241,11.3497
08196000,aifs,7,0.2477,0.1756,0.5274,0.7821,241,12.9037
08198500,aifs,7,0.2100,0.1937,0.4622,0.8193,241,11.1283
08200000,aifs,7,0.1291,0.1575,0.3695,0.8958,241,11.2405
08202700,aifs,7,0.1850,0.1698,0.4333,0.8146,241,11.6539
08267500,aifs,7,0.1869,0.1826,0.4474,0.7026,241,3.4158
08269000,aifs,7,0.1915,0.3644,0.4747,0.9057,241,2.5248
08271000,aifs,7,0.1900,0.1605,0.4542,0.6646,241,3.5502
08324000,aifs,7,0.1018,0.3752,0.4372,0.9400,241,2.1856
08377900,aifs,7,0.1027,0.2285,0.3793,0.8389,241,3.5400
08378500,aifs,7,0.1541,0.3397,0.4457,0.9087,241,3.0147
08380500,aifs,7,0.1359,0.3305,0.4354,0.8784,241,2.8370
09034900,aifs,7,0.3292,0.4092,0.5773,0.8811,241,3.2302
09035900,aifs,7,0.2520,0.5190,0.5646,1.0938,241,2.5205
09047700,aifs,7,0.2703,0.5179,0.5765,1.1381,241,2.3626
09065500,aifs,7,0.2120,0.4863,0.5357,1.1004,241,2.6407
09066000,aifs,7,0.1081,0.4602,0.5466,1.2895,241,2.3941
09066200,aifs,7,0.2030,0.4528,0.5137,1.0667,241,2.8117
09066300,aifs,7,0.2073,0.4683,0.5236,1.0832,241,2.7288
09081600,aifs,7,0.4128,0.4910,0.6447,1.1357,241,3.3262
09107000,aifs,7,0.2321,0.3040,0.6433,1.5975,241,2.1539
09210500,aifs,7,0.0779,0.4370,0.4752,1.1425,241,2.2306
09223000,aifs,7,0.1272,0.4555,0.5021,1.1596,241,2.6620
09306242,aifs,7,0.1172,0.3881,0.4535,1.1122,241,2.6469
09312600,aifs,7,0.2207,0.4529,0.5269,1.1336,241,2.7301
09352900,aifs,7,0.4729,0.5019,0.6924,0.8988,241,3.1968
09378170,aifs,7,0.1287,0.0822,0.4028,0.5447,241,3.2477
09378630,aifs,7,0.1265,0.0565,0.3992,0.5253,241,3.4218
09386900,aifs,7,0.2464,0.4305,0.5242,0.9464,241,1.9695
09404450,aifs,7,0.3082,0.4683,0.5692,0.9440,241,2.4349
09430500,aifs,7,0.3008,0.4797,0.5772,0.8460,241,1.9131
09430600,aifs,7,0.2215,0.3219,0.5020,0.7362,241,2.6380
09447800,aifs,7,0.1527,0.5029,0.5244,0.9310,241,1.5123
09480000,aifs,7,0.2031,0.2148,0.4754,0.6469,241,3.1371
09484000,aifs,7,0.2940,0.3277,0.5479,0.7781,241,2.7961
09484600,aifs,7,0.3512,0.3390,0.6059,0.6943,241,2.4039
09492400,aifs,7,0.2588,0.2307,0.5323,0.6468,241,4.0728
09494000,aifs,7,0.2547,0.3996,0.5356,0.7851,241,2.9182
09497800,aifs,7,-0.1781,0.2821,0.3263,0.7990,241,3.2700
09497980,aifs,7,-0.0032,0.3069,0.4013,0.7186,241,3.5522
09505200,aifs,7,0.3174,0.5503,0.6020,0.9087,241,2.5476
09505350,aifs,7,0.3397,0.5175,0.6038,0.8740,241,2.6035
09505800,aifs,7,0.3205,0.5576,0.6063,0.9081,241,2.6981
09508300,aifs,7,0.1706,0.4453,0.5229,0.7712,241,2.7723
09510200,aifs,7,-0.1238,0.2380,0.3136,0.7530,241,3.2681
09512280,aifs,7,-0.0866,0.2722,0.3170,0.9758,241,2.8835
09513780,aifs,7,-0.0638,0.2937,0.3389,0.9300,241,2.6622
10023000,aifs,7,0.1858,0.4381,0.5016,1.0879,241,3.2298
10166430,aifs,7,0.1531,0.4028,0.4773,0.8637,241,3.2826
10172700,aifs,7,0.1018,0.4607,0.4843,1.0433,241,2.5807
10172800,aifs,7,0.2257,0.3591,0.5085,0.7631,241,3.2078
10173450,aifs,7,0.3298,0.4252,0.5811,0.8361,241,2.9251
10205030,aifs,7,0.3518,0.4529,0.5979,0.8739,241,2.4403
10234500,aifs,7,0.3815,0.5035,0.6247,0.8709,241,2.7238
10242000,aifs,7,0.3579,0.4094,0.6042,0.7806,241,3.0177
10244950,aifs,7,0.1854,0.4892,0.5297,1.1126,241,2.5699
10249300,aifs,7,0.2400,0.5272,0.6120,1.2682,241,1.9652
10258000,aifs,7,0.6967,0.4465,0.9105,0.6904,241,1.9581
10258500,aifs,7,0.8098,0.7518,0.9108,0.9688,241,0.7914
10259000,aifs,7,0.6732,0.3881,0.9109,0.6321,241,1.5716
10259200,aifs,7,0.7747,0.7361,0.8867,1.0931,241,0.9494
10263500,aifs,7,0.4331,0.1822,0.7176,0.4671,241,4.4053
10310500,aifs,7,0.0752,0.4886,0.5951,1.2895,241,3.4844
10316500,aifs,7,0.1663,0.2501,0.4368,0.7620,241,3.3822
10329500,aifs,7,0.2511,0.4182,0.5227,0.9521,241,2.8238
10336645,aifs,7,0.4834,0.6642,0.7228,1.1698,241,5.8852
10336660,aifs,7,0.5504,0.6978,0.7488,1.0719,241,5.9781
10343500,aifs,7,0.3986,0.6480,0.6938,1.1720,241,4.1752
10348850,aifs,7,0.3498,0.2582,0.6093,0.6202,241,7.3238
10396000,aifs,7,0.3076,0.2858,0.5694,0.6558,241,2.7873
11098000,aifs,7,0.4094,0.1242,0.7060,0.4077,241,6.2643
11124500,aifs,7,0.3806,0.2980,0.6320,0.6670,241,5.4413
11141280,aifs,7,0.5469,0.3981,0.7632,0.6316,241,4.2320
11143000,aifs,7,0.2456,0.1025,0.5115,0.4592,241,8.7672
11148900,aifs,7,0.4092,0.5299,0.6527,0.7781,241,4.1872
11151300,aifs,7,0.3681,0.4628,0.6143,0.7766,241,2.9644
11162500,aifs,7,0.3211,0.4060,0.5823,0.7078,241,5.2129
11176400,aifs,7,0.2748,0.6138,0.6178,1.0052,241,2.8750
11180500,aifs,7,0.2722,0.6041,0.6108,1.0131,241,3.2440
11180960,aifs,7,0.3014,0.4872,0.5796,0.8286,241,3.8158
11224500,aifs,7,0.3964,0.4043,0.6321,0.7123,241,2.5228
11253310,aifs,7,0.3693,0.4186,0.6098,0.7718,241,2.1019
11264500,aifs,7,-1.1286,-0.2364,0.5174,1.9186,241,6.9084
11266500,aifs,7,-0.8404,-0.1041,0.5297,1.8239,241,6.9214
11274500,aifs,7,0.3194,0.5972,0.6230,0.9179,241,2.6600
11274630,aifs,7,0.3092,0.6332,0.6398,1.0531,241,2.4370
11284400,aifs,7,0.2207,0.4527,0.6766,1.4137,241,4.4647
11299600,aifs,7,0.2647,0.5242,0.6563,1.3240,241,4.2369
11381500,aifs,7,0.5582,0.6702,0.7484,0.9614,241,5.9998
11383500,aifs,7,0.5626,0.6711,0.7512,0.9517,241,6.0618
11451100,aifs,7,0.2493,0.5965,0.7146,1.1767,241,4.4797
11468500,aifs,7,0.1090,0.5191,0.6283,1.2602,241,6.2915
11473900,aifs,7,0.3865,0.6865,0.6919,1.0579,241,5.3686
11475560,aifs,7,0.4174,0.4104,0.6500,0.7011,241,9.9441
11476600,aifs,7,0.0396,0.5128,0.6130,1.2270,241,7.1871
11478500,aifs,7,0.2342,0.6191,0.6337,1.0957,241,6.4379
11480390,aifs,7,0.3294,0.6530,0.6619,1.0778,241,5.6720
11481200,aifs,7,0.4363,0.6802,0.6946,1.0269,241,5.9547
11482500,aifs,7,0.4821,0.6529,0.7060,0.9245,241,6.3946
11522500,aifs,7,0.2815,0.6048,0.6843,1.2095,241,5.0509
11523200,aifs,7,0.0899,0.5834,0.6226,1.0539,241,6.2621
11528700,aifs,7,0.2817,0.6404,0.6711,1.1210,241,5.1182
11532500,aifs,7,0.4637,0.5915,0.6867,0.8790,241,8.0813
12010000,aifs,7,0.2289,0.2406,0.5071,0.6481,241,9.9954
12013500,aifs,7,0.1890,0.3438,0.4826,0.7760,241,8.0392
12020000,aifs,7,0.1165,0.3727,0.4510,0.8479,241,7.0256
12025000,aifs,7,0.1544,0.3501,0.4590,0.8280,241,6.6177
12025700,aifs,7,0.0804,0.4301,0.4629,1.0797,241,6.2157
12035000,aifs,7,0.4037,0.4250,0.6491,0.7057,241,8.5267
12040500,aifs,7,0.4022,0.4535,0.6469,0.7455,241,9.8293
12041200,aifs,7,0.4106,0.3717,0.6659,0.6760,241,10.7251
12043000,aifs,7,0.4027,0.4140,0.6492,0.7309,241,8.5012
12048000,aifs,7,0.1611,0.3538,0.5814,1.4890,241,4.7873
12054000,aifs,7,0.3687,0.4683,0.6082,0.9691,241,7.0846
12056500,aifs,7,0.4590,0.4858,0.6836,0.8050,241,8.7042
12073500,aifs,7,0.1772,0.4220,0.4877,1.0271,241,5.1473
12082500,aifs,7,0.1679,0.4299,0.4878,0.9643,241,8.7170
12092000,aifs,7,0.1708,0.3841,0.4712,0.9189,241,8.7815
12095000,aifs,7,0.1159,0.4396,0.4815,1.1106,241,6.9307
12114500,aifs,7,0.1981,0.1944,0.4667,0.6804,241,10.3111
12115000,aifs,7,0.1995,0.1997,0.4673,0.6874,241,10.2495
12115500,aifs,7,0.2134,0.2397,0.4778,0.7334,241,10.1935
12117000,aifs,7,0.2207,0.2619,0.4876,0.7376,241,10.0398
12141300,aifs,7,0.2190,0.2151,0.4905,0.6774,241,11.7751
12143600,aifs,7,0.2074,0.2416,0.4728,0.7363,241,11.1428
12144000,aifs,7,0.2073,0.2714,0.4731,0.7722,241,10.4332
12145500,aifs,7,0.2100,0.3251,0.4853,0.7988,241,8.2177
12147600,aifs,7,0.2305,0.1882,0.5112,0.6389,241,14.3200
12167000,aifs,7,0.2845,0.4338,0.5464,0.9586,241,9.4797
12175500,aifs,7,0.2929,0.4869,0.5651,0.9981,241,6.6220
12186000,aifs,7,0.2903,0.4001,0.5503,0.8451,241,9.7856
12189500,aifs,7,0.2847,0.4809,0.5592,0.9816,241,8.2709
12358500,aifs,7,0.3015,0.3568,0.5637,0.7591,241,5.7653
12377150,aifs,7,0.3061,0.2657,0.5996,0.5962,241,5.4354
12381400,aifs,7,0.2874,0.2963,0.5680,0.6508,241,5.0597
12390700,aifs,7,0.1413,0.4408,0.4849,0.9430,241,4.2588
12411000,aifs,7,0.1338,0.4644,0.4938,0.9869,241,4.9493
12414500,aifs,7,0.2146,0.4658,0.5256,0.9119,241,4.9749
12447390,aifs,7,-0.3420,0.0261,0.3429,1.7181,241,3.2018
12451000,aifs,7,0.1694,0.4855,0.5720,1.2811,241,5.0795
12488500,aifs,7,0.2203,0.3480,0.4887,0.8712,241,7.1140
13011500,aifs,7,0.1270,0.4190,0.5926,1.4138,241,3.4017
13011900,aifs,7,0.1786,0.4954,0.5978,1.3045,241,3.1766
13018300,aifs,7,0.0908,0.4152,0.5061,1.2928,241,3.5124
13023000,aifs,7,0.0297,0.4488,0.5129,1.2569,241,2.9840
13161500,aifs,7,-0.1555,0.1131,0.4674,1.7085,241,2.2805
13235000,aifs,7,0.3188,0.5555,0.6009,0.9721,241,3.6046
13240000,aifs,7,0.4169,0.4340,0.6567,0.7360,241,4.3495
13310700,aifs,7,0.3204,0.5885,0.6154,0.9714,241,3.5924
13313000,aifs,7,0.3517,0.4525,0.6061,0.7866,241,4.1996
13331500,aifs,7,0.4443,0.4430,0.6770,0.7750,241,3.7308
13337000,aifs,7,0.3673,0.5138,0.6220,0.8415,241,4.7338
13338500,aifs,7,0.2698,0.5584,0.5966,1.1368,241,3.8923
13340000,aifs,7,0.3711,0.5768,0.6322,0.9410,241,3.9858
13340600,aifs,7,0.3492,0.4548,0.6034,0.8009,241,5.4079
14020000,aifs,7,0.4741,0.4820,0.6958,0.7991,241,3.5083
14092750,aifs,7,0.3857,0.7044,0.7105,0.9777,241,4.4557
14096850,aifs,7,0.1656,0.5409,0.5960,1.2165,241,3.2340
14137000,aifs,7,0.4056,0.5977,0.6583,0.8907,241,6.6152
14138800,aifs,7,0.4140,0.4014,0.6585,0.6951,241,8.9420
14138870,aifs,7,0.4096,0.4285,0.6504,0.7363,241,9.2943
14138900,aifs,7,0.4000,0.3152,0.6658,0.6265,241,11.1167
14139800,aifs,7,0.4089,0.4330,0.6521,0.7197,241,9.0400
14141500,aifs,7,0.3990,0.5398,0.6450,0.8415,241,7.7964
14154500,aifs,7,-0.2040,0.4373,0.5370,1.2203,241,6.1462
14158500,aifs,7,0.2807,0.6602,0.6739,0.9680,241,6.0319
14158790,aifs,7,0.4014,0.5501,0.6658,0.7485,241,7.0350
14166500,aifs,7,0.2998,0.6274,0.6418,1.0995,241,5.3667
14182500,aifs,7,0.2170,0.6181,0.6395,1.1012,241,7.1858
14185000,aifs,7,0.1343,0.5641,0.6688,1.1756,241,6.6900
14185900,aifs,7,0.3430,0.6839,0.6878,1.0097,241,7.0042
14187000,aifs,7,0.1572,0.5994,0.6294,1.0983,241,6.8756
14216500,aifs,7,0.2849,0.5169,0.5743,0.9265,241,7.8737
14222500,aifs,7,0.3025,0.2518,0.5726,0.6505,241,12.4539
14236200,aifs,7,0.2108,0.4202,0.5047,0.9154,241,7.6369
14301000,aifs,7,0.2244,0.3027,0.4921,0.7639,241,7.8741
14303200,aifs,7,0.2782,0.2383,0.5482,0.6333,241,9.8768
14305500,aifs,7,0.3184,0.2463,0.5912,0.6053,241,11.3681
14306340,aifs,7,0.4099,0.6437,0.6747,0.9117,241,5.4482
14306500,aifs,7,0.3573,0.6070,0.6399,0.9179,241,6.1324
14308990,aifs,7,-0.0492,0.4046,0.5752,1.3772,241,4.6043
14309500,aifs,7,0.3555,0.6890,0.7026,1.0529,241,5.4044
14316700,aifs,7,-0.2885,0.4076,0.5259,1.2301,241,6.0300
14325000,aifs,7,0.3027,0.6273,0.6371,0.9269,241,7.0131
14362250,aifs,7,-0.2448,0.2388,0.5398,1.5506,241,4.6430
14400000,aifs,7,0.2752,0.5231,0.5805,0.8564,241,9.6251
01013500,aifs,8,-0.3693,0.1749,0.2187,1.2231,241,6.4467
01022500,aifs,8,-0.3415,0.1268,0.1793,1.2062,241,7.3018
01030500,aifs,8,-0.2493,0.2251,0.2630,1.1597,241,6.0520
01031500,aifs,8,-0.1824,0.2435,0.3048,1.2370,241,6.1834
01047000,aifs,8,-0.2736,0.1732,0.2231,1.1851,241,6.9025
01052500,aifs,8,-0.4088,0.1383,0.2576,1.4286,241,6.6042
01054200,aifs,8,-0.2221,0.1536,0.2070,1.0956,241,7.9835
01055000,aifs,8,-0.3182,0.2011,0.2341,1.1610,241,6.5832
01057000,aifs,8,-0.3147,0.1958,0.2250,1.1265,241,6.9258
01073000,aifs,8,-0.3722,0.1876,0.2237,1.1999,241,7.0812
01078000,aifs,8,-0.1446,0.2654,0.3064,1.1237,241,6.7116
01118300,aifs,8,-0.1011,-0.0531,0.1380,0.7103,241,12.0785
01121000,aifs,8,0.0573,0.2132,0.3638,0.7474,241,7.9901
01123000,aifs,8,0.0017,0.1756,0.3191,0.7412,241,8.6447
01134500,aifs,8,-0.2317,0.1860,0.2435,1.1978,241,7.2041
01137500,aifs,8,-0.3292,0.1326,0.1924,1.2335,241,7.5072
01139000,aifs,8,-0.2485,0.1512,0.2645,1.3757,241,6.9063
01139800,aifs,8,-0.1306,0.2084,0.2679,1.0984,241,7.3441
01142500,aifs,8,-0.2127,0.2345,0.3186,1.3182,241,6.3365
01144000,aifs,8,-0.1356,0.2654,0.3097,1.1318,241,6.6099
01169000,aifs,8,-0.0257,0.2867,0.3442,1.0472,241,7.0139
01170100,aifs,8,-0.0227,0.3015,0.3566,1.0863,241,6.8273
01181000,aifs,8,-0.0285,0.2088,0.3025,0.8844,241,7.6484
01187300,aifs,8,-0.1316,0.2290,0.2768,0.9883,241,7.0168
01195100,aifs,8,-0.0250,0.0938,0.2708,0.6909,241,9.7031
01333000,aifs,8,-0.0569,0.2191,0.2979,1.1106,241,7.1748
01350000,aifs,8,-0.0153,-0.0279,0.1843,0.8294,241,10.1488
01350080,aifs,8,-0.0515,0.0688,0.2075,0.9440,241,8.0680
01350140,aifs,8,-0.0463,0.0879,0.2227,0.9162,241,7.6230
01365000,aifs,8,-0.0073,0.0913,0.2460,0.8984,241,8.4150
01411300,aifs,8,-0.0564,-0.1104,0.1358,0.6670,241,11.0527
01413500,aifs,8,-0.0190,-0.0206,0.1938,0.7797,241,9.6095
01414500,aifs,8,-0.0162,-0.0190,0.1879,0.8363,241,10.2159
01415000,aifs,8,-0.0174,0.0743,0.2364,0.8511,241,7.9056
01423000,aifs,8,-0.0054,0.0877,0.2554,0.8161,241,7.7734
01434025,aifs,8,0.0267,0.0030,0.2436,0.7572,241,10.5439
01435000,aifs,8,0.0155,0.0223,0.2364,0.8034,241,9.9853
01439500,aifs,8,-0.0078,0.0410,0.2554,0.6861,241,7.6293
01440000,aifs,8,-0.0034,0.0285,0.2497,0.6876,241,8.0576
01440400,aifs,8,-0.0054,-0.0112,0.2495,0.6195,241,8.4209
01451800,aifs,8,0.0232,0.1648,0.3185,0.7685,241,6.7356
01466500,aifs,8,-0.0884,0.1018,0.2306,0.7761,241,7.4757
01484100,aifs,8,0.0279,0.1566,0.3042,0.8378,241,7.6588
01485500,aifs,8,0.0024,0.0437,0.2460,0.7465,241,9.3559
01486000,aifs,8,0.0137,0.0626,0.2572,0.7773,241,9.5573
01487000,aifs,8,0.0767,0.1709,0.3379,0.8482,241,7.9204
01491000,aifs,8,-0.0867,0.2231,0.2863,0.9543,241,6.4352
01510000,aifs,8,-0.0146,0.2297,0.3170,0.9165,241,7.3180
01516500,aifs,8,0.0240,0.1603,0.3162,0.7799,241,5.6202
01518862,aifs,8,0.0385,0.1759,0.3331,0.7712,241,6.0021
01532000,aifs,8,0.0331,0.0759,0.2824,0.7624,241,6.8392
01539000,aifs,8,0.0518,0.1042,0.3194,0.7137,241,7.0429
01542810,aifs,8,-0.0271,0.1961,0.3048,0.8226,241,6.6320
01543000,aifs,8,-0.0259,0.2262,0.3228,0.8250,241,6.4131
01543500,aifs,8,0.0375,0.2185,0.3520,0.7856,241,6.6904
01544500,aifs,8,-0.0132,0.1678,0.2972,0.8063,241,6.2933
01545600,aifs,8,-0.0036,0.1625,0.2941,0.8311,241,6.4462
01547700,aifs,8,-0.0147,-0.1166,0.1664,0.6678,241,10.7818
01548500,aifs,8,-0.0035,0.1781,0.3098,0.7940,241,5.8760
01549500,aifs,8,-0.0077,0.1078,0.2668,0.8041,241,6.5748
01550000,aifs,8,0.0009,0.0530,0.2477,0.7737,241,7.3005
01552000,aifs,8,0.0208,0.0114,0.2512,0.7223,241,8.2495
01552500,aifs,8,0.0410,0.1117,0.3093,0.7430,241,6.8478
01557500,aifs,8,-0.0454,-0.0864,0.1787,0.6236,241,9.6268
01567500,aifs,8,0.0233,0.0156,0.2707,0.6555,241,7.6806
01568000,aifs,8,0.0226,0.0684,0.2950,0.6645,241,6.8006
01580000,aifs,8,0.0150,0.1969,0.3317,0.7683,241,6.1584
01583500,aifs,8,-0.0569,0.1607,0.2714,0.8217,241,6.3353
01586610,aifs,8,-0.0568,0.1322,0.2579,0.7996,241,6.4109
01591400,aifs,8,0.0628,0.0775,0.3298,0.6422,241,7.8459
01596500,aifs,8,-0.0657,0.0446,0.1969,0.8307,241,7.5348
01605500,aifs,8,-0.1436,0.0764,0.1823,0.8509,241,7.1176
01606500,aifs,8,-0.1281,0.1148,0.2126,0.8559,241,6.5852
01613050,aifs,8,-0.0435,0.0325,0.2324,0.6827,241,6.7377
01620500,aifs,8,-0.3047,0.0873,0.1374,0.9499,241,6.4387
01632000,aifs,8,-0.0908,-0.0011,0.2191,0.5930,241,7.4332
01632900,aifs,8,-0.1614,-0.0213,0.1581,0.6316,241,7.4018
01634500,aifs,8,-0.0531,0.0177,0.2304,0.6379,241,7.1187
01638480,aifs,8,-0.0276,0.0507,0.2508,0.6771,241,6.9538
01639500,aifs,8,-0.0353,0.1429,0.2755,0.7877,241,6.2379
01644000,aifs,8,-0.0577,0.0720,0.2553,0.6590,241,6.6304
01658500,aifs,8,-0.1216,0.0511,0.2020,0.7008,241,7.6638
01664000,aifs,8,-0.1479,0.0042,0.1881,0.6149,241,7.3572
01666500,aifs,8,-0.1796,0.0303,0.1819,0.6534,241,7.4309
01667500,aifs,8,-0.2078,0.0600,0.1860,0.6822,241,7.1858
01669000,aifs,8,-0.1848,0.0909,0.1730,0.9026,241,8.8066
01669520,aifs,8,-0.2344,0.0567,0.1345,0.9089,241,8.9366
02011400,aifs,8,-0.2540,0.1304,0.1820,0.9190,241,6.6923
02011460,aifs,8,-0.2185,0.1167,0.1782,0.9647,241,7.0056
02013000,aifs,8,-0.2091,0.1661,0.2200,0.8935,241,6.8912
02014000,aifs,8,-0.3583,0.1663,0.1892,0.9386,241,6.5349
02015700,aifs,8,-0.2526,0.0816,0.1443,0.9828,241,6.8704
02016000,aifs,8,-0.3155,0.1648,0.1926,0.9868,241,6.2007
02017500,aifs,8,-0.5285,0.1742,0.1789,1.0486,241,6.1374
02018000,aifs,8,-0.6313,0.1649,0.1689,1.0792,241,6.0593
02027000,aifs,8,-0.5098,0.1710,0.1836,1.1191,241,6.4050
02027500,aifs,8,-0.4337,0.1701,0.1828,1.0535,241,6.5304
02028500,aifs,8,-0.4087,0.1374,0.1653,0.8735,241,6.6431
02038850,aifs,8,-0.4319,0.1144,0.1391,0.9166,241,7.0614
02046000,aifs,8,-0.4131,0.0652,0.1022,0.9198,241,8.1434
02051000,aifs,8,-0.3487,0.0428,0.0976,0.9060,241,8.5057
02051500,aifs,8,-0.5054,0.0367,0.0634,0.9659,241,8.1967
02053200,aifs,8,-0.3316,0.1786,0.2033,1.0713,241,8.3744
02053800,aifs,8,-0.4457,0.1776,0.1904,0.9151,241,6.4225
02055100,aifs,8,-0.6697,0.1106,0.1725,1.3262,241,6.1727
02056900,aifs,8,-0.3466,0.1842,0.2079,0.9030,241,6.8954
02059500,aifs,8,-0.6336,0.2014,0.2043,1.0625,241,5.9381
02064000,aifs,8,-0.5701,0.1416,0.1595,1.1590,241,6.6906
02065500,aifs,8,-0.6548,0.1079,0.1193,1.1272,241,6.7751
02069700,aifs,8,-0.2916,0.1280,0.1726,0.9146,241,8.0022
02070000,aifs,8,-0.3650,0.0885,0.1310,0.8911,241,8.1289
02074500,aifs,8,-0.3863,0.0187,0.0731,1.1123,241,8.7394
02077200,aifs,8,-0.6452,0.1338,0.1552,1.1889,241,7.0799
02081500,aifs,8,-0.5618,0.0909,0.1113,1.1375,241,7.9141
02082950,aifs,8,-0.6952,0.1236,0.1889,1.3304,241,7.0885
02092500,aifs,8,-0.5742,0.1249,0.2456,1.4432,241,7.8438
02096846,aifs,8,-0.3289,-0.0545,0.0251,1.0288,241,10.3507
02102908,aifs,8,-0.1632,0.1539,0.2191,1.0496,241,9.0239
02108000,aifs,8,-0.3943,0.2129,0.2699,1.2881,241,7.6299
02111180,aifs,8,-0.1157,0.1964,0.2649,0.8934,241,7.8527
02111500,aifs,8,-0.2046,0.1691,0.2208,0.9199,241,8.0373
02118500,aifs,8,-0.4407,0.1791,0.1887,1.0303,241,7.4908
02128000,aifs,8,-0.3472,0.1649,0.1930,1.1028,241,7.6315
02137727,aifs,8,-0.0951,0.1295,0.2305,0.8775,241,8.7609
02140991,aifs,8,-0.1234,0.2471,0.2921,0.9523,241,7.5781
02143000,aifs,8,-0.2432,0.1962,0.2291,0.9882,241,7.8736
02143040,aifs,8,-0.1694,0.2447,0.2788,0.9894,241,7.5759
02149000,aifs,8,-0.0499,0.0823,0.2293,0.8084,241,10.1215
02152100,aifs,8,-0.2317,0.2431,0.2664,1.0326,241,7.4066
02177000,aifs,8,-0.0518,0.1957,0.2802,0.9936,241,9.1978
02178400,aifs,8,-0.1943,0.1782,0.2266,0.9876,241,8.3104
02193340,aifs,8,-0.1582,0.1624,0.2608,1.2806,241,7.8135
02196000,aifs,8,0.0375,0.2457,0.3461,1.0736,241,7.8739
02198100,aifs,8,0.0115,0.0919,0.2566,0.9067,241,10.3575
02202600,aifs,8,-0.2567,0.1978,0.2945,1.3541,241,6.6946
02212600,aifs,8,-0.1919,0.0763,0.1590,1.0693,241,9.2897
02215100,aifs,8,-0.0618,0.1113,0.2274,0.9509,241,8.6961
02216180,aifs,8,0.0475,0.1192,0.2913,0.9253,241,9.6941
02221525,aifs,8,-0.1761,0.1612,0.2257,1.1168,241,8.2424
02231000,aifs,8,0.0393,0.2958,0.3713,0.9660,241,6.5603
02231342,aifs,8,-0.1056,0.1971,0.2663,1.0818,241,7.1299
02235200,aifs,8,0.0438,0.3344,0.3934,0.9895,241,6.6900
02245500,aifs,8,-0.0427,0.2455,0.3190,1.1112,241,6.7062
02246000,aifs,8,-0.0729,0.2948,0.3366,1.0531,241,6.1127
02296500,aifs,8,-0.1435,0.2543,0.2926,0.9478,241,6.5060
02297155,aifs,8,-0.1306,0.0750,0.1838,0.8714,241,9.2968
02297310,aifs,8,-0.1741,0.0939,0.1877,0.8318,241,8.6154
02298123,aifs,8,-0.2073,0.0904,0.1641,0.9362,241,7.8834
02298608,aifs,8,-0.1839,0.0567,0.1598,0.8264,241,9.3113
02299950,aifs,8,-0.2468,0.0868,0.1501,0.9579,241,8.8171
02300700,aifs,8,-0.1535,0.0676,0.1636,0.9889,241,10.0434
02310947,aifs,8,-0.0924,0.1976,0.2680,1.0307,241,8.0420
02312200,aifs,8,0.0057,0.1733,0.2918,0.9858,241,9.2768
02314500,aifs,8,0.0652,0.2492,0.3601,0.9391,241,7.4642
02315500,aifs,8,0.0408,0.2785,0.3637,0.9428,241,6.9057
02324400,aifs,8,0.0908,0.1694,0.3429,0.9032,241,9.8975
02327100,aifs,8,-0.0897,0.1880,0.2626,0.9789,241,9.2727
02349900,aifs,8,0.0282,0.1178,0.2843,0.8545,241,9.2960
02350900,aifs,8,-0.0314,0.2106,0.2978,0.9469,241,7.5795
02361000,aifs,8,-0.0593,0.2305,0.2985,1.0005,241,7.3320
02363000,aifs,8,-0.0162,0.1979,0.2953,0.9944,241,7.9276
02369800,aifs,8,0.0751,0.0642,0.3113,0.7501,241,12.3994
02371500,aifs,8,-0.0268,0.0869,0.2312,0.9258,241,9.4962
02372250,aifs,8,-0.0152,0.1089,0.2526,0.8826,241,9.1644
02374500,aifs,8,-0.0407,0.0614,0.2166,0.8493,241,10.1822
02381600,aifs,8,-0.1424,0.0285,0.1456,0.9021,241,10.8378
02384540,aifs,8,-0.2086,0.0906,0.1629,0.9575,241,9.6064
02395120,aifs,8,-0.2000,0.1534,0.2289,1.2136,241,8.1888
02408540,aifs,8,-0.0427,0.1476,0.2564,0.9576,241,9.7362
02415000,aifs,8,0.0197,0.1361,0.2872,0.8652,241,10.2665
02422500,aifs,8,-0.1448,0.1651,0.2364,1.1137,241,9.3285
02427250,aifs,8,-0.0341,0.2254,0.3042,1.0164,241,7.7667
02430085,aifs,8,-0.4081,0.1369,0.1824,1.2258,241,10.2030
02450250,aifs,8,-0.2624,0.1731,0.2085,0.9821,241,10.9541
02464000,aifs,8,-0.1814,0.1467,0.2102,1.0694,241,12.1714
02465493,aifs,8,-0.2060,0.2325,0.2752,1.1567,241,9.3429
02469800,aifs,8,-0.0217,0.1657,0.2791,0.9015,241,9.1632
02472000,aifs,8,0.0724,0.2682,0.3757,0.8911,241,10.0569
02472500,aifs,8,0.0556,0.1416,0.3200,0.7957,241,11.0439
02479155,aifs,8,0.0929,0.0897,0.3281,0.7963,241,12.5353
02479300,aifs,8,0.0772,-0.0293,0.3038,0.6612,241,16.7743
02481000,aifs,8,0.0705,-0.0806,0.2996,0.6030,241,20.2063
02481510,aifs,8,0.1117,0.0048,0.3708,0.6145,241,16.2393
03010655,aifs,8,0.0383,0.2032,0.3423,0.7938,241,6.4384
03011800,aifs,8,0.0184,0.1911,0.3218,0.8179,241,7.6013
03015500,aifs,8,0.0191,0.3917,0.4202,0.9824,241,6.3698
03021350,aifs,8,0.1106,0.3514,0.4310,0.9133,241,7.0009
03026500,aifs,8,0.0457,0.2318,0.3550,0.8221,241,7.0677
03028000,aifs,8,0.0280,0.2304,0.3435,0.8403,241,7.3375
03049800,aifs,8,-0.0172,0.0827,0.2468,0.8107,241,8.8703
03050000,aifs,8,-0.0058,0.0914,0.2540,0.8396,241,9.4413
03066000,aifs,8,-0.0167,0.0406,0.2338,0.7640,241,8.4698
03069500,aifs,8,-0.0274,0.1080,0.2521,0.8390,241,7.8913
03070500,aifs,8,-0.0635,0.1686,0.2658,0.8881,241,7.8525
03076600,aifs,8,-0.0439,0.0123,0.2003,0.7702,241,9.1482
03078000,aifs,8,-0.0416,0.0225,0.1959,0.8352,241,9.0220
03140000,aifs,8,-0.0829,0.1587,0.2566,0.8507,241,7.3932
03144000,aifs,8,-0.0534,0.0535,0.2342,0.7022,241,9.0085
03159540,aifs,8,-0.0465,0.0082,0.2040,0.7293,241,9.5465
03161000,aifs,8,-0.2067,0.1791,0.2264,0.9342,241,7.4534
03164000,aifs,8,-0.3309,0.1628,0.1920,0.9172,241,6.8558
03165000,aifs,8,-0.1698,0.1298,0.2153,0.8153,241,7.8747
03170000,aifs,8,-0.3833,0.1789,0.2001,0.8932,241,6.5529
03173000,aifs,8,-0.4586,0.1803,0.1902,0.9323,241,5.9877
03180500,aifs,8,-0.1332,0.1200,0.2049,0.9847,241,7.4442
03182500,aifs,8,-0.2146,0.1462,0.1993,1.0049,241,6.8562
03186500,aifs,8,-0.1376,0.1233,0.2140,0.8663,241,7.9114
03187500,aifs,8,-0.1415,0.1366,0.2184,0.8925,241,7.8324
03213700,aifs,8,-0.2716,0.1348,0.1786,0.9746,241,7.9242
03237280,aifs,8,-0.1559,0.0759,0.1732,0.8919,241,8.3086
03237500,aifs,8,-0.1431,0.0607,0.1742,0.8357,241,8.5949
03241500,aifs,8,-0.0950,0.0069,0.1808,0.7142,241,10.4090
03280700,aifs,8,-0.3506,0.1286,0.1603,1.0517,241,8.3755
03281100,aifs,8,-0.3155,0.1973,0.2184,1.0350,241,7.9166
03281500,aifs,8,-0.3103,0.2012,0.2220,1.0301,241,7.6476
03285000,aifs,8,-0.1146,0.1079,0.2073,0.9043,241,9.5461
03291780,aifs,8,-0.0236,0.0955,0.2514,0.7963,241,10.4461
03300400,aifs,8,-0.0404,0.1027,0.2456,0.8120,241,9.8682
03340800,aifs,8,-0.0359,0.0692,0.2326,0.7822,241,10.4993
03346000,aifs,8,-0.0158,0.2004,0.3040,0.8710,241,8.7777
03364500,aifs,8,-0.0015,-0.0157,0.2341,0.6493,241,13.1907
03366500,aifs,8,-0.0386,0.1000,0.2463,0.7994,241,10.2952
03368000,aifs,8,-0.0202,-0.0367,0.2198,0.6199,241,13.1818
03384450,aifs,8,-0.2075,0.1429,0.1990,0.9763,241,10.4030
03439000,aifs,8,-0.0692,0.2167,0.2902,0.9156,241,8.2044
03450000,aifs,8,-0.1067,0.2229,0.2808,0.9454,241,6.8666
03455500,aifs,8,-0.2111,0.1778,0.2265,0.9093,241,7.9296
03456500,aifs,8,-0.1891,0.1676,0.2327,0.8428,241,7.4045
03460000,aifs,8,-0.1176,0.1916,0.2622,0.8881,241,7.5791
03463300,aifs,8,-0.0463,0.1674,0.2834,0.8038,241,8.0816
03471500,aifs,8,-0.3148,0.1310,0.1692,0.9331,241,6.9720
03473000,aifs,8,-0.2781,0.1334,0.1797,0.9118,241,7.1251
03479000,aifs,8,-0.2486,0.2457,0.2659,0.9645,241,6.6992
03488000,aifs,8,-0.3097,0.1434,0.1783,0.9561,241,7.0646
03498500,aifs,8,-0.2269,0.1227,0.1841,0.9041,241,8.4739
03500000,aifs,8,-0.2784,0.1533,0.1922,1.0585,241,8.3416
03504000,aifs,8,-0.1701,0.0876,0.1826,0.8430,241,9.4293
03574500,aifs,8,-0.1369,0.2398,0.2841,1.0548,241,9.8546
03604000,aifs,8,0.0158,0.2473,0.3411,0.8869,241,9.6278
04015330,aifs,8,0.0282,0.3039,0.3715,0.9641,241,6.4566
04024430,aifs,8,-0.0748,0.3810,0.4020,1.1122,241,5.2167
04027000,aifs,8,-0.4928,0.1756,0.2614,1.3660,241,5.5261
04040500,aifs,8,-0.4706,0.0310,0.0632,0.9931,241,6.4400
04043050,aifs,8,-0.4803,0.0970,0.1156,1.0152,241,5.9069
04045500,aifs,8,-0.3044,0.1325,0.1701,1.0026,241,5.8133
04056500,aifs,8,-0.4084,0.1051,0.1320,1.0288,241,5.6358
04057510,aifs,8,-0.2456,0.0781,0.1467,0.9129,241,6.2182
04057800,aifs,8,-0.4437,0.0018,0.0453,0.9516,241,6.4541
04059500,aifs,8,-0.1769,0.1812,0.2345,0.9428,241,5.6126
04063700,aifs,8,-0.1399,0.2575,0.3008,1.1150,241,5.0705
04074950,aifs,8,-0.0864,0.2250,0.2884,0.9391,241,5.4675
04105700,aifs,8,-0.0573,0.1407,0.2516,0.8807,241,7.3865
04115265,aifs,8,-0.0167,0.1477,0.2743,0.8690,241,7.2231
04122200,aifs,8,-0.0576,0.1659,0.2687,0.8601,241,7.3838
04122500,aifs,8,-0.0938,0.1886,0.2711,0.8530,241,7.0677
04124000,aifs,8,0.1722,0.1415,0.4498,0.6119,241,7.8136
04127997,aifs,8,0.1270,0.1393,0.4011,0.6462,241,7.2138
04185000,aifs,8,0.0371,0.2466,0.3579,0.8248,241,6.4351
04196800,aifs,8,-0.0528,0.2247,0.3069,0.8564,241,7.2253
04197100,aifs,8,-0.0487,0.1378,0.2555,0.8614,241,8.0711
04197170,aifs,8,-0.0466,0.2003,0.2882,0.9132,241,7.3083
04213000,aifs,8,-0.0143,0.3384,0.3782,1.0203,241,6.4452
04213075,aifs,8,0.0229,0.2797,0.3558,1.0052,241,7.1108
04216418,aifs,8,-0.0003,0.1594,0.3082,0.7605,241,7.4002
04221000,aifs,8,0.0446,0.2087,0.3441,0.8150,241,6.0635
04224775,aifs,8,0.0395,0.1823,0.3239,0.8424,241,6.7345
04256000,aifs,8,-0.0102,0.4087,0.4363,1.1297,241,6.0466
04296000,aifs,8,-0.3300,0.1568,0.2575,1.3739,241,7.1975
05057000,aifs,8,-0.1033,0.3070,0.3507,1.1645,241,3.9111
05057200,aifs,8,-0.2621,0.2668,0.3035,1.2030,241,3.8704
05062500,aifs,8,-0.0738,0.2504,0.3082,1.0626,241,4.5607
05087500,aifs,8,0.0254,0.2661,0.3510,1.0616,241,5.2229
05120500,aifs,8,0.0807,0.3254,0.4075,1.1118,241,3.8435
05123400,aifs,8,0.1478,0.3125,0.4288,0.9699,241,4.8145
05129115,aifs,8,-0.4053,0.1859,0.2478,1.3007,241,5.6150
05131500,aifs,8,-0.5281,0.1719,0.2259,1.2931,241,5.4052
05291000,aifs,8,-0.1218,-0.0347,0.1092,0.9629,241,7.2394
05362000,aifs,8,-0.2766,0.2383,0.2641,1.1276,241,5.7971
05393500,aifs,8,-0.1736,0.2199,0.2617,1.0505,241,6.0814
05399500,aifs,8,0.0156,0.1808,0.3126,0.8239,241,7.0138
05408000,aifs,8,-0.0120,0.0407,0.2361,0.7437,241,9.0227
05412500,aifs,8,-0.1219,0.1381,0.2333,0.8260,241,7.9880
05413500,aifs,8,-0.0119,0.1302,0.2761,0.7976,241,8.6394
05414000,aifs,8,0.0175,0.1610,0.3013,0.8369,241,8.3426
05444000,aifs,8,-0.0170,0.2752,0.3397,1.0361,241,7.2682
05454000,aifs,8,0.0173,0.1484,0.2973,0.8189,241,8.5479
05458000,aifs,8,-0.2098,0.0608,0.1520,0.8375,241,8.6527
05466500,aifs,8,0.2068,0.1919,0.4695,0.6990,241,9.3626
05487980,aifs,8,-0.0295,0.0091,0.2112,0.7305,241,9.0939
05488200,aifs,8,0.0043,-0.0488,0.2095,0.6951,241,10.8526
05489000,aifs,8,-0.0115,-0.0267,0.2105,0.6925,241,10.1364
05495000,aifs,8,0.0775,0.2620,0.3791,0.8534,241,7.0095
05495500,aifs,8,0.1236,0.2016,0.3927,0.7609,241,8.3822
05501000,aifs,8,0.0440,0.0925,0.2929,0.7663,241,9.8097
05503800,aifs,8,0.0890,0.2774,0.3877,0.8915,241,7.4967
05507600,aifs,8,0.0006,0.3222,0.3732,0.9587,241,6.5841
05508805,aifs,8,-0.0175,0.3044,0.3597,0.9177,241,6.5265
05514500,aifs,8,0.0544,0.3147,0.3923,0.8869,241,6.8800
05525500,aifs,8,0.1649,0.2823,0.4335,0.8782,241,7.4285
05556500,aifs,8,0.0765,0.1966,0.3544,0.8083,241,8.6307
05584500,aifs,8,0.1631,0.1406,0.4138,0.7337,241,10.3546
05585000,aifs,8,0.1718,0.1817,0.4251,0.7605,241,9.4176
05591550,aifs,8,0.0934,0.2010,0.3612,0.8492,241,8.6382
05592050,aifs,8,0.0850,0.2796,0.3827,0.9653,241,7.2622
05592575,aifs,8,0.0057,0.1367,0.2912,0.7821,241,9.6529
05593575,aifs,8,-0.0714,0.2315,0.2958,0.9640,241,8.4855
05593900,aifs,8,0.0969,0.2195,0.3731,0.8300,241,8.3431
05595730,aifs,8,-0.1375,0.2381,0.2814,0.9950,241,8.3390
06037500,aifs,8,0.1593,0.4454,0.5283,1.2509,241,3.5661
06043500,aifs,8,0.1533,0.4834,0.5590,1.2608,241,3.4887
06154410,aifs,8,0.1467,0.1427,0.4097,0.6389,241,4.4918
06188000,aifs,8,-0.1596,0.3624,0.4993,1.3828,241,3.2319
06191500,aifs,8,-0.0683,0.3859,0.5287,1.3868,241,3.1442
06221400,aifs,8,-0.1163,0.3415,0.4566,1.3720,241,3.0919
06224000,aifs,8,-0.1060,0.3195,0.4333,1.3729,241,3.2438
06289000,aifs,8,-0.6563,0.1578,0.3640,1.5086,241,3.6646
06332515,aifs,8,-0.0486,0.2259,0.3020,1.0807,241,3.4439
06339100,aifs,8,-0.2451,0.1945,0.2342,1.1182,241,2.9177
06339500,aifs,8,0.0458,0.2684,0.3591,0.9861,241,3.0269
06344600,aifs,8,-0.0519,0.1033,0.2302,0.8941,241,3.5318
06350000,aifs,8,0.0703,0.2632,0.3745,0.8675,241,2.7885
06352000,aifs,8,-0.0559,0.2994,0.3426,0.9784,241,2.5534
06353000,aifs,8,0.0158,0.2962,0.3626,0.9744,241,2.6441
06354000,aifs,8,0.1046,0.2902,0.3992,0.9190,241,2.7462
06360500,aifs,8,-0.2448,0.3298,0.3377,1.0802,241,2.8159
06404000,aifs,8,-0.2532,0.2438,0.3336,1.3482,241,3.7197
06406000,aifs,8,-0.3215,0.2540,0.3227,1.3104,241,3.4849
06408700,aifs,8,-0.6219,0.1389,0.1886,1.2881,241,3.6779
06409000,aifs,8,-0.5497,0.1766,0.2409,1.3191,241,3.5389
06431500,aifs,8,-0.4783,0.1525,0.1942,1.2439,241,3.9263
06440200,aifs,8,-0.0378,0.1980,0.2950,0.8577,241,4.3262
06441500,aifs,8,-0.2416,0.2543,0.2811,0.8768,241,3.8753
06447000,aifs,8,-0.0222,0.2349,0.3174,0.9099,241,3.3529
06447500,aifs,8,-0.1307,0.1146,0.2047,0.9188,241,4.0590
06450500,aifs,8,-0.1266,0.0911,0.2019,0.8164,241,4.8151
06452000,aifs,8,-0.1254,0.2006,0.2666,0.8758,241,3.7814
06453600,aifs,8,-0.1144,0.1266,0.2241,0.8539,241,5.6598
06464500,aifs,8,0.0019,0.0791,0.2630,0.7462,241,6.1586
06477500,aifs,8,-0.2343,0.1990,0.2328,0.9886,241,5.5326
06479215,aifs,8,-0.1144,-0.0314,0.1144,0.9891,241,7.3788
06479438,aifs,8,-0.1220,0.0066,0.1358,1.0244,241,6.8761
06601000,aifs,8,-0.1741,0.0094,0.1191,0.9292,241,8.0921
06614800,aifs,8,0.2342,0.2822,0.4899,0.8453,241,4.6906
06622700,aifs,8,0.0807,0.4088,0.4476,1.0397,241,3.4107
06623800,aifs,8,-0.0033,0.4162,0.4414,1.1231,241,3.8283
06632400,aifs,8,0.2021,0.4251,0.5027,1.0853,241,3.4564
06784000,aifs,8,0.0867,0.1898,0.3571,0.8092,241,5.2321
06803510,aifs,8,-0.1066,-0.0716,0.1052,0.8079,241,8.6567
06803530,aifs,8,-0.1110,0.0185,0.1529,0.8866,241,7.4420
06814000,aifs,8,-0.1488,0.0942,0.1844,0.9353,241,8.1567
06846500,aifs,8,0.0774,0.3234,0.4035,0.9091,241,3.9927
06847900,aifs,8,0.0907,0.2087,0.3610,0.8592,241,4.8108
06853800,aifs,8,-0.1276,0.1465,0.2238,1.0159,241,5.6966
06876700,aifs,8,0.0555,-0.0244,0.2665,0.6924,241,9.6243
06878000,aifs,8,-0.0846,0.0222,0.1685,0.8700,241,8.3260
06879650,aifs,8,-0.0722,0.0334,0.1983,0.7530,241,9.9444
06885500,aifs,8,0.0218,0.1419,0.2990,0.7967,241,8.7289
06888500,aifs,8,-0.1424,-0.0122,0.1282,0.8116,241,10.7011
06889200,aifs,8,-0.1604,0.0532,0.1582,0.8702,241,9.7369
06889500,aifs,8,-0.1818,0.0713,0.1615,0.8910,241,9.4937
06892000,aifs,8,-0.1987,0.0529,0.1472,0.8571,241,10.1210
06903400,aifs,8,-0.0423,-0.0158,0.1888,0.7311,241,9.6329
06906800,aifs,8,0.0477,0.1066,0.3364,0.6224,241,10.5564
06910800,aifs,8,-0.2371,0.0125,0.1085,0.8457,241,10.6171
06911900,aifs,8,-0.2536,-0.0311,0.0777,0.8049,241,11.2991
06917000,aifs,8,0.0142,0.1065,0.2998,0.6801,241,10.8850
06918460,aifs,8,0.0240,0.1101,0.2936,0.7443,241,9.8568
06919500,aifs,8,0.0873,0.2174,0.3791,0.7506,241,9.0812
06921070,aifs,8,0.0163,0.0270,0.2719,0.6378,241,11.2774
06921200,aifs,8,0.0477,0.0518,0.2968,0.6666,241,11.7788
06934000,aifs,8,-0.0593,0.1469,0.2609,0.8266,241,8.9113
07014500,aifs,8,-0.0529,-0.0188,0.1839,0.7161,241,11.8885
07056000,aifs,8,-0.1333,0.1049,0.1998,0.8917,241,9.7528
07057500,aifs,8,-0.1631,0.1735,0.2313,0.9841,241,8.9776
07060710,aifs,8,-0.0558,0.1587,0.2573,0.9636,241,10.3368
07066000,aifs,8,-0.2115,0.1419,0.1970,1.0012,241,9.1096
07067000,aifs,8,-0.2481,0.1960,0.2284,1.0301,241,8.1806
07068000,aifs,8,-0.2932,0.2308,0.2504,1.0774,241,7.8219
07071500,aifs,8,-0.2991,0.2126,0.2355,1.0814,241,8.4310
07083000,aifs,8,-0.2379,0.2531,0.3630,1.3861,241,3.2073
07142300,aifs,8,-0.0303,0.1591,0.2676,1.0057,241,5.3251
07145700,aifs,8,-0.0341,-0.0531,0.1603,0.7920,241,11.7892
07148400,aifs,8,-0.0903,0.2940,0.3395,1.1356,241,4.6400
07149000,aifs,8,-0.2277,0.2511,0.2918,1.1895,241,4.6593
07151500,aifs,8,-0.0689,0.0785,0.2049,0.9441,241,8.1067
07167500,aifs,8,0.0162,0.2300,0.3275,0.9459,241,7.8309
07180500,aifs,8,-0.0927,0.1238,0.2233,0.9320,241,8.4203
07184000,aifs,8,0.0646,0.0460,0.2973,0.7096,241,12.6666
07195800,aifs,8,0.0184,0.0658,0.2541,0.8334,241,10.8787
07196900,aifs,8,-0.0853,0.1061,0.2140,0.9625,241,10.1486
07197000,aifs,8,-0.0656,0.1321,0.2407,0.9056,241,9.6724
07208500,aifs,8,0.1873,0.4369,0.4994,1.0524,241,2.3327
07226500,aifs,8,-0.0835,0.2343,0.2939,0.9651,241,2.5534
07261000,aifs,8,-0.1528,0.2231,0.2678,1.0253,241,9.6668
07263295,aifs,8,0.0876,0.3474,0.4169,1.0441,241,8.8336
07290650,aifs,8,0.1041,0.4190,0.4608,1.0489,241,9.0614
07291000,aifs,8,0.1157,0.3791,0.4428,0.9994,241,9.1180
07292500,aifs,8,0.1537,0.3825,0.4604,0.9666,241,8.9875
07295000,aifs,8,0.3173,0.4148,0.5655,0.9477,241,9.1324
07299670,aifs,8,-0.3347,0.0804,0.1282,1.0857,241,5.2587
07301410,aifs,8,-0.0836,0.0351,0.1709,1.0112,241,5.8182
07301500,aifs,8,-0.3595,0.1944,0.2424,1.2482,241,3.7732
07315200,aifs,8,0.0469,0.1908,0.3277,0.8678,241,6.6039
07315700,aifs,8,-0.1754,0.1861,0.2480,1.1589,241,6.4300
07335700,aifs,8,-0.0682,0.0521,0.2068,0.7805,241,11.3063
07340300,aifs,8,-0.0920,0.2814,0.3219,0.9722,241,8.6769
07346045,aifs,8,-0.2396,0.2985,0.3230,1.1582,241,8.0322
07359610,aifs,8,0.0672,0.2328,0.3651,0.8150,241,9.9561
07362100,aifs,8,-0.1830,0.3067,0.3818,1.3088,241,7.6853
07362587,aifs,8,0.1085,0.2869,0.4008,0.9016,241,9.7641
07373000,aifs,8,-0.0520,0.3671,0.4115,1.1973,241,9.3196
07375000,aifs,8,0.1586,0.1564,0.4033,0.8424,241,12.4537
07376000,aifs,8,0.1823,0.2327,0.4341,0.8798,241,10.7552
08013000,aifs,8,0.0648,0.3847,0.4321,1.0865,241,9.8284
08014500,aifs,8,0.1337,0.4683,0.4984,1.0647,241,9.1855
08023080,aifs,8,-0.3231,0.1858,0.2369,1.2395,241,10.6794
08025500,aifs,8,0.1055,0.3437,0.4227,1.0537,241,10.5581
08029500,aifs,8,-0.0986,0.2206,0.2802,1.0067,241,12.1046
08050800,aifs,8,0.0644,0.1201,0.3134,0.8044,241,9.2365
08066200,aifs,8,-0.1379,0.0679,0.1769,0.8599,241,14.9680
08066300,aifs,8,-0.0411,0.0267,0.1910,0.8993,241,18.0551
08070000,aifs,8,-0.2746,0.2811,0.3034,1.1509,241,10.2167
08070200,aifs,8,-0.2305,0.2937,0.3130,1.1163,241,10.2726
08079600,aifs,8,-0.1714,0.2831,0.3280,1.2011,241,3.2668
08082700,aifs,8,-0.1551,0.0856,0.1782,1.0920,241,5.7419
08086212,aifs,8,0.0357,0.1705,0.3083,0.9130,241,6.0528
08086290,aifs,8,0.0306,0.1911,0.3139,0.9524,241,6.0390
08101000,aifs,8,-0.0508,0.2860,0.3492,1.1700,241,6.2830
08103900,aifs,8,0.0790,0.1769,0.3402,0.8656,241,8.8908
08104900,aifs,8,-0.0463,0.0452,0.2038,0.8456,241,10.7235
08109700,aifs,8,-0.1288,0.1181,0.2087,1.0967,241,11.2456
08150800,aifs,8,0.0983,0.0548,0.3326,0.7037,241,10.0715
08155200,aifs,8,-0.1726,0.1458,0.2191,1.1473,241,8.9477
08158700,aifs,8,-0.2085,0.1653,0.2260,1.1616,241,8.5300
08158810,aifs,8,-0.2277,0.1954,0.2420,1.1479,241,8.1782
08164000,aifs,8,-0.4287,0.2370,0.3007,1.3048,241,8.8411
08164300,aifs,8,0.0627,0.3774,0.4329,1.1386,241,9.3098
08164600,aifs,8,-0.2549,0.3133,0.3835,1.3023,241,8.3505
08165300,aifs,8,0.0965,0.1359,0.3382,0.8515,241,9.0419
08171300,aifs,8,-0.1436,0.1636,0.2354,1.1118,241,8.9863
08175000,aifs,8,-0.1629,0.2939,0.3245,1.1301,241,9.3598
08176900,aifs,8,-0.3885,0.2637,0.3497,1.3411,241,8.1040
08178880,aifs,8,0.0112,0.0652,0.2433,0.8982,241,10.5743
08189500,aifs,8,-0.2741,0.2616,0.3025,1.2222,241,8.3245
08190000,aifs,8,0.1235,0.0157,0.3620,0.6998,241,13.4793
08190500,aifs,8,0.1610,0.0673,0.4158,0.7267,241,12.5990
08194200,aifs,8,0.0835,0.1221,0.3313,0.7665,241,8.2936
08195000,aifs,8,0.1022,0.0412,0.3265,0.7700,241,12.3113
08196000,aifs,8,0.1059,0.0159,0.3306,0.7535,241,14.0672
08198500,aifs,8,0.0701,0.0444,0.2907,0.7891,241,12.0728
08200000,aifs,8,0.0173,0.0337,0.2350,0.8608,241,11.9405
08202700,aifs,8,0.0412,0.0232,0.2563,0.7919,241,12.6407
08267500,aifs,8,0.2631,0.2131,0.5327,0.6715,241,3.2518
08269000,aifs,8,0.2866,0.3992,0.5443,0.8753,241,2.3718
08271000,aifs,8,0.2690,0.1934,0.5474,0.6352,241,3.3725
08324000,aifs,8,0.1595,0.4362,0.4879,0.9592,241,2.1142
08377900,aifs,8,0.0866,0.2231,0.3663,0.8515,241,3.5716
08378500,aifs,8,0.1563,0.3442,0.4482,0.9141,241,3.0107
08380500,aifs,8,0.0776,0.3047,0.3945,0.9073,241,2.9311
09034900,aifs,8,0.0712,0.2812,0.3796,0.9170,241,3.8010
09035900,aifs,8,-0.0966,0.3577,0.3854,1.1383,241,3.0520
09047700,aifs,8,-0.0497,0.3800,0.4224,1.1965,241,2.8337
09065500,aifs,8,-0.1208,0.3455,0.3739,1.1469,241,3.1493
09066000,aifs,8,-0.2348,0.3223,0.4155,1.3417,241,2.8168
09066200,aifs,8,-0.1181,0.3211,0.3505,1.1128,241,3.3302
09066300,aifs,8,-0.1453,0.3229,0.3494,1.1275,241,3.2800
09081600,aifs,8,0.0742,0.3318,0.4185,1.1861,241,4.1767
09107000,aifs,8,-0.3713,0.0935,0.4290,1.6950,241,2.8784
09210500,aifs,8,-0.0818,0.3406,0.4322,1.3273,241,2.4161
09223000,aifs,8,-0.0372,0.3419,0.4330,1.3137,241,2.9020
09306242,aifs,8,-0.4490,0.1886,0.2104,1.1636,241,3.3911
09312600,aifs,8,-0.2173,0.2610,0.3262,1.2807,241,3.4121
09352900,aifs,8,0.4640,0.5562,0.6815,0.9554,241,3.2235
09378170,aifs,8,0.1416,0.1292,0.4152,0.5902,241,3.2235
09378630,aifs,8,0.1815,0.1301,0.4549,0.5694,241,3.3125
09386900,aifs,8,0.1297,0.3497,0.4349,0.9847,241,2.1165
09404450,aifs,8,0.1632,0.4497,0.5048,1.1382,241,2.6779
09430500,aifs,8,0.0003,0.3511,0.3953,0.9002,241,2.2875
09430600,aifs,8,0.0100,0.2494,0.3526,0.8002,241,2.9749
09447800,aifs,8,0.1910,0.5962,0.6016,1.0641,241,1.4777
09480000,aifs,8,0.2155,0.2951,0.4882,0.7319,241,3.1127
09484000,aifs,8,0.1022,0.3385,0.4205,0.9169,241,3.1531
09484600,aifs,8,0.2653,0.3939,0.5362,0.8025,241,2.5582
09492400,aifs,8,0.2318,0.2383,0.4982,0.7062,241,4.1464
09494000,aifs,8,0.2448,0.4059,0.5224,0.8568,241,2.9376
09497800,aifs,8,0.0433,0.3031,0.3869,0.8434,241,2.9467
09497980,aifs,8,0.1523,0.2889,0.4446,0.7458,241,3.2653
09505200,aifs,8,0.2743,0.4845,0.5552,0.9947,241,2.6268
09505350,aifs,8,0.2502,0.4428,0.5296,0.9684,241,2.7743
09505800,aifs,8,0.2985,0.4941,0.5703,0.9816,241,2.7415
09508300,aifs,8,0.1215,0.3760,0.4567,0.8284,241,2.8530
09510200,aifs,8,-0.0627,0.1633,0.2699,0.8166,241,3.1781
09512280,aifs,8,-0.2489,0.0821,0.1481,1.0825,241,3.0914
09513780,aifs,8,-0.2218,0.1267,0.1845,1.0422,241,2.8530
10023000,aifs,8,-0.1249,0.2755,0.3452,1.2588,241,3.7964
10166430,aifs,8,-0.1473,0.2967,0.3209,0.9619,241,3.8208
10172700,aifs,8,-0.3975,0.2608,0.2883,1.1985,241,3.2190
10172800,aifs,8,-0.0541,0.2528,0.3230,0.8589,241,3.7428
10173450,aifs,8,0.1924,0.4165,0.4923,0.9594,241,3.2110
10205030,aifs,8,0.1100,0.3822,0.4422,0.9901,241,2.8595
10234500,aifs,8,0.2086,0.4365,0.5083,0.9455,241,3.0811
10242000,aifs,8,0.2482,0.4163,0.5242,0.8862,241,3.2654
10244950,aifs,8,-0.5095,0.2050,0.2838,1.3424,241,3.4983
10249300,aifs,8,-0.7719,0.1296,0.2716,1.4414,241,3.0006
10258000,aifs,8,0.3764,0.3926,0.6203,0.9426,241,2.8077
10258500,aifs,8,0.3285,0.4117,0.5829,1.2648,241,1.4870
10259000,aifs,8,0.3351,0.3118,0.5927,0.8434,241,2.2416
10259200,aifs,8,0.3636,0.3533,0.6122,1.4199,241,1.5957
10263500,aifs,8,0.2715,0.2561,0.5240,0.6876,241,4.9940
10310500,aifs,8,-0.6103,-0.0298,0.6564,1.7132,241,4.5979
10316500,aifs,8,0.1052,0.2968,0.4113,0.8279,241,3.5040
10329500,aifs,8,0.1601,0.3070,0.4411,0.8462,241,2.9905
10336645,aifs,8,0.2822,0.5428,0.7140,1.3052,241,6.9374
10336660,aifs,8,0.4145,0.6607,0.7381,1.1935,241,6.8220
10343500,aifs,8,-0.0024,0.3699,0.6734,1.4184,241,5.3903
10348850,aifs,8,0.4573,0.5230,0.6788,0.7973,241,6.6911
10396000,aifs,8,0.1563,0.0713,0.4288,0.5477,241,3.0770
11098000,aifs,8,0.2767,0.2357,0.5299,0.6514,241,6.9322
11124500,aifs,8,0.1813,0.4197,0.4937,1.1197,241,6.2558
11141280,aifs,8,0.2211,0.5830,0.5983,1.1071,241,5.5489
11143000,aifs,8,0.2508,0.2306,0.5136,0.5799,241,8.7369
11148900,aifs,8,0.0111,0.5149,0.5381,1.1330,241,5.4173
11151300,aifs,8,-0.1946,0.3814,0.5116,1.3321,241,4.0757
11162500,aifs,8,0.2887,0.3664,0.5591,0.6672,241,5.3359
11176400,aifs,8,-0.0570,0.5005,0.5363,1.1397,241,3.4711
11180500,aifs,8,0.1775,0.5741,0.5754,0.9949,241,3.4486
11180960,aifs,8,0.2581,0.4600,0.5551,0.7939,241,3.9323
11224500,aifs,8,-0.3169,0.3352,0.4770,1.3517,241,3.7263
11253310,aifs,8,-0.5903,0.1973,0.4153,1.4708,241,3.3379
11264500,aifs,8,-3.3434,-0.9009,0.4603,2.2629,241,9.8685
11266500,aifs,8,-2.7615,-0.7089,0.4586,2.1371,241,9.8951
11274500,aifs,8,0.0527,0.5407,0.5784,1.1466,241,3.1382
11274630,aifs,8,-0.0979,0.4599,0.5477,1.2367,241,3.0723
11284400,aifs,8,-0.6636,0.0900,0.5192,1.6094,241,6.5231
11299600,aifs,8,-0.1928,0.3299,0.5686,1.4292,241,5.3964
11381500,aifs,8,0.2276,0.4701,0.5357,0.8750,241,7.9334
11383500,aifs,8,0.2083,0.4644,0.5255,0.8773,241,8.1554
11451100,aifs,8,-0.3519,0.4214,0.4651,1.0280,241,6.0116
11468500,aifs,8,-0.2886,0.4119,0.4237,1.0465,241,7.5659
11473900,aifs,8,-0.0491,0.4516,0.4628,0.8928,241,7.0206
11475560,aifs,8,0.2039,0.2395,0.4816,0.5937,241,11.6243
11476600,aifs,8,-0.2562,0.4367,0.4525,1.0168,241,8.2195
11478500,aifs,8,-0.1433,0.4140,0.4228,0.8993,241,7.8664
11480390,aifs,8,-0.0329,0.4460,0.4582,0.8955,241,7.0393
11481200,aifs,8,0.2451,0.5301,0.5746,0.8542,241,6.8911
11482500,aifs,8,0.2972,0.4801,0.5857,0.7672,241,7.4494
11522500,aifs,8,-0.0735,0.4845,0.4864,0.9919,241,6.1742
11523200,aifs,8,-0.3164,0.4003,0.4201,0.9071,241,7.5310
11528700,aifs,8,-0.1132,0.4447,0.4517,0.9134,241,6.3714
11532500,aifs,8,0.3097,0.4759,0.5896,0.7674,241,9.1687
12010000,aifs,8,0.1313,0.1983,0.4160,0.6786,241,10.6096
12013500,aifs,8,0.0519,0.2930,0.3893,0.8186,241,8.6919
12020000,aifs,8,-0.0770,0.3121,0.3502,0.9058,241,7.7569
12025000,aifs,8,-0.0371,0.2961,0.3499,0.9059,241,7.3289
12025700,aifs,8,-0.1771,0.3178,0.3528,1.1888,241,7.0323
12035000,aifs,8,0.3196,0.3817,0.5819,0.7219,241,9.1083
12040500,aifs,8,0.3134,0.3999,0.5765,0.7617,241,10.5345
12041200,aifs,8,0.3260,0.3335,0.5898,0.7005,241,11.4690
12043000,aifs,8,0.3310,0.3831,0.5876,0.7618,241,8.9967
12048000,aifs,8,-0.0207,0.2314,0.4966,1.5784,241,5.2806
12054000,aifs,8,0.2119,0.3752,0.4867,1.0250,241,7.9155
12056500,aifs,8,0.3603,0.4411,0.6051,0.8362,241,9.4656
12073500,aifs,8,-0.0496,0.3061,0.3530,1.0969,241,5.8138
12082500,aifs,8,0.0172,0.3673,0.4068,1.0683,241,9.4737
12092000,aifs,8,0.0398,0.3404,0.3954,1.0179,241,9.4498
12095000,aifs,8,-0.0836,0.3455,0.3985,1.2286,241,7.6728
12114500,aifs,8,0.1258,0.1855,0.3925,0.7475,241,10.7661
12115000,aifs,8,0.1209,0.1866,0.3880,0.7551,241,10.7408
12115500,aifs,8,0.1186,0.2189,0.3901,0.8055,241,10.7902
12117000,aifs,8,0.1234,0.2411,0.4017,0.8060,241,10.6487
12141300,aifs,8,0.1352,0.1957,0.4058,0.7343,241,12.3904
12143600,aifs,8,0.1220,0.2216,0.3945,0.7977,241,11.7277
12144000,aifs,8,0.1140,0.2479,0.3945,0.8364,241,11.0303
12145500,aifs,8,0.0980,0.2955,0.4035,0.8661,241,8.7814
12147600,aifs,8,0.1442,0.1543,0.4140,0.6781,241,15.1015
12167000,aifs,8,0.1253,0.3395,0.4283,1.0060,241,10.4813
12175500,aifs,8,0.1031,0.3763,0.4386,1.0648,241,7.4580
12186000,aifs,8,0.1591,0.3430,0.4507,0.8972,241,10.6517
12189500,aifs,8,0.1105,0.3878,0.4460,1.0404,241,9.2234
12358500,aifs,8,0.1124,0.1491,0.3923,0.6693,241,6.4991
12377150,aifs,8,0.0573,0.0539,0.3547,0.5655,241,6.3354
12381400,aifs,8,0.0498,0.0858,0.3423,0.6120,241,5.8428
12390700,aifs,8,0.0028,0.3280,0.3767,0.9800,241,4.5895
12411000,aifs,8,-0.0579,0.3581,0.3826,1.0574,241,5.4695
12414500,aifs,8,0.0804,0.3650,0.4233,0.9618,241,5.3831
12447390,aifs,8,-0.6802,-0.1803,0.1652,1.8329,241,3.5826
12451000,aifs,8,-0.1150,0.3252,0.4367,1.3700,241,5.8851
12488500,aifs,8,0.0573,0.2725,0.3665,0.9690,241,7.8220
13011500,aifs,8,-0.0849,0.3216,0.4909,1.4482,241,3.7921
13011900,aifs,8,-0.0588,0.3806,0.4712,1.3214,241,3.6065
13018300,aifs,8,-0.0185,0.3399,0.4536,1.3556,241,3.7175
13023000,aifs,8,-0.2006,0.3076,0.4139,1.3687,241,3.3192
13161500,aifs,8,-0.2904,0.0600,0.4119,1.7320,241,2.4099
13235000,aifs,8,-0.0226,0.3740,0.4045,1.0989,241,4.4164
13240000,aifs,8,0.0639,0.2794,0.3832,0.8422,241,5.5113
13310700,aifs,8,-0.0854,0.3702,0.3906,1.1002,241,4.5400
13313000,aifs,8,0.0759,0.3235,0.4057,0.8827,241,5.0140
13331500,aifs,8,0.1573,0.3238,0.4472,0.8443,241,4.5943
13337000,aifs,8,0.0992,0.3661,0.4362,0.8872,241,5.6486
13338500,aifs,8,-0.0778,0.3791,0.4255,1.2228,241,4.7290
13340000,aifs,8,0.0544,0.4110,0.4408,1.0016,241,4.8874
13340600,aifs,8,0.1603,0.3456,0.4567,0.8539,241,6.1428
14020000,aifs,8,0.1814,0.3371,0.4674,0.8223,241,4.3772
14092750,aifs,8,0.0312,0.5044,0.5069,0.9530,241,5.5957
14096850,aifs,8,-0.1261,0.3993,0.4277,1.1817,241,3.7569
14137000,aifs,8,0.0914,0.4103,0.4554,0.9076,241,8.1783
14138800,aifs,8,0.1522,0.2628,0.4424,0.7159,241,10.7562
14138870,aifs,8,0.1423,0.2841,0.4365,0.7590,241,11.2029
14138900,aifs,8,0.1625,0.1884,0.4403,0.6458,241,13.1340
14139800,aifs,8,0.1463,0.2960,0.4476,0.7419,241,10.8646
14141500,aifs,8,0.0957,0.3751,0.4420,0.8670,241,9.5634
14154500,aifs,8,-0.4205,0.3566,0.3711,1.0685,241,6.6760
14158500,aifs,8,-0.0515,0.4742,0.4786,0.9328,241,7.2931
14158790,aifs,8,0.0888,0.3430,0.4550,0.7125,241,8.6795
14166500,aifs,8,-0.0056,0.4469,0.4578,0.9244,241,6.4315
14182500,aifs,8,-0.0374,0.4741,0.4788,1.0696,241,8.2711
14185000,aifs,8,-0.1902,0.4483,0.4721,1.1141,241,7.8445
14185900,aifs,8,0.0314,0.4926,0.4953,0.9688,241,8.5047
14187000,aifs,8,-0.1172,0.4445,0.4447,1.0132,241,7.9163
14216500,aifs,8,0.0143,0.3885,0.4168,1.0036,241,9.2439
14222500,aifs,8,0.1071,0.1475,0.3778,0.6763,241,14.0903
14236200,aifs,8,0.0120,0.3422,0.3877,1.0007,241,8.5450
14301000,aifs,8,0.0211,0.2147,0.3405,0.7791,241,8.8463
14303200,aifs,8,0.1048,0.1346,0.3874,0.6050,241,10.9998
14305500,aifs,8,0.1546,0.1209,0.4339,0.5563,241,12.6603
14306340,aifs,8,0.1479,0.4353,0.5112,0.7704,241,6.5467
14306500,aifs,8,0.1064,0.4071,0.4777,0.7881,241,7.2312
14308990,aifs,8,-0.2801,0.3950,0.4180,1.1382,241,5.0858
14309500,aifs,8,0.1277,0.5770,0.5901,0.9138,241,6.2872
14316700,aifs,8,-0.5670,0.3154,0.3393,1.0713,241,6.6501
14325000,aifs,8,0.1570,0.5172,0.5579,0.8143,241,7.7111
14362250,aifs,8,-0.4202,0.3225,0.3957,1.2666,241,4.9593
14400000,aifs,8,0.1181,0.4325,0.5008,0.7708,241,10.6174
01013500,aifs,9,-0.5491,0.0656,0.0919,1.1466,241,6.8569
01022500,aifs,9,-0.3894,0.1347,0.1586,1.0426,241,7.4311
01030500,aifs,9,-0.4475,0.1472,0.1611,1.0275,241,6.5144
01031500,aifs,9,-0.5442,0.0173,0.0427,1.0376,241,7.0663
01047000,aifs,9,-0.5066,-0.0267,0.0114,0.9881,241,7.5076
01052500,aifs,9,-0.5956,0.0392,0.0690,1.1745,241,7.0283
01054200,aifs,9,-0.3727,-0.0315,0.0341,0.9312,241,8.4612
01055000,aifs,9,-0.5241,0.0101,0.0391,0.9681,241,7.0786
01057000,aifs,9,-0.4494,0.0077,0.0494,0.9436,241,7.2719
01073000,aifs,9,-0.4103,0.0345,0.0764,1.0400,241,7.1791
01078000,aifs,9,-0.4831,-0.0226,0.0184,1.0082,241,7.6397
01118300,aifs,9,-0.1225,-0.1986,0.0438,0.6411,241,12.1955
01121000,aifs,9,-0.2365,-0.1056,0.0474,0.7129,241,9.1509
01123000,aifs,9,-0.2300,-0.1284,0.0369,0.6935,241,9.5957
01134500,aifs,9,-0.4536,-0.0022,0.0395,0.9942,241,7.8262
01137500,aifs,9,-0.4384,0.0129,0.0549,1.0463,241,7.8096
01139000,aifs,9,-0.5424,-0.0336,0.0128,1.1704,241,7.6763
01139800,aifs,9,-0.4086,-0.0291,0.0272,0.9605,241,8.1975
01142500,aifs,9,-0.6225,-0.0154,0.0165,1.1572,241,7.3295
01144000,aifs,9,-0.5298,-0.0248,0.0094,1.0032,241,7.6720
01169000,aifs,9,-0.2970,0.0426,0.1054,0.9731,241,7.8870
01170100,aifs,9,-0.2951,0.0635,0.1209,1.0094,241,7.6828
01181000,aifs,9,-0.2217,0.0093,0.1111,0.8475,241,8.3358
01187300,aifs,9,-0.2672,0.0705,0.1330,0.9666,241,7.4252
01195100,aifs,9,-0.1852,-0.1849,0.0306,0.6193,241,10.4338
01333000,aifs,9,-0.2425,0.0462,0.1217,1.0221,241,7.7792
01350000,aifs,9,-0.0550,-0.0603,0.1395,0.8253,241,10.3453
01350080,aifs,9,-0.1291,0.0011,0.1315,0.9206,241,8.3605
01350140,aifs,9,-0.1564,-0.0009,0.1214,0.8928,241,8.0143
01365000,aifs,9,-0.1377,0.0045,0.1305,0.9171,241,8.9432
01411300,aifs,9,-0.1151,-0.1099,0.0873,0.7346,241,11.3558
01413500,aifs,9,-0.0624,-0.0461,0.1511,0.7815,241,9.8120
01414500,aifs,9,-0.0624,-0.0431,0.1425,0.8522,241,10.4458
01415000,aifs,9,-0.1125,0.0095,0.1516,0.8454,241,8.2669
01423000,aifs,9,-0.1239,0.0026,0.1477,0.8094,241,8.2189
01434025,aifs,9,-0.0775,-0.0797,0.1226,0.7719,241,11.0941
01435000,aifs,9,-0.0853,-0.0526,0.1280,0.8189,241,10.4840
01439500,aifs,9,-0.1039,0.0303,0.1839,0.7545,241,7.9847
01440000,aifs,9,-0.1308,-0.0172,0.1407,0.7547,241,8.5540
01440400,aifs,9,-0.0874,-0.0207,0.1775,0.6791,241,8.7573
01451800,aifs,9,-0.2146,0.0695,0.1540,0.8622,241,7.5109
01466500,aifs,9,-0.3343,-0.0143,0.0617,0.8629,241,8.2771
01484100,aifs,9,-0.1846,0.0614,0.1532,0.8988,241,8.4545
01485500,aifs,9,-0.0786,0.0430,0.1954,0.7856,241,9.7284
01486000,aifs,9,-0.0341,0.0636,0.2265,0.8018,241,9.7864
01487000,aifs,9,-0.1814,0.0363,0.1373,0.8954,241,8.9591
01491000,aifs,9,-0.2995,0.1357,0.1735,1.0175,241,7.0372
01510000,aifs,9,-0.1914,0.0916,0.1734,0.8882,241,7.9300
01516500,aifs,9,-0.2826,0.1058,0.1579,0.9187,241,6.4426
01518862,aifs,9,-0.1752,0.1340,0.2076,0.8833,241,6.6356
01532000,aifs,9,-0.2011,0.0244,0.1240,0.8853,241,7.6226
01539000,aifs,9,-0.1341,0.0631,0.1832,0.8112,241,7.7022
01542810,aifs,9,-0.3275,0.0652,0.1188,0.9095,241,7.5396
01543000,aifs,9,-0.3577,0.0781,0.1230,0.9075,241,7.3778
01543500,aifs,9,-0.3063,0.0560,0.1212,0.8657,241,7.7943
01544500,aifs,9,-0.3025,0.0892,0.1402,0.9340,241,7.1353
01545600,aifs,9,-0.3079,0.0688,0.1224,0.9673,241,7.3586
01547700,aifs,9,-0.1127,-0.1144,0.0755,0.7962,241,11.2903
01548500,aifs,9,-0.2937,0.1156,0.1623,0.9256,241,6.6716
01549500,aifs,9,-0.2783,0.0484,0.1148,0.9507,241,7.4052
01550000,aifs,9,-0.2121,0.0139,0.1109,0.9105,241,8.0411
01552000,aifs,9,-0.1451,-0.0209,0.1190,0.8341,241,8.9209
01552500,aifs,9,-0.1983,0.0485,0.1456,0.8524,241,7.6547
01557500,aifs,9,-0.0726,-0.0098,0.1801,0.7251,241,9.7513
01567500,aifs,9,-0.1116,0.0446,0.1805,0.8024,241,8.1939
01568000,aifs,9,-0.1573,0.0792,0.1857,0.8104,241,7.4001
01580000,aifs,9,-0.2219,0.1316,0.1957,0.8647,241,6.8593
01583500,aifs,9,-0.2509,0.1098,0.1683,0.9111,241,6.8924
01586610,aifs,9,-0.2095,0.1045,0.1767,0.8915,241,6.8583
01591400,aifs,9,-0.0498,0.0388,0.2259,0.7005,241,8.3035
01596500,aifs,9,-0.0421,0.1237,0.2459,0.9071,241,7.4508
01605500,aifs,9,-0.0329,0.1525,0.2669,0.9013,241,6.7643
01606500,aifs,9,-0.0769,0.1550,0.2505,0.9066,241,6.4340
01613050,aifs,9,-0.1311,0.0923,0.2031,0.8124,241,7.0150
01620500,aifs,9,-0.0842,0.2168,0.2826,1.0313,241,5.8693
01632000,aifs,9,-0.0121,0.0692,0.2809,0.6537,241,7.1599
01632900,aifs,9,0.0146,0.1066,0.3000,0.6959,241,6.8180
01634500,aifs,9,-0.0347,0.0746,0.2502,0.7226,241,7.0563
01638480,aifs,9,-0.1010,0.0682,0.2056,0.7712,241,7.1977
01639500,aifs,9,-0.1752,0.1398,0.2103,0.8931,241,6.6461
01644000,aifs,9,-0.0988,0.0922,0.2302,0.7361,241,6.7580
01658500,aifs,9,-0.0461,0.0938,0.2541,0.7263,241,7.4015
01664000,aifs,9,-0.0237,0.0964,0.2830,0.6700,241,6.9477
01666500,aifs,9,-0.0307,0.1093,0.2778,0.7015,241,6.9461
01667500,aifs,9,-0.0495,0.1311,0.2758,0.7276,241,6.6985
01669000,aifs,9,-0.0715,0.1386,0.2445,0.8787,241,8.3748
01669520,aifs,9,-0.1080,0.1240,0.2212,0.8876,241,8.4665
02011400,aifs,9,-0.0348,0.2494,0.3192,0.9492,241,6.0794
02011460,aifs,9,-0.0356,0.2188,0.2997,0.9900,241,6.4585
02013000,aifs,9,-0.0549,0.2279,0.3037,0.8928,241,6.4368
02014000,aifs,9,-0.1139,0.2774,0.3154,0.9414,241,5.9178
02015700,aifs,9,-0.0670,0.1902,0.2721,1.0401,241,6.3409
02016000,aifs,9,-0.1067,0.2668,0.3087,1.0339,241,5.6874
02017500,aifs,9,-0.2530,0.2881,0.2994,1.0497,241,5.5569
02018000,aifs,9,-0.3066,0.3025,0.3107,1.0907,241,5.4228
02027000,aifs,9,-0.2462,0.2666,0.3032,1.1939,241,5.8192
02027500,aifs,9,-0.2291,0.2542,0.2824,1.1196,241,6.0464
02028500,aifs,9,-0.0954,0.2830,0.3236,0.9383,241,5.8581
02038850,aifs,9,-0.1617,0.2510,0.2866,0.9407,241,6.3604
02046000,aifs,9,-0.1648,0.2013,0.2563,0.8817,241,7.3934
02051000,aifs,9,-0.1434,0.1625,0.2352,0.8842,241,7.8317
02051500,aifs,9,-0.2200,0.1888,0.2305,0.9314,241,7.3788
02053200,aifs,9,-0.2430,0.1909,0.2252,0.9923,241,8.0911
02053800,aifs,9,-0.3021,0.2707,0.2800,0.9487,241,6.0952
02055100,aifs,9,-0.4574,0.1785,0.2586,1.3524,241,5.7669
02056900,aifs,9,-0.1864,0.2885,0.3096,0.9369,241,6.4724
02059500,aifs,9,-0.3902,0.3085,0.3155,1.0971,241,5.4779
02064000,aifs,9,-0.2912,0.2677,0.2950,1.1740,241,6.0674
02065500,aifs,9,-0.2569,0.2984,0.3162,1.1294,241,5.9046
02069700,aifs,9,-0.1684,0.2154,0.2598,0.9485,241,7.6110
02070000,aifs,9,-0.1953,0.2003,0.2451,0.9177,241,7.6068
02074500,aifs,9,-0.1788,0.1452,0.2139,1.1192,241,8.0589
02077200,aifs,9,-0.4887,0.2101,0.2278,1.1618,241,6.7348
02081500,aifs,9,-0.4115,0.1493,0.1703,1.0853,241,7.5236
02082950,aifs,9,-0.6043,0.1466,0.1864,1.2567,241,6.8960
02092500,aifs,9,-0.5496,0.1566,0.2421,1.3700,241,7.7822
02096846,aifs,9,-0.1474,0.0818,0.1750,1.0019,241,9.6179
02102908,aifs,9,-0.2383,0.1028,0.1633,1.0329,241,9.3108
02108000,aifs,9,-0.3603,0.2448,0.2871,1.2427,241,7.5364
02111180,aifs,9,-0.2017,0.1731,0.2243,0.9203,241,8.1497
02111500,aifs,9,-0.3419,0.1187,0.1535,0.9612,241,8.4830
02118500,aifs,9,-0.5052,0.1885,0.1942,1.0659,241,7.6569
02128000,aifs,9,-0.2804,0.2108,0.2368,1.0812,241,7.4397
02137727,aifs,9,-0.1407,0.0447,0.1603,0.8682,241,8.9414
02140991,aifs,9,-0.2907,0.1479,0.1846,0.9713,241,8.1229
02143000,aifs,9,-0.3699,0.1282,0.1555,1.0053,241,8.2653
02143040,aifs,9,-0.3527,0.1298,0.1596,0.9897,241,8.1480
02149000,aifs,9,-0.0828,0.0172,0.1754,0.8029,241,10.2787
02152100,aifs,9,-0.3739,0.1469,0.1702,1.0315,241,7.8224
02177000,aifs,9,-0.0483,0.1396,0.2495,0.9575,241,9.1826
02178400,aifs,9,-0.1319,0.1577,0.2305,0.9575,241,8.0903
02193340,aifs,9,-0.2877,0.1035,0.1703,1.2028,241,8.2387
02196000,aifs,9,-0.1064,0.1190,0.2134,1.0114,241,8.4420
02198100,aifs,9,-0.0849,-0.0616,0.1257,0.7963,241,10.8509
02202600,aifs,9,-0.2310,0.1352,0.1918,1.0959,241,6.6257
02212600,aifs,9,-0.1153,0.1647,0.2394,0.9994,241,8.9861
02215100,aifs,9,-0.0751,0.0072,0.1742,0.7986,241,8.7502
02216180,aifs,9,-0.0384,-0.0584,0.1645,0.7465,241,10.1221
02221525,aifs,9,-0.0415,0.2829,0.3370,1.0445,241,7.7564
02231000,aifs,9,0.1274,0.2966,0.4199,0.8636,241,6.2521
02231342,aifs,9,-0.2070,0.2648,0.2976,1.1424,241,7.4494
02235200,aifs,9,-0.0420,0.3428,0.3740,0.9915,241,6.9837
02245500,aifs,9,-0.1209,0.2040,0.2652,1.0663,241,6.9532
02246000,aifs,9,-0.0788,0.2738,0.3200,0.9832,241,6.1294
02296500,aifs,9,-0.2213,0.3071,0.3169,0.9953,241,6.7238
02297155,aifs,9,-0.2168,0.0746,0.1531,0.8993,241,9.6450
02297310,aifs,9,-0.2888,0.0952,0.1546,0.8626,241,9.0264
02298123,aifs,9,-0.3486,0.1307,0.1609,0.9923,241,8.3318
02298608,aifs,9,-0.2806,0.0538,0.1272,0.8516,241,9.6840
02299950,aifs,9,-0.3636,0.0676,0.1100,0.9827,241,9.2210
02300700,aifs,9,-0.0877,0.1477,0.2381,1.0031,241,9.7528
02310947,aifs,9,-0.1053,0.2406,0.2924,1.0483,241,8.0894
02312200,aifs,9,-0.0504,0.1745,0.2682,0.9942,241,9.5346
02314500,aifs,9,0.1153,0.1715,0.3792,0.7693,241,7.2613
02315500,aifs,9,0.1138,0.2226,0.3936,0.7914,241,6.6376
02324400,aifs,9,-0.0191,0.1181,0.2653,0.8055,241,10.4783
02327100,aifs,9,-0.6104,0.2281,0.2308,0.9531,241,11.2728
02349900,aifs,9,-0.0139,0.0016,0.2207,0.7228,241,9.4951
02350900,aifs,9,-0.0926,0.1201,0.2311,0.8369,241,7.8012
02361000,aifs,9,-0.0974,0.2264,0.2861,0.9389,241,7.4625
02363000,aifs,9,-0.1154,0.1865,0.2543,0.9540,241,8.3054
02369800,aifs,9,0.0640,0.1011,0.3152,0.7516,241,12.4737
02371500,aifs,9,-0.1236,0.0912,0.1928,0.9109,241,9.9338
02372250,aifs,9,-0.1148,0.1316,0.2241,0.8850,241,9.6034
02374500,aifs,9,-0.0749,0.1289,0.2385,0.8705,241,10.3483
02381600,aifs,9,-0.1170,0.0289,0.1596,0.8652,241,10.7162
02384540,aifs,9,-0.1038,0.1157,0.2147,0.9249,241,9.1804
02395120,aifs,9,-0.3539,0.0700,0.1258,1.1668,241,8.6983
02408540,aifs,9,-0.1285,0.1470,0.2261,0.9274,241,10.1286
02415000,aifs,9,-0.0881,0.1028,0.2216,0.8360,241,10.8163
02422500,aifs,9,-0.2284,0.1696,0.2157,1.0793,241,9.6634
02427250,aifs,9,-0.2797,0.1990,0.2257,1.0483,241,8.6402
02430085,aifs,9,-0.1239,0.1455,0.2261,1.0643,241,9.1153
02450250,aifs,9,-0.0764,0.0855,0.2173,0.8253,241,10.1151
02464000,aifs,9,0.0206,0.1215,0.2783,0.8833,241,11.0819
02465493,aifs,9,-0.1860,0.1848,0.2337,1.0323,241,9.2650
02469800,aifs,9,-0.1883,0.1681,0.2231,0.9330,241,9.8821
02472000,aifs,9,-0.1619,0.0652,0.1702,0.8371,241,11.2554
02472500,aifs,9,-0.1526,0.0354,0.1594,0.7975,241,12.2002
02479155,aifs,9,0.0529,0.1421,0.3119,0.8394,241,12.8090
02479300,aifs,9,0.0779,0.0290,0.3100,0.6946,241,16.7680
02481000,aifs,9,0.0736,-0.0351,0.3015,0.6296,241,20.1726
02481510,aifs,9,0.0970,0.0428,0.3470,0.6432,241,16.3731
03010655,aifs,9,-0.1825,0.1124,0.1923,0.8707,241,7.1392
03011800,aifs,9,-0.2214,0.0393,0.1309,0.8628,241,8.4792
03015500,aifs,9,-0.3294,0.1722,0.1963,0.9817,241,7.4152
03021350,aifs,9,-0.2453,0.1226,0.1798,0.9026,241,8.2841
03026500,aifs,9,-0.3148,0.0092,0.0831,0.8739,241,8.2958
03028000,aifs,9,-0.3138,0.0065,0.0806,0.8807,241,8.5306
03049800,aifs,9,-0.1073,0.0880,0.1993,0.8846,241,9.2546
03050000,aifs,9,-0.0461,0.0408,0.2037,0.8425,241,9.6287
03066000,aifs,9,-0.0514,0.0317,0.2017,0.8034,241,8.6129
03069500,aifs,9,-0.0751,0.0742,0.2066,0.8655,241,8.0723
03070500,aifs,9,-0.1490,0.1580,0.2272,0.9296,241,8.1623
03076600,aifs,9,-0.0384,0.0586,0.2216,0.8162,241,9.1241
03078000,aifs,9,-0.0323,0.0730,0.2236,0.8872,241,8.9816
03140000,aifs,9,-0.0809,0.2090,0.2823,0.9074,241,7.3864
03144000,aifs,9,-0.0459,0.1064,0.2567,0.7541,241,8.9764
03159540,aifs,9,-0.1084,0.0180,0.1693,0.7786,241,9.8248
03161000,aifs,9,-0.2917,0.1606,0.1946,0.9541,241,7.7115
03164000,aifs,9,-0.3866,0.1714,0.1897,0.9362,241,6.9975
03165000,aifs,9,-0.1893,0.1536,0.2213,0.8499,241,7.9398
03170000,aifs,9,-0.2017,0.3032,0.3193,0.9290,241,6.1076
03173000,aifs,9,-0.2641,0.2673,0.2830,0.9262,241,5.5742
03180500,aifs,9,-0.1163,0.1154,0.2076,1.0040,241,7.3885
03182500,aifs,9,-0.0858,0.2072,0.2758,1.0188,241,6.4826
03186500,aifs,9,-0.0672,0.1329,0.2471,0.8537,241,7.6624
03187500,aifs,9,-0.0597,0.1466,0.2556,0.8746,241,7.5464
03213700,aifs,9,-0.0655,0.2029,0.2839,0.9051,241,7.2534
03237280,aifs,9,-0.1892,0.0651,0.1541,0.9039,241,8.4275
03237500,aifs,9,-0.1292,0.1140,0.2087,0.8782,241,8.5423
03241500,aifs,9,-0.0407,0.1047,0.2497,0.7911,241,10.1476
03280700,aifs,9,-0.1333,0.1823,0.2454,0.9922,241,7.6720
03281100,aifs,9,-0.1699,0.1975,0.2460,0.9799,241,7.4655
03281500,aifs,9,-0.1658,0.2161,0.2599,0.9754,241,7.2137
03285000,aifs,9,-0.1819,0.0245,0.1327,0.8616,241,9.8303
03291780,aifs,9,-0.0927,0.0830,0.2052,0.8508,241,10.7926
03300400,aifs,9,-0.1374,-0.0008,0.1443,0.7792,241,10.3180
03340800,aifs,9,-0.1895,0.0392,0.1388,0.8734,241,11.2504
03346000,aifs,9,-0.1975,0.1095,0.1807,0.9239,241,9.5306
03364500,aifs,9,-0.0117,0.0242,0.2332,0.7157,241,13.2577
03366500,aifs,9,-0.1027,0.0848,0.2031,0.8454,241,10.6079
03368000,aifs,9,-0.0153,0.0017,0.2323,0.6626,241,13.1502
03384450,aifs,9,-0.0525,0.1714,0.2658,0.9769,241,9.7127
03439000,aifs,9,-0.0312,0.1517,0.2690,0.8841,241,8.0572
03450000,aifs,9,-0.1707,0.0881,0.1752,0.9097,241,7.0624
03455500,aifs,9,-0.1469,0.1156,0.2045,0.8777,241,7.7165
03456500,aifs,9,-0.1311,0.0846,0.2001,0.8057,241,7.2217
03460000,aifs,9,-0.1401,0.0720,0.1831,0.8392,241,7.6550
03463300,aifs,9,-0.1393,0.0522,0.1779,0.7914,241,8.4333
03471500,aifs,9,-0.3256,0.1362,0.1720,0.9224,241,7.0005
03473000,aifs,9,-0.3476,0.0889,0.1348,0.8906,241,7.3162
03479000,aifs,9,-0.4500,0.1511,0.1640,0.9755,241,7.2194
03488000,aifs,9,-0.1692,0.1978,0.2494,0.9202,241,6.6751
03498500,aifs,9,-0.1260,0.0916,0.1993,0.8473,241,8.1180
03500000,aifs,9,-0.1809,0.1489,0.2100,1.0250,241,8.0175
03504000,aifs,9,-0.1385,0.0506,0.1726,0.8169,241,9.3011
03574500,aifs,9,0.0964,0.2682,0.3833,0.9640,241,8.7854
03604000,aifs,9,-0.0600,0.1077,0.2382,0.8217,241,9.9913
04015330,aifs,9,-0.0834,0.0195,0.1817,0.7678,241,6.8172
04024430,aifs,9,-0.2071,0.1466,0.2017,0.9768,241,5.5283
04027000,aifs,9,-0.3524,0.0592,0.1171,1.1627,241,5.2598
04040500,aifs,9,-0.2435,-0.0408,0.0705,0.8323,241,5.9219
04043050,aifs,9,-0.4223,-0.1088,-0.0225,0.8002,241,5.7901
04045500,aifs,9,-0.5362,-0.0448,-0.0073,0.9632,241,6.3088
04056500,aifs,9,-0.5595,-0.0506,-0.0152,0.9588,241,5.9304
04057510,aifs,9,-0.3494,-0.0805,0.0109,0.8344,241,6.4721
04057800,aifs,9,-0.2471,-0.0384,0.0717,0.8278,241,5.9984
04059500,aifs,9,-0.2444,0.0119,0.1054,0.8548,241,5.7713
04063700,aifs,9,-0.3124,0.0618,0.1159,1.0209,241,5.4407
04074950,aifs,9,-0.2942,0.0809,0.1374,0.9105,241,5.9677
04105700,aifs,9,-0.2338,0.0604,0.1404,0.8772,241,7.9796
04115265,aifs,9,-0.1584,0.0998,0.1923,0.8539,241,7.7099
04122200,aifs,9,-0.1906,0.1447,0.2116,0.8726,241,7.8342
04122500,aifs,9,-0.2143,0.1693,0.2236,0.8703,241,7.4469
04124000,aifs,9,0.0662,0.1191,0.3527,0.6316,241,8.2987
04127997,aifs,9,-0.0487,0.0903,0.2632,0.6779,241,7.9064
04185000,aifs,9,-0.3638,0.1494,0.1802,0.8810,241,7.6583
04196800,aifs,9,-0.4545,0.1202,0.1397,0.9364,241,8.4924
04197100,aifs,9,-0.2635,0.1124,0.1669,0.9157,241,8.8593
04197170,aifs,9,-0.2874,0.1885,0.2156,0.9788,241,8.1054
04213000,aifs,9,-0.3891,0.1379,0.1604,1.0071,241,7.5427
04213075,aifs,9,-0.3207,0.0865,0.1325,0.9889,241,8.2670
04216418,aifs,9,-0.1479,0.0697,0.1945,0.7557,241,7.9278
04221000,aifs,9,-0.1809,0.1319,0.2021,0.9086,241,6.7411
04224775,aifs,9,-0.1097,0.1108,0.2128,0.8861,241,7.2384
04256000,aifs,9,-0.3778,0.2053,0.2165,1.0166,241,7.0618
04296000,aifs,9,-0.5456,0.0035,0.0376,1.1264,241,7.7591
05057000,aifs,9,0.0146,0.3194,0.3922,1.1887,241,3.6963
05057200,aifs,9,-0.2231,0.2301,0.3325,1.3685,241,3.8102
05062500,aifs,9,-0.6390,0.1253,0.1512,1.2073,241,5.6346
05087500,aifs,9,-0.1317,0.1519,0.2267,1.0439,241,5.6281
05120500,aifs,9,0.0432,0.2946,0.3759,1.1014,241,3.9212
05123400,aifs,9,0.1581,0.2675,0.4255,0.8588,241,4.7851
05129115,aifs,9,-0.4976,0.0579,0.0825,1.0516,241,5.7965
05131500,aifs,9,-0.6316,0.0694,0.0806,1.0771,241,5.5853
05291000,aifs,9,-0.2854,-0.1088,-0.0012,1.0927,241,7.7493
05362000,aifs,9,-0.4192,0.0691,0.1050,1.0890,241,6.1123
05393500,aifs,9,-0.2952,0.0701,0.1257,1.0073,241,6.3886
05399500,aifs,9,-0.2398,0.0214,0.1133,0.8538,241,7.8712
05408000,aifs,9,-0.0775,0.0327,0.1909,0.7781,241,9.3101
05412500,aifs,9,-0.1867,0.0656,0.1612,0.8471,241,8.2155
05413500,aifs,9,-0.0606,0.0505,0.2066,0.7998,241,8.8447
05414000,aifs,9,-0.0267,0.0865,0.2388,0.8383,241,8.5279
05444000,aifs,9,-0.2274,0.1448,0.1977,1.0731,241,7.9845
05454000,aifs,9,-0.0577,0.0642,0.2133,0.8194,241,8.8679
05458000,aifs,9,-0.2630,0.0075,0.0952,0.8682,241,8.8409
05466500,aifs,9,-0.0210,0.0451,0.2339,0.7438,241,10.6224
05487980,aifs,9,-0.0268,0.0183,0.2137,0.7526,241,9.0820
05488200,aifs,9,-0.0389,-0.0861,0.1525,0.7142,241,11.0859
05489000,aifs,9,-0.0304,-0.0480,0.1827,0.7075,241,10.2307
05495000,aifs,9,0.0727,0.2652,0.3745,0.8908,241,7.0275
05495500,aifs,9,-0.0187,0.1467,0.2764,0.8372,241,9.0371
05501000,aifs,9,-0.0435,0.0833,0.2274,0.8447,241,10.2490
05503800,aifs,9,-0.0859,0.2296,0.2899,0.9778,241,8.1846
05507600,aifs,9,-0.3294,0.2047,0.2240,1.0664,241,7.5936
05508805,aifs,9,-0.3708,0.1884,0.2036,1.0245,241,7.5755
05514500,aifs,9,-0.3470,0.1347,0.1645,0.9780,241,8.2114
05525500,aifs,9,-0.3651,0.1092,0.1420,1.0315,241,9.4975
05556500,aifs,9,-0.0379,0.1654,0.2752,0.8678,241,9.1495
05584500,aifs,9,0.0509,0.0831,0.2886,0.8026,241,11.0266
05585000,aifs,9,0.0138,0.1009,0.2686,0.8366,241,10.2770
05591550,aifs,9,-0.1368,0.1318,0.2128,0.9385,241,9.6731
05592050,aifs,9,-0.2183,0.1996,0.2394,1.0792,241,8.3799
05592575,aifs,9,-0.0924,0.1117,0.2260,0.8304,241,10.1182
05593575,aifs,9,-0.1729,0.2040,0.2501,1.0332,241,8.8782
05593900,aifs,9,-0.1117,0.1729,0.2491,0.9128,241,9.2567
05595730,aifs,9,-0.1807,0.2286,0.2668,1.0606,241,8.4959
06037500,aifs,9,-0.0772,0.2841,0.3478,1.1989,241,4.0367
06043500,aifs,9,-0.1594,0.3093,0.3527,1.2056,241,4.0824
06154410,aifs,9,-0.2757,0.0851,0.1455,0.8982,241,5.4922
06188000,aifs,9,-0.3981,0.2421,0.3068,1.3061,241,3.5488
06191500,aifs,9,-0.2881,0.2710,0.3444,1.3156,241,3.4527
06221400,aifs,9,-0.1218,0.2954,0.3759,1.2981,241,3.0994
06224000,aifs,9,-0.1797,0.2290,0.3107,1.2931,241,3.3502
06289000,aifs,9,-0.5794,0.1167,0.2758,1.5038,241,3.5785
06332515,aifs,9,-0.2567,0.1542,0.2147,1.2038,241,3.7701
06339100,aifs,9,-0.5123,0.1649,0.2275,1.3158,241,3.2156
06339500,aifs,9,-0.2529,0.2155,0.2517,1.1418,241,3.4685
06344600,aifs,9,-0.3075,0.1096,0.1551,1.0802,241,3.9376
06350000,aifs,9,-0.2288,0.3126,0.3216,1.0436,241,3.2059
06352000,aifs,9,-0.6501,0.1956,0.2120,1.1553,241,3.1920
06353000,aifs,9,-0.3965,0.2763,0.2897,1.1374,241,3.1497
06354000,aifs,9,-0.2174,0.3174,0.3300,1.0838,241,3.2022
06360500,aifs,9,-1.1230,0.0581,0.0935,1.2043,241,3.6775
06404000,aifs,9,-1.0018,-0.0073,0.1799,1.5596,241,4.7012
06406000,aifs,9,-1.1298,-0.0044,0.1851,1.5362,241,4.4243
06408700,aifs,9,-1.3439,-0.0463,0.1147,1.4970,241,4.4215
06409000,aifs,9,-1.2873,-0.0350,0.1512,1.5291,241,4.2994
06431500,aifs,9,-1.1094,-0.0140,0.0989,1.4445,241,4.6901
06440200,aifs,9,-0.3994,0.0879,0.1194,1.0080,241,5.0237
06441500,aifs,9,-0.5727,0.0842,0.0968,0.9445,241,4.3617
06447000,aifs,9,-0.5072,0.1721,0.1933,1.1720,241,4.0714
06447500,aifs,9,-0.2972,0.1774,0.2122,1.1194,241,4.3476
06450500,aifs,9,-0.0971,0.1517,0.2413,0.8998,241,4.7517
06452000,aifs,9,-0.2490,0.2186,0.2448,1.0208,241,3.9836
06453600,aifs,9,-0.2103,0.1343,0.1921,1.0044,241,5.8983
06464500,aifs,9,-0.0540,0.0263,0.1938,0.8049,241,6.3288
06477500,aifs,9,-0.2672,0.0581,0.1241,1.0372,241,5.6058
06479215,aifs,9,-0.2655,-0.1105,0.0045,1.1053,241,7.8632
06479438,aifs,9,-0.2948,-0.1064,0.0010,1.1311,241,7.3867
06601000,aifs,9,-0.3064,0.0016,0.0830,1.1628,241,8.5359
06614800,aifs,9,0.0779,0.2140,0.3500,0.9573,241,5.1470
06622700,aifs,9,-0.0187,0.2803,0.3494,1.1271,241,3.5903
06623800,aifs,9,-0.0428,0.3177,0.3928,1.2546,241,3.9030
06632400,aifs,9,0.0644,0.2820,0.3872,1.1745,241,3.7427
06784000,aifs,9,-0.3075,0.0915,0.1389,1.0011,241,6.2603
06803510,aifs,9,-0.2960,-0.0470,0.0396,0.9602,241,9.3683
06803530,aifs,9,-0.3491,0.0291,0.0845,1.0533,241,8.2008
06814000,aifs,9,-0.2590,0.0401,0.1127,1.0023,241,8.5392
06846500,aifs,9,-0.5954,0.1213,0.1315,1.1007,241,5.2505
06847900,aifs,9,-0.3518,0.0714,0.1164,1.0595,241,5.8656
06853800,aifs,9,-0.3457,0.1541,0.1889,1.1395,241,6.2232
06876700,aifs,9,-0.0467,-0.0588,0.1565,0.7448,241,10.1315
06878000,aifs,9,-0.2103,0.0081,0.1093,0.8832,241,8.7952
06879650,aifs,9,-0.1168,-0.0560,0.1347,0.6846,241,10.1490
06885500,aifs,9,-0.1870,-0.0303,0.0982,0.8165,241,9.6157
06888500,aifs,9,-0.1368,-0.0901,0.0925,0.7252,241,10.6748
06889200,aifs,9,-0.1412,-0.0064,0.1310,0.8233,241,9.6558
06889500,aifs,9,-0.1431,0.0093,0.1401,0.8287,241,9.3369
06892000,aifs,9,-0.0692,0.0470,0.2008,0.7945,241,9.5588
06903400,aifs,9,-0.0235,-0.0019,0.2049,0.7490,241,9.5453
06906800,aifs,9,-0.0124,0.0452,0.2583,0.6647,241,10.8846
06910800,aifs,9,-0.1306,-0.0590,0.1163,0.7284,241,10.1499
06911900,aifs,9,-0.1223,-0.0875,0.1091,0.6909,241,10.6910
06917000,aifs,9,0.0152,0.0747,0.2772,0.7114,241,10.8792
06918460,aifs,9,-0.1220,0.0809,0.1908,0.8650,241,10.5685
06919500,aifs,9,-0.1329,0.0984,0.2006,0.8474,241,10.1177
06921070,aifs,9,-0.1158,-0.0147,0.1533,0.7285,241,12.0108
06921200,aifs,9,-0.1119,-0.0447,0.1306,0.7484,241,12.7274
06934000,aifs,9,-0.2272,0.1058,0.1706,0.9188,241,9.5915
07014500,aifs,9,-0.1000,0.0033,0.1612,0.7827,241,12.1514
07056000,aifs,9,-0.2288,0.1432,0.1942,1.0287,241,10.1554
07057500,aifs,9,-0.3137,0.1677,0.1998,1.0983,241,9.5410
07060710,aifs,9,-0.1059,0.1358,0.2253,1.0541,241,10.5790
07066000,aifs,9,-0.3021,0.1702,0.2043,1.1049,241,9.4442
07067000,aifs,9,-0.3962,0.1979,0.2185,1.1375,241,8.6525
07068000,aifs,9,-0.4559,0.2113,0.2342,1.1804,241,8.2995
07071500,aifs,9,-0.3871,0.2101,0.2359,1.1717,241,8.7117
07083000,aifs,9,-0.4634,0.0652,0.4022,1.7082,241,3.4873
07142300,aifs,9,-0.3497,0.0534,0.1027,1.0505,241,6.0948
07145700,aifs,9,-0.0284,-0.0510,0.1656,0.7907,241,11.7564
07148400,aifs,9,-0.6859,0.0786,0.1028,1.1990,241,5.7698
07149000,aifs,9,-0.6869,0.0916,0.1221,1.2289,241,5.4615
07151500,aifs,9,-0.0469,0.0922,0.2232,0.9421,241,8.0228
07167500,aifs,9,-0.0959,0.1521,0.2394,0.9393,241,8.2648
07180500,aifs,9,-0.1396,0.0543,0.1666,0.8671,241,8.5990
07184000,aifs,9,-0.0433,0.0022,0.1840,0.8159,241,13.3770
07195800,aifs,9,-0.1593,0.0668,0.1624,1.0597,241,11.8223
07196900,aifs,9,-0.2399,0.1276,0.1945,1.1808,241,10.8476
07197000,aifs,9,-0.2432,0.1541,0.2050,1.1202,241,10.4472
07208500,aifs,9,-0.4467,0.1869,0.3081,1.4267,241,3.1124
07226500,aifs,9,-0.7172,0.1909,0.2758,1.3235,241,3.2146
07261000,aifs,9,-0.2182,0.2037,0.2463,1.1190,241,9.9375
07263295,aifs,9,0.0029,0.2875,0.3583,1.1087,241,9.2341
07290650,aifs,9,-0.1678,0.0992,0.1814,0.9402,241,10.3452
07291000,aifs,9,-0.1218,0.1484,0.2284,0.9394,241,10.2697
07292500,aifs,9,-0.1034,0.1682,0.2476,0.9299,241,10.2624
07295000,aifs,9,-0.0200,0.1731,0.2812,0.9446,241,11.1626
07299670,aifs,9,-0.3315,0.0672,0.1412,1.2442,241,5.2523
07301410,aifs,9,-0.2444,-0.0701,0.0431,1.1287,241,6.2349
07301500,aifs,9,-0.6784,-0.0018,0.0836,1.3928,241,4.1924
07315200,aifs,9,-0.0649,0.2864,0.3409,1.1379,241,6.9806
07315700,aifs,9,-0.5085,0.0850,0.2252,1.4848,241,7.2844
07335700,aifs,9,-0.0794,0.1162,0.2271,0.8869,241,11.3657
07340300,aifs,9,-0.1289,0.2872,0.3196,1.0696,241,8.8221
07346045,aifs,9,-0.4145,0.1939,0.3268,1.4426,241,8.5800
07359610,aifs,9,-0.0228,0.1929,0.2956,0.8826,241,10.4253
07362100,aifs,9,-0.5364,0.1396,0.3271,1.5258,241,8.7583
07362587,aifs,9,0.0457,0.2519,0.3513,0.9604,241,10.1019
07373000,aifs,9,-0.1883,0.1968,0.2542,1.1671,241,9.9050
07375000,aifs,9,0.0778,0.1529,0.3296,0.8718,241,13.0382
07376000,aifs,9,0.0338,0.1746,0.3103,0.9032,241,11.6906
08013000,aifs,9,-0.0920,0.2074,0.2765,1.0779,241,10.6205
08014500,aifs,9,-0.0037,0.2877,0.3526,1.0609,241,9.8870
08023080,aifs,9,-0.4896,0.1184,0.2225,1.4118,241,11.3315
08025500,aifs,9,-0.0935,0.1990,0.2709,1.0817,241,11.6733
08029500,aifs,9,-0.1914,0.1230,0.1896,1.0293,241,12.6052
08050800,aifs,9,0.0074,0.2457,0.3317,1.0342,241,9.5137
08066200,aifs,9,-0.2085,0.0535,0.1379,0.9363,241,15.4254
08066300,aifs,9,-0.1042,-0.0258,0.1237,0.9489,241,18.5947
08070000,aifs,9,-0.5149,0.1761,0.2150,1.2465,241,11.1381
08070200,aifs,9,-0.4665,0.1871,0.2160,1.2023,241,11.2148
08079600,aifs,9,-0.3388,0.1061,0.1504,1.1219,241,3.4925
08082700,aifs,9,-0.2683,0.0792,0.2124,1.4129,241,6.0166
08086212,aifs,9,0.0699,0.2994,0.4007,1.1976,241,5.9443
08086290,aifs,9,0.0179,0.2867,0.3865,1.2548,241,6.0786
08101000,aifs,9,-0.3464,0.1485,0.2747,1.4361,241,7.1120
08103900,aifs,9,-0.0207,0.2500,0.3259,1.0803,241,9.3596
08104900,aifs,9,-0.2206,0.1062,0.1708,1.0514,241,11.5825
08109700,aifs,9,-0.4478,0.0573,0.1257,1.2916,241,12.7359
08150800,aifs,9,-0.0280,0.0438,0.2145,0.8306,241,10.7536
08155200,aifs,9,-0.5346,0.0841,0.1649,1.3642,241,10.2361
08158700,aifs,9,-0.6134,0.0812,0.1584,1.3651,241,9.8560
08158810,aifs,9,-0.7123,0.0939,0.1706,1.3642,241,9.6583
08164000,aifs,9,-0.5529,0.1889,0.2735,1.3564,241,9.2172
08164300,aifs,9,-0.2837,0.2213,0.2657,1.2164,241,10.8952
08164600,aifs,9,-0.4234,0.2197,0.2900,1.3235,241,8.8938
08165300,aifs,9,-0.0203,0.1415,0.2623,0.9895,241,9.6090
08171300,aifs,9,-0.4412,0.1086,0.1671,1.2779,241,10.0881
08175000,aifs,9,-0.4267,0.2063,0.2294,1.1725,241,10.3672
08176900,aifs,9,-0.5280,0.2168,0.3181,1.3719,241,8.5014
08178880,aifs,9,-0.0843,0.0786,0.1974,1.0316,241,11.0730
08189500,aifs,9,-0.1573,0.3346,0.3934,1.2680,241,7.9340
08190000,aifs,9,0.0326,-0.0144,0.2310,0.8056,241,14.1612
08190500,aifs,9,0.0370,-0.0095,0.2353,0.8246,241,13.4979
08194200,aifs,9,0.1671,0.2241,0.4213,0.8282,241,7.9062
08195000,aifs,9,-0.0009,0.0219,0.2138,0.8922,241,12.9993
08196000,aifs,9,0.0121,-0.0111,0.2087,0.8729,241,14.7866
08198500,aifs,9,-0.0359,0.0301,0.1955,0.9049,241,12.7429
08200000,aifs,9,-0.0552,0.0492,0.1933,0.9761,241,12.3731
08202700,aifs,9,-0.0372,0.0241,0.1922,0.8934,241,13.1470
08267500,aifs,9,-0.0492,0.1697,0.2668,0.9515,241,3.8802
08269000,aifs,9,-0.2181,0.2454,0.2986,1.2308,241,3.0991
08271000,aifs,9,-0.0195,0.1644,0.2792,0.8998,241,3.9829
08324000,aifs,9,-0.2583,0.2704,0.3233,1.2596,241,2.5869
08377900,aifs,9,-0.1041,0.2273,0.2876,1.0992,241,3.9267
08378500,aifs,9,-0.1528,0.2645,0.3129,1.1787,241,3.5193
08380500,aifs,9,-0.2154,0.2684,0.3034,1.1683,241,3.3646
09034900,aifs,9,-0.0038,0.3507,0.3923,1.0837,241,3.9513
09035900,aifs,9,-0.3288,0.2997,0.3942,1.3452,241,3.3595
09047700,aifs,9,-0.3807,0.2475,0.3915,1.4337,241,3.2500
09065500,aifs,9,-0.2025,0.3215,0.4401,1.3813,241,3.2620
09066000,aifs,9,-0.4739,0.1429,0.4676,1.6305,241,3.0776
09066200,aifs,9,-0.1457,0.3392,0.4304,1.3345,241,3.3710
09066300,aifs,9,-0.2047,0.3188,0.4202,1.3575,241,3.3639
09081600,aifs,9,-0.0938,0.1976,0.4156,1.5390,241,4.5399
09107000,aifs,9,-0.8575,-0.3124,0.4356,2.1359,241,3.3500
09210500,aifs,9,-0.1705,0.2538,0.3258,1.2747,241,2.5132
09223000,aifs,9,-0.1039,0.2531,0.3310,1.2478,241,2.9938
09306242,aifs,9,-0.6042,0.0419,0.2500,1.5947,241,3.5680
09312600,aifs,9,-0.2542,0.1653,0.2741,1.3749,241,3.4634
09352900,aifs,9,-0.2076,0.2994,0.4239,1.3978,241,4.8386
09378170,aifs,9,-0.1754,0.2609,0.2903,0.9501,241,3.7720
09378630,aifs,9,-0.1025,0.2670,0.3127,0.9159,241,3.8443
09386900,aifs,9,-0.0734,0.3069,0.3953,1.3090,241,2.3506
09404450,aifs,9,0.0595,0.4357,0.4759,1.1714,241,2.8389
09430500,aifs,9,-0.0522,0.3934,0.4085,0.9485,241,2.3468
09430600,aifs,9,-0.0173,0.3326,0.3828,0.8684,241,3.0156
09447800,aifs,9,-0.7163,0.2351,0.3016,1.2441,241,2.1524
09480000,aifs,9,0.1418,0.2383,0.4185,0.7550,241,3.2556
09484000,aifs,9,-0.2814,0.1446,0.1842,1.0383,241,3.7669
09484600,aifs,9,0.1235,0.3419,0.4359,0.8664,241,2.7942
09492400,aifs,9,0.0740,0.2231,0.3646,0.8137,241,4.5524
09494000,aifs,9,0.0012,0.3672,0.4001,1.0050,241,3.3784
09497800,aifs,9,-0.2443,0.3159,0.3278,1.0983,241,3.3605
09497980,aifs,9,-0.1179,0.3404,0.3571,0.9960,241,3.7499
09505200,aifs,9,0.1012,0.4547,0.5486,1.3054,241,2.9234
09505350,aifs,9,0.1191,0.4569,0.5417,1.2865,241,3.0071
09505800,aifs,9,0.0716,0.4463,0.5257,1.2838,241,3.1537
09508300,aifs,9,-0.1498,0.4068,0.4227,1.1364,241,3.2641
09510200,aifs,9,-0.1295,0.3315,0.3685,1.1845,241,3.2765
09512280,aifs,9,-0.3202,0.1103,0.2925,1.5332,241,3.1784
09513780,aifs,9,-0.3237,0.1666,0.3110,1.4661,241,2.9696
10023000,aifs,9,-0.0773,0.2454,0.3316,1.2491,241,3.7152
10166430,aifs,9,0.1427,0.4209,0.4735,0.9912,241,3.3027
10172700,aifs,9,-0.0531,0.3520,0.3863,1.1253,241,2.7943
10172800,aifs,9,0.0510,0.2942,0.3820,0.8681,241,3.5513
10173450,aifs,9,0.1694,0.4277,0.4872,0.9698,241,3.2564
10205030,aifs,9,0.0295,0.3082,0.3745,1.0382,241,2.9860
10234500,aifs,9,0.0632,0.3442,0.4066,0.9487,241,3.3522
10242000,aifs,9,0.2399,0.4223,0.5222,0.8818,241,3.2834
10244950,aifs,9,-0.3055,0.3225,0.3808,1.2712,241,3.2533
10249300,aifs,9,-0.1525,0.3701,0.4437,1.2942,241,2.4200
10258000,aifs,9,-0.0352,0.3440,0.4222,1.2874,241,3.6175
10258500,aifs,9,-0.8179,-0.2224,0.4183,1.9968,241,2.4468
10259000,aifs,9,-0.1317,0.3211,0.3959,1.3021,241,2.9245
10259200,aifs,9,-0.7221,-0.3326,0.4275,2.1474,241,2.6248
10263500,aifs,9,0.1058,0.2568,0.3976,0.7823,241,5.5329
10310500,aifs,9,-0.1612,0.3910,0.5287,1.3377,241,3.9045
10316500,aifs,9,0.1377,0.2847,0.4281,0.7874,241,3.4398
10329500,aifs,9,-0.0382,0.0748,0.2516,0.6870,241,3.3249
10336645,aifs,9,0.1732,0.5487,0.5713,1.1353,241,7.4455
10336660,aifs,9,0.2412,0.5648,0.5807,1.0394,241,7.7664
10343500,aifs,9,-0.0477,0.4750,0.4914,1.1270,241,5.5109
10348850,aifs,9,0.3016,0.2481,0.5581,0.6239,241,7.5906
10396000,aifs,9,0.0111,-0.1437,0.2593,0.4120,241,3.3312
11098000,aifs,9,0.1658,0.1636,0.4204,0.6537,241,7.4447
11124500,aifs,9,0.1864,0.2609,0.4420,0.8655,241,6.2360
11141280,aifs,9,0.3575,0.5243,0.6141,0.8741,241,5.0395
11143000,aifs,9,0.2199,0.1714,0.4831,0.5454,241,8.9157
11148900,aifs,9,0.0118,0.5287,0.5326,1.0275,241,5.4154
11151300,aifs,9,-0.3561,0.3902,0.4967,1.2112,241,4.3425
11162500,aifs,9,0.1968,0.3153,0.4897,0.6735,241,5.6702
11176400,aifs,9,0.1404,0.5617,0.5627,1.0219,241,3.1302
11180500,aifs,9,0.1341,0.5210,0.5298,0.9713,241,3.5386
11180960,aifs,9,0.2209,0.4061,0.5202,0.7691,241,4.0296
11224500,aifs,9,-0.3527,0.4073,0.4755,1.1434,241,3.7767
11253310,aifs,9,-0.7431,0.2703,0.4112,1.2288,241,3.4944
11264500,aifs,9,-1.9070,-0.3812,0.3833,1.9479,241,8.0734
11266500,aifs,9,-1.6136,-0.2560,0.3781,1.8506,241,8.2482
11274500,aifs,9,0.2817,0.6308,0.6321,1.0190,241,2.7327
11274630,aifs,9,0.2676,0.6249,0.6316,1.0704,241,2.5093
11284400,aifs,9,-0.3587,0.2737,0.4556,1.4366,241,5.8951
11299600,aifs,9,0.1270,0.4839,0.5803,1.2985,241,4.6168
11381500,aifs,9,0.1437,0.3559,0.4622,0.7824,241,8.3533
11383500,aifs,9,0.1174,0.3461,0.4466,0.7831,241,8.6106
11451100,aifs,9,-0.0142,0.4313,0.4535,0.8638,241,5.2070
11468500,aifs,9,0.2276,0.5246,0.5563,0.9352,241,5.8575
11473900,aifs,9,0.2311,0.4092,0.5273,0.7636,241,6.0103
11475560,aifs,9,0.3938,0.2050,0.6700,0.5143,241,10.1435
11476600,aifs,9,0.3576,0.5552,0.6219,0.8948,241,5.8778
11478500,aifs,9,0.2214,0.4331,0.5279,0.7972,241,6.4914
11480390,aifs,9,0.2938,0.4469,0.5688,0.7812,241,5.8205
11481200,aifs,9,0.3018,0.4158,0.5647,0.7783,241,6.6271
11482500,aifs,9,0.3305,0.3644,0.5831,0.6981,241,7.2709
11522500,aifs,9,0.1958,0.4934,0.5327,0.9067,241,5.3440
11523200,aifs,9,0.0986,0.4265,0.4800,0.8198,241,6.2321
11528700,aifs,9,0.2500,0.4659,0.5517,0.8118,241,5.2299
11532500,aifs,9,0.3307,0.3342,0.5831,0.6799,241,9.0280
12010000,aifs,9,0.2143,0.3165,0.4944,0.7418,241,10.0899
12013500,aifs,9,0.1829,0.4374,0.5021,0.8943,241,8.0692
12020000,aifs,9,0.1479,0.4831,0.5084,0.9850,241,6.8996
12025000,aifs,9,0.1456,0.4437,0.4865,0.9697,241,6.6520
12025700,aifs,9,-0.0142,0.4138,0.4772,1.2615,241,6.5277
12035000,aifs,9,0.0356,0.3369,0.4103,0.8089,241,10.8439
12040500,aifs,9,0.0547,0.4059,0.4500,0.8557,241,12.3607
12041200,aifs,9,0.0814,0.3307,0.4279,0.7831,241,13.3888
12043000,aifs,9,0.1002,0.4178,0.4688,0.8595,241,10.4341
12048000,aifs,9,-0.5563,0.0486,0.3800,1.7042,241,6.5206
12054000,aifs,9,0.0299,0.3438,0.4004,1.1121,241,8.7818
12056500,aifs,9,0.0006,0.3289,0.3790,0.9282,241,11.8307
12073500,aifs,9,-0.0756,0.3737,0.4139,1.1991,241,5.8853
12082500,aifs,9,0.0881,0.4552,0.4877,1.1323,241,9.1256
12092000,aifs,9,0.0928,0.4270,0.4645,1.0815,241,9.1853
12095000,aifs,9,-0.0624,0.3829,0.4667,1.3096,241,7.5973
12114500,aifs,9,0.2147,0.3454,0.4902,0.8213,241,10.2040
12115000,aifs,9,0.2141,0.3501,0.4903,0.8294,241,10.1555
12115500,aifs,9,0.2166,0.3727,0.4942,0.8738,241,10.1730
12117000,aifs,9,0.2081,0.3848,0.4941,0.8711,241,10.1209
12141300,aifs,9,0.1705,0.3275,0.4616,0.8044,241,12.1349
12143600,aifs,9,0.1871,0.3699,0.4777,0.8706,241,11.2843
12144000,aifs,9,0.1755,0.3953,0.4786,0.9117,241,10.6404
12145500,aifs,9,0.1437,0.4308,0.4806,0.9409,241,8.5557
12147600,aifs,9,0.1335,0.2429,0.4205,0.7381,241,15.1957
12167000,aifs,9,0.0542,0.3943,0.4326,1.0586,241,10.8989
12175500,aifs,9,-0.1506,0.3790,0.4045,1.1713,241,8.4470
12186000,aifs,9,0.0294,0.4056,0.4315,0.9812,241,11.4437
12189500,aifs,9,-0.0727,0.4150,0.4332,1.1314,241,10.1287
12358500,aifs,9,-0.0689,0.1508,0.2616,0.8215,241,7.1319
12377150,aifs,9,-0.0383,0.1026,0.2878,0.6527,241,6.6490
12381400,aifs,9,0.0303,0.1780,0.3496,0.6910,241,5.9026
12390700,aifs,9,-0.2001,0.2960,0.3155,1.0883,241,5.0347
12411000,aifs,9,-0.2678,0.2654,0.2887,1.1371,241,5.9876
12414500,aifs,9,-0.0611,0.3349,0.3645,1.0199,241,5.7826
12447390,aifs,9,-1.3731,-0.3657,0.2021,2.0596,241,4.2577
12451000,aifs,9,-0.6897,0.1382,0.4235,1.5524,241,7.2447
12488500,aifs,9,0.1817,0.4573,0.5089,1.0846,241,7.2879
13011500,aifs,9,-0.2000,0.2512,0.3627,1.3814,241,3.9882
13011900,aifs,9,-0.1050,0.3041,0.3705,1.2524,241,3.6842
13018300,aifs,9,-0.0512,0.2806,0.3739,1.2850,241,3.7769
13023000,aifs,9,-0.1526,0.2809,0.3572,1.2927,241,3.2522
13161500,aifs,9,-0.6119,0.0558,0.2384,1.5571,241,2.6935
13235000,aifs,9,0.0040,0.3150,0.3713,0.9348,241,4.3587
13240000,aifs,9,0.0900,0.2484,0.3903,0.7794,241,5.4339
13310700,aifs,9,-0.0698,0.3309,0.3597,0.9932,241,4.5072
13313000,aifs,9,0.0531,0.2473,0.3692,0.7979,241,5.0755
13331500,aifs,9,0.0859,0.2294,0.3746,0.8070,241,4.7849
13337000,aifs,9,0.0537,0.3611,0.4155,0.9115,241,5.7894
13338500,aifs,9,-0.0677,0.3374,0.3911,1.2147,241,4.7067
13340000,aifs,9,0.0543,0.3889,0.4276,1.0048,241,4.8875
13340600,aifs,9,0.0533,0.3242,0.3973,0.8861,241,6.5222
14020000,aifs,9,0.1527,0.3061,0.4396,0.8261,241,4.4532
14092750,aifs,9,-0.0549,0.4706,0.4723,0.9576,241,5.8390
14096850,aifs,9,-0.1417,0.4199,0.4576,1.2003,241,3.7829
14137000,aifs,9,0.1247,0.4613,0.4920,0.9334,241,8.0273
14138800,aifs,9,0.2359,0.3359,0.5130,0.7375,241,10.2116
14138870,aifs,9,0.2771,0.3851,0.5448,0.7824,241,10.2846
14138900,aifs,9,0.2742,0.2746,0.5429,0.6658,241,12.2270
14139800,aifs,9,0.2673,0.3873,0.5425,0.7648,241,10.0651
14141500,aifs,9,0.2207,0.4680,0.5308,0.8936,241,8.8779
14154500,aifs,9,-0.2017,0.3906,0.3911,1.0214,241,6.1401
14158500,aifs,9,-0.1178,0.4308,0.4369,0.9179,241,7.5194
14158790,aifs,9,0.0916,0.3119,0.4437,0.6932,241,8.6662
14166500,aifs,9,0.0722,0.4546,0.4734,0.9628,241,6.1776
14182500,aifs,9,-0.1828,0.4208,0.4271,1.0794,241,8.8317
14185000,aifs,9,-0.2332,0.4296,0.4482,1.0991,241,7.9849
14185900,aifs,9,-0.0604,0.4523,0.4543,0.9630,241,8.8985
14187000,aifs,9,-0.1193,0.4311,0.4313,1.0006,241,7.9239
14216500,aifs,9,0.0508,0.4431,0.4627,1.0596,241,9.0713
14222500,aifs,9,0.2072,0.2262,0.4725,0.7029,241,13.2768
14236200,aifs,9,0.1700,0.4705,0.5097,1.0572,241,7.8317
14301000,aifs,9,0.1849,0.3184,0.4623,0.8290,241,8.0723
14303200,aifs,9,0.1097,0.1618,0.3895,0.6525,241,10.9695
14305500,aifs,9,0.0983,0.1320,0.3812,0.6073,241,13.0757
14306340,aifs,9,0.1011,0.4168,0.4752,0.8195,241,6.7243
14306500,aifs,9,0.0140,0.3897,0.4304,0.8506,241,7.5958
14308990,aifs,9,0.0094,0.4145,0.4329,0.9868,241,4.4738
14309500,aifs,9,0.3152,0.4822,0.5915,0.7887,241,5.5709
14316700,aifs,9,-0.1640,0.4189,0.4189,1.0023,241,5.7315
14325000,aifs,9,0.2044,0.3843,0.5138,0.7297,241,7.4914
14362250,aifs,9,0.0324,0.4494,0.4675,1.0961,241,4.0936
14400000,aifs,9,0.2183,0.3117,0.5020,0.6768,241,9.9958
01013500,aifs,10,-0.8882,-0.0284,0.0061,1.2574,241,7.5702
01022500,aifs,10,-0.9750,-0.0183,0.0033,1.2080,241,8.8598
01030500,aifs,10,-1.0420,0.0028,0.0233,1.1970,241,7.7374
01031500,aifs,10,-0.8723,0.0045,0.0216,1.1775,241,7.7809
01047000,aifs,10,-0.7466,-0.0083,0.0042,1.0870,241,8.0833
01052500,aifs,10,-0.7137,0.0380,0.0663,1.2123,241,7.2838
01054200,aifs,10,-0.5597,-0.0325,-0.0007,0.9725,241,9.0192
01055000,aifs,10,-0.7871,-0.0061,0.0006,1.0284,241,7.6651
01057000,aifs,10,-0.7897,-0.0319,-0.0230,1.0122,241,8.0806
01073000,aifs,10,-0.9612,-0.0706,-0.0599,1.1286,241,8.4657
01078000,aifs,10,-0.7066,-0.0754,-0.0540,1.0268,241,8.1951
01118300,aifs,10,-0.2835,-0.0896,0.0256,0.8026,241,13.0406
01121000,aifs,10,-0.5420,-0.0428,0.0010,0.8626,241,10.2193
01123000,aifs,10,-0.5246,-0.0545,-0.0044,0.8486,241,10.6832
01134500,aifs,10,-0.5740,0.0116,0.0341,1.0291,241,8.1437
01137500,aifs,10,-0.6173,0.0090,0.0297,1.0790,241,8.2810
01139000,aifs,10,-0.7233,-0.0565,-0.0222,1.2007,241,8.1139
01139800,aifs,10,-0.5481,-0.0595,-0.0213,0.9734,241,8.5940
01142500,aifs,10,-0.8183,-0.0512,-0.0264,1.1884,241,7.7590
01144000,aifs,10,-0.6972,-0.0584,-0.0385,1.0263,241,8.0808
01169000,aifs,10,-0.7295,-0.0630,-0.0419,1.0958,241,9.1077
01170100,aifs,10,-0.7824,-0.0727,-0.0508,1.1368,241,9.0130
01181000,aifs,10,-0.6579,-0.0307,-0.0111,1.0142,241,9.7107
01187300,aifs,10,-0.8188,0.0059,0.0258,1.1841,241,8.8956
01195100,aifs,10,-0.3115,-0.0244,0.0671,0.8059,241,10.9755
01333000,aifs,10,-0.6173,-0.0340,0.0009,1.1550,241,8.8755
01350000,aifs,10,-0.2242,-0.0067,0.0893,1.0148,241,11.1436
01350080,aifs,10,-0.3817,0.0389,0.0905,1.1197,241,9.2484
01350140,aifs,10,-0.4199,0.0304,0.0730,1.0701,241,8.8805
01365000,aifs,10,-0.3295,0.0708,0.1248,1.1163,241,9.6677
01411300,aifs,10,-0.1574,-0.0327,0.1000,0.8822,241,11.5690
01413500,aifs,10,-0.2604,-0.0178,0.0718,0.9418,241,10.6873
01414500,aifs,10,-0.2021,0.0030,0.1033,1.0206,241,11.1115
01415000,aifs,10,-0.4176,-0.0164,0.0347,1.0039,241,9.3320
01423000,aifs,10,-0.3971,-0.0058,0.0476,0.9593,241,9.1634
01434025,aifs,10,-0.1614,0.0256,0.1346,0.9312,241,11.5177
01435000,aifs,10,-0.2025,0.0346,0.1251,0.9886,241,11.0358
01439500,aifs,10,-0.2819,0.1258,0.1712,0.9402,241,8.6044
01440000,aifs,10,-0.2526,0.1294,0.1792,0.9601,241,9.0027
01440400,aifs,10,-0.2040,0.0872,0.1729,0.8358,241,9.2148
01451800,aifs,10,-0.3849,0.1312,0.1558,1.0175,241,8.0202
01466500,aifs,10,-0.4575,0.1096,0.1308,1.0668,241,8.6510
01484100,aifs,10,-0.3148,0.0804,0.1319,1.0800,241,8.9068
01485500,aifs,10,-0.0996,0.0475,0.1789,0.8593,241,9.8226
01486000,aifs,10,-0.0697,0.0630,0.1990,0.8868,241,9.9532
01487000,aifs,10,-0.2244,0.0910,0.1594,1.0575,241,9.1210
01491000,aifs,10,-0.5883,0.0903,0.1276,1.2376,241,7.7800
01510000,aifs,10,-0.5475,-0.0384,-0.0040,1.0216,241,9.0378
01516500,aifs,10,-0.3623,0.1236,0.1533,0.9820,241,6.6398
01518862,aifs,10,-0.3106,0.1149,0.1572,0.9433,241,7.0075
01532000,aifs,10,-0.2925,0.0431,0.1069,0.9664,241,7.9075
01539000,aifs,10,-0.2234,0.1063,0.1730,0.9078,241,7.9997
01542810,aifs,10,-0.2914,0.1229,0.1672,0.9411,241,7.4364
01543000,aifs,10,-0.3166,0.1391,0.1747,0.9385,241,7.2653
01543500,aifs,10,-0.2570,0.1196,0.1762,0.8905,241,7.6460
01544500,aifs,10,-0.2894,0.1375,0.1771,0.9698,241,7.0993
01545600,aifs,10,-0.2619,0.1371,0.1820,1.0029,241,7.2280
01547700,aifs,10,-0.1349,-0.1120,0.0622,0.8230,241,11.4025
01548500,aifs,10,-0.3326,0.1418,0.1725,0.9714,241,6.7712
01549500,aifs,10,-0.2270,0.1362,0.1893,1.0019,241,7.2550
01550000,aifs,10,-0.1989,0.0821,0.1594,0.9680,241,7.9974
01552000,aifs,10,-0.1973,0.0154,0.1169,0.9078,241,9.1221
01552500,aifs,10,-0.2732,0.0931,0.1493,0.9374,241,7.8904
01557500,aifs,10,-0.1752,-0.0699,0.0894,0.7424,241,10.2067
01567500,aifs,10,-0.2287,0.0291,0.1218,0.8577,241,8.6146
01568000,aifs,10,-0.3167,0.0760,0.1321,0.8784,241,7.8932
01580000,aifs,10,-0.4203,0.2146,0.2213,1.0395,241,7.3950
01583500,aifs,10,-0.4330,0.2051,0.2163,1.0957,241,7.3769
01586610,aifs,10,-0.4108,0.1910,0.2027,1.0554,241,7.4072
01591400,aifs,10,-0.1526,0.1468,0.2287,0.8338,241,8.7007
01596500,aifs,10,-0.4678,0.0148,0.0512,0.9655,241,8.8426
01605500,aifs,10,-0.3434,0.0418,0.0955,0.9450,241,7.7141
01606500,aifs,10,-0.4755,0.0599,0.0867,0.9565,241,7.5310
01613050,aifs,10,-0.3943,0.0596,0.1066,0.8636,241,7.7884
01620500,aifs,10,-0.4398,0.0523,0.0871,1.0703,241,6.7638
01632000,aifs,10,-0.2969,-0.0143,0.1056,0.6898,241,8.1049
01632900,aifs,10,-0.2811,-0.0106,0.0990,0.7380,241,7.7740
01634500,aifs,10,-0.3737,0.0458,0.1100,0.7950,241,8.1305
01638480,aifs,10,-0.3471,0.1141,0.1547,0.8841,241,7.9616
01639500,aifs,10,-0.4805,0.1530,0.1632,1.0393,241,7.4597
01644000,aifs,10,-0.4403,0.0870,0.1243,0.8425,241,7.7372
01658500,aifs,10,-0.3289,0.0644,0.1246,0.8465,241,8.3423
01664000,aifs,10,-0.3278,0.0628,0.1406,0.7553,241,7.9127
01666500,aifs,10,-0.3358,0.0341,0.1124,0.7751,241,7.9075
01667500,aifs,10,-0.3373,0.0556,0.1242,0.7981,241,7.5612
01669000,aifs,10,-0.1406,0.1157,0.1998,0.9713,241,8.6405
01669520,aifs,10,-0.1194,0.1108,0.2041,0.9628,241,8.5101
02011400,aifs,10,-0.3724,0.1018,0.1346,0.9991,241,7.0011
02011460,aifs,10,-0.4072,0.0785,0.1118,1.0476,241,7.5284
02013000,aifs,10,-0.1771,0.1588,0.2188,0.9482,241,6.7992
02014000,aifs,10,-0.2404,0.1934,0.2275,0.9945,241,6.2448
02015700,aifs,10,-0.3550,0.0598,0.1087,1.0860,241,7.1455
02016000,aifs,10,-0.3517,0.1504,0.1788,1.0792,241,6.2855
02017500,aifs,10,-0.3621,0.2058,0.2249,1.1076,241,5.7937
02018000,aifs,10,-0.4217,0.2128,0.2301,1.1410,241,5.6567
02027000,aifs,10,-0.2835,0.2246,0.2713,1.2257,241,5.9056
02027500,aifs,10,-0.2757,0.2086,0.2444,1.1518,241,6.1601
02028500,aifs,10,-0.2960,0.1540,0.1885,0.9633,241,6.3720
02038850,aifs,10,-0.1429,0.2469,0.2865,0.9727,241,6.3087
02046000,aifs,10,-0.2477,0.0798,0.1480,0.9054,241,7.6519
02051000,aifs,10,-0.2758,0.0176,0.0955,0.9062,241,8.2727
02051500,aifs,10,-0.3156,0.0538,0.1103,0.9472,241,7.6625
02053200,aifs,10,-0.2149,0.0214,0.1149,0.9160,241,7.9991
02053800,aifs,10,-0.3668,0.1593,0.1816,0.9530,241,6.2449
02055100,aifs,10,-0.4555,0.1350,0.2393,1.4068,241,5.7633
02056900,aifs,10,-0.2136,0.1982,0.2385,0.9345,241,6.5461
02059500,aifs,10,-0.3739,0.2795,0.2914,1.1259,241,5.4457
02064000,aifs,10,-0.2578,0.2540,0.2939,1.2053,241,5.9883
02065500,aifs,10,-0.3788,0.1950,0.2215,1.1600,241,6.1843
02069700,aifs,10,-0.2877,0.0963,0.1474,0.9588,241,7.9901
02070000,aifs,10,-0.3148,0.0683,0.1226,0.9237,241,7.9780
02074500,aifs,10,-0.3150,0.0008,0.0770,1.1345,241,8.5119
02077200,aifs,10,-0.5187,0.1353,0.1597,1.1744,241,6.8021
02081500,aifs,10,-0.3609,0.0905,0.1311,1.0843,241,7.3876
02082950,aifs,10,-0.4486,0.0887,0.1323,1.2035,241,6.5528
02092500,aifs,10,-0.3025,0.1037,0.1553,1.1171,241,7.1346
02096846,aifs,10,-0.2126,-0.0215,0.0825,0.9999,241,9.8873
02102908,aifs,10,-0.2563,-0.0395,0.0580,0.9272,241,9.3780
02108000,aifs,10,-0.2402,0.1063,0.1649,1.0143,241,7.1957
02111180,aifs,10,-0.2460,0.1048,0.1659,0.9115,241,8.2985
02111500,aifs,10,-0.3741,0.0512,0.0966,0.9455,241,8.5842
02118500,aifs,10,-0.5983,0.0880,0.0977,1.0491,241,7.8900
02128000,aifs,10,-0.3354,0.1107,0.1488,1.0445,241,7.5980
02137727,aifs,10,-0.2785,0.0214,0.0983,0.8992,241,9.4660
02140991,aifs,10,-0.3514,0.1041,0.1403,0.9729,241,8.3116
02143000,aifs,10,-0.4070,0.0981,0.1263,0.9833,241,8.3762
02143040,aifs,10,-0.4009,0.1193,0.1442,0.9748,241,8.2920
02149000,aifs,10,-0.2060,-0.0243,0.0974,0.8086,241,10.8479
02152100,aifs,10,-0.4681,0.1234,0.1389,1.0197,241,8.0862
02177000,aifs,10,-0.4659,0.0637,0.0912,1.0451,241,10.8589
02178400,aifs,10,-0.5911,0.0967,0.1058,1.0480,241,9.5919
02193340,aifs,10,-0.3296,0.0898,0.1465,1.1727,241,8.3717
02196000,aifs,10,-0.2746,-0.0100,0.0731,0.9491,241,9.0611
02198100,aifs,10,-0.0548,0.0220,0.1888,0.8262,241,10.6996
02202600,aifs,10,-0.6296,0.1035,0.1653,1.3248,241,7.6236
02212600,aifs,10,-0.2439,0.1245,0.1782,1.0536,241,9.4902
02215100,aifs,10,-0.3553,0.1046,0.1400,1.0257,241,9.8246
02216180,aifs,10,-0.2431,0.0604,0.1318,0.9713,241,11.0745
02221525,aifs,10,-0.2664,0.1749,0.2120,1.0800,241,8.5529
02231000,aifs,10,-0.2048,0.2346,0.2646,0.9802,241,7.3465
02231342,aifs,10,-0.3781,0.1701,0.2221,1.2536,241,7.9601
02235200,aifs,10,-0.0576,0.3092,0.3512,1.0726,241,7.0358
02245500,aifs,10,-0.1724,0.2455,0.2980,1.1907,241,7.1112
02246000,aifs,10,-0.2710,0.2795,0.2966,1.1127,241,6.6531
02296500,aifs,10,-0.2027,0.3616,0.3715,1.1010,241,6.6724
02297155,aifs,10,-0.1862,0.1471,0.2071,0.9913,241,9.5228
02297310,aifs,10,-0.2886,0.1654,0.1986,0.9564,241,9.0258
02298123,aifs,10,-0.4665,0.1454,0.1641,1.1144,241,8.6885
02298608,aifs,10,-0.2587,0.1308,0.1798,0.9411,241,9.6009
02299950,aifs,10,-0.3258,0.1402,0.1753,1.0817,241,9.0924
02300700,aifs,10,-0.1363,0.1371,0.2187,1.0938,241,9.9679
02310947,aifs,10,-0.2242,0.1507,0.2078,1.1262,241,8.5134
02312200,aifs,10,-0.1139,0.1124,0.2082,1.0633,241,9.8186
02314500,aifs,10,-0.1878,0.1636,0.2208,0.9245,241,8.4139
02315500,aifs,10,-0.2256,0.1928,0.2328,0.9260,241,7.8057
02324400,aifs,10,-0.0225,0.0938,0.2451,0.8414,241,10.4957
02327100,aifs,10,-0.2883,0.0932,0.1482,0.9074,241,10.0825
02349900,aifs,10,-0.2136,0.1188,0.1826,0.9283,241,10.3883
02350900,aifs,10,-0.5685,0.1362,0.1433,1.0642,241,9.3473
02361000,aifs,10,-0.7388,0.1334,0.1428,1.1267,241,9.3936
02363000,aifs,10,-0.4621,0.1482,0.1657,1.1043,241,9.5091
02369800,aifs,10,-0.1677,0.0579,0.1697,0.7949,241,13.9319
02371500,aifs,10,-0.2767,0.1037,0.1545,1.0142,241,10.5892
02372250,aifs,10,-0.2416,0.1353,0.1861,0.9546,241,10.1346
02374500,aifs,10,-0.2223,0.0987,0.1698,0.8848,241,11.0349
02381600,aifs,10,-0.2510,0.0162,0.1028,0.8889,241,11.3412
02384540,aifs,10,-0.1815,0.1454,0.2084,0.9483,241,9.4983
02395120,aifs,10,-0.3000,0.1598,0.2062,1.1749,241,8.5233
02408540,aifs,10,-0.1091,0.2066,0.2683,0.9831,241,10.0410
02415000,aifs,10,-0.0452,0.1821,0.2800,0.8882,241,10.6012
02422500,aifs,10,-0.2551,0.1836,0.2237,1.1138,241,9.7676
02427250,aifs,10,-0.2797,0.2235,0.2447,1.0503,241,8.6399
02430085,aifs,10,-0.1525,0.1226,0.2031,1.0821,241,9.2305
02450250,aifs,10,-0.0673,0.1133,0.2336,0.8590,241,10.0719
02464000,aifs,10,0.0435,0.1666,0.3101,0.9285,241,10.9518
02465493,aifs,10,-0.2015,0.2046,0.2458,1.0688,241,9.3253
02469800,aifs,10,-0.2291,0.1285,0.1882,0.8957,241,10.0503
02472000,aifs,10,-0.1493,0.0679,0.1792,0.8168,241,11.1940
02472500,aifs,10,-0.1194,0.0363,0.1782,0.7671,241,12.0234
02479155,aifs,10,-0.0487,0.0654,0.2200,0.8072,241,13.4782
02479300,aifs,10,0.0096,-0.0247,0.2316,0.6735,241,17.3781
02481000,aifs,10,0.0116,-0.0864,0.2179,0.6142,241,20.8359
02481510,aifs,10,0.0520,0.0146,0.2985,0.6260,241,16.7766
03010655,aifs,10,-0.3178,0.0829,0.1332,0.9214,241,7.5366
03011800,aifs,10,-0.2140,0.0840,0.1606,0.8992,241,8.4536
03015500,aifs,10,-0.4832,0.1401,0.1522,1.0447,241,7.8326
03021350,aifs,10,-0.3550,0.1099,0.1443,0.9684,241,8.6413
03026500,aifs,10,-0.2421,0.1000,0.1636,0.9106,241,8.0631
03028000,aifs,10,-0.2420,0.0979,0.1617,0.9152,241,8.2942
03049800,aifs,10,-0.2811,0.0150,0.0916,0.9165,241,9.9546
03050000,aifs,10,-0.2634,0.0408,0.1157,0.9085,241,10.5816
03066000,aifs,10,-0.3755,-0.0104,0.0568,0.8549,241,9.8514
03069500,aifs,10,-0.4044,0.0461,0.0885,0.9240,241,9.2263
03070500,aifs,10,-0.5286,0.0608,0.0802,0.9749,241,9.4144
03076600,aifs,10,-0.3531,-0.0233,0.0508,0.8617,241,10.4155
03078000,aifs,10,-0.3724,-0.0282,0.0363,0.9368,241,10.3561
03140000,aifs,10,-0.1770,0.1740,0.2288,0.9583,241,7.7075
03144000,aifs,10,-0.1750,0.0135,0.1401,0.7822,241,9.5141
03159540,aifs,10,-0.2189,-0.0558,0.0741,0.7901,241,10.3032
03161000,aifs,10,-0.3117,0.1058,0.1495,0.9592,241,7.7708
03164000,aifs,10,-0.4202,0.0938,0.1223,0.9468,241,7.0819
03165000,aifs,10,-0.2896,0.0389,0.1141,0.8477,241,8.2679
03170000,aifs,10,-0.2804,0.1827,0.2146,0.9305,241,6.3046
03173000,aifs,10,-0.3137,0.2132,0.2311,0.9669,241,5.6824
03180500,aifs,10,-0.4114,0.0930,0.1239,1.0706,241,8.3081
03182500,aifs,10,-0.4772,0.1005,0.1225,1.0865,241,7.5613
03186500,aifs,10,-0.3345,0.0906,0.1353,0.9274,241,8.5686
03187500,aifs,10,-0.3499,0.0892,0.1298,0.9546,241,8.5171
03213700,aifs,10,-0.1687,0.1694,0.2270,1.0156,241,7.5967
03237280,aifs,10,-0.3492,0.0026,0.0645,0.9444,241,8.9764
03237500,aifs,10,-0.2802,0.0009,0.0837,0.8905,241,9.0957
03241500,aifs,10,-0.1825,-0.1057,0.0547,0.7706,241,10.8168
03280700,aifs,10,-0.3190,0.1225,0.1648,1.1020,241,8.2768
03281100,aifs,10,-0.4537,0.0873,0.1145,1.0866,241,8.3219
03281500,aifs,10,-0.4767,0.0842,0.1086,1.0811,241,8.1186
03285000,aifs,10,-0.3560,-0.0376,0.0321,0.9519,241,10.5295
03291780,aifs,10,-0.1199,-0.0402,0.1174,0.8291,241,10.9263
03300400,aifs,10,-0.2256,0.0233,0.1169,0.8725,241,10.7104
03340800,aifs,10,-0.1746,0.0360,0.1465,0.8318,241,11.1802
03346000,aifs,10,-0.1671,0.0988,0.1894,0.8512,241,9.4087
03364500,aifs,10,-0.0317,-0.0860,0.1676,0.6783,241,13.3882
03366500,aifs,10,-0.1121,-0.0153,0.1374,0.8284,241,10.6531
03368000,aifs,10,-0.0229,-0.0842,0.1867,0.6408,241,13.1995
03384450,aifs,10,-0.2786,0.0429,0.1097,0.9935,241,10.7050
03439000,aifs,10,-0.4523,0.0812,0.1066,0.9700,241,9.5618
03450000,aifs,10,-0.3446,0.1010,0.1390,0.9820,241,7.5688
03455500,aifs,10,-0.5047,0.1225,0.1346,0.9711,241,8.8386
03456500,aifs,10,-0.3626,0.1032,0.1457,0.8686,241,7.9263
03460000,aifs,10,-0.4101,0.0760,0.1106,0.9317,241,8.5132
03463300,aifs,10,-0.2749,0.0415,0.1217,0.8356,241,8.9209
03471500,aifs,10,-0.3264,0.1012,0.1429,0.9675,241,7.0027
03473000,aifs,10,-0.3011,0.1107,0.1560,0.9446,241,7.1888
03479000,aifs,10,-0.4001,0.1552,0.1728,0.9949,241,7.0942
03488000,aifs,10,-0.2429,0.1569,0.2004,0.9939,241,6.8822
03498500,aifs,10,-0.3754,0.1102,0.1423,0.9418,241,8.9721
03500000,aifs,10,-0.6710,0.0854,0.0974,1.1241,241,9.5370
03504000,aifs,10,-0.4501,0.0514,0.0879,0.8933,241,10.4970
03574500,aifs,10,-0.1415,0.1341,0.2113,0.9925,241,9.8746
03604000,aifs,10,-0.1567,0.0677,0.1705,0.8623,241,10.4373
04015330,aifs,10,-0.0649,0.2220,0.2920,1.0332,241,6.7586
04024430,aifs,10,-0.5303,0.1176,0.1636,1.2638,241,6.2247
04027000,aifs,10,-0.7534,-0.0206,0.0861,1.4502,241,5.9890
04040500,aifs,10,-0.4593,0.0566,0.0858,1.0277,241,6.4152
04043050,aifs,10,-0.4376,0.1295,0.1484,0.9513,241,5.8211
04045500,aifs,10,-0.6033,-0.0170,0.0074,1.0491,241,6.4450
04056500,aifs,10,-0.6252,-0.0139,0.0084,1.0643,241,6.0539
04057510,aifs,10,-0.4386,-0.0276,0.0223,0.9767,241,6.6826
04057800,aifs,10,-0.2655,0.1612,0.1989,1.0057,241,6.0427
04059500,aifs,10,-0.3827,0.0590,0.1001,1.0290,241,6.0836
04063700,aifs,10,-0.4777,0.0264,0.0826,1.2329,241,5.7731
04074950,aifs,10,-0.4566,0.0206,0.0600,1.0815,241,6.3309
04105700,aifs,10,-0.1269,0.2271,0.2783,1.0588,241,7.6259
04115265,aifs,10,-0.1058,0.1955,0.2629,1.0442,241,7.5331
04122200,aifs,10,-0.3413,0.0520,0.1024,1.0159,241,8.3155
04122500,aifs,10,-0.4397,0.0147,0.0552,1.0058,241,8.1087
04124000,aifs,10,-0.2140,-0.1270,0.0436,0.6947,241,9.4621
04127997,aifs,10,-0.2044,-0.0745,0.0791,0.7229,241,8.4731
04185000,aifs,10,-0.2593,0.2928,0.3027,1.0530,241,7.3591
04196800,aifs,10,-0.3213,0.2041,0.2224,1.0168,241,8.0942
04197100,aifs,10,-0.0667,0.2807,0.3284,1.0422,241,8.1400
04197170,aifs,10,-0.1086,0.3240,0.3543,1.1137,241,7.5215
04213000,aifs,10,-0.4745,0.1541,0.1698,1.1063,241,7.7711
04213075,aifs,10,-0.4204,0.0884,0.1198,1.0837,241,8.5732
04216418,aifs,10,-0.3189,0.0485,0.1140,0.8556,241,8.4975
04221000,aifs,10,-0.3206,0.1145,0.1539,0.9715,241,7.1288
04224775,aifs,10,-0.2976,0.0810,0.1332,0.9910,241,7.8274
04256000,aifs,10,-0.6300,0.0517,0.0647,1.0699,241,7.6809
04296000,aifs,10,-0.6346,0.0402,0.0668,1.1764,241,7.9792
05057000,aifs,10,-0.3212,0.1444,0.2641,1.4167,241,4.2800
05057200,aifs,10,-0.2814,0.1498,0.3097,1.4854,241,3.8999
05062500,aifs,10,-0.3881,0.0790,0.1744,1.3594,241,5.1855
05087500,aifs,10,-0.4042,0.0211,0.1256,1.3697,241,6.2693
05120500,aifs,10,-0.1725,0.1980,0.3195,1.3873,241,4.3406
05123400,aifs,10,-0.1522,0.1460,0.2199,1.0972,241,5.5981
05129115,aifs,10,-0.4140,0.1084,0.1966,1.3574,241,5.6324
05131500,aifs,10,-0.4391,0.1355,0.2299,1.3827,241,5.2455
05291000,aifs,10,-0.2497,-0.0865,0.0336,1.1684,241,7.6408
05362000,aifs,10,-0.5027,0.0874,0.1497,1.3020,241,6.2894
05393500,aifs,10,-0.3738,0.0866,0.1419,1.2062,241,6.5796
05399500,aifs,10,-0.3104,0.0206,0.0856,1.0062,241,8.0922
05408000,aifs,10,-0.2419,-0.0584,0.0503,0.9006,241,9.9951
05412500,aifs,10,-0.3847,-0.0343,0.0276,0.9741,241,8.8743
05413500,aifs,10,-0.3534,-0.0793,0.0017,0.9315,241,9.9915
05414000,aifs,10,-0.3408,-0.0520,0.0239,0.9785,241,9.7457
05444000,aifs,10,-0.5996,0.0055,0.0465,1.2156,241,9.1153
05454000,aifs,10,-0.2709,0.0385,0.1088,0.9711,241,9.7207
05458000,aifs,10,-0.3293,-0.0376,0.0375,0.9951,241,9.0700
05466500,aifs,10,-0.1706,-0.0318,0.1071,0.7929,241,11.3740
05487980,aifs,10,-0.2864,-0.0045,0.0747,0.9342,241,10.1654
05488200,aifs,10,-0.2175,-0.0876,0.0377,0.8937,241,12.0009
05489000,aifs,10,-0.2185,-0.0505,0.0665,0.8689,241,11.1249
05495000,aifs,10,-0.0812,0.2115,0.2804,0.9628,241,7.5885
05495500,aifs,10,-0.0846,0.0610,0.2011,0.8058,241,9.3249
05501000,aifs,10,-0.1152,-0.0407,0.1237,0.7926,241,10.5951
05503800,aifs,10,-0.1720,0.0754,0.1661,0.9072,241,8.5030
05507600,aifs,10,-0.3720,0.0894,0.1255,0.9706,241,7.7142
05508805,aifs,10,-0.3671,0.1070,0.1415,0.9344,241,7.5653
05514500,aifs,10,-0.3468,0.0569,0.1106,0.8853,241,8.2109
05525500,aifs,10,-0.3391,0.0665,0.1162,0.9235,241,9.4067
05556500,aifs,10,-0.3206,0.0221,0.0863,0.9313,241,10.3210
05584500,aifs,10,-0.0494,-0.0193,0.1719,0.7900,241,11.5948
05585000,aifs,10,-0.0598,0.0165,0.1843,0.8125,241,10.6535
05591550,aifs,10,-0.1203,0.0875,0.1989,0.8396,241,9.6026
05592050,aifs,10,-0.2369,0.1169,0.1740,0.9555,241,8.4435
05592575,aifs,10,-0.1357,0.0177,0.1630,0.7471,241,10.3168
05593575,aifs,10,-0.2799,0.0619,0.1253,0.9306,241,9.2744
05593900,aifs,10,-0.2256,0.0059,0.1121,0.8121,241,9.7192
05595730,aifs,10,-0.2733,0.1138,0.1631,0.9665,241,8.8228
06037500,aifs,10,-0.4728,0.1108,0.1940,1.3580,241,4.7201
06043500,aifs,10,-0.4720,0.1380,0.2181,1.3527,241,4.5999
06154410,aifs,10,-0.1256,-0.0702,0.0923,0.8447,241,5.1589
06188000,aifs,10,-0.7175,0.0738,0.1993,1.4648,241,3.9333
06191500,aifs,10,-0.7012,0.0786,0.2019,1.4600,241,3.9679
06221400,aifs,10,-0.7109,0.0602,0.1444,1.3881,241,3.8278
06224000,aifs,10,-0.6774,0.0298,0.1104,1.3790,241,3.9949
06289000,aifs,10,-1.0227,-0.1220,0.2128,1.7814,241,4.0498
06332515,aifs,10,-0.6026,-0.0152,0.2370,1.6693,241,4.2575
06339100,aifs,10,-1.3105,-0.2208,0.2156,1.8722,241,3.9746
06339500,aifs,10,-0.6036,0.0867,0.3069,1.5835,241,3.9240
06344600,aifs,10,-0.7110,-0.0059,0.1560,1.5472,241,4.5043
06350000,aifs,10,-0.7693,0.1314,0.2910,1.4616,241,3.8468
06352000,aifs,10,-1.7909,-0.1741,0.1111,1.6368,241,4.1512
06353000,aifs,10,-1.1882,-0.0007,0.2242,1.5485,241,3.9427
06354000,aifs,10,-0.6601,0.1706,0.3179,1.4393,241,3.7394
06360500,aifs,10,-1.6499,-0.1136,0.1504,1.5840,241,4.1086
06404000,aifs,10,-0.7591,0.0145,0.2699,1.6467,241,4.4071
06406000,aifs,10,-0.9491,-0.0053,0.2452,1.6289,241,4.2323
06408700,aifs,10,-1.2873,-0.0595,0.1578,1.5856,241,4.3678
06409000,aifs,10,-1.1688,-0.0318,0.2023,1.5996,241,4.1866
06431500,aifs,10,-1.0690,-0.0276,0.1539,1.5589,241,4.6449
06440200,aifs,10,-0.5712,0.1135,0.1458,1.2204,241,5.3232
06441500,aifs,10,-1.0643,0.0479,0.0753,1.2003,241,4.9971
06447000,aifs,10,-0.8381,0.0840,0.1255,1.2692,241,4.4961
06447500,aifs,10,-0.7929,0.0326,0.0714,1.2681,241,5.1113
06450500,aifs,10,-0.5529,0.0323,0.0558,1.0724,241,5.6531
06452000,aifs,10,-0.7366,0.0985,0.1140,1.1649,241,4.6973
06453600,aifs,10,-0.2252,0.0801,0.1505,1.0273,241,5.9345
06464500,aifs,10,-0.2211,-0.0098,0.0908,0.9137,241,6.8121
06477500,aifs,10,-0.3387,0.0711,0.1272,1.1518,241,5.7617
06479215,aifs,10,-0.1859,-0.0699,0.0703,1.1879,241,7.6120
06479438,aifs,10,-0.2178,-0.0613,0.0721,1.2336,241,7.1639
06601000,aifs,10,-0.0457,0.1415,0.2698,1.2228,241,7.6366
06614800,aifs,10,-0.0930,0.0694,0.1878,0.9864,241,5.6039
06622700,aifs,10,-0.1946,0.1943,0.2502,1.1591,241,3.8879
06623800,aifs,10,-0.2703,0.1736,0.2543,1.3051,241,4.3076
06632400,aifs,10,-0.2175,0.1306,0.2082,1.2119,241,4.2695
06784000,aifs,10,-0.1247,0.1611,0.2359,1.0648,241,5.8063
06803510,aifs,10,-0.2089,0.0147,0.1108,1.0659,241,9.0480
06803530,aifs,10,-0.2895,0.0581,0.1306,1.1724,241,8.0177
06814000,aifs,10,-0.1624,0.0711,0.1641,1.0570,241,8.2050
06846500,aifs,10,-0.0379,0.3210,0.3772,1.1781,241,4.2348
06847900,aifs,10,0.0179,0.2675,0.3599,1.1737,241,4.9995
06853800,aifs,10,-0.3795,0.0896,0.1488,1.2337,241,6.3008
06876700,aifs,10,-0.0258,-0.0231,0.1816,0.8058,241,10.0300
06878000,aifs,10,-0.1148,0.0328,0.1568,0.9437,241,8.4410
06879650,aifs,10,-0.1171,-0.0628,0.1164,0.7477,241,10.1507
06885500,aifs,10,-0.1231,0.0053,0.1405,0.8736,241,9.3530
06888500,aifs,10,-0.1103,-0.0621,0.1118,0.7938,241,10.5495
06889200,aifs,10,-0.0942,0.0448,0.1761,0.8964,241,9.4549
06889500,aifs,10,-0.0894,0.0713,0.1941,0.9030,241,9.1150
06892000,aifs,10,-0.0900,0.0601,0.1920,0.8497,241,9.6512
06903400,aifs,10,-0.2142,0.0092,0.1063,0.9173,241,10.3970
06906800,aifs,10,-0.1697,-0.0822,0.1097,0.6329,241,11.6995
06910800,aifs,10,-0.1098,-0.0144,0.1432,0.7956,241,10.0558
06911900,aifs,10,-0.1173,-0.0544,0.1206,0.7537,241,10.6670
06917000,aifs,10,-0.2684,-0.0766,0.0514,0.7395,241,12.3467
06918460,aifs,10,-0.3158,-0.0592,0.0370,0.8229,241,11.4448
06919500,aifs,10,-0.3512,-0.0388,0.0440,0.8237,241,11.0498
06921070,aifs,10,-0.2116,-0.1024,0.0637,0.6842,241,12.5155
06921200,aifs,10,-0.1740,-0.1017,0.0720,0.7091,241,13.0785
06934000,aifs,10,-0.3865,-0.0229,0.0462,0.8409,241,10.1951
07014500,aifs,10,-0.2443,-0.1669,-0.0008,0.6982,241,12.9238
07056000,aifs,10,-0.2994,0.1906,0.2149,0.9980,241,10.4429
07057500,aifs,10,-0.3459,0.1423,0.1706,0.9749,241,9.6572
07060710,aifs,10,-0.0133,0.2483,0.3251,0.9739,241,10.1263
07066000,aifs,10,-0.3893,0.0897,0.1227,0.9731,241,9.7554
07067000,aifs,10,-0.4990,0.1021,0.1176,1.0031,241,8.9652
07068000,aifs,10,-0.5379,0.1323,0.1407,1.0418,241,8.5300
07071500,aifs,10,-0.4323,0.1642,0.1770,1.0303,241,8.8527
07083000,aifs,10,-0.6294,-0.0119,0.2006,1.6196,241,3.6797
07142300,aifs,10,-0.4198,0.0672,0.1222,1.2246,241,6.2511
07145700,aifs,10,-0.1379,-0.1397,0.0343,0.8824,241,12.3669
07148400,aifs,10,-0.5092,0.1055,0.1804,1.3459,241,5.4590
07149000,aifs,10,-0.7200,0.0658,0.1618,1.4122,241,5.5148
07151500,aifs,10,-0.2491,-0.0231,0.0720,1.0752,241,8.7632
07167500,aifs,10,-0.3433,0.0181,0.0765,1.0242,241,9.1503
07180500,aifs,10,-0.2081,0.0149,0.1104,0.9544,241,8.8536
07184000,aifs,10,-0.2406,-0.1318,0.0053,0.8157,241,14.5870
07195800,aifs,10,-0.3290,-0.0193,0.0514,1.0119,241,12.6582
07196900,aifs,10,-0.5166,0.0496,0.0877,1.1855,241,11.9971
07197000,aifs,10,-0.5634,0.0472,0.0712,1.1189,241,11.7157
07208500,aifs,10,-0.4389,0.1308,0.2068,1.3364,241,3.1039
07226500,aifs,10,-0.4196,0.1995,0.2413,1.2450,241,2.9228
07261000,aifs,10,-0.4246,0.1245,0.1487,1.0898,241,10.7461
07263295,aifs,10,-0.3819,0.1850,0.2238,1.2154,241,10.8711
07290650,aifs,10,-0.1117,0.1433,0.2305,0.9078,241,10.0937
07291000,aifs,10,-0.1110,0.1409,0.2305,0.8933,241,10.2199
07292500,aifs,10,-0.0950,0.1482,0.2421,0.8789,241,10.2232
07295000,aifs,10,-0.0233,0.1298,0.2602,0.8781,241,11.1808
07299670,aifs,10,-0.3871,0.0268,0.0957,1.2275,241,5.3608
07301410,aifs,10,-0.2620,-0.0973,0.0267,1.2063,241,6.2789
07301500,aifs,10,-0.6920,-0.0503,0.0693,1.4745,241,4.2095
07315200,aifs,10,-0.2895,0.1818,0.2119,1.0639,241,7.6814
07315700,aifs,10,-0.7010,0.0372,0.1357,1.4234,241,7.7354
07335700,aifs,10,-0.2574,0.2240,0.2475,1.0222,241,12.2670
07340300,aifs,10,-0.4958,0.2743,0.3168,1.2304,241,10.1550
07346045,aifs,10,-0.5895,0.1487,0.3633,1.5331,241,9.0955
07359610,aifs,10,-0.2852,0.2204,0.2402,1.0140,241,11.6864
07362100,aifs,10,-0.7794,0.0363,0.1831,1.5071,241,9.4254
07362587,aifs,10,-0.2856,0.1828,0.2145,1.0804,241,11.7249
07373000,aifs,10,-0.2060,0.0962,0.1671,1.0320,241,9.9786
07375000,aifs,10,0.0161,0.1264,0.2813,0.8521,241,13.4672
07376000,aifs,10,0.0123,0.1550,0.2925,0.8668,241,11.8198
08013000,aifs,10,-0.0856,0.1131,0.2188,0.9447,241,10.5895
08014500,aifs,10,0.0128,0.2037,0.3134,0.9232,241,9.8053
08023080,aifs,10,-0.5344,0.0557,0.1187,1.3051,241,11.5004
08025500,aifs,10,-0.1212,0.0759,0.1813,0.9579,241,11.8202
08029500,aifs,10,-0.1063,0.0691,0.1862,0.8978,241,12.1466
08050800,aifs,10,-0.3213,0.1420,0.1767,1.0737,241,10.9763
08066200,aifs,10,-0.1225,0.0028,0.1445,0.8246,241,14.8666
08066300,aifs,10,-0.0259,-0.0475,0.1652,0.8282,241,17.9233
08070000,aifs,10,-0.2003,0.2260,0.2630,1.0885,241,9.9144
08070200,aifs,10,-0.1607,0.2311,0.2724,1.0506,241,9.9769
08079600,aifs,10,-0.3793,0.0497,0.0988,1.1158,241,3.5449
08082700,aifs,10,-0.2983,0.0595,0.1373,1.2204,241,6.0873
08086212,aifs,10,-0.2463,0.1777,0.2170,1.0676,241,6.8812
08086290,aifs,10,-0.4055,0.1532,0.1801,1.1394,241,7.2716
08101000,aifs,10,-0.8280,0.0715,0.1701,1.4077,241,8.2868
08103900,aifs,10,-0.1721,0.2128,0.2561,1.0245,241,10.0301
08104900,aifs,10,-0.1959,0.1282,0.1917,0.9788,241,11.4644
08109700,aifs,10,-0.0251,0.2349,0.3244,1.1676,241,10.7169
08150800,aifs,10,-0.1371,-0.0442,0.1203,0.7391,241,11.3099
08155200,aifs,10,-0.4612,0.1012,0.1574,1.2741,241,9.9881
08158700,aifs,10,-0.5295,0.1009,0.1522,1.2785,241,9.5963
08158810,aifs,10,-0.6051,0.1213,0.1666,1.2752,241,9.3511
08164000,aifs,10,-0.0774,0.2963,0.3558,1.2026,241,7.6776
08164300,aifs,10,0.0524,0.2606,0.3596,1.0642,241,9.3607
08164600,aifs,10,-0.1360,0.2533,0.3096,1.1882,241,7.9451
08165300,aifs,10,-0.1555,0.0406,0.1517,0.8659,241,10.2257
08171300,aifs,10,-0.3834,0.1164,0.1636,1.2039,241,9.8838
08175000,aifs,10,-0.0775,0.2721,0.3232,1.0927,241,9.0097
08176900,aifs,10,-0.0510,0.3381,0.4026,1.2460,241,7.0505
08178880,aifs,10,-0.1261,0.0520,0.1648,0.9368,241,11.2844
08189500,aifs,10,-0.0965,0.2524,0.3150,1.1707,241,7.7227
08190000,aifs,10,-0.0044,-0.0844,0.1819,0.6875,241,14.4291
08190500,aifs,10,0.0010,-0.0952,0.1811,0.6853,241,13.7475
08194200,aifs,10,0.0135,0.1546,0.2959,0.8293,241,8.6045
08195000,aifs,10,-0.0471,-0.0328,0.1649,0.7840,241,13.2962
08196000,aifs,10,-0.0024,-0.0430,0.1917,0.7702,241,14.8948
08198500,aifs,10,-0.0442,0.0199,0.1928,0.8209,241,12.7934
08200000,aifs,10,-0.0429,0.0643,0.2112,0.9041,241,12.3006
08202700,aifs,10,0.0074,0.0641,0.2460,0.8323,241,12.8613
08267500,aifs,10,-0.1039,0.1177,0.2138,0.9738,241,3.9800
08269000,aifs,10,-0.3498,0.1395,0.1955,1.2395,241,3.2623
08271000,aifs,10,-0.0824,0.1073,0.2178,0.9210,241,4.1039
08324000,aifs,10,-0.4714,0.1444,0.2130,1.3258,241,2.7974
08377900,aifs,10,-0.2781,0.0595,0.1262,1.0995,241,4.2248
08378500,aifs,10,-0.3603,0.0988,0.1514,1.1920,241,3.8231
08380500,aifs,10,-0.4160,0.0718,0.1150,1.1548,241,3.6317
09034900,aifs,10,-0.0599,0.2395,0.3061,1.0686,241,4.0602
09035900,aifs,10,-0.3167,0.2429,0.3193,1.3265,241,3.3442
09047700,aifs,10,-0.3214,0.2118,0.3124,1.3789,241,3.1795
09065500,aifs,10,-0.3477,0.2067,0.2924,1.3507,241,3.4534
09066000,aifs,10,-0.5801,0.1051,0.3099,1.5645,241,3.1865
09066200,aifs,10,-0.3203,0.1986,0.2734,1.3168,241,3.6188
09066300,aifs,10,-0.3615,0.1898,0.2685,1.3351,241,3.5762
09081600,aifs,10,-0.2723,0.0738,0.2212,1.4423,241,4.8961
09107000,aifs,10,-1.0148,-0.2977,0.2098,2.0195,241,3.4890
09210500,aifs,10,-0.2459,0.2168,0.2780,1.2543,241,2.5929
09223000,aifs,10,-0.2386,0.2046,0.2733,1.2684,241,3.1712
09306242,aifs,10,-0.7234,-0.0408,0.1025,1.5237,241,3.6982
09312600,aifs,10,-0.1904,0.1497,0.2504,1.3051,241,3.3741
09352900,aifs,10,-0.3590,0.1749,0.2507,1.3267,241,5.1330
09378170,aifs,10,-0.2035,0.0717,0.1728,0.7687,241,3.8168
09378630,aifs,10,-0.1217,0.0891,0.2161,0.7409,241,3.8776
09386900,aifs,10,-0.4439,0.1203,0.1559,1.1862,241,2.7262
09404450,aifs,10,-0.1504,0.2371,0.2814,1.0883,241,3.1399
09430500,aifs,10,-0.3197,0.2420,0.2619,0.8741,241,2.6283
09430600,aifs,10,-0.2721,0.1792,0.2346,0.7840,241,3.3721
09447800,aifs,10,-0.7610,0.1732,0.1788,1.0671,241,2.1802
09480000,aifs,10,0.1487,0.2248,0.4248,0.7174,241,3.2426
09484000,aifs,10,-0.3950,0.1068,0.1349,1.0033,241,3.9304
09484600,aifs,10,0.0952,0.2897,0.4049,0.8189,241,2.8388
09492400,aifs,10,-0.0643,0.1245,0.2637,0.7309,241,4.8804
09494000,aifs,10,-0.2460,0.2343,0.2617,0.9050,241,3.7733
09497800,aifs,10,-0.1224,0.3984,0.4020,1.0081,241,3.1917
09497980,aifs,10,0.0611,0.4654,0.4811,0.9283,241,3.4365
09505200,aifs,10,0.0537,0.4984,0.5192,1.1416,241,2.9996
09505350,aifs,10,0.0795,0.4952,0.5127,1.1170,241,3.0741
09505800,aifs,10,0.0227,0.4824,0.5012,1.1364,241,3.2358
09508300,aifs,10,-0.1886,0.4451,0.4555,1.0658,241,3.3186
09510200,aifs,10,-0.1395,0.4306,0.4569,1.1650,241,3.2910
09512280,aifs,10,-0.2509,0.2326,0.4364,1.5128,241,3.0938
09513780,aifs,10,-0.0819,0.3382,0.5321,1.4507,241,2.6847
10023000,aifs,10,-0.0335,0.2354,0.3162,1.1176,241,3.6389
10166430,aifs,10,-0.2026,0.1753,0.2251,0.9265,241,3.9117
10172700,aifs,10,-0.3852,0.1467,0.1730,1.1018,241,3.2048
10172800,aifs,10,-0.0704,0.1889,0.2826,0.8260,241,3.7717
10173450,aifs,10,0.0002,0.2619,0.3401,0.9223,241,3.5728
10205030,aifs,10,-0.1353,0.1371,0.2153,0.9812,241,3.2296
10234500,aifs,10,-0.0561,0.2462,0.3114,0.9295,241,3.5593
10242000,aifs,10,0.0180,0.2534,0.3481,0.8584,241,3.7320
10244950,aifs,10,-0.5881,0.0880,0.1831,1.4035,241,3.5882
10249300,aifs,10,-0.3608,0.2671,0.3579,1.3502,241,2.6297
10258000,aifs,10,0.1221,0.3133,0.5456,1.5130,241,3.3313
10258500,aifs,10,-0.5892,-0.3511,0.5245,2.1872,241,2.2877
10259000,aifs,10,0.0482,0.3228,0.5146,1.4715,241,2.6819
10259200,aifs,10,-0.5308,-0.4644,0.5166,2.3271,241,2.4748
10263500,aifs,10,0.0767,0.4556,0.4920,1.1667,241,5.6221
10310500,aifs,10,-0.2103,0.3509,0.4876,1.3694,241,3.9861
10316500,aifs,10,-0.0251,0.2418,0.3213,0.8991,241,3.7504
10329500,aifs,10,-0.0372,0.0263,0.2195,0.7065,241,3.3233
10336645,aifs,10,-0.0747,0.4082,0.4484,1.2122,241,8.4884
10336660,aifs,10,0.0170,0.4393,0.4596,1.1104,241,8.8397
10343500,aifs,10,-0.3001,0.3386,0.4017,1.2711,241,6.1389
10348850,aifs,10,0.2306,0.2270,0.4885,0.6672,241,7.9672
10396000,aifs,10,-0.1662,-0.1521,0.0840,0.5494,241,3.6175
11098000,aifs,10,0.2813,0.5044,0.5655,1.0054,241,6.9103
11124500,aifs,10,0.2377,0.4481,0.5315,1.1365,241,6.0365
11141280,aifs,10,0.4250,0.6226,0.6693,0.9701,241,4.7675
11143000,aifs,10,0.2736,0.2002,0.5323,0.5612,241,8.6034
11148900,aifs,10,0.4010,0.6496,0.6695,0.9724,241,4.2161
11151300,aifs,10,0.2076,0.5700,0.5940,1.1395,241,3.3194
11162500,aifs,10,-0.2862,0.2967,0.3104,0.8820,241,7.1753
11176400,aifs,10,-0.2435,0.3971,0.4311,1.1806,241,3.7648
11180500,aifs,10,-0.8205,0.1912,0.2794,1.2904,241,5.1308
11180960,aifs,10,-0.5658,0.2425,0.2464,1.0665,241,5.7127
11224500,aifs,10,0.1967,0.5692,0.5893,1.1282,241,2.9104
11253310,aifs,10,0.0324,0.4782,0.5199,1.2044,241,2.6036
11264500,aifs,10,-1.5532,-0.4148,0.4420,2.0749,241,7.5661
11266500,aifs,10,-1.2712,-0.2779,0.4360,1.9670,241,7.6888
11274500,aifs,10,0.0991,0.5331,0.5467,1.1117,241,3.0605
11274630,aifs,10,-0.0386,0.4626,0.5042,1.2029,241,2.9881
11284400,aifs,10,-0.2359,0.2571,0.4697,1.5023,241,5.6225
11299600,aifs,10,0.0064,0.3960,0.5254,1.3716,241,4.9253
11381500,aifs,10,-0.0264,0.3213,0.3659,0.9389,241,9.1454
11383500,aifs,10,-0.0453,0.3193,0.3596,0.9408,241,9.3709
11451100,aifs,10,-0.6349,0.2516,0.2657,1.0991,241,6.6110
11468500,aifs,10,-0.1946,0.3406,0.3570,1.1247,241,7.2849
11473900,aifs,10,-0.0717,0.3125,0.3512,0.9077,241,7.0956
11475560,aifs,10,0.1642,0.1597,0.4242,0.6268,241,11.9102
11476600,aifs,10,0.0469,0.5198,0.5450,1.1472,241,7.1598
11478500,aifs,10,0.0001,0.4214,0.4364,0.9703,241,7.3564
11480390,aifs,10,0.0147,0.3574,0.4015,0.9109,241,6.8751
11481200,aifs,10,0.2530,0.5534,0.5767,0.9815,241,6.8549
11482500,aifs,10,0.2882,0.4951,0.5724,0.8663,241,7.4971
11522500,aifs,10,0.0953,0.4882,0.5002,1.0293,241,5.6678
11523200,aifs,10,-0.0977,0.3427,0.3715,0.8732,241,6.8772
11528700,aifs,10,0.0016,0.4011,0.4243,0.9403,241,6.0341
11532500,aifs,10,0.3042,0.4641,0.5739,0.8286,241,9.2053
12010000,aifs,10,0.0306,0.3712,0.4176,0.8846,241,11.2076
12013500,aifs,10,-0.1034,0.4211,0.4260,1.0634,241,9.3769
12020000,aifs,10,-0.1779,0.4160,0.4438,1.1707,241,8.1120
12025000,aifs,10,-0.0822,0.4476,0.4719,1.1607,241,7.4866
12025700,aifs,10,-0.4121,0.2352,0.4754,1.5003,241,7.7024
12035000,aifs,10,-0.3289,0.3144,0.3153,0.9824,241,12.7293
12040500,aifs,10,-0.2007,0.4098,0.4101,1.0080,241,13.9304
12041200,aifs,10,-0.0821,0.3639,0.3858,0.9062,241,14.5315
12043000,aifs,10,-0.0322,0.4147,0.4267,0.9592,241,11.1753
12048000,aifs,10,-1.2965,-0.1972,0.2042,1.8425,241,7.9209
12054000,aifs,10,-0.3140,0.2186,0.2625,1.2252,241,10.2207
12056500,aifs,10,-0.3318,0.2793,0.2885,1.0916,241,13.6570
12073500,aifs,10,-0.4666,0.2059,0.2914,1.3580,241,6.8722
12082500,aifs,10,-0.0988,0.4181,0.5393,1.3237,241,10.0167
12092000,aifs,10,-0.0351,0.4480,0.5148,1.2583,241,9.8116
12095000,aifs,10,-0.3343,0.2471,0.4902,1.5116,241,8.5143
12114500,aifs,10,0.2318,0.5254,0.5570,0.9528,241,10.0921
12115000,aifs,10,0.2128,0.5188,0.5473,0.9619,241,10.1638
12115500,aifs,10,0.1728,0.4953,0.5221,1.0076,241,10.4531
12117000,aifs,10,0.1376,0.4786,0.5029,0.9960,241,10.5621
12141300,aifs,10,0.1671,0.4571,0.5048,0.9071,241,12.1595
12143600,aifs,10,0.1826,0.4958,0.5253,0.9842,241,11.3152
12144000,aifs,10,0.1467,0.5014,0.5195,1.0307,241,10.8247
12145500,aifs,10,-0.0105,0.4424,0.4525,1.0635,241,9.2943
12147600,aifs,10,0.1501,0.3414,0.4562,0.8109,241,15.0493
12167000,aifs,10,0.0436,0.4294,0.4622,1.1387,241,10.9598
12175500,aifs,10,-0.2745,0.3565,0.4162,1.2599,241,8.8903
12186000,aifs,10,0.0111,0.4617,0.4705,1.0650,241,11.5512
12189500,aifs,10,-0.1411,0.4140,0.4586,1.2203,241,10.4465
12358500,aifs,10,0.0336,0.2287,0.3438,0.8486,241,6.7813
12377150,aifs,10,0.1453,0.2266,0.4400,0.6811,241,6.0324
12381400,aifs,10,0.1913,0.3250,0.4858,0.7431,241,5.3903
12390700,aifs,10,-0.0551,0.4480,0.4924,1.2151,241,4.7208
12411000,aifs,10,-0.2329,0.3273,0.3709,1.2364,241,5.9046
12414500,aifs,10,0.0316,0.4893,0.5190,1.1715,241,5.5240
12447390,aifs,10,-1.8348,-0.5625,0.1375,2.2330,241,4.6535
12451000,aifs,10,-1.1428,-0.0353,0.3838,1.6790,241,8.1585
12488500,aifs,10,0.1107,0.5026,0.6060,1.2864,241,7.5975
13011500,aifs,10,-0.6171,0.0545,0.1879,1.4824,241,4.6298
13011900,aifs,10,-0.4872,0.1195,0.1940,1.3388,241,4.2742
13018300,aifs,10,-0.5032,0.0828,0.1987,1.4362,241,4.5164
13023000,aifs,10,-0.5258,0.1466,0.2567,1.4192,241,3.7419
13161500,aifs,10,-0.6913,-0.0425,0.2360,1.7062,241,2.7590
13235000,aifs,10,-0.1809,0.2835,0.3158,1.1424,241,4.7459
13240000,aifs,10,-0.0923,0.2047,0.2740,0.9334,241,5.9533
13310700,aifs,10,-0.2760,0.2700,0.3034,1.1960,241,4.9225
13313000,aifs,10,-0.0725,0.2577,0.3121,0.9588,241,5.4017
13331500,aifs,10,-0.1054,0.1693,0.2472,0.9379,241,5.2618
13337000,aifs,10,0.1904,0.5534,0.5623,1.0295,241,5.3549
13338500,aifs,10,-0.2796,0.2236,0.3189,1.3628,241,5.1526
13340000,aifs,10,0.0488,0.4554,0.4802,1.1294,241,4.9018
13340600,aifs,10,0.2332,0.5560,0.5726,1.0076,241,5.8698
14020000,aifs,10,0.0339,0.2960,0.3701,0.9452,241,4.7551
14092750,aifs,10,-0.1241,0.4319,0.4383,1.0852,241,6.0277
14096850,aifs,10,-0.3989,0.2592,0.3942,1.4069,241,4.1873
14137000,aifs,10,0.0503,0.5211,0.5318,1.1001,241,8.3616
14138800,aifs,10,0.2210,0.4943,0.5444,0.8835,241,10.3104
14138870,aifs,10,0.2274,0.5225,0.5553,0.9352,241,10.6323
14138900,aifs,10,0.2847,0.4333,0.5602,0.7958,241,12.1384
14139800,aifs,10,0.1838,0.5111,0.5387,0.9142,241,10.6232
14141500,aifs,10,0.0758,0.5342,0.5394,1.0689,241,9.6682
14154500,aifs,10,-0.2839,0.3670,0.3907,1.1649,241,6.3469
14158500,aifs,10,-0.1581,0.4161,0.4186,1.0537,241,7.6539
14158790,aifs,10,0.0927,0.3316,0.4306,0.7907,241,8.6608
14166500,aifs,10,0.1605,0.4625,0.5016,1.0412,241,5.8765
14182500,aifs,10,-0.2674,0.3826,0.4654,1.2698,241,9.1421
14185000,aifs,10,-0.4254,0.3224,0.4124,1.2901,241,8.5846
14185900,aifs,10,-0.2025,0.4140,0.4320,1.1339,241,9.4759
14187000,aifs,10,-0.2569,0.3739,0.3999,1.1741,241,8.3966
14216500,aifs,10,-0.1389,0.4290,0.5258,1.2756,241,9.9365
14222500,aifs,10,0.2818,0.4465,0.5544,0.8577,241,12.6369
14236200,aifs,10,-0.0167,0.4614,0.5313,1.2571,241,8.6680
14301000,aifs,10,0.1989,0.4246,0.4983,0.9683,241,8.0024
14303200,aifs,10,0.2191,0.2903,0.4878,0.7433,241,10.2736
14305500,aifs,10,0.2266,0.2608,0.4957,0.6856,241,12.1098
14306340,aifs,10,0.1665,0.4251,0.4899,0.8924,241,6.4747
14306500,aifs,10,0.1640,0.4475,0.4965,0.9327,241,6.9943
14308990,aifs,10,0.0416,0.4901,0.5041,1.1127,241,4.4005
14309500,aifs,10,0.3532,0.5929,0.6373,0.8759,241,5.4142
14316700,aifs,10,-0.3436,0.3452,0.3597,1.1294,241,6.1578
14325000,aifs,10,0.2271,0.4532,0.5386,0.8068,241,7.3836
14362250,aifs,10,0.0222,0.4562,0.5037,1.2213,241,4.1151
14400000,aifs,10,0.1407,0.3867,0.4737,0.8016,241,10.4802
01013500,aifs,11,-0.5927,0.0386,0.0589,1.0977,241,6.9527
01022500,aifs,11,-0.3189,0.1832,0.2092,1.0767,241,7.2402
01030500,aifs,11,-0.5561,0.0561,0.0730,1.0019,241,6.7544
01031500,aifs,11,-0.5454,0.0889,0.1063,1.0957,241,7.0691
01047000,aifs,11,-0.5297,0.0711,0.0902,1.0615,241,7.5648
01052500,aifs,11,-0.5564,0.0408,0.0738,1.1709,241,6.9415
01054200,aifs,11,-0.4421,0.0479,0.0814,1.0264,241,8.6725
01055000,aifs,11,-0.5711,0.0851,0.0969,1.0395,241,7.1869
01057000,aifs,11,-0.6521,0.0880,0.0960,1.0781,241,7.7639
01073000,aifs,11,-0.5526,0.1347,0.1650,1.2129,241,7.5324
01078000,aifs,11,-0.4598,0.0962,0.1252,1.1276,241,7.5794
01118300,aifs,11,-0.1129,-0.0802,0.1094,0.7336,241,12.1430
01121000,aifs,11,-0.1865,0.0499,0.1576,0.8012,241,8.9641
01123000,aifs,11,-0.1738,0.0378,0.1572,0.7790,241,9.3739
01134500,aifs,11,-0.3486,0.0368,0.0893,0.9959,241,7.5383
01137500,aifs,11,-0.4424,0.0448,0.0819,1.0855,241,7.8206
01139000,aifs,11,-0.3737,0.0443,0.1066,1.1934,241,7.2443
01139800,aifs,11,-0.3059,0.0504,0.1088,1.0142,241,7.8931
01142500,aifs,11,-0.3935,0.1206,0.1698,1.2201,241,6.7926
01144000,aifs,11,-0.2853,0.1539,0.1922,1.0713,241,7.0322
01169000,aifs,11,-0.1470,0.2545,0.2999,1.1365,241,7.4171
01170100,aifs,11,-0.1582,0.2576,0.3069,1.1790,241,7.2656
01181000,aifs,11,-0.2114,0.1296,0.1888,0.9707,241,8.3005
01187300,aifs,11,-0.2833,0.1506,0.1916,1.0908,241,7.4722
01195100,aifs,11,-0.2656,-0.1217,0.0192,0.7356,241,10.7820
01333000,aifs,11,-0.2619,0.1310,0.1873,1.1445,241,7.8398
01350000,aifs,11,-0.1324,-0.0651,0.0854,0.9316,241,10.7178
01350080,aifs,11,-0.2506,-0.0112,0.0789,1.0468,241,8.7988
01350140,aifs,11,-0.2413,0.0182,0.1019,1.0092,241,8.3030
01365000,aifs,11,-0.2415,-0.0170,0.0767,1.0219,241,9.3423
01411300,aifs,11,-0.2818,-0.1560,-0.0329,0.8708,241,12.1751
01413500,aifs,11,-0.1454,-0.0576,0.0895,0.8708,241,10.1881
01414500,aifs,11,-0.1412,-0.0640,0.0817,0.9428,241,10.8262
01415000,aifs,11,-0.2400,-0.0236,0.0738,0.9395,241,8.7281
01423000,aifs,11,-0.2365,-0.0150,0.0835,0.9029,241,8.6207
01434025,aifs,11,-0.1240,-0.0687,0.0931,0.8572,241,11.3307
01435000,aifs,11,-0.1519,-0.0568,0.0839,0.9097,241,10.8008
01439500,aifs,11,-0.2863,-0.0496,0.0522,0.8266,241,8.6191
01440000,aifs,11,-0.2925,-0.0952,0.0163,0.8234,241,9.1449
01440400,aifs,11,-0.2270,-0.0703,0.0688,0.7495,241,9.3025
01451800,aifs,11,-0.4545,-0.0222,0.0241,0.9605,241,8.2190
01466500,aifs,11,-0.4691,-0.0331,0.0123,0.9936,241,8.6853
01484100,aifs,11,-0.5527,-0.0609,-0.0200,1.0922,241,9.6792
01485500,aifs,11,-0.4309,-0.0294,0.0220,0.9957,241,11.2051
01486000,aifs,11,-0.4493,-0.0571,-0.0030,1.0268,241,11.5854
01487000,aifs,11,-0.5153,-0.0426,0.0029,1.1194,241,10.1465
01491000,aifs,11,-0.7794,-0.0240,0.0093,1.2335,241,8.2346
01510000,aifs,11,-0.4757,-0.0418,0.0046,1.0296,241,8.8254
01516500,aifs,11,-0.4622,0.0404,0.0721,1.0157,241,6.8790
01518862,aifs,11,-0.4413,0.0084,0.0499,1.0035,241,7.3486
01532000,aifs,11,-0.3094,-0.0052,0.0669,0.9751,241,7.9590
01539000,aifs,11,-0.2616,0.0479,0.1215,0.9059,241,8.1236
01542810,aifs,11,-0.3626,0.0941,0.1310,1.0379,241,7.6386
01543000,aifs,11,-0.3829,0.1154,0.1441,1.0365,241,7.4459
01543500,aifs,11,-0.3400,0.0966,0.1363,0.9909,241,7.8942
01544500,aifs,11,-0.4339,0.0630,0.0958,1.0562,241,7.4867
01545600,aifs,11,-0.4176,0.0571,0.0963,1.0933,241,7.6609
01547700,aifs,11,-0.2100,-0.1214,0.0143,0.9168,241,11.7736
01548500,aifs,11,-0.4822,0.0469,0.0752,1.0394,241,7.1411
01549500,aifs,11,-0.3853,0.0371,0.0840,1.0603,241,7.7089
01550000,aifs,11,-0.2947,0.0097,0.0813,1.0109,241,8.3107
01552000,aifs,11,-0.2198,-0.0268,0.0789,0.9213,241,9.2072
01552500,aifs,11,-0.2646,0.0707,0.1346,0.9458,241,7.8635
01557500,aifs,11,-0.2845,-0.0875,0.0221,0.8427,241,10.6711
01567500,aifs,11,-0.3530,-0.0250,0.0440,0.9207,241,9.0399
01568000,aifs,11,-0.4281,0.0149,0.0594,0.9309,241,8.2203
01580000,aifs,11,-0.5419,0.0464,0.0665,1.0137,241,7.7051
01583500,aifs,11,-0.5660,0.0469,0.0681,1.0923,241,7.7117
01586610,aifs,11,-0.5403,0.0423,0.0657,1.0745,241,7.7396
01591400,aifs,11,-0.3396,-0.0254,0.0525,0.8586,241,9.3799
01596500,aifs,11,-0.5178,-0.0508,-0.0061,1.0958,241,8.9920
01605500,aifs,11,-0.5857,-0.0113,0.0176,1.1001,241,8.3812
01606500,aifs,11,-0.6550,-0.0001,0.0198,1.0994,241,7.9759
01613050,aifs,11,-0.5032,0.0102,0.0419,0.9760,241,8.0868
01620500,aifs,11,-0.7504,-0.0092,0.0305,1.2577,241,7.4576
01632000,aifs,11,-0.3502,-0.0006,0.0797,0.7925,241,8.2698
01632900,aifs,11,-0.3666,0.0173,0.0784,0.8675,241,8.0291
01634500,aifs,11,-0.3627,0.0161,0.0755,0.8937,241,8.0977
01638480,aifs,11,-0.5105,-0.0323,0.0071,0.9554,241,8.4305
01639500,aifs,11,-0.5538,0.0456,0.0664,1.0652,241,7.6421
01644000,aifs,11,-0.5539,-0.0160,0.0157,0.9255,241,8.0363
01658500,aifs,11,-0.4640,-0.0143,0.0297,0.9382,241,8.7558
01664000,aifs,11,-0.4799,-0.0300,0.0217,0.8572,241,8.3535
01666500,aifs,11,-0.4287,0.0267,0.0708,0.9022,241,8.1779
01667500,aifs,11,-0.4795,0.0426,0.0730,0.9389,241,7.9532
01669000,aifs,11,-0.6495,-0.0351,-0.0042,1.1517,241,10.3909
01669520,aifs,11,-0.6393,0.0048,0.0338,1.1689,241,10.2984
02011400,aifs,11,-0.8356,0.0050,0.0213,1.1660,241,8.0968
02011460,aifs,11,-0.7623,-0.0006,0.0284,1.2152,241,8.4249
02013000,aifs,11,-0.7085,0.0144,0.0254,1.0632,241,8.1915
02014000,aifs,11,-0.8064,0.0439,0.0513,1.1072,241,7.5360
02015700,aifs,11,-0.6924,-0.0079,0.0406,1.2779,241,7.9858
02016000,aifs,11,-0.9212,0.0120,0.0493,1.2690,241,7.4937
02017500,aifs,11,-0.9643,0.0419,0.0673,1.2147,241,6.9577
02018000,aifs,11,-1.1239,0.0169,0.0615,1.2693,241,6.9139
02027000,aifs,11,-1.1165,-0.0750,0.0416,1.4805,241,7.5836
02027500,aifs,11,-1.0231,-0.0448,0.0295,1.3858,241,7.7573
02028500,aifs,11,-0.8349,0.0282,0.0451,1.1750,241,7.5819
02038850,aifs,11,-0.7813,0.0497,0.0707,1.1929,241,7.8761
02046000,aifs,11,-0.9543,0.0603,0.0735,1.1484,241,9.5768
02051000,aifs,11,-0.7858,0.0174,0.0299,1.1318,241,9.7873
02051500,aifs,11,-0.9473,0.0658,0.0873,1.1897,241,9.3224
02053200,aifs,11,-0.4408,0.2113,0.2366,1.1880,241,8.7110
02053800,aifs,11,-0.7252,0.0668,0.0706,1.0383,241,7.0159
02055100,aifs,11,-1.1458,-0.0881,0.1021,1.5962,241,6.9976
02056900,aifs,11,-0.6890,0.0374,0.0465,1.0502,241,7.7224
02059500,aifs,11,-1.1934,0.0183,0.0843,1.3109,241,6.8808
02064000,aifs,11,-1.0942,-0.0574,0.0478,1.4531,241,7.7271
02065500,aifs,11,-1.1273,-0.0280,0.0721,1.4254,241,7.6816
02069700,aifs,11,-0.2621,0.1847,0.2178,1.0424,241,7.9102
02070000,aifs,11,-0.2462,0.2037,0.2342,1.0216,241,7.7670
02074500,aifs,11,-0.0333,0.2618,0.3685,1.3042,241,7.5451
02077200,aifs,11,-0.9500,0.1480,0.2799,1.3574,241,7.7079
02081500,aifs,11,-0.6448,0.2475,0.3467,1.3070,241,8.1216
02082950,aifs,11,-1.0971,0.0541,0.3221,1.5268,241,7.8842
02092500,aifs,11,-1.1994,-0.0608,0.0163,1.3847,241,9.2714
02096846,aifs,11,-0.0420,0.3617,0.3991,1.1495,241,9.1656
02102908,aifs,11,-0.8959,0.0112,0.0150,1.0782,241,11.5207
02108000,aifs,11,-1.0103,0.0194,0.0561,1.2596,241,9.1615
02111180,aifs,11,-0.3579,0.0762,0.1181,0.9602,241,8.6633
02111500,aifs,11,-0.4413,0.0691,0.0981,1.0023,241,8.7917
02118500,aifs,11,-0.6316,0.1352,0.1438,1.1106,241,7.9718
02128000,aifs,11,-0.8392,0.1749,0.2033,1.1636,241,8.9166
02137727,aifs,11,-0.2703,0.0056,0.0872,0.9218,241,9.4355
02140991,aifs,11,-0.4342,0.0743,0.1034,1.0169,241,8.5625
02143000,aifs,11,-0.4291,0.1133,0.1353,1.0149,241,8.4419
02143040,aifs,11,-0.5074,0.0764,0.0953,0.9933,241,8.6013
02149000,aifs,11,-0.2442,-0.0664,0.0527,0.8200,241,11.0182
02152100,aifs,11,-0.5871,0.0667,0.0797,1.0378,241,8.4074
02177000,aifs,11,-0.3395,0.0453,0.0983,1.0399,241,10.3799
02178400,aifs,11,-0.3735,0.1158,0.1468,1.0546,241,8.9121
02193340,aifs,11,-0.3047,0.0178,0.0865,1.0625,241,8.2928
02196000,aifs,11,-0.3193,-0.0271,0.0496,0.9327,241,9.2187
02198100,aifs,11,-0.0130,0.0696,0.2410,0.8079,241,10.4854
02202600,aifs,11,-0.5674,0.1516,0.2045,1.2937,241,7.4765
02212600,aifs,11,-0.1624,0.0063,0.1255,0.8765,241,9.1738
02215100,aifs,11,0.0180,0.1680,0.3055,0.8388,241,8.3631
02216180,aifs,11,-0.0643,0.0382,0.1905,0.8501,241,10.2474
02221525,aifs,11,-0.1705,0.0693,0.1623,0.9112,241,8.2226
02231000,aifs,11,-0.5344,0.1550,0.1602,1.0203,241,8.2907
02231342,aifs,11,-0.3671,0.0680,0.1256,1.1852,241,7.9283
02235200,aifs,11,-0.3423,0.1904,0.2161,1.1183,241,7.9265
02245500,aifs,11,-0.4984,0.1724,0.2062,1.2242,241,8.0392
02246000,aifs,11,-0.7090,0.1751,0.1902,1.1494,241,7.7148
02296500,aifs,11,-0.4632,0.1418,0.1590,1.0910,241,7.3595
02297155,aifs,11,-0.3083,0.0397,0.1003,1.0160,241,10.0010
02297310,aifs,11,-0.3577,0.0708,0.1138,0.9673,241,9.2643
02298123,aifs,11,-0.3081,0.0913,0.1402,1.0598,241,8.2057
02298608,aifs,11,-0.3641,0.0381,0.0877,0.9641,241,9.9945
02299950,aifs,11,-0.4480,0.0584,0.0952,1.1196,241,9.5022
02300700,aifs,11,-0.2208,0.1164,0.1880,1.1586,241,10.3321
02310947,aifs,11,-0.3826,0.1113,0.1617,1.2100,241,9.0474
02312200,aifs,11,-0.2600,0.0972,0.1644,1.1558,241,10.4428
02314500,aifs,11,-0.3086,0.1239,0.1638,0.9542,241,8.8311
02315500,aifs,11,-0.3523,0.1628,0.1863,0.9558,241,8.1994
02324400,aifs,11,-0.0532,0.0783,0.2215,0.8385,241,10.6524
02327100,aifs,11,-0.3314,0.0026,0.0765,0.8548,241,10.2498
02349900,aifs,11,0.0958,0.1593,0.3608,0.7528,241,8.9669
02350900,aifs,11,-0.1482,0.1658,0.2412,0.8471,241,7.9975
02361000,aifs,11,-0.2401,0.2411,0.2657,0.9299,241,7.9329
02363000,aifs,11,-0.1426,0.1814,0.2468,0.8991,241,8.4062
02369800,aifs,11,0.0462,0.0730,0.3007,0.6991,241,12.5916
02371500,aifs,11,-0.0452,0.1149,0.2470,0.8332,241,9.5809
02372250,aifs,11,-0.0361,0.1247,0.2629,0.7952,241,9.2583
02374500,aifs,11,-0.0126,0.0722,0.2507,0.7639,241,10.0438
02381600,aifs,11,-0.1197,0.0233,0.1545,0.8677,241,10.7294
02384540,aifs,11,-0.2029,0.1122,0.1787,0.9806,241,9.5838
02395120,aifs,11,-0.1314,0.1617,0.2374,1.1061,241,7.9514
02408540,aifs,11,-0.0429,0.1027,0.2381,0.8581,241,9.7368
02415000,aifs,11,0.0088,0.0804,0.2660,0.7728,241,10.3236
02422500,aifs,11,-0.1427,0.0955,0.1857,0.9818,241,9.3201
02427250,aifs,11,-0.1147,0.1566,0.2382,0.9076,241,8.0639
02430085,aifs,11,-0.2693,0.0167,0.0930,1.0093,241,9.6871
02450250,aifs,11,-0.1591,0.0217,0.1478,0.7988,241,10.4963
02464000,aifs,11,-0.0994,0.0217,0.1626,0.8611,241,11.7415
02465493,aifs,11,-0.1709,0.1144,0.1895,0.9742,241,9.2058
02469800,aifs,11,-0.0726,0.0729,0.2173,0.7886,241,9.3888
02472000,aifs,11,-0.1103,-0.0215,0.1522,0.7286,241,11.0027
02472500,aifs,11,-0.0626,-0.0246,0.1853,0.6831,241,11.7146
02479155,aifs,11,0.0008,-0.0282,0.2182,0.7025,241,13.1567
02479300,aifs,11,0.0230,-0.1157,0.2278,0.5853,241,17.2597
02481000,aifs,11,0.0299,-0.1542,0.2383,0.5341,241,20.6430
02481510,aifs,11,0.0118,-0.1215,0.2316,0.5452,241,17.1285
03010655,aifs,11,-0.4039,0.0055,0.0543,0.9963,241,7.7792
03011800,aifs,11,-0.3670,-0.0319,0.0331,0.9868,241,8.9703
03015500,aifs,11,-0.6096,0.0143,0.0420,1.1453,241,8.1594
03021350,aifs,11,-0.4448,-0.0076,0.0382,1.0584,241,8.9233
03026500,aifs,11,-0.3583,0.0144,0.0703,0.9991,241,8.4320
03028000,aifs,11,-0.3692,0.0077,0.0629,1.0082,241,8.7085
03049800,aifs,11,-0.4206,0.0040,0.0509,1.0430,241,10.4827
03050000,aifs,11,-0.4013,-0.0321,0.0258,1.0192,241,11.1442
03066000,aifs,11,-0.4054,-0.0587,0.0047,0.9622,241,9.9579
03069500,aifs,11,-0.5007,-0.0211,0.0175,1.0419,241,9.5374
03070500,aifs,11,-0.5853,0.0622,0.0801,1.0996,241,9.5874
03076600,aifs,11,-0.3651,-0.0388,0.0284,0.9744,241,10.4615
03078000,aifs,11,-0.3978,-0.0600,0.0061,1.0601,241,10.4516
03140000,aifs,11,-0.4096,0.1220,0.1455,1.0366,241,8.4350
03144000,aifs,11,-0.3060,0.0344,0.1078,0.8424,241,10.0304
03159540,aifs,11,-0.3205,-0.0328,0.0526,0.8502,241,10.7238
03161000,aifs,11,-0.4287,0.0688,0.0998,1.0103,241,8.1102
03164000,aifs,11,-0.5321,0.0772,0.0933,0.9978,241,7.3555
03165000,aifs,11,-0.3977,0.0297,0.0784,0.9039,241,8.6076
03170000,aifs,11,-0.6224,0.0765,0.0846,1.0059,241,7.0968
03173000,aifs,11,-0.7321,0.0778,0.0800,1.0191,241,6.5250
03180500,aifs,11,-0.6638,-0.0207,0.0187,1.2207,241,9.0202
03182500,aifs,11,-0.8316,-0.0051,0.0271,1.2424,241,8.4195
03186500,aifs,11,-0.5145,0.0611,0.0822,1.0274,241,9.1283
03187500,aifs,11,-0.5140,0.0656,0.0869,1.0514,241,9.0202
03213700,aifs,11,-0.3275,0.1016,0.1427,1.0228,241,8.0964
03237280,aifs,11,-0.4043,0.0446,0.0850,0.9734,241,9.1577
03237500,aifs,11,-0.3264,0.0568,0.1119,0.9191,241,9.2585
03241500,aifs,11,-0.2866,-0.0637,0.0434,0.8118,241,11.2830
03280700,aifs,11,-0.4032,0.1152,0.1471,1.1184,241,8.5371
03281100,aifs,11,-0.5693,0.0871,0.1037,1.1061,241,8.6464
03281500,aifs,11,-0.5748,0.0947,0.1086,1.0943,241,8.3839
03285000,aifs,11,-0.3560,0.0012,0.0623,0.9390,241,10.5293
03291780,aifs,11,-0.1493,0.0097,0.1384,0.8280,241,11.0687
03300400,aifs,11,-0.2232,0.0118,0.1139,0.8358,241,10.7001
03340800,aifs,11,-0.2500,-0.0263,0.0759,0.8533,241,11.5330
03346000,aifs,11,-0.4115,0.0465,0.0858,0.9553,241,10.3470
03364500,aifs,11,-0.1096,-0.1050,0.1054,0.6857,241,13.8839
03366500,aifs,11,-0.1536,0.0178,0.1432,0.8210,241,10.8498
03368000,aifs,11,-0.0858,-0.0906,0.1413,0.6391,241,13.5990
03384450,aifs,11,-0.2440,0.0920,0.1547,0.9509,241,10.5591
03439000,aifs,11,-0.3828,0.0467,0.0904,0.9764,241,9.3304
03450000,aifs,11,-0.2833,0.0881,0.1417,1.0170,241,7.3944
03455500,aifs,11,-0.3867,0.1131,0.1414,0.9781,241,8.4848
03456500,aifs,11,-0.2968,0.0673,0.1301,0.8784,241,7.7325
03460000,aifs,11,-0.2592,0.1051,0.1601,0.9617,241,8.0450
03463300,aifs,11,-0.2285,0.0525,0.1381,0.8637,241,8.7574
03471500,aifs,11,-0.4339,0.0797,0.1077,1.0130,241,7.2811
03473000,aifs,11,-0.4002,0.0812,0.1140,0.9894,241,7.4577
03479000,aifs,11,-0.5083,0.1133,0.1271,1.0448,241,7.3630
03488000,aifs,11,-0.4450,0.0850,0.1109,1.0342,241,7.4208
03498500,aifs,11,-0.3160,0.1106,0.1514,0.9945,241,8.7762
03500000,aifs,11,-0.4604,0.0956,0.1249,1.1294,241,8.9159
03504000,aifs,11,-0.2517,0.0827,0.1496,0.9010,241,9.7524
03574500,aifs,11,-0.2341,0.0892,0.1544,0.9799,241,10.2673
03604000,aifs,11,-0.2116,0.0001,0.1124,0.8137,241,10.6820
04015330,aifs,11,-0.2439,0.1053,0.1713,1.1368,241,7.3046
04024430,aifs,11,-0.5508,0.0876,0.1585,1.3395,241,6.2663
04027000,aifs,11,-0.6318,-0.0645,0.1368,1.6155,241,5.7776
04040500,aifs,11,-0.5306,-0.0461,0.0238,1.2730,241,6.5701
04043050,aifs,11,-0.4767,0.0203,0.0657,1.1634,241,5.8996
04045500,aifs,11,-0.5434,-0.0480,0.0208,1.2758,241,6.3235
04056500,aifs,11,-0.5399,-0.0276,0.0441,1.2966,241,5.8929
04057510,aifs,11,-0.3631,-0.0323,0.0432,1.1523,241,6.5049
04057800,aifs,11,-0.4326,0.0004,0.0728,1.2523,241,6.4293
04059500,aifs,11,-0.3297,0.0774,0.1493,1.2367,241,5.9659
04063700,aifs,11,-0.5426,-0.0375,0.1001,1.4826,241,5.8984
04074950,aifs,11,-0.4056,0.0458,0.1102,1.2352,241,6.2192
04105700,aifs,11,-0.3956,0.0291,0.0781,1.0945,241,8.4866
04115265,aifs,11,-0.2550,0.0270,0.1068,1.0780,241,8.0250
04122200,aifs,11,-0.3077,0.0016,0.0754,1.0893,241,8.2105
04122500,aifs,11,-0.2915,0.0437,0.1101,1.0824,241,7.6799
04124000,aifs,11,-0.1135,-0.0413,0.1290,0.7751,241,9.0621
04127997,aifs,11,-0.2141,-0.0566,0.0685,0.8332,241,8.5073
04185000,aifs,11,-0.2911,0.1819,0.2099,1.0212,241,7.4514
04196800,aifs,11,-0.3577,0.1308,0.1595,0.9915,241,8.2051
04197100,aifs,11,-0.1520,0.1631,0.2274,1.0148,241,8.4594
04197170,aifs,11,-0.2315,0.1759,0.2193,1.0751,241,7.9275
04213000,aifs,11,-0.5869,0.0109,0.0497,1.1978,241,8.0618
04213075,aifs,11,-0.4767,-0.0360,0.0210,1.1697,241,8.7415
04216418,aifs,11,-0.4319,-0.1096,-0.0380,0.9093,241,8.8542
04221000,aifs,11,-0.4459,0.0046,0.0469,1.0404,241,7.4593
04224775,aifs,11,-0.4263,-0.0680,-0.0065,1.0475,241,8.2063
04256000,aifs,11,-0.5468,0.0608,0.0821,1.0933,241,7.4824
04296000,aifs,11,-0.4151,0.0508,0.0944,1.1214,241,7.4244
05057000,aifs,11,-0.9860,-0.0640,0.0689,1.5130,241,5.2475
05057200,aifs,11,-0.8138,0.0005,0.1753,1.5603,241,4.6399
05062500,aifs,11,-0.5359,0.0846,0.2357,1.5033,241,5.4545
05087500,aifs,11,-0.3597,0.0307,0.1248,1.3156,241,6.1690
05120500,aifs,11,-0.8885,-0.0729,0.1050,1.5907,241,5.5087
05123400,aifs,11,-0.4708,0.0532,0.0884,1.1279,241,6.3248
05129115,aifs,11,-0.9853,-0.1153,0.0287,1.5482,241,6.6738
05131500,aifs,11,-1.1306,-0.1196,0.0287,1.5531,241,6.3825
05291000,aifs,11,-0.1808,0.0055,0.1810,1.4265,241,7.4272
05362000,aifs,11,-0.3465,0.1099,0.2228,1.3996,241,5.9536
05393500,aifs,11,-0.2842,0.0932,0.1910,1.3190,241,6.3615
05399500,aifs,11,-0.2079,0.0266,0.1182,1.0337,241,7.7696
05408000,aifs,11,-0.1495,-0.0748,0.0780,0.8492,241,9.6160
05412500,aifs,11,-0.2695,0.0249,0.1001,0.9467,241,8.4974
05413500,aifs,11,-0.2424,-0.0685,0.0448,0.8780,241,9.5731
05414000,aifs,11,-0.2462,-0.0679,0.0410,0.9151,241,9.3954
05444000,aifs,11,-0.4302,0.0533,0.1045,1.1969,241,8.6191
05454000,aifs,11,-0.2491,0.0894,0.1506,1.0064,241,9.6369
05458000,aifs,11,-0.2612,-0.0069,0.0782,0.9840,241,8.8348
05466500,aifs,11,0.0528,0.1927,0.3336,0.8537,241,10.2309
05487980,aifs,11,-0.1102,0.1466,0.2297,1.0204,241,9.4437
05488200,aifs,11,-0.0298,0.0955,0.2328,0.9632,241,11.0370
05489000,aifs,11,-0.0435,0.1287,0.2455,0.9503,241,10.2953
05495000,aifs,11,-0.0857,0.3080,0.3471,1.1106,241,7.6043
05495500,aifs,11,-0.0470,0.2162,0.2943,0.9759,241,9.1621
05501000,aifs,11,-0.1250,0.0727,0.1772,0.9838,241,10.6418
05503800,aifs,11,-0.2613,0.1442,0.1961,1.1381,241,8.8210
05507600,aifs,11,-0.3629,0.1758,0.2196,1.2213,241,7.6886
05508805,aifs,11,-0.3553,0.2014,0.2325,1.1765,241,7.5323
05514500,aifs,11,-0.2744,0.1960,0.2300,1.1167,241,7.9870
05525500,aifs,11,-0.2533,0.1549,0.1969,1.0144,241,9.1004
05556500,aifs,11,-0.1134,0.1410,0.2259,0.9506,241,9.4767
05584500,aifs,11,0.0047,0.1330,0.2720,0.9305,241,11.2919
05585000,aifs,11,-0.0342,0.1505,0.2614,0.9700,241,10.5241
05591550,aifs,11,-0.4145,0.0311,0.0723,0.9966,241,10.7899
05592050,aifs,11,-0.5621,0.0759,0.1025,1.1668,241,9.4890
05592575,aifs,11,-0.3532,0.0134,0.0771,0.8752,241,11.2615
05593575,aifs,11,-0.3918,0.1322,0.1565,1.0467,241,9.6714
05593900,aifs,11,-0.4606,0.0195,0.0556,1.0023,241,10.6101
05595730,aifs,11,-0.4271,0.1529,0.1693,1.0571,241,9.3405
06037500,aifs,11,-0.4803,0.0783,0.1445,1.3018,241,4.7322
06043500,aifs,11,-0.5240,0.0748,0.1436,1.3218,241,4.6805
06154410,aifs,11,-0.6541,0.0307,0.0422,0.9865,241,6.2540
06188000,aifs,11,-0.8449,0.0528,0.1724,1.4558,241,4.0765
06191500,aifs,11,-0.7163,0.0793,0.1895,1.4363,241,3.9855
06221400,aifs,11,-0.7386,0.0750,0.2127,1.4814,241,3.8586
06224000,aifs,11,-0.7076,0.0462,0.1883,1.5006,241,4.0307
06289000,aifs,11,-1.4339,-0.2287,0.2149,1.8783,241,4.4423
06332515,aifs,11,-1.6908,-0.4173,0.2144,2.0751,241,5.5166
06339100,aifs,11,-2.7066,-0.7365,0.2191,2.3229,241,5.0342
06339500,aifs,11,-1.8032,-0.3926,0.2015,2.0213,241,5.1881
06344600,aifs,11,-1.0895,-0.1964,0.2624,1.8925,241,4.9777
06350000,aifs,11,-1.5026,-0.1846,0.2496,1.7925,241,4.5751
06352000,aifs,11,-2.0782,-0.3841,0.2478,1.9595,241,4.3597
06353000,aifs,11,-1.5639,-0.2690,0.3184,1.9167,241,4.2678
06354000,aifs,11,-1.1490,-0.1156,0.3405,1.7966,241,4.2546
06360500,aifs,11,-1.2984,-0.1925,0.2969,1.8675,241,3.8264
06404000,aifs,11,-0.8172,-0.1622,0.2769,1.8982,241,4.4792
06406000,aifs,11,-0.9256,-0.1545,0.2851,1.8807,241,4.2067
06408700,aifs,11,-1.1678,-0.1239,0.2310,1.7753,241,4.2522
06409000,aifs,11,-1.0547,-0.1120,0.2637,1.7949,241,4.0749
06431500,aifs,11,-0.9819,-0.0966,0.2236,1.7540,241,4.5462
06440200,aifs,11,-0.2441,0.1254,0.2173,1.2982,241,4.7368
06441500,aifs,11,-0.4926,0.1796,0.2423,1.3134,241,4.2491
06447000,aifs,11,-0.3905,0.1499,0.2744,1.4383,241,3.9105
06447500,aifs,11,-0.3334,0.1077,0.2149,1.3822,241,4.4079
06450500,aifs,11,-0.2397,0.1077,0.1785,1.1697,241,5.0510
06452000,aifs,11,-0.3006,0.1839,0.2587,1.3078,241,4.0651
06453600,aifs,11,-0.4039,0.1323,0.1769,1.2172,241,6.3525
06464500,aifs,11,-0.0403,0.1440,0.2554,1.0430,241,6.2875
06477500,aifs,11,-0.7148,0.0435,0.1464,1.4314,241,6.5211
06479215,aifs,11,-0.1496,-0.0089,0.1910,1.4583,241,7.4945
06479438,aifs,11,-0.1693,0.0007,0.2141,1.5154,241,7.0197
06601000,aifs,11,-0.2471,0.0411,0.1492,1.2837,241,8.3398
06614800,aifs,11,-0.2307,0.0002,0.0923,1.0156,241,5.9462
06622700,aifs,11,-0.4004,0.0819,0.1368,1.2182,241,4.2095
06623800,aifs,11,-0.4722,0.0435,0.1273,1.3413,241,4.6374
06632400,aifs,11,-0.3894,0.0300,0.1092,1.2737,241,4.5611
06784000,aifs,11,-0.2322,0.1144,0.1759,1.0870,241,6.0775
06803510,aifs,11,-0.1595,0.0517,0.1636,1.1808,241,8.8612
06803530,aifs,11,-0.2478,0.0721,0.1761,1.2978,241,7.8870
06814000,aifs,11,-0.2428,0.0894,0.1906,1.2988,241,8.4841
06846500,aifs,11,-0.2539,0.1592,0.2082,1.1342,241,4.6546
06847900,aifs,11,-0.1699,0.0995,0.1845,1.1109,241,5.4567
06853800,aifs,11,-0.3374,0.0815,0.1707,1.3174,241,6.2038
06876700,aifs,11,-0.1354,-0.0940,0.0649,0.9214,241,10.5520
06878000,aifs,11,-0.3054,0.0033,0.0846,1.1627,241,9.1343
06879650,aifs,11,-0.2548,-0.0193,0.0724,0.9396,241,10.7579
06885500,aifs,11,-0.2582,0.0331,0.1112,1.0905,241,9.8995
06888500,aifs,11,-0.2308,-0.0215,0.0767,0.9941,241,11.1072
06889200,aifs,11,-0.2709,0.0442,0.1203,1.1378,241,10.1900
06889500,aifs,11,-0.2790,0.0618,0.1324,1.1462,241,9.8764
06892000,aifs,11,-0.2224,0.0852,0.1567,1.0726,241,10.2207
06903400,aifs,11,-0.1207,0.1109,0.2032,1.0124,241,9.9883
06906800,aifs,11,-0.0648,0.0697,0.2271,0.7429,241,11.1628
06910800,aifs,11,-0.2119,0.0211,0.1132,0.9626,241,10.5083
06911900,aifs,11,-0.1988,-0.0036,0.1023,0.9179,241,11.0491
06917000,aifs,11,-0.0478,0.0562,0.2214,0.7684,241,11.2219
06918460,aifs,11,-0.1031,0.1061,0.2169,0.8410,241,10.4790
06919500,aifs,11,-0.1480,0.1115,0.2028,0.8594,241,10.1849
06921070,aifs,11,-0.1039,0.0180,0.1804,0.7258,241,11.9464
06921200,aifs,11,-0.0803,0.0175,0.1829,0.7620,241,12.5455
06934000,aifs,11,-0.2404,0.1415,0.1923,0.9274,241,9.6431
07014500,aifs,11,-0.2186,-0.0431,0.0809,0.7981,241,12.7900
07056000,aifs,11,-0.5936,0.1065,0.1131,1.0029,241,11.5648
07057500,aifs,11,-0.3254,0.1984,0.2179,1.0384,241,9.5837
07060710,aifs,11,-0.5927,0.0006,0.0224,1.0086,241,12.6956
07066000,aifs,11,-0.3920,0.1536,0.1739,1.0522,241,9.7648
07067000,aifs,11,-0.5284,0.1626,0.1718,1.0927,241,9.0528
07068000,aifs,11,-0.6321,0.1631,0.1733,1.1291,241,8.7871
07071500,aifs,11,-0.5706,0.1680,0.1759,1.1025,241,9.2700
07083000,aifs,11,-0.6869,-0.0313,0.1996,1.6504,241,3.7441
07142300,aifs,11,-0.2441,0.0876,0.1776,1.2536,241,5.8513
07145700,aifs,11,-0.1103,-0.0638,0.0964,0.9411,241,12.2158
07148400,aifs,11,-0.5285,0.0882,0.1878,1.4075,241,5.4938
07149000,aifs,11,-0.6778,0.0465,0.1846,1.4941,241,5.4467
07151500,aifs,11,-0.2421,0.0201,0.1128,1.1593,241,8.7389
07167500,aifs,11,-0.2643,0.0778,0.1397,1.0544,241,8.8771
07180500,aifs,11,-0.3465,0.0115,0.0728,1.0751,241,9.3470
07184000,aifs,11,-0.0309,-0.0007,0.1904,0.8110,241,13.2971
07195800,aifs,11,-0.1937,0.1117,0.1808,0.9923,241,11.9966
07196900,aifs,11,-0.2766,0.2374,0.2680,1.1583,241,11.0071
07197000,aifs,11,-0.3921,0.1955,0.2116,1.0952,241,11.0553
07208500,aifs,11,-0.5899,0.0937,0.1405,1.2739,241,3.2627
07226500,aifs,11,-0.6508,0.1492,0.1652,1.1636,241,3.1518
07261000,aifs,11,-0.8807,0.0045,0.0085,1.0714,241,12.3472
07263295,aifs,11,-0.6908,0.0646,0.0746,1.1016,241,12.0249
07290650,aifs,11,-0.2241,0.0352,0.1264,0.8651,241,10.5917
07291000,aifs,11,-0.1419,0.0805,0.1849,0.8547,241,10.3610
07292500,aifs,11,-0.1179,0.0978,0.2058,0.8455,241,10.3294
07295000,aifs,11,-0.1115,0.0610,0.1816,0.8704,241,11.6527
07299670,aifs,11,-0.6585,-0.0828,0.0073,1.3893,241,5.8619
07301410,aifs,11,-0.0662,0.0611,0.2099,1.2109,241,5.7713
07301500,aifs,11,-0.4289,0.0819,0.2392,1.5074,241,3.8683
07315200,aifs,11,-0.4302,0.1496,0.1821,1.1860,241,8.0896
07315700,aifs,11,-1.0483,-0.0913,0.0852,1.5873,241,8.4884
07335700,aifs,11,-0.3502,0.1027,0.1416,0.9263,241,12.7117
07340300,aifs,11,-0.6290,0.1562,0.1637,1.1084,241,10.5975
07346045,aifs,11,-0.6579,0.0966,0.1256,1.2198,241,9.2890
07359610,aifs,11,-0.3069,0.1439,0.1830,0.8999,241,11.7846
07362100,aifs,11,-0.9356,0.0570,0.1249,1.3390,241,9.8305
07362587,aifs,11,-0.5083,0.0602,0.0825,0.9614,241,12.6999
07373000,aifs,11,-0.5274,0.0859,0.1062,1.1036,241,11.2294
07375000,aifs,11,-0.0458,-0.0370,0.1686,0.7659,241,13.8843
07376000,aifs,11,-0.0781,0.0163,0.1754,0.8143,241,12.3492
08013000,aifs,11,-0.3874,0.0814,0.1165,1.0237,241,11.9713
08014500,aifs,11,-0.4090,0.0947,0.1236,1.0267,241,11.7144
08023080,aifs,11,-0.5069,0.0339,0.0647,1.0983,241,11.3970
08025500,aifs,11,-0.2917,0.0786,0.1332,0.9668,241,12.6871
08029500,aifs,11,-0.2403,0.0917,0.1564,0.9313,241,12.8615
08050800,aifs,11,-0.4114,0.0868,0.1240,1.1277,241,11.3444
08066200,aifs,11,-0.1996,-0.0961,0.0574,0.7492,241,15.3682
08066300,aifs,11,-0.1202,-0.1358,0.0564,0.7919,241,18.7285
08070000,aifs,11,-0.3550,0.1331,0.1617,0.9938,241,10.5338
08070200,aifs,11,-0.3160,0.1390,0.1733,0.9670,241,10.6237
08079600,aifs,11,-0.3439,0.0493,0.1024,1.0806,241,3.4992
08082700,aifs,11,-0.6885,-0.1284,-0.0311,1.4085,241,6.9421
08086212,aifs,11,-0.4065,-0.0079,0.0442,1.0447,241,7.3100
08086290,aifs,11,-0.5077,-0.0202,0.0203,1.0973,241,7.5314
08101000,aifs,11,-0.7006,0.0087,0.0347,1.1839,241,7.9929
08103900,aifs,11,0.0001,0.1444,0.2853,0.8220,241,9.2637
08104900,aifs,11,-0.0921,-0.0142,0.1563,0.7633,241,10.9558
08109700,aifs,11,-0.1892,0.0432,0.1366,0.9390,241,11.5427
08150800,aifs,11,-0.0659,-0.2063,0.0950,0.5597,241,10.9503
08155200,aifs,11,-0.1897,0.0675,0.1519,0.9769,241,9.0127
08158700,aifs,11,-0.2016,0.0889,0.1630,0.9805,241,8.5057
08158810,aifs,11,-0.2168,0.1328,0.1895,0.9778,241,8.1419
08164000,aifs,11,0.0700,0.4131,0.4481,1.0589,241,7.1329
08164300,aifs,11,0.2122,0.3821,0.4905,0.9298,241,8.5350
08164600,aifs,11,-0.0581,0.3127,0.3524,1.0636,241,7.6680
08165300,aifs,11,-0.0612,-0.1618,0.1053,0.6392,241,9.7995
08171300,aifs,11,-0.1299,0.0619,0.1706,0.9227,241,8.9323
08175000,aifs,11,0.1286,0.3260,0.4286,0.8876,241,8.1022
08176900,aifs,11,0.0061,0.3717,0.4065,1.0667,241,6.8563
08178880,aifs,11,-0.0083,-0.0900,0.1752,0.6995,241,10.6780
08189500,aifs,11,0.0253,0.3008,0.3683,1.0034,241,7.2811
08190000,aifs,11,-0.0280,-0.2911,0.0843,0.5129,241,14.5979
08190500,aifs,11,-0.0230,-0.2942,0.0880,0.5107,241,13.9119
08194200,aifs,11,0.1150,0.0782,0.3612,0.6398,241,8.1498
08195000,aifs,11,-0.0318,-0.2322,0.0975,0.5841,241,13.1988
08196000,aifs,11,-0.0058,-0.2252,0.1313,0.5766,241,14.9207
08198500,aifs,11,0.0031,-0.1470,0.1755,0.6124,241,12.5002
08200000,aifs,11,0.0208,-0.0896,0.2072,0.6740,241,11.9192
08202700,aifs,11,0.0360,-0.1032,0.2302,0.6182,241,12.6750
08267500,aifs,11,-0.2331,-0.0787,0.0398,0.8842,241,4.2065
08269000,aifs,11,-0.4181,0.0233,0.0738,1.1380,241,3.3439
08271000,aifs,11,-0.2153,-0.0937,0.0402,0.8362,241,4.3485
08324000,aifs,11,-0.6825,0.0210,0.0430,1.1584,241,2.9913
08377900,aifs,11,-0.3550,-0.0164,0.0477,1.0193,241,4.3501
08378500,aifs,11,-0.4568,0.0051,0.0492,1.1012,241,3.9563
08380500,aifs,11,-0.4561,0.0631,0.0933,1.0693,241,3.6828
09034900,aifs,11,-0.4541,0.0737,0.1049,1.1029,241,4.7557
09035900,aifs,11,-0.9005,0.0488,0.1255,1.3691,241,4.0178
09047700,aifs,11,-0.9914,0.0023,0.1071,1.4372,241,3.9031
09065500,aifs,11,-0.6380,0.0868,0.1681,1.3746,241,3.8071
09066000,aifs,11,-0.9744,-0.0205,0.1850,1.5980,241,3.5619
09066200,aifs,11,-0.5220,0.1115,0.1832,1.3377,241,3.8855
09066300,aifs,11,-0.5420,0.1099,0.1890,1.3594,241,3.8058
09081600,aifs,11,-0.2595,0.0723,0.2428,1.4878,241,4.8716
09107000,aifs,11,-1.0559,-0.3218,0.2065,2.0456,241,3.5245
09210500,aifs,11,-0.5985,0.0703,0.1208,1.2824,241,2.9370
09223000,aifs,11,-0.5816,0.0942,0.1450,1.2853,241,3.5835
09306242,aifs,11,-0.8419,-0.0435,0.0867,1.5047,241,3.8233
09312600,aifs,11,-0.2956,0.1100,0.2265,1.3900,241,3.5201
09352900,aifs,11,-0.1328,0.1898,0.2715,1.2155,241,4.6864
09378170,aifs,11,-0.2034,0.0408,0.1488,0.7796,241,3.8167
09378630,aifs,11,-0.2024,0.0030,0.1275,0.7518,241,4.0148
09386900,aifs,11,-0.5020,0.0496,0.0779,1.0943,241,2.7805
09404450,aifs,11,-0.5834,0.1673,0.3664,1.5038,241,3.6836
09430500,aifs,11,-0.4488,0.0920,0.1353,0.7979,241,2.7539
09430600,aifs,11,-0.4573,0.0458,0.1091,0.7364,241,3.6093
09447800,aifs,11,-1.7896,-0.0224,0.0702,1.1170,241,2.7440
09480000,aifs,11,-0.0227,0.0860,0.2832,0.6311,241,3.5539
09484000,aifs,11,-0.3756,0.1590,0.1808,0.9407,241,3.9030
09484600,aifs,11,-0.0928,0.1844,0.2889,0.7406,241,3.1199
09492400,aifs,11,-0.1843,0.0266,0.1664,0.6877,241,5.1483
09494000,aifs,11,-0.4598,0.1173,0.1446,0.8579,241,4.0842
09497800,aifs,11,-0.9230,0.1123,0.1184,1.0577,241,4.1777
09497980,aifs,11,-0.7035,0.1892,0.1909,1.0135,241,4.6290
09505200,aifs,11,-0.5986,0.2289,0.2680,1.2279,241,3.8988
09505350,aifs,11,-0.5832,0.2135,0.2435,1.2114,241,4.0314
09505800,aifs,11,-0.5792,0.2450,0.2883,1.2321,241,4.1133
09508300,aifs,11,-0.9438,0.1864,0.2696,1.2305,241,4.2439
09510200,aifs,11,-0.8328,0.1542,0.2527,1.3447,241,4.1737
09512280,aifs,11,-1.1217,-0.1752,0.2436,1.8428,241,4.0293
09513780,aifs,11,-1.3426,-0.1749,0.2187,1.7897,241,3.9506
10023000,aifs,11,-0.3283,0.0901,0.1515,1.1998,241,4.1253
10166430,aifs,11,-0.2959,0.1462,0.1820,0.9869,241,4.0607
10172700,aifs,11,-0.2758,0.2017,0.2463,1.1936,241,3.0756
10172800,aifs,11,-0.1998,0.1412,0.2073,0.8676,241,3.9931
10173450,aifs,11,-0.1753,0.3560,0.3906,1.2039,241,3.8736
10205030,aifs,11,-0.1343,0.1973,0.2571,1.0683,241,3.2281
10234500,aifs,11,-0.1420,0.2937,0.3278,1.1273,241,3.7012
10242000,aifs,11,-0.0404,0.4084,0.4304,1.1266,241,3.8413
10244950,aifs,11,-0.3916,0.2243,0.3289,1.3885,241,3.3588
10249300,aifs,11,-0.6501,0.1692,0.3179,1.4420,241,2.8957
10258000,aifs,11,-1.3022,-0.6934,0.3705,2.4738,241,5.3948
10258500,aifs,11,-4.9511,-2.4585,0.4036,3.9987,241,4.4269
10259000,aifs,11,-1.7253,-0.9010,0.3662,2.6472,241,4.5383
10259200,aifs,11,-4.6795,-2.5421,0.4027,4.1277,241,4.7669
10263500,aifs,11,-0.1373,0.3025,0.3506,1.2123,241,6.2398
10310500,aifs,11,-0.8924,0.0375,0.4460,1.6261,241,4.9844
10316500,aifs,11,-0.2044,0.1374,0.2027,0.8737,241,4.0652
10329500,aifs,11,-0.0694,0.2291,0.3041,0.8512,241,3.3744
10336645,aifs,11,-0.0737,0.3869,0.5233,1.3710,241,8.4845
10336660,aifs,11,0.1136,0.4986,0.5689,1.2551,241,8.3941
10343500,aifs,11,-0.1616,0.3455,0.5426,1.4190,241,5.8025
10348850,aifs,11,0.2285,0.3402,0.5004,0.7682,241,7.9777
10396000,aifs,11,0.0045,-0.0424,0.2662,0.5054,241,3.3423
11098000,aifs,11,0.1527,0.3896,0.4627,0.9982,241,7.5027
11124500,aifs,11,0.1351,0.3012,0.4243,1.1541,241,6.4298
11141280,aifs,11,0.1264,0.4175,0.4763,1.1480,241,5.8763
11143000,aifs,11,-0.0921,0.2291,0.3021,0.8175,241,10.5486
11148900,aifs,11,-0.4904,0.2497,0.3600,1.3643,241,6.6505
11151300,aifs,11,-0.5764,0.1847,0.3089,1.4142,241,4.6819
11162500,aifs,11,-0.1825,0.3160,0.3289,1.0143,241,6.8801
11176400,aifs,11,-1.4680,-0.0779,0.2443,1.6068,241,5.3040
11180500,aifs,11,-0.9180,0.0598,0.2622,1.5272,241,5.2663
11180960,aifs,11,-0.4932,0.2255,0.2541,1.2087,241,5.5785
11224500,aifs,11,-0.3475,0.2684,0.3309,1.2958,241,3.7694
11253310,aifs,11,-0.5628,0.1694,0.2728,1.3956,241,3.3088
11264500,aifs,11,-3.4245,-0.9502,0.3071,2.4205,241,9.9601
11266500,aifs,11,-2.8662,-0.7797,0.3131,2.3031,241,10.0318
11274500,aifs,11,-1.3367,-0.0357,0.2625,1.5783,241,4.9288
11274630,aifs,11,-1.6593,-0.1712,0.2423,1.7087,241,4.7815
11284400,aifs,11,-1.1251,-0.1911,0.3257,1.8892,241,7.3727
11299600,aifs,11,-0.8444,-0.0764,0.3631,1.8006,241,6.7103
11381500,aifs,11,0.4724,0.6187,0.6923,0.9839,241,6.5571
11383500,aifs,11,0.4895,0.6341,0.7043,0.9873,241,6.5491
11451100,aifs,11,0.2986,0.6136,0.6222,0.9902,241,4.3304
11468500,aifs,11,0.1956,0.4656,0.5144,1.0071,241,5.9779
11473900,aifs,11,0.3342,0.4408,0.5854,0.8264,241,5.5927
11475560,aifs,11,0.2281,0.0991,0.4971,0.5419,241,11.4459
11476600,aifs,11,0.1262,0.3807,0.4497,0.9298,241,6.8552
11478500,aifs,11,0.2180,0.3791,0.4991,0.8400,241,6.5055
11480390,aifs,11,0.2441,0.3718,0.5129,0.8265,241,6.0217
11481200,aifs,11,0.3079,0.4213,0.5641,0.8387,241,6.5985
11482500,aifs,11,0.3151,0.3472,0.5667,0.7403,241,7.3539
11522500,aifs,11,0.2307,0.4221,0.5163,0.8916,241,5.2265
11523200,aifs,11,0.1449,0.3300,0.4621,0.7255,241,6.0699
11528700,aifs,11,0.2414,0.4150,0.5237,0.8408,241,5.2599
11532500,aifs,11,0.2167,0.2314,0.4784,0.6812,241,9.7667
12010000,aifs,11,-0.1366,0.2510,0.3126,0.7926,241,12.1354
12013500,aifs,11,-0.2533,0.3195,0.3263,0.9402,241,9.9936
12020000,aifs,11,-0.3954,0.2777,0.2786,1.0107,241,8.8291
12025000,aifs,11,-0.3298,0.2369,0.2478,0.9767,241,8.2988
12025700,aifs,11,-0.5780,0.2119,0.2689,1.2868,241,8.1423
12035000,aifs,11,-0.2677,0.3110,0.3244,0.8827,241,12.4326
12040500,aifs,11,-0.1429,0.3869,0.3955,0.9166,241,13.5909
12041200,aifs,11,-0.0763,0.3125,0.3619,0.8292,241,14.4926
12043000,aifs,11,-0.0556,0.3503,0.3854,0.8718,241,11.3009
12048000,aifs,11,-1.2539,-0.1047,0.1593,1.6712,241,7.8471
12054000,aifs,11,-0.3436,0.1995,0.2219,1.1090,241,10.3350
12056500,aifs,11,-0.2769,0.2810,0.2895,0.9900,241,13.3725
12073500,aifs,11,-0.4154,0.2368,0.2557,1.1598,241,6.7512
12082500,aifs,11,-0.3516,0.2822,0.3047,1.1751,241,11.1095
12092000,aifs,11,-0.3102,0.2621,0.2791,1.1209,241,11.0384
12095000,aifs,11,-0.5935,0.1880,0.2746,1.3567,241,9.3046
12114500,aifs,11,-0.0471,0.2499,0.3229,0.8642,241,11.7825
12115000,aifs,11,-0.0540,0.2511,0.3204,0.8728,241,11.7609
12115500,aifs,11,-0.0866,0.2589,0.3110,0.9230,241,11.9807
12117000,aifs,11,-0.1253,0.2617,0.3034,0.9227,241,12.0646
12141300,aifs,11,-0.0545,0.2592,0.3283,0.8508,241,13.6820
12143600,aifs,11,-0.0900,0.2764,0.3216,0.9236,241,13.0667
12144000,aifs,11,-0.1244,0.2933,0.3228,0.9674,241,12.4259
12145500,aifs,11,-0.2277,0.2922,0.3043,0.9897,241,10.2444
12147600,aifs,11,-0.0118,0.2105,0.3260,0.7785,241,16.4202
12167000,aifs,11,-0.1293,0.3411,0.3599,1.0818,241,11.9097
12175500,aifs,11,-0.2876,0.3434,0.3643,1.1641,241,8.9356
12186000,aifs,11,-0.1391,0.3522,0.3629,1.0110,241,12.3974
12189500,aifs,11,-0.2589,0.3519,0.3698,1.1513,241,10.9725
12358500,aifs,11,-0.3298,0.0110,0.0880,0.8215,241,7.9551
12377150,aifs,11,-0.3518,0.0009,0.1070,0.6823,241,7.5865
12381400,aifs,11,-0.3538,0.0772,0.1495,0.7463,241,6.9742
12390700,aifs,11,-0.7042,0.1181,0.1304,1.1444,241,5.9996
12411000,aifs,11,-0.7354,0.1065,0.1282,1.1956,241,7.0054
12414500,aifs,11,-0.5712,0.1672,0.1760,1.1097,241,7.0364
12447390,aifs,11,-1.5351,-0.3750,0.0814,1.9872,241,4.4006
12451000,aifs,11,-0.9255,0.0933,0.3504,1.5281,241,7.7337
12488500,aifs,11,-0.1305,0.2859,0.3195,1.0850,241,8.5658
13011500,aifs,11,-0.5264,0.0955,0.2165,1.4478,241,4.4980
13011900,aifs,11,-0.3840,0.1704,0.2433,1.3208,241,4.1233
13018300,aifs,11,-0.4902,0.0809,0.1675,1.3657,241,4.4969
13023000,aifs,11,-0.6525,0.1014,0.1794,1.3659,241,3.8942
13161500,aifs,11,-1.1753,-0.1493,0.1877,1.7715,241,3.1290
13235000,aifs,11,-0.2652,0.2543,0.2696,1.0193,241,4.9124
13240000,aifs,11,-0.1229,0.1708,0.2554,0.8215,241,6.0361
13310700,aifs,11,-0.3192,0.2601,0.2698,1.0569,241,5.0051
13313000,aifs,11,-0.1412,0.1913,0.2615,0.8375,241,5.5720
13331500,aifs,11,-0.2472,0.1296,0.1842,0.9022,241,5.5892
13337000,aifs,11,-0.3157,0.2676,0.2746,0.9875,241,6.8265
13338500,aifs,11,-0.4695,0.2107,0.2698,1.2997,241,5.5217
13340000,aifs,11,-0.3374,0.2838,0.2919,1.0891,241,5.8122
13340600,aifs,11,-0.3172,0.2187,0.2352,0.9600,241,7.6934
14020000,aifs,11,-0.0735,0.2220,0.2912,0.9257,241,5.0124
14092750,aifs,11,-0.0315,0.2940,0.3517,0.8901,241,5.7741
14096850,aifs,11,-0.1188,0.2100,0.2710,1.0878,241,3.7447
14137000,aifs,11,-0.0194,0.2917,0.3521,0.9088,241,8.6630
14138800,aifs,11,0.0399,0.1791,0.3409,0.7314,241,11.4460
14138870,aifs,11,0.0360,0.2191,0.3495,0.7816,241,11.8764
14138900,aifs,11,0.0859,0.1413,0.3651,0.6651,241,13.7212
14139800,aifs,11,-0.0030,0.2054,0.3293,0.7640,241,11.7759
14141500,aifs,11,-0.0742,0.2752,0.3278,0.8926,241,10.4234
14154500,aifs,11,-0.1538,0.3623,0.3691,1.0123,241,6.0165
14158500,aifs,11,-0.0407,0.3364,0.3787,0.8745,241,7.2556
14158790,aifs,11,0.0675,0.1932,0.3797,0.6633,241,8.7806
14166500,aifs,11,-0.0037,0.1669,0.2928,0.8477,241,6.4256
14182500,aifs,11,-0.1079,0.3754,0.3866,1.0491,241,8.5473
14185000,aifs,11,-0.2372,0.3615,0.3667,1.0770,241,7.9979
14185900,aifs,11,-0.0935,0.3489,0.3696,0.9405,241,9.0362
14187000,aifs,11,-0.1776,0.3261,0.3375,0.9824,241,8.1274
14216500,aifs,11,-0.2715,0.3080,0.3177,1.0896,241,10.4986
14222500,aifs,11,0.0473,0.1616,0.3360,0.7256,241,14.5549
14236200,aifs,11,-0.2797,0.2855,0.2974,1.0864,241,9.7247
14301000,aifs,11,-0.0980,0.1105,0.2269,0.8054,241,9.3690
14303200,aifs,11,-0.0029,-0.0410,0.2349,0.6006,241,11.6424
14305500,aifs,11,0.0388,-0.0497,0.2814,0.5513,241,13.4999
14306340,aifs,11,0.0227,0.1235,0.3053,0.7189,241,7.0112
14306500,aifs,11,-0.0049,0.1221,0.2836,0.7509,241,7.6683
14308990,aifs,11,0.0710,0.3807,0.4281,0.9818,241,4.3325
14309500,aifs,11,0.1444,0.2713,0.4327,0.7468,241,6.2270
14316700,aifs,11,-0.1708,0.3619,0.3670,0.9981,241,5.7481
14325000,aifs,11,0.0964,0.1946,0.3848,0.6925,241,7.9834
14362250,aifs,11,0.0012,0.3297,0.3812,1.0927,241,4.1591
14400000,aifs,11,0.0513,0.1202,0.3311,0.6550,241,11.0121
01013500,aifs,12,-0.6847,-0.0443,-0.0124,1.1731,241,7.1507
01022500,aifs,12,-0.7191,-0.0544,-0.0092,1.2551,241,8.2659
01030500,aifs,12,-0.8888,-0.0880,-0.0649,1.1853,241,7.4414
01031500,aifs,12,-0.7700,-0.0613,-0.0136,1.2793,241,7.5653
01047000,aifs,12,-0.7357,-0.0649,-0.0221,1.2453,241,8.0582
01052500,aifs,12,-0.8112,-0.0663,-0.0030,1.3420,241,7.4881
01054200,aifs,12,-0.6542,-0.0206,0.0176,1.2111,241,9.2884
01055000,aifs,12,-0.7830,-0.0070,0.0221,1.2189,241,7.6563
01057000,aifs,12,-0.7652,0.0277,0.0701,1.2773,241,8.0251
01073000,aifs,12,-0.9009,0.0216,0.1750,1.5130,241,8.3345
01078000,aifs,12,-0.8133,0.0352,0.1120,1.3773,241,8.4474
01118300,aifs,12,-0.2867,-0.0031,0.0779,0.9005,241,13.0569
01121000,aifs,12,-0.5625,0.0837,0.0959,1.0159,241,10.2867
01123000,aifs,12,-0.5089,0.0892,0.1060,0.9791,241,10.6280
01134500,aifs,12,-0.6388,-0.0223,0.0122,1.1784,241,8.3097
01137500,aifs,12,-0.7628,-0.0372,0.0101,1.2823,241,8.6456
01139000,aifs,12,-0.7282,-0.0430,0.0600,1.4392,241,8.1253
01139800,aifs,12,-0.6108,0.0121,0.0501,1.2093,241,8.7663
01142500,aifs,12,-0.8280,-0.0081,0.0910,1.4355,241,7.7799
01144000,aifs,12,-0.6738,0.0625,0.1035,1.2624,241,8.0251
01169000,aifs,12,-0.6010,0.1348,0.2280,1.3902,241,8.7627
01170100,aifs,12,-0.6284,0.1184,0.2387,1.4422,241,8.6150
01181000,aifs,12,-0.5822,0.1358,0.1707,1.2369,241,9.4862
01187300,aifs,12,-0.8617,0.0507,0.1530,1.4219,241,9.0001
01195100,aifs,12,-0.4466,0.0515,0.0845,0.9469,241,11.5272
01333000,aifs,12,-0.6126,0.0768,0.1812,1.4249,241,8.8625
01350000,aifs,12,-0.3354,-0.0130,0.0705,1.1991,241,11.6391
01350080,aifs,12,-0.5613,-0.0141,0.0642,1.3381,241,9.8309
01350140,aifs,12,-0.5471,0.0096,0.0655,1.2595,241,9.2697
01365000,aifs,12,-0.5531,0.0153,0.0764,1.2868,241,10.4488
01411300,aifs,12,-0.4832,-0.1207,-0.0508,1.1596,241,13.0968
01413500,aifs,12,-0.3242,0.0170,0.0829,1.0871,241,10.9545
01414500,aifs,12,-0.3081,-0.0018,0.0806,1.1660,241,11.5909
01415000,aifs,12,-0.4240,0.0475,0.0936,1.1491,241,9.3531
01423000,aifs,12,-0.4396,0.0351,0.0750,1.0905,241,9.3019
01434025,aifs,12,-0.3204,-0.0026,0.0679,1.0696,241,12.2811
01435000,aifs,12,-0.3542,0.0148,0.0792,1.1359,241,11.7110
01439500,aifs,12,-0.6052,0.0337,0.0523,1.0839,241,9.6286
01440000,aifs,12,-0.5782,0.0227,0.0472,1.1020,241,10.1053
01440400,aifs,12,-0.5088,0.0020,0.0347,0.9679,241,10.3156
01451800,aifs,12,-0.9072,-0.0287,-0.0032,1.2204,241,9.4116
01466500,aifs,12,-0.9828,-0.0590,-0.0064,1.3286,241,10.0902
01484100,aifs,12,-0.7731,-0.0858,0.0209,1.4553,241,10.3434
01485500,aifs,12,-0.4527,0.0233,0.0799,1.2157,241,11.2902
01486000,aifs,12,-0.4138,0.0103,0.0834,1.2535,241,11.4427
01487000,aifs,12,-0.6392,-0.0593,0.0531,1.4470,241,10.5534
01491000,aifs,12,-1.1878,-0.1644,0.0345,1.6439,241,9.1310
01510000,aifs,12,-0.4684,0.0669,0.0997,1.1239,241,8.8037
01516500,aifs,12,-0.7814,-0.0298,-0.0170,1.0898,241,7.5927
01518862,aifs,12,-0.6661,-0.0439,-0.0232,1.0077,241,7.9009
01532000,aifs,12,-0.5871,-0.0541,-0.0192,1.0895,241,8.7622
01539000,aifs,12,-0.6371,-0.0198,0.0023,1.0681,241,9.2541
01542810,aifs,12,-0.7854,-0.0501,-0.0378,1.0537,241,8.7439
01543000,aifs,12,-0.8398,-0.0358,-0.0283,1.0542,241,8.5883
01543500,aifs,12,-0.7621,-0.0539,-0.0405,1.0138,241,9.0527
01544500,aifs,12,-0.7724,-0.0353,-0.0216,1.0869,241,8.3236
01545600,aifs,12,-0.7985,-0.0725,-0.0522,1.1329,241,8.6292
01547700,aifs,12,-0.3095,-0.1653,-0.0544,0.9756,241,12.2483
01548500,aifs,12,-0.8192,-0.0412,-0.0309,1.0745,241,7.9114
01549500,aifs,12,-0.7142,-0.0633,-0.0358,1.1430,241,8.5755
01550000,aifs,12,-0.5702,-0.0666,-0.0257,1.1083,241,9.1524
01552000,aifs,12,-0.4755,-0.0753,-0.0217,1.0464,241,10.1264
01552500,aifs,12,-0.6935,-0.0389,-0.0180,1.0914,241,9.0999
01557500,aifs,12,-0.4287,-0.1640,-0.0790,0.8867,241,11.2541
01567500,aifs,12,-0.5685,-0.1047,-0.0607,1.0491,241,9.7332
01568000,aifs,12,-0.7246,-0.0799,-0.0570,1.0828,241,9.0334
01580000,aifs,12,-1.0637,-0.0536,-0.0083,1.3051,241,8.9141
01583500,aifs,12,-1.0153,-0.0688,0.0046,1.3893,241,8.7484
01586610,aifs,12,-0.9077,-0.0517,0.0038,1.3327,241,8.6134
01591400,aifs,12,-0.5807,-0.0608,-0.0252,1.0694,241,10.1892
01596500,aifs,12,-0.3419,0.1042,0.1562,1.1763,241,8.4549
01605500,aifs,12,-0.3316,0.0750,0.1266,1.1054,241,7.6803
01606500,aifs,12,-0.4503,0.0675,0.1023,1.1206,241,7.4663
01613050,aifs,12,-0.6376,-0.0261,-0.0035,1.0610,241,8.4407
01620500,aifs,12,-0.6304,-0.0193,0.0296,1.2527,241,7.1976
01632000,aifs,12,-0.3335,-0.0162,0.0688,0.8073,241,8.2184
01632900,aifs,12,-0.3651,-0.0124,0.0543,0.8814,241,8.0248
01634500,aifs,12,-0.4273,-0.0054,0.0426,0.9491,241,8.2877
01638480,aifs,12,-0.6388,-0.0481,-0.0202,1.0931,241,8.7814
01639500,aifs,12,-0.9697,-0.0689,-0.0236,1.3038,241,8.6041
01644000,aifs,12,-0.6612,-0.0215,-0.0029,1.0394,241,8.3094
01658500,aifs,12,-0.4889,0.0474,0.0770,1.0828,241,8.8301
01664000,aifs,12,-0.4612,0.0246,0.0619,0.9266,241,8.3006
01666500,aifs,12,-0.5206,-0.0127,0.0218,0.9491,241,8.4368
01667500,aifs,12,-0.5420,0.0180,0.0430,0.9822,241,8.1193
01669000,aifs,12,-0.6004,-0.0319,0.0348,1.3067,241,10.2351
01669520,aifs,12,-0.6229,-0.0310,0.0413,1.3351,241,10.2467
02011400,aifs,12,-0.5964,0.0348,0.0629,1.1606,241,7.5509
02011460,aifs,12,-0.5737,0.0085,0.0529,1.2190,241,7.9614
02013000,aifs,12,-0.6208,-0.0029,0.0182,1.0654,241,7.9784
02014000,aifs,12,-0.7709,-0.0015,0.0103,1.1030,241,7.4617
02015700,aifs,12,-0.5147,-0.0000,0.0634,1.2685,241,7.5549
02016000,aifs,12,-0.6839,0.0357,0.0749,1.2518,241,7.0157
02017500,aifs,12,-0.9890,-0.0209,0.0015,1.2122,241,7.0012
02018000,aifs,12,-1.0784,-0.0222,0.0102,1.2520,241,6.8396
02027000,aifs,12,-0.9097,-0.0331,0.0716,1.4532,241,7.2035
02027500,aifs,12,-0.7994,0.0028,0.0698,1.3565,241,7.3159
02028500,aifs,12,-0.6874,0.0593,0.0786,1.1655,241,7.2707
02038850,aifs,12,-0.7239,0.0386,0.0591,1.1755,241,7.7482
02046000,aifs,12,-0.6508,-0.0076,0.0209,1.1615,241,8.8017
02051000,aifs,12,-0.5669,-0.0542,-0.0155,1.1039,241,9.1679
02051500,aifs,12,-0.6529,-0.0391,-0.0073,1.1565,241,8.5889
02053200,aifs,12,-0.5433,0.0539,0.0884,1.1847,241,9.0157
02053800,aifs,12,-0.7986,-0.0153,-0.0087,1.0123,241,7.1637
02055100,aifs,12,-1.1036,-0.1185,0.0283,1.5511,241,6.9286
02056900,aifs,12,-0.6682,-0.0064,0.0087,1.0032,241,7.6749
02059500,aifs,12,-1.0676,0.0133,0.0484,1.2498,241,6.6805
02064000,aifs,12,-0.8832,-0.0138,0.0733,1.4112,241,7.3275
02065500,aifs,12,-1.0335,-0.0483,0.0291,1.3940,241,7.5103
02069700,aifs,12,-0.4392,0.0130,0.0539,0.9981,241,8.4469
02070000,aifs,12,-0.4291,0.0248,0.0653,0.9705,241,8.3175
02074500,aifs,12,-0.4346,-0.0461,0.0284,1.2250,241,8.8904
02077200,aifs,12,-0.7237,0.0060,0.0400,1.2313,241,7.2468
02081500,aifs,12,-0.6020,-0.0268,0.0166,1.2061,241,8.0153
02082950,aifs,12,-0.8319,-0.0247,0.0946,1.4797,241,7.3688
02092500,aifs,12,-0.7422,0.0863,0.1489,1.3325,241,8.2516
02096846,aifs,12,-0.2796,-0.0905,0.0114,1.0249,241,10.1569
02102908,aifs,12,-0.2631,-0.0212,0.0684,0.9429,241,9.4035
02108000,aifs,12,-0.5509,0.1351,0.1637,1.2048,241,8.0469
02111180,aifs,12,-0.3805,0.0545,0.0981,0.9423,241,8.7351
02111500,aifs,12,-0.4510,0.0406,0.0740,0.9837,241,8.8213
02118500,aifs,12,-0.5229,0.0952,0.1110,1.0579,241,7.7016
02128000,aifs,12,-0.4158,0.0117,0.0570,1.0026,241,7.8231
02137727,aifs,12,-0.3543,0.0103,0.0707,0.9198,241,9.7427
02140991,aifs,12,-0.5168,0.0436,0.0672,1.0007,241,8.8054
02143000,aifs,12,-0.4730,0.0510,0.0791,0.9848,241,8.5704
02143040,aifs,12,-0.4482,0.0524,0.0844,0.9613,241,8.4307
02149000,aifs,12,-0.2295,-0.0151,0.0948,0.8184,241,10.9532
02152100,aifs,12,-0.5056,0.0805,0.0990,1.0134,241,8.1888
02177000,aifs,12,-0.6832,0.0161,0.0272,1.0213,241,11.6357
02178400,aifs,12,-0.6981,0.0946,0.0968,1.0154,241,9.9094
02193340,aifs,12,-0.2517,0.0355,0.1113,0.9990,241,8.1228
02196000,aifs,12,-0.2417,-0.0513,0.0585,0.8695,241,8.9432
02198100,aifs,12,-0.1359,-0.1378,0.0634,0.7133,241,11.1032
02202600,aifs,12,-0.4673,0.0497,0.0893,1.1522,241,7.2340
02212600,aifs,12,-0.0832,0.0472,0.1912,0.8211,241,8.8558
02215100,aifs,12,-0.1431,-0.0465,0.1138,0.7642,241,9.0229
02216180,aifs,12,-0.0889,-0.0709,0.1228,0.7647,241,10.3649
02221525,aifs,12,-0.1535,0.0686,0.1730,0.8558,241,8.1625
02231000,aifs,12,-0.2693,0.0834,0.1496,0.8687,241,7.5406
02231342,aifs,12,-0.3414,0.1042,0.1590,1.1885,241,7.8532
02235200,aifs,12,-0.2152,0.1526,0.2038,0.9802,241,7.5420
02245500,aifs,12,-0.1308,0.2239,0.2744,1.0419,241,6.9839
02246000,aifs,12,-0.2719,0.1928,0.2216,0.9730,241,6.6556
02296500,aifs,12,-0.3627,0.1943,0.2115,1.0665,241,7.1024
02297155,aifs,12,-0.1897,0.1006,0.1744,0.9896,241,9.5368
02297310,aifs,12,-0.2981,0.0911,0.1417,0.9498,241,9.0590
02298123,aifs,12,-0.3925,0.0464,0.0899,1.0623,241,8.4665
02298608,aifs,12,-0.3524,0.0200,0.0772,0.9433,241,9.9517
02299950,aifs,12,-0.4291,0.0404,0.0809,1.0899,241,9.4400
02300700,aifs,12,-0.3028,0.0130,0.0868,1.1100,241,10.6732
02310947,aifs,12,-0.2828,0.0868,0.1455,1.1023,241,8.7147
02312200,aifs,12,-0.1833,0.0376,0.1338,1.0347,241,10.1198
02314500,aifs,12,-0.2492,-0.0448,0.0696,0.8097,241,8.6284
02315500,aifs,12,-0.2976,-0.0154,0.0775,0.8136,241,8.0319
02324400,aifs,12,-0.0177,0.0274,0.2276,0.7439,241,10.4710
02327100,aifs,12,-0.1724,-0.0554,0.1009,0.7470,241,9.6182
02349900,aifs,12,-0.1153,-0.0934,0.1122,0.6871,241,9.9588
02350900,aifs,12,-0.2478,-0.0331,0.0852,0.7726,241,8.3368
02361000,aifs,12,-0.2314,0.0418,0.1356,0.8212,241,7.9052
02363000,aifs,12,-0.1809,0.0657,0.1650,0.8344,241,8.5459
02369800,aifs,12,-0.2033,-0.1840,0.0217,0.6280,241,14.1427
02371500,aifs,12,-0.1207,0.0276,0.1677,0.7883,241,9.9209
02372250,aifs,12,-0.1683,0.0335,0.1592,0.7624,241,9.8310
02374500,aifs,12,-0.2508,0.0003,0.1120,0.7510,241,11.1625
02381600,aifs,12,-0.2671,0.0218,0.1079,0.8404,241,11.4138
02384540,aifs,12,-0.4250,0.0221,0.0663,0.9200,241,10.4314
02395120,aifs,12,-0.3247,0.1687,0.1966,1.0711,241,8.6040
02408540,aifs,12,-0.0034,0.2141,0.3225,0.8264,241,9.5508
02415000,aifs,12,-0.0681,0.0966,0.2421,0.7437,241,10.7165
02422500,aifs,12,-0.2314,0.1922,0.2286,0.9812,241,9.6751
02427250,aifs,12,-0.3569,0.1571,0.1844,0.9082,241,8.8967
02430085,aifs,12,-0.3194,0.1054,0.1489,1.0679,241,9.8761
02450250,aifs,12,-0.2465,0.0461,0.1359,0.8095,241,10.8849
02464000,aifs,12,-0.0557,0.1413,0.2555,0.8511,241,11.5056
02465493,aifs,12,-0.4004,0.1636,0.1797,0.9879,241,10.0679
02469800,aifs,12,-0.3442,0.1339,0.1777,0.8324,241,10.5103
02472000,aifs,12,-0.1820,0.1403,0.2200,0.8090,241,11.3523
02472500,aifs,12,-0.1858,0.1062,0.2019,0.7732,241,12.3746
02479155,aifs,12,-0.0027,0.1683,0.3061,0.7695,241,13.1799
02479300,aifs,12,0.0676,0.0614,0.3215,0.6409,241,16.8619
02481000,aifs,12,0.0510,-0.0268,0.2875,0.5809,241,20.4170
02481510,aifs,12,0.0016,0.0124,0.2657,0.6018,241,17.2164
03010655,aifs,12,-0.6344,-0.0526,-0.0270,0.9893,241,8.3934
03011800,aifs,12,-0.5787,-0.0699,-0.0345,0.9901,241,9.6401
03015500,aifs,12,-0.8534,-0.0233,-0.0105,1.1344,241,8.7555
03021350,aifs,12,-0.6272,-0.0436,-0.0180,1.0397,241,9.4697
03026500,aifs,12,-0.6481,-0.0674,-0.0412,1.0022,241,9.2879
03028000,aifs,12,-0.6623,-0.0709,-0.0456,1.0178,241,9.5955
03049800,aifs,12,-0.5340,-0.0666,-0.0195,1.1175,241,10.8931
03050000,aifs,12,-0.1831,0.1008,0.1787,1.0722,241,10.2399
03066000,aifs,12,-0.3016,0.0142,0.0830,1.0130,241,9.5832
03069500,aifs,12,-0.3317,0.0656,0.1183,1.0915,241,8.9843
03070500,aifs,12,-0.5722,0.0606,0.0925,1.1885,241,9.5479
03076600,aifs,12,-0.2251,0.0885,0.1569,1.0421,241,9.9107
03078000,aifs,12,-0.2106,0.0975,0.1742,1.1335,241,9.7263
03140000,aifs,12,-0.6354,-0.0227,0.0019,1.0932,241,9.0856
03144000,aifs,12,-0.4307,-0.0312,0.0248,0.9004,241,10.4983
03159540,aifs,12,-0.3003,-0.0137,0.0642,0.9384,241,10.6415
03161000,aifs,12,-0.4680,0.0560,0.0837,0.9956,241,8.2210
03164000,aifs,12,-0.6083,0.0404,0.0545,0.9917,241,7.5364
03165000,aifs,12,-0.4740,-0.0485,0.0043,0.8890,241,8.8395
03170000,aifs,12,-0.6984,-0.0005,0.0114,0.9836,241,7.2610
03173000,aifs,12,-0.8631,0.0049,0.0075,1.0339,241,6.7672
03180500,aifs,12,-0.4001,0.0721,0.1371,1.2539,241,8.2747
03182500,aifs,12,-0.5752,0.0525,0.1023,1.2662,241,7.8080
03186500,aifs,12,-0.5058,0.0377,0.0666,1.0787,241,9.1020
03187500,aifs,12,-0.5393,0.0307,0.0593,1.1100,241,9.0950
03213700,aifs,12,-0.6334,-0.0170,0.0080,1.1056,241,8.9809
03237280,aifs,12,-0.3761,0.0286,0.0793,1.0647,241,9.0653
03237500,aifs,12,-0.3113,0.0721,0.1240,1.0303,241,9.2054
03241500,aifs,12,-0.3997,-0.0534,0.0120,0.9208,241,11.7684
03280700,aifs,12,-0.6817,-0.0008,0.0207,1.1350,241,9.3458
03281100,aifs,12,-0.8188,-0.0228,-0.0114,1.1068,241,9.3085
03281500,aifs,12,-0.8318,-0.0203,-0.0103,1.1020,241,9.0423
03285000,aifs,12,-0.5136,-0.0765,-0.0300,0.9864,241,11.1244
03291780,aifs,12,-0.2477,0.0008,0.0875,0.9890,241,11.5330
03300400,aifs,12,-0.3136,-0.0119,0.0635,0.9167,241,11.0886
03340800,aifs,12,-0.2460,-0.0041,0.0865,0.9303,241,11.5146
03346000,aifs,12,-0.1171,0.1844,0.2517,1.0214,241,9.2049
03364500,aifs,12,-0.1797,-0.0834,0.0637,0.8162,241,14.3158
03366500,aifs,12,-0.2642,-0.0066,0.0776,0.9817,241,11.3581
03368000,aifs,12,-0.1206,-0.0539,0.1178,0.7672,241,13.8152
03384450,aifs,12,-0.3832,-0.0313,0.0319,1.0687,241,11.1342
03439000,aifs,12,-0.6839,0.0276,0.0380,0.9549,241,10.2962
03450000,aifs,12,-0.4512,0.0743,0.1008,1.0064,241,7.8634
03455500,aifs,12,-0.7930,0.0389,0.0426,0.9469,241,9.6482
03456500,aifs,12,-0.5629,0.0362,0.0645,0.8617,241,8.4890
03460000,aifs,12,-0.5086,0.0448,0.0715,0.9291,241,8.8057
03463300,aifs,12,-0.3524,0.0299,0.0922,0.8589,241,9.1882
03471500,aifs,12,-0.6257,-0.0008,0.0181,1.0325,241,7.7527
03473000,aifs,12,-0.6003,0.0085,0.0283,1.0118,241,7.9728
03479000,aifs,12,-0.6575,0.0649,0.0725,1.0330,241,7.7188
03488000,aifs,12,-0.6147,0.0243,0.0427,1.0750,241,7.8443
03498500,aifs,12,-0.5564,0.0407,0.0609,0.9572,241,9.5444
03500000,aifs,12,-0.8481,0.0634,0.0681,1.0933,241,10.0298
03504000,aifs,12,-0.5602,0.0318,0.0606,0.8657,241,10.8884
03574500,aifs,12,-0.4049,0.0538,0.0919,0.9820,241,10.9549
03604000,aifs,12,-0.4640,0.0194,0.0566,0.9380,241,11.7421
04015330,aifs,12,-0.2510,0.1155,0.1745,1.1139,241,7.3255
04024430,aifs,12,-0.6881,0.0863,0.1691,1.3801,241,6.5377
04027000,aifs,12,-1.1412,-0.1351,0.0731,1.6456,241,6.6182
04040500,aifs,12,-0.6768,0.0495,0.0670,1.1446,241,6.8768
04043050,aifs,12,-0.6361,0.0756,0.0884,1.1063,241,6.2099
04045500,aifs,12,-0.7305,-0.0083,0.0144,1.1648,241,6.6957
04056500,aifs,12,-0.8954,-0.0018,0.0206,1.2071,241,6.5380
04057510,aifs,12,-0.6006,-0.0151,0.0111,1.0795,241,7.0488
04057800,aifs,12,-0.7485,-0.0137,0.0028,1.1238,241,7.1029
04059500,aifs,12,-0.5501,0.0530,0.0804,1.1415,241,6.4414
04063700,aifs,12,-0.6599,0.0112,0.0941,1.3826,241,6.1186
04074950,aifs,12,-0.5395,0.0455,0.0829,1.1909,241,6.5086
04105700,aifs,12,-0.3042,-0.0071,0.0680,0.9397,241,8.2039
04115265,aifs,12,-0.2925,-0.0188,0.0624,0.9385,241,8.1441
04122200,aifs,12,-0.2045,0.0916,0.1651,0.9472,241,7.8799
04122500,aifs,12,-0.2222,0.1015,0.1675,0.9417,241,7.4710
04124000,aifs,12,-0.1412,-0.0923,0.1031,0.6789,241,9.1743
04127997,aifs,12,-0.2996,-0.1044,0.0171,0.7653,241,8.8015
04185000,aifs,12,-0.2884,0.1069,0.1559,0.9402,241,7.4437
04196800,aifs,12,-0.5404,0.0839,0.0995,1.0556,241,8.7398
04197100,aifs,12,-0.2827,0.0845,0.1398,1.0390,241,8.9263
04197170,aifs,12,-0.3745,0.0990,0.1370,1.1030,241,8.3751
04213000,aifs,12,-0.7207,-0.0098,0.0144,1.1686,241,8.3947
04213075,aifs,12,-0.5806,-0.0444,-0.0051,1.1407,241,9.0437
04216418,aifs,12,-0.3863,-0.0406,0.0310,0.8576,241,8.7120
04221000,aifs,12,-0.6726,-0.0576,-0.0353,1.0280,241,8.0228
04224775,aifs,12,-0.4440,-0.0318,0.0177,1.0084,241,8.2573
04256000,aifs,12,-0.7960,0.0419,0.0655,1.2057,241,8.0626
04296000,aifs,12,-0.8043,-0.0588,-0.0003,1.3264,241,8.3833
05057000,aifs,12,-0.9816,-0.1123,0.0849,1.6302,241,5.2416
05057200,aifs,12,-0.9957,-0.1072,0.1470,1.6953,241,4.8670
05062500,aifs,12,-0.2587,0.2165,0.2923,1.3085,241,4.9380
05087500,aifs,12,-0.5493,0.0192,0.0878,1.3159,241,6.5851
05120500,aifs,12,-1.0660,-0.1403,0.1183,1.7117,241,5.7618
05123400,aifs,12,-0.4383,-0.0333,0.0253,1.1380,241,6.2547
05129115,aifs,12,-0.5173,0.0470,0.1099,1.2935,241,5.8345
05131500,aifs,12,-0.5950,0.0614,0.1184,1.3017,241,5.5224
05291000,aifs,12,-0.2022,-0.0776,0.0791,1.3029,241,7.4942
05362000,aifs,12,-0.7437,-0.0137,0.0905,1.4434,241,6.7751
05393500,aifs,12,-0.6273,-0.0151,0.0580,1.3428,241,7.1611
05399500,aifs,12,-0.4361,-0.0312,0.0221,1.0770,241,8.4716
05408000,aifs,12,-0.2242,-0.0531,0.0614,0.8831,241,9.9235
05412500,aifs,12,-0.4076,-0.0545,0.0081,0.9455,241,8.9474
05413500,aifs,12,-0.2989,-0.0563,0.0340,0.9172,241,9.7884
05414000,aifs,12,-0.2961,-0.0407,0.0442,0.9620,241,9.5817
05444000,aifs,12,-0.5158,-0.0044,0.0434,1.1894,241,8.8734
05454000,aifs,12,-0.3787,-0.0254,0.0358,1.0281,241,10.1245
05458000,aifs,12,-0.3419,-0.0662,0.0147,0.9289,241,9.1130
05466500,aifs,12,-0.2462,-0.0634,0.0485,0.8663,241,11.7353
05487980,aifs,12,-0.3719,-0.0205,0.0415,1.0453,241,10.4976
05488200,aifs,12,-0.2740,-0.0943,0.0101,0.9901,241,12.2760
05489000,aifs,12,-0.3004,-0.0613,0.0271,0.9891,241,11.4931
05495000,aifs,12,-0.4787,0.0717,0.1162,1.2127,241,8.8742
05495500,aifs,12,-0.2658,0.1030,0.1606,1.0971,241,10.0738
05501000,aifs,12,-0.2769,0.0336,0.1144,1.1646,241,11.3372
05503800,aifs,12,-0.4765,0.0666,0.1535,1.3624,241,9.5441
05507600,aifs,12,-0.6858,0.0656,0.2224,1.5155,241,8.5511
05508805,aifs,12,-0.6473,0.1231,0.2419,1.4368,241,8.3044
05514500,aifs,12,-0.6516,0.0979,0.1830,1.3823,241,9.0925
05525500,aifs,12,-0.2922,0.0780,0.1325,1.0267,241,9.2404
05556500,aifs,12,-0.2797,-0.0107,0.0720,0.9330,241,10.1596
05584500,aifs,12,-0.1467,0.0147,0.1309,1.0056,241,12.1204
05585000,aifs,12,-0.1766,0.0515,0.1462,1.0567,241,11.2253
05591550,aifs,12,-0.1095,0.1804,0.2519,1.0414,241,9.5561
05592050,aifs,12,-0.2586,0.1963,0.2531,1.2308,241,8.5172
05592575,aifs,12,-0.0872,0.1489,0.2408,0.9348,241,10.0938
05593575,aifs,12,-0.1364,0.2227,0.2815,1.1463,241,8.7390
05593900,aifs,12,-0.2629,0.1317,0.1808,1.0802,241,9.8659
05595730,aifs,12,-0.1617,0.2211,0.2753,1.1525,241,8.4273
06037500,aifs,12,-0.4567,0.0816,0.1114,1.1073,241,4.6943
06043500,aifs,12,-0.4787,0.0657,0.0960,1.1115,241,4.6105
06154410,aifs,12,-0.3514,-0.1635,-0.0395,0.7371,241,5.6528
06188000,aifs,12,-0.8399,0.0639,0.0996,1.2556,241,4.0711
06191500,aifs,12,-0.7194,0.0966,0.1301,1.2428,241,3.9890
06221400,aifs,12,-0.7079,0.1087,0.1508,1.2708,241,3.8243
06224000,aifs,12,-0.6923,0.0863,0.1282,1.2704,241,4.0126
06289000,aifs,12,-0.7805,0.0314,0.1309,1.4276,241,3.7995
06332515,aifs,12,-1.0612,-0.1733,0.0514,1.6879,241,4.8283
06339100,aifs,12,-1.4873,-0.2306,0.0465,1.7407,241,4.1239
06339500,aifs,12,-1.2130,-0.1324,0.0563,1.6108,241,4.6097
06344600,aifs,12,-0.7311,-0.0466,0.0301,1.3739,241,4.5308
06350000,aifs,12,-1.1031,-0.0585,-0.0026,1.3374,241,4.1940
06352000,aifs,12,-1.5579,-0.1569,-0.0305,1.4857,241,3.9742
06353000,aifs,12,-1.6824,-0.2041,-0.0081,1.6027,241,4.3653
06354000,aifs,12,-1.4577,-0.1500,0.0035,1.5412,241,4.5499
06360500,aifs,12,-1.5569,-0.1696,0.0644,1.6413,241,4.0358
06404000,aifs,12,-1.0800,-0.1587,0.1909,1.8068,241,4.7922
06406000,aifs,12,-1.3486,-0.1945,0.1664,1.8057,241,4.6459
06408700,aifs,12,-1.0360,-0.0338,0.1257,1.5396,241,4.1209
06409000,aifs,12,-1.0739,-0.0516,0.1653,1.6165,241,4.0940
06431500,aifs,12,-0.8202,-0.0061,0.1121,1.4731,241,4.3567
06440200,aifs,12,-0.6124,-0.0236,0.0259,1.2467,241,5.3926
06441500,aifs,12,-0.9861,-0.0016,0.0367,1.2734,241,4.9015
06447000,aifs,12,-0.8283,-0.0053,0.0757,1.3947,241,4.4841
06447500,aifs,12,-0.5563,0.0477,0.1324,1.3735,241,4.7621
06450500,aifs,12,-0.4755,0.0274,0.0682,1.1401,241,5.5104
06452000,aifs,12,-0.6814,0.0400,0.0804,1.2579,241,4.6220
06453600,aifs,12,-0.0860,0.2050,0.2757,1.0595,241,5.5872
06464500,aifs,12,-0.2068,0.0440,0.1305,0.9747,241,6.7720
06477500,aifs,12,-0.2534,0.1010,0.1803,1.2274,241,5.5752
06479215,aifs,12,-0.2366,-0.1221,0.0470,1.3584,241,7.7727
06479438,aifs,12,-0.2840,-0.1280,0.0415,1.4075,241,7.3559
06601000,aifs,12,-0.2613,0.0222,0.1080,1.1494,241,8.3872
06614800,aifs,12,-0.1891,0.0190,0.1204,0.9353,241,5.8449
06622700,aifs,12,-0.2908,0.1481,0.1868,1.0709,241,4.0414
06623800,aifs,12,-0.3236,0.1533,0.1970,1.1718,241,4.3971
06632400,aifs,12,-0.3496,0.0941,0.1441,1.1576,241,4.4952
06784000,aifs,12,-0.3650,0.1472,0.1848,1.1668,241,6.3966
06803510,aifs,12,-0.2544,0.0900,0.1584,1.1433,241,9.2166
06803530,aifs,12,-0.4157,0.0855,0.1441,1.2517,241,8.4007
06814000,aifs,12,-0.3145,0.1093,0.1737,1.2253,241,8.7252
06846500,aifs,12,-0.2942,0.0712,0.1270,1.0263,241,4.7290
06847900,aifs,12,-0.2245,0.0346,0.1191,1.0439,241,5.5826
06853800,aifs,12,-0.6462,0.0243,0.0758,1.2876,241,6.8828
06876700,aifs,12,-0.0928,-0.0154,0.1414,0.8660,241,10.3521
06878000,aifs,12,-0.3219,0.0141,0.0822,1.1019,241,9.1917
06879650,aifs,12,-0.1581,0.0243,0.1352,0.9254,241,10.3350
06885500,aifs,12,-0.1126,0.1519,0.2323,1.0237,241,9.3094
06888500,aifs,12,-0.1401,0.0210,0.1377,0.9939,241,10.6902
06889200,aifs,12,-0.1621,0.0983,0.1857,1.1052,241,9.7437
06889500,aifs,12,-0.1861,0.0987,0.1811,1.1302,241,9.5109
06892000,aifs,12,-0.1866,0.0915,0.1759,1.1283,241,10.0696
06903400,aifs,12,-0.3083,-0.0081,0.0656,1.0477,241,10.7923
06906800,aifs,12,-0.1224,0.1554,0.2324,0.9450,241,11.4607
06910800,aifs,12,-0.1475,0.0478,0.1526,1.0150,241,10.2252
06911900,aifs,12,-0.1201,0.0425,0.1599,0.9695,241,10.6805
06917000,aifs,12,-0.1724,0.0485,0.1456,0.9436,241,11.8705
06918460,aifs,12,-0.3273,0.0653,0.1182,1.0843,241,11.4950
06919500,aifs,12,-0.3634,0.0928,0.1353,1.1155,241,11.0996
06921070,aifs,12,-0.2154,0.0399,0.1270,0.9261,241,12.5353
06921200,aifs,12,-0.2052,0.0241,0.1170,0.9795,241,13.2509
06934000,aifs,12,-0.3461,0.1170,0.1576,1.1206,241,10.0456
07014500,aifs,12,-0.1464,0.0275,0.1418,0.9236,241,12.4051
07056000,aifs,12,-0.3098,-0.0328,0.0459,1.0056,241,10.4847
07057500,aifs,12,-0.4262,0.0275,0.0794,1.1651,241,9.9412
07060710,aifs,12,-0.1460,-0.0277,0.1031,0.9798,241,10.7690
07066000,aifs,12,-0.3664,0.0365,0.0957,1.1544,241,9.6748
07067000,aifs,12,-0.4543,0.0719,0.1171,1.2004,241,8.8308
07068000,aifs,12,-0.5038,0.0755,0.1194,1.2263,241,8.4348
07071500,aifs,12,-0.4273,0.0533,0.1009,1.1715,241,8.8372
07083000,aifs,12,-0.4589,0.0671,0.2615,1.5667,241,3.4819
07142300,aifs,12,-0.1628,0.1489,0.2268,1.1689,241,5.6570
07145700,aifs,12,-0.0862,-0.0693,0.1045,0.9741,241,12.0828
07148400,aifs,12,-0.4287,0.1299,0.1922,1.2949,241,5.3114
07149000,aifs,12,-0.4916,0.1274,0.2219,1.3908,241,5.1356
07151500,aifs,12,-0.1584,0.0274,0.1417,1.1336,241,8.4393
07167500,aifs,12,-0.2684,0.0803,0.1579,1.2084,241,8.8917
07180500,aifs,12,-0.2562,0.0232,0.1085,1.1350,241,9.0280
07184000,aifs,12,-0.1771,0.0098,0.1172,1.0475,241,14.2088
07195800,aifs,12,-0.0757,0.2014,0.2954,1.2176,241,11.3883
07196900,aifs,12,-0.3888,0.0824,0.1769,1.3602,241,11.4804
07197000,aifs,12,-0.3511,0.1596,0.2292,1.3018,241,10.8914
07208500,aifs,12,-0.6239,0.0857,0.1402,1.3033,241,3.2975
07226500,aifs,12,-0.4717,0.2302,0.2454,1.1497,241,2.9759
07261000,aifs,12,-0.3153,0.0280,0.0905,1.0384,241,10.3257
07263295,aifs,12,-0.2723,0.0625,0.1276,1.0701,241,10.4312
07290650,aifs,12,-0.3236,0.0485,0.1078,0.8992,241,11.0137
07291000,aifs,12,-0.2703,0.1017,0.1589,0.8995,241,10.9284
07292500,aifs,12,-0.2341,0.1369,0.1933,0.8938,241,10.8528
07295000,aifs,12,-0.1045,0.1702,0.2498,0.9106,241,11.6159
07299670,aifs,12,-0.6384,-0.0410,-0.0027,1.1898,241,5.8262
07301410,aifs,12,-0.1281,-0.0357,0.1066,1.0624,241,5.9365
07301500,aifs,12,-0.5784,0.0018,0.0736,1.3309,241,4.0656
07315200,aifs,12,-0.3189,0.0428,0.1008,0.9607,241,7.7684
07315700,aifs,12,-0.8717,-0.0757,0.0036,1.3990,241,8.1141
07335700,aifs,12,-0.2942,-0.0953,0.0067,0.9065,241,12.4451
07340300,aifs,12,-0.4747,0.0078,0.0456,1.0597,241,10.0832
07346045,aifs,12,-0.6133,0.0480,0.0660,1.1085,241,9.1632
07359610,aifs,12,-0.1367,0.0514,0.1692,0.8410,241,10.9907
07362100,aifs,12,-0.5671,0.0576,0.0826,1.1432,241,8.8454
07362587,aifs,12,-0.2474,-0.0037,0.0867,0.9230,241,11.5497
07373000,aifs,12,-0.1396,0.0373,0.1524,0.9012,241,9.6999
07375000,aifs,12,-0.0549,0.1653,0.2677,0.8722,241,13.9449
07376000,aifs,12,-0.0737,0.2167,0.2891,0.9093,241,12.3238
08013000,aifs,12,-0.0542,0.0316,0.1961,0.8162,241,10.4351
08014500,aifs,12,-0.1023,0.0370,0.1741,0.8378,241,10.3612
08023080,aifs,12,-0.1754,0.0336,0.1372,0.8987,241,10.0659
08025500,aifs,12,-0.0363,-0.0247,0.1852,0.7395,241,11.3640
08029500,aifs,12,-0.0123,-0.0118,0.2121,0.7230,241,11.6194
08050800,aifs,12,-0.3449,-0.0287,0.0410,0.9631,241,11.0740
08066200,aifs,12,-0.1017,-0.2074,0.0586,0.6056,241,14.7279
08066300,aifs,12,-0.0608,-0.2328,0.0554,0.6498,241,18.2257
08070000,aifs,12,-0.1730,0.0066,0.1284,0.8213,241,9.8009
08070200,aifs,12,-0.1584,0.0040,0.1351,0.8010,241,9.9673
08079600,aifs,12,-0.7062,0.0058,0.0186,1.0738,241,3.9427
08082700,aifs,12,-0.3410,-0.0504,0.0266,1.0658,241,6.1866
08086212,aifs,12,-0.1470,-0.0531,0.1062,0.7603,241,6.6013
08086290,aifs,12,-0.2241,-0.0359,0.0812,0.8167,241,6.7862
08101000,aifs,12,-0.6012,0.0052,0.0264,1.0485,241,7.7559
08103900,aifs,12,-0.1947,-0.0626,0.0825,0.7533,241,10.1260
08104900,aifs,12,-0.1203,-0.0766,0.1115,0.7124,241,11.0965
08109700,aifs,12,-0.1055,-0.0331,0.1287,0.8211,241,11.1290
08150800,aifs,12,-0.0801,-0.1545,0.1108,0.5894,241,11.0226
08155200,aifs,12,-0.1739,0.0474,0.1460,0.9127,241,8.9527
08158700,aifs,12,-0.1921,0.0685,0.1542,0.9202,241,8.4719
08158810,aifs,12,-0.2504,0.0716,0.1408,0.9112,241,8.2535
08164000,aifs,12,-0.2014,0.1001,0.1728,0.9281,241,8.1074
08164300,aifs,12,-0.1526,-0.0321,0.1104,0.8107,241,10.3240
08164600,aifs,12,-0.1596,0.1063,0.1898,0.9206,241,8.0272
08165300,aifs,12,-0.0842,-0.0944,0.1223,0.6913,241,9.9051
08171300,aifs,12,-0.1328,0.0461,0.1629,0.8755,241,8.9437
08175000,aifs,12,-0.1185,0.0215,0.1641,0.7855,241,9.1795
08176900,aifs,12,-0.1802,0.1105,0.1859,0.9287,241,7.4716
08178880,aifs,12,-0.0104,-0.0267,0.2008,0.7336,241,10.6891
08189500,aifs,12,-0.1016,0.0455,0.1787,0.8408,241,7.7405
08190000,aifs,12,0.0042,-0.2118,0.1605,0.5390,241,14.3675
08190500,aifs,12,0.0251,-0.1989,0.1960,0.5355,241,13.5811
08194200,aifs,12,0.0875,-0.0568,0.3214,0.5296,241,8.2754
08195000,aifs,12,-0.0118,-0.1537,0.1538,0.6174,241,13.0699
08196000,aifs,12,0.0144,-0.1635,0.1806,0.5983,241,14.7701
08198500,aifs,12,0.0143,-0.0846,0.2099,0.6383,241,12.4299
08200000,aifs,12,0.0400,-0.0242,0.2494,0.6942,241,11.8017
08202700,aifs,12,0.0539,-0.0493,0.2661,0.6298,241,12.5565
08267500,aifs,12,-0.1765,0.0313,0.1336,0.9229,241,4.1088
08269000,aifs,12,-0.4064,0.0941,0.1381,1.1793,241,3.3301
08271000,aifs,12,-0.1627,0.0128,0.1300,0.8728,241,4.2533
08324000,aifs,12,-0.5178,0.0664,0.1027,1.1901,241,2.8411
08377900,aifs,12,-0.3036,0.0847,0.1365,1.0654,241,4.2669
08378500,aifs,12,-0.4284,0.0891,0.1263,1.1489,241,3.9176
08380500,aifs,12,-0.5255,0.0875,0.1119,1.1383,241,3.7696
09034900,aifs,12,-0.1456,0.1695,0.2338,1.0320,241,4.2212
09035900,aifs,12,-0.4850,0.1576,0.2098,1.2810,241,3.5516
09047700,aifs,12,-0.4966,0.1223,0.2039,1.3594,241,3.3837
09065500,aifs,12,-0.3474,0.1811,0.2451,1.2878,241,3.4530
09066000,aifs,12,-0.5721,0.1069,0.2688,1.5121,241,3.1784
09066200,aifs,12,-0.2756,0.1916,0.2516,1.2473,241,3.5571
09066300,aifs,12,-0.2962,0.1919,0.2535,1.2642,241,3.4893
09081600,aifs,12,-0.1925,0.1194,0.2503,1.3788,241,4.7402
09107000,aifs,12,-0.9044,-0.2311,0.2259,1.9502,241,3.3921
09210500,aifs,12,-0.4719,0.1295,0.1454,1.0629,241,2.8183
09223000,aifs,12,-0.3982,0.1324,0.1568,1.0663,241,3.3694
09306242,aifs,12,-0.5437,0.0396,0.1090,1.3238,241,3.5002
09312600,aifs,12,-0.5509,0.1089,0.1962,1.3813,241,3.8513
09352900,aifs,12,-0.3968,0.1625,0.2120,1.2516,241,5.2039
09378170,aifs,12,0.0025,0.1801,0.3213,0.7360,241,3.4749
09378630,aifs,12,0.0256,0.1613,0.3272,0.7096,241,3.6141
09386900,aifs,12,-0.5482,0.0496,0.0823,1.1743,241,2.8230
09404450,aifs,12,-0.7238,0.1548,0.2335,1.3393,241,3.8436
09430500,aifs,12,-0.0197,0.3770,0.4117,0.8699,241,2.3104
09430600,aifs,12,-0.1385,0.2992,0.3446,0.8077,241,3.1901
09447800,aifs,12,-1.0440,0.2000,0.3465,1.1852,241,2.3489
09480000,aifs,12,0.1130,0.2226,0.4116,0.6728,241,3.3098
09484000,aifs,12,-0.3978,0.2383,0.2428,0.9875,241,3.9344
09484600,aifs,12,0.2701,0.4192,0.5536,0.7574,241,2.5498
09492400,aifs,12,-0.2521,0.1512,0.2156,0.7882,241,5.2937
09494000,aifs,12,-0.6848,0.2062,0.2086,0.9959,241,4.3877
09497800,aifs,12,-1.5863,0.0369,0.1848,1.2371,241,4.8449
09497980,aifs,12,-1.1813,0.1611,0.2638,1.1282,241,5.2380
09505200,aifs,12,-0.8655,0.2195,0.3865,1.2858,241,4.2117
09505350,aifs,12,-0.7290,0.2619,0.3854,1.2568,241,4.2129
09505800,aifs,12,-0.8785,0.2137,0.3997,1.2956,241,4.4861
09508300,aifs,12,-1.3921,0.0881,0.3420,1.2787,241,4.7079
09510200,aifs,12,-1.6145,-0.0206,0.1586,1.3800,241,4.9849
09512280,aifs,12,-1.7457,-0.2432,0.1973,1.7932,241,4.5836
09513780,aifs,12,-1.8819,-0.2158,0.2099,1.7138,241,4.3817
10023000,aifs,12,-0.4205,0.0840,0.1144,1.0549,241,4.2661
10166430,aifs,12,-0.3887,0.1978,0.2091,0.9842,241,4.2035
10172700,aifs,12,-0.7495,0.0602,0.0885,1.2245,241,3.6016
10172800,aifs,12,-0.2851,0.1712,0.2105,0.8731,241,4.1327
10173450,aifs,12,-0.2904,0.2705,0.2850,1.0976,241,4.0590
10205030,aifs,12,-0.2286,0.1800,0.2217,1.0563,241,3.3597
10234500,aifs,12,-0.2267,0.2209,0.2511,1.0409,241,3.8361
10242000,aifs,12,-0.2035,0.2872,0.3045,1.0385,241,4.1315
10244950,aifs,12,-0.5838,0.1514,0.2098,1.3093,241,3.5833
10249300,aifs,12,-0.4169,0.1982,0.2176,1.1424,241,2.6833
10258000,aifs,12,-0.4021,0.0359,0.2793,1.6395,241,4.2100
10258500,aifs,12,-1.2474,-0.6330,0.3189,2.4112,241,2.7205
10259000,aifs,12,-0.3977,0.0581,0.2976,1.6274,241,3.2501
10259200,aifs,12,-1.1687,-0.7343,0.3069,2.5370,241,2.9456
10263500,aifs,12,-0.0477,0.2775,0.3310,1.0091,241,5.9890
10310500,aifs,12,-0.4973,0.2867,0.4316,1.3489,241,4.4337
10316500,aifs,12,-0.1675,-0.0426,0.1259,0.6713,241,4.0024
10329500,aifs,12,-0.1469,-0.0640,0.1266,0.6354,241,3.4945
10336645,aifs,12,-0.1432,0.3801,0.3963,1.1286,241,8.7547
10336660,aifs,12,-0.0096,0.4162,0.4311,1.0335,241,8.9586
10343500,aifs,12,-0.4090,0.3360,0.3914,1.2264,241,6.3908
10348850,aifs,12,0.1759,0.2144,0.4452,0.6507,241,8.2453
10396000,aifs,12,-0.1142,-0.2210,0.1019,0.4420,241,3.5359
11098000,aifs,12,0.0865,0.2471,0.3768,0.8367,241,7.7905
11124500,aifs,12,0.0318,0.2430,0.3401,1.0232,241,6.8029
11141280,aifs,12,0.1596,0.3963,0.4749,0.8732,241,5.7638
11143000,aifs,12,0.1299,0.1496,0.4069,0.5692,241,9.4157
11148900,aifs,12,0.1560,0.5174,0.5338,0.9365,241,5.0045
11151300,aifs,12,0.1931,0.5787,0.5851,1.0672,241,3.3497
11162500,aifs,12,-0.1098,0.2688,0.3297,0.7924,241,6.6653
11176400,aifs,12,-1.3352,0.0804,0.3079,1.3401,241,5.1593
11180500,aifs,12,-0.9560,0.1778,0.2633,1.2409,241,5.3182
11180960,aifs,12,-0.5644,0.2464,0.2474,0.9922,241,5.7101
11224500,aifs,12,0.2262,0.5684,0.5785,0.9888,241,2.8563
11253310,aifs,12,0.1176,0.5231,0.5307,1.0555,241,2.4862
11264500,aifs,12,-1.7414,-0.2124,0.3142,1.7553,241,7.8401
11266500,aifs,12,-1.4673,-0.1111,0.3159,1.6777,241,8.0140
11274500,aifs,12,-0.9634,0.1936,0.3874,1.2842,241,4.5179
11274630,aifs,12,-1.3688,0.0349,0.3543,1.4316,241,4.5127
11284400,aifs,12,-0.4308,0.2785,0.4049,1.3702,241,6.0494
11299600,aifs,12,-0.2561,0.3487,0.4679,1.3430,241,5.5377
11381500,aifs,12,-0.1538,0.1008,0.2102,0.7499,241,9.6965
11383500,aifs,12,-0.1610,0.1119,0.2153,0.7520,241,9.8760
11451100,aifs,12,-0.3172,0.1501,0.2134,0.7386,241,5.9339
11468500,aifs,12,-0.0988,0.0964,0.2301,0.7263,241,6.9865
11473900,aifs,12,-0.0855,0.0386,0.2177,0.6414,241,7.1411
11475560,aifs,12,0.0363,-0.1566,0.2535,0.4046,241,12.7889
11476600,aifs,12,-0.0338,0.1055,0.2680,0.6984,241,7.4565
11478500,aifs,12,-0.0613,0.0501,0.2295,0.6678,241,7.5788
11480390,aifs,12,-0.0604,0.0379,0.2197,0.6777,241,7.1322
11481200,aifs,12,0.0350,0.1010,0.3058,0.6753,241,7.7914
11482500,aifs,12,0.0615,0.0641,0.3201,0.6102,241,8.6084
11522500,aifs,12,-0.0726,0.1000,0.2335,0.7771,241,6.1716
11523200,aifs,12,-0.1687,-0.0369,0.1454,0.6074,241,7.0961
11528700,aifs,12,-0.0598,0.0634,0.2346,0.6844,241,6.2167
11532500,aifs,12,0.0755,0.0884,0.3392,0.6177,241,10.6106
12010000,aifs,12,-0.0574,0.1789,0.3010,0.7298,241,11.7050
12013500,aifs,12,-0.1698,0.2626,0.2986,0.8838,241,9.6550
12020000,aifs,12,-0.4116,0.2036,0.2119,0.9785,241,8.8805
12025000,aifs,12,-0.5485,0.1294,0.1368,0.9736,241,8.9554
12025700,aifs,12,-0.9682,0.0810,0.1349,1.2856,241,9.0934
12035000,aifs,12,-0.2616,0.2474,0.2757,0.8575,241,12.4028
12040500,aifs,12,-0.2402,0.3430,0.3512,0.9086,241,14.1579
12041200,aifs,12,-0.1873,0.2673,0.3066,0.8348,241,15.2218
12043000,aifs,12,-0.1367,0.3250,0.3510,0.8815,241,11.7271
12048000,aifs,12,-1.1941,-0.1210,0.1547,1.7045,241,7.7422
12054000,aifs,12,-0.3570,0.1506,0.1822,1.1200,241,10.3866
12056500,aifs,12,-0.3155,0.2289,0.2428,0.9933,241,13.5733
12073500,aifs,12,-0.3975,0.1698,0.1935,1.1287,241,6.7085
12082500,aifs,12,-0.7309,0.1658,0.1788,1.1383,241,12.5721
12092000,aifs,12,-0.6334,0.1576,0.1624,1.0857,241,12.3249
12095000,aifs,12,-0.9418,0.1060,0.1756,1.3107,241,10.2713
12114500,aifs,12,-0.2008,0.1853,0.2442,0.8282,241,12.6178
12115000,aifs,12,-0.2222,0.1782,0.2331,0.8363,241,12.6647
12115500,aifs,12,-0.2759,0.1726,0.2126,0.8783,241,12.9827
12117000,aifs,12,-0.2814,0.1900,0.2259,0.8704,241,12.8745
12141300,aifs,12,-0.1713,0.2172,0.2774,0.8084,241,14.4197
12143600,aifs,12,-0.2139,0.2293,0.2672,0.8728,241,13.7893
12144000,aifs,12,-0.2575,0.2420,0.2651,0.9118,241,13.1408
12145500,aifs,12,-0.3243,0.2405,0.2542,0.9261,241,10.6402
12147600,aifs,12,-0.0643,0.1985,0.3095,0.7360,241,16.8409
12167000,aifs,12,-0.2836,0.2976,0.3037,1.0394,241,12.6972
12175500,aifs,12,-0.6985,0.2378,0.2896,1.2186,241,10.2629
12186000,aifs,12,-0.3477,0.3013,0.3023,0.9891,241,13.4847
12189500,aifs,12,-0.5645,0.2763,0.2982,1.1428,241,12.2321
12358500,aifs,12,-0.4473,-0.0755,0.0081,0.7541,241,8.2990
12377150,aifs,12,-0.3092,-0.0977,0.0647,0.6067,241,7.4662
12381400,aifs,12,-0.3380,-0.0675,0.0638,0.6566,241,6.9333
12390700,aifs,12,-0.7448,0.0743,0.0785,1.0683,241,6.0708
12411000,aifs,12,-0.8317,0.0728,0.0803,1.1177,241,7.1971
12414500,aifs,12,-0.6436,0.0857,0.0914,1.0115,241,7.1966
12447390,aifs,12,-2.2918,-0.5663,0.0570,2.1408,241,5.0146
12451000,aifs,12,-1.7768,-0.1354,0.2508,1.6260,241,9.2873
12488500,aifs,12,-0.5034,0.1654,0.1762,1.0956,241,9.8783
13011500,aifs,12,-0.3838,0.1937,0.2468,1.2695,241,4.2827
13011900,aifs,12,-0.2740,0.2331,0.2660,1.1614,241,3.9560
13018300,aifs,12,-0.3008,0.1765,0.2192,1.1739,241,4.2013
13023000,aifs,12,-0.5220,0.1337,0.1534,1.1454,241,3.7372
13161500,aifs,12,-0.6847,0.0311,0.0881,1.3159,241,2.7536
13235000,aifs,12,-0.1365,0.1729,0.2513,0.8299,241,4.6559
13240000,aifs,12,-0.1466,0.0546,0.1938,0.7070,241,6.0993
13310700,aifs,12,-0.2206,0.2201,0.2557,0.9020,241,4.8145
13313000,aifs,12,-0.0534,0.1382,0.2817,0.7105,241,5.3535
13331500,aifs,12,-0.1691,-0.0118,0.1281,0.7590,241,5.4114
13337000,aifs,12,-0.4464,0.0706,0.1078,0.8592,241,7.1578
13338500,aifs,12,-0.5782,0.0288,0.0525,1.1031,241,5.7224
13340000,aifs,12,-0.4781,0.0595,0.0878,0.9242,241,6.1104
13340600,aifs,12,-0.4409,0.0602,0.1005,0.8565,241,8.0465
14020000,aifs,12,-0.0924,0.0771,0.2128,0.7759,241,5.0565
14092750,aifs,12,-0.5258,0.2261,0.2305,0.9179,241,7.0224
14096850,aifs,12,-0.6232,0.1738,0.1833,1.1241,241,4.5106
14137000,aifs,12,-0.3510,0.1799,0.2079,0.8682,241,9.9727
14138800,aifs,12,-0.1735,0.0795,0.2062,0.6909,241,12.6543
14138870,aifs,12,-0.1941,0.0998,0.2036,0.7344,241,13.2184
14138900,aifs,12,-0.1054,0.0288,0.2146,0.6249,241,15.0891
14139800,aifs,12,-0.2120,0.1041,0.2065,0.7179,241,12.9449
14141500,aifs,12,-0.3243,0.1651,0.2046,0.8371,241,11.5730
14154500,aifs,12,-0.5557,0.1559,0.1618,0.9346,241,6.9863
14158500,aifs,12,-0.4870,0.2389,0.2481,0.8829,241,8.6728
14158790,aifs,12,-0.2128,0.1236,0.2350,0.6687,241,10.0134
14166500,aifs,12,-0.0952,0.2102,0.2857,0.8425,241,6.7118
14182500,aifs,12,-0.5367,0.2380,0.2381,1.0007,241,10.0664
14185000,aifs,12,-0.6579,0.2338,0.2391,1.0320,241,9.2582
14185900,aifs,12,-0.4237,0.2483,0.2562,0.9012,241,10.3106
14187000,aifs,12,-0.5192,0.2114,0.2145,0.9385,241,9.2313
14216500,aifs,12,-0.6034,0.1867,0.1876,1.0362,241,11.7898
14222500,aifs,12,-0.0885,0.0609,0.2266,0.6754,241,15.5571
14236200,aifs,12,-0.5987,0.1493,0.1525,1.0433,241,10.8696
14301000,aifs,12,-0.0983,0.0917,0.2200,0.7756,241,9.3699
14303200,aifs,12,0.0441,0.0259,0.3039,0.5922,241,11.3661
14305500,aifs,12,0.0541,0.0014,0.3154,0.5447,241,13.3921
14306340,aifs,12,-0.0666,0.1574,0.2865,0.7143,241,7.3246
14306500,aifs,12,-0.0564,0.1752,0.2941,0.7449,241,7.8625
14308990,aifs,12,-0.2462,0.1114,0.1751,0.8635,241,5.0179
14309500,aifs,12,-0.0105,0.1358,0.3026,0.6812,241,6.7670
14316700,aifs,12,-0.5579,0.1506,0.1586,0.9137,241,6.6307
14325000,aifs,12,0.0159,0.1193,0.3190,0.6339,241,8.3317
14362250,aifs,12,-0.1876,0.0938,0.1712,0.9531,241,4.5350
14400000,aifs,12,0.0102,0.0791,0.2984,0.6104,241,11.2480
01013500,aifs,13,-0.7688,-0.0149,0.0248,1.2603,241,7.3271
01022500,aifs,13,-0.6388,-0.0611,-0.0030,1.2739,241,8.0705
01030500,aifs,13,-0.7193,-0.0130,0.0206,1.2188,241,7.0997
01031500,aifs,13,-0.6719,-0.0849,-0.0189,1.3078,241,7.3528
01047000,aifs,13,-0.6664,-0.1049,-0.0480,1.2569,241,7.8956
01052500,aifs,13,-0.8482,-0.1325,-0.0603,1.3662,241,7.5642
01054200,aifs,13,-0.5908,-0.0787,-0.0325,1.1627,241,9.1086
01055000,aifs,13,-0.7608,-0.0764,-0.0408,1.2129,241,7.6085
01057000,aifs,13,-0.7506,-0.0477,-0.0101,1.2341,241,7.9920
01073000,aifs,13,-0.7971,-0.0587,0.0264,1.4044,241,8.1038
01078000,aifs,13,-0.4907,0.0217,0.0764,1.2300,241,7.6594
01118300,aifs,13,-0.3083,-0.1037,-0.0042,0.9131,241,13.1659
01121000,aifs,13,-0.4419,-0.0364,0.0155,0.9490,241,9.8820
01123000,aifs,13,-0.4569,-0.0384,0.0112,0.9493,241,10.4430
01134500,aifs,13,-0.5664,-0.0711,-0.0235,1.1563,241,8.1242
01137500,aifs,13,-0.6666,-0.1024,-0.0508,1.2303,241,8.4064
01139000,aifs,13,-0.6396,-0.0876,0.0027,1.3772,241,7.9145
01139800,aifs,13,-0.5456,-0.0776,-0.0292,1.1282,241,8.5870
01142500,aifs,13,-0.7566,-0.0679,-0.0009,1.3420,241,7.6264
01144000,aifs,13,-0.6424,-0.0523,-0.0156,1.1677,241,7.9494
01169000,aifs,13,-0.5844,-0.0596,-0.0090,1.2059,241,8.7172
01170100,aifs,13,-0.6207,-0.0667,-0.0108,1.2510,241,8.5945
01181000,aifs,13,-0.5018,-0.0419,0.0026,1.0823,241,9.2421
01187300,aifs,13,-0.6303,-0.0083,0.0418,1.2625,241,8.4222
01195100,aifs,13,-0.4163,-0.0765,-0.0074,0.8913,241,11.4059
01333000,aifs,13,-0.5870,-0.1171,-0.0519,1.2375,241,8.7920
01350000,aifs,13,-0.2516,-0.1450,-0.0207,1.0142,241,11.2677
01350080,aifs,13,-0.4182,-0.1213,-0.0412,1.1306,241,9.3699
01350140,aifs,13,-0.4542,-0.1361,-0.0652,1.0709,241,8.9871
01365000,aifs,13,-0.3968,-0.0969,-0.0199,1.1004,241,9.9091
01411300,aifs,13,-0.2481,-0.1139,0.0096,0.8728,241,12.0142
01413500,aifs,13,-0.2460,-0.1259,-0.0024,0.9265,241,10.6261
01414500,aifs,13,-0.2460,-0.1379,-0.0135,0.9979,241,11.3126
01415000,aifs,13,-0.3531,-0.1043,-0.0192,0.9843,241,9.1171
01423000,aifs,13,-0.3738,-0.1238,-0.0378,0.9344,241,9.0867
01434025,aifs,13,-0.2640,-0.1629,-0.0358,0.9164,241,12.0155
01435000,aifs,13,-0.2837,-0.1376,-0.0253,0.9731,241,11.4023
01439500,aifs,13,-0.2627,0.0105,0.0962,0.8819,241,8.5396
01440000,aifs,13,-0.2931,-0.0325,0.0543,0.9045,241,9.1470
01440400,aifs,13,-0.1982,-0.0231,0.1063,0.7812,241,9.1928
01451800,aifs,13,-0.4701,-0.0131,0.0288,0.9562,241,8.2631
01466500,aifs,13,-0.5303,0.0093,0.0379,1.0390,241,8.8645
01484100,aifs,13,-0.4195,-0.0722,-0.0093,1.0146,241,9.2548
01485500,aifs,13,-0.2608,-0.1005,0.0166,0.8638,241,10.5180
01486000,aifs,13,-0.2232,-0.0984,0.0291,0.8792,241,10.6437
01487000,aifs,13,-0.3709,-0.0882,-0.0112,1.0082,241,9.6512
01491000,aifs,13,-0.6124,-0.0218,0.0097,1.1396,241,7.8387
01510000,aifs,13,-0.5661,-0.1570,-0.1043,0.9822,241,9.0920
01516500,aifs,13,-0.4703,-0.0419,0.0081,0.9155,241,6.8981
01518862,aifs,13,-0.4335,-0.0718,-0.0047,0.8698,241,7.3286
01532000,aifs,13,-0.3183,-0.0652,0.0233,0.9036,241,7.9859
01539000,aifs,13,-0.2942,-0.0063,0.0778,0.8630,241,8.2279
01542810,aifs,13,-0.5765,-0.0636,-0.0257,0.9130,241,8.2163
01543000,aifs,13,-0.6087,-0.0366,-0.0074,0.9143,241,8.0307
01543500,aifs,13,-0.5210,-0.0326,0.0111,0.8766,241,8.4107
01544500,aifs,13,-0.5454,-0.0699,-0.0273,0.9258,241,7.7723
01545600,aifs,13,-0.5197,-0.0698,-0.0249,0.9592,241,7.9321
01547700,aifs,13,-0.1616,-0.1480,0.0281,0.7942,241,11.5360
01548500,aifs,13,-0.5184,-0.0448,-0.0019,0.9143,241,7.2278
01549500,aifs,13,-0.4388,-0.0699,-0.0103,0.9481,241,7.8564
01550000,aifs,13,-0.3441,-0.0887,-0.0022,0.9156,241,8.4677
01552000,aifs,13,-0.2571,-0.0999,0.0192,0.8576,241,9.3472
01552500,aifs,13,-0.3681,-0.0431,0.0294,0.8890,241,8.1792
01557500,aifs,13,-0.2017,-0.0857,0.0695,0.7349,241,10.3211
01567500,aifs,13,-0.3365,-0.0930,0.0071,0.8164,241,8.9846
01568000,aifs,13,-0.4467,-0.0711,-0.0024,0.8337,241,8.2737
01580000,aifs,13,-0.6678,-0.0212,-0.0031,0.9551,241,8.0134
01583500,aifs,13,-0.6759,-0.0189,-0.0027,1.0143,241,7.9777
01586610,aifs,13,-0.6106,-0.0185,0.0044,0.9870,241,7.9142
01591400,aifs,13,-0.3552,-0.0799,0.0186,0.7795,241,9.4343
01596500,aifs,13,-0.3261,-0.0171,0.0540,0.9718,241,8.4050
01605500,aifs,13,-0.3224,0.0005,0.0689,0.9490,241,7.6539
01606500,aifs,13,-0.3760,0.0116,0.0653,0.9566,241,7.2727
01613050,aifs,13,-0.4493,-0.0714,-0.0036,0.8376,241,7.9405
01620500,aifs,13,-0.3835,0.0726,0.1119,1.0638,241,6.6302
01632000,aifs,13,-0.3318,-0.1326,0.0104,0.6691,241,8.2133
01632900,aifs,13,-0.3364,-0.0830,0.0320,0.7263,241,7.9400
01634500,aifs,13,-0.4039,-0.1411,-0.0367,0.7572,241,8.2195
01638480,aifs,13,-0.4703,-0.0835,-0.0180,0.8421,241,8.3176
01639500,aifs,13,-0.6247,-0.0204,0.0013,0.9785,241,7.8143
01644000,aifs,13,-0.5154,-0.0743,-0.0131,0.8077,241,7.9363
01658500,aifs,13,-0.4328,-0.0707,0.0033,0.8139,241,8.6622
01664000,aifs,13,-0.4688,-0.1136,-0.0218,0.7290,241,8.3221
01666500,aifs,13,-0.4450,-0.0847,0.0003,0.7561,241,8.2244
01667500,aifs,13,-0.4941,-0.0693,-0.0015,0.7844,241,7.9921
01669000,aifs,13,-0.4253,-0.0786,-0.0147,0.9547,241,9.6588
01669520,aifs,13,-0.4570,-0.1060,-0.0430,0.9595,241,9.7091
02011400,aifs,13,-0.5075,0.0361,0.0624,1.0220,241,7.3377
02011460,aifs,13,-0.4606,0.0254,0.0626,1.0732,241,7.6699
02013000,aifs,13,-0.5734,-0.0365,-0.0057,0.9668,241,7.8611
02014000,aifs,13,-0.7254,-0.0290,-0.0158,1.0079,241,7.3653
02015700,aifs,13,-0.4320,0.0096,0.0567,1.0993,241,7.3457
02016000,aifs,13,-0.6445,0.0256,0.0430,1.0983,241,6.9331
02017500,aifs,13,-0.9203,-0.0331,-0.0242,1.1174,241,6.8792
02018000,aifs,13,-1.0586,-0.0391,-0.0281,1.1509,241,6.8068
02027000,aifs,13,-0.8491,0.0049,0.0383,1.2518,241,7.0883
02027500,aifs,13,-0.8096,-0.0023,0.0171,1.1767,241,7.3366
02028500,aifs,13,-0.6195,0.0365,0.0504,0.9759,241,7.1230
02038850,aifs,13,-0.7634,-0.0413,-0.0296,0.9943,241,7.8365
02046000,aifs,13,-0.6542,-0.0343,-0.0124,0.9426,241,8.8107
02051000,aifs,13,-0.5581,-0.0602,-0.0222,0.9406,241,9.1422
02051500,aifs,13,-0.6806,-0.0446,-0.0252,0.9884,241,8.6605
02053200,aifs,13,-0.4826,0.0491,0.0762,0.9884,241,8.8365
02053800,aifs,13,-0.8371,-0.0356,-0.0282,0.9494,241,7.2400
02055100,aifs,13,-1.1503,-0.1110,-0.0281,1.4200,241,7.0049
02056900,aifs,13,-0.7548,-0.0394,-0.0256,0.9374,241,7.8714
02059500,aifs,13,-1.1685,-0.0205,-0.0086,1.1388,241,6.8416
02064000,aifs,13,-1.0244,-0.0716,-0.0444,1.2375,241,7.5971
02065500,aifs,13,-1.0288,-0.0596,-0.0414,1.1935,241,7.5017
02069700,aifs,13,-0.4678,0.0579,0.0859,0.9617,241,8.5305
02070000,aifs,13,-0.4482,0.0596,0.0920,0.9261,241,8.3728
02074500,aifs,13,-0.2748,0.0920,0.1549,1.1416,241,8.3808
02077200,aifs,13,-0.8170,0.0508,0.0708,1.1920,241,7.4404
02081500,aifs,13,-0.5293,0.1054,0.1257,1.1303,241,7.8312
02082950,aifs,13,-0.8448,0.0478,0.0937,1.2916,241,7.3948
02092500,aifs,13,-0.7610,-0.0181,0.0136,1.2220,241,8.2961
02096846,aifs,13,-0.2118,0.0524,0.1348,1.0266,241,9.8843
02102908,aifs,13,-0.5424,-0.0604,-0.0206,1.0465,241,10.3911
02108000,aifs,13,-0.7743,-0.0348,-0.0169,1.1323,241,8.6070
02111180,aifs,13,-0.5526,0.0329,0.0548,0.9567,241,9.2634
02111500,aifs,13,-0.6433,0.0281,0.0408,0.9901,241,9.3874
02118500,aifs,13,-0.8530,0.0630,0.0672,1.0878,241,8.4956
02128000,aifs,13,-0.6246,0.0603,0.0767,1.1165,241,8.3803
02137727,aifs,13,-0.4447,0.0122,0.0532,0.9574,241,10.0625
02140991,aifs,13,-0.6643,0.0443,0.0536,1.0288,241,9.2236
02143000,aifs,13,-0.6721,0.0838,0.0898,1.0593,241,9.1314
02143040,aifs,13,-0.7796,0.0241,0.0296,1.0561,241,9.3457
02149000,aifs,13,-0.4278,-0.0603,0.0042,0.8797,241,11.8032
02152100,aifs,13,-0.8827,0.0285,0.0352,1.1107,241,9.1571
02177000,aifs,13,-0.7885,-0.0097,0.0053,1.1351,241,11.9941
02178400,aifs,13,-0.7773,0.0672,0.0761,1.1213,241,10.1379
02193340,aifs,13,-0.7262,-0.0920,-0.0597,1.1626,241,9.5390
02196000,aifs,13,-0.6228,-0.1293,-0.0898,1.0217,241,10.2241
02198100,aifs,13,-0.2665,-0.2022,-0.0481,0.7598,241,11.7242
02202600,aifs,13,-0.5560,-0.0735,-0.0324,1.0656,241,7.4493
02212600,aifs,13,-0.5666,-0.1367,-0.0864,0.9419,241,10.6501
02215100,aifs,13,-0.3829,-0.1830,-0.0736,0.8032,241,9.9243
02216180,aifs,13,-0.2217,-0.2293,-0.0485,0.7380,241,10.9790
02221525,aifs,13,-0.6810,-0.1017,-0.0739,0.9856,241,9.8540
02231000,aifs,13,-0.2345,0.0997,0.1708,0.8610,241,7.4366
02231342,aifs,13,-0.3734,0.1094,0.1572,1.1859,241,7.9466
02235200,aifs,13,-0.3047,0.2037,0.2252,1.0413,241,7.8149
02245500,aifs,13,-0.3205,0.1026,0.1464,1.0635,241,7.5468
02246000,aifs,13,-0.2823,0.1801,0.2101,0.9779,241,6.6827
02296500,aifs,13,-0.4359,0.2058,0.2158,1.0864,241,7.2905
02297155,aifs,13,-0.3024,0.0688,0.1231,0.9999,241,9.9783
02297310,aifs,13,-0.3741,0.0875,0.1240,0.9595,241,9.3202
02298123,aifs,13,-0.3714,0.0900,0.1282,1.0746,241,8.4020
02298608,aifs,13,-0.3641,0.0558,0.1019,0.9488,241,9.9947
02299950,aifs,13,-0.4106,0.0990,0.1307,1.0950,241,9.3784
02300700,aifs,13,-0.1522,0.1580,0.2291,1.1087,241,10.0374
02310947,aifs,13,-0.3123,0.1422,0.1846,1.1338,241,8.8142
02312200,aifs,13,-0.1988,0.0886,0.1650,1.0607,241,10.1861
02314500,aifs,13,-0.3053,-0.1219,0.0000,0.7798,241,8.8199
02315500,aifs,13,-0.3517,-0.0752,0.0225,0.7897,241,8.1975
02324400,aifs,13,-0.1694,-0.1039,0.0716,0.7214,241,11.2244
02327100,aifs,13,-0.2814,-0.0326,0.0755,0.7746,241,10.0555
02349900,aifs,13,-0.3083,-0.1948,-0.0487,0.7277,241,10.7859
02350900,aifs,13,-0.5860,-0.1501,-0.0896,0.8247,241,9.3990
02361000,aifs,13,-0.6334,-0.1245,-0.0809,0.8748,241,9.1044
02363000,aifs,13,-0.5074,-0.1096,-0.0500,0.8799,241,9.6552
02369800,aifs,13,-0.2345,-0.2183,-0.0288,0.6701,241,14.3247
02371500,aifs,13,-0.3496,-0.1254,-0.0235,0.8294,241,10.8870
02372250,aifs,13,-0.3107,-0.0608,0.0409,0.8008,241,10.4131
02374500,aifs,13,-0.2668,-0.0504,0.0630,0.7877,241,11.2338
02381600,aifs,13,-0.4928,-0.0668,-0.0180,0.9557,241,12.3889
02384540,aifs,13,-0.4088,0.0511,0.0896,1.0385,241,10.3718
02395120,aifs,13,-0.7086,-0.0029,0.0291,1.2128,241,9.7714
02408540,aifs,13,-0.4622,-0.0300,0.0199,0.9031,241,11.5293
02415000,aifs,13,-0.3708,-0.0501,0.0323,0.8145,241,12.1404
02422500,aifs,13,-0.6042,-0.0260,-0.0004,1.0437,241,11.0430
02427250,aifs,13,-0.5109,0.0154,0.0463,0.9416,241,9.3882
02430085,aifs,13,-0.4510,-0.0062,0.0607,1.2376,241,10.3571
02450250,aifs,13,-0.2676,-0.0247,0.0669,0.9064,241,10.9769
02464000,aifs,13,-0.1846,-0.0353,0.0857,0.9118,241,12.1877
02465493,aifs,13,-0.4343,0.0497,0.0839,1.0194,241,10.1887
02469800,aifs,13,-0.4021,-0.0215,0.0454,0.8340,241,10.7342
02472000,aifs,13,-0.1434,-0.0363,0.1260,0.7368,241,11.1655
02472500,aifs,13,-0.1475,-0.0693,0.1099,0.7012,241,12.1735
02479155,aifs,13,-0.0872,-0.0108,0.1657,0.7446,241,13.7235
02479300,aifs,13,-0.0300,-0.0985,0.1742,0.6253,241,17.7224
02481000,aifs,13,-0.0096,-0.1392,0.1839,0.5717,241,21.0586
02481510,aifs,13,-0.0279,-0.0923,0.1955,0.5834,241,17.4687
03010655,aifs,13,-0.4365,-0.0709,-0.0037,0.8625,241,7.8687
03011800,aifs,13,-0.4530,-0.0884,-0.0216,0.8687,241,9.2484
03015500,aifs,13,-0.6664,0.0010,0.0152,1.0048,241,8.3022
03021350,aifs,13,-0.5015,-0.0530,-0.0064,0.9216,241,9.0965
03026500,aifs,13,-0.4999,-0.0827,-0.0266,0.8782,241,8.8604
03028000,aifs,13,-0.5088,-0.0676,-0.0173,0.8943,241,9.1418
03049800,aifs,13,-0.2991,0.0597,0.1181,0.9525,241,10.0242
03050000,aifs,13,-0.2414,-0.0170,0.0781,0.9393,241,10.4891
03066000,aifs,13,-0.2371,-0.0459,0.0648,0.8662,241,9.3427
03069500,aifs,13,-0.3082,-0.0130,0.0625,0.9444,241,8.9045
03070500,aifs,13,-0.4556,0.0752,0.1012,1.0251,241,9.1868
03076600,aifs,13,-0.2415,-0.0178,0.0813,0.8880,241,9.9767
03078000,aifs,13,-0.2378,-0.0093,0.0838,0.9641,241,9.8350
03140000,aifs,13,-0.3593,0.0554,0.1023,0.9536,241,8.2832
03144000,aifs,13,-0.2730,-0.0504,0.0612,0.7914,241,9.9030
03159540,aifs,13,-0.2786,-0.1039,0.0117,0.8411,241,10.5522
03161000,aifs,13,-0.6140,0.0208,0.0372,0.9945,241,8.6198
03164000,aifs,13,-0.6755,0.0335,0.0433,0.9705,241,7.6922
03165000,aifs,13,-0.5537,-0.0366,0.0040,0.8662,241,9.0751
03170000,aifs,13,-0.7641,-0.0306,-0.0178,0.9275,241,7.4001
03173000,aifs,13,-0.8200,-0.0160,-0.0105,0.9850,241,6.6885
03180500,aifs,13,-0.3541,0.0416,0.0959,1.0962,241,8.1376
03182500,aifs,13,-0.4562,0.0642,0.0983,1.1164,241,7.5072
03186500,aifs,13,-0.3443,0.0455,0.0976,0.9575,241,8.5999
03187500,aifs,13,-0.3449,0.0547,0.1037,0.9862,241,8.5015
03213700,aifs,13,-0.4203,0.0052,0.0522,1.0516,241,8.3745
03237280,aifs,13,-0.3565,-0.0428,0.0276,1.0340,241,9.0006
03237500,aifs,13,-0.2075,0.0522,0.1359,0.9781,241,8.8336
03241500,aifs,13,-0.1256,-0.0278,0.1255,0.8138,241,10.5532
03280700,aifs,13,-0.4424,0.0808,0.1269,1.2038,241,8.6554
03281100,aifs,13,-0.5361,0.0807,0.1172,1.2092,241,8.5544
03281500,aifs,13,-0.5323,0.0818,0.1169,1.2010,241,8.2700
03285000,aifs,13,-0.3569,-0.0142,0.0532,1.1029,241,10.5328
03291780,aifs,13,-0.0778,0.0578,0.1878,0.9664,241,10.7188
03300400,aifs,13,-0.2372,0.0145,0.1005,1.0146,241,10.7611
03340800,aifs,13,-0.1494,-0.0221,0.1088,0.9044,241,11.0592
03346000,aifs,13,-0.2455,0.0383,0.1156,1.0382,241,9.7196
03364500,aifs,13,-0.0439,-0.0694,0.1504,0.7680,241,13.4666
03366500,aifs,13,-0.0292,0.1143,0.2433,0.9739,241,10.2483
03368000,aifs,13,-0.0130,-0.0163,0.2052,0.7506,241,13.1352
03384450,aifs,13,-0.2869,0.0237,0.1186,1.2456,241,10.7398
03439000,aifs,13,-0.7686,-0.0035,0.0039,1.0232,241,10.5520
03450000,aifs,13,-0.4190,0.0909,0.1189,1.0187,241,7.7754
03455500,aifs,13,-0.7052,0.0881,0.0905,1.0106,241,9.4091
03456500,aifs,13,-0.5417,0.0721,0.0925,0.9035,241,8.4312
03460000,aifs,13,-0.3333,0.1330,0.1656,0.9725,241,8.2783
03463300,aifs,13,-0.3652,0.0521,0.1044,0.8777,241,9.2317
03471500,aifs,13,-0.4831,0.0523,0.0787,0.9951,241,7.4049
03473000,aifs,13,-0.4725,0.0480,0.0768,0.9806,241,7.6477
03479000,aifs,13,-0.6975,0.0722,0.0765,1.0275,241,7.8112
03488000,aifs,13,-0.5219,0.0190,0.0468,1.0350,241,7.6157
03498500,aifs,13,-0.2203,0.2043,0.2396,1.0195,241,8.4511
03500000,aifs,13,-0.8964,0.0466,0.0693,1.2065,241,10.1600
03504000,aifs,13,-0.5263,0.0756,0.0935,0.9553,241,10.7692
03574500,aifs,13,-0.2392,0.1096,0.1705,1.0831,241,10.2886
03604000,aifs,13,-0.2497,0.0965,0.1577,1.0708,241,10.8488
04015330,aifs,13,-0.3037,0.0538,0.1134,1.0632,241,7.4781
04024430,aifs,13,-0.6979,0.0220,0.0568,1.2333,241,6.5567
04027000,aifs,13,-0.6716,0.0076,0.1566,1.5218,241,5.8477
04040500,aifs,13,-0.4963,0.1239,0.1510,1.1707,241,6.4960
04043050,aifs,13,-0.7902,0.0373,0.0537,1.1669,241,6.4959
04045500,aifs,13,-1.0153,-0.1026,-0.0205,1.4164,241,7.2259
04056500,aifs,13,-0.9059,-0.0224,0.0568,1.3947,241,6.5560
04057510,aifs,13,-0.6634,-0.0213,0.0135,1.1965,241,7.1857
04057800,aifs,13,-0.5660,0.0833,0.1091,1.1689,241,6.7218
04059500,aifs,13,-0.6144,0.0470,0.0757,1.1842,241,6.5735
04063700,aifs,13,-0.6101,0.0459,0.1235,1.3633,241,6.0262
04074950,aifs,13,-0.4607,0.1030,0.1353,1.1608,241,6.3399
04105700,aifs,13,-0.3751,0.0036,0.0586,0.9829,241,8.4240
04115265,aifs,13,-0.3589,-0.0227,0.0419,0.9981,241,8.3506
04122200,aifs,13,-0.5138,-0.0683,-0.0230,1.0340,241,8.8339
04122500,aifs,13,-0.5574,-0.0419,-0.0077,1.0434,241,8.4337
04124000,aifs,13,-0.2348,-0.0488,0.0738,0.7902,241,9.5430
04127997,aifs,13,-0.3750,-0.0248,0.0406,0.9043,241,9.0535
04185000,aifs,13,-0.4469,0.0100,0.0533,0.9163,241,7.8883
04196800,aifs,13,-0.3947,0.0311,0.0776,0.9385,241,8.3161
04197100,aifs,13,-0.3130,-0.0132,0.0614,0.9367,241,9.0309
04197170,aifs,13,-0.3546,0.0359,0.0874,0.9966,241,8.3141
04213000,aifs,13,-0.6470,-0.0387,-0.0158,1.0482,241,8.2129
04213075,aifs,13,-0.4760,-0.0513,-0.0032,1.0223,241,8.7394
04216418,aifs,13,-0.3939,-0.1644,-0.0530,0.7631,241,8.7359
04221000,aifs,13,-0.4647,-0.0881,-0.0261,0.8951,241,7.5075
04224775,aifs,13,-0.3674,-0.1114,-0.0234,0.8904,241,8.0352
04256000,aifs,13,-0.8141,-0.1076,-0.0868,1.1105,241,8.1031
04296000,aifs,13,-0.8026,-0.1245,-0.0611,1.3273,241,8.3793
05057000,aifs,13,-1.1680,-0.1602,-0.0090,1.5705,241,5.4826
05057200,aifs,13,-1.4823,-0.2734,-0.0416,1.7177,241,5.4280
05062500,aifs,13,-0.7797,-0.1041,-0.0042,1.4376,241,5.8715
05087500,aifs,13,-0.4824,-0.1040,-0.0218,1.2536,241,6.4415
05120500,aifs,13,-1.1864,-0.1543,-0.0177,1.5419,241,5.9273
05123400,aifs,13,-0.5023,-0.0409,0.0080,1.1355,241,6.3923
05129115,aifs,13,-0.5528,-0.0222,0.0425,1.2812,241,5.9023
05131500,aifs,13,-0.6586,-0.0160,0.0437,1.3066,241,5.6314
05291000,aifs,13,-0.3363,-0.1286,0.0060,1.3306,241,7.9012
05362000,aifs,13,-0.3940,0.1144,0.1918,1.3223,241,6.0577
05393500,aifs,13,-0.3610,0.0885,0.1524,1.2394,241,6.5490
05399500,aifs,13,-0.1604,0.1159,0.1935,1.0172,241,7.6152
05408000,aifs,13,-0.1799,-0.0039,0.1093,0.9084,241,9.7424
05412500,aifs,13,-0.3804,-0.0141,0.0452,0.9437,241,8.8606
05413500,aifs,13,-0.3431,-0.0751,0.0082,0.9190,241,9.9535
05414000,aifs,13,-0.3334,-0.0556,0.0233,0.9649,241,9.7188
05444000,aifs,13,-0.3679,0.0135,0.0709,1.0891,241,8.4292
05454000,aifs,13,-0.3116,-0.1190,-0.0139,0.8783,241,9.8753
05458000,aifs,13,-0.2445,-0.0118,0.0826,0.9108,241,8.7760
05466500,aifs,13,-0.1693,-0.1713,0.0257,0.7028,241,11.3678
05487980,aifs,13,-0.2456,-0.1626,-0.0189,0.8138,241,10.0028
05488200,aifs,13,-0.1871,-0.2211,-0.0350,0.7742,241,11.8501
05489000,aifs,13,-0.1798,-0.1933,-0.0071,0.7566,241,10.9470
05495000,aifs,13,-0.2169,-0.0274,0.0817,0.8907,241,8.0507
05495500,aifs,13,-0.0823,0.0246,0.1743,0.8455,241,9.3150
05501000,aifs,13,-0.0923,-0.0412,0.1239,0.8833,241,10.4857
05503800,aifs,13,-0.1926,0.0287,0.1245,1.0298,241,8.5773
05507600,aifs,13,-0.4055,0.0523,0.1058,1.1856,241,7.8079
05508805,aifs,13,-0.4043,0.0741,0.1160,1.1339,241,7.6675
05514500,aifs,13,-0.3816,0.0541,0.1027,1.1220,241,8.3163
05525500,aifs,13,-0.4000,-0.0805,-0.0116,0.9785,241,9.6181
05556500,aifs,13,-0.2295,-0.0727,0.0519,0.8276,241,9.9583
05584500,aifs,13,-0.0956,-0.1199,0.0830,0.7824,241,11.8476
05585000,aifs,13,-0.1256,-0.0888,0.0816,0.8297,241,10.9791
05591550,aifs,13,-0.2371,0.0148,0.1013,1.0390,241,10.0906
05592050,aifs,13,-0.3322,0.0592,0.1273,1.2019,241,8.7628
05592575,aifs,13,-0.2487,-0.0135,0.0776,0.9599,241,10.8176
05593575,aifs,13,-0.2874,0.0778,0.1541,1.2182,241,9.3013
05593900,aifs,13,-0.3050,0.0002,0.0727,1.0494,241,10.0293
05595730,aifs,13,-0.3211,0.0962,0.1698,1.2568,241,8.9867
06037500,aifs,13,-0.4586,0.0001,0.0437,1.0861,241,4.6973
06043500,aifs,13,-0.5489,-0.0826,-0.0401,1.0360,241,4.7186
06154410,aifs,13,-0.5147,-0.0536,0.0036,0.8052,241,5.9847
06188000,aifs,13,-0.7834,-0.0167,0.0055,1.1773,241,4.0081
06191500,aifs,13,-0.7303,0.0046,0.0316,1.1958,241,4.0016
06221400,aifs,13,-0.7020,0.0985,0.1560,1.3168,241,3.8178
06224000,aifs,13,-0.5731,0.1162,0.1731,1.3053,241,3.8687
06289000,aifs,13,-1.0332,-0.0417,0.0336,1.3876,241,4.0603
06332515,aifs,13,-0.9756,-0.1232,0.0600,1.6141,241,4.7270
06339100,aifs,13,-2.0459,-0.3838,0.0121,1.8791,241,4.5636
06339500,aifs,13,-1.5599,-0.2326,-0.0141,1.6680,241,4.9578
06344600,aifs,13,-1.1669,-0.1505,-0.0032,1.5597,241,5.0690
06350000,aifs,13,-1.8403,-0.1967,-0.0114,1.5493,241,4.8740
06352000,aifs,13,-2.5611,-0.3675,-0.0080,1.7326,241,4.6892
06353000,aifs,13,-2.3714,-0.3598,-0.0285,1.7484,241,4.8939
06354000,aifs,13,-1.9725,-0.2693,-0.0379,1.6454,241,5.0037
06360500,aifs,13,-2.0515,-0.2905,0.0695,1.7615,241,4.4089
06404000,aifs,13,-0.7062,0.0031,0.1716,1.5545,241,4.3403
06406000,aifs,13,-0.7772,0.0201,0.1713,1.5213,241,4.0414
06408700,aifs,13,-1.1139,-0.0002,0.1019,1.4168,241,4.1989
06409000,aifs,13,-0.9803,0.0236,0.1397,1.4471,241,4.0005
06431500,aifs,13,-1.0096,0.0032,0.0896,1.3977,241,4.5777
06440200,aifs,13,-0.3903,0.1206,0.1721,1.2324,241,5.0074
06441500,aifs,13,-0.6945,0.1117,0.1672,1.3090,241,4.5274
06447000,aifs,13,-0.3891,0.1281,0.1666,1.1709,241,3.9086
06447500,aifs,13,-0.3900,0.0988,0.1456,1.1877,241,4.5005
06450500,aifs,13,-0.1879,0.1592,0.2165,1.0579,241,4.9443
06452000,aifs,13,-0.3052,0.1765,0.2129,1.1393,241,4.0723
06453600,aifs,13,-0.2400,0.0123,0.0986,1.0398,241,5.9703
06464500,aifs,13,-0.0858,0.0438,0.1767,0.9347,241,6.4235
06477500,aifs,13,-0.5159,-0.0151,0.0492,1.2655,241,6.1313
06479215,aifs,13,-0.3306,-0.1513,0.0013,1.3778,241,8.0630
06479438,aifs,13,-0.3571,-0.1399,0.0132,1.4095,241,7.5625
06601000,aifs,13,-0.3646,-0.0876,-0.0091,1.0198,241,8.7238
06614800,aifs,13,-0.0900,-0.0074,0.1486,0.8676,241,5.5960
06622700,aifs,13,-0.2061,0.1327,0.1925,0.9656,241,3.9066
06623800,aifs,13,-0.2947,0.1110,0.1596,1.0895,241,4.3489
06632400,aifs,13,-0.1752,0.1308,0.1999,1.0440,241,4.1948
06784000,aifs,13,-0.2841,0.0505,0.1139,0.9893,241,6.2041
06803510,aifs,13,-0.2094,0.0294,0.1192,0.9985,241,9.0500
06803530,aifs,13,-0.3405,0.0450,0.1009,1.0948,241,8.1746
06814000,aifs,13,-0.2681,0.0280,0.1050,1.0930,241,8.5700
06846500,aifs,13,-0.3351,0.1045,0.1444,1.0507,241,4.8030
06847900,aifs,13,-0.3545,0.0413,0.0932,1.0640,241,5.8713
06853800,aifs,13,-0.1155,0.2206,0.2881,1.1664,241,5.6660
06876700,aifs,13,-0.0773,-0.0838,0.1133,0.8050,241,10.2785
06878000,aifs,13,-0.1836,-0.0071,0.1027,0.9771,241,8.6977
06879650,aifs,13,-0.1947,-0.1152,0.0389,0.7889,241,10.4973
06885500,aifs,13,-0.1373,0.0344,0.1503,0.9156,241,9.4121
06888500,aifs,13,-0.1938,-0.1319,0.0198,0.8395,241,10.9390
06889200,aifs,13,-0.1806,0.0003,0.1092,0.9644,241,9.8211
06889500,aifs,13,-0.2093,-0.0052,0.0953,0.9753,241,9.6034
06892000,aifs,13,-0.2135,-0.0408,0.0697,0.9456,241,10.1834
06903400,aifs,13,-0.2057,-0.1710,-0.0090,0.8039,241,10.3604
06906800,aifs,13,-0.1511,-0.0582,0.1047,0.7524,241,11.6061
06910800,aifs,13,-0.1844,-0.1188,0.0353,0.8235,241,10.3886
06911900,aifs,13,-0.1602,-0.1235,0.0474,0.7877,241,10.8701
06917000,aifs,13,-0.1514,-0.0675,0.0997,0.7397,241,11.7636
06918460,aifs,13,-0.3125,-0.1041,-0.0062,0.9234,241,11.4306
06919500,aifs,13,-0.3421,-0.0537,0.0255,0.9080,241,11.0126
06921070,aifs,13,-0.2171,-0.1286,0.0199,0.7949,241,12.5436
06921200,aifs,13,-0.2201,-0.1480,-0.0003,0.8249,241,13.3324
06934000,aifs,13,-0.3424,-0.0538,0.0224,1.0303,241,10.0318
07014500,aifs,13,-0.2053,-0.1526,-0.0055,0.8968,241,12.7199
07056000,aifs,13,-0.3572,0.0287,0.0875,1.1207,241,10.6726
07057500,aifs,13,-0.3854,0.0004,0.0720,1.2068,241,9.7980
07060710,aifs,13,-0.2941,0.0116,0.0979,1.1932,241,11.4440
07066000,aifs,13,-0.3586,-0.0066,0.0760,1.2297,241,9.6471
07067000,aifs,13,-0.4637,-0.0009,0.0717,1.2754,241,8.8592
07068000,aifs,13,-0.5308,0.0151,0.0930,1.3352,241,8.5101
07071500,aifs,13,-0.4812,0.0331,0.1115,1.3251,241,9.0023
07083000,aifs,13,-0.6259,-0.0396,0.0623,1.4163,241,3.6758
07142300,aifs,13,-0.4156,-0.0393,0.0285,1.1690,241,6.2418
07145700,aifs,13,-0.1762,-0.2120,-0.0261,0.7868,241,12.5730
07148400,aifs,13,-0.5958,0.1027,0.1454,1.2632,241,5.6134
07149000,aifs,13,-0.7222,0.0542,0.1068,1.3078,241,5.5183
07151500,aifs,13,-0.2955,-0.0920,0.0058,0.9700,241,8.9246
07167500,aifs,13,-0.2968,-0.0620,0.0296,0.9285,241,8.9905
07180500,aifs,13,-0.2247,-0.0955,0.0291,0.8994,241,8.9141
07184000,aifs,13,-0.2017,-0.1727,-0.0124,0.8274,241,14.3569
07195800,aifs,13,-0.3167,-0.0885,0.0052,1.0903,241,12.5997
07196900,aifs,13,-0.4453,-0.0319,0.0419,1.2451,241,11.7118
07197000,aifs,13,-0.4722,-0.0161,0.0375,1.1713,241,11.3690
07208500,aifs,13,-0.7212,-0.0138,0.0438,1.3157,241,3.3948
07226500,aifs,13,-0.5653,0.1373,0.1730,1.2382,241,3.0692
07261000,aifs,13,-0.5034,0.0709,0.1361,1.3064,241,11.0395
07263295,aifs,13,-0.4334,0.0832,0.1643,1.3374,241,11.0720
07290650,aifs,13,-0.2019,-0.0165,0.0993,0.8449,241,10.4951
07291000,aifs,13,-0.1409,0.0180,0.1473,0.8287,241,10.3565
07292500,aifs,13,-0.1471,0.0140,0.1436,0.8197,241,10.4633
07295000,aifs,13,-0.1247,-0.0126,0.1323,0.8369,241,11.7216
07299670,aifs,13,-0.4729,0.0138,0.0930,1.3191,241,5.5242
07301410,aifs,13,-0.1944,-0.0285,0.0963,1.1862,241,6.1085
07301500,aifs,13,-0.6504,0.0043,0.1246,1.4687,241,4.1574
07315200,aifs,13,-0.4112,-0.0034,0.0472,1.0515,241,8.0358
07315700,aifs,13,-0.7548,-0.0517,0.0267,1.3821,241,7.8567
07335700,aifs,13,-0.2838,0.0012,0.0788,0.9532,241,12.3949
07340300,aifs,13,-0.5788,0.0740,0.1017,1.1800,241,10.4331
07346045,aifs,13,-0.8829,0.0292,0.1106,1.3866,241,9.8992
07359610,aifs,13,-0.1656,0.1774,0.2332,1.0023,241,11.1293
07362100,aifs,13,-1.0007,-0.0573,0.1181,1.5742,241,9.9945
07362587,aifs,13,-0.2395,0.1496,0.2066,1.1528,241,11.5131
07373000,aifs,13,-0.3445,-0.0206,0.0468,1.0141,241,10.5358
07375000,aifs,13,-0.1231,-0.0684,0.1006,0.8029,241,14.3885
07376000,aifs,13,-0.1541,-0.0639,0.0876,0.8200,241,12.7769
08013000,aifs,13,-0.2934,-0.0739,0.0219,0.9226,241,11.5585
08014500,aifs,13,-0.3403,-0.0965,-0.0069,0.9107,241,11.4254
08023080,aifs,13,-0.4613,0.0190,0.0672,1.1685,241,11.2234
08025500,aifs,13,-0.2506,-0.0516,0.0521,0.9062,241,12.4840
08029500,aifs,13,-0.2594,-0.0715,0.0383,0.8672,241,12.9600
08050800,aifs,13,-0.3749,-0.0714,0.0010,0.9790,241,11.1967
08066200,aifs,13,-0.2744,-0.1184,0.0100,0.7796,241,15.8404
08066300,aifs,13,-0.1478,-0.1557,0.0272,0.8002,241,18.9583
08070000,aifs,13,-0.4684,0.1350,0.1497,1.0531,241,10.9657
08070200,aifs,13,-0.4485,0.1240,0.1416,1.0187,241,11.1457
08079600,aifs,13,-0.4987,0.1020,0.1577,1.2856,241,3.6952
08082700,aifs,13,-0.5270,-0.0838,0.0169,1.3722,241,6.6018
08086212,aifs,13,-0.3485,-0.0022,0.0627,1.0862,241,7.1576
08086290,aifs,13,-0.3759,0.0162,0.0746,1.1258,241,7.1948
08101000,aifs,13,-0.8298,0.0551,0.1059,1.3050,241,8.2909
08103900,aifs,13,-0.1962,0.2057,0.2461,0.9629,241,10.1327
08104900,aifs,13,-0.2610,0.1073,0.1627,0.9304,241,11.7728
08109700,aifs,13,-0.4089,0.0723,0.1129,1.1294,241,12.5639
08150800,aifs,13,-0.2079,-0.1237,0.0385,0.7228,241,11.6567
08155200,aifs,13,-0.6564,0.0493,0.0817,1.2215,241,10.6346
08158700,aifs,13,-0.7405,0.0406,0.0705,1.2271,241,10.2367
08158810,aifs,13,-0.8051,0.0794,0.1064,1.2213,241,9.9167
08164000,aifs,13,-0.5551,0.1782,0.2216,1.2636,241,9.2238
08164300,aifs,13,-0.3804,0.1281,0.1596,1.1111,241,11.2980
08164600,aifs,13,-0.3681,0.2429,0.2871,1.2504,241,8.7191
08165300,aifs,13,-0.2184,-0.0410,0.0757,0.8453,241,10.5002
08171300,aifs,13,-0.5993,0.0176,0.0465,1.1540,241,10.6269
08175000,aifs,13,-0.4076,0.1617,0.1816,1.0947,241,10.2973
08176900,aifs,13,-0.6433,0.1433,0.1955,1.2942,241,8.8162
08178880,aifs,13,-0.2490,-0.0773,0.0345,0.8957,241,11.8843
08189500,aifs,13,-0.2906,0.2291,0.2652,1.1887,241,8.3785
08190000,aifs,13,-0.0850,-0.2160,0.0438,0.6656,241,14.9968
08190500,aifs,13,-0.0581,-0.2047,0.0694,0.6721,241,14.1483
08194200,aifs,13,0.0975,0.0414,0.3280,0.6958,241,8.2297
08195000,aifs,13,-0.1502,-0.1728,0.0205,0.7546,241,13.9350
08196000,aifs,13,-0.1050,-0.1917,0.0345,0.7337,241,15.6385
08198500,aifs,13,-0.1796,-0.1443,0.0246,0.7775,241,13.5978
08200000,aifs,13,-0.2278,-0.1370,0.0015,0.8511,241,13.3464
08202700,aifs,13,-0.1756,-0.1537,0.0199,0.7738,241,13.9972
08267500,aifs,13,-0.2253,-0.0774,0.0474,0.8460,241,4.1932
08269000,aifs,13,-0.4745,-0.0182,0.0272,1.0975,241,3.4097
08271000,aifs,13,-0.2167,-0.1008,0.0396,0.8003,241,4.3510
08324000,aifs,13,-0.6140,0.0039,0.0307,1.1330,241,2.9297
08377900,aifs,13,-0.2065,0.1139,0.1794,1.0377,241,4.1048
08378500,aifs,13,-0.3658,0.0902,0.1319,1.1067,241,3.8308
08380500,aifs,13,-0.4658,0.0771,0.1072,1.1141,241,3.6950
09034900,aifs,13,-0.2503,0.0143,0.0975,0.9511,241,4.4100
09035900,aifs,13,-0.5039,0.0737,0.1093,1.1806,241,3.5740
09047700,aifs,13,-0.4518,0.1135,0.1638,1.2496,241,3.3326
09065500,aifs,13,-0.4365,0.0873,0.1320,1.1970,241,3.5654
09066000,aifs,13,-0.6758,0.0530,0.1417,1.3969,241,3.2816
09066200,aifs,13,-0.3653,0.0886,0.1381,1.1628,241,3.6799
09066300,aifs,13,-0.3775,0.0996,0.1475,1.1800,241,3.5971
09081600,aifs,13,-0.2445,0.0373,0.1395,1.2458,241,4.8424
09107000,aifs,13,-0.8731,-0.1818,0.0733,1.7321,241,3.3641
09210500,aifs,13,-0.7137,0.0236,0.0488,1.1911,241,3.0409
09223000,aifs,13,-0.6628,-0.0102,0.0215,1.1864,241,3.6743
09306242,aifs,13,-0.6134,0.0060,0.0614,1.2861,241,3.5783
09312600,aifs,13,-0.2284,0.0772,0.1568,1.1499,241,3.4276
09352900,aifs,13,-0.1961,0.0631,0.1467,1.0051,241,4.8155
09378170,aifs,13,-0.0647,-0.0095,0.1994,0.6491,241,3.5899
09378630,aifs,13,-0.0586,-0.0353,0.1929,0.6261,241,3.7669
09386900,aifs,13,-0.3814,0.0843,0.1223,1.0787,241,2.6666
09404450,aifs,13,-0.2896,0.2049,0.2361,1.1302,241,3.3244
09430500,aifs,13,-0.4459,0.2307,0.2331,0.9995,241,2.7511
09430600,aifs,13,-0.3646,0.1951,0.2148,0.8999,241,3.4926
09447800,aifs,13,-1.0178,0.1162,0.1505,1.1771,241,2.3338
09480000,aifs,13,-0.2460,0.0880,0.1625,0.8327,241,3.9229
09484000,aifs,13,-0.2195,0.2256,0.2554,1.0242,241,3.6749
09484600,aifs,13,-0.2720,0.1691,0.2083,0.9003,241,3.3659
09492400,aifs,13,-0.0175,0.1113,0.2773,0.7270,241,4.7718
09494000,aifs,13,-0.1712,0.2231,0.2689,0.8932,241,3.6583
09497800,aifs,13,-0.3462,0.2526,0.2591,1.0081,241,3.4955
09497980,aifs,13,-0.1475,0.3114,0.3354,0.9093,241,3.7991
09505200,aifs,13,-0.0415,0.4522,0.4678,1.1279,241,3.1469
09505350,aifs,13,-0.0489,0.4302,0.4429,1.1012,241,3.2815
09505800,aifs,13,0.0150,0.4739,0.4900,1.1234,241,3.2484
09508300,aifs,13,-0.0161,0.4868,0.4871,1.0131,241,3.0683
09510200,aifs,13,-0.0865,0.3523,0.3728,1.0546,241,3.2135
09512280,aifs,13,-0.2150,0.2311,0.3548,1.4126,241,3.0491
09513780,aifs,13,-0.3392,0.2274,0.3241,1.3739,241,2.9869
10023000,aifs,13,-0.3004,-0.0041,0.0699,1.0183,241,4.0818
10166430,aifs,13,-0.1660,-0.0323,0.1198,0.7335,241,3.8517
10172700,aifs,13,-0.1092,0.1188,0.2156,0.9092,241,2.8678
10172800,aifs,13,-0.1215,-0.0666,0.1347,0.6526,241,3.8606
10173450,aifs,13,-0.1387,0.1956,0.2530,0.9715,241,3.8128
10205030,aifs,13,-0.1570,0.0719,0.1672,0.9308,241,3.2603
10234500,aifs,13,-0.1258,0.1420,0.2233,0.9338,241,3.6749
10242000,aifs,13,-0.0773,0.1846,0.2694,0.8921,241,3.9088
10244950,aifs,13,-0.2702,0.0868,0.1473,1.0928,241,3.2090
10249300,aifs,13,-0.2028,0.1756,0.2237,0.9549,241,2.4722
10258000,aifs,13,-0.0882,0.1762,0.3503,1.4668,241,3.7089
10258500,aifs,13,-0.6861,-0.3692,0.3666,2.1871,241,2.3564
10259000,aifs,13,-0.1614,0.1667,0.3156,1.4410,241,2.9626
10259200,aifs,13,-0.6378,-0.5186,0.3933,2.3679,241,2.5599
10263500,aifs,13,-0.1346,0.1393,0.2234,0.8705,241,6.2324
10310500,aifs,13,-0.4595,0.2704,0.2914,1.1716,241,4.3774
10316500,aifs,13,-0.2067,-0.1763,0.0295,0.6102,241,4.0691
10329500,aifs,13,-0.2268,-0.1894,-0.0027,0.6546,241,3.6143
10336645,aifs,13,-0.2092,0.2427,0.2697,0.9813,241,9.0038
10336660,aifs,13,-0.1228,0.2360,0.2884,0.8984,241,9.4472
10343500,aifs,13,-0.3098,0.2600,0.2689,1.0196,241,6.1618
10348850,aifs,13,0.0820,0.0302,0.3316,0.5534,241,8.7025
10396000,aifs,13,-0.1978,-0.1911,0.0370,0.5615,241,3.6661
11098000,aifs,13,-0.0056,0.1129,0.2842,0.6957,241,8.1739
11124500,aifs,13,-0.0531,0.1430,0.2545,0.8719,241,7.0950
11141280,aifs,13,0.0350,0.2162,0.3545,0.7244,241,6.1763
11143000,aifs,13,0.1407,-0.1438,0.4345,0.3168,241,9.3571
11148900,aifs,13,0.2145,0.1913,0.4762,0.5821,241,4.8282
11151300,aifs,13,0.1365,0.3020,0.4412,0.7347,241,3.4651
11162500,aifs,13,0.1326,-0.0240,0.3877,0.4621,241,5.8925
11176400,aifs,13,0.0983,0.2259,0.3891,0.7277,241,3.2059
11180500,aifs,13,-0.0066,0.0976,0.2768,0.6919,241,3.8152
11180960,aifs,13,0.0043,-0.0329,0.2454,0.5477,241,4.5555
11224500,aifs,13,0.0808,0.2993,0.4159,0.7379,241,3.1133
11253310,aifs,13,0.0706,0.3204,0.4165,0.7747,241,2.5516
11264500,aifs,13,-0.7902,0.1354,0.2709,1.4227,241,6.3355
11266500,aifs,13,-0.6443,0.1837,0.2740,1.3546,241,6.5423
11274500,aifs,13,0.1634,0.2343,0.4421,0.6567,241,2.9491
11274630,aifs,13,0.1347,0.2782,0.4277,0.7472,241,2.7275
11284400,aifs,13,-0.0432,0.3512,0.3795,0.9750,241,5.1655
11299600,aifs,13,-0.0019,0.3492,0.3910,0.9225,241,4.9458
11381500,aifs,13,-0.0912,-0.0916,0.1373,0.6145,241,9.4298
11383500,aifs,13,-0.0900,-0.0934,0.1401,0.6015,241,9.5694
11451100,aifs,13,0.0040,0.0613,0.2890,0.5832,241,5.1602
11468500,aifs,13,-0.0457,0.0663,0.2424,0.6815,241,6.8156
11473900,aifs,13,-0.0531,-0.0270,0.1970,0.6192,241,7.0338
11475560,aifs,13,-0.0093,-0.2353,0.1731,0.3924,241,13.0883
11476600,aifs,13,-0.1328,0.0358,0.1733,0.7494,241,7.8055
11478500,aifs,13,-0.2103,-0.0077,0.1177,0.7440,241,8.0936
11480390,aifs,13,-0.1397,-0.0166,0.1405,0.7229,241,7.3943
11481200,aifs,13,-0.1581,0.0864,0.1848,0.8375,241,8.5355
11482500,aifs,13,-0.1147,0.0571,0.1930,0.7580,241,9.3818
11522500,aifs,13,-0.3074,0.0951,0.1424,0.9551,241,6.8137
11523200,aifs,13,-0.1640,-0.0932,0.1021,0.6236,241,7.0818
11528700,aifs,13,-0.1661,0.0038,0.1427,0.7335,241,6.5211
11532500,aifs,13,-0.1147,0.1198,0.2220,0.8331,241,11.6512
12010000,aifs,13,-0.2968,0.1316,0.1834,0.8378,241,12.9626
12013500,aifs,13,-0.5303,0.1676,0.1715,1.0090,241,11.0427
12020000,aifs,13,-0.7681,0.1334,0.1419,1.1172,241,9.9387
12025000,aifs,13,-0.5966,0.1645,0.1693,1.0786,241,9.0932
12025700,aifs,13,-0.9007,0.0966,0.1959,1.3833,241,8.9360
12035000,aifs,13,-0.3899,0.2016,0.2144,0.9336,241,13.0181
12040500,aifs,13,-0.4879,0.1789,0.1866,0.9343,241,15.5075
12041200,aifs,13,-0.3938,0.1280,0.1622,0.8552,241,16.4925
12043000,aifs,13,-0.4038,0.1351,0.1626,0.8853,241,13.0323
12048000,aifs,13,-1.4521,-0.2053,0.0807,1.7404,241,8.1847
12054000,aifs,13,-0.5351,0.0827,0.1099,1.1601,241,11.0473
12056500,aifs,13,-0.4491,0.1792,0.1895,1.0615,241,14.2459
12073500,aifs,13,-0.6653,0.0976,0.1276,1.2247,241,7.3231
12082500,aifs,13,-0.4862,0.2702,0.3112,1.2314,241,11.6495
12092000,aifs,13,-0.3818,0.2796,0.2991,1.1654,241,11.3360
12095000,aifs,13,-0.6453,0.1872,0.3005,1.3896,241,9.4545
12114500,aifs,13,-0.0636,0.2850,0.3393,0.8719,241,11.8754
12115000,aifs,13,-0.0558,0.2952,0.3469,0.8804,241,11.7708
12115500,aifs,13,-0.0361,0.3200,0.3638,0.9222,241,11.6988
12117000,aifs,13,-0.0506,0.3224,0.3628,0.9109,241,11.6575
12141300,aifs,13,-0.0261,0.3030,0.3659,0.8400,241,13.4966
12143600,aifs,13,-0.0398,0.3287,0.3697,0.9083,241,12.7625
12144000,aifs,13,-0.0686,0.3451,0.3711,0.9491,241,12.1133
12145500,aifs,13,-0.1141,0.3476,0.3637,0.9675,241,9.7591
12147600,aifs,13,0.0412,0.2552,0.3758,0.7605,241,15.9846
12167000,aifs,13,-0.2952,0.2450,0.2608,1.0686,241,12.7542
12175500,aifs,13,-0.7033,0.1940,0.2440,1.2568,241,10.2774
12186000,aifs,13,-0.2668,0.3200,0.3235,1.0172,241,13.0739
12189500,aifs,13,-0.4934,0.2750,0.2984,1.1737,241,11.9510
12358500,aifs,13,-0.3509,0.0426,0.1041,0.8447,241,8.0179
12377150,aifs,13,-0.2854,-0.0731,0.0765,0.6495,241,7.3981
12381400,aifs,13,-0.3197,-0.0334,0.0814,0.7046,241,6.8857
12390700,aifs,13,-0.6413,0.1369,0.1553,1.1738,241,5.8879
12411000,aifs,13,-0.6828,0.1263,0.1585,1.2349,241,6.8983
12414500,aifs,13,-0.5182,0.1655,0.1765,1.1057,241,6.9168
12447390,aifs,13,-1.9543,-0.5364,0.1022,2.1680,241,4.7505
12451000,aifs,13,-1.6842,-0.1422,0.2326,1.6684,241,9.1312
12488500,aifs,13,-0.3452,0.2863,0.3114,1.1855,241,9.3439
13011500,aifs,13,-0.6849,0.0100,0.0639,1.2992,241,4.7257
13011900,aifs,13,-0.5434,0.0617,0.0970,1.1931,241,4.3543
13018300,aifs,13,-0.6269,0.0067,0.0570,1.2684,241,4.6986
13023000,aifs,13,-0.8925,-0.0158,0.0232,1.2754,241,4.1673
13161500,aifs,13,-0.8076,-0.0884,-0.0148,1.3732,241,2.8523
13235000,aifs,13,-0.3741,0.0873,0.1266,0.9120,241,5.1195
13240000,aifs,13,-0.3488,-0.0063,0.0821,0.7549,241,6.6154
13310700,aifs,13,-0.5811,0.0779,0.0898,0.9611,241,5.4795
13313000,aifs,13,-0.3465,-0.0050,0.0834,0.7563,241,6.0526
13331500,aifs,13,-0.2506,0.0969,0.1644,0.8588,241,5.5969
13337000,aifs,13,-0.3181,0.1760,0.2040,0.9199,241,6.8329
13338500,aifs,13,-0.5725,0.1191,0.1434,1.1843,241,5.7120
13340000,aifs,13,-0.4147,0.1528,0.1691,0.9916,241,5.9779
13340600,aifs,13,-0.2833,0.1735,0.2079,0.9191,241,7.5937
14020000,aifs,13,-0.1619,0.0934,0.1869,0.8530,241,5.2149
14092750,aifs,13,-1.0223,0.1463,0.1935,1.1728,241,8.0846
14096850,aifs,13,-1.3381,-0.0232,0.1073,1.4265,241,5.4135
14137000,aifs,13,-0.7030,0.1551,0.1568,1.0531,241,11.1967
14138800,aifs,13,-0.3750,0.1141,0.1569,0.8332,241,13.6981
14138870,aifs,13,-0.3696,0.1460,0.1763,0.8828,241,14.1561
14138900,aifs,13,-0.2335,0.0827,0.1770,0.7512,241,15.9396
14139800,aifs,13,-0.3910,0.1536,0.1822,0.8629,241,13.8681
14141500,aifs,13,-0.5835,0.1780,0.1788,1.0074,241,12.6551
14154500,aifs,13,-0.9865,0.1451,0.2483,1.3111,241,7.8946
14158500,aifs,13,-0.8814,0.2096,0.2549,1.1366,241,9.7554
14158790,aifs,13,-0.3689,0.2450,0.2608,0.8693,241,10.6385
14166500,aifs,13,-0.8215,0.1070,0.1640,1.3039,241,8.6559
14182500,aifs,13,-1.0899,0.1194,0.2072,1.2777,241,11.7393
14185000,aifs,13,-1.2885,0.0792,0.2385,1.3434,241,10.8774
14185900,aifs,13,-0.9225,0.1802,0.2237,1.1632,241,11.9815
14187000,aifs,13,-1.0452,0.1420,0.2213,1.2482,241,10.7109
14216500,aifs,13,-0.6914,0.2028,0.2299,1.1856,241,12.1090
14222500,aifs,13,-0.2005,0.1159,0.1974,0.8110,241,16.3379
14236200,aifs,13,-0.5091,0.2203,0.2350,1.1501,241,10.5606
14301000,aifs,13,-0.4606,0.0825,0.1067,0.9654,241,10.8057
14303200,aifs,13,-0.3295,0.0133,0.0923,0.8004,241,13.4048
14305500,aifs,13,-0.2946,0.0249,0.1142,0.7727,241,15.6669
14306340,aifs,13,-0.7047,0.1559,0.1622,1.1017,241,9.2597
14306500,aifs,13,-0.7699,0.1345,0.1454,1.1326,241,10.1770
14308990,aifs,13,-0.5796,0.1655,0.2183,1.2923,241,5.6494
14309500,aifs,13,-0.3338,0.1803,0.2018,1.0077,241,7.7745
14316700,aifs,13,-0.9690,0.1583,0.2594,1.2960,241,7.4544
14325000,aifs,13,-0.3749,0.1132,0.1465,0.9142,241,9.8477
14362250,aifs,13,-0.5418,0.0556,0.1254,1.3300,241,5.1673
14400000,aifs,13,-0.2640,0.0817,0.1517,0.8441,241,12.7111
01013500,aifs,14,-0.6614,-0.0103,0.0276,1.2185,241,7.1011
01022500,aifs,14,-0.6158,0.0479,0.0788,1.1975,241,8.0138
01030500,aifs,14,-0.6946,0.0652,0.0873,1.1855,241,7.0486
01031500,aifs,14,-0.6255,-0.0010,0.0368,1.2070,241,7.2501
01047000,aifs,14,-0.4494,0.0171,0.0619,1.1220,241,7.3636
01052500,aifs,14,-0.3783,0.0725,0.1329,1.2174,241,6.5322
01054200,aifs,14,-0.3421,0.0116,0.0717,1.0133,241,8.3663
01055000,aifs,14,-0.4087,0.0536,0.0924,1.0563,241,6.8053
01057000,aifs,14,-0.3975,0.0782,0.1138,1.0614,241,7.1406
01073000,aifs,14,-0.6883,-0.0033,0.0304,1.2137,241,7.8548
01078000,aifs,14,-0.4942,0.0403,0.0735,1.1163,241,7.6683
01118300,aifs,14,-0.1642,-0.0583,0.0926,0.7815,241,12.4200
01121000,aifs,14,-0.3591,0.0132,0.0762,0.8722,241,9.5941
01123000,aifs,14,-0.3408,-0.0045,0.0701,0.8433,241,10.0183
01134500,aifs,14,-0.2177,0.0994,0.1662,1.0318,241,7.1629
01137500,aifs,14,-0.3943,0.0237,0.0750,1.1041,241,7.6889
01139000,aifs,14,-0.3459,0.0513,0.1235,1.2265,241,7.1707
01139800,aifs,14,-0.2064,0.0969,0.1671,1.0084,241,7.5866
01142500,aifs,14,-0.3732,0.1051,0.1565,1.2018,241,6.7429
01144000,aifs,14,-0.3334,0.0896,0.1333,1.0483,241,7.1627
01169000,aifs,14,-0.6572,0.0029,0.0310,1.1711,241,8.9154
01170100,aifs,14,-0.6922,-0.0003,0.0330,1.2149,241,8.7821
01181000,aifs,14,-0.5179,0.0571,0.0795,1.0558,241,9.2915
01187300,aifs,14,-0.6278,0.0921,0.1226,1.2186,241,8.4156
01195100,aifs,14,-0.2599,-0.0124,0.0904,0.8019,241,10.7576
01333000,aifs,14,-0.6497,-0.0281,0.0131,1.2192,241,8.9640
01350000,aifs,14,-0.2897,-0.0409,0.0452,0.9986,241,11.4379
01350080,aifs,14,-0.4519,-0.0083,0.0388,1.0965,241,9.4803
01350140,aifs,14,-0.4447,-0.0001,0.0432,1.0374,241,8.9577
01365000,aifs,14,-0.4503,0.0502,0.0880,1.1194,241,10.0972
01411300,aifs,14,-0.2542,-0.1003,0.0165,0.8871,241,12.0432
01413500,aifs,14,-0.3130,-0.0391,0.0427,0.9238,241,10.9082
01414500,aifs,14,-0.3084,-0.0370,0.0433,1.0194,241,11.5924
01415000,aifs,14,-0.4289,-0.0179,0.0316,0.9793,241,9.3691
01423000,aifs,14,-0.3732,0.0068,0.0635,0.9291,241,9.0848
01434025,aifs,14,-0.2876,-0.0257,0.0589,0.9321,241,12.1273
01435000,aifs,14,-0.3150,0.0001,0.0693,0.9895,241,11.5406
01439500,aifs,14,-0.3970,0.1336,0.1571,0.9485,241,8.9823
01440000,aifs,14,-0.4095,0.1130,0.1380,0.9707,241,9.5501
01440400,aifs,14,-0.2812,0.1066,0.1668,0.8439,241,9.5057
01451800,aifs,14,-0.5113,0.1496,0.1593,1.0675,241,8.3782
01466500,aifs,14,-0.6786,0.0582,0.0676,1.0789,241,9.2839
01484100,aifs,14,-0.4157,-0.0381,0.0201,1.0701,241,9.2422
01485500,aifs,14,-0.2753,-0.1313,-0.0101,0.8530,241,10.5782
01486000,aifs,14,-0.2940,-0.1551,-0.0376,0.8887,241,10.9473
01487000,aifs,14,-0.3629,-0.0636,0.0102,1.0388,241,9.6229
01491000,aifs,14,-0.6294,0.0109,0.0506,1.2273,241,7.8801
01510000,aifs,14,-0.3218,0.0448,0.1014,0.9714,241,8.3526
01516500,aifs,14,-0.4662,0.0856,0.1085,0.9661,241,6.8884
01518862,aifs,14,-0.3541,0.0293,0.0878,0.8910,241,7.1228
01532000,aifs,14,-0.3404,0.0366,0.0918,0.9517,241,8.0527
01539000,aifs,14,-0.4309,0.0436,0.0812,0.9376,241,8.6515
01542810,aifs,14,-0.4142,0.0302,0.0732,0.9436,241,7.7819
01543000,aifs,14,-0.4328,0.0528,0.0880,0.9425,241,7.5791
01543500,aifs,14,-0.4176,0.0137,0.0622,0.9063,241,8.1196
01544500,aifs,14,-0.4385,0.0660,0.0961,0.9855,241,7.4988
01545600,aifs,14,-0.4128,0.0767,0.1089,1.0302,241,7.6481
01547700,aifs,14,-0.1972,-0.1015,0.0358,0.8867,241,11.7115
01548500,aifs,14,-0.4649,0.0684,0.0947,0.9658,241,7.0994
01549500,aifs,14,-0.4225,0.0700,0.1021,1.0313,241,7.8117
01550000,aifs,14,-0.3527,0.0334,0.0859,0.9928,241,8.4949
01552000,aifs,14,-0.2935,-0.0079,0.0712,0.9205,241,9.4816
01552500,aifs,14,-0.4213,0.0621,0.0963,0.9595,241,8.3364
01557500,aifs,14,-0.2954,-0.1174,0.0025,0.7994,241,10.7162
01567500,aifs,14,-0.4150,-0.0402,0.0189,0.9242,241,9.2449
01568000,aifs,14,-0.4788,0.0155,0.0513,0.9374,241,8.3648
01580000,aifs,14,-0.7362,-0.0206,-0.0081,1.0512,241,8.1762
01583500,aifs,14,-0.7059,-0.0158,0.0029,1.1124,241,8.0489
01586610,aifs,14,-0.6998,-0.0448,-0.0249,1.0744,241,8.1306
01591400,aifs,14,-0.4191,-0.0995,-0.0214,0.8475,241,9.6544
01596500,aifs,14,-0.4048,-0.0192,0.0352,1.0254,241,8.6507
01605500,aifs,14,-0.4940,-0.0538,-0.0080,1.0333,241,8.1352
01606500,aifs,14,-0.5488,-0.0503,-0.0139,1.0218,241,7.7157
01613050,aifs,14,-0.5913,-0.0679,-0.0328,0.9342,241,8.3204
01620500,aifs,14,-0.6972,-0.0664,-0.0335,1.1697,241,7.3435
01632000,aifs,14,-0.4342,-0.1580,-0.0475,0.7160,241,8.5232
01632900,aifs,14,-0.4503,-0.1362,-0.0461,0.7747,241,8.2715
01634500,aifs,14,-0.4590,-0.1386,-0.0535,0.7958,241,8.3792
01638480,aifs,14,-0.5208,-0.0941,-0.0407,0.8911,241,8.4593
01639500,aifs,14,-0.7175,-0.0365,-0.0200,1.0636,241,8.0344
01644000,aifs,14,-0.5740,-0.1016,-0.0502,0.8458,241,8.0883
01658500,aifs,14,-0.4763,-0.1139,-0.0448,0.8514,241,8.7925
01664000,aifs,14,-0.5329,-0.1550,-0.0742,0.7602,241,8.5018
01666500,aifs,14,-0.5279,-0.1419,-0.0682,0.7910,241,8.4572
01667500,aifs,14,-0.5702,-0.1230,-0.0645,0.8237,241,8.1933
01669000,aifs,14,-0.3909,-0.0982,-0.0233,0.9735,241,9.5418
01669520,aifs,14,-0.3898,-0.1041,-0.0277,0.9766,241,9.4823
02011400,aifs,14,-0.8023,-0.0740,-0.0533,1.1380,241,8.0230
02011460,aifs,14,-0.7309,-0.0797,-0.0471,1.1773,241,8.3497
02013000,aifs,14,-0.6903,-0.0566,-0.0317,1.1061,241,8.1477
02014000,aifs,14,-0.8088,-0.0433,-0.0231,1.1595,241,7.5411
02015700,aifs,14,-0.6893,-0.0947,-0.0489,1.2207,241,7.9786
02016000,aifs,14,-0.9068,-0.0751,-0.0450,1.2332,241,7.4656
02017500,aifs,14,-1.0132,-0.0657,-0.0251,1.2900,241,7.0437
02018000,aifs,14,-1.1457,-0.0910,-0.0399,1.3293,241,6.9493
02027000,aifs,14,-0.8680,-0.0302,0.0302,1.3441,241,7.1245
02027500,aifs,14,-0.7878,-0.0151,0.0264,1.2718,241,7.2924
02028500,aifs,14,-0.6715,0.0096,0.0234,1.0499,241,7.2364
02038850,aifs,14,-0.6228,-0.0372,-0.0124,1.0328,241,7.5174
02046000,aifs,14,-0.4475,-0.0581,-0.0018,0.9311,241,8.2420
02051000,aifs,14,-0.3537,-0.0629,0.0141,0.9339,241,8.5214
02051500,aifs,14,-0.4227,-0.0363,0.0183,0.9795,241,7.9684
02053200,aifs,14,-0.4552,-0.0656,-0.0109,1.0206,241,8.7545
02053800,aifs,14,-0.7473,-0.0288,-0.0124,1.1049,241,7.0609
02055100,aifs,14,-1.1660,-0.2029,-0.0198,1.6374,241,7.0306
02056900,aifs,14,-0.5893,-0.0406,-0.0100,1.0623,241,7.4910
02059500,aifs,14,-0.9850,-0.0266,0.0092,1.2687,241,6.5458
02064000,aifs,14,-0.7209,-0.0292,0.0198,1.2812,241,7.0047
02065500,aifs,14,-0.7381,-0.0382,-0.0037,1.2195,241,6.9435
02069700,aifs,14,-0.5245,-0.0756,-0.0275,1.0928,241,8.6938
02070000,aifs,14,-0.4730,-0.0653,-0.0136,1.0368,241,8.4443
02074500,aifs,14,-0.3869,-0.1120,-0.0148,1.2221,241,8.7415
02077200,aifs,14,-0.6489,0.0022,0.0414,1.2276,241,7.0878
02081500,aifs,14,-0.5133,-0.0277,0.0182,1.1442,241,7.7902
02082950,aifs,14,-0.7232,-0.0377,0.0165,1.2991,241,7.1469
02092500,aifs,14,-0.6499,-0.0210,0.0353,1.2892,241,8.0301
02096846,aifs,14,-0.2894,-0.1025,0.0005,1.0572,241,10.1958
02102908,aifs,14,-0.4239,-0.0745,-0.0114,1.0425,241,9.9841
02108000,aifs,14,-0.4557,0.0790,0.1195,1.1818,241,7.7961
02111180,aifs,14,-0.6828,-0.0775,-0.0464,1.1316,241,9.6441
02111500,aifs,14,-0.6216,-0.0178,0.0175,1.1778,241,9.3255
02118500,aifs,14,-0.8093,-0.0294,0.0071,1.2522,241,8.3948
02128000,aifs,14,-0.6324,-0.0468,-0.0135,1.1417,241,8.4004
02137727,aifs,14,-0.5614,-0.0661,-0.0248,1.0996,241,10.4609
02140991,aifs,14,-0.8186,-0.0745,-0.0440,1.2095,241,9.6419
02143000,aifs,14,-0.7179,-0.0327,0.0009,1.2087,241,9.2555
02143040,aifs,14,-0.7141,-0.0355,-0.0083,1.1663,241,9.1720
02149000,aifs,14,-0.4122,-0.0858,-0.0185,0.9896,241,11.7388
02152100,aifs,14,-0.8152,-0.0318,-0.0003,1.2309,241,8.9914
02177000,aifs,14,-0.7106,0.0469,0.0861,1.2600,241,11.7302
02178400,aifs,14,-0.8279,0.0889,0.1334,1.2780,241,10.2810
02193340,aifs,14,-0.6719,-0.0580,-0.0013,1.2846,241,9.3877
02196000,aifs,14,-0.4416,-0.0488,0.0058,1.0528,241,9.6364
02198100,aifs,14,-0.3792,-0.1619,-0.0646,0.8716,241,12.2346
02202600,aifs,14,-0.8704,-0.0785,-0.0301,1.3008,241,8.1673
02212600,aifs,14,-0.5142,-0.0060,0.0290,1.0697,241,10.4708
02215100,aifs,14,-0.5108,-0.0061,0.0277,0.9741,241,10.3729
02216180,aifs,14,-0.3247,-0.1233,-0.0232,0.9068,241,11.4325
02221525,aifs,14,-0.5933,0.0224,0.0466,1.1147,241,9.5936
02231000,aifs,14,-0.5119,0.0935,0.1090,0.9928,241,8.2298
02231342,aifs,14,-0.3728,0.0820,0.1329,1.1694,241,7.9449
02235200,aifs,14,-0.6310,0.1088,0.1160,1.0774,241,8.7375
02245500,aifs,14,-0.4807,0.1372,0.1669,1.1851,241,7.9915
02246000,aifs,14,-0.4662,0.2216,0.2313,1.1110,241,7.1459
02296500,aifs,14,-0.3135,0.2342,0.2494,1.0618,241,6.9728
02297155,aifs,14,-0.2922,0.0524,0.1137,0.9705,241,9.9392
02297310,aifs,14,-0.3614,0.0547,0.1030,0.9246,241,9.2770
02298123,aifs,14,-0.3010,0.0865,0.1373,1.0416,241,8.1834
02298608,aifs,14,-0.3758,0.0184,0.0730,0.9138,241,10.0375
02299950,aifs,14,-0.4332,0.0706,0.1021,1.0588,241,9.4535
02300700,aifs,14,-0.3042,0.0855,0.1386,1.0879,241,10.6792
02310947,aifs,14,-0.4873,0.0807,0.1105,1.1387,241,9.3836
02312200,aifs,14,-0.4626,-0.0044,0.0395,1.0877,241,11.2511
02314500,aifs,14,-0.3855,-0.0213,0.0403,0.9153,241,9.0871
02315500,aifs,14,-0.4799,0.0079,0.0461,0.9211,241,8.5776
02324400,aifs,14,-0.1325,0.0561,0.1769,0.8207,241,11.0458
02327100,aifs,14,-0.1897,0.0800,0.1682,0.8669,241,9.6891
02349900,aifs,14,-0.3869,-0.0065,0.0543,0.8807,241,11.1052
02350900,aifs,14,-0.7719,0.0061,0.0122,0.9937,241,9.9348
02361000,aifs,14,-0.8808,-0.0461,-0.0406,1.0353,241,9.7698
02363000,aifs,14,-0.7776,-0.0205,-0.0108,1.0537,241,10.4850
02369800,aifs,14,-0.2421,-0.1305,0.0135,0.7729,241,14.3692
02371500,aifs,14,-0.4870,-0.0034,0.0332,0.9939,241,11.4279
02372250,aifs,14,-0.4942,0.0184,0.0505,0.9571,241,11.1181
02374500,aifs,14,-0.3927,-0.0031,0.0525,0.9215,241,11.7788
02381600,aifs,14,-0.3398,0.0418,0.0965,1.0622,241,11.7368
02384540,aifs,14,-0.4038,0.1343,0.1722,1.1832,241,10.3531
02395120,aifs,14,-0.4526,0.0780,0.1590,1.3403,241,9.0097
02408540,aifs,14,-0.2698,0.1149,0.1642,1.0068,241,10.7441
02415000,aifs,14,-0.2413,0.0527,0.1301,0.9069,241,11.5531
02422500,aifs,14,-0.4898,0.0694,0.1048,1.1678,241,10.6420
02427250,aifs,14,-0.7874,0.0290,0.0393,1.1197,241,10.2110
02430085,aifs,14,-0.6011,-0.0025,0.0845,1.3800,241,10.8796
02450250,aifs,14,-0.3719,0.0461,0.0920,1.0232,241,11.4195
02464000,aifs,14,-0.2573,0.0013,0.0858,1.0429,241,12.5563
02465493,aifs,14,-0.4496,0.0870,0.1225,1.1545,241,10.2430
02469800,aifs,14,-0.4656,0.0839,0.1066,1.0044,241,10.9748
02472000,aifs,14,-0.2762,0.0422,0.1105,0.9581,241,11.7961
02472500,aifs,14,-0.2117,0.0375,0.1288,0.8948,241,12.5093
02479155,aifs,14,-0.1553,-0.0039,0.1205,0.8834,241,14.1473
02479300,aifs,14,-0.0527,-0.0760,0.1466,0.7332,241,17.9161
02481000,aifs,14,-0.0291,-0.1257,0.1493,0.6638,241,21.2611
02481510,aifs,14,-0.0866,-0.1057,0.1199,0.6828,241,17.9606
03010655,aifs,14,-0.2870,0.0229,0.1004,0.8713,241,7.4480
03011800,aifs,14,-0.2772,-0.0200,0.0708,0.8750,241,8.6707
03015500,aifs,14,-0.4548,0.0465,0.0780,1.0047,241,7.7572
03021350,aifs,14,-0.3609,-0.0169,0.0483,0.9246,241,8.6602
03026500,aifs,14,-0.3173,-0.0102,0.0666,0.8864,241,8.3036
03028000,aifs,14,-0.3336,-0.0187,0.0551,0.8993,241,8.5946
03049800,aifs,14,-0.4231,-0.0481,0.0089,0.9833,241,10.4918
03050000,aifs,14,-0.3380,-0.0786,0.0044,0.9784,241,10.8895
03066000,aifs,14,-0.2742,-0.0557,0.0435,0.8930,241,9.4819
03069500,aifs,14,-0.3675,-0.0397,0.0272,0.9772,241,9.1044
03070500,aifs,14,-0.6310,0.0049,0.0232,1.0519,241,9.7247
03076600,aifs,14,-0.3374,-0.0615,0.0202,0.9175,241,10.3548
03078000,aifs,14,-0.3203,-0.0419,0.0365,0.9982,241,10.1574
03140000,aifs,14,-0.5211,-0.0464,-0.0064,0.9682,241,8.7621
03144000,aifs,14,-0.3970,-0.1149,-0.0222,0.8027,241,10.3740
03159540,aifs,14,-0.4548,0.0331,0.0685,0.9486,241,11.2560
03161000,aifs,14,-0.7778,-0.0720,-0.0439,1.1794,241,9.0469
03164000,aifs,14,-0.8759,-0.0507,-0.0339,1.1574,241,8.1391
03165000,aifs,14,-0.5421,-0.0487,-0.0113,1.0365,241,9.0412
03170000,aifs,14,-0.7095,-0.0413,-0.0223,1.0806,241,7.2847
03173000,aifs,14,-0.9605,-0.0139,0.0002,1.1673,241,6.9417
03180500,aifs,14,-0.5104,-0.0338,0.0156,1.1571,241,8.5944
03182500,aifs,14,-0.7141,-0.0408,-0.0066,1.2045,241,8.1450
03186500,aifs,14,-0.5208,-0.0167,0.0177,1.0285,241,9.1472
03187500,aifs,14,-0.5387,-0.0155,0.0173,1.0590,241,9.0932
03213700,aifs,14,-0.6042,-0.0100,0.0294,1.1954,241,8.9002
03237280,aifs,14,-0.9120,0.0151,0.0369,1.2060,241,10.6858
03237500,aifs,14,-0.8633,0.0161,0.0244,1.1184,241,10.9734
03241500,aifs,14,-0.3594,-0.1435,-0.0410,0.8369,241,11.5975
03280700,aifs,14,-0.7623,-0.0409,0.0367,1.3793,241,9.5671
03281100,aifs,14,-0.8454,-0.0167,0.0552,1.3730,241,9.3763
03281500,aifs,14,-0.8690,-0.0224,0.0434,1.3583,241,9.1335
03285000,aifs,14,-0.7164,-0.0766,-0.0345,1.2271,241,11.8464
03291780,aifs,14,-0.4052,-0.0488,0.0119,1.0072,241,12.2394
03300400,aifs,14,-0.6382,-0.0506,-0.0199,1.1182,241,12.3827
03340800,aifs,14,-0.2130,-0.1293,0.0165,0.8248,241,11.3613
03346000,aifs,14,-0.2771,-0.0108,0.0710,0.9801,241,9.8423
03364500,aifs,14,-0.2085,-0.2051,-0.0283,0.7575,241,14.4899
03366500,aifs,14,-0.4330,-0.0341,0.0180,1.0167,241,12.0928
03368000,aifs,14,-0.2597,-0.1518,-0.0081,0.7689,241,14.6478
03384450,aifs,14,-0.5789,-0.0702,-0.0083,1.2539,241,11.8959
03439000,aifs,14,-0.7789,0.0423,0.0572,1.1561,241,10.5828
03450000,aifs,14,-0.7418,-0.0242,0.0049,1.1982,241,8.6146
03455500,aifs,14,-0.8775,0.0720,0.0855,1.1560,241,9.8729
03456500,aifs,14,-0.7035,0.0348,0.0429,1.0405,241,8.8625
03460000,aifs,14,-0.7431,0.0072,0.0219,1.1223,241,9.4653
03463300,aifs,14,-0.6047,-0.0548,-0.0252,1.0201,241,10.0087
03471500,aifs,14,-0.8422,-0.0530,-0.0310,1.1788,241,8.2528
03473000,aifs,14,-0.8846,-0.0731,-0.0548,1.1593,241,8.6521
03479000,aifs,14,-1.0157,-0.0621,-0.0390,1.2173,241,8.5120
03488000,aifs,14,-0.7947,-0.0138,0.0148,1.2169,241,8.2700
03498500,aifs,14,-0.7749,0.0148,0.0367,1.1875,241,10.1924
03500000,aifs,14,-0.9210,0.0589,0.1377,1.3660,241,10.2254
03504000,aifs,14,-0.6176,0.0987,0.1088,1.0915,241,11.0866
03574500,aifs,14,-0.4546,0.1068,0.1522,1.2284,241,11.1468
03604000,aifs,14,-0.6593,0.0011,0.0263,1.1509,241,12.5007
04015330,aifs,14,-0.3512,-0.0658,0.0117,0.9497,241,7.6132
04024430,aifs,14,-0.6293,-0.0348,-0.0095,1.0697,241,6.4230
04027000,aifs,14,-0.8601,-0.1130,-0.0498,1.3454,241,6.1686
04040500,aifs,14,-0.5933,-0.0987,-0.0600,1.0296,241,6.7034
04043050,aifs,14,-0.6044,0.0107,0.0302,1.0342,241,6.1494
04045500,aifs,14,-0.6884,-0.0669,-0.0213,1.2367,241,6.6139
04056500,aifs,14,-0.7303,-0.0396,-0.0022,1.2295,241,6.2467
04057510,aifs,14,-0.4875,0.0005,0.0380,1.0652,241,6.7951
04057800,aifs,14,-0.5645,-0.0848,-0.0446,1.0174,241,6.7186
04059500,aifs,14,-0.5677,-0.0104,0.0173,1.0496,241,6.4778
04063700,aifs,14,-0.4899,0.0682,0.1090,1.1980,241,5.7969
04074950,aifs,14,-0.4793,0.0188,0.0522,1.0069,241,6.3801
04105700,aifs,14,-0.3112,-0.0254,0.0546,0.9080,241,8.2258
04115265,aifs,14,-0.3014,-0.0192,0.0592,0.9525,241,8.1723
04122200,aifs,14,-0.2693,0.0300,0.1035,0.9552,241,8.0890
04122500,aifs,14,-0.3285,0.0331,0.0915,0.9603,241,7.7892
04124000,aifs,14,-0.0470,0.0310,0.2173,0.7259,241,8.7873
04127997,aifs,14,-0.2203,0.0028,0.1074,0.8438,241,8.5289
04185000,aifs,14,-0.4084,-0.0085,0.0500,0.8694,241,7.7826
04196800,aifs,14,-0.3940,-0.0171,0.0434,0.8949,241,8.3141
04197100,aifs,14,-0.3482,-0.0742,0.0087,0.9040,241,9.1514
04197170,aifs,14,-0.4011,-0.0327,0.0260,0.9583,241,8.4556
04213000,aifs,14,-0.4870,0.0097,0.0449,1.0511,241,7.8039
04213075,aifs,14,-0.3180,0.0152,0.0800,1.0256,241,8.2586
04216418,aifs,14,-0.2828,-0.0826,0.0432,0.7512,241,8.3805
04221000,aifs,14,-0.3577,0.0001,0.0636,0.9041,241,7.2282
04224775,aifs,14,-0.2739,-0.0475,0.0523,0.8662,241,7.7556
04256000,aifs,14,-0.4413,0.1251,0.1454,1.0646,241,7.2226
04296000,aifs,14,-0.3103,0.0954,0.1562,1.1794,241,7.1440
05057000,aifs,14,-0.7314,-0.0323,-0.0001,1.2088,241,4.8995
05057200,aifs,14,-0.6920,-0.0184,0.0245,1.2519,241,4.4814
05062500,aifs,14,-0.3515,0.1299,0.1689,1.1386,241,5.1167
05087500,aifs,14,-0.2173,0.0821,0.1567,1.0854,241,5.8372
05120500,aifs,14,-0.7206,-0.0170,0.0208,1.2399,241,5.2581
05123400,aifs,14,-0.2800,0.0281,0.1025,0.9021,241,5.9005
05129115,aifs,14,-0.8732,-0.0730,-0.0301,1.2822,241,6.4827
05131500,aifs,14,-0.9678,-0.0515,-0.0169,1.2647,241,6.1338
05291000,aifs,14,-0.2368,-0.1320,-0.0054,1.0350,241,7.6013
05362000,aifs,14,-0.5477,-0.0174,0.0183,1.1119,241,6.3829
05393500,aifs,14,-0.4128,-0.0050,0.0456,1.0523,241,6.6725
05399500,aifs,14,-0.2593,-0.0443,0.0628,0.8307,241,7.9331
05408000,aifs,14,-0.1590,-0.1185,0.0692,0.6974,241,9.6557
05412500,aifs,14,-0.2524,-0.0857,0.0484,0.7483,241,8.4398
05413500,aifs,14,-0.1874,-0.1009,0.0634,0.7308,241,9.3585
05414000,aifs,14,-0.1541,-0.0542,0.1019,0.7704,241,9.0416
05444000,aifs,14,-0.3635,-0.0751,0.0011,0.9677,241,8.4156
05454000,aifs,14,-0.2734,-0.1566,-0.0215,0.7996,241,9.7304
05458000,aifs,14,-0.2333,-0.1098,0.0372,0.7438,241,8.7364
05466500,aifs,14,-0.1520,-0.1945,0.0251,0.6691,241,11.2831
05487980,aifs,14,-0.1447,-0.0717,0.0896,0.7954,241,9.5891
05488200,aifs,14,-0.1413,-0.1728,0.0248,0.7620,241,11.6193
05489000,aifs,14,-0.1033,-0.0939,0.1005,0.7588,241,10.5862
05495000,aifs,14,-0.1561,0.0838,0.1754,0.9308,241,7.8469
05495500,aifs,14,-0.1606,-0.0364,0.1010,0.8406,241,9.6464
05501000,aifs,14,-0.1267,-0.0245,0.1173,0.8957,241,10.6497
05503800,aifs,14,-0.2575,0.0636,0.1314,1.0583,241,8.8076
05507600,aifs,14,-0.4353,0.0885,0.1320,1.1932,241,7.8902
05508805,aifs,14,-0.4396,0.0789,0.1126,1.1179,241,7.7633
05514500,aifs,14,-0.3498,0.1057,0.1471,1.1099,241,8.2198
05525500,aifs,14,-0.2810,-0.1578,-0.0284,0.8255,241,9.2004
05556500,aifs,14,-0.1484,-0.0999,0.0784,0.7428,241,9.6244
05584500,aifs,14,-0.1075,-0.1368,0.0663,0.7740,241,11.9113
05585000,aifs,14,-0.1320,-0.1108,0.0660,0.8106,241,11.0105
05591550,aifs,14,-0.2648,-0.0827,0.0229,0.9414,241,10.2028
05592050,aifs,14,-0.3463,-0.0333,0.0390,1.0761,241,8.8090
05592575,aifs,14,-0.1743,0.0009,0.1155,0.8986,241,10.4904
05593575,aifs,14,-0.2810,0.0852,0.1514,1.1610,241,9.2784
05593900,aifs,14,-0.2338,-0.0108,0.0840,0.9592,241,9.7519
05595730,aifs,14,-0.3651,0.0694,0.1288,1.1999,241,9.1352
06037500,aifs,14,-0.3702,0.1930,0.2447,1.2611,241,4.5527
06043500,aifs,14,-0.3625,0.1416,0.1842,1.1837,241,4.4255
06154410,aifs,14,-0.2341,-0.0265,0.0952,0.7548,241,5.4019
06188000,aifs,14,-0.5392,0.1794,0.2669,1.3683,241,3.7236
06191500,aifs,14,-0.5104,0.1802,0.2722,1.3771,241,3.7387
06221400,aifs,14,-0.8795,-0.0456,0.0066,1.3185,241,4.0119
06224000,aifs,14,-0.7956,-0.0613,-0.0106,1.2969,241,4.1332
06289000,aifs,14,-0.9710,-0.0696,0.0138,1.4134,241,3.9977
06332515,aifs,14,-0.8830,-0.0449,0.0724,1.4810,241,4.6149
06339100,aifs,14,-2.0129,-0.3132,-0.0335,1.7250,241,4.5388
06339500,aifs,14,-1.1979,-0.0868,0.0448,1.5031,241,4.5939
06344600,aifs,14,-1.1277,-0.1100,-0.0223,1.4312,241,5.0230
06350000,aifs,14,-1.5015,-0.0615,0.0693,1.4234,241,4.5740
06352000,aifs,14,-2.3168,-0.2623,0.0346,1.6119,241,4.5255
06353000,aifs,14,-1.9670,-0.1972,0.0638,1.5982,241,4.5910
06354000,aifs,14,-1.4213,-0.0537,0.1054,1.4774,241,4.5160
06360500,aifs,14,-1.6665,-0.1575,0.0607,1.5906,241,4.1214
06404000,aifs,14,-0.8859,-0.1167,0.0975,1.6576,241,4.5631
06406000,aifs,14,-0.9773,-0.1049,0.0903,1.6255,241,4.2629
06408700,aifs,14,-1.0423,-0.0999,-0.0064,1.4435,241,4.1272
06409000,aifs,14,-1.0681,-0.1035,0.0197,1.5062,241,4.0882
06431500,aifs,14,-0.9165,-0.1206,-0.0438,1.3943,241,4.4704
06440200,aifs,14,-0.5171,-0.0655,-0.0106,1.1671,241,5.2309
06441500,aifs,14,-0.9334,-0.0033,0.0238,1.2310,241,4.8361
06447000,aifs,14,-0.6986,0.0019,0.0382,1.2330,241,4.3221
06447500,aifs,14,-0.6554,-0.0338,0.0116,1.2417,241,4.9114
06450500,aifs,14,-0.4916,0.0210,0.0553,1.0852,241,5.5405
06452000,aifs,14,-0.6270,0.0354,0.0613,1.1663,241,4.5466
06453600,aifs,14,-0.1833,0.0033,0.1145,0.8900,241,5.8322
06464500,aifs,14,-0.2621,0.0192,0.0986,0.9320,241,6.9255
06477500,aifs,14,-0.3385,-0.0170,0.0519,1.0518,241,5.7613
06479215,aifs,14,-0.2212,-0.1402,-0.0045,1.0734,241,7.7242
06479438,aifs,14,-0.2542,-0.1295,-0.0055,1.1123,241,7.2701
06601000,aifs,14,-0.0682,0.0013,0.1604,0.9154,241,7.7186
06614800,aifs,14,-0.1141,-0.0827,0.0871,0.8750,241,5.6577
06622700,aifs,14,-0.2278,0.0557,0.1326,0.9699,241,3.9416
06623800,aifs,14,-0.1877,0.1311,0.2002,1.0985,241,4.1653
06632400,aifs,14,-0.1794,0.0748,0.1613,1.0583,241,4.2023
06784000,aifs,14,-0.4022,0.0470,0.0870,0.9885,241,6.4831
06803510,aifs,14,-0.1857,-0.0663,0.0659,0.8789,241,8.9607
06803530,aifs,14,-0.2525,-0.0157,0.0748,0.9617,241,7.9017
06814000,aifs,14,-0.1297,0.0439,0.1585,0.9312,241,8.0887
06846500,aifs,14,-0.4140,0.1121,0.1458,1.1415,241,4.9429
06847900,aifs,14,-0.4401,-0.0100,0.0440,1.1426,241,6.0542
06853800,aifs,14,-0.2200,0.1304,0.1886,1.0624,241,5.9254
06876700,aifs,14,-0.0511,-0.1246,0.1174,0.7254,241,10.1526
06878000,aifs,14,-0.1145,0.0038,0.1406,0.9031,241,8.4397
06879650,aifs,14,-0.1513,-0.0430,0.1052,0.8025,241,10.3050
06885500,aifs,14,-0.1046,-0.0194,0.1416,0.8005,241,9.2759
06888500,aifs,14,-0.1743,-0.0562,0.0780,0.8733,241,10.8496
06889200,aifs,14,-0.1320,0.0214,0.1439,0.9154,241,9.6168
06889500,aifs,14,-0.1635,0.0372,0.1407,0.9525,241,9.4199
06892000,aifs,14,-0.1280,0.0763,0.1791,0.9566,241,9.8181
06903400,aifs,14,-0.0677,-0.0278,0.1564,0.7926,241,9.7493
06906800,aifs,14,-0.1753,0.0462,0.1507,0.8535,241,11.7274
06910800,aifs,14,-0.2586,-0.0254,0.0667,0.9409,241,10.7090
06911900,aifs,14,-0.2244,-0.0320,0.0753,0.8969,241,11.1664
06917000,aifs,14,-0.2322,0.0497,0.1284,0.9381,241,12.1693
06918460,aifs,14,-0.3339,-0.0327,0.0409,1.0457,241,11.5235
06919500,aifs,14,-0.2827,0.1095,0.1610,1.0898,241,10.7659
06921070,aifs,14,-0.2117,-0.0303,0.0807,0.8981,241,12.5158
06921200,aifs,14,-0.1581,0.0118,0.1254,0.9570,241,12.9894
06934000,aifs,14,-0.3379,0.0222,0.0835,1.0837,241,10.0148
07014500,aifs,14,-0.2461,-0.1354,-0.0082,0.9039,241,12.9330
07056000,aifs,14,-0.2376,-0.0769,0.0348,0.9728,241,10.1915
07057500,aifs,14,-0.3209,0.0079,0.0816,1.1384,241,9.5671
07060710,aifs,14,-0.2644,-0.1575,-0.0344,1.0208,241,11.3119
07066000,aifs,14,-0.3573,-0.0207,0.0537,1.1562,241,9.6422
07067000,aifs,14,-0.5319,-0.0388,0.0165,1.2112,241,9.0631
07068000,aifs,14,-0.6110,-0.0360,0.0171,1.2522,241,8.7303
07071500,aifs,14,-0.4531,0.0040,0.0625,1.2046,241,8.9165
07083000,aifs,14,-0.6519,-0.0839,0.0919,1.5749,241,3.7050
07142300,aifs,14,-0.2145,0.1256,0.2067,1.2254,241,5.7814
07145700,aifs,14,-0.0160,0.0474,0.2140,0.9737,241,11.6855
07148400,aifs,14,-0.7432,-0.0304,0.0356,1.3457,241,5.8670
07149000,aifs,14,-0.6266,0.0775,0.1727,1.4069,241,5.3630
07151500,aifs,14,-0.0487,0.1628,0.2690,1.1354,241,8.0297
07167500,aifs,14,-0.3543,0.1081,0.1610,1.2010,241,9.1877
07180500,aifs,14,-0.3644,0.0068,0.0669,1.0956,241,9.4090
07184000,aifs,14,-0.1801,-0.0295,0.0883,1.0108,241,14.2271
07195800,aifs,14,-0.2156,-0.0756,0.0446,1.0664,241,12.1060
07196900,aifs,14,-0.1949,0.0345,0.1368,1.1542,241,10.6487
07197000,aifs,14,-0.1578,0.0941,0.1838,1.1008,241,10.0819
07208500,aifs,14,-0.8943,-0.0931,0.0350,1.5114,241,3.5614
07226500,aifs,14,-0.5198,0.0296,0.1122,1.3539,241,3.0242
07261000,aifs,14,-0.4881,-0.1538,-0.0843,1.0994,241,10.9831
07263295,aifs,14,-0.4669,-0.1498,-0.0736,1.1370,241,11.2004
07290650,aifs,14,-0.3849,-0.0120,0.0474,1.0834,241,11.2661
07291000,aifs,14,-0.3358,0.0218,0.0825,1.0644,241,11.2066
07292500,aifs,14,-0.3124,0.0374,0.0985,1.0472,241,11.1921
07295000,aifs,14,-0.2190,0.0208,0.1112,1.0473,241,12.2033
07299670,aifs,14,-0.6786,-0.0772,-0.0021,1.3497,241,5.8973
07301410,aifs,14,-0.3483,-0.1408,-0.0253,1.2435,241,6.4901
07301500,aifs,14,-1.0412,-0.1829,-0.0470,1.5490,241,4.6234
07315200,aifs,14,-0.4969,-0.0578,-0.0114,1.0448,241,8.2760
07315700,aifs,14,-0.7460,-0.0772,0.0141,1.4134,241,7.8370
07335700,aifs,14,-0.1473,-0.0490,0.0958,0.8564,241,11.7173
07340300,aifs,14,-0.4244,-0.0240,0.0289,1.0604,241,9.9098
07346045,aifs,14,-0.5518,0.0458,0.1521,1.4240,241,8.9869
07359610,aifs,14,-0.3150,-0.1204,-0.0173,0.8944,241,11.8211
07362100,aifs,14,-0.7068,-0.1137,0.0500,1.5654,241,9.2312
07362587,aifs,14,-0.3528,-0.1366,-0.0443,0.9978,241,12.0276
07373000,aifs,14,-0.5547,-0.0511,0.0194,1.2895,241,11.3296
07375000,aifs,14,-0.2190,-0.0669,0.0484,0.9680,241,14.9902
07376000,aifs,14,-0.2413,-0.0297,0.0675,1.0016,241,13.2510
08013000,aifs,14,-0.3867,-0.0073,0.0609,1.1781,241,11.9683
08014500,aifs,14,-0.4676,-0.0093,0.0437,1.1695,241,11.9555
08023080,aifs,14,-0.4887,-0.0945,-0.0001,1.3199,241,11.3281
08025500,aifs,14,-0.3443,-0.0598,0.0228,1.1230,241,12.9428
08029500,aifs,14,-0.3940,-0.0713,-0.0005,1.0839,241,13.6349
08050800,aifs,14,-0.3450,-0.1255,-0.0318,0.9289,241,11.0742
08066200,aifs,14,-0.2630,-0.1097,0.0039,0.9282,241,15.7695
08066300,aifs,14,-0.1967,-0.1815,-0.0270,0.9632,241,19.3578
08070000,aifs,14,-0.5893,-0.0168,0.0331,1.2393,241,11.4082
08070200,aifs,14,-0.5815,-0.0251,0.0196,1.2010,241,11.6459
08079600,aifs,14,-0.5685,-0.0082,0.0471,1.2604,241,3.7802
08082700,aifs,14,-0.4800,-0.1489,-0.0651,1.2176,241,6.4994
08086212,aifs,14,-0.2788,-0.1420,-0.0249,0.9176,241,6.9701
08086290,aifs,14,-0.2983,-0.1106,-0.0088,0.9605,241,6.9888
08101000,aifs,14,-0.4867,0.0275,0.0845,1.2453,241,7.4734
08103900,aifs,14,-0.2075,0.0131,0.1090,0.9631,241,10.1801
08104900,aifs,14,-0.2190,-0.0439,0.0657,0.9424,241,11.5747
08109700,aifs,14,-0.2856,-0.0858,0.0229,1.1639,241,12.0012
08150800,aifs,14,-0.1461,-0.1637,0.0355,0.7236,241,11.3546
08155200,aifs,14,-0.4232,-0.0463,0.0287,1.2154,241,9.8574
08158700,aifs,14,-0.4978,-0.0569,0.0077,1.2194,241,9.4962
08158810,aifs,14,-0.5647,-0.0387,0.0125,1.2150,241,9.2328
08164000,aifs,14,-0.6014,-0.0692,-0.0032,1.2862,241,9.3601
08164300,aifs,14,-0.3163,-0.0629,0.0286,1.1352,241,11.0327
08164600,aifs,14,-0.5797,-0.0509,0.0135,1.2789,241,9.3692
08165300,aifs,14,-0.1756,-0.1122,0.0412,0.8391,241,10.3144
08171300,aifs,14,-0.4074,-0.0731,0.0004,1.1434,241,9.9692
08175000,aifs,14,-0.3599,-0.0318,0.0375,1.0855,241,10.1217
08176900,aifs,14,-0.6898,-0.0842,-0.0232,1.2985,241,8.9400
08178880,aifs,14,-0.2238,-0.1751,-0.0290,0.8870,241,11.7640
08189500,aifs,14,-0.4875,-0.0314,0.0274,1.2028,241,8.9948
08190000,aifs,14,-0.1041,-0.2867,-0.0193,0.6575,241,15.1284
08190500,aifs,14,-0.1017,-0.2806,-0.0163,0.6707,241,14.4369
08194200,aifs,14,-0.2430,-0.1249,0.0089,0.8195,241,9.6582
08195000,aifs,14,-0.1312,-0.2363,-0.0145,0.7424,241,13.8193
08196000,aifs,14,-0.1127,-0.2696,-0.0250,0.7200,241,15.6931
08198500,aifs,14,-0.1654,-0.2224,-0.0259,0.7694,241,13.5155
08200000,aifs,14,-0.1702,-0.1837,-0.0094,0.8460,241,13.0298
08202700,aifs,14,-0.1443,-0.2018,-0.0004,0.7718,241,13.8094
08267500,aifs,14,-0.4329,-0.1392,-0.0648,1.0315,241,4.5344
08269000,aifs,14,-0.7662,-0.1072,-0.0436,1.3245,241,3.7317
08271000,aifs,14,-0.4011,-0.1467,-0.0638,0.9756,241,4.6690
08324000,aifs,14,-1.1413,-0.1641,-0.0363,1.5303,241,3.3745
08377900,aifs,14,-0.4957,-0.0112,0.0553,1.2630,241,4.5704
08378500,aifs,14,-0.6689,-0.0308,0.0452,1.3581,241,4.2345
08380500,aifs,14,-0.6635,0.0182,0.0935,1.3633,241,3.9363
09034900,aifs,14,-0.2747,-0.0082,0.0739,1.0331,241,4.4527
09035900,aifs,14,-0.4958,0.0557,0.1180,1.2824,241,3.5644
09047700,aifs,14,-0.5291,0.0279,0.1216,1.3815,241,3.4202
09065500,aifs,14,-0.5007,0.0454,0.1165,1.3110,241,3.6441
09066000,aifs,14,-0.7315,-0.0152,0.1366,1.5322,241,3.3356
09066200,aifs,14,-0.4719,0.0295,0.0960,1.2727,241,3.8210
09066300,aifs,14,-0.4847,0.0375,0.1057,1.2905,241,3.7344
09081600,aifs,14,-0.2076,0.0268,0.1693,1.3543,241,4.7701
09107000,aifs,14,-0.9518,-0.3080,0.1078,1.9565,241,3.4340
09210500,aifs,14,-0.5914,0.0114,0.0560,1.2318,241,2.9305
09223000,aifs,14,-0.5070,-0.0073,0.0462,1.2099,241,3.4979
09306242,aifs,14,-0.4407,0.0254,0.0889,1.2432,241,3.3813
09312600,aifs,14,-0.6191,-0.0435,0.0330,1.3426,241,3.9351
09352900,aifs,14,-0.4687,0.0093,0.0982,1.3442,241,5.3362
09378170,aifs,14,-0.3017,-0.0398,0.0531,0.8393,241,3.9695
09378630,aifs,14,-0.2735,-0.0586,0.0509,0.8093,241,4.1317
09386900,aifs,14,-0.7278,-0.0569,0.0298,1.3991,241,2.9823
09404450,aifs,14,-0.8822,0.0662,0.1416,1.3581,241,4.0162
09430500,aifs,14,-0.8936,0.0679,0.0787,1.1397,241,3.1483
09430600,aifs,14,-0.8551,0.0143,0.0180,1.0633,241,4.0721
09447800,aifs,14,-2.2596,-0.2574,-0.0017,1.5885,241,2.9662
09480000,aifs,14,-0.3516,0.0811,0.1237,0.9448,241,4.0856
09484000,aifs,14,-0.8979,0.0117,0.0776,1.3544,241,4.5844
09484600,aifs,14,-0.6208,0.0663,0.0806,1.0997,241,3.7995
09492400,aifs,14,-0.4022,0.0418,0.0870,0.9025,241,5.6020
09494000,aifs,14,-0.8789,0.0566,0.0653,1.1273,241,4.6335
09497800,aifs,14,-1.6134,-0.0619,0.0807,1.4046,241,4.8703
09497980,aifs,14,-1.2828,0.0517,0.1526,1.3117,241,5.3586
09505200,aifs,14,-1.0624,0.0581,0.2246,1.4635,241,4.4284
09505350,aifs,14,-0.9370,0.0865,0.2244,1.4361,241,4.4592
09505800,aifs,14,-1.1049,0.0487,0.2263,1.4727,241,4.7487
09508300,aifs,14,-1.4069,0.0029,0.2670,1.4849,241,4.7225
09510200,aifs,14,-1.3508,-0.1116,0.1977,1.6789,241,4.7269
09512280,aifs,14,-1.4579,-0.4687,0.2405,2.1761,241,4.3368
09513780,aifs,14,-1.6907,-0.4375,0.2146,2.0926,241,4.2339
10023000,aifs,14,-0.3679,-0.0384,0.0323,1.1060,241,4.1864
10166430,aifs,14,-0.4201,-0.0153,0.0378,0.9189,241,4.2508
10172700,aifs,14,-0.5863,-0.0027,0.0291,1.1416,241,3.4295
10172800,aifs,14,-0.3464,-0.0402,0.0433,0.8285,241,4.2300
10173450,aifs,14,-0.4767,0.1475,0.1624,1.0921,241,4.3421
10205030,aifs,14,-0.4242,-0.0005,0.0467,1.0443,241,3.6173
10234500,aifs,14,-0.5286,-0.0098,0.0219,0.9991,241,4.2822
10242000,aifs,14,-0.3987,0.1526,0.1709,1.0114,241,4.4539
10244950,aifs,14,-0.7410,0.0108,0.0644,1.3109,241,3.7569
10249300,aifs,14,-0.7532,0.0690,0.1824,1.4415,241,2.9848
10258000,aifs,14,-0.0597,0.1445,0.3634,1.5327,241,3.6601
10258500,aifs,14,-1.5292,-0.6810,0.2899,2.4245,241,2.8860
10259000,aifs,14,-0.4002,0.0795,0.2765,1.5678,241,3.2530
10259200,aifs,14,-1.4752,-0.8636,0.3090,2.6452,241,3.1469
10263500,aifs,14,0.0487,0.0155,0.2653,0.7265,241,5.7069
10310500,aifs,14,-0.8242,0.1154,0.2142,1.3810,241,4.8938
10316500,aifs,14,-0.2108,-0.0014,0.1110,0.8140,241,4.0760
10329500,aifs,14,-0.2360,-0.0126,0.0939,0.8192,241,3.6278
10336645,aifs,14,-0.2084,0.2494,0.2758,1.0492,241,9.0010
10336660,aifs,14,-0.1669,0.2198,0.2627,0.9595,241,9.6314
10343500,aifs,14,-0.3378,0.2307,0.2496,1.1215,241,6.2272
10348850,aifs,14,-0.0208,-0.0025,0.2264,0.6321,241,9.1768
10396000,aifs,14,-0.3594,-0.1151,0.0089,0.6852,241,3.9057
11098000,aifs,14,0.0247,-0.0697,0.2265,0.6066,241,8.0495
11124500,aifs,14,-0.0291,0.0850,0.2318,0.8733,241,7.0137
11141280,aifs,14,-0.0512,0.1244,0.2681,0.7127,241,6.4461
11143000,aifs,14,-0.1145,-0.0272,0.2003,0.5126,241,10.6566
11148900,aifs,14,-0.5737,0.1516,0.1694,0.8362,241,6.8337
11151300,aifs,14,-0.9846,0.1561,0.1799,1.0643,241,5.2533
11162500,aifs,14,-0.2057,0.0926,0.2026,0.6942,241,6.9472
11176400,aifs,14,-0.9887,0.1530,0.1982,1.1729,241,4.7611
11180500,aifs,14,-0.5298,0.2441,0.2466,1.0594,241,4.7033
11180960,aifs,14,-0.2500,0.2213,0.2597,0.8366,241,5.1040
11224500,aifs,14,-0.9718,0.1463,0.1623,1.0323,241,4.5597
11253310,aifs,14,-1.4771,0.0475,0.1435,1.1981,241,4.1657
11264500,aifs,14,-1.3284,-0.0908,0.1884,1.6431,241,7.2254
11266500,aifs,14,-1.1585,-0.0276,0.1842,1.5656,241,7.4957
11274500,aifs,14,-1.2276,0.1075,0.1736,1.1638,241,4.8123
11274630,aifs,14,-1.3420,0.0668,0.1720,1.2619,241,4.4871
11284400,aifs,14,-0.5991,0.1930,0.2311,1.2423,241,6.3955
11299600,aifs,14,-0.5704,0.1942,0.2152,1.1831,241,6.1920
11381500,aifs,14,0.0598,0.1840,0.3479,0.7377,241,8.7527
11383500,aifs,14,0.0719,0.1955,0.3605,0.7331,241,8.8299
11451100,aifs,14,0.1777,0.2641,0.4535,0.7072,241,4.6884
11468500,aifs,14,0.0680,0.2969,0.3929,0.8384,241,6.4345
11473900,aifs,14,0.1777,0.2429,0.4441,0.7239,241,6.2156
11475560,aifs,14,0.1677,0.0227,0.4277,0.4881,241,11.8850
11476600,aifs,14,-0.0399,0.3055,0.3527,0.9314,241,7.4784
11478500,aifs,14,-0.0150,0.2897,0.3537,0.8888,241,7.4118
11480390,aifs,14,0.0875,0.2742,0.3889,0.8499,241,6.6162
11481200,aifs,14,-0.1558,0.2396,0.2786,0.9684,241,8.5269
11482500,aifs,14,-0.0948,0.2114,0.2827,0.8707,241,9.2978
11522500,aifs,14,-0.1868,0.2978,0.3199,1.0997,241,6.4917
11523200,aifs,14,-0.0731,0.1768,0.2819,0.7752,241,6.7996
11528700,aifs,14,0.0228,0.2885,0.3676,0.8707,241,5.9696
11532500,aifs,14,-0.2395,0.1507,0.1985,0.9368,241,12.2859
12010000,aifs,14,-0.7134,0.1270,0.1332,0.8967,241,14.8998
12013500,aifs,14,-1.0910,0.1101,0.1330,1.0772,241,12.9083
12020000,aifs,14,-1.3923,0.0490,0.1166,1.1855,241,11.5606
12025000,aifs,14,-1.1268,0.0631,0.0811,1.1122,241,10.4952
12025700,aifs,14,-1.6286,-0.0714,0.0720,1.4158,241,10.5087
12035000,aifs,14,-0.6067,0.2237,0.2247,0.9859,241,13.9963
12040500,aifs,14,-0.5058,0.2441,0.2449,0.9651,241,15.6004
12041200,aifs,14,-0.4010,0.2093,0.2251,0.8831,241,16.5350
12043000,aifs,14,-0.3608,0.2290,0.2418,0.9163,241,12.8311
12048000,aifs,14,-1.6782,-0.2640,0.1211,1.8296,241,8.5537
12054000,aifs,14,-0.5964,0.1343,0.1693,1.2389,241,11.2655
12056500,aifs,14,-0.6361,0.1948,0.2048,1.1235,241,15.1373
12073500,aifs,14,-0.9002,0.1097,0.1828,1.3243,241,7.8225
12082500,aifs,14,-1.1137,0.0539,0.1046,1.2611,241,13.8930
12092000,aifs,14,-0.9651,0.0625,0.0844,1.1903,241,13.5187
12095000,aifs,14,-1.3288,-0.0189,0.1023,1.4152,241,11.2483
12114500,aifs,14,-0.4635,0.1091,0.1325,0.8978,241,13.9299
12115000,aifs,14,-0.4735,0.1092,0.1306,0.9066,241,13.9058
12115500,aifs,14,-0.4804,0.1126,0.1297,0.9485,241,13.9843
12117000,aifs,14,-0.4789,0.1244,0.1402,0.9393,241,13.8311
12141300,aifs,14,-0.3791,0.1316,0.1651,0.8694,241,15.6471
12143600,aifs,14,-0.4292,0.1410,0.1595,0.9401,241,14.9625
12144000,aifs,14,-0.4863,0.1493,0.1589,0.9829,241,14.2859
12145500,aifs,14,-0.5825,0.1568,0.1591,1.0026,241,11.6310
12147600,aifs,14,-0.2201,0.1142,0.1961,0.7875,241,18.0318
12167000,aifs,14,-0.3461,0.2217,0.2384,1.0959,241,13.0024
12175500,aifs,14,-0.8398,0.1487,0.2039,1.2695,241,10.6813
12186000,aifs,14,-0.4757,0.2262,0.2290,1.0484,241,14.1107
12189500,aifs,14,-0.6785,0.1995,0.2302,1.2044,241,12.6698
12358500,aifs,14,-0.3648,0.0181,0.0866,0.8170,241,8.0591
12377150,aifs,14,-0.1967,0.0248,0.1808,0.6359,241,7.1383
12381400,aifs,14,-0.2302,0.0676,0.1826,0.6969,241,6.6483
12390700,aifs,14,-0.9759,0.0860,0.1108,1.1859,241,6.4602
12411000,aifs,14,-0.9584,0.0893,0.1399,1.2738,241,7.4417
12414500,aifs,14,-0.7938,0.1022,0.1127,1.1369,241,7.5183
12447390,aifs,14,-2.3007,-0.5190,0.0295,2.0582,241,5.0213
12451000,aifs,14,-1.9653,-0.2011,0.1798,1.6732,241,9.5974
12488500,aifs,14,-1.0087,0.0601,0.0893,1.2126,241,11.4181
13011500,aifs,14,-0.4110,0.1445,0.2797,1.4575,241,4.3246
13011900,aifs,14,-0.3319,0.1776,0.2510,1.3085,241,4.0449
13018300,aifs,14,-0.3222,0.1361,0.2373,1.3673,241,4.2357
13023000,aifs,14,-0.5664,0.0492,0.1154,1.3189,241,3.7914
13161500,aifs,14,-1.0043,-0.1477,0.0849,1.6897,241,3.0034
13235000,aifs,14,-0.5645,-0.0118,0.0157,1.0275,241,5.4628
13240000,aifs,14,-0.4156,-0.0606,0.0108,0.8418,241,6.7773
13310700,aifs,14,-0.7032,0.0116,0.0247,1.0828,241,5.6872
13313000,aifs,14,-0.4051,-0.0194,0.0435,0.8562,241,6.1829
13331500,aifs,14,-0.4012,-0.1229,-0.0402,0.8866,241,5.9242
13337000,aifs,14,-0.5014,0.1331,0.1436,0.9856,241,7.2924
13338500,aifs,14,-0.8501,-0.0287,0.0081,1.2611,241,6.1956
13340000,aifs,14,-0.6024,0.0818,0.0929,1.0668,241,6.3622
13340600,aifs,14,-0.5101,0.1127,0.1256,0.9800,241,8.2375
14020000,aifs,14,-0.3325,-0.0977,-0.0030,0.8762,241,5.5845
14092750,aifs,14,-0.8927,0.1107,0.1394,1.2050,241,7.8213
14096850,aifs,14,-1.0486,-0.0399,0.0987,1.5059,241,5.0673
14137000,aifs,14,-0.6825,0.0913,0.0983,1.0874,241,11.1291
14138800,aifs,14,-0.4411,0.0416,0.0846,0.8630,241,14.0234
14138870,aifs,14,-0.4720,0.0591,0.0890,0.9149,241,14.6759
14138900,aifs,14,-0.3154,0.0086,0.0962,0.7785,241,16.4602
14139800,aifs,14,-0.5003,0.0645,0.0916,0.8942,241,14.4027
14141500,aifs,14,-0.7001,0.0889,0.0924,1.0446,241,13.1130
14154500,aifs,14,-1.2356,0.0653,0.1641,1.3117,241,8.3750
14158500,aifs,14,-0.9309,0.1393,0.1701,1.1751,241,9.8828
14158790,aifs,14,-0.4888,0.1435,0.1592,0.8955,241,11.0945
14166500,aifs,14,-0.4688,0.1965,0.2321,1.2314,241,7.7729
14182500,aifs,14,-1.0576,0.0687,0.1429,1.3216,241,11.6484
14185000,aifs,14,-1.3752,0.0162,0.1568,1.3879,241,11.0815
14185900,aifs,14,-0.9832,0.1061,0.1406,1.2038,241,12.1692
14187000,aifs,14,-1.1240,0.0850,0.1561,1.2767,241,10.9153
14216500,aifs,14,-1.1585,0.0542,0.1004,1.2322,241,13.6790
14222500,aifs,14,-0.3880,0.0402,0.0940,0.8496,241,17.5680
14236200,aifs,14,-1.0406,0.0682,0.0938,1.1840,241,12.2801
14301000,aifs,14,-0.6399,0.1298,0.1323,1.0331,241,11.4498
14303200,aifs,14,-0.2846,0.0952,0.1576,0.8414,241,13.1767
14305500,aifs,14,-0.0945,0.1439,0.2520,0.7889,241,14.4058
14306340,aifs,14,-0.4163,0.2019,0.2112,1.0513,241,8.4403
14306500,aifs,14,-0.4071,0.2203,0.2316,1.0966,241,9.0743
14308990,aifs,14,-0.7097,0.1321,0.1973,1.3253,241,5.8775
14309500,aifs,14,-0.2978,0.2216,0.2393,1.0087,241,7.6689
14316700,aifs,14,-1.2919,0.0589,0.1678,1.3131,241,8.0424
14325000,aifs,14,-0.3582,0.1509,0.1778,0.9262,241,9.7879
14362250,aifs,14,-0.5601,0.0851,0.2063,1.4541,241,5.1978
14400000,aifs,14,-0.4162,0.0936,0.1231,0.9361,241,13.4545
