gauge_id,model,lead,nse,kge,corr,bias,n_days
01013500,ifs,1,0.8988,0.8101,0.9587,0.8614,241
01022500,ifs,1,0.8151,0.7220,0.9225,1.0147,241
01030500,ifs,1,0.8150,0.8029,0.9344,1.0920,241
01031500,ifs,1,0.7397,0.7977,0.8602,0.9842,239
01047000,ifs,1,0.5586,0.7505,0.7637,1.0081,241
01052500,ifs,1,0.4440,0.3740,0.7118,0.6881,241
01054200,ifs,1,0.4076,0.2772,0.7027,0.5528,241
01055000,ifs,1,0.3711,0.5878,0.6351,0.9577,241
01057000,ifs,1,0.7477,0.7071,0.8776,0.9039,241
01073000,ifs,1,0.6290,0.7176,0.8734,1.0970,241
01078000,ifs,1,0.6190,0.5440,0.8309,0.7098,239
01118300,ifs,1,0.2103,0.6132,0.6289,0.9036,239
01121000,ifs,1,0.6072,0.6602,0.8466,1.2847,239
01123000,ifs,1,0.8326,0.8874,0.9128,0.9774,241
01134500,ifs,1,0.7416,0.7626,0.8672,0.8659,239
01137500,ifs,1,0.4600,0.5366,0.6997,0.7916,241
01139000,ifs,1,0.7071,0.8046,0.8497,0.8997,237
01139800,ifs,1,0.7746,0.8462,0.8877,1.0928,241
01142500,ifs,1,0.7322,0.7394,0.8669,0.8667,239
01144000,ifs,1,0.8570,0.9216,0.9316,0.9841,241
01169000,ifs,1,0.6363,0.7549,0.8007,1.0424,239
01170100,ifs,1,0.7339,0.7959,0.8586,0.9300,240
01181000,ifs,1,0.3153,0.5391,0.8052,1.1953,239
01187300,ifs,1,0.6046,0.6739,0.7784,1.0746,241
01195100,ifs,1,0.4000,0.5078,0.6368,0.9196,241
01333000,ifs,1,0.4528,0.6238,0.6928,0.8716,239
01350000,ifs,1,-0.0966,0.3187,0.3704,0.7897,238
01350080,ifs,1,0.4631,0.5835,0.7107,0.7543,241
01350140,ifs,1,0.7353,0.5758,0.9014,0.6426,191
01365000,ifs,1,0.3800,0.5242,0.6337,0.8490,239
01411300,ifs,1,0.2459,0.4547,0.6129,1.3179,232
01413500,ifs,1,0.5165,0.4854,0.7491,0.8230,239
01414500,ifs,1,0.1425,0.1191,0.4538,0.6050,239
01415000,ifs,1,0.4527,0.3224,0.8155,0.6390,196
01423000,ifs,1,0.5228,0.4478,0.7932,0.7322,241
01434025,ifs,1,0.1902,0.5206,0.5961,0.7446,241
01435000,ifs,1,0.3894,0.4805,0.6279,0.8906,240
01439500,ifs,1,0.6629,0.7424,0.8396,0.8260,239
01440000,ifs,1,0.4257,0.7208,0.7539,1.0067,241
01440400,ifs,1,0.6198,0.7871,0.8396,1.0606,215
01451800,ifs,1,0.5319,0.6536,0.7335,1.0724,239
01466500,ifs,1,-1.7731,-0.4351,0.8484,1.0032,239
01484100,ifs,1,-0.3889,0.3774,0.5170,1.3340,241
01485500,ifs,1,-9.5583,-1.9243,0.5049,2.8812,236
01486000,ifs,1,-3.1501,-0.4676,0.4472,1.9535,241
01487000,ifs,1,-0.1611,0.4341,0.6941,1.1325,241
01491000,ifs,1,0.7071,0.6455,0.8617,0.9766,241
01510000,ifs,1,0.7732,0.7237,0.8912,0.9876,241
01516500,ifs,1,0.3425,0.2527,0.6708,0.6045,241
01518862,ifs,1,0.4303,0.3874,0.7275,0.6492,241
01532000,ifs,1,0.5618,0.7790,0.8050,0.9620,239
01539000,ifs,1,0.6085,0.7391,0.7891,0.9200,225
01542810,ifs,1,0.6008,0.5992,0.7890,0.8342,239
01543000,ifs,1,0.6339,0.7344,0.8147,0.8376,241
01543500,ifs,1,0.7305,0.6759,0.8854,0.8089,239
01544500,ifs,1,0.5749,0.4915,0.8590,0.6561,241
01545600,ifs,1,0.4915,0.3786,0.8331,0.6402,241
01547700,ifs,1,0.0801,0.0930,0.3190,0.8056,241
01548500,ifs,1,0.5063,0.3887,0.8437,0.6322,239
01549500,ifs,1,0.5986,0.5299,0.8346,0.6957,239
01550000,ifs,1,0.5607,0.5199,0.8103,0.6940,239
01552000,ifs,1,0.4477,0.6362,0.6993,0.8618,241
01552500,ifs,1,0.4194,0.6997,0.7107,0.9200,241
01557500,ifs,1,0.1797,0.5568,0.5819,1.1403,241
01567500,ifs,1,0.1678,0.3795,0.4705,1.0849,241
01568000,ifs,1,0.4170,0.6014,0.6806,1.1725,241
01580000,ifs,1,0.2745,0.5270,0.5742,0.9528,237
01583500,ifs,1,0.2922,0.4979,0.5857,0.8756,241
01586610,ifs,1,0.3849,0.5737,0.6624,0.8375,207
01591400,ifs,1,0.1287,0.5666,0.5731,1.0741,241
01596500,ifs,1,0.3794,0.3331,0.6572,0.7071,239
01605500,ifs,1,0.2049,0.5983,0.6616,1.1894,239
01606500,ifs,1,0.5992,0.6793,0.7896,0.8171,214
01613050,ifs,1,0.0581,0.4347,0.4778,1.1735,241
01620500,ifs,1,0.4931,0.3662,0.7915,0.5415,239
01632000,ifs,1,0.4341,0.6679,0.7052,1.1425,239
01632900,ifs,1,-0.0159,0.4849,0.6963,1.1520,239
01634500,ifs,1,0.2379,0.4840,0.5397,1.0360,224
01638480,ifs,1,-2.4984,-0.5025,0.5940,2.0394,236
01639500,ifs,1,0.4888,0.6487,0.7219,1.1547,241
01644000,ifs,1,-1.0050,-0.2041,0.7748,2.0030,241
01658500,ifs,1,-0.7130,0.2370,0.4095,1.3620,210
01664000,ifs,1,0.7048,0.8196,0.8445,1.0496,241
01666500,ifs,1,0.2813,0.5632,0.6894,1.3070,226
01667500,ifs,1,0.5071,0.7014,0.7994,1.2116,219
01669000,ifs,1,-0.6310,0.3159,0.5360,1.2173,216
01669520,ifs,1,-3.1179,-0.5718,0.7699,1.9169,239
02011400,ifs,1,0.6104,0.7490,0.7911,1.0908,241
02011460,ifs,1,0.5094,0.5808,0.7222,0.8311,241
02013000,ifs,1,0.6172,0.6034,0.7971,1.0809,241
02014000,ifs,1,0.4246,0.6935,0.6988,1.0267,241
02015700,ifs,1,0.7742,0.8546,0.8812,1.0300,223
02016000,ifs,1,0.8001,0.7465,0.9052,0.8385,241
02017500,ifs,1,0.3811,0.6055,0.8121,1.0969,239
02018000,ifs,1,0.7287,0.8582,0.8705,1.0439,234
02027000,ifs,1,0.7186,0.7336,0.8911,0.7637,221
02027500,ifs,1,0.7207,0.5818,0.9231,0.6293,224
02028500,ifs,1,0.6192,0.6253,0.8083,0.8402,216
02038850,ifs,1,0.0868,0.4211,0.4709,0.8552,239
02046000,ifs,1,0.5425,0.4203,0.8431,1.5567,231
02051000,ifs,1,-0.3653,0.2200,0.2314,1.0524,241
02051500,ifs,1,0.5343,0.6230,0.7693,1.2918,239
02053200,ifs,1,0.2668,0.4111,0.6787,1.4926,210
02053800,ifs,1,0.5527,0.5809,0.7563,0.8866,222
02055100,ifs,1,0.5722,0.6424,0.7600,1.0666,239
02056900,ifs,1,0.3385,0.6818,0.7116,0.9267,216
02059500,ifs,1,0.5805,0.6197,0.8095,0.7565,210
02064000,ifs,1,0.5136,0.4796,0.7563,0.7281,229
02065500,ifs,1,0.5494,0.4778,0.8637,0.6309,239
02069700,ifs,1,0.0626,0.4853,0.5636,1.2628,214
02070000,ifs,1,0.3684,0.5578,0.6750,1.2309,239
02074500,ifs,1,0.1967,0.5370,0.5606,1.0985,241
02077200,ifs,1,0.5651,0.7354,0.8125,1.1518,236
02081500,ifs,1,0.0290,0.3088,0.5910,1.5451,241
02082950,ifs,1,-0.7043,0.0433,0.6496,1.6316,241
02092500,ifs,1,-0.2486,-0.0246,0.6041,1.9423,241
02096846,ifs,1,-0.9639,-0.0325,0.1842,1.6120,241
02102908,ifs,1,0.3792,0.5913,0.6411,0.9522,241
02108000,ifs,1,0.7533,0.7700,0.8719,1.0889,241
02111180,ifs,1,0.2003,0.2702,0.4554,1.0642,241
02111500,ifs,1,0.0177,0.3918,0.4199,1.0116,239
02118500,ifs,1,0.0622,0.5646,0.5817,1.0832,241
02128000,ifs,1,-1.5519,-0.8360,0.5833,2.5876,241
02137727,ifs,1,-0.0733,0.4823,0.4867,1.0562,241
02140991,ifs,1,0.1778,0.5049,0.5633,1.1756,241
02143000,ifs,1,-0.9014,0.2483,0.6870,1.3396,241
02143040,ifs,1,-1.5211,0.0571,0.4594,1.1057,239
02149000,ifs,1,0.0806,0.4707,0.5051,1.1509,241
02152100,ifs,1,-0.7331,0.3088,0.4772,1.1006,241
02177000,ifs,1,0.3554,0.3714,0.6173,1.0652,239
02178400,ifs,1,0.4314,0.6084,0.6686,0.9892,239
02193340,ifs,1,-0.6713,0.2142,0.3289,1.3645,241
02196000,ifs,1,0.3386,0.1717,0.6552,0.5437,241
02198100,ifs,1,-0.3096,0.2022,0.4366,1.5618,240
02202600,ifs,1,-0.3285,-0.8939,-0.4602,1.7161,241
02212600,ifs,1,0.0777,0.3203,0.4159,1.2027,239
02215100,ifs,1,0.4865,0.4616,0.7181,0.8437,241
02216180,ifs,1,0.2380,0.0927,0.5476,0.5968,239
02221525,ifs,1,0.3856,0.5049,0.6360,1.1427,239
02231000,ifs,1,-1.2759,-0.4094,0.6238,2.1504,241
02231342,ifs,1,-0.7501,-0.1320,0.8103,1.7639,241
02235200,ifs,1,-1.0601,0.2211,0.3843,1.3145,240
02245500,ifs,1,-2.5240,-0.3585,0.6019,1.3629,241
02246000,ifs,1,0.2846,0.5642,0.7949,0.9750,239
02296500,ifs,1,0.3855,-0.0722,0.7547,2.0314,230
02297155,ifs,1,0.1923,-0.0201,0.7491,0.3402,240
02297310,ifs,1,0.5734,0.7907,0.7923,0.9937,231
02298123,ifs,1,0.5019,0.4004,0.7638,0.6738,241
02298608,ifs,1,0.4957,0.3682,0.8754,1.6112,241
02299950,ifs,1,0.5854,0.7701,0.7834,0.9429,241
02300700,ifs,1,0.4857,0.5868,0.7055,0.8212,241
02310947,ifs,1,-0.2272,-1.0169,-0.2752,2.3251,241
02312200,ifs,1,-4.5692,-3.2254,-0.0038,5.0497,241
02314500,ifs,1,-0.3491,-0.5635,-0.2574,0.5398,241
02315500,ifs,1,-0.3264,-0.6842,-0.3041,0.4159,241
02324400,ifs,1,-0.2202,-1.0425,-0.5475,0.1095,241
02327100,ifs,1,-3.4696,-1.3767,0.8154,2.8786,239
02349900,ifs,1,0.3582,0.3536,0.6104,1.1244,241
02350900,ifs,1,0.5653,0.5599,0.9022,0.7055,241
02361000,ifs,1,0.6688,0.6807,0.8750,0.7446,241
02363000,ifs,1,0.5523,0.2414,0.9375,0.4680,239
02369800,ifs,1,0.4982,0.3922,0.7542,0.7494,240
02371500,ifs,1,0.5264,0.3526,0.8843,0.8446,241
02372250,ifs,1,0.7090,0.5508,0.9131,0.9739,239
02374500,ifs,1,0.6374,0.6167,0.8122,0.9053,241
02381600,ifs,1,-0.0237,0.0925,0.2338,1.0022,241
02384540,ifs,1,0.1933,0.1647,0.5588,0.7513,241
02395120,ifs,1,-0.6095,0.3473,0.4542,1.0380,241
02408540,ifs,1,-0.1984,0.4734,0.5184,1.0780,241
02415000,ifs,1,0.0087,0.4901,0.4966,1.0778,231
02422500,ifs,1,0.2201,0.5011,0.8050,1.2417,224
02427250,ifs,1,0.5666,0.5918,0.7647,1.2911,241
02430085,ifs,1,0.0276,0.1964,0.3147,1.0276,241
02450250,ifs,1,0.2630,0.3960,0.5252,1.0652,241
02464000,ifs,1,0.3795,0.6179,0.6489,1.0294,241
02465493,ifs,1,0.4147,0.6728,0.7257,1.1781,238
02469800,ifs,1,0.5675,0.4719,0.7988,0.6749,239
02472000,ifs,1,0.8420,0.6869,0.9406,0.8136,241
02472500,ifs,1,0.6781,0.7723,0.8741,0.8978,241
02479155,ifs,1,0.5391,0.3469,0.8531,0.7244,241
02479300,ifs,1,0.6167,0.6483,0.7874,0.8712,241
02481000,ifs,1,0.3769,0.2612,0.6388,0.5679,241
02481510,ifs,1,0.6123,0.4091,0.8492,0.6504,241
03010655,ifs,1,0.6226,0.5207,0.8690,0.6923,212
03011800,ifs,1,0.4083,0.5003,0.6770,0.7955,241
03015500,ifs,1,0.6636,0.8194,0.8321,0.9341,241
03021350,ifs,1,0.4275,0.6894,0.7257,0.8560,239
03026500,ifs,1,0.5609,0.6147,0.7600,0.8621,241
03028000,ifs,1,0.5322,0.6043,0.8002,0.7259,241
03049800,ifs,1,0.1399,0.1003,0.4358,0.6638,239
03050000,ifs,1,0.4603,0.7011,0.7127,0.9576,239
03066000,ifs,1,0.6220,0.6677,0.8001,0.8379,241
03069500,ifs,1,0.5207,0.5453,0.7466,0.7595,239
03070500,ifs,1,0.0362,0.5157,0.6977,1.1172,239
03076600,ifs,1,0.3913,0.4268,0.6691,0.7051,241
03078000,ifs,1,0.1562,0.2406,0.4553,0.7044,241
03140000,ifs,1,0.2467,0.2998,0.4986,0.9079,239
03144000,ifs,1,0.2554,0.5803,0.5984,1.0882,241
03159540,ifs,1,0.2279,0.6175,0.6636,1.1376,241
03161000,ifs,1,0.4153,0.5055,0.6660,0.8954,241
03164000,ifs,1,0.5543,0.7439,0.7808,0.8961,241
03165000,ifs,1,-0.1450,0.3474,0.3597,0.9576,224
03170000,ifs,1,0.6462,0.7044,0.8099,0.9243,241
03173000,ifs,1,0.6212,0.7544,0.8019,0.8802,239
03180500,ifs,1,0.5997,0.5450,0.7995,0.8037,225
03182500,ifs,1,0.6169,0.7317,0.7903,0.9111,239
03186500,ifs,1,0.6566,0.7549,0.8123,0.9445,239
03187500,ifs,1,0.6835,0.8186,0.8447,0.9062,238
03213700,ifs,1,0.3556,0.6638,0.7543,1.1185,241
03237280,ifs,1,0.3088,0.4490,0.5772,0.8031,241
03237500,ifs,1,0.6864,0.7461,0.8338,1.1630,239
03241500,ifs,1,0.4973,0.5283,0.7129,0.8142,228
03280700,ifs,1,-0.6050,0.3312,0.4785,0.8328,213
03281100,ifs,1,-0.4602,0.3749,0.5278,0.8494,239
03281500,ifs,1,0.2872,0.6241,0.7024,0.8150,228
03285000,ifs,1,-0.6604,-0.0239,0.3947,1.7969,238
03291780,ifs,1,0.1356,0.1798,0.3826,0.8625,241
03300400,ifs,1,0.5293,0.6557,0.7349,1.1319,241
03340800,ifs,1,-0.3575,0.3546,0.3697,1.1211,193
03346000,ifs,1,0.5494,0.5236,0.7541,0.7140,241
03364500,ifs,1,0.2805,0.2275,0.5525,0.6902,241
03366500,ifs,1,0.2958,0.2606,0.5599,0.7061,241
03368000,ifs,1,0.0367,-0.0151,0.2655,0.6244,241
03384450,ifs,1,0.1095,-0.0549,0.3542,0.6191,241
03439000,ifs,1,0.0626,0.0730,0.4339,0.6905,239
03450000,ifs,1,0.2601,0.2470,0.5351,0.8924,241
03455500,ifs,1,-0.1140,0.1951,0.3703,0.6866,239
03456500,ifs,1,0.0961,0.2592,0.3985,0.8690,239
03460000,ifs,1,-0.1125,0.4423,0.6086,0.6791,241
03463300,ifs,1,-0.4279,0.4035,0.4904,1.0494,241
03471500,ifs,1,0.5944,0.7028,0.8589,0.7516,239
03473000,ifs,1,0.5236,0.6747,0.7967,0.7819,241
03479000,ifs,1,0.0082,0.4759,0.4825,0.9368,239
03488000,ifs,1,0.5821,0.5888,0.7935,0.7748,241
03498500,ifs,1,0.0270,0.5408,0.5848,0.8302,241
03500000,ifs,1,0.3879,0.6437,0.7514,0.8370,239
03504000,ifs,1,-0.0147,0.4544,0.4913,0.8736,239
03574500,ifs,1,0.3517,0.2943,0.6362,0.6475,241
03604000,ifs,1,0.0762,0.0420,0.3133,0.8214,239
04015330,ifs,1,0.3196,0.2391,0.5897,0.6456,200
04024430,ifs,1,0.6113,0.4943,0.8223,0.6326,241
04027000,ifs,1,0.5840,0.5149,0.7918,0.7225,241
04040500,ifs,1,0.8422,0.7395,0.9311,0.8687,241
04043050,ifs,1,0.7806,0.7832,0.8876,0.8702,182
04045500,ifs,1,0.8962,0.7675,0.9654,0.7892,237
04056500,ifs,1,0.4732,0.3965,0.7862,0.6958,231
04057510,ifs,1,0.8627,0.6499,0.9747,0.7677,161
04057800,ifs,1,0.7988,0.5976,0.9289,0.7155,241
04059500,ifs,1,0.8587,0.8160,0.9323,0.9809,241
04063700,ifs,1,0.8419,0.5519,0.9783,0.6395,241
04074950,ifs,1,0.6867,0.5549,0.9362,0.7550,241
04105700,ifs,1,0.7862,0.7435,0.9023,0.9483,241
04115265,ifs,1,0.4920,0.4997,0.7118,0.9922,241
04122200,ifs,1,0.7385,0.7057,0.8781,0.8886,241
04122500,ifs,1,0.8587,0.8322,0.9362,0.9360,239
04124000,ifs,1,0.9142,0.9125,0.9674,1.0622,241
04127997,ifs,1,0.6914,0.6238,0.8624,0.9429,204
04185000,ifs,1,0.8684,0.8786,0.9325,0.9979,218
04196800,ifs,1,0.8514,0.8350,0.9243,0.9105,241
04197100,ifs,1,0.6764,0.7508,0.8360,1.1851,241
04197170,ifs,1,0.2830,0.4288,0.5512,0.8377,241
04213000,ifs,1,0.4607,0.7012,0.7203,0.9072,239
04213075,ifs,1,0.1901,0.3079,0.4640,0.8580,237
04216418,ifs,1,0.5402,0.6768,0.7440,1.1086,241
04221000,ifs,1,0.2965,0.2785,0.7034,0.5685,241
04224775,ifs,1,0.3673,0.3098,0.6937,0.6140,239
04256000,ifs,1,0.8185,0.8243,0.9253,1.1265,239
04296000,ifs,1,0.6277,0.6394,0.8069,0.8456,241
05057000,ifs,1,-1.0280,0.0619,0.6314,0.4988,163
05057200,ifs,1,0.5854,0.7019,0.7667,1.0112,240
05062500,ifs,1,0.6826,0.6229,0.8508,0.8743,202
05087500,ifs,1,0.3291,0.4292,0.5754,1.0198,241
05120500,ifs,1,-10.0006,-1.4892,-0.0649,3.1891,210
05123400,ifs,1,-0.3950,-0.6564,-0.0244,0.1567,240
05129115,ifs,1,-0.8203,-0.8897,-0.2533,0.0000,241
05131500,ifs,1,0.0832,-0.0279,0.7516,0.4002,145
05291000,ifs,1,0.1152,0.1234,0.5180,0.5822,241
05362000,ifs,1,0.7289,0.7668,0.8647,0.8236,240
05393500,ifs,1,0.6864,0.7481,0.8334,0.8645,241
05399500,ifs,1,0.1034,0.5906,0.6166,1.0163,239
05408000,ifs,1,0.4215,0.4951,0.6576,0.9129,240
05412500,ifs,1,0.4959,0.4288,0.8485,0.6698,241
05413500,ifs,1,0.3122,0.6166,0.6987,0.8120,211
05414000,ifs,1,0.1671,0.2919,0.7721,0.6264,207
05444000,ifs,1,0.1436,0.4223,0.5577,0.6833,239
05454000,ifs,1,-0.2945,0.4317,0.5305,0.8436,241
05458000,ifs,1,0.5014,0.4812,0.7310,0.7617,241
05466500,ifs,1,0.7036,0.6762,0.8498,0.9774,239
05487980,ifs,1,-0.2622,0.3364,0.3393,0.9582,239
05488200,ifs,1,0.0766,0.3995,0.4597,0.8077,239
05489000,ifs,1,0.0711,0.3260,0.4261,0.7492,239
05495000,ifs,1,-0.1454,0.3816,0.6060,1.3663,239
05495500,ifs,1,0.4138,0.4160,0.6552,0.6388,235
05501000,ifs,1,0.2846,0.3104,0.5380,0.7373,239
05503800,ifs,1,0.1851,0.5002,0.5283,1.0021,241
05507600,ifs,1,-0.3221,0.3997,0.4240,1.1057,241
05508805,ifs,1,-0.3168,0.2142,0.5815,1.5585,239
05514500,ifs,1,0.2313,0.5802,0.5872,1.0083,239
05525500,ifs,1,0.5569,0.7207,0.8135,1.1637,239
05556500,ifs,1,-0.1316,0.2679,0.3872,0.6226,241
05584500,ifs,1,0.7230,0.7840,0.8560,0.8597,239
05585000,ifs,1,0.7453,0.6704,0.8785,0.7857,241
05591550,ifs,1,-0.2263,0.3086,0.3189,1.0483,239
05592050,ifs,1,0.1054,0.3025,0.4079,0.8844,222
05592575,ifs,1,0.0837,0.2996,0.4054,0.8092,239
05593575,ifs,1,-0.3541,0.1860,0.4822,1.5829,241
05593900,ifs,1,-0.5511,0.2172,0.2203,1.0696,239
05595730,ifs,1,-0.4247,0.2525,0.4252,1.4368,241
06037500,ifs,1,-2.1905,0.4074,0.8611,1.2896,241
06043500,ifs,1,0.5028,0.4538,0.9639,1.3052,241
06154410,ifs,1,0.2587,0.6267,0.7009,0.8572,241
06188000,ifs,1,0.8673,0.9134,0.9384,0.9639,241
06191500,ifs,1,0.7558,0.7023,0.9406,1.1029,241
06221400,ifs,1,0.8381,0.8877,0.9285,1.0338,241
06224000,ifs,1,0.7184,0.8506,0.8562,1.0298,241
06289000,ifs,1,0.2791,0.5613,0.6386,0.8345,241
06332515,ifs,1,-0.0125,-0.1479,0.5634,0.6249,118
06339100,ifs,1,-0.1192,0.3098,0.4239,1.3763,177
06339500,ifs,1,-0.1060,-0.0072,0.8011,0.2320,171
06344600,ifs,1,-2.9357,-1.6886,0.1972,3.5659,180
06350000,ifs,1,-4.0260,-0.7050,0.2585,2.1686,241
06352000,ifs,1,-0.0159,-0.1017,0.5176,1.3441,240
06353000,ifs,1,-0.0007,-0.1111,0.5179,0.8147,239
06354000,ifs,1,0.4171,0.2660,0.9055,0.4567,176
06360500,ifs,1,0.1282,0.1448,0.5293,1.5403,142
06404000,ifs,1,-2.8124,-0.2992,-0.0777,1.5286,208
06406000,ifs,1,-163.7873,-3.7937,0.9024,5.7450,183
06408700,ifs,1,-1568.9132,-3.9676,0.2333,1.5086,241
06409000,ifs,1,-1.1468,0.6401,0.9046,1.2496,196
06431500,ifs,1,-0.9731,0.4484,0.4574,1.0898,230
06440200,ifs,1,0.1538,-0.1245,0.4516,0.2190,163
06441500,ifs,1,-0.7671,-1.2631,0.2027,2.9336,180
06447000,ifs,1,0.3828,0.1267,0.8442,0.4995,143
06447500,ifs,1,-0.0823,-0.0474,0.5885,0.6962,241
06450500,ifs,1,0.0877,-0.0185,0.4402,1.0657,211
06452000,ifs,1,0.0075,-0.2952,0.1421,1.0157,178
06453600,ifs,1,-0.0928,-0.0745,0.4955,1.6796,238
06464500,ifs,1,-0.5390,0.3262,0.6415,1.2617,178
06477500,ifs,1,-60.5544,-7.3686,0.1674,6.3096,240
06479215,ifs,1,0.0733,0.2491,0.3959,0.7382,241
06479438,ifs,1,0.2574,-0.0571,0.8844,0.2697,241
06601000,ifs,1,-0.6608,0.2323,0.6432,1.0091,241
06614800,ifs,1,0.7887,0.6362,0.9367,1.3328,241
06622700,ifs,1,-0.2726,0.1704,0.7634,1.6066,241
06623800,ifs,1,0.8276,0.9088,0.9154,0.9684,241
06632400,ifs,1,-0.3118,0.3262,0.4621,1.3842,241
06784000,ifs,1,-1.2416,0.3851,0.6170,1.3859,241
06803510,ifs,1,-0.1654,-0.1570,0.0287,0.7311,241
06803530,ifs,1,-0.2107,-0.1103,0.0316,0.8215,241
06814000,ifs,1,-2.7058,-0.1698,0.1048,0.9979,241
06846500,ifs,1,-0.0093,-0.4706,-0.0557,1.3847,241
06847900,ifs,1,-90.9474,-7.8778,0.1509,2.7669,241
06853800,ifs,1,-0.4351,-0.0750,0.3820,1.8707,241
06876700,ifs,1,0.2465,0.4961,0.8067,1.1536,241
06878000,ifs,1,-1.0923,0.2055,0.3530,1.0683,241
06879650,ifs,1,-0.1836,-0.0870,0.1046,0.6061,240
06885500,ifs,1,0.0103,0.0903,0.3083,0.5967,241
06888500,ifs,1,-0.0443,-0.1838,0.1460,0.4896,241
06889200,ifs,1,-0.1816,0.1968,0.2602,0.8037,241
06889500,ifs,1,-1.9254,-0.0416,0.1500,1.2579,241
06892000,ifs,1,-0.1766,0.4755,0.5318,0.8880,241
06903400,ifs,1,0.2598,0.1023,0.5424,0.3915,241
06906800,ifs,1,0.5010,0.5352,0.7106,0.8035,241
06910800,ifs,1,0.0280,-0.1357,0.2298,0.5479,241
06911900,ifs,1,-0.0016,-0.0883,0.2156,0.5560,241
06917000,ifs,1,0.4936,0.5262,0.7109,0.7238,241
06918460,ifs,1,0.4718,0.5963,0.6928,1.0959,241
06919500,ifs,1,0.4368,0.6820,0.7244,0.8417,241
06921070,ifs,1,0.0778,0.3709,0.4305,0.8926,241
06921200,ifs,1,0.1377,-0.0383,0.4303,0.4189,241
06934000,ifs,1,0.6805,0.7940,0.8428,0.8700,240
07014500,ifs,1,0.4808,0.3378,0.8126,0.7859,241
07056000,ifs,1,0.2147,0.4890,0.5347,0.9334,241
07057500,ifs,1,0.3323,0.4145,0.5982,0.8662,233
07060710,ifs,1,-0.0001,-0.3930,0.0294,1.0572,241
07066000,ifs,1,0.2435,0.2690,0.5365,0.8035,241
07067000,ifs,1,0.3368,0.4125,0.8569,0.5714,241
07068000,ifs,1,0.3173,0.3793,0.7466,0.7594,240
07071500,ifs,1,-0.1672,0.3539,0.4734,0.7942,241
07083000,ifs,1,-1.3403,-0.3396,0.8924,1.6899,241
07142300,ifs,1,-8.0294,-5.1223,-0.0020,6.9802,241
07145700,ifs,1,0.1577,0.0666,0.4154,0.4768,238
07148400,ifs,1,-1.1442,-0.0962,0.8322,1.5113,241
07149000,ifs,1,0.2968,0.4293,0.8962,1.5085,241
07151500,ifs,1,0.3581,0.1754,0.7191,0.6047,241
07167500,ifs,1,0.1726,-0.0849,0.5119,1.5900,241
07180500,ifs,1,-0.0494,-0.1475,0.1312,0.6156,241
07184000,ifs,1,0.2798,0.4107,0.5687,0.6774,239
07195800,ifs,1,-0.0321,0.4957,0.4963,0.9929,239
07196900,ifs,1,0.0648,0.1586,0.3179,0.9769,240
07197000,ifs,1,0.4260,0.6108,0.6662,1.0054,241
07208500,ifs,1,0.0727,0.5077,0.7373,1.0692,241
07226500,ifs,1,-0.0209,-0.5513,-0.0192,0.2690,239
07261000,ifs,1,0.2364,0.2997,0.5236,1.3431,239
07263295,ifs,1,0.0469,-0.9116,0.4880,2.7559,239
07290650,ifs,1,0.3403,0.5003,0.6286,0.7338,241
07291000,ifs,1,-8.6340,-1.2925,0.1888,0.7464,241
07292500,ifs,1,-4.3071,-0.5474,0.2720,1.0356,241
07295000,ifs,1,-0.2741,0.2201,0.2689,0.7730,241
07299670,ifs,1,0.0426,-0.0871,0.3059,1.6241,231
07301410,ifs,1,-0.1174,0.0028,0.1845,0.7561,230
07301500,ifs,1,-0.1863,-0.5711,0.0441,1.7843,203
07315200,ifs,1,-2.0744,-0.3345,0.2035,1.8541,161
07315700,ifs,1,-0.1590,0.0484,0.7778,1.6722,218
07335700,ifs,1,0.0506,-0.0409,0.3148,0.5214,232
07340300,ifs,1,0.1375,0.3701,0.4718,0.7838,241
07346045,ifs,1,-0.3463,-0.0839,0.6760,0.3580,241
07359610,ifs,1,-0.0972,0.1507,0.4119,1.5828,241
07362100,ifs,1,0.3279,0.2625,0.7361,1.6761,241
07362587,ifs,1,0.0052,-0.2501,0.3826,2.0146,239
07373000,ifs,1,-0.0180,0.0397,0.3195,0.5731,237
07375000,ifs,1,0.2131,0.3353,0.5316,0.6063,241
07376000,ifs,1,0.8173,0.8139,0.9098,0.8489,241
08013000,ifs,1,0.6200,0.4642,0.8576,0.7478,241
08014500,ifs,1,0.4942,0.3305,0.8229,0.6530,241
08023080,ifs,1,-0.0936,-0.2299,0.2313,1.8445,241
08025500,ifs,1,0.4897,0.7130,0.7449,1.1315,241
08029500,ifs,1,0.4669,0.5562,0.6994,1.2169,241
08050800,ifs,1,-0.0373,-0.0092,0.2012,0.6867,240
08066200,ifs,1,0.0362,0.2979,0.4127,0.6886,241
08066300,ifs,1,0.8318,0.6146,0.9163,0.6420,241
08070000,ifs,1,-0.3546,0.0409,0.8437,1.4123,241
08070200,ifs,1,0.2468,0.6473,0.6693,0.9651,241
08079600,ifs,1,-7.8207,-3.0624,0.0378,4.5238,196
08082700,ifs,1,0.0769,-0.0284,0.2801,0.7631,227
08086212,ifs,1,-0.0280,-0.2551,0.0819,1.4372,241
08086290,ifs,1,-0.2343,-0.6646,0.0364,2.2661,241
08101000,ifs,1,-0.7596,0.1039,0.6311,1.4386,241
08103900,ifs,1,0.1502,0.1057,0.3980,0.7093,241
08104900,ifs,1,-1.8241,-0.0483,0.1026,0.7009,241
08109700,ifs,1,-0.5514,0.1140,0.6062,1.5692,224
08150800,ifs,1,0.2231,0.0533,0.6683,0.6237,241
08155200,ifs,1,-0.3500,-0.6768,0.3084,2.5147,241
08158700,ifs,1,-4.4983,-7.7863,0.2382,9.7038,241
08158810,ifs,1,-0.0011,0.0082,0.2040,0.9541,241
08164000,ifs,1,0.2527,0.2801,0.7613,1.6053,241
08164300,ifs,1,0.3393,0.4395,0.5846,0.9218,238
08164600,ifs,1,-3.7361,-3.1687,0.5437,4.8854,241
08165300,ifs,1,0.1826,0.0924,0.4920,1.0239,241
08171300,ifs,1,-33.3863,-33.3753,0.3575,35.1338,241
08175000,ifs,1,0.3270,0.4436,0.7171,0.5364,241
08176900,ifs,1,-23.1637,-7.2502,0.2239,8.2734,241
08178880,ifs,1,0.2458,0.1819,0.5242,0.4648,241
08189500,ifs,1,-1.0499,-0.1047,0.5813,1.7039,241
08190000,ifs,1,0.4563,0.3556,0.7734,1.0104,241
08190500,ifs,1,0.5867,-0.1844,0.9230,2.1466,235
08194200,ifs,1,-0.8130,-0.6841,0.8160,2.3358,241
08195000,ifs,1,0.5341,0.3060,0.9393,0.7631,241
08196000,ifs,1,-0.0820,0.0735,0.3093,1.5411,229
08198500,ifs,1,0.8725,0.8385,0.9375,1.0461,241
08200000,ifs,1,0.4709,0.4557,0.6915,0.7467,241
08202700,ifs,1,-0.9186,0.1877,0.3338,1.3079,240
08267500,ifs,1,-21.8219,-2.2670,0.6977,2.6309,241
08269000,ifs,1,-3.4771,-0.3726,0.7026,1.6965,241
08271000,ifs,1,-44.5455,-4.1956,0.7771,2.4602,241
08324000,ifs,1,0.1942,0.6045,0.7173,1.1224,241
08377900,ifs,1,-3.4855,-0.4050,0.5037,1.3288,241
08378500,ifs,1,-5.6015,-0.9263,0.5890,1.2955,233
08380500,ifs,1,-2.4141,-0.1140,0.5058,1.6391,241
09034900,ifs,1,0.2005,0.2530,0.8752,1.5548,237
09035900,ifs,1,0.5643,0.7543,0.8265,1.0808,207
09047700,ifs,1,-3.9409,-0.8490,0.8902,1.3845,239
09065500,ifs,1,0.7524,0.6827,0.9402,1.1204,241
09066000,ifs,1,-0.8278,0.2039,0.5951,1.1483,241
09066200,ifs,1,0.7187,0.6592,0.9256,1.2085,241
09066300,ifs,1,-0.3097,0.0150,0.8088,1.7775,241
09081600,ifs,1,0.1294,0.6001,0.6216,1.0165,241
09107000,ifs,1,-1.0830,0.0178,0.7053,1.2244,240
09210500,ifs,1,-1.3975,0.0896,0.7375,1.5407,214
09223000,ifs,1,-2.7021,-0.5475,0.8818,1.9765,180
09306242,ifs,1,-381.1786,-4.1813,0.8972,6.0605,239
09312600,ifs,1,-2.1127,-0.6227,0.4939,2.3998,241
09352900,ifs,1,-0.5693,0.3126,0.5758,1.2628,211
09378170,ifs,1,0.2561,0.2676,0.5415,1.3166,241
09378630,ifs,1,,,,,241
09386900,ifs,1,-1.4026,-0.1652,0.0162,1.6052,241
09404450,ifs,1,0.7292,0.7522,0.8694,0.9242,241
09430500,ifs,1,-1.0040,0.1250,0.5886,0.2592,241
09430600,ifs,1,0.1491,-0.0067,0.7501,0.2476,241
09447800,ifs,1,-2.2249,-0.6393,0.0345,2.0347,241
09480000,ifs,1,-0.6878,-3.7226,-0.0281,5.5978,241
09484000,ifs,1,-1.4268,-1.0803,0.2327,2.9019,216
09484600,ifs,1,-2.1040,-1.9127,0.1556,3.7380,240
09492400,ifs,1,-0.9675,0.1618,0.7830,1.6555,240
09494000,ifs,1,0.3148,0.6360,0.6402,1.0163,241
09497800,ifs,1,-0.1100,-0.6239,-0.2523,1.5138,241
09497980,ifs,1,-0.4593,0.1733,0.1817,0.9886,210
09505200,ifs,1,0.5523,0.6936,0.7628,1.1755,241
09505350,ifs,1,0.6458,0.4528,0.8140,1.5035,241
09505800,ifs,1,0.0247,0.4916,0.6669,1.2347,241
09508300,ifs,1,-2.0829,-0.0442,0.2595,1.1258,241
09510200,ifs,1,-2.8714,-1.1811,0.0921,2.8456,222
09512280,ifs,1,-0.0630,-0.9749,-0.1013,2.3755,241
09513780,ifs,1,-3.9109,-6.0749,0.0485,8.0040,240
10023000,ifs,1,-14.8313,-0.6558,0.0845,2.2354,241
10166430,ifs,1,-13199.2404,-90.1767,0.5608,72.6693,241
10172700,ifs,1,-29.6175,-0.2745,0.6215,2.0121,241
10172800,ifs,1,-9.7718,-0.8905,0.8071,2.3630,241
10173450,ifs,1,-0.3796,0.3958,0.4181,0.9954,241
10205030,ifs,1,-188.2095,-9.8362,-0.0167,2.3202,241
10234500,ifs,1,-0.0971,-0.2773,-0.0321,0.8585,237
10242000,ifs,1,-29.1128,-3.7047,0.4140,4.5007,241
10244950,ifs,1,-36.8684,-1.5479,0.7138,1.5589,241
10249300,ifs,1,-44.3654,-4.5685,0.5174,4.3301,240
10258000,ifs,1,,,,,69
10258500,ifs,1,0.0410,-0.2580,0.2240,0.4216,241
10259000,ifs,1,0.7321,0.7333,0.8684,1.0819,241
10259200,ifs,1,-7.3589,-5.0486,0.6846,6.6124,241
10263500,ifs,1,-0.4714,0.1222,0.8217,1.2625,241
10310500,ifs,1,-1.4056,0.2087,0.8925,1.7595,241
10316500,ifs,1,-0.3412,0.3308,0.6760,1.2440,241
10329500,ifs,1,-0.2439,0.1366,0.8815,1.2868,241
10336645,ifs,1,0.5132,0.6839,0.7364,1.1253,227
10336660,ifs,1,0.5344,0.7311,0.7494,1.0385,241
10343500,ifs,1,0.6035,0.4719,0.8731,0.7785,241
10348850,ifs,1,-2.2784,-0.0017,0.8218,1.7231,241
10396000,ifs,1,-0.0345,0.4993,0.7274,1.2375,241
11098000,ifs,1,-0.2967,0.1602,0.6928,1.5828,241
11124500,ifs,1,-2.7161,-1.0491,0.9528,2.4618,241
11141280,ifs,1,0.7472,0.6368,0.8948,1.1186,241
11143000,ifs,1,0.6830,0.6521,0.8705,1.3150,241
11148900,ifs,1,0.5988,0.3373,0.8452,0.5692,241
11151300,ifs,1,0.8844,0.5446,0.9568,1.4000,241
11162500,ifs,1,0.6903,0.5330,0.8696,0.7193,241
11176400,ifs,1,0.5556,0.3795,0.7893,0.6277,144
11180500,ifs,1,-0.0706,-0.3047,0.8247,2.1101,241
11180960,ifs,1,-0.7000,-0.5993,0.5214,2.4792,241
11224500,ifs,1,0.0896,-0.2964,0.4430,0.1998,241
11253310,ifs,1,0.3833,0.4413,0.6423,0.6289,241
11264500,ifs,1,-0.4668,0.2163,0.2223,0.9277,241
11266500,ifs,1,-0.3092,0.3370,0.3390,1.0495,241
11274500,ifs,1,0.7890,0.7093,0.9017,1.2688,241
11274630,ifs,1,0.8358,0.7803,0.9292,1.1882,241
11284400,ifs,1,-0.0276,-0.4514,0.2879,0.1508,241
11299600,ifs,1,0.4799,0.2506,0.8158,0.6007,238
11381500,ifs,1,0.5813,0.4675,0.8357,1.0160,241
11383500,ifs,1,0.7036,0.6016,0.8759,1.1011,241
11451100,ifs,1,0.5523,0.5872,0.7467,1.0034,106
11468500,ifs,1,0.5813,0.5606,0.7767,0.9206,241
11473900,ifs,1,0.4929,0.4206,0.7542,0.9355,241
11475560,ifs,1,-0.3224,0.3178,0.6637,1.2617,241
11476600,ifs,1,0.3042,0.6297,0.7041,1.1764,240
11478500,ifs,1,-0.0191,0.3746,0.5816,1.4340,241
11480390,ifs,1,0.3972,0.5072,0.6316,1.0021,241
11481200,ifs,1,0.1559,0.5182,0.6266,1.2870,241
11482500,ifs,1,0.0785,0.1842,0.8267,1.5789,241
11522500,ifs,1,0.3264,0.4111,0.7599,1.5233,241
11523200,ifs,1,-0.3718,0.0427,0.7475,1.8029,241
11528700,ifs,1,0.6083,0.5543,0.8034,1.1223,241
11532500,ifs,1,0.5551,0.6917,0.8076,1.2176,241
12010000,ifs,1,0.8704,0.8506,0.9366,0.8895,241
12013500,ifs,1,0.8463,0.8924,0.9313,1.0366,241
12020000,ifs,1,0.5832,0.6104,0.7909,0.6960,241
12025000,ifs,1,0.7754,0.8018,0.9075,1.1380,241
12025700,ifs,1,0.7341,0.7540,0.8647,0.8433,241
12035000,ifs,1,0.8361,0.8779,0.9299,1.0176,241
12040500,ifs,1,0.7537,0.8765,0.8787,0.9813,241
12041200,ifs,1,0.4863,0.5955,0.8669,1.0165,241
12043000,ifs,1,0.8253,0.8505,0.9104,0.9288,241
12048000,ifs,1,0.5886,0.7530,0.8513,1.1973,241
12054000,ifs,1,0.2708,0.4313,0.8739,1.3711,241
12056500,ifs,1,0.5208,0.6246,0.8684,0.9788,241
12073500,ifs,1,0.6365,0.7871,0.8243,1.0956,240
12082500,ifs,1,0.4715,0.4236,0.7243,1.0057,235
12092000,ifs,1,0.2679,0.4163,0.5315,0.9987,241
12095000,ifs,1,0.6126,0.6400,0.7886,0.8864,241
12114500,ifs,1,0.6792,0.6141,0.8491,1.1334,241
12115000,ifs,1,0.6654,0.6319,0.8319,1.1088,241
12115500,ifs,1,0.6148,0.6034,0.7957,0.9986,241
12117000,ifs,1,0.7047,0.7671,0.8423,1.0653,241
12141300,ifs,1,0.4655,0.5394,0.6980,1.2155,241
12143600,ifs,1,0.5618,0.5261,0.7733,1.2675,238
12144000,ifs,1,0.6495,0.6903,0.8099,1.0711,240
12145500,ifs,1,0.8375,0.8939,0.9154,0.9898,241
12147600,ifs,1,0.4695,0.5763,0.6868,1.0598,241
12167000,ifs,1,0.7838,0.7094,0.9143,1.2756,241
12175500,ifs,1,0.1491,0.6035,0.6399,1.1188,241
12186000,ifs,1,0.5243,0.6661,0.7684,1.2278,238
12189500,ifs,1,0.4897,0.6302,0.8114,1.3145,240
12358500,ifs,1,0.6351,0.7894,0.8476,1.0811,241
12377150,ifs,1,0.5612,0.7820,0.7822,1.0045,241
12381400,ifs,1,0.3163,0.4797,0.8627,1.2413,208
12390700,ifs,1,0.4300,0.6328,0.7050,1.1779,241
12411000,ifs,1,0.8010,0.7498,0.9148,1.2211,230
12414500,ifs,1,0.6791,0.6978,0.8345,0.9081,241
12447390,ifs,1,-0.1989,-0.2468,0.2344,0.3526,241
12451000,ifs,1,0.4665,0.6785,0.8030,1.2142,241
12488500,ifs,1,0.6252,0.7337,0.8198,1.1671,241
13011500,ifs,1,0.7333,0.6246,0.9374,1.2870,241
13011900,ifs,1,0.7923,0.8127,0.9236,0.9577,241
13018300,ifs,1,-0.4333,0.0001,0.9306,1.4722,241
13023000,ifs,1,0.5465,0.7689,0.8135,0.9029,199
13161500,ifs,1,0.7394,0.6962,0.8915,0.7846,241
13235000,ifs,1,0.5833,0.6668,0.7781,0.8957,239
13240000,ifs,1,0.7933,0.8563,0.8911,1.0188,162
13310700,ifs,1,0.5900,0.5034,0.9000,0.6721,241
13313000,ifs,1,0.6967,0.4852,0.9587,0.6444,241
13331500,ifs,1,0.4919,0.5396,0.8986,1.2148,241
13337000,ifs,1,0.6695,0.7023,0.8455,0.8350,241
13338500,ifs,1,0.8120,0.8638,0.9168,1.1015,241
13340000,ifs,1,0.4911,0.6330,0.7502,0.8009,241
13340600,ifs,1,0.5948,0.6224,0.8701,0.7145,241
14020000,ifs,1,0.5039,0.3340,0.8515,0.7113,241
14092750,ifs,1,0.7588,0.6533,0.9133,0.8945,241
14096850,ifs,1,-1.0540,0.4181,0.8819,0.4315,241
14137000,ifs,1,0.6749,0.6142,0.8452,1.0449,236
14138800,ifs,1,0.6086,0.6376,0.7837,1.0050,241
14138870,ifs,1,0.7868,0.8137,0.8885,0.9271,241
14138900,ifs,1,0.4170,0.4669,0.6476,0.9790,241
14139800,ifs,1,0.7620,0.7866,0.8744,0.9406,239
14141500,ifs,1,0.7694,0.7492,0.8833,0.9309,241
14154500,ifs,1,0.8431,0.7929,0.9244,1.1047,241
14158500,ifs,1,0.7591,0.6882,0.9127,1.0848,226
14158790,ifs,1,0.6778,0.7052,0.8280,1.1262,237
14166500,ifs,1,0.5791,0.5256,0.7906,0.9374,241
14182500,ifs,1,0.5738,0.5221,0.7837,0.8040,241
14185000,ifs,1,0.7217,0.6807,0.8629,0.9879,241
14185900,ifs,1,0.6084,0.6923,0.7801,1.0203,238
14187000,ifs,1,0.6600,0.6682,0.8182,1.0566,239
14216500,ifs,1,0.8931,0.8274,0.9526,1.0397,238
14222500,ifs,1,0.8873,0.8190,0.9466,1.1654,241
14236200,ifs,1,0.7929,0.7716,0.8961,0.8988,240
14301000,ifs,1,0.8870,0.8659,0.9522,1.0936,240
14303200,ifs,1,0.8241,0.6997,0.9347,1.0751,241
14305500,ifs,1,0.7822,0.8204,0.8906,1.1371,239
14306340,ifs,1,0.6679,0.5512,0.8597,0.8107,241
14306500,ifs,1,0.8263,0.7328,0.9273,0.9489,241
14308990,ifs,1,0.5528,0.4492,0.8128,0.9337,241
14309500,ifs,1,0.6148,0.6877,0.7842,1.0042,241
14316700,ifs,1,0.7771,0.6923,0.9018,1.0635,241
14325000,ifs,1,0.6386,0.7996,0.8136,1.0642,241
14362250,ifs,1,0.2935,0.1593,0.6826,0.5203,148
14400000,ifs,1,0.6178,0.8117,0.8212,1.0020,241
01013500,ifs,2,0.8969,0.8082,0.9579,0.8602,241
01022500,ifs,2,0.7788,0.6882,0.9055,1.0102,241
01030500,ifs,2,0.8139,0.8077,0.9327,1.0895,241
01031500,ifs,2,0.7420,0.8414,0.8633,1.0118,239
01047000,ifs,2,0.5758,0.7737,0.7791,1.0202,241
01052500,ifs,2,0.5457,0.4721,0.7736,0.7332,241
01054200,ifs,2,0.5619,0.3453,0.8301,0.5498,241
01055000,ifs,2,0.4586,0.6261,0.6880,0.9385,241
01057000,ifs,2,0.7375,0.7136,0.8694,0.8933,241
01073000,ifs,2,0.7116,0.7190,0.9078,1.1318,241
01078000,ifs,2,0.5160,0.4929,0.7618,0.7002,239
01118300,ifs,2,0.3859,0.6088,0.6633,0.8579,239
01121000,ifs,2,0.4184,0.5225,0.8322,1.3362,239
01123000,ifs,2,0.8311,0.8491,0.9125,0.9699,241
01134500,ifs,2,0.7205,0.7552,0.8555,0.8590,239
01137500,ifs,2,0.4762,0.5377,0.7109,0.7924,241
01139000,ifs,2,0.7095,0.7855,0.8494,0.8934,237
01139800,ifs,2,0.7952,0.8511,0.8958,1.0760,241
01142500,ifs,2,0.7068,0.6799,0.8610,0.8412,239
01144000,ifs,2,0.8564,0.9147,0.9284,0.9555,241
01169000,ifs,2,0.6210,0.7209,0.7890,1.0357,239
01170100,ifs,2,0.7110,0.7664,0.8455,0.9244,240
01181000,ifs,2,0.6115,0.7362,0.8376,1.1711,239
01187300,ifs,2,0.4740,0.6726,0.7218,1.1558,241
01195100,ifs,2,0.3141,0.4768,0.5792,0.9028,241
01333000,ifs,2,0.5325,0.5720,0.7397,0.8550,239
01350000,ifs,2,0.1614,0.1620,0.4205,0.7150,238
01350080,ifs,2,0.6577,0.5500,0.8502,0.7246,241
01350140,ifs,2,0.7049,0.5850,0.8791,0.6464,191
01365000,ifs,2,0.5286,0.5408,0.7389,0.8640,239
01411300,ifs,2,0.1641,0.3428,0.5131,1.2800,232
01413500,ifs,2,0.4869,0.4375,0.7413,0.8054,239
01414500,ifs,2,0.1115,0.0724,0.4255,0.5868,239
01415000,ifs,2,0.3740,0.3150,0.7101,0.6381,196
01423000,ifs,2,0.4675,0.4506,0.7319,0.7425,241
01434025,ifs,2,0.2823,0.5817,0.6516,0.7686,241
01435000,ifs,2,0.4143,0.5601,0.6520,0.9173,240
01439500,ifs,2,0.6753,0.6841,0.8502,0.8135,239
01440000,ifs,2,0.6981,0.7336,0.8378,0.9540,241
01440400,ifs,2,0.7630,0.8420,0.8742,1.0184,215
01451800,ifs,2,-0.0124,0.4735,0.4899,1.1290,239
01466500,ifs,2,-1.8469,-0.4679,0.8552,1.0035,239
01484100,ifs,2,-0.0170,0.4878,0.6009,1.3135,241
01485500,ifs,2,-8.8534,-1.7520,0.4537,2.7377,236
01486000,ifs,2,-3.1010,-0.4080,0.3547,1.8895,241
01487000,ifs,2,0.2475,0.6362,0.7207,1.0885,241
01491000,ifs,2,0.6812,0.6274,0.8458,0.9717,241
01510000,ifs,2,0.6547,0.7080,0.8097,0.9987,241
01516500,ifs,2,0.2736,0.2455,0.5824,0.6127,241
01518862,ifs,2,0.3369,0.3843,0.6376,0.6659,241
01532000,ifs,2,0.4747,0.7452,0.7635,0.9761,239
01539000,ifs,2,0.5516,0.7168,0.7577,0.9192,225
01542810,ifs,2,0.4025,0.4800,0.6456,0.8350,239
01543000,ifs,2,0.4880,0.6519,0.7271,0.8357,241
01543500,ifs,2,0.6408,0.6200,0.8341,0.8000,239
01544500,ifs,2,0.5505,0.4526,0.8622,0.6476,241
01545600,ifs,2,0.4765,0.3536,0.8420,0.6328,241
01547700,ifs,2,0.0641,0.0368,0.2907,0.7782,241
01548500,ifs,2,0.4612,0.3739,0.8043,0.6314,239
01549500,ifs,2,0.5706,0.5114,0.8184,0.6933,239
01550000,ifs,2,0.5153,0.4944,0.7802,0.6936,239
01552000,ifs,2,0.4196,0.6143,0.6848,0.8431,241
01552500,ifs,2,0.2260,0.6267,0.6436,0.9128,241
01557500,ifs,2,0.1035,0.4340,0.4733,1.0838,241
01567500,ifs,2,0.1797,0.3331,0.4574,1.0655,241
01568000,ifs,2,0.3455,0.5334,0.6255,1.1709,241
01580000,ifs,2,0.2053,0.5060,0.5390,0.9632,237
01583500,ifs,2,0.2902,0.4464,0.5757,0.8608,241
01586610,ifs,2,0.3425,0.4870,0.6269,0.8170,207
01591400,ifs,2,-0.3848,0.3326,0.3389,1.0830,241
01596500,ifs,2,0.3873,0.3355,0.6654,0.7250,239
01605500,ifs,2,0.3530,0.5971,0.6482,1.1418,239
01606500,ifs,2,0.5779,0.5741,0.7835,0.7872,214
01613050,ifs,2,0.1725,0.4589,0.5199,1.1609,241
01620500,ifs,2,0.4571,0.3424,0.7698,0.5323,239
01632000,ifs,2,0.4806,0.6019,0.6954,1.0377,239
01632900,ifs,2,0.4105,0.7115,0.7234,1.0619,239
01634500,ifs,2,0.3169,0.4505,0.5699,1.0013,224
01638480,ifs,2,-1.4277,-0.1971,0.5727,1.9473,236
01639500,ifs,2,0.3784,0.5577,0.6397,1.1314,241
01644000,ifs,2,-0.5251,-0.0158,0.7348,1.9416,241
01658500,ifs,2,-0.9219,0.1600,0.3481,1.4090,210
01664000,ifs,2,0.6032,0.6573,0.7776,1.0072,241
01666500,ifs,2,0.4018,0.5963,0.7026,1.2428,226
01667500,ifs,2,0.6293,0.7256,0.8230,1.1778,219
01669000,ifs,2,0.1415,0.5801,0.6162,1.1596,216
01669520,ifs,2,-3.1044,-0.5386,0.7352,1.8936,239
02011400,ifs,2,0.6542,0.7353,0.8111,1.0769,241
02011460,ifs,2,0.4961,0.5390,0.7168,0.7964,241
02013000,ifs,2,0.5779,0.5281,0.7887,1.0338,241
02014000,ifs,2,0.4737,0.6182,0.6933,0.9770,241
02015700,ifs,2,0.7842,0.8281,0.8857,1.0082,223
02016000,ifs,2,0.7929,0.6794,0.9154,0.8296,241
02017500,ifs,2,0.6283,0.8098,0.8303,1.0419,239
02018000,ifs,2,0.7235,0.8325,0.8532,1.0117,234
02027000,ifs,2,0.7099,0.7190,0.8797,0.7473,221
02027500,ifs,2,0.6984,0.5456,0.9232,0.6146,224
02028500,ifs,2,0.5934,0.5788,0.8016,0.8218,216
02038850,ifs,2,0.2570,0.4851,0.5638,0.8497,239
02046000,ifs,2,0.3268,0.4036,0.7305,1.5313,231
02051000,ifs,2,0.0600,0.3390,0.4019,1.0310,241
02051500,ifs,2,-0.0108,0.4273,0.5002,1.2791,239
02053200,ifs,2,0.2350,0.3874,0.6762,1.5200,210
02053800,ifs,2,0.4615,0.4376,0.7167,0.8664,222
02055100,ifs,2,0.5931,0.6309,0.7761,1.0686,239
02056900,ifs,2,0.5696,0.6839,0.7668,0.8894,216
02059500,ifs,2,0.6301,0.6481,0.8340,0.7748,210
02064000,ifs,2,0.4747,0.4502,0.7279,0.7408,229
02065500,ifs,2,0.4398,0.4097,0.8054,0.6188,239
02069700,ifs,2,-0.1292,0.4108,0.4664,1.2458,214
02070000,ifs,2,0.1405,0.4384,0.5160,1.1950,239
02074500,ifs,2,0.4140,0.6167,0.6684,1.0905,241
02077200,ifs,2,0.6358,0.6917,0.7985,1.0628,236
02081500,ifs,2,-0.0117,0.3227,0.5635,1.5077,241
02082950,ifs,2,-1.5935,-0.1910,0.5262,1.7377,241
02092500,ifs,2,-2.1504,-0.4249,0.3588,2.0695,241
02096846,ifs,2,-0.5866,-0.0242,0.1208,1.5106,241
02102908,ifs,2,0.3137,0.5916,0.6142,0.9935,241
02108000,ifs,2,0.6605,0.7633,0.8199,1.1043,241
02111180,ifs,2,-0.3574,0.1324,0.1642,1.0768,241
02111500,ifs,2,-0.1457,0.2765,0.3063,0.9844,239
02118500,ifs,2,-0.2959,0.4147,0.4301,1.0715,241
02128000,ifs,2,-1.1599,-0.5941,0.5063,2.4033,241
02137727,ifs,2,0.2055,0.4288,0.5025,1.0037,241
02140991,ifs,2,0.1312,0.3742,0.4726,1.1473,241
02143000,ifs,2,-1.8469,-0.0085,0.5589,1.3225,241
02143040,ifs,2,-3.9263,-0.4698,0.2849,1.1130,239
02149000,ifs,2,0.1195,0.3951,0.4633,1.1142,241
02152100,ifs,2,-2.0873,-0.0579,0.3596,1.1148,241
02177000,ifs,2,0.2073,0.2437,0.4655,1.0549,239
02178400,ifs,2,0.4184,0.5736,0.6553,0.9795,239
02193340,ifs,2,-0.7034,0.1966,0.2763,1.3200,241
02196000,ifs,2,0.1340,-0.0574,0.4543,0.4817,241
02198100,ifs,2,-0.0254,0.0474,0.2761,1.3722,240
02202600,ifs,2,-0.3497,-0.3647,0.0982,1.7409,241
02212600,ifs,2,0.0452,0.1847,0.3201,1.0832,239
02215100,ifs,2,0.2047,0.2839,0.4696,0.8217,241
02216180,ifs,2,0.1118,-0.0744,0.3824,0.5522,239
02221525,ifs,2,0.2791,0.3734,0.5393,1.1105,239
02231000,ifs,2,-0.9649,-0.1992,0.5721,1.9738,241
02231342,ifs,2,-0.8467,-0.1133,0.7701,1.7343,241
02235200,ifs,2,-1.0746,0.2189,0.3960,1.3074,240
02245500,ifs,2,-1.6922,-0.0116,0.4710,1.2834,241
02246000,ifs,2,0.1018,0.5709,0.5999,0.8742,239
02296500,ifs,2,0.3822,-0.0413,0.7474,1.9990,230
02297155,ifs,2,0.1318,-0.0715,0.7302,0.3130,240
02297310,ifs,2,0.5578,0.7394,0.7649,0.9188,231
02298123,ifs,2,0.4752,0.3646,0.7542,0.6419,241
02298608,ifs,2,0.5037,0.4540,0.8465,1.5176,241
02299950,ifs,2,0.3795,0.5310,0.6415,0.8019,241
02300700,ifs,2,0.3841,0.2481,0.7084,0.6236,241
02310947,ifs,2,-0.2273,-1.0172,-0.2753,2.3254,241
02312200,ifs,2,-4.5692,-3.2254,-0.0038,5.0497,241
02314500,ifs,2,-0.3491,-0.5635,-0.2575,0.5399,241
02315500,ifs,2,-0.3264,-0.6843,-0.3042,0.4159,241
02324400,ifs,2,-0.2202,-1.0425,-0.5475,0.1095,241
02327100,ifs,2,-2.9140,-1.1818,0.7896,2.7450,239
02349900,ifs,2,0.1959,0.1777,0.4466,1.1042,241
02350900,ifs,2,0.4985,0.5314,0.8702,0.6943,241
02361000,ifs,2,0.5149,0.5895,0.7936,0.7216,241
02363000,ifs,2,0.4623,0.1850,0.8985,0.4411,239
02369800,ifs,2,0.3368,0.1878,0.6830,0.6361,240
02371500,ifs,2,0.4556,0.3097,0.8254,0.8258,241
02372250,ifs,2,0.6409,0.4937,0.8834,0.9431,239
02374500,ifs,2,0.5092,0.4722,0.7441,0.8512,241
02381600,ifs,2,-0.0046,-0.0972,0.1505,0.9432,241
02384540,ifs,2,0.1890,0.1456,0.5903,0.7464,241
02395120,ifs,2,-0.1663,0.4452,0.4478,1.0020,241
02408540,ifs,2,-0.0541,0.4230,0.4294,1.0218,241
02415000,ifs,2,0.0718,0.3236,0.3979,1.0093,231
02422500,ifs,2,-0.1096,0.4783,0.6267,1.2421,224
02427250,ifs,2,0.5458,0.5380,0.7463,1.2386,241
02430085,ifs,2,-0.1235,0.2783,0.3144,1.0655,241
02450250,ifs,2,0.2793,0.3507,0.5291,1.0080,241
02464000,ifs,2,0.3664,0.5216,0.6165,0.9133,241
02465493,ifs,2,0.2281,0.5407,0.5834,1.1460,238
02469800,ifs,2,0.5180,0.4344,0.7686,0.6596,239
02472000,ifs,2,0.8030,0.6658,0.9178,0.7986,241
02472500,ifs,2,0.5609,0.7019,0.8342,0.8369,241
02479155,ifs,2,0.4543,0.3103,0.7292,0.6501,241
02479300,ifs,2,0.4569,0.4744,0.6811,0.7808,241
02481000,ifs,2,0.3166,0.0084,0.7727,0.3560,241
02481510,ifs,2,0.4408,0.1841,0.8147,0.4981,241
03010655,ifs,2,0.5973,0.4986,0.8589,0.6893,212
03011800,ifs,2,0.3305,0.4665,0.6248,0.7839,241
03015500,ifs,2,0.6254,0.8023,0.8105,0.9467,241
03021350,ifs,2,0.4258,0.6941,0.7241,0.8699,239
03026500,ifs,2,0.4393,0.5355,0.6792,0.8402,241
03028000,ifs,2,0.4001,0.5820,0.7233,0.7265,241
03049800,ifs,2,0.0233,-0.0433,0.2802,0.6462,239
03050000,ifs,2,0.3817,0.5691,0.6405,0.8869,239
03066000,ifs,2,0.5745,0.6152,0.7733,0.8170,241
03069500,ifs,2,0.5626,0.5581,0.7772,0.7556,239
03070500,ifs,2,0.2024,0.6144,0.6903,1.1045,239
03076600,ifs,2,0.3346,0.3434,0.6383,0.6776,241
03078000,ifs,2,0.1677,0.2160,0.4625,0.6928,241
03140000,ifs,2,0.1834,0.2265,0.4339,0.8850,239
03144000,ifs,2,0.1562,0.4774,0.5078,1.0261,241
03159540,ifs,2,0.4678,0.7194,0.7245,1.0376,241
03161000,ifs,2,-1.7028,0.0442,0.1931,0.9341,241
03164000,ifs,2,0.4990,0.7067,0.7486,0.8914,241
03165000,ifs,2,0.0364,0.1684,0.3167,0.8979,224
03170000,ifs,2,0.5268,0.5682,0.7412,0.8958,241
03173000,ifs,2,0.6222,0.7372,0.7993,0.8744,239
03180500,ifs,2,0.5493,0.4763,0.7795,0.7729,225
03182500,ifs,2,0.5885,0.6780,0.7713,0.8838,239
03186500,ifs,2,0.7142,0.7145,0.8510,0.9125,239
03187500,ifs,2,0.7073,0.8290,0.8667,0.9139,238
03213700,ifs,2,0.3001,0.6599,0.6823,1.0958,241
03237280,ifs,2,0.2709,0.3507,0.5393,0.7417,241
03237500,ifs,2,0.5015,0.6839,0.7223,1.0612,239
03241500,ifs,2,0.3563,0.4483,0.6098,0.7924,228
03280700,ifs,2,-0.1578,0.3965,0.4679,0.7195,213
03281100,ifs,2,-0.3780,0.3812,0.4315,0.8271,239
03281500,ifs,2,0.0935,0.5519,0.5991,0.8257,228
03285000,ifs,2,-0.3887,0.0809,0.3418,1.6413,238
03291780,ifs,2,0.0574,-0.0055,0.2645,0.7700,241
03300400,ifs,2,0.0521,0.1823,0.3220,0.9341,241
03340800,ifs,2,-1.4970,0.0582,0.2171,1.2733,193
03346000,ifs,2,0.2791,0.4241,0.5757,0.6956,241
03364500,ifs,2,0.2059,0.1352,0.4802,0.6366,241
03366500,ifs,2,0.2013,0.0752,0.5031,0.6015,241
03368000,ifs,2,0.0126,-0.0426,0.2386,0.6016,241
03384450,ifs,2,0.0803,-0.1599,0.3323,0.4950,241
03439000,ifs,2,-0.0383,-0.0617,0.3093,0.6696,239
03450000,ifs,2,0.1335,0.0708,0.4113,0.8558,241
03455500,ifs,2,-0.2338,0.2098,0.3282,0.6920,239
03456500,ifs,2,0.1277,0.1882,0.4189,0.8281,239
03460000,ifs,2,-0.1743,0.3821,0.6055,0.6529,241
03463300,ifs,2,0.3731,0.6400,0.6559,0.9907,241
03471500,ifs,2,0.3994,0.6585,0.7674,0.7504,239
03473000,ifs,2,0.2684,0.5607,0.6545,0.7690,241
03479000,ifs,2,-16.6866,-2.3108,0.1012,1.0859,239
03488000,ifs,2,0.5899,0.5326,0.8210,0.7414,241
03498500,ifs,2,0.0588,0.4233,0.4992,0.7779,241
03500000,ifs,2,0.3140,0.5890,0.7095,0.8313,239
03504000,ifs,2,-0.0208,0.4180,0.4795,0.8592,239
03574500,ifs,2,0.1700,0.1009,0.4757,0.5892,241
03604000,ifs,2,-0.0461,-0.1448,0.1158,0.8001,239
04015330,ifs,2,0.4167,0.3349,0.6701,0.6736,200
04024430,ifs,2,0.5971,0.4974,0.8103,0.6343,241
04027000,ifs,2,0.5235,0.4795,0.7496,0.7212,241
04040500,ifs,2,0.8321,0.7364,0.9250,0.8684,241
04043050,ifs,2,0.7643,0.7945,0.8776,0.8807,182
04045500,ifs,2,0.8957,0.7686,0.9649,0.7900,237
04056500,ifs,2,0.4785,0.4020,0.7879,0.6978,231
04057510,ifs,2,0.8619,0.6647,0.9683,0.7704,161
04057800,ifs,2,0.7839,0.5934,0.9195,0.7151,241
04059500,ifs,2,0.8482,0.8182,0.9255,0.9841,241
04063700,ifs,2,0.8409,0.5607,0.9735,0.6427,241
04074950,ifs,2,0.6809,0.5519,0.9332,0.7546,241
04105700,ifs,2,0.6684,0.6554,0.8373,0.9378,241
04115265,ifs,2,0.5307,0.5077,0.7484,0.9967,241
04122200,ifs,2,0.6482,0.6557,0.8218,0.8865,241
04122500,ifs,2,0.8449,0.8189,0.9293,0.9358,239
04124000,ifs,2,0.9300,0.9235,0.9689,1.0470,241
04127997,ifs,2,0.5622,0.5214,0.7875,0.9304,204
04185000,ifs,2,0.8002,0.8285,0.8953,0.9580,218
04196800,ifs,2,0.7622,0.7728,0.8747,0.8845,241
04197100,ifs,2,0.5235,0.6111,0.7243,1.0828,241
04197170,ifs,2,0.3312,0.4096,0.5819,0.7917,241
04213000,ifs,2,0.1489,0.5959,0.6016,0.9749,239
04213075,ifs,2,0.0626,0.2094,0.3511,0.8517,237
04216418,ifs,2,0.5304,0.6486,0.7311,1.0607,241
04221000,ifs,2,0.2428,0.2873,0.6280,0.5852,241
04224775,ifs,2,0.3616,0.2905,0.7011,0.6075,239
04256000,ifs,2,0.7356,0.7861,0.8912,1.1496,239
04296000,ifs,2,0.5588,0.6258,0.7591,0.8504,241
05057000,ifs,2,-1.0223,0.0643,0.6247,0.4999,163
05057200,ifs,2,0.5518,0.6971,0.7484,1.0272,240
05062500,ifs,2,0.6590,0.6578,0.8222,0.8911,202
05087500,ifs,2,0.3265,0.4354,0.5741,1.0109,241
05120500,ifs,2,-10.0007,-1.4891,-0.0646,3.1892,210
05123400,ifs,2,-0.3950,-0.6564,-0.0244,0.1567,240
05129115,ifs,2,-0.8203,-0.8897,-0.2533,0.0000,241
05131500,ifs,2,0.0672,-0.0392,0.7371,0.3971,145
05291000,ifs,2,-0.0077,0.1911,0.4007,0.6114,241
05362000,ifs,2,0.6651,0.7426,0.8311,0.8181,240
05393500,ifs,2,0.5045,0.6324,0.7241,0.8353,241
05399500,ifs,2,0.3552,0.6322,0.6500,0.9338,239
05408000,ifs,2,0.2829,0.3598,0.5445,0.9026,240
05412500,ifs,2,0.3975,0.4311,0.7304,0.6951,241
05413500,ifs,2,0.1400,0.5450,0.6046,0.8118,211
05414000,ifs,2,0.1811,0.3200,0.7582,0.6275,207
05444000,ifs,2,-0.4780,0.2252,0.2950,0.6800,239
05454000,ifs,2,0.0013,0.4846,0.5510,0.7558,241
05458000,ifs,2,0.3535,0.3481,0.6221,0.7377,241
05466500,ifs,2,0.4466,0.5371,0.6693,0.9374,239
05487980,ifs,2,-0.4137,0.1685,0.1926,0.8566,239
05488200,ifs,2,0.0293,0.1194,0.3303,0.6078,239
05489000,ifs,2,-0.3072,-0.0161,0.1177,0.6158,239
05495000,ifs,2,-2.4319,-0.2835,0.3681,1.5861,239
05495500,ifs,2,-2.2407,-0.0706,0.2164,0.9686,235
05501000,ifs,2,-0.4150,0.1287,0.1788,0.7536,239
05503800,ifs,2,-0.2428,0.1956,0.2304,0.9397,241
05507600,ifs,2,-0.1901,0.0776,0.1817,0.7587,241
05508805,ifs,2,-0.0792,0.3511,0.4152,1.2652,239
05514500,ifs,2,0.1260,0.3054,0.4217,0.8563,239
05525500,ifs,2,0.2694,0.5945,0.6799,1.2252,239
05556500,ifs,2,0.0954,0.0581,0.4262,0.5173,241
05584500,ifs,2,0.1166,0.5674,0.5950,0.8690,239
05585000,ifs,2,0.5398,0.6419,0.7540,0.7810,241
05591550,ifs,2,-0.2267,0.2346,0.2604,0.9916,239
05592050,ifs,2,-0.0170,0.2446,0.3247,0.9132,222
05592575,ifs,2,-0.0837,0.2994,0.3434,0.8736,239
05593575,ifs,2,0.0452,0.4220,0.4760,1.2216,241
05593900,ifs,2,-0.3746,0.2605,0.2923,1.2123,239
05595730,ifs,2,-0.0335,0.3141,0.3580,1.0266,241
06037500,ifs,2,-2.1740,0.4133,0.8565,1.2884,241
06043500,ifs,2,0.4945,0.4479,0.9640,1.3079,241
06154410,ifs,2,-0.5037,0.3686,0.4830,0.8629,241
06188000,ifs,2,0.8612,0.9085,0.9362,0.9656,241
06191500,ifs,2,0.7596,0.7038,0.9417,1.1037,241
06221400,ifs,2,0.8326,0.8715,0.9290,1.0463,241
06224000,ifs,2,0.7146,0.8500,0.8555,1.0353,241
06289000,ifs,2,0.2759,0.5600,0.6360,0.8357,241
06332515,ifs,2,0.0067,-0.1092,0.6327,0.6295,118
06339100,ifs,2,-0.1201,0.3093,0.4236,1.3765,177
06339500,ifs,2,-0.1366,0.0295,0.6518,0.2580,171
06344600,ifs,2,-5.0081,-1.8592,0.1683,3.6190,180
06350000,ifs,2,-9.1772,-1.5234,0.2050,2.2914,241
06352000,ifs,2,-0.0159,-0.1017,0.5175,1.3441,240
06353000,ifs,2,-0.0007,-0.1113,0.5175,0.8147,239
06354000,ifs,2,0.4190,0.2737,0.8971,0.4630,176
06360500,ifs,2,0.1285,0.1450,0.5294,1.5400,142
06404000,ifs,2,-3.5375,-0.4127,-0.1219,1.5412,208
06406000,ifs,2,-163.8147,-3.7941,0.9021,5.7454,183
06408700,ifs,2,-1569.6425,-3.9742,0.2321,1.5087,241
06409000,ifs,2,-1.2208,0.6338,0.8856,1.2525,196
06431500,ifs,2,-0.9663,0.4503,0.4591,1.0897,230
06440200,ifs,2,0.1828,-0.1105,0.4906,0.2277,163
06441500,ifs,2,-0.7675,-1.2636,0.2011,2.9335,180
06447000,ifs,2,0.0565,-0.1431,0.3142,0.4871,143
06447500,ifs,2,-0.0825,-0.0477,0.5880,0.6961,241
06450500,ifs,2,0.0570,-0.0792,0.3589,1.0635,211
06452000,ifs,2,0.0075,-0.2955,0.1418,1.0158,178
06453600,ifs,2,-0.1060,-0.0172,0.4738,1.6976,238
06464500,ifs,2,-1.0908,0.2117,0.4589,1.2509,178
06477500,ifs,2,-81.1230,-8.5226,0.1791,6.5675,240
06479215,ifs,2,-0.1899,-0.0041,0.1416,0.7113,241
06479438,ifs,2,0.0230,-0.2131,0.4199,0.2666,241
06601000,ifs,2,-0.5321,0.1106,0.1285,0.8940,241
06614800,ifs,2,0.7887,0.6313,0.9379,1.3370,241
06622700,ifs,2,-0.2897,0.1626,0.7629,1.6104,241
06623800,ifs,2,0.8248,0.9079,0.9142,0.9701,241
06632400,ifs,2,-0.3088,0.3268,0.4641,1.3858,241
06784000,ifs,2,-1.9545,0.2119,0.4522,1.3995,241
06803510,ifs,2,-0.1139,-0.2025,0.0327,0.6758,241
06803530,ifs,2,-0.1484,-0.1440,0.0369,0.7977,241
06814000,ifs,2,-1.2737,0.0421,0.0623,1.0344,241
06846500,ifs,2,-0.0093,-0.4705,-0.0557,1.3845,241
06847900,ifs,2,-5.1033,-0.7515,0.1116,1.6641,241
06853800,ifs,2,-0.7687,-0.2089,0.1636,1.8592,241
06876700,ifs,2,0.1431,0.5782,0.7041,1.0412,241
06878000,ifs,2,-1.3776,0.0969,0.1702,1.0087,241
06879650,ifs,2,-0.6434,0.0356,0.0801,0.7359,240
06885500,ifs,2,-1.7540,-0.0140,0.1136,0.7806,241
06888500,ifs,2,-0.0344,-0.2883,0.1099,0.4385,241
06889200,ifs,2,-0.4993,-0.0326,0.0326,0.7527,241
06889500,ifs,2,-8.4886,-1.2359,0.0171,1.5668,241
06892000,ifs,2,-1.9557,-0.0133,0.2547,1.1230,241
06903400,ifs,2,-0.0312,-0.0140,0.2885,0.4147,241
06906800,ifs,2,0.1691,0.2500,0.4480,0.6900,241
06910800,ifs,2,-0.0540,-0.0782,0.1884,0.5488,241
06911900,ifs,2,-0.1095,-0.0095,0.1948,0.5814,241
06917000,ifs,2,0.2734,0.2612,0.5486,0.5747,241
06918460,ifs,2,0.5223,0.5757,0.7250,1.0569,241
06919500,ifs,2,0.0500,0.5017,0.5386,0.8127,241
06921070,ifs,2,0.2791,0.3498,0.5365,0.8067,241
06921200,ifs,2,0.1738,-0.0594,0.5263,0.3672,241
06934000,ifs,2,0.5441,0.7315,0.7786,0.8486,240
07014500,ifs,2,0.0801,-0.0052,0.3159,0.7135,241
07056000,ifs,2,0.1173,0.3223,0.4259,0.8590,241
07057500,ifs,2,0.2019,0.3111,0.4905,0.8467,233
07060710,ifs,2,-0.0001,-0.3930,0.0295,1.0572,241
07066000,ifs,2,-0.0243,0.0200,0.2440,0.7733,241
07067000,ifs,2,0.0183,0.2916,0.6188,0.5586,241
07068000,ifs,2,0.1391,0.2978,0.5669,0.7555,240
07071500,ifs,2,-0.3286,0.2015,0.3518,0.7797,241
07083000,ifs,2,-1.4399,-0.3670,0.8890,1.7173,241
07142300,ifs,2,-8.0293,-5.1171,-0.0045,6.9745,241
07145700,ifs,2,0.1508,-0.2002,0.6238,0.2353,238
07148400,ifs,2,-2.0688,-0.2718,0.7135,1.5101,241
07149000,ifs,2,-0.1220,0.3203,0.7968,1.4972,241
07151500,ifs,2,0.2992,0.0750,0.7211,0.5081,241
07167500,ifs,2,0.0874,-0.1647,0.3521,1.5209,241
07180500,ifs,2,0.0094,-0.1710,0.1847,0.5902,241
07184000,ifs,2,0.0463,-0.1200,0.2677,0.4590,239
07195800,ifs,2,0.4695,0.4751,0.7006,0.8436,239
07196900,ifs,2,0.1066,0.0264,0.3327,0.8562,240
07197000,ifs,2,0.4067,0.4305,0.6457,0.9070,241
07208500,ifs,2,0.0802,0.5115,0.7380,1.0688,241
07226500,ifs,2,-0.0175,-0.5886,-0.0242,0.2311,239
07261000,ifs,2,0.2093,0.2269,0.4804,1.2914,239
07263295,ifs,2,-0.0737,-0.9189,0.3077,2.6554,239
07290650,ifs,2,0.2831,0.3434,0.5764,0.6509,241
07291000,ifs,2,0.0218,-0.0263,0.4132,0.3672,241
07292500,ifs,2,-0.5235,0.2699,0.2840,0.8692,241
07295000,ifs,2,-0.0085,0.0146,0.2445,0.6555,241
07299670,ifs,2,-0.0938,-0.2343,0.0900,1.5444,231
07301410,ifs,2,-0.1662,-0.0914,0.1091,0.7338,230
07301500,ifs,2,-0.1863,-0.5712,0.0439,1.7843,203
07315200,ifs,2,-1.6114,-0.1913,0.0260,1.6224,161
07315700,ifs,2,-2.0598,-0.3303,0.4057,1.7970,218
07335700,ifs,2,0.0268,-0.1879,0.3197,0.4200,232
07340300,ifs,2,0.2515,0.4028,0.5449,0.7559,241
07346045,ifs,2,-0.3354,-0.0707,0.4817,0.3761,241
07359610,ifs,2,-0.1582,0.1849,0.4174,1.5612,241
07362100,ifs,2,0.2092,0.2214,0.6754,1.6962,241
07362587,ifs,2,-0.1706,-0.3001,0.2400,1.9839,239
07373000,ifs,2,-0.0587,-0.1668,0.2225,0.5497,237
07375000,ifs,2,-0.0225,0.1233,0.3337,0.5504,241
07376000,ifs,2,0.5387,0.7343,0.7980,0.8573,241
08013000,ifs,2,0.5633,0.4427,0.8068,0.7271,241
08014500,ifs,2,0.4791,0.3056,0.8272,0.6275,241
08023080,ifs,2,-0.2286,-0.3173,0.0512,1.7573,241
08025500,ifs,2,0.2198,0.3196,0.4794,0.8956,241
08029500,ifs,2,0.1162,0.3291,0.4417,1.2058,241
08050800,ifs,2,0.0219,-0.2092,0.1789,0.6111,240
08066200,ifs,2,-0.0838,-0.3308,0.0216,0.4430,241
08066300,ifs,2,0.1924,0.1909,0.4865,0.4760,241
08070000,ifs,2,-1.0571,-0.0495,0.6862,1.4419,241
08070200,ifs,2,0.0838,0.5809,0.6036,0.9709,241
08079600,ifs,2,-11.7305,-4.5461,0.1118,5.8964,196
08082700,ifs,2,0.0132,-0.2363,0.1268,0.7340,227
08086212,ifs,2,-0.0345,-0.2674,0.0272,1.2059,241
08086290,ifs,2,-0.3257,-0.6392,0.0188,2.2444,241
08101000,ifs,2,-0.7397,0.1719,0.3140,1.4134,241
08103900,ifs,2,0.1049,0.2045,0.3802,0.7569,241
08104900,ifs,2,-0.0847,-0.1160,0.1742,0.4923,241
08109700,ifs,2,-0.6414,0.1567,0.5742,1.4747,224
08150800,ifs,2,0.0228,-0.3477,0.2221,0.4107,241
08155200,ifs,2,-0.7034,-0.8875,0.2202,2.7171,241
08158700,ifs,2,-5.0177,-7.8872,0.1570,9.7931,241
08158810,ifs,2,-0.1275,0.0726,0.1808,1.1093,241
08164000,ifs,2,-1.1863,-0.1263,0.4726,1.7611,241
08164300,ifs,2,0.1991,0.2918,0.4594,0.8572,238
08164600,ifs,2,-6.0627,-3.6901,0.3303,5.3180,241
08165300,ifs,2,0.0062,-0.3202,0.0927,0.8565,241
08171300,ifs,2,-33.8098,-33.4162,0.1422,35.1915,241
08175000,ifs,2,-0.9178,0.1398,0.5085,0.6048,241
08176900,ifs,2,-27.0731,-8.0929,0.1198,9.0856,241
08178880,ifs,2,0.2962,0.0098,0.7253,0.3801,241
08189500,ifs,2,-1.9422,-0.2098,0.3747,1.6512,241
08190000,ifs,2,0.0773,-0.0622,0.2836,0.8227,241
08190500,ifs,2,0.6495,-0.1372,0.9390,2.1031,235
08194200,ifs,2,-0.7359,0.1243,0.3955,1.5376,241
08195000,ifs,2,0.0837,-0.1414,0.3685,0.5710,241
08196000,ifs,2,-0.0790,0.0907,0.3136,1.5203,229
08198500,ifs,2,0.0631,-0.2635,0.3535,0.3664,241
08200000,ifs,2,0.0927,0.0057,0.3294,0.5687,241
08202700,ifs,2,0.0331,-0.4064,0.2087,0.2039,240
08267500,ifs,2,-21.5770,-2.2436,0.6985,2.6250,241
08269000,ifs,2,-3.4731,-0.3715,0.7028,1.6968,241
08271000,ifs,2,-43.8884,-4.1525,0.7759,2.4508,241
08324000,ifs,2,0.1888,0.6028,0.7155,1.1248,241
08377900,ifs,2,-3.5120,-0.4079,0.4969,1.3265,241
08378500,ifs,2,-5.5138,-0.9122,0.5924,1.2943,233
08380500,ifs,2,-2.4494,-0.1161,0.4897,1.6371,241
09034900,ifs,2,0.1942,0.2467,0.8764,1.5585,237
09035900,ifs,2,0.5639,0.7540,0.8265,1.0815,207
09047700,ifs,2,-4.0178,-0.8600,0.8898,1.3911,239
09065500,ifs,2,0.7355,0.6668,0.9381,1.1261,241
09066000,ifs,2,-0.8409,0.1992,0.5944,1.1505,241
09066200,ifs,2,0.7054,0.6470,0.9239,1.2135,241
09066300,ifs,2,-0.3173,0.0112,0.8086,1.7806,241
09081600,ifs,2,0.1356,0.6026,0.6238,1.0163,241
09107000,ifs,2,-1.0841,0.0188,0.7058,1.2336,240
09210500,ifs,2,-1.3978,0.0901,0.7374,1.5411,214
09223000,ifs,2,-2.7112,-0.5502,0.8824,1.9783,180
09306242,ifs,2,-381.1818,-4.1813,0.8972,6.0605,239
09312600,ifs,2,-2.1122,-0.6227,0.4929,2.4003,241
09352900,ifs,2,-0.5815,0.3080,0.5733,1.2747,211
09378170,ifs,2,0.2560,0.2675,0.5415,1.3167,241
09378630,ifs,2,,,,,241
09386900,ifs,2,-1.4132,-0.1675,0.0160,1.6083,241
09404450,ifs,2,0.7299,0.7617,0.8687,0.9249,241
09430500,ifs,2,-1.1067,0.0819,0.5315,0.2513,241
09430600,ifs,2,0.0879,-0.0706,0.8137,0.2294,241
09447800,ifs,2,-2.2249,-0.6392,0.0348,2.0347,241
09480000,ifs,2,-0.6183,-3.5529,-0.0272,5.4205,241
09484000,ifs,2,-1.1347,-0.9508,0.2269,2.7780,216
09484600,ifs,2,-1.2590,-1.5474,0.1249,3.3868,240
09492400,ifs,2,-0.9908,0.1685,0.7630,1.6518,240
09494000,ifs,2,0.3510,0.6381,0.6489,1.0104,241
09497800,ifs,2,-0.1100,-0.6239,-0.2523,1.5138,241
09497980,ifs,2,-0.2876,0.1219,0.1670,0.9438,210
09505200,ifs,2,0.6243,0.7171,0.7971,1.1559,241
09505350,ifs,2,0.6354,0.4793,0.8063,1.4684,241
09505800,ifs,2,0.5369,0.7200,0.7948,1.1675,241
09508300,ifs,2,-0.4416,0.3123,0.3259,0.8801,241
09510200,ifs,2,-3.3082,-1.2732,0.0867,2.9024,222
09512280,ifs,2,-0.2430,-0.9682,-0.0129,2.5914,241
09513780,ifs,2,-3.9115,-6.0752,0.0485,8.0043,240
10023000,ifs,2,-14.7856,-0.6524,0.0865,2.2339,241
10166430,ifs,2,-13214.5829,-90.2245,0.5621,72.7193,241
10172700,ifs,2,-29.6340,-0.2734,0.6202,2.0124,241
10172800,ifs,2,-9.7649,-0.8896,0.8080,2.3631,241
10173450,ifs,2,-0.3796,0.3958,0.4182,0.9953,241
10205030,ifs,2,-188.8156,-9.8506,-0.0169,2.3237,241
10234500,ifs,2,-0.0969,-0.2751,-0.0299,0.8573,237
10242000,ifs,2,-29.1129,-3.7047,0.4140,4.5007,241
10244950,ifs,2,-36.9176,-1.5505,0.7129,1.5592,241
10249300,ifs,2,-44.3661,-4.5686,0.5174,4.3301,240
10258000,ifs,2,,,,,69
10258500,ifs,2,0.1566,0.2818,0.4615,0.6382,241
10259000,ifs,2,0.6792,0.7338,0.8341,1.0853,241
10259200,ifs,2,-6.8529,-5.0116,0.6674,6.6195,241
10263500,ifs,2,-0.4732,0.1214,0.8216,1.2619,241
10310500,ifs,2,-1.4031,0.2078,0.8953,1.7598,241
10316500,ifs,2,-0.3414,0.3306,0.6763,1.2432,241
10329500,ifs,2,-0.0497,0.2449,0.8745,1.2589,241
10336645,ifs,2,0.4785,0.6534,0.7101,1.1121,227
10336660,ifs,2,0.5157,0.7065,0.7332,1.0227,241
10343500,ifs,2,0.6147,0.4820,0.8766,0.7817,241
10348850,ifs,2,-2.2637,0.0014,0.8206,1.7207,241
10396000,ifs,2,0.3914,0.6800,0.8026,1.2056,241
11098000,ifs,2,-0.2701,0.2159,0.6635,1.5396,241
11124500,ifs,2,-2.7172,-0.9921,0.9084,2.4298,241
11141280,ifs,2,0.5969,0.5713,0.7885,1.1032,241
11143000,ifs,2,0.6889,0.6854,0.8503,1.2708,241
11148900,ifs,2,0.5729,0.2906,0.8555,0.5495,241
11151300,ifs,2,0.7786,0.5574,0.9453,1.1962,241
11162500,ifs,2,0.6710,0.5518,0.8445,0.7168,241
11176400,ifs,2,0.6468,0.6034,0.8080,0.7241,144
11180500,ifs,2,-1.4361,-0.9536,0.7930,2.5296,241
11180960,ifs,2,-0.8813,-0.7879,0.5970,2.6478,241
11224500,ifs,2,0.0493,-0.3699,0.3231,0.1837,241
11253310,ifs,2,0.2898,0.3829,0.5767,0.6209,241
11264500,ifs,2,-0.4918,0.2133,0.2178,0.9336,241
11266500,ifs,2,-0.3227,0.3351,0.3373,1.0546,241
11274500,ifs,2,0.7876,0.5417,0.9415,1.3794,241
11274630,ifs,2,0.7575,0.5929,0.9401,1.2813,241
11284400,ifs,2,0.0236,-0.3410,0.4456,0.1730,241
11299600,ifs,2,0.2115,0.1400,0.4675,0.6077,238
11381500,ifs,2,0.4884,0.3943,0.7776,1.0071,241
11383500,ifs,2,0.6167,0.5223,0.8341,1.0825,241
11451100,ifs,2,0.5436,0.6006,0.7384,1.0075,106
11468500,ifs,2,0.4215,0.3391,0.7149,0.8713,241
11473900,ifs,2,0.4009,0.3243,0.7011,0.9046,241
11475560,ifs,2,0.5068,0.6500,0.7174,1.0625,241
11476600,ifs,2,0.4977,0.6973,0.7472,1.1657,240
11478500,ifs,2,0.3106,0.4548,0.6113,1.3483,241
11480390,ifs,2,0.3925,0.4036,0.6354,0.9601,241
11481200,ifs,2,0.4547,0.5469,0.6817,1.2022,241
11482500,ifs,2,0.4833,0.4772,0.7917,1.4714,241
11522500,ifs,2,0.1852,0.3875,0.6821,1.5162,241
11523200,ifs,2,-0.3852,0.0753,0.7099,1.7774,241
11528700,ifs,2,0.5462,0.5004,0.7656,1.1071,241
11532500,ifs,2,0.6058,0.7200,0.7885,1.1504,241
12010000,ifs,2,0.7103,0.5856,0.8852,0.7800,241
12013500,ifs,2,0.7745,0.8165,0.8809,0.9438,241
12020000,ifs,2,0.4794,0.3772,0.7528,0.6166,241
12025000,ifs,2,0.7641,0.7810,0.8763,1.0611,241
12025700,ifs,2,0.6994,0.5834,0.8785,0.8089,241
12035000,ifs,2,0.8743,0.9166,0.9369,0.9510,241
12040500,ifs,2,0.7516,0.7981,0.8709,0.8995,241
12041200,ifs,2,0.7106,0.8152,0.8794,0.9099,241
12043000,ifs,2,0.7751,0.7476,0.8903,0.8727,241
12048000,ifs,2,0.5659,0.7370,0.8601,1.2126,241
12054000,ifs,2,0.4493,0.5305,0.8896,1.3341,241
12056500,ifs,2,0.6227,0.7105,0.8772,0.9450,241
12073500,ifs,2,0.6550,0.7522,0.8226,1.0772,240
12082500,ifs,2,0.4044,0.3682,0.6688,0.9957,235
12092000,ifs,2,0.1572,0.2835,0.4245,0.9831,241
12095000,ifs,2,0.5488,0.5574,0.7523,0.8653,241
12114500,ifs,2,0.5788,0.5170,0.7960,1.0868,241
12115000,ifs,2,0.5587,0.5082,0.7788,1.0543,241
12115500,ifs,2,0.5087,0.4912,0.7318,0.9398,241
12117000,ifs,2,0.6608,0.6762,0.8176,1.0243,241
12141300,ifs,2,0.3216,0.3768,0.5741,1.1323,241
12143600,ifs,2,0.4196,0.4124,0.6697,1.2139,238
12144000,ifs,2,0.5231,0.5521,0.7288,1.0324,240
12145500,ifs,2,0.7819,0.7413,0.8929,0.9046,241
12147600,ifs,2,0.3013,0.4486,0.5596,1.0148,241
12167000,ifs,2,0.7444,0.7277,0.8769,1.2204,241
12175500,ifs,2,0.1103,0.5882,0.6237,1.1175,241
12186000,ifs,2,0.4774,0.6241,0.7210,1.1904,238
12189500,ifs,2,0.5068,0.6484,0.7874,1.2758,240
12358500,ifs,2,0.6233,0.7873,0.8418,1.0752,241
12377150,ifs,2,0.5536,0.7778,0.7778,1.0003,241
12381400,ifs,2,0.3209,0.4838,0.8621,1.2381,208
12390700,ifs,2,0.4273,0.6314,0.7033,1.1776,241
12411000,ifs,2,0.7998,0.7501,0.9116,1.2043,230
12414500,ifs,2,0.6714,0.6911,0.8304,0.9053,241
12447390,ifs,2,-0.1996,-0.2462,0.2327,0.3531,241
12451000,ifs,2,0.4695,0.6771,0.8063,1.2163,241
12488500,ifs,2,0.6204,0.7323,0.8159,1.1634,241
13011500,ifs,2,0.7304,0.6239,0.9365,1.2864,241
13011900,ifs,2,0.7947,0.8141,0.9244,0.9580,241
13018300,ifs,2,-0.4028,0.0093,0.9336,1.4722,241
13023000,ifs,2,0.5440,0.7679,0.8121,0.9049,199
13161500,ifs,2,0.7405,0.7179,0.8881,0.7918,241
13235000,ifs,2,0.5861,0.6640,0.7804,0.8940,239
13240000,ifs,2,0.7864,0.8542,0.8872,1.0145,162
13310700,ifs,2,0.5899,0.5029,0.9003,0.6719,241
13313000,ifs,2,0.6957,0.4846,0.9583,0.6439,241
13331500,ifs,2,0.4952,0.5408,0.8994,1.2156,241
13337000,ifs,2,0.6693,0.7003,0.8460,0.8333,241
13338500,ifs,2,0.8111,0.8645,0.9160,1.1008,241
13340000,ifs,2,0.4879,0.6322,0.7486,0.8002,241
13340600,ifs,2,0.5944,0.6156,0.8731,0.7113,241
14020000,ifs,2,0.4656,0.3144,0.8172,0.7061,241
14092750,ifs,2,0.8120,0.7388,0.9239,0.9047,241
14096850,ifs,2,-1.0770,0.4107,0.8525,0.4486,241
14137000,ifs,2,0.7467,0.6672,0.8869,1.0404,236
14138800,ifs,2,0.6546,0.6792,0.8123,0.9789,241
14138870,ifs,2,0.7258,0.8186,0.8570,0.9128,241
14138900,ifs,2,0.4681,0.4817,0.6933,0.9404,241
14139800,ifs,2,0.7728,0.8361,0.8808,0.9258,239
14141500,ifs,2,0.7713,0.8371,0.8795,0.9405,241
14154500,ifs,2,0.7980,0.7332,0.9054,1.0947,241
14158500,ifs,2,0.7619,0.6889,0.9144,1.0843,226
14158790,ifs,2,0.6716,0.6511,0.8306,1.0875,237
14166500,ifs,2,0.5202,0.4916,0.7435,0.9317,241
14182500,ifs,2,0.6000,0.5166,0.8105,0.7847,241
14185000,ifs,2,0.7150,0.6844,0.8568,0.9946,241
14185900,ifs,2,0.6543,0.6755,0.8126,0.9889,238
14187000,ifs,2,0.6207,0.6537,0.7911,1.0558,239
14216500,ifs,2,0.8849,0.8361,0.9463,1.0368,238
14222500,ifs,2,0.8662,0.8202,0.9348,1.1116,241
14236200,ifs,2,0.7398,0.5915,0.9096,0.8425,240
14301000,ifs,2,0.8754,0.9113,0.9358,1.0293,240
14303200,ifs,2,0.7863,0.6253,0.9385,1.0308,241
14305500,ifs,2,0.7798,0.7689,0.8874,1.0491,239
14306340,ifs,2,0.6102,0.5144,0.8219,0.7944,241
14306500,ifs,2,0.8004,0.7215,0.9114,0.9417,241
14308990,ifs,2,0.4431,0.3678,0.7291,0.9204,241
14309500,ifs,2,0.5350,0.5527,0.7377,0.9314,241
14316700,ifs,2,0.7268,0.6602,0.8724,1.0569,241
14325000,ifs,2,0.6199,0.7166,0.7878,0.9808,241
14362250,ifs,2,0.3061,0.1315,0.7816,0.5110,148
14400000,ifs,2,0.6733,0.7703,0.8226,0.9296,241
01013500,ifs,3,0.8946,0.8045,0.9571,0.8579,241
01022500,ifs,3,0.7537,0.6703,0.8915,1.0024,241
01030500,ifs,3,0.8031,0.8098,0.9271,1.0884,241
01031500,ifs,3,0.7259,0.8396,0.8556,1.0183,239
01047000,ifs,3,0.4886,0.7255,0.7311,1.0090,241
01052500,ifs,3,0.4693,0.4283,0.7150,0.7324,241
01054200,ifs,3,0.2772,0.2630,0.5683,0.5783,241
01055000,ifs,3,0.2580,0.5710,0.5883,0.9658,241
01057000,ifs,3,0.7266,0.7579,0.8564,0.9082,241
01073000,ifs,3,0.7324,0.7867,0.8951,1.1163,241
01078000,ifs,3,0.3841,0.4346,0.6608,0.7079,239
01118300,ifs,3,0.3251,0.5788,0.6304,0.8494,239
01121000,ifs,3,0.5637,0.6462,0.8231,1.2951,239
01123000,ifs,3,0.7934,0.8456,0.8910,0.9695,241
01134500,ifs,3,0.6878,0.7472,0.8369,0.8577,239
01137500,ifs,3,0.4665,0.5255,0.7051,0.7872,241
01139000,ifs,3,0.6081,0.7408,0.7931,0.8883,237
01139800,ifs,3,0.7910,0.8465,0.8929,1.0721,241
01142500,ifs,3,0.6411,0.6958,0.8112,0.8672,239
01144000,ifs,3,0.8276,0.8984,0.9142,0.9474,241
01169000,ifs,3,0.5179,0.7387,0.7609,1.1056,239
01170100,ifs,3,0.6635,0.8235,0.8274,0.9772,240
01181000,ifs,3,0.6942,0.7777,0.8581,1.1676,239
01187300,ifs,3,0.4662,0.5966,0.6901,1.1211,241
01195100,ifs,3,0.3995,0.4676,0.6380,0.8892,241
01333000,ifs,3,0.4954,0.5541,0.7120,0.8634,239
01350000,ifs,3,0.1364,0.1078,0.3892,0.7073,238
01350080,ifs,3,0.6217,0.5231,0.8302,0.7153,241
01350140,ifs,3,0.6181,0.5852,0.8226,0.6632,191
01365000,ifs,3,0.3832,0.3920,0.6375,0.8277,239
01411300,ifs,3,0.0281,0.2175,0.3804,1.2620,232
01413500,ifs,3,0.4426,0.4169,0.7012,0.8011,239
01414500,ifs,3,0.1019,0.0635,0.4132,0.5878,239
01415000,ifs,3,0.2379,0.2959,0.5607,0.6553,196
01423000,ifs,3,0.3964,0.4361,0.6667,0.7524,241
01434025,ifs,3,0.1712,0.4814,0.5682,0.7275,241
01435000,ifs,3,0.2582,0.3571,0.5174,0.8893,240
01439500,ifs,3,0.6642,0.6534,0.8481,0.8098,239
01440000,ifs,3,0.6578,0.7256,0.8121,0.9558,241
01440400,ifs,3,0.7592,0.8088,0.8715,0.9921,215
01451800,ifs,3,0.0312,0.4431,0.4729,1.1481,239
01466500,ifs,3,-2.0633,-0.5190,0.8452,1.0066,239
01484100,ifs,3,-0.3154,0.3713,0.4597,1.3148,241
01485500,ifs,3,-6.7021,-1.3387,0.4113,2.5120,236
01486000,ifs,3,-2.4685,-0.2595,0.3439,1.8231,241
01487000,ifs,3,0.5093,0.7587,0.7844,1.0636,241
01491000,ifs,3,0.6485,0.5527,0.8494,0.9551,241
01510000,ifs,3,0.6404,0.6945,0.8011,0.9729,241
01516500,ifs,3,0.3035,0.1832,0.6853,0.5706,241
01518862,ifs,3,0.3146,0.3252,0.6337,0.6369,241
01532000,ifs,3,0.6028,0.7560,0.7883,0.9231,239
01539000,ifs,3,0.5977,0.6510,0.7840,0.8863,225
01542810,ifs,3,0.3518,0.4222,0.6105,0.8006,239
01543000,ifs,3,0.3598,0.5785,0.6541,0.8124,241
01543500,ifs,3,0.5325,0.5776,0.7634,0.7864,239
01544500,ifs,3,0.5295,0.4552,0.8422,0.6411,241
01545600,ifs,3,0.4969,0.3779,0.8412,0.6337,241
01547700,ifs,3,0.0344,0.0021,0.2511,0.7720,241
01548500,ifs,3,0.4305,0.3434,0.7985,0.6139,239
01549500,ifs,3,0.5988,0.4881,0.8576,0.6732,239
01550000,ifs,3,0.5307,0.4444,0.8243,0.6646,239
01552000,ifs,3,0.4437,0.5497,0.6930,0.8116,241
01552500,ifs,3,0.4669,0.6588,0.7166,0.8542,241
01557500,ifs,3,-0.1656,0.3156,0.3346,1.0721,241
01567500,ifs,3,0.1347,0.2673,0.4057,1.0445,241
01568000,ifs,3,0.3544,0.4694,0.6075,1.1235,241
01580000,ifs,3,0.2174,0.4394,0.5169,0.9381,237
01583500,ifs,3,0.2231,0.4416,0.5366,0.8628,241
01586610,ifs,3,0.3555,0.5081,0.6397,0.8137,207
01591400,ifs,3,0.1165,0.5121,0.5223,1.0485,241
01596500,ifs,3,0.2910,0.2719,0.5738,0.7038,239
01605500,ifs,3,0.3687,0.5066,0.6211,1.1024,239
01606500,ifs,3,0.5041,0.5558,0.7323,0.7769,214
01613050,ifs,3,0.2539,0.4588,0.5433,1.1074,241
01620500,ifs,3,0.3319,0.2755,0.6767,0.5140,239
01632000,ifs,3,0.2934,0.5766,0.6011,1.0313,239
01632900,ifs,3,0.3104,0.6689,0.6785,1.0483,239
01634500,ifs,3,0.2459,0.3978,0.5133,0.9907,224
01638480,ifs,3,-1.4983,-0.1798,0.4776,1.9358,236
01639500,ifs,3,0.4586,0.6035,0.6896,1.1143,241
01644000,ifs,3,-0.7234,-0.0381,0.6683,1.9350,241
01658500,ifs,3,-0.7075,0.2129,0.2831,1.2869,210
01664000,ifs,3,0.3928,0.5652,0.6383,0.9929,241
01666500,ifs,3,0.3196,0.5533,0.6427,1.2207,226
01667500,ifs,3,0.4990,0.6910,0.7455,1.1489,219
01669000,ifs,3,0.2204,0.5504,0.5826,1.1247,216
01669520,ifs,3,-2.5984,-0.3953,0.7212,1.8559,239
02011400,ifs,3,0.5523,0.6266,0.7443,1.0521,241
02011460,ifs,3,0.4559,0.4390,0.7022,0.7542,241
02013000,ifs,3,0.4113,0.3670,0.6801,0.9858,241
02014000,ifs,3,0.4110,0.5656,0.6497,0.9552,241
02015700,ifs,3,0.6838,0.6666,0.8370,0.9557,223
02016000,ifs,3,0.6847,0.5670,0.8716,0.7981,241
02017500,ifs,3,0.5995,0.7986,0.8141,1.0458,239
02018000,ifs,3,0.7386,0.8008,0.8595,0.9916,234
02027000,ifs,3,0.7028,0.6853,0.8768,0.7251,221
02027500,ifs,3,0.6623,0.5137,0.9133,0.6019,224
02028500,ifs,3,0.5739,0.5646,0.7924,0.8065,216
02038850,ifs,3,0.2169,0.3001,0.5106,0.7702,239
02046000,ifs,3,0.4326,0.4548,0.7372,1.4628,231
02051000,ifs,3,-0.0549,0.2359,0.3036,1.0263,241
02051500,ifs,3,-0.0576,0.3949,0.4493,1.2431,239
02053200,ifs,3,0.1912,0.3602,0.6865,1.5540,210
02053800,ifs,3,0.4273,0.4226,0.6843,0.8642,222
02055100,ifs,3,0.5634,0.5677,0.7620,1.0509,239
02056900,ifs,3,0.5549,0.7056,0.7636,0.8844,216
02059500,ifs,3,0.3229,0.5425,0.6520,0.7595,210
02064000,ifs,3,0.3011,0.2882,0.6079,0.6888,229
02065500,ifs,3,0.3752,0.3435,0.7950,0.5966,239
02069700,ifs,3,0.1879,0.4510,0.5514,1.2032,214
02070000,ifs,3,0.3690,0.4958,0.6364,1.1597,239
02074500,ifs,3,0.3263,0.5429,0.6044,1.0844,241
02077200,ifs,3,0.3599,0.6840,0.7203,1.0909,236
02081500,ifs,3,0.0786,0.3225,0.4641,1.3660,241
02082950,ifs,3,-1.4091,-0.1222,0.5095,1.7131,241
02092500,ifs,3,-6.3874,-1.1647,0.2054,2.2104,241
02096846,ifs,3,-0.6347,0.0469,0.2404,1.5735,241
02102908,ifs,3,0.2964,0.4225,0.5533,0.9551,241
02108000,ifs,3,0.5539,0.7343,0.7685,1.1139,241
02111180,ifs,3,0.0425,0.0438,0.2539,1.0083,241
02111500,ifs,3,-0.0554,0.1817,0.2767,0.9345,239
02118500,ifs,3,0.0433,0.5112,0.5128,1.0321,241
02128000,ifs,3,-26.3613,-4.0726,0.4319,3.2412,241
02137727,ifs,3,-0.0862,0.2966,0.3331,0.9870,241
02140991,ifs,3,-0.0846,0.1912,0.2787,1.1104,241
02143000,ifs,3,-0.7208,0.3594,0.5067,1.2598,241
02143040,ifs,3,-1.8987,0.0070,0.2306,0.9980,239
02149000,ifs,3,-0.0521,0.2108,0.2922,1.0626,241
02152100,ifs,3,-0.9321,0.1827,0.2062,1.0309,241
02177000,ifs,3,0.1780,0.2344,0.4340,1.0493,239
02178400,ifs,3,0.3869,0.5741,0.6415,0.9616,239
02193340,ifs,3,-2.9856,-0.2992,0.1596,1.4691,241
02196000,ifs,3,0.0330,-0.1744,0.2612,0.4692,241
02198100,ifs,3,0.1550,0.1114,0.4398,1.3170,240
02202600,ifs,3,-1.0268,-0.1733,0.1609,1.8196,241
02212600,ifs,3,-0.3392,0.1088,0.1603,1.1800,239
02215100,ifs,3,-0.0057,0.0715,0.2537,0.7827,241
02216180,ifs,3,0.0230,-0.2206,0.1990,0.5313,239
02221525,ifs,3,0.0040,0.3563,0.4044,1.1235,239
02231000,ifs,3,-0.7704,-0.0560,0.5460,1.8382,241
02231342,ifs,3,-0.5414,0.0321,0.7552,1.6745,241
02235200,ifs,3,-1.0223,0.2328,0.4067,1.2919,240
02245500,ifs,3,-1.4213,0.0541,0.5026,1.2773,241
02246000,ifs,3,-0.3595,0.4191,0.5197,0.8772,239
02296500,ifs,3,0.4044,-0.0100,0.7610,1.9752,230
02297155,ifs,3,0.0929,-0.1028,0.6938,0.2986,240
02297310,ifs,3,0.5499,0.6542,0.7508,0.8457,231
02298123,ifs,3,0.4742,0.3452,0.7648,0.6165,241
02298608,ifs,3,0.4657,0.5162,0.8017,1.4378,241
02299950,ifs,3,0.0701,0.3756,0.4604,0.7541,241
02300700,ifs,3,0.2960,0.1630,0.6364,0.5698,241
02310947,ifs,3,-0.2274,-1.0175,-0.2755,2.3258,241
02312200,ifs,3,-4.5692,-3.2254,-0.0038,5.0497,241
02314500,ifs,3,-0.3475,-0.5611,-0.2545,0.5402,241
02315500,ifs,3,-0.3264,-0.6843,-0.3043,0.4160,241
02324400,ifs,3,-0.2202,-1.0425,-0.5475,0.1095,241
02327100,ifs,3,-2.8328,-1.0971,0.7505,2.6716,239
02349900,ifs,3,0.1000,0.0658,0.3191,1.0288,241
02350900,ifs,3,0.3949,0.4837,0.8141,0.6815,241
02361000,ifs,3,0.3681,0.4808,0.7089,0.6988,241
02363000,ifs,3,0.3282,0.1022,0.8297,0.4117,239
02369800,ifs,3,0.2122,0.0340,0.6339,0.5478,240
02371500,ifs,3,0.3235,0.2173,0.6846,0.8023,241
02372250,ifs,3,0.4746,0.3760,0.7698,0.8996,239
02374500,ifs,3,0.3193,0.3027,0.5963,0.8128,241
02381600,ifs,3,-0.1169,0.1079,0.2026,1.0014,241
02384540,ifs,3,0.0913,0.1054,0.3946,0.7601,241
02395120,ifs,3,-0.6715,0.2914,0.3202,1.0035,241
02408540,ifs,3,-0.1586,0.3512,0.3597,0.9855,241
02415000,ifs,3,-0.1793,0.3070,0.3225,1.0108,231
02422500,ifs,3,-0.0424,0.4752,0.5116,1.1916,224
02427250,ifs,3,0.4688,0.4917,0.6902,1.1886,241
02430085,ifs,3,-0.0085,0.3173,0.3758,1.1269,241
02450250,ifs,3,0.2673,0.2762,0.5212,0.9625,241
02464000,ifs,3,0.2173,0.4876,0.5351,0.9297,241
02465493,ifs,3,0.3214,0.5432,0.6132,1.1287,238
02469800,ifs,3,0.4440,0.3353,0.7452,0.6091,239
02472000,ifs,3,0.7929,0.6670,0.9077,0.7773,241
02472500,ifs,3,0.3545,0.5802,0.7934,0.7924,241
02479155,ifs,3,0.3442,0.1719,0.6760,0.5801,241
02479300,ifs,3,0.4072,0.3136,0.6701,0.6628,241
02481000,ifs,3,0.2041,-0.1245,0.7007,0.2511,241
02481510,ifs,3,0.3097,0.0426,0.7608,0.3951,241
03010655,ifs,3,0.5677,0.4778,0.8459,0.6756,212
03011800,ifs,3,0.2903,0.4188,0.6013,0.7602,241
03015500,ifs,3,0.5646,0.7510,0.7716,0.9262,241
03021350,ifs,3,0.3619,0.6522,0.6804,0.8639,239
03026500,ifs,3,0.3539,0.4620,0.6212,0.8113,241
03028000,ifs,3,0.3627,0.5324,0.7094,0.6958,241
03049800,ifs,3,-0.0914,0.0007,0.1962,0.6883,239
03050000,ifs,3,0.2482,0.5098,0.5629,0.8813,239
03066000,ifs,3,0.4984,0.5615,0.7277,0.7864,241
03069500,ifs,3,0.4026,0.5151,0.6696,0.7468,239
03070500,ifs,3,-0.1981,0.4618,0.6037,1.1133,239
03076600,ifs,3,0.2402,0.2957,0.5615,0.6567,241
03078000,ifs,3,0.0685,0.1595,0.3785,0.6720,241
03140000,ifs,3,-0.0710,0.1627,0.2540,0.9609,239
03144000,ifs,3,0.0748,0.4702,0.4838,1.0201,241
03159540,ifs,3,0.3774,0.6531,0.6686,0.9258,241
03161000,ifs,3,-0.1151,0.2402,0.3028,0.8869,241
03164000,ifs,3,0.3328,0.6145,0.6586,0.8729,241
03165000,ifs,3,-0.0150,0.1017,0.2615,0.8715,224
03170000,ifs,3,0.5026,0.5304,0.7327,0.8770,241
03173000,ifs,3,0.5118,0.5941,0.7285,0.8236,239
03180500,ifs,3,0.5025,0.4482,0.7437,0.7638,225
03182500,ifs,3,0.5190,0.5909,0.7260,0.8554,239
03186500,ifs,3,0.4748,0.6357,0.7002,0.9172,239
03187500,ifs,3,0.5415,0.7398,0.7663,0.8924,238
03213700,ifs,3,0.3586,0.6654,0.6734,1.0674,241
03237280,ifs,3,0.3431,0.3273,0.6048,0.6729,241
03237500,ifs,3,0.5872,0.7568,0.7769,1.0169,239
03241500,ifs,3,0.3623,0.4637,0.6184,0.7754,228
03280700,ifs,3,-0.2967,0.2956,0.3791,0.6673,213
03281100,ifs,3,-0.1930,0.3212,0.3907,0.7065,239
03281500,ifs,3,-0.0161,0.4439,0.5054,0.7459,228
03285000,ifs,3,-0.3886,0.1572,0.3148,1.4900,238
03291780,ifs,3,0.1174,0.1467,0.3569,0.8854,241
03300400,ifs,3,-0.0285,-0.0493,0.1700,0.7879,241
03340800,ifs,3,-1.5831,0.0456,0.1535,1.1412,193
03346000,ifs,3,0.2242,0.4194,0.5456,0.7116,241
03364500,ifs,3,0.1363,0.1205,0.4002,0.6415,241
03366500,ifs,3,0.1479,0.1185,0.4088,0.6430,241
03368000,ifs,3,0.0447,0.0546,0.2947,0.6586,241
03384450,ifs,3,-0.0121,-0.3435,0.0857,0.4750,241
03439000,ifs,3,-0.1217,-0.1341,0.1704,0.6676,239
03450000,ifs,3,0.0735,0.0422,0.3137,0.8515,241
03455500,ifs,3,-0.2930,0.1778,0.2954,0.6820,239
03456500,ifs,3,0.0162,0.1894,0.3389,0.8253,239
03460000,ifs,3,-0.2214,0.3997,0.6149,0.6362,241
03463300,ifs,3,0.1141,0.5032,0.5135,0.9854,241
03471500,ifs,3,0.4568,0.6436,0.7966,0.7274,239
03473000,ifs,3,0.2179,0.5189,0.6306,0.7469,241
03479000,ifs,3,-0.1130,0.3964,0.4075,0.9162,239
03488000,ifs,3,0.5470,0.4528,0.8269,0.7124,241
03498500,ifs,3,-0.0596,0.4330,0.4820,0.7789,241
03500000,ifs,3,0.2313,0.5810,0.6772,0.8203,239
03504000,ifs,3,-0.1788,0.3848,0.4270,0.8454,239
03574500,ifs,3,0.1300,0.0326,0.4451,0.5600,241
03604000,ifs,3,-0.1387,-0.1614,0.0381,0.8049,239
04015330,ifs,3,0.2509,0.1874,0.5179,0.6158,200
04024430,ifs,3,0.5751,0.4675,0.8016,0.6231,241
04027000,ifs,3,0.4857,0.4589,0.7212,0.7214,241
04040500,ifs,3,0.8383,0.7546,0.9261,0.8819,241
04043050,ifs,3,0.7503,0.8076,0.8692,0.8985,182
04045500,ifs,3,0.8943,0.7720,0.9635,0.7925,237
04056500,ifs,3,0.4890,0.4113,0.7924,0.7017,231
04057510,ifs,3,0.8583,0.6670,0.9649,0.7706,161
04057800,ifs,3,0.7811,0.5914,0.9173,0.7104,241
04059500,ifs,3,0.8372,0.8069,0.9200,0.9861,241
04063700,ifs,3,0.8158,0.5634,0.9549,0.6446,241
04074950,ifs,3,0.6751,0.5555,0.9251,0.7568,241
04105700,ifs,3,0.5860,0.5980,0.7863,0.9308,241
04115265,ifs,3,0.5230,0.4629,0.7641,0.9964,241
04122200,ifs,3,0.6191,0.6212,0.8064,0.8853,241
04122500,ifs,3,0.8260,0.8025,0.9198,0.9346,239
04124000,ifs,3,0.8997,0.8460,0.9559,1.0329,241
04127997,ifs,3,0.4972,0.4633,0.7505,0.9198,204
04185000,ifs,3,0.7056,0.7433,0.8423,0.9088,218
04196800,ifs,3,0.5663,0.6795,0.7560,0.9028,241
04197100,ifs,3,0.5119,0.5593,0.7176,1.0703,241
04197170,ifs,3,0.2911,0.4788,0.5664,0.8847,241
04213000,ifs,3,0.1102,0.5924,0.6307,1.0478,239
04213075,ifs,3,-0.5372,0.3304,0.3508,1.0159,237
04216418,ifs,3,0.3915,0.6266,0.6632,1.0996,241
04221000,ifs,3,0.1932,0.2381,0.6011,0.5646,241
04224775,ifs,3,0.2631,0.3187,0.5815,0.6337,239
04256000,ifs,3,0.7104,0.7900,0.8738,1.1491,239
04296000,ifs,3,0.4780,0.6001,0.7067,0.8515,241
05057000,ifs,3,-1.0170,0.0666,0.6176,0.5010,163
05057200,ifs,3,0.5107,0.6849,0.7277,1.0527,240
05062500,ifs,3,0.6567,0.6937,0.8144,0.9201,202
05087500,ifs,3,0.3346,0.4431,0.5808,0.9915,241
05120500,ifs,3,-10.0005,-1.4883,-0.0619,3.1895,210
05123400,ifs,3,-0.3950,-0.6564,-0.0244,0.1567,240
05129115,ifs,3,-0.8203,-0.8897,-0.2533,0.0000,241
05131500,ifs,3,0.0420,-0.0573,0.7152,0.3958,145
05291000,ifs,3,0.0527,0.1505,0.4263,0.6086,241
05362000,ifs,3,0.6293,0.7113,0.8064,0.8202,240
05393500,ifs,3,0.4991,0.6137,0.7168,0.8433,241
05399500,ifs,3,0.1084,0.5169,0.5272,0.9224,239
05408000,ifs,3,0.2147,0.2268,0.4903,0.8732,240
05412500,ifs,3,0.3648,0.4469,0.6927,0.7037,241
05413500,ifs,3,-0.0454,0.3373,0.4638,0.7767,211
05414000,ifs,3,0.0653,0.2195,0.7448,0.6084,207
05444000,ifs,3,-0.2343,0.2823,0.3635,0.6913,239
05454000,ifs,3,-0.7192,0.2941,0.4303,0.8058,241
05458000,ifs,3,0.0425,0.1204,0.3220,0.7346,241
05466500,ifs,3,0.2099,0.4188,0.5051,0.9044,239
05487980,ifs,3,-0.3302,0.1439,0.1840,0.8548,239
05488200,ifs,3,-0.1100,0.0927,0.2517,0.6243,239
05489000,ifs,3,-0.3597,0.0091,0.1298,0.6080,239
05495000,ifs,3,-3.4102,-0.5273,0.3019,1.7270,239
05495500,ifs,3,-0.3144,0.2302,0.2870,0.7239,235
05501000,ifs,3,-0.0003,-0.0405,0.2242,0.6104,239
05503800,ifs,3,-0.0324,0.1431,0.2677,0.8330,241
05507600,ifs,3,-1.2233,0.0968,0.1762,1.2247,241
05508805,ifs,3,-0.6457,0.2191,0.3921,1.4078,239
05514500,ifs,3,0.0081,0.0218,0.2377,0.7551,239
05525500,ifs,3,-0.2094,0.4028,0.4593,1.2339,239
05556500,ifs,3,0.0067,0.0678,0.3470,0.5317,241
05584500,ifs,3,-0.6822,0.3021,0.3678,0.8788,239
05585000,ifs,3,0.2365,0.5500,0.6130,0.7737,241
05591550,ifs,3,-1.7183,0.0125,0.1445,1.1747,239
05592050,ifs,3,-1.7535,-0.0022,0.0979,1.0998,222
05592575,ifs,3,-0.1505,0.1542,0.2467,0.7591,239
05593575,ifs,3,-0.5225,0.2353,0.3522,1.3774,241
05593900,ifs,3,-0.2775,0.2645,0.2768,1.0388,239
05595730,ifs,3,-1.3579,0.1037,0.2859,1.2437,241
06037500,ifs,3,-2.1601,0.4172,0.8552,1.2878,241
06043500,ifs,3,0.4671,0.4310,0.9624,1.3119,241
06154410,ifs,3,-0.0323,0.3567,0.4132,0.7925,241
06188000,ifs,3,0.8550,0.8954,0.9358,0.9717,241
06191500,ifs,3,0.7495,0.6943,0.9405,1.1059,241
06221400,ifs,3,0.8266,0.8542,0.9296,1.0589,241
06224000,ifs,3,0.7121,0.8490,0.8557,1.0430,241
06289000,ifs,3,0.2878,0.5651,0.6423,0.8367,241
06332515,ifs,3,0.0257,-0.0597,0.7847,0.6339,118
06339100,ifs,3,-0.1318,0.2864,0.4220,1.4152,177
06339500,ifs,3,-0.1866,0.0510,0.5646,0.2768,171
06344600,ifs,3,-2.4394,-1.5973,0.1651,3.4485,180
06350000,ifs,3,-15.7429,-2.3726,0.1803,2.4209,241
06352000,ifs,3,-0.0159,-0.1018,0.5173,1.3442,240
06353000,ifs,3,-0.0007,-0.1115,0.5170,0.8147,239
06354000,ifs,3,0.4192,0.2759,0.8945,0.4635,176
06360500,ifs,3,0.1291,0.1453,0.5299,1.5398,142
06404000,ifs,3,-3.6194,-0.4441,-0.1641,1.5643,208
06406000,ifs,3,-163.8594,-3.7948,0.9017,5.7460,183
06408700,ifs,3,-1569.9014,-3.9691,0.2316,1.5088,241
06409000,ifs,3,-1.2474,0.6280,0.8823,1.2538,196
06431500,ifs,3,-0.9522,0.4505,0.4588,1.0894,230
06440200,ifs,3,-0.6924,0.1958,0.5853,0.6580,163
06441500,ifs,3,-26.8741,-4.1692,-0.0178,4.1711,180
06447000,ifs,3,-0.0165,-0.1828,0.1796,0.5111,143
06447500,ifs,3,-0.0848,-0.0628,0.5404,0.6975,241
06450500,ifs,3,0.0475,-0.1015,0.3315,1.0621,211
06452000,ifs,3,0.0075,-0.2954,0.1419,1.0158,178
06453600,ifs,3,-1.4640,-0.1159,0.4639,1.7822,238
06464500,ifs,3,-1.3998,0.1382,0.3313,1.2494,178
06477500,ifs,3,-105.7233,-9.8295,0.2767,6.8695,240
06479215,ifs,3,-0.2567,-0.1268,0.0387,0.6767,241
06479438,ifs,3,-0.0834,-0.3713,0.1985,0.2472,241
06601000,ifs,3,-0.4821,-0.0194,0.0326,0.8645,241
06614800,ifs,3,0.7867,0.6268,0.9382,1.3402,241
06622700,ifs,3,-0.3006,0.1569,0.7628,1.6143,241
06623800,ifs,3,0.8231,0.9076,0.9135,0.9724,241
06632400,ifs,3,-0.3063,0.3268,0.4660,1.3881,241
06784000,ifs,3,-1.5926,0.2893,0.4431,1.3921,241
06803510,ifs,3,-1.0345,-0.0095,0.0110,0.7993,241
06803530,ifs,3,-0.2918,-0.0997,0.0187,0.7834,241
06814000,ifs,3,-0.1606,-0.1589,0.0671,0.5754,241
06846500,ifs,3,-0.0093,-0.4705,-0.0557,1.3843,241
06847900,ifs,3,-0.2625,-0.0658,0.0987,1.3964,241
06853800,ifs,3,-0.5187,-0.3405,0.0171,1.7743,241
06876700,ifs,3,0.1198,0.5811,0.6138,0.8892,241
06878000,ifs,3,-2.0112,-0.0313,0.1424,0.9228,241
06879650,ifs,3,-0.2036,-0.1068,0.1029,0.5432,240
06885500,ifs,3,-0.4753,-0.1143,0.0322,0.5328,241
06888500,ifs,3,-0.0389,-0.2780,0.1251,0.4003,241
06889200,ifs,3,-0.2116,-0.1248,0.0753,0.5695,241
06889500,ifs,3,-2.6481,-0.1694,0.0425,1.0358,241
06892000,ifs,3,-4.4917,-0.5147,0.0373,1.1772,241
06903400,ifs,3,-0.1111,-0.0927,0.1993,0.4125,241
06906800,ifs,3,-0.1573,0.1403,0.2382,0.7448,241
06910800,ifs,3,-0.5974,0.1363,0.1935,0.6911,241
06911900,ifs,3,-0.4775,0.0212,0.1139,0.6327,241
06917000,ifs,3,0.3513,0.3573,0.6101,0.6274,241
06918460,ifs,3,0.3693,0.5002,0.6127,1.0373,241
06919500,ifs,3,0.1782,0.4995,0.5668,0.7601,241
06921070,ifs,3,-0.0211,0.3391,0.3895,0.8442,241
06921200,ifs,3,0.1038,-0.0754,0.3874,0.3958,241
06934000,ifs,3,0.2693,0.5634,0.6218,0.7994,240
07014500,ifs,3,0.0279,-0.1397,0.2438,0.6386,241
07056000,ifs,3,0.0803,0.2412,0.3801,0.7987,241
07057500,ifs,3,0.1815,0.4256,0.5074,0.8700,233
07060710,ifs,3,-0.0001,-0.3929,0.0296,1.0572,241
07066000,ifs,3,-0.0071,0.0304,0.2597,0.7786,241
07067000,ifs,3,-0.1075,0.1942,0.5308,0.5437,241
07068000,ifs,3,-0.0202,0.1473,0.4155,0.7459,240
07071500,ifs,3,-0.5906,0.1739,0.2360,0.7888,241
07083000,ifs,3,-1.5003,-0.3839,0.8874,1.7380,241
07142300,ifs,3,-7.9122,-5.1152,0.0306,6.9781,241
07145700,ifs,3,0.2722,-0.0758,0.6978,0.2881,238
07148400,ifs,3,-0.8051,0.1152,0.7662,1.4825,241
07149000,ifs,3,-0.1302,0.3490,0.7652,1.4790,241
07151500,ifs,3,0.2630,0.0370,0.7085,0.4899,241
07167500,ifs,3,0.8517,0.0616,0.9380,1.9315,241
07180500,ifs,3,-0.0348,0.0419,0.2399,0.6641,241
07184000,ifs,3,0.0877,-0.1569,0.3414,0.3781,239
07195800,ifs,3,0.0677,0.3417,0.4180,0.8525,239
07196900,ifs,3,0.1150,0.0707,0.3408,0.9183,240
07197000,ifs,3,0.3500,0.4204,0.5939,0.9174,241
07208500,ifs,3,0.0906,0.5170,0.7387,1.0678,241
07226500,ifs,3,-0.0146,-0.6088,-0.0168,0.2058,239
07261000,ifs,3,0.0811,0.1218,0.3450,1.2755,239
07263295,ifs,3,-0.1786,-0.9512,0.2051,2.6850,239
07290650,ifs,3,0.0906,0.3041,0.4419,0.7021,241
07291000,ifs,3,-0.1473,0.0380,0.3123,0.4199,241
07292500,ifs,3,-0.6048,0.2956,0.3177,0.9222,241
07295000,ifs,3,-0.0904,0.1836,0.2867,0.7508,241
07299670,ifs,3,-0.1616,-0.2230,0.0801,1.5920,231
07301410,ifs,3,-0.2527,-0.2033,-0.0085,0.7236,230
07301500,ifs,3,-0.1863,-0.5712,0.0439,1.7844,203
07315200,ifs,3,-0.3787,0.0827,0.2848,1.5722,161
07315700,ifs,3,-2.2578,-0.4514,0.1975,1.9911,218
07335700,ifs,3,0.0225,-0.1523,0.2902,0.4349,232
07340300,ifs,3,0.1855,0.2002,0.4701,0.6868,241
07346045,ifs,3,-0.6965,0.0085,0.2295,0.4211,241
07359610,ifs,3,0.0290,0.1868,0.4107,1.4597,241
07362100,ifs,3,-0.3816,0.0891,0.5081,1.7544,241
07362587,ifs,3,-0.1088,-0.2571,0.2792,1.9524,239
07373000,ifs,3,-0.0547,-0.1748,0.2372,0.5417,237
07375000,ifs,3,-0.1212,0.0827,0.2738,0.5431,241
07376000,ifs,3,0.3493,0.6541,0.7076,0.8342,241
08013000,ifs,3,0.5062,0.4046,0.7648,0.7052,241
08014500,ifs,3,0.3758,0.2366,0.7499,0.6019,241
08023080,ifs,3,-0.3469,-0.4085,-0.0786,1.7433,241
08025500,ifs,3,0.0465,0.1565,0.3063,0.9472,241
08029500,ifs,3,-0.6304,0.0844,0.1278,1.2651,241
08050800,ifs,3,0.0126,-0.1928,0.1615,0.6372,240
08066200,ifs,3,-0.0443,-0.2783,0.0843,0.4662,241
08066300,ifs,3,-0.0406,-0.2774,0.1416,0.3287,241
08070000,ifs,3,-1.5872,-0.0985,0.5205,1.4921,241
08070200,ifs,3,-0.0409,0.5227,0.5354,0.9810,241
08079600,ifs,3,-9.7923,-4.9636,0.3061,6.4464,196
08082700,ifs,3,0.0321,-0.1997,0.1839,0.7138,227
08086212,ifs,3,-0.0297,-0.2464,0.0526,1.2556,241
08086290,ifs,3,-0.4300,-0.7185,0.0325,2.3835,241
08101000,ifs,3,-4.5724,-0.8593,0.4049,1.8402,241
08103900,ifs,3,0.0589,0.1166,0.3099,0.7875,241
08104900,ifs,3,-0.0682,-0.0417,0.2213,0.5167,241
08109700,ifs,3,0.2667,0.4613,0.7406,1.3931,224
08150800,ifs,3,0.0648,-0.2113,0.3188,0.4971,241
08155200,ifs,3,-1.0606,-0.8979,0.1423,2.6923,241
08158700,ifs,3,-5.2253,-8.0848,0.1356,9.9893,241
08158810,ifs,3,-0.3295,0.0833,0.1327,1.1012,241
08164000,ifs,3,-2.0767,-0.3719,0.2747,1.9153,241
08164300,ifs,3,0.0414,0.1882,0.3173,1.0171,238
08164600,ifs,3,-15.8993,-5.7052,0.3286,6.8517,241
08165300,ifs,3,-0.0074,-0.3027,0.0362,0.9110,241
08171300,ifs,3,-31.4524,-33.4406,0.1898,35.2404,241
08175000,ifs,3,-0.0704,0.2606,0.4574,0.4995,241
08176900,ifs,3,-29.5400,-8.9963,0.4320,9.8637,241
08178880,ifs,3,0.0779,-0.1874,0.3457,0.3453,241
08189500,ifs,3,-2.1186,-0.1571,0.2482,1.5092,241
08190000,ifs,3,0.0084,-0.1981,0.1280,0.7779,241
08190500,ifs,3,0.3700,-0.2617,0.8696,2.2024,235
08194200,ifs,3,-0.1928,0.1770,0.2291,0.9174,241
08195000,ifs,3,0.0486,-0.2227,0.2691,0.5394,241
08196000,ifs,3,-0.0453,0.1051,0.3242,1.4956,229
08198500,ifs,3,0.0365,-0.3374,0.2846,0.3274,241
08200000,ifs,3,0.0308,-0.0805,0.2493,0.5217,241
08202700,ifs,3,0.0176,-0.4536,0.1604,0.1816,240
08267500,ifs,3,-21.3948,-2.2262,0.6991,2.6204,241
08269000,ifs,3,-3.4096,-0.3592,0.7067,1.6948,241
08271000,ifs,3,-43.2330,-4.1097,0.7749,2.4411,241
08324000,ifs,3,0.1918,0.6054,0.7144,1.1253,241
08377900,ifs,3,-3.5279,-0.4102,0.4932,1.3249,241
08378500,ifs,3,-5.3822,-0.8909,0.5973,1.2922,233
08380500,ifs,3,-2.3466,-0.0990,0.5120,1.6383,241
09034900,ifs,3,0.1904,0.2406,0.8783,1.5624,237
09035900,ifs,3,0.5629,0.7529,0.8265,1.0833,207
09047700,ifs,3,-4.0637,-0.8702,0.8909,1.3935,239
09065500,ifs,3,0.7332,0.6619,0.9387,1.1289,241
09066000,ifs,3,-0.8444,0.1979,0.5943,1.1516,241
09066200,ifs,3,0.7096,0.6464,0.9258,1.2149,241
09066300,ifs,3,-0.3230,0.0084,0.8082,1.7829,241
09081600,ifs,3,0.1413,0.6048,0.6257,1.0159,241
09107000,ifs,3,-1.0920,0.0170,0.7068,1.2435,240
09210500,ifs,3,-1.3981,0.0906,0.7372,1.5416,214
09223000,ifs,3,-2.7093,-0.5495,0.8826,1.9789,180
09306242,ifs,3,-381.2007,-4.1813,0.8972,6.0606,239
09312600,ifs,3,-2.1108,-0.6212,0.4909,2.3991,241
09352900,ifs,3,-0.5900,0.3041,0.5723,1.2851,211
09378170,ifs,3,0.2558,0.2673,0.5413,1.3170,241
09378630,ifs,3,,,,,241
09386900,ifs,3,-1.3195,-0.1525,0.0172,1.5899,241
09404450,ifs,3,0.7132,0.7582,0.8576,0.9271,241
09430500,ifs,3,-1.1529,0.0514,0.5013,0.2462,241
09430600,ifs,3,0.1397,0.0192,0.6830,0.2554,241
09447800,ifs,3,-2.2248,-0.6387,0.0357,2.0348,241
09480000,ifs,3,-0.5832,-3.4218,-0.0307,5.2825,241
09484000,ifs,3,-0.7152,-0.8037,0.3037,2.6612,216
09484600,ifs,3,-1.7393,-1.7223,0.1076,3.5488,240
09492400,ifs,3,-0.9865,0.1763,0.7527,1.6467,240
09494000,ifs,3,0.3611,0.6353,0.6502,1.0126,241
09497800,ifs,3,-0.1100,-0.6237,-0.2521,1.5138,241
09497980,ifs,3,-0.2289,0.0779,0.1507,0.9189,210
09505200,ifs,3,0.6533,0.7361,0.8118,1.1264,241
09505350,ifs,3,0.6352,0.4983,0.8056,1.4465,241
09505800,ifs,3,0.6262,0.7746,0.8249,1.1336,241
09508300,ifs,3,-0.2850,0.3267,0.3425,0.8569,241
09510200,ifs,3,-2.0873,-0.9691,0.1043,2.6835,222
09512280,ifs,3,-0.1121,-0.9644,-0.0400,2.4841,241
09513780,ifs,3,-3.9113,-6.0754,0.0489,8.0045,240
10023000,ifs,3,-14.7501,-0.6516,0.0849,2.2321,241
10166430,ifs,3,-13230.5825,-90.2747,0.5630,72.7706,241
10172700,ifs,3,-29.8463,-0.2897,0.6170,2.0150,241
10172800,ifs,3,-9.7513,-0.8859,0.8092,2.3639,241
10173450,ifs,3,-0.3791,0.3960,0.4183,0.9951,241
10205030,ifs,3,-188.9616,-9.8504,-0.0170,2.3257,241
10234500,ifs,3,-0.0967,-0.2732,-0.0283,0.8572,237
10242000,ifs,3,-29.1147,-3.7048,0.4140,4.5007,241
10244950,ifs,3,-36.9491,-1.5526,0.7119,1.5593,241
10249300,ifs,3,-44.3723,-4.5690,0.5173,4.3300,240
10258000,ifs,3,,,,,69
10258500,ifs,3,0.2077,0.1185,0.4610,0.5876,241
10259000,ifs,3,0.7370,0.7210,0.8738,1.0820,241
10259200,ifs,3,-4.6848,-4.7500,0.7153,6.4868,241
10263500,ifs,3,-0.4735,0.1213,0.8215,1.2616,241
10310500,ifs,3,-1.3945,0.2149,0.8814,1.7537,241
10316500,ifs,3,-0.3403,0.3307,0.6768,1.2423,241
10329500,ifs,3,0.1457,0.3487,0.8780,1.2322,241
10336645,ifs,3,0.4946,0.6560,0.7164,1.0980,227
10336660,ifs,3,0.5000,0.6917,0.7220,1.0116,241
10343500,ifs,3,0.5779,0.4524,0.8616,0.7736,241
10348850,ifs,3,-2.2697,0.0016,0.8147,1.7184,241
10396000,ifs,3,0.4762,0.7159,0.8241,1.1973,241
11098000,ifs,3,-0.2269,0.2747,0.6379,1.4909,241
11124500,ifs,3,-2.6810,-0.9744,0.9028,2.4182,241
11141280,ifs,3,0.5511,0.4627,0.7985,1.0709,241
11143000,ifs,3,0.6981,0.6992,0.8517,1.2507,241
11148900,ifs,3,0.5362,0.2557,0.8428,0.5353,241
11151300,ifs,3,0.5424,0.3998,0.8563,1.0508,241
11162500,ifs,3,0.7019,0.4936,0.8979,0.6944,241
11176400,ifs,3,0.5236,0.2932,0.8036,0.5701,144
11180500,ifs,3,-0.5109,-0.6260,0.8653,2.3076,241
11180960,ifs,3,-0.2781,-0.5816,0.6929,2.4972,241
11224500,ifs,3,0.0013,-0.4952,0.1607,0.1564,241
11253310,ifs,3,0.1240,0.0048,0.3788,0.4818,241
11264500,ifs,3,-0.5017,0.2160,0.2196,0.9376,241
11266500,ifs,3,-0.3354,0.3336,0.3363,1.0595,241
11274500,ifs,3,0.8881,0.8101,0.9452,1.1323,241
11274630,ifs,3,0.5751,0.6867,0.7596,1.0322,241
11284400,ifs,3,0.0133,-0.3547,0.2711,0.1913,241
11299600,ifs,3,0.1813,-0.0131,0.5049,0.5285,238
11381500,ifs,3,0.4069,0.3223,0.7248,0.9938,241
11383500,ifs,3,0.5012,0.4287,0.7617,1.0607,241
11451100,ifs,3,0.3968,0.4834,0.6300,0.9961,106
11468500,ifs,3,0.2931,0.1978,0.6369,0.8321,241
11473900,ifs,3,0.3459,0.2640,0.6676,0.8827,241
11475560,ifs,3,0.4302,0.4323,0.6682,0.9590,241
11476600,ifs,3,0.4755,0.6697,0.7409,1.2048,240
11478500,ifs,3,0.3707,0.3930,0.6154,1.3020,241
11480390,ifs,3,0.3161,0.2568,0.6098,0.9021,241
11481200,ifs,3,0.4441,0.5470,0.6728,1.1732,241
11482500,ifs,3,0.6367,0.5337,0.8268,1.4166,241
11522500,ifs,3,0.1573,0.3839,0.6444,1.5022,241
11523200,ifs,3,-0.3895,0.1078,0.6729,1.7486,241
11528700,ifs,3,0.4800,0.4454,0.7192,1.0951,241
11532500,ifs,3,0.6167,0.7261,0.7916,1.1249,241
12010000,ifs,3,0.5903,0.5225,0.8071,0.7482,241
12013500,ifs,3,0.6887,0.7185,0.8333,0.8968,241
12020000,ifs,3,0.3907,0.3907,0.6667,0.6251,241
12025000,ifs,3,0.7871,0.7368,0.8982,1.0295,241
12025700,ifs,3,0.6662,0.5724,0.8542,0.8122,241
12035000,ifs,3,0.8506,0.8302,0.9274,0.9068,241
12040500,ifs,3,0.7372,0.7152,0.8699,0.8610,241
12041200,ifs,3,0.7196,0.8161,0.8727,0.8675,241
12043000,ifs,3,0.7609,0.6772,0.8965,0.8313,241
12048000,ifs,3,0.5664,0.7287,0.8695,1.2206,241
12054000,ifs,3,0.5315,0.5998,0.8878,1.3093,241
12056500,ifs,3,0.6687,0.7884,0.8668,0.9175,241
12073500,ifs,3,0.5592,0.6774,0.7584,1.0642,240
12082500,ifs,3,0.3636,0.3163,0.6457,0.9844,235
12092000,ifs,3,0.1664,0.1961,0.4136,0.9653,241
12095000,ifs,3,0.5452,0.5133,0.7624,0.8502,241
12114500,ifs,3,0.5114,0.4478,0.7602,1.0521,241
12115000,ifs,3,0.4908,0.4382,0.7399,1.0218,241
12115500,ifs,3,0.4527,0.4141,0.7046,0.8954,241
12117000,ifs,3,0.6052,0.5871,0.7921,0.9933,241
12141300,ifs,3,0.2692,0.3033,0.5229,1.0904,241
12143600,ifs,3,0.3607,0.3460,0.6241,1.1763,238
12144000,ifs,3,0.4636,0.4706,0.6918,1.0061,240
12145500,ifs,3,0.7204,0.6313,0.8750,0.8631,241
12147600,ifs,3,0.2479,0.3556,0.5054,0.9588,241
12167000,ifs,3,0.6677,0.6356,0.8326,1.1527,241
12175500,ifs,3,0.0154,0.5448,0.5701,1.1127,241
12186000,ifs,3,0.3386,0.4990,0.6082,1.1474,238
12189500,ifs,3,0.4172,0.5876,0.7104,1.2479,240
12358500,ifs,3,0.6133,0.7867,0.8362,1.0680,241
12377150,ifs,3,0.5452,0.7729,0.7730,0.9941,241
12381400,ifs,3,0.3253,0.4892,0.8607,1.2339,208
12390700,ifs,3,0.4235,0.6293,0.7008,1.1770,241
12411000,ifs,3,0.7836,0.7499,0.9013,1.1970,230
12414500,ifs,3,0.6654,0.6839,0.8277,0.9019,241
12447390,ifs,3,-0.2009,-0.2472,0.2297,0.3535,241
12451000,ifs,3,0.4617,0.6751,0.8027,1.2164,241
12488500,ifs,3,0.6044,0.7245,0.8051,1.1590,241
13011500,ifs,3,0.7269,0.6218,0.9356,1.2881,241
13011900,ifs,3,0.7972,0.8152,0.9253,0.9586,241
13018300,ifs,3,-0.3826,0.0153,0.9357,1.4723,241
13023000,ifs,3,0.5433,0.7682,0.8108,0.9071,199
13161500,ifs,3,0.7034,0.7228,0.8652,0.7947,241
13235000,ifs,3,0.5886,0.6617,0.7827,0.8921,239
13240000,ifs,3,0.7788,0.8539,0.8830,1.0094,162
13310700,ifs,3,0.5895,0.5019,0.9007,0.6715,241
13313000,ifs,3,0.6949,0.4840,0.9581,0.6435,241
13331500,ifs,3,0.5035,0.5430,0.9017,1.2162,241
13337000,ifs,3,0.6675,0.6948,0.8467,0.8289,241
13338500,ifs,3,0.8059,0.8693,0.9112,1.0932,241
13340000,ifs,3,0.4845,0.6250,0.7479,0.7953,241
13340600,ifs,3,0.5881,0.6081,0.8734,0.7066,241
14020000,ifs,3,0.4356,0.2948,0.7925,0.6950,241
14092750,ifs,3,0.8094,0.8295,0.9072,0.9181,241
14096850,ifs,3,-1.3086,0.3418,0.7883,0.4577,241
14137000,ifs,3,0.7401,0.6963,0.8732,1.0473,236
14138800,ifs,3,0.6372,0.7181,0.7982,0.9978,241
14138870,ifs,3,0.6831,0.8294,0.8439,0.9317,241
14138900,ifs,3,0.4607,0.5146,0.6807,0.9473,241
14139800,ifs,3,0.7280,0.8503,0.8641,0.9375,239
14141500,ifs,3,0.7146,0.8543,0.8591,0.9647,241
14154500,ifs,3,0.7235,0.6651,0.8681,1.0616,241
14158500,ifs,3,0.7700,0.6924,0.9194,1.0842,226
14158790,ifs,3,0.6559,0.6442,0.8198,1.0691,237
14166500,ifs,3,0.4328,0.4220,0.6753,0.9133,241
14182500,ifs,3,0.5417,0.5418,0.7501,0.7961,241
14185000,ifs,3,0.6650,0.6940,0.8180,0.9976,241
14185900,ifs,3,0.6048,0.6754,0.7780,0.9741,238
14187000,ifs,3,0.5672,0.6140,0.7552,1.0343,239
14216500,ifs,3,0.8775,0.8262,0.9430,1.0323,238
14222500,ifs,3,0.8285,0.7846,0.9166,1.0816,241
14236200,ifs,3,0.6844,0.5588,0.8761,0.8282,240
14301000,ifs,3,0.8266,0.8550,0.9095,0.9919,240
14303200,ifs,3,0.7836,0.6438,0.9271,1.0174,241
14305500,ifs,3,0.7730,0.7432,0.8870,1.0168,239
14306340,ifs,3,0.5295,0.4499,0.7714,0.7738,241
14306500,ifs,3,0.7326,0.6738,0.8733,0.9276,241
14308990,ifs,3,0.3815,0.2944,0.7065,0.8852,241
14309500,ifs,3,0.5124,0.4761,0.7387,0.8871,241
14316700,ifs,3,0.6805,0.6044,0.8540,1.0338,241
14325000,ifs,3,0.4990,0.5977,0.7077,0.9258,241
14362250,ifs,3,0.2508,0.0960,0.7205,0.4987,148
14400000,ifs,3,0.6610,0.7624,0.8173,0.8979,241
01013500,ifs,4,0.8920,0.8032,0.9558,0.8562,241
01022500,ifs,4,0.7248,0.6537,0.8736,0.9973,241
01030500,ifs,4,0.7903,0.8093,0.9211,1.0877,241
01031500,ifs,4,0.5670,0.7615,0.7726,1.0436,239
01047000,ifs,4,0.3134,0.6729,0.6926,1.0536,241
01052500,ifs,4,0.4465,0.3987,0.7029,0.7220,241
01054200,ifs,4,0.3028,0.3833,0.5930,0.6354,241
01055000,ifs,4,0.2889,0.6156,0.6217,1.0171,241
01057000,ifs,4,0.6424,0.7677,0.8070,0.9395,241
01073000,ifs,4,0.4557,0.6664,0.8030,1.1465,241
01078000,ifs,4,0.3071,0.4011,0.5973,0.7249,239
01118300,ifs,4,0.2310,0.5052,0.5633,0.8464,239
01121000,ifs,4,0.5295,0.6577,0.7910,1.2693,239
01123000,ifs,4,0.8211,0.8816,0.9067,0.9744,241
01134500,ifs,4,0.6758,0.7555,0.8298,0.8687,239
01137500,ifs,4,0.4829,0.5741,0.7120,0.8157,241
01139000,ifs,4,0.5514,0.7352,0.7626,0.9170,237
01139800,ifs,4,0.7690,0.8439,0.8819,1.0757,241
01142500,ifs,4,0.6089,0.6828,0.7910,0.8684,239
01144000,ifs,4,0.7259,0.8570,0.8680,0.9515,241
01169000,ifs,4,-0.3960,0.3706,0.5692,1.2151,239
01170100,ifs,4,0.3309,0.6821,0.7079,1.0390,240
01181000,ifs,4,0.5475,0.7228,0.7945,1.1753,239
01187300,ifs,4,0.2854,0.5215,0.5862,1.1548,241
01195100,ifs,4,0.2355,0.3945,0.5111,0.9082,241
01333000,ifs,4,0.4638,0.5128,0.6906,0.8600,239
01350000,ifs,4,0.1616,0.1223,0.4192,0.7083,238
01350080,ifs,4,0.6341,0.5046,0.8499,0.7065,241
01350140,ifs,4,0.6193,0.5307,0.8339,0.6258,191
01365000,ifs,4,0.6411,0.5998,0.8202,0.8784,239
01411300,ifs,4,0.0041,0.1736,0.3399,1.2452,232
01413500,ifs,4,0.4955,0.4335,0.7548,0.7937,239
01414500,ifs,4,0.1163,0.0630,0.4383,0.5759,239
01415000,ifs,4,0.3249,0.2632,0.6869,0.6272,196
01423000,ifs,4,0.4653,0.3905,0.7680,0.7215,241
01434025,ifs,4,0.4116,0.5928,0.6965,0.7465,241
01435000,ifs,4,0.6009,0.5721,0.7925,0.9166,240
01439500,ifs,4,0.6041,0.6281,0.8070,0.8168,239
01440000,ifs,4,0.4917,0.6346,0.7065,0.9624,241
01440400,ifs,4,0.7038,0.7689,0.8390,0.9882,215
01451800,ifs,4,0.2748,0.4134,0.5358,1.0361,239
01466500,ifs,4,-2.1542,-0.5345,0.8368,1.0058,239
01484100,ifs,4,-0.0553,0.4710,0.5671,1.3002,241
01485500,ifs,4,-4.9335,-0.9715,0.3825,2.3219,236
01486000,ifs,4,-4.1181,-0.5954,0.3055,1.8994,241
01487000,ifs,4,0.4787,0.7394,0.7831,1.0684,241
01491000,ifs,4,0.6292,0.5165,0.8524,0.9407,241
01510000,ifs,4,0.6221,0.6517,0.7926,0.9349,241
01516500,ifs,4,0.2300,0.1244,0.6147,0.5488,241
01518862,ifs,4,0.2709,0.2712,0.6097,0.6138,241
01532000,ifs,4,0.4159,0.6330,0.6770,0.8953,239
01539000,ifs,4,0.1539,0.5341,0.5556,0.8808,225
01542810,ifs,4,0.2756,0.2551,0.5750,0.7187,239
01543000,ifs,4,0.3458,0.4408,0.6357,0.7404,241
01543500,ifs,4,0.4203,0.4592,0.7067,0.7382,239
01544500,ifs,4,0.4416,0.4025,0.7956,0.6183,241
01545600,ifs,4,0.4448,0.3399,0.8188,0.6140,241
01547700,ifs,4,0.0415,-0.0442,0.2504,0.7346,241
01548500,ifs,4,0.3384,0.2720,0.7576,0.5821,239
01549500,ifs,4,0.4960,0.3953,0.8212,0.6447,239
01550000,ifs,4,0.3822,0.3767,0.7096,0.6531,239
01552000,ifs,4,0.3149,0.4352,0.6063,0.7765,241
01552500,ifs,4,0.4064,0.5452,0.6689,0.8119,241
01557500,ifs,4,0.1497,0.3287,0.4358,0.9918,241
01567500,ifs,4,0.1679,0.1725,0.4099,0.9961,241
01568000,ifs,4,0.3635,0.3549,0.6216,1.0669,241
01580000,ifs,4,0.1219,0.2517,0.4024,0.9117,237
01583500,ifs,4,0.0867,0.2880,0.4126,0.8488,241
01586610,ifs,4,0.2547,0.4380,0.5670,0.8082,207
01591400,ifs,4,0.1683,0.2268,0.4175,0.9827,241
01596500,ifs,4,0.1786,0.2215,0.4593,0.7146,239
01605500,ifs,4,0.3025,0.4741,0.5761,1.1081,239
01606500,ifs,4,0.4550,0.4885,0.7019,0.7653,214
01613050,ifs,4,0.2576,0.4027,0.5244,1.0703,241
01620500,ifs,4,0.2848,0.2572,0.6361,0.5115,239
01632000,ifs,4,0.3286,0.5458,0.6012,1.0002,239
01632900,ifs,4,0.2305,0.6019,0.6040,1.0260,239
01634500,ifs,4,0.1713,0.3206,0.4459,0.9571,224
01638480,ifs,4,-2.0738,-0.2833,0.3362,1.9520,236
01639500,ifs,4,0.3809,0.4562,0.6215,1.0902,241
01644000,ifs,4,-0.8991,-0.0400,0.4925,1.8938,241
01658500,ifs,4,-1.0302,0.1103,0.1883,1.3025,210
01664000,ifs,4,0.3126,0.4612,0.5701,0.9653,241
01666500,ifs,4,0.1040,0.4440,0.5028,1.1880,226
01667500,ifs,4,-0.0031,0.5038,0.5306,1.1577,219
01669000,ifs,4,0.2201,0.5474,0.5763,1.1070,216
01669520,ifs,4,-2.0268,-0.2314,0.7125,1.8022,239
02011400,ifs,4,0.4282,0.6445,0.6834,1.0928,241
02011460,ifs,4,0.3337,0.4124,0.5999,0.7588,241
02013000,ifs,4,0.1731,0.3616,0.4609,1.0233,241
02014000,ifs,4,-0.3857,0.3736,0.3841,0.9934,241
02015700,ifs,4,0.5840,0.6728,0.7646,0.9741,223
02016000,ifs,4,0.6670,0.6367,0.8327,0.8262,241
02017500,ifs,4,-0.3416,0.3997,0.6046,1.0951,239
02018000,ifs,4,0.0155,0.5566,0.6134,1.0409,234
02027000,ifs,4,0.2031,0.5742,0.7039,0.7687,221
02027500,ifs,4,0.5388,0.5484,0.8175,0.6180,224
02028500,ifs,4,0.2424,0.5317,0.5873,0.8310,216
02038850,ifs,4,-0.8506,0.2373,0.2961,0.8566,239
02046000,ifs,4,0.3028,0.4395,0.6819,1.4591,231
02051000,ifs,4,-0.9690,0.1617,0.1939,1.1202,241
02051500,ifs,4,0.1254,0.4120,0.4879,1.2092,239
02053200,ifs,4,0.0187,0.3075,0.6527,1.5772,210
02053800,ifs,4,-0.4639,0.3063,0.3158,0.9027,222
02055100,ifs,4,-0.0543,0.5007,0.5138,1.0900,239
02056900,ifs,4,-1.5345,0.0836,0.3745,0.9319,216
02059500,ifs,4,-1.2865,0.1419,0.3984,0.8108,210
02064000,ifs,4,-0.7498,0.2388,0.3114,0.7549,229
02065500,ifs,4,-0.0122,0.3906,0.5233,0.6360,239
02069700,ifs,4,-0.7397,0.2811,0.3578,1.2091,214
02070000,ifs,4,-0.9078,0.2325,0.3235,1.1968,239
02074500,ifs,4,-0.7218,0.3044,0.4141,1.1282,241
02077200,ifs,4,0.4247,0.6313,0.8118,1.1272,236
02081500,ifs,4,-0.1617,0.1944,0.2776,1.2596,241
02082950,ifs,4,-1.2076,-0.0617,0.5450,1.6638,241
02092500,ifs,4,-6.3387,-1.1733,0.1847,2.2717,241
02096846,ifs,4,-0.5622,0.0551,0.1429,1.3836,241
02102908,ifs,4,0.0108,0.5266,0.5298,0.9743,241
02108000,ifs,4,0.5032,0.7084,0.7443,1.1287,241
02111180,ifs,4,-0.0750,0.0729,0.1979,1.0167,241
02111500,ifs,4,-0.3021,0.2445,0.2588,0.9532,239
02118500,ifs,4,-0.3175,0.4368,0.4864,1.0480,241
02128000,ifs,4,-24.4948,-3.9080,0.2390,3.5927,241
02137727,ifs,4,-0.0390,0.2637,0.3260,0.9725,241
02140991,ifs,4,-0.1042,0.2449,0.3083,1.1203,241
02143000,ifs,4,-0.7666,0.3403,0.4872,1.2427,241
02143040,ifs,4,-0.8071,0.2801,0.3587,0.9438,239
02149000,ifs,4,-0.0115,0.1341,0.2637,1.0357,241
02152100,ifs,4,-0.2154,0.3132,0.3226,1.0122,241
02177000,ifs,4,0.0114,0.1719,0.2986,1.0508,239
02178400,ifs,4,0.3524,0.5398,0.6180,0.9497,239
02193340,ifs,4,-4.0417,-0.5195,0.1589,1.5243,241
02196000,ifs,4,-0.0017,-0.1597,0.2151,0.4716,241
02198100,ifs,4,0.1800,0.1346,0.4629,1.2793,240
02202600,ifs,4,-1.9429,-0.2750,0.1933,1.8917,241
02212600,ifs,4,-0.0272,0.1737,0.2787,1.0640,239
02215100,ifs,4,0.1994,0.2026,0.4646,0.7577,241
02216180,ifs,4,-0.0392,-0.3605,0.0344,0.5012,239
02221525,ifs,4,-0.0731,0.3595,0.3895,1.1242,239
02231000,ifs,4,-0.8843,-0.0194,0.4967,1.7563,241
02231342,ifs,4,-0.5902,0.0757,0.6948,1.6535,241
02235200,ifs,4,-0.9186,0.2607,0.4257,1.2751,240
02245500,ifs,4,-1.4856,0.0495,0.4785,1.2382,241
02246000,ifs,4,-0.7677,0.2920,0.4509,0.8659,239
02296500,ifs,4,0.4753,0.0146,0.8036,1.9631,230
02297155,ifs,4,0.0448,-0.1442,0.6224,0.2838,240
02297310,ifs,4,0.5789,0.5987,0.7721,0.7982,231
02298123,ifs,4,0.4976,0.3466,0.7897,0.6003,241
02298608,ifs,4,0.3017,0.5193,0.7074,1.3787,241
02299950,ifs,4,-0.1199,0.3007,0.3688,0.7402,241
02300700,ifs,4,0.2655,0.1347,0.6068,0.5559,241
02310947,ifs,4,-0.2274,-1.0178,-0.2756,2.3260,241
02312200,ifs,4,-4.5692,-3.2254,-0.0038,5.0497,241
02314500,ifs,4,-0.3448,-0.5567,-0.2490,0.5406,241
02315500,ifs,4,-0.3265,-0.6843,-0.3043,0.4160,241
02324400,ifs,4,-0.2202,-1.0425,-0.5475,0.1095,241
02327100,ifs,4,-2.7171,-0.9590,0.6764,2.5559,239
02349900,ifs,4,0.3544,0.3084,0.6360,1.0113,241
02350900,ifs,4,0.2625,0.4229,0.7339,0.6657,241
02361000,ifs,4,0.3377,0.4346,0.7054,0.6753,241
02363000,ifs,4,0.1971,0.0177,0.7284,0.3862,239
02369800,ifs,4,0.1175,-0.0791,0.5546,0.4947,240
02371500,ifs,4,0.2292,0.1241,0.5817,0.7795,241
02372250,ifs,4,0.3255,0.2437,0.6485,0.8562,239
02374500,ifs,4,0.2802,0.2408,0.5790,0.7792,241
02381600,ifs,4,-0.0870,0.1082,0.2140,0.9991,241
02384540,ifs,4,0.0589,0.1138,0.3621,0.7557,241
02395120,ifs,4,-0.5807,0.2998,0.3134,1.0001,241
02408540,ifs,4,0.1063,0.4084,0.4546,0.9854,241
02415000,ifs,4,0.1219,0.3446,0.4290,1.0063,231
02422500,ifs,4,0.1128,0.5008,0.5490,1.1958,224
02427250,ifs,4,0.4593,0.6731,0.7454,1.1999,241
02430085,ifs,4,-0.1681,0.3116,0.3552,1.2098,241
02450250,ifs,4,0.3131,0.4270,0.5637,1.0319,241
02464000,ifs,4,0.2076,0.5350,0.5541,0.9800,241
02465493,ifs,4,0.3385,0.5358,0.6162,1.1180,238
02469800,ifs,4,0.2829,0.2544,0.5984,0.5912,239
02472000,ifs,4,0.7390,0.6764,0.8689,0.7593,241
02472500,ifs,4,0.1067,0.5276,0.6714,0.7570,241
02479155,ifs,4,0.0942,-0.1175,0.3845,0.5167,241
02479300,ifs,4,0.2707,0.1237,0.5796,0.5510,241
02481000,ifs,4,0.0627,-0.2805,0.4709,0.1939,241
02481510,ifs,4,0.1664,-0.0893,0.6263,0.3287,241
03010655,ifs,4,0.4998,0.4214,0.8187,0.6558,212
03011800,ifs,4,0.2365,0.3682,0.5610,0.7501,241
03015500,ifs,4,0.5227,0.7092,0.7422,0.9190,241
03021350,ifs,4,0.2665,0.6198,0.6460,0.8629,239
03026500,ifs,4,0.3097,0.3970,0.5899,0.7876,241
03028000,ifs,4,0.3413,0.4847,0.6950,0.6873,241
03049800,ifs,4,0.0552,0.0460,0.3288,0.6674,239
03050000,ifs,4,0.1503,0.4378,0.4949,0.8707,239
03066000,ifs,4,0.4645,0.5538,0.7030,0.7960,241
03069500,ifs,4,0.3887,0.4945,0.6562,0.7527,239
03070500,ifs,4,-0.7008,0.3010,0.4847,1.1787,239
03076600,ifs,4,0.0410,0.2603,0.4205,0.6709,241
03078000,ifs,4,-0.0178,0.1749,0.3316,0.6958,241
03140000,ifs,4,0.1325,0.1168,0.3692,0.8648,239
03144000,ifs,4,0.3525,0.3892,0.5981,0.8917,241
03159540,ifs,4,0.1790,0.4484,0.5079,0.8793,241
03161000,ifs,4,-0.2235,0.2746,0.3025,0.8884,241
03164000,ifs,4,0.0957,0.5879,0.6245,0.8794,241
03165000,ifs,4,-0.6900,0.1318,0.1379,0.9012,224
03170000,ifs,4,-0.6118,0.3122,0.3482,0.8978,241
03173000,ifs,4,-0.0312,0.4927,0.5132,0.8647,239
03180500,ifs,4,0.4035,0.3972,0.6600,0.7493,225
03182500,ifs,4,0.4188,0.5692,0.6638,0.8486,239
03186500,ifs,4,0.3829,0.5318,0.6342,0.8703,239
03187500,ifs,4,0.2795,0.6294,0.6447,0.8945,238
03213700,ifs,4,0.0596,0.5366,0.5427,1.0722,241
03237280,ifs,4,0.1919,0.2275,0.4670,0.6777,241
03237500,ifs,4,0.4893,0.6089,0.7011,0.9838,239
03241500,ifs,4,0.1565,0.1790,0.4313,0.6946,228
03280700,ifs,4,-1.6496,0.0476,0.2713,0.7879,213
03281100,ifs,4,-1.2768,0.1373,0.3829,0.7967,239
03281500,ifs,4,-0.0842,0.4197,0.4873,0.7289,228
03285000,ifs,4,-0.3904,0.1137,0.2722,1.4982,238
03291780,ifs,4,0.0065,0.0592,0.2443,0.8215,241
03300400,ifs,4,0.0989,0.0201,0.3287,0.7605,241
03340800,ifs,4,-0.7551,0.1819,0.1903,1.0874,193
03346000,ifs,4,0.0804,0.4615,0.5059,0.8036,241
03364500,ifs,4,0.1152,-0.0269,0.3908,0.5655,241
03366500,ifs,4,0.1135,0.1217,0.3797,0.6393,241
03368000,ifs,4,-0.0112,-0.0992,0.1937,0.5910,241
03384450,ifs,4,0.0596,-0.1813,0.2725,0.4879,241
03439000,ifs,4,-0.1698,-0.1302,0.1286,0.6689,239
03450000,ifs,4,0.0318,-0.0145,0.2521,0.8464,241
03455500,ifs,4,-0.3530,0.1119,0.2425,0.6655,239
03456500,ifs,4,-0.0400,0.1770,0.3058,0.8218,239
03460000,ifs,4,-0.2347,0.4089,0.6181,0.6322,241
03463300,ifs,4,0.2698,0.5685,0.5900,0.9741,241
03471500,ifs,4,0.0218,0.4810,0.7476,0.7579,239
03473000,ifs,4,-0.4635,0.3649,0.5947,0.7753,241
03479000,ifs,4,-1.1233,0.1944,0.3076,0.9470,239
03488000,ifs,4,-0.8881,0.2427,0.4052,0.7718,241
03498500,ifs,4,-0.3178,0.3946,0.4404,0.7916,241
03500000,ifs,4,0.1586,0.5794,0.6477,0.8183,239
03504000,ifs,4,-0.2089,0.4145,0.4409,0.8501,239
03574500,ifs,4,0.1373,0.0502,0.4450,0.5788,241
03604000,ifs,4,-0.1485,-0.1823,0.0175,0.8067,239
04015330,ifs,4,0.2305,0.1332,0.5045,0.5749,200
04024430,ifs,4,0.5211,0.4915,0.7526,0.6551,241
04027000,ifs,4,0.4483,0.4261,0.6954,0.7146,241
04040500,ifs,4,0.8314,0.7637,0.9201,0.8871,241
04043050,ifs,4,0.7591,0.8128,0.8739,0.9018,182
04045500,ifs,4,0.8915,0.7779,0.9610,0.7962,237
04056500,ifs,4,0.5012,0.4232,0.7968,0.7070,231
04057510,ifs,4,0.8550,0.6656,0.9630,0.7687,161
04057800,ifs,4,0.7792,0.5882,0.9165,0.7062,241
04059500,ifs,4,0.8344,0.7918,0.9203,0.9834,241
04063700,ifs,4,0.7786,0.5468,0.9360,0.6411,241
04074950,ifs,4,0.6548,0.5473,0.9126,0.7559,241
04105700,ifs,4,0.5566,0.5723,0.7702,0.9243,241
04115265,ifs,4,0.4145,0.4487,0.6478,1.0039,241
04122200,ifs,4,0.5607,0.5628,0.7735,0.8773,241
04122500,ifs,4,0.7914,0.7744,0.9020,0.9316,239
04124000,ifs,4,0.8452,0.7830,0.9301,1.0219,241
04127997,ifs,4,0.4816,0.4525,0.7381,0.9196,204
04185000,ifs,4,0.6150,0.6680,0.7880,0.8800,218
04196800,ifs,4,0.3084,0.5334,0.5914,0.9146,241
04197100,ifs,4,0.4214,0.4803,0.6501,1.0338,241
04197170,ifs,4,0.3619,0.3615,0.6086,0.7681,241
04213000,ifs,4,-0.1383,0.4705,0.6212,1.1554,239
04213075,ifs,4,0.0761,0.3674,0.4236,0.9535,237
04216418,ifs,4,0.3826,0.6180,0.6617,1.1313,241
04221000,ifs,4,0.1456,0.1766,0.5849,0.5395,241
04224775,ifs,4,0.1836,0.2265,0.5146,0.6182,239
04256000,ifs,4,0.6868,0.7880,0.8561,1.1503,239
04296000,ifs,4,0.4577,0.5703,0.6947,0.8320,241
05057000,ifs,4,-1.0060,0.0700,0.6075,0.5033,163
05057200,ifs,4,0.4839,0.6945,0.7207,1.0637,240
05062500,ifs,4,0.6337,0.6894,0.7983,0.9350,202
05087500,ifs,4,0.3652,0.4730,0.6059,0.9889,241
05120500,ifs,4,-9.9979,-1.4851,-0.0521,3.1904,210
05123400,ifs,4,-0.3950,-0.6564,-0.0244,0.1567,240
05129115,ifs,4,-0.8203,-0.8897,-0.2533,0.0000,241
05131500,ifs,4,0.0383,-0.0595,0.6264,0.4110,145
05291000,ifs,4,0.0791,0.2175,0.4462,0.6414,241
05362000,ifs,4,0.5883,0.6786,0.7808,0.8151,240
05393500,ifs,4,0.4502,0.5906,0.6854,0.8461,241
05399500,ifs,4,0.2845,0.5471,0.5903,0.8924,239
05408000,ifs,4,0.0909,0.1622,0.3586,0.8699,240
05412500,ifs,4,0.3164,0.3792,0.6725,0.6864,241
05413500,ifs,4,-0.0698,0.2894,0.4425,0.7672,211
05414000,ifs,4,0.0356,0.2130,0.6808,0.6122,207
05444000,ifs,4,-0.1226,0.1826,0.3244,0.6794,239
05454000,ifs,4,-0.1337,0.4508,0.5051,0.7867,241
05458000,ifs,4,0.0224,0.0987,0.2972,0.7421,241
05466500,ifs,4,0.0932,0.3387,0.4208,0.8838,239
05487980,ifs,4,-0.4020,0.1651,0.1920,0.8503,239
05488200,ifs,4,-0.2559,0.0808,0.2062,0.6171,239
05489000,ifs,4,-0.4670,0.0055,0.0966,0.6473,239
05495000,ifs,4,-2.9104,-0.4676,0.3503,1.7794,239
05495500,ifs,4,0.0541,0.3028,0.4257,0.6807,235
05501000,ifs,4,-0.0749,-0.0288,0.1721,0.6722,239
05503800,ifs,4,-0.0193,0.2793,0.3439,0.9144,241
05507600,ifs,4,-0.7696,0.2401,0.4123,1.2986,241
05508805,ifs,4,-0.4938,0.1776,0.4706,1.5597,239
05514500,ifs,4,0.1503,0.2342,0.4118,0.8385,239
05525500,ifs,4,-0.0188,0.3767,0.4175,1.1636,239
05556500,ifs,4,0.0244,0.1075,0.3728,0.5394,241
05584500,ifs,4,-0.3439,0.3444,0.3731,0.8183,239
05585000,ifs,4,0.1444,0.5072,0.5716,0.7580,241
05591550,ifs,4,-1.1042,0.1305,0.1868,1.1773,239
05592050,ifs,4,-0.4138,0.2602,0.2630,1.0492,222
05592575,ifs,4,-0.5508,0.2623,0.2665,0.9438,239
05593575,ifs,4,-0.5265,0.1280,0.3343,1.5500,241
05593900,ifs,4,-1.2634,0.0641,0.2263,1.3770,239
05595730,ifs,4,-0.3088,0.3496,0.4408,1.2987,241
06037500,ifs,4,-2.1329,0.4229,0.8541,1.2865,241
06043500,ifs,4,0.4116,0.3997,0.9582,1.3187,241
06154410,ifs,4,-0.0026,0.1977,0.3388,0.7428,241
06188000,ifs,4,0.8357,0.8797,0.9292,0.9753,241
06191500,ifs,4,0.7322,0.6830,0.9370,1.1078,241
06221400,ifs,4,0.8210,0.8448,0.9289,1.0646,241
06224000,ifs,4,0.7129,0.8486,0.8571,1.0499,241
06289000,ifs,4,0.3318,0.5984,0.6683,0.8442,241
06332515,ifs,4,0.2557,0.1898,0.5344,0.7275,118
06339100,ifs,4,-0.9436,0.0217,0.3102,1.6294,177
06339500,ifs,4,-0.1899,0.0789,0.5387,0.2998,171
06344600,ifs,4,-5.2479,-1.9825,0.2121,3.7526,180
06350000,ifs,4,-17.0394,-2.5339,0.1826,2.4960,241
06352000,ifs,4,-0.0160,-0.1020,0.5168,1.3442,240
06353000,ifs,4,-0.0007,-0.1119,0.5162,0.8148,239
06354000,ifs,4,0.3902,0.2891,0.8439,0.4773,176
06360500,ifs,4,0.1292,0.1457,0.5295,1.5389,142
06404000,ifs,4,-12.9456,-1.7305,-0.1381,1.7378,208
06406000,ifs,4,-163.9248,-3.7959,0.9012,5.7469,183
06408700,ifs,4,-1570.5168,-3.9682,0.2323,1.5089,241
06409000,ifs,4,-1.2529,0.6267,0.8823,1.2541,196
06431500,ifs,4,-1.0144,0.4493,0.4621,1.0903,230
06440200,ifs,4,-2.4040,-0.3136,0.5844,0.8874,163
06441500,ifs,4,-74.7209,-7.4455,-0.0434,4.9196,180
06447000,ifs,4,-0.0294,-0.1508,0.1563,0.5940,143
06447500,ifs,4,-0.0926,-0.1119,0.3992,0.7012,241
06450500,ifs,4,0.0458,-0.1063,0.3316,1.0608,211
06452000,ifs,4,0.0074,-0.2959,0.1410,1.0158,178
06453600,ifs,4,-2.5004,-0.3039,0.2801,1.7881,238
06464500,ifs,4,-1.8020,0.0234,0.1756,1.2412,178
06477500,ifs,4,-120.3012,-10.5268,0.2660,7.1248,240
06479215,ifs,4,-0.2438,-0.2103,-0.0092,0.6417,241
06479438,ifs,4,-0.1245,-0.4761,0.0765,0.2352,241
06601000,ifs,4,-0.2545,-0.1471,-0.0039,0.8480,241
06614800,ifs,4,0.7856,0.6214,0.9391,1.3444,241
06622700,ifs,4,-0.3071,0.1523,0.7635,1.6182,241
06623800,ifs,4,0.8214,0.9073,0.9128,0.9746,241
06632400,ifs,4,-0.3049,0.3264,0.4676,1.3907,241
06784000,ifs,4,-1.5016,0.1997,0.2936,1.3758,241
06803510,ifs,4,-0.0089,-0.3464,0.0681,0.5691,241
06803530,ifs,4,-0.1140,-0.2089,0.0131,0.7715,241
06814000,ifs,4,-0.4368,-0.0208,0.0586,0.7232,241
06846500,ifs,4,-0.0094,-0.4711,-0.0567,1.3842,241
06847900,ifs,4,-0.0578,-0.2282,0.0715,1.3456,241
06853800,ifs,4,-0.2908,-0.3463,0.0831,1.7264,241
06876700,ifs,4,0.1837,0.4771,0.5642,0.7247,241
06878000,ifs,4,-0.7122,-0.0072,0.0692,0.6263,241
06879650,ifs,4,-0.0506,-0.1576,0.1650,0.4856,240
06885500,ifs,4,-0.2269,-0.2218,0.0255,0.4855,241
06888500,ifs,4,-0.0360,-0.3635,0.0807,0.3927,241
06889200,ifs,4,-0.2365,-0.1004,0.0546,0.6811,241
06889500,ifs,4,-0.4807,0.0422,0.0782,0.8696,241
06892000,ifs,4,-4.6896,-0.5427,0.0407,1.0643,241
06903400,ifs,4,-0.1492,-0.1194,0.1656,0.4083,241
06906800,ifs,4,-0.3138,0.0964,0.1925,0.6623,241
06910800,ifs,4,-0.1543,-0.1843,0.0559,0.5695,241
06911900,ifs,4,-0.2679,-0.1347,0.0531,0.5594,241
06917000,ifs,4,0.0719,0.1453,0.3798,0.5721,241
06918460,ifs,4,0.2230,0.4594,0.5255,1.0717,241
06919500,ifs,4,-0.1018,0.3833,0.4448,0.7325,241
06921070,ifs,4,-0.0937,0.2994,0.3622,0.7675,241
06921200,ifs,4,-0.0037,-0.0413,0.2951,0.4082,241
06934000,ifs,4,0.1290,0.4013,0.5041,0.7484,240
07014500,ifs,4,-0.0155,-0.2344,0.1534,0.6046,241
07056000,ifs,4,0.0795,0.2475,0.3839,0.7918,241
07057500,ifs,4,0.3258,0.5434,0.6190,0.8606,233
07060710,ifs,4,-0.0001,-0.3927,0.0299,1.0572,241
07066000,ifs,4,-0.0823,0.0735,0.2291,0.7927,241
07067000,ifs,4,-0.2092,0.1330,0.4360,0.5426,241
07068000,ifs,4,-0.1159,0.0933,0.3137,0.7466,240
07071500,ifs,4,-0.4936,0.1838,0.2642,0.7901,241
07083000,ifs,4,-1.5277,-0.3914,0.8870,1.7560,241
07142300,ifs,4,-8.2133,-5.1538,0.0461,7.0075,241
07145700,ifs,4,0.1211,-0.2427,0.5042,0.2228,238
07148400,ifs,4,-0.3482,0.2401,0.8312,1.4732,241
07149000,ifs,4,0.1848,0.4887,0.7621,1.4472,241
07151500,ifs,4,0.1590,-0.0669,0.5910,0.4583,241
07167500,ifs,4,0.3185,0.0286,0.6691,1.6169,241
07180500,ifs,4,0.0189,-0.1976,0.2020,0.5545,241
07184000,ifs,4,0.1101,-0.0773,0.3636,0.4173,239
07195800,ifs,4,-2.1869,-0.0616,0.1635,1.0622,239
07196900,ifs,4,0.0634,0.0732,0.2839,0.9523,240
07197000,ifs,4,0.3298,0.4373,0.5779,0.9459,241
07208500,ifs,4,0.1017,0.5225,0.7397,1.0669,241
07226500,ifs,4,-0.0100,-0.5646,0.0379,0.2178,239
07261000,ifs,4,0.1529,0.2146,0.4341,1.3039,239
07263295,ifs,4,-0.2503,-0.9853,0.1896,2.7435,239
07290650,ifs,4,-0.6785,0.2494,0.2943,0.8009,241
07291000,ifs,4,-0.1453,0.0274,0.2963,0.4356,241
07292500,ifs,4,0.0518,0.3006,0.3893,0.8517,241
07295000,ifs,4,0.2253,0.2434,0.4909,0.6927,241
07299670,ifs,4,-0.1664,-0.2551,0.0698,1.6312,231
07301410,ifs,4,-0.3392,-0.2869,-0.1108,0.7272,230
07301500,ifs,4,-0.1864,-0.5716,0.0433,1.7844,203
07315200,ifs,4,-0.9247,-0.0389,0.1168,1.5415,161
07315700,ifs,4,-1.9908,-0.3875,0.1361,1.9452,218
07335700,ifs,4,0.0027,-0.2269,0.2742,0.4054,232
07340300,ifs,4,0.1479,0.1915,0.4297,0.7072,241
07346045,ifs,4,-1.2722,0.0299,0.2072,0.4671,241
07359610,ifs,4,-0.0813,0.0134,0.2405,1.4185,241
07362100,ifs,4,-0.7701,-0.0206,0.5410,1.8056,241
07362587,ifs,4,-0.0345,-0.2379,0.3251,1.9466,239
07373000,ifs,4,-18.8345,-2.5140,0.0403,0.9985,237
07375000,ifs,4,-0.0605,-0.0724,0.2225,0.4791,241
07376000,ifs,4,0.1822,0.5442,0.5927,0.7961,241
08013000,ifs,4,0.4705,0.3982,0.7275,0.7040,241
08014500,ifs,4,0.3159,0.2086,0.6747,0.5983,241
08023080,ifs,4,-0.6344,-0.4687,-0.0670,1.9609,241
08025500,ifs,4,-0.2921,0.1307,0.1732,1.0686,241
08029500,ifs,4,-1.2934,0.0187,0.1464,1.4062,241
08050800,ifs,4,0.0403,-0.2140,0.2548,0.5795,240
08066200,ifs,4,-0.0512,-0.3708,0.0255,0.4283,241
08066300,ifs,4,-0.0527,-0.4217,0.0533,0.2801,241
08070000,ifs,4,-2.0518,-0.2266,0.4526,1.6006,241
08070200,ifs,4,-0.2706,0.4124,0.4190,1.0100,241
08079600,ifs,4,-18.4980,-6.0362,0.1402,7.1380,196
08082700,ifs,4,-0.0234,-0.4085,-0.0259,0.6038,227
08086212,ifs,4,-0.0395,-0.2053,0.0643,1.2191,241
08086290,ifs,4,-0.7024,-0.7615,0.0924,2.5079,241
08101000,ifs,4,-11.4584,-2.0182,0.2922,2.2783,241
08103900,ifs,4,0.0554,0.0885,0.2986,0.7650,241
08104900,ifs,4,-0.1574,-0.2517,0.0534,0.4537,241
08109700,ifs,4,-0.0518,0.3889,0.5129,1.3631,224
08150800,ifs,4,-0.0470,-0.3190,0.0151,0.5825,241
08155200,ifs,4,-0.9231,-0.9628,0.1405,2.7641,241
08158700,ifs,4,-5.2342,-8.1969,0.1226,10.1040,241
08158810,ifs,4,-0.3106,0.0472,0.1147,1.1494,241
08164000,ifs,4,-2.2556,-0.5186,0.2296,2.0937,241
08164300,ifs,4,-0.2448,-0.0222,0.0767,1.1152,238
08164600,ifs,4,-20.5958,-5.9367,0.1650,6.8731,241
08165300,ifs,4,-0.0066,-0.3854,-0.0144,0.8727,241
08171300,ifs,4,-23.8181,-31.2795,0.1017,33.1490,241
08175000,ifs,4,0.0474,0.1416,0.4108,0.4492,241
08176900,ifs,4,-15.2224,-7.3935,0.5094,8.7757,241
08178880,ifs,4,-0.0302,-0.3969,0.1149,0.2951,241
08189500,ifs,4,-1.5232,0.0390,0.2564,1.3273,241
08190000,ifs,4,-0.0131,-0.2595,0.0680,0.7393,241
08190500,ifs,4,0.6391,-0.1424,0.9362,2.1075,235
08194200,ifs,4,-0.0451,-0.2188,0.1048,0.5206,241
08195000,ifs,4,0.0228,-0.2881,0.1768,0.5292,241
08196000,ifs,4,-0.1275,0.0701,0.2948,1.5435,229
08198500,ifs,4,0.0101,-0.4312,0.1564,0.3052,241
08200000,ifs,4,-0.0152,-0.1932,0.1694,0.4574,241
08202700,ifs,4,-0.0060,-0.5117,0.0774,0.1665,240
08267500,ifs,4,-21.3517,-2.2214,0.6991,2.6197,241
08269000,ifs,4,-3.2797,-0.3343,0.7146,1.6898,241
08271000,ifs,4,-42.9827,-4.0922,0.7740,2.4377,241
08324000,ifs,4,0.1966,0.6092,0.7131,1.1280,241
08377900,ifs,4,-3.5343,-0.4101,0.4936,1.3276,241
08378500,ifs,4,-5.2365,-0.8681,0.6038,1.2898,233
08380500,ifs,4,-2.3526,-0.0959,0.5098,1.6487,241
09034900,ifs,4,0.1851,0.2347,0.8795,1.5659,237
09035900,ifs,4,0.5624,0.7517,0.8269,1.0854,207
09047700,ifs,4,-4.2109,-0.8936,0.8880,1.4012,239
09065500,ifs,4,0.7379,0.6626,0.9403,1.1297,241
09066000,ifs,4,-0.8564,0.1934,0.5939,1.1541,241
09066200,ifs,4,0.7211,0.6530,0.9284,1.2135,241
09066300,ifs,4,-0.3375,0.0022,0.8070,1.7875,241
09081600,ifs,4,0.1436,0.6057,0.6260,1.0157,241
09107000,ifs,4,-1.0830,0.0217,0.7069,1.2496,240
09210500,ifs,4,-1.3854,0.0938,0.7378,1.5403,214
09223000,ifs,4,-2.6985,-0.5461,0.8821,1.9781,180
09306242,ifs,4,-381.2474,-4.1814,0.8971,6.0609,239
09312600,ifs,4,-2.1086,-0.6182,0.4890,2.3956,241
09352900,ifs,4,-0.6075,0.2981,0.5692,1.2933,211
09378170,ifs,4,0.2554,0.2669,0.5410,1.3174,241
09378630,ifs,4,,,,,241
09386900,ifs,4,-1.5507,-0.1650,0.0162,1.5840,241
09404450,ifs,4,0.7084,0.7547,0.8555,0.9247,241
09430500,ifs,4,-1.0645,0.0912,0.5541,0.2524,241
09430600,ifs,4,-0.8453,0.0819,0.4548,0.3667,241
09447800,ifs,4,-2.2249,-0.6386,0.0360,2.0348,241
09480000,ifs,4,-0.5663,-3.4396,-0.0309,5.2996,241
09484000,ifs,4,-1.1136,-0.8845,0.1446,2.6749,216
09484600,ifs,4,-1.1381,-1.4913,0.1347,3.3332,240
09492400,ifs,4,-1.0398,0.1536,0.7648,1.6628,240
09494000,ifs,4,0.2595,0.6053,0.6100,1.0233,241
09497800,ifs,4,-0.1099,-0.6237,-0.2520,1.5138,241
09497980,ifs,4,-0.3549,0.1086,0.1446,0.9385,210
09505200,ifs,4,0.6470,0.7327,0.8085,1.1316,241
09505350,ifs,4,0.6345,0.4956,0.8053,1.4495,241
09505800,ifs,4,0.5151,0.7066,0.7868,1.1769,241
09508300,ifs,4,-0.6908,0.3130,0.3786,0.9752,241
09510200,ifs,4,-3.4293,-1.3135,0.0858,2.9363,222
09512280,ifs,4,-0.5240,-1.0218,-0.0158,2.7178,241
09513780,ifs,4,-123.0071,-13.3719,-0.0045,11.5352,240
10023000,ifs,4,-14.7360,-0.6522,0.0847,2.2307,241
10166430,ifs,4,-13243.0595,-90.3203,0.5634,72.8013,241
10172700,ifs,4,-29.8420,-0.2874,0.6176,2.0151,241
10172800,ifs,4,-9.8213,-0.8963,0.8098,2.3670,241
10173450,ifs,4,-0.3781,0.3963,0.4186,0.9948,241
10205030,ifs,4,-189.2461,-9.8526,-0.0167,2.3289,241
10234500,ifs,4,-0.0946,-0.2704,-0.0251,0.8592,237
10242000,ifs,4,-29.1210,-3.7054,0.4141,4.5007,241
10244950,ifs,4,-36.9785,-1.5541,0.7112,1.5594,241
10249300,ifs,4,-44.3925,-4.5705,0.5171,4.3300,240
10258000,ifs,4,,,,,69
10258500,ifs,4,0.0410,-0.2262,0.2189,0.4763,241
10259000,ifs,4,0.7459,0.7079,0.8822,1.0779,241
10259200,ifs,4,-4.8156,-4.5541,0.6325,6.2936,241
10263500,ifs,4,-0.4744,0.1249,0.8180,1.2571,241
10310500,ifs,4,-1.3976,0.2132,0.8836,1.7547,241
10316500,ifs,4,-0.3381,0.3311,0.6776,1.2418,241
10329500,ifs,4,0.2001,0.3751,0.8814,1.2218,241
10336645,ifs,4,0.4575,0.6192,0.6878,1.0799,227
10336660,ifs,4,0.4701,0.6682,0.7022,1.0012,241
10343500,ifs,4,0.5961,0.4607,0.8751,0.7748,241
10348850,ifs,4,-2.2690,0.0007,0.8159,1.7185,241
10396000,ifs,4,0.3194,0.6503,0.7814,1.1996,241
11098000,ifs,4,-0.1968,0.2486,0.6764,1.5161,241
11124500,ifs,4,-2.6082,-0.9622,0.9093,2.4111,241
11141280,ifs,4,0.5416,0.4377,0.8090,1.0621,241
11143000,ifs,4,0.6652,0.7059,0.8395,1.2452,241
11148900,ifs,4,0.5270,0.2237,0.8487,0.5005,241
11151300,ifs,4,0.5753,0.3772,0.9475,0.9848,241
11162500,ifs,4,0.6378,0.4030,0.8947,0.6514,241
11176400,ifs,4,0.3952,0.2011,0.6984,0.5386,144
11180500,ifs,4,-0.7019,-0.5623,0.8201,2.2134,241
11180960,ifs,4,-0.6741,-0.5500,0.5236,2.4268,241
11224500,ifs,4,-0.0153,-0.5794,0.1013,0.1268,241
11253310,ifs,4,0.0706,-0.2112,0.3608,0.3862,241
11264500,ifs,4,-0.5337,0.2166,0.2188,0.9456,241
11266500,ifs,4,-0.3733,0.3284,0.3324,1.0695,241
11274500,ifs,4,0.6157,0.5050,0.8318,0.8578,241
11274630,ifs,4,0.3160,0.5908,0.6150,0.9723,241
11284400,ifs,4,0.0180,-0.3603,0.3369,0.1849,241
11299600,ifs,4,0.1967,0.0162,0.5232,0.5582,238
11381500,ifs,4,0.4471,0.3460,0.7705,0.9905,241
11383500,ifs,4,0.5318,0.4311,0.8032,1.0493,241
11451100,ifs,4,0.5717,0.6834,0.7578,1.0381,106
11468500,ifs,4,0.3713,0.2811,0.6940,0.8631,241
11473900,ifs,4,0.3930,0.3069,0.7089,0.8958,241
11475560,ifs,4,0.4860,0.4866,0.7095,0.9692,241
11476600,ifs,4,0.8413,0.7635,0.9210,1.2047,240
11478500,ifs,4,0.3653,0.4534,0.6351,1.3557,241
11480390,ifs,4,0.3515,0.3378,0.6101,0.9528,241
11481200,ifs,4,0.5023,0.5887,0.7150,1.1944,241
11482500,ifs,4,0.7113,0.5561,0.8672,1.4021,241
11522500,ifs,4,0.2679,0.4131,0.6911,1.4990,241
11523200,ifs,4,-0.3273,0.1216,0.6919,1.7418,241
11528700,ifs,4,0.5286,0.4796,0.7572,1.1009,241
11532500,ifs,4,0.6311,0.6886,0.7954,1.0824,241
12010000,ifs,4,0.7608,0.7137,0.8876,0.7803,241
12013500,ifs,4,0.7693,0.8664,0.8844,0.9338,241
12020000,ifs,4,0.7337,0.6834,0.8783,0.7112,241
12025000,ifs,4,0.8650,0.8753,0.9371,1.1031,241
12025700,ifs,4,0.7956,0.8470,0.9114,0.9094,241
12035000,ifs,4,0.8621,0.8482,0.9330,0.9048,241
12040500,ifs,4,0.7425,0.8233,0.8705,0.8888,241
12041200,ifs,4,0.7250,0.7840,0.8982,0.8804,241
12043000,ifs,4,0.8031,0.7089,0.9181,0.8258,241
12048000,ifs,4,0.5328,0.7072,0.8668,1.2283,241
12054000,ifs,4,0.4439,0.5621,0.8687,1.3161,241
12056500,ifs,4,0.4119,0.6396,0.8102,0.9492,241
12073500,ifs,4,0.4203,0.6771,0.6993,1.0801,240
12082500,ifs,4,0.3214,0.3200,0.5778,0.9893,235
12092000,ifs,4,0.1246,0.1199,0.3620,0.9554,241
12095000,ifs,4,0.5928,0.6068,0.7783,0.8831,241
12114500,ifs,4,0.5019,0.4315,0.7602,1.0374,241
12115000,ifs,4,0.4824,0.4233,0.7397,1.0097,241
12115500,ifs,4,0.4448,0.4233,0.6897,0.8897,241
12117000,ifs,4,0.5616,0.5977,0.7527,0.9975,241
12141300,ifs,4,0.2552,0.2828,0.5085,1.0779,241
12143600,ifs,4,0.3553,0.3422,0.6187,1.1733,238
12144000,ifs,4,0.4488,0.4566,0.6807,1.0021,240
12145500,ifs,4,0.6965,0.7045,0.8400,0.8854,241
12147600,ifs,4,0.3749,0.4701,0.6128,0.9865,241
12167000,ifs,4,0.6368,0.6736,0.8075,1.1749,241
12175500,ifs,4,-0.0578,0.5207,0.5520,1.1118,241
12186000,ifs,4,0.3710,0.4614,0.6186,1.1177,238
12189500,ifs,4,0.4773,0.5695,0.7304,1.2215,240
12358500,ifs,4,0.6061,0.7883,0.8307,1.0599,241
12377150,ifs,4,0.5472,0.7732,0.7735,0.9887,241
12381400,ifs,4,0.3347,0.4946,0.8614,1.2301,208
12390700,ifs,4,0.4214,0.6280,0.6991,1.1761,241
12411000,ifs,4,0.7805,0.7483,0.8982,1.1850,230
12414500,ifs,4,0.6592,0.6762,0.8249,0.8981,241
12447390,ifs,4,-0.2013,-0.2468,0.2277,0.3545,241
12451000,ifs,4,0.4633,0.6788,0.8002,1.2137,241
12488500,ifs,4,0.5946,0.7184,0.7973,1.1533,241
13011500,ifs,4,0.7341,0.6270,0.9370,1.2857,241
13011900,ifs,4,0.7985,0.8152,0.9259,0.9593,241
13018300,ifs,4,-0.3910,0.0117,0.9356,1.4732,241
13023000,ifs,4,0.5425,0.7680,0.8102,0.9077,199
13161500,ifs,4,0.6848,0.7006,0.8557,0.7898,241
13235000,ifs,4,0.5905,0.6603,0.7845,0.8904,239
13240000,ifs,4,0.7794,0.8545,0.8833,1.0035,162
13310700,ifs,4,0.5889,0.5011,0.9008,0.6713,241
13313000,ifs,4,0.6945,0.4837,0.9580,0.6432,241
13331500,ifs,4,0.5104,0.5443,0.9039,1.2170,241
13337000,ifs,4,0.6686,0.6884,0.8500,0.8229,241
13338500,ifs,4,0.7989,0.8737,0.9053,1.0828,241
13340000,ifs,4,0.4854,0.6197,0.7505,0.7894,241
13340600,ifs,4,0.5817,0.5982,0.8756,0.6995,241
14020000,ifs,4,0.3435,0.2302,0.7119,0.6734,241
14092750,ifs,4,0.7639,0.8031,0.8831,0.9100,241
14096850,ifs,4,-1.4623,0.3435,0.7293,0.4422,241
14137000,ifs,4,0.6545,0.6046,0.8306,1.0267,236
14138800,ifs,4,0.4797,0.6271,0.6977,0.9904,241
14138870,ifs,4,0.5631,0.7639,0.7773,0.9259,241
14138900,ifs,4,0.4138,0.5056,0.6439,0.9593,241
14139800,ifs,4,0.6018,0.7870,0.7989,0.9314,239
14141500,ifs,4,0.5983,0.7960,0.7987,0.9669,241
14154500,ifs,4,0.6432,0.5905,0.8256,1.0172,241
14158500,ifs,4,0.7756,0.6930,0.9228,1.0830,226
14158790,ifs,4,0.5960,0.5709,0.7889,1.0269,237
14166500,ifs,4,0.3545,0.3517,0.6089,0.8929,241
14182500,ifs,4,0.4549,0.3663,0.7369,0.7424,241
14185000,ifs,4,0.6447,0.5947,0.8253,0.9580,241
14185900,ifs,4,0.5610,0.5342,0.7680,0.9065,238
14187000,ifs,4,0.5678,0.5808,0.7608,1.0062,239
14216500,ifs,4,0.9126,0.8677,0.9593,1.0431,238
14222500,ifs,4,0.8200,0.8532,0.9118,1.1173,241
14236200,ifs,4,0.8411,0.7930,0.9238,0.8884,240
14301000,ifs,4,0.8581,0.9030,0.9264,1.0120,240
14303200,ifs,4,0.7523,0.6265,0.9086,1.0012,241
14305500,ifs,4,0.6787,0.7353,0.8242,1.0092,239
14306340,ifs,4,0.4999,0.4111,0.7611,0.7584,241
14306500,ifs,4,0.7188,0.6360,0.8745,0.9133,241
14308990,ifs,4,0.3877,0.2975,0.7139,0.8743,241
14309500,ifs,4,0.4968,0.3891,0.7753,0.8324,241
14316700,ifs,4,0.6018,0.5259,0.8159,1.0040,241
14325000,ifs,4,0.5051,0.5004,0.7227,0.8691,241
14362250,ifs,4,0.2209,0.0763,0.6831,0.4978,148
14400000,ifs,4,0.7295,0.6304,0.8743,0.8122,241
01013500,ifs,5,0.8878,0.7996,0.9539,0.8532,241
01022500,ifs,5,0.7566,0.6908,0.8873,1.0151,241
01030500,ifs,5,0.7797,0.8079,0.9165,1.0862,241
01031500,ifs,5,0.4010,0.6748,0.6860,1.0643,239
01047000,ifs,5,0.2783,0.6480,0.6549,1.0567,241
01052500,ifs,5,0.3715,0.3545,0.6371,0.7295,241
01054200,ifs,5,0.4147,0.3696,0.6747,0.6191,241
01055000,ifs,5,0.3165,0.5765,0.6082,0.9949,241
01057000,ifs,5,0.6588,0.7300,0.8133,0.9388,241
01073000,ifs,5,0.5589,0.6782,0.8524,1.1376,241
01078000,ifs,5,0.2856,0.4177,0.5812,0.7426,239
01118300,ifs,5,0.2208,0.4938,0.5558,0.8394,239
01121000,ifs,5,0.5768,0.6925,0.8106,1.2399,239
01123000,ifs,5,0.7947,0.8305,0.8921,0.9587,241
01134500,ifs,5,0.6007,0.6981,0.7841,0.8619,239
01137500,ifs,5,0.4095,0.5247,0.6631,0.8040,241
01139000,ifs,5,0.4746,0.6851,0.7168,0.9104,237
01139800,ifs,5,0.7348,0.8379,0.8643,1.0705,241
01142500,ifs,5,0.5031,0.6935,0.7333,0.8965,239
01144000,ifs,5,0.6197,0.8086,0.8178,0.9524,241
01169000,ifs,5,0.5026,0.6142,0.7101,1.0215,239
01170100,ifs,5,0.6093,0.6987,0.7827,0.9323,240
01181000,ifs,5,0.7648,0.8067,0.8752,1.0479,239
01187300,ifs,5,0.6221,0.6707,0.7903,1.0834,241
01195100,ifs,5,0.2813,0.3332,0.5422,0.8552,241
01333000,ifs,5,0.4678,0.5101,0.6962,0.8421,239
01350000,ifs,5,0.1234,0.0802,0.3738,0.6929,238
01350080,ifs,5,0.6224,0.5195,0.8324,0.7182,241
01350140,ifs,5,0.5890,0.5394,0.8106,0.6382,191
01365000,ifs,5,0.3878,0.4049,0.6393,0.8273,239
01411300,ifs,5,0.0331,0.1835,0.3584,1.2391,232
01413500,ifs,5,0.4204,0.3886,0.6924,0.7716,239
01414500,ifs,5,0.0864,0.0319,0.4049,0.5646,239
01415000,ifs,5,0.3078,0.2212,0.7215,0.5814,196
01423000,ifs,5,0.4237,0.3534,0.7492,0.6961,241
01434025,ifs,5,0.2209,0.4820,0.5926,0.7002,241
01435000,ifs,5,0.3708,0.3785,0.6228,0.8361,240
01439500,ifs,5,0.5550,0.5721,0.7855,0.7958,239
01440000,ifs,5,0.4985,0.5538,0.7119,0.9136,241
01440400,ifs,5,0.6463,0.6999,0.8060,0.9446,215
01451800,ifs,5,0.1295,0.3614,0.4433,1.0750,239
01466500,ifs,5,-2.5704,-0.6408,0.8279,1.0061,239
01484100,ifs,5,-0.2742,0.4139,0.5444,1.3225,241
01485500,ifs,5,-5.6773,-1.0743,0.3557,2.2883,236
01486000,ifs,5,-3.6599,-0.4898,0.2822,1.8515,241
01487000,ifs,5,0.2207,0.6226,0.7153,1.0771,241
01491000,ifs,5,0.5994,0.5457,0.8027,0.9516,241
01510000,ifs,5,0.5972,0.6420,0.7757,0.9235,241
01516500,ifs,5,0.1338,0.0892,0.4623,0.5588,241
01518862,ifs,5,0.2250,0.1965,0.5961,0.5867,241
01532000,ifs,5,0.4692,0.6433,0.7045,0.8866,239
01539000,ifs,5,0.2451,0.5056,0.5680,0.8637,225
01542810,ifs,5,0.2082,0.2165,0.5024,0.7125,239
01543000,ifs,5,0.2508,0.3931,0.5672,0.7333,241
01543500,ifs,5,0.3349,0.4186,0.6381,0.7395,239
01544500,ifs,5,0.3712,0.3552,0.7544,0.6081,241
01545600,ifs,5,0.3933,0.3084,0.7852,0.6080,241
01547700,ifs,5,0.0163,-0.0849,0.2082,0.7283,241
01548500,ifs,5,0.2833,0.2369,0.7168,0.5723,239
01549500,ifs,5,0.4726,0.4061,0.7850,0.6546,239
01550000,ifs,5,0.4335,0.3977,0.7539,0.6526,239
01552000,ifs,5,0.3417,0.4203,0.6331,0.7564,241
01552500,ifs,5,0.3509,0.5206,0.6352,0.8036,241
01557500,ifs,5,0.0045,0.2646,0.3415,0.9648,241
01567500,ifs,5,-0.0917,0.1796,0.2578,1.0449,241
01568000,ifs,5,0.2052,0.3541,0.4846,1.1122,241
01580000,ifs,5,-0.5985,0.2802,0.2899,0.9784,237
01583500,ifs,5,-0.3854,0.2681,0.2782,0.8920,241
01586610,ifs,5,-0.2531,0.2959,0.3248,0.8328,207
01591400,ifs,5,-3.9032,-0.4787,0.3067,1.1446,241
01596500,ifs,5,0.0122,0.1017,0.3001,0.7085,239
01605500,ifs,5,-1.0352,0.2093,0.3738,1.2026,239
01606500,ifs,5,-0.0454,0.3893,0.4332,0.8013,214
01613050,ifs,5,-0.1001,0.2997,0.3390,1.1083,241
01620500,ifs,5,0.2318,0.2646,0.5840,0.5286,239
01632000,ifs,5,-0.1469,0.3878,0.3918,1.0345,239
01632900,ifs,5,-1.8839,-0.0138,0.3731,1.0679,239
01634500,ifs,5,0.0056,0.2959,0.3592,0.9707,224
01638480,ifs,5,-3.7740,-0.6314,0.3297,2.0291,236
01639500,ifs,5,-0.1446,0.3615,0.3886,1.1638,241
01644000,ifs,5,-1.7508,-0.1956,0.3580,1.9114,241
01658500,ifs,5,-0.5522,0.3104,0.3993,1.2502,210
01664000,ifs,5,0.0029,0.4126,0.4308,0.9712,241
01666500,ifs,5,-0.1224,0.4659,0.5039,1.1760,226
01667500,ifs,5,-0.1955,0.4497,0.4866,1.1603,219
01669000,ifs,5,-0.1061,0.4885,0.5120,1.1159,216
01669520,ifs,5,-2.5702,-0.3295,0.6452,1.8062,239
02011400,ifs,5,-0.3540,0.3990,0.4476,1.1495,241
02011460,ifs,5,-0.1010,0.3541,0.3951,0.8040,241
02013000,ifs,5,0.0454,0.4645,0.4808,1.0940,241
02014000,ifs,5,-0.2778,0.4442,0.4773,1.0169,241
02015700,ifs,5,-0.0454,0.5171,0.5278,1.0304,223
02016000,ifs,5,0.1775,0.5834,0.5963,0.8975,241
02017500,ifs,5,-0.1388,0.4356,0.6823,1.1058,239
02018000,ifs,5,0.1785,0.5927,0.7103,1.0628,234
02027000,ifs,5,-0.1348,0.4259,0.6880,0.8342,221
02027500,ifs,5,0.5154,0.5938,0.8000,0.6526,224
02028500,ifs,5,0.1499,0.5672,0.5866,0.8721,216
02038850,ifs,5,0.2171,0.5189,0.5736,0.8206,239
02046000,ifs,5,0.1759,0.4095,0.6520,1.4750,231
02051000,ifs,5,0.0181,0.3487,0.3934,0.9873,241
02051500,ifs,5,-0.1005,0.4126,0.4563,1.2222,239
02053200,ifs,5,-0.2904,0.2188,0.5818,1.6049,210
02053800,ifs,5,0.2487,0.5130,0.5670,0.8842,222
02055100,ifs,5,0.2653,0.6195,0.6339,1.1028,239
02056900,ifs,5,0.2722,0.6490,0.6744,0.9017,216
02059500,ifs,5,0.1991,0.5911,0.7120,0.8242,210
02064000,ifs,5,0.3081,0.5043,0.6131,0.7621,229
02065500,ifs,5,0.0315,0.4445,0.5650,0.6570,239
02069700,ifs,5,0.1012,0.4961,0.5400,1.1813,214
02070000,ifs,5,0.0310,0.4949,0.5236,1.1667,239
02074500,ifs,5,0.1347,0.5729,0.5821,1.0840,241
02077200,ifs,5,0.1237,0.4150,0.8025,1.1939,236
02081500,ifs,5,-0.5458,0.1498,0.2273,1.3546,241
02082950,ifs,5,-1.5266,-0.1322,0.5077,1.6682,241
02092500,ifs,5,-8.5118,-1.5294,0.1308,2.4405,241
02096846,ifs,5,-1.2207,-0.0611,0.1571,1.5922,241
02102908,ifs,5,-10.6621,-1.7189,0.3578,1.1796,241
02108000,ifs,5,0.3872,0.6600,0.6993,1.1583,241
02111180,ifs,5,-0.0921,0.0556,0.1797,1.0091,241
02111500,ifs,5,-0.2978,0.2256,0.2452,0.9446,239
02118500,ifs,5,-0.2548,0.4607,0.5540,1.0310,241
02128000,ifs,5,-28.9001,-4.1542,0.1519,3.4586,241
02137727,ifs,5,-0.2541,0.2413,0.2615,0.9740,241
02140991,ifs,5,-0.2098,0.2205,0.2630,1.1072,241
02143000,ifs,5,-1.1598,0.2239,0.3763,1.2290,241
02143040,ifs,5,-1.6201,0.0714,0.2479,0.9397,239
02149000,ifs,5,-0.1378,0.0764,0.1750,1.0146,241
02152100,ifs,5,-0.8320,0.1086,0.1090,1.0046,241
02177000,ifs,5,0.1084,0.2342,0.3829,1.0573,239
02178400,ifs,5,0.1526,0.4826,0.5135,0.9532,239
02193340,ifs,5,-1.9953,-0.0829,0.1509,1.3811,241
02196000,ifs,5,-0.0445,-0.1822,0.1533,0.4988,241
02198100,ifs,5,0.0951,0.0535,0.3467,1.2635,240
02202600,ifs,5,-1.9517,-0.2801,0.2046,1.9035,241
02212600,ifs,5,-0.0279,-0.0401,0.1605,0.9236,239
02215100,ifs,5,0.1095,0.1183,0.3679,0.7343,241
02216180,ifs,5,-0.0656,-0.4396,-0.0521,0.4793,239
02221525,ifs,5,-0.0952,0.2370,0.2980,1.1002,239
02231000,ifs,5,-0.8850,0.0512,0.4327,1.6499,241
02231342,ifs,5,-0.8627,0.0295,0.6352,1.6469,241
02235200,ifs,5,-0.7494,0.3079,0.4559,1.2555,240
02245500,ifs,5,-0.8898,0.2248,0.5317,1.1325,241
02246000,ifs,5,-0.3550,0.3921,0.4539,0.7959,239
02296500,ifs,5,0.4866,0.0459,0.8075,1.9332,230
02297155,ifs,5,0.0287,-0.1608,0.6161,0.2715,240
02297310,ifs,5,0.5545,0.6037,0.7573,0.7826,231
02298123,ifs,5,0.4794,0.3385,0.7717,0.5820,241
02298608,ifs,5,0.2303,0.5340,0.6564,1.3129,241
02299950,ifs,5,-0.0643,0.2744,0.3690,0.7167,241
02300700,ifs,5,0.2226,0.0952,0.5616,0.5459,241
02310947,ifs,5,-0.2274,-1.0176,-0.2755,2.3258,241
02312200,ifs,5,-4.5692,-3.2254,-0.0038,5.0497,241
02314500,ifs,5,-0.3349,-0.5381,-0.2263,0.5419,241
02315500,ifs,5,-0.3265,-0.6843,-0.3043,0.4160,241
02324400,ifs,5,-0.2202,-1.0425,-0.5475,0.1095,241
02327100,ifs,5,-1.8503,-0.6845,0.6679,2.3948,239
02349900,ifs,5,0.1232,0.0912,0.3513,0.9883,241
02350900,ifs,5,0.1651,0.3663,0.6757,0.6524,241
02361000,ifs,5,0.2535,0.3689,0.6575,0.6560,241
02363000,ifs,5,0.1266,-0.0388,0.6774,0.3652,239
02369800,ifs,5,0.0551,-0.1759,0.4205,0.4662,240
02371500,ifs,5,0.1853,0.0689,0.5487,0.7607,241
02372250,ifs,5,0.2679,0.1720,0.6203,0.8195,239
02374500,ifs,5,0.1675,0.1250,0.4578,0.7527,241
02381600,ifs,5,-0.3119,0.1152,0.1567,1.0427,241
02384540,ifs,5,0.0592,0.1190,0.3561,0.7689,241
02395120,ifs,5,-2.7633,-0.1812,0.1634,1.0560,241
02408540,ifs,5,-0.0386,0.3408,0.3740,0.9707,241
02415000,ifs,5,0.1960,0.3630,0.4735,0.9932,231
02422500,ifs,5,-0.8951,0.2236,0.3032,1.2239,224
02427250,ifs,5,-0.0078,0.3886,0.4295,1.1717,241
02430085,ifs,5,-0.2740,0.2041,0.2441,1.1638,241
02450250,ifs,5,-0.5717,0.2552,0.2708,1.1338,241
02464000,ifs,5,0.0202,0.4535,0.4623,0.9936,241
02465493,ifs,5,0.2637,0.5475,0.5899,1.1159,238
02469800,ifs,5,0.1824,0.2115,0.5044,0.5888,239
02472000,ifs,5,0.7474,0.6271,0.8823,0.7360,241
02472500,ifs,5,0.1061,0.4826,0.5778,0.7013,241
02479155,ifs,5,0.0377,-0.2333,0.2905,0.4693,241
02479300,ifs,5,0.1038,-0.0954,0.3920,0.4549,241
02481000,ifs,5,-0.0052,-0.3888,0.3722,0.1540,241
02481510,ifs,5,0.0653,-0.2030,0.5311,0.2812,241
03010655,ifs,5,0.4271,0.3698,0.7797,0.6413,212
03011800,ifs,5,0.2004,0.3398,0.5306,0.7496,241
03015500,ifs,5,0.5552,0.6980,0.7572,0.8965,241
03021350,ifs,5,0.2016,0.5368,0.5796,0.8215,239
03026500,ifs,5,0.2609,0.3642,0.5489,0.7893,241
03028000,ifs,5,0.2996,0.4583,0.6670,0.6843,241
03049800,ifs,5,0.0199,0.0025,0.2839,0.6600,239
03050000,ifs,5,-0.1055,0.3816,0.3971,0.8999,239
03066000,ifs,5,0.3024,0.4549,0.5897,0.7882,241
03069500,ifs,5,0.2046,0.3881,0.5253,0.7489,239
03070500,ifs,5,-0.9781,0.2132,0.4540,1.2187,239
03076600,ifs,5,0.0004,0.1908,0.3676,0.6670,241
03078000,ifs,5,-0.0982,0.0677,0.2386,0.6799,241
03140000,ifs,5,0.1300,0.1665,0.3722,0.9162,239
03144000,ifs,5,0.2844,0.3935,0.5415,0.8940,241
03159540,ifs,5,0.1584,0.3968,0.4766,0.8693,241
03161000,ifs,5,-0.1587,0.2621,0.3070,0.8840,241
03164000,ifs,5,-0.0023,0.5527,0.5996,0.8756,241
03165000,ifs,5,-0.2499,0.1637,0.2146,0.8801,224
03170000,ifs,5,0.2903,0.5573,0.6052,0.8831,241
03173000,ifs,5,0.2323,0.6273,0.6562,0.8907,239
03180500,ifs,5,0.1979,0.3411,0.4898,0.7821,225
03182500,ifs,5,0.0328,0.4694,0.4843,0.8976,239
03186500,ifs,5,0.1654,0.5156,0.5347,0.9402,239
03187500,ifs,5,0.0967,0.5794,0.5934,0.9542,238
03213700,ifs,5,0.1329,0.5732,0.5833,1.0883,241
03237280,ifs,5,0.0276,0.2098,0.3537,0.7216,241
03237500,ifs,5,0.2716,0.5592,0.5863,1.0430,239
03241500,ifs,5,0.3380,0.2702,0.6289,0.6923,228
03280700,ifs,5,-0.8426,0.2587,0.4166,0.8090,213
03281100,ifs,5,-0.4656,0.3721,0.4681,0.8298,239
03281500,ifs,5,-0.3015,0.4145,0.4819,0.8144,228
03285000,ifs,5,-0.6963,0.0386,0.3069,1.6510,238
03291780,ifs,5,0.1072,0.0990,0.3383,0.8407,241
03300400,ifs,5,0.0744,0.2959,0.3870,0.9338,241
03340800,ifs,5,-0.8166,0.2147,0.2348,1.0559,193
03346000,ifs,5,-0.1780,0.3452,0.3745,0.8187,241
03364500,ifs,5,0.1943,0.0430,0.5325,0.5666,241
03366500,ifs,5,0.1308,0.0933,0.3830,0.6745,241
03368000,ifs,5,0.1054,-0.0025,0.3464,0.6073,241
03384450,ifs,5,0.1927,-0.0158,0.5946,0.5103,241
03439000,ifs,5,-0.1759,-0.1538,0.1073,0.6719,239
03450000,ifs,5,-0.0266,-0.0852,0.1663,0.8357,241
03455500,ifs,5,-0.6513,0.1102,0.1691,0.7046,239
03456500,ifs,5,-0.3335,0.0596,0.1330,0.8222,239
03460000,ifs,5,-0.4216,0.3769,0.5195,0.6365,241
03463300,ifs,5,-0.1378,0.3420,0.3579,0.9408,241
03471500,ifs,5,-0.1403,0.4617,0.6745,0.7520,239
03473000,ifs,5,-0.7124,0.3099,0.4911,0.7730,241
03479000,ifs,5,-0.9647,0.2205,0.2849,0.9311,239
03488000,ifs,5,0.2403,0.5672,0.6400,0.7601,241
03498500,ifs,5,-0.2965,0.4159,0.4685,0.7990,241
03500000,ifs,5,0.1159,0.5692,0.6205,0.8272,239
03504000,ifs,5,-0.2632,0.4037,0.4220,0.8605,239
03574500,ifs,5,0.1217,0.1403,0.4066,0.6466,241
03604000,ifs,5,-0.1386,-0.2238,-0.0029,0.7914,239
04015330,ifs,5,0.2537,0.1679,0.5256,0.5930,200
04024430,ifs,5,0.4653,0.4936,0.7106,0.6768,241
04027000,ifs,5,0.4373,0.4024,0.6920,0.7020,241
04040500,ifs,5,0.8198,0.7747,0.9109,0.8887,241
04043050,ifs,5,0.7741,0.8236,0.8823,0.9051,182
04045500,ifs,5,0.8867,0.7864,0.9571,0.8012,237
04056500,ifs,5,0.5160,0.4366,0.8031,0.7118,231
04057510,ifs,5,0.8632,0.6855,0.9620,0.7787,161
04057800,ifs,5,0.7733,0.5935,0.9107,0.7107,241
04059500,ifs,5,0.8383,0.8017,0.9214,0.9903,241
04063700,ifs,5,0.7506,0.5191,0.9288,0.6355,241
04074950,ifs,5,0.6476,0.5469,0.9071,0.7543,241
04105700,ifs,5,0.5115,0.5526,0.7342,0.9270,241
04115265,ifs,5,0.4288,0.4508,0.6616,0.9915,241
04122200,ifs,5,0.5290,0.5420,0.7515,0.8748,241
04122500,ifs,5,0.7727,0.7534,0.8934,0.9285,239
04124000,ifs,5,0.8020,0.7341,0.9100,1.0116,241
04127997,ifs,5,0.4551,0.4252,0.7233,0.9167,204
04185000,ifs,5,0.5593,0.6355,0.7518,0.8790,218
04196800,ifs,5,0.2629,0.4012,0.5315,0.8521,241
04197100,ifs,5,0.3700,0.4426,0.6083,1.0275,241
04197170,ifs,5,0.1285,0.3041,0.4219,0.8578,241
04213000,ifs,5,-0.1960,0.4568,0.5905,1.1609,239
04213075,ifs,5,-0.1356,0.2802,0.3154,0.9115,237
04216418,ifs,5,0.3795,0.5764,0.6370,1.0685,241
04221000,ifs,5,0.0852,0.1160,0.5423,0.5253,241
04224775,ifs,5,0.1996,0.1592,0.5683,0.5737,239
04256000,ifs,5,0.6386,0.7697,0.8304,1.1536,239
04296000,ifs,5,0.4317,0.5551,0.6753,0.8401,241
05057000,ifs,5,-0.9935,0.0741,0.5879,0.5067,163
05057200,ifs,5,0.3961,0.6584,0.6810,1.0912,240
05062500,ifs,5,0.5505,0.6726,0.7447,0.9600,202
05087500,ifs,5,0.3890,0.5253,0.6284,1.0128,241
05120500,ifs,5,-10.0019,-1.4825,-0.0430,3.1918,210
05123400,ifs,5,-0.3950,-0.6564,-0.0244,0.1567,240
05129115,ifs,5,-0.8203,-0.8897,-0.2533,0.0000,241
05131500,ifs,5,0.0500,-0.0267,0.4892,0.4451,145
05291000,ifs,5,-0.5167,0.3006,0.3652,0.7408,241
05362000,ifs,5,0.5703,0.6997,0.7747,0.8276,240
05393500,ifs,5,0.5044,0.6549,0.7265,0.8528,241
05399500,ifs,5,-0.0293,0.5087,0.5140,0.9534,239
05408000,ifs,5,0.0364,0.0235,0.2804,0.8395,240
05412500,ifs,5,0.1561,0.2734,0.5346,0.6827,241
05413500,ifs,5,-0.5643,0.2538,0.2817,0.8002,211
05414000,ifs,5,-0.1613,0.1598,0.4216,0.6217,207
05444000,ifs,5,-0.0653,0.1709,0.3537,0.6566,239
05454000,ifs,5,0.0118,0.2822,0.4290,0.6515,241
05458000,ifs,5,-0.0223,0.0602,0.2471,0.7563,241
05466500,ifs,5,0.0646,0.2295,0.3625,0.8300,239
05487980,ifs,5,-0.2188,0.0757,0.1716,0.7638,239
05488200,ifs,5,-0.1200,-0.0440,0.1842,0.5316,239
05489000,ifs,5,-0.1694,-0.1139,0.1116,0.5323,239
05495000,ifs,5,-1.5808,-0.0439,0.3612,1.5070,239
05495500,ifs,5,-0.0497,-0.0319,0.2244,0.5351,235
05501000,ifs,5,0.0045,-0.0980,0.2179,0.5315,239
05503800,ifs,5,-0.0000,0.2249,0.3325,0.7992,241
05507600,ifs,5,-1.2613,0.0912,0.1311,1.0496,241
05508805,ifs,5,-0.7639,0.1922,0.3395,1.3820,239
05514500,ifs,5,-0.0987,0.1676,0.2564,0.8485,239
05525500,ifs,5,0.0755,0.3385,0.4143,1.1248,239
05556500,ifs,5,0.0538,0.0287,0.3841,0.5039,241
05584500,ifs,5,-0.0438,0.3001,0.3908,0.7144,239
05585000,ifs,5,0.0592,0.4260,0.5093,0.7127,241
05591550,ifs,5,-0.5997,0.2256,0.2396,1.1384,239
05592050,ifs,5,-0.4770,0.1423,0.1542,1.0355,222
05592575,ifs,5,-0.1621,0.1064,0.2109,0.7558,239
05593575,ifs,5,-0.4079,0.2359,0.3164,1.3405,241
05593900,ifs,5,-0.4719,0.1395,0.1553,1.0837,239
05595730,ifs,5,-0.4910,0.2678,0.2915,1.1782,241
06037500,ifs,5,-2.1049,0.4273,0.8506,1.2846,241
06043500,ifs,5,0.3451,0.3632,0.9538,1.3261,241
06154410,ifs,5,-0.0328,0.1564,0.3059,0.7321,241
06188000,ifs,5,0.8419,0.8779,0.9328,0.9790,241
06191500,ifs,5,0.7175,0.6713,0.9348,1.1099,241
06221400,ifs,5,0.8194,0.8402,0.9291,1.0667,241
06224000,ifs,5,0.7161,0.8492,0.8597,1.0554,241
06289000,ifs,5,0.3545,0.6174,0.6810,0.8500,241
06332515,ifs,5,0.4900,0.5814,0.7026,0.8692,118
06339100,ifs,5,-2.5868,-0.5876,0.5371,1.9558,177
06339500,ifs,5,-0.2698,0.1285,0.4568,0.3646,171
06344600,ifs,5,-19.0353,-3.7424,0.3197,4.4426,180
06350000,ifs,5,-14.5177,-2.2625,0.2003,2.5399,241
06352000,ifs,5,-0.0161,-0.1024,0.5159,1.3443,240
06353000,ifs,5,-0.0008,-0.1123,0.5152,0.8148,239
06354000,ifs,5,0.3793,0.2990,0.8182,0.4910,176
06360500,ifs,5,0.1292,0.1458,0.5293,1.5385,142
06404000,ifs,5,-12.3991,-1.6596,-0.1503,1.7732,208
06406000,ifs,5,-163.9885,-3.7969,0.9006,5.7477,183
06408700,ifs,5,-1570.4123,-3.9706,0.2321,1.5088,241
06409000,ifs,5,-1.2712,0.6219,0.8832,1.2553,196
06431500,ifs,5,-1.0478,0.4489,0.4652,1.0911,230
06440200,ifs,5,-6.2031,-0.8737,0.1921,0.9586,163
06441500,ifs,5,-41.0684,-5.2590,-0.0440,4.3677,180
06447000,ifs,5,-0.1062,-0.1233,0.1080,0.6354,143
06447500,ifs,5,-0.1003,-0.1458,0.3023,0.7056,241
06450500,ifs,5,-0.1945,-0.1600,0.0028,1.0718,211
06452000,ifs,5,-0.0384,-0.2888,-0.0030,1.0400,178
06453600,ifs,5,-1.7624,-0.1749,0.1702,1.7513,238
06464500,ifs,5,-2.0982,-0.0732,0.0515,1.2282,178
06477500,ifs,5,-127.1338,-11.1852,0.4253,7.7758,240
06479215,ifs,5,-0.2126,-0.2410,-0.0132,0.6238,241
06479438,ifs,5,-0.1423,-0.5192,0.0122,0.2337,241
06601000,ifs,5,-0.3131,-0.1487,-0.0215,0.8340,241
06614800,ifs,5,0.7843,0.6176,0.9396,1.3471,241
06622700,ifs,5,-0.3128,0.1487,0.7638,1.6212,241
06623800,ifs,5,0.8213,0.9077,0.9126,0.9761,241
06632400,ifs,5,-0.3063,0.3254,0.4678,1.3926,241
06784000,ifs,5,-1.2226,0.1507,0.2649,1.3618,241
06803510,ifs,5,-0.0718,-0.3436,-0.0226,0.5925,241
06803530,ifs,5,-0.2099,-0.2175,-0.0438,0.7897,241
06814000,ifs,5,-0.2869,-0.1398,0.0128,0.6616,241
06846500,ifs,5,-0.0093,-0.4703,-0.0556,1.3840,241
06847900,ifs,5,-0.0381,-0.2780,0.0577,1.3327,241
06853800,ifs,5,-0.2807,-0.4274,0.0030,1.6984,241
06876700,ifs,5,0.2206,0.3033,0.5321,0.5746,241
06878000,ifs,5,0.0886,-0.1332,0.3507,0.4192,241
06879650,ifs,5,-0.2881,-0.0914,0.0892,0.5411,240
06885500,ifs,5,-0.3058,-0.1412,0.0489,0.5275,241
06888500,ifs,5,0.0193,-0.2365,0.2214,0.3957,241
06889200,ifs,5,-0.0741,0.0473,0.2277,0.6459,241
06889500,ifs,5,-0.5013,0.1516,0.1650,0.8967,241
06892000,ifs,5,-1.5840,0.0133,0.0713,0.9691,241
06903400,ifs,5,-0.1629,-0.2481,0.0953,0.3331,241
06906800,ifs,5,0.0251,0.0678,0.3094,0.5744,241
06910800,ifs,5,-0.1029,-0.0257,0.1911,0.5694,241
06911900,ifs,5,-0.0603,0.0488,0.2548,0.5785,241
06917000,ifs,5,0.1081,0.0278,0.3921,0.4616,241
06918460,ifs,5,0.1697,0.4081,0.4796,1.0511,241
06919500,ifs,5,-0.4583,0.2641,0.3313,0.7012,241
06921070,ifs,5,-0.0852,0.0797,0.2357,0.6930,241
06921200,ifs,5,-0.0023,-0.2587,0.2295,0.3380,241
06934000,ifs,5,-0.1107,0.2739,0.3637,0.7206,240
07014500,ifs,5,-0.0186,-0.2338,0.1464,0.6065,241
07056000,ifs,5,0.1174,0.2499,0.4057,0.7888,241
07057500,ifs,5,0.0850,0.4320,0.4789,0.8620,233
07060710,ifs,5,-0.0001,-0.3925,0.0302,1.0571,241
07066000,ifs,5,-0.1541,0.1935,0.2694,0.8206,241
07067000,ifs,5,-0.1884,0.1437,0.4504,0.5459,241
07068000,ifs,5,-0.1249,0.0786,0.2965,0.7502,240
07071500,ifs,5,-0.4720,0.2487,0.3114,0.7935,241
07083000,ifs,5,-1.5948,-0.4068,0.8829,1.7755,241
07142300,ifs,5,-8.4171,-5.1352,0.0039,6.9780,241
07145700,ifs,5,0.0069,-0.4647,0.2451,0.1568,238
07148400,ifs,5,-0.3772,0.3052,0.7589,1.4490,241
07149000,ifs,5,0.1793,0.4912,0.7310,1.4319,241
07151500,ifs,5,0.0859,-0.1616,0.5200,0.4184,241
07167500,ifs,5,-0.0137,-0.2747,0.1268,1.5702,241
07180500,ifs,5,-0.0654,-0.2206,0.0737,0.6106,241
07184000,ifs,5,0.0634,-0.1151,0.2992,0.4143,239
07195800,ifs,5,-0.1746,0.3285,0.3441,0.9163,239
07196900,ifs,5,0.0221,0.0831,0.2559,0.9926,240
07197000,ifs,5,0.3661,0.3703,0.6168,0.9325,241
07208500,ifs,5,0.1071,0.5254,0.7402,1.0673,241
07226500,ifs,5,-0.0030,-0.5083,0.0951,0.2467,239
07261000,ifs,5,0.0946,0.2457,0.4379,1.3902,239
07263295,ifs,5,-0.0928,-1.1101,0.5228,3.0501,239
07290650,ifs,5,-1.5759,0.0780,0.2840,0.8838,241
07291000,ifs,5,-0.7142,0.0796,0.2068,0.5341,241
07292500,ifs,5,-0.2571,0.3313,0.3396,0.9089,241
07295000,ifs,5,0.0681,0.1486,0.3418,0.7248,241
07299670,ifs,5,-0.2496,-0.2860,0.0232,1.6597,231
07301410,ifs,5,-0.3087,-0.2370,-0.0603,0.7294,230
07301500,ifs,5,-0.1864,-0.5722,0.0422,1.7844,203
07315200,ifs,5,-1.1790,-0.0858,0.0279,1.4714,161
07315700,ifs,5,-2.5659,-0.7149,0.1329,2.2993,218
07335700,ifs,5,-0.0210,-0.1380,0.2335,0.4497,232
07340300,ifs,5,0.1888,0.4021,0.5141,0.7593,241
07346045,ifs,5,-1.7740,-0.0220,0.2125,0.5161,241
07359610,ifs,5,-0.1704,0.1631,0.3366,1.4691,241
07362100,ifs,5,-0.2918,0.0944,0.5720,1.7797,241
07362587,ifs,5,-0.0452,-0.3164,0.4206,2.1545,239
07373000,ifs,5,-2.7073,-0.1841,0.1576,0.7810,237
07375000,ifs,5,0.0520,-0.1255,0.3281,0.4275,241
07376000,ifs,5,0.0858,0.3960,0.4794,0.7503,241
08013000,ifs,5,0.4373,0.4450,0.6808,0.7231,241
08014500,ifs,5,0.3107,0.2501,0.6263,0.6158,241
08023080,ifs,5,-1.2105,-0.6481,-0.0279,2.2881,241
08025500,ifs,5,-22.4092,-3.0317,0.0700,1.9938,241
08029500,ifs,5,-13.4751,-1.9105,0.0303,1.5775,241
08050800,ifs,5,0.0055,-0.1456,0.1603,0.6998,240
08066200,ifs,5,-0.1255,-0.2609,0.0125,0.5529,241
08066300,ifs,5,-0.0622,-0.4670,0.0138,0.2675,241
08070000,ifs,5,-2.8914,-0.3753,0.3224,1.6273,241
08070200,ifs,5,-0.5615,0.3115,0.3277,1.0303,241
08079600,ifs,5,-13.8769,-6.5536,0.3608,7.9299,196
08082700,ifs,5,-0.0213,-0.4182,-0.0342,0.6209,227
08086212,ifs,5,0.1328,-0.0398,0.4298,1.3495,241
08086290,ifs,5,-0.1756,-0.9838,0.2502,2.8145,241
08101000,ifs,5,-8.9108,-1.5516,0.1780,2.1518,241
08103900,ifs,5,0.1927,0.1350,0.4513,0.7241,241
08104900,ifs,5,0.0006,-0.1012,0.2558,0.4603,241
08109700,ifs,5,-0.4462,0.1678,0.2092,1.2416,224
08150800,ifs,5,-0.0085,-0.4921,0.0056,0.3844,241
08155200,ifs,5,-0.5352,-0.7890,0.1717,2.5678,241
08158700,ifs,5,-4.9528,-7.9511,0.1327,9.8608,241
08158810,ifs,5,-0.0092,-0.0146,0.1858,0.9825,241
08164000,ifs,5,-2.8329,-0.6352,0.1321,2.1380,241
08164300,ifs,5,-0.1177,0.0575,0.1703,1.0130,238
08164600,ifs,5,-20.8762,-6.1369,0.2645,7.0432,241
08165300,ifs,5,-0.0068,-0.4243,-0.0442,0.8396,241
08171300,ifs,5,-19.4603,-29.9016,-0.0066,31.8116,241
08175000,ifs,5,-0.2348,-0.1917,0.1198,0.3247,241
08176900,ifs,5,-27.1787,-8.7448,0.6799,9.5580,241
08178880,ifs,5,-0.0384,-0.4174,0.0937,0.2849,241
08189500,ifs,5,-0.8847,0.2003,0.3967,1.3239,241
08190000,ifs,5,-0.0222,-0.2982,0.0373,0.6997,241
08190500,ifs,5,0.6924,-0.1215,0.9499,2.0924,235
08194200,ifs,5,0.0104,-0.3623,0.1541,0.3483,241
08195000,ifs,5,0.0117,-0.3321,0.1378,0.4998,241
08196000,ifs,5,-0.0646,0.0869,0.3135,1.5162,229
08198500,ifs,5,-0.0012,-0.4970,0.0935,0.2705,241
08200000,ifs,5,-0.0223,-0.2432,0.1446,0.4251,241
08202700,ifs,5,-0.0077,-0.5843,0.0542,0.1097,240
08267500,ifs,5,-21.4303,-2.2293,0.6978,2.6208,241
08269000,ifs,5,-3.2052,-0.3193,0.7194,1.6877,241
08271000,ifs,5,-43.2202,-4.1088,0.7725,2.4397,241
08324000,ifs,5,0.1859,0.6046,0.7113,1.1343,241
08377900,ifs,5,-3.5781,-0.4128,0.4909,1.3364,241
08378500,ifs,5,-5.1752,-0.8576,0.6065,1.2896,233
08380500,ifs,5,-2.4131,-0.1046,0.5065,1.6664,241
09034900,ifs,5,0.1789,0.2283,0.8808,1.5697,237
09035900,ifs,5,0.5627,0.7501,0.8279,1.0884,207
09047700,ifs,5,-4.4876,-0.9407,0.8833,1.4130,239
09065500,ifs,5,0.7296,0.6548,0.9394,1.1334,241
09066000,ifs,5,-0.9260,0.1695,0.5900,1.1625,241
09066200,ifs,5,0.7096,0.6423,0.9269,1.2189,241
09066300,ifs,5,-0.3636,-0.0088,0.8050,1.7953,241
09081600,ifs,5,0.1387,0.6040,0.6260,1.0176,241
09107000,ifs,5,-1.0731,0.0269,0.7069,1.2552,240
09210500,ifs,5,-1.3762,0.0963,0.7382,1.5396,214
09223000,ifs,5,-2.6826,-0.5421,0.8820,1.9763,180
09306242,ifs,5,-381.3224,-4.1815,0.8971,6.0615,239
09312600,ifs,5,-2.1078,-0.6153,0.4873,2.3918,241
09352900,ifs,5,-0.6073,0.2969,0.5704,1.2993,211
09378170,ifs,5,0.2551,0.2666,0.5408,1.3179,241
09378630,ifs,5,,,,,241
09386900,ifs,5,-2.6786,-0.3410,0.0234,1.6808,241
09404450,ifs,5,0.6930,0.7422,0.8503,0.9147,241
09430500,ifs,5,-1.0312,0.1227,0.5780,0.2581,241
09430600,ifs,5,-0.2359,0.1806,0.4949,0.3552,241
09447800,ifs,5,-2.2250,-0.6386,0.0361,2.0349,241
09480000,ifs,5,-0.4692,-3.5415,0.0688,5.4278,241
09484000,ifs,5,-0.9241,-0.9938,0.3264,2.8632,216
09484600,ifs,5,-1.6802,-1.6484,0.0966,3.4697,240
09492400,ifs,5,-1.1134,0.1292,0.7685,1.6764,240
09494000,ifs,5,0.1052,0.5565,0.5581,1.0365,241
09497800,ifs,5,-0.1099,-0.6237,-0.2520,1.5139,241
09497980,ifs,5,-0.2157,0.0669,0.1485,0.8964,210
09505200,ifs,5,0.5925,0.7104,0.7811,1.1585,241
09505350,ifs,5,0.4252,0.3480,0.7151,1.5862,241
09505800,ifs,5,0.5990,0.7517,0.8150,1.1551,241
09508300,ifs,5,-0.3798,0.2001,0.2444,0.7558,241
09510200,ifs,5,-2.2909,-1.0469,0.1022,2.7538,222
09512280,ifs,5,-0.0851,-0.9723,0.0612,2.5802,241
09513780,ifs,5,-74.2436,-11.0670,-0.0166,10.6243,240
10023000,ifs,5,-14.6483,-0.6471,0.0844,2.2275,241
10166430,ifs,5,-13253.7587,-90.3685,0.5636,72.8151,241
10172700,ifs,5,-29.4797,-0.2571,0.6207,2.0108,241
10172800,ifs,5,-9.7715,-0.8913,0.8114,2.3646,241
10173450,ifs,5,-0.3768,0.3967,0.4188,0.9948,241
10205030,ifs,5,-189.9843,-9.8677,-0.0162,2.3341,241
10234500,ifs,5,-0.0485,-0.1989,0.0632,0.8614,237
10242000,ifs,5,-29.1342,-3.7067,0.4142,4.5005,241
10244950,ifs,5,-37.0179,-1.5566,0.7112,1.5597,241
10249300,ifs,5,-44.4306,-4.5732,0.5167,4.3302,240
10258000,ifs,5,,,,,69
10258500,ifs,5,-0.0368,0.4527,0.4735,0.8514,241
10259000,ifs,5,0.7193,0.7633,0.8589,1.0902,241
10259200,ifs,5,-6.8660,-5.4085,0.8305,6.9835,241
10263500,ifs,5,-0.4703,0.1270,0.8177,1.2555,241
10310500,ifs,5,-1.3867,0.2139,0.8871,1.7541,241
10316500,ifs,5,-0.3376,0.3304,0.6784,1.2420,241
10329500,ifs,5,0.2921,0.4318,0.8833,1.2093,241
10336645,ifs,5,0.4849,0.6396,0.7066,1.0843,227
10336660,ifs,5,0.4812,0.6752,0.7090,1.0019,241
10343500,ifs,5,0.5952,0.4628,0.8719,0.7755,241
10348850,ifs,5,-2.2487,0.0058,0.8136,1.7152,241
10396000,ifs,5,-0.1682,0.4510,0.6921,1.2114,241
11098000,ifs,5,0.0195,0.2934,0.7477,1.4955,241
11124500,ifs,5,-2.5567,-0.9612,0.9200,2.4101,241
11141280,ifs,5,0.5982,0.5993,0.7823,1.1139,241
11143000,ifs,5,0.7157,0.7274,0.8643,1.2351,241
11148900,ifs,5,0.6103,0.3025,0.8919,0.5540,241
11151300,ifs,5,0.5361,0.3856,0.8707,1.0096,241
11162500,ifs,5,0.6259,0.4740,0.8380,0.6961,241
11176400,ifs,5,0.2773,0.1504,0.5525,0.5407,144
11180500,ifs,5,-0.7042,-0.5357,0.7596,2.2466,241
11180960,ifs,5,-0.7172,-0.4852,0.4197,2.3437,241
11224500,ifs,5,-0.0114,-0.5552,0.1174,0.1367,241
11253310,ifs,5,-0.0213,-0.1309,0.2059,0.4471,241
11264500,ifs,5,-0.5536,0.2178,0.2194,0.9496,241
11266500,ifs,5,-0.4194,0.3233,0.3297,1.0781,241
11274500,ifs,5,0.3828,0.5112,0.6239,0.9044,241
11274630,ifs,5,-0.0527,0.3366,0.3695,0.9343,241
11284400,ifs,5,0.0440,-0.2954,0.3307,0.2262,241
11299600,ifs,5,0.0371,0.0896,0.2889,0.7354,238
11381500,ifs,5,0.3413,0.2740,0.6515,0.9879,241
11383500,ifs,5,0.4304,0.3778,0.7011,1.0473,241
11451100,ifs,5,0.2155,0.5257,0.5563,1.0865,106
11468500,ifs,5,0.2376,0.1474,0.5596,0.8361,241
11473900,ifs,5,0.3706,0.2764,0.7092,0.8863,241
11475560,ifs,5,0.4789,0.4408,0.7212,0.9383,241
11476600,ifs,5,0.8478,0.7653,0.9246,1.2059,240
11478500,ifs,5,0.4006,0.3673,0.6443,1.2689,241
11480390,ifs,5,0.2739,0.2163,0.5622,0.8937,241
11481200,ifs,5,0.6736,0.6044,0.8399,1.1480,241
11482500,ifs,5,0.7262,0.5544,0.8766,1.3763,241
11522500,ifs,5,0.2443,0.4086,0.6755,1.4945,241
11523200,ifs,5,-0.4021,0.1267,0.6459,1.7267,241
11528700,ifs,5,0.4724,0.4359,0.7155,1.0881,241
11532500,ifs,5,0.7986,0.7255,0.9074,1.0799,241
12010000,ifs,5,0.5809,0.7284,0.8119,0.8121,241
12013500,ifs,5,0.6109,0.7059,0.8742,0.9955,241
12020000,ifs,5,0.3076,0.5722,0.7143,0.7079,241
12025000,ifs,5,0.5544,0.5764,0.8940,1.1587,241
12025700,ifs,5,0.2504,0.5579,0.7813,0.9424,241
12035000,ifs,5,0.8474,0.8904,0.9258,0.9196,241
12040500,ifs,5,0.6357,0.7962,0.8438,0.9385,241
12041200,ifs,5,0.4416,0.5969,0.8471,0.9129,241
12043000,ifs,5,0.7154,0.7845,0.8588,0.8494,241
12048000,ifs,5,0.4208,0.6423,0.8515,1.2421,241
12054000,ifs,5,0.1192,0.4239,0.8150,1.3534,241
12056500,ifs,5,0.0313,0.4779,0.7360,0.9969,241
12073500,ifs,5,0.3894,0.6913,0.7040,1.0863,240
12082500,ifs,5,0.3741,0.3590,0.6311,0.9906,235
12092000,ifs,5,0.0943,0.1331,0.3345,0.9564,241
12095000,ifs,5,0.5955,0.5379,0.8015,0.8517,241
12114500,ifs,5,0.4723,0.4129,0.7338,1.0287,241
12115000,ifs,5,0.4474,0.4073,0.7027,1.0052,241
12115500,ifs,5,0.3897,0.3876,0.6398,0.8757,241
12117000,ifs,5,0.5590,0.5636,0.7575,0.9797,241
12141300,ifs,5,0.2809,0.3134,0.5342,1.0885,241
12143600,ifs,5,0.3515,0.3446,0.6130,1.1719,238
12144000,ifs,5,0.4421,0.4589,0.6730,1.0019,240
12145500,ifs,5,0.6706,0.6514,0.8300,0.8507,241
12147600,ifs,5,0.4368,0.5198,0.6609,0.9894,241
12167000,ifs,5,0.7025,0.7441,0.8618,1.2152,241
12175500,ifs,5,0.1070,0.5889,0.6340,1.1173,241
12186000,ifs,5,0.5432,0.5979,0.7477,1.1360,238
12189500,ifs,5,0.6294,0.6653,0.8295,1.2269,240
12358500,ifs,5,0.6084,0.7930,0.8296,1.0504,241
12377150,ifs,5,0.5466,0.7724,0.7729,0.9846,241
12381400,ifs,5,0.3449,0.4991,0.8629,1.2271,208
12390700,ifs,5,0.4161,0.6248,0.6954,1.1749,241
12411000,ifs,5,0.7414,0.7399,0.8759,1.1870,230
12414500,ifs,5,0.6526,0.6689,0.8217,0.8954,241
12447390,ifs,5,-0.2014,-0.2448,0.2249,0.3568,241
12451000,ifs,5,0.4918,0.6867,0.8124,1.2144,241
12488500,ifs,5,0.5871,0.7134,0.7917,1.1506,241
13011500,ifs,5,0.7419,0.6336,0.9383,1.2811,241
13011900,ifs,5,0.7985,0.8138,0.9263,0.9606,241
13018300,ifs,5,-0.4309,-0.0022,0.9332,1.4753,241
13023000,ifs,5,0.5415,0.7678,0.8094,0.9087,199
13161500,ifs,5,0.6684,0.6835,0.8471,0.7868,241
13235000,ifs,5,0.5917,0.6597,0.7858,0.8886,239
13240000,ifs,5,0.7791,0.8574,0.8834,1.0044,162
13310700,ifs,5,0.5886,0.5014,0.9002,0.6717,241
13313000,ifs,5,0.6948,0.4841,0.9579,0.6432,241
13331500,ifs,5,0.5115,0.5458,0.9036,1.2167,241
13337000,ifs,5,0.6659,0.6842,0.8499,0.8188,241
13338500,ifs,5,0.7906,0.8752,0.8993,1.0737,241
13340000,ifs,5,0.4847,0.6149,0.7517,0.7848,241
13340600,ifs,5,0.5760,0.5949,0.8744,0.6963,241
14020000,ifs,5,0.3033,0.1954,0.6810,0.6646,241
14092750,ifs,5,0.5809,0.5796,0.7880,0.8940,241
14096850,ifs,5,-1.1317,0.4124,0.8334,0.4384,241
14137000,ifs,5,0.5682,0.5164,0.7846,1.0196,236
14138800,ifs,5,0.4573,0.5534,0.6765,0.9809,241
14138870,ifs,5,0.6220,0.6995,0.7916,0.9007,241
14138900,ifs,5,0.3971,0.4492,0.6320,0.9503,241
14139800,ifs,5,0.6321,0.7131,0.7978,0.8973,239
14141500,ifs,5,0.6512,0.7526,0.8089,0.9456,241
14154500,ifs,5,0.7039,0.6698,0.8516,1.0320,241
14158500,ifs,5,0.7707,0.6902,0.9192,1.0814,226
14158790,ifs,5,0.5855,0.5481,0.7875,1.0198,237
14166500,ifs,5,0.4237,0.3940,0.6773,0.8899,241
14182500,ifs,5,0.5152,0.4879,0.7402,0.7849,241
14185000,ifs,5,0.6678,0.6435,0.8296,0.9742,241
14185900,ifs,5,0.5293,0.5507,0.7342,0.9238,238
14187000,ifs,5,0.5906,0.6328,0.7707,1.0194,239
14216500,ifs,5,0.8868,0.9150,0.9434,1.0539,238
14222500,ifs,5,0.7574,0.8244,0.8726,1.0851,241
14236200,ifs,5,0.6340,0.7949,0.8205,0.9009,240
14301000,ifs,5,0.8083,0.9004,0.9028,1.0148,240
14303200,ifs,5,0.6817,0.5551,0.8821,0.9696,241
14305500,ifs,5,0.5337,0.6993,0.7390,0.9978,239
14306340,ifs,5,0.5358,0.4407,0.7842,0.7673,241
14306500,ifs,5,0.7052,0.6362,0.8630,0.9100,241
14308990,ifs,5,0.3674,0.2955,0.6728,0.8836,241
14309500,ifs,5,0.6566,0.5406,0.8543,0.8588,241
14316700,ifs,5,0.6268,0.5651,0.8210,1.0164,241
14325000,ifs,5,0.7646,0.7781,0.8762,0.9184,241
14362250,ifs,5,0.1783,0.0390,0.6513,0.4888,148
14400000,ifs,5,0.8197,0.7280,0.9146,0.8231,241
01013500,ifs,6,0.8854,0.8054,0.9515,0.8563,241
01022500,ifs,6,0.6684,0.7914,0.8275,1.0943,241
01030500,ifs,6,0.7688,0.8000,0.9132,1.0909,241
01031500,ifs,6,0.2755,0.6068,0.7266,1.1909,239
01047000,ifs,6,-0.0054,0.5288,0.6233,1.1521,241
01052500,ifs,6,0.2529,0.4595,0.5519,0.8238,241
01054200,ifs,6,0.0495,0.2165,0.3838,0.6682,241
01055000,ifs,6,-0.1778,0.4471,0.4739,1.1359,241
01057000,ifs,6,0.4033,0.6907,0.6927,1.0162,241
01073000,ifs,6,0.5423,0.6896,0.8306,1.1705,241
01078000,ifs,6,0.2095,0.4304,0.5362,0.7782,239
01118300,ifs,6,-0.7177,0.2937,0.3511,0.9132,239
01121000,ifs,6,0.1666,0.5417,0.6568,1.2742,239
01123000,ifs,6,0.5669,0.7214,0.7598,0.9768,241
01134500,ifs,6,0.5018,0.7206,0.7367,0.9353,239
01137500,ifs,6,0.2809,0.5284,0.5910,0.8482,241
01139000,ifs,6,-0.0132,0.5478,0.5948,1.0067,237
01139800,ifs,6,0.6408,0.8005,0.8266,1.0985,241
01142500,ifs,6,0.2705,0.6374,0.6436,0.9356,239
01144000,ifs,6,0.3966,0.7026,0.7527,0.9863,241
01169000,ifs,6,0.5334,0.7110,0.7503,1.1102,239
01170100,ifs,6,0.6075,0.7781,0.7910,0.9919,240
01181000,ifs,6,0.6797,0.7793,0.8287,1.0877,239
01187300,ifs,6,0.4628,0.5333,0.6827,1.1210,241
01195100,ifs,6,0.3104,0.3779,0.5656,0.8747,241
01333000,ifs,6,0.4348,0.5664,0.6685,0.8933,239
01350000,ifs,6,0.1037,0.0988,0.3484,0.7458,238
01350080,ifs,6,0.6023,0.5872,0.7951,0.7656,241
01350140,ifs,6,0.4846,0.6283,0.7532,0.7247,191
01365000,ifs,6,0.2615,0.3817,0.5274,0.8734,239
01411300,ifs,6,-0.0348,0.1432,0.3050,1.2473,232
01413500,ifs,6,0.3874,0.4017,0.6484,0.7897,239
01414500,ifs,6,0.0593,0.0576,0.3579,0.6053,239
01415000,ifs,6,0.2872,0.2651,0.6324,0.6221,196
01423000,ifs,6,0.3748,0.4075,0.6575,0.7313,241
01434025,ifs,6,0.0504,0.4634,0.5270,0.7485,241
01435000,ifs,6,0.2198,0.3258,0.4832,0.8906,240
01439500,ifs,6,0.5329,0.5695,0.7657,0.8047,239
01440000,ifs,6,0.4647,0.5586,0.6856,0.9237,241
01440400,ifs,6,0.6520,0.6977,0.8095,0.9537,215
01451800,ifs,6,0.0376,0.3947,0.4329,1.0992,239
01466500,ifs,6,-3.7624,-0.8391,0.7456,1.0134,239
01484100,ifs,6,-0.6102,0.3122,0.4325,1.3109,241
01485500,ifs,6,-6.0894,-1.0950,0.3144,2.1961,236
01486000,ifs,6,-3.2037,-0.3949,0.2904,1.8153,241
01487000,ifs,6,-0.4094,0.3842,0.5956,1.0769,241
01491000,ifs,6,0.4360,0.5730,0.6645,0.9752,241
01510000,ifs,6,0.5804,0.6769,0.7630,0.9487,241
01516500,ifs,6,0.1746,0.1171,0.5061,0.5783,241
01518862,ifs,6,0.2727,0.2672,0.6130,0.6139,241
01532000,ifs,6,0.3121,0.5982,0.6229,0.9176,239
01539000,ifs,6,0.2239,0.5682,0.5870,0.9044,225
01542810,ifs,6,0.3734,0.4173,0.6360,0.7574,239
01543000,ifs,6,0.3300,0.5268,0.6390,0.7603,241
01543500,ifs,6,0.3514,0.4506,0.6507,0.7404,239
01544500,ifs,6,0.3819,0.3620,0.7614,0.6092,241
01545600,ifs,6,0.3884,0.3050,0.7826,0.6066,241
01547700,ifs,6,0.0143,-0.0381,0.2186,0.7583,241
01548500,ifs,6,0.2526,0.2282,0.6781,0.5684,239
01549500,ifs,6,0.4774,0.4167,0.7815,0.6634,239
01550000,ifs,6,0.3708,0.3708,0.6986,0.6569,239
01552000,ifs,6,0.2630,0.4431,0.5759,0.7778,241
01552500,ifs,6,0.0899,0.5364,0.5533,0.8760,241
01557500,ifs,6,-0.0473,0.3107,0.3528,0.9638,241
01567500,ifs,6,0.0582,0.1596,0.3140,1.0124,241
01568000,ifs,6,0.1905,0.3103,0.4598,1.0913,241
01580000,ifs,6,-0.5646,0.2118,0.2124,0.9703,237
01583500,ifs,6,-0.1965,0.2180,0.2712,0.8549,241
01586610,ifs,6,-0.1278,0.1906,0.2889,0.7879,207
01591400,ifs,6,-0.9794,0.1983,0.2429,1.0399,241
01596500,ifs,6,0.0231,0.0943,0.3032,0.7089,239
01605500,ifs,6,-0.9672,0.2234,0.3320,1.1765,239
01606500,ifs,6,0.1478,0.3192,0.4694,0.7533,214
01613050,ifs,6,0.0885,0.2179,0.3586,1.0496,241
01620500,ifs,6,0.1689,0.2047,0.5353,0.5120,239
01632000,ifs,6,0.0677,0.2543,0.3675,0.8909,239
01632900,ifs,6,-0.2447,0.3792,0.3796,0.9800,239
01634500,ifs,6,-0.0094,0.1723,0.2877,0.9183,224
01638480,ifs,6,-1.0533,-0.0601,0.3265,1.8087,236
01639500,ifs,6,-0.1319,0.2623,0.3103,1.1347,241
01644000,ifs,6,-0.8262,-0.0001,0.3921,1.7926,241
01658500,ifs,6,-0.6751,0.1167,0.1227,1.0903,210
01664000,ifs,6,0.0957,0.2997,0.4042,0.8976,241
01666500,ifs,6,0.3052,0.3914,0.5564,1.0574,226
01667500,ifs,6,0.1704,0.5014,0.5355,1.1062,219
01669000,ifs,6,0.1250,0.5131,0.5268,1.0680,216
01669520,ifs,6,-3.3993,-0.4706,0.5540,1.8203,239
02011400,ifs,6,0.1142,0.4988,0.5221,1.1210,241
02011460,ifs,6,0.1281,0.3560,0.4547,0.8185,241
02013000,ifs,6,0.1532,0.2894,0.4245,1.0541,241
02014000,ifs,6,-0.0214,0.4129,0.4262,0.9867,241
02015700,ifs,6,0.0659,0.4984,0.5035,1.0324,223
02016000,ifs,6,0.2597,0.5483,0.5869,0.8774,241
02017500,ifs,6,0.2131,0.6166,0.6203,1.0416,239
02018000,ifs,6,0.5265,0.6831,0.7323,0.9899,234
02027000,ifs,6,0.4467,0.6420,0.7452,0.7494,221
02027500,ifs,6,0.5395,0.5337,0.8162,0.6217,224
02028500,ifs,6,0.3548,0.4863,0.6215,0.8405,216
02038850,ifs,6,-0.1649,0.0637,0.1898,0.7723,239
02046000,ifs,6,0.2226,0.3876,0.5792,1.3955,231
02051000,ifs,6,-0.1592,-0.0213,0.1104,0.8521,241
02051500,ifs,6,0.0732,0.4526,0.4905,1.1658,239
02053200,ifs,6,-0.6524,0.1336,0.4960,1.6111,210
02053800,ifs,6,0.1850,0.2295,0.4590,0.8427,222
02055100,ifs,6,0.3642,0.4777,0.6103,1.0712,239
02056900,ifs,6,0.1663,0.4261,0.5014,0.8655,216
02059500,ifs,6,0.1587,0.4123,0.5298,0.7545,210
02064000,ifs,6,0.0569,0.0993,0.3598,0.6694,229
02065500,ifs,6,0.2553,0.3560,0.6526,0.6122,239
02069700,ifs,6,-0.1125,0.2433,0.3140,1.1578,214
02070000,ifs,6,-0.1897,0.1466,0.2203,1.1385,239
02074500,ifs,6,-0.1039,0.2198,0.2797,1.0499,241
02077200,ifs,6,0.0757,0.4714,0.4851,1.0296,236
02081500,ifs,6,-0.1937,0.0517,0.1766,1.2985,241
02082950,ifs,6,-1.1676,-0.0194,0.5081,1.6348,241
02092500,ifs,6,-23.2690,-3.2418,0.0641,2.7628,241
02096846,ifs,6,-0.6477,-0.0121,0.1039,1.4598,241
02102908,ifs,6,0.0306,0.3820,0.4196,0.9442,241
02108000,ifs,6,0.1460,0.5692,0.6289,1.1928,241
02111180,ifs,6,-0.0875,-0.1352,0.0618,0.9608,241
02111500,ifs,6,-0.1857,0.1011,0.1854,0.9112,239
02118500,ifs,6,0.0887,0.4126,0.4521,0.9758,241
02128000,ifs,6,0.0883,-0.3204,0.6464,2.2716,241
02137727,ifs,6,-0.1534,0.1216,0.2018,0.9526,241
02140991,ifs,6,-0.1794,0.0477,0.1467,1.0730,241
02143000,ifs,6,-0.5041,0.3496,0.3828,1.1931,241
02143040,ifs,6,-0.7963,0.2421,0.2768,0.8807,239
02149000,ifs,6,-0.0293,0.0183,0.1905,0.9736,241
02152100,ifs,6,-0.4699,0.0953,0.1162,0.9675,241
02177000,ifs,6,-0.0543,0.1462,0.2543,1.0510,239
02178400,ifs,6,0.1433,0.4490,0.4959,0.9393,239
02193340,ifs,6,-4.5190,-0.6271,0.1847,1.5576,241
02196000,ifs,6,-0.0739,-0.2106,0.1093,0.5070,241
02198100,ifs,6,0.2180,0.1896,0.5017,1.2809,240
02202600,ifs,6,-1.4038,-0.2037,0.2006,1.8781,241
02212600,ifs,6,-0.0438,0.2296,0.3044,1.0534,239
02215100,ifs,6,-0.0392,-0.0448,0.1864,0.7118,241
02216180,ifs,6,-0.0769,-0.4618,-0.0840,0.4801,239
02221525,ifs,6,-0.1595,0.2375,0.2846,1.1182,239
02231000,ifs,6,-0.6723,0.1634,0.4404,1.5355,241
02231342,ifs,6,-1.0760,0.0236,0.5322,1.6390,241
02235200,ifs,6,-0.6606,0.3333,0.4660,1.2452,240
02245500,ifs,6,-0.8058,0.2591,0.5282,1.0818,241
02246000,ifs,6,-0.0970,0.4250,0.4818,0.7508,239
02296500,ifs,6,0.5156,0.1000,0.8104,1.8767,230
02297155,ifs,6,0.0024,-0.1877,0.5714,0.2601,240
02297310,ifs,6,0.4688,0.5397,0.7051,0.7446,231
02298123,ifs,6,0.4128,0.2949,0.7219,0.5545,241
02298608,ifs,6,0.2290,0.5569,0.6331,1.2483,241
02299950,ifs,6,-0.0930,0.2532,0.3524,0.7002,241
02300700,ifs,6,0.1704,0.0647,0.4832,0.5331,241
02310947,ifs,6,-0.2272,-1.0169,-0.2752,2.3252,241
02312200,ifs,6,-4.5692,-3.2254,-0.0038,5.0497,241
02314500,ifs,6,-0.3251,-0.5178,-0.2019,0.5432,241
02315500,ifs,6,-0.3265,-0.6841,-0.3041,0.4160,241
02324400,ifs,6,-0.2202,-1.0425,-0.5475,0.1095,241
02327100,ifs,6,-1.4816,-0.5052,0.6272,2.2662,239
02349900,ifs,6,0.0529,-0.0134,0.2444,0.9628,241
02350900,ifs,6,0.0456,0.3023,0.5808,0.6468,241
02361000,ifs,6,0.0999,0.2922,0.5261,0.6595,241
02363000,ifs,6,0.0731,-0.0837,0.6146,0.3513,239
02369800,ifs,6,0.0100,-0.2751,0.2726,0.4440,240
02371500,ifs,6,0.1393,0.0090,0.4806,0.7494,241
02372250,ifs,6,0.1888,0.0849,0.5155,0.7946,239
02374500,ifs,6,0.0916,0.0350,0.3613,0.7327,241
02381600,ifs,6,-0.2360,0.0308,0.1123,1.0009,241
02384540,ifs,6,-0.5495,0.0543,0.1015,0.7737,241
02395120,ifs,6,-0.8216,0.1791,0.1871,0.9779,241
02408540,ifs,6,-0.4761,0.3184,0.3243,0.9764,241
02415000,ifs,6,-0.1507,0.3419,0.3538,0.9725,231
02422500,ifs,6,-0.8866,0.2435,0.3446,1.2081,224
02427250,ifs,6,0.0198,0.1536,0.2922,1.0942,241
02430085,ifs,6,-0.4212,0.0873,0.1269,1.1509,241
02450250,ifs,6,0.0851,0.2287,0.3599,1.0225,241
02464000,ifs,6,0.0438,0.3329,0.3946,0.9327,241
02465493,ifs,6,0.0810,0.4914,0.5088,1.1007,238
02469800,ifs,6,0.1758,0.1449,0.5111,0.5541,239
02472000,ifs,6,0.6323,0.5507,0.8148,0.7101,241
02472500,ifs,6,0.0155,0.3244,0.4470,0.6581,241
02479155,ifs,6,0.1118,-0.0962,0.4351,0.5123,241
02479300,ifs,6,0.0295,-0.2415,0.2911,0.3881,241
02481000,ifs,6,0.0058,-0.3681,0.3812,0.1678,241
02481510,ifs,6,0.0375,-0.2368,0.4970,0.2727,241
03010655,ifs,6,0.4039,0.4280,0.7191,0.6613,212
03011800,ifs,6,0.2216,0.3604,0.5546,0.7391,241
03015500,ifs,6,0.3347,0.6424,0.6569,0.9092,241
03021350,ifs,6,0.1203,0.5308,0.5582,0.8433,239
03026500,ifs,6,0.3106,0.4056,0.5936,0.7796,241
03028000,ifs,6,0.3319,0.4917,0.6949,0.6792,241
03049800,ifs,6,-0.0092,-0.0120,0.2626,0.6344,239
03050000,ifs,6,0.0242,0.3607,0.4083,0.8996,239
03066000,ifs,6,0.2144,0.3943,0.5277,0.7725,241
03069500,ifs,6,0.1252,0.3256,0.4643,0.7385,239
03070500,ifs,6,-0.3599,0.4099,0.5119,1.1717,239
03076600,ifs,6,0.0020,0.1732,0.3593,0.6674,241
03078000,ifs,6,-0.0775,0.0781,0.2490,0.6955,241
03140000,ifs,6,0.1056,0.1766,0.3548,0.9239,239
03144000,ifs,6,-0.2481,0.2366,0.2614,0.9236,241
03159540,ifs,6,0.1322,0.3852,0.4644,0.8432,241
03161000,ifs,6,-0.0466,0.1220,0.2725,0.8544,241
03164000,ifs,6,0.2215,0.5637,0.6088,0.8498,241
03165000,ifs,6,0.0223,0.0357,0.2668,0.8496,224
03170000,ifs,6,0.2112,0.3172,0.5002,0.8519,241
03173000,ifs,6,0.1976,0.5330,0.5651,0.8635,239
03180500,ifs,6,0.1857,0.3579,0.4815,0.8217,225
03182500,ifs,6,0.1347,0.4741,0.5019,0.9399,239
03186500,ifs,6,-0.1338,0.4313,0.4314,1.0118,239
03187500,ifs,6,-0.2898,0.4416,0.4778,1.0098,238
03213700,ifs,6,0.1671,0.5740,0.5810,1.0752,241
03237280,ifs,6,-0.0338,0.1734,0.3102,0.7117,241
03237500,ifs,6,0.1352,0.5451,0.5484,1.0310,239
03241500,ifs,6,0.1002,0.1432,0.3824,0.6685,228
03280700,ifs,6,-0.3412,0.3118,0.3545,0.7620,213
03281100,ifs,6,-0.3705,0.3461,0.3796,0.8117,239
03281500,ifs,6,-0.2559,0.4413,0.4977,0.8590,228
03285000,ifs,6,-0.4413,0.0756,0.3276,1.6343,238
03291780,ifs,6,-0.0160,0.0765,0.2358,0.8622,241
03300400,ifs,6,0.0613,0.1806,0.3259,0.9491,241
03340800,ifs,6,-1.2869,0.1217,0.1999,1.0932,193
03346000,ifs,6,-0.2883,0.2127,0.2694,0.7432,241
03364500,ifs,6,-0.0643,0.0255,0.2309,0.6175,241
03366500,ifs,6,0.1533,0.1778,0.4140,0.7162,241
03368000,ifs,6,-0.0510,0.0684,0.2326,0.7302,241
03384450,ifs,6,-0.0325,-0.3527,0.0475,0.4748,241
03439000,ifs,6,-0.2250,-0.1810,0.0600,0.6668,239
03450000,ifs,6,-0.0511,-0.1551,0.1135,0.8182,241
03455500,ifs,6,-0.4314,0.0584,0.1813,0.6666,239
03456500,ifs,6,-0.3095,-0.0181,0.0874,0.8030,239
03460000,ifs,6,-0.3685,0.3468,0.5436,0.6233,241
03463300,ifs,6,-0.1514,0.2494,0.2916,0.9127,241
03471500,ifs,6,0.3972,0.6248,0.7688,0.7212,239
03473000,ifs,6,0.1205,0.4875,0.5963,0.7226,241
03479000,ifs,6,-0.2230,0.2154,0.2589,0.8849,239
03488000,ifs,6,0.3274,0.3872,0.6315,0.7103,241
03498500,ifs,6,-0.1150,0.3239,0.3892,0.7786,241
03500000,ifs,6,-0.0061,0.5449,0.5849,0.8196,239
03504000,ifs,6,-0.4198,0.3570,0.3747,0.8504,239
03574500,ifs,6,-0.0533,0.1512,0.3038,0.6729,241
03604000,ifs,6,-0.1722,-0.2231,-0.0226,0.7971,239
04015330,ifs,6,0.2390,0.2422,0.5021,0.6625,200
04024430,ifs,6,0.5126,0.5760,0.7373,0.7320,241
04027000,ifs,6,0.4592,0.4418,0.7012,0.7241,241
04040500,ifs,6,0.8244,0.7789,0.9131,0.8871,241
04043050,ifs,6,0.7867,0.8381,0.8892,0.9129,182
04045500,ifs,6,0.8807,0.7964,0.9527,0.8081,237
04056500,ifs,6,0.5386,0.4515,0.8168,0.7161,231
04057510,ifs,6,0.8675,0.7070,0.9586,0.7918,161
04057800,ifs,6,0.7808,0.6269,0.9060,0.7235,241
04059500,ifs,6,0.8425,0.7880,0.9264,0.9887,241
04063700,ifs,6,0.7330,0.4958,0.9286,0.6335,241
04074950,ifs,6,0.6241,0.5357,0.8928,0.7539,241
04105700,ifs,6,0.5336,0.5677,0.7516,0.9237,241
04115265,ifs,6,0.5395,0.4947,0.7646,0.9734,241
04122200,ifs,6,0.6034,0.5710,0.8109,0.8703,241
04122500,ifs,6,0.7524,0.7354,0.8842,0.9219,239
04124000,ifs,6,0.7527,0.6844,0.8862,1.0006,241
04127997,ifs,6,0.3412,0.3424,0.6235,0.9084,204
04185000,ifs,6,0.5069,0.6231,0.7183,0.8827,218
04196800,ifs,6,0.2816,0.3684,0.5403,0.8154,241
04197100,ifs,6,0.1198,0.3298,0.4215,1.0161,241
04197170,ifs,6,-0.1523,0.0300,0.1590,0.7709,241
04213000,ifs,6,-0.3726,0.4089,0.4833,1.1303,239
04213075,ifs,6,-0.0520,0.2401,0.3124,0.8995,237
04216418,ifs,6,0.1271,0.5603,0.5819,1.1319,241
04221000,ifs,6,0.1125,0.1775,0.5413,0.5424,241
04224775,ifs,6,0.2191,0.2186,0.5575,0.6028,239
04256000,ifs,6,0.6126,0.7493,0.8212,1.1720,239
04296000,ifs,6,0.3352,0.5619,0.6189,0.8891,241
05057000,ifs,6,-0.9892,0.0753,0.5701,0.5088,163
05057200,ifs,6,0.2760,0.6176,0.6317,1.0965,240
05062500,ifs,6,0.5303,0.6548,0.7316,0.9507,202
05087500,ifs,6,0.3437,0.5439,0.6086,1.0465,241
05120500,ifs,6,-10.0175,-1.4825,-0.0403,3.1936,210
05123400,ifs,6,-0.3950,-0.6564,-0.0244,0.1567,240
05129115,ifs,6,-0.8203,-0.8897,-0.2533,0.0000,241
05131500,ifs,6,0.0965,0.0526,0.4897,0.4849,145
05291000,ifs,6,-0.6356,0.3129,0.4024,0.8066,241
05362000,ifs,6,0.4739,0.6858,0.7311,0.8445,240
05393500,ifs,6,0.4031,0.5881,0.6613,0.8488,241
05399500,ifs,6,-0.0667,0.4524,0.4538,1.0305,239
05408000,ifs,6,0.1304,0.1282,0.4128,0.8333,240
05412500,ifs,6,0.0503,0.2501,0.4517,0.6803,241
05413500,ifs,6,-0.0360,0.3472,0.4844,0.7661,211
05414000,ifs,6,-0.0434,0.1577,0.6353,0.5998,207
05444000,ifs,6,-0.1369,0.1980,0.3438,0.6507,239
05454000,ifs,6,-0.0248,0.2473,0.4030,0.6334,241
05458000,ifs,6,-0.1348,0.0171,0.1683,0.7482,241
05466500,ifs,6,0.0643,0.1461,0.3333,0.7845,239
05487980,ifs,6,-0.1079,0.1546,0.2503,0.8089,239
05488200,ifs,6,0.1030,0.1408,0.3902,0.5770,239
05489000,ifs,6,-0.1342,0.0028,0.1864,0.6028,239
05495000,ifs,6,-1.2439,0.0063,0.2615,1.5430,239
05495500,ifs,6,-0.2068,0.0625,0.1861,0.6758,235
05501000,ifs,6,-0.4419,0.0730,0.1157,0.8191,239
05503800,ifs,6,-0.7735,0.2357,0.2671,1.1122,241
05507600,ifs,6,-1.1630,0.0930,0.3956,1.4092,241
05508805,ifs,6,-1.6609,-0.2811,0.5535,1.7669,239
05514500,ifs,6,0.3033,0.3794,0.5544,0.8596,239
05525500,ifs,6,0.0604,0.3441,0.4123,1.1270,239
05556500,ifs,6,0.0266,-0.0691,0.3713,0.4564,241
05584500,ifs,6,0.1424,0.2703,0.4525,0.6825,239
05585000,ifs,6,0.0799,0.3777,0.4814,0.7028,241
05591550,ifs,6,-0.3291,0.2185,0.2327,0.9952,239
05592050,ifs,6,-0.0278,0.3613,0.3907,0.9496,222
05592575,ifs,6,-0.1162,0.0849,0.2169,0.7288,239
05593575,ifs,6,0.0690,0.4197,0.4875,1.2506,241
05593900,ifs,6,-0.3839,0.0807,0.1270,0.8439,239
05595730,ifs,6,0.1192,0.4563,0.4881,1.0747,241
06037500,ifs,6,-2.0770,0.4325,0.8513,1.2835,241
06043500,ifs,6,0.2883,0.3354,0.9491,1.3314,241
06154410,ifs,6,0.0465,0.1202,0.3395,0.7114,241
06188000,ifs,6,0.8359,0.8721,0.9310,0.9806,241
06191500,ifs,6,0.7161,0.6682,0.9353,1.1113,241
06221400,ifs,6,0.8182,0.8388,0.9288,1.0672,241
06224000,ifs,6,0.7127,0.8468,0.8596,1.0609,241
06289000,ifs,6,0.3651,0.6270,0.6856,0.8558,241
06332515,ifs,6,-0.0341,0.4937,0.5188,1.1425,118
06339100,ifs,6,-29.5038,-4.0202,0.2664,2.7424,177
06339500,ifs,6,-0.3706,0.1660,0.4191,0.4135,171
06344600,ifs,6,-14.8335,-3.4995,0.3347,4.6557,180
06350000,ifs,6,-12.4650,-2.0615,0.2451,2.6449,241
06352000,ifs,6,-0.0163,-0.1028,0.5150,1.3444,240
06353000,ifs,6,-0.0008,-0.1130,0.5136,0.8149,239
06354000,ifs,6,0.3849,0.2990,0.8243,0.4918,176
06360500,ifs,6,0.1288,0.1454,0.5293,1.5391,142
06404000,ifs,6,-7.2620,-0.9582,-0.2083,1.6432,208
06406000,ifs,6,-164.0438,-3.7980,0.9000,5.7485,183
06408700,ifs,6,-1570.4136,-3.9744,0.2320,1.5088,241
06409000,ifs,6,-1.2655,0.6230,0.8848,1.2551,196
06431500,ifs,6,-1.2002,0.4199,0.4468,1.0933,230
06440200,ifs,6,-7.3078,-1.0225,0.1011,1.1454,163
06441500,ifs,6,-41.5298,-5.4699,0.0534,4.6246,180
06447000,ifs,6,-0.2687,-0.1340,0.0351,0.6274,143
06447500,ifs,6,-0.1064,-0.1625,0.2547,0.7089,241
06450500,ifs,6,-0.0341,-0.2023,0.0848,1.0646,211
06452000,ifs,6,-0.0422,-0.2511,0.0195,1.0441,178
06453600,ifs,6,-1.6843,-0.2210,0.0779,1.7717,238
06464500,ifs,6,-2.0432,-0.0280,0.1537,1.2284,178
06477500,ifs,6,-209.5817,-14.1568,0.1822,8.6230,240
06479215,ifs,6,-0.1813,-0.2314,0.0140,0.6127,241
06479438,ifs,6,-0.1440,-0.5270,0.0023,0.2343,241
06601000,ifs,6,-0.5692,-0.0522,-0.0075,0.8636,241
06614800,ifs,6,0.7793,0.6149,0.9380,1.3489,241
06622700,ifs,6,-0.3179,0.1443,0.7649,1.6251,241
06623800,ifs,6,0.8217,0.9084,0.9127,0.9783,241
06632400,ifs,6,-0.3086,0.3241,0.4673,1.3939,241
06784000,ifs,6,-1.1450,0.1216,0.2465,1.3532,241
06803510,ifs,6,-0.0612,-0.3559,-0.0233,0.5966,241
06803530,ifs,6,-0.1657,-0.1578,0.0182,0.8024,241
06814000,ifs,6,-0.1414,-0.3076,-0.0079,0.4849,241
06846500,ifs,6,-0.0095,-0.4713,-0.0570,1.3839,241
06847900,ifs,6,0.3452,0.3183,0.6143,1.4182,241
06853800,ifs,6,-0.2323,-0.4560,0.0121,1.6801,241
06876700,ifs,6,0.1193,0.0739,0.4265,0.4502,241
06878000,ifs,6,0.0461,-0.2483,0.3251,0.3594,241
06879650,ifs,6,0.0091,-0.2515,0.2169,0.4150,240
06885500,ifs,6,-0.8159,-0.0064,0.0665,0.6255,241
06888500,ifs,6,-0.0236,-0.3823,0.1018,0.3726,241
06889200,ifs,6,0.0020,-0.0035,0.2452,0.6159,241
06889500,ifs,6,0.0304,0.0073,0.2526,0.7055,241
06892000,ifs,6,-1.0461,0.1096,0.1351,0.8685,241
06903400,ifs,6,-0.0593,-0.2829,0.1536,0.2924,241
06906800,ifs,6,-0.0675,-0.0511,0.1852,0.5894,241
06910800,ifs,6,-0.1086,-0.2317,0.0580,0.5326,241
06911900,ifs,6,-0.2877,-0.1092,0.0446,0.6338,241
06917000,ifs,6,-0.0310,0.0817,0.2943,0.5716,241
06918460,ifs,6,0.0849,0.3267,0.4050,1.0243,241
06919500,ifs,6,-0.3343,0.1697,0.2772,0.6063,241
06921070,ifs,6,-0.2349,0.0133,0.1402,0.6895,241
06921200,ifs,6,-0.0555,-0.3004,0.1408,0.3358,241
06934000,ifs,6,-0.3397,0.2261,0.2921,0.7074,240
07014500,ifs,6,0.0345,-0.1567,0.2975,0.5979,241
07056000,ifs,6,0.1251,0.3395,0.4428,0.8223,241
07057500,ifs,6,-0.0392,0.1939,0.3085,0.8370,233
07060710,ifs,6,-0.0001,-0.3922,0.0305,1.0571,241
07066000,ifs,6,-0.0789,0.0964,0.2364,0.8171,241
07067000,ifs,6,-0.2189,0.1373,0.4202,0.5496,241
07068000,ifs,6,-0.1619,0.0857,0.2671,0.7583,240
07071500,ifs,6,-0.4211,0.1662,0.2797,0.7868,241
07083000,ifs,6,-1.6969,-0.4317,0.8781,1.8052,241
07142300,ifs,6,-8.2547,-5.0673,-0.0453,6.9097,241
07145700,ifs,6,-0.0307,-0.6045,-0.0203,0.1745,238
07148400,ifs,6,-0.5848,0.2496,0.7214,1.4535,241
07149000,ifs,6,0.1287,0.4740,0.6891,1.4229,241
07151500,ifs,6,-0.0191,-0.4369,0.0628,0.4075,241
07167500,ifs,6,-0.1277,-0.3840,0.0091,1.7094,241
07180500,ifs,6,-0.0942,-0.0584,0.1404,0.6954,241
07184000,ifs,6,-0.0858,-0.2911,0.0747,0.3937,239
07195800,ifs,6,-1.2600,0.1484,0.2454,0.9812,239
07196900,ifs,6,-0.1539,0.1160,0.1955,1.0100,240
07197000,ifs,6,0.3138,0.3766,0.5617,0.9365,241
07208500,ifs,6,0.1179,0.5325,0.7399,1.0661,241
07226500,ifs,6,-0.0195,-0.4852,0.0157,0.3188,239
07261000,ifs,6,0.2239,0.3349,0.5541,1.4258,239
07263295,ifs,6,-3.5237,-1.8751,0.0706,3.5891,239
07290650,ifs,6,-0.0599,0.3042,0.3835,0.7393,241
07291000,ifs,6,-0.5609,-0.0636,0.1243,0.4305,241
07292500,ifs,6,-0.1925,0.2771,0.3071,0.8731,241
07295000,ifs,6,-0.1092,0.0414,0.2056,0.6738,241
07299670,ifs,6,-0.2969,-0.3215,0.0121,1.7316,231
07301410,ifs,6,-0.2456,-0.1486,0.0262,0.7456,230
07301500,ifs,6,-0.1863,-0.5707,0.0445,1.7843,203
07315200,ifs,6,-1.1158,-0.1582,0.0940,1.7071,161
07315700,ifs,6,-4.3446,-1.2593,0.1004,2.7289,218
07335700,ifs,6,-0.0403,-0.2387,0.1801,0.4231,232
07340300,ifs,6,-0.3588,0.2391,0.2598,0.8501,241
07346045,ifs,6,-2.0220,-0.0583,0.1929,0.5809,241
07359610,ifs,6,-0.3439,-0.0230,0.1729,1.5262,241
07362100,ifs,6,-0.1506,0.0967,0.5938,1.8039,241
07362587,ifs,6,-0.2571,-0.4025,0.2638,2.1609,239
07373000,ifs,6,-0.6745,0.1103,0.1722,0.6747,237
07375000,ifs,6,0.0211,-0.1790,0.2808,0.4137,241
07376000,ifs,6,0.0345,0.2503,0.3960,0.6894,241
08013000,ifs,6,0.3925,0.4822,0.6479,0.7403,241
08014500,ifs,6,0.2622,0.2333,0.5718,0.6166,241
08023080,ifs,6,-4.6466,-1.2576,0.0382,2.6896,241
08025500,ifs,6,-6.4989,-0.9014,0.0548,1.3945,241
08029500,ifs,6,-1.4244,-0.0432,0.0125,1.2756,241
08050800,ifs,6,0.1228,-0.0329,0.4007,0.6740,240
08066200,ifs,6,-0.0530,-0.3197,0.0593,0.4318,241
08066300,ifs,6,-0.0691,-0.4857,-0.0029,0.2544,241
08070000,ifs,6,-2.9931,-0.3822,0.2925,1.6166,241
08070200,ifs,6,-0.8396,0.2316,0.2638,1.0369,241
08079600,ifs,6,-14.0128,-6.2358,0.3827,7.5567,196
08082700,ifs,6,-0.0317,-0.3091,0.0075,0.7533,227
08086212,ifs,6,-0.0587,-0.2488,0.0362,1.3338,241
08086290,ifs,6,-0.8274,-1.4209,0.0312,3.2172,241
08101000,ifs,6,-7.8325,-1.8655,0.5918,2.5663,241
08103900,ifs,6,0.1781,0.1263,0.4317,0.7426,241
08104900,ifs,6,-0.0383,-0.1425,0.1998,0.4669,241
08109700,ifs,6,-0.4665,0.0952,0.1402,1.2286,224
08150800,ifs,6,-0.0040,-0.4864,0.0309,0.3764,241
08155200,ifs,6,-0.7560,-0.8921,0.1362,2.6778,241
08158700,ifs,6,-5.1025,-7.9892,0.1233,9.8955,241
08158810,ifs,6,-0.1851,0.0224,0.1262,1.1005,241
08164000,ifs,6,-3.2229,-0.6554,0.1742,2.0721,241
08164300,ifs,6,-0.1235,0.0127,0.1401,0.9443,238
08164600,ifs,6,-35.3455,-7.5385,0.1021,7.9125,241
08165300,ifs,6,-0.0056,-0.4136,-0.0285,0.8302,241
08171300,ifs,6,-27.2936,-31.7013,-0.0037,33.5417,241
08175000,ifs,6,0.0866,-0.1105,0.3869,0.2650,241
08176900,ifs,6,-16.6911,-7.3892,0.5071,8.6865,241
08178880,ifs,6,-0.0442,-0.4347,0.0785,0.2748,241
08189500,ifs,6,-1.9092,-0.0808,0.3701,1.3703,241
08190000,ifs,6,-0.0238,-0.3190,0.0257,0.6749,241
08190500,ifs,6,0.7260,-0.0552,0.9499,2.0325,235
08194200,ifs,6,-0.0361,-0.3106,0.0918,0.3957,241
08195000,ifs,6,-0.0023,-0.3902,0.0779,0.4701,241
08196000,ifs,6,-0.0163,0.1190,0.3298,1.4591,229
08198500,ifs,6,-0.0056,-0.5344,0.0634,0.2467,241
08200000,ifs,6,-0.0247,-0.2961,0.1264,0.3819,241
08202700,ifs,6,-0.0135,-0.6761,-0.0046,0.0513,240
08267500,ifs,6,-21.8661,-2.2733,0.6929,2.6280,241
08269000,ifs,6,-3.2599,-0.3302,0.7181,1.6915,241
08271000,ifs,6,-44.1227,-4.1718,0.7681,2.4478,241
08324000,ifs,6,0.1507,0.5870,0.7089,1.1450,241
08377900,ifs,6,-3.6128,-0.4182,0.4975,1.3482,241
08378500,ifs,6,-5.1602,-0.8541,0.6074,1.2906,233
08380500,ifs,6,-2.4529,-0.1073,0.5070,1.6899,241
09034900,ifs,6,0.1724,0.2241,0.8807,1.5723,237
09035900,ifs,6,0.5612,0.7468,0.8290,1.0926,207
09047700,ifs,6,-4.4527,-0.9327,0.8882,1.4179,239
09065500,ifs,6,0.7290,0.6514,0.9401,1.1365,241
09066000,ifs,6,-0.9104,0.1730,0.5929,1.1655,241
09066200,ifs,6,0.7062,0.6347,0.9278,1.2240,241
09066300,ifs,6,-0.3776,-0.0157,0.8044,1.8006,241
09081600,ifs,6,0.1379,0.6038,0.6263,1.0189,241
09107000,ifs,6,-1.0963,0.0214,0.7058,1.2634,240
09210500,ifs,6,-1.3709,0.0976,0.7392,1.5398,214
09223000,ifs,6,-2.6741,-0.5403,0.8823,1.9756,180
09306242,ifs,6,-381.4157,-4.1816,0.8970,6.0621,239
09312600,ifs,6,-2.1099,-0.6133,0.4853,2.3886,241
09352900,ifs,6,-0.6124,0.2949,0.5692,1.3057,211
09378170,ifs,6,0.2549,0.2664,0.5407,1.3182,241
09378630,ifs,6,,,,,241
09386900,ifs,6,-4.1529,-1.0964,0.7334,1.9858,241
09404450,ifs,6,0.6679,0.7352,0.8352,0.9135,241
09430500,ifs,6,-1.1260,0.0939,0.5187,0.2586,241
09430600,ifs,6,0.0928,0.0139,0.6132,0.2697,241
09447800,ifs,6,-2.2252,-0.6385,0.0363,2.0349,241
09480000,ifs,6,-0.4741,-3.3478,0.0225,5.2155,241
09484000,ifs,6,-0.9882,-0.9193,0.1692,2.7285,216
09484600,ifs,6,-0.5736,-1.1373,0.1088,2.9307,240
09492400,ifs,6,-1.1865,0.1137,0.7572,1.6813,240
09494000,ifs,6,0.0748,0.5425,0.5441,1.0366,241
09497800,ifs,6,-0.1099,-0.6235,-0.2517,1.5139,241
09497980,ifs,6,-0.3261,0.1042,0.1464,0.9402,210
09505200,ifs,6,0.6020,0.6953,0.7785,1.1090,241
09505350,ifs,6,0.6145,0.4731,0.7931,1.4661,241
09505800,ifs,6,0.6274,0.7745,0.8239,1.1351,241
09508300,ifs,6,-0.6719,0.2213,0.2422,0.8482,241
09510200,ifs,6,-2.3883,-1.0896,0.1017,2.7937,222
09512280,ifs,6,-0.2447,-0.9469,0.1040,2.6727,241
09513780,ifs,6,-25.7140,-8.2956,-0.0164,9.5463,240
10023000,ifs,6,-14.5378,-0.6399,0.0859,2.2237,241
10166430,ifs,6,-13263.0416,-90.4166,0.5634,72.8182,241
10172700,ifs,6,-29.5169,-0.2579,0.6206,2.0114,241
10172800,ifs,6,-9.7271,-0.8855,0.8097,2.3616,241
10173450,ifs,6,-0.3752,0.3971,0.4191,0.9947,241
10205030,ifs,6,-190.3822,-9.8751,-0.0162,2.3371,241
10234500,ifs,6,-0.0992,-0.2735,-0.0315,0.8626,237
10242000,ifs,6,-29.1562,-3.7087,0.4143,4.5001,241
10244950,ifs,6,-37.0171,-1.5576,0.7121,1.5597,241
10249300,ifs,6,-44.4852,-4.5771,0.5163,4.3306,240
10258000,ifs,6,,,,,69
10258500,ifs,6,-0.5131,0.2405,0.2443,0.9246,241
10259000,ifs,6,0.6835,0.7387,0.8366,1.0854,241
10259200,ifs,6,-11.0886,-5.6125,0.6662,6.9656,241
10263500,ifs,6,-0.3717,0.1628,0.8241,1.2489,241
10310500,ifs,6,-1.3728,0.2147,0.8908,1.7527,241
10316500,ifs,6,-0.3317,0.3324,0.6795,1.2400,241
10329500,ifs,6,0.3769,0.4912,0.8835,1.1938,241
10336645,ifs,6,0.4829,0.6429,0.7073,1.0945,227
10336660,ifs,6,0.4850,0.6782,0.7115,1.0035,241
10343500,ifs,6,0.6009,0.4685,0.8731,0.7796,241
10348850,ifs,6,-2.2543,0.0045,0.8130,1.7153,241
10396000,ifs,6,0.1192,0.5631,0.7435,1.2098,241
11098000,ifs,6,-0.0325,0.3737,0.6630,1.4244,241
11124500,ifs,6,-2.8748,-1.0291,0.9062,2.4396,241
11141280,ifs,6,0.4866,0.5080,0.7050,1.0924,241
11143000,ifs,6,0.6514,0.7052,0.8161,1.1869,241
11148900,ifs,6,0.4650,0.1731,0.8237,0.4843,241
11151300,ifs,6,0.5008,0.3315,0.9035,0.9332,241
11162500,ifs,6,0.4464,0.3290,0.7281,0.6641,241
11176400,ifs,6,0.0410,-0.1583,0.2564,0.4510,144
11180500,ifs,6,-0.8962,-0.5747,0.5680,2.3734,241
11180960,ifs,6,-1.3854,-0.6521,0.3246,2.4398,241
11224500,ifs,6,-0.0234,-0.6630,-0.0126,0.1137,241
11253310,ifs,6,-0.0067,-0.4002,0.1721,0.3344,241
11264500,ifs,6,-0.5747,0.2193,0.2204,0.9585,241
11266500,ifs,6,-0.4550,0.3212,0.3309,1.0851,241
11274500,ifs,6,0.0207,0.0929,0.2817,0.7231,241
11274630,ifs,6,-0.0846,0.1120,0.2256,0.8514,241
11284400,ifs,6,0.0459,-0.2286,0.3019,0.2621,241
11299600,ifs,6,0.2833,0.2363,0.5422,0.7187,238
11381500,ifs,6,0.5380,0.4049,0.8451,0.9913,241
11383500,ifs,6,0.5672,0.4930,0.7975,1.0532,241
11451100,ifs,6,0.6120,0.7688,0.7955,1.0801,106
11468500,ifs,6,0.3927,0.2774,0.7552,0.8555,241
11473900,ifs,6,0.5151,0.3733,0.8447,0.9051,241
11475560,ifs,6,0.7359,0.5917,0.9109,0.9471,241
11476600,ifs,6,0.9219,0.7963,0.9640,1.2003,240
11478500,ifs,6,0.8117,0.5945,0.9091,1.3632,241
11480390,ifs,6,0.4976,0.3872,0.7968,0.9253,241
11481200,ifs,6,0.8018,0.7351,0.8999,1.1903,241
11482500,ifs,6,0.8321,0.5922,0.9335,1.3943,241
11522500,ifs,6,0.3110,0.4248,0.7116,1.4976,241
11523200,ifs,6,-0.3071,0.1358,0.6860,1.7320,241
11528700,ifs,6,0.5713,0.5043,0.7916,1.0958,241
11532500,ifs,6,0.8532,0.7783,0.9330,1.0865,241
12010000,ifs,6,0.6100,0.5666,0.8113,0.7273,241
12013500,ifs,6,0.6363,0.7959,0.8158,0.9148,241
12020000,ifs,6,0.5385,0.4041,0.7979,0.6082,241
12025000,ifs,6,0.6433,0.7974,0.8398,1.0937,241
12025700,ifs,6,0.6775,0.7408,0.8300,0.8632,241
12035000,ifs,6,0.7445,0.8419,0.8781,0.9003,241
12040500,ifs,6,0.5692,0.7674,0.8024,0.8939,241
12041200,ifs,6,0.3736,0.5910,0.8194,0.8867,241
12043000,ifs,6,0.6395,0.7515,0.8211,0.8358,241
12048000,ifs,6,0.4440,0.6180,0.8801,1.2534,241
12054000,ifs,6,0.2848,0.5108,0.8277,1.3297,241
12056500,ifs,6,0.2492,0.6070,0.7439,0.9413,241
12073500,ifs,6,0.5352,0.7054,0.7497,1.0649,240
12082500,ifs,6,0.3877,0.3459,0.6603,0.9864,235
12092000,ifs,6,0.1189,0.1754,0.3669,0.9591,241
12095000,ifs,6,0.5897,0.5533,0.7899,0.8542,241
12114500,ifs,6,0.4750,0.4107,0.7396,1.0229,241
12115000,ifs,6,0.4509,0.4029,0.7108,0.9984,241
12115500,ifs,6,0.3738,0.3788,0.6249,0.8648,241
12117000,ifs,6,0.5734,0.5639,0.7707,0.9739,241
12141300,ifs,6,0.3301,0.3708,0.5799,1.1035,241
12143600,ifs,6,0.3912,0.4054,0.6411,1.1920,238
12144000,ifs,6,0.5139,0.5328,0.7240,1.0106,240
12145500,ifs,6,0.6717,0.6849,0.8262,0.8522,241
12147600,ifs,6,0.4358,0.5561,0.6621,0.9946,241
12167000,ifs,6,0.6310,0.7159,0.8173,1.2093,241
12175500,ifs,6,0.1792,0.6149,0.6767,1.1251,241
12186000,ifs,6,0.5518,0.6411,0.7554,1.1491,238
12189500,ifs,6,0.6719,0.7057,0.8587,1.2370,240
12358500,ifs,6,0.6098,0.7972,0.8281,1.0408,241
12377150,ifs,6,0.5404,0.7683,0.7692,0.9795,241
12381400,ifs,6,0.3485,0.5036,0.8617,1.2233,208
12390700,ifs,6,0.4119,0.6220,0.6922,1.1735,241
12411000,ifs,6,0.7412,0.7308,0.8755,1.1825,230
12414500,ifs,6,0.6469,0.6651,0.8183,0.8943,241
12447390,ifs,6,-0.2002,-0.2404,0.2234,0.3600,241
12451000,ifs,6,0.5110,0.6879,0.8235,1.2191,241
12488500,ifs,6,0.5724,0.7144,0.7869,1.1564,241
13011500,ifs,6,0.7280,0.6216,0.9367,1.2842,241
13011900,ifs,6,0.7987,0.8128,0.9267,0.9619,241
13018300,ifs,6,-0.4312,-0.0029,0.9335,1.4751,241
13023000,ifs,6,0.5380,0.7661,0.8081,0.9100,199
13161500,ifs,6,0.6496,0.6672,0.8366,0.7852,241
13235000,ifs,6,0.5940,0.6576,0.7882,0.8862,239
13240000,ifs,6,0.7660,0.8622,0.8773,1.0070,162
13310700,ifs,6,0.5880,0.5006,0.9003,0.6714,241
13313000,ifs,6,0.6942,0.4839,0.9577,0.6429,241
13331500,ifs,6,0.5147,0.5463,0.9047,1.2189,241
13337000,ifs,6,0.6610,0.6754,0.8498,0.8125,241
13338500,ifs,6,0.7930,0.8797,0.8989,1.0650,241
13340000,ifs,6,0.4893,0.6091,0.7561,0.7803,241
13340600,ifs,6,0.5631,0.5840,0.8717,0.6908,241
14020000,ifs,6,0.3494,0.2255,0.7338,0.6632,241
14092750,ifs,6,0.7582,0.8423,0.8779,0.9290,241
14096850,ifs,6,-1.6919,0.1899,0.7394,0.4728,241
14137000,ifs,6,0.7560,0.6491,0.9015,1.0343,236
14138800,ifs,6,0.6375,0.6236,0.8094,0.9573,241
14138870,ifs,6,0.6904,0.6746,0.8404,0.8729,241
14138900,ifs,6,0.3868,0.4246,0.6258,0.9334,241
14139800,ifs,6,0.7171,0.6819,0.8574,0.8698,239
14141500,ifs,6,0.7407,0.7312,0.8663,0.9241,241
14154500,ifs,6,0.6589,0.6478,0.8212,1.0279,241
14158500,ifs,6,0.7676,0.6901,0.9167,1.0811,226
14158790,ifs,6,0.6175,0.6061,0.7974,1.0386,237
14166500,ifs,6,0.3858,0.3813,0.6359,0.8907,241
14182500,ifs,6,0.7048,0.5930,0.8709,0.7855,241
14185000,ifs,6,0.6814,0.6864,0.8310,0.9909,241
14185900,ifs,6,0.6795,0.6825,0.8301,0.9481,238
14187000,ifs,6,0.5404,0.6000,0.7361,1.0160,239
14216500,ifs,6,0.8499,0.8709,0.9230,1.0433,238
14222500,ifs,6,0.7121,0.6533,0.8632,1.0193,241
14236200,ifs,6,0.6786,0.6387,0.8398,0.8489,240
14301000,ifs,6,0.7617,0.8341,0.8732,0.9717,240
14303200,ifs,6,0.6886,0.5517,0.8911,0.9549,241
14305500,ifs,6,0.7296,0.6935,0.8655,0.9601,239
14306340,ifs,6,0.4704,0.4082,0.7272,0.7646,241
14306500,ifs,6,0.6288,0.5942,0.8115,0.9030,241
14308990,ifs,6,0.5285,0.4124,0.8143,0.9044,241
14309500,ifs,6,0.5200,0.5259,0.7287,0.8726,241
14316700,ifs,6,0.6075,0.5528,0.8073,1.0292,241
14325000,ifs,6,0.6396,0.7627,0.8042,0.9340,241
14362250,ifs,6,0.4078,0.1848,0.8751,0.5209,148
14400000,ifs,6,0.7835,0.7348,0.8905,0.8252,241
01013500,ifs,7,0.8836,0.8112,0.9497,0.8600,241
01022500,ifs,7,0.5866,0.7598,0.7961,1.1265,241
01030500,ifs,7,0.7448,0.7707,0.9096,1.1075,241
01031500,ifs,7,-0.1470,0.4723,0.5985,1.1688,239
01047000,ifs,7,-0.3249,0.4301,0.5078,1.1082,241
01052500,ifs,7,0.2209,0.3271,0.4996,0.7781,241
01054200,ifs,7,0.1163,0.0801,0.4169,0.5351,241
01055000,ifs,7,0.0118,0.4443,0.4543,1.0028,241
01057000,ifs,7,0.4999,0.6882,0.7209,0.9864,241
01073000,ifs,7,0.6890,0.8212,0.8495,1.0948,241
01078000,ifs,7,0.2156,0.3669,0.5243,0.7482,239
01118300,ifs,7,0.0978,0.4410,0.4838,0.8643,239
01121000,ifs,7,0.6245,0.7085,0.8127,1.2102,239
01123000,ifs,7,0.7549,0.8158,0.8695,0.9567,241
01134500,ifs,7,0.5019,0.7001,0.7282,0.9371,239
01137500,ifs,7,0.2823,0.4435,0.5716,0.8015,241
01139000,ifs,7,0.2445,0.6159,0.6183,0.9585,237
01139800,ifs,7,0.6940,0.8202,0.8413,1.0599,241
01142500,ifs,7,0.5280,0.6824,0.7425,0.8898,239
01144000,ifs,7,0.6077,0.7962,0.8060,0.9374,241
01169000,ifs,7,0.3836,0.5968,0.6491,1.1032,239
01170100,ifs,7,0.4904,0.7002,0.7207,0.9954,240
01181000,ifs,7,0.7135,0.7685,0.8465,1.0877,239
01187300,ifs,7,0.5288,0.5337,0.7366,1.1146,241
01195100,ifs,7,0.3100,0.3571,0.5675,0.8612,241
01333000,ifs,7,0.5022,0.5810,0.7132,0.8956,239
01350000,ifs,7,0.1053,0.1046,0.3479,0.7691,238
01350080,ifs,7,0.6552,0.6036,0.8312,0.7752,241
01350140,ifs,7,0.6636,0.6645,0.8389,0.7286,191
01365000,ifs,7,0.2999,0.3680,0.5562,0.8621,239
01411300,ifs,7,-0.1567,0.0671,0.2053,1.2461,232
01413500,ifs,7,0.3845,0.4033,0.6436,0.7987,239
01414500,ifs,7,0.0822,0.0805,0.3791,0.6208,239
01415000,ifs,7,0.3285,0.2768,0.6834,0.6140,196
01423000,ifs,7,0.4234,0.4246,0.6997,0.7311,241
01434025,ifs,7,0.1354,0.4644,0.5478,0.7283,241
01435000,ifs,7,0.2620,0.3213,0.5172,0.8795,240
01439500,ifs,7,0.4844,0.5451,0.7326,0.8008,239
01440000,ifs,7,0.4587,0.5259,0.6834,0.9057,241
01440400,ifs,7,0.5778,0.6560,0.7619,0.9429,215
01451800,ifs,7,0.1096,0.3979,0.4550,1.0894,239
01466500,ifs,7,-4.1289,-0.9527,0.7701,1.0181,239
01484100,ifs,7,-0.6860,0.2938,0.4577,1.3375,241
01485500,ifs,7,-5.8831,-1.0355,0.2836,2.1619,236
01486000,ifs,7,-7.7694,-1.1750,0.1760,1.9146,241
01487000,ifs,7,-0.1012,0.4968,0.6433,1.0780,241
01491000,ifs,7,0.4200,0.5716,0.6546,0.9924,241
01510000,ifs,7,0.6348,0.7119,0.7974,0.9511,241
01516500,ifs,7,0.2204,0.1384,0.5719,0.5758,241
01518862,ifs,7,0.3396,0.2851,0.6890,0.6110,241
01532000,ifs,7,0.3880,0.6397,0.6659,0.9209,239
01539000,ifs,7,-0.4088,0.4039,0.4558,0.9579,225
01542810,ifs,7,0.4693,0.5884,0.7009,0.8248,239
01543000,ifs,7,0.3746,0.6427,0.6971,0.8114,241
01543500,ifs,7,0.3717,0.5265,0.6651,0.7613,239
01544500,ifs,7,0.4237,0.3906,0.7857,0.6152,241
01545600,ifs,7,0.4191,0.3281,0.7978,0.6122,241
01547700,ifs,7,-0.0194,-0.0136,0.1977,0.7887,241
01548500,ifs,7,0.2975,0.2451,0.7320,0.5678,239
01549500,ifs,7,0.4862,0.4350,0.7780,0.6739,239
01550000,ifs,7,0.3852,0.3715,0.7106,0.6651,239
01552000,ifs,7,0.3640,0.4642,0.6432,0.7779,241
01552500,ifs,7,0.2030,0.5695,0.5934,0.8657,241
01557500,ifs,7,-0.0752,0.2613,0.3144,0.9534,241
01567500,ifs,7,-0.2354,0.1154,0.1748,1.0615,241
01568000,ifs,7,0.0485,0.3658,0.4276,1.1488,241
01580000,ifs,7,-0.0929,0.3396,0.3642,0.9404,237
01583500,ifs,7,-0.0420,0.2470,0.3344,0.8545,241
01586610,ifs,7,-0.1111,0.2783,0.3431,0.8115,207
01591400,ifs,7,-1.3568,0.1381,0.3089,1.0537,241
01596500,ifs,7,-0.0740,0.0481,0.2153,0.7427,239
01605500,ifs,7,-2.5742,-0.1923,0.3404,1.2527,239
01606500,ifs,7,-0.3443,0.3361,0.3608,0.8242,214
01613050,ifs,7,-0.3307,0.2002,0.2254,1.1146,241
01620500,ifs,7,0.0864,0.2470,0.4823,0.5455,239
01632000,ifs,7,-0.4086,0.2870,0.2872,0.9900,239
01632900,ifs,7,-1.8314,0.0169,0.3130,1.0586,239
01634500,ifs,7,-0.1318,0.2146,0.2684,0.9496,224
01638480,ifs,7,-2.3331,-0.3105,0.3176,1.9104,236
01639500,ifs,7,-0.1254,0.3275,0.3619,1.1533,241
01644000,ifs,7,-1.2978,-0.0830,0.3235,1.8134,241
01658500,ifs,7,-1.0972,0.1450,0.2858,1.3092,210
01664000,ifs,7,-0.0999,0.2997,0.3365,0.9176,241
01666500,ifs,7,-0.0839,0.3853,0.4046,1.1060,226
01667500,ifs,7,-0.2342,0.3246,0.3369,1.0970,219
01669000,ifs,7,0.3067,0.5494,0.5972,1.0602,216
01669520,ifs,7,-3.1159,-0.3727,0.5055,1.7870,239
02011400,ifs,7,-0.3811,0.3908,0.4995,1.2080,241
02011460,ifs,7,-0.0634,0.3949,0.4191,0.8632,241
02013000,ifs,7,-0.0687,0.4118,0.4360,1.1554,241
02014000,ifs,7,-0.4707,0.3770,0.4288,1.0833,241
02015700,ifs,7,0.0295,0.5382,0.5486,1.0710,223
02016000,ifs,7,-0.3878,0.4144,0.5334,0.9778,241
02017500,ifs,7,-0.4898,0.3173,0.6136,1.1900,239
02018000,ifs,7,0.0553,0.5538,0.6605,1.0949,234
02027000,ifs,7,-0.5275,0.3368,0.5637,0.8292,221
02027500,ifs,7,0.3995,0.5424,0.7357,0.6399,224
02028500,ifs,7,0.1319,0.5420,0.5606,0.8749,216
02038850,ifs,7,0.0028,0.4772,0.4920,0.8806,239
02046000,ifs,7,0.2040,0.3779,0.5627,1.3871,231
02051000,ifs,7,-0.1222,0.2826,0.3152,0.9999,241
02051500,ifs,7,0.0446,0.3132,0.3895,1.1202,239
02053200,ifs,7,-0.8919,0.1025,0.4014,1.5669,210
02053800,ifs,7,0.2187,0.3546,0.4993,0.8701,222
02055100,ifs,7,0.0310,0.5052,0.5338,1.1659,239
02056900,ifs,7,0.1408,0.5478,0.5585,0.9108,216
02059500,ifs,7,0.3220,0.6500,0.7155,0.8254,210
02064000,ifs,7,0.2549,0.4989,0.5840,0.7811,229
02065500,ifs,7,0.1915,0.4155,0.6030,0.6407,239
02069700,ifs,7,-0.0897,0.4266,0.4605,1.1873,214
02070000,ifs,7,-0.1739,0.4204,0.4476,1.1736,239
02074500,ifs,7,-0.2141,0.4576,0.5006,1.1209,241
02077200,ifs,7,-0.0269,0.4311,0.4405,1.0495,236
02081500,ifs,7,-0.0781,0.1128,0.2513,1.2750,241
02082950,ifs,7,-0.4989,0.2009,0.5357,1.5508,241
02092500,ifs,7,-31.5205,-3.9864,0.0470,2.8772,241
02096846,ifs,7,-0.7594,0.0052,0.2014,1.5888,241
02102908,ifs,7,0.0446,0.1792,0.3261,0.8962,241
02108000,ifs,7,-0.0401,0.5026,0.5883,1.2076,241
02111180,ifs,7,-0.0997,-0.1056,0.0741,0.9641,241
02111500,ifs,7,-0.3330,0.1440,0.1774,0.9365,239
02118500,ifs,7,-0.4210,0.3973,0.5509,1.0193,241
02128000,ifs,7,0.1263,-0.2896,0.6503,2.2394,241
02137727,ifs,7,-0.3640,0.0768,0.1182,0.9593,241
02140991,ifs,7,-0.1770,0.0524,0.1512,1.0759,241
02143000,ifs,7,-1.8112,0.0577,0.3398,1.2332,241
02143040,ifs,7,-2.1795,-0.0590,0.2543,0.9468,239
02149000,ifs,7,-0.0747,0.0351,0.1756,0.9745,241
02152100,ifs,7,-1.1978,0.1030,0.1352,1.0243,241
02177000,ifs,7,-0.0552,0.0456,0.1934,1.0356,239
02178400,ifs,7,-0.0671,0.3647,0.3893,0.9381,239
02193340,ifs,7,-0.4375,0.3378,0.4355,1.2747,241
02196000,ifs,7,-0.0617,-0.2556,0.1088,0.4583,241
02198100,ifs,7,-0.0568,-0.0674,0.1552,1.2500,240
02202600,ifs,7,-0.9466,-0.1820,0.1773,1.8454,241
02212600,ifs,7,-0.1012,0.2316,0.2868,0.9752,239
02215100,ifs,7,-0.0929,-0.1777,0.0743,0.6895,241
02216180,ifs,7,-0.0805,-0.4809,-0.0992,0.4666,239
02221525,ifs,7,-0.2161,0.2727,0.3003,1.1220,239
02231000,ifs,7,-0.8818,0.1432,0.3624,1.4671,241
02231342,ifs,7,-1.4368,-0.0490,0.4502,1.6513,241
02235200,ifs,7,-0.4549,0.3925,0.4869,1.2235,240
02245500,ifs,7,-2.3368,-0.1196,0.3311,1.1444,241
02246000,ifs,7,-1.0272,0.1742,0.2446,0.7983,239
02296500,ifs,7,0.5051,0.1043,0.8023,1.8696,230
02297155,ifs,7,-0.0096,-0.2010,0.5049,0.2633,240
02297310,ifs,7,0.4115,0.4760,0.6680,0.7127,231
02298123,ifs,7,0.3728,0.2635,0.6940,0.5360,241
02298608,ifs,7,0.1110,0.5170,0.5649,1.2095,241
02299950,ifs,7,-0.2505,0.2540,0.3098,0.7452,241
02300700,ifs,7,0.1178,0.0752,0.4067,0.5582,241
02310947,ifs,7,-0.2270,-1.0159,-0.2748,2.3241,241
02312200,ifs,7,-4.5692,-3.2254,-0.0038,5.0497,241
02314500,ifs,7,-0.3166,-0.4999,-0.1806,0.5445,241
02315500,ifs,7,-0.3265,-0.6838,-0.3037,0.4159,241
02324400,ifs,7,-0.2202,-1.0425,-0.5475,0.1095,241
02327100,ifs,7,-1.1812,-0.3491,0.5893,2.1485,239
02349900,ifs,7,0.0776,0.0004,0.2813,0.9234,241
02350900,ifs,7,-0.0634,0.2506,0.4886,0.6457,241
02361000,ifs,7,0.0210,0.2794,0.4761,0.6544,241
02363000,ifs,7,0.0352,-0.1174,0.5334,0.3487,239
02369800,ifs,7,0.0048,-0.2822,0.3112,0.4181,240
02371500,ifs,7,0.1149,-0.0275,0.4351,0.7413,241
02372250,ifs,7,0.1337,0.0148,0.4196,0.7803,239
02374500,ifs,7,0.0691,-0.0020,0.3377,0.7123,241
02381600,ifs,7,-0.7698,0.0731,0.0758,1.0549,241
02384540,ifs,7,-0.0262,0.0850,0.2904,0.7435,241
02395120,ifs,7,-30.3043,-3.6290,0.0244,1.2636,241
02408540,ifs,7,-1.1446,0.1658,0.2331,0.9891,241
02415000,ifs,7,-0.3712,0.4014,0.4258,1.0011,231
02422500,ifs,7,-3.2750,-0.3199,0.2555,1.3202,224
02427250,ifs,7,0.1419,0.2185,0.3940,1.0392,241
02430085,ifs,7,-0.5555,0.0818,0.1256,1.2459,241
02450250,ifs,7,-0.6918,0.0897,0.1014,1.1310,241
02464000,ifs,7,-1.3817,0.0511,0.0962,1.0890,241
02465493,ifs,7,-1.3407,0.1251,0.4098,1.1764,238
02469800,ifs,7,0.2178,0.1487,0.5754,0.5262,239
02472000,ifs,7,0.4059,0.3708,0.6628,0.6643,241
02472500,ifs,7,-0.0214,0.2428,0.4015,0.6102,241
02479155,ifs,7,0.1079,-0.1072,0.4406,0.4974,241
02479300,ifs,7,0.0339,-0.2479,0.3687,0.3551,241
02481000,ifs,7,0.0380,-0.3118,0.4284,0.1939,241
02481510,ifs,7,0.0452,-0.2301,0.4791,0.2759,241
03010655,ifs,7,0.4527,0.4174,0.7730,0.6521,212
03011800,ifs,7,0.2582,0.4000,0.5823,0.7476,241
03015500,ifs,7,0.3441,0.6880,0.7007,0.9707,241
03021350,ifs,7,0.2054,0.5634,0.5995,0.8285,239
03026500,ifs,7,0.3490,0.4454,0.6222,0.7894,241
03028000,ifs,7,0.3157,0.5059,0.6864,0.6823,241
03049800,ifs,7,-0.1011,-0.0703,0.1700,0.6261,239
03050000,ifs,7,-0.3866,0.3547,0.3594,0.9940,239
03066000,ifs,7,0.0788,0.3725,0.4503,0.8093,241
03069500,ifs,7,-0.0334,0.3500,0.4081,0.7956,239
03070500,ifs,7,-0.5365,0.3573,0.4605,1.1542,239
03076600,ifs,7,-0.0648,0.1456,0.3132,0.6665,241
03078000,ifs,7,-0.2022,0.0455,0.1731,0.7177,241
03140000,ifs,7,0.1417,0.1870,0.3882,0.9001,239
03144000,ifs,7,-0.3434,0.2145,0.2283,0.9695,241
03159540,ifs,7,-0.0256,0.3341,0.3807,0.8765,241
03161000,ifs,7,-0.0751,0.1388,0.2682,0.8524,241
03164000,ifs,7,0.2342,0.5265,0.6004,0.8409,241
03165000,ifs,7,-0.1690,-0.0061,0.1254,0.8632,224
03170000,ifs,7,0.2297,0.3857,0.5242,0.8591,241
03173000,ifs,7,0.2049,0.6033,0.6117,0.9211,239
03180500,ifs,7,0.0971,0.4146,0.4641,0.8764,225
03182500,ifs,7,-0.1070,0.4674,0.4694,1.0206,239
03186500,ifs,7,-0.0446,0.4933,0.4950,1.0261,239
03187500,ifs,7,-0.1496,0.4982,0.5644,1.0169,238
03213700,ifs,7,-0.3989,0.4002,0.4682,1.1428,241
03237280,ifs,7,-0.0547,0.1883,0.2956,0.7830,241
03237500,ifs,7,-0.2078,0.3942,0.4211,1.1746,239
03241500,ifs,7,0.0537,0.0695,0.3256,0.6511,228
03280700,ifs,7,-1.7842,0.0336,0.2731,0.9752,213
03281100,ifs,7,-2.2894,-0.0951,0.2845,1.1048,239
03281500,ifs,7,-1.0512,0.2198,0.3671,0.9904,228
03285000,ifs,7,-0.9944,-0.0840,0.3247,1.7912,238
03291780,ifs,7,-0.4249,0.0524,0.0874,0.9852,241
03300400,ifs,7,-0.1759,0.0939,0.1743,1.0338,241
03340800,ifs,7,-0.3950,0.1913,0.2051,0.9371,193
03346000,ifs,7,-0.2116,0.1444,0.2494,0.6736,241
03364500,ifs,7,-0.0113,-0.1038,0.2111,0.5527,241
03366500,ifs,7,-0.1974,0.1750,0.2375,0.8264,241
03368000,ifs,7,-0.1771,-0.1117,0.0725,0.6652,241
03384450,ifs,7,-0.0596,-0.3132,0.0226,0.5493,241
03439000,ifs,7,-0.2346,-0.2647,0.0045,0.6521,239
03450000,ifs,7,-0.0794,-0.2107,0.0563,0.8101,241
03455500,ifs,7,-0.6650,0.0776,0.1488,0.6801,239
03456500,ifs,7,-0.2959,-0.0399,0.0794,0.7916,239
03460000,ifs,7,-0.4712,0.3083,0.4725,0.6278,241
03463300,ifs,7,-0.2511,0.1843,0.2246,0.9087,241
03471500,ifs,7,0.2309,0.6104,0.7220,0.7480,239
03473000,ifs,7,0.0133,0.4762,0.5574,0.7300,241
03479000,ifs,7,-0.3295,0.2321,0.2523,0.8952,239
03488000,ifs,7,0.1536,0.5681,0.6357,0.7894,241
03498500,ifs,7,-0.3032,0.3611,0.3925,0.8030,241
03500000,ifs,7,-0.0738,0.4468,0.5139,0.8070,239
03504000,ifs,7,-0.3587,0.2654,0.3133,0.8341,239
03574500,ifs,7,0.0093,0.0665,0.2918,0.6597,241
03604000,ifs,7,-0.1366,-0.2255,-0.0022,0.7888,239
04015330,ifs,7,0.0277,0.2566,0.3752,0.7307,200
04024430,ifs,7,0.3147,0.5600,0.6405,0.7617,241
04027000,ifs,7,0.4555,0.4613,0.6925,0.7528,241
04040500,ifs,7,0.8222,0.7831,0.9116,0.8986,241
04043050,ifs,7,0.7461,0.8408,0.8687,0.9263,182
04045500,ifs,7,0.8755,0.8041,0.9492,0.8140,237
04056500,ifs,7,0.5612,0.4625,0.8331,0.7185,231
04057510,ifs,7,0.8629,0.6950,0.9591,0.7855,161
04057800,ifs,7,0.7752,0.6285,0.9018,0.7253,241
04059500,ifs,7,0.8491,0.7810,0.9320,0.9881,241
04063700,ifs,7,0.6990,0.4685,0.9180,0.6312,241
04074950,ifs,7,0.5967,0.5208,0.8769,0.7527,241
04105700,ifs,7,0.4957,0.5469,0.7235,0.9230,241
04115265,ifs,7,0.3137,0.3673,0.5607,0.9759,241
04122200,ifs,7,0.5571,0.5554,0.7750,0.8667,241
04122500,ifs,7,0.7202,0.7182,0.8660,0.9171,239
04124000,ifs,7,0.7078,0.6393,0.8646,0.9926,241
04127997,ifs,7,0.3018,0.3138,0.5889,0.8997,204
04185000,ifs,7,0.4907,0.6127,0.7075,0.8841,218
04196800,ifs,7,0.1038,0.2341,0.3911,0.7766,241
04197100,ifs,7,0.0509,0.2096,0.3330,0.9637,241
04197170,ifs,7,-0.0506,-0.0204,0.1835,0.7126,241
04213000,ifs,7,-0.2120,0.4651,0.5372,1.1225,239
04213075,ifs,7,-0.0457,0.2238,0.3044,0.9021,237
04216418,ifs,7,0.4161,0.6227,0.6654,1.0286,241
04221000,ifs,7,0.1935,0.1898,0.6484,0.5386,241
04224775,ifs,7,0.2434,0.2135,0.5967,0.5835,239
04256000,ifs,7,0.6021,0.7436,0.8218,1.1739,239
04296000,ifs,7,0.3184,0.5282,0.6031,0.8683,241
05057000,ifs,7,-0.9587,0.0933,0.5408,0.5159,163
05057200,ifs,7,-0.1023,0.4919,0.5252,1.1356,240
05062500,ifs,7,0.2216,0.6382,0.6603,1.0189,202
05087500,ifs,7,0.2064,0.4955,0.5362,1.0801,241
05120500,ifs,7,-10.0398,-1.4832,-0.0402,3.1956,210
05123400,ifs,7,-0.3950,-0.6564,-0.0244,0.1567,240
05129115,ifs,7,-0.8203,-0.8897,-0.2533,0.0000,241
05131500,ifs,7,0.1451,0.1323,0.5115,0.5230,145
05291000,ifs,7,-1.4300,0.1107,0.3358,0.8419,241
05362000,ifs,7,0.4744,0.6934,0.7295,0.8642,240
05393500,ifs,7,0.3884,0.5751,0.6480,0.8647,241
05399500,ifs,7,-0.0634,0.3602,0.3863,0.9050,239
05408000,ifs,7,-0.0034,-0.0047,0.2407,0.8199,240
05412500,ifs,7,0.0403,0.2071,0.4445,0.6621,241
05413500,ifs,7,-0.5041,0.1347,0.1930,0.7829,211
05414000,ifs,7,-0.1701,0.0726,0.4672,0.5955,207
05444000,ifs,7,-1.5760,0.0615,0.3067,0.7174,239
05454000,ifs,7,-0.7249,0.2787,0.3685,0.7951,241
05458000,ifs,7,-0.0944,-0.0672,0.1459,0.7045,241
05466500,ifs,7,0.0349,0.0804,0.2905,0.7599,239
05487980,ifs,7,-0.4696,0.0302,0.0709,0.8618,239
05488200,ifs,7,0.0999,0.0186,0.3602,0.5127,239
05489000,ifs,7,-0.1323,-0.1056,0.1097,0.6094,239
05495000,ifs,7,-2.8772,-0.4518,0.1405,1.8500,239
05495500,ifs,7,-0.3000,-0.0474,0.0774,0.6805,235
05501000,ifs,7,-0.2619,-0.0600,0.0547,0.7944,239
05503800,ifs,7,-1.0089,0.0285,0.0754,1.2874,241
05507600,ifs,7,-4.0968,-0.6606,0.1403,1.8261,241
05508805,ifs,7,-3.2618,-0.6282,0.2727,2.0024,239
05514500,ifs,7,-0.4847,0.2808,0.3054,1.1757,239
05525500,ifs,7,-0.0528,0.3159,0.3629,1.1313,239
05556500,ifs,7,-2.3346,-0.1290,0.1895,0.6772,241
05584500,ifs,7,-0.0308,0.1999,0.3267,0.7241,239
05585000,ifs,7,0.0591,0.3333,0.4463,0.7047,241
05591550,ifs,7,-0.3084,0.1139,0.1577,0.9289,239
05592050,ifs,7,-0.2884,0.1122,0.1605,0.9277,222
05592575,ifs,7,-0.4617,0.1352,0.1627,0.8352,239
05593575,ifs,7,-0.2813,0.2185,0.3473,1.4288,241
05593900,ifs,7,-0.0770,0.3016,0.3407,0.9324,239
05595730,ifs,7,-0.1803,0.3427,0.4554,1.3614,241
06037500,ifs,7,-2.0452,0.4399,0.8505,1.2821,241
06043500,ifs,7,0.3330,0.3581,0.9525,1.3277,241
06154410,ifs,7,-0.1973,0.0886,0.2007,0.7383,241
06188000,ifs,7,0.8442,0.8853,0.9324,0.9767,241
06191500,ifs,7,0.7386,0.6832,0.9396,1.1093,241
06221400,ifs,7,0.8140,0.8423,0.9260,1.0637,241
06224000,ifs,7,0.7068,0.8433,0.8579,1.0647,241
06289000,ifs,7,0.3674,0.6345,0.6860,0.8620,241
06332515,ifs,7,-6.0371,-1.3353,0.3637,2.3525,118
06339100,ifs,7,-5.2752,-1.3057,0.3682,2.5420,177
06339500,ifs,7,-0.8028,0.1793,0.3653,0.5254,171
06344600,ifs,7,-15.9076,-3.5884,0.2833,4.6896,180
06350000,ifs,7,-18.3173,-2.8227,0.2867,2.9400,241
06352000,ifs,7,-0.0164,-0.1033,0.5137,1.3444,240
06353000,ifs,7,-0.0008,-0.1136,0.5122,0.8149,239
06354000,ifs,7,0.3466,0.3652,0.7370,0.5241,176
06360500,ifs,7,0.1284,0.1451,0.5291,1.5396,142
06404000,ifs,7,-3.9141,-0.5152,-0.2537,1.5550,208
06406000,ifs,7,-164.0998,-3.7990,0.9002,5.7492,183
06408700,ifs,7,-1571.9158,-3.9940,0.2331,1.5091,241
06409000,ifs,7,-1.2900,0.6256,0.8754,1.2559,196
06431500,ifs,7,-1.5222,0.3479,0.4003,1.0970,230
06440200,ifs,7,-2.1435,-0.1450,0.0314,0.6387,163
06441500,ifs,7,-15.4679,-3.3697,0.3900,4.0359,180
06447000,ifs,7,-0.1646,-0.2533,0.0269,0.5010,143
06447500,ifs,7,-0.1092,-0.1677,0.2400,0.7097,241
06450500,ifs,7,0.0195,-0.1702,0.2091,1.0605,211
06452000,ifs,7,-0.0058,-0.2231,0.0826,1.0401,178
06453600,ifs,7,-1.6034,-0.2354,0.0391,1.7641,238
06464500,ifs,7,-1.4902,0.1112,0.2912,1.2098,178
06477500,ifs,7,-210.8419,-13.9479,0.0480,8.2397,240
06479215,ifs,7,-0.1576,-0.2288,0.0347,0.5994,241
06479438,ifs,7,-0.1410,-0.4986,0.0194,0.2453,241
06601000,ifs,7,-1.6224,-0.0444,-0.0066,0.9065,241
06614800,ifs,7,0.7746,0.6099,0.9370,1.3533,241
06622700,ifs,7,-0.3210,0.1392,0.7672,1.6301,241
06623800,ifs,7,0.8251,0.9106,0.9142,0.9803,241
06632400,ifs,7,-0.3120,0.3216,0.4676,1.3980,241
06784000,ifs,7,-1.1070,-0.0249,0.1285,1.3413,241
06803510,ifs,7,-0.3658,-0.1123,-0.0179,0.8286,241
06803530,ifs,7,-0.2253,-0.1666,-0.0237,0.8975,241
06814000,ifs,7,-0.3421,-0.1030,0.0418,0.6076,241
06846500,ifs,7,-0.0096,-0.4719,-0.0580,1.3838,241
06847900,ifs,7,-0.0053,0.0016,0.2549,1.3891,241
06853800,ifs,7,-0.4465,-0.3373,0.0173,1.7364,241
06876700,ifs,7,0.0445,-0.1118,0.3433,0.3577,241
06878000,ifs,7,-0.0166,-0.3546,0.1319,0.3789,241
06879650,ifs,7,-0.1610,-0.2299,0.0693,0.4328,240
06885500,ifs,7,-0.1166,-0.0894,0.1660,0.4997,241
06888500,ifs,7,0.0032,-0.3139,0.1864,0.3667,241
06889200,ifs,7,0.0517,0.0700,0.3160,0.6078,241
06889500,ifs,7,-0.6073,0.1155,0.1338,0.8386,241
06892000,ifs,7,-0.1318,0.2120,0.3012,0.7251,241
06903400,ifs,7,-0.0716,-0.3083,0.1202,0.3063,241
06906800,ifs,7,0.1772,0.2505,0.4561,0.6744,241
06910800,ifs,7,-0.0499,-0.0379,0.2153,0.5496,241
06911900,ifs,7,-0.1319,-0.0101,0.1937,0.5566,241
06917000,ifs,7,-0.2214,0.1988,0.2945,0.6581,241
06918460,ifs,7,0.1024,0.3229,0.4104,0.9920,241
06919500,ifs,7,-0.2131,0.0688,0.2339,0.5592,241
06921070,ifs,7,-0.1348,-0.0172,0.1552,0.6808,241
06921200,ifs,7,-0.0418,-0.2280,0.1751,0.3812,241
06934000,ifs,7,-0.2137,0.2622,0.3412,0.7028,240
07014500,ifs,7,-0.0084,-0.1970,0.1688,0.6247,241
07056000,ifs,7,0.1397,0.2668,0.4284,0.7718,241
07057500,ifs,7,-0.0587,0.0862,0.2442,0.8247,233
07060710,ifs,7,-0.0001,-0.3922,0.0306,1.0571,241
07066000,ifs,7,-0.0173,0.0816,0.2596,0.8214,241
07067000,ifs,7,-0.1349,0.1695,0.4780,0.5606,241
07068000,ifs,7,-0.0894,0.1144,0.3188,0.7659,240
07071500,ifs,7,-0.4478,0.1575,0.2592,0.7910,241
07083000,ifs,7,-1.8457,-0.4638,0.8683,1.8421,241
07142300,ifs,7,-8.1844,-5.0178,-0.0775,6.8574,241
07145700,ifs,7,-0.0293,-0.6303,-0.0377,0.1695,238
07148400,ifs,7,-0.5366,0.2408,0.7578,1.4770,241
07149000,ifs,7,-0.0724,0.4127,0.6174,1.4455,241
07151500,ifs,7,-0.0270,-0.4499,0.0222,0.4212,241
07167500,ifs,7,-0.0585,-0.4149,-0.0013,1.6184,241
07180500,ifs,7,-0.1569,-0.1460,0.0428,0.7289,241
07184000,ifs,7,-0.0520,-0.3013,0.1055,0.3673,239
07195800,ifs,7,0.1232,0.2836,0.4179,0.8354,239
07196900,ifs,7,0.0779,0.1607,0.3273,0.9936,240
07197000,ifs,7,0.2756,0.3231,0.5268,0.9327,241
07208500,ifs,7,0.1236,0.5363,0.7398,1.0672,241
07226500,ifs,7,-0.0339,-0.4587,-0.0097,0.3738,239
07261000,ifs,7,0.2287,0.2939,0.5290,1.3899,239
07263295,ifs,7,-0.5598,-1.2529,0.1149,3.0465,239
07290650,ifs,7,-0.0366,0.1661,0.3208,0.6780,241
07291000,ifs,7,-0.2555,-0.1988,0.1049,0.4025,241
07292500,ifs,7,-0.0455,0.1062,0.2462,0.8207,241
07295000,ifs,7,0.0322,-0.0885,0.2541,0.5764,241
07299670,ifs,7,-0.4965,-0.4023,-0.0101,1.9055,231
07301410,ifs,7,-0.3297,-0.1338,-0.0038,0.7776,230
07301500,ifs,7,-0.1861,-0.5697,0.0460,1.7843,203
07315200,ifs,7,-1.4299,-0.7362,0.0592,2.4436,161
07315700,ifs,7,-6.6014,-2.0282,0.0169,3.4308,218
07335700,ifs,7,-0.0880,-0.2096,0.1259,0.4739,232
07340300,ifs,7,-0.4578,0.2179,0.2238,0.9291,241
07346045,ifs,7,-2.9194,-0.2263,0.1593,0.6838,241
07359610,ifs,7,-0.5142,0.0145,0.2369,1.6166,241
07362100,ifs,7,-1.0434,-0.2128,0.5686,1.9978,241
07362587,ifs,7,-0.2628,-0.3778,0.2387,2.1086,239
07373000,ifs,7,-0.0577,0.0487,0.2731,0.6252,237
07375000,ifs,7,-0.0482,-0.2713,0.1557,0.3983,241
07376000,ifs,7,0.0311,0.1255,0.3552,0.6235,241
08013000,ifs,7,0.3169,0.4679,0.6026,0.7405,241
08014500,ifs,7,0.2135,0.1826,0.5324,0.5941,241
08023080,ifs,7,-3.8463,-1.3611,0.2576,2.9116,241
08025500,ifs,7,-0.6248,0.0482,0.0609,1.0495,241
08029500,ifs,7,-0.4236,-0.0334,0.0313,1.1555,241
08050800,ifs,7,0.0801,-0.0541,0.2920,0.7310,240
08066200,ifs,7,-0.0502,-0.4129,0.0184,0.3660,241
08066300,ifs,7,-0.0603,-0.5145,-0.0045,0.2322,241
08070000,ifs,7,-3.5840,-0.4955,0.2752,1.6051,241
08070200,ifs,7,-1.0013,0.1954,0.2450,1.0416,241
08079600,ifs,7,-28.2286,-9.1527,0.1531,10.1752,196
08082700,ifs,7,-0.0417,-0.3341,-0.0176,0.7206,227
08086212,ifs,7,-0.1368,-0.3126,0.0171,1.6142,241
08086290,ifs,7,-0.9599,-2.1550,0.0038,3.9932,241
08101000,ifs,7,-17.8617,-2.9950,0.0614,3.2486,241
08103900,ifs,7,0.0196,0.1448,0.2871,0.9096,241
08104900,ifs,7,-0.4330,-0.0581,0.0419,0.6765,241
08109700,ifs,7,-0.4446,0.1328,0.2346,1.4024,224
08150800,ifs,7,-0.0005,-0.3336,0.0864,0.5110,241
08155200,ifs,7,-2.8246,-1.4143,0.0798,3.1388,241
08158700,ifs,7,-6.4997,-8.6568,0.1081,10.5373,241
08158810,ifs,7,-2.5187,-0.2414,0.0553,1.4973,241
08164000,ifs,7,-3.7224,-0.7284,0.1185,2.0734,241
08164300,ifs,7,-0.2418,-0.1285,-0.0016,0.9004,238
08164600,ifs,7,-16.3419,-5.7626,0.2607,6.9197,241
08165300,ifs,7,-0.0375,-0.3175,-0.0233,0.9517,241
08171300,ifs,7,-34.5202,-35.0052,0.1439,36.7952,241
08175000,ifs,7,0.2808,-0.0025,0.6175,0.2860,241
08176900,ifs,7,-19.3419,-7.6481,0.5329,8.8136,241
08178880,ifs,7,-0.0488,-0.4511,0.0656,0.2641,241
08189500,ifs,7,-1.6310,0.0460,0.1938,1.1586,241
08190000,ifs,7,-0.0265,-0.3236,0.0158,0.6906,241
08190500,ifs,7,0.0147,-0.2980,0.7353,2.2223,235
08194200,ifs,7,-0.2113,-0.2204,0.0394,0.4461,241
08195000,ifs,7,-0.0117,-0.4013,0.0348,0.5038,241
08196000,ifs,7,-0.2325,-0.0151,0.2328,1.6118,229
08198500,ifs,7,-1.3384,-0.0317,-0.0067,0.8313,241
08200000,ifs,7,-0.0277,-0.3388,0.1102,0.3481,241
08202700,ifs,7,-0.0139,-0.6750,-0.0073,0.0541,240
08267500,ifs,7,-22.2223,-2.3084,0.6954,2.6379,241
08269000,ifs,7,-3.3094,-0.3448,0.7246,1.6980,241
08271000,ifs,7,-45.0962,-4.2278,0.7648,2.4629,241
08324000,ifs,7,0.1088,0.5686,0.7029,1.1547,241
08377900,ifs,7,-3.7649,-0.4380,0.4860,1.3604,241
08378500,ifs,7,-5.1816,-0.8527,0.6061,1.2954,233
08380500,ifs,7,-2.5535,-0.1258,0.5112,1.7185,241
09034900,ifs,7,0.1609,0.2157,0.8810,1.5775,237
09035900,ifs,7,0.5573,0.7421,0.8295,1.0965,207
09047700,ifs,7,-4.6290,-0.9580,0.8855,1.4290,239
09065500,ifs,7,0.7351,0.6506,0.9427,1.1387,241
09066000,ifs,7,-0.9148,0.1709,0.5933,1.1683,241
09066200,ifs,7,0.7101,0.6332,0.9297,1.2261,241
09066300,ifs,7,-0.3987,-0.0243,0.8031,1.8058,241
09081600,ifs,7,0.1469,0.6074,0.6293,1.0180,241
09107000,ifs,7,-1.1114,0.0199,0.7040,1.2721,240
09210500,ifs,7,-1.3616,0.0989,0.7407,1.5390,214
09223000,ifs,7,-2.6702,-0.5397,0.8828,1.9757,180
09306242,ifs,7,-381.5162,-4.1817,0.8969,6.0628,239
09312600,ifs,7,-2.1154,-0.6145,0.4846,2.3894,241
09352900,ifs,7,-0.6407,0.2862,0.5634,1.3144,211
09378170,ifs,7,0.2548,0.2664,0.5406,1.3182,241
09378630,ifs,7,,,,,241
09386900,ifs,7,-43.0106,-4.8468,0.0394,2.6091,241
09404450,ifs,7,0.7001,0.7470,0.8552,0.9131,241
09430500,ifs,7,-1.2576,0.0386,0.4294,0.2578,241
09430600,ifs,7,-0.0218,-0.0367,0.4812,0.2799,241
09447800,ifs,7,-2.2255,-0.6387,0.0362,2.0350,241
09480000,ifs,7,-0.4142,-3.3726,0.0796,5.2542,241
09484000,ifs,7,-0.9197,-0.8218,0.1095,2.5892,216
09484600,ifs,7,-0.6154,-1.2310,0.1430,3.0539,240
09492400,ifs,7,-1.2899,0.0842,0.7560,1.6962,240
09494000,ifs,7,-0.2015,0.4571,0.4740,1.0570,241
09497800,ifs,7,-0.1101,-0.6243,-0.2528,1.5139,241
09497980,ifs,7,-0.2250,0.0988,0.1668,0.9153,210
09505200,ifs,7,0.4239,0.4453,0.6579,0.9822,241
09505350,ifs,7,0.3478,0.4138,0.5913,1.1681,241
09505800,ifs,7,0.5349,0.7213,0.7498,1.0828,241
09508300,ifs,7,0.0407,-0.0464,0.2674,0.5747,241
09510200,ifs,7,-2.4769,-1.1356,0.1014,2.8386,222
09512280,ifs,7,-0.0624,-0.9796,-0.0959,2.3864,241
09513780,ifs,7,-4.2976,-6.2472,0.0271,8.1793,240
10023000,ifs,7,-14.5287,-0.6427,0.0859,2.2214,241
10166430,ifs,7,-13279.8060,-90.4954,0.5625,72.8340,241
10172700,ifs,7,-30.0343,-0.2988,0.6184,2.0179,241
10172800,ifs,7,-9.7294,-0.8848,0.8063,2.3607,241
10173450,ifs,7,-0.3742,0.3974,0.4193,0.9945,241
10205030,ifs,7,-191.7112,-9.9032,-0.0166,2.3457,241
10234500,ifs,7,-0.1006,-0.2719,-0.0320,0.8653,237
10242000,ifs,7,-29.1885,-3.7117,0.4144,4.4994,241
10244950,ifs,7,-37.0193,-1.5586,0.7133,1.5597,241
10249300,ifs,7,-44.5567,-4.5821,0.5157,4.3314,240
10258000,ifs,7,,,,,69
10258500,ifs,7,0.1854,0.0413,0.4506,0.5803,241
10259000,ifs,7,0.7925,0.6881,0.9221,1.0721,241
10259200,ifs,7,-1.9451,-4.1231,0.7655,6.0239,241
10263500,ifs,7,-0.7355,0.0492,0.7905,1.2612,241
10310500,ifs,7,-1.5012,0.1879,0.8824,1.7668,241
10316500,ifs,7,-0.3287,0.3329,0.6807,1.2389,241
10329500,ifs,7,0.4036,0.5229,0.8777,1.1869,241
10336645,ifs,7,0.5551,0.6896,0.7563,1.1202,227
10336660,ifs,7,0.4874,0.6871,0.7153,1.0130,241
10343500,ifs,7,0.5374,0.5057,0.7763,0.8054,241
10348850,ifs,7,-2.2601,0.0039,0.8136,1.7168,241
10396000,ifs,7,0.4030,0.6897,0.7981,1.1979,241
11098000,ifs,7,0.0149,0.4611,0.5973,1.3215,241
11124500,ifs,7,-9.6005,-2.0488,0.6811,2.6150,241
11141280,ifs,7,-1.8006,0.0101,0.2361,1.2098,241
11143000,ifs,7,0.1233,0.5190,0.6777,1.2685,241
11148900,ifs,7,-0.0156,0.3609,0.4366,0.7208,241
11151300,ifs,7,-0.2321,0.2306,0.3056,1.3067,241
11162500,ifs,7,-0.2477,0.3976,0.4406,0.7995,241
11176400,ifs,7,-1.4190,0.0377,0.1078,0.8041,144
11180500,ifs,7,-9.7798,-2.4056,0.3714,3.2377,241
11180960,ifs,7,-25.1082,-3.8395,0.1354,3.4531,241
11224500,ifs,7,-1.0621,-0.0896,0.0262,0.5141,241
11253310,ifs,7,-0.4858,-0.0581,0.0859,0.5160,241
11264500,ifs,7,-0.6927,0.1991,0.2013,0.9854,241
11266500,ifs,7,-0.5385,0.3014,0.3177,1.1038,241
11274500,ifs,7,-2.5426,-0.1844,0.1190,1.3353,241
11274630,ifs,7,-3.5610,-0.3567,0.1118,1.2212,241
11284400,ifs,7,0.0027,0.0585,0.3501,0.4141,241
11299600,ifs,7,-1.3082,0.0797,0.1413,1.1534,238
11381500,ifs,7,0.4254,0.3745,0.6958,0.9931,241
11383500,ifs,7,0.5135,0.4662,0.7504,1.0478,241
11451100,ifs,7,0.2256,0.6055,0.7005,1.1586,106
11468500,ifs,7,0.3423,0.2955,0.6198,0.8887,241
11473900,ifs,7,0.5305,0.3726,0.8700,0.8943,241
11475560,ifs,7,0.6742,0.5294,0.8890,0.9229,241
11476600,ifs,7,0.8723,0.7608,0.9402,1.1871,240
11478500,ifs,7,0.7209,0.5647,0.8577,1.3531,241
11480390,ifs,7,0.6645,0.5415,0.8725,0.9567,241
11481200,ifs,7,0.7300,0.6608,0.8632,1.2041,241
11482500,ifs,7,0.7220,0.5557,0.8738,1.4055,241
11522500,ifs,7,0.3187,0.4305,0.7137,1.4923,241
11523200,ifs,7,-0.2341,0.1645,0.6927,1.7147,241
11528700,ifs,7,0.5856,0.5184,0.7991,1.0971,241
11532500,ifs,7,0.7431,0.5958,0.9166,1.0270,241
12010000,ifs,7,0.6387,0.5095,0.8567,0.6826,241
12013500,ifs,7,0.6927,0.7346,0.8376,0.8557,241
12020000,ifs,7,0.5254,0.3822,0.7968,0.5946,241
12025000,ifs,7,0.6893,0.7158,0.8325,1.0025,241
12025700,ifs,7,0.6404,0.5789,0.8289,0.8153,241
12035000,ifs,7,0.7785,0.8206,0.8902,0.8767,241
12040500,ifs,7,0.4855,0.7204,0.7506,0.8740,241
12041200,ifs,7,0.4567,0.6743,0.8091,0.8576,241
12043000,ifs,7,0.6291,0.7611,0.8199,0.8442,241
12048000,ifs,7,0.4586,0.6312,0.8794,1.2514,241
12054000,ifs,7,0.0415,0.4427,0.7647,1.3190,241
12056500,ifs,7,0.1211,0.5775,0.6859,0.9229,241
12073500,ifs,7,0.3219,0.6353,0.6467,1.0621,240
12082500,ifs,7,0.3071,0.2952,0.5684,0.9869,235
12092000,ifs,7,0.0926,0.1288,0.3323,0.9537,241
12095000,ifs,7,0.5565,0.5067,0.7766,0.8441,241
12114500,ifs,7,0.4604,0.4127,0.7170,1.0218,241
12115000,ifs,7,0.4494,0.4106,0.7033,0.9975,241
12115500,ifs,7,0.3992,0.3864,0.6521,0.8550,241
12117000,ifs,7,0.5685,0.5689,0.7650,0.9686,241
12141300,ifs,7,0.3246,0.3626,0.5745,1.0933,241
12143600,ifs,7,0.3816,0.4000,0.6325,1.1901,238
12144000,ifs,7,0.4655,0.5066,0.6854,1.0065,240
12145500,ifs,7,0.6655,0.6496,0.8269,0.8350,241
12147600,ifs,7,0.3896,0.4617,0.6249,0.9432,241
12167000,ifs,7,0.4925,0.5806,0.7096,1.1447,241
12175500,ifs,7,0.0087,0.5419,0.5668,1.1120,241
12186000,ifs,7,0.3462,0.4841,0.6063,1.1307,238
12189500,ifs,7,0.4668,0.5937,0.7246,1.2166,240
12358500,ifs,7,0.6078,0.8002,0.8245,1.0309,241
12377150,ifs,7,0.5477,0.7709,0.7724,0.9752,241
12381400,ifs,7,0.3509,0.5097,0.8592,1.2186,208
12390700,ifs,7,0.4113,0.6215,0.6916,1.1731,241
12411000,ifs,7,0.7426,0.7384,0.8761,1.1835,230
12414500,ifs,7,0.6389,0.6662,0.8120,0.8959,241
12447390,ifs,7,-0.2005,-0.2386,0.2211,0.3619,241
12451000,ifs,7,0.4823,0.6789,0.8123,1.2210,241
12488500,ifs,7,0.5518,0.7123,0.7792,1.1614,241
13011500,ifs,7,0.7147,0.6119,0.9344,1.2887,241
13011900,ifs,7,0.7991,0.8136,0.9267,0.9623,241
13018300,ifs,7,-0.4038,0.0060,0.9353,1.4727,241
13023000,ifs,7,0.5375,0.7663,0.8072,0.9120,199
13161500,ifs,7,0.6404,0.6514,0.8330,0.7810,241
13235000,ifs,7,0.5956,0.6546,0.7898,0.8852,239
13240000,ifs,7,0.7742,0.8627,0.8813,1.0050,162
13310700,ifs,7,0.5873,0.4985,0.9012,0.6710,241
13313000,ifs,7,0.6939,0.4838,0.9574,0.6428,241
13331500,ifs,7,0.5185,0.5380,0.9103,1.2265,241
13337000,ifs,7,0.6577,0.6668,0.8505,0.8076,241
13338500,ifs,7,0.7934,0.8794,0.8979,1.0625,241
13340000,ifs,7,0.4930,0.6026,0.7595,0.7776,241
13340600,ifs,7,0.5543,0.5742,0.8712,0.6863,241
14020000,ifs,7,0.3276,0.2094,0.7117,0.6523,241
14092750,ifs,7,0.1407,0.4452,0.8065,0.9655,241
14096850,ifs,7,-3.9052,-0.4805,0.6327,0.5083,241
14137000,ifs,7,0.6343,0.6097,0.8109,1.0177,236
14138800,ifs,7,0.4051,0.4656,0.6384,0.8999,241
14138870,ifs,7,0.5310,0.5493,0.7398,0.8368,241
14138900,ifs,7,0.2386,0.3206,0.4944,0.9171,241
14139800,ifs,7,0.5500,0.5771,0.7492,0.8431,239
14141500,ifs,7,0.5918,0.6248,0.7741,0.8964,241
14154500,ifs,7,0.4146,0.5363,0.6462,1.0098,241
14158500,ifs,7,0.7864,0.7159,0.9247,1.0853,226
14158790,ifs,7,0.4845,0.6852,0.7161,1.0627,237
14166500,ifs,7,0.2575,0.2831,0.5118,0.8783,241
14182500,ifs,7,0.4666,0.4844,0.7011,0.7455,241
14185000,ifs,7,0.3589,0.6829,0.6832,1.0081,241
14185900,ifs,7,0.4160,0.6655,0.6838,0.9411,238
14187000,ifs,7,0.2876,0.5823,0.6022,1.0273,239
14216500,ifs,7,0.7973,0.7569,0.9015,1.0183,238
14222500,ifs,7,0.5119,0.4567,0.7540,0.9633,241
14236200,ifs,7,0.6100,0.4891,0.8433,0.8039,240
14301000,ifs,7,0.6633,0.6808,0.8184,0.9104,240
14303200,ifs,7,0.5432,0.4468,0.8014,0.9143,241
14305500,ifs,7,0.6107,0.6016,0.7924,0.9226,239
14306340,ifs,7,0.4292,0.3851,0.6905,0.7518,241
14306500,ifs,7,0.5843,0.5667,0.7808,0.8936,241
14308990,ifs,7,0.4372,0.3278,0.7690,0.8717,241
14309500,ifs,7,0.3398,0.2816,0.6155,0.7898,241
14316700,ifs,7,0.3895,0.4677,0.6243,1.0257,241
14325000,ifs,7,0.4366,0.4506,0.6692,0.8291,241
14362250,ifs,7,0.2505,0.0865,0.7579,0.4942,148
14400000,ifs,7,0.6638,0.4817,0.8780,0.7314,241
01013500,ifs,8,0.8843,0.8117,0.9500,0.8601,241
01022500,ifs,8,0.6093,0.7385,0.7904,1.1032,241
01030500,ifs,8,0.7186,0.7485,0.9039,1.1191,241
01031500,ifs,8,0.2206,0.6086,0.6142,1.0655,239
01047000,ifs,8,0.1527,0.5460,0.5503,1.0009,241
01052500,ifs,8,0.2241,0.2522,0.5027,0.7125,241
01054200,ifs,8,-0.1560,0.0376,0.2255,0.5696,241
01055000,ifs,8,0.0093,0.3954,0.4211,0.9596,241
01057000,ifs,8,0.4134,0.6211,0.6639,0.9699,241
01073000,ifs,8,0.6167,0.7845,0.8040,1.0832,241
01078000,ifs,8,0.2615,0.3303,0.5599,0.7117,239
01118300,ifs,8,0.1925,0.4406,0.5173,0.8514,239
01121000,ifs,8,0.4698,0.6319,0.7145,1.1874,239
01123000,ifs,8,0.4552,0.5819,0.6790,0.9369,241
01134500,ifs,8,0.4766,0.6514,0.7055,0.9129,239
01137500,ifs,8,0.2670,0.4085,0.5575,0.7861,241
01139000,ifs,8,0.3890,0.6441,0.6667,0.9345,237
01139800,ifs,8,0.7318,0.8272,0.8597,1.0588,241
01142500,ifs,8,0.4463,0.6628,0.7003,0.8972,239
01144000,ifs,8,0.5852,0.7809,0.7925,0.9311,241
01169000,ifs,8,0.3413,0.5785,0.6256,1.1062,239
01170100,ifs,8,0.4545,0.6528,0.6909,0.9904,240
01181000,ifs,8,0.6184,0.7058,0.7877,1.0655,239
01187300,ifs,8,0.3846,0.4456,0.6218,1.0868,241
01195100,ifs,8,0.2070,0.2642,0.4779,0.8178,241
01333000,ifs,8,0.4070,0.5164,0.6451,0.8902,239
01350000,ifs,8,0.1128,0.0702,0.3553,0.7269,238
01350080,ifs,8,0.6799,0.5861,0.8557,0.7530,241
01350140,ifs,8,0.6598,0.6581,0.8360,0.7289,191
01365000,ifs,8,0.2846,0.3318,0.5446,0.8427,239
01411300,ifs,8,-0.1537,0.0692,0.2051,1.2384,232
01413500,ifs,8,0.3936,0.3816,0.6638,0.7744,239
01414500,ifs,8,0.0919,0.0578,0.3982,0.5936,239
01415000,ifs,8,0.3164,0.2392,0.7075,0.5981,196
01423000,ifs,8,0.4142,0.3957,0.7021,0.7262,241
01434025,ifs,8,0.0976,0.4359,0.5314,0.6997,241
01435000,ifs,8,0.2479,0.2814,0.5074,0.8342,240
01439500,ifs,8,0.4275,0.5096,0.6915,0.8013,239
01440000,ifs,8,0.3247,0.4808,0.5871,0.9077,241
01440400,ifs,8,0.5073,0.6290,0.7155,0.9503,215
01451800,ifs,8,-0.1337,0.2844,0.3242,1.1298,239
01466500,ifs,8,-4.7652,-1.0859,0.7646,1.0209,239
01484100,ifs,8,-0.7813,0.2579,0.4069,1.3567,241
01485500,ifs,8,-11.5218,-1.8423,0.1867,2.2904,236
01486000,ifs,8,-4.1420,-0.5620,0.2152,1.8478,241
01487000,ifs,8,0.0572,0.5679,0.6545,1.0689,241
01491000,ifs,8,0.4151,0.5950,0.6570,1.0126,241
01510000,ifs,8,0.5730,0.6797,0.7587,0.9463,241
01516500,ifs,8,0.0137,0.1154,0.3413,0.6162,241
01518862,ifs,8,-0.1008,0.2655,0.3754,0.6729,241
01532000,ifs,8,-0.8204,0.2807,0.3763,1.0355,239
01539000,ifs,8,-0.3784,0.3818,0.3950,0.9835,225
01542810,ifs,8,0.0330,0.4181,0.4553,0.8516,239
01543000,ifs,8,-0.0216,0.5020,0.5348,0.8360,241
01543500,ifs,8,0.1949,0.4891,0.5684,0.7766,239
01544500,ifs,8,0.3399,0.3947,0.6997,0.6222,241
01545600,ifs,8,0.3495,0.3415,0.6963,0.6256,241
01547700,ifs,8,-0.0525,-0.0483,0.1588,0.7750,241
01548500,ifs,8,0.2273,0.2606,0.6113,0.5904,239
01549500,ifs,8,0.3597,0.4328,0.6616,0.6891,239
01550000,ifs,8,0.2438,0.3657,0.5778,0.6834,239
01552000,ifs,8,-0.0653,0.3875,0.4236,0.8262,241
01552500,ifs,8,-0.2509,0.4155,0.4305,0.8983,241
01557500,ifs,8,-0.4675,0.1372,0.1520,0.9452,241
01567500,ifs,8,-0.2129,0.1496,0.2032,1.0419,241
01568000,ifs,8,-0.1732,0.2760,0.3108,1.1276,241
01580000,ifs,8,-0.2849,0.1476,0.1881,0.9392,237
01583500,ifs,8,-0.0637,0.1751,0.2908,0.8349,241
01586610,ifs,8,-0.1546,0.1841,0.2778,0.7837,207
01591400,ifs,8,-0.0563,0.1453,0.2496,0.9698,241
01596500,ifs,8,-0.1152,0.0244,0.1867,0.7238,239
01605500,ifs,8,-1.9114,-0.0066,0.2566,1.2023,239
01606500,ifs,8,-0.0930,0.2721,0.3479,0.7703,214
01613050,ifs,8,-0.3978,0.1494,0.1719,1.0800,241
01620500,ifs,8,0.0674,0.2102,0.4615,0.5329,239
01632000,ifs,8,-0.4500,0.1775,0.1884,0.9336,239
01632900,ifs,8,-0.5581,0.2927,0.3007,0.9996,239
01634500,ifs,8,-0.1615,0.1284,0.2046,0.9213,224
01638480,ifs,8,-1.5006,-0.1500,0.1706,1.7715,236
01639500,ifs,8,-0.3144,0.1968,0.2245,1.1097,241
01644000,ifs,8,-1.0053,-0.0433,0.2657,1.7401,241
01658500,ifs,8,-0.9836,0.0299,0.0389,1.1288,210
01664000,ifs,8,-0.0951,0.2388,0.2995,0.9006,241
01666500,ifs,8,-0.1730,0.2705,0.3019,1.0885,226
01667500,ifs,8,-0.4333,0.3093,0.3175,1.0980,219
01669000,ifs,8,0.1264,0.4943,0.5144,1.0676,216
01669520,ifs,8,-2.6828,-0.2692,0.5082,1.7600,239
02011400,ifs,8,-0.3416,0.3836,0.4158,1.1525,241
02011460,ifs,8,-0.1023,0.3138,0.3581,0.8311,241
02013000,ifs,8,-0.0576,0.1934,0.2822,1.1083,241
02014000,ifs,8,-0.5607,0.2648,0.2685,1.0379,241
02015700,ifs,8,-0.2397,0.4083,0.4133,1.0560,223
02016000,ifs,8,-0.0387,0.4776,0.4854,0.9101,241
02017500,ifs,8,-0.5147,0.3617,0.4256,1.1138,239
02018000,ifs,8,-0.2342,0.4278,0.4385,1.0637,234
02027000,ifs,8,0.2699,0.5826,0.6606,0.7571,221
02027500,ifs,8,0.4319,0.4972,0.7498,0.6180,224
02028500,ifs,8,0.2262,0.3902,0.5300,0.8101,216
02038850,ifs,8,-0.1928,0.0933,0.1976,0.7820,239
02046000,ifs,8,0.1901,0.3691,0.5530,1.3882,231
02051000,ifs,8,-0.1079,0.0314,0.1685,0.8335,241
02051500,ifs,8,0.2269,0.4358,0.5222,1.1195,239
02053200,ifs,8,-0.9713,0.1010,0.3205,1.5067,210
02053800,ifs,8,-0.1831,0.1634,0.2313,0.8657,222
02055100,ifs,8,-0.1214,0.3743,0.3950,1.1272,239
02056900,ifs,8,-0.6997,0.2251,0.2408,0.8820,216
02059500,ifs,8,-0.1115,0.3418,0.3991,0.7744,210
02064000,ifs,8,0.0307,0.0951,0.3268,0.6951,229
02065500,ifs,8,0.2052,0.3847,0.6062,0.6319,239
02069700,ifs,8,-0.4679,0.1964,0.2278,1.1979,214
02070000,ifs,8,-0.5098,0.0752,0.1117,1.1708,239
02074500,ifs,8,-0.6836,0.1218,0.1313,1.1228,241
02077200,ifs,8,-0.8620,0.2209,0.2939,1.2008,236
02081500,ifs,8,-0.3173,0.0079,0.1212,1.3338,241
02082950,ifs,8,-1.3111,-0.0322,0.4880,1.5947,241
02092500,ifs,8,-20.6612,-2.9724,0.0603,2.7077,241
02096846,ifs,8,-0.6432,-0.1440,-0.0189,1.4653,241
02102908,ifs,8,-0.1592,0.0595,0.1653,0.8956,241
02108000,ifs,8,-0.0101,0.5141,0.5943,1.2028,241
02111180,ifs,8,-0.0441,-0.1365,0.0928,0.9458,241
02111500,ifs,8,-0.1701,0.2272,0.2698,0.9433,239
02118500,ifs,8,-0.4936,0.2632,0.2634,1.0118,241
02128000,ifs,8,-0.0995,-0.2970,0.3845,2.0916,241
02137727,ifs,8,-0.2601,0.0289,0.1079,0.9394,241
02140991,ifs,8,-0.0874,0.0794,0.2020,1.0706,241
02143000,ifs,8,-1.0640,0.2315,0.3232,1.2226,241
02143040,ifs,8,-0.9609,0.1926,0.2310,0.9061,239
02149000,ifs,8,-0.1016,0.0152,0.1509,0.9703,241
02152100,ifs,8,-0.6707,0.1113,0.1134,1.0052,241
02177000,ifs,8,-0.2046,0.0356,0.1270,1.0380,239
02178400,ifs,8,-0.7479,0.2299,0.2436,0.9440,239
02193340,ifs,8,-4.2450,-0.8479,0.5641,1.6792,241
02196000,ifs,8,0.0032,-0.0735,0.2453,0.5143,241
02198100,ifs,8,-0.5963,0.0479,0.1184,1.3365,240
02202600,ifs,8,-0.6809,-0.2320,0.1327,1.8171,241
02212600,ifs,8,0.1479,0.3077,0.4268,1.0095,239
02215100,ifs,8,-0.0205,-0.1268,0.1680,0.6811,241
02216180,ifs,8,-0.0763,-0.4877,-0.0931,0.4470,239
02221525,ifs,8,-0.0404,0.3434,0.3818,1.1028,239
02231000,ifs,8,-1.7248,-0.0479,0.1949,1.4519,241
02231342,ifs,8,-2.6002,-0.3214,0.3659,1.7208,241
02235200,ifs,8,-0.3749,0.4168,0.4979,1.2064,240
02245500,ifs,8,-2.4375,-0.1256,0.2719,1.1084,241
02246000,ifs,8,-1.8622,-0.0022,0.1613,0.8432,239
02296500,ifs,8,-0.2431,-0.0718,0.6082,1.9554,230
02297155,ifs,8,-0.1261,-0.2071,0.2324,0.2913,240
02297310,ifs,8,0.2456,0.4308,0.5649,0.7152,231
02298123,ifs,8,0.3101,0.2692,0.6230,0.5410,241
02298608,ifs,8,-0.3455,0.3831,0.4442,1.2127,241
02299950,ifs,8,-1.4070,0.0774,0.1655,0.8392,241
02300700,ifs,8,-0.4008,0.0944,0.1963,0.6179,241
02310947,ifs,8,-0.2267,-1.0145,-0.2740,2.3229,241
02312200,ifs,8,-4.5692,-3.2254,-0.0038,5.0497,241
02314500,ifs,8,-0.3018,-0.4710,-0.1451,0.5464,241
02315500,ifs,8,-0.3265,-0.6833,-0.3030,0.4157,241
02324400,ifs,8,-0.2202,-1.0425,-0.5475,0.1095,241
02327100,ifs,8,-0.9758,-0.2282,0.5461,2.0502,239
02349900,ifs,8,0.1581,0.0855,0.4138,0.8991,241
02350900,ifs,8,-0.1213,0.2313,0.4486,0.6422,241
02361000,ifs,8,0.0256,0.2692,0.4888,0.6371,241
02363000,ifs,8,0.0374,-0.1138,0.5232,0.3494,239
02369800,ifs,8,0.0440,-0.1891,0.4662,0.4329,240
02371500,ifs,8,0.0987,-0.0544,0.4001,0.7315,241
02372250,ifs,8,0.1160,-0.0098,0.3850,0.7747,239
02374500,ifs,8,0.0388,-0.0519,0.2962,0.6970,241
02381600,ifs,8,-0.3848,0.0445,0.0887,1.0317,241
02384540,ifs,8,-0.6158,0.0387,0.0831,0.7651,241
02395120,ifs,8,-4.3086,-0.4771,0.0745,1.1131,241
02408540,ifs,8,-0.0476,0.3002,0.3510,0.9061,241
02415000,ifs,8,0.2170,0.3605,0.4915,0.9118,231
02422500,ifs,8,-0.5943,0.2996,0.3590,1.2307,224
02427250,ifs,8,0.1229,0.1937,0.3719,1.0325,241
02430085,ifs,8,-0.9529,0.0190,0.0542,1.2599,241
02450250,ifs,8,-1.1782,0.0153,0.0268,1.1009,241
02464000,ifs,8,-1.3512,0.0424,0.0815,1.1133,241
02465493,ifs,8,-1.0125,0.1920,0.2648,1.1758,238
02469800,ifs,8,0.1089,0.0591,0.4570,0.5172,239
02472000,ifs,8,0.2534,0.1835,0.5504,0.6091,241
02472500,ifs,8,0.1000,0.2649,0.4714,0.5867,241
02479155,ifs,8,-0.0235,-0.1899,0.1457,0.5440,241
02479300,ifs,8,0.0592,-0.2048,0.4825,0.3444,241
02481000,ifs,8,0.0043,-0.3548,0.2633,0.2165,241
02481510,ifs,8,0.0162,-0.2700,0.3494,0.2843,241
03010655,ifs,8,0.3474,0.4769,0.6606,0.7001,212
03011800,ifs,8,-0.0605,0.3718,0.4206,0.8033,241
03015500,ifs,8,-0.1016,0.5144,0.5639,1.0340,241
03021350,ifs,8,-0.2975,0.4278,0.4724,0.8849,239
03026500,ifs,8,-0.0821,0.3749,0.4030,0.8586,241
03028000,ifs,8,0.0652,0.4792,0.5649,0.7201,241
03049800,ifs,8,-0.1219,-0.1230,0.1292,0.6140,239
03050000,ifs,8,0.0083,0.3291,0.3850,0.8974,239
03066000,ifs,8,0.0799,0.3154,0.4266,0.7867,241
03069500,ifs,8,0.0485,0.2906,0.4062,0.7627,239
03070500,ifs,8,-0.3641,0.4154,0.4980,1.1275,239
03076600,ifs,8,-0.0438,0.1294,0.3284,0.6331,241
03078000,ifs,8,-0.1368,0.0230,0.1997,0.6623,241
03140000,ifs,8,0.0546,0.1903,0.3278,0.9209,239
03144000,ifs,8,-0.4630,0.1378,0.1522,0.9569,241
03159540,ifs,8,-0.2444,0.2383,0.2685,0.8762,241
03161000,ifs,8,-0.0670,0.0330,0.2241,0.8372,241
03164000,ifs,8,0.2001,0.4264,0.5622,0.8251,241
03165000,ifs,8,-0.2104,-0.0687,0.0673,0.8582,224
03170000,ifs,8,0.0342,0.2079,0.3527,0.8394,241
03173000,ifs,8,0.0024,0.3953,0.4278,0.8830,239
03180500,ifs,8,0.1356,0.3590,0.4541,0.8448,225
03182500,ifs,8,0.0709,0.4392,0.4644,0.9446,239
03186500,ifs,8,-0.0037,0.4436,0.4517,0.9822,239
03187500,ifs,8,-0.0543,0.4995,0.5047,0.9598,238
03213700,ifs,8,-0.9091,0.2375,0.3334,1.1822,241
03237280,ifs,8,0.0140,0.1971,0.3292,0.7763,241
03237500,ifs,8,-0.3539,0.0988,0.1356,0.9804,239
03241500,ifs,8,-0.0579,0.0648,0.2507,0.6665,228
03280700,ifs,8,-0.9654,0.1964,0.2448,0.8977,213
03281100,ifs,8,-1.9812,-0.0178,0.2633,1.1128,239
03281500,ifs,8,-1.6055,0.0738,0.3087,1.0764,228
03285000,ifs,8,-0.9779,-0.1151,0.2251,1.7836,238
03291780,ifs,8,-0.1321,0.1309,0.2124,0.9732,241
03300400,ifs,8,-0.2640,0.1009,0.1588,1.0895,241
03340800,ifs,8,-0.4142,0.1685,0.1863,0.9118,193
03346000,ifs,8,-0.1861,0.0789,0.2228,0.6259,241
03364500,ifs,8,0.1132,0.0662,0.3751,0.6011,241
03366500,ifs,8,-0.3320,0.0979,0.1504,0.8393,241
03368000,ifs,8,-0.1555,-0.0039,0.1424,0.7300,241
03384450,ifs,8,-0.2692,-0.0823,0.0474,0.7263,241
03439000,ifs,8,-0.2275,-0.3167,-0.0187,0.6396,239
03450000,ifs,8,-0.0832,-0.2305,0.0440,0.8016,241
03455500,ifs,8,-0.6417,0.0354,0.1180,0.6738,239
03456500,ifs,8,-0.1896,-0.1025,0.0869,0.7707,239
03460000,ifs,8,-0.4904,0.2435,0.4617,0.6112,241
03463300,ifs,8,-0.2411,0.1173,0.1817,0.8862,241
03471500,ifs,8,0.3192,0.5534,0.7116,0.7195,239
03473000,ifs,8,0.1180,0.4242,0.5752,0.7110,241
03479000,ifs,8,-0.0470,0.1466,0.2758,0.8693,239
03488000,ifs,8,0.1576,0.3166,0.4916,0.7254,241
03498500,ifs,8,-0.2094,0.2861,0.3561,0.7454,241
03500000,ifs,8,-0.4566,0.3329,0.3639,0.8058,239
03504000,ifs,8,-0.6237,0.1838,0.2120,0.8300,239
03574500,ifs,8,-0.2321,-0.0032,0.1320,0.6917,241
03604000,ifs,8,-0.0622,-0.2063,0.0762,0.7671,239
04015330,ifs,8,0.1179,0.1567,0.3894,0.6504,200
04024430,ifs,8,0.1950,0.4309,0.5462,0.7108,241
04027000,ifs,8,0.4149,0.4230,0.6632,0.7451,241
04040500,ifs,8,0.8184,0.7905,0.9087,0.9115,241
04043050,ifs,8,0.7673,0.8346,0.8792,0.9120,182
04045500,ifs,8,0.8698,0.8089,0.9461,0.8178,237
04056500,ifs,8,0.5741,0.4691,0.8420,0.7200,231
04057510,ifs,8,0.8710,0.7016,0.9624,0.7878,161
04057800,ifs,8,0.7777,0.6201,0.9059,0.7230,241
04059500,ifs,8,0.8536,0.7852,0.9343,0.9948,241
04063700,ifs,8,0.6660,0.4395,0.9094,0.6277,241
04074950,ifs,8,0.5855,0.5175,0.8674,0.7544,241
04105700,ifs,8,0.3726,0.4795,0.6262,0.9284,241
04115265,ifs,8,0.1447,0.2420,0.4032,0.9686,241
04122200,ifs,8,0.4183,0.4655,0.6711,0.8619,241
04122500,ifs,8,0.6686,0.6849,0.8355,0.9138,239
04124000,ifs,8,0.6892,0.6143,0.8583,0.9892,241
04127997,ifs,8,0.4644,0.4549,0.7208,0.9103,204
04185000,ifs,8,0.4704,0.5791,0.6914,0.8828,218
04196800,ifs,8,0.0539,0.1233,0.3188,0.7449,241
04197100,ifs,8,-0.0141,0.1048,0.2467,0.9434,241
04197170,ifs,8,-0.0813,-0.0030,0.1755,0.7252,241
04213000,ifs,8,-0.5493,0.3387,0.4049,1.1587,239
04213075,ifs,8,-0.3014,0.1786,0.2068,0.9509,237
04216418,ifs,8,0.0427,0.4858,0.4967,1.0892,241
04221000,ifs,8,-0.1094,0.1909,0.3702,0.5935,241
04224775,ifs,8,-0.0245,0.1697,0.3487,0.6462,239
04256000,ifs,8,0.5874,0.7436,0.8067,1.1661,239
04296000,ifs,8,0.3402,0.5088,0.6121,0.8477,241
05057000,ifs,8,-1.0032,0.1326,0.4134,0.5312,163
05057200,ifs,8,-0.1925,0.4705,0.5318,1.1448,240
05062500,ifs,8,0.1725,0.6162,0.6318,1.0071,202
05087500,ifs,8,0.1374,0.4679,0.5029,1.1013,241
05120500,ifs,8,-10.0704,-1.4856,-0.0442,3.1978,210
05123400,ifs,8,-0.3950,-0.6564,-0.0244,0.1567,240
05129115,ifs,8,-0.8203,-0.8897,-0.2533,0.0000,241
05131500,ifs,8,0.1291,0.2216,0.4827,0.5771,145
05291000,ifs,8,-1.0944,0.1947,0.3375,0.8343,241
05362000,ifs,8,0.4579,0.7157,0.7356,0.8964,240
05393500,ifs,8,0.5038,0.6759,0.7269,0.8870,241
05399500,ifs,8,-0.0182,0.3741,0.4041,0.9146,239
05408000,ifs,8,-0.0322,-0.0596,0.1925,0.8152,240
05412500,ifs,8,-0.0353,0.1057,0.3692,0.6467,241
05413500,ifs,8,-0.3513,0.0407,0.1820,0.7620,211
05414000,ifs,8,-0.1587,0.0694,0.5013,0.5936,207
05444000,ifs,8,-0.5266,0.2859,0.3505,0.7221,239
05454000,ifs,8,-0.4098,0.2256,0.2859,0.7051,241
05458000,ifs,8,-0.0969,-0.1197,0.1163,0.6890,241
05466500,ifs,8,0.0355,0.1127,0.2983,0.7933,239
05487980,ifs,8,-0.4461,0.1233,0.1424,0.9502,239
05488200,ifs,8,-0.0437,-0.0583,0.2122,0.5321,239
05489000,ifs,8,-0.2379,-0.0960,0.0698,0.6329,239
05495000,ifs,8,-3.4701,-0.6979,0.1895,2.1050,239
05495500,ifs,8,-0.3181,0.0992,0.1726,0.7402,235
05501000,ifs,8,-0.1950,-0.0680,0.0701,0.7997,239
05503800,ifs,8,-0.7785,0.0019,0.0455,1.2821,241
05507600,ifs,8,-1.7671,-0.2132,0.1750,1.7359,241
05508805,ifs,8,-1.1825,-0.1312,0.3685,1.8110,239
05514500,ifs,8,0.2747,0.5804,0.6159,1.1553,239
05525500,ifs,8,0.0981,0.3380,0.4186,1.0800,239
05556500,ifs,8,-0.6396,0.1002,0.1715,0.6511,241
05584500,ifs,8,-0.1933,0.1482,0.2328,0.7645,239
05585000,ifs,8,-0.0445,0.2615,0.3680,0.7084,241
05591550,ifs,8,-0.1395,0.0818,0.1881,0.8429,239
05592050,ifs,8,0.1199,0.2646,0.4029,0.8468,222
05592575,ifs,8,-0.1264,0.1341,0.2369,0.7748,239
05593575,ifs,8,-0.5833,0.0783,0.3339,1.6185,241
05593900,ifs,8,-0.0476,0.1399,0.2655,0.7918,239
05595730,ifs,8,-2.0651,-0.2390,0.2491,1.6989,241
06037500,ifs,8,-2.0577,0.4312,0.8470,1.2815,241
06043500,ifs,8,0.3905,0.3861,0.9581,1.3231,241
06154410,ifs,8,-0.1311,0.0299,0.1920,0.7153,241
06188000,ifs,8,0.8462,0.8894,0.9325,0.9760,241
06191500,ifs,8,0.7642,0.6993,0.9452,1.1084,241
06221400,ifs,8,0.8099,0.8428,0.9239,1.0639,241
06224000,ifs,8,0.7012,0.8394,0.8564,1.0692,241
06289000,ifs,8,0.2942,0.6353,0.6578,0.8818,241
06332515,ifs,8,-32.3339,-4.8347,0.2632,4.1958,118
06339100,ifs,8,-63.6894,-7.1022,0.3282,4.7655,177
06339500,ifs,8,-4.4269,-0.5455,0.1864,0.6871,171
06344600,ifs,8,-51.4387,-6.6648,0.2997,5.8774,180
06350000,ifs,8,-25.1957,-3.5529,0.2956,3.1665,241
06352000,ifs,8,-0.0166,-0.1039,0.5122,1.3446,240
06353000,ifs,8,-0.0008,-0.1137,0.5119,0.8149,239
06354000,ifs,8,-0.3675,0.3041,0.4262,0.6136,176
06360500,ifs,8,0.1286,0.1451,0.5295,1.5401,142
06404000,ifs,8,-23.9366,-2.9203,-0.1568,1.8496,208
06406000,ifs,8,-164.1831,-3.8004,0.9007,5.7504,183
06408700,ifs,8,-1577.2104,-4.0265,0.2317,1.5099,241
06409000,ifs,8,-1.4073,0.6425,0.8619,1.2623,196
06431500,ifs,8,-1.9014,0.2754,0.3668,1.1024,230
06440200,ifs,8,-0.3770,-0.3103,-0.0109,0.2862,163
06441500,ifs,8,-59.7332,-6.8838,0.0766,5.2979,180
06447000,ifs,8,-0.1255,-0.3483,-0.0104,0.4689,143
06447500,ifs,8,-0.1171,-0.1739,0.2011,0.7128,241
06450500,ifs,8,0.0383,-0.1286,0.2887,1.0590,211
06452000,ifs,8,-0.0046,-0.2673,0.0610,1.0346,178
06453600,ifs,8,-1.1164,-0.2184,0.0329,1.7342,238
06464500,ifs,8,-1.2686,0.1339,0.2160,1.1860,178
06477500,ifs,8,-145.4613,-11.3077,0.0051,7.1627,240
06479215,ifs,8,-0.1558,-0.2123,0.0439,0.6087,241
06479438,ifs,8,-0.1454,-0.4897,0.0114,0.2549,241
06601000,ifs,8,-0.3039,-0.1445,-0.0183,0.8457,241
06614800,ifs,8,0.7710,0.6013,0.9373,1.3611,241
06622700,ifs,8,-0.3575,0.1218,0.7665,1.6402,241
06623800,ifs,8,0.8279,0.9124,0.9159,0.9855,241
06632400,ifs,8,-0.3176,0.3178,0.4702,1.4058,241
06784000,ifs,8,-1.4637,-0.0398,0.0486,1.3477,241
06803510,ifs,8,-0.9721,-0.0121,-0.0115,1.0232,241
06803530,ifs,8,-0.4455,-0.0762,-0.0161,0.9357,241
06814000,ifs,8,-0.3943,-0.1287,0.0015,0.6335,241
06846500,ifs,8,-0.0095,-0.4715,-0.0575,1.3836,241
06847900,ifs,8,-0.0050,-0.2139,0.1444,1.3431,241
06853800,ifs,8,-1.3328,-0.3712,-0.0114,1.9252,241
06876700,ifs,8,-0.0046,-0.2409,0.2862,0.2997,241
06878000,ifs,8,-0.1122,-0.2493,0.0621,0.4717,241
06879650,ifs,8,-0.0440,-0.2522,0.1355,0.4286,240
06885500,ifs,8,-0.1726,-0.2900,0.0014,0.4695,241
06888500,ifs,8,-0.0782,-0.3923,0.0167,0.3774,241
06889200,ifs,8,-0.2971,-0.1358,0.0023,0.7096,241
06889500,ifs,8,-0.3556,-0.0656,0.0227,0.8160,241
06892000,ifs,8,-0.3037,0.2380,0.2737,0.8004,241
06903400,ifs,8,-0.0590,-0.2218,0.1580,0.3716,241
06906800,ifs,8,0.1659,0.3712,0.4735,0.8179,241
06910800,ifs,8,-0.1939,-0.2079,0.0212,0.5665,241
06911900,ifs,8,-0.3546,-0.1576,-0.0083,0.6205,241
06917000,ifs,8,-0.2157,0.3084,0.3606,0.7431,241
06918460,ifs,8,0.1239,0.3624,0.4381,0.9957,241
06919500,ifs,8,-0.1890,0.1240,0.2697,0.5902,241
06921070,ifs,8,0.1003,0.1642,0.3693,0.7284,241
06921200,ifs,8,-0.0034,-0.2311,0.2282,0.3544,241
06934000,ifs,8,-0.0931,0.2842,0.3795,0.7097,240
07014500,ifs,8,-0.0376,-0.0770,0.1762,0.6781,241
07056000,ifs,8,-0.0077,0.2883,0.3628,0.8391,241
07057500,ifs,8,-0.1066,0.2018,0.2840,0.8529,233
07060710,ifs,8,-0.0001,-0.3920,0.0308,1.0571,241
07066000,ifs,8,-0.2606,0.1454,0.2010,0.8605,241
07067000,ifs,8,-0.1602,0.2731,0.4531,0.6061,241
07068000,ifs,8,-0.0393,0.2353,0.3794,0.7897,240
07071500,ifs,8,-0.6983,0.2705,0.2946,0.8140,241
07083000,ifs,8,-1.9359,-0.4849,0.8646,1.8786,241
07142300,ifs,8,-8.1985,-4.9967,-0.0921,6.8332,241
07145700,ifs,8,-0.0121,-0.5296,0.0989,0.1801,238
07148400,ifs,8,-0.5986,0.2310,0.7377,1.4665,241
07149000,ifs,8,-0.2525,0.3666,0.5789,1.4643,241
07151500,ifs,8,-0.0349,-0.5148,-0.0399,0.4005,241
07167500,ifs,8,0.0393,-0.2298,0.2518,1.7197,241
07180500,ifs,8,-0.0770,-0.1464,0.0949,0.6873,241
07184000,ifs,8,0.0772,-0.1814,0.3287,0.3766,239
07195800,ifs,8,-0.3914,0.2712,0.2746,0.9437,239
07196900,ifs,8,-0.4917,0.1320,0.1681,1.2188,240
07197000,ifs,8,-1.3743,0.1007,0.3972,1.2312,241
07208500,ifs,8,0.1168,0.5333,0.7392,1.0706,241
07226500,ifs,8,-0.0190,-0.4809,0.0048,0.3579,239
07261000,ifs,8,-0.8144,-0.0343,0.2480,1.7003,239
07263295,ifs,8,-2.2222,-1.7217,0.0242,3.5123,239
07290650,ifs,8,-0.2278,0.0456,0.1758,0.6754,241
07291000,ifs,8,-0.2769,-0.2468,0.0706,0.3811,241
07292500,ifs,8,-0.1136,-0.0083,0.1482,0.8030,241
07295000,ifs,8,-0.2452,-0.1326,0.0322,0.6716,241
07299670,ifs,8,-0.6701,-0.4772,-0.0200,2.0371,231
07301410,ifs,8,-0.4241,-0.2153,-0.0926,0.7695,230
07301500,ifs,8,-0.1859,-0.5675,0.0496,1.7843,203
07315200,ifs,8,-5.4430,-2.0926,0.0198,3.6399,161
07315700,ifs,8,-14.3797,-3.9799,0.1373,5.0278,218
07335700,ifs,8,-0.3475,-0.0892,0.0679,0.5740,232
07340300,ifs,8,-0.7128,0.1218,0.1222,1.0101,241
07346045,ifs,8,-5.4540,-0.7216,0.1618,0.8459,241
07359610,ifs,8,-1.6384,-0.2069,0.1623,1.7841,241
07362100,ifs,8,-3.5095,-0.8674,0.5045,2.2974,241
07362587,ifs,8,-1.3728,-0.7685,0.1149,2.5175,239
07373000,ifs,8,-0.1694,-0.1353,0.1014,0.6172,237
07375000,ifs,8,-0.4277,-0.1556,0.0274,0.4854,241
07376000,ifs,8,-0.1065,-0.0012,0.2207,0.5979,241
08013000,ifs,8,0.2489,0.4176,0.5546,0.7280,241
08014500,ifs,8,0.1523,0.0996,0.4819,0.5699,241
08023080,ifs,8,-1.7343,-1.1292,0.2383,2.9305,241
08025500,ifs,8,-0.1939,-0.0943,0.0387,0.9419,241
08029500,ifs,8,-1.2177,0.1199,0.2519,1.2797,241
08050800,ifs,8,-0.0257,-0.2937,0.0518,0.6455,240
08066200,ifs,8,-0.0794,-0.3299,0.0153,0.4734,241
08066300,ifs,8,-0.0582,-0.5366,-0.0131,0.2190,241
08070000,ifs,8,-3.0282,-0.3820,0.3075,1.5792,241
08070200,ifs,8,-1.0585,0.1843,0.2412,1.0287,241
08079600,ifs,8,-42.4364,-10.3658,-0.0186,11.0040,196
08082700,ifs,8,-0.2399,-0.1374,-0.0106,1.0349,227
08086212,ifs,8,0.0320,-0.2264,0.2162,1.6577,241
08086290,ifs,8,-0.7031,-2.0894,0.1602,3.9730,241
08101000,ifs,8,-13.7308,-2.5620,0.1555,3.1122,241
08103900,ifs,8,-0.9371,0.1621,0.1815,1.0669,241
08104900,ifs,8,-3.6119,-0.3552,0.0394,0.8204,241
08109700,ifs,8,-0.8466,0.0054,0.2378,1.6146,224
08150800,ifs,8,0.0239,-0.3329,0.1860,0.4506,241
08155200,ifs,8,-38.7329,-5.0870,0.0783,3.9564,241
08158700,ifs,8,-112.3614,-15.6360,0.0469,14.6595,241
08158810,ifs,8,-10.8741,-1.6499,0.1218,1.6521,241
08164000,ifs,8,-3.7942,-0.6976,0.1036,2.0042,241
08164300,ifs,8,-0.3993,-0.0825,-0.0132,0.9941,238
08164600,ifs,8,-38.5125,-7.4140,0.2448,7.4431,241
08165300,ifs,8,-0.0332,-0.3127,-0.0104,0.8784,241
08171300,ifs,8,-204.2950,-40.9672,0.0085,40.9797,241
08175000,ifs,8,-3.0072,-0.2914,0.2431,0.6629,241
08176900,ifs,8,-185.8399,-15.9054,0.1290,12.2668,241
08178880,ifs,8,-0.0526,-0.4666,0.0547,0.2533,241
08189500,ifs,8,-4.6272,-0.6274,0.2321,1.3422,241
08190000,ifs,8,-0.0174,-0.3311,0.0346,0.6405,241
08190500,ifs,8,0.4233,0.0080,0.7915,1.9621,235
08194200,ifs,8,0.0541,-0.2473,0.2614,0.3293,241
08195000,ifs,8,-0.0097,-0.4153,0.0434,0.4646,241
08196000,ifs,8,-0.0521,0.0498,0.2608,1.4299,229
08198500,ifs,8,-0.0133,-0.5704,-0.0071,0.2500,241
08200000,ifs,8,-0.0283,-0.3824,0.1008,0.3045,241
08202700,ifs,8,-0.0086,-0.5800,0.0537,0.1084,240
08267500,ifs,8,-22.3903,-2.3152,0.6980,2.6494,241
08269000,ifs,8,-3.4691,-0.3764,0.7182,1.7060,241
08271000,ifs,8,-45.4663,-4.2338,0.7692,2.4792,241
08324000,ifs,8,0.0791,0.5555,0.6997,1.1655,241
08377900,ifs,8,-3.9086,-0.4544,0.4642,1.3634,241
08378500,ifs,8,-5.2408,-0.8529,0.6012,1.3030,233
08380500,ifs,8,-2.8012,-0.1610,0.4684,1.7461,241
09034900,ifs,8,0.1533,0.2074,0.8828,1.5830,237
09035900,ifs,8,0.5481,0.7349,0.8284,1.1001,207
09047700,ifs,8,-4.9882,-1.0154,0.8806,1.4455,239
09065500,ifs,8,0.7315,0.6428,0.9437,1.1417,241
09066000,ifs,8,-0.9412,0.1622,0.5915,1.1722,241
09066200,ifs,8,0.7080,0.6259,0.9312,1.2299,241
09066300,ifs,8,-0.4377,-0.0392,0.7997,1.8155,241
09081600,ifs,8,0.1366,0.6038,0.6293,1.0222,241
09107000,ifs,8,-1.1194,0.0199,0.7032,1.2801,240
09210500,ifs,8,-1.3578,0.0987,0.7424,1.5390,214
09223000,ifs,8,-2.7145,-0.5490,0.8815,1.9808,180
09306242,ifs,8,-381.6242,-4.1817,0.8969,6.0636,239
09312600,ifs,8,-2.1449,-0.6271,0.4834,2.4022,241
09352900,ifs,8,-0.6897,0.2667,0.5618,1.3346,211
09378170,ifs,8,0.2551,0.2666,0.5408,1.3178,241
09378630,ifs,8,,,,,241
09386900,ifs,8,-126.1014,-9.4924,-0.0302,3.6217,241
09404450,ifs,8,0.7089,0.7862,0.8562,0.9214,241
09430500,ifs,8,-1.4077,-0.0070,0.3372,0.2649,241
09430600,ifs,8,-0.0831,0.0089,0.4189,0.3124,241
09447800,ifs,8,-2.2255,-0.6382,0.0374,2.0351,241
09480000,ifs,8,-0.1763,-3.3456,0.2924,5.2687,241
09484000,ifs,8,-1.1072,-0.9568,0.2207,2.7844,216
09484600,ifs,8,-0.4114,-1.4615,0.5406,3.4051,240
09492400,ifs,8,-1.1667,0.1111,0.7797,1.6983,240
09494000,ifs,8,-0.8392,0.2753,0.3783,1.1053,241
09497800,ifs,8,-0.1101,-0.6243,-0.2527,1.5140,241
09497980,ifs,8,-0.4080,0.1815,0.1941,0.9648,210
09505200,ifs,8,0.2295,0.4681,0.5292,0.9760,241
09505350,ifs,8,0.1813,0.3443,0.4595,1.0497,241
09505800,ifs,8,0.5541,0.7719,0.7729,1.0091,241
09508300,ifs,8,-0.0166,-0.2116,0.1485,0.5243,241
09510200,ifs,8,-2.5461,-1.1798,0.1013,2.8834,222
09512280,ifs,8,-0.0631,-0.9784,-0.1000,2.3816,241
09513780,ifs,8,-3.9348,-6.0998,0.0473,8.0288,240
10023000,ifs,8,-14.3873,-0.6381,0.0763,2.2149,241
10166430,ifs,8,-13300.4151,-90.5927,0.5622,72.8536,241
10172700,ifs,8,-29.9105,-0.2806,0.6219,2.0171,241
10172800,ifs,8,-9.8522,-0.8994,0.8071,2.3677,241
10173450,ifs,8,-0.3859,0.3935,0.4160,0.9987,241
10205030,ifs,8,-194.3250,-9.9714,-0.0175,2.3584,241
10234500,ifs,8,-0.1002,-0.2691,-0.0300,0.8676,237
10242000,ifs,8,-29.2359,-3.7161,0.4145,4.4987,241
10244950,ifs,8,-37.0607,-1.5625,0.7148,1.5600,241
10249300,ifs,8,-44.6614,-4.5888,0.5143,4.3331,240
10258000,ifs,8,,,,,69
10258500,ifs,8,0.0303,-0.2265,0.1930,0.5039,241
10259000,ifs,8,0.7591,0.6752,0.9004,1.0712,241
10259200,ifs,8,-5.4070,-4.5530,0.3272,6.3303,241
10263500,ifs,8,-0.7893,0.0349,0.7848,1.2640,241
10310500,ifs,8,-1.7559,0.1119,0.8711,1.7809,241
10316500,ifs,8,-0.3288,0.3314,0.6822,1.2391,241
10329500,ifs,8,0.4620,0.5407,0.8927,1.1905,241
10336645,ifs,8,0.4109,0.6600,0.7138,1.1835,227
10336660,ifs,8,0.5325,0.7206,0.7445,1.0258,241
10343500,ifs,8,0.3900,0.5734,0.6603,0.8345,241
10348850,ifs,8,-2.2188,0.0088,0.8243,1.7172,241
10396000,ifs,8,-0.9866,0.1761,0.5976,1.2306,241
11098000,ifs,8,0.2475,0.4634,0.7529,1.3840,241
11124500,ifs,8,-5.3447,-1.4257,0.7812,2.5072,241
11141280,ifs,8,-1.1075,0.1502,0.4568,1.2727,241
11143000,ifs,8,-0.6107,0.2392,0.5911,1.3273,241
11148900,ifs,8,0.0685,0.4270,0.4939,0.7473,241
11151300,ifs,8,0.2286,0.2374,0.6902,1.6726,241
11162500,ifs,8,-0.1234,0.4246,0.4585,0.8074,241
11176400,ifs,8,-0.6959,0.0947,0.1331,0.7405,144
11180500,ifs,8,-7.5954,-2.3205,0.4405,3.4330,241
11180960,ifs,8,-18.6069,-3.3029,0.1720,3.4922,241
11224500,ifs,8,-0.1804,-0.2348,0.0893,0.3266,241
11253310,ifs,8,0.3253,0.2272,0.5841,0.5155,241
11264500,ifs,8,-0.8325,0.1807,0.1898,0.9993,241
11266500,ifs,8,-0.6226,0.2833,0.3073,1.1153,241
11274500,ifs,8,-1.5169,0.0072,0.1920,1.3765,241
11274630,ifs,8,-1.7328,0.0080,0.1173,1.1121,241
11284400,ifs,8,-0.6339,0.0949,0.2539,0.4934,241
11299600,ifs,8,-0.5532,0.1797,0.1867,0.9043,238
11381500,ifs,8,0.5245,0.4217,0.8029,1.0085,241
11383500,ifs,8,0.6262,0.5247,0.8433,1.0609,241
11451100,ifs,8,0.6987,0.8010,0.8519,1.1321,106
11468500,ifs,8,0.5561,0.4041,0.8639,0.8993,241
11473900,ifs,8,0.5363,0.4004,0.8399,0.9070,241
11475560,ifs,8,0.6486,0.5855,0.8315,0.9425,241
11476600,ifs,8,0.8397,0.7522,0.9222,1.1800,240
11478500,ifs,8,0.6757,0.5238,0.8314,1.4242,241
11480390,ifs,8,0.6716,0.5095,0.9069,0.9940,241
11481200,ifs,8,0.4861,0.5257,0.7005,1.1627,241
11482500,ifs,8,0.6379,0.5317,0.8222,1.3875,241
11522500,ifs,8,0.2275,0.4054,0.6666,1.4924,241
11523200,ifs,8,-0.4291,0.1262,0.6411,1.7171,241
11528700,ifs,8,0.5770,0.5211,0.7874,1.1172,241
11532500,ifs,8,0.5562,0.5687,0.7532,1.0578,241
12010000,ifs,8,0.3731,0.6030,0.7169,0.7236,241
12013500,ifs,8,0.4176,0.6745,0.7821,0.8937,241
12020000,ifs,8,0.5056,0.5613,0.7619,0.6400,241
12025000,ifs,8,0.5693,0.7881,0.7946,1.0292,241
12025700,ifs,8,0.4810,0.7076,0.7859,0.8587,241
12035000,ifs,8,0.3532,0.6757,0.7211,0.8810,241
12040500,ifs,8,0.1984,0.6015,0.6321,0.8619,241
12041200,ifs,8,0.0194,0.5201,0.6813,0.8443,241
12043000,ifs,8,0.4977,0.6843,0.7477,0.8189,241
12048000,ifs,8,0.4960,0.6778,0.8694,1.2429,241
12054000,ifs,8,0.0908,0.4646,0.7702,1.3140,241
12056500,ifs,8,0.4319,0.6984,0.7729,0.8876,241
12073500,ifs,8,-0.3448,0.4207,0.5843,1.1010,240
12082500,ifs,8,0.2953,0.2875,0.5548,0.9881,235
12092000,ifs,8,0.1001,0.1273,0.3380,0.9564,241
12095000,ifs,8,0.5244,0.6631,0.7352,0.8779,241
12114500,ifs,8,0.4531,0.4022,0.7146,1.0174,241
12115000,ifs,8,0.4408,0.3951,0.7023,0.9906,241
12115500,ifs,8,0.4127,0.3812,0.6716,0.8411,241
12117000,ifs,8,0.2444,0.5705,0.5838,0.9913,241
12141300,ifs,8,0.2884,0.3405,0.5401,1.0848,241
12143600,ifs,8,0.3129,0.3516,0.5705,1.1766,238
12144000,ifs,8,0.3940,0.4546,0.6283,0.9990,240
12145500,ifs,8,0.1447,0.5767,0.6047,0.8640,241
12147600,ifs,8,0.3189,0.4317,0.5696,0.9335,241
12167000,ifs,8,0.3983,0.5874,0.6644,1.1724,241
12175500,ifs,8,-0.0950,0.4958,0.5172,1.1108,241
12186000,ifs,8,0.0402,0.3773,0.4312,1.1429,238
12189500,ifs,8,0.1518,0.4381,0.5219,1.2072,240
12358500,ifs,8,0.6139,0.8049,0.8255,1.0226,241
12377150,ifs,8,0.5454,0.7705,0.7717,0.9771,241
12381400,ifs,8,0.3590,0.5178,0.8580,1.2141,208
12390700,ifs,8,0.4199,0.6261,0.6968,1.1731,241
12411000,ifs,8,0.7589,0.7357,0.8858,1.1817,230
12414500,ifs,8,0.6406,0.6709,0.8125,0.8972,241
12447390,ifs,8,-0.2002,-0.2402,0.2210,0.3620,241
12451000,ifs,8,0.4561,0.6755,0.7973,1.2180,241
12488500,ifs,8,0.5688,0.7146,0.7856,1.1571,241
13011500,ifs,8,0.7080,0.6112,0.9313,1.2924,241
13011900,ifs,8,0.7987,0.8136,0.9265,0.9633,241
13018300,ifs,8,-0.3848,0.0136,0.9359,1.4715,241
13023000,ifs,8,0.5279,0.7614,0.8040,0.9158,199
13161500,ifs,8,0.6703,0.6500,0.8532,0.7833,241
13235000,ifs,8,0.5952,0.6531,0.7897,0.8851,239
13240000,ifs,8,0.7888,0.8630,0.8887,1.0011,162
13310700,ifs,8,0.5881,0.4992,0.9011,0.6720,241
13313000,ifs,8,0.6947,0.4849,0.9573,0.6435,241
13331500,ifs,8,0.5020,0.5230,0.9111,1.2358,241
13337000,ifs,8,0.6620,0.6664,0.8539,0.8066,241
13338500,ifs,8,0.7844,0.8785,0.8923,1.0532,241
13340000,ifs,8,0.4941,0.6023,0.7605,0.7768,241
13340600,ifs,8,0.5575,0.5723,0.8753,0.6846,241
14020000,ifs,8,0.2665,0.1587,0.6558,0.6365,241
14092750,ifs,8,0.4355,0.6054,0.8410,0.9524,241
14096850,ifs,8,-3.4033,-0.3601,0.6560,0.5036,241
14137000,ifs,8,0.5391,0.4700,0.7793,0.9939,236
14138800,ifs,8,0.3878,0.3788,0.6382,0.8783,241
14138870,ifs,8,0.4037,0.4550,0.6457,0.8287,241
14138900,ifs,8,0.0629,0.1930,0.3353,0.9090,241
14139800,ifs,8,0.3989,0.4740,0.6397,0.8313,239
14141500,ifs,8,0.4818,0.5241,0.6998,0.8845,241
14154500,ifs,8,0.4167,0.5105,0.6458,1.0193,241
14158500,ifs,8,0.7963,0.7304,0.9283,1.0864,226
14158790,ifs,8,0.4618,0.6513,0.6958,1.0595,237
14166500,ifs,8,0.2195,0.2648,0.4736,0.8787,241
14182500,ifs,8,0.4310,0.3885,0.6920,0.7391,241
14185000,ifs,8,0.4230,0.6669,0.6839,1.0039,241
14185900,ifs,8,0.3853,0.5510,0.6339,0.9177,238
14187000,ifs,8,0.3226,0.5746,0.6112,1.0500,239
14216500,ifs,8,0.7460,0.7068,0.8751,1.0106,238
14222500,ifs,8,0.5192,0.5483,0.7255,0.9999,241
14236200,ifs,8,0.6883,0.6313,0.8494,0.8211,240
14301000,ifs,8,0.6121,0.5990,0.7936,0.8886,240
14303200,ifs,8,0.4722,0.3920,0.7505,0.8981,241
14305500,ifs,8,0.4326,0.5279,0.6594,0.9269,239
14306340,ifs,8,0.4364,0.3802,0.7018,0.7478,241
14306500,ifs,8,0.5536,0.5532,0.7571,0.8930,241
14308990,ifs,8,0.3521,0.2797,0.6609,0.8738,241
14309500,ifs,8,0.3077,0.2186,0.6136,0.7633,241
14316700,ifs,8,0.4014,0.4505,0.6353,1.0182,241
14325000,ifs,8,0.4528,0.4485,0.6853,0.8235,241
14362250,ifs,8,0.1124,-0.0177,0.5495,0.4807,148
14400000,ifs,8,0.5816,0.5280,0.7809,0.7769,241
01013500,ifs,9,0.8828,0.8138,0.9488,0.8627,241
01022500,ifs,9,0.5630,0.6632,0.7533,1.0739,241
01030500,ifs,9,0.7078,0.7507,0.8981,1.1167,241
01031500,ifs,9,0.2767,0.5902,0.6042,1.0369,239
01047000,ifs,9,0.2335,0.5613,0.5758,0.9903,241
01052500,ifs,9,0.2832,0.2803,0.5581,0.7299,241
01054200,ifs,9,0.0970,0.0581,0.3895,0.5501,241
01055000,ifs,9,0.1561,0.4622,0.4991,1.0043,241
01057000,ifs,9,0.3660,0.6510,0.6597,0.9908,241
01073000,ifs,9,0.5554,0.7448,0.8081,1.1293,241
01078000,ifs,9,0.2342,0.3011,0.5384,0.7019,239
01118300,ifs,9,0.1236,0.4068,0.4752,0.8502,239
01121000,ifs,9,0.4710,0.6433,0.7247,1.2049,239
01123000,ifs,9,0.5960,0.6493,0.7740,0.9436,241
01134500,ifs,9,0.4600,0.6416,0.6931,0.9344,239
01137500,ifs,9,0.3515,0.4492,0.6189,0.7907,241
01139000,ifs,9,0.3869,0.6604,0.6718,0.9595,237
01139800,ifs,9,0.7150,0.8143,0.8497,1.0579,241
01142500,ifs,9,0.4872,0.6835,0.7198,0.9194,239
01144000,ifs,9,0.6521,0.8076,0.8236,0.9299,241
01169000,ifs,9,0.2852,0.4697,0.5576,1.0569,239
01170100,ifs,9,0.3816,0.5816,0.6376,0.9685,240
01181000,ifs,9,0.6151,0.7264,0.7878,1.0755,239
01187300,ifs,9,0.5149,0.5499,0.7217,1.0835,241
01195100,ifs,9,0.1591,0.2623,0.4375,0.8257,241
01333000,ifs,9,0.4199,0.5611,0.6589,0.8929,239
01350000,ifs,9,0.0234,0.1148,0.2866,0.8010,238
01350080,ifs,9,0.5140,0.6437,0.7355,0.8195,241
01350140,ifs,9,0.3445,0.6187,0.6870,0.7823,191
01365000,ifs,9,0.2252,0.3785,0.5019,0.8883,239
01411300,ifs,9,-0.2046,0.0472,0.1733,1.2425,232
01413500,ifs,9,0.3054,0.3900,0.5734,0.8060,239
01414500,ifs,9,0.0253,0.0628,0.3229,0.6247,239
01415000,ifs,9,0.3081,0.2630,0.6639,0.6184,196
01423000,ifs,9,0.3573,0.4003,0.6390,0.7433,241
01434025,ifs,9,0.1419,0.4506,0.5402,0.7253,241
01435000,ifs,9,0.2625,0.3512,0.5209,0.8761,240
01439500,ifs,9,0.4046,0.5265,0.6670,0.8265,239
01440000,ifs,9,0.3264,0.4950,0.5883,0.9353,241
01440400,ifs,9,0.3554,0.6450,0.6539,1.0154,215
01451800,ifs,9,-1.7309,0.0027,0.1737,1.2755,239
01466500,ifs,9,-4.1691,-0.9597,0.7666,1.0123,239
01484100,ifs,9,-0.7180,0.2810,0.4232,1.3335,241
01485500,ifs,9,-9.7436,-1.5995,0.1903,2.2691,236
01486000,ifs,9,-3.3583,-0.3986,0.1998,1.7696,241
01487000,ifs,9,0.1324,0.6007,0.6622,1.0590,241
01491000,ifs,9,0.3471,0.5294,0.6053,0.9901,241
01510000,ifs,9,0.4069,0.6663,0.6797,0.9637,241
01516500,ifs,9,0.0241,0.1101,0.3473,0.6103,241
01518862,ifs,9,0.0556,0.3105,0.4516,0.6743,241
01532000,ifs,9,-1.1327,0.1961,0.3690,1.0633,239
01539000,ifs,9,-2.0256,-0.0222,0.2310,1.0424,225
01542810,ifs,9,-0.1004,0.4262,0.4347,0.9070,239
01543000,ifs,9,-0.1869,0.4639,0.5061,0.8668,241
01543500,ifs,9,-0.0348,0.4611,0.4941,0.8148,239
01544500,ifs,9,0.2390,0.4154,0.6122,0.6546,241
01545600,ifs,9,0.3205,0.3648,0.6515,0.6471,241
01547700,ifs,9,-0.2032,-0.0056,0.1026,0.8827,241
01548500,ifs,9,0.0808,0.2730,0.4798,0.6234,239
01549500,ifs,9,0.1694,0.4891,0.5654,0.7569,239
01550000,ifs,9,-0.0301,0.4009,0.4640,0.7508,239
01552000,ifs,9,-0.6920,0.2809,0.3208,0.8817,241
01552500,ifs,9,-0.9526,0.2459,0.3723,0.9630,241
01557500,ifs,9,-1.1691,0.1086,0.1394,1.0404,241
01567500,ifs,9,-0.2663,0.1625,0.2027,1.0699,241
01568000,ifs,9,-0.3574,0.2565,0.2814,1.1752,241
01580000,ifs,9,-0.1802,0.3486,0.3559,0.9676,237
01583500,ifs,9,-0.0450,0.2477,0.3310,0.8647,241
01586610,ifs,9,-0.0710,0.3235,0.3785,0.8279,207
01591400,ifs,9,-0.0799,0.2882,0.3293,0.9809,241
01596500,ifs,9,0.0230,0.1263,0.3157,0.7181,239
01605500,ifs,9,-1.4191,0.0976,0.2112,1.1516,239
01606500,ifs,9,-0.3704,0.2911,0.3266,0.7786,214
01613050,ifs,9,-0.1514,0.3401,0.3630,1.1299,241
01620500,ifs,9,0.1741,0.2393,0.5342,0.5365,239
01632000,ifs,9,-0.2927,0.2480,0.2701,0.8733,239
01632900,ifs,9,-0.5402,0.2416,0.2432,0.9540,239
01634500,ifs,9,-0.1023,0.1082,0.2154,0.8813,224
01638480,ifs,9,-2.5931,-0.3534,0.2092,1.9087,236
01639500,ifs,9,-0.3357,0.2765,0.2937,1.1421,241
01644000,ifs,9,-1.1750,-0.0768,0.2814,1.7927,241
01658500,ifs,9,-1.5049,0.0135,0.1546,1.3466,210
01664000,ifs,9,-0.1822,0.2443,0.2838,0.8889,241
01666500,ifs,9,-0.1479,0.2727,0.3125,1.1169,226
01667500,ifs,9,-0.3869,0.2606,0.2671,1.0757,219
01669000,ifs,9,0.3410,0.5284,0.6047,1.0508,216
01669520,ifs,9,-2.3754,-0.1950,0.5127,1.7296,239
02011400,ifs,9,-0.7764,0.2756,0.3500,1.1275,241
02011460,ifs,9,0.2263,0.3788,0.5176,0.7900,241
02013000,ifs,9,-0.0994,0.2682,0.3200,1.1324,241
02014000,ifs,9,-1.6566,0.0542,0.2133,1.1044,241
02015700,ifs,9,-0.1994,0.4559,0.4722,1.0539,223
02016000,ifs,9,-0.4771,0.3504,0.3762,0.9156,241
02017500,ifs,9,-0.9397,0.2396,0.3731,1.1485,239
02018000,ifs,9,-1.2050,0.1631,0.2729,1.1037,234
02027000,ifs,9,0.3165,0.5628,0.6668,0.7283,221
02027500,ifs,9,0.4308,0.4683,0.7560,0.6008,224
02028500,ifs,9,0.0643,0.3718,0.4437,0.8289,216
02038850,ifs,9,-0.1455,0.0449,0.1853,0.7709,239
02046000,ifs,9,0.1929,0.3088,0.5110,1.3410,231
02051000,ifs,9,0.0451,0.0691,0.2739,0.8501,241
02051500,ifs,9,0.1428,0.3241,0.4331,1.0759,239
02053200,ifs,9,-0.8761,0.1340,0.3075,1.4595,210
02053800,ifs,9,0.0879,0.1534,0.3575,0.8391,222
02055100,ifs,9,-1.2570,0.1362,0.2501,1.2024,239
02056900,ifs,9,-0.0112,0.3630,0.4053,0.8845,216
02059500,ifs,9,-0.1681,0.3206,0.3686,0.7877,210
02064000,ifs,9,-0.0130,0.0588,0.2780,0.7008,229
02065500,ifs,9,0.0694,0.1705,0.5154,0.5851,239
02069700,ifs,9,0.0740,0.2692,0.3987,1.1485,214
02070000,ifs,9,-0.1194,0.1118,0.2146,1.1120,239
02074500,ifs,9,-0.1070,0.1769,0.2511,1.0462,241
02077200,ifs,9,-1.0582,0.1583,0.2060,1.1182,236
02081500,ifs,9,-0.5165,-0.0447,0.0240,1.2626,241
02082950,ifs,9,-1.8618,-0.1284,0.3990,1.5614,241
02092500,ifs,9,-9.7752,-1.7221,0.1130,2.5277,241
02096846,ifs,9,-2.0795,-0.2467,0.0085,1.6180,241
02102908,ifs,9,-0.1821,0.0955,0.1767,0.9324,241
02108000,ifs,9,0.1380,0.5690,0.6321,1.1899,241
02111180,ifs,9,-0.1516,-0.1473,0.0191,0.9535,241
02111500,ifs,9,-0.3143,0.0307,0.0988,0.9198,239
02118500,ifs,9,-0.1671,0.2530,0.2852,0.9894,241
02128000,ifs,9,-1.0008,-0.5453,0.0086,2.1816,241
02137727,ifs,9,-0.4188,0.0302,0.0732,0.9471,241
02140991,ifs,9,-0.6043,0.0679,0.0863,1.1114,241
02143000,ifs,9,-1.1863,0.1914,0.2843,1.2085,241
02143040,ifs,9,-0.8218,0.1874,0.2048,0.8785,239
02149000,ifs,9,-0.0551,0.0605,0.2011,0.9602,241
02152100,ifs,9,-0.2744,0.1327,0.1764,0.9860,241
02177000,ifs,9,-0.0585,-0.0221,0.1510,1.0286,239
02178400,ifs,9,-0.1331,0.2987,0.3298,0.9392,239
02193340,ifs,9,-1.0775,0.0711,0.5176,1.4629,241
02196000,ifs,9,0.0744,-0.0536,0.3232,0.5168,241
02198100,ifs,9,-0.7295,0.0734,0.1773,1.4261,240
02202600,ifs,9,-0.5404,-0.2886,0.1188,1.8130,241
02212600,ifs,9,0.5337,0.6117,0.7307,0.9636,239
02215100,ifs,9,-0.0503,-0.0527,0.1781,0.6980,241
02216180,ifs,9,-0.0893,-0.4698,-0.0984,0.4686,239
02221525,ifs,9,0.0997,0.3922,0.4475,1.0744,239
02231000,ifs,9,-2.7768,-0.2647,0.1632,1.4888,241
02231342,ifs,9,-3.2979,-0.4766,0.3336,1.7767,241
02235200,ifs,9,-0.0794,0.5098,0.5550,1.1731,240
02245500,ifs,9,-4.5531,-0.5517,0.1666,1.1769,241
02246000,ifs,9,-1.5416,0.0545,0.1523,0.8602,239
02296500,ifs,9,-1.1002,-0.2832,0.5256,2.0165,230
02297155,ifs,9,-0.1355,-0.2288,0.2154,0.2873,240
02297310,ifs,9,-0.2918,0.3287,0.3806,0.7421,231
02298123,ifs,9,0.1918,0.2836,0.5333,0.5583,241
02298608,ifs,9,-1.4764,0.0854,0.3138,1.2394,241
02299950,ifs,9,-1.9521,-0.0313,0.1188,0.8651,241
02300700,ifs,9,-0.7380,0.0741,0.1451,0.6446,241
02310947,ifs,9,-0.2265,-1.0129,-0.2731,2.3215,241
02312200,ifs,9,-4.5692,-3.2254,-0.0038,5.0497,241
02314500,ifs,9,-0.2854,-0.4362,-0.1032,0.5485,241
02315500,ifs,9,-0.3264,-0.6826,-0.3019,0.4155,241
02324400,ifs,9,-0.2202,-1.0425,-0.5475,0.1095,241
02327100,ifs,9,-2.0167,-0.4199,0.3914,2.0838,239
02349900,ifs,9,0.0332,-0.0310,0.2211,0.8711,241
02350900,ifs,9,-0.1424,0.2359,0.4463,0.6351,241
02361000,ifs,9,-0.1672,0.1851,0.3476,0.6444,241
02363000,ifs,9,0.0265,-0.1229,0.4927,0.3500,239
02369800,ifs,9,-0.0145,-0.3402,0.1691,0.4355,240
02371500,ifs,9,0.0887,-0.0726,0.3806,0.7210,241
02372250,ifs,9,0.0955,-0.0439,0.3495,0.7661,239
02374500,ifs,9,-0.0453,-0.1413,0.1577,0.6891,241
02381600,ifs,9,-0.2839,-0.0514,0.0391,0.9922,241
02384540,ifs,9,-0.2542,-0.1002,0.0566,0.7521,241
02395120,ifs,9,-2.7100,-0.1817,0.0353,1.0636,241
02408540,ifs,9,-0.2950,0.2075,0.2339,0.9076,241
02415000,ifs,9,-0.0849,0.2427,0.3030,0.9176,231
02422500,ifs,9,-0.5976,0.2277,0.2459,1.1634,224
02427250,ifs,9,-0.0228,0.0476,0.2102,1.0294,241
02430085,ifs,9,-0.6855,0.1089,0.1595,1.2954,241
02450250,ifs,9,-0.2222,0.0083,0.1005,1.0074,241
02464000,ifs,9,-0.5859,0.1081,0.1169,1.0619,241
02465493,ifs,9,-0.7722,0.1920,0.2154,1.1652,238
02469800,ifs,9,0.0224,-0.0411,0.3484,0.5121,239
02472000,ifs,9,0.1401,0.0465,0.4385,0.5662,241
02472500,ifs,9,-0.1271,0.0949,0.2900,0.5591,241
02479155,ifs,9,-0.0315,-0.2619,0.1058,0.5135,241
02479300,ifs,9,0.0204,-0.2749,0.3109,0.3460,241
02481000,ifs,9,-0.0134,-0.3736,0.2084,0.2226,241
02481510,ifs,9,0.0059,-0.2768,0.3016,0.2921,241
03010655,ifs,9,0.1558,0.4386,0.5507,0.7155,212
03011800,ifs,9,0.0059,0.3877,0.4487,0.7949,241
03015500,ifs,9,-0.2989,0.4423,0.4886,1.0216,241
03021350,ifs,9,-0.3771,0.3359,0.3586,0.8389,239
03026500,ifs,9,0.0197,0.4255,0.4594,0.8510,241
03028000,ifs,9,-0.0891,0.4589,0.5316,0.7339,241
03049800,ifs,9,-0.1432,-0.0745,0.1345,0.6519,239
03050000,ifs,9,0.1334,0.4487,0.4897,0.9127,239
03066000,ifs,9,0.2295,0.4647,0.5502,0.8170,241
03069500,ifs,9,0.2185,0.4397,0.5427,0.7829,239
03070500,ifs,9,-0.3097,0.4309,0.5288,1.1450,239
03076600,ifs,9,0.0379,0.2135,0.4130,0.6316,241
03078000,ifs,9,-0.0583,0.1199,0.2878,0.6793,241
03140000,ifs,9,-0.0181,0.1220,0.2527,0.9907,239
03144000,ifs,9,-0.3635,0.1113,0.1443,0.9569,241
03159540,ifs,9,-0.1982,0.1403,0.2102,0.8474,241
03161000,ifs,9,-0.1461,0.0020,0.1615,0.8369,241
03164000,ifs,9,0.0944,0.3336,0.4816,0.8140,241
03165000,ifs,9,-0.0598,-0.0639,0.1532,0.8468,224
03170000,ifs,9,0.0673,0.1985,0.3696,0.8377,241
03173000,ifs,9,-0.2063,0.2927,0.3197,0.8612,239
03180500,ifs,9,0.3165,0.4271,0.5773,0.8294,225
03182500,ifs,9,0.1491,0.4954,0.5205,0.9187,239
03186500,ifs,9,0.2051,0.5436,0.5584,0.9909,239
03187500,ifs,9,-0.0228,0.5415,0.5710,0.9906,238
03213700,ifs,9,-0.8751,0.2449,0.3401,1.1948,241
03237280,ifs,9,-0.1203,0.1503,0.2418,0.8276,241
03237500,ifs,9,-0.5969,0.1885,0.1962,1.1117,239
03241500,ifs,9,0.1329,0.1493,0.4106,0.6689,228
03280700,ifs,9,-1.1153,0.1551,0.2328,0.8238,213
03281100,ifs,9,-2.0460,-0.0281,0.2284,1.0668,239
03281500,ifs,9,-1.1419,0.1948,0.3487,1.0284,228
03285000,ifs,9,-1.2799,-0.1283,0.2607,1.7709,238
03291780,ifs,9,-0.2583,-0.0124,0.0752,1.0266,241
03300400,ifs,9,-0.5379,0.0827,0.1024,1.1033,241
03340800,ifs,9,-1.7255,0.0048,0.1024,1.0987,193
03346000,ifs,9,-0.3510,0.1021,0.1829,0.6947,241
03364500,ifs,9,-0.0501,-0.0660,0.1844,0.6143,241
03366500,ifs,9,-0.2122,0.0740,0.1617,0.8286,241
03368000,ifs,9,-0.1847,-0.0933,0.0650,0.7477,241
03384450,ifs,9,-0.1284,-0.2143,0.0212,0.6503,241
03439000,ifs,9,-0.2335,-0.3237,-0.0223,0.6324,239
03450000,ifs,9,-0.1102,-0.2987,-0.0220,0.7875,241
03455500,ifs,9,-0.4521,0.0177,0.1485,0.6616,239
03456500,ifs,9,-0.2662,-0.1298,0.0339,0.7681,239
03460000,ifs,9,-0.5632,0.1887,0.4044,0.6081,241
03463300,ifs,9,-0.3316,0.1039,0.1515,0.8904,241
03471500,ifs,9,0.2325,0.4864,0.6538,0.7138,239
03473000,ifs,9,0.0611,0.3692,0.5230,0.7149,241
03479000,ifs,9,-0.1203,0.0822,0.2039,0.8752,239
03488000,ifs,9,0.1765,0.2482,0.5031,0.6991,241
03498500,ifs,9,-0.6957,0.0951,0.1306,0.7641,241
03500000,ifs,9,-0.2456,0.3206,0.3961,0.7979,239
03504000,ifs,9,-0.3812,0.1510,0.2364,0.8251,239
03574500,ifs,9,-0.7915,-0.0233,0.0282,0.6945,241
03604000,ifs,9,-0.0992,-0.2508,0.0144,0.7627,239
04015330,ifs,9,0.1343,0.0523,0.3949,0.5502,200
04024430,ifs,9,0.2361,0.3789,0.5484,0.6838,241
04027000,ifs,9,0.3146,0.4108,0.5795,0.7802,241
04040500,ifs,9,0.8096,0.8036,0.9022,0.9326,241
04043050,ifs,9,0.7722,0.8221,0.8809,0.9100,182
04045500,ifs,9,0.8657,0.8140,0.9441,0.8226,237
04056500,ifs,9,0.5856,0.4760,0.8489,0.7217,231
04057510,ifs,9,0.8702,0.7112,0.9597,0.8010,161
04057800,ifs,9,0.7765,0.6239,0.9043,0.7265,241
04059500,ifs,9,0.8396,0.8013,0.9223,1.0103,241
04063700,ifs,9,0.6597,0.4337,0.9092,0.6313,241
04074950,ifs,9,0.5836,0.5242,0.8584,0.7614,241
04105700,ifs,9,0.3913,0.5076,0.6388,0.9353,241
04115265,ifs,9,0.1370,0.2979,0.4173,0.9773,241
04122200,ifs,9,0.3515,0.4010,0.6208,0.8547,241
04122500,ifs,9,0.6267,0.6526,0.8106,0.9116,239
04124000,ifs,9,0.6931,0.6177,0.8602,0.9920,241
04127997,ifs,9,0.5007,0.5006,0.7335,0.9273,204
04185000,ifs,9,0.3919,0.5283,0.6365,0.8812,218
04196800,ifs,9,0.0283,0.1015,0.2925,0.7460,241
04197100,ifs,9,-0.0860,0.1238,0.2242,0.9804,241
04197170,ifs,9,-0.1055,0.1265,0.2308,0.8239,241
04213000,ifs,9,-1.1036,0.1844,0.2897,1.1444,239
04213075,ifs,9,-0.2280,0.1213,0.1824,0.9143,237
04216418,ifs,9,0.2148,0.4698,0.5241,1.0287,241
04221000,ifs,9,-0.1688,0.1711,0.3336,0.5996,241
04224775,ifs,9,0.0191,0.1051,0.3627,0.5996,239
04256000,ifs,9,0.5415,0.7229,0.7814,1.1698,239
04296000,ifs,9,0.3710,0.5167,0.6298,0.8545,241
05057000,ifs,9,-1.1315,0.1578,0.3418,0.5437,163
05057200,ifs,9,0.0713,0.5651,0.6108,1.1379,240
05062500,ifs,9,0.2330,0.6284,0.6301,1.0014,202
05087500,ifs,9,0.1258,0.4975,0.5226,1.1224,241
05120500,ifs,9,-10.1117,-1.4891,-0.0502,3.2008,210
05123400,ifs,9,-0.3950,-0.6564,-0.0244,0.1567,240
05129115,ifs,9,-0.8202,-0.6766,0.0993,0.0000,241
05131500,ifs,9,-0.0537,0.2066,0.3755,0.6022,145
05291000,ifs,9,-0.6225,0.3091,0.3573,0.8654,241
05362000,ifs,9,0.1619,0.6094,0.6726,0.9727,240
05393500,ifs,9,-0.0191,0.5427,0.5713,1.0062,241
05399500,ifs,9,-0.2919,0.4003,0.4081,1.0463,239
05408000,ifs,9,-0.0043,0.0717,0.2654,0.8350,240
05412500,ifs,9,-0.1161,0.0976,0.3052,0.6539,241
05413500,ifs,9,-0.4912,0.0629,0.1449,0.7754,211
05414000,ifs,9,-0.1528,0.0760,0.4803,0.6010,207
05444000,ifs,9,-0.6034,0.1370,0.1950,0.6965,239
05454000,ifs,9,-0.2824,0.1694,0.2570,0.6909,241
05458000,ifs,9,-0.1523,-0.0896,0.0997,0.7089,241
05466500,ifs,9,-0.0728,0.0574,0.2074,0.8037,239
05487980,ifs,9,-0.2355,-0.0314,0.0844,0.7923,239
05488200,ifs,9,-0.0580,-0.1887,0.1395,0.4823,239
05489000,ifs,9,-0.1436,-0.2310,0.0434,0.5107,239
05495000,ifs,9,-3.1132,-0.5110,0.1003,1.8886,239
05495500,ifs,9,-0.3154,-0.1320,0.0428,0.5580,235
05501000,ifs,9,-0.2259,-0.1473,0.0237,0.6753,239
05503800,ifs,9,-0.4891,0.0100,0.0441,1.0330,241
05507600,ifs,9,-2.3511,-0.1945,0.1266,1.4791,241
05508805,ifs,9,-2.6161,-0.3856,0.2449,1.7902,239
05514500,ifs,9,-0.3618,0.1807,0.1985,1.0264,239
05525500,ifs,9,0.0097,0.2453,0.3344,1.0729,239
05556500,ifs,9,-0.0325,0.0111,0.2920,0.5368,241
05584500,ifs,9,-0.3988,0.0632,0.1306,0.7456,239
05585000,ifs,9,-0.2310,0.1396,0.2403,0.6883,241
05591550,ifs,9,-1.0420,0.1142,0.1283,0.9979,239
05592050,ifs,9,-0.6486,0.1366,0.1383,0.9684,222
05592575,ifs,9,-0.8216,0.0184,0.0278,0.8819,239
05593575,ifs,9,-3.4366,-0.7282,0.1523,2.1347,241
05593900,ifs,9,-1.2439,0.0154,0.0263,1.0330,239
05595730,ifs,9,-4.7660,-0.9941,0.1544,2.2365,241
06037500,ifs,9,-2.0966,0.4192,0.8474,1.2829,241
06043500,ifs,9,0.4032,0.3944,0.9586,1.3229,241
06154410,ifs,9,-0.0421,-0.0315,0.2161,0.6871,241
06188000,ifs,9,0.8516,0.9000,0.9334,0.9858,241
06191500,ifs,9,0.7733,0.7037,0.9480,1.1146,241
06221400,ifs,9,0.8101,0.8402,0.9244,1.0697,241
06224000,ifs,9,0.6946,0.8340,0.8552,1.0763,241
06289000,ifs,9,0.2343,0.6318,0.6462,0.9036,241
06332515,ifs,9,-19.7177,-3.5396,0.3669,3.5253,118
06339100,ifs,9,-68.5398,-7.6124,0.3936,5.2437,177
06339500,ifs,9,-6.8787,-0.9810,0.1604,0.7455,171
06344600,ifs,9,-95.3677,-9.3216,0.2800,6.9738,180
06350000,ifs,9,-27.5213,-3.8192,0.3294,3.3441,241
06352000,ifs,9,-0.0169,-0.1047,0.5105,1.3447,240
06353000,ifs,9,-0.0009,-0.1141,0.5112,0.8150,239
06354000,ifs,9,-0.5562,0.2816,0.4123,0.6359,176
06360500,ifs,9,0.1267,0.1435,0.5283,1.5411,142
06404000,ifs,9,-785.2052,-26.0747,0.0549,3.4149,208
06406000,ifs,9,-673.3457,-20.4516,0.1885,6.3448,183
06408700,ifs,9,-1582.9769,-4.0308,0.2271,1.5108,241
06409000,ifs,9,-1.4203,0.6360,0.8551,1.2624,196
06431500,ifs,9,-3.9527,-0.1720,0.3071,1.1153,230
06440200,ifs,9,-0.4499,-0.3235,-0.0304,0.2673,163
06441500,ifs,9,-37.4501,-5.3505,-0.0149,5.0145,180
06447000,ifs,9,-0.0979,-0.3477,0.0248,0.4395,143
06447500,ifs,9,-0.1327,-0.1816,0.1599,0.7152,241
06450500,ifs,9,0.0365,-0.1345,0.2873,1.0579,211
06452000,ifs,9,-0.0051,-0.3108,0.0353,1.0299,178
06453600,ifs,9,-0.8582,-0.2424,0.0278,1.7268,238
06464500,ifs,9,-1.0701,0.1122,0.1390,1.1596,178
06477500,ifs,9,-141.3069,-11.1168,-0.0243,7.1283,240
06479215,ifs,9,-0.1817,-0.1781,0.0419,0.6441,241
06479438,ifs,9,-0.1471,-0.4845,-0.0019,0.2737,241
06601000,ifs,9,-0.8693,-0.0357,-0.0277,0.9186,241
06614800,ifs,9,0.7655,0.5926,0.9368,1.3690,241
06622700,ifs,9,-0.4241,0.0975,0.7600,1.6536,241
06623800,ifs,9,0.8285,0.9123,0.9169,0.9936,241
06632400,ifs,9,-0.3252,0.3134,0.4720,1.4132,241
06784000,ifs,9,-1.3107,-0.1044,0.0087,1.3380,241
06803510,ifs,9,-0.0476,-0.3569,-0.0098,0.5975,241
06803530,ifs,9,-0.1070,-0.2366,-0.0010,0.7621,241
06814000,ifs,9,-0.0685,-0.4347,-0.0194,0.3921,241
06846500,ifs,9,-0.0096,-0.4719,-0.0581,1.3835,241
06847900,ifs,9,-0.0159,-0.2781,0.0933,1.3298,241
06853800,ifs,9,-1.5445,-0.3563,0.0436,1.9553,241
06876700,ifs,9,-0.0252,-0.3108,0.2814,0.2590,241
06878000,ifs,9,-0.1086,-0.2982,0.0313,0.4629,241
06879650,ifs,9,-0.0622,-0.2988,0.0939,0.4156,240
06885500,ifs,9,-0.0984,-0.4557,-0.0185,0.3273,241
06888500,ifs,9,-0.0374,-0.4304,0.0588,0.3461,241
06889200,ifs,9,-0.1673,-0.2700,-0.0105,0.5459,241
06889500,ifs,9,-0.0984,-0.2834,0.0143,0.5614,241
06892000,ifs,9,-0.5222,0.1419,0.1745,0.7825,241
06903400,ifs,9,-0.1145,-0.3358,0.0518,0.3400,241
06906800,ifs,9,-0.1214,-0.0151,0.1700,0.6379,241
06910800,ifs,9,-0.1165,-0.2961,0.0147,0.5048,241
06911900,ifs,9,-0.2535,-0.2328,-0.0135,0.5387,241
06917000,ifs,9,-0.0728,0.0150,0.2273,0.5918,241
06918460,ifs,9,0.0863,0.3742,0.4296,1.0137,241
06919500,ifs,9,-0.0339,0.1757,0.3501,0.5946,241
06921070,ifs,9,-0.1359,0.0665,0.1965,0.7424,241
06921200,ifs,9,-0.0641,-0.2869,0.1264,0.3652,241
06934000,ifs,9,-0.0376,0.3479,0.4282,0.7339,240
07014500,ifs,9,-0.0180,-0.0259,0.2060,0.7244,241
07056000,ifs,9,0.0696,0.3169,0.4053,0.8435,241
07057500,ifs,9,-0.2140,0.2883,0.3131,0.8839,233
07060710,ifs,9,-0.0001,-0.3919,0.0310,1.0571,241
07066000,ifs,9,-2.5875,-0.1441,0.1418,1.0004,241
07067000,ifs,9,-0.4460,0.2979,0.3865,0.6585,241
07068000,ifs,9,-0.2463,0.3325,0.3607,0.8340,240
07071500,ifs,9,-0.7533,0.3309,0.3891,0.8375,241
07083000,ifs,9,-2.1231,-0.5270,0.8548,1.9161,241
07142300,ifs,9,-8.2241,-4.9935,-0.0968,6.8284,241
07145700,ifs,9,0.0050,-0.4635,0.1922,0.1906,238
07148400,ifs,9,-1.4032,0.0112,0.6506,1.5057,241
07149000,ifs,9,-0.0654,0.4164,0.6622,1.4698,241
07151500,ifs,9,0.0250,-0.2896,0.2641,0.4247,241
07167500,ifs,9,-0.0877,-0.3563,0.0450,1.6814,241
07180500,ifs,9,-0.1851,-0.1625,0.0281,0.6826,241
07184000,ifs,9,0.0513,-0.2173,0.2800,0.3638,239
07195800,ifs,9,0.0250,0.3256,0.3884,0.8946,239
07196900,ifs,9,-0.3045,0.2443,0.2769,1.1900,240
07197000,ifs,9,-0.4902,0.3467,0.3980,1.1601,241
07208500,ifs,9,0.0544,0.5018,0.7353,1.0845,241
07226500,ifs,9,0.0319,-0.3257,0.2200,0.3837,239
07261000,ifs,9,-0.6679,-0.0006,0.2841,1.6947,239
07263295,ifs,9,-1.3582,-1.5449,0.0374,3.3553,239
07290650,ifs,9,-2.4569,-0.1733,-0.0144,0.7809,241
07291000,ifs,9,-0.6098,-0.2062,-0.0088,0.4174,241
07292500,ifs,9,-0.1159,-0.0730,0.1117,0.7702,241
07295000,ifs,9,-0.2519,-0.0691,0.0801,0.6635,241
07299670,ifs,9,-1.6468,-0.7456,-0.0235,2.4005,231
07301410,ifs,9,-0.3926,-0.2906,-0.1386,0.7474,230
07301500,ifs,9,-0.1860,-0.5676,0.0493,1.7844,203
07315200,ifs,9,-11.8095,-3.0034,-0.0270,4.0809,161
07315700,ifs,9,-36.9457,-6.9176,0.1610,7.0358,218
07335700,ifs,9,-0.1748,-0.1212,0.1223,0.5118,232
07340300,ifs,9,-0.5810,0.2391,0.2414,0.9567,241
07346045,ifs,9,-8.2524,-1.2053,0.1629,1.0218,241
07359610,ifs,9,-1.3827,-0.1003,0.1870,1.6707,241
07362100,ifs,9,-4.7429,-1.1178,0.3931,2.4874,241
07362587,ifs,9,-0.9888,-0.5500,0.0519,2.2261,239
07373000,ifs,9,-1.2565,0.0508,0.1308,0.7024,237
07375000,ifs,9,-0.5363,-0.1518,0.0121,0.4819,241
07376000,ifs,9,-0.5910,-0.0364,0.0553,0.6303,241
08013000,ifs,9,0.1456,0.3328,0.4745,0.7135,241
08014500,ifs,9,-0.0060,-0.0528,0.2766,0.5685,241
08023080,ifs,9,-2.1382,-0.9880,0.0844,2.6983,241
08025500,ifs,9,-0.2874,-0.0848,0.0158,0.9157,241
08029500,ifs,9,-0.4969,-0.0006,0.0525,1.1994,241
08050800,ifs,9,-0.0043,-0.1535,0.1411,0.7257,240
08066200,ifs,9,-0.0815,-0.3638,0.0014,0.4331,241
08066300,ifs,9,-0.0630,-0.5436,-0.0260,0.2192,241
08070000,ifs,9,-2.9234,-0.3569,0.2691,1.6081,241
08070200,ifs,9,-1.0518,0.1613,0.1969,1.0162,241
08079600,ifs,9,-23.5643,-9.1797,0.0194,10.4583,196
08082700,ifs,9,-0.2338,-0.1673,-0.0257,1.1304,227
08086212,ifs,9,-0.1239,-0.5519,0.1185,2.1651,241
08086290,ifs,9,-1.7214,-3.6992,0.0870,5.5965,241
08101000,ifs,9,-17.0845,-3.1612,0.2363,3.5252,241
08103900,ifs,9,-4.1543,-0.5421,0.1886,1.4530,241
08104900,ifs,9,-82.0215,-7.2134,0.0447,2.0323,241
08109700,ifs,9,-13.5613,-2.4192,0.0581,2.8615,224
08150800,ifs,9,-0.0588,-0.3229,-0.0134,0.6462,241
08155200,ifs,9,-243.4684,-15.2516,0.0857,8.1956,241
08158700,ifs,9,-849.0642,-37.9495,0.0229,28.1849,241
08158810,ifs,9,-245.6965,-14.4902,0.2122,5.4762,241
08164000,ifs,9,-8.7868,-1.5968,0.1558,2.2673,241
08164300,ifs,9,-0.7637,-0.0150,0.0665,1.3940,238
08164600,ifs,9,-36.8368,-8.0064,0.9008,7.7800,241
08165300,ifs,9,-0.0093,-0.4106,-0.0396,0.8395,241
08171300,ifs,9,-1557.5261,-76.6868,-0.0111,68.8298,241
08175000,ifs,9,-79.0385,-7.1853,0.2037,1.9527,241
08176900,ifs,9,-91.1492,-12.6000,0.3146,11.4863,241
08178880,ifs,9,-0.0558,-0.4812,0.0452,0.2426,241
08189500,ifs,9,-8.0695,-1.5130,0.5341,1.4864,241
08190000,ifs,9,-0.0269,-0.3702,-0.0028,0.6170,241
08190500,ifs,9,-0.2964,-0.1384,0.5815,2.0122,235
08194200,ifs,9,0.0555,-0.2933,0.2882,0.3002,241
08195000,ifs,9,-0.0147,-0.4517,0.0085,0.4551,241
08196000,ifs,9,0.0071,0.0350,0.2697,1.3866,229
08198500,ifs,9,-0.0157,-0.5863,-0.0347,0.2580,241
08200000,ifs,9,-0.0307,-0.4144,0.0893,0.2782,241
08202700,ifs,9,-0.0214,-0.6142,-0.0103,0.1180,240
08267500,ifs,9,-23.3666,-2.3844,0.6977,2.6875,241
08269000,ifs,9,-3.9678,-0.4744,0.6962,1.7244,241
08271000,ifs,9,-47.6269,-4.3340,0.7711,2.5273,241
08324000,ifs,9,-0.0079,0.5202,0.6865,1.1816,241
08377900,ifs,9,-4.1292,-0.4847,0.4439,1.3737,241
08378500,ifs,9,-5.3426,-0.8606,0.5954,1.3111,233
08380500,ifs,9,-3.0837,-0.2070,0.4404,1.7821,241
09034900,ifs,9,0.1414,0.1967,0.8845,1.5892,237
09035900,ifs,9,0.5352,0.7256,0.8264,1.1054,207
09047700,ifs,9,-5.2004,-1.0179,0.8616,1.4624,239
09065500,ifs,9,0.7232,0.6310,0.9442,1.1472,241
09066000,ifs,9,-1.0118,0.1389,0.5870,1.1846,241
09066200,ifs,9,0.6985,0.6143,0.9310,1.2364,241
09066300,ifs,9,-0.5210,-0.0691,0.7918,1.8341,241
09081600,ifs,9,0.1032,0.5908,0.6233,1.0324,241
09107000,ifs,9,-1.1593,0.0120,0.6986,1.2880,240
09210500,ifs,9,-1.3711,0.0963,0.7420,1.5416,214
09223000,ifs,9,-2.8007,-0.5675,0.8795,1.9908,180
09306242,ifs,9,-381.7435,-4.1818,0.8969,6.0645,239
09312600,ifs,9,-2.1902,-0.6431,0.4797,2.4173,241
09352900,ifs,9,-0.7940,0.2215,0.5692,1.3719,211
09378170,ifs,9,0.2540,0.2666,0.5399,1.3186,241
09378630,ifs,9,,,,,241
09386900,ifs,9,-171.3607,-11.4303,-0.0310,4.3276,241
09404450,ifs,9,0.6272,0.7979,0.8141,0.9357,241
09430500,ifs,9,-1.4414,-0.0112,0.3135,0.2744,241
09430600,ifs,9,-0.0223,-0.0321,0.4697,0.2946,241
09447800,ifs,9,-2.2263,-0.6389,0.0363,2.0352,241
09480000,ifs,9,0.0361,-3.4078,0.5105,5.3721,241
09484000,ifs,9,-1.7629,-1.3830,0.2821,3.2130,216
09484600,ifs,9,-1.6042,-2.0222,0.4664,3.8898,240
09492400,ifs,9,-1.4141,0.0395,0.7741,1.7268,240
09494000,ifs,9,-1.4512,0.1102,0.3678,1.1418,241
09497800,ifs,9,-0.1098,-0.6232,-0.2513,1.5141,241
09497980,ifs,9,-1.0341,0.1172,0.1326,1.0440,210
09505200,ifs,9,0.4721,0.6969,0.7229,1.1085,241
09505350,ifs,9,0.4616,0.4851,0.6839,1.1081,241
09505800,ifs,9,0.3261,0.6712,0.6804,1.0595,241
09508300,ifs,9,-5.6628,-0.8064,0.1425,1.4587,241
09510200,ifs,9,-3.3991,-1.5061,0.0860,3.1730,222
09512280,ifs,9,-1.0227,-1.3115,-0.0010,3.0833,241
09513780,ifs,9,-129.3453,-13.2945,-0.0171,11.1345,240
10023000,ifs,9,-14.3489,-0.6369,0.0704,2.2135,241
10166430,ifs,9,-13336.6448,-90.7526,0.5606,72.9021,241
10172700,ifs,9,-30.1727,-0.3033,0.6166,2.0200,241
10172800,ifs,9,-10.0188,-0.9190,0.8092,2.3777,241
10173450,ifs,9,-0.4042,0.3874,0.4108,1.0062,241
10205030,ifs,9,-199.5095,-10.1466,-0.0162,2.3712,241
10234500,ifs,9,-0.1039,-0.2715,-0.0347,0.8691,237
10242000,ifs,9,-29.3072,-3.7225,0.4147,4.4986,241
10244950,ifs,9,-37.0902,-1.5654,0.7176,1.5603,241
10249300,ifs,9,-44.8433,-4.6001,0.5122,4.3374,240
10258000,ifs,9,,,,,69
10258500,ifs,9,0.5206,0.2937,0.8280,0.6259,241
10259000,ifs,9,0.8512,0.8118,0.9372,1.0945,241
10259200,ifs,9,-9.0537,-5.5917,0.8288,7.0134,241
10263500,ifs,9,-0.3809,0.1588,0.8242,1.2516,241
10310500,ifs,9,-1.5959,0.1441,0.9012,1.7774,241
10316500,ifs,9,-0.3252,0.3311,0.6842,1.2384,241
10329500,ifs,9,0.5660,0.5674,0.9209,1.1818,241
10336645,ifs,9,0.6567,0.7077,0.8732,1.2112,227
10336660,ifs,9,0.6522,0.7950,0.8146,1.0306,241
10343500,ifs,9,0.5985,0.6097,0.7963,0.8234,241
10348850,ifs,9,-2.2367,0.0067,0.8202,1.7174,241
10396000,ifs,9,-0.5595,0.3201,0.6322,1.2234,241
11098000,ifs,9,-0.7499,0.1964,0.5262,1.3895,241
11124500,ifs,9,-2.8275,-0.9893,0.8854,2.4145,241
11141280,ifs,9,-0.1471,0.4239,0.6401,1.2515,241
11143000,ifs,9,-0.0162,0.4600,0.6615,1.2792,241
11148900,ifs,9,0.1587,0.3178,0.4797,0.6483,241
11151300,ifs,9,-0.7280,0.0789,0.2598,1.5274,241
11162500,ifs,9,0.5088,0.4912,0.7275,0.7229,241
11176400,ifs,9,0.2719,0.3049,0.5335,0.6727,144
11180500,ifs,9,-3.0291,-1.6699,0.7794,3.0948,241
11180960,ifs,9,-1.5947,-0.9055,0.5489,2.6650,241
11224500,ifs,9,-0.1971,0.0232,0.2487,0.4288,241
11253310,ifs,9,-3.3130,-0.3573,0.3297,1.0439,241
11264500,ifs,9,-0.9150,0.1762,0.1940,1.0152,241
11266500,ifs,9,-0.7067,0.2713,0.3088,1.1277,241
11274500,ifs,9,0.2379,0.5230,0.6040,1.2625,241
11274630,ifs,9,-0.0800,0.2335,0.2958,0.9339,241
11284400,ifs,9,-0.0721,-0.0665,0.2732,0.3275,241
11299600,ifs,9,0.3680,0.4628,0.6086,0.8827,238
11381500,ifs,9,0.5421,0.4000,0.8586,0.9926,241
11383500,ifs,9,0.6187,0.4853,0.8662,1.0428,241
11451100,ifs,9,0.6107,0.6334,0.7865,1.0527,106
11468500,ifs,9,0.4183,0.2827,0.8065,0.8463,241
11473900,ifs,9,0.4710,0.3353,0.8227,0.8801,241
11475560,ifs,9,0.5112,0.4081,0.7850,0.8711,241
11476600,ifs,9,0.7452,0.6670,0.8782,1.1494,240
11478500,ifs,9,0.6636,0.4795,0.8613,1.2952,241
11480390,ifs,9,0.5852,0.4192,0.8924,0.9334,241
11481200,ifs,9,0.5644,0.5400,0.7644,1.1522,241
11482500,ifs,9,0.6220,0.5292,0.8105,1.3584,241
11522500,ifs,9,0.1817,0.3935,0.6393,1.4875,241
11523200,ifs,9,-0.3892,0.1607,0.6146,1.6880,241
11528700,ifs,9,0.5088,0.4651,0.7426,1.0950,241
11532500,ifs,9,0.6876,0.6112,0.8556,1.0791,241
12010000,ifs,9,0.3463,0.6085,0.6860,0.7662,241
12013500,ifs,9,0.3518,0.6618,0.7578,0.9382,241
12020000,ifs,9,0.2579,0.4362,0.5947,0.6531,241
12025000,ifs,9,0.3952,0.6853,0.7601,1.0885,241
12025700,ifs,9,0.3478,0.6530,0.6802,0.8654,241
12035000,ifs,9,0.0950,0.5783,0.6545,0.9164,241
12040500,ifs,9,-0.7010,0.2874,0.5483,0.9409,241
12041200,ifs,9,-0.7668,0.2004,0.6293,0.9011,241
12043000,ifs,9,-0.6345,0.2747,0.6047,0.9166,241
12048000,ifs,9,0.4067,0.6591,0.8328,1.2453,241
12054000,ifs,9,0.0258,0.4416,0.7575,1.3251,241
12056500,ifs,9,-0.5768,0.3106,0.5924,0.9644,241
12073500,ifs,9,-0.4036,0.4094,0.5560,1.1147,240
12082500,ifs,9,0.2748,0.3037,0.5254,0.9925,235
12092000,ifs,9,0.1068,0.2037,0.3659,0.9642,241
12095000,ifs,9,0.5048,0.5811,0.7151,0.8814,241
12114500,ifs,9,0.4062,0.3695,0.6703,1.0099,241
12115000,ifs,9,0.3921,0.3626,0.6543,0.9844,241
12115500,ifs,9,0.3051,0.3130,0.5662,0.8280,241
12117000,ifs,9,0.4282,0.5255,0.6559,0.9629,241
12141300,ifs,9,0.2032,0.2617,0.4562,1.0743,241
12143600,ifs,9,0.2349,0.2899,0.4969,1.1695,238
12144000,ifs,9,0.3293,0.3954,0.5739,0.9897,240
12145500,ifs,9,0.4633,0.6202,0.7012,0.8358,241
12147600,ifs,9,0.1354,0.3727,0.4489,0.9500,241
12167000,ifs,9,0.3195,0.5485,0.6142,1.1584,241
12175500,ifs,9,-0.2926,0.4340,0.4733,1.1245,241
12186000,ifs,9,0.1017,0.3439,0.4314,1.1274,238
12189500,ifs,9,0.1310,0.4102,0.4985,1.2023,240
12358500,ifs,9,0.6189,0.8087,0.8263,1.0179,241
12377150,ifs,9,0.5452,0.7709,0.7720,0.9781,241
12381400,ifs,9,0.3740,0.5275,0.8588,1.2095,208
12390700,ifs,9,0.4263,0.6298,0.7008,1.1733,241
12411000,ifs,9,0.7491,0.7437,0.8796,1.1825,230
12414500,ifs,9,0.6447,0.6746,0.8148,0.8977,241
12447390,ifs,9,-0.1996,-0.2401,0.2220,0.3620,241
12451000,ifs,9,0.4374,0.6738,0.7849,1.2145,241
12488500,ifs,9,0.5567,0.7073,0.7778,1.1561,241
13011500,ifs,9,0.7169,0.6109,0.9343,1.2994,241
13011900,ifs,9,0.7985,0.8144,0.9262,0.9661,241
13018300,ifs,9,-0.3725,0.0186,0.9369,1.4740,241
13023000,ifs,9,0.5123,0.7535,0.7987,0.9217,199
13161500,ifs,9,0.6958,0.6760,0.8645,0.7919,241
13235000,ifs,9,0.5940,0.6541,0.7885,0.8860,239
13240000,ifs,9,0.8054,0.8729,0.8979,1.0027,162
13310700,ifs,9,0.5908,0.5046,0.8991,0.6741,241
13313000,ifs,9,0.6977,0.4891,0.9566,0.6457,241
13331500,ifs,9,0.4635,0.5048,0.9052,1.2466,241
13337000,ifs,9,0.6621,0.6715,0.8522,0.8093,241
13338500,ifs,9,0.7564,0.8678,0.8786,1.0511,241
13340000,ifs,9,0.4937,0.6059,0.7594,0.7788,241
13340600,ifs,9,0.5619,0.5793,0.8743,0.6878,241
14020000,ifs,9,0.2379,0.1388,0.6138,0.6339,241
14092750,ifs,9,0.3844,0.6696,0.6819,0.9276,241
14096850,ifs,9,-1.8599,0.1857,0.6713,0.4706,241
14137000,ifs,9,0.4273,0.4418,0.6624,0.9987,236
14138800,ifs,9,0.2691,0.4178,0.5347,0.9208,241
14138870,ifs,9,0.3056,0.5475,0.6024,0.8717,241
14138900,ifs,9,0.1329,0.3433,0.4357,0.9317,241
14139800,ifs,9,0.3486,0.5666,0.6286,0.8584,239
14141500,ifs,9,0.4077,0.6061,0.6607,0.9108,241
14154500,ifs,9,0.4119,0.5215,0.6430,1.0156,241
14158500,ifs,9,0.7814,0.7297,0.9180,1.0866,226
14158790,ifs,9,0.3245,0.5210,0.5920,1.0350,237
14166500,ifs,9,0.2657,0.2950,0.5196,0.8812,241
14182500,ifs,9,0.3190,0.2947,0.6001,0.7150,241
14185000,ifs,9,0.2806,0.5317,0.5763,0.9721,241
14185900,ifs,9,0.2405,0.4222,0.5234,0.8859,238
14187000,ifs,9,0.2099,0.5323,0.5541,1.0403,239
14216500,ifs,9,0.7654,0.7977,0.8758,1.0244,238
14222500,ifs,9,0.4457,0.6566,0.6894,1.0419,241
14236200,ifs,9,0.5119,0.6419,0.7285,0.8513,240
14301000,ifs,9,0.5550,0.6346,0.7467,0.9059,240
14303200,ifs,9,0.4282,0.4105,0.6758,0.9055,241
14305500,ifs,9,0.4529,0.5912,0.6777,0.9527,239
14306340,ifs,9,0.4670,0.3816,0.7394,0.7372,241
14306500,ifs,9,0.5427,0.5413,0.7506,0.8888,241
14308990,ifs,9,0.4152,0.3250,0.7294,0.8798,241
14309500,ifs,9,0.5052,0.3549,0.8184,0.7864,241
14316700,ifs,9,0.4900,0.5023,0.7090,1.0141,241
14325000,ifs,9,0.7979,0.7360,0.9028,0.8865,241
14362250,ifs,9,0.1840,0.0414,0.6632,0.4810,148
14400000,ifs,9,0.6725,0.6314,0.8309,0.8261,241
01013500,ifs,10,0.8811,0.8207,0.9469,0.8669,241
01022500,ifs,10,0.5695,0.6643,0.7581,1.0839,241
01030500,ifs,10,0.6981,0.7602,0.8900,1.1140,241
01031500,ifs,10,0.0118,0.5405,0.5886,1.1288,239
01047000,ifs,10,-0.1303,0.4816,0.5000,1.0766,241
01052500,ifs,10,0.1795,0.3381,0.4727,0.8068,241
01054200,ifs,10,-0.1058,0.0859,0.2499,0.6434,241
01055000,ifs,10,-0.2566,0.3746,0.3857,1.1162,241
01057000,ifs,10,0.3968,0.6821,0.6860,1.0245,241
01073000,ifs,10,0.6542,0.8085,0.8327,1.0910,241
01078000,ifs,10,0.1954,0.2717,0.5051,0.6967,239
01118300,ifs,10,0.2402,0.3860,0.5350,0.7947,239
01121000,ifs,10,0.5226,0.6658,0.7397,1.1489,239
01123000,ifs,10,0.5840,0.5496,0.7867,0.8892,241
01134500,ifs,10,0.4347,0.6452,0.6807,0.9695,239
01137500,ifs,10,0.2275,0.4576,0.5407,0.8410,241
01139000,ifs,10,0.2717,0.6234,0.6256,0.9725,237
01139800,ifs,10,0.7095,0.8035,0.8446,1.0420,241
01142500,ifs,10,0.5119,0.6895,0.7341,0.9058,239
01144000,ifs,10,0.6476,0.8029,0.8234,0.9161,241
01169000,ifs,10,0.3205,0.4417,0.5711,0.9716,239
01170100,ifs,10,0.4020,0.5486,0.6457,0.9018,240
01181000,ifs,10,0.7155,0.6902,0.8558,0.9744,239
01187300,ifs,10,0.5224,0.4514,0.7713,0.9633,241
01195100,ifs,10,0.2560,0.3212,0.5293,0.8019,241
01333000,ifs,10,0.4827,0.5456,0.7046,0.8483,239
01350000,ifs,10,0.0954,0.0418,0.3371,0.6879,238
01350080,ifs,10,0.6487,0.5470,0.8444,0.7427,241
01350140,ifs,10,0.5629,0.5791,0.7849,0.6834,191
01365000,ifs,10,0.2818,0.3384,0.5440,0.8296,239
01411300,ifs,10,-0.2478,-0.0207,0.1049,1.2222,232
01413500,ifs,10,0.3397,0.3220,0.6293,0.7473,239
01414500,ifs,10,0.0448,-0.0134,0.3540,0.5535,239
01415000,ifs,10,0.2950,0.2090,0.7185,0.5699,196
01423000,ifs,10,0.3888,0.3512,0.7043,0.6959,241
01434025,ifs,10,0.1387,0.4033,0.5363,0.6592,241
01435000,ifs,10,0.2584,0.2503,0.5271,0.7974,240
01439500,ifs,10,0.4481,0.5002,0.7111,0.7950,239
01440000,ifs,10,0.3964,0.4914,0.6389,0.8867,241
01440400,ifs,10,0.4748,0.6047,0.6948,0.9310,215
01451800,ifs,10,0.2403,0.4500,0.5305,1.0801,239
01466500,ifs,10,-3.1259,-0.7751,0.8178,1.0005,239
01484100,ifs,10,-0.3652,0.3668,0.4382,1.2753,241
01485500,ifs,10,-7.2047,-1.2071,0.2051,2.1521,236
01486000,ifs,10,-1.9936,-0.1371,0.2977,1.7353,241
01487000,ifs,10,0.1282,0.6002,0.6547,1.0467,241
01491000,ifs,10,0.3851,0.5000,0.6233,0.9609,241
01510000,ifs,10,0.5405,0.6291,0.7376,0.9120,241
01516500,ifs,10,0.0828,-0.0034,0.4353,0.5089,241
01518862,ifs,10,0.2287,0.2108,0.6005,0.5694,241
01532000,ifs,10,0.3136,0.5517,0.6109,0.8642,239
01539000,ifs,10,0.0953,0.4550,0.4854,0.9080,225
01542810,ifs,10,0.0291,0.3647,0.4302,0.8036,239
01543000,ifs,10,0.0237,0.4881,0.5358,0.7844,241
01543500,ifs,10,0.0636,0.4652,0.5223,0.7746,239
01544500,ifs,10,0.3532,0.4202,0.7010,0.6334,241
01545600,ifs,10,0.3728,0.3516,0.7172,0.6254,241
01547700,ifs,10,-0.0520,-0.0741,0.1469,0.7601,241
01548500,ifs,10,0.2001,0.2556,0.5901,0.5798,239
01549500,ifs,10,0.3500,0.4236,0.6584,0.6783,239
01550000,ifs,10,0.2687,0.3643,0.5996,0.6744,239
01552000,ifs,10,0.1904,0.4204,0.5310,0.7804,241
01552500,ifs,10,0.1578,0.4705,0.5327,0.8126,241
01557500,ifs,10,-0.3154,0.1394,0.1783,0.9092,241
01567500,ifs,10,-0.0903,0.1366,0.2306,1.0208,241
01568000,ifs,10,0.1179,0.3107,0.4189,1.0997,241
01580000,ifs,10,-0.0700,0.2306,0.3024,0.9166,237
01583500,ifs,10,-0.0987,0.1724,0.2738,0.8404,241
01586610,ifs,10,-0.0532,0.1863,0.3190,0.7767,207
01591400,ifs,10,0.0238,0.1205,0.2778,0.9500,241
01596500,ifs,10,-0.0446,0.0107,0.2197,0.7044,239
01605500,ifs,10,-1.3801,0.0998,0.1934,1.1353,239
01606500,ifs,10,0.0792,0.2428,0.4105,0.7255,214
01613050,ifs,10,-0.2474,0.1504,0.1976,1.0724,241
01620500,ifs,10,0.1315,0.2183,0.5014,0.5334,239
01632000,ifs,10,-0.0945,0.1294,0.2439,0.7950,239
01632900,ifs,10,-0.3758,0.2385,0.2483,0.9235,239
01634500,ifs,10,-0.0936,0.0869,0.2081,0.8623,224
01638480,ifs,10,-1.0414,-0.0744,0.2090,1.7266,236
01639500,ifs,10,-0.0168,0.2373,0.3227,1.0933,241
01644000,ifs,10,-0.6737,-0.0095,0.2907,1.7046,241
01658500,ifs,10,-0.9754,0.0316,0.0357,1.0857,210
01664000,ifs,10,-0.0625,0.1609,0.2693,0.8587,241
01666500,ifs,10,-0.1424,0.2141,0.2660,1.0532,226
01667500,ifs,10,-0.3603,0.2234,0.2342,1.0385,219
01669000,ifs,10,0.1912,0.3791,0.4779,1.0340,216
01669520,ifs,10,-2.2353,-0.1285,0.4390,1.6966,239
02011400,ifs,10,-0.0898,0.3899,0.4045,1.0909,241
02011460,ifs,10,0.1624,0.3051,0.4613,0.7673,241
02013000,ifs,10,-0.2010,0.1595,0.2193,1.1237,241
02014000,ifs,10,-2.2186,-0.0733,0.1512,1.1302,241
02015700,ifs,10,0.1482,0.4755,0.5040,1.0013,223
02016000,ifs,10,-0.1997,0.3635,0.3731,0.9011,241
02017500,ifs,10,-1.3486,0.1237,0.3245,1.2119,239
02018000,ifs,10,-0.6722,0.2815,0.3127,1.0933,234
02027000,ifs,10,-0.0486,0.4759,0.5489,0.7498,221
02027500,ifs,10,0.3683,0.4509,0.7149,0.6000,224
02028500,ifs,10,-0.0902,0.3610,0.3936,0.8506,216
02038850,ifs,10,-0.3708,0.1120,0.1651,0.8023,239
02046000,ifs,10,-0.0775,0.1488,0.3208,1.3873,231
02051000,ifs,10,-0.5413,0.0222,0.0475,0.9494,241
02051500,ifs,10,0.0575,0.1911,0.3286,1.0486,239
02053200,ifs,10,-0.7399,0.1703,0.3138,1.4290,210
02053800,ifs,10,-0.1000,0.2714,0.3219,0.8875,222
02055100,ifs,10,-2.0481,-0.0412,0.1987,1.2391,239
02056900,ifs,10,-0.1968,0.2675,0.3025,0.8694,216
02059500,ifs,10,-0.2770,0.2927,0.3319,0.7875,210
02064000,ifs,10,-0.1818,0.0214,0.1701,0.7070,229
02065500,ifs,10,0.0186,0.1390,0.4569,0.5897,239
02069700,ifs,10,-0.5586,0.2891,0.3250,1.2022,214
02070000,ifs,10,-0.0140,0.3976,0.4385,1.1617,239
02074500,ifs,10,-0.1965,0.2415,0.2774,1.1011,241
02077200,ifs,10,-0.1265,0.1913,0.2532,1.0025,236
02081500,ifs,10,-0.2631,-0.1358,0.0042,1.2388,241
02082950,ifs,10,-0.7325,0.1840,0.4270,1.4772,241
02092500,ifs,10,-5.0303,-1.0468,0.1979,2.4153,241
02096846,ifs,10,-0.8596,-0.1986,-0.0569,1.5460,241
02102908,ifs,10,-0.6772,0.0199,0.0313,0.9702,241
02108000,ifs,10,0.2962,0.6267,0.6799,1.1827,241
02111180,ifs,10,-1.0728,0.0179,0.0215,1.0632,241
02111500,ifs,10,-1.0788,0.0815,0.0914,0.9847,239
02118500,ifs,10,-0.6978,0.2530,0.2676,1.0349,241
02128000,ifs,10,-1.0613,-0.5768,0.0674,2.2712,241
02137727,ifs,10,-3.5209,-0.3403,0.1658,1.0543,241
02140991,ifs,10,-9.5446,-1.3442,0.0664,1.2818,241
02143000,ifs,10,-5.6476,-0.7078,0.1699,1.2956,241
02143040,ifs,10,-3.8260,-0.3879,0.0893,0.9982,239
02149000,ifs,10,-1.0149,0.0639,0.0680,1.0420,241
02152100,ifs,10,-2.1424,-0.0766,0.0592,1.0696,241
02177000,ifs,10,-0.3305,0.0160,0.0810,1.0565,239
02178400,ifs,10,-0.3675,0.2653,0.2717,0.9412,239
02193340,ifs,10,-2.3315,-0.1876,0.0625,1.4588,241
02196000,ifs,10,-0.1795,-0.1447,0.0906,0.5271,241
02198100,ifs,10,-5.0995,-0.6665,0.0156,1.4811,240
02202600,ifs,10,-1.1632,-0.2314,0.1625,1.9028,241
02212600,ifs,10,-0.0690,0.0467,0.1869,0.9228,239
02215100,ifs,10,-3.7404,-0.3730,0.0047,0.8761,241
02216180,ifs,10,-0.7271,-0.1099,-0.0320,0.6357,239
02221525,ifs,10,-0.0842,0.1926,0.2687,1.0510,239
02231000,ifs,10,-5.8183,-0.8553,0.1381,1.6040,241
02231342,ifs,10,-3.1914,-0.4501,0.3066,1.7941,241
02235200,ifs,10,-0.0917,0.4999,0.5388,1.1698,240
02245500,ifs,10,-5.8339,-0.7694,0.1075,1.2358,241
02246000,ifs,10,-1.9775,-0.0150,0.1916,0.9180,239
02296500,ifs,10,-1.2532,-0.3514,0.5171,2.0693,230
02297155,ifs,10,-0.1080,-0.2772,0.2339,0.2753,240
02297310,ifs,10,-0.6448,0.2349,0.2894,0.7469,231
02298123,ifs,10,0.1254,0.2818,0.4926,0.5749,241
02298608,ifs,10,-1.9191,-0.0161,0.2565,1.2262,241
02299950,ifs,10,-1.1349,0.1126,0.1529,0.8619,241
02300700,ifs,10,-0.2014,0.0350,0.1975,0.5966,241
02310947,ifs,10,-0.2262,-1.0111,-0.2720,2.3200,241
02312200,ifs,10,-4.5692,-3.2254,-0.0038,5.0497,241
02314500,ifs,10,-0.2677,-0.3921,-0.0564,0.5542,241
02315500,ifs,10,-0.3254,-0.6522,-0.2723,0.4196,241
02324400,ifs,10,-0.2202,-1.0425,-0.5475,0.1095,241
02327100,ifs,10,-6.4275,-1.1884,0.2185,2.2252,239
02349900,ifs,10,-0.5317,0.0041,0.0360,0.9142,241
02350900,ifs,10,-0.2462,0.2348,0.4042,0.6277,241
02361000,ifs,10,-0.6345,0.0837,0.1617,0.6577,241
02363000,ifs,10,-0.0318,-0.1814,0.3708,0.3459,239
02369800,ifs,10,-0.0547,-0.3908,0.0379,0.4388,240
02371500,ifs,10,0.0700,-0.1073,0.3344,0.7102,241
02372250,ifs,10,0.0919,-0.0560,0.3545,0.7516,239
02374500,ifs,10,-0.1397,-0.2481,0.0130,0.6805,241
02381600,ifs,10,-0.4616,-0.0991,-0.0382,1.0392,241
02384540,ifs,10,-0.0808,-0.1275,0.1391,0.7517,241
02395120,ifs,10,-4.1831,-0.4508,0.0561,1.1515,241
02408540,ifs,10,-0.1145,0.1525,0.2414,0.8779,241
02415000,ifs,10,-0.1074,0.0882,0.2028,0.8871,231
02422500,ifs,10,-0.4688,0.2443,0.2610,1.1553,224
02427250,ifs,10,-0.1437,-0.0900,0.0615,1.0048,241
02430085,ifs,10,-0.3914,0.2612,0.3216,1.2925,241
02450250,ifs,10,0.0030,0.2138,0.3133,1.0497,241
02464000,ifs,10,-0.2592,0.3352,0.3452,1.1070,241
02465493,ifs,10,-1.3563,0.1186,0.2496,1.1939,238
02469800,ifs,10,-0.0298,-0.0977,0.2832,0.4936,239
02472000,ifs,10,0.0566,-0.0513,0.3265,0.5501,241
02472500,ifs,10,-0.0689,0.0842,0.3092,0.5537,241
02479155,ifs,10,-0.0450,-0.1721,0.1280,0.5759,241
02479300,ifs,10,-0.0173,-0.3397,0.1806,0.3508,241
02481000,ifs,10,-0.0205,-0.3976,0.1891,0.2288,241
02481510,ifs,10,-0.0126,-0.3138,0.2669,0.2905,241
03010655,ifs,10,0.2441,0.3856,0.5951,0.6665,212
03011800,ifs,10,0.1063,0.3583,0.4782,0.7622,241
03015500,ifs,10,-0.0814,0.4776,0.4818,0.9470,241
03021350,ifs,10,-0.0166,0.3207,0.4202,0.7050,239
03026500,ifs,10,0.1484,0.3962,0.4900,0.8106,241
03028000,ifs,10,0.1523,0.4668,0.5939,0.6910,241
03049800,ifs,10,-0.1403,-0.1293,0.1190,0.6024,239
03050000,ifs,10,0.1199,0.3349,0.4388,0.8343,239
03066000,ifs,10,0.1454,0.3685,0.4825,0.7781,241
03069500,ifs,10,0.1709,0.2890,0.4842,0.7149,239
03070500,ifs,10,-0.2409,0.4435,0.4623,1.0482,239
03076600,ifs,10,-0.0027,0.0778,0.3503,0.5916,241
03078000,ifs,10,-0.0943,-0.0285,0.1993,0.6334,241
03140000,ifs,10,-0.5765,0.1260,0.1316,1.0126,239
03144000,ifs,10,-1.6469,-0.0051,0.0591,1.0849,241
03159540,ifs,10,-0.2215,0.1005,0.1821,0.8098,241
03161000,ifs,10,-1.7969,-0.0259,0.0550,0.9093,241
03164000,ifs,10,-0.4351,0.3135,0.3305,0.8491,241
03165000,ifs,10,-1.1925,0.0917,0.1204,0.9311,224
03170000,ifs,10,0.0122,0.3032,0.3807,0.8727,241
03173000,ifs,10,-0.5128,0.2529,0.2542,0.9585,239
03180500,ifs,10,0.3368,0.3521,0.5984,0.7836,225
03182500,ifs,10,0.3043,0.4495,0.5701,0.8614,239
03186500,ifs,10,0.3333,0.4760,0.5894,0.9066,239
03187500,ifs,10,0.2448,0.5592,0.5858,0.8989,238
03213700,ifs,10,-0.5605,0.3171,0.3673,1.1894,241
03237280,ifs,10,-0.5121,0.1560,0.1669,0.9083,241
03237500,ifs,10,-1.4526,0.0257,0.1708,1.3428,239
03241500,ifs,10,-0.5277,0.0749,0.1082,0.8168,228
03280700,ifs,10,-1.0913,0.1878,0.2827,0.8802,213
03281100,ifs,10,-1.8618,0.0126,0.2536,1.0902,239
03281500,ifs,10,-1.1644,0.1877,0.3277,1.0225,228
03285000,ifs,10,-1.6618,-0.2499,0.2465,1.8663,238
03291780,ifs,10,-0.8454,0.0109,0.0357,1.2154,241
03300400,ifs,10,-0.5365,0.0553,0.0803,1.1120,241
03340800,ifs,10,-2.5591,-0.1649,0.0111,1.0847,193
03346000,ifs,10,-1.6096,0.0013,0.0730,0.8543,241
03364500,ifs,10,-0.3072,-0.0402,0.0866,0.6649,241
03366500,ifs,10,-0.8413,0.0972,0.0975,1.0092,241
03368000,ifs,10,-0.5663,0.0705,0.0883,0.9061,241
03384450,ifs,10,-0.2708,-0.0466,0.0548,0.8481,241
03439000,ifs,10,-0.2673,-0.2759,-0.0211,0.6470,239
03450000,ifs,10,-0.1459,-0.1005,0.0832,0.8108,241
03455500,ifs,10,-1.2370,0.0354,0.0838,0.7285,239
03456500,ifs,10,-2.0370,-0.0973,-0.0083,0.8521,239
03460000,ifs,10,-0.5918,0.3768,0.4988,0.6301,241
03463300,ifs,10,-2.8161,-0.3083,0.4495,1.0121,241
03471500,ifs,10,-0.4317,0.3782,0.4410,0.7789,239
03473000,ifs,10,-0.4825,0.3229,0.3671,0.7712,241
03479000,ifs,10,-6.7877,-0.9129,0.0602,1.0177,239
03488000,ifs,10,-0.2963,0.2611,0.2989,0.7939,241
03498500,ifs,10,-0.4584,0.1641,0.2066,0.7823,241
03500000,ifs,10,-0.3675,0.3322,0.3712,0.8077,239
03504000,ifs,10,-0.5167,0.1832,0.2243,0.8319,239
03574500,ifs,10,-0.2453,0.0292,0.1622,0.6576,241
03604000,ifs,10,-0.0882,-0.1591,0.0749,0.7927,239
04015330,ifs,10,0.1660,0.0184,0.4477,0.5297,200
04024430,ifs,10,0.2353,0.4031,0.5460,0.7216,241
04027000,ifs,10,0.2496,0.4160,0.5382,0.8017,241
04040500,ifs,10,0.8032,0.8094,0.8980,0.9510,241
04043050,ifs,10,0.7548,0.8049,0.8705,0.9156,182
04045500,ifs,10,0.8643,0.8184,0.9436,0.8276,237
04056500,ifs,10,0.5877,0.4841,0.8451,0.7263,231
04057510,ifs,10,0.8508,0.7084,0.9479,0.8062,161
04057800,ifs,10,0.7714,0.6278,0.9003,0.7337,241
04059500,ifs,10,0.8196,0.7999,0.9095,1.0197,241
04063700,ifs,10,0.6530,0.4442,0.8959,0.6399,241
04074950,ifs,10,0.5684,0.5278,0.8377,0.7705,241
04105700,ifs,10,0.3658,0.4924,0.6201,0.9341,241
04115265,ifs,10,0.1033,0.1983,0.3602,0.9600,241
04122200,ifs,10,0.3162,0.3715,0.5904,0.8544,241
04122500,ifs,10,0.6060,0.6322,0.7981,0.9121,239
04124000,ifs,10,0.6633,0.6153,0.8344,0.9978,241
04127997,ifs,10,0.3200,0.3854,0.5833,0.9169,204
04185000,ifs,10,0.3080,0.4913,0.5814,0.8801,218
04196800,ifs,10,0.0157,0.1789,0.3169,0.7912,241
04197100,ifs,10,-0.2939,0.1387,0.1802,1.0860,241
04197170,ifs,10,-0.7037,0.0767,0.0804,0.9712,241
04213000,ifs,10,-0.5421,0.3195,0.3373,1.0505,239
04213075,ifs,10,-0.5950,0.1696,0.1770,0.8951,237
04216418,ifs,10,0.3650,0.4549,0.6064,0.9285,241
04221000,ifs,10,0.0337,0.0944,0.4836,0.5181,241
04224775,ifs,10,0.0756,0.0250,0.4728,0.5166,239
04256000,ifs,10,0.4919,0.7042,0.7686,1.1756,239
04296000,ifs,10,0.2494,0.5399,0.5775,0.8939,241
05057000,ifs,10,-1.2115,0.1683,0.3165,0.5545,163
05057200,ifs,10,0.1510,0.5892,0.6404,1.1632,240
05062500,ifs,10,0.3362,0.6628,0.6635,1.0156,202
05087500,ifs,10,0.0099,0.4858,0.5106,1.1577,241
05120500,ifs,10,-10.1757,-1.4916,-0.0502,3.2064,210
05123400,ifs,10,-0.3950,-0.6564,-0.0244,0.1567,240
05129115,ifs,10,-0.8178,-0.6732,0.0962,0.0006,241
05131500,ifs,10,-0.2609,0.1709,0.2852,0.6270,145
05291000,ifs,10,-0.8127,0.2569,0.3085,0.9142,241
05362000,ifs,10,-0.2422,0.4573,0.5830,1.0345,240
05393500,ifs,10,-0.0027,0.5471,0.5778,1.0467,241
05399500,ifs,10,-0.5300,0.2989,0.3410,1.1932,239
05408000,ifs,10,0.0284,0.0608,0.2839,0.8409,240
05412500,ifs,10,-0.1553,0.1823,0.3118,0.6972,241
05413500,ifs,10,-1.1746,0.0217,0.0416,0.8112,211
05414000,ifs,10,-0.3613,0.0421,0.2420,0.6243,207
05444000,ifs,10,-1.7042,0.0174,0.1561,0.7752,239
05454000,ifs,10,-0.9609,0.1661,0.2282,0.7717,241
05458000,ifs,10,-0.2276,0.0054,0.1219,0.7706,241
05466500,ifs,10,-0.1474,0.0166,0.1470,0.8194,239
05487980,ifs,10,-0.3166,0.0022,0.0765,0.8756,239
05488200,ifs,10,-0.2014,-0.1174,0.0854,0.5721,239
05489000,ifs,10,-0.2787,-0.1378,0.0338,0.6010,239
05495000,ifs,10,-1.3589,-0.0749,0.1392,1.5759,239
05495500,ifs,10,-0.1977,-0.0955,0.1051,0.5666,235
05501000,ifs,10,-0.5064,-0.0561,0.0165,0.7306,239
05503800,ifs,10,-0.9374,0.0022,0.0026,1.0084,241
05507600,ifs,10,-1.4063,-0.0464,0.0774,1.4199,241
05508805,ifs,10,-1.7745,-0.2049,0.1991,1.7383,239
05514500,ifs,10,-0.5177,0.1025,0.1208,1.0986,239
05525500,ifs,10,-0.2758,0.1304,0.1779,1.0895,239
05556500,ifs,10,-0.0768,-0.0088,0.2531,0.5392,241
05584500,ifs,10,-0.3797,0.0452,0.1304,0.7036,239
05585000,ifs,10,-0.2987,0.1003,0.1993,0.6768,241
05591550,ifs,10,-0.7899,0.1602,0.1629,0.9934,239
05592050,ifs,10,-0.5873,0.1802,0.1824,1.0523,222
05592575,ifs,10,-1.4366,-0.0109,0.0116,1.0285,239
05593575,ifs,10,-6.2008,-1.2308,0.0463,2.3320,241
05593900,ifs,10,-1.6159,-0.0552,0.0176,1.2573,239
05595730,ifs,10,-10.8512,-1.8552,0.0656,2.3437,241
06037500,ifs,10,-2.1749,0.4028,0.8451,1.2857,241
06043500,ifs,10,0.4243,0.4089,0.9593,1.3223,241
06154410,ifs,10,-0.1170,-0.0569,0.1534,0.6867,241
06188000,ifs,10,0.8679,0.9161,0.9391,0.9953,241
06191500,ifs,10,0.7790,0.7068,0.9497,1.1201,241
06221400,ifs,10,0.8070,0.8330,0.9243,1.0808,241
06224000,ifs,10,0.6897,0.8283,0.8549,1.0847,241
06289000,ifs,10,0.1717,0.6175,0.6412,0.9275,241
06332515,ifs,10,-10.9169,-2.6563,0.4334,3.4742,118
06339100,ifs,10,-39.0494,-5.6910,0.5759,4.5520,177
06339500,ifs,10,-5.8803,-0.8045,0.1593,0.7505,171
06344600,ifs,10,-121.1491,-10.5024,0.2941,7.1728,180
06350000,ifs,10,-35.2168,-4.5480,0.3678,3.6745,241
06352000,ifs,10,-0.0172,-0.1055,0.5087,1.3449,240
06353000,ifs,10,-0.0009,-0.1145,0.5101,0.8150,239
06354000,ifs,10,-0.7043,0.2869,0.4277,0.7435,176
06360500,ifs,10,0.1242,0.1423,0.5257,1.5405,142
06404000,ifs,10,-193.4710,-11.9562,0.0276,2.8932,208
06406000,ifs,10,-308.7295,-10.4935,0.2418,6.0629,183
06408700,ifs,10,-1589.3684,-4.0634,0.2203,1.5118,241
06409000,ifs,10,-1.5997,0.6159,0.8093,1.2688,196
06431500,ifs,10,-4.2062,-0.1966,0.3046,1.1214,230
06440200,ifs,10,-0.2515,-0.4242,-0.0365,0.2172,163
06441500,ifs,10,-17.2691,-3.5419,-0.0113,4.4029,180
06447000,ifs,10,-0.4342,-0.1599,-0.0407,0.6709,143
06447500,ifs,10,-0.0846,-0.1090,0.2519,0.7219,241
06450500,ifs,10,0.0398,-0.1263,0.3075,1.0569,211
06452000,ifs,10,-0.0023,-0.3335,0.0303,1.0269,178
06453600,ifs,10,-1.7213,-0.2881,-0.0097,1.7892,238
06464500,ifs,10,-1.1517,0.0407,0.0597,1.1624,178
06477500,ifs,10,-420.4255,-19.5685,-0.0268,8.6496,240
06479215,ifs,10,-0.1875,-0.1314,0.0660,0.6655,241
06479438,ifs,10,-0.1422,-0.5021,-0.0013,0.2634,241
06601000,ifs,10,-0.7570,0.0988,0.1050,0.8985,241
06614800,ifs,10,0.7622,0.5894,0.9358,1.3724,241
06622700,ifs,10,-0.4390,0.0959,0.7549,1.6557,241
06623800,ifs,10,0.8259,0.9102,0.9162,0.9996,241
06632400,ifs,10,-0.3331,0.3096,0.4707,1.4171,241
06784000,ifs,10,-1.1256,-0.1923,-0.0314,1.3275,241
06803510,ifs,10,-0.0435,-0.3226,0.0140,0.6212,241
06803530,ifs,10,-0.1469,-0.1440,0.0334,0.8279,241
06814000,ifs,10,-1.8537,-0.0658,0.0188,0.8295,241
06846500,ifs,10,-0.0094,-0.4704,-0.0562,1.3835,241
06847900,ifs,10,-0.0193,-0.2980,0.0748,1.3250,241
06853800,ifs,10,-2.4389,-0.4500,-0.0021,1.9591,241
06876700,ifs,10,-0.0689,-0.4049,0.1951,0.2286,241
06878000,ifs,10,-0.5148,-0.0869,0.0283,0.5905,241
06879650,ifs,10,-0.3529,-0.0546,0.1029,0.5429,240
06885500,ifs,10,-0.1524,-0.1387,0.1308,0.4580,241
06888500,ifs,10,0.1222,-0.0431,0.3838,0.4356,241
06889200,ifs,10,-0.2295,-0.0510,0.0966,0.6692,241
06889500,ifs,10,-1.1353,0.0825,0.1055,0.8959,241
06892000,ifs,10,-0.0806,-0.0243,0.1995,0.5908,241
06903400,ifs,10,-0.1157,-0.3276,0.0449,0.3673,241
06906800,ifs,10,-0.2721,-0.1693,0.0336,0.5330,241
06910800,ifs,10,-0.0538,0.3459,0.3998,0.7829,241
06911900,ifs,10,-0.3035,0.4066,0.4299,0.8964,241
06917000,ifs,10,-0.1980,-0.0055,0.1864,0.5343,241
06918460,ifs,10,-0.0883,0.2841,0.3243,1.0192,241
06919500,ifs,10,-0.1452,0.0835,0.2545,0.5833,241
06921070,ifs,10,-0.1715,-0.0231,0.1317,0.7012,241
06921200,ifs,10,-0.0293,-0.3392,0.1873,0.2828,241
06934000,ifs,10,-0.1922,0.3721,0.4128,0.7786,240
07014500,ifs,10,-0.1941,-0.0259,0.1073,0.7755,241
07056000,ifs,10,-0.1859,0.2788,0.3004,0.9806,241
07057500,ifs,10,-0.3206,0.1919,0.2224,0.8825,233
07060710,ifs,10,-0.0001,-0.3917,0.0312,1.0571,241
07066000,ifs,10,-0.7367,0.1271,0.1285,0.9509,241
07067000,ifs,10,-0.8122,0.1995,0.2744,0.6797,241
07068000,ifs,10,-0.6483,0.2712,0.2933,0.8673,240
07071500,ifs,10,-1.0408,0.2054,0.2469,0.8490,241
07083000,ifs,10,-2.3787,-0.5807,0.8396,1.9526,241
07142300,ifs,10,-8.2529,-4.9999,-0.0987,6.8341,241
07145700,ifs,10,-0.0231,-0.6041,0.0246,0.1500,238
07148400,ifs,10,-1.0686,0.1052,0.6861,1.5210,241
07149000,ifs,10,-0.1302,0.3931,0.6588,1.4900,241
07151500,ifs,10,-0.0222,-0.4299,0.0520,0.4126,241
07167500,ifs,10,-0.1239,-0.3705,0.0020,1.6624,241
07180500,ifs,10,-0.3271,-0.0701,0.0411,0.7323,241
07184000,ifs,10,0.0116,-0.2587,0.2049,0.3580,239
07195800,ifs,10,-1.2238,0.1259,0.1800,1.0368,239
07196900,ifs,10,-0.9426,0.1591,0.3879,1.3936,240
07197000,ifs,10,-2.6851,-0.2747,0.3929,1.3571,241
07208500,ifs,10,-0.0308,0.4606,0.7312,1.1045,241
07226500,ifs,10,-0.0301,-0.4577,-0.0165,0.4096,239
07261000,ifs,10,-0.7944,-0.0558,0.2724,1.7545,239
07263295,ifs,10,-2.9566,-1.7750,0.0354,3.5226,239
07290650,ifs,10,-0.9790,0.1039,0.1538,0.7420,241
07291000,ifs,10,-0.1831,0.0456,0.3027,0.4250,241
07292500,ifs,10,0.0733,0.0565,0.3187,0.7474,241
07295000,ifs,10,-0.1647,0.0905,0.2086,0.7179,241
07299670,ifs,10,-4.5856,-1.2954,0.0084,2.7605,231
07301410,ifs,10,-0.3760,-0.2255,-0.0918,0.7847,230
07301500,ifs,10,-0.1859,-0.5665,0.0513,1.7845,203
07315200,ifs,10,-34.9196,-5.6790,-0.0390,5.5435,161
07315700,ifs,10,-55.9055,-8.9798,0.0267,8.7145,218
07335700,ifs,10,-0.0887,-0.1838,0.1208,0.5253,232
07340300,ifs,10,-0.4202,0.2197,0.2271,0.9383,241
07346045,ifs,10,-9.7748,-1.4458,0.1695,1.1618,241
07359610,ifs,10,-1.1724,-0.1183,0.1271,1.6835,241
07362100,ifs,10,-5.5319,-1.1901,0.2493,2.5099,241
07362587,ifs,10,-1.4519,-0.7255,0.0326,2.4195,239
07373000,ifs,10,-1.0867,0.0524,0.1175,0.6852,237
07375000,ifs,10,-0.1389,-0.2573,0.0795,0.4140,241
07376000,ifs,10,-0.6730,0.0100,0.0785,0.6611,241
08013000,ifs,10,0.0299,0.2193,0.3739,0.6872,241
08014500,ifs,10,-0.1078,-0.1681,0.1291,0.5675,241
08023080,ifs,10,-1.2931,-0.7838,-0.0774,2.4217,241
08025500,ifs,10,-0.3958,-0.0792,-0.0074,0.9201,241
08029500,ifs,10,-0.9380,0.1225,0.1731,1.2562,241
08050800,ifs,10,-2.5356,-0.2282,0.0587,1.4500,240
08066200,ifs,10,-0.1079,-0.3596,-0.0238,0.4584,241
08066300,ifs,10,-0.0670,-0.5216,-0.0269,0.2466,241
08070000,ifs,10,-4.4903,-0.6671,0.1492,1.7256,241
08070200,ifs,10,-1.2891,0.0909,0.1362,1.0463,241
08079600,ifs,10,-22.9569,-7.7308,0.0177,8.8739,196
08082700,ifs,10,-1.5513,-0.3366,-0.0187,1.8363,227
08086212,ifs,10,-0.3127,-1.0319,0.2099,2.8597,241
08086290,ifs,10,-2.8771,-5.1662,0.1842,7.0570,241
08101000,ifs,10,-52.7546,-6.5076,0.2164,5.0895,241
08103900,ifs,10,-0.5450,0.1942,0.2461,1.2841,241
08104900,ifs,10,0.0441,0.1498,0.3497,0.6375,241
08109700,ifs,10,-14.0663,-2.5413,0.0587,2.9905,224
08150800,ifs,10,-0.0543,-0.3055,-0.0072,0.7043,241
08155200,ifs,10,-7.2793,-2.2906,0.0501,3.6976,241
08158700,ifs,10,-18.3808,-11.5297,0.0362,13.1467,241
08158810,ifs,10,-0.3134,0.0194,0.1157,1.2767,241
08164000,ifs,10,-7.9308,-1.6520,0.1774,2.5792,241
08164300,ifs,10,-1.1454,-0.1583,-0.0219,1.5435,238
08164600,ifs,10,-10.0226,-5.3041,0.2284,6.8406,241
08165300,ifs,10,-0.0637,-0.2857,-0.0263,0.9483,241
08171300,ifs,10,-67.9693,-39.3420,-0.0337,40.8542,241
08175000,ifs,10,-19.7884,-2.7425,0.1878,1.3245,241
08176900,ifs,10,-40.5365,-9.6610,0.3039,10.1612,241
08178880,ifs,10,-0.0584,-0.4949,0.0367,0.2323,241
08189500,ifs,10,-1.7306,-0.0465,0.4800,1.2293,241
08190000,ifs,10,-0.0337,-0.3777,-0.0215,0.6307,241
08190500,ifs,10,-6.1480,-1.3060,0.2288,2.3786,235
08194200,ifs,10,-0.0318,-0.4486,0.0491,0.2749,241
08195000,ifs,10,-0.0421,-0.3902,-0.0132,0.5224,241
08196000,ifs,10,-0.1351,-0.0049,0.2122,1.4898,229
08198500,ifs,10,-0.0155,-0.5745,-0.0296,0.2709,241
08200000,ifs,10,-0.0521,-0.4137,0.0541,0.2932,241
08202700,ifs,10,-0.0431,-0.5244,-0.0102,0.2065,240
08267500,ifs,10,-24.1096,-2.4437,0.6981,2.7118,241
08269000,ifs,10,-5.4513,-0.7503,0.6334,1.7578,241
08271000,ifs,10,-50.5556,-4.4962,0.7698,2.5741,241
08324000,ifs,10,-0.0601,0.5022,0.6762,1.1956,241
08377900,ifs,10,-4.2657,-0.5029,0.4354,1.3840,241
08378500,ifs,10,-5.4666,-0.8841,0.5974,1.3163,233
08380500,ifs,10,-3.0427,-0.2120,0.5012,1.8090,241
09034900,ifs,10,0.1320,0.1895,0.8851,1.5932,237
09035900,ifs,10,0.5269,0.7189,0.8257,1.1094,207
09047700,ifs,10,-5.1076,-0.9970,0.8618,1.4621,239
09065500,ifs,10,0.7134,0.6182,0.9444,1.1540,241
09066000,ifs,10,-1.0376,0.1323,0.5830,1.1886,241
09066200,ifs,10,0.7018,0.6104,0.9332,1.2420,241
09066300,ifs,10,-0.4851,-0.0578,0.7945,1.8315,241
09081600,ifs,10,0.0809,0.5818,0.6202,1.0421,241
09107000,ifs,10,-1.1962,0.0083,0.6915,1.2959,240
09210500,ifs,10,-1.4101,0.0871,0.7381,1.5440,214
09223000,ifs,10,-2.8984,-0.5877,0.8770,2.0020,180
09306242,ifs,10,-381.8726,-4.1819,0.8971,6.0654,239
09312600,ifs,10,-2.2253,-0.6539,0.4739,2.4275,241
09352900,ifs,10,-0.9155,0.1860,0.5515,1.3951,211
09378170,ifs,10,0.2523,0.2658,0.5391,1.3221,241
09378630,ifs,10,,,,,241
09386900,ifs,10,-92.3725,-8.0082,-0.0273,3.9580,241
09404450,ifs,10,0.6105,0.7878,0.8019,0.9454,241
09430500,ifs,10,-1.4604,-0.0311,0.2842,0.2783,241
09430600,ifs,10,-0.0501,-0.0528,0.4434,0.2894,241
09447800,ifs,10,-2.2268,-0.6391,0.0361,2.0353,241
09480000,ifs,10,-0.5845,-3.3438,0.0689,5.2336,241
09484000,ifs,10,-1.2525,-1.1837,0.3329,3.0449,216
09484600,ifs,10,-1.6428,-1.5796,0.0865,3.3946,240
09492400,ifs,10,-1.3639,0.0767,0.7405,1.7077,240
09494000,ifs,10,-0.8464,0.2761,0.4277,1.1191,241
09497800,ifs,10,-0.1099,-0.6236,-0.2517,1.5142,241
09497980,ifs,10,-0.9743,0.1478,0.1698,1.0898,210
09505200,ifs,10,0.4417,0.4464,0.6763,0.9817,241
09505350,ifs,10,0.2611,0.2020,0.5527,0.9318,241
09505800,ifs,10,0.4770,0.5855,0.6915,0.9821,241
09508300,ifs,10,-4.5577,-0.7458,0.3620,1.5742,241
09510200,ifs,10,-11.0631,-3.0097,0.0482,4.1577,222
09512280,ifs,10,-3.1204,-1.8087,-0.0124,3.5173,241
09513780,ifs,10,-238.4594,-17.7274,-0.0229,13.3228,240
10023000,ifs,10,-14.3539,-0.6396,0.0706,2.2121,241
10166430,ifs,10,-13389.9125,-90.9815,0.5570,72.9800,241
10172700,ifs,10,-30.0408,-0.2964,0.6106,2.0178,241
10172800,ifs,10,-10.0208,-0.9102,0.8027,2.3792,241
10173450,ifs,10,-0.4423,0.3760,0.4026,1.0137,241
10205030,ifs,10,-204.8448,-10.3038,-0.0153,2.3906,241
10234500,ifs,10,-0.1113,-0.2691,-0.0392,0.8755,237
10242000,ifs,10,-29.4132,-3.7320,0.4149,4.4997,241
10244950,ifs,10,-37.0917,-1.5660,0.7209,1.5604,241
10249300,ifs,10,-45.1563,-4.6195,0.5092,4.3460,240
10258000,ifs,10,,,,,69
10258500,ifs,10,-0.0056,-0.0198,0.2229,0.6335,241
10259000,ifs,10,0.7915,0.7319,0.9105,1.0837,241
10259200,ifs,10,-13.2578,-5.8487,0.8439,6.9573,241
10263500,ifs,10,-0.1979,0.2283,0.8366,1.2360,241
10310500,ifs,10,-1.7332,0.1084,0.8897,1.7852,241
10316500,ifs,10,-0.3164,0.3339,0.6859,1.2361,241
10329500,ifs,10,0.5148,0.5597,0.9039,1.1806,241
10336645,ifs,10,0.5685,0.7286,0.8031,1.1816,227
10336660,ifs,10,0.5989,0.7694,0.7859,1.0305,241
10343500,ifs,10,0.5273,0.6523,0.7455,0.8446,241
10348850,ifs,10,-2.2397,0.0056,0.8250,1.7206,241
10396000,ifs,10,0.1452,0.5923,0.7211,1.1941,241
11098000,ifs,10,-0.0746,0.4462,0.5124,1.2506,241
11124500,ifs,10,-2.7258,-0.9559,0.8814,2.3951,241
11141280,ifs,10,0.2945,0.3729,0.5450,1.0739,241
11143000,ifs,10,0.2600,0.5946,0.6714,1.2204,241
11148900,ifs,10,0.1731,0.1133,0.4335,0.5461,241
11151300,ifs,10,0.0400,-0.0289,0.2244,0.9500,241
11162500,ifs,10,0.1317,0.3599,0.4764,0.7242,241
11176400,ifs,10,-0.2968,0.0876,0.1715,0.7221,144
11180500,ifs,10,-4.1344,-1.6699,0.5168,3.1027,241
11180960,ifs,10,-9.6218,-2.1307,0.2045,3.0395,241
11224500,ifs,10,-0.0198,-0.5077,0.0694,0.1793,241
11253310,ifs,10,-0.0243,-0.1724,0.1773,0.4546,241
11264500,ifs,10,-1.0050,0.1616,0.1881,1.0241,241
11266500,ifs,10,-0.8142,0.2502,0.3041,1.1372,241
11274500,ifs,10,-0.7865,0.1566,0.2221,1.2965,241
11274630,ifs,10,-1.2202,0.0838,0.1129,1.0509,241
11284400,ifs,10,-0.1090,-0.1225,0.2304,0.2999,241
11299600,ifs,10,0.0910,0.1866,0.3625,0.7570,238
11381500,ifs,10,0.6167,0.4838,0.8654,1.0014,241
11383500,ifs,10,0.6976,0.5918,0.8760,1.0632,241
11451100,ifs,10,0.1510,0.2991,0.8783,1.2454,106
11468500,ifs,10,0.5403,0.4238,0.8161,0.9039,241
11473900,ifs,10,0.5618,0.4417,0.8300,0.9192,241
11475560,ifs,10,0.5801,0.4884,0.8112,0.9072,241
11476600,ifs,10,0.7061,0.6939,0.8609,1.2723,240
11478500,ifs,10,0.7684,0.4918,0.8954,1.4972,241
11480390,ifs,10,0.6239,0.5316,0.8364,1.0156,241
11481200,ifs,10,0.4780,0.5898,0.7618,1.3289,241
11482500,ifs,10,0.6608,0.5148,0.8673,1.4628,241
11522500,ifs,10,0.2871,0.4122,0.7160,1.5122,241
11523200,ifs,10,-0.1619,0.1649,0.7323,1.7204,241
11528700,ifs,10,0.6874,0.5871,0.8620,1.1329,241
11532500,ifs,10,0.5538,0.6225,0.8441,1.2600,241
12010000,ifs,10,0.2425,0.5826,0.6521,0.7740,241
12013500,ifs,10,0.2189,0.6289,0.6887,0.9387,241
12020000,ifs,10,-0.0813,0.2906,0.4194,0.6146,241
12025000,ifs,10,0.2578,0.6415,0.6564,1.0751,241
12025700,ifs,10,0.3978,0.6707,0.6976,0.8713,241
12035000,ifs,10,0.0501,0.5551,0.6591,0.9218,241
12040500,ifs,10,-0.1608,0.4657,0.6385,0.9657,241
12041200,ifs,10,-0.5550,0.2191,0.6989,0.9291,241
12043000,ifs,10,0.2615,0.6315,0.7106,0.8794,241
12048000,ifs,10,0.3394,0.6150,0.8329,1.2605,241
12054000,ifs,10,-0.1582,0.3625,0.7403,1.3507,241
12056500,ifs,10,-0.4995,0.3000,0.6464,0.9902,241
12073500,ifs,10,-0.5665,0.3610,0.5099,1.1110,240
12082500,ifs,10,0.3104,0.3086,0.5676,0.9846,235
12092000,ifs,10,0.2103,0.2737,0.4658,0.9580,241
12095000,ifs,10,0.5971,0.6823,0.7772,0.8848,241
12114500,ifs,10,0.4338,0.3776,0.7062,1.0013,241
12115000,ifs,10,0.4238,0.3757,0.6923,0.9771,241
12115500,ifs,10,0.3739,0.3492,0.6384,0.8147,241
12117000,ifs,10,0.5152,0.5727,0.7200,0.9637,241
12141300,ifs,10,0.3604,0.3669,0.6114,1.0652,241
12143600,ifs,10,0.3858,0.3850,0.6388,1.1641,238
12144000,ifs,10,0.4626,0.4702,0.6910,0.9837,240
12145500,ifs,10,0.5250,0.6373,0.7395,0.8157,241
12147600,ifs,10,0.2641,0.3944,0.5264,0.9166,241
12167000,ifs,10,0.2928,0.5047,0.5859,1.1597,241
12175500,ifs,10,-0.1612,0.4776,0.5081,1.1200,241
12186000,ifs,10,0.1059,0.3530,0.4367,1.1225,238
12189500,ifs,10,0.1791,0.4232,0.5229,1.1995,240
12358500,ifs,10,0.6229,0.8115,0.8270,1.0133,241
12377150,ifs,10,0.5474,0.7726,0.7736,0.9783,241
12381400,ifs,10,0.3865,0.5349,0.8599,1.2061,208
12390700,ifs,10,0.4199,0.6266,0.6968,1.1726,241
12411000,ifs,10,0.7414,0.7319,0.8739,1.1683,230
12414500,ifs,10,0.6407,0.6722,0.8124,0.8973,241
12447390,ifs,10,-0.1975,-0.2392,0.2269,0.3608,241
12451000,ifs,10,0.4467,0.6770,0.7885,1.2140,241
12488500,ifs,10,0.5529,0.7033,0.7737,1.1521,241
13011500,ifs,10,0.7082,0.5998,0.9333,1.3124,241
13011900,ifs,10,0.8000,0.8172,0.9263,0.9709,241
13018300,ifs,10,-0.3616,0.0228,0.9383,1.4782,241
13023000,ifs,10,0.4936,0.7445,0.7918,0.9283,199
13161500,ifs,10,0.6438,0.6911,0.8282,0.8018,241
13235000,ifs,10,0.5905,0.6552,0.7855,0.8880,239
13240000,ifs,10,0.7973,0.8806,0.8944,1.0055,162
13310700,ifs,10,0.5942,0.5105,0.8972,0.6772,241
13313000,ifs,10,0.7005,0.4961,0.9536,0.6486,241
13331500,ifs,10,0.4231,0.4853,0.8996,1.2572,241
13337000,ifs,10,0.6522,0.6725,0.8448,0.8109,241
13338500,ifs,10,0.7096,0.8479,0.8558,1.0479,241
13340000,ifs,10,0.4931,0.6075,0.7582,0.7805,241
13340600,ifs,10,0.5530,0.5804,0.8665,0.6892,241
14020000,ifs,10,0.2293,0.1412,0.5843,0.6334,241
14092750,ifs,10,0.4859,0.6433,0.7124,0.9183,241
14096850,ifs,10,-1.3987,0.3384,0.7200,0.4656,241
14137000,ifs,10,0.3689,0.4154,0.6090,0.9998,236
14138800,ifs,10,0.0875,0.2639,0.3794,0.9130,241
14138870,ifs,10,0.0981,0.3922,0.4543,0.8622,241
14138900,ifs,10,-0.0704,0.1931,0.2751,0.9208,241
14139800,ifs,10,0.1231,0.4011,0.4707,0.8400,239
14141500,ifs,10,0.1885,0.4681,0.5184,0.9047,241
14154500,ifs,10,0.5546,0.7368,0.7615,1.0715,241
14158500,ifs,10,0.7629,0.7241,0.9061,1.0864,226
14158790,ifs,10,0.5756,0.6226,0.7607,1.0363,237
14166500,ifs,10,0.4548,0.4183,0.7034,0.8893,241
14182500,ifs,10,0.3454,0.3320,0.6179,0.7224,241
14185000,ifs,10,0.5039,0.6548,0.7156,0.9807,241
14185900,ifs,10,0.4015,0.5182,0.6386,0.9047,238
14187000,ifs,10,0.4879,0.6520,0.7071,1.0321,239
14216500,ifs,10,0.6363,0.7429,0.7993,1.0278,238
14222500,ifs,10,0.1056,0.4551,0.4814,1.0329,241
14236200,ifs,10,0.3936,0.5718,0.6535,0.8446,240
14301000,ifs,10,0.3986,0.5568,0.6438,0.8974,240
14303200,ifs,10,0.4059,0.3794,0.6635,0.8891,241
14305500,ifs,10,0.3544,0.5370,0.6122,0.9485,239
14306340,ifs,10,0.4587,0.3852,0.7261,0.7385,241
14306500,ifs,10,0.5938,0.5665,0.7896,0.8886,241
14308990,ifs,10,0.6704,0.5389,0.8797,0.9344,241
14309500,ifs,10,0.5955,0.7593,0.7814,0.9704,241
14316700,ifs,10,0.5834,0.7566,0.7818,1.0896,241
14325000,ifs,10,0.3665,0.6711,0.7612,1.0417,241
14362250,ifs,10,0.6260,0.3421,0.9311,0.5529,148
14400000,ifs,10,0.4608,0.7304,0.7681,0.9466,241
01013500,ifs,11,0.8806,0.8216,0.9465,0.8681,241
01022500,ifs,11,0.4905,0.6474,0.7135,1.1030,241
01030500,ifs,11,0.6731,0.7557,0.8783,1.1224,241
01031500,ifs,11,-0.2834,0.4372,0.5588,1.1295,239
01047000,ifs,11,-0.2377,0.4527,0.4777,1.0355,241
01052500,ifs,11,0.2110,0.3227,0.4955,0.7602,241
01054200,ifs,11,0.0358,0.0378,0.3389,0.5265,241
01055000,ifs,11,-0.0616,0.4043,0.4140,0.9724,241
01057000,ifs,11,0.3660,0.6738,0.6752,1.0157,241
01073000,ifs,11,0.6562,0.7805,0.8502,1.1317,241
01078000,ifs,11,0.2298,0.3308,0.5394,0.7011,239
01118300,ifs,11,0.1599,0.4051,0.4973,0.8111,239
01121000,ifs,11,0.5047,0.6906,0.7521,1.1810,239
01123000,ifs,11,0.5544,0.5662,0.7548,0.8977,241
01134500,ifs,11,0.4126,0.6261,0.6683,0.9266,239
01137500,ifs,11,0.2302,0.4449,0.5440,0.8096,241
01139000,ifs,11,0.2912,0.6276,0.6352,0.9337,237
01139800,ifs,11,0.7094,0.8143,0.8446,1.0252,241
01142500,ifs,11,0.5052,0.6965,0.7349,0.8980,239
01144000,ifs,11,0.6735,0.8202,0.8460,0.9124,241
01169000,ifs,11,0.1731,0.5437,0.5563,1.0732,239
01170100,ifs,11,0.3170,0.6416,0.6443,0.9898,240
01181000,ifs,11,0.6807,0.7555,0.8251,1.0134,239
01187300,ifs,11,0.4997,0.5012,0.7190,0.9998,241
01195100,ifs,11,0.1381,0.2151,0.4162,0.7961,241
01333000,ifs,11,0.4800,0.5405,0.7025,0.8506,239
01350000,ifs,11,0.0819,0.0293,0.3184,0.6934,238
01350080,ifs,11,0.5467,0.5379,0.7605,0.7650,241
01350140,ifs,11,0.4713,0.5768,0.7255,0.7181,191
01365000,ifs,11,0.2783,0.3308,0.5408,0.8290,239
01411300,ifs,11,-0.2504,-0.0298,0.0921,1.2036,232
01413500,ifs,11,0.3054,0.3017,0.5953,0.7445,239
01414500,ifs,11,0.0496,0.0037,0.3595,0.5569,239
01415000,ifs,11,0.2645,0.1971,0.6777,0.5657,196
01423000,ifs,11,0.3205,0.3221,0.6374,0.6908,241
01434025,ifs,11,0.0493,0.4325,0.5267,0.6903,241
01435000,ifs,11,0.2339,0.2670,0.4958,0.8139,240
01439500,ifs,11,0.4100,0.4689,0.6851,0.7904,239
01440000,ifs,11,0.2490,0.4526,0.5372,0.9161,241
01440400,ifs,11,0.4554,0.5927,0.6818,0.9302,215
01451800,ifs,11,-0.0075,0.3508,0.3930,1.0937,239
01466500,ifs,11,-3.1802,-0.7975,0.8243,1.0015,239
01484100,ifs,11,-0.8606,0.2385,0.3731,1.3271,241
01485500,ifs,11,-4.9145,-0.8255,0.2442,2.0638,236
01486000,ifs,11,-1.2674,-0.0074,0.5104,1.7608,241
01487000,ifs,11,-0.1504,0.4919,0.6044,1.0670,241
01491000,ifs,11,0.3793,0.4575,0.6163,0.9665,241
01510000,ifs,11,0.5146,0.5753,0.7209,0.8983,241
01516500,ifs,11,0.0577,0.0254,0.3785,0.5384,241
01518862,ifs,11,0.0988,0.2428,0.4722,0.6015,241
01532000,ifs,11,-0.2508,0.4146,0.4279,0.9065,239
01539000,ifs,11,-0.1102,0.4045,0.4138,0.9170,225
01542810,ifs,11,-0.4560,0.2260,0.2456,0.8333,239
01543000,ifs,11,-0.5225,0.3114,0.3501,0.8168,241
01543500,ifs,11,-0.2736,0.3617,0.3992,0.7855,239
01544500,ifs,11,0.2537,0.4077,0.6294,0.6358,241
01545600,ifs,11,0.3090,0.3357,0.6571,0.6230,241
01547700,ifs,11,-0.0603,-0.0549,0.1496,0.7768,241
01548500,ifs,11,0.1166,0.2343,0.5190,0.5755,239
01549500,ifs,11,0.2663,0.4182,0.5963,0.6940,239
01550000,ifs,11,0.1747,0.3437,0.5265,0.6889,239
01552000,ifs,11,0.0362,0.3754,0.4476,0.7921,241
01552500,ifs,11,-0.1432,0.4100,0.4300,0.8486,241
01557500,ifs,11,-0.4612,0.1838,0.1930,0.9348,241
01567500,ifs,11,-0.1100,0.1958,0.2617,1.0350,241
01568000,ifs,11,0.0583,0.2691,0.3699,1.0867,241
01580000,ifs,11,-0.3846,0.2199,0.2312,0.9332,237
01583500,ifs,11,-0.4149,0.2110,0.2286,0.8735,241
01586610,ifs,11,-0.2924,0.2182,0.2661,0.7984,207
01591400,ifs,11,-0.9403,0.1370,0.1465,1.0152,241
01596500,ifs,11,-0.0683,0.0332,0.2136,0.7258,239
01605500,ifs,11,-0.3140,0.3721,0.3890,1.1326,239
01606500,ifs,11,-0.0045,0.3026,0.4003,0.7455,214
01613050,ifs,11,-0.4278,0.1729,0.1944,1.1346,241
01620500,ifs,11,0.1451,0.2488,0.5135,0.5469,239
01632000,ifs,11,-0.0617,0.2398,0.3164,0.8387,239
01632900,ifs,11,-0.5832,0.2798,0.2883,0.9622,239
01634500,ifs,11,-0.2260,0.1623,0.2116,0.9181,224
01638480,ifs,11,-4.6142,-0.7215,0.1846,1.9820,236
01639500,ifs,11,-0.2670,0.2598,0.2834,1.1261,241
01644000,ifs,11,-2.3037,-0.2689,0.2419,1.8518,241
01658500,ifs,11,-1.4655,0.0498,0.2139,1.3207,210
01664000,ifs,11,-0.0632,0.3283,0.3634,0.9240,241
01666500,ifs,11,-0.1373,0.3589,0.3827,1.1385,226
01667500,ifs,11,-0.5717,0.2790,0.2924,1.1016,219
01669000,ifs,11,0.1273,0.4246,0.4723,1.0484,216
01669520,ifs,11,-2.0648,-0.0778,0.4025,1.6739,239
02011400,ifs,11,0.1214,0.4953,0.5169,1.0980,241
02011460,ifs,11,0.0481,0.4017,0.4547,0.8173,241
02013000,ifs,11,-0.1791,0.2873,0.3222,1.1590,241
02014000,ifs,11,-3.5152,-0.3570,0.2037,1.1929,241
02015700,ifs,11,0.3306,0.5775,0.6138,0.9975,223
02016000,ifs,11,0.1487,0.5249,0.5392,0.9245,241
02017500,ifs,11,-3.9812,-0.4959,0.2698,1.3308,239
02018000,ifs,11,-2.4418,-0.1480,0.2745,1.2695,234
02027000,ifs,11,-0.1124,0.4752,0.5575,0.7785,221
02027500,ifs,11,0.3541,0.4790,0.6999,0.6231,224
02028500,ifs,11,0.0194,0.4472,0.4688,0.8838,216
02038850,ifs,11,-0.3810,0.2830,0.2945,0.8757,239
02046000,ifs,11,-0.1233,0.1400,0.3182,1.4306,231
02051000,ifs,11,-0.4832,-0.0002,0.0427,1.1230,241
02051500,ifs,11,-0.0293,0.1536,0.2695,1.0976,239
02053200,ifs,11,-0.9010,0.1058,0.2475,1.4477,210
02053800,ifs,11,-1.3458,0.0999,0.1666,0.9650,222
02055100,ifs,11,-3.2561,-0.2975,0.1568,1.3039,239
02056900,ifs,11,-1.6455,0.0594,0.2113,1.0500,216
02059500,ifs,11,-0.8726,0.2429,0.3027,0.9043,210
02064000,ifs,11,-0.3832,0.1448,0.1810,0.8383,229
02065500,ifs,11,0.0117,0.1942,0.4305,0.6294,239
02069700,ifs,11,-1.5090,0.0743,0.2258,1.3024,214
02070000,ifs,11,-2.3099,-0.1144,0.1171,1.3314,239
02074500,ifs,11,-2.0074,-0.0748,0.1099,1.3376,241
02077200,ifs,11,0.0062,0.2917,0.3573,1.0409,236
02081500,ifs,11,-1.2753,-0.1719,-0.0246,1.5627,241
02082950,ifs,11,-1.3972,-0.0411,0.3519,1.6323,241
02092500,ifs,11,-3.8505,-0.8839,0.2747,2.4085,241
02096846,ifs,11,-1.7672,-0.3372,-0.0339,1.8049,241
02102908,ifs,11,-0.4092,0.0367,0.0779,0.9785,241
02108000,ifs,11,0.3324,0.6366,0.6884,1.1840,241
02111180,ifs,11,-0.6819,0.3026,0.3727,1.1409,241
02111500,ifs,11,-1.1524,0.1193,0.1516,1.0290,239
02118500,ifs,11,-2.0891,-0.0388,0.1594,1.1318,241
02128000,ifs,11,-2.0410,-0.8280,0.0716,2.5277,241
02137727,ifs,11,-2.5071,-0.1333,0.0918,1.0770,241
02140991,ifs,11,-9.3633,-1.6051,0.4699,1.3605,241
02143000,ifs,11,-8.1619,-1.0953,0.1287,1.3748,241
02143040,ifs,11,-7.4922,-1.0342,0.0817,1.1752,239
02149000,ifs,11,-1.0204,0.0382,0.0445,1.0987,241
02152100,ifs,11,-3.7478,-0.3627,0.0525,1.1762,241
02177000,ifs,11,-0.3516,0.0636,0.1167,1.0863,239
02178400,ifs,11,-0.7881,0.2095,0.2216,0.9677,239
02193340,ifs,11,-2.8321,-0.2655,0.1483,1.4587,241
02196000,ifs,11,-0.1579,-0.2327,0.0346,0.5273,241
02198100,ifs,11,-3.1940,-0.3327,-0.0300,1.4079,240
02202600,ifs,11,-7.7250,-1.2366,0.0768,2.0691,241
02212600,ifs,11,-0.0913,-0.0137,0.1384,0.9325,239
02215100,ifs,11,-2.3404,-0.1460,-0.0051,0.8250,241
02216180,ifs,11,-0.7416,-0.1094,-0.0305,0.6284,239
02221525,ifs,11,-0.0679,0.0969,0.2160,1.0346,239
02231000,ifs,11,-11.3408,-1.6747,0.0661,1.6884,241
02231342,ifs,11,-3.8332,-0.5753,0.2534,1.8463,241
02235200,ifs,11,0.0793,0.5414,0.5686,1.1556,240
02245500,ifs,11,-4.2436,-0.4612,0.0244,1.1568,241
02246000,ifs,11,-2.1420,-0.0778,0.0692,0.8736,239
02296500,ifs,11,-1.5568,-0.4411,0.4422,2.1407,230
02297155,ifs,11,-0.1311,-0.2837,0.1876,0.2923,240
02297310,ifs,11,-0.6633,0.2078,0.2541,0.7498,231
02298123,ifs,11,0.0100,0.2484,0.4197,0.5949,241
02298608,ifs,11,-1.6887,0.0372,0.2532,1.2203,241
02299950,ifs,11,-0.9673,0.1493,0.1760,0.8770,241
02300700,ifs,11,0.0122,0.0237,0.2985,0.5656,241
02310947,ifs,11,-0.2260,-1.0094,-0.2710,2.3187,241
02312200,ifs,11,-4.5692,-3.2254,-0.0038,5.0497,241
02314500,ifs,11,-0.2789,-0.3719,-0.0518,0.5570,241
02315500,ifs,11,-0.3290,-0.6045,-0.2277,0.4225,241
02324400,ifs,11,-0.2202,-1.0425,-0.5475,0.1095,241
02327100,ifs,11,-11.2931,-1.8417,0.1165,2.2884,239
02349900,ifs,11,-0.1591,-0.0690,0.0744,0.8838,241
02350900,ifs,11,-0.4788,0.1932,0.3143,0.6212,241
02361000,ifs,11,-0.6259,0.0658,0.1429,0.6662,241
02363000,ifs,11,-0.1030,-0.2668,0.2329,0.3374,239
02369800,ifs,11,-0.0522,-0.3905,0.0431,0.4368,240
02371500,ifs,11,0.0222,-0.2053,0.1925,0.7010,241
02372250,ifs,11,0.0380,-0.1517,0.2253,0.7414,239
02374500,ifs,11,-0.1772,-0.2186,0.0040,0.7015,241
02381600,ifs,11,-0.5104,-0.0337,0.0073,1.0664,241
02384540,ifs,11,-0.1240,0.0713,0.2114,0.7898,241
02395120,ifs,11,-2.7764,-0.1855,0.0928,1.1334,241
02408540,ifs,11,-0.6106,0.3013,0.3224,0.9675,241
02415000,ifs,11,-0.4188,0.1858,0.1983,0.9375,231
02422500,ifs,11,-3.0895,-0.2547,0.1451,1.2618,224
02427250,ifs,11,-0.3912,0.0106,0.0635,1.0810,241
02430085,ifs,11,-0.8277,0.1033,0.1584,1.3033,241
02450250,ifs,11,-0.2049,0.1014,0.1721,1.0565,241
02464000,ifs,11,-0.3601,0.1763,0.1951,1.0181,241
02465493,ifs,11,-1.1632,0.1389,0.2135,1.1988,238
02469800,ifs,11,-0.0026,0.0200,0.3193,0.5480,239
02472000,ifs,11,0.0032,-0.0778,0.2542,0.5524,241
02472500,ifs,11,-0.1137,0.0369,0.2690,0.5339,241
02479155,ifs,11,0.0008,-0.2479,0.1587,0.5117,241
02479300,ifs,11,-0.0226,-0.3489,0.1614,0.3570,241
02481000,ifs,11,-0.0284,-0.4184,0.1693,0.2199,241
02481510,ifs,11,-0.0185,-0.3329,0.2766,0.2757,241
03010655,ifs,11,0.0728,0.3702,0.4986,0.6838,212
03011800,ifs,11,-0.1362,0.3170,0.3700,0.7905,241
03015500,ifs,11,-0.4447,0.3708,0.3956,0.9597,241
03021350,ifs,11,-0.4150,0.2946,0.3347,0.7691,239
03026500,ifs,11,-0.1147,0.3614,0.3911,0.8432,241
03028000,ifs,11,-0.2379,0.3807,0.4490,0.7180,241
03049800,ifs,11,-0.1601,-0.0944,0.1170,0.6403,239
03050000,ifs,11,-0.0835,0.2510,0.3189,0.8368,239
03066000,ifs,11,0.0048,0.3095,0.3956,0.7868,241
03069500,ifs,11,-0.0291,0.2383,0.3570,0.7314,239
03070500,ifs,11,-0.3734,0.4153,0.4898,1.1012,239
03076600,ifs,11,-0.0348,0.1058,0.3356,0.6029,241
03078000,ifs,11,-0.1254,0.0239,0.2078,0.6550,241
03140000,ifs,11,-0.4513,0.0934,0.1163,1.0163,239
03144000,ifs,11,-1.0928,0.1081,0.1280,1.0494,241
03159540,ifs,11,-0.1853,0.1745,0.2370,0.8503,241
03161000,ifs,11,-1.4171,0.0968,0.4392,0.9843,241
03164000,ifs,11,-0.8300,0.2828,0.3951,0.9155,241
03165000,ifs,11,-1.7859,-0.0369,0.0303,1.0003,224
03170000,ifs,11,-0.5959,0.2751,0.2852,0.9390,241
03173000,ifs,11,-0.6935,0.2838,0.3138,0.9750,239
03180500,ifs,11,0.2312,0.3390,0.5093,0.7852,225
03182500,ifs,11,0.2657,0.4695,0.5549,0.8678,239
03186500,ifs,11,0.0328,0.4240,0.4470,0.9344,239
03187500,ifs,11,-0.1288,0.4640,0.4711,0.9383,238
03213700,ifs,11,-0.7102,0.2987,0.4122,1.2095,241
03237280,ifs,11,-0.3206,0.1363,0.1796,0.8584,241
03237500,ifs,11,-0.5514,0.2246,0.2406,1.1554,239
03241500,ifs,11,-0.2263,0.1495,0.2230,0.7775,228
03280700,ifs,11,-1.2580,0.1628,0.3714,1.0041,213
03281100,ifs,11,-2.1023,-0.0896,0.3911,1.1641,239
03281500,ifs,11,-1.4975,0.0958,0.3630,1.0634,228
03285000,ifs,11,-1.7857,-0.3258,0.2113,1.9470,238
03291780,ifs,11,-0.2057,-0.0120,0.0918,0.9735,241
03300400,ifs,11,-0.5038,0.0164,0.0537,1.1275,241
03340800,ifs,11,-1.4060,0.0084,0.0330,1.0148,193
03346000,ifs,11,-1.8750,-0.0521,0.0458,0.8415,241
03364500,ifs,11,0.0473,0.0235,0.2983,0.6185,241
03366500,ifs,11,-0.1970,0.0886,0.1768,0.8249,241
03368000,ifs,11,0.0569,0.0879,0.3133,0.6816,241
03384450,ifs,11,0.2400,0.2285,0.4932,0.7725,241
03439000,ifs,11,-0.2920,-0.2533,-0.0307,0.6680,239
03450000,ifs,11,-0.2801,-0.1142,0.0115,0.8361,241
03455500,ifs,11,-1.7774,-0.0417,0.0394,0.7775,239
03456500,ifs,11,-1.4079,-0.0525,-0.0353,0.8743,239
03460000,ifs,11,-1.3323,0.1568,0.2523,0.6671,241
03463300,ifs,11,-1.7108,0.0165,0.1141,0.9946,241
03471500,ifs,11,-2.3751,-0.1233,0.3296,0.8385,239
03473000,ifs,11,-0.9739,0.2294,0.3298,0.8204,241
03479000,ifs,11,-1.5879,0.0784,0.2466,1.0282,239
03488000,ifs,11,-2.2435,-0.0767,0.2281,0.8621,241
03498500,ifs,11,-1.0829,0.1368,0.1771,0.8507,241
03500000,ifs,11,-0.5379,0.3183,0.3405,0.8288,239
03504000,ifs,11,-0.7683,0.1985,0.2104,0.8648,239
03574500,ifs,11,-0.0287,0.0486,0.2646,0.6446,241
03604000,ifs,11,-0.3424,-0.0701,0.0215,0.8474,239
04015330,ifs,11,0.1513,0.2050,0.4189,0.7075,200
04024430,ifs,11,0.2890,0.4971,0.5916,0.7845,241
04027000,ifs,11,0.2844,0.4597,0.5687,0.8126,241
04040500,ifs,11,0.8091,0.8126,0.9014,0.9595,241
04043050,ifs,11,0.7910,0.8182,0.8910,0.9162,182
04045500,ifs,11,0.8648,0.8209,0.9442,0.8311,237
04056500,ifs,11,0.5832,0.4932,0.8343,0.7322,231
04057510,ifs,11,0.8470,0.7085,0.9453,0.8067,161
04057800,ifs,11,0.7797,0.6210,0.9087,0.7351,241
04059500,ifs,11,0.8229,0.7968,0.9121,1.0260,241
04063700,ifs,11,0.6321,0.4455,0.8758,0.6479,241
04074950,ifs,11,0.5713,0.5367,0.8333,0.7767,241
04105700,ifs,11,0.2793,0.4302,0.5543,0.9298,241
04115265,ifs,11,0.2086,0.2402,0.4589,0.9528,241
04122200,ifs,11,0.2484,0.3102,0.5305,0.8485,241
04122500,ifs,11,0.5768,0.6050,0.7795,0.9133,239
04124000,ifs,11,0.6154,0.6126,0.7939,0.9999,241
04127997,ifs,11,0.2769,0.3666,0.5487,0.9079,204
04185000,ifs,11,0.2227,0.4620,0.5313,0.8824,218
04196800,ifs,11,-0.3957,0.1325,0.1684,0.8347,241
04197100,ifs,11,-0.5451,0.0778,0.1017,1.1400,241
04197170,ifs,11,-0.4193,0.0068,0.0549,0.9234,241
04213000,ifs,11,-0.7750,0.2609,0.3036,1.0850,239
04213075,ifs,11,-0.2735,0.1683,0.2045,0.9405,237
04216418,ifs,11,-0.0642,0.3859,0.3994,0.9918,241
04221000,ifs,11,-0.1596,0.0692,0.3116,0.5345,241
04224775,ifs,11,-0.0455,0.0210,0.3078,0.5495,239
04256000,ifs,11,0.5967,0.7574,0.8157,1.1479,239
04296000,ifs,11,0.2806,0.5532,0.5975,0.8756,241
05057000,ifs,11,-1.2189,0.1734,0.3003,0.5727,163
05057200,ifs,11,-7.1874,-1.0557,0.2050,1.3598,240
05062500,ifs,11,0.3416,0.6536,0.6627,1.0728,202
05087500,ifs,11,-0.0880,0.4334,0.4808,1.2239,241
05120500,ifs,11,-10.3062,-1.4952,-0.0466,3.2179,210
05123400,ifs,11,-0.3950,-0.6564,-0.0244,0.1567,240
05129115,ifs,11,-0.8159,-0.6725,0.0888,0.0011,241
05131500,ifs,11,-0.3935,0.1512,0.2387,0.6507,145
05291000,ifs,11,-1.4389,0.1127,0.2564,1.0401,241
05362000,ifs,11,-0.2645,0.4411,0.5929,1.0706,240
05393500,ifs,11,0.0702,0.5663,0.6398,1.1025,241
05399500,ifs,11,-0.0617,0.4980,0.5791,1.1812,239
05408000,ifs,11,0.1134,0.2546,0.4048,0.8715,240
05412500,ifs,11,-0.1581,0.2633,0.3464,0.7388,241
05413500,ifs,11,-0.9938,0.1176,0.1377,0.8310,211
05414000,ifs,11,-0.2042,0.0838,0.3583,0.6261,207
05444000,ifs,11,-3.0906,-0.2532,0.1056,0.8005,239
05454000,ifs,11,0.0136,0.2500,0.4076,0.6591,241
05458000,ifs,11,-0.3429,0.0571,0.1170,0.8474,241
05466500,ifs,11,-0.1319,-0.0237,0.1320,0.7901,239
05487980,ifs,11,-0.4572,-0.0291,0.0275,0.8420,239
05488200,ifs,11,-0.1863,-0.1831,0.0706,0.4879,239
05489000,ifs,11,-0.1423,-0.1775,0.0718,0.5475,239
05495000,ifs,11,-1.6654,-0.1217,0.1065,1.5621,239
05495500,ifs,11,-0.1871,-0.0845,0.1142,0.5758,235
05501000,ifs,11,-0.3383,-0.1213,0.0003,0.7184,239
05503800,ifs,11,-0.9742,-0.0060,-0.0007,1.1023,241
05507600,ifs,11,-6.8918,-1.3898,0.1129,2.4140,241
05508805,ifs,11,-7.3874,-1.4429,0.2034,2.3435,239
05514500,ifs,11,-1.7913,-0.0817,0.1745,1.4752,239
05525500,ifs,11,-0.5680,0.0532,0.0755,1.1147,239
05556500,ifs,11,-0.1810,-0.1184,0.1446,0.5039,241
05584500,ifs,11,-0.2553,0.0103,0.1464,0.6525,239
05585000,ifs,11,-0.2584,0.0798,0.2002,0.6537,241
05591550,ifs,11,-0.3785,0.1195,0.1487,0.9481,239
05592050,ifs,11,-0.2830,0.2018,0.2265,0.9762,222
05592575,ifs,11,-0.3056,0.0386,0.1221,0.7690,239
05593575,ifs,11,-2.0129,-0.5752,0.2556,2.2191,241
05593900,ifs,11,-0.6848,0.1248,0.1328,1.1143,239
05595730,ifs,11,-2.0586,-0.4035,0.2544,1.9706,241
06037500,ifs,11,-2.2804,0.3717,0.8394,1.2882,241
06043500,ifs,11,0.4645,0.4328,0.9624,1.3199,241
06154410,ifs,11,-0.1617,-0.0895,0.1144,0.6719,241
06188000,ifs,11,0.8678,0.9228,0.9378,1.0013,241
06191500,ifs,11,0.7922,0.7167,0.9527,1.1250,241
06221400,ifs,11,0.7986,0.8266,0.9215,1.0884,241
06224000,ifs,11,0.6904,0.8253,0.8560,1.0923,241
06289000,ifs,11,0.0628,0.5769,0.6244,0.9487,241
06332515,ifs,11,-19.0471,-3.4998,0.2634,3.7132,118
06339100,ifs,11,-33.9236,-5.1192,0.4448,4.3363,177
06339500,ifs,11,-6.1218,-0.8556,0.1846,0.8980,171
06344600,ifs,11,-97.1541,-9.3103,0.2262,6.8459,180
06350000,ifs,11,-49.9907,-5.6181,0.3091,3.9449,241
06352000,ifs,11,-0.0760,-0.1627,0.1708,1.3649,240
06353000,ifs,11,-0.5027,-0.0172,0.0262,0.8820,239
06354000,ifs,11,-3.8403,-0.4767,0.3260,0.9119,176
06360500,ifs,11,-3.5191,-0.4818,0.1399,1.7562,142
06404000,ifs,11,-79.2121,-6.8997,-0.0618,2.6005,208
06406000,ifs,11,-186.9381,-4.7802,0.4513,5.8922,183
06408700,ifs,11,-1591.8792,-4.0957,0.2166,1.5121,241
06409000,ifs,11,-1.6743,0.6217,0.7925,1.2715,196
06431500,ifs,11,-4.6133,-0.2392,0.3040,1.1303,230
06440200,ifs,11,-0.5460,-0.1477,0.0149,0.4722,163
06441500,ifs,11,-57.2879,-6.5781,-0.0044,5.0463,180
06447000,ifs,11,-0.5217,-0.1036,-0.0343,0.7798,143
06447500,ifs,11,0.0122,0.0394,0.3861,0.7380,241
06450500,ifs,11,0.0443,-0.1135,0.3352,1.0560,211
06452000,ifs,11,-0.0019,-0.3496,0.0231,1.0269,178
06453600,ifs,11,-2.7344,-0.4020,0.0085,1.8527,238
06464500,ifs,11,-1.9321,-0.0610,0.0281,1.2039,178
06477500,ifs,11,-519.7792,-22.2343,0.0979,10.0591,240
06479215,ifs,11,-0.1721,-0.0124,0.1367,0.7327,241
06479438,ifs,11,-0.1567,-0.4682,-0.0177,0.2987,241
06601000,ifs,11,-1.3106,-0.0078,0.0033,0.9787,241
06614800,ifs,11,0.7535,0.5804,0.9344,1.3790,241
06622700,ifs,11,-0.4431,0.0992,0.7502,1.6542,241
06623800,ifs,11,0.8282,0.9111,0.9173,1.0022,241
06632400,ifs,11,-0.3448,0.3058,0.4660,1.4171,241
06784000,ifs,11,-1.1943,-0.1566,-0.0122,1.3337,241
06803510,ifs,11,-0.2791,-0.1284,-0.0078,0.8372,241
06803530,ifs,11,-0.1994,-0.1919,-0.0317,0.8864,241
06814000,ifs,11,-0.4688,-0.0751,0.0206,0.6726,241
06846500,ifs,11,-0.0096,-0.4712,-0.0573,1.3837,241
06847900,ifs,11,-0.0229,-0.3127,0.0584,1.3224,241
06853800,ifs,11,-3.8403,-0.6623,-0.0420,2.0221,241
06876700,ifs,11,-0.0746,-0.4237,0.1919,0.2193,241
06878000,ifs,11,-0.7498,0.0395,0.0694,0.7711,241
06879650,ifs,11,-0.1580,-0.1579,0.1041,0.4852,240
06885500,ifs,11,-0.1524,-0.2581,0.0534,0.4278,241
06888500,ifs,11,-0.1485,-0.2068,0.0724,0.4731,241
06889200,ifs,11,-0.0919,-0.1898,0.0882,0.5545,241
06889500,ifs,11,-0.7938,0.0621,0.0677,0.9053,241
06892000,ifs,11,-0.3176,0.2172,0.2800,0.7098,241
06903400,ifs,11,-0.1114,-0.3733,0.0337,0.3217,241
06906800,ifs,11,-0.2137,-0.0372,0.1170,0.6521,241
06910800,ifs,11,-1.1044,0.0298,0.0369,0.9227,241
06911900,ifs,11,-1.8771,-0.0490,0.0315,0.9707,241
06917000,ifs,11,-0.3711,0.1683,0.2254,0.7280,241
06918460,ifs,11,-0.0529,0.2635,0.3208,0.9961,241
06919500,ifs,11,-0.3082,0.2296,0.2795,0.7505,241
06921070,ifs,11,-0.2636,0.1020,0.1749,0.7952,241
06921200,ifs,11,-0.1020,-0.2531,0.1073,0.3896,241
06934000,ifs,11,-0.6923,0.2545,0.2967,0.8157,240
07014500,ifs,11,-0.3049,-0.0556,0.0530,0.7671,241
07056000,ifs,11,-0.3019,0.2942,0.2989,1.0297,241
07057500,ifs,11,-0.0220,0.2009,0.3131,0.8598,233
07060710,ifs,11,-0.0001,-0.3916,0.0314,1.0571,241
07066000,ifs,11,-0.3242,0.2322,0.2463,0.9457,241
07067000,ifs,11,-0.5801,0.2514,0.3198,0.6886,241
07068000,ifs,11,-0.6529,0.2607,0.2780,0.8834,240
07071500,ifs,11,-0.6585,0.3562,0.4215,0.8618,241
07083000,ifs,11,-2.5779,-0.6211,0.8280,1.9857,241
07142300,ifs,11,-8.2910,-5.0104,-0.1022,6.8439,241
07145700,ifs,11,0.0069,-0.4604,0.2083,0.1822,238
07148400,ifs,11,-5.7224,-0.8964,0.4627,1.6556,241
07149000,ifs,11,-0.6725,0.2370,0.5681,1.5541,241
07151500,ifs,11,0.0102,-0.3090,0.1734,0.4560,241
07167500,ifs,11,-0.0850,-0.3994,0.0532,1.7711,241
07180500,ifs,11,-0.6348,0.0005,0.0180,0.9798,241
07184000,ifs,11,-0.0049,-0.1339,0.2081,0.4742,239
07195800,ifs,11,-1.1026,0.1482,0.1875,0.9712,239
07196900,ifs,11,-0.2584,0.1259,0.1838,1.1417,240
07197000,ifs,11,-1.1871,0.1499,0.3091,1.2445,241
07208500,ifs,11,-0.2203,0.3860,0.7114,1.1302,241
07226500,ifs,11,-0.0228,-0.4265,0.0140,0.4258,239
07261000,ifs,11,-1.2221,-0.2620,0.3016,1.9960,239
07263295,ifs,11,-5.7485,-2.8841,0.0079,4.5451,239
07290650,ifs,11,-0.2097,-0.0584,0.1339,0.5980,241
07291000,ifs,11,-0.2778,-0.3793,-0.0026,0.3291,241
07292500,ifs,11,-0.0338,-0.0584,0.1851,0.7174,241
07295000,ifs,11,-0.1033,-0.2431,0.0518,0.5573,241
07299670,ifs,11,-3.8922,-1.2627,0.0505,2.8192,231
07301410,ifs,11,-0.4123,-0.2053,-0.0869,0.7897,230
07301500,ifs,11,-0.1859,-0.5660,0.0521,1.7846,203
07315200,ifs,11,-40.3287,-6.5294,-0.0397,6.3458,161
07315700,ifs,11,-55.1803,-9.8771,0.0054,9.9536,218
07335700,ifs,11,-0.3760,0.0041,0.0902,0.7294,232
07340300,ifs,11,-2.0728,-0.0878,0.2822,1.3609,241
07346045,ifs,11,-10.5673,-1.5784,0.1929,1.2829,241
07359610,ifs,11,-6.3532,-1.1962,0.1338,2.2920,241
07362100,ifs,11,-5.9839,-1.2741,0.1859,2.5906,241
07362587,ifs,11,-2.7070,-1.3174,0.0503,3.0317,239
07373000,ifs,11,-1.1748,0.1020,0.1884,0.7269,237
07375000,ifs,11,-0.0288,-0.2905,0.1972,0.3658,241
07376000,ifs,11,-0.5401,0.0590,0.1323,0.6691,241
08013000,ifs,11,-0.0436,0.1228,0.2953,0.6615,241
08014500,ifs,11,-0.2255,-0.1295,0.0808,0.5901,241
08023080,ifs,11,-1.1244,-0.7594,-0.0465,2.4134,241
08025500,ifs,11,-0.2458,-0.1351,-0.0064,0.8834,241
08029500,ifs,11,-0.5314,0.0443,0.0915,1.2288,241
08050800,ifs,11,-1.7614,-0.0594,0.0364,1.2497,240
08066200,ifs,11,-0.0978,-0.2804,0.0275,0.5104,241
08066300,ifs,11,-0.0743,-0.4998,-0.0289,0.2712,241
08070000,ifs,11,-5.8844,-0.9498,0.1229,1.8768,241
08070200,ifs,11,-1.7155,0.0088,0.1162,1.1318,241
08079600,ifs,11,-24.4573,-8.3013,-0.0258,9.4576,196
08082700,ifs,11,-18.2267,-3.7432,-0.0156,4.3214,227
08086212,ifs,11,-0.0485,-0.7494,0.2444,2.5116,241
08086290,ifs,11,-2.7360,-4.3244,0.1775,6.2013,241
08101000,ifs,11,-45.8570,-5.7504,0.1463,4.4475,241
08103900,ifs,11,-0.2457,0.3465,0.3615,1.1367,241
08104900,ifs,11,-1.1091,-0.0359,0.0222,0.6644,241
08109700,ifs,11,-9.6394,-2.0082,0.0640,2.9077,224
08150800,ifs,11,-0.1098,-0.2560,-0.0081,0.6815,241
08155200,ifs,11,-26.0124,-4.3392,0.0106,4.3818,241
08158700,ifs,11,-30.4216,-13.4065,0.0343,14.7616,241
08158810,ifs,11,-6.1371,-0.8742,0.0215,1.5776,241
08164000,ifs,11,-8.2312,-1.9653,0.1110,3.0733,241
08164300,ifs,11,-1.2036,-0.1141,-0.0018,1.4787,238
08164600,ifs,11,-20.2529,-7.2324,0.1637,8.4100,241
08165300,ifs,11,-0.0225,-0.3661,-0.0346,0.8699,241
08171300,ifs,11,-167.6886,-44.7864,-0.0253,45.4016,241
08175000,ifs,11,-2.0659,-0.0501,0.1129,0.9081,241
08176900,ifs,11,-99.8275,-13.6686,0.1365,12.6652,241
08178880,ifs,11,-0.0607,-0.5081,0.0292,0.2219,241
08189500,ifs,11,-1.8745,-0.0900,0.2062,1.4656,241
08190000,ifs,11,-0.0315,-0.3940,-0.0269,0.6124,241
08190500,ifs,11,-1.4791,-0.4707,0.3421,2.1963,235
08194200,ifs,11,-0.1593,-0.2467,0.0518,0.4149,241
08195000,ifs,11,-0.0194,-0.4555,-0.0117,0.4704,241
08196000,ifs,11,-0.1830,-0.0485,0.1459,1.4403,229
08198500,ifs,11,-0.0227,-0.5053,-0.0097,0.3212,241
08200000,ifs,11,-0.0627,-0.4250,0.0398,0.2805,241
08202700,ifs,11,-0.0856,-0.3532,0.0310,0.3479,240
08267500,ifs,11,-24.3917,-2.4510,0.6997,2.7309,241
08269000,ifs,11,-6.7835,-0.9663,0.5918,1.7964,241
08271000,ifs,11,-51.9765,-4.5405,0.7741,2.6148,241
08324000,ifs,11,-0.3044,0.4233,0.6242,1.2249,241
08377900,ifs,11,-4.3840,-0.5146,0.4278,1.3975,241
08378500,ifs,11,-5.5529,-0.9049,0.6038,1.3202,233
08380500,ifs,11,-3.4026,-0.2633,0.4491,1.8437,241
09034900,ifs,11,0.0961,0.1747,0.8812,1.5998,237
09035900,ifs,11,0.5243,0.7190,0.8240,1.1120,207
09047700,ifs,11,-4.9850,-0.9810,0.8700,1.4606,239
09065500,ifs,11,0.7044,0.6088,0.9437,1.1624,241
09066000,ifs,11,-1.0735,0.1231,0.5779,1.1926,241
09066200,ifs,11,0.7006,0.6075,0.9328,1.2508,241
09066300,ifs,11,-0.4774,-0.0543,0.7929,1.8330,241
09081600,ifs,11,0.0840,0.5824,0.6235,1.0502,241
09107000,ifs,11,-1.2940,-0.0154,0.6832,1.3079,240
09210500,ifs,11,-1.4108,0.0866,0.7393,1.5451,214
09223000,ifs,11,-2.9136,-0.5900,0.8766,2.0059,180
09306242,ifs,11,-382.0090,-4.1819,0.8971,6.0664,239
09312600,ifs,11,-2.2633,-0.6672,0.4674,2.4414,241
09352900,ifs,11,-0.8883,0.1948,0.5500,1.4043,211
09378170,ifs,11,0.2444,0.2635,0.5332,1.3297,241
09378630,ifs,11,,,,,241
09386900,ifs,11,-89.9265,-7.9397,-0.0217,4.1515,241
09404450,ifs,11,0.6541,0.8085,0.8241,0.9480,241
09430500,ifs,11,-1.4775,-0.0530,0.2608,0.2766,241
09430600,ifs,11,-0.0063,-0.0374,0.4869,0.2978,241
09447800,ifs,11,-2.2275,-0.6397,0.0352,2.0354,241
09480000,ifs,11,-0.3994,-3.1286,0.1119,5.0145,241
09484000,ifs,11,-1.5459,-1.1273,0.0788,2.9041,216
09484600,ifs,11,-1.3768,-1.4245,0.0822,3.2365,240
09492400,ifs,11,-1.2871,0.1030,0.7338,1.6943,240
09494000,ifs,11,-0.4739,0.3883,0.4820,1.1043,241
09497800,ifs,11,-0.1101,-0.6244,-0.2527,1.5143,241
09497980,ifs,11,-0.2394,0.0504,0.1282,0.9203,210
09505200,ifs,11,0.3263,0.3758,0.5719,0.9938,241
09505350,ifs,11,0.1903,0.1350,0.4511,0.9091,241
09505800,ifs,11,0.4891,0.4752,0.7168,0.9335,241
09508300,ifs,11,-0.1732,0.1428,0.2530,0.6774,241
09510200,ifs,11,-3.1635,-1.5515,0.0920,3.2525,222
09512280,ifs,11,-0.0645,-0.9999,-0.0813,2.4318,241
09513780,ifs,11,-17.4906,-7.6793,0.1976,9.1866,240
10023000,ifs,11,-14.2915,-0.6356,0.0757,2.2095,241
10166430,ifs,11,-13439.6972,-91.1999,0.5537,73.0459,241
10172700,ifs,11,-31.0871,-0.3775,0.6043,2.0307,241
10172800,ifs,11,-9.9882,-0.9014,0.7973,2.3774,241
10173450,ifs,11,-0.5164,0.3543,0.3881,1.0265,241
10205030,ifs,11,-200.3756,-10.1359,-0.0167,2.3856,241
10234500,ifs,11,-0.1156,-0.2653,-0.0398,0.8797,237
10242000,ifs,11,-29.5627,-3.7452,0.4150,4.5029,241
10244950,ifs,11,-37.1430,-1.5726,0.7233,1.5607,241
10249300,ifs,11,-45.5734,-4.6450,0.5056,4.3588,240
10258000,ifs,11,,,,,69
10258500,ifs,11,0.1644,-0.0098,0.4478,0.5734,241
10259000,ifs,11,0.7513,0.7098,0.8864,1.0814,241
10259200,ifs,11,-7.3755,-4.8427,0.5318,6.4465,241
10263500,ifs,11,-0.1948,0.2296,0.8370,1.2371,241
10310500,ifs,11,-2.3166,-0.0479,0.8427,1.8049,241
10316500,ifs,11,-0.2974,0.3410,0.6883,1.2320,241
10329500,ifs,11,0.3349,0.4810,0.8724,1.1934,241
10336645,ifs,11,0.2832,0.6050,0.7256,1.2081,227
10336660,ifs,11,0.4444,0.7261,0.7356,1.0577,241
10343500,ifs,11,0.0552,0.5541,0.5903,0.8682,241
10348850,ifs,11,-2.3640,-0.0206,0.8131,1.7259,241
10396000,ifs,11,0.3521,0.6798,0.7626,1.1787,241
11098000,ifs,11,-0.1647,0.3801,0.4065,1.1772,241
11124500,ifs,11,-3.6021,-1.1367,0.8499,2.4587,241
11141280,ifs,11,-0.0291,0.1375,0.2579,1.0645,241
11143000,ifs,11,-0.0539,0.4760,0.5144,1.1847,241
11148900,ifs,11,0.0137,-0.0338,0.2634,0.5065,241
11151300,ifs,11,-0.1941,-0.1389,0.0063,0.9393,241
11162500,ifs,11,-0.0239,0.2829,0.3852,0.7064,241
11176400,ifs,11,-0.7817,0.0731,0.0859,0.8490,144
11180500,ifs,11,-7.2075,-2.0715,0.3466,3.2220,241
11180960,ifs,11,-18.0979,-3.0870,0.1604,3.1771,241
11224500,ifs,11,-0.1130,-0.4218,0.0084,0.2417,241
11253310,ifs,11,-0.1816,-0.1916,0.0688,0.4699,241
11264500,ifs,11,-1.0441,0.1564,0.1880,1.0342,241
11266500,ifs,11,-0.8730,0.2375,0.3004,1.1417,241
11274500,ifs,11,-1.7772,-0.0941,0.0981,1.4427,241
11274630,ifs,11,-1.2493,0.0629,0.1004,1.1395,241
11284400,ifs,11,0.0312,-0.1652,0.2912,0.2944,241
11299600,ifs,11,-0.0764,0.0486,0.2005,0.7698,238
11381500,ifs,11,0.3458,0.3671,0.5932,0.9933,241
11383500,ifs,11,0.4372,0.4939,0.6634,1.0525,241
11451100,ifs,11,-0.4002,0.3863,0.5069,1.2030,106
11468500,ifs,11,0.2009,0.2076,0.4488,0.9351,241
11473900,ifs,11,0.2057,0.2275,0.4540,0.9386,241
11475560,ifs,11,0.2261,0.3212,0.4829,0.9362,241
11476600,ifs,11,0.1972,0.4907,0.6058,1.3225,240
11478500,ifs,11,-0.1410,0.1301,0.2969,1.4515,241
11480390,ifs,11,0.1718,0.1571,0.4154,0.9210,241
11481200,ifs,11,-0.1811,0.3015,0.3994,1.3551,241
11482500,ifs,11,-0.0151,0.3249,0.5843,1.5178,241
11522500,ifs,11,0.0743,0.3544,0.6271,1.5216,241
11523200,ifs,11,-0.3474,0.1494,0.6586,1.7061,241
11528700,ifs,11,0.3696,0.4032,0.6122,1.1078,241
11532500,ifs,11,0.1470,0.4465,0.4976,1.1324,241
12010000,ifs,11,0.2868,0.4597,0.6019,0.7112,241
12013500,ifs,11,0.3171,0.6329,0.6531,0.8826,241
12020000,ifs,11,0.1809,0.2203,0.5058,0.5715,241
12025000,ifs,11,0.3657,0.6480,0.6591,1.0366,241
12025700,ifs,11,0.2299,0.5069,0.5633,0.8418,241
12035000,ifs,11,0.2709,0.6327,0.6593,0.8711,241
12040500,ifs,11,-0.1805,0.4815,0.5392,0.9157,241
12041200,ifs,11,-0.6450,0.2667,0.6115,0.9147,241
12043000,ifs,11,-0.0953,0.5069,0.5776,0.8815,241
12048000,ifs,11,-0.1214,0.4483,0.7375,1.2846,241
12054000,ifs,11,-0.8208,0.1717,0.6344,1.3569,241
12056500,ifs,11,-0.6137,0.2953,0.5919,0.9534,241
12073500,ifs,11,-0.1571,0.4962,0.5450,1.1087,240
12082500,ifs,11,0.2252,0.3018,0.4781,0.9993,235
12092000,ifs,11,0.0616,0.2353,0.3514,0.9719,241
12095000,ifs,11,0.5293,0.5194,0.7450,0.8510,241
12114500,ifs,11,0.4199,0.3742,0.6876,0.9983,241
12115000,ifs,11,0.4099,0.3727,0.6738,0.9736,241
12115500,ifs,11,0.3025,0.3273,0.5613,0.8245,241
12117000,ifs,11,0.5314,0.5404,0.7400,0.9495,241
12141300,ifs,11,0.1794,0.2825,0.4424,1.0849,241
12143600,ifs,11,0.2563,0.3381,0.5211,1.1757,238
12144000,ifs,11,0.3420,0.4409,0.5861,0.9937,240
12145500,ifs,11,0.4944,0.4874,0.7241,0.7712,241
12147600,ifs,11,0.0377,0.3280,0.3878,0.9826,241
12167000,ifs,11,0.2476,0.4793,0.5567,1.1608,241
12175500,ifs,11,-0.1593,0.4833,0.5232,1.1334,241
12186000,ifs,11,-0.1288,0.3415,0.3756,1.1663,238
12189500,ifs,11,-0.0773,0.3726,0.4280,1.2269,240
12358500,ifs,11,0.6196,0.8111,0.8244,1.0087,241
12377150,ifs,11,0.5366,0.7687,0.7697,0.9795,241
12381400,ifs,11,0.3978,0.5414,0.8611,1.2038,208
12390700,ifs,11,0.4185,0.6253,0.6953,1.1713,241
12411000,ifs,11,0.7681,0.7300,0.8904,1.1594,230
12414500,ifs,11,0.6476,0.6734,0.8173,0.8959,241
12447390,ifs,11,-0.1939,-0.2349,0.2311,0.3627,241
12451000,ifs,11,0.4336,0.6690,0.7877,1.2180,241
12488500,ifs,11,0.5328,0.7003,0.7640,1.1520,241
13011500,ifs,11,0.6959,0.5914,0.9307,1.3193,241
13011900,ifs,11,0.8047,0.8224,0.9272,0.9754,241
13018300,ifs,11,-0.3303,0.0339,0.9408,1.4796,241
13023000,ifs,11,0.4640,0.7274,0.7853,0.9341,199
13161500,ifs,11,0.5816,0.6846,0.7909,0.8092,241
13235000,ifs,11,0.5882,0.6563,0.7837,0.8882,239
13240000,ifs,11,0.7980,0.8755,0.8942,0.9984,162
13310700,ifs,11,0.5942,0.5160,0.8929,0.6798,241
13313000,ifs,11,0.7024,0.4974,0.9542,0.6498,241
13331500,ifs,11,0.3872,0.4702,0.8937,1.2644,241
13337000,ifs,11,0.6485,0.6811,0.8406,0.8132,241
13338500,ifs,11,0.6989,0.8425,0.8549,1.0579,241
13340000,ifs,11,0.4867,0.6166,0.7526,0.7858,241
13340600,ifs,11,0.5528,0.5855,0.8653,0.6886,241
14020000,ifs,11,0.1908,0.1070,0.5376,0.6246,241
14092750,ifs,11,0.3237,0.5325,0.6047,0.9104,241
14096850,ifs,11,-1.5605,0.3194,0.6407,0.4586,241
14137000,ifs,11,0.3165,0.3659,0.5631,0.9895,236
14138800,ifs,11,0.1612,0.2482,0.4206,0.8862,241
14138870,ifs,11,0.2526,0.3651,0.5242,0.8247,241
14138900,ifs,11,0.1462,0.2262,0.4045,0.8864,241
14139800,ifs,11,0.2970,0.3975,0.5619,0.8054,239
14141500,ifs,11,0.2978,0.4468,0.5633,0.8823,241
14154500,ifs,11,0.1348,0.5131,0.5318,1.1004,241
14158500,ifs,11,0.7493,0.7205,0.8973,1.0866,226
14158790,ifs,11,0.4193,0.5373,0.6499,1.0372,237
14166500,ifs,11,0.3107,0.3405,0.5615,0.9006,241
14182500,ifs,11,0.1542,0.2197,0.4354,0.7336,241
14185000,ifs,11,0.2858,0.5166,0.5721,0.9837,241
14185900,ifs,11,0.2153,0.3925,0.4987,0.8995,238
14187000,ifs,11,0.3282,0.5221,0.5942,1.0349,239
14216500,ifs,11,0.6355,0.6903,0.7979,1.0147,238
14222500,ifs,11,0.2701,0.4078,0.5310,0.9775,241
14236200,ifs,11,0.3731,0.4753,0.6267,0.8123,240
14301000,ifs,11,0.2855,0.4439,0.5549,0.8775,240
14303200,ifs,11,0.3285,0.3107,0.5939,0.8755,241
14305500,ifs,11,0.3197,0.4552,0.5746,0.9254,239
14306340,ifs,11,0.2858,0.2887,0.5593,0.7388,241
14306500,ifs,11,0.4458,0.5033,0.6730,0.8920,241
14308990,ifs,11,0.3694,0.3484,0.6299,0.9226,241
14309500,ifs,11,0.0577,0.3764,0.4226,0.9497,241
14316700,ifs,11,0.0704,0.4758,0.4980,1.1235,241
14325000,ifs,11,-0.2069,0.4191,0.4213,0.9697,241
14362250,ifs,11,0.2271,0.0928,0.6505,0.5004,148
14400000,ifs,11,0.1529,0.4339,0.4981,0.8337,241
01013500,ifs,12,0.8798,0.8195,0.9463,0.8680,241
01022500,ifs,12,0.4229,0.6137,0.6705,1.0874,241
01030500,ifs,12,0.6395,0.7455,0.8648,1.1256,241
01031500,ifs,12,-0.0053,0.5303,0.5461,1.0756,239
01047000,ifs,12,-0.0600,0.4979,0.5018,1.0175,241
01052500,ifs,12,0.2593,0.3304,0.5321,0.7545,241
01054200,ifs,12,0.2416,0.2511,0.5389,0.5759,241
01055000,ifs,12,-0.0740,0.4118,0.4182,1.0254,241
01057000,ifs,12,0.5264,0.7092,0.7385,0.9756,241
01073000,ifs,12,0.6540,0.8002,0.8357,1.1090,241
01078000,ifs,12,0.2303,0.3605,0.5400,0.7204,239
01118300,ifs,12,0.1814,0.3530,0.4988,0.7675,239
01121000,ifs,12,0.5263,0.6354,0.7336,1.1294,239
01123000,ifs,12,0.4891,0.5151,0.7100,0.8725,241
01134500,ifs,12,0.4485,0.6362,0.6894,0.9048,239
01137500,ifs,12,0.2597,0.4690,0.5639,0.8213,241
01139000,ifs,12,0.3545,0.6486,0.6605,0.9330,237
01139800,ifs,12,0.7090,0.8192,0.8453,1.0321,241
01142500,ifs,12,0.4820,0.6976,0.7260,0.9035,239
01144000,ifs,12,0.5677,0.7756,0.7977,0.9135,241
01169000,ifs,12,-0.0245,0.4497,0.4640,1.1133,239
01170100,ifs,12,0.1124,0.5011,0.5118,0.9871,240
01181000,ifs,12,0.6553,0.6499,0.8179,0.9735,239
01187300,ifs,12,0.4877,0.4586,0.7234,0.9852,241
01195100,ifs,12,0.1872,0.2101,0.4708,0.7611,241
01333000,ifs,12,0.2893,0.4860,0.5702,0.8905,239
01350000,ifs,12,0.0838,0.0098,0.3212,0.6706,238
01350080,ifs,12,0.6100,0.5466,0.8114,0.7505,241
01350140,ifs,12,0.5366,0.5316,0.7712,0.6637,191
01365000,ifs,12,0.1329,0.2794,0.4218,0.8383,239
01411300,ifs,12,-0.1885,0.0474,0.1655,1.1989,232
01413500,ifs,12,0.3243,0.3154,0.6153,0.7363,239
01414500,ifs,12,0.0518,0.0048,0.3649,0.5515,239
01415000,ifs,12,0.2860,0.2068,0.7063,0.5598,196
01423000,ifs,12,0.3777,0.3396,0.7020,0.6808,241
01434025,ifs,12,0.0413,0.3940,0.4971,0.6793,241
01435000,ifs,12,0.0933,0.2370,0.3812,0.8313,240
01439500,ifs,12,0.3259,0.4395,0.6170,0.7941,239
01440000,ifs,12,0.2007,0.3733,0.4879,0.8951,241
01440400,ifs,12,0.2041,0.5049,0.5396,0.9365,215
01451800,ifs,12,-2.0377,-0.0474,0.2490,1.2476,239
01466500,ifs,12,-3.2056,-0.8171,0.8347,0.9938,239
01484100,ifs,12,-0.7483,0.2739,0.4056,1.3153,241
01485500,ifs,12,-3.6576,-0.6318,0.3506,2.0431,236
01486000,ifs,12,-1.9521,-0.1538,0.4078,1.7942,241
01487000,ifs,12,0.0022,0.5465,0.6411,1.0615,241
01491000,ifs,12,0.3533,0.5167,0.6055,1.0020,241
01510000,ifs,12,0.5350,0.5520,0.7415,0.8612,241
01516500,ifs,12,0.0527,0.0164,0.3703,0.5415,241
01518862,ifs,12,0.1844,0.2204,0.5383,0.5893,241
01532000,ifs,12,-0.0835,0.4738,0.4775,0.9475,239
01539000,ifs,12,-1.4836,0.0999,0.2389,1.0296,225
01542810,ifs,12,-0.0099,0.3010,0.3803,0.8001,239
01543000,ifs,12,-0.2361,0.3555,0.3876,0.8000,241
01543500,ifs,12,-0.0541,0.3695,0.4277,0.7772,239
01544500,ifs,12,0.2132,0.3896,0.6021,0.6342,241
01545600,ifs,12,0.2620,0.3137,0.6156,0.6241,241
01547700,ifs,12,-0.5324,0.0465,0.0775,0.8542,241
01548500,ifs,12,0.1834,0.2555,0.5705,0.5856,239
01549500,ifs,12,0.2185,0.4410,0.5620,0.7403,239
01550000,ifs,12,0.1046,0.3822,0.4926,0.7325,239
01552000,ifs,12,0.0880,0.4358,0.4886,0.8268,241
01552500,ifs,12,-0.3291,0.3769,0.3902,0.8975,241
01557500,ifs,12,-0.2958,0.2659,0.2777,0.9357,241
01567500,ifs,12,-10.6531,-1.5080,0.0520,1.2610,241
01568000,ifs,12,-0.7671,0.2321,0.2695,1.1588,241
01580000,ifs,12,-1.4008,0.0771,0.1387,1.0388,237
01583500,ifs,12,-0.5437,0.1706,0.1777,0.9182,241
01586610,ifs,12,-0.6445,0.1749,0.1826,0.8880,207
01591400,ifs,12,-1.0282,0.1635,0.1978,1.0654,241
01596500,ifs,12,-0.2064,0.1747,0.2488,0.7691,239
01605500,ifs,12,-1.4598,0.0916,0.3742,1.2271,239
01606500,ifs,12,0.0065,0.3398,0.4204,0.7659,214
01613050,ifs,12,-0.5113,0.2324,0.2572,1.1934,241
01620500,ifs,12,0.1786,0.3840,0.5737,0.5875,239
01632000,ifs,12,-0.3239,0.2809,0.2903,0.9097,239
01632900,ifs,12,-0.7099,0.2928,0.3359,0.9985,239
01634500,ifs,12,-0.1036,0.2172,0.2802,0.9181,224
01638480,ifs,12,-2.6347,-0.3784,0.2281,1.9519,236
01639500,ifs,12,-0.1670,0.2810,0.3202,1.1545,241
01644000,ifs,12,-2.4552,-0.3312,0.2895,1.9407,241
01658500,ifs,12,-2.3424,-0.1688,0.1448,1.4525,210
01664000,ifs,12,-0.1142,0.4318,0.4327,0.9759,241
01666500,ifs,12,-0.2763,0.3917,0.4254,1.1854,226
01667500,ifs,12,-0.7352,0.2888,0.3629,1.1535,219
01669000,ifs,12,0.2644,0.5251,0.5706,1.0596,216
01669520,ifs,12,-1.9062,-0.0448,0.4256,1.6711,239
02011400,ifs,12,0.1302,0.5596,0.6019,1.1767,241
02011460,ifs,12,0.0889,0.4282,0.4735,0.8563,241
02013000,ifs,12,-0.3365,0.3200,0.3758,1.2645,241
02014000,ifs,12,-0.9461,0.2246,0.3069,1.1374,241
02015700,ifs,12,0.0727,0.5498,0.5587,1.0775,223
02016000,ifs,12,-0.1962,0.4721,0.5946,1.0429,241
02017500,ifs,12,-0.7122,0.2967,0.4547,1.1969,239
02018000,ifs,12,-0.7929,0.2727,0.4052,1.1902,234
02027000,ifs,12,0.1268,0.5720,0.6436,0.8188,221
02027500,ifs,12,0.4435,0.5165,0.7514,0.6339,224
02028500,ifs,12,-0.1666,0.4750,0.4932,0.9640,216
02038850,ifs,12,-0.0683,0.2177,0.3095,0.8177,239
02046000,ifs,12,-0.2265,0.1860,0.3786,1.5137,231
02051000,ifs,12,-1.0820,0.0159,0.0318,1.1616,241
02051500,ifs,12,-0.0669,0.1823,0.2786,1.1555,239
02053200,ifs,12,-1.6064,-0.0692,0.1305,1.5086,210
02053800,ifs,12,-0.1798,0.2538,0.2885,0.9115,222
02055100,ifs,12,-0.6746,0.2856,0.3634,1.2325,239
02056900,ifs,12,-0.7844,0.2211,0.2369,0.9685,216
02059500,ifs,12,-0.4546,0.3752,0.4165,0.9038,210
02064000,ifs,12,-0.4464,0.1782,0.2045,0.8252,229
02065500,ifs,12,-0.2450,0.2675,0.3563,0.6790,239
02069700,ifs,12,-2.4407,-0.1256,0.1176,1.2922,214
02070000,ifs,12,-0.7124,0.1072,0.1330,1.2080,239
02074500,ifs,12,-3.3930,-0.3260,0.0577,1.3103,241
02077200,ifs,12,-1.4705,0.0722,0.2647,1.2715,236
02081500,ifs,12,-1.4524,-0.2346,-0.0221,1.6751,241
02082950,ifs,12,-3.3732,-0.5148,0.2426,1.8329,241
02092500,ifs,12,-3.7454,-0.9015,0.3024,2.4569,241
02096846,ifs,12,-1.0310,-0.1913,-0.0117,1.6289,241
02102908,ifs,12,-0.2926,0.0406,0.1056,0.9625,241
02108000,ifs,12,0.2263,0.5870,0.6367,1.1942,241
02111180,ifs,12,-0.4083,-0.0126,0.0413,1.0599,241
02111500,ifs,12,-0.6844,0.0801,0.0852,0.9577,239
02118500,ifs,12,-2.4439,-0.1117,0.1514,1.1274,241
02128000,ifs,12,-1.8385,-0.7364,0.0608,2.4278,241
02137727,ifs,12,-0.6914,0.0363,0.0442,1.0037,241
02140991,ifs,12,-1.4380,0.0465,0.1108,1.1936,241
02143000,ifs,12,-3.1210,-0.2088,0.1967,1.2933,241
02143040,ifs,12,-2.0440,-0.0419,0.1140,0.9843,239
02149000,ifs,12,-0.3566,-0.0650,0.0102,1.0110,241
02152100,ifs,12,-0.7329,0.0645,0.0686,1.0438,241
02177000,ifs,12,-0.3066,0.0701,0.1288,1.0720,239
02178400,ifs,12,-0.5796,0.2404,0.2420,0.9673,239
02193340,ifs,12,-3.8810,-0.4437,0.1215,1.3739,241
02196000,ifs,12,-0.1081,-0.2735,0.0413,0.5060,241
02198100,ifs,12,-0.3370,-0.2099,-0.0703,1.2514,240
02202600,ifs,12,-10.5852,-1.6432,0.0448,2.1582,241
02212600,ifs,12,-0.2523,-0.0012,0.0865,0.9328,239
02215100,ifs,12,-0.5478,-0.0916,-0.0141,0.7178,241
02216180,ifs,12,-0.2475,-0.2733,-0.0412,0.5264,239
02221525,ifs,12,-0.0708,0.0891,0.2097,1.0237,239
02231000,ifs,12,-10.6740,-1.5745,0.0667,1.6389,241
02231342,ifs,12,-5.1204,-0.8026,0.2002,1.8879,241
02235200,ifs,12,0.3213,0.5964,0.6411,1.1243,240
02245500,ifs,12,-3.2372,-0.2758,0.0859,1.1243,241
02246000,ifs,12,-1.3898,0.0696,0.1444,0.8182,239
02296500,ifs,12,-1.9345,-0.5338,0.4013,2.1865,230
02297155,ifs,12,-0.1772,-0.2872,0.1415,0.2930,240
02297310,ifs,12,-0.9285,0.1412,0.1864,0.7746,231
02298123,ifs,12,-0.1374,0.2052,0.3430,0.6055,241
02298608,ifs,12,-1.5638,0.0631,0.2266,1.2041,241
02299950,ifs,12,-1.0233,0.0904,0.1130,0.8426,241
02300700,ifs,12,0.0300,-0.0555,0.2987,0.5225,241
02310947,ifs,12,-0.2259,-1.0082,-0.2701,2.3179,241
02312200,ifs,12,-4.5692,-3.2254,-0.0038,5.0497,241
02314500,ifs,12,-0.2939,-0.3495,-0.0519,0.5653,241
02315500,ifs,12,-0.3336,-0.5726,-0.2007,0.4245,241
02324400,ifs,12,-0.2202,-1.0421,-0.5470,0.1095,241
02327100,ifs,12,-12.4496,-1.9768,0.0711,2.3367,239
02349900,ifs,12,-0.0704,-0.1509,0.0712,0.8389,241
02350900,ifs,12,-0.5785,0.1477,0.2613,0.6179,241
02361000,ifs,12,-0.6485,0.0457,0.1194,0.6739,241
02363000,ifs,12,-0.1444,-0.3317,0.1474,0.3315,239
02369800,ifs,12,-0.0518,-0.4390,0.0119,0.4337,240
02371500,ifs,12,-0.0165,-0.2961,0.0684,0.6950,241
02372250,ifs,12,-0.0187,-0.2613,0.0738,0.7373,239
02374500,ifs,12,-0.1840,-0.2159,-0.0011,0.7118,241
02381600,ifs,12,-0.8621,-0.0381,-0.0250,1.1279,241
02384540,ifs,12,-0.0054,0.2047,0.3369,0.7999,241
02395120,ifs,12,-3.1152,-0.2557,0.1670,1.1732,241
02408540,ifs,12,-0.2028,0.2850,0.3043,0.9420,241
02415000,ifs,12,-0.4152,0.1420,0.1622,0.9409,231
02422500,ifs,12,-1.6055,0.0567,0.3569,1.2919,224
02427250,ifs,12,-0.3611,0.0419,0.0967,1.1186,241
02430085,ifs,12,-1.5888,-0.0127,0.2493,1.4590,241
02450250,ifs,12,-0.8822,0.1887,0.2576,1.2399,241
02464000,ifs,12,-0.2049,0.3336,0.3615,1.1797,241
02465493,ifs,12,-1.0394,0.1910,0.3050,1.2508,238
02469800,ifs,12,-0.0191,0.1163,0.3360,0.5902,239
02472000,ifs,12,0.0213,-0.0547,0.2774,0.5619,241
02472500,ifs,12,-0.1211,-0.0244,0.2310,0.5253,241
02479155,ifs,12,0.0371,-0.1935,0.2396,0.5301,241
02479300,ifs,12,-0.0227,-0.3529,0.1614,0.3563,241
02481000,ifs,12,-0.0036,-0.3773,0.2631,0.2192,241
02481510,ifs,12,-0.0120,-0.3208,0.2990,0.2776,241
03010655,ifs,12,0.1857,0.3683,0.5550,0.6681,212
03011800,ifs,12,0.0634,0.3509,0.4521,0.7744,241
03015500,ifs,12,-0.2257,0.4280,0.4372,0.9361,241
03021350,ifs,12,-0.0305,0.3711,0.4411,0.7394,239
03026500,ifs,12,0.1600,0.4236,0.5028,0.8286,241
03028000,ifs,12,0.0724,0.4374,0.5466,0.6992,241
03049800,ifs,12,-0.2393,-0.2105,-0.0051,0.6446,239
03050000,ifs,12,-0.1582,0.2849,0.3158,0.8979,239
03066000,ifs,12,-0.1631,0.3130,0.3484,0.8307,241
03069500,ifs,12,-0.1378,0.2734,0.3309,0.7971,239
03070500,ifs,12,-0.9638,0.2098,0.2819,1.1505,239
03076600,ifs,12,-0.0931,0.0462,0.2781,0.5903,241
03078000,ifs,12,-0.1694,-0.0278,0.1593,0.6428,241
03140000,ifs,12,-0.1351,0.0002,0.1278,0.9331,239
03144000,ifs,12,-0.5485,0.1362,0.1430,1.0315,241
03159540,ifs,12,-0.5923,0.1261,0.1319,0.9506,241
03161000,ifs,12,-0.5033,0.2132,0.2175,0.9338,241
03164000,ifs,12,-0.8029,0.2866,0.3760,0.9188,241
03165000,ifs,12,-0.5086,-0.0049,0.0349,0.8996,224
03170000,ifs,12,-4.9764,-0.6092,0.1026,1.0179,241
03173000,ifs,12,-0.2962,0.4205,0.4362,0.9979,239
03180500,ifs,12,0.2769,0.3378,0.5420,0.7935,225
03182500,ifs,12,0.1892,0.5234,0.5447,0.9443,239
03186500,ifs,12,0.1103,0.5352,0.5378,1.0286,239
03187500,ifs,12,0.0338,0.5624,0.5899,1.0293,238
03213700,ifs,12,-1.1174,0.1762,0.4267,1.2754,241
03237280,ifs,12,-0.2865,0.2018,0.2295,0.9129,241
03237500,ifs,12,-1.1451,0.0897,0.2197,1.3587,239
03241500,ifs,12,-0.1115,0.0626,0.2085,0.7308,228
03280700,ifs,12,-1.5600,0.0753,0.3809,1.0155,213
03281100,ifs,12,-3.2190,-0.3869,0.3753,1.3278,239
03281500,ifs,12,-1.8667,-0.0373,0.4202,1.1621,228
03285000,ifs,12,-2.3085,-0.5505,0.2636,2.1686,238
03291780,ifs,12,-0.2316,0.0416,0.1213,1.0137,241
03300400,ifs,12,-0.4341,0.1279,0.1819,1.2662,241
03340800,ifs,12,-0.7497,-0.0098,-0.0001,0.9617,193
03346000,ifs,12,-0.6925,0.0877,0.1201,0.7632,241
03364500,ifs,12,-0.1026,-0.1515,0.0945,0.6259,241
03366500,ifs,12,-0.2342,0.0632,0.1468,0.8373,241
03368000,ifs,12,-0.1141,0.0574,0.1876,0.7941,241
03384450,ifs,12,-0.2018,-0.0936,0.0461,0.8211,241
03439000,ifs,12,-0.3018,-0.2353,-0.0231,0.6709,239
03450000,ifs,12,-0.1623,-0.1965,0.0041,0.8206,241
03455500,ifs,12,-0.7863,0.0679,0.1088,0.7382,239
03456500,ifs,12,-0.4522,-0.1154,-0.0219,0.7973,239
03460000,ifs,12,-0.8235,0.1908,0.2925,0.6350,241
03463300,ifs,12,-0.6298,0.0667,0.0765,0.9568,241
03471500,ifs,12,-1.3455,0.1373,0.3858,0.8437,239
03473000,ifs,12,-0.6902,0.2881,0.3393,0.8227,241
03479000,ifs,12,-0.7065,0.2062,0.2106,0.9636,239
03488000,ifs,12,-0.2240,0.3569,0.3825,0.8230,241
03498500,ifs,12,-2.4794,-0.1230,0.2041,0.9314,241
03500000,ifs,12,-0.4538,0.3596,0.3833,0.8291,239
03504000,ifs,12,-0.6135,0.2399,0.2543,0.8561,239
03574500,ifs,12,-0.0963,0.0515,0.2209,0.6842,241
03604000,ifs,12,-1.5615,-0.0128,0.0282,0.9318,239
04015330,ifs,12,0.1397,0.1536,0.3951,0.7106,200
04024430,ifs,12,0.3659,0.5459,0.6393,0.8023,241
04027000,ifs,12,0.3269,0.5036,0.6035,0.8160,241
04040500,ifs,12,0.8263,0.8165,0.9119,0.9758,241
04043050,ifs,12,0.7458,0.8092,0.8653,0.9230,182
04045500,ifs,12,0.8668,0.8234,0.9452,0.8343,237
04056500,ifs,12,0.5799,0.4996,0.8271,0.7359,231
04057510,ifs,12,0.8553,0.7012,0.9529,0.8026,161
04057800,ifs,12,0.7974,0.6095,0.9260,0.7331,241
04059500,ifs,12,0.8296,0.7964,0.9165,1.0258,241
04063700,ifs,12,0.6055,0.4398,0.8545,0.6550,241
04074950,ifs,12,0.5689,0.5354,0.8298,0.7807,241
04105700,ifs,12,0.2400,0.4221,0.5270,0.9345,241
04115265,ifs,12,0.2423,0.3385,0.4975,0.9991,241
04122200,ifs,12,0.2479,0.2944,0.5326,0.8453,241
04122500,ifs,12,0.5430,0.5805,0.7555,0.9158,239
04124000,ifs,12,0.6125,0.6088,0.7924,0.9993,241
04127997,ifs,12,0.2819,0.3335,0.5524,0.9121,204
04185000,ifs,12,0.1491,0.4338,0.4886,0.8955,218
04196800,ifs,12,-0.5040,0.0335,0.0734,0.8309,241
04197100,ifs,12,-0.3883,0.0261,0.0778,1.1034,241
04197170,ifs,12,-0.1826,-0.0208,0.1023,0.8464,241
04213000,ifs,12,-1.0888,0.1868,0.2917,1.1533,239
04213075,ifs,12,-1.9673,-0.0201,0.1472,1.0566,237
04216418,ifs,12,0.2322,0.4580,0.5261,0.9913,241
04221000,ifs,12,-0.0388,0.0826,0.4029,0.5235,241
04224775,ifs,12,-0.0088,-0.0052,0.3370,0.5384,239
04256000,ifs,12,0.5545,0.7543,0.7849,1.1173,239
04296000,ifs,12,0.3077,0.5464,0.6079,0.8571,241
05057000,ifs,12,-1.2963,0.1596,0.2606,0.6007,163
05057200,ifs,12,-8.3475,-1.2364,0.1868,1.3755,240
05062500,ifs,12,0.2626,0.6008,0.6113,1.0679,202
05087500,ifs,12,-0.5093,0.2619,0.3937,1.3764,241
05120500,ifs,12,-10.5466,-1.4994,-0.0386,3.2377,210
05123400,ifs,12,-0.3950,-0.6564,-0.0244,0.1567,240
05129115,ifs,12,-0.8150,-0.6734,0.0820,0.0015,241
05131500,ifs,12,-0.3410,0.1989,0.2740,0.6838,145
05291000,ifs,12,-8.4494,-1.2352,0.1432,1.3211,241
05362000,ifs,12,0.1435,0.5729,0.7087,1.0622,240
05393500,ifs,12,0.3317,0.6342,0.7570,1.1274,241
05399500,ifs,12,0.1686,0.5532,0.5612,1.0620,239
05408000,ifs,12,-0.1905,0.1118,0.1907,0.8929,240
05412500,ifs,12,-0.1938,0.2945,0.3519,0.7659,241
05413500,ifs,12,-0.9298,0.1692,0.1925,0.8496,211
05414000,ifs,12,-0.0988,0.1841,0.4461,0.6433,207
05444000,ifs,12,-5.2481,-0.6701,0.1311,0.9332,239
05454000,ifs,12,-0.4259,0.2388,0.2800,0.7557,241
05458000,ifs,12,-0.4337,0.0953,0.1233,0.9207,241
05466500,ifs,12,-0.1901,-0.0520,0.0893,0.7881,239
05487980,ifs,12,-0.4473,-0.0728,-0.0075,0.8573,239
05488200,ifs,12,-0.3230,-0.2074,-0.0126,0.5338,239
05489000,ifs,12,-0.1930,-0.2793,-0.0196,0.5148,239
05495000,ifs,12,-2.1211,-0.2722,0.1811,1.7561,239
05495500,ifs,12,-0.3307,0.0759,0.1502,0.7475,235
05501000,ifs,12,-0.2704,-0.0496,0.0567,0.8171,239
05503800,ifs,12,-1.0054,0.0056,0.1011,1.4123,241
05507600,ifs,12,-2.7345,-0.4676,0.1131,1.8959,241
05508805,ifs,12,-5.1260,-1.1049,0.1589,2.3632,239
05514500,ifs,12,-2.0137,-0.1566,0.1074,1.5230,239
05525500,ifs,12,-0.7310,0.0297,0.0502,1.1730,239
05556500,ifs,12,-0.7224,0.0711,0.1309,0.6737,241
05584500,ifs,12,-0.1958,0.0126,0.1682,0.6460,239
05585000,ifs,12,-0.3287,0.0542,0.1639,0.6558,241
05591550,ifs,12,-0.3926,0.1059,0.1378,0.9163,239
05592050,ifs,12,-0.3739,0.1657,0.1847,0.9915,222
05592575,ifs,12,-0.7278,0.0451,0.0512,0.9481,239
05593575,ifs,12,-2.0353,-0.6077,0.1298,2.2446,241
05593900,ifs,12,-0.9660,0.0682,0.0770,1.1119,239
05595730,ifs,12,-2.6216,-0.5263,0.0859,2.0136,241
06037500,ifs,12,-2.3141,0.3530,0.8370,1.2880,241
06043500,ifs,12,0.4896,0.4563,0.9609,1.3184,241
06154410,ifs,12,-0.1098,-0.1663,0.1083,0.6423,241
06188000,ifs,12,0.8531,0.9184,0.9304,1.0046,241
06191500,ifs,12,0.7937,0.7214,0.9522,1.1294,241
06221400,ifs,12,0.7953,0.8310,0.9189,1.0827,241
06224000,ifs,12,0.7004,0.8283,0.8603,1.0951,241
06289000,ifs,12,0.0356,0.5664,0.6157,0.9573,241
06332515,ifs,12,-14.4069,-2.7031,0.1565,3.1907,118
06339100,ifs,12,-67.7795,-7.1576,0.2825,4.3913,177
06339500,ifs,12,-9.4864,-1.3998,0.1656,0.9885,171
06344600,ifs,12,-144.4474,-10.9020,0.1007,6.0448,180
06350000,ifs,12,-52.3897,-5.7632,0.2867,3.9699,241
06352000,ifs,12,-5.1810,-0.6778,0.0419,1.5191,240
06353000,ifs,12,-0.2199,-0.1068,0.0288,0.8598,239
06354000,ifs,12,-5.0626,-0.7611,0.3626,1.0140,176
06360500,ifs,12,-21.9234,-2.9394,0.0492,2.0848,142
06404000,ifs,12,-267.8101,-14.3416,-0.0383,3.1569,208
06406000,ifs,12,-287.5370,-9.3890,0.1039,6.1003,183
06408700,ifs,12,-1593.5015,-4.1040,0.2167,1.5124,241
06409000,ifs,12,-1.8356,0.6098,0.7723,1.2789,196
06431500,ifs,12,-5.3894,-0.3789,0.3479,1.1403,230
06440200,ifs,12,-1.7327,-0.0559,0.5196,0.8954,163
06441500,ifs,12,-38.4198,-5.2503,0.0674,4.5767,180
06447000,ifs,12,-0.2760,-0.2159,-0.0331,0.6324,143
06447500,ifs,12,-0.2094,-0.1309,0.0810,0.7491,241
06450500,ifs,12,0.0610,-0.0748,0.3858,1.0568,211
06452000,ifs,12,-0.0004,-0.3544,0.0275,1.0253,178
06453600,ifs,12,-20.4400,-2.7224,-0.0281,2.1197,238
06464500,ifs,12,-3.5606,-0.3341,-0.0389,1.2538,178
06477500,ifs,12,-726.3134,-26.7739,0.0496,12.4213,240
06479215,ifs,12,-0.2118,-0.0210,0.1164,0.7327,241
06479438,ifs,12,-0.1671,-0.4564,-0.0157,0.2957,241
06601000,ifs,12,-2.4817,-0.1642,-0.0264,0.9831,241
06614800,ifs,12,0.7443,0.5726,0.9328,1.3841,241
06622700,ifs,12,-0.4517,0.1016,0.7444,1.6532,241
06623800,ifs,12,0.8266,0.9108,0.9163,1.0027,241
06632400,ifs,12,-0.3504,0.3037,0.4620,1.4163,241
06784000,ifs,12,-1.0892,-0.1078,0.0549,1.3322,241
06803510,ifs,12,-1.1869,-0.0149,-0.0117,1.0228,241
06803530,ifs,12,-0.3779,-0.1045,-0.0230,0.9186,241
06814000,ifs,12,-0.0901,-0.0834,0.1380,0.6340,241
06846500,ifs,12,-0.0094,-0.4701,-0.0557,1.3839,241
06847900,ifs,12,-0.0242,-0.3196,0.0511,1.3206,241
06853800,ifs,12,-1.9919,-0.4284,0.0095,1.9973,241
06876700,ifs,12,-0.0851,-0.4504,0.1635,0.2095,241
06878000,ifs,12,-0.3058,-0.0820,0.0524,0.6651,241
06879650,ifs,12,-0.2311,-0.0583,0.1358,0.5297,240
06885500,ifs,12,-0.0982,-0.3901,0.0153,0.3655,241
06888500,ifs,12,-0.1613,-0.2367,0.0357,0.4947,241
06889200,ifs,12,-0.2478,-0.1129,0.0399,0.6880,241
06889500,ifs,12,-0.9313,0.0085,0.0089,1.0005,241
06892000,ifs,12,-1.5238,0.0702,0.1671,0.9788,241
06903400,ifs,12,-0.1003,-0.4043,0.0224,0.3134,241
06906800,ifs,12,-0.2887,-0.1101,0.0295,0.6903,241
06910800,ifs,12,-0.5754,0.1235,0.1326,0.9197,241
06911900,ifs,12,-0.4551,0.1978,0.2048,0.9457,241
06917000,ifs,12,-0.3951,-0.0004,0.0862,0.7127,241
06918460,ifs,12,-0.0866,0.2470,0.3005,0.9992,241
06919500,ifs,12,-0.8598,0.1381,0.1600,0.8334,241
06921070,ifs,12,-0.7500,0.0383,0.0497,0.8785,241
06921200,ifs,12,-0.1325,-0.3233,0.0284,0.4044,241
06934000,ifs,12,-0.8019,0.2140,0.2502,0.8350,240
07014500,ifs,12,-0.0803,-0.1272,0.1020,0.7324,241
07056000,ifs,12,-2.5739,-0.1508,0.1432,1.1575,241
07057500,ifs,12,-0.3460,0.1244,0.1656,0.8847,233
07060710,ifs,12,-0.0001,-0.3915,0.0316,1.0571,241
07066000,ifs,12,-0.5520,0.0904,0.1041,0.9453,241
07067000,ifs,12,-0.4583,0.2778,0.3407,0.7058,241
07068000,ifs,12,-0.4372,0.3228,0.3331,0.8931,240
07071500,ifs,12,-0.9484,0.2600,0.3295,0.8650,241
07083000,ifs,12,-2.6355,-0.6387,0.8305,2.0085,241
07142300,ifs,12,-8.3304,-5.0315,-0.1032,6.8653,241
07145700,ifs,12,-0.0350,-0.4721,0.0359,0.2560,238
07148400,ifs,12,-4.5932,-0.7180,0.5408,1.6731,241
07149000,ifs,12,-2.2792,-0.1840,0.4710,1.6524,241
07151500,ifs,12,0.0014,-0.2754,0.1431,0.5002,241
07167500,ifs,12,-2.8085,-1.0017,-0.0091,2.6049,241
07180500,ifs,12,-1.1821,-0.0311,-0.0198,1.1370,241
07184000,ifs,12,-0.1424,-0.0861,0.1094,0.6424,239
07195800,ifs,12,-0.4720,0.1673,0.1762,0.9609,239
07196900,ifs,12,-0.7966,0.0321,0.0760,1.2860,240
07197000,ifs,12,-3.1821,-0.3119,0.1683,1.3711,241
07208500,ifs,12,-0.3953,0.3349,0.6839,1.1538,241
07226500,ifs,12,-0.0491,-0.3544,0.0060,0.5160,239
07261000,ifs,12,-11.0741,-1.9164,0.1203,2.4511,239
07263295,ifs,12,-6.1418,-2.8928,0.0195,4.5213,239
07290650,ifs,12,-0.1544,0.0654,0.2136,0.6736,241
07291000,ifs,12,-0.0617,0.1201,0.3804,0.4564,241
07292500,ifs,12,0.1537,0.1537,0.4135,0.7779,241
07295000,ifs,12,-0.0512,0.0809,0.2368,0.7546,241
07299670,ifs,12,-100.0131,-8.6312,0.0119,4.3775,231
07301410,ifs,12,-0.4103,-0.3100,-0.1605,0.7491,230
07301500,ifs,12,-0.1860,-0.5663,0.0517,1.7848,203
07315200,ifs,12,-21.6410,-4.5414,-0.0418,5.1524,161
07315700,ifs,12,-51.4113,-10.3247,0.0104,10.6959,218
07335700,ifs,12,-0.2156,-0.1466,0.0508,0.6133,232
07340300,ifs,12,-1.5847,0.0405,0.1609,1.1896,241
07346045,ifs,12,-11.4630,-1.6993,0.1832,1.3703,241
07359610,ifs,12,-3.3861,-0.5988,0.1622,2.0033,241
07362100,ifs,12,-9.3031,-1.8156,0.1685,2.8200,241
07362587,ifs,12,-4.9048,-1.5645,0.0509,3.0693,239
07373000,ifs,12,-1.5307,0.0462,0.1634,0.7785,237
07375000,ifs,12,-0.0043,-0.2480,0.2492,0.3737,241
07376000,ifs,12,-0.2832,0.1248,0.2337,0.6465,241
08013000,ifs,12,-0.1254,0.0901,0.2437,0.6578,241
08014500,ifs,12,-0.7250,-0.0201,0.0517,0.6455,241
08023080,ifs,12,-1.0575,-0.7869,0.0518,2.5146,241
08025500,ifs,12,-0.3213,-0.0611,0.0218,1.0153,241
08029500,ifs,12,-0.3536,-0.0244,0.0600,1.1977,241
08050800,ifs,12,-3.6403,-0.3791,0.0065,1.2848,240
08066200,ifs,12,-0.1171,-0.2427,0.0122,0.6239,241
08066300,ifs,12,-0.0755,-0.4979,-0.0314,0.2769,241
08070000,ifs,12,-6.0584,-1.0156,0.1162,1.9830,241
08070200,ifs,12,-1.9585,-0.0397,0.1349,1.2146,241
08079600,ifs,12,-8.8589,-4.1577,-0.0399,5.7044,196
08082700,ifs,12,-11.3883,-2.3814,-0.0146,3.2128,227
08086212,ifs,12,-0.3624,-0.7024,0.1012,2.4143,241
08086290,ifs,12,-4.5109,-3.6138,0.0658,5.3666,241
08101000,ifs,12,-29.4223,-4.3473,0.3356,3.5604,241
08103900,ifs,12,0.3285,0.5371,0.5996,0.9440,241
08104900,ifs,12,-1.3599,0.0351,0.1291,0.7090,241
08109700,ifs,12,-6.5550,-1.5970,0.0421,2.8445,224
08150800,ifs,12,-0.0075,-0.5160,-0.0072,0.3787,241
08155200,ifs,12,-9.8285,-2.6607,0.0255,3.8774,241
08158700,ifs,12,-38.5308,-14.2222,0.0211,15.3981,241
08158810,ifs,12,-1.6448,-0.0578,0.0992,1.4061,241
08164000,ifs,12,-12.8589,-2.8866,0.0648,3.7621,241
08164300,ifs,12,-1.8236,-0.3471,-0.0258,1.8140,238
08164600,ifs,12,-72.7574,-11.6003,0.1300,11.0975,241
08165300,ifs,12,-0.0092,-0.4477,-0.0692,0.8044,241
08171300,ifs,12,-70.0926,-40.0509,-0.0226,41.5537,241
08175000,ifs,12,-3.8324,-0.3877,0.0245,1.0992,241
08176900,ifs,12,-191.5657,-17.9978,0.3332,14.9369,241
08178880,ifs,12,-0.0627,-0.5206,0.0224,0.2119,241
08189500,ifs,12,-5.5969,-0.9042,0.1308,1.8095,241
08190000,ifs,12,-0.0271,-0.4194,-0.0243,0.5539,241
08190500,ifs,12,0.0016,0.1274,0.5078,1.7194,235
08194200,ifs,12,-0.8596,-0.0285,0.0529,0.5995,241
08195000,ifs,12,-0.0164,-0.4799,-0.0106,0.4360,241
08196000,ifs,12,-0.0210,-0.0376,0.1862,1.2586,229
08198500,ifs,12,-0.0127,-0.5693,-0.0112,0.2644,241
08200000,ifs,12,-0.0386,-0.4826,0.0562,0.2284,241
08202700,ifs,12,-0.0221,-0.6066,-0.0125,0.1321,240
08267500,ifs,12,-24.8347,-2.4773,0.7050,2.7531,241
08269000,ifs,12,-7.7872,-1.1099,0.5757,1.8444,241
08271000,ifs,12,-53.1373,-4.5837,0.7815,2.6457,241
08324000,ifs,12,-0.2919,0.4315,0.6204,1.2337,241
08377900,ifs,12,-4.6106,-0.5509,0.4378,1.4263,241
08378500,ifs,12,-5.6385,-0.9235,0.6107,1.3266,233
08380500,ifs,12,-3.8586,-0.3449,0.4447,1.8968,241
09034900,ifs,12,0.0777,0.1673,0.8790,1.6039,237
09035900,ifs,12,0.5256,0.7241,0.8215,1.1119,207
09047700,ifs,12,-5.1801,-1.0036,0.8593,1.4674,239
09065500,ifs,12,0.7183,0.6139,0.9472,1.1652,241
09066000,ifs,12,-1.0694,0.1274,0.5745,1.1907,241
09066200,ifs,12,0.7113,0.6129,0.9348,1.2531,241
09066300,ifs,12,-0.4774,-0.0520,0.7906,1.8328,241
09081600,ifs,12,0.0738,0.5778,0.6267,1.0567,241
09107000,ifs,12,-1.3015,-0.0158,0.6806,1.3067,240
09210500,ifs,12,-1.4018,0.0874,0.7407,1.5438,214
09223000,ifs,12,-2.9017,-0.5860,0.8757,2.0050,180
09306242,ifs,12,-382.1398,-4.1821,0.8972,6.0673,239
09312600,ifs,12,-2.2777,-0.6718,0.4668,2.4452,241
09352900,ifs,12,-0.8344,0.2055,0.5654,1.4055,211
09378170,ifs,12,0.2313,0.2628,0.5239,1.3398,241
09378630,ifs,12,,,,,241
09386900,ifs,12,-119.7016,-9.3317,-0.0201,4.1614,241
09404450,ifs,12,0.5965,0.8002,0.8077,0.9514,241
09430500,ifs,12,-1.4522,-0.0277,0.2657,0.2971,241
09430600,ifs,12,0.0449,-0.0584,0.6274,0.2644,241
09447800,ifs,12,-2.2274,-0.6389,0.0368,2.0355,241
09480000,ifs,12,-0.5486,-3.2171,0.0315,5.0902,241
09484000,ifs,12,-1.2141,-1.0365,0.2156,2.8650,216
09484600,ifs,12,-2.1028,-1.8213,0.1152,3.6345,240
09492400,ifs,12,-1.6239,0.0278,0.6952,1.7196,240
09494000,ifs,12,-1.2882,0.1480,0.4093,1.1501,241
09497800,ifs,12,-0.1103,-0.6251,-0.2536,1.5144,241
09497980,ifs,12,-1.2252,0.1123,0.1671,1.1147,210
09505200,ifs,12,-1.2588,0.1158,0.2348,1.2331,241
09505350,ifs,12,-0.5332,0.1495,0.1812,1.2198,241
09505800,ifs,12,-2.1453,-0.0695,0.2372,1.2193,241
09508300,ifs,12,-10.1190,-1.4983,0.0723,1.5664,241
09510200,ifs,12,-8.8386,-2.4811,0.0625,3.7213,222
09512280,ifs,12,-0.0647,-0.9827,-0.0798,2.4111,241
09513780,ifs,12,-4.7815,-6.3466,0.0832,8.2887,240
10023000,ifs,12,-14.1164,-0.6239,0.0754,2.2038,241
10166430,ifs,12,-13484.9290,-91.3966,0.5501,73.1069,241
10172700,ifs,12,-30.3269,-0.3092,0.6134,2.0223,241
10172800,ifs,12,-10.0560,-0.9080,0.7935,2.3799,241
10173450,ifs,12,-0.5922,0.3328,0.3748,1.0385,241
10205030,ifs,12,-196.6435,-10.0285,-0.0168,2.3710,241
10234500,ifs,12,-0.1158,-0.2658,-0.0402,0.8787,237
10242000,ifs,12,-29.7593,-3.7623,0.4150,4.5084,241
10244950,ifs,12,-37.2862,-1.5880,0.7232,1.5612,241
10249300,ifs,12,-46.0161,-4.6709,0.5016,4.3743,240
10258000,ifs,12,,,,,69
10258500,ifs,12,0.0861,-0.1463,0.3317,0.5294,241
10259000,ifs,12,0.8328,0.7340,0.9394,1.0848,241
10259200,ifs,12,-58.8588,-9.3225,0.2319,8.7816,241
10263500,ifs,12,-0.0223,0.2912,0.8564,1.2313,241
10310500,ifs,12,-5.4410,-0.6322,0.5485,1.8412,241
10316500,ifs,12,-0.2875,0.3446,0.6898,1.2289,241
10329500,ifs,12,0.0611,0.4068,0.8083,1.1930,241
10336645,ifs,12,-0.5827,0.3019,0.5350,1.2709,227
10336660,ifs,12,-0.1231,0.4972,0.5967,1.0996,241
10343500,ifs,12,-0.0715,0.4895,0.5068,0.8879,241
10348850,ifs,12,-2.4181,-0.0284,0.8025,1.7265,241
10396000,ifs,12,0.2860,0.6569,0.7344,1.1783,241
11098000,ifs,12,0.0767,0.4965,0.5284,1.1737,241
11124500,ifs,12,-2.6561,-0.9352,0.8790,2.3885,241
11141280,ifs,12,0.0278,0.1089,0.2724,1.0361,241
11143000,ifs,12,-0.0666,0.4297,0.4537,1.1605,241
11148900,ifs,12,0.0318,-0.0481,0.2663,0.5173,241
11151300,ifs,12,-0.0254,-0.2771,0.0316,0.7980,241
11162500,ifs,12,0.0699,0.1307,0.3568,0.6518,241
11176400,ifs,12,-0.0308,0.1327,0.2735,0.7597,144
11180500,ifs,12,-4.0971,-1.3372,0.1815,2.8436,241
11180960,ifs,12,-2.6810,-0.9389,0.2195,2.5922,241
11224500,ifs,12,-0.0224,-0.6053,0.0199,0.1405,241
11253310,ifs,12,-0.1189,-0.1798,0.1006,0.4868,241
11264500,ifs,12,-1.2120,0.1207,0.1682,1.0508,241
11266500,ifs,12,-1.0384,0.1974,0.2829,1.1556,241
11274500,ifs,12,-0.5463,0.1603,0.2678,1.4078,241
11274630,ifs,12,-0.5127,0.1172,0.1306,1.0578,241
11284400,ifs,12,-0.0821,-0.1665,0.1974,0.3271,241
11299600,ifs,12,-0.1731,0.0628,0.1704,0.7901,238
11381500,ifs,12,0.2087,0.2442,0.4572,1.0039,241
11383500,ifs,12,0.2127,0.3444,0.4801,1.0621,241
11451100,ifs,12,-3.8241,-0.4235,0.1364,1.3337,106
11468500,ifs,12,0.0610,0.1029,0.2929,0.9513,241
11473900,ifs,12,0.1405,0.1669,0.3808,0.9424,241
11475560,ifs,12,-0.0150,0.2486,0.3247,0.9732,241
11476600,ifs,12,-0.3278,0.3096,0.4685,1.3973,240
11478500,ifs,12,-0.2750,0.1195,0.2527,1.4302,241
11480390,ifs,12,0.1372,0.1543,0.3750,0.9521,241
11481200,ifs,12,-0.3939,0.2319,0.3819,1.4454,241
11482500,ifs,12,-0.2568,0.2431,0.5336,1.5562,241
11522500,ifs,12,-0.2585,0.2514,0.5300,1.5585,241
11523200,ifs,12,-0.9028,-0.0071,0.5910,1.7559,241
11528700,ifs,12,0.2454,0.3339,0.5031,1.1164,241
11532500,ifs,12,0.1531,0.4531,0.5142,1.1909,241
12010000,ifs,12,-0.0851,0.3482,0.4092,0.7532,241
12013500,ifs,12,-0.0963,0.4527,0.4582,0.9234,241
12020000,ifs,12,-0.0733,0.2023,0.3516,0.6225,241
12025000,ifs,12,-0.0197,0.4306,0.4425,1.0656,241
12025700,ifs,12,-0.0765,0.3063,0.3534,0.8620,241
12035000,ifs,12,0.3131,0.6148,0.6472,0.8555,241
12040500,ifs,12,-0.4206,0.4001,0.4618,0.9312,241
12041200,ifs,12,-1.2671,0.1156,0.4963,0.9492,241
12043000,ifs,12,-0.5354,0.3656,0.4705,0.9074,241
12048000,ifs,12,-1.1869,0.1173,0.6006,1.3185,241
12054000,ifs,12,-1.9872,-0.1635,0.5633,1.3991,241
12056500,ifs,12,-1.4432,-0.0086,0.5830,1.0233,241
12073500,ifs,12,-0.3960,0.4132,0.4710,1.1255,240
12082500,ifs,12,0.2807,0.3776,0.5329,1.0119,235
12092000,ifs,12,0.0018,0.2870,0.3525,0.9866,241
12095000,ifs,12,0.3460,0.4683,0.5979,0.8854,241
12114500,ifs,12,0.4431,0.3934,0.7070,0.9977,241
12115000,ifs,12,0.4206,0.3833,0.6819,0.9726,241
12115500,ifs,12,0.3214,0.3583,0.5760,0.8355,241
12117000,ifs,12,0.5265,0.5556,0.7320,0.9548,241
12141300,ifs,12,0.1190,0.2604,0.3981,1.1069,241
12143600,ifs,12,0.2819,0.3522,0.5433,1.1780,238
12144000,ifs,12,0.4007,0.4810,0.6330,0.9972,240
12145500,ifs,12,0.4114,0.4376,0.6591,0.7754,241
12147600,ifs,12,0.0601,0.3087,0.3859,0.9754,241
12167000,ifs,12,0.1955,0.4620,0.5403,1.2085,241
12175500,ifs,12,-0.1257,0.4993,0.5496,1.1447,241
12186000,ifs,12,-0.1636,0.3646,0.4033,1.2107,238
12189500,ifs,12,-0.0778,0.4101,0.4767,1.2674,240
12358500,ifs,12,0.6139,0.8095,0.8202,1.0039,241
12377150,ifs,12,0.5433,0.7708,0.7719,0.9779,241
12381400,ifs,12,0.4111,0.5481,0.8631,1.2013,208
12390700,ifs,12,0.4288,0.6306,0.7014,1.1710,241
12411000,ifs,12,0.7397,0.7326,0.8724,1.1641,230
12414500,ifs,12,0.6515,0.6783,0.8198,0.8946,241
12447390,ifs,12,-0.1907,-0.2314,0.2356,0.3637,241
12451000,ifs,12,0.4377,0.6601,0.7997,1.2252,241
12488500,ifs,12,0.5202,0.7025,0.7605,1.1541,241
13011500,ifs,12,0.6524,0.5630,0.9227,1.3347,241
13011900,ifs,12,0.8106,0.8264,0.9290,0.9788,241
13018300,ifs,12,-0.3009,0.0430,0.9443,1.4820,241
13023000,ifs,12,0.4522,0.7215,0.7816,0.9377,199
13161500,ifs,12,0.5131,0.6752,0.7526,0.8206,241
13235000,ifs,12,0.5866,0.6592,0.7825,0.8883,239
13240000,ifs,12,0.8086,0.8806,0.8999,0.9974,162
13310700,ifs,12,0.5952,0.5233,0.8889,0.6818,241
13313000,ifs,12,0.7065,0.4972,0.9578,0.6508,241
13331500,ifs,12,0.3466,0.4476,0.8900,1.2683,241
13337000,ifs,12,0.6426,0.6909,0.8351,0.8163,241
13338500,ifs,12,0.6803,0.8337,0.8482,1.0593,241
13340000,ifs,12,0.4759,0.6241,0.7456,0.7899,241
13340600,ifs,12,0.5457,0.5959,0.8564,0.6912,241
14020000,ifs,12,0.1501,0.0720,0.4787,0.6243,241
14092750,ifs,12,0.2522,0.4522,0.5473,0.8959,241
14096850,ifs,12,-1.9098,0.2284,0.5084,0.4693,241
14137000,ifs,12,0.2105,0.3003,0.4661,0.9940,236
14138800,ifs,12,-0.0640,0.1196,0.2347,0.8987,241
14138870,ifs,12,-0.0923,0.2337,0.3027,0.8496,241
14138900,ifs,12,-0.0767,0.1230,0.2314,0.9064,241
14139800,ifs,12,-0.0418,0.2463,0.3289,0.8287,239
14141500,ifs,12,-0.0071,0.3067,0.3658,0.9056,241
14154500,ifs,12,-0.2866,0.3837,0.4140,1.1718,241
14158500,ifs,12,0.7296,0.7211,0.8843,1.0890,226
14158790,ifs,12,0.1452,0.4523,0.4927,1.0605,237
14166500,ifs,12,0.2251,0.2945,0.4790,0.9212,241
14182500,ifs,12,0.0189,0.2178,0.3432,0.7902,241
14185000,ifs,12,-0.0029,0.4383,0.4483,1.0301,241
14185900,ifs,12,-0.0706,0.3288,0.3589,0.9617,238
14187000,ifs,12,0.0786,0.5114,0.5261,1.1137,239
14216500,ifs,12,0.4797,0.6224,0.6973,1.0228,238
14222500,ifs,12,0.0541,0.2737,0.3653,0.9928,241
14236200,ifs,12,0.1527,0.3398,0.4591,0.8210,240
14301000,ifs,12,0.1061,0.3730,0.4398,0.9144,240
14303200,ifs,12,0.2187,0.2755,0.4729,0.9027,241
14305500,ifs,12,0.1065,0.3658,0.4334,0.9609,239
14306340,ifs,12,0.2736,0.3481,0.5407,0.7855,241
14306500,ifs,12,0.3723,0.5131,0.6188,0.9257,241
14308990,ifs,12,0.2884,0.3398,0.5377,0.9500,241
14309500,ifs,12,0.1048,0.4059,0.4536,0.9563,241
14316700,ifs,12,-0.1414,0.4017,0.4248,1.1639,241
14325000,ifs,12,-0.1878,0.4317,0.4337,1.0120,241
14362250,ifs,12,0.0267,0.1123,0.3595,0.5790,148
14400000,ifs,12,0.0790,0.4579,0.4812,0.9121,241
01013500,ifs,13,0.8777,0.8188,0.9451,0.8696,241
01022500,ifs,13,0.4798,0.6277,0.7005,1.0671,241
01030500,ifs,13,0.6199,0.7407,0.8571,1.1221,241
01031500,ifs,13,-0.8577,0.2627,0.4617,1.1001,239
01047000,ifs,13,-0.2268,0.4700,0.5303,1.0393,241
01052500,ifs,13,0.1692,0.3102,0.4704,0.7415,241
01054200,ifs,13,0.1673,0.1652,0.4804,0.5237,241
01055000,ifs,13,0.0555,0.4352,0.4574,0.9588,241
01057000,ifs,13,0.4870,0.7497,0.7710,0.9755,241
01073000,ifs,13,0.6906,0.7794,0.8710,1.1383,241
01078000,ifs,13,0.1802,0.3823,0.5215,0.7187,239
01118300,ifs,13,0.0635,0.4253,0.4810,0.8016,239
01121000,ifs,13,0.7184,0.7803,0.8615,1.1652,239
01123000,ifs,13,0.7348,0.6488,0.8829,0.8841,241
01134500,ifs,13,0.4297,0.6302,0.6825,0.8836,239
01137500,ifs,13,0.3943,0.5255,0.6590,0.7840,241
01139000,ifs,13,0.3945,0.6646,0.6810,0.9208,237
01139800,ifs,13,0.7053,0.8281,0.8444,1.0208,241
01142500,ifs,13,0.3745,0.6915,0.7361,0.9183,239
01144000,ifs,13,0.4639,0.7076,0.7914,0.9092,241
01169000,ifs,13,0.3894,0.5970,0.6468,1.0516,239
01170100,ifs,13,0.4501,0.6431,0.6875,0.9550,240
01181000,ifs,13,0.6689,0.8084,0.8261,1.0511,239
01187300,ifs,13,0.6288,0.6374,0.7989,1.0788,241
01195100,ifs,13,0.1755,0.2553,0.4568,0.7888,241
01333000,ifs,13,0.3940,0.5152,0.6370,0.8844,239
01350000,ifs,13,0.0296,0.0837,0.2866,0.7359,238
01350080,ifs,13,0.5049,0.5598,0.7265,0.7781,241
01350140,ifs,13,0.4480,0.5648,0.7166,0.7020,191
01365000,ifs,13,0.1865,0.3530,0.4762,0.8545,239
01411300,ifs,13,-0.2308,-0.0026,0.1149,1.1924,232
01413500,ifs,13,0.2897,0.3529,0.5683,0.7623,239
01414500,ifs,13,0.0495,0.0617,0.3581,0.5858,239
01415000,ifs,13,0.2770,0.2217,0.6700,0.5664,196
01423000,ifs,13,0.3356,0.3566,0.6404,0.6980,241
01434025,ifs,13,0.1008,0.4186,0.5260,0.6840,241
01435000,ifs,13,0.1731,0.3265,0.4614,0.8288,240
01439500,ifs,13,0.1933,0.5675,0.5942,0.8558,239
01440000,ifs,13,0.1787,0.5055,0.5317,0.9463,241
01440400,ifs,13,-0.0394,0.5327,0.6209,1.0210,215
01451800,ifs,13,-1.2150,0.1288,0.2498,1.2506,239
01466500,ifs,13,-3.0133,-0.7586,0.8283,0.9894,239
01484100,ifs,13,-0.4983,0.3268,0.4154,1.3043,241
01485500,ifs,13,-3.1232,-0.5791,0.4533,2.0665,236
01486000,ifs,13,-2.8962,-0.3670,0.3613,1.8855,241
01487000,ifs,13,0.1113,0.5925,0.6554,1.0529,241
01491000,ifs,13,0.4618,0.5821,0.6813,0.9953,241
01510000,ifs,13,0.3440,0.5535,0.6124,0.9455,241
01516500,ifs,13,-0.1214,0.1530,0.3009,0.6296,241
01518862,ifs,13,0.0278,0.2969,0.4391,0.6614,241
01532000,ifs,13,-0.4194,0.4058,0.4903,1.0497,239
01539000,ifs,13,-0.2324,0.4296,0.4363,1.0126,225
01542810,ifs,13,-0.2849,0.3082,0.3196,0.8920,239
01543000,ifs,13,-0.4998,0.3324,0.3598,0.8787,241
01543500,ifs,13,-0.1425,0.3527,0.3906,0.8078,239
01544500,ifs,13,0.1592,0.3876,0.5612,0.6554,241
01545600,ifs,13,0.2312,0.3283,0.5781,0.6469,241
01547700,ifs,13,-0.2406,0.0073,0.1041,0.8481,241
01548500,ifs,13,0.1476,0.2691,0.5298,0.6066,239
01549500,ifs,13,0.3090,0.5323,0.6321,0.7589,239
01550000,ifs,13,0.2504,0.4772,0.5934,0.7379,239
01552000,ifs,13,-0.0180,0.4748,0.4936,0.8615,241
01552500,ifs,13,-0.4713,0.3790,0.4310,0.9293,241
01557500,ifs,13,-0.4101,0.2707,0.2729,0.9538,241
01567500,ifs,13,-0.5817,0.2103,0.2225,1.1382,241
01568000,ifs,13,-0.3419,0.3350,0.3685,1.2052,241
01580000,ifs,13,-0.3096,0.3221,0.3230,0.9882,237
01583500,ifs,13,-0.0985,0.3134,0.3526,0.8863,241
01586610,ifs,13,-0.2375,0.2884,0.3156,0.8541,207
01591400,ifs,13,-0.0577,0.3390,0.3679,0.9911,241
01596500,ifs,13,0.0056,0.3083,0.3837,0.8179,239
01605500,ifs,13,-1.6949,0.0119,0.4121,1.2473,239
01606500,ifs,13,-0.3909,0.3185,0.3492,0.8036,214
01613050,ifs,13,-0.6770,0.2128,0.2525,1.2272,241
01620500,ifs,13,0.1557,0.2808,0.5200,0.5713,239
01632000,ifs,13,-0.2206,0.3091,0.3222,0.9236,239
01632900,ifs,13,-0.8477,0.2621,0.3286,1.0031,239
01634500,ifs,13,-0.0630,0.1957,0.2818,0.8968,224
01638480,ifs,13,-1.8205,-0.2625,0.4865,1.9615,236
01639500,ifs,13,-0.4333,0.2553,0.2956,1.2415,241
01644000,ifs,13,-1.8369,-0.2409,0.4117,1.9724,241
01658500,ifs,13,-2.4896,-0.1615,0.0971,1.2988,210
01664000,ifs,13,0.0701,0.4924,0.4989,0.9801,241
01666500,ifs,13,-0.3382,0.3679,0.3988,1.1782,226
01667500,ifs,13,-0.3778,0.3912,0.4426,1.1743,219
01669000,ifs,13,0.1067,0.4244,0.4675,1.0649,216
01669520,ifs,13,-1.9721,-0.0644,0.4359,1.6996,239
02011400,ifs,13,-0.7217,0.2696,0.4963,1.2601,241
02011460,ifs,13,-0.0601,0.4384,0.4453,0.9264,241
02013000,ifs,13,-0.5298,0.2510,0.3582,1.3564,241
02014000,ifs,13,-0.7726,0.2684,0.3388,1.1586,241
02015700,ifs,13,-0.2246,0.4565,0.5339,1.1474,223
02016000,ifs,13,-0.7117,0.2780,0.5469,1.1241,241
02017500,ifs,13,-1.0222,0.1883,0.4553,1.2650,239
02018000,ifs,13,-0.5584,0.3208,0.4969,1.2646,234
02027000,ifs,13,0.0578,0.5099,0.7159,0.8805,221
02027500,ifs,13,0.4647,0.5847,0.7661,0.6662,224
02028500,ifs,13,-0.0245,0.5319,0.5514,0.9451,216
02038850,ifs,13,-1.1881,0.1059,0.1444,0.9027,239
02046000,ifs,13,-0.9693,-0.0036,0.2601,1.6519,231
02051000,ifs,13,-1.6629,-0.0537,0.0222,1.2428,241
02051500,ifs,13,-0.1847,0.2089,0.2759,1.2206,239
02053200,ifs,13,-2.4850,-0.2757,0.0617,1.6409,210
02053800,ifs,13,-0.8893,0.1993,0.2225,0.9939,222
02055100,ifs,13,-0.5492,0.3226,0.4340,1.2893,239
02056900,ifs,13,-3.1045,-0.2587,0.1927,1.0620,216
02059500,ifs,13,-0.6626,0.3014,0.3481,0.8877,210
02064000,ifs,13,-0.8567,0.1396,0.1526,0.8785,229
02065500,ifs,13,-0.5890,0.2323,0.2787,0.7417,239
02069700,ifs,13,-2.0838,-0.0789,0.0667,1.2827,214
02070000,ifs,13,-1.7735,-0.0216,0.0891,1.2403,239
02074500,ifs,13,-1.4175,0.0352,0.1123,1.2444,241
02077200,ifs,13,-2.5627,-0.2267,0.2788,1.4516,236
02081500,ifs,13,-1.5120,-0.2860,-0.0052,1.7802,241
02082950,ifs,13,-4.2245,-0.7536,0.2618,2.0148,241
02092500,ifs,13,-4.4327,-1.0555,0.2641,2.5645,241
02096846,ifs,13,-2.5381,-0.5037,-0.0161,1.9667,241
02102908,ifs,13,-0.5450,0.0793,0.0937,1.0052,241
02108000,ifs,13,0.0245,0.4962,0.5484,1.2190,241
02111180,ifs,13,-0.4438,0.0082,0.0551,1.1037,241
02111500,ifs,13,-1.3564,0.0697,0.1144,1.0153,239
02118500,ifs,13,-1.2538,0.1339,0.2065,1.1073,241
02128000,ifs,13,-3.8991,-1.2756,0.0544,2.8632,241
02137727,ifs,13,-1.7412,-0.0320,0.0304,1.0771,241
02140991,ifs,13,-2.1222,-0.0903,0.0404,1.2371,241
02143000,ifs,13,-2.4236,-0.0680,0.1573,1.2878,241
02143040,ifs,13,-3.8247,-0.3848,0.0630,1.0136,239
02149000,ifs,13,-0.7706,0.0185,0.0255,1.0626,241
02152100,ifs,13,-3.0607,-0.2500,-0.0083,1.1000,241
02177000,ifs,13,-0.8670,0.0657,0.0734,1.1181,239
02178400,ifs,13,-1.3526,0.1245,0.2280,1.0118,239
02193340,ifs,13,-5.2306,-0.8029,0.1368,1.7709,241
02196000,ifs,13,-0.2099,-0.1904,0.0252,0.5818,241
02198100,ifs,13,-0.7488,-0.0826,-0.0308,1.2773,240
02202600,ifs,13,-9.7256,-1.5814,0.0776,2.2903,241
02212600,ifs,13,-0.5062,0.0139,0.0562,1.1665,239
02215100,ifs,13,-0.5585,-0.0889,-0.0185,0.7397,241
02216180,ifs,13,-0.1447,-0.3728,-0.0670,0.5017,239
02221525,ifs,13,-0.3584,0.1176,0.1524,1.0751,239
02231000,ifs,13,-8.6497,-1.2755,0.0593,1.6150,241
02231342,ifs,13,-5.5723,-0.8531,0.1594,1.8430,241
02235200,ifs,13,0.3602,0.6026,0.6568,1.1202,240
02245500,ifs,13,-5.1950,-0.6488,0.0833,1.3059,241
02246000,ifs,13,-1.3772,0.1117,0.2181,0.8857,239
02296500,ifs,13,-2.5647,-0.6440,0.3274,2.2107,230
02297155,ifs,13,-0.2486,-0.2759,0.1002,0.2984,240
02297310,ifs,13,-1.7913,-0.0188,0.1047,0.7951,231
02298123,ifs,13,-0.2650,0.1699,0.2884,0.6079,241
02298608,ifs,13,-1.9468,-0.0193,0.1907,1.1835,241
02299950,ifs,13,-1.6331,-0.0210,0.0436,0.8371,241
02300700,ifs,13,-0.0265,-0.1463,0.2186,0.4912,241
02310947,ifs,13,-0.2259,-1.0073,-0.2693,2.3175,241
02312200,ifs,13,-4.5692,-3.2254,-0.0038,5.0497,241
02314500,ifs,13,-0.3241,-0.3296,-0.0607,0.5740,241
02315500,ifs,13,-0.3380,-0.5556,-0.1882,0.4256,241
02324400,ifs,13,-0.2202,-1.0414,-0.5461,0.1094,241
02327100,ifs,13,-27.6400,-3.5521,0.0208,2.4881,239
02349900,ifs,13,-0.2297,-0.0987,0.0288,0.8583,241
02350900,ifs,13,-0.5913,0.1116,0.2289,0.6180,241
02361000,ifs,13,-0.6478,0.0675,0.1404,0.6701,241
02363000,ifs,13,-0.1742,-0.3605,0.0917,0.3302,239
02369800,ifs,13,-0.0225,-0.3615,0.1316,0.4381,240
02371500,ifs,13,-0.0194,-0.3016,0.0603,0.6928,241
02372250,ifs,13,-0.0276,-0.2727,0.0560,0.7283,239
02374500,ifs,13,-0.1173,-0.1491,0.0774,0.7323,241
02381600,ifs,13,-0.6690,0.0873,0.1038,1.1519,241
02384540,ifs,13,-0.3437,0.2555,0.2748,0.8609,241
02395120,ifs,13,-5.2795,-0.7036,0.2091,1.2977,241
02408540,ifs,13,-0.4547,0.3361,0.3438,0.9919,241
02415000,ifs,13,-0.5058,0.2565,0.2571,0.9723,231
02422500,ifs,13,-1.0710,0.1511,0.2201,1.2343,224
02427250,ifs,13,-0.1433,0.0888,0.1932,1.1715,241
02430085,ifs,13,-1.2605,0.0189,0.1684,1.4458,241
02450250,ifs,13,-0.6427,0.1671,0.1887,1.1884,241
02464000,ifs,13,-0.5454,0.2717,0.3800,1.3260,241
02465493,ifs,13,-0.5009,0.3544,0.4655,1.2491,238
02469800,ifs,13,-0.2358,0.3002,0.3951,0.6488,239
02472000,ifs,13,-0.0097,-0.0510,0.2440,0.5791,241
02472500,ifs,13,-0.2118,0.0077,0.2079,0.5400,241
02479155,ifs,13,0.0975,-0.1220,0.4312,0.4975,241
02479300,ifs,13,0.0089,-0.2957,0.2734,0.3524,241
02481000,ifs,13,0.0100,-0.3544,0.3293,0.2079,241
02481510,ifs,13,0.0066,-0.2889,0.3650,0.2731,241
03010655,ifs,13,0.1915,0.3760,0.5535,0.6828,212
03011800,ifs,13,-0.0398,0.3288,0.3979,0.7973,241
03015500,ifs,13,-0.1476,0.4807,0.4970,0.9644,241
03021350,ifs,13,-0.1670,0.3962,0.4302,0.8001,239
03026500,ifs,13,0.0000,0.3849,0.4250,0.8619,241
03028000,ifs,13,-0.0185,0.4127,0.4950,0.7226,241
03049800,ifs,13,-0.1304,-0.0992,0.1334,0.6292,239
03050000,ifs,13,-0.1436,0.3624,0.3727,0.9405,239
03066000,ifs,13,-0.0533,0.4080,0.4260,0.8927,241
03069500,ifs,13,-0.0169,0.3851,0.4206,0.8618,239
03070500,ifs,13,-1.4775,0.0923,0.2950,1.2169,239
03076600,ifs,13,-0.1849,0.0764,0.2371,0.6328,241
03078000,ifs,13,-0.2077,0.0612,0.1874,0.7012,241
03140000,ifs,13,-0.1569,0.1344,0.2069,1.0173,239
03144000,ifs,13,-0.7675,0.1195,0.1234,1.0825,241
03159540,ifs,13,-0.3765,0.2824,0.2839,1.0233,241
03161000,ifs,13,-0.3409,0.2104,0.2287,0.9307,241
03164000,ifs,13,-0.5313,0.3496,0.3853,0.9161,241
03165000,ifs,13,-3.3986,-0.3076,0.0055,0.9957,224
03170000,ifs,13,-1.2822,0.1231,0.1922,0.9750,241
03173000,ifs,13,-0.4219,0.3969,0.4473,1.0565,239
03180500,ifs,13,0.2176,0.4055,0.5074,0.8751,225
03182500,ifs,13,-0.0207,0.5055,0.5076,1.0300,239
03186500,ifs,13,0.1542,0.5720,0.5751,1.0508,239
03187500,ifs,13,0.0323,0.5627,0.6109,1.0490,238
03213700,ifs,13,-1.2215,0.1359,0.4451,1.3160,241
03237280,ifs,13,-0.4360,0.1701,0.1812,0.9835,241
03237500,ifs,13,-1.3421,-0.0288,0.1916,1.5351,239
03241500,ifs,13,-0.2341,0.0077,0.1222,0.7590,228
03280700,ifs,13,-1.3588,0.1138,0.4260,1.1221,213
03281100,ifs,13,-2.7661,-0.3276,0.4301,1.4202,239
03281500,ifs,13,-1.9661,-0.1108,0.4622,1.3093,228
03285000,ifs,13,-2.9406,-0.8166,0.3533,2.3876,238
03291780,ifs,13,-0.4906,-0.0108,0.0405,1.1827,241
03300400,ifs,13,-0.8731,0.0033,0.0784,1.3794,241
03340800,ifs,13,-1.8285,-0.0700,-0.0127,1.0683,193
03346000,ifs,13,-0.7381,0.0704,0.0912,0.8106,241
03364500,ifs,13,-0.1638,-0.1407,0.0703,0.6270,241
03366500,ifs,13,-0.3785,0.0518,0.0954,0.9669,241
03368000,ifs,13,-0.2675,0.0259,0.1056,0.8833,241
03384450,ifs,13,-0.2194,-0.1057,0.0297,0.8306,241
03439000,ifs,13,-0.7432,-0.0737,-0.0188,0.7323,239
03450000,ifs,13,-0.1858,-0.1368,0.0279,0.8486,241
03455500,ifs,13,-2.4148,-0.1262,0.0667,0.7852,239
03456500,ifs,13,-1.1126,-0.0091,-0.0005,0.8757,239
03460000,ifs,13,-3.7214,-0.3303,0.1266,0.7102,241
03463300,ifs,13,-1.2043,0.0640,0.0820,0.9984,241
03471500,ifs,13,-5.4804,-0.7491,0.2130,0.9005,239
03473000,ifs,13,-3.2027,-0.2742,0.1732,0.8707,241
03479000,ifs,13,-0.7422,0.2673,0.2981,0.9785,239
03488000,ifs,13,0.0716,0.4021,0.4661,0.8127,241
03498500,ifs,13,-1.8844,0.0025,0.1717,0.9459,241
03500000,ifs,13,-1.0735,0.2260,0.3278,0.8670,239
03504000,ifs,13,-0.9711,0.2234,0.2708,0.8891,239
03574500,ifs,13,-0.3256,0.2631,0.2839,0.8475,241
03604000,ifs,13,-1.0924,0.0287,0.0353,0.9190,239
04015330,ifs,13,0.1274,0.1244,0.3777,0.7066,200
04024430,ifs,13,0.2331,0.4746,0.5570,0.7952,241
04027000,ifs,13,0.4098,0.5116,0.6512,0.8201,241
04040500,ifs,13,0.8164,0.8164,0.9058,1.0018,241
04043050,ifs,13,0.6952,0.8106,0.8380,0.9491,182
04045500,ifs,13,0.8697,0.8274,0.9465,0.8390,237
04056500,ifs,13,0.5896,0.5021,0.8349,0.7369,231
04057510,ifs,13,0.8457,0.7062,0.9458,0.8225,161
04057800,ifs,13,0.7981,0.6122,0.9272,0.7434,241
04059500,ifs,13,0.8080,0.7879,0.9035,1.0340,241
04063700,ifs,13,0.6043,0.4383,0.8555,0.6615,241
04074950,ifs,13,0.5698,0.5319,0.8298,0.7865,241
04105700,ifs,13,0.2680,0.4595,0.5520,0.9395,241
04115265,ifs,13,0.2183,0.3558,0.4847,1.0101,241
04122200,ifs,13,0.2688,0.3157,0.5497,0.8517,241
04122500,ifs,13,0.5008,0.5658,0.7218,0.9207,239
04124000,ifs,13,0.5885,0.5910,0.7763,0.9947,241
04127997,ifs,13,0.2550,0.2992,0.5238,0.9194,204
04185000,ifs,13,0.1299,0.4298,0.4775,0.9195,218
04196800,ifs,13,-0.3064,-0.0194,0.0682,0.8332,241
04197100,ifs,13,-0.4024,0.0370,0.0988,1.2127,241
04197170,ifs,13,-0.7717,0.0625,0.0775,1.1614,241
04213000,ifs,13,-0.2941,0.4332,0.4794,1.1029,239
04213075,ifs,13,0.1238,0.5544,0.5558,0.9676,237
04216418,ifs,13,-0.0013,0.4421,0.4531,1.0585,241
04221000,ifs,13,-0.1719,0.1254,0.3202,0.5675,241
04224775,ifs,13,-0.3375,0.0740,0.1964,0.6200,239
04256000,ifs,13,0.5068,0.7340,0.7686,1.1236,239
04296000,ifs,13,0.2491,0.5474,0.5864,0.8689,241
05057000,ifs,13,-1.5217,0.1147,0.2064,0.6257,163
05057200,ifs,13,-5.4269,-0.7580,0.2401,1.3228,240
05062500,ifs,13,-0.0356,0.4958,0.5071,1.0975,202
05087500,ifs,13,-1.6339,-0.0418,0.2816,1.4961,241
05120500,ifs,13,-10.9264,-1.5048,-0.0240,3.2662,210
05123400,ifs,13,-0.3950,-0.6564,-0.0244,0.1567,240
05129115,ifs,13,-0.8150,-0.6771,0.0733,0.0016,241
05131500,ifs,13,-0.1508,0.2723,0.3532,0.7094,145
05291000,ifs,13,-4.3872,-0.5311,0.1829,1.2168,241
05362000,ifs,13,0.4903,0.7432,0.7847,1.0185,240
05393500,ifs,13,0.4586,0.7182,0.7605,1.1101,241
05399500,ifs,13,-0.0963,0.3674,0.3814,1.0376,239
05408000,ifs,13,-0.0337,0.1356,0.2645,0.8906,240
05412500,ifs,13,-0.4010,0.2792,0.3136,0.7816,241
05413500,ifs,13,-1.7466,0.0293,0.1562,0.8865,211
05414000,ifs,13,-0.2273,0.1985,0.3705,0.6474,207
05444000,ifs,13,-6.6849,-0.9251,0.1272,0.9651,239
05454000,ifs,13,-1.6947,0.0393,0.2804,0.7934,241
05458000,ifs,13,-0.5323,0.0573,0.0786,0.9354,241
05466500,ifs,13,-0.2222,-0.0775,0.0620,0.7749,239
05487980,ifs,13,-0.2977,-0.1326,-0.0002,0.7349,239
05488200,ifs,13,-0.1718,-0.3200,-0.0080,0.4314,239
05489000,ifs,13,-0.1480,-0.3429,-0.0148,0.4247,239
05495000,ifs,13,-1.9433,-0.1833,0.1627,1.6385,239
05495500,ifs,13,-0.1221,-0.1007,0.1297,0.5757,235
05501000,ifs,13,-0.4246,-0.0134,0.0493,0.8163,239
05503800,ifs,13,-1.7566,-0.0684,0.0626,1.3367,241
05507600,ifs,13,-17.5483,-2.5763,0.0086,2.2977,241
05508805,ifs,13,-7.5064,-1.2754,0.0880,2.0543,239
05514500,ifs,13,-1.2235,0.0027,0.0641,1.3017,239
05525500,ifs,13,-0.8270,0.0191,0.0499,1.2394,239
05556500,ifs,13,-0.3665,0.0331,0.1515,0.6222,241
05584500,ifs,13,-0.1900,0.0161,0.1791,0.6266,239
05585000,ifs,13,-0.2829,0.0783,0.1996,0.6365,241
05591550,ifs,13,-1.2823,0.0677,0.1261,1.1909,239
05592050,ifs,13,-0.7440,0.1078,0.1128,1.0928,222
05592575,ifs,13,-0.3130,-0.0464,0.0620,0.7358,239
05593575,ifs,13,-2.6577,-0.6943,0.0206,2.2352,241
05593900,ifs,13,-1.2707,-0.0016,0.0257,1.1754,239
05595730,ifs,13,-5.8146,-1.2620,0.0169,2.4862,241
06037500,ifs,13,-2.3294,0.3444,0.8318,1.2872,241
06043500,ifs,13,0.4710,0.4579,0.9549,1.3247,241
06154410,ifs,13,-0.0939,-0.2208,0.0993,0.6237,241
06188000,ifs,13,0.8124,0.8897,0.9143,1.0185,241
06191500,ifs,13,0.7804,0.7174,0.9480,1.1346,241
06221400,ifs,13,0.7900,0.8361,0.9150,1.0769,241
06224000,ifs,13,0.7059,0.8308,0.8619,1.0947,241
06289000,ifs,13,-0.0276,0.5424,0.6015,0.9664,241
06332515,ifs,13,-4.5367,-1.1727,0.2405,2.5659,118
06339100,ifs,13,-19.0529,-3.2292,0.1825,3.3364,177
06339500,ifs,13,-9.3410,-1.3608,0.1386,1.0150,171
06344600,ifs,13,-57.8273,-6.7516,0.0951,5.5572,180
06350000,ifs,13,-51.0657,-5.6859,0.2956,3.9958,241
06352000,ifs,13,-13.2032,-1.8757,0.0432,1.6277,240
06353000,ifs,13,-0.1666,-0.1371,0.0296,0.8541,239
06354000,ifs,13,-5.2063,-0.7801,0.3476,1.0690,176
06360500,ifs,13,-26.5849,-3.3941,0.0446,2.1391,142
06404000,ifs,13,-179.5590,-11.3637,-0.0623,3.0718,208
06406000,ifs,13,-298.0657,-9.7944,0.0786,6.1103,183
06408700,ifs,13,-1593.4799,-4.1064,0.2187,1.5124,241
06409000,ifs,13,-1.9268,0.5894,0.7454,1.2815,196
06431500,ifs,13,-5.5524,-0.3823,0.3301,1.1440,230
06440200,ifs,13,-1.4607,0.0158,0.1142,0.7209,163
06441500,ifs,13,-74.3947,-7.7986,0.0463,5.6706,180
06447000,ifs,13,-0.4044,-0.1319,-0.0044,0.6452,143
06447500,ifs,13,-0.0384,0.0725,0.2943,0.7683,241
06450500,ifs,13,0.0103,-0.0144,0.2218,1.0642,211
06452000,ifs,13,-0.1134,-0.1905,0.0099,1.0780,178
06453600,ifs,13,-22.9985,-2.9809,-0.0289,2.1319,238
06464500,ifs,13,-4.3030,-0.4583,-0.0670,1.2646,178
06477500,ifs,13,-1274.7693,-36.1447,0.0158,16.4912,240
06479215,ifs,13,-0.2373,-0.0559,0.0852,0.7227,241
06479438,ifs,13,-0.1526,-0.4934,-0.0149,0.2723,241
06601000,ifs,13,-3.7504,-0.3706,-0.0089,0.9805,241
06614800,ifs,13,0.7286,0.5630,0.9287,1.3907,241
06622700,ifs,13,-0.4793,0.0965,0.7379,1.6547,241
06623800,ifs,13,0.8205,0.9075,0.9136,1.0041,241
06632400,ifs,13,-0.3531,0.3017,0.4580,1.4160,241
06784000,ifs,13,-1.1841,-0.0818,0.0527,1.3356,241
06803510,ifs,13,-0.0458,-0.3773,-0.0151,0.5685,241
06803530,ifs,13,-0.0983,-0.2752,-0.0221,0.7533,241
06814000,ifs,13,-0.3002,-0.1123,0.0236,0.6903,241
06846500,ifs,13,-0.0094,-0.4695,-0.0550,1.3841,241
06847900,ifs,13,-0.0245,-0.3224,0.0484,1.3193,241
06853800,ifs,13,-0.5512,-0.1373,0.3451,1.9227,241
06876700,ifs,13,-0.0966,-0.4849,0.1316,0.1977,241
06878000,ifs,13,-0.0509,-0.3139,0.0728,0.4514,241
06879650,ifs,13,-0.6113,-0.0574,0.0467,0.5805,240
06885500,ifs,13,-0.0630,-0.2592,0.1298,0.3850,241
06888500,ifs,13,-0.0600,-0.3842,0.0353,0.3926,241
06889200,ifs,13,-0.0517,-0.1969,0.1329,0.4859,241
06889500,ifs,13,-0.3020,0.0779,0.1438,0.8185,241
06892000,ifs,13,-1.5836,-0.0176,0.0234,0.9517,241
06903400,ifs,13,-0.0957,-0.4625,0.0070,0.2619,241
06906800,ifs,13,-0.3201,-0.2076,-0.0341,0.6027,241
06910800,ifs,13,-0.1190,-0.1590,0.0873,0.5850,241
06911900,ifs,13,-0.0983,-0.1724,0.1033,0.5373,241
06917000,ifs,13,-0.3665,-0.1410,0.0327,0.5342,241
06918460,ifs,13,-0.0990,0.2181,0.2787,0.9815,241
06919500,ifs,13,-0.5847,0.0845,0.1377,0.7083,241
06921070,ifs,13,-0.1659,-0.0958,0.0890,0.6759,241
06921200,ifs,13,-0.1105,-0.4360,0.0063,0.3044,241
06934000,ifs,13,-0.5540,0.2567,0.2741,0.8501,240
07014500,ifs,13,-0.0967,-0.2311,0.0253,0.7147,241
07056000,ifs,13,-0.2686,0.1978,0.2282,0.9284,241
07057500,ifs,13,-0.5387,0.1342,0.1479,0.8974,233
07060710,ifs,13,-0.0001,-0.3914,0.0317,1.0571,241
07066000,ifs,13,-0.6444,0.0569,0.0676,0.9413,241
07067000,ifs,13,-0.6429,0.1845,0.2349,0.7188,241
07068000,ifs,13,-0.5173,0.2559,0.2633,0.8953,240
07071500,ifs,13,-1.3328,0.1639,0.2840,0.8671,241
07083000,ifs,13,-2.6359,-0.6432,0.8348,2.0184,241
07142300,ifs,13,-8.4540,-5.1008,-0.0911,6.9365,241
07145700,ifs,13,0.0072,-0.3925,0.1631,0.2344,238
07148400,ifs,13,-3.5795,-0.4300,0.4571,1.6333,241
07149000,ifs,13,-3.1805,-0.3331,0.3111,1.6734,241
07151500,ifs,13,0.0034,-0.2755,0.1559,0.4658,241
07167500,ifs,13,-0.2207,-0.3307,0.0840,1.8473,241
07180500,ifs,13,-0.2383,-0.0884,0.0405,0.8017,241
07184000,ifs,13,-0.1358,-0.1357,0.0948,0.5775,239
07195800,ifs,13,-3.0679,-0.2465,0.0271,1.0249,239
07196900,ifs,13,-1.0645,0.0224,0.0525,1.2265,240
07197000,ifs,13,-2.2419,-0.0977,0.2264,1.2689,241
07208500,ifs,13,-0.4900,0.3050,0.6758,1.1738,241
07226500,ifs,13,-0.0150,-0.3415,0.0662,0.4845,239
07261000,ifs,13,-21.2210,-3.0772,0.1142,2.5722,239
07263295,ifs,13,-19.0133,-3.9697,0.0360,4.5839,239
07290650,ifs,13,-0.3655,0.0160,0.1209,0.6716,241
07291000,ifs,13,-0.3932,-0.0584,0.1817,0.3903,241
07292500,ifs,13,-0.2008,-0.0199,0.1141,0.7612,241
07295000,ifs,13,-0.1658,-0.1455,0.0710,0.6090,241
07299670,ifs,13,-10.8373,-2.0847,0.0680,2.8075,231
07301410,ifs,13,-0.4160,-0.3134,-0.1665,0.7539,230
07301500,ifs,13,-0.1860,-0.5662,0.0517,1.7849,203
07315200,ifs,13,-12.7769,-3.1148,-0.0344,4.1222,161
07315700,ifs,13,-63.4325,-10.2923,0.0203,10.0649,218
07335700,ifs,13,-0.2716,-0.1348,0.0427,0.6050,232
07340300,ifs,13,-1.0910,0.1492,0.2301,1.2141,241
07346045,ifs,13,-11.9774,-1.7519,0.1564,1.4404,241
07359610,ifs,13,-4.1218,-0.7286,0.2060,1.9972,241
07362100,ifs,13,-9.7624,-1.9861,0.2845,2.9426,241
07362587,ifs,13,-7.7029,-1.6432,0.0554,2.7048,239
07373000,ifs,13,-1.3114,0.1286,0.2518,0.8451,237
07375000,ifs,13,-0.0350,-0.2562,0.1881,0.3817,241
07376000,ifs,13,-0.1915,0.1297,0.2648,0.6301,241
08013000,ifs,13,-0.2111,0.0877,0.2101,0.6740,241
08014500,ifs,13,-0.8211,-0.0119,0.0432,0.6787,241
08023080,ifs,13,-1.1427,-0.8329,0.1757,2.6282,241
08025500,ifs,13,-0.2147,0.0268,0.1159,1.0154,241
08029500,ifs,13,-0.7471,-0.0678,-0.0262,1.2374,241
08050800,ifs,13,-0.7768,-0.0390,-0.0282,1.0311,240
08066200,ifs,13,-0.4405,-0.0729,0.0026,0.7900,241
08066300,ifs,13,-0.0859,-0.4677,-0.0274,0.3008,241
08070000,ifs,13,-12.1528,-2.0014,0.1178,2.3585,241
08070200,ifs,13,-2.6511,-0.2083,0.1099,1.3723,241
08079600,ifs,13,-11.0138,-5.9679,0.1293,7.5253,196
08082700,ifs,13,-7.0047,-1.3027,-0.0114,2.2742,227
08086212,ifs,13,-0.3246,-0.6389,0.0878,2.3167,241
08086290,ifs,13,-3.1324,-3.7288,0.0471,5.5660,241
08101000,ifs,13,-18.8393,-3.1097,0.2126,3.0783,241
08103900,ifs,13,-0.0459,0.1424,0.2782,0.7357,241
08104900,ifs,13,-0.1713,-0.3210,0.0271,0.3764,241
08109700,ifs,13,-4.6323,-1.1899,0.0358,2.5964,224
08150800,ifs,13,-0.0113,-0.5238,-0.0232,0.3673,241
08155200,ifs,13,-3.3205,-1.4453,0.0546,3.1211,241
08158700,ifs,13,-16.4031,-11.8072,0.0097,13.5010,241
08158810,ifs,13,-0.1093,0.0069,0.1418,1.0319,241
08164000,ifs,13,-20.9517,-3.9046,0.0533,4.2579,241
08164300,ifs,13,-2.1504,-0.3458,-0.0222,1.7583,238
08164600,ifs,13,-74.5391,-11.3119,0.0963,10.6651,241
08165300,ifs,13,-3.4141,-0.3829,-0.0110,1.4394,241
08171300,ifs,13,-34.6604,-32.4955,-0.0276,34.2617,241
08175000,ifs,13,-6.6602,-0.8917,0.0328,1.2047,241
08176900,ifs,13,-68.3890,-11.8959,0.3531,11.5734,241
08178880,ifs,13,-0.0643,-0.5328,0.0165,0.2017,241
08189500,ifs,13,-3.4794,-0.4947,0.2002,1.6772,241
08190000,ifs,13,-0.1541,-0.2451,-0.0187,0.6599,241
08190500,ifs,13,-31.7877,-4.1111,0.0711,2.8341,235
08194200,ifs,13,-0.3062,-0.1818,0.0452,0.4361,241
08195000,ifs,13,-0.3236,-0.1741,-0.0119,0.6061,241
08196000,ifs,13,-0.0366,-0.0358,0.1648,1.1742,229
08198500,ifs,13,-0.0149,-0.6204,-0.0527,0.2319,241
08200000,ifs,13,-0.0385,-0.5068,0.0530,0.2041,241
08202700,ifs,13,-0.0292,-0.5680,-0.0138,0.1760,240
08267500,ifs,13,-25.0204,-2.4946,0.7025,2.7558,241
08269000,ifs,13,-8.6855,-1.2337,0.5640,1.8845,241
08271000,ifs,13,-53.5789,-4.5901,0.7823,2.6611,241
08324000,ifs,13,-0.2981,0.4322,0.6152,1.2440,241
08377900,ifs,13,-4.9738,-0.6071,0.4516,1.4686,241
08378500,ifs,13,-5.7360,-0.9353,0.6147,1.3383,233
08380500,ifs,13,-3.7316,-0.3573,0.5655,1.9379,241
09034900,ifs,13,0.0286,0.1482,0.8738,1.6104,237
09035900,ifs,13,0.5277,0.7312,0.8179,1.1101,207
09047700,ifs,13,-5.0095,-0.9711,0.8618,1.4643,239
09065500,ifs,13,0.7235,0.6151,0.9488,1.1666,241
09066000,ifs,13,-1.0846,0.1242,0.5713,1.1936,241
09066200,ifs,13,0.7056,0.6121,0.9327,1.2538,241
09066300,ifs,13,-0.4837,-0.0515,0.7867,1.8350,241
09081600,ifs,13,0.0955,0.5866,0.6303,1.0526,241
09107000,ifs,13,-1.3222,-0.0239,0.6818,1.3092,240
09210500,ifs,13,-1.3846,0.0938,0.7411,1.5437,214
09223000,ifs,13,-2.9264,-0.5903,0.8741,2.0067,180
09306242,ifs,13,-382.2623,-4.1823,0.8974,6.0682,239
09312600,ifs,13,-2.2693,-0.6706,0.4693,2.4445,241
09352900,ifs,13,-0.7505,0.2278,0.5797,1.4027,211
09378170,ifs,13,0.2260,0.2650,0.5210,1.3451,241
09378630,ifs,13,,,,,241
09386900,ifs,13,-59.1255,-6.0549,-0.0113,3.3688,241
09404450,ifs,13,0.6786,0.8207,0.8371,0.9482,241
09430500,ifs,13,-1.5722,0.0078,0.2548,0.3460,241
09430600,ifs,13,-0.4496,0.0907,0.3605,0.3541,241
09447800,ifs,13,-2.2289,-0.6407,0.0340,2.0357,241
09480000,ifs,13,-0.2931,-3.0161,0.1927,4.9163,241
09484000,ifs,13,-1.6800,-1.1887,0.1193,2.9782,216
09484600,ifs,13,-1.4004,-1.8332,0.2096,3.7038,240
09492400,ifs,13,-1.5047,0.0475,0.7197,1.7151,240
09494000,ifs,13,-0.6537,0.3328,0.4560,1.1213,241
09497800,ifs,13,-0.1101,-0.6244,-0.2527,1.5144,241
09497980,ifs,13,-1.0755,0.1230,0.1445,1.0242,210
09505200,ifs,13,-1.5893,0.0306,0.3574,1.2981,241
09505350,ifs,13,-0.5893,0.1724,0.4242,1.5162,241
09505800,ifs,13,-2.0957,-0.0544,0.2480,1.1930,241
09508300,ifs,13,-6.3954,-0.8779,0.1286,1.0968,241
09510200,ifs,13,-104.9484,-9.4059,0.0229,5.7664,222
09512280,ifs,13,-1.3970,-1.3577,0.0228,3.1386,241
09513780,ifs,13,-26.4782,-8.3506,0.1059,9.5315,240
10023000,ifs,13,-14.1254,-0.6307,0.0624,2.2018,241
10166430,ifs,13,-13546.0687,-91.6453,0.5464,73.2133,241
10172700,ifs,13,-29.9375,-0.2728,0.6186,2.0180,241
10172800,ifs,13,-10.2767,-0.9334,0.7874,2.3891,241
10173450,ifs,13,-0.6615,0.3140,0.3648,1.0451,241
10205030,ifs,13,-197.0216,-10.0393,-0.0173,2.3724,241
10234500,ifs,13,-0.1185,-0.2666,-0.0430,0.8816,237
10242000,ifs,13,-29.9993,-3.7831,0.4151,4.5159,241
10244950,ifs,13,-37.3830,-1.5996,0.7190,1.5613,241
10249300,ifs,13,-46.4240,-4.6939,0.4978,4.3906,240
10258000,ifs,13,,,,,69
10258500,ifs,13,-0.0256,-0.1792,0.1262,0.5946,241
10259000,ifs,13,0.7734,0.7027,0.9041,1.0788,241
10259200,ifs,13,-2.8748,-4.1941,0.5998,6.0679,241
10263500,ifs,13,0.0683,0.3385,0.8591,1.2243,241
10310500,ifs,13,-3.8054,-0.3092,0.6361,1.8236,241
10316500,ifs,13,-0.2870,0.3449,0.6899,1.2268,241
10329500,ifs,13,0.0390,0.4124,0.7965,1.1999,241
10336645,ifs,13,-0.4866,0.3328,0.4967,1.2947,227
10336660,ifs,13,-0.0459,0.5243,0.5653,1.1038,241
10343500,ifs,13,0.1329,0.5405,0.5586,0.8772,241
10348850,ifs,13,-2.5304,-0.0561,0.8038,1.7362,241
10396000,ifs,13,0.1450,0.5998,0.7065,1.1908,241
11098000,ifs,13,-0.1193,0.3793,0.3979,1.1282,241
11124500,ifs,13,-2.4988,-0.8896,0.8777,2.3650,241
11141280,ifs,13,0.0270,0.0294,0.2350,1.0123,241
11143000,ifs,13,-0.1759,0.3421,0.3609,1.1273,241
11148900,ifs,13,-0.0620,-0.1432,0.1474,0.5150,241
11151300,ifs,13,-0.0542,-0.3031,-0.0114,0.7418,241
11162500,ifs,13,-0.0768,-0.0181,0.2026,0.6193,241
11176400,ifs,13,-0.3122,-0.0488,0.0604,0.7337,144
11180500,ifs,13,-2.5270,-0.6608,0.1039,2.2228,241
11180960,ifs,13,-1.6917,-0.6505,0.1888,2.3744,241
11224500,ifs,13,-0.0253,-0.6737,-0.0366,0.1141,241
11253310,ifs,13,-0.0247,-0.4538,0.0782,0.3234,241
11264500,ifs,13,-1.3563,0.0914,0.1546,1.0607,241
11266500,ifs,13,-1.2522,0.1472,0.2690,1.1786,241
11274500,ifs,13,-0.4563,0.0679,0.1005,1.1125,241
11274630,ifs,13,-0.2168,0.0051,0.1020,0.9256,241
11284400,ifs,13,-0.5127,-0.0975,0.0796,0.4433,241
11299600,ifs,13,-0.3433,-0.0490,0.0494,0.7479,238
11381500,ifs,13,0.2658,0.2591,0.5235,0.9945,241
11383500,ifs,13,0.2519,0.3733,0.5137,1.0688,241
11451100,ifs,13,-1.3430,0.1123,0.2912,1.2508,106
11468500,ifs,13,0.0097,0.1954,0.3053,1.0111,241
11473900,ifs,13,0.2010,0.2188,0.4487,0.9460,241
11475560,ifs,13,-0.2092,0.2790,0.2969,1.0249,241
11476600,ifs,13,-0.6731,0.1824,0.4318,1.4808,240
11478500,ifs,13,-0.4222,0.0887,0.2679,1.5407,241
11480390,ifs,13,0.1211,0.2191,0.3786,0.9812,241
11481200,ifs,13,-1.9265,-0.2337,0.2921,1.7440,241
11482500,ifs,13,-1.3550,-0.1167,0.4670,1.7187,241
11522500,ifs,13,-0.5245,0.1559,0.5217,1.6198,241
11523200,ifs,13,-0.9246,-0.0061,0.5837,1.7475,241
11528700,ifs,13,0.3441,0.4097,0.5898,1.1307,241
11532500,ifs,13,-0.7671,0.2324,0.3964,1.3237,241
12010000,ifs,13,-0.0136,0.2928,0.3950,0.7279,241
12013500,ifs,13,-0.1990,0.3762,0.3814,0.9270,241
12020000,ifs,13,0.0019,0.1062,0.3510,0.5613,241
12025000,ifs,13,-0.1274,0.3369,0.3556,1.0649,241
12025700,ifs,13,-0.0917,0.2025,0.2850,0.8420,241
12035000,ifs,13,0.3745,0.5883,0.6609,0.8207,241
12040500,ifs,13,-0.1489,0.3911,0.4140,0.8385,241
12041200,ifs,13,-0.5460,0.3601,0.4777,0.8617,241
12043000,ifs,13,0.2033,0.5239,0.5762,0.8087,241
12048000,ifs,13,-1.2381,0.1118,0.5796,1.3073,241
12054000,ifs,13,-0.8353,0.1820,0.6144,1.3586,241
12056500,ifs,13,-0.3288,0.4196,0.5812,0.9182,241
12073500,ifs,13,-0.0050,0.5092,0.5165,1.0832,240
12082500,ifs,13,0.1787,0.2722,0.4359,1.0172,235
12092000,ifs,13,0.0065,0.1776,0.2950,0.9803,241
12095000,ifs,13,0.2805,0.3773,0.5390,0.8822,241
12114500,ifs,13,0.4057,0.3668,0.6717,0.9892,241
12115000,ifs,13,0.3880,0.3573,0.6522,0.9651,241
12115500,ifs,13,0.2707,0.2910,0.5325,0.8175,241
12117000,ifs,13,0.4418,0.4918,0.6689,0.9477,241
12141300,ifs,13,-0.0808,0.1628,0.2558,1.1062,241
12143600,ifs,13,0.1956,0.2658,0.4589,1.1599,238
12144000,ifs,13,0.2881,0.3924,0.5404,0.9889,240
12145500,ifs,13,0.3003,0.3635,0.5667,0.7788,241
12147600,ifs,13,-0.2158,0.1357,0.1924,0.9610,241
12167000,ifs,13,0.0313,0.3735,0.4366,1.1977,241
12175500,ifs,13,-0.3160,0.4271,0.4695,1.1276,241
12186000,ifs,13,-0.2937,0.2868,0.3154,1.1835,238
12189500,ifs,13,-0.2699,0.3370,0.3877,1.2532,240
12358500,ifs,13,0.6197,0.8126,0.8220,1.0001,241
12377150,ifs,13,0.5339,0.7641,0.7655,0.9756,241
12381400,ifs,13,0.4225,0.5519,0.8658,1.1993,208
12390700,ifs,13,0.4576,0.6474,0.7197,1.1724,241
12411000,ifs,13,0.7739,0.7616,0.8913,1.1642,230
12414500,ifs,13,0.6604,0.6867,0.8252,0.8938,241
12447390,ifs,13,-0.1886,-0.2279,0.2396,0.3637,241
12451000,ifs,13,0.4064,0.6485,0.7905,1.2244,241
12488500,ifs,13,0.5566,0.7231,0.7821,1.1538,241
13011500,ifs,13,0.5493,0.5005,0.9068,1.3589,241
13011900,ifs,13,0.8173,0.8301,0.9314,0.9820,241
13018300,ifs,13,-0.2907,0.0456,0.9464,1.4853,241
13023000,ifs,13,0.4457,0.7172,0.7808,0.9388,199
13161500,ifs,13,0.4764,0.6762,0.7345,0.8339,241
13235000,ifs,13,0.5814,0.6624,0.7789,0.8887,239
13240000,ifs,13,0.8062,0.8855,0.8991,0.9970,162
13310700,ifs,13,0.5948,0.5300,0.8843,0.6835,241
13313000,ifs,13,0.7080,0.5030,0.9548,0.6533,241
13331500,ifs,13,0.3042,0.4219,0.8880,1.2755,241
13337000,ifs,13,0.6368,0.7013,0.8304,0.8190,241
13338500,ifs,13,0.6648,0.8274,0.8410,1.0568,241
13340000,ifs,13,0.4728,0.6259,0.7441,0.7902,241
13340600,ifs,13,0.5513,0.6000,0.8590,0.6920,241
14020000,ifs,13,0.1197,0.0605,0.4192,0.6421,241
14092750,ifs,13,0.1774,0.4192,0.4984,0.8996,241
14096850,ifs,13,-2.3825,0.0824,0.4573,0.5012,241
14137000,ifs,13,0.1321,0.2312,0.3902,0.9925,236
14138800,ifs,13,-0.0897,0.0360,0.1748,0.8762,241
14138870,ifs,13,0.0047,0.1511,0.2970,0.8188,241
14138900,ifs,13,0.0095,0.0565,0.2433,0.8661,241
14139800,ifs,13,-0.0439,0.1363,0.2684,0.7989,239
14141500,ifs,13,-0.0011,0.2149,0.3180,0.8836,241
14154500,ifs,13,-0.8666,0.2303,0.3677,1.2554,241
14158500,ifs,13,0.7224,0.7312,0.8791,1.0920,226
14158790,ifs,13,-0.0231,0.4284,0.4444,1.0997,237
14166500,ifs,13,0.2053,0.3279,0.4694,0.9564,241
14182500,ifs,13,-0.1163,0.1767,0.2680,0.7951,241
14185000,ifs,13,-0.1629,0.4048,0.4084,1.0624,241
14185900,ifs,13,-0.3364,0.2587,0.2651,0.9963,238
14187000,ifs,13,-0.2308,0.4074,0.4401,1.1761,239
14216500,ifs,13,0.3630,0.5550,0.6207,1.0240,238
14222500,ifs,13,0.0906,0.1919,0.3485,0.9646,241
14236200,ifs,13,0.1339,0.2486,0.4176,0.8045,240
14301000,ifs,13,-0.0199,0.2943,0.3523,0.9253,240
14303200,ifs,13,0.1602,0.2178,0.4126,0.8997,241
14305500,ifs,13,0.0517,0.3021,0.3803,0.9465,239
14306340,ifs,13,0.2209,0.3388,0.4991,0.8004,241
14306500,ifs,13,0.2860,0.4996,0.5675,0.9480,241
14308990,ifs,13,0.0271,0.4375,0.4533,1.0434,241
14309500,ifs,13,-0.2540,0.3666,0.3692,1.0564,241
14316700,ifs,13,-0.8782,0.2289,0.3813,1.2569,241
14325000,ifs,13,-0.3886,0.3683,0.3791,1.0420,241
14362250,ifs,13,-0.8851,0.1956,0.2870,0.7303,148
14400000,ifs,13,-0.2327,0.4446,0.4598,1.0282,241
01013500,ifs,14,0.8754,0.8148,0.9442,0.8678,241
01022500,ifs,14,0.4215,0.6600,0.6867,1.0854,241
01030500,ifs,14,0.6261,0.7470,0.8584,1.1142,241
01031500,ifs,14,-0.2848,0.4243,0.4465,1.0734,239
01047000,ifs,14,0.0168,0.5309,0.5361,1.0426,241
01052500,ifs,14,0.1827,0.3266,0.4779,0.7685,241
01054200,ifs,14,-0.0277,0.0429,0.2860,0.5659,241
01055000,ifs,14,0.0231,0.4255,0.4431,1.0025,241
01057000,ifs,14,0.5074,0.6954,0.7290,0.9392,241
01073000,ifs,14,0.1924,0.5440,0.7349,1.2091,241
01078000,ifs,14,0.2846,0.3821,0.5838,0.7091,239
01118300,ifs,14,-0.0364,0.4211,0.4462,0.8541,239
01121000,ifs,14,0.4211,0.6211,0.6929,1.1932,239
01123000,ifs,14,0.5490,0.5638,0.7506,0.9000,241
01134500,ifs,14,0.4306,0.6406,0.6836,0.9021,239
01137500,ifs,14,0.1888,0.4029,0.5152,0.7832,241
01139000,ifs,14,0.2003,0.5998,0.6022,0.9560,237
01139800,ifs,14,0.6714,0.8234,0.8304,1.0308,241
01142500,ifs,14,0.4705,0.7003,0.7199,0.9237,239
01144000,ifs,14,0.5578,0.7743,0.7986,0.9273,241
01169000,ifs,14,0.2992,0.5262,0.5832,1.0572,239
01170100,ifs,14,0.3653,0.6011,0.6370,0.9737,240
01181000,ifs,14,0.5515,0.6960,0.7506,1.0817,239
01187300,ifs,14,0.3255,0.4903,0.5898,1.1290,241
01195100,ifs,14,0.0862,0.3143,0.4135,0.8469,241
01333000,ifs,14,0.4146,0.5209,0.6493,0.9029,239
01350000,ifs,14,0.0629,0.0502,0.3010,0.7184,238
01350080,ifs,14,0.5564,0.5601,0.7623,0.7922,241
01350140,ifs,14,0.4050,0.5898,0.6896,0.7558,191
01365000,ifs,14,0.2865,0.3516,0.5470,0.8401,239
01411300,ifs,14,-0.2106,0.0083,0.1296,1.1934,232
01413500,ifs,14,0.3001,0.3092,0.5861,0.7478,239
01414500,ifs,14,0.0414,0.0364,0.3408,0.5920,239
01415000,ifs,14,0.3021,0.2266,0.7062,0.5665,196
01423000,ifs,14,0.3557,0.3696,0.6520,0.7153,241
01434025,ifs,14,0.2144,0.3816,0.5538,0.6571,241
01435000,ifs,14,0.2373,0.2391,0.5034,0.7963,240
01439500,ifs,14,0.2276,0.5605,0.5913,0.8676,239
01440000,ifs,14,0.0480,0.4285,0.4516,0.9595,241
01440400,ifs,14,0.3004,0.6030,0.6164,0.9898,215
01451800,ifs,14,-0.4540,0.2565,0.3017,1.2546,239
01466500,ifs,14,-3.4523,-0.8326,0.7990,0.9996,239
01484100,ifs,14,-0.6146,0.3026,0.4218,1.3309,241
01485500,ifs,14,-3.7722,-0.7243,0.4447,2.1221,236
01486000,ifs,14,-2.3061,-0.2368,0.3815,1.8376,241
01487000,ifs,14,-0.0002,0.5468,0.6366,1.0553,241
01491000,ifs,14,0.4705,0.5346,0.6868,0.9805,241
01510000,ifs,14,0.4720,0.6015,0.6910,0.9431,241
01516500,ifs,14,-0.0814,0.0422,0.2586,0.5963,241
01518862,ifs,14,0.1090,0.3044,0.4765,0.6609,241
01532000,ifs,14,-0.5763,0.3448,0.3943,1.0089,239
01539000,ifs,14,-0.2707,0.4031,0.4072,1.0176,225
01542810,ifs,14,-1.0369,0.2239,0.3748,0.9907,239
01543000,ifs,14,-1.1363,0.1911,0.4083,0.9413,241
01543500,ifs,14,-1.0648,0.2126,0.3692,0.8977,239
01544500,ifs,14,0.1599,0.4352,0.5752,0.6722,241
01545600,ifs,14,0.2932,0.3860,0.6230,0.6606,241
01547700,ifs,14,-0.3224,0.0343,0.0967,0.9083,241
01548500,ifs,14,0.2130,0.3381,0.5789,0.6245,239
01549500,ifs,14,0.1727,0.4870,0.5593,0.7707,239
01550000,ifs,14,0.1513,0.4190,0.5255,0.7416,239
01552000,ifs,14,-0.0237,0.4361,0.4596,0.8585,241
01552500,ifs,14,-0.3901,0.3844,0.4057,0.9376,241
01557500,ifs,14,-1.1622,0.1100,0.1393,0.9909,241
01567500,ifs,14,-0.8085,0.1061,0.1201,1.1565,241
01568000,ifs,14,-1.0166,0.1759,0.2751,1.2565,241
01580000,ifs,14,-0.3516,0.2149,0.2271,1.0011,237
01583500,ifs,14,-0.1327,0.2720,0.3131,0.9058,241
01586610,ifs,14,-0.5921,0.1863,0.1928,0.9000,207
01591400,ifs,14,0.0348,0.2193,0.3302,0.9694,241
01596500,ifs,14,-0.2057,0.2245,0.2632,0.8919,239
01605500,ifs,14,-0.7888,0.2430,0.5305,1.2715,239
01606500,ifs,14,-0.7300,0.3064,0.4440,0.9066,214
01613050,ifs,14,-1.0858,0.1080,0.1953,1.3078,241
01620500,ifs,14,0.0943,0.3329,0.4855,0.6443,239
01632000,ifs,14,-0.5607,0.3286,0.3538,1.0063,239
01632900,ifs,14,-0.5296,0.3290,0.3467,1.0098,239
01634500,ifs,14,-0.1627,0.2122,0.2587,0.9554,224
01638480,ifs,14,-4.0077,-0.6727,0.2739,2.0804,236
01639500,ifs,14,-0.5551,0.1723,0.2130,1.2533,241
01644000,ifs,14,-2.3181,-0.3356,0.3262,2.0027,241
01658500,ifs,14,-1.6101,-0.0655,0.0549,1.3888,210
01664000,ifs,14,-0.1698,0.4185,0.4185,1.0057,241
01666500,ifs,14,-0.6147,0.2651,0.3099,1.2216,226
01667500,ifs,14,-1.2459,0.1530,0.3284,1.2379,219
01669000,ifs,14,-0.2177,0.3501,0.3607,1.0984,216
01669520,ifs,14,-2.7441,-0.2254,0.3635,1.7398,239
02011400,ifs,14,-0.7824,0.2122,0.5509,1.3142,241
02011460,ifs,14,-0.1208,0.4544,0.4552,0.9986,241
02013000,ifs,14,-0.8488,0.1361,0.2833,1.4284,241
02014000,ifs,14,-2.8367,-0.2154,0.1725,1.2709,241
02015700,ifs,14,-0.4323,0.3711,0.5129,1.2286,223
02016000,ifs,14,-0.4824,0.3108,0.6255,1.1739,241
02017500,ifs,14,-2.1877,-0.1260,0.3444,1.4002,239
02018000,ifs,14,-2.6076,-0.2098,0.2979,1.3597,234
02027000,ifs,14,-0.4747,0.3553,0.5881,0.9386,221
02027500,ifs,14,0.2617,0.5651,0.6816,0.7062,224
02028500,ifs,14,-0.3551,0.4097,0.4371,0.9725,216
02038850,ifs,14,-1.0034,0.1600,0.1851,1.0023,239
02046000,ifs,14,-1.5262,-0.1166,0.1649,1.6610,231
02051000,ifs,14,-1.2930,0.0302,0.1111,1.2982,241
02051500,ifs,14,-1.8460,-0.0822,0.1023,1.4104,239
02053200,ifs,14,-3.8956,-0.5709,0.0608,1.8170,210
02053800,ifs,14,-1.3430,0.0845,0.1365,0.9753,222
02055100,ifs,14,-6.4532,-0.9216,0.1802,1.4236,239
02056900,ifs,14,-3.6999,-0.3691,0.1158,1.1308,216
02059500,ifs,14,-1.9237,0.0014,0.2319,0.9902,210
02064000,ifs,14,-1.7612,-0.0210,0.0546,0.9496,229
02065500,ifs,14,-1.2630,0.1064,0.1938,0.7671,239
02069700,ifs,14,-1.3767,0.0428,0.1132,1.2745,214
02070000,ifs,14,-1.2237,0.0536,0.1017,1.2383,239
02074500,ifs,14,-1.4510,0.0341,0.1243,1.2612,241
02077200,ifs,14,-4.4162,-0.5663,0.1603,1.4172,236
02081500,ifs,14,-3.9784,-0.6395,-0.0110,1.8687,241
02082950,ifs,14,-6.2918,-1.1663,0.2564,2.1807,241
02092500,ifs,14,-5.6954,-1.2810,0.2281,2.6669,241
02096846,ifs,14,-2.5812,-0.4331,0.0424,1.8659,241
02102908,ifs,14,-0.8191,0.0838,0.0838,0.9913,241
02108000,ifs,14,-0.1916,0.4161,0.4808,1.2482,241
02111180,ifs,14,-0.5099,-0.0469,-0.0016,1.0882,241
02111500,ifs,14,-1.3085,0.0210,0.0383,1.0038,239
02118500,ifs,14,-1.5026,0.1008,0.2610,1.1042,241
02128000,ifs,14,-4.5139,-1.3275,-0.0041,2.8440,241
02137727,ifs,14,-0.9915,0.0171,0.0172,1.0070,241
02140991,ifs,14,-1.1971,0.0225,0.0473,1.1888,241
02143000,ifs,14,-2.0421,0.0156,0.2721,1.2625,241
02143040,ifs,14,-5.4183,-0.6877,0.0946,1.0087,239
02149000,ifs,14,-0.3446,0.0552,0.1048,1.0336,241
02152100,ifs,14,-5.9159,-0.7614,0.0603,1.1052,241
02177000,ifs,14,-1.3379,0.0457,0.0786,1.1149,239
02178400,ifs,14,-1.6157,0.0707,0.2352,1.0063,239
02193340,ifs,14,-1.6391,-0.0379,0.1610,1.4387,241
02196000,ifs,14,-0.2919,-0.1981,-0.0199,0.6147,241
02198100,ifs,14,-0.7623,-0.0761,-0.0344,1.2415,240
02202600,ifs,14,-11.0290,-1.7904,0.0819,2.4162,241
02212600,ifs,14,-0.2398,0.0247,0.1072,1.0267,239
02215100,ifs,14,-0.5874,-0.0802,-0.0194,0.7586,241
02216180,ifs,14,-0.1117,-0.4123,-0.0710,0.4813,239
02221525,ifs,14,-0.2757,0.1604,0.1993,1.0711,239
02231000,ifs,14,-9.4114,-1.3878,0.0251,1.6961,241
02231342,ifs,14,-5.5788,-0.8254,0.1157,1.7886,241
02235200,ifs,14,0.4163,0.6171,0.6808,1.1048,240
02245500,ifs,14,-4.9353,-0.5899,0.0413,1.2378,241
02246000,ifs,14,-2.3651,-0.1035,0.1201,0.9104,239
02296500,ifs,14,-3.2167,-0.6486,0.0784,2.0959,230
02297155,ifs,14,-0.2703,-0.3325,0.0578,0.2774,240
02297310,ifs,14,-2.7038,-0.2016,0.0399,0.7475,231
02298123,ifs,14,-0.3379,0.0479,0.1923,0.5644,241
02298608,ifs,14,-3.2367,-0.2810,0.0617,1.1574,241
02299950,ifs,14,-1.7628,-0.0676,0.0107,0.7729,241
02300700,ifs,14,-0.1406,-0.1426,0.1303,0.5071,241
02310947,ifs,14,-0.2260,-1.0062,-0.2685,2.3170,241
02312200,ifs,14,-4.5688,-3.2252,-0.0037,5.0496,241
02314500,ifs,14,-0.3625,-0.3176,-0.0750,0.5815,241
02315500,ifs,14,-0.3412,-0.5488,-0.1849,0.4268,241
02324400,ifs,14,-0.2202,-1.0405,-0.5448,0.1094,241
02327100,ifs,14,-23.4346,-3.1555,0.0267,2.4305,239
02349900,ifs,14,-0.1134,-0.1017,0.0776,0.8431,241
02350900,ifs,14,-0.5698,0.1043,0.2297,0.6145,241
02361000,ifs,14,-0.5132,0.1008,0.1918,0.6573,241
02363000,ifs,14,-0.1856,-0.3600,0.0807,0.3286,239
02369800,ifs,14,-0.0110,-0.3182,0.1651,0.4521,240
02371500,ifs,14,-0.0219,-0.3023,0.0555,0.6916,241
02372250,ifs,14,-0.0416,-0.2917,0.0275,0.7192,239
02374500,ifs,14,-0.0706,-0.1154,0.1369,0.7161,241
02381600,ifs,14,-1.9077,-0.0692,0.0108,1.1185,241
02384540,ifs,14,-1.0672,0.0701,0.0870,0.8651,241
02395120,ifs,14,-7.1661,-1.0452,0.2070,1.2709,241
02408540,ifs,14,-0.4690,0.2770,0.2792,0.9463,241
02415000,ifs,14,-0.2287,0.2586,0.2839,0.9068,231
02422500,ifs,14,-1.0816,0.1463,0.1978,1.1722,224
02427250,ifs,14,-0.1209,0.0726,0.1856,1.1316,241
02430085,ifs,14,-0.9450,0.0839,0.1490,1.3202,241
02450250,ifs,14,-1.4645,0.0391,0.1248,1.2114,241
02464000,ifs,14,-0.9616,0.1558,0.2385,1.2732,241
02465493,ifs,14,-0.3378,0.2518,0.2707,1.1293,238
02469800,ifs,14,-0.5208,0.1201,0.2109,0.6189,239
02472000,ifs,14,-0.0504,-0.0817,0.2012,0.5675,241
02472500,ifs,14,-0.1785,0.0031,0.2363,0.4998,241
02479155,ifs,14,0.1663,-0.0317,0.5370,0.5097,241
02479300,ifs,14,0.0467,-0.2278,0.4246,0.3436,241
02481000,ifs,14,0.1068,-0.2228,0.5962,0.2082,241
02481510,ifs,14,0.0625,-0.2111,0.4984,0.2739,241
03010655,ifs,14,0.2158,0.4134,0.5711,0.6997,212
03011800,ifs,14,-0.1739,0.3648,0.3924,0.8274,241
03015500,ifs,14,-0.0879,0.5190,0.5939,1.0039,241
03021350,ifs,14,-0.0729,0.5024,0.5335,0.8805,239
03026500,ifs,14,-0.2700,0.3785,0.3864,0.9048,241
03028000,ifs,14,-0.4170,0.3714,0.4342,0.7834,241
03049800,ifs,14,-0.4023,-0.0479,0.0540,0.7031,239
03050000,ifs,14,-0.3428,0.3263,0.3263,0.9999,239
03066000,ifs,14,-0.1475,0.3454,0.3600,0.9272,241
03069500,ifs,14,-0.1380,0.3090,0.3400,0.8796,239
03070500,ifs,14,-2.0489,-0.0510,0.2650,1.2819,239
03076600,ifs,14,-0.3619,0.1341,0.2158,0.6892,241
03078000,ifs,14,-0.4248,0.0768,0.1317,0.7771,241
03140000,ifs,14,-0.6088,0.0744,0.0850,1.0494,239
03144000,ifs,14,-2.1353,-0.0806,0.0605,1.1124,241
03159540,ifs,14,-0.5257,0.1365,0.1446,0.9803,241
03161000,ifs,14,-1.0045,0.0705,0.0754,0.9425,241
03164000,ifs,14,-0.6154,0.3098,0.3390,0.9125,241
03165000,ifs,14,-0.4406,-0.0246,0.0289,0.9132,224
03170000,ifs,14,-0.8669,0.1504,0.1575,0.9559,241
03173000,ifs,14,-1.2337,0.1567,0.3014,1.1550,239
03180500,ifs,14,0.1001,0.4167,0.4591,0.9409,225
03182500,ifs,14,-0.0967,0.4868,0.5129,1.1203,239
03186500,ifs,14,-0.0238,0.4652,0.4719,1.0772,239
03187500,ifs,14,-0.1673,0.4747,0.5062,1.0940,238
03213700,ifs,14,-2.6637,-0.2097,0.3071,1.4148,241
03237280,ifs,14,-0.2782,0.2093,0.2340,0.9487,241
03237500,ifs,14,-0.6613,0.0808,0.1005,1.1700,239
03241500,ifs,14,-0.3620,0.0273,0.1093,0.7429,228
03280700,ifs,14,-2.8415,-0.2408,0.3066,1.1624,213
03281100,ifs,14,-4.3767,-0.6271,0.3314,1.3847,239
03281500,ifs,14,-2.4487,-0.2360,0.4386,1.3515,228
03285000,ifs,14,-1.9268,-0.4379,0.2575,2.0900,238
03291780,ifs,14,-0.6809,0.0101,0.0219,0.9894,241
03300400,ifs,14,-0.3992,0.0336,0.0845,1.1318,241
03340800,ifs,14,-1.4999,0.0204,0.0652,0.9711,193
03346000,ifs,14,-0.8961,0.0482,0.0743,0.7793,241
03364500,ifs,14,-0.2697,-0.1412,0.0281,0.6325,241
03366500,ifs,14,-0.8864,0.0256,0.0308,0.9029,241
03368000,ifs,14,-0.4586,-0.0288,0.0353,0.7907,241
03384450,ifs,14,-0.3916,-0.0069,0.0473,0.9757,241
03439000,ifs,14,-0.4184,-0.1639,-0.0210,0.6943,239
03450000,ifs,14,-0.2083,-0.1282,0.0264,0.8408,241
03455500,ifs,14,-0.9383,0.0786,0.1165,0.7394,239
03456500,ifs,14,-0.7186,-0.0567,-0.0201,0.8149,239
03460000,ifs,14,-1.0095,0.1936,0.2648,0.6707,241
03463300,ifs,14,-0.8644,0.0359,0.0387,0.9349,241
03471500,ifs,14,-0.7673,0.2980,0.4186,0.8353,239
03473000,ifs,14,-1.3512,0.1324,0.2637,0.8629,241
03479000,ifs,14,-3.5561,-0.3345,0.0714,1.0253,239
03488000,ifs,14,-1.2884,0.1233,0.2032,0.9046,241
03498500,ifs,14,-1.3049,0.0929,0.1460,0.9048,241
03500000,ifs,14,-1.4434,0.1368,0.3228,0.8653,239
03504000,ifs,14,-1.2230,0.1803,0.2761,0.8825,239
03574500,ifs,14,-0.5350,0.1803,0.1897,0.8899,241
03604000,ifs,14,-0.4542,-0.0655,-0.0024,0.8688,239
04015330,ifs,14,0.1554,0.1368,0.4089,0.6898,200
04024430,ifs,14,0.1614,0.4345,0.5122,0.7919,241
04027000,ifs,14,0.2161,0.4388,0.5267,0.8267,241
04040500,ifs,14,0.8118,0.8143,0.9031,1.0169,241
04043050,ifs,14,0.7126,0.8104,0.8466,0.9470,182
04045500,ifs,14,0.8734,0.8320,0.9480,0.8440,237
04056500,ifs,14,0.5974,0.5009,0.8431,0.7380,231
04057510,ifs,14,0.8080,0.7135,0.9182,0.8378,161
04057800,ifs,14,0.7928,0.6264,0.9201,0.7599,241
04059500,ifs,14,0.7766,0.7677,0.8855,1.0380,241
04063700,ifs,14,0.5949,0.4315,0.8522,0.6697,241
04074950,ifs,14,0.5468,0.5216,0.8104,0.7917,241
04105700,ifs,14,0.0999,0.3993,0.4507,0.9566,241
04115265,ifs,14,0.0660,0.2480,0.3591,1.0343,241
04122200,ifs,14,0.2376,0.3214,0.5157,0.8615,241
04122500,ifs,14,0.4434,0.5543,0.6773,0.9283,239
04124000,ifs,14,0.5897,0.5640,0.7859,0.9894,241
04127997,ifs,14,0.2196,0.2831,0.4870,0.9218,204
04185000,ifs,14,0.1819,0.4788,0.5191,0.9294,218
04196800,ifs,14,-0.4052,0.0028,0.0566,0.8960,241
04197100,ifs,14,-0.5815,0.0395,0.0927,1.2791,241
04197170,ifs,14,-0.6466,0.0856,0.0962,1.1018,241
04213000,ifs,14,-0.6638,0.3047,0.4854,1.2026,239
04213075,ifs,14,-0.4768,0.3354,0.3505,1.0682,237
04216418,ifs,14,0.1884,0.5233,0.5427,1.0260,241
04221000,ifs,14,-0.0458,0.1764,0.3906,0.5906,241
04224775,ifs,14,-0.0426,0.0583,0.3131,0.5757,239
04256000,ifs,14,0.4675,0.7063,0.7693,1.1485,239
04296000,ifs,14,0.2641,0.5477,0.5876,0.8854,241
05057000,ifs,14,-1.7881,0.0585,0.1602,0.6470,163
05057200,ifs,14,-25.8555,-3.2799,0.1019,1.5102,240
05062500,ifs,14,-0.8667,0.2470,0.3443,1.1758,202
05087500,ifs,14,-2.0824,-0.1475,0.2324,1.5253,241
05120500,ifs,14,-11.4404,-1.5093,0.0162,3.3035,210
05123400,ifs,14,-0.3950,-0.6564,-0.0244,0.1567,240
05129115,ifs,14,-0.8153,-0.6819,0.0647,0.0016,241
05131500,ifs,14,-0.1298,0.2950,0.3667,0.7319,145
05291000,ifs,14,-3.0278,-0.2475,0.1889,1.1683,241
05362000,ifs,14,0.4100,0.7128,0.7151,1.0135,240
05393500,ifs,14,0.2311,0.6055,0.6174,1.0964,241
05399500,ifs,14,-0.4449,0.1394,0.1547,1.0194,239
05408000,ifs,14,0.0044,0.0818,0.2646,0.8668,240
05412500,ifs,14,-0.4158,0.2515,0.2909,0.7662,241
05413500,ifs,14,-1.1171,0.0899,0.1127,0.8376,211
05414000,ifs,14,-0.3805,0.0439,0.2251,0.6340,207
05444000,ifs,14,-11.1606,-1.6633,0.1914,0.9963,239
05454000,ifs,14,-1.1423,0.1177,0.1808,0.7907,241
05458000,ifs,14,-0.3558,0.0442,0.1001,0.8817,241
05466500,ifs,14,-0.2060,-0.1145,0.0472,0.7463,239
05487980,ifs,14,-0.4857,-0.0564,0.0199,0.7307,239
05488200,ifs,14,-0.3726,-0.1917,-0.0008,0.5007,239
05489000,ifs,14,-0.1950,-0.3274,-0.0229,0.4161,239
05495000,ifs,14,-1.4766,-0.0573,0.0916,1.4535,239
05495500,ifs,14,-0.1739,-0.2683,0.0198,0.4638,235
05501000,ifs,14,-0.2028,-0.1825,0.0139,0.6408,239
05503800,ifs,14,-0.6550,-0.0197,0.0003,0.9360,241
05507600,ifs,14,-0.6025,0.2309,0.2460,1.1393,241
05508805,ifs,14,-1.4326,-0.1064,0.2819,1.6901,239
05514500,ifs,14,-0.7926,0.1565,0.1743,1.1529,239
05525500,ifs,14,-1.0972,0.0017,0.0308,1.2278,239
05556500,ifs,14,-0.2033,-0.1032,0.1323,0.5311,241
05584500,ifs,14,-0.1864,-0.0546,0.1464,0.5807,239
05585000,ifs,14,-0.3006,0.0512,0.1848,0.6086,241
05591550,ifs,14,-0.8772,0.0626,0.0626,0.9937,239
05592050,ifs,14,-0.6961,0.0816,0.0862,0.9488,222
05592575,ifs,14,-0.5176,0.1155,0.1470,0.8001,239
05593575,ifs,14,-3.6551,-0.8744,0.1182,2.3137,241
05593900,ifs,14,-1.3884,0.0329,0.0715,1.0993,239
05595730,ifs,14,-6.3960,-1.2995,0.1534,2.3477,241
06037500,ifs,14,-2.3510,0.3310,0.8323,1.2872,241
06043500,ifs,14,0.3796,0.4206,0.9413,1.3364,241
06154410,ifs,14,-0.1009,-0.2046,0.0968,0.6329,241
06188000,ifs,14,0.7652,0.8341,0.9042,1.0354,241
06191500,ifs,14,0.7623,0.6986,0.9464,1.1407,241
06221400,ifs,14,0.7808,0.8356,0.9106,1.0730,241
06224000,ifs,14,0.7063,0.8323,0.8613,1.0919,241
06289000,ifs,14,-0.0387,0.5306,0.6285,0.9883,241
06332515,ifs,14,-5.1862,-1.3269,0.2775,2.6380,118
06339100,ifs,14,-113.6153,-9.8112,0.2035,5.8008,177
06339500,ifs,14,-10.3668,-1.4964,0.1084,1.1664,171
06344600,ifs,14,-218.5606,-13.9013,0.1095,7.4868,180
06350000,ifs,14,-72.1869,-6.9805,0.2417,4.3407,241
06352000,ifs,14,-13.1863,-1.8851,0.0556,1.6669,240
06353000,ifs,14,-0.1279,-0.1662,0.0291,0.8492,239
06354000,ifs,14,-8.0652,-1.2715,0.3027,1.1943,176
06360500,ifs,14,-17.0066,-2.4116,0.0583,2.0198,142
06404000,ifs,14,-47.7609,-4.9774,-0.0144,2.5090,208
06406000,ifs,14,-205.4598,-5.6080,0.2346,5.9710,183
06408700,ifs,14,-1592.4941,-4.0902,0.2189,1.5122,241
06409000,ifs,14,-1.9445,0.5947,0.7577,1.2837,196
06431500,ifs,14,-5.3266,-0.3393,0.3436,1.1436,230
06440200,ifs,14,-6.2735,-0.8188,-0.0125,1.2424,163
06441500,ifs,14,-39.9310,-5.4594,0.0123,4.8784,180
06447000,ifs,14,-0.3001,0.0475,0.1446,0.7072,143
06447500,ifs,14,-0.3443,-0.0801,0.0407,0.7883,241
06450500,ifs,14,0.0721,-0.0450,0.3215,1.0586,211
06452000,ifs,14,-0.1620,-0.1766,-0.0051,1.0854,178
06453600,ifs,14,-12.8499,-1.8483,-0.0319,2.0107,238
06464500,ifs,14,-3.5423,-0.3384,-0.0681,1.2366,178
06477500,ifs,14,-2250.7615,-48.0843,0.0266,19.5942,240
06479215,ifs,14,-0.2993,-0.0501,0.0656,0.7436,241
06479438,ifs,14,-0.1760,-0.4249,-0.0035,0.3057,241
06601000,ifs,14,-0.8884,0.0038,0.0149,0.8633,241
06614800,ifs,14,0.7255,0.5555,0.9295,1.3963,241
06622700,ifs,14,-0.5222,0.0857,0.7304,1.6586,241
06623800,ifs,14,0.8147,0.9050,0.9108,1.0042,241
06632400,ifs,14,-0.3654,0.2965,0.4537,1.4188,241
06784000,ifs,14,-1.4176,-0.0366,0.0556,1.3455,241
06803510,ifs,14,-1.7051,-0.0083,0.0624,1.0310,241
06803530,ifs,14,-0.4329,-0.0849,-0.0118,0.8388,241
06814000,ifs,14,-0.0533,-0.2648,0.0869,0.4798,241
06846500,ifs,14,-0.0088,-0.4658,-0.0498,1.3843,241
06847900,ifs,14,-0.0237,-0.3218,0.0500,1.3183,241
06853800,ifs,14,-0.9956,-0.2108,0.2699,1.9627,241
06876700,ifs,14,-0.1129,-0.5384,0.0697,0.1822,241
06878000,ifs,14,-0.0518,-0.4970,-0.0002,0.3252,241
06879650,ifs,14,-0.0609,-0.4216,0.0605,0.3212,240
06885500,ifs,14,-0.0145,-0.3674,0.2118,0.2805,241
06888500,ifs,14,-0.0391,-0.5048,0.0586,0.2692,241
06889200,ifs,14,-0.0994,-0.3911,-0.0169,0.4129,241
06889500,ifs,14,-0.0620,-0.3841,0.0075,0.4509,241
06892000,ifs,14,-0.5693,-0.0732,0.0024,0.6949,241
06903400,ifs,14,-0.1284,-0.4806,-0.0280,0.2443,241
06906800,ifs,14,-0.1047,-0.2776,0.0646,0.4287,241
06910800,ifs,14,-0.1144,-0.3809,-0.0168,0.4186,241
06911900,ifs,14,-0.2467,-0.3228,-0.0197,0.3700,241
06917000,ifs,14,-0.0929,-0.2869,0.1489,0.2804,241
06918460,ifs,14,-0.0357,0.2622,0.3267,0.9493,241
06919500,ifs,14,-0.4313,-0.0279,0.0995,0.5823,241
06921070,ifs,14,-0.4384,-0.0729,0.0384,0.6430,241
06921200,ifs,14,-0.1371,-0.4091,0.0173,0.2832,241
06934000,ifs,14,-0.5300,0.2417,0.2561,0.8536,240
07014500,ifs,14,-0.1225,-0.1897,0.0418,0.6998,241
07056000,ifs,14,-1.1134,0.1316,0.1631,0.9794,241
07057500,ifs,14,-1.7340,0.0327,0.1726,0.9682,233
07060710,ifs,14,-0.0493,-0.2824,-0.0070,1.1069,241
07066000,ifs,14,-1.1193,0.1378,0.1738,1.0182,241
07067000,ifs,14,-0.7152,0.2063,0.2537,0.7365,241
07068000,ifs,14,-0.8336,0.2154,0.2394,0.9100,240
07071500,ifs,14,-6.3321,-0.9651,0.3087,0.9422,241
07083000,ifs,14,-2.8007,-0.6823,0.8313,2.0416,241
07142300,ifs,14,-8.7010,-5.2202,-0.0297,7.0585,241
07145700,ifs,14,-0.0218,-0.5810,0.0414,0.1548,238
07148400,ifs,14,-2.8341,-0.2621,0.4794,1.6204,241
07149000,ifs,14,-2.7092,-0.2276,0.3150,1.6233,241
07151500,ifs,14,-0.0306,-0.4560,0.0130,0.4116,241
07167500,ifs,14,-0.0560,-0.3606,0.0096,1.5236,241
07180500,ifs,14,-0.2615,-0.1344,0.0138,0.7158,241
07184000,ifs,14,-0.1017,-0.3675,0.0205,0.3573,239
07195800,ifs,14,-2.3694,-0.1004,0.1348,0.9978,239
07196900,ifs,14,-0.2874,0.1334,0.1777,1.0882,240
07197000,ifs,14,-1.7655,0.0202,0.1881,1.1534,241
07208500,ifs,14,-0.6874,0.2431,0.6583,1.1993,241
07226500,ifs,14,0.0753,-0.1803,0.3296,0.5125,239
07261000,ifs,14,-8.3927,-1.6075,0.1890,2.4627,239
07263295,ifs,14,-4.3118,-2.2738,0.0673,3.9711,239
07290650,ifs,14,-0.2174,-0.1505,0.0744,0.5710,241
07291000,ifs,14,-0.0462,-0.1669,0.3775,0.2938,241
07292500,ifs,14,0.0029,-0.0060,0.2370,0.7274,241
07295000,ifs,14,-0.0918,-0.1502,0.1128,0.5884,241
07299670,ifs,14,-0.8755,-0.4348,0.0555,2.0785,231
07301410,ifs,14,-0.4868,-0.3364,-0.2077,0.7648,230
07301500,ifs,14,-0.1863,-0.5678,0.0492,1.7850,203
07315200,ifs,14,-4.2387,-1.2347,0.0494,2.7141,161
07315700,ifs,14,-45.4162,-7.8879,-0.0071,7.8991,218
07335700,ifs,14,-0.1551,-0.1694,0.0810,0.5528,232
07340300,ifs,14,-1.5277,0.0662,0.2090,1.1928,241
07346045,ifs,14,-12.3176,-1.7995,0.1592,1.5266,241
07359610,ifs,14,-3.8536,-0.7824,0.3748,2.0715,241
07362100,ifs,14,-10.6294,-2.2608,0.4789,3.0383,241
07362587,ifs,14,-3.0103,-0.9755,0.0832,2.5777,239
07373000,ifs,14,-2.1187,-0.0751,0.3429,0.8261,237
07375000,ifs,14,0.0077,-0.2193,0.2680,0.3844,241
07376000,ifs,14,-0.1860,0.1028,0.2533,0.6138,241
08013000,ifs,14,-0.2904,0.0831,0.1822,0.6911,241
08014500,ifs,14,-0.7584,-0.0138,0.0396,0.6946,241
08023080,ifs,14,-2.0339,-1.0117,0.3075,2.7579,241
08025500,ifs,14,-0.6118,0.1472,0.1526,1.0807,241
08029500,ifs,14,-0.7446,0.0045,0.0423,1.2491,241
08050800,ifs,14,-0.0811,-0.2750,0.0037,0.6696,240
08066200,ifs,14,-0.1968,-0.2113,-0.0039,0.6275,241
08066300,ifs,14,-0.0977,-0.4391,-0.0251,0.3261,241
08070000,ifs,14,-34.0517,-4.2110,0.0814,2.6840,241
08070200,ifs,14,-6.5557,-0.9469,0.0761,1.5701,241
08079600,ifs,14,-105.0035,-14.3029,-0.0249,13.3101,196
08082700,ifs,14,-48.9880,-5.8491,-0.0092,4.1890,227
08086212,ifs,14,-0.1551,-0.5704,0.0111,2.0593,241
08086290,ifs,14,-1.3193,-2.4000,-0.0071,4.2456,241
08101000,ifs,14,-14.1744,-2.4306,0.1070,2.7907,241
08103900,ifs,14,0.2173,0.1558,0.4820,0.7185,241
08104900,ifs,14,-0.0087,-0.1564,0.2412,0.4131,241
08109700,ifs,14,-3.1218,-0.7681,0.0254,2.2635,224
08150800,ifs,14,-0.0118,-0.5253,-0.0213,0.3560,241
08155200,ifs,14,-3.0195,-1.3590,0.0407,3.0485,241
08158700,ifs,14,-14.7653,-11.4486,0.0196,13.1750,241
08158810,ifs,14,-0.2682,0.0634,0.1285,1.0567,241
08164000,ifs,14,-17.9078,-3.2849,0.0203,3.6921,241
08164300,ifs,14,-0.6498,-0.0517,-0.0258,1.0754,238
08164600,ifs,14,-24.2101,-6.5059,0.1473,7.3245,241
08165300,ifs,14,-0.0092,-0.4831,-0.1027,0.7830,241
08171300,ifs,14,-29.7936,-32.2369,0.2091,34.0381,241
08175000,ifs,14,-1.7396,-0.0561,0.0262,0.7784,241
08176900,ifs,14,-30.5493,-8.0985,0.1324,8.8999,241
08178880,ifs,14,-0.0657,-0.5440,0.0111,0.1922,241
08189500,ifs,14,-1.7453,-0.0257,0.1549,1.3253,241
08190000,ifs,14,-0.0391,-0.4094,-0.0321,0.5480,241
08190500,ifs,14,-1.2090,-0.1347,0.3171,1.7960,235
08194200,ifs,14,-0.0625,-0.3398,0.0713,0.3318,241
08195000,ifs,14,-0.0183,-0.5235,-0.0330,0.3876,241
08196000,ifs,14,0.0370,-0.0702,0.2087,1.0941,229
08198500,ifs,14,-0.0152,-0.6347,-0.0623,0.2198,241
08200000,ifs,14,-0.0416,-0.5190,0.0406,0.1999,241
08202700,ifs,14,-0.0174,-0.6409,-0.0121,0.0954,240
08267500,ifs,14,-25.2823,-2.5141,0.6937,2.7594,241
08269000,ifs,14,-8.9472,-1.2555,0.5660,1.9161,241
08271000,ifs,14,-53.6009,-4.5671,0.7668,2.6652,241
08324000,ifs,14,-0.6441,0.3194,0.5720,1.2813,241
08377900,ifs,14,-5.5771,-0.6899,0.4430,1.5158,241
08378500,ifs,14,-6.0392,-0.9761,0.6124,1.3564,233
08380500,ifs,14,-3.9773,-0.3983,0.5671,1.9749,241
09034900,ifs,14,-0.0096,0.1305,0.8717,1.6172,237
09035900,ifs,14,0.5256,0.7343,0.8142,1.1097,207
09047700,ifs,14,-5.2117,-0.9959,0.8590,1.4782,239
09065500,ifs,14,0.7020,0.5963,0.9467,1.1739,241
09066000,ifs,14,-1.0827,0.1249,0.5712,1.1947,241
09066200,ifs,14,0.6779,0.5898,0.9290,1.2636,241
09066300,ifs,14,-0.4953,-0.0545,0.7848,1.8364,241
09081600,ifs,14,0.1201,0.5966,0.6341,1.0469,241
09107000,ifs,14,-1.3231,-0.0277,0.6856,1.3116,240
09210500,ifs,14,-1.4110,0.0862,0.7416,1.5473,214
09223000,ifs,14,-2.9538,-0.5962,0.8734,2.0092,180
09306242,ifs,14,-382.3654,-4.1824,0.8976,6.0689,239
09312600,ifs,14,-2.2410,-0.6610,0.4728,2.4352,241
09352900,ifs,14,-0.6984,0.2282,0.6092,1.4162,211
09378170,ifs,14,0.2338,0.2698,0.5275,1.3431,241
09378630,ifs,14,,,,,241
09386900,ifs,14,-89.8673,-7.8656,0.0200,3.7144,241
09404450,ifs,14,0.4385,0.7299,0.7518,0.9567,241
09430500,ifs,14,-3.1783,-0.2436,0.2051,0.4290,241
09430600,ifs,14,-5.2476,-0.7337,0.1915,0.5623,241
09447800,ifs,14,-2.2310,-0.6430,0.0306,2.0359,241
09480000,ifs,14,-0.5729,-3.4725,0.2470,5.4080,241
09484000,ifs,14,-1.1866,-1.1099,0.2233,2.9497,216
09484600,ifs,14,-3.3911,-2.5912,0.2327,4.3683,240
09492400,ifs,14,-1.7795,-0.0332,0.7366,1.7656,240
09494000,ifs,14,-1.2793,0.1501,0.4136,1.1803,241
09497800,ifs,14,-0.1105,-0.6257,-0.2542,1.5145,241
09497980,ifs,14,-4.4156,-0.5414,0.1616,1.2759,210
09505200,ifs,14,-0.9584,0.0268,0.6820,1.3036,241
09505350,ifs,14,-0.1686,0.2025,0.6966,1.5445,241
09505800,ifs,14,-0.3870,0.0804,0.8448,1.1697,241
09508300,ifs,14,-66.9190,-6.5433,0.0215,3.1070,241
09510200,ifs,14,-1114.9595,-34.5948,-0.0009,16.1903,222
09512280,ifs,14,-184.6888,-15.6671,-0.0084,11.9641,241
09513780,ifs,14,-2829.3484,-55.3840,-0.0088,23.1201,240
10023000,ifs,14,-14.1914,-0.6436,0.0475,2.2005,241
10166430,ifs,14,-13620.0083,-91.9428,0.5466,73.3489,241
10172700,ifs,14,-30.0399,-0.2861,0.6106,2.0186,241
10172800,ifs,14,-10.4007,-0.9526,0.7879,2.3934,241
10173450,ifs,14,-0.7171,0.2988,0.3567,1.0518,241
10205030,ifs,14,-198.9831,-10.0980,-0.0170,2.3795,241
10234500,ifs,14,-0.1171,-0.2599,-0.0374,0.8841,237
10242000,ifs,14,-30.2720,-3.8065,0.4151,4.5257,241
10244950,ifs,14,-37.3776,-1.6030,0.7156,1.5608,241
10249300,ifs,14,-46.7682,-4.7137,0.4951,4.4041,240
10258000,ifs,14,,,,,69
10258500,ifs,14,-0.5210,0.0348,0.0747,0.8119,241
10259000,ifs,14,0.7777,0.7683,0.8956,1.0899,241
10259200,ifs,14,-11.6835,-5.7773,0.5963,7.1460,241
10263500,ifs,14,0.2758,0.4259,0.8837,1.2109,241
10310500,ifs,14,-2.5909,-0.0733,0.7773,1.8100,241
10316500,ifs,14,-0.3045,0.3368,0.6894,1.2298,241
10329500,ifs,14,-0.0746,0.3485,0.7960,1.2142,241
10336645,ifs,14,-0.4872,0.3150,0.5270,1.3354,227
10336660,ifs,14,-0.1268,0.4929,0.5714,1.1372,241
10343500,ifs,14,-0.0973,0.5005,0.5278,0.9075,241
10348850,ifs,14,-2.6093,-0.0725,0.7958,1.7387,241
10396000,ifs,14,-2.8915,-0.2740,0.4146,1.2628,241
11098000,ifs,14,-0.1929,0.3649,0.3787,1.1239,241
11124500,ifs,14,-2.4511,-0.8747,0.8768,2.3566,241
11141280,ifs,14,0.0449,-0.0077,0.2369,0.9819,241
11143000,ifs,14,-0.0202,0.3247,0.3704,1.0666,241
11148900,ifs,14,0.0084,-0.2592,0.1843,0.3949,241
11151300,ifs,14,-0.0148,-0.4201,-0.0261,0.6299,241
11162500,ifs,14,-0.0112,-0.0793,0.2277,0.5753,241
11176400,ifs,14,-0.1133,-0.2504,0.0341,0.5461,144
11180500,ifs,14,-2.8033,-0.7734,0.0461,2.3209,241
11180960,ifs,14,-3.9944,-1.0618,0.1278,2.5356,241
11224500,ifs,14,-0.0259,-0.6907,-0.0554,0.1090,241
11253310,ifs,14,-0.0271,-0.4713,0.0675,0.3143,241
11264500,ifs,14,-1.3156,0.1009,0.1607,1.0588,241
11266500,ifs,14,-1.4293,0.1057,0.2585,1.1936,241
11274500,ifs,14,-0.1128,-0.1495,0.0578,0.7374,241
11274630,ifs,14,-0.1048,-0.1135,0.0800,0.7898,241
11284400,ifs,14,-0.0281,-0.2964,0.1828,0.2652,241
11299600,ifs,14,-0.1327,-0.1639,0.0614,0.6260,238
11381500,ifs,14,0.1938,0.2300,0.4412,0.9983,241
11383500,ifs,14,0.1502,0.3568,0.4515,1.0833,241
11451100,ifs,14,-3.7227,-0.4603,0.2395,1.4761,106
11468500,ifs,14,-0.1793,0.1467,0.2103,1.0615,241
11473900,ifs,14,0.0959,0.2303,0.3666,1.0072,241
11475560,ifs,14,-1.0155,0.1670,0.2778,1.2653,241
11476600,ifs,14,-1.2717,-0.0142,0.3520,1.5915,240
11478500,ifs,14,-2.7680,-0.5128,0.1562,1.9638,241
11480390,ifs,14,-0.4280,0.2059,0.2427,1.2309,241
11481200,ifs,14,-2.0658,-0.3013,0.2370,1.8205,241
11482500,ifs,14,-2.3102,-0.3873,0.3901,1.8637,241
11522500,ifs,14,-1.6127,-0.1527,0.4247,1.7386,241
11523200,ifs,14,-1.8539,-0.2618,0.5251,1.8386,241
11528700,ifs,14,0.1180,0.3678,0.4544,1.1848,241
11532500,ifs,14,-2.1328,-0.1718,0.2692,1.5488,241
12010000,ifs,14,0.0727,0.2620,0.4281,0.6784,241
12013500,ifs,14,-0.1192,0.3562,0.3799,0.8698,241
12020000,ifs,14,0.0356,0.0741,0.3695,0.5355,241
12025000,ifs,14,-0.0689,0.2842,0.3293,1.0155,241
12025700,ifs,14,-0.0569,0.1367,0.2651,0.8057,241
12035000,ifs,14,0.3569,0.5491,0.6490,0.7868,241
12040500,ifs,14,-0.2184,0.3701,0.3986,0.8126,241
12041200,ifs,14,-0.5660,0.3471,0.4612,0.8085,241
12043000,ifs,14,-0.0326,0.4449,0.4850,0.7944,241
12048000,ifs,14,-0.5879,0.3218,0.6249,1.2813,241
12054000,ifs,14,-0.8545,0.1960,0.5877,1.3156,241
12056500,ifs,14,-0.8062,0.2333,0.5674,0.8962,241
12073500,ifs,14,0.0696,0.5309,0.5361,1.0681,240
12082500,ifs,14,0.0298,0.1318,0.2840,1.0110,235
12092000,ifs,14,-0.2568,-0.0436,0.0532,0.9787,241
12095000,ifs,14,0.1834,0.2457,0.4453,0.8499,241
12114500,ifs,14,0.3312,0.3072,0.5980,0.9805,241
12115000,ifs,14,0.3085,0.2951,0.5710,0.9591,241
12115500,ifs,14,0.1701,0.1849,0.4305,0.7961,241
12117000,ifs,14,0.3384,0.4193,0.5854,0.9393,241
12141300,ifs,14,-0.1274,0.0763,0.1817,1.0782,241
12143600,ifs,14,0.0767,0.1495,0.3313,1.1359,238
12144000,ifs,14,0.1697,0.2797,0.4318,0.9702,240
12145500,ifs,14,0.2556,0.2955,0.5307,0.7494,241
12147600,ifs,14,-0.0779,0.1122,0.2242,0.9066,241
12167000,ifs,14,0.0248,0.3340,0.4004,1.1512,241
12175500,ifs,14,-0.3879,0.3886,0.4166,1.1100,241
12186000,ifs,14,-0.3727,0.2059,0.2314,1.1518,238
12189500,ifs,14,-0.4367,0.2263,0.2634,1.2270,240
12358500,ifs,14,0.6220,0.8135,0.8232,0.9965,241
12377150,ifs,14,0.5365,0.7644,0.7661,0.9743,241
12381400,ifs,14,0.4171,0.5502,0.8644,1.1983,208
12390700,ifs,14,0.4715,0.6573,0.7294,1.1740,241
12411000,ifs,14,0.7356,0.7597,0.8704,1.1714,230
12414500,ifs,14,0.6535,0.6845,0.8207,0.8932,241
12447390,ifs,14,-0.1850,-0.2253,0.2473,0.3626,241
12451000,ifs,14,0.3497,0.6377,0.7630,1.2164,241
12488500,ifs,14,0.5132,0.6981,0.7539,1.1478,241
13011500,ifs,14,0.5447,0.4852,0.9127,1.3604,241
13011900,ifs,14,0.8246,0.8311,0.9346,0.9851,241
13018300,ifs,14,-0.2897,0.0436,0.9483,1.4873,241
13023000,ifs,14,0.4489,0.7187,0.7815,0.9403,199
13161500,ifs,14,0.4951,0.7000,0.7462,0.8513,241
13235000,ifs,14,0.5788,0.6672,0.7768,0.8899,239
13240000,ifs,14,0.8057,0.8912,0.8995,0.9956,162
13310700,ifs,14,0.5943,0.5381,0.8792,0.6853,241
13313000,ifs,14,0.7141,0.5128,0.9529,0.6567,241
13331500,ifs,14,0.2536,0.3948,0.8843,1.2851,241
13337000,ifs,14,0.6431,0.6994,0.8348,0.8173,241
13338500,ifs,14,0.6254,0.8068,0.8258,1.0666,241
13340000,ifs,14,0.4905,0.6286,0.7546,0.7892,241
13340600,ifs,14,0.5526,0.5945,0.8618,0.6907,241
14020000,ifs,14,0.1052,0.0591,0.3931,0.6524,241
14092750,ifs,14,-0.5633,0.3061,0.3215,0.9438,241
14096850,ifs,14,-3.6958,-0.2574,0.3595,0.5384,241
14137000,ifs,14,0.1039,0.2260,0.3698,0.9858,236
14138800,ifs,14,-0.1227,0.0260,0.1576,0.8469,241
14138870,ifs,14,-0.0305,0.1452,0.2795,0.8055,241
14138900,ifs,14,0.0141,0.0228,0.2362,0.8288,241
14139800,ifs,14,-0.0618,0.0884,0.2382,0.7713,239
14141500,ifs,14,-0.0078,0.1745,0.2966,0.8572,241
14154500,ifs,14,-1.4675,0.0467,0.3540,1.3676,241
14158500,ifs,14,0.7039,0.7490,0.8683,1.0993,226
14158790,ifs,14,-0.3134,0.3786,0.4034,1.1508,237
14166500,ifs,14,0.1969,0.3398,0.4671,0.9641,241
14182500,ifs,14,-0.1647,0.2270,0.2851,0.8181,241
14185000,ifs,14,-0.3699,0.3909,0.4268,1.1237,241
14185900,ifs,14,-0.3396,0.3055,0.3071,1.0326,238
14187000,ifs,14,-0.0893,0.4797,0.5417,1.1976,239
14216500,ifs,14,0.3485,0.5150,0.6025,1.0109,238
14222500,ifs,14,0.0729,0.1640,0.3266,0.9446,241
14236200,ifs,14,0.1068,0.1744,0.3819,0.7719,240
14301000,ifs,14,-0.0211,0.2490,0.3275,0.8978,240
14303200,ifs,14,0.1441,0.1894,0.3939,0.8862,241
14305500,ifs,14,0.0603,0.2817,0.3747,0.9245,239
14306340,ifs,14,0.2836,0.3748,0.5494,0.8017,241
14306500,ifs,14,0.2976,0.5030,0.5741,0.9486,241
14308990,ifs,14,-0.3798,0.3332,0.3487,1.1323,241
14309500,ifs,14,-0.3602,0.3597,0.4053,1.2008,241
14316700,ifs,14,-2.4228,-0.2097,0.3263,1.4593,241
14325000,ifs,14,-0.4126,0.3901,0.4354,1.0949,241
14362250,ifs,14,-2.4680,-0.1208,0.1865,0.9311,148
14400000,ifs,14,-1.3345,0.1123,0.3797,1.2316,241
01013500,aifs,1,0.8993,0.8092,0.9591,0.8609,241
01022500,aifs,1,0.8002,0.7171,0.9128,1.0116,241
01030500,aifs,1,0.8138,0.8025,0.9339,1.0917,241
01031500,aifs,1,0.7365,0.8013,0.8582,0.9872,239
01047000,aifs,1,0.5691,0.7373,0.7642,0.9818,241
01052500,aifs,1,0.4597,0.3981,0.7174,0.6942,241
01054200,aifs,1,0.3814,0.2491,0.6893,0.5508,241
01055000,aifs,1,0.4432,0.6215,0.6784,0.9527,241
01057000,aifs,1,0.7869,0.7728,0.8928,0.9240,241
01073000,aifs,1,0.7780,0.8185,0.9118,1.0823,241
01078000,aifs,1,0.6145,0.5192,0.8370,0.7051,239
01118300,aifs,1,0.3644,0.6074,0.6538,0.8633,239
01121000,aifs,1,0.7244,0.7244,0.8798,1.2478,239
01123000,aifs,1,0.8471,0.8996,0.9212,0.9646,241
01134500,aifs,1,0.7598,0.7856,0.8767,0.8764,239
01137500,aifs,1,0.5016,0.5542,0.7280,0.7959,241
01139000,aifs,1,0.7491,0.8330,0.8714,0.9165,237
01139800,aifs,1,0.7903,0.8512,0.8982,1.1032,241
01142500,aifs,1,0.7635,0.7753,0.8821,0.8804,239
01144000,aifs,1,0.8498,0.9007,0.9325,1.0006,241
01169000,aifs,1,0.7459,0.8295,0.8661,1.0627,239
01170100,aifs,1,0.8016,0.8582,0.8967,0.9447,240
01181000,aifs,1,0.6543,0.6433,0.9037,1.1839,239
01187300,aifs,1,0.7342,0.6994,0.8676,1.0349,241
01195100,aifs,1,0.4679,0.5292,0.6880,0.9133,241
01333000,aifs,1,0.5260,0.6410,0.7351,0.8663,239
01350000,aifs,1,0.1813,0.2170,0.4459,0.7279,238
01350080,aifs,1,0.6556,0.5177,0.8626,0.7089,241
01350140,aifs,1,0.7417,0.5959,0.9000,0.6596,191
01365000,aifs,1,0.4446,0.4563,0.6841,0.8209,239
01411300,aifs,1,0.2414,0.4560,0.6125,1.3201,232
01413500,aifs,1,0.5275,0.4878,0.7592,0.8248,239
01414500,aifs,1,0.1641,0.1187,0.4831,0.6040,239
01415000,aifs,1,0.4325,0.3094,0.8023,0.6312,196
01423000,aifs,1,0.5192,0.4280,0.8040,0.7239,241
01434025,aifs,1,0.2000,0.5044,0.5882,0.7352,241
01435000,aifs,1,0.4159,0.4261,0.6567,0.8711,240
01439500,aifs,1,0.7032,0.6836,0.8703,0.8083,239
01440000,aifs,1,0.7328,0.8065,0.8569,0.9629,241
01440400,aifs,1,0.7697,0.8574,0.8794,1.0331,215
01451800,aifs,1,0.4529,0.6300,0.6852,1.0434,239
01466500,aifs,1,-1.8326,-0.4583,0.8516,1.0036,239
01484100,aifs,1,-0.2643,0.4146,0.5402,1.3243,241
01485500,aifs,1,-9.4593,-1.9111,0.5095,2.8708,236
01486000,aifs,1,-2.6671,-0.3756,0.4828,1.9444,241
01487000,aifs,1,-0.0898,0.4431,0.7203,1.1255,241
01491000,aifs,1,0.7078,0.6444,0.8626,0.9773,241
01510000,aifs,1,0.7672,0.7079,0.8906,0.9879,241
01516500,aifs,1,0.2930,0.1674,0.6925,0.5734,241
01518862,aifs,1,0.3840,0.3297,0.7099,0.6336,241
01532000,aifs,1,0.7000,0.7676,0.8403,0.9135,239
01539000,aifs,1,0.6773,0.7062,0.8361,0.8729,225
01542810,aifs,1,0.5154,0.5087,0.7398,0.7994,239
01543000,aifs,1,0.6233,0.6675,0.8117,0.7961,241
01543500,aifs,1,0.7273,0.6468,0.8935,0.7923,239
01544500,aifs,1,0.5878,0.4636,0.8904,0.6460,241
01545600,aifs,1,0.5032,0.3631,0.8651,0.6325,241
01547700,aifs,1,0.1150,0.0939,0.3549,0.7982,241
01548500,aifs,1,0.4866,0.3748,0.8344,0.6283,239
01549500,aifs,1,0.5906,0.4768,0.8556,0.6836,239
01550000,aifs,1,0.5325,0.4324,0.8330,0.6733,239
01552000,aifs,1,0.5059,0.6128,0.7299,0.8411,241
01552500,aifs,1,0.5216,0.7158,0.7488,0.8956,241
01557500,aifs,1,0.3481,0.5834,0.6302,1.0928,241
01567500,aifs,1,0.2564,0.3760,0.5175,1.0597,241
01568000,aifs,1,0.5374,0.5725,0.7458,1.1433,241
01580000,aifs,1,0.3780,0.4746,0.6223,0.9336,237
01583500,aifs,1,0.3738,0.4547,0.6391,0.8559,241
01586610,aifs,1,0.5057,0.5650,0.7466,0.8082,207
01591400,aifs,1,0.3119,0.5525,0.5999,1.0559,241
01596500,aifs,1,0.4141,0.3323,0.7036,0.7011,239
01605500,aifs,1,0.4151,0.6298,0.6894,1.1584,239
01606500,aifs,1,0.6331,0.6238,0.8153,0.7987,214
01613050,aifs,1,0.2834,0.4316,0.5499,1.0980,241
01620500,aifs,1,0.4678,0.3347,0.7857,0.5213,239
01632000,aifs,1,0.5077,0.6574,0.7201,1.0722,239
01632900,aifs,1,0.3103,0.6506,0.7362,1.0967,239
01634500,aifs,1,0.2567,0.4246,0.5270,0.9944,224
01638480,aifs,1,-0.9425,-0.0786,0.6106,1.9153,236
01639500,aifs,1,0.5318,0.6147,0.7373,1.1334,241
01644000,aifs,1,-0.2859,0.0338,0.8043,1.9084,241
01658500,aifs,1,0.0122,0.4668,0.5360,1.2604,210
01664000,aifs,1,0.6708,0.7470,0.8191,1.0096,241
01666500,aifs,1,0.5920,0.6331,0.7928,1.1833,226
01667500,aifs,1,0.5428,0.7224,0.7909,1.1819,219
01669000,aifs,1,-0.8403,0.2536,0.5078,1.2000,216
01669520,aifs,1,-3.1732,-0.5840,0.7688,1.9217,239
02011400,aifs,1,0.6227,0.7548,0.7995,1.1023,241
02011460,aifs,1,0.5409,0.5732,0.7463,0.8105,241
02013000,aifs,1,0.7298,0.6828,0.8672,1.0840,241
02014000,aifs,1,0.5483,0.7305,0.7534,0.9902,241
02015700,aifs,1,0.8002,0.8531,0.8946,1.0087,223
02016000,aifs,1,0.8313,0.7843,0.9194,0.8556,241
02017500,aifs,1,0.4974,0.6503,0.8435,1.0887,239
02018000,aifs,1,0.7095,0.8459,0.8658,1.0408,234
02027000,aifs,1,0.6718,0.7165,0.8671,0.7516,221
02027500,aifs,1,0.7014,0.5625,0.9185,0.6178,224
02028500,aifs,1,0.6319,0.6427,0.8145,0.8426,216
02038850,aifs,1,0.3089,0.4442,0.5868,0.8148,239
02046000,aifs,1,0.5712,0.4389,0.8444,1.5389,231
02051000,aifs,1,0.2485,0.3962,0.5146,0.9751,241
02051500,aifs,1,0.6062,0.6507,0.8027,1.2753,239
02053200,aifs,1,0.2931,0.4168,0.6927,1.4948,210
02053800,aifs,1,0.5247,0.5223,0.7471,0.8765,222
02055100,aifs,1,0.6593,0.6871,0.8170,1.0600,239
02056900,aifs,1,0.6838,0.7305,0.8393,0.8746,216
02059500,aifs,1,0.6873,0.6749,0.8741,0.7553,210
02064000,aifs,1,0.5933,0.4513,0.8536,0.7059,229
02065500,aifs,1,0.5653,0.4632,0.8890,0.6234,239
02069700,aifs,1,0.2380,0.5236,0.6152,1.2271,214
02070000,aifs,1,0.3893,0.5582,0.6773,1.2110,239
02074500,aifs,1,0.3351,0.5731,0.6180,1.0743,241
02077200,aifs,1,0.5009,0.7217,0.7798,1.1394,236
02081500,aifs,1,0.1396,0.3707,0.5693,1.4571,241
02082950,aifs,1,-0.3919,0.1660,0.6720,1.5718,241
02092500,aifs,1,-0.1708,-0.0072,0.6255,1.9341,241
02096846,aifs,1,-0.7174,0.0115,0.1643,1.5279,241
02102908,aifs,1,0.4243,0.6219,0.6697,0.9643,241
02108000,aifs,1,0.7569,0.7688,0.8742,1.0877,241
02111180,aifs,1,0.2405,0.2812,0.4927,1.0539,241
02111500,aifs,1,0.0152,0.3438,0.3898,0.9886,239
02118500,aifs,1,0.2824,0.6149,0.6234,1.0511,241
02128000,aifs,1,-0.7243,-0.6012,0.6212,2.4666,241
02137727,aifs,1,0.2101,0.4802,0.5270,1.0201,241
02140991,aifs,1,0.2974,0.4957,0.6001,1.1527,241
02143000,aifs,1,-0.3877,0.4337,0.7208,1.3143,241
02143040,aifs,1,-0.5220,0.3617,0.5420,1.0524,239
02149000,aifs,1,0.1613,0.4617,0.5152,1.1292,241
02152100,aifs,1,0.2283,0.5771,0.5872,1.0445,241
02177000,aifs,1,0.3996,0.4007,0.6576,1.0613,239
02178400,aifs,1,0.5278,0.6311,0.7281,0.9811,239
02193340,aifs,1,-0.4107,0.3230,0.4788,1.3514,241
02196000,aifs,1,0.4076,0.2065,0.7341,0.5404,241
02198100,aifs,1,-0.1725,0.2176,0.4244,1.5252,240
02202600,aifs,1,-0.3285,-0.8939,-0.4602,1.7161,241
02212600,aifs,1,0.2312,0.4726,0.5531,1.2129,239
02215100,aifs,1,0.3856,0.3609,0.6447,0.8307,241
02216180,aifs,1,0.2231,0.0631,0.5498,0.5814,239
02221525,aifs,1,0.5084,0.5847,0.7240,1.1451,239
02231000,aifs,1,-1.2850,-0.4157,0.6273,2.1539,241
02231342,aifs,1,-0.2917,0.0179,0.8433,1.7228,241
02235200,aifs,1,-0.9689,0.2426,0.3826,1.2931,240
02245500,aifs,1,-2.3044,-0.3155,0.6215,1.3419,241
02246000,aifs,1,0.2720,0.5797,0.7786,0.9615,239
02296500,aifs,1,0.3854,-0.0528,0.7457,2.0027,230
02297155,aifs,1,0.1871,-0.0270,0.7560,0.3340,240
02297310,aifs,1,0.5693,0.7886,0.7904,0.9906,231
02298123,aifs,1,0.4996,0.3915,0.7665,0.6674,241
02298608,aifs,1,0.4976,0.3746,0.8724,1.6055,241
02299950,aifs,1,0.6019,0.7563,0.7870,0.9224,241
02300700,aifs,1,0.4894,0.5802,0.7078,0.8118,241
02310947,aifs,1,-0.2272,-1.0169,-0.2752,2.3251,241
02312200,aifs,1,-4.5692,-3.2254,-0.0038,5.0497,241
02314500,aifs,1,-0.3491,-0.5635,-0.2574,0.5398,241
02315500,aifs,1,-0.3264,-0.6842,-0.3041,0.4159,241
02324400,aifs,1,-0.2202,-1.0425,-0.5475,0.1095,241
02327100,aifs,1,-3.4406,-1.3716,0.8143,2.8810,239
02349900,aifs,1,0.2493,0.2225,0.5124,1.1058,241
02350900,aifs,1,0.5675,0.5608,0.9024,0.7069,241
02361000,aifs,1,0.6641,0.6594,0.8779,0.7351,241
02363000,aifs,1,0.5460,0.2358,0.9380,0.4665,239
02369800,aifs,1,0.4618,0.3658,0.7237,0.7379,240
02371500,aifs,1,0.5249,0.3518,0.8826,0.8428,241
02372250,aifs,1,0.7066,0.5489,0.9119,0.9706,239
02374500,aifs,1,0.6176,0.6043,0.7991,0.9011,241
02381600,aifs,1,0.0403,0.0912,0.2726,0.9748,241
02384540,aifs,1,0.1943,0.1622,0.5690,0.7481,241
02395120,aifs,1,-0.6387,0.3363,0.4799,1.0302,241
02408540,aifs,1,0.0710,0.5168,0.5182,1.0055,241
02415000,aifs,1,0.1430,0.4412,0.4846,1.0294,231
02422500,aifs,1,0.1653,0.5887,0.6318,1.1694,224
02427250,aifs,1,0.5803,0.6031,0.7697,1.2624,241
02430085,aifs,1,0.0533,0.2104,0.3344,1.0243,241
02450250,aifs,1,0.3255,0.4260,0.5740,1.0727,241
02464000,aifs,1,0.4889,0.6814,0.7147,1.0308,241
02465493,aifs,1,0.5764,0.7086,0.7773,1.1257,238
02469800,aifs,1,0.6429,0.4682,0.8701,0.6573,239
02472000,aifs,1,0.8193,0.6669,0.9290,0.7968,241
02472500,aifs,1,0.7088,0.7865,0.8754,0.8561,241
02479155,aifs,1,0.5605,0.3662,0.8554,0.7201,241
02479300,aifs,1,0.6188,0.6503,0.7887,0.8698,241
02481000,aifs,1,0.3869,0.2582,0.6495,0.5549,241
02481510,aifs,1,0.6126,0.4050,0.8494,0.6411,241
03010655,aifs,1,0.5906,0.4980,0.8537,0.6864,212
03011800,aifs,1,0.3632,0.4551,0.6492,0.7794,241
03015500,aifs,1,0.7142,0.8036,0.8517,0.9051,241
03021350,aifs,1,0.5293,0.6540,0.7533,0.7911,239
03026500,aifs,1,0.4936,0.5577,0.7167,0.8467,241
03028000,aifs,1,0.5098,0.5727,0.7946,0.7106,241
03049800,aifs,1,0.1792,0.1069,0.5102,0.6425,239
03050000,aifs,1,0.4621,0.6833,0.7080,0.9294,239
03066000,aifs,1,0.6097,0.6222,0.7993,0.8032,241
03069500,aifs,1,0.4929,0.5113,0.7337,0.7335,239
03070500,aifs,1,0.3842,0.6865,0.7593,1.0439,239
03076600,aifs,1,0.4185,0.4276,0.6919,0.7076,241
03078000,aifs,1,0.1972,0.2544,0.4889,0.7080,241
03140000,aifs,1,0.2873,0.2926,0.5427,0.8744,239
03144000,aifs,1,0.4047,0.5858,0.6504,1.0482,241
03159540,aifs,1,0.5879,0.7342,0.7721,0.9958,241
03161000,aifs,1,0.4365,0.5166,0.6855,0.8880,241
03164000,aifs,1,0.5330,0.7320,0.7727,0.8861,241
03165000,aifs,1,0.0133,0.1920,0.3150,0.9020,224
03170000,aifs,1,0.6737,0.6387,0.8449,0.9013,241
03173000,aifs,1,0.6292,0.7431,0.8057,0.8643,239
03180500,aifs,1,0.6034,0.5437,0.8033,0.8007,225
03182500,aifs,1,0.6374,0.7371,0.8020,0.9084,239
03186500,aifs,1,0.6645,0.7099,0.8181,0.9091,239
03187500,aifs,1,0.7122,0.7984,0.8545,0.8739,238
03213700,aifs,1,0.4477,0.7199,0.7670,1.0866,241
03237280,aifs,1,0.3127,0.3096,0.5743,0.7175,241
03237500,aifs,1,0.5861,0.6066,0.7709,1.0117,239
03241500,aifs,1,0.5818,0.5594,0.7763,0.8006,228
03280700,aifs,1,-0.4698,0.3620,0.4674,0.7933,213
03281100,aifs,1,-0.1274,0.4643,0.5695,0.7717,239
03281500,aifs,1,0.2761,0.6087,0.6943,0.7878,228
03285000,aifs,1,-0.8280,-0.0639,0.3836,1.8160,238
03291780,aifs,1,0.2462,0.1820,0.5273,0.8217,241
03300400,aifs,1,0.4460,0.5361,0.6679,1.0187,241
03340800,aifs,1,0.2475,0.4941,0.5471,0.9930,193
03346000,aifs,1,0.5545,0.4413,0.7771,0.6550,241
03364500,aifs,1,0.2960,0.1900,0.5956,0.6382,241
03366500,aifs,1,0.3151,0.2119,0.6176,0.6828,241
03368000,aifs,1,0.1489,0.0252,0.4127,0.5940,241
03384450,aifs,1,0.1317,-0.0677,0.4283,0.5415,241
03439000,aifs,1,0.1165,0.1235,0.5096,0.6912,239
03450000,aifs,1,0.2794,0.2330,0.5838,0.8861,241
03455500,aifs,1,-0.0367,0.2580,0.4337,0.6935,239
03456500,aifs,1,0.1945,0.2760,0.4866,0.8372,239
03460000,aifs,1,-0.1223,0.4150,0.6170,0.6667,241
03463300,aifs,1,0.2318,0.5428,0.5653,0.9760,241
03471500,aifs,1,0.5398,0.6749,0.8417,0.7310,239
03473000,aifs,1,0.4387,0.6262,0.7568,0.7617,241
03479000,aifs,1,-0.0398,0.4071,0.4252,0.9195,239
03488000,aifs,1,0.6203,0.5761,0.8296,0.7536,241
03498500,aifs,1,0.1706,0.5318,0.5917,0.7896,241
03500000,aifs,1,0.4419,0.6691,0.7852,0.8370,239
03504000,aifs,1,-0.0014,0.4715,0.5079,0.8697,239
03574500,aifs,1,0.3499,0.3082,0.6286,0.6528,241
03604000,aifs,1,0.1392,0.1054,0.3984,0.8308,239
04015330,aifs,1,0.4306,0.3134,0.6971,0.6553,200
04024430,aifs,1,0.6678,0.4925,0.8683,0.6250,241
04027000,aifs,1,0.5699,0.4883,0.7881,0.7043,241
04040500,aifs,1,0.8386,0.7348,0.9294,0.8643,241
04043050,aifs,1,0.7721,0.7572,0.8845,0.8530,182
04045500,aifs,1,0.8957,0.7668,0.9652,0.7887,237
04056500,aifs,1,0.4729,0.3967,0.7858,0.6959,231
04057510,aifs,1,0.8632,0.6493,0.9750,0.7640,161
04057800,aifs,1,0.7955,0.5930,0.9278,0.7122,241
04059500,aifs,1,0.8605,0.8165,0.9334,0.9762,241
04063700,aifs,1,0.8376,0.5480,0.9769,0.6369,241
04074950,aifs,1,0.6814,0.5489,0.9368,0.7510,241
04105700,aifs,1,0.8155,0.7720,0.9155,0.9549,241
04115265,aifs,1,0.6260,0.5620,0.8217,0.9908,241
04122200,aifs,1,0.7417,0.7055,0.8807,0.8874,241
04122500,aifs,1,0.8579,0.8322,0.9360,0.9350,239
04124000,aifs,1,0.9137,0.9078,0.9678,1.0616,241
04127997,aifs,1,0.7267,0.6614,0.8780,0.9456,204
04185000,aifs,1,0.8716,0.8860,0.9340,0.9979,218
04196800,aifs,1,0.8407,0.8124,0.9193,0.8911,241
04197100,aifs,1,0.6688,0.7688,0.8294,1.1494,241
04197170,aifs,1,0.2808,0.3558,0.5413,0.7533,241
04213000,aifs,1,0.5247,0.7159,0.7478,0.8989,239
04213075,aifs,1,0.2130,0.2350,0.4832,0.8002,237
04216418,aifs,1,0.6129,0.6844,0.7843,1.0727,241
04221000,aifs,1,0.2443,0.2342,0.6720,0.5599,241
04224775,aifs,1,0.3509,0.2657,0.7114,0.5829,239
04256000,aifs,1,0.8225,0.8475,0.9228,1.1085,239
04296000,aifs,1,0.6437,0.6755,0.8118,0.8676,241
05057000,aifs,1,-1.0292,0.0614,0.6322,0.4986,163
05057200,aifs,1,0.6224,0.6960,0.7891,0.9872,240
05062500,aifs,1,0.7003,0.6002,0.8754,0.8613,202
05087500,aifs,1,0.3290,0.4290,0.5753,1.0198,241
05120500,aifs,1,-10.0006,-1.4892,-0.0649,3.1891,210
05123400,aifs,1,-0.3950,-0.6564,-0.0244,0.1567,240
05129115,aifs,1,-0.8203,-0.8897,-0.2533,0.0000,241
05131500,aifs,1,0.0863,-0.0258,0.7561,0.4012,145
05291000,aifs,1,0.1687,0.1519,0.5915,0.5825,241
05362000,aifs,1,0.7418,0.7142,0.8734,0.7900,240
05393500,aifs,1,0.6806,0.7261,0.8317,0.8356,241
05399500,aifs,1,0.4107,0.5723,0.6615,0.8211,239
05408000,aifs,1,0.5573,0.5084,0.7872,0.8973,240
05412500,aifs,1,0.4959,0.4199,0.8608,0.6591,241
05413500,aifs,1,0.3709,0.6064,0.7418,0.7963,211
05414000,aifs,1,0.1847,0.2834,0.8239,0.6218,207
05444000,aifs,1,0.1236,0.2433,0.5116,0.6400,239
05454000,aifs,1,0.1182,0.5582,0.5897,0.8450,241
05458000,aifs,1,0.4972,0.4624,0.7332,0.7464,241
05466500,aifs,1,0.7698,0.6960,0.8957,0.9653,239
05487980,aifs,1,0.1663,0.4193,0.4844,0.9207,239
05488200,aifs,1,0.2476,0.4056,0.5365,0.7536,239
05489000,aifs,1,0.4302,0.4063,0.6634,0.7125,239
05495000,aifs,1,0.4010,0.6171,0.7126,1.2521,239
05495500,aifs,1,0.4272,0.3324,0.6745,0.6123,235
05501000,aifs,1,0.4077,0.2592,0.6896,0.6161,239
05503800,aifs,1,0.3038,0.4849,0.5756,0.8705,241
05507600,aifs,1,0.2486,0.4117,0.5293,0.8153,241
05508805,aifs,1,0.2318,0.4994,0.6057,1.3048,239
05514500,aifs,1,0.0455,0.3473,0.4077,0.8823,239
05525500,aifs,1,0.4564,0.6692,0.7867,1.1761,239
05556500,aifs,1,0.2509,0.1436,0.6193,0.5240,241
05584500,aifs,1,0.7242,0.7497,0.8556,0.8382,239
05585000,aifs,1,0.7566,0.6594,0.8887,0.7818,241
05591550,aifs,1,0.1037,0.2785,0.3938,0.9173,239
05592050,aifs,1,0.1877,0.2452,0.4510,0.7730,222
05592575,aifs,1,0.0405,0.1304,0.3191,0.7023,239
05593575,aifs,1,0.0577,0.4332,0.5330,1.3212,241
05593900,aifs,1,0.1291,0.2376,0.3999,0.8158,239
05595730,aifs,1,0.1382,0.4917,0.5270,1.1554,241
06037500,aifs,1,-2.2115,0.4036,0.8628,1.2908,241
06043500,aifs,1,0.4969,0.4479,0.9646,1.3065,241
06154410,aifs,1,0.3278,0.6487,0.7120,0.8371,241
06188000,aifs,1,0.8742,0.9187,0.9408,0.9603,241
06191500,aifs,1,0.7525,0.6993,0.9401,1.1036,241
06221400,aifs,1,0.8372,0.8904,0.9275,1.0313,241
06224000,aifs,1,0.7179,0.8501,0.8558,1.0291,241
06289000,aifs,1,0.2741,0.5589,0.6362,0.8335,241
06332515,aifs,1,0.0479,-0.1142,0.4997,0.6408,118
06339100,aifs,1,-0.1191,0.3096,0.4240,1.3766,177
06339500,aifs,1,-0.1020,-0.0138,0.8321,0.2283,171
06344600,aifs,1,-2.2938,-1.6002,0.1986,3.4518,180
06350000,aifs,1,-3.6513,-0.6313,0.2600,2.1403,241
06352000,aifs,1,-0.0159,-0.1017,0.5176,1.3441,240
06353000,aifs,1,-0.0007,-0.1112,0.5177,0.8147,239
06354000,aifs,1,0.4170,0.2658,0.9056,0.4566,176
06360500,aifs,1,0.1282,0.1447,0.5293,1.5403,142
06404000,aifs,1,-1.9744,-0.1737,-0.0519,1.4485,208
06406000,aifs,1,-163.7894,-3.7937,0.9025,5.7450,183
06408700,aifs,1,-1569.0204,-3.9682,0.2332,1.5086,241
06409000,aifs,1,-1.1463,0.6407,0.9047,1.2496,196
06431500,aifs,1,-0.9855,0.4465,0.4557,1.0900,230
06440200,aifs,1,0.1740,-0.0826,0.4696,0.2361,163
06441500,aifs,1,-0.7672,-1.2632,0.2026,2.9337,180
06447000,aifs,1,0.3906,0.1368,0.8451,0.5092,143
06447500,aifs,1,-0.0825,-0.0477,0.5878,0.6962,241
06450500,aifs,1,0.0876,-0.0186,0.4401,1.0657,211
06452000,aifs,1,0.0075,-0.2952,0.1422,1.0158,178
06453600,aifs,1,-0.0529,0.0264,0.5369,1.7086,238
06464500,aifs,1,-0.3306,0.4048,0.6526,1.2382,178
06477500,aifs,1,-62.8567,-7.4976,0.1658,6.3289,240
06479215,aifs,1,0.0776,0.3030,0.4219,0.7499,241
06479438,aifs,1,0.3100,-0.0246,0.8869,0.2756,241
06601000,aifs,1,-0.2275,0.3903,0.6869,0.9757,241
06614800,aifs,1,0.7903,0.6363,0.9374,1.3329,241
06622700,aifs,1,-0.2670,0.1731,0.7635,1.6051,241
06623800,aifs,1,0.8282,0.9090,0.9155,0.9679,241
06632400,aifs,1,-0.3125,0.3261,0.4617,1.3839,241
06784000,aifs,1,-0.9104,0.3028,0.4391,1.3534,241
06803510,aifs,1,-0.0466,-0.0785,0.1566,0.6731,241
06803530,aifs,1,-0.0613,-0.1822,0.0705,0.7563,241
06814000,aifs,1,-0.6240,0.0915,0.1757,0.6187,241
06846500,aifs,1,-0.0093,-0.4706,-0.0557,1.3847,241
06847900,aifs,1,-1.8212,-0.1149,0.1552,1.5338,241
06853800,aifs,1,0.1887,0.0504,0.6976,1.8017,241
06876700,aifs,1,0.2753,0.5153,0.8103,1.1344,241
06878000,aifs,1,-0.3501,0.3731,0.3974,0.8657,241
06879650,aifs,1,-0.1570,-0.1213,0.1049,0.5599,240
06885500,aifs,1,0.1790,0.0717,0.4557,0.4807,241
06888500,aifs,1,-0.0145,-0.2406,0.1546,0.4522,241
06889200,aifs,1,-0.0457,-0.0278,0.2172,0.5633,241
06889500,aifs,1,-0.9224,0.1439,0.1614,0.8935,241
06892000,aifs,1,0.1607,0.5080,0.5674,0.7692,241
06903400,aifs,1,0.4046,0.0893,0.7455,0.3550,241
06906800,aifs,1,0.4795,0.4833,0.6976,0.7512,241
06910800,aifs,1,-0.1614,0.0811,0.2102,0.6840,241
06911900,aifs,1,-0.2784,0.0954,0.1879,0.6974,241
06917000,aifs,1,0.2594,0.4019,0.5524,0.7042,241
06918460,aifs,1,0.4535,0.5710,0.6785,1.0936,241
06919500,aifs,1,0.4679,0.6293,0.7176,0.7787,241
06921070,aifs,1,0.1947,0.3531,0.4780,0.8455,241
06921200,aifs,1,0.1174,-0.1191,0.4533,0.3656,241
06934000,aifs,1,0.6842,0.7950,0.8447,0.8695,240
07014500,aifs,1,0.4869,0.3441,0.8140,0.7881,241
07056000,aifs,1,0.2326,0.4924,0.5442,0.9166,241
07057500,aifs,1,0.3426,0.4107,0.6100,0.8584,233
07060710,aifs,1,-0.0001,-0.3931,0.0294,1.0572,241
07066000,aifs,1,0.2727,0.2235,0.6369,0.7784,241
07067000,aifs,1,0.3645,0.3958,0.9027,0.5648,241
07068000,aifs,1,0.3365,0.3762,0.7829,0.7561,240
07071500,aifs,1,-0.1326,0.3449,0.5019,0.7877,241
07083000,aifs,1,-1.3300,-0.3394,0.8945,1.6813,241
07142300,aifs,1,-8.0293,-5.1223,-0.0019,6.9802,241
07145700,aifs,1,0.3280,0.2239,0.5801,0.5382,238
07148400,aifs,1,-0.6875,0.0733,0.8386,1.4844,241
07149000,aifs,1,0.2973,0.4339,0.8929,1.5093,241
07151500,aifs,1,0.5299,0.3169,0.8374,0.6559,241
07167500,aifs,1,0.4193,0.0344,0.7149,1.7339,241
07180500,aifs,1,-0.0350,-0.0804,0.1651,0.6831,241
07184000,aifs,1,0.2862,0.3872,0.5716,0.6396,239
07195800,aifs,1,0.2226,0.5285,0.5564,0.9476,239
07196900,aifs,1,0.1228,0.1442,0.3586,0.9782,240
07197000,aifs,1,0.5387,0.6506,0.7349,1.0067,241
07208500,aifs,1,0.0729,0.5077,0.7374,1.0691,241
07226500,aifs,1,-0.0207,-0.5467,-0.0144,0.2682,239
07261000,aifs,1,0.2862,0.2965,0.5557,1.3036,239
07263295,aifs,1,0.0939,-0.8363,0.5631,2.6519,239
07290650,aifs,1,0.2368,0.4431,0.5667,0.7135,241
07291000,aifs,1,-0.5429,0.1448,0.3162,0.4895,241
07292500,aifs,1,-0.7739,0.2857,0.3626,0.9225,241
07295000,aifs,1,-0.1375,0.2477,0.3160,0.7633,241
07299670,aifs,1,0.1302,-0.0173,0.3972,1.5740,231
07301410,aifs,1,-0.1444,-0.0321,0.1539,0.7446,230
07301500,aifs,1,-0.1863,-0.5711,0.0440,1.7843,203
07315200,aifs,1,-1.3352,-0.1336,0.2350,1.7332,161
07315700,aifs,1,-0.1828,0.0221,0.7786,1.6962,218
07335700,aifs,1,0.0935,-0.0302,0.3763,0.5056,232
07340300,aifs,1,0.3391,0.3790,0.5979,0.7750,241
07346045,aifs,1,-0.3624,-0.0946,0.6583,0.3554,241
07359610,aifs,1,0.1616,0.2004,0.5365,1.5712,241
07362100,aifs,1,0.3280,0.2690,0.7306,1.6645,241
07362587,aifs,1,0.2947,-0.1061,0.6340,1.8759,239
07373000,aifs,1,0.0312,-0.0116,0.3657,0.5602,237
07375000,aifs,1,0.0818,0.3671,0.4993,0.6321,241
07376000,aifs,1,0.8275,0.8015,0.9156,0.8395,241
08013000,aifs,1,0.6197,0.4627,0.8585,0.7476,241
08014500,aifs,1,0.4968,0.3281,0.8296,0.6516,241
08023080,aifs,1,-0.0775,-0.2156,0.2580,1.8579,241
08025500,aifs,1,0.5610,0.7445,0.7868,1.1386,241
08029500,aifs,1,0.4257,0.5026,0.6649,1.1968,241
08050800,aifs,1,-0.1872,0.0411,0.1605,0.7385,240
08066200,aifs,1,0.1737,0.0738,0.4254,0.5655,241
08066300,aifs,1,0.8189,0.5956,0.9098,0.6270,241
08070000,aifs,1,-0.2583,0.0758,0.8548,1.3865,241
08070200,aifs,1,0.2485,0.6476,0.6689,0.9618,241
08079600,aifs,1,-3.2626,-2.1389,0.2004,3.8799,196
08082700,aifs,1,0.0689,-0.0476,0.2665,0.7428,227
08086212,aifs,1,-0.0094,-0.2245,0.0905,1.2571,241
08086290,aifs,1,-0.2499,-0.5867,0.0445,2.1791,241
08101000,aifs,1,-1.2618,0.0315,0.4194,1.4934,241
08103900,aifs,1,0.1458,0.1208,0.3914,0.7397,241
08104900,aifs,1,-2.1524,-0.0874,0.1524,0.7252,241
08109700,aifs,1,-0.5380,0.1214,0.6107,1.5600,224
08150800,aifs,1,0.5373,0.2902,0.9404,0.7165,241
08155200,aifs,1,-4.3539,-1.5020,0.3280,2.9924,241
08158700,aifs,1,-5.1595,-7.9879,0.2611,9.8871,241
08158810,aifs,1,0.0762,0.1864,0.3372,1.0443,241
08164000,aifs,1,0.2472,0.3065,0.7478,1.5808,241
08164300,aifs,1,0.2864,0.4183,0.5438,0.9711,238
08164600,aifs,1,-4.5732,-3.3943,0.5453,5.0504,241
08165300,aifs,1,0.5027,0.3281,0.9167,1.0581,241
08171300,aifs,1,-40.7741,-35.5423,0.6110,37.2116,241
08175000,aifs,1,0.4665,0.4446,0.7451,0.5066,241
08176900,aifs,1,-13.0124,-6.2035,0.3668,7.6318,241
08178880,aifs,1,0.6717,0.5169,0.8281,0.5788,241
08189500,aifs,1,-0.5086,0.1175,0.6448,1.5488,241
08190000,aifs,1,0.4566,0.3573,0.7713,1.0038,241
08190500,aifs,1,0.6920,-0.1268,0.9513,2.0967,235
08194200,aifs,1,-0.5612,-0.5778,0.8393,2.2554,241
08195000,aifs,1,0.6011,0.3459,0.9682,0.7671,241
08196000,aifs,1,-0.0307,0.1128,0.3299,1.4841,229
08198500,aifs,1,0.9394,0.8863,0.9706,1.0747,241
08200000,aifs,1,0.3952,0.4817,0.6336,0.7937,241
08202700,aifs,1,-1.8593,-0.1044,0.2770,1.5017,240
08267500,aifs,1,-21.7735,-2.2634,0.6990,2.6298,241
08269000,aifs,1,-3.4763,-0.3726,0.7026,1.6964,241
08271000,aifs,1,-44.5120,-4.1921,0.7773,2.4606,241
08324000,aifs,1,0.1952,0.6047,0.7177,1.1222,241
08377900,aifs,1,-3.4975,-0.4076,0.5017,1.3272,241
08378500,aifs,1,-5.6032,-0.9267,0.5890,1.2955,233
08380500,aifs,1,-2.4288,-0.1161,0.5006,1.6367,241
09034900,aifs,1,0.2064,0.2556,0.8759,1.5538,237
09035900,aifs,1,0.5650,0.7548,0.8266,1.0806,207
09047700,aifs,1,-4.0105,-0.8651,0.8873,1.3824,239
09065500,aifs,1,0.7483,0.6798,0.9394,1.1212,241
09066000,aifs,1,-0.8314,0.2028,0.5946,1.1485,241
09066200,aifs,1,0.7167,0.6576,0.9253,1.2090,241
09066300,aifs,1,-0.3112,0.0150,0.8084,1.7773,241
09081600,aifs,1,0.1275,0.5994,0.6214,1.0173,241
09107000,aifs,1,-1.0889,0.0127,0.7070,1.2201,240
09210500,aifs,1,-1.3966,0.0895,0.7374,1.5401,214
09223000,aifs,1,-2.6983,-0.5466,0.8818,1.9760,180
09306242,aifs,1,-381.1785,-4.1813,0.8972,6.0605,239
09312600,aifs,1,-2.1129,-0.6229,0.4939,2.4000,241
09352900,aifs,1,-0.5608,0.3156,0.5778,1.2544,211
09378170,aifs,1,0.2561,0.2676,0.5415,1.3166,241
09378630,aifs,1,,,,,241
09386900,aifs,1,-1.4026,-0.1651,0.0162,1.6050,241
09404450,aifs,1,0.7210,0.7519,0.8668,0.9169,241
09430500,aifs,1,-0.9887,0.1348,0.5971,0.2615,241
09430600,aifs,1,0.1383,0.0384,0.6591,0.2605,241
09447800,aifs,1,-2.2247,-0.6392,0.0347,2.0347,241
09480000,aifs,1,-0.6447,-3.6144,-0.0268,5.4851,241
09484000,aifs,1,-0.9549,-0.7723,0.2430,2.5942,216
09484600,aifs,1,-0.9637,-1.4471,0.1849,3.3057,240
09492400,aifs,1,-0.8225,0.2070,0.7842,1.6317,240
09494000,aifs,1,0.3412,0.6457,0.6512,1.0087,241
09497800,aifs,1,-0.1100,-0.6237,-0.2521,1.5138,241
09497980,aifs,1,-0.7843,0.1915,0.2004,1.0517,210
09505200,aifs,1,0.4328,0.6511,0.7141,1.1988,241
09505350,aifs,1,0.5974,0.4027,0.7943,1.5573,241
09505800,aifs,1,-0.2099,0.4023,0.6257,1.2543,241
09508300,aifs,1,-2.4702,-0.1678,0.2990,1.2606,241
09510200,aifs,1,-2.0626,-0.9631,0.1046,2.6791,222
09512280,aifs,1,-0.0630,-0.9750,-0.1013,2.3755,241
09513780,aifs,1,-3.9108,-6.0750,0.0486,8.0040,240
10023000,aifs,1,-14.8648,-0.6575,0.0860,2.2366,241
10166430,aifs,1,-13193.1932,-90.1589,0.5607,72.6483,241
10172700,aifs,1,-29.6408,-0.2779,0.6212,2.0122,241
10172800,aifs,1,-9.7202,-0.8843,0.8086,2.3609,241
10173450,aifs,1,-0.3798,0.3957,0.4181,0.9954,241
10205030,aifs,1,-188.2742,-9.8391,-0.0166,2.3202,241
10234500,aifs,1,-0.0971,-0.2776,-0.0322,0.8584,237
10242000,aifs,1,-29.1128,-3.7047,0.4140,4.5007,241
10244950,aifs,1,-36.8555,-1.5474,0.7139,1.5588,241
10249300,aifs,1,-44.3654,-4.5685,0.5174,4.3301,240
10258000,aifs,1,,,,,69
10258500,aifs,1,0.0375,-0.2944,0.2303,0.4000,241
10259000,aifs,1,0.7425,0.7107,0.8785,1.0747,241
10259200,aifs,1,-11.8976,-5.6779,0.6409,6.9921,241
10263500,aifs,1,-0.4703,0.1228,0.8217,1.2629,241
10310500,aifs,1,-1.4227,0.2033,0.8967,1.7634,241
10316500,aifs,1,-0.3402,0.3313,0.6761,1.2436,241
10329500,aifs,1,-0.2038,0.1554,0.8820,1.2832,241
10336645,aifs,1,0.5228,0.6888,0.7425,1.1284,227
10336660,aifs,1,0.5406,0.7348,0.7531,1.0404,241
10343500,aifs,1,0.5964,0.4682,0.8684,0.7780,241
10348850,aifs,1,-2.2714,-0.0003,0.8213,1.7220,241
10396000,aifs,1,0.0231,0.5246,0.7329,1.2321,241
11098000,aifs,1,-0.2930,0.2022,0.6628,1.5495,241
11124500,aifs,1,-2.7100,-1.0440,0.9500,2.4599,241
11141280,aifs,1,0.7254,0.6614,0.8685,1.1206,241
11143000,aifs,1,0.6860,0.6658,0.8691,1.3008,241
11148900,aifs,1,0.6087,0.3528,0.8376,0.5632,241
11151300,aifs,1,0.8482,0.5431,0.9391,1.3845,241
11162500,aifs,1,0.6833,0.5055,0.8743,0.6993,241
11176400,aifs,1,0.5854,0.3723,0.8310,0.6285,144
11180500,aifs,1,-0.6962,-0.6714,0.8593,2.3099,241
11180960,aifs,1,-0.6642,-0.6634,0.6146,2.5399,241
11224500,aifs,1,0.0391,-0.3916,0.3309,0.1703,241
11253310,aifs,1,0.3538,0.2306,0.6128,0.5324,241
11264500,aifs,1,-0.4829,0.2171,0.2217,0.9340,241
11266500,aifs,1,-0.3211,0.3362,0.3384,1.0531,241
11274500,aifs,1,0.8368,0.7152,0.9184,1.2726,241
11274630,aifs,1,0.8550,0.7702,0.9335,1.2143,241
11284400,aifs,1,-0.0034,-0.3759,0.4386,0.1571,241
11299600,aifs,1,0.4793,0.3009,0.7613,0.6343,238
11381500,aifs,1,0.5666,0.4614,0.8221,1.0198,241
11383500,aifs,1,0.6767,0.5894,0.8571,1.1016,241
11451100,aifs,1,0.5442,0.6049,0.7385,0.9971,106
11468500,aifs,1,0.4531,0.3523,0.7544,0.8663,241
11473900,aifs,1,0.4593,0.3814,0.7402,0.9254,241
11475560,aifs,1,0.2687,0.6123,0.6948,1.1835,241
11476600,aifs,1,0.4600,0.6928,0.7232,1.1296,240
11478500,aifs,1,0.1734,0.4367,0.5955,1.3919,241
11480390,aifs,1,0.3977,0.3893,0.6467,0.9574,241
11481200,aifs,1,0.2059,0.5512,0.6294,1.2469,241
11482500,aifs,1,0.1357,0.2282,0.8233,1.5568,241
11522500,aifs,1,0.3204,0.4127,0.7547,1.5205,241
11523200,aifs,1,-0.3910,0.0317,0.7498,1.8089,241
11528700,aifs,1,0.6043,0.5490,0.8017,1.1236,241
11532500,aifs,1,0.5067,0.6813,0.7866,1.2108,241
12010000,aifs,1,0.8804,0.8787,0.9420,0.8962,241
12013500,aifs,1,0.8551,0.8765,0.9388,1.0422,241
12020000,aifs,1,0.6421,0.6421,0.8252,0.7044,241
12025000,aifs,1,0.7415,0.7132,0.9183,1.1663,241
12025700,aifs,1,0.7479,0.8096,0.8756,0.8602,241
12035000,aifs,1,0.8455,0.8937,0.9315,1.0154,241
12040500,aifs,1,0.7579,0.8780,0.8819,0.9784,241
12041200,aifs,1,0.4673,0.5678,0.8717,1.0140,241
12043000,aifs,1,0.8262,0.8930,0.9118,0.9477,241
12048000,aifs,1,0.6266,0.7611,0.8761,1.2032,241
12054000,aifs,1,0.2858,0.4133,0.8909,1.3832,241
12056500,aifs,1,0.5500,0.6456,0.8718,0.9704,241
12073500,aifs,1,0.6311,0.8049,0.8389,1.1094,240
12082500,aifs,1,0.4721,0.4709,0.7009,1.0158,235
12092000,aifs,1,0.2821,0.4115,0.5394,0.9957,241
12095000,aifs,1,0.6934,0.6727,0.8430,0.8981,241
12114500,aifs,1,0.7013,0.6315,0.8615,1.1409,241
12115000,aifs,1,0.6874,0.6510,0.8447,1.1166,241
12115500,aifs,1,0.6535,0.6272,0.8221,1.0070,241
12117000,aifs,1,0.7429,0.7971,0.8651,1.0709,241
12141300,aifs,1,0.5042,0.5708,0.7263,1.2234,241
12143600,aifs,1,0.6039,0.5554,0.8005,1.2780,238
12144000,aifs,1,0.6878,0.7300,0.8332,1.0787,240
12145500,aifs,1,0.8220,0.8939,0.9173,1.0376,241
12147600,aifs,1,0.4620,0.5573,0.6801,1.0359,241
12167000,aifs,1,0.8063,0.7297,0.9149,1.2473,241
12175500,aifs,1,0.1756,0.6142,0.6630,1.1300,241
12186000,aifs,1,0.5366,0.6733,0.7827,1.2396,238
12189500,aifs,1,0.4884,0.6158,0.8260,1.3306,240
12358500,aifs,1,0.6357,0.7898,0.8477,1.0813,241
12377150,aifs,1,0.5611,0.7820,0.7822,1.0044,241
12381400,aifs,1,0.3176,0.4804,0.8628,1.2412,208
12390700,aifs,1,0.4300,0.6328,0.7051,1.1780,241
12411000,aifs,1,0.8019,0.7492,0.9157,1.2234,230
12414500,aifs,1,0.6812,0.7002,0.8355,0.9093,241
12447390,aifs,1,-0.1995,-0.2476,0.2330,0.3528,241
12451000,aifs,1,0.4699,0.6772,0.8062,1.2171,241
12488500,aifs,1,0.6254,0.7341,0.8202,1.1678,241
13011500,aifs,1,0.7395,0.6279,0.9388,1.2863,241
13011900,aifs,1,0.7908,0.8113,0.9233,0.9580,241
13018300,aifs,1,-0.4598,-0.0088,0.9289,1.4738,241
13023000,aifs,1,0.5462,0.7685,0.8137,0.9022,199
13161500,aifs,1,0.7205,0.6879,0.8810,0.7822,241
13235000,aifs,1,0.5831,0.6670,0.7779,0.8960,239
13240000,aifs,1,0.7926,0.8561,0.8907,1.0185,162
13310700,aifs,1,0.5907,0.5040,0.9000,0.6726,241
13313000,aifs,1,0.6972,0.4855,0.9589,0.6446,241
13331500,aifs,1,0.4929,0.5400,0.8988,1.2145,241
13337000,aifs,1,0.6703,0.7043,0.8457,0.8356,241
13338500,aifs,1,0.8117,0.8595,0.9183,1.1041,241
13340000,aifs,1,0.4921,0.6337,0.7509,0.8009,241
13340600,aifs,1,0.5951,0.6242,0.8696,0.7150,241
14020000,aifs,1,0.4958,0.3253,0.8504,0.7047,241
14092750,aifs,1,0.7494,0.6297,0.9169,0.8901,241
14096850,aifs,1,-1.0385,0.4115,0.8990,0.4282,241
14137000,aifs,1,0.7007,0.6423,0.8574,1.0497,236
14138800,aifs,1,0.6008,0.6381,0.7777,0.9971,241
14138870,aifs,1,0.7878,0.8333,0.8890,0.9250,241
14138900,aifs,1,0.4252,0.4808,0.6534,0.9753,241
14139800,aifs,1,0.7695,0.8039,0.8782,0.9364,239
14141500,aifs,1,0.7836,0.7795,0.8888,0.9294,241
14154500,aifs,1,0.8606,0.7763,0.9384,1.1037,241
14158500,aifs,1,0.7596,0.6881,0.9132,1.0848,226
14158790,aifs,1,0.6976,0.7112,0.8405,1.1279,237
14166500,aifs,1,0.5896,0.5335,0.7976,0.9384,241
14182500,aifs,1,0.6164,0.6294,0.7928,0.8465,241
14185000,aifs,1,0.7684,0.7429,0.8839,1.0176,241
14185900,aifs,1,0.6372,0.7464,0.8009,1.0626,238
14187000,aifs,1,0.7094,0.7181,0.8468,1.0917,239
14216500,aifs,1,0.9017,0.8345,0.9569,1.0449,238
14222500,aifs,1,0.8755,0.8097,0.9405,1.1664,241
14236200,aifs,1,0.8352,0.8615,0.9152,0.9279,240
14301000,aifs,1,0.8746,0.8694,0.9452,1.0935,240
14303200,aifs,1,0.7710,0.6478,0.9137,1.0590,241
14305500,aifs,1,0.7348,0.7988,0.8605,1.1092,239
14306340,aifs,1,0.6631,0.5502,0.8555,0.8084,241
14306500,aifs,1,0.8180,0.7239,0.9237,0.9459,241
14308990,aifs,1,0.6036,0.5055,0.8302,0.9431,241
14309500,aifs,1,0.6694,0.7885,0.8222,1.0590,241
14316700,aifs,1,0.7652,0.6830,0.8955,1.0641,241
14325000,aifs,1,0.6684,0.8150,0.8427,1.0873,241
14362250,aifs,1,0.3124,0.1739,0.6958,0.5152,148
14400000,aifs,1,0.7076,0.8531,0.8544,0.9806,241
01013500,aifs,2,0.8964,0.8075,0.9577,0.8597,241
01022500,aifs,2,0.7476,0.6726,0.8859,0.9994,241
01030500,aifs,2,0.8104,0.8073,0.9313,1.0876,241
01031500,aifs,2,0.7398,0.7659,0.8618,0.9649,239
01047000,aifs,2,0.5416,0.6800,0.7418,0.9390,241
01052500,aifs,2,0.4660,0.3791,0.7344,0.6837,241
01054200,aifs,2,0.4180,0.2243,0.7614,0.5160,241
01055000,aifs,2,0.4379,0.5683,0.6698,0.8862,241
01057000,aifs,2,0.7678,0.7405,0.8855,0.8992,241
01073000,aifs,2,0.8002,0.8265,0.9192,1.0953,241
01078000,aifs,2,0.5511,0.4998,0.7889,0.7058,239
01118300,aifs,2,0.3973,0.5777,0.6617,0.8376,239
01121000,aifs,2,0.7073,0.7333,0.8667,1.2308,239
01123000,aifs,2,0.8458,0.7913,0.9278,0.9327,241
01134500,aifs,2,0.7311,0.7446,0.8629,0.8478,239
01137500,aifs,2,0.5150,0.5279,0.7438,0.7795,241
01139000,aifs,2,0.7872,0.8097,0.8919,0.9062,237
01139800,aifs,2,0.8237,0.8608,0.9130,1.0909,241
01142500,aifs,2,0.7210,0.7128,0.8626,0.8658,239
01144000,aifs,2,0.8401,0.9170,0.9215,0.9767,241
01169000,aifs,2,0.7369,0.8204,0.8598,1.0464,239
01170100,aifs,2,0.7923,0.8465,0.8921,0.9320,240
01181000,aifs,2,0.8664,0.8317,0.9458,1.1298,239
01187300,aifs,2,0.7384,0.6513,0.8857,1.0218,241
01195100,aifs,2,0.4442,0.4745,0.6775,0.8742,241
01333000,aifs,2,0.5779,0.5920,0.7728,0.8487,239
01350000,aifs,2,0.1514,0.1048,0.4099,0.6838,238
01350080,aifs,2,0.6495,0.5243,0.8537,0.7079,241
01350140,aifs,2,0.7171,0.5943,0.8843,0.6594,191
01365000,aifs,2,0.4055,0.3739,0.6731,0.8027,239
01411300,aifs,2,0.1567,0.3256,0.4983,1.2692,232
01413500,aifs,2,0.4605,0.4169,0.7224,0.7993,239
01414500,aifs,2,0.1207,0.0711,0.4380,0.5884,239
01415000,aifs,2,0.4131,0.2779,0.8181,0.6066,196
01423000,aifs,2,0.4911,0.4031,0.7913,0.7131,241
01434025,aifs,2,0.1840,0.4836,0.5741,0.7241,241
01435000,aifs,2,0.3474,0.3594,0.6014,0.8476,240
01439500,aifs,2,0.6844,0.6377,0.8711,0.7915,239
01440000,aifs,2,0.7256,0.7058,0.8617,0.9276,241
01440400,aifs,2,0.7919,0.8037,0.8916,0.9876,215
01451800,aifs,2,0.5125,0.5721,0.7169,1.0038,239
01466500,aifs,2,-1.8884,-0.4874,0.8598,1.0000,239
01484100,aifs,2,-0.2088,0.4372,0.5525,1.3028,241
01485500,aifs,2,-8.0778,-1.6493,0.4854,2.6962,236
01486000,aifs,2,-1.8691,-0.1893,0.5319,1.8555,241
01487000,aifs,2,0.2813,0.6220,0.7614,1.0988,241
01491000,aifs,2,0.6761,0.6395,0.8376,0.9835,241
01510000,aifs,2,0.7330,0.6824,0.8712,0.9689,241
01516500,aifs,2,0.2937,0.1655,0.6974,0.5694,241
01518862,aifs,2,0.3543,0.3077,0.6879,0.6292,241
01532000,aifs,2,0.6565,0.7347,0.8153,0.9004,239
01539000,aifs,2,0.6653,0.6703,0.8354,0.8542,225
01542810,aifs,2,0.4409,0.4233,0.6954,0.7817,239
01543000,aifs,2,0.5665,0.5975,0.7819,0.7735,241
01543500,aifs,2,0.6630,0.5978,0.8628,0.7762,239
01544500,aifs,2,0.5388,0.4268,0.8730,0.6355,241
01545600,aifs,2,0.4750,0.3443,0.8519,0.6266,241
01547700,aifs,2,0.0920,0.0379,0.3247,0.7657,241
01548500,aifs,2,0.4453,0.3416,0.8189,0.6180,239
01549500,aifs,2,0.5809,0.4691,0.8515,0.6803,239
01550000,aifs,2,0.5085,0.4110,0.8252,0.6619,239
01552000,aifs,2,0.4905,0.5554,0.7261,0.8090,241
01552500,aifs,2,0.4993,0.6853,0.7336,0.8754,241
01557500,aifs,2,0.3630,0.4898,0.6072,1.0305,241
01567500,aifs,2,0.2724,0.3538,0.5250,1.0434,241
01568000,aifs,2,0.5006,0.5054,0.7244,1.1176,241
01580000,aifs,2,0.3413,0.4535,0.5946,0.9288,237
01583500,aifs,2,0.3353,0.4204,0.6103,0.8499,241
01586610,aifs,2,0.5134,0.5474,0.7585,0.7986,207
01591400,aifs,2,0.0806,0.4247,0.4566,1.0248,241
01596500,aifs,2,0.3627,0.2824,0.6691,0.6950,239
01605500,aifs,2,0.2988,0.5706,0.6176,1.1426,239
01606500,aifs,2,0.5638,0.4994,0.7967,0.7713,214
01613050,aifs,2,0.3148,0.4040,0.5639,1.0615,241
01620500,aifs,2,0.4243,0.3110,0.7555,0.5178,239
01632000,aifs,2,0.5074,0.5499,0.7152,0.9794,239
01632900,aifs,2,-0.0045,0.5446,0.6227,1.0712,239
01634500,aifs,2,0.2597,0.3907,0.5205,0.9725,224
01638480,aifs,2,-0.6875,0.0216,0.5688,1.8466,236
01639500,aifs,2,0.5081,0.5809,0.7188,1.1140,241
01644000,aifs,2,-0.2688,0.0735,0.7612,1.8764,241
01658500,aifs,2,0.0369,0.4889,0.5490,1.2368,210
01664000,aifs,2,0.5889,0.6335,0.7699,0.9642,241
01666500,aifs,2,0.6355,0.6516,0.8121,1.1329,226
01667500,aifs,2,0.6697,0.7335,0.8359,1.1448,219
01669000,aifs,2,0.3974,0.6827,0.7106,1.1300,216
01669520,aifs,2,-3.3947,-0.5922,0.7166,1.9078,239
02011400,aifs,2,0.5925,0.6928,0.7743,1.0969,241
02011460,aifs,2,0.5298,0.5045,0.7509,0.7840,241
02013000,aifs,2,0.6024,0.6066,0.7841,1.0625,241
02014000,aifs,2,0.5399,0.7109,0.7452,0.9719,241
02015700,aifs,2,0.7749,0.7686,0.8844,0.9881,223
02016000,aifs,2,0.7688,0.7231,0.8882,0.8515,241
02017500,aifs,2,0.5970,0.7204,0.8591,1.0776,239
02018000,aifs,2,0.7265,0.8554,0.8725,1.0381,234
02027000,aifs,2,0.4793,0.6651,0.7951,0.7631,221
02027500,aifs,2,0.6662,0.5623,0.8948,0.6202,224
02028500,aifs,2,0.5318,0.6550,0.7493,0.8459,216
02038850,aifs,2,0.3742,0.4472,0.6395,0.7905,239
02046000,aifs,2,0.5206,0.4520,0.7963,1.4976,231
02051000,aifs,2,0.2148,0.2811,0.4682,0.9107,241
02051500,aifs,2,0.4048,0.5516,0.6634,1.2196,239
02053200,aifs,2,0.2295,0.3891,0.6750,1.5173,210
02053800,aifs,2,0.4528,0.4624,0.6973,0.8642,222
02055100,aifs,2,0.6405,0.6732,0.8051,1.0590,239
02056900,aifs,2,0.6627,0.6702,0.8349,0.8531,216
02059500,aifs,2,0.6781,0.6839,0.8666,0.7589,210
02064000,aifs,2,0.5519,0.4082,0.8433,0.6943,229
02065500,aifs,2,0.4942,0.4046,0.8680,0.6136,239
02069700,aifs,2,0.2881,0.4746,0.6025,1.1877,214
02070000,aifs,2,0.2837,0.4470,0.5788,1.1744,239
02074500,aifs,2,0.3039,0.5224,0.5851,1.0647,241
02077200,aifs,2,0.5186,0.6827,0.7354,1.1162,236
02081500,aifs,2,0.2619,0.3741,0.5842,1.4280,241
02082950,aifs,2,-0.9288,0.0374,0.5614,1.6083,241
02092500,aifs,2,-0.9195,-0.1907,0.4816,2.0268,241
02096846,aifs,2,-0.4319,0.0503,0.1685,1.4265,241
02102908,aifs,2,0.4361,0.5874,0.6691,0.9498,241
02108000,aifs,2,0.6952,0.7624,0.8381,1.1019,241
02111180,aifs,2,0.1001,0.0834,0.3223,1.0113,241
02111500,aifs,2,0.0359,0.2673,0.3563,0.9643,239
02118500,aifs,2,0.2848,0.5330,0.5799,1.0344,241
02128000,aifs,2,-0.4754,-0.4602,0.5654,2.3624,241
02137727,aifs,2,0.1480,0.2718,0.4162,0.9658,241
02140991,aifs,2,0.1119,0.2647,0.4074,1.1128,241
02143000,aifs,2,0.1077,0.6198,0.7215,1.2567,241
02143040,aifs,2,-0.2626,0.4581,0.5145,0.9986,239
02149000,aifs,2,0.2459,0.3628,0.5093,1.0672,241
02152100,aifs,2,0.2648,0.5478,0.5782,1.0239,241
02177000,aifs,2,0.2559,0.2515,0.5200,1.0434,239
02178400,aifs,2,0.5217,0.5786,0.7294,0.9605,239
02193340,aifs,2,-0.1318,0.3779,0.4320,1.2528,241
02196000,aifs,2,0.2360,0.0119,0.6961,0.4507,241
02198100,aifs,2,0.0170,0.0223,0.2715,1.3065,240
02202600,aifs,2,-0.3216,-0.6781,-0.1783,1.7193,241
02212600,aifs,2,0.2392,0.3029,0.4910,1.0690,239
02215100,aifs,2,0.1655,0.1508,0.4225,0.7852,241
02216180,aifs,2,0.0683,-0.1536,0.3097,0.5268,239
02221525,aifs,2,0.3986,0.4481,0.6393,1.1049,239
02231000,aifs,2,-0.9802,-0.2177,0.5865,1.9879,241
02231342,aifs,2,-0.4182,0.0486,0.7806,1.6888,241
02235200,aifs,2,-0.8620,0.2715,0.3999,1.2767,240
02245500,aifs,2,-1.4720,-0.0009,0.5582,1.2888,241
02246000,aifs,2,0.1596,0.5948,0.6391,0.8560,239
02296500,aifs,2,0.4037,0.0133,0.7394,1.9238,230
02297155,aifs,2,0.1093,-0.0929,0.7321,0.2970,240
02297310,aifs,2,0.5431,0.7323,0.7581,0.9115,231
02298123,aifs,2,0.4580,0.3359,0.7534,0.6250,241
02298608,aifs,2,0.5404,0.4776,0.8507,1.4988,241
02299950,aifs,2,0.4724,0.5228,0.7012,0.7764,241
02300700,aifs,2,0.4096,0.2270,0.7853,0.6013,241
02310947,aifs,2,-0.2273,-1.0171,-0.2753,2.3254,241
02312200,aifs,2,-4.5692,-3.2254,-0.0038,5.0497,241
02314500,aifs,2,-0.3491,-0.5636,-0.2575,0.5399,241
02315500,aifs,2,-0.3264,-0.6843,-0.3042,0.4159,241
02324400,aifs,2,-0.2202,-1.0425,-0.5475,0.1095,241
02327100,aifs,2,-2.5853,-1.0950,0.7902,2.7035,239
02349900,aifs,2,0.1618,0.0885,0.4213,1.0189,241
02350900,aifs,2,0.5043,0.5326,0.8740,0.6949,241
02361000,aifs,2,0.5675,0.5677,0.8401,0.7102,241
02363000,aifs,2,0.4439,0.1674,0.9028,0.4355,239
02369800,aifs,2,0.2937,0.1442,0.6483,0.6194,240
02371500,aifs,2,0.4501,0.3060,0.8191,0.8212,241
02372250,aifs,2,0.6271,0.4849,0.8740,0.9326,239
02374500,aifs,2,0.4963,0.4520,0.7402,0.8449,241
02381600,aifs,2,0.0458,-0.0270,0.2368,0.9282,241
02384540,aifs,2,0.1168,0.0719,0.5127,0.7313,241
02395120,aifs,2,-0.2967,0.4122,0.4232,0.9884,241
02408540,aifs,2,0.3050,0.4944,0.5745,0.9633,241
02415000,aifs,2,0.2564,0.3584,0.5120,0.9744,231
02422500,aifs,2,0.3132,0.6127,0.6586,1.1718,224
02427250,aifs,2,0.5787,0.5482,0.7722,1.2001,241
02430085,aifs,2,0.0775,0.1918,0.3396,0.9936,241
02450250,aifs,2,0.3273,0.3394,0.5788,0.9937,241
02464000,aifs,2,0.4779,0.6100,0.6954,0.9351,241
02465493,aifs,2,0.4867,0.6080,0.7095,1.1040,238
02469800,aifs,2,0.5650,0.4081,0.8301,0.6272,239
02472000,aifs,2,0.7544,0.5924,0.9029,0.7563,241
02472500,aifs,2,0.6159,0.7156,0.8210,0.7796,241
02479155,aifs,2,0.4653,0.2869,0.7756,0.6486,241
02479300,aifs,2,0.4507,0.4752,0.6761,0.7771,241
02481000,aifs,2,0.3042,-0.0017,0.7540,0.3485,241
02481510,aifs,2,0.4350,0.1839,0.7993,0.4939,241
03010655,aifs,2,0.5650,0.4597,0.8557,0.6710,212
03011800,aifs,2,0.3294,0.4320,0.6293,0.7643,241
03015500,aifs,2,0.6567,0.7782,0.8205,0.9030,241
03021350,aifs,2,0.4902,0.6013,0.7297,0.7568,239
03026500,aifs,2,0.4288,0.5105,0.6732,0.8295,241
03028000,aifs,2,0.4627,0.5460,0.7695,0.7007,241
03049800,aifs,2,0.1447,0.0721,0.4677,0.6345,239
03050000,aifs,2,0.3806,0.5160,0.6311,0.8554,239
03066000,aifs,2,0.5212,0.4962,0.7643,0.7354,241
03069500,aifs,2,0.4589,0.4353,0.7275,0.6953,239
03070500,aifs,2,0.4466,0.7257,0.7673,1.0185,239
03076600,aifs,2,0.3597,0.3592,0.6584,0.6823,241
03078000,aifs,2,0.1851,0.2332,0.4782,0.6993,241
03140000,aifs,2,0.3156,0.2834,0.5839,0.8415,239
03144000,aifs,2,0.4853,0.4938,0.7067,0.9417,241
03159540,aifs,2,0.5804,0.6000,0.7674,0.8944,241
03161000,aifs,2,0.1949,0.2701,0.4914,0.8653,241
03164000,aifs,2,0.4977,0.6565,0.7495,0.8662,241
03165000,aifs,2,0.0590,0.1069,0.3140,0.8742,224
03170000,aifs,2,0.5631,0.5545,0.7802,0.8796,241
03173000,aifs,2,0.6526,0.7546,0.8195,0.8619,239
03180500,aifs,2,0.5374,0.4810,0.7654,0.7869,225
03182500,aifs,2,0.5936,0.6629,0.7733,0.8941,239
03186500,aifs,2,0.5677,0.5942,0.7616,0.8719,239
03187500,aifs,2,0.6218,0.7300,0.8031,0.8499,238
03213700,aifs,2,0.4393,0.7255,0.7397,1.0631,241
03237280,aifs,2,0.3141,0.2836,0.5821,0.6802,241
03237500,aifs,2,0.6300,0.6360,0.8007,0.9899,239
03241500,aifs,2,0.4103,0.3565,0.6754,0.7211,228
03280700,aifs,2,-0.5066,0.3514,0.4593,0.7949,213
03281100,aifs,2,-0.0791,0.4664,0.5335,0.7676,239
03281500,aifs,2,0.2282,0.5898,0.6621,0.7870,228
03285000,aifs,2,-0.2717,0.1048,0.4504,1.7045,238
03291780,aifs,2,0.2312,0.2082,0.4887,0.8606,241
03300400,aifs,2,0.1663,0.1522,0.4117,0.8592,241
03340800,aifs,2,0.0779,0.2114,0.3567,0.8725,193
03346000,aifs,2,0.2644,0.2184,0.5561,0.5393,241
03364500,aifs,2,0.1656,0.0363,0.4604,0.5827,241
03366500,aifs,2,0.2643,0.1716,0.5533,0.6563,241
03368000,aifs,2,0.1583,0.0399,0.4242,0.6012,241
03384450,aifs,2,0.0671,-0.1603,0.2862,0.5158,241
03439000,aifs,2,-0.0100,-0.0222,0.3547,0.6720,239
03450000,aifs,2,0.1798,0.1182,0.4858,0.8615,241
03455500,aifs,2,-0.1173,0.1957,0.3817,0.6714,239
03456500,aifs,2,0.0853,0.1400,0.3792,0.8117,239
03460000,aifs,2,-0.1883,0.3565,0.6239,0.6397,241
03463300,aifs,2,0.2645,0.4891,0.5554,0.9436,241
03471500,aifs,2,0.4872,0.6306,0.8199,0.7150,239
03473000,aifs,2,0.3216,0.5386,0.6979,0.7323,241
03479000,aifs,2,0.1181,0.3626,0.4489,0.8994,239
03488000,aifs,2,0.6054,0.5622,0.8255,0.7319,241
03498500,aifs,2,0.1087,0.3639,0.5088,0.7424,241
03500000,aifs,2,0.3613,0.6073,0.7518,0.8236,239
03504000,aifs,2,-0.0347,0.4126,0.4795,0.8509,239
03574500,aifs,2,0.1578,0.1255,0.4528,0.6006,241
03604000,aifs,2,-0.0116,-0.1133,0.1679,0.7996,239
04015330,aifs,2,0.3695,0.2164,0.6678,0.5834,200
04024430,aifs,2,0.6363,0.4661,0.8540,0.6165,241
04027000,aifs,2,0.4795,0.4165,0.7295,0.6808,241
04040500,aifs,2,0.8269,0.7257,0.9230,0.8569,241
04043050,aifs,2,0.7752,0.7685,0.8853,0.8642,182
04045500,aifs,2,0.8952,0.7679,0.9647,0.7889,237
04056500,aifs,2,0.4778,0.4026,0.7865,0.6980,231
04057510,aifs,2,0.8584,0.6524,0.9698,0.7592,161
04057800,aifs,2,0.7852,0.5834,0.9234,0.7076,241
04059500,aifs,2,0.8427,0.8111,0.9228,0.9721,241
04063700,aifs,2,0.8246,0.5433,0.9695,0.6330,241
04074950,aifs,2,0.6679,0.5390,0.9329,0.7471,241
04105700,aifs,2,0.7099,0.6817,0.8617,0.9427,241
04115265,aifs,2,0.5398,0.4729,0.7784,0.9741,241
04122200,aifs,2,0.6700,0.6477,0.8420,0.8775,241
04122500,aifs,2,0.8438,0.8151,0.9301,0.9311,239
04124000,aifs,2,0.9350,0.9349,0.9710,1.0456,241
04127997,aifs,2,0.6180,0.5400,0.8404,0.9191,204
04185000,aifs,2,0.8227,0.8411,0.9080,0.9538,218
04196800,aifs,2,0.7109,0.6561,0.8514,0.7930,241
04197100,aifs,2,0.5122,0.5903,0.7157,1.0010,241
04197170,aifs,2,0.2486,0.1716,0.5183,0.6317,241
04213000,aifs,2,0.3633,0.6545,0.6641,0.9455,239
04213075,aifs,2,0.2215,0.2474,0.4914,0.8030,237
04216418,aifs,2,0.5808,0.6279,0.7639,1.0137,241
04221000,aifs,2,0.2327,0.2205,0.6693,0.5558,241
04224775,aifs,2,0.2980,0.2026,0.7033,0.5572,239
04256000,aifs,2,0.7627,0.8446,0.8890,1.1019,239
04296000,aifs,2,0.6038,0.6412,0.7883,0.8566,241
05057000,aifs,2,-1.0257,0.0628,0.6302,0.4992,163
05057200,aifs,2,0.6143,0.6943,0.7838,0.9911,240
05062500,aifs,2,0.7012,0.6072,0.8731,0.8631,202
05087500,aifs,2,0.3270,0.4311,0.5740,1.0106,241
05120500,aifs,2,-10.0006,-1.4892,-0.0649,3.1891,210
05123400,aifs,2,-0.3950,-0.6564,-0.0244,0.1567,240
05129115,aifs,2,-0.8203,-0.8897,-0.2533,0.0000,241
05131500,aifs,2,0.0831,-0.0280,0.7533,0.4004,145
05291000,aifs,2,0.1626,0.2330,0.5330,0.6092,241
05362000,aifs,2,0.6959,0.6480,0.8522,0.7661,240
05393500,aifs,2,0.5810,0.6240,0.7722,0.8010,241
05399500,aifs,2,0.2407,0.3586,0.5284,0.7016,239
05408000,aifs,2,0.3220,0.3304,0.6006,0.8692,240
05412500,aifs,2,0.4123,0.3720,0.8076,0.6568,241
05413500,aifs,2,0.3127,0.5283,0.7259,0.7770,211
05414000,aifs,2,0.1783,0.2788,0.8290,0.6180,207
05444000,aifs,2,0.1270,0.1838,0.5305,0.6263,239
05454000,aifs,2,-0.1348,0.4397,0.4864,0.7882,241
05458000,aifs,2,0.3868,0.3011,0.6941,0.6903,241
05466500,aifs,2,0.6355,0.5927,0.8164,0.9078,239
05487980,aifs,2,0.1328,0.2428,0.4083,0.7830,239
05488200,aifs,2,0.2582,0.1578,0.5322,0.5422,239
05489000,aifs,2,0.1860,0.0520,0.4570,0.5241,239
05495000,aifs,2,0.1196,0.5466,0.5898,1.1831,239
05495500,aifs,2,0.2426,0.0607,0.5484,0.4528,235
05501000,aifs,2,0.0452,-0.1774,0.2516,0.4693,239
05503800,aifs,2,0.1232,0.1455,0.3796,0.6908,241
05507600,aifs,2,0.1596,0.1464,0.4234,0.6062,241
05508805,aifs,2,0.2645,0.4389,0.5428,1.1415,239
05514500,aifs,2,0.1556,0.0997,0.4101,0.7042,239
05525500,aifs,2,0.4876,0.7288,0.7562,1.1112,239
05556500,aifs,2,0.0865,-0.0031,0.4339,0.4983,241
05584500,aifs,2,0.5391,0.5137,0.7521,0.7102,239
05585000,aifs,2,0.6681,0.5637,0.8474,0.7210,241
05591550,aifs,2,-0.0101,0.1051,0.2648,0.7918,239
05592050,aifs,2,0.0460,0.0791,0.2987,0.7217,222
05592575,aifs,2,0.1238,0.0193,0.3782,0.5586,239
05593575,aifs,2,0.3703,0.4435,0.6088,0.9303,241
05593900,aifs,2,0.0271,0.0758,0.2868,0.6857,239
05595730,aifs,2,0.3558,0.3396,0.6068,0.7948,241
06037500,aifs,2,-2.2369,0.3998,0.8607,1.2916,241
06043500,aifs,2,0.4830,0.4392,0.9643,1.3109,241
06154410,aifs,2,0.0894,0.5512,0.5962,0.8298,241
06188000,aifs,2,0.8717,0.9167,0.9402,0.9659,241
06191500,aifs,2,0.7507,0.6962,0.9404,1.1062,241
06221400,aifs,2,0.8353,0.8853,0.9275,1.0357,241
06224000,aifs,2,0.7137,0.8488,0.8542,1.0314,241
06289000,aifs,2,0.2779,0.5623,0.6382,0.8349,241
06332515,aifs,2,0.0697,-0.0395,0.7227,0.6438,118
06339100,aifs,2,-0.1187,0.3075,0.4241,1.3805,177
06339500,aifs,2,-0.1042,0.0139,0.7388,0.2469,171
06344600,aifs,2,-1.7515,-1.5021,0.4092,3.3337,180
06350000,aifs,2,-3.6142,-0.6227,0.2570,2.1359,241
06352000,aifs,2,-0.0159,-0.1017,0.5174,1.3442,240
06353000,aifs,2,-0.0007,-0.1115,0.5171,0.8147,239
06354000,aifs,2,0.4120,0.2807,0.8800,0.4671,176
06360500,aifs,2,0.1283,0.1448,0.5294,1.5402,142
06404000,aifs,2,-1.7815,-0.1852,-0.0990,1.4141,208
06406000,aifs,2,-163.8180,-3.7941,0.9023,5.7454,183
06408700,aifs,2,-1569.2034,-3.9743,0.2321,1.5086,241
06409000,aifs,2,-1.1488,0.6405,0.9042,1.2497,196
06431500,aifs,2,-0.9863,0.4469,0.4563,1.0901,230
06440200,aifs,2,0.2534,-0.0150,0.5493,0.2496,163
06441500,aifs,2,-0.7675,-1.2636,0.2020,2.9339,180
06447000,aifs,2,0.0760,-0.1388,0.3861,0.4587,143
06447500,aifs,2,-0.0827,-0.0481,0.5871,0.6961,241
06450500,aifs,2,0.0569,-0.0794,0.3586,1.0635,211
06452000,aifs,2,0.0075,-0.2953,0.1419,1.0158,178
06453600,aifs,2,-0.2756,-0.0677,0.3335,1.7054,238
06464500,aifs,2,-0.5078,0.3834,0.4927,1.2098,178
06477500,aifs,2,-106.1391,-9.5968,0.1086,6.5673,240
06479215,aifs,2,-0.2045,0.0445,0.1733,0.7029,241
06479438,aifs,2,0.0794,-0.1656,0.5932,0.2523,241
06601000,aifs,2,-0.1602,-0.0368,0.1120,0.8499,241
06614800,aifs,2,0.7899,0.6334,0.9380,1.3352,241
06622700,aifs,2,-0.2667,0.1724,0.7642,1.6056,241
06623800,aifs,2,0.8272,0.9088,0.9152,0.9689,241
06632400,aifs,2,-0.3124,0.3260,0.4621,1.3845,241
06784000,aifs,2,-0.8635,0.2070,0.3821,1.3457,241
06803510,aifs,2,0.0060,-0.3346,0.1417,0.5204,241
06803530,aifs,2,-0.0701,-0.2288,0.0380,0.7279,241
06814000,aifs,2,0.0433,-0.1350,0.2576,0.4654,241
06846500,aifs,2,-0.0093,-0.4706,-0.0557,1.3846,241
06847900,aifs,2,-0.1086,-0.1076,0.1224,1.3719,241
06853800,aifs,2,-0.2216,-0.0996,0.3546,1.7983,241
06876700,aifs,2,0.2157,0.6213,0.7058,0.9754,241
06878000,aifs,2,-0.2397,0.0038,0.1458,0.6299,241
06879650,aifs,2,0.0047,-0.2382,0.2041,0.4327,240
06885500,aifs,2,0.0265,-0.2478,0.2714,0.3505,241
06888500,aifs,2,-0.0073,-0.3689,0.1618,0.3588,241
06889200,aifs,2,-0.0948,-0.2027,0.0914,0.5102,241
06889500,aifs,2,-0.0094,-0.0843,0.1865,0.6505,241
06892000,aifs,2,-0.3872,0.1960,0.2578,0.7009,241
06903400,aifs,2,0.2273,-0.0580,0.5796,0.2995,241
06906800,aifs,2,0.2260,0.0744,0.5160,0.5054,241
06910800,aifs,2,0.0288,-0.1677,0.2308,0.5150,241
06911900,aifs,2,0.0116,-0.1346,0.2203,0.5035,241
06917000,aifs,2,0.1122,0.1036,0.3975,0.5374,241
06918460,aifs,2,0.4623,0.5213,0.6811,1.0222,241
06919500,aifs,2,0.2455,0.4138,0.5596,0.6869,241
06921070,aifs,2,0.2329,0.2025,0.4997,0.7016,241
06921200,aifs,2,0.0904,-0.1712,0.4401,0.3253,241
06934000,aifs,2,0.5955,0.7453,0.8015,0.8435,240
07014500,aifs,2,0.0977,0.0332,0.3408,0.7230,241
07056000,aifs,2,0.1556,0.3198,0.4483,0.8272,241
07057500,aifs,2,0.3265,0.3744,0.6059,0.8402,233
07060710,aifs,2,-0.0001,-0.3930,0.0294,1.0572,241
07066000,aifs,2,0.1656,0.1152,0.5370,0.7606,241
07067000,aifs,2,0.1722,0.3211,0.7735,0.5539,241
07068000,aifs,2,0.2427,0.3204,0.7063,0.7507,240
07071500,aifs,2,-0.2309,0.2554,0.4265,0.7814,241
07083000,aifs,2,-1.3774,-0.3586,0.8971,1.6931,241
07142300,aifs,2,-8.0300,-5.1223,-0.0026,6.9801,241
07145700,aifs,2,0.2427,-0.0954,0.6815,0.2913,238
07148400,aifs,2,-0.6670,0.1545,0.7747,1.4532,241
07149000,aifs,2,0.1993,0.4382,0.8421,1.4831,241
07151500,aifs,2,0.3567,0.1369,0.7360,0.5352,241
07167500,aifs,2,0.5678,0.1041,0.9093,1.6719,241
07180500,aifs,2,0.0113,-0.1089,0.1984,0.6475,241
07184000,aifs,2,0.1020,-0.1156,0.3567,0.4035,239
07195800,aifs,2,0.1945,0.4006,0.4968,0.8606,239
07196900,aifs,2,0.1705,0.0878,0.4454,0.8852,240
07197000,aifs,2,0.4754,0.4492,0.7138,0.9175,241
07208500,aifs,2,0.0828,0.5127,0.7382,1.0677,241
07226500,aifs,2,-0.0177,-0.5805,-0.0165,0.2300,239
07261000,aifs,2,0.3427,0.3015,0.6145,1.2653,239
07263295,aifs,2,0.0621,-0.7884,0.5577,2.5581,239
07290650,aifs,2,0.2969,0.3872,0.5860,0.6809,241
07291000,aifs,2,0.1312,0.1668,0.5149,0.4304,241
07292500,aifs,2,0.1152,0.4065,0.4674,0.8608,241
07295000,aifs,2,0.1572,0.2224,0.4309,0.7092,241
07299670,aifs,2,0.0240,-0.1686,0.2212,1.5001,231
07301410,aifs,2,-0.1944,-0.1435,0.0663,0.7181,230
07301500,aifs,2,-0.1863,-0.5713,0.0438,1.7844,203
07315200,aifs,2,-0.7975,0.0261,0.0539,1.2246,161
07315700,aifs,2,-2.0363,-0.3239,0.4203,1.7844,218
07335700,aifs,2,0.0519,-0.1497,0.3643,0.4292,232
07340300,aifs,2,0.3306,0.2804,0.6217,0.7121,241
07346045,aifs,2,-0.3709,-0.1005,0.6528,0.3543,241
07359610,aifs,2,0.0734,0.1141,0.3974,1.4537,241
07362100,aifs,2,0.2542,0.2510,0.6710,1.6441,241
07362587,aifs,2,0.1989,-0.1161,0.5651,1.7504,239
07373000,aifs,2,-0.0120,-0.0435,0.3006,0.5669,237
07375000,aifs,2,-0.2252,0.1901,0.3152,0.5910,241
07376000,aifs,2,0.6276,0.7536,0.8219,0.8302,241
08013000,aifs,2,0.5759,0.4370,0.8255,0.7263,241
08014500,aifs,2,0.4880,0.2937,0.8584,0.6225,241
08023080,aifs,2,-0.2143,-0.2955,0.0974,1.7964,241
08025500,aifs,2,0.3565,0.4167,0.5975,0.9329,241
08029500,aifs,2,0.1047,0.1771,0.3648,1.1560,241
08050800,aifs,2,0.0336,-0.2181,0.2177,0.5806,240
08066200,aifs,2,0.0054,-0.2694,0.1602,0.4195,241
08066300,aifs,2,0.1975,0.1681,0.4861,0.4551,241
08070000,aifs,2,-0.2875,0.1956,0.7675,1.3542,241
08070200,aifs,2,0.1944,0.6181,0.6301,0.9475,241
08079600,aifs,2,-3.8816,-2.1821,0.1544,3.8725,196
08082700,aifs,2,0.0148,-0.3071,0.1374,0.5980,227
08086212,aifs,2,0.0036,-0.2903,0.0714,1.0927,241
08086290,aifs,2,-0.1616,-0.4787,0.0342,1.9638,241
08101000,aifs,2,-1.7701,-0.0453,0.1406,1.3673,241
08103900,aifs,2,0.1608,0.0980,0.4114,0.7382,241
08104900,aifs,2,-0.0316,-0.0521,0.2397,0.5072,241
08109700,aifs,2,-0.4139,0.2314,0.6023,1.4544,224
08150800,aifs,2,0.1451,-0.0819,0.6140,0.4766,241
08155200,aifs,2,-0.3112,-0.7892,0.3483,2.6526,241
08158700,aifs,2,-4.7228,-7.8002,0.1845,9.7125,241
08158810,aifs,2,0.0513,0.1088,0.2885,1.0538,241
08164000,aifs,2,-0.4849,0.1261,0.5013,1.6312,241
08164300,aifs,2,0.1302,0.2112,0.3842,0.9107,238
08164600,aifs,2,-2.8852,-2.9742,0.4863,4.7746,241
08165300,aifs,2,0.2995,0.1801,0.8859,0.9552,241
08171300,aifs,2,-29.9532,-34.1137,0.5744,35.9037,241
08175000,aifs,2,0.2367,0.3106,0.6046,0.4423,241
08176900,aifs,2,-9.6528,-5.5513,0.3214,7.1361,241
08178880,aifs,2,0.5335,0.3984,0.7425,0.5429,241
08189500,aifs,2,-0.1083,0.4525,0.6018,1.2462,241
08190000,aifs,2,0.2304,0.1395,0.5612,0.8710,241
08190500,aifs,2,0.7480,-0.0529,0.9651,2.0238,235
08194200,aifs,2,-0.1696,0.3896,0.4525,1.2625,241
08195000,aifs,2,0.3153,0.1325,0.8059,0.6491,241
08196000,aifs,2,-0.0334,0.1172,0.3280,1.4741,229
08198500,aifs,2,0.5365,0.4543,0.7485,0.7294,241
08200000,aifs,2,0.1129,0.2153,0.3966,0.7031,241
08202700,aifs,2,-1.3963,0.0751,0.1375,1.0674,240
08267500,aifs,2,-21.5620,-2.2428,0.6998,2.6249,241
08269000,aifs,2,-3.4641,-0.3703,0.7032,1.6959,241
08271000,aifs,2,-43.8765,-4.1489,0.7764,2.4523,241
08324000,aifs,2,0.1936,0.6052,0.7156,1.1201,241
08377900,aifs,2,-3.5558,-0.4160,0.4882,1.3209,241
08378500,aifs,2,-5.4926,-0.9097,0.5934,1.2933,233
08380500,aifs,2,-2.4677,-0.1192,0.4799,1.6283,241
09034900,aifs,2,0.2055,0.2508,0.8781,1.5572,237
09035900,aifs,2,0.5657,0.7549,0.8270,1.0810,207
09047700,aifs,2,-4.0331,-0.8702,0.8875,1.3832,239
09065500,aifs,2,0.7326,0.6638,0.9379,1.1271,241
09066000,aifs,2,-0.8410,0.1995,0.5940,1.1503,241
09066200,aifs,2,0.7113,0.6494,0.9256,1.2130,241
09066300,aifs,2,-0.3169,0.0124,0.8081,1.7791,241
09081600,aifs,2,0.1342,0.6020,0.6234,1.0172,241
09107000,aifs,2,-1.1025,0.0056,0.7097,1.2263,240
09210500,aifs,2,-1.3926,0.0907,0.7373,1.5396,214
09223000,aifs,2,-2.6904,-0.5451,0.8823,1.9754,180
09306242,aifs,2,-381.1790,-4.1813,0.8972,6.0605,239
09312600,aifs,2,-2.1173,-0.6260,0.4923,2.4045,241
09352900,aifs,2,-0.5475,0.3194,0.5815,1.2490,211
09378170,aifs,2,0.2561,0.2676,0.5415,1.3165,241
09378630,aifs,2,,,,,241
09386900,aifs,2,-1.4293,-0.1699,0.0158,1.6110,241
09404450,aifs,2,0.7095,0.7525,0.8613,0.9119,241
09430500,aifs,2,-1.0276,0.1195,0.5760,0.2586,241
09430600,aifs,2,0.1678,0.0146,0.7407,0.2561,241
09447800,aifs,2,-2.2246,-0.6391,0.0349,2.0347,241
09480000,aifs,2,-0.6324,-3.4797,-0.0235,5.3474,241
09484000,aifs,2,-0.7426,-0.5870,0.2009,2.3710,216
09484600,aifs,2,-0.6894,-1.1540,0.1605,2.9821,240
09492400,aifs,2,-0.7569,0.2426,0.7606,1.6084,240
09494000,aifs,2,0.3756,0.6505,0.6619,0.9934,241
09497800,aifs,2,-0.1100,-0.6238,-0.2522,1.5137,241
09497980,aifs,2,-0.3615,0.1985,0.2128,0.9782,210
09505200,aifs,2,0.6342,0.7268,0.8020,1.1414,241
09505350,aifs,2,0.6361,0.4786,0.8069,1.4699,241
09505800,aifs,2,0.4082,0.6472,0.7567,1.2082,241
09508300,aifs,2,-0.4503,0.2964,0.3133,0.8561,241
09510200,aifs,2,-3.2188,-1.2632,0.0882,2.9018,222
09512280,aifs,2,-0.0630,-0.9758,-0.0997,2.3783,241
09513780,aifs,2,-3.9112,-6.0755,0.0487,8.0046,240
10023000,aifs,2,-14.8223,-0.6544,0.0871,2.2353,241
10166430,aifs,2,-13193.2099,-90.1615,0.5617,72.6458,241
10172700,aifs,2,-29.7353,-0.2845,0.6211,2.0135,241
10172800,aifs,2,-9.6743,-0.8789,0.8084,2.3583,241
10173450,aifs,2,-0.3797,0.3958,0.4182,0.9952,241
10205030,aifs,2,-188.4206,-9.8422,-0.0166,2.3211,241
10234500,aifs,2,-0.0966,-0.2755,-0.0298,0.8563,237
10242000,aifs,2,-29.1129,-3.7047,0.4140,4.5007,241
10244950,aifs,2,-36.8651,-1.5482,0.7137,1.5588,241
10249300,aifs,2,-44.3653,-4.5685,0.5174,4.3301,240
10258000,aifs,2,,,,,69
10258500,aifs,2,0.1739,-0.0475,0.4621,0.4588,241
10259000,aifs,2,0.7417,0.6991,0.8802,1.0727,241
10259200,aifs,2,-10.6607,-5.6737,0.6927,7.0550,241
10263500,aifs,2,-0.4648,0.1263,0.8206,1.2602,241
10310500,aifs,2,-1.4259,0.2018,0.8993,1.7649,241
10316500,aifs,2,-0.3374,0.3326,0.6763,1.2419,241
10329500,aifs,2,-0.0484,0.2458,0.8742,1.2578,241
10336645,aifs,2,0.4823,0.6618,0.7168,1.1276,227
10336660,aifs,2,0.5213,0.7144,0.7383,1.0321,241
10343500,aifs,2,0.5961,0.4631,0.8726,0.7769,241
10348850,aifs,2,-2.2632,0.0019,0.8201,1.7206,241
10396000,aifs,2,0.4677,0.7152,0.8176,1.1938,241
11098000,aifs,2,-0.4177,0.2295,0.5785,1.5010,241
11124500,aifs,2,-2.7138,-0.9930,0.9097,2.4309,241
11141280,aifs,2,0.5751,0.5114,0.7932,1.0857,241
11143000,aifs,2,0.6871,0.7016,0.8398,1.2195,241
11148900,aifs,2,0.5455,0.2554,0.8351,0.5113,241
11151300,aifs,2,0.7771,0.5762,0.9443,1.1462,241
11162500,aifs,2,0.6239,0.4844,0.8270,0.6792,241
11176400,aifs,2,0.6483,0.6567,0.8092,0.7544,144
11180500,aifs,2,-1.5311,-0.9716,0.8287,2.4823,241
11180960,aifs,2,-0.8736,-0.7244,0.6203,2.5662,241
11224500,aifs,2,0.0017,-0.4941,0.1640,0.1563,241
11253310,aifs,2,0.0969,-0.0834,0.3421,0.4479,241
11264500,aifs,2,-0.5089,0.2162,0.2193,0.9412,241
11266500,aifs,2,-0.3386,0.3348,0.3376,1.0608,241
11274500,aifs,2,0.7660,0.5511,0.9328,1.3664,241
11274630,aifs,2,0.2520,0.2252,0.9058,1.4066,241
11284400,aifs,2,0.0463,-0.3046,0.5004,0.1821,241
11299600,aifs,2,0.2225,0.1703,0.4780,0.6340,238
11381500,aifs,2,0.4878,0.3931,0.7781,1.0116,241
11383500,aifs,2,0.5900,0.5094,0.8128,1.0817,241
11451100,aifs,2,0.4893,0.5081,0.7070,0.9869,106
11468500,aifs,2,0.3521,0.2512,0.6979,0.8428,241
11473900,aifs,2,0.3948,0.3118,0.7058,0.9003,241
11475560,aifs,2,0.4806,0.5218,0.6964,1.0133,241
11476600,aifs,2,0.5697,0.6310,0.7558,1.0863,240
11478500,aifs,2,0.4066,0.4138,0.6429,1.2871,241
11480390,aifs,2,0.3283,0.2606,0.6325,0.9033,241
11481200,aifs,2,0.3693,0.4956,0.6166,1.1451,241
11482500,aifs,2,0.4931,0.5151,0.7750,1.4290,241
11522500,aifs,2,0.2064,0.3956,0.6883,1.5114,241
11523200,aifs,2,-0.3969,0.0646,0.7153,1.7847,241
11528700,aifs,2,0.5429,0.4926,0.7660,1.1055,241
11532500,aifs,2,0.5943,0.7061,0.7770,1.1263,241
12010000,aifs,2,0.8099,0.6806,0.9267,0.8013,241
12013500,aifs,2,0.8511,0.9107,0.9235,0.9728,241
12020000,aifs,2,0.6094,0.5412,0.8099,0.6627,241
12025000,aifs,2,0.8353,0.8138,0.9338,1.1406,241
12025700,aifs,2,0.8067,0.8138,0.9033,0.8710,241
12035000,aifs,2,0.8926,0.9287,0.9462,0.9578,241
12040500,aifs,2,0.7783,0.8241,0.8862,0.9004,241
12041200,aifs,2,0.7146,0.7848,0.8935,0.9061,241
12043000,aifs,2,0.7899,0.7966,0.8945,0.8822,241
12048000,aifs,2,0.6027,0.7161,0.8999,1.2282,241
12054000,aifs,2,0.4394,0.4973,0.9039,1.3486,241
12056500,aifs,2,0.5970,0.7157,0.8623,0.9279,241
12073500,aifs,2,0.6612,0.8003,0.8369,1.0925,240
12082500,aifs,2,0.4478,0.4445,0.6841,1.0134,235
12092000,aifs,2,0.2325,0.3400,0.4908,0.9874,241
12095000,aifs,2,0.6682,0.6660,0.8253,0.9078,241
12114500,aifs,2,0.6289,0.5563,0.8274,1.1027,241
12115000,aifs,2,0.6117,0.5529,0.8121,1.0715,241
12115500,aifs,2,0.5765,0.5448,0.7798,0.9623,241
12117000,aifs,2,0.7244,0.7312,0.8558,1.0397,241
12141300,aifs,2,0.4068,0.4546,0.6463,1.1468,241
12143600,aifs,2,0.5161,0.4835,0.7438,1.2347,238
12144000,aifs,2,0.6177,0.6352,0.7922,1.0475,240
12145500,aifs,2,0.8086,0.8971,0.9020,0.9856,241
12147600,aifs,2,0.4089,0.5103,0.6401,1.0011,241
12167000,aifs,2,0.8055,0.7413,0.9099,1.2056,241
12175500,aifs,2,0.1503,0.6043,0.6561,1.1332,241
12186000,aifs,2,0.5320,0.6641,0.7623,1.2063,238
12189500,aifs,2,0.5476,0.6509,0.8337,1.3045,240
12358500,aifs,2,0.6272,0.7893,0.8430,1.0758,241
12377150,aifs,2,0.5557,0.7786,0.7786,0.9996,241
12381400,aifs,2,0.3246,0.4855,0.8627,1.2380,208
12390700,aifs,2,0.4280,0.6320,0.7041,1.1784,241
12411000,aifs,2,0.7869,0.7453,0.9087,1.2285,230
12414500,aifs,2,0.6782,0.6994,0.8335,0.9096,241
12447390,aifs,2,-0.2008,-0.2471,0.2293,0.3539,241
12451000,aifs,2,0.4736,0.6732,0.8118,1.2223,241
12488500,aifs,2,0.6155,0.7316,0.8147,1.1670,241
13011500,aifs,2,0.7323,0.6191,0.9386,1.2913,241
13011900,aifs,2,0.7917,0.8115,0.9237,0.9589,241
13018300,aifs,2,-0.4722,-0.0140,0.9292,1.4766,241
13023000,aifs,2,0.5453,0.7682,0.8132,0.9031,199
13161500,aifs,2,0.7149,0.6958,0.8754,0.7867,241
13235000,aifs,2,0.5855,0.6649,0.7799,0.8946,239
13240000,aifs,2,0.7866,0.8530,0.8872,1.0129,162
13310700,aifs,2,0.5921,0.5048,0.9004,0.6734,241
13313000,aifs,2,0.6968,0.4854,0.9586,0.6446,241
13331500,aifs,2,0.4934,0.5409,0.8986,1.2138,241
13337000,aifs,2,0.6719,0.7016,0.8476,0.8335,241
13338500,aifs,2,0.8082,0.8612,0.9158,1.1013,241
13340000,aifs,2,0.4923,0.6309,0.7517,0.7983,241
13340600,aifs,2,0.5973,0.6191,0.8737,0.7125,241
14020000,aifs,2,0.4313,0.2816,0.8063,0.6872,241
14092750,aifs,2,0.7673,0.6326,0.9308,0.8885,241
14096850,aifs,2,-0.9686,0.4307,0.9003,0.4398,241
14137000,aifs,2,0.7495,0.6803,0.8848,1.0439,236
14138800,aifs,2,0.6310,0.6227,0.8040,0.9488,241
14138870,aifs,2,0.7490,0.7825,0.8685,0.8886,241
14138900,aifs,2,0.4432,0.4344,0.6827,0.9193,241
14139800,aifs,2,0.7714,0.7926,0.8804,0.9010,239
14141500,aifs,2,0.7823,0.8130,0.8860,0.9206,241
14154500,aifs,2,0.8143,0.7259,0.9186,1.0962,241
14158500,aifs,2,0.7610,0.6877,0.9141,1.0841,226
14158790,aifs,2,0.6379,0.6157,0.8121,1.0708,237
14166500,aifs,2,0.5445,0.5039,0.7641,0.9319,241
14182500,aifs,2,0.6861,0.6292,0.8460,0.8362,241
14185000,aifs,2,0.7731,0.7268,0.8904,1.0234,241
14185900,aifs,2,0.6820,0.7403,0.8263,1.0413,238
14187000,aifs,2,0.6871,0.6929,0.8344,1.0822,239
14216500,aifs,2,0.9036,0.8661,0.9543,1.0497,238
14222500,aifs,2,0.8723,0.8097,0.9398,1.1092,241
14236200,aifs,2,0.8578,0.8194,0.9310,0.9119,240
14301000,aifs,2,0.8435,0.8900,0.9187,1.0326,240
14303200,aifs,2,0.6713,0.5363,0.8847,1.0056,241
14305500,aifs,2,0.7496,0.7351,0.8719,1.0186,239
14306340,aifs,2,0.6020,0.5015,0.8202,0.7877,241
14306500,aifs,2,0.7803,0.6955,0.9038,0.9332,241
14308990,aifs,2,0.5037,0.4166,0.7740,0.9231,241
14309500,aifs,2,0.6617,0.6784,0.8176,0.9822,241
14316700,aifs,2,0.7303,0.6489,0.8790,1.0629,241
14325000,aifs,2,0.6870,0.7898,0.8301,1.0081,241
14362250,aifs,2,0.2137,0.0777,0.6493,0.4970,148
14400000,aifs,2,0.7847,0.8060,0.8868,0.9173,241
01013500,aifs,3,0.8932,0.8038,0.9564,0.8571,241
01022500,aifs,3,0.7158,0.6434,0.8698,0.9878,241
01030500,aifs,3,0.8006,0.8127,0.9255,1.0827,241
01031500,aifs,3,0.7135,0.7439,0.8466,0.9600,239
01047000,aifs,3,0.5491,0.6818,0.7465,0.9345,241
01052500,aifs,3,0.4786,0.4035,0.7353,0.6939,241
01054200,aifs,3,0.4543,0.2518,0.7838,0.5243,241
01055000,aifs,3,0.4834,0.6370,0.7042,0.9216,241
01057000,aifs,3,0.7904,0.7431,0.9004,0.9001,241
01073000,aifs,3,0.7580,0.8333,0.8943,1.0939,241
01078000,aifs,3,0.4861,0.4567,0.7467,0.6940,239
01118300,aifs,3,0.4208,0.5497,0.6722,0.8174,239
01121000,aifs,3,0.6779,0.7311,0.8432,1.2102,239
01123000,aifs,3,0.7917,0.7073,0.9087,0.9136,241
01134500,aifs,3,0.7195,0.7366,0.8575,0.8339,239
01137500,aifs,3,0.4865,0.5316,0.7212,0.7792,241
01139000,aifs,3,0.7409,0.7821,0.8667,0.8936,237
01139800,aifs,3,0.8036,0.8565,0.9013,1.0826,241
01142500,aifs,3,0.7105,0.7023,0.8576,0.8595,239
01144000,aifs,3,0.8502,0.9122,0.9253,0.9557,241
01169000,aifs,3,0.6766,0.7646,0.8232,1.0328,239
01170100,aifs,3,0.7246,0.7988,0.8539,0.9260,240
01181000,aifs,3,0.8717,0.8681,0.9402,1.1150,239
01187300,aifs,3,0.6895,0.6069,0.8613,1.0193,241
01195100,aifs,3,0.3615,0.4070,0.6125,0.8578,241
01333000,aifs,3,0.5916,0.5787,0.7865,0.8503,239
01350000,aifs,3,0.1326,0.0775,0.3876,0.6738,238
01350080,aifs,3,0.6412,0.5191,0.8491,0.7112,241
01350140,aifs,3,0.6857,0.5775,0.8675,0.6523,191
01365000,aifs,3,0.4558,0.3957,0.7249,0.8051,239
01411300,aifs,3,0.0428,0.1878,0.3654,1.2372,232
01413500,aifs,3,0.4362,0.3946,0.7067,0.7877,239
01414500,aifs,3,0.1113,0.0605,0.4285,0.5833,239
01415000,aifs,3,0.4068,0.2581,0.8410,0.5913,196
01423000,aifs,3,0.4786,0.3827,0.7952,0.7012,241
01434025,aifs,3,0.2549,0.5110,0.6123,0.7195,241
01435000,aifs,3,0.4240,0.3888,0.6815,0.8363,240
01439500,aifs,3,0.6683,0.6137,0.8683,0.7822,239
01440000,aifs,3,0.6985,0.6531,0.8546,0.9060,241
01440400,aifs,3,0.7707,0.7756,0.8811,0.9647,215
01451800,aifs,3,0.5076,0.5641,0.7137,0.9980,239
01466500,aifs,3,-2.1288,-0.5584,0.8589,0.9991,239
01484100,aifs,3,-0.2290,0.4253,0.5443,1.3184,241
01485500,aifs,3,-6.4328,-1.3322,0.4730,2.5052,236
01486000,aifs,3,-1.6761,-0.1363,0.5323,1.8351,241
01487000,aifs,3,0.4162,0.6810,0.7939,1.0871,241
01491000,aifs,3,0.6411,0.6418,0.8083,0.9949,241
01510000,aifs,3,0.7089,0.6686,0.8559,0.9623,241
01516500,aifs,3,0.2706,0.1559,0.6589,0.5688,241
01518862,aifs,3,0.3291,0.2824,0.6753,0.6162,241
01532000,aifs,3,0.6334,0.7074,0.8013,0.8952,239
01539000,aifs,3,0.6285,0.6330,0.8183,0.8371,225
01542810,aifs,3,0.4053,0.3730,0.6794,0.7581,239
01543000,aifs,3,0.5317,0.5510,0.7679,0.7469,241
01543500,aifs,3,0.6185,0.5624,0.8421,0.7613,239
01544500,aifs,3,0.5024,0.4001,0.8600,0.6258,241
01545600,aifs,3,0.4570,0.3298,0.8467,0.6209,241
01547700,aifs,3,0.0869,0.0125,0.3172,0.7556,241
01548500,aifs,3,0.4180,0.3185,0.8104,0.6093,239
01549500,aifs,3,0.5675,0.4514,0.8507,0.6762,239
01550000,aifs,3,0.4902,0.3909,0.8225,0.6554,239
01552000,aifs,3,0.4809,0.5348,0.7236,0.7962,241
01552500,aifs,3,0.5204,0.6770,0.7440,0.8594,241
01557500,aifs,3,0.2640,0.3712,0.5202,0.9676,241
01567500,aifs,3,0.2546,0.3218,0.5056,1.0139,241
01568000,aifs,3,0.5594,0.5148,0.7782,1.0896,241
01580000,aifs,3,0.3446,0.4331,0.5970,0.9238,237
01583500,aifs,3,0.3526,0.4210,0.6260,0.8489,241
01586610,aifs,3,0.4810,0.5129,0.7374,0.8013,207
01591400,aifs,3,0.1885,0.4542,0.5070,1.0244,241
01596500,aifs,3,0.2548,0.2298,0.5415,0.7032,239
01605500,aifs,3,-0.1073,0.4796,0.5272,1.1812,239
01606500,aifs,3,0.4736,0.5141,0.7097,0.7891,214
01613050,aifs,3,0.2580,0.3732,0.5160,1.0356,241
01620500,aifs,3,0.3821,0.2998,0.7167,0.5213,239
01632000,aifs,3,0.4056,0.5080,0.6380,0.9606,239
01632900,aifs,3,-0.1750,0.4820,0.5871,1.0716,239
01634500,aifs,3,0.2416,0.3874,0.5083,0.9668,224
01638480,aifs,3,-0.7388,0.0144,0.5514,1.8433,236
01639500,aifs,3,0.4850,0.5545,0.7025,1.1126,241
01644000,aifs,3,-0.2968,0.0943,0.7186,1.8479,241
01658500,aifs,3,-0.0465,0.4429,0.4991,1.2429,210
01664000,aifs,3,0.4910,0.5754,0.7027,0.9441,241
01666500,aifs,3,0.6251,0.6636,0.8007,1.1150,226
01667500,aifs,3,0.5898,0.7313,0.7936,1.1423,219
01669000,aifs,3,0.5520,0.7133,0.7651,1.1117,216
01669520,aifs,3,-2.9377,-0.4836,0.7233,1.8867,239
02011400,aifs,3,0.4212,0.6268,0.6787,1.1222,241
02011460,aifs,3,0.4969,0.5143,0.7187,0.8081,241
02013000,aifs,3,0.3071,0.4568,0.5663,1.0599,241
02014000,aifs,3,0.2571,0.5890,0.5989,0.9674,241
02015700,aifs,3,0.6519,0.7360,0.8075,1.0055,223
02016000,aifs,3,0.6384,0.6974,0.8046,0.8683,241
02017500,aifs,3,0.4064,0.6642,0.7882,1.0869,239
02018000,aifs,3,0.5891,0.7931,0.8130,1.0389,234
02027000,aifs,3,0.3161,0.6132,0.7437,0.7762,221
02027500,aifs,3,0.6152,0.5601,0.8614,0.6236,224
02028500,aifs,3,0.4116,0.6243,0.6836,0.8503,216
02038850,aifs,3,0.3631,0.4510,0.6393,0.7613,239
02046000,aifs,3,0.4356,0.4588,0.7464,1.4705,231
02051000,aifs,3,0.1364,0.2975,0.4200,0.9005,241
02051500,aifs,3,0.3863,0.5232,0.6376,1.1689,239
02053200,aifs,3,0.1568,0.3566,0.6667,1.5473,210
02053800,aifs,3,0.3514,0.4761,0.6114,0.8665,222
02055100,aifs,3,0.5357,0.6394,0.7354,1.0617,239
02056900,aifs,3,0.5562,0.6580,0.7690,0.8384,216
02059500,aifs,3,0.5632,0.6743,0.8040,0.7579,210
02064000,aifs,3,0.4675,0.4018,0.7491,0.6819,229
02065500,aifs,3,0.4519,0.4039,0.8242,0.6135,239
02069700,aifs,3,0.3738,0.5283,0.6535,1.1641,214
02070000,aifs,3,0.3518,0.5390,0.6331,1.1545,239
02074500,aifs,3,0.3125,0.5892,0.6151,1.0540,241
02077200,aifs,3,0.5460,0.6991,0.8182,1.1840,236
02081500,aifs,3,0.0575,0.2903,0.4457,1.3900,241
02082950,aifs,3,-0.9504,0.0338,0.5347,1.6278,241
02092500,aifs,3,-2.5133,-0.5297,0.3340,2.1469,241
02096846,aifs,3,-0.6204,0.0701,0.1696,1.4167,241
02102908,aifs,3,0.4264,0.5385,0.6578,0.9408,241
02108000,aifs,3,0.6168,0.7418,0.7963,1.1143,241
02111180,aifs,3,0.0424,0.0426,0.2533,1.0011,241
02111500,aifs,3,-0.0081,0.2896,0.3529,0.9574,239
02118500,aifs,3,0.3033,0.6150,0.6260,1.0373,241
02128000,aifs,3,-0.1310,-0.4128,0.6923,2.3488,241
02137727,aifs,3,0.0234,0.1947,0.3144,0.9542,241
02140991,aifs,3,-0.0230,0.1905,0.3006,1.1027,241
02143000,aifs,3,-0.2143,0.5093,0.5909,1.2473,241
02143040,aifs,3,-0.1157,0.4980,0.5186,0.9546,239
02149000,aifs,3,0.1697,0.2435,0.4229,1.0327,241
02152100,aifs,3,0.3403,0.5197,0.5991,1.0039,241
02177000,aifs,3,0.2142,0.2361,0.4713,1.0492,239
02178400,aifs,3,0.5234,0.6079,0.7292,0.9594,239
02193340,aifs,3,-0.2791,0.3737,0.4855,1.3088,241
02196000,aifs,3,0.1896,-0.0390,0.6697,0.4196,241
02198100,aifs,3,0.1685,0.1030,0.4557,1.2698,240
02202600,aifs,3,-0.3058,-0.4255,0.1140,1.7352,241
02212600,aifs,3,0.2901,0.3159,0.5407,1.0058,239
02215100,aifs,3,0.0196,-0.0533,0.2250,0.7412,241
02216180,aifs,3,-0.0156,-0.3255,0.0966,0.4945,239
02221525,aifs,3,0.4263,0.4226,0.6714,1.0841,239
02231000,aifs,3,-0.7355,-0.0691,0.5759,1.8576,241
02231342,aifs,3,-0.4997,0.0812,0.7228,1.6641,241
02235200,aifs,3,-0.7679,0.2981,0.4174,1.2609,240
02245500,aifs,3,-1.3382,0.0180,0.5895,1.3126,241
02246000,aifs,3,-0.2582,0.4509,0.5424,0.8665,239
02296500,aifs,3,0.4681,0.0701,0.7707,1.8703,230
02297155,aifs,3,0.0631,-0.1316,0.7044,0.2760,240
02297310,aifs,3,0.5331,0.6357,0.7402,0.8358,231
02298123,aifs,3,0.4378,0.2909,0.7628,0.5852,241
02298608,aifs,3,0.5233,0.5569,0.8081,1.3994,241
02299950,aifs,3,0.3807,0.4158,0.6418,0.7160,241
02300700,aifs,3,0.3625,0.1852,0.7488,0.5684,241
02310947,aifs,3,-0.2274,-1.0176,-0.2755,2.3259,241
02312200,aifs,3,-4.5692,-3.2254,-0.0038,5.0497,241
02314500,aifs,3,-0.3357,-0.5404,-0.2288,0.5416,241
02315500,aifs,3,-0.3264,-0.6843,-0.3043,0.4159,241
02324400,aifs,3,-0.2202,-1.0425,-0.5475,0.1095,241
02327100,aifs,3,-1.7947,-0.8466,0.7925,2.5504,239
02349900,aifs,3,0.2112,0.1315,0.5209,0.9914,241
02350900,aifs,3,0.4252,0.4835,0.8427,0.6811,241
02361000,aifs,3,0.5373,0.5197,0.8412,0.6923,241
02363000,aifs,3,0.3242,0.0841,0.8702,0.4034,239
02369800,aifs,3,0.2306,0.0456,0.7049,0.5452,240
02371500,aifs,3,0.3235,0.2147,0.6882,0.7950,241
02372250,aifs,3,0.4653,0.3643,0.7664,0.8835,239
02374500,aifs,3,0.4430,0.3672,0.7331,0.8076,241
02381600,aifs,3,-0.0104,-0.0511,0.1703,0.9281,241
02384540,aifs,3,0.1021,0.0615,0.4527,0.7433,241
02395120,aifs,3,-0.5264,0.3409,0.3653,0.9968,241
02408540,aifs,3,0.2156,0.4202,0.5059,0.9470,241
02415000,aifs,3,0.1914,0.3203,0.4586,0.9617,231
02422500,aifs,3,0.2673,0.5600,0.6135,1.1684,224
02427250,aifs,3,0.6307,0.5571,0.8193,1.1571,241
02430085,aifs,3,-0.0397,0.1723,0.2726,1.0523,241
02450250,aifs,3,0.3398,0.3009,0.6166,0.9797,241
02464000,aifs,3,0.4170,0.5361,0.6495,0.9120,241
02465493,aifs,3,0.5154,0.5720,0.7267,1.0906,238
02469800,aifs,3,0.5977,0.4092,0.8605,0.6105,239
02472000,aifs,3,0.6919,0.4979,0.8914,0.7089,241
02472500,aifs,3,0.5028,0.6378,0.7588,0.7318,241
02479155,aifs,3,0.4629,0.2865,0.7630,0.6341,241
02479300,aifs,3,0.3745,0.3027,0.6350,0.6622,241
02481000,aifs,3,0.2779,-0.0756,0.8358,0.2706,241
02481510,aifs,3,0.3684,0.0797,0.8223,0.4101,241
03010655,aifs,3,0.5354,0.4246,0.8549,0.6539,212
03011800,aifs,3,0.3125,0.4148,0.6197,0.7555,241
03015500,aifs,3,0.6388,0.7550,0.8100,0.8884,241
03021350,aifs,3,0.4661,0.5740,0.7167,0.7363,239
03026500,aifs,3,0.3959,0.4780,0.6514,0.8161,241
03028000,aifs,3,0.4200,0.5139,0.7498,0.6861,241
03049800,aifs,3,0.1030,0.0234,0.4167,0.6212,239
03050000,aifs,3,0.3403,0.5230,0.6075,0.8804,239
03066000,aifs,3,0.4741,0.4540,0.7376,0.7180,241
03069500,aifs,3,0.4267,0.4352,0.6957,0.7072,239
03070500,aifs,3,0.5144,0.7619,0.7838,1.0009,239
03076600,aifs,3,0.2983,0.3237,0.6091,0.6682,241
03078000,aifs,3,0.0998,0.1736,0.3998,0.6882,241
03140000,aifs,3,0.2581,0.2158,0.5298,0.8200,239
03144000,aifs,3,0.4128,0.4269,0.6517,0.8994,241
03159540,aifs,3,0.5086,0.5400,0.7187,0.8596,241
03161000,aifs,3,0.0729,0.2412,0.3914,0.8618,241
03164000,aifs,3,0.3825,0.6425,0.6949,0.8592,241
03165000,aifs,3,-0.0246,0.1359,0.2744,0.8704,224
03170000,aifs,3,0.4913,0.5553,0.7229,0.8653,241
03173000,aifs,3,0.5386,0.7084,0.7586,0.8587,239
03180500,aifs,3,0.5006,0.4959,0.7239,0.8211,225
03182500,aifs,3,0.5464,0.6463,0.7411,0.9283,239
03186500,aifs,3,0.4940,0.5936,0.7078,0.8910,239
03187500,aifs,3,0.5476,0.7128,0.7639,0.8602,238
03213700,aifs,3,0.3278,0.6588,0.6627,1.0508,241
03237280,aifs,3,0.2830,0.2857,0.5501,0.6839,241
03237500,aifs,3,0.6062,0.6602,0.7795,1.0020,239
03241500,aifs,3,0.3239,0.2490,0.6219,0.6732,228
03280700,aifs,3,-0.7686,0.2839,0.4352,0.8313,213
03281100,aifs,3,-0.1229,0.4671,0.5377,0.7908,239
03281500,aifs,3,0.0778,0.5418,0.6066,0.8014,228
03285000,aifs,3,-0.3441,0.0983,0.4187,1.6864,238
03291780,aifs,3,0.2338,0.1817,0.5036,0.8308,241
03300400,aifs,3,0.0580,0.0548,0.2794,0.8484,241
03340800,aifs,3,-0.0663,0.1257,0.2483,0.8286,193
03346000,aifs,3,0.2010,0.0905,0.5181,0.4490,241
03364500,aifs,3,0.1161,-0.0440,0.4083,0.5476,241
03366500,aifs,3,0.2351,0.1179,0.5385,0.6216,241
03368000,aifs,3,0.1739,0.0343,0.4594,0.5871,241
03384450,aifs,3,0.0703,-0.1660,0.3015,0.5126,241
03439000,aifs,3,-0.0904,-0.1185,0.2170,0.6667,239
03450000,aifs,3,0.0913,0.0231,0.3414,0.8540,241
03455500,aifs,3,-0.2081,0.2018,0.3382,0.6815,239
03456500,aifs,3,-0.0500,0.0770,0.2534,0.8086,239
03460000,aifs,3,-0.2263,0.3583,0.6210,0.6293,241
03463300,aifs,3,0.1162,0.4016,0.4584,0.9322,241
03471500,aifs,3,0.3937,0.6346,0.7819,0.7110,239
03473000,aifs,3,0.0319,0.5068,0.5899,0.7270,241
03479000,aifs,3,-0.2324,0.3557,0.3637,0.9107,239
03488000,aifs,3,0.4458,0.5782,0.7233,0.7247,241
03498500,aifs,3,0.0260,0.3432,0.4648,0.7372,241
03500000,aifs,3,0.3479,0.6132,0.7448,0.8226,239
03504000,aifs,3,-0.0469,0.4267,0.4826,0.8516,239
03574500,aifs,3,0.1542,0.0458,0.4877,0.5575,241
03604000,aifs,3,-0.0604,-0.1933,0.0788,0.7853,239
04015330,aifs,3,0.3328,0.1567,0.6498,0.5342,200
04024430,aifs,3,0.6074,0.4424,0.8403,0.6092,241
04027000,aifs,3,0.4248,0.3740,0.6902,0.6667,241
04040500,aifs,3,0.8221,0.7195,0.9208,0.8526,241
04043050,aifs,3,0.7804,0.7851,0.8871,0.8783,182
04045500,aifs,3,0.8932,0.7695,0.9633,0.7893,237
04056500,aifs,3,0.4853,0.4094,0.7897,0.7007,231
04057510,aifs,3,0.8538,0.6475,0.9682,0.7534,161
04057800,aifs,3,0.7841,0.5766,0.9247,0.7021,241
04059500,aifs,3,0.8352,0.7867,0.9215,0.9630,241
04063700,aifs,3,0.7902,0.5225,0.9547,0.6244,241
04074950,aifs,3,0.6465,0.5274,0.9228,0.7438,241
04105700,aifs,3,0.6410,0.6189,0.8271,0.9316,241
04115265,aifs,3,0.5375,0.4553,0.7891,0.9673,241
04122200,aifs,3,0.6309,0.5983,0.8262,0.8681,241
04122500,aifs,3,0.8271,0.7902,0.9243,0.9253,239
04124000,aifs,3,0.9123,0.8569,0.9618,1.0311,241
04127997,aifs,3,0.4982,0.4484,0.7700,0.9039,204
04185000,aifs,3,0.7396,0.7470,0.8640,0.8959,218
04196800,aifs,3,0.6350,0.5003,0.8280,0.6989,241
04197100,aifs,3,0.4550,0.4454,0.6896,0.8994,241
04197170,aifs,3,0.2331,0.1220,0.5139,0.5949,241
04213000,aifs,3,0.3825,0.6615,0.6735,0.9379,239
04213075,aifs,3,0.2127,0.2422,0.4841,0.7942,237
04216418,aifs,3,0.5852,0.6127,0.7692,0.9970,241
04221000,aifs,3,0.2148,0.2033,0.6624,0.5491,241
04224775,aifs,3,0.2749,0.1782,0.6976,0.5459,239
04256000,aifs,3,0.7678,0.8467,0.8885,1.1042,239
04296000,aifs,3,0.5578,0.6357,0.7580,0.8540,241
05057000,aifs,3,-1.0229,0.0639,0.6281,0.4997,163
05057200,aifs,3,0.6121,0.6949,0.7825,0.9901,240
05062500,aifs,3,0.7013,0.6110,0.8715,0.8610,202
05087500,aifs,3,0.3366,0.4345,0.5815,0.9850,241
05120500,aifs,3,-10.0007,-1.4891,-0.0647,3.1892,210
05123400,aifs,3,-0.3950,-0.6564,-0.0244,0.1567,240
05129115,aifs,3,-0.8203,-0.8897,-0.2533,0.0000,241
05131500,aifs,3,0.0705,-0.0369,0.7462,0.3984,145
05291000,aifs,3,0.1057,0.1378,0.4873,0.5972,241
05362000,aifs,3,0.6497,0.5802,0.8337,0.7449,240
05393500,aifs,3,0.5541,0.5765,0.7570,0.7815,241
05399500,aifs,3,0.2099,0.3371,0.5078,0.6853,239
05408000,aifs,3,0.2633,0.2671,0.5508,0.8599,240
05412500,aifs,3,0.3411,0.3541,0.7317,0.6582,241
05413500,aifs,3,0.2503,0.4990,0.6805,0.7771,211
05414000,aifs,3,0.1569,0.2660,0.8197,0.6155,207
05444000,aifs,3,0.0671,0.1673,0.4553,0.6367,239
05454000,aifs,3,-0.0418,0.4144,0.4851,0.7233,241
05458000,aifs,3,0.0914,0.0474,0.3657,0.6684,241
05466500,aifs,3,0.4484,0.4325,0.6894,0.8452,239
05487980,aifs,3,0.0791,0.0804,0.3290,0.6659,239
05488200,aifs,3,0.1267,-0.0474,0.4031,0.4123,239
05489000,aifs,3,0.1562,-0.0793,0.4707,0.3956,239
05495000,aifs,3,0.1708,0.5262,0.5420,1.0554,239
05495500,aifs,3,0.1994,-0.0276,0.5316,0.3859,235
05501000,aifs,3,0.0448,-0.2262,0.2629,0.4114,239
05503800,aifs,3,0.1715,0.1011,0.4259,0.6137,241
05507600,aifs,3,0.1227,0.1161,0.3929,0.5694,241
05508805,aifs,3,0.2156,0.4232,0.5097,1.1078,239
05514500,aifs,3,0.1008,0.0106,0.3464,0.6291,239
05525500,aifs,3,0.4898,0.6367,0.7049,1.0211,239
05556500,aifs,3,0.0513,-0.0519,0.4012,0.4754,241
05584500,aifs,3,0.3583,0.2611,0.6598,0.5950,239
05585000,aifs,3,0.5620,0.4389,0.8031,0.6487,241
05591550,aifs,3,0.0455,0.0594,0.2872,0.7385,239
05592050,aifs,3,-0.0365,-0.0291,0.1985,0.6791,222
05592575,aifs,3,0.0538,-0.0710,0.2868,0.5191,239
05593575,aifs,3,0.2381,0.3554,0.5035,0.8406,241
05593900,aifs,3,-0.0424,-0.0412,0.2016,0.5986,239
05595730,aifs,3,0.2672,0.2559,0.5228,0.7348,241
06037500,aifs,3,-2.2598,0.3963,0.8580,1.2922,241
06043500,aifs,3,0.4532,0.4216,0.9627,1.3171,241
06154410,aifs,3,0.1794,0.3865,0.5054,0.7666,241
06188000,aifs,3,0.8693,0.9150,0.9394,0.9695,241
06191500,aifs,3,0.7469,0.6924,0.9402,1.1091,241
06221400,aifs,3,0.8336,0.8797,0.9278,1.0402,241
06224000,aifs,3,0.7102,0.8479,0.8533,1.0357,241
06289000,aifs,3,0.2886,0.5695,0.6443,0.8365,241
06332515,aifs,3,0.0927,-0.0100,0.8127,0.6514,118
06339100,aifs,3,-0.1212,0.2965,0.4234,1.3991,177
06339500,aifs,3,-0.1310,0.0343,0.6456,0.2655,171
06344600,aifs,3,-1.6353,-1.4554,0.6174,3.2858,180
06350000,aifs,3,-3.3520,-0.5669,0.2503,2.1090,241
06352000,aifs,3,-0.0160,-0.1019,0.5171,1.3442,240
06353000,aifs,3,-0.0007,-0.1117,0.5166,0.8147,239
06354000,aifs,3,0.4094,0.2844,0.8725,0.4682,176
06360500,aifs,3,0.1290,0.1451,0.5299,1.5401,142
06404000,aifs,3,-1.6240,-0.2057,-0.1404,1.3851,208
06406000,aifs,3,-163.8626,-3.7949,0.9019,5.7460,183
06408700,aifs,3,-1568.9234,-3.9708,0.2323,1.5086,241
06409000,aifs,3,-1.1518,0.6409,0.9040,1.2499,196
06431500,aifs,3,-0.9851,0.4448,0.4538,1.0900,230
06440200,aifs,3,0.2326,-0.0810,0.5487,0.2175,163
06441500,aifs,3,-0.7683,-1.2646,0.1995,2.9340,180
06447000,aifs,3,0.0248,-0.1814,0.2547,0.4672,143
06447500,aifs,3,-0.0829,-0.0481,0.5872,0.6961,241
06450500,aifs,3,0.0475,-0.1016,0.3313,1.0621,211
06452000,aifs,3,0.0075,-0.2954,0.1419,1.0158,178
06453600,aifs,3,-0.3249,-0.1657,0.2278,1.6883,238
06464500,aifs,3,-0.4672,0.3486,0.3817,1.1772,178
06477500,aifs,3,-95.8121,-8.9815,0.1332,6.1027,240
06479215,aifs,3,-0.2305,-0.1004,0.0751,0.6533,241
06479438,aifs,3,-0.0556,-0.3352,0.3172,0.2333,241
06601000,aifs,3,-0.2212,-0.1791,-0.0099,0.8324,241
06614800,aifs,3,0.7884,0.6309,0.9380,1.3370,241
06622700,aifs,3,-0.2689,0.1706,0.7647,1.6069,241
06623800,aifs,3,0.8259,0.9085,0.9147,0.9706,241
06632400,aifs,3,-0.3133,0.3255,0.4624,1.3855,241
06784000,aifs,3,-0.8748,0.0269,0.2479,1.3346,241
06803510,aifs,3,0.0798,-0.1412,0.4247,0.5459,241
06803530,aifs,3,-0.0648,-0.2070,0.0554,0.7352,241
06814000,aifs,3,-0.0012,-0.2643,0.1702,0.4018,241
06846500,aifs,3,-0.0093,-0.4705,-0.0556,1.3846,241
06847900,aifs,3,-0.0160,-0.2492,0.1062,1.3303,241
06853800,aifs,3,-0.4185,-0.3611,0.0035,1.7303,241
06876700,aifs,3,0.2591,0.5686,0.6275,0.7830,241
06878000,aifs,3,-0.0387,-0.3322,0.0993,0.3913,241
06879650,aifs,3,0.0164,-0.2852,0.3091,0.3601,240
06885500,aifs,3,-0.0192,-0.3512,0.1793,0.3042,241
06888500,aifs,3,-0.0153,-0.4097,0.1550,0.3245,241
06889200,aifs,3,-0.0646,-0.3776,0.0363,0.3874,241
06889500,aifs,3,0.0366,-0.1457,0.2344,0.5376,241
06892000,aifs,3,-0.1307,-0.1234,0.1380,0.5062,241
06903400,aifs,3,0.1188,-0.2015,0.5053,0.2332,241
06906800,aifs,3,0.1904,-0.0335,0.5180,0.4023,241
06910800,aifs,3,0.0118,-0.2567,0.2042,0.4483,241
06911900,aifs,3,0.0070,-0.2583,0.2012,0.3985,241
06917000,aifs,3,0.1402,0.0458,0.4248,0.4680,241
06918460,aifs,3,0.3574,0.4330,0.5980,0.9776,241
06919500,aifs,3,0.0612,0.2218,0.4146,0.5950,241
06921070,aifs,3,0.0814,0.0206,0.3296,0.6260,241
06921200,aifs,3,0.0200,-0.2806,0.3191,0.2921,241
06934000,aifs,3,0.3374,0.5803,0.6546,0.7881,240
07014500,aifs,3,0.0458,-0.1044,0.2761,0.6498,241
07056000,aifs,3,0.1539,0.2889,0.4396,0.8016,241
07057500,aifs,3,0.3004,0.3531,0.5848,0.8353,233
07060710,aifs,3,-0.0001,-0.3930,0.0295,1.0572,241
07066000,aifs,3,0.1291,0.0897,0.4629,0.7582,241
07067000,aifs,3,0.0900,0.2657,0.7393,0.5408,241
07068000,aifs,3,0.1515,0.2461,0.6420,0.7435,240
07071500,aifs,3,-0.2892,0.2204,0.3819,0.7796,241
07083000,aifs,3,-1.3947,-0.3637,0.8969,1.6996,241
07142300,aifs,3,-8.0255,-5.1198,-0.0023,6.9776,241
07145700,aifs,3,0.1535,-0.2032,0.6324,0.2256,238
07148400,aifs,3,-0.1579,0.3399,0.8195,1.4336,241
07149000,aifs,3,0.2990,0.5007,0.8325,1.4554,241
07151500,aifs,3,0.2588,0.0354,0.7053,0.4931,241
07167500,aifs,3,0.3506,0.0163,0.7904,1.6355,241
07180500,aifs,3,-0.0115,-0.1976,0.1377,0.6211,241
07184000,aifs,3,0.0928,-0.1799,0.3653,0.3429,239
07195800,aifs,3,0.2624,0.3526,0.5315,0.8108,239
07196900,aifs,3,0.2076,0.1489,0.4810,0.9143,240
07197000,aifs,3,0.4150,0.4360,0.6528,0.9081,241
07208500,aifs,3,0.0948,0.5187,0.7392,1.0659,241
07226500,aifs,3,-0.0170,-0.5824,-0.0116,0.2215,239
07261000,aifs,3,0.3575,0.3130,0.6282,1.2686,239
07263295,aifs,3,-0.0001,-0.8255,0.4297,2.5595,239
07290650,aifs,3,0.1846,0.2232,0.4831,0.6485,241
07291000,aifs,3,0.0432,-0.0137,0.4246,0.3910,241
07292500,aifs,3,0.0833,0.3168,0.4107,0.8490,241
07295000,aifs,3,0.2015,0.1885,0.4654,0.6833,241
07299670,aifs,3,-0.0305,-0.2220,0.1404,1.5230,231
07301410,aifs,3,-0.3123,-0.2641,-0.0740,0.7071,230
07301500,aifs,3,-0.1864,-0.5715,0.0435,1.7844,203
07315200,aifs,3,-0.1986,-0.0631,0.0763,0.7724,161
07315700,aifs,3,-1.4441,-0.0638,0.2592,1.5940,218
07335700,aifs,3,0.0273,-0.1788,0.3111,0.4259,232
07340300,aifs,3,0.2384,0.2324,0.5210,0.7049,241
07346045,aifs,3,-0.3771,-0.1105,0.5550,0.3576,241
07359610,aifs,3,0.0779,0.1199,0.3905,1.4215,241
07362100,aifs,3,0.0783,0.1712,0.5451,1.6446,241
07362587,aifs,3,0.1085,-0.1964,0.4130,1.8022,239
07373000,aifs,3,-0.0246,-0.0814,0.2776,0.5657,237
07375000,aifs,3,-0.1019,0.1107,0.2966,0.5517,241
07376000,aifs,3,0.4188,0.6525,0.7163,0.7995,241
08013000,aifs,3,0.5526,0.4009,0.8232,0.6983,241
08014500,aifs,3,0.4141,0.2293,0.8394,0.5930,241
08023080,aifs,3,-0.2927,-0.3771,-0.0137,1.7782,241
08025500,aifs,3,0.2571,0.1884,0.5467,0.8291,241
08029500,aifs,3,-0.0644,-0.0152,0.1593,1.1331,241
08050800,aifs,3,0.0113,-0.2866,0.1555,0.5551,240
08066200,aifs,3,0.0547,-0.2559,0.2857,0.3764,241
08066300,aifs,3,-0.0230,-0.2756,0.1682,0.3041,241
08070000,aifs,3,-0.5590,0.1949,0.6514,1.3740,241
08070200,aifs,3,0.1968,0.5932,0.5976,0.9405,241
08079600,aifs,3,-3.3953,-2.2865,0.3265,4.0098,196
08082700,aifs,3,-0.0101,-0.4651,-0.0233,0.5370,227
08086212,aifs,3,-0.0032,-0.3273,0.0309,1.0604,241
08086290,aifs,3,-0.1347,-0.4704,0.0120,1.8896,241
08101000,aifs,3,-1.2436,0.0054,0.1167,1.3988,241
08103900,aifs,3,0.0934,0.0471,0.3216,0.7433,241
08104900,aifs,3,-0.0861,-0.1399,0.1629,0.4795,241
08109700,aifs,3,0.3696,0.5467,0.7544,1.3287,224
08150800,aifs,3,0.1408,-0.0878,0.6265,0.4681,241
08155200,aifs,3,-0.3236,-0.7680,0.2918,2.5960,241
08158700,aifs,3,-4.3433,-7.6724,0.1827,9.5935,241
08158810,aifs,3,0.0181,0.0548,0.2401,1.0285,241
08164000,aifs,3,-1.1398,-0.0423,0.3373,1.6726,241
08164300,aifs,3,0.0486,0.1261,0.2952,0.9126,238
08164600,aifs,3,-3.1244,-3.0499,0.4449,4.8443,241
08165300,aifs,3,0.2335,0.1364,0.8018,0.9335,241
08171300,aifs,3,-25.0631,-32.9937,0.6151,34.8274,241
08175000,aifs,3,0.3003,0.0420,0.6152,0.3101,241
08176900,aifs,3,-13.5872,-6.1457,0.3452,7.5383,241
08178880,aifs,3,0.1137,0.0630,0.3983,0.4460,241
08189500,aifs,3,0.1446,0.5736,0.5744,1.0247,241
08190000,aifs,3,0.1665,0.0531,0.4759,0.8174,241
08190500,aifs,3,0.7513,-0.0341,0.9653,2.0039,235
08194200,aifs,3,0.0463,0.0082,0.2769,0.6197,241
08195000,aifs,3,0.2665,0.0858,0.7765,0.6183,241
08196000,aifs,3,-0.0081,0.1383,0.3417,1.4486,229
08198500,aifs,3,0.3581,0.1422,0.7003,0.5393,241
08200000,aifs,3,0.0437,0.0474,0.2975,0.6090,241
08202700,aifs,3,-0.0046,-0.1762,0.1857,0.4274,240
08267500,aifs,3,-21.4365,-2.2307,0.6998,2.6217,241
08269000,aifs,3,-3.3979,-0.3582,0.7074,1.6931,241
08271000,aifs,3,-43.4073,-4.1193,0.7754,2.4447,241
08324000,aifs,3,0.1935,0.6062,0.7140,1.1177,241
08377900,aifs,3,-3.6488,-0.4282,0.4675,1.3136,241
08378500,aifs,3,-5.3435,-0.8866,0.5995,1.2902,233
08380500,aifs,3,-2.4810,-0.1195,0.4670,1.6194,241
09034900,aifs,3,0.2022,0.2464,0.8792,1.5600,237
09035900,aifs,3,0.5660,0.7547,0.8273,1.0818,207
09047700,aifs,3,-4.0877,-0.8804,0.8863,1.3848,239
09065500,aifs,3,0.7247,0.6555,0.9373,1.1304,241
09066000,aifs,3,-0.8533,0.1954,0.5931,1.1524,241
09066200,aifs,3,0.7085,0.6448,0.9259,1.2155,241
09066300,aifs,3,-0.3250,0.0090,0.8074,1.7815,241
09081600,aifs,3,0.1331,0.6018,0.6243,1.0197,241
09107000,aifs,3,-1.1215,-0.0035,0.7125,1.2329,240
09210500,aifs,3,-1.3913,0.0911,0.7372,1.5393,214
09223000,aifs,3,-2.6840,-0.5436,0.8825,1.9752,180
09306242,aifs,3,-381.1818,-4.1813,0.8972,6.0605,239
09312600,aifs,3,-2.1265,-0.6299,0.4896,2.4094,241
09352900,aifs,3,-0.5426,0.3203,0.5839,1.2456,211
09378170,aifs,3,0.2561,0.2677,0.5415,1.3164,241
09378630,aifs,3,,,,,241
09386900,aifs,3,-1.3222,-0.1483,0.0177,1.5818,241
09404450,aifs,3,0.7045,0.7525,0.8597,0.9082,241
09430500,aifs,3,-1.0365,0.1119,0.5678,0.2582,241
09430600,aifs,3,0.1704,0.0270,0.7223,0.2614,241
09447800,aifs,3,-2.2244,-0.6387,0.0353,2.0346,241
09480000,aifs,3,-0.5702,-3.2908,-0.0270,5.1482,241
09484000,aifs,3,-0.5631,-0.4282,0.2188,2.1941,216
09484600,aifs,3,-0.4331,-0.9683,0.1389,2.7490,240
09492400,aifs,3,-0.7045,0.2722,0.7356,1.5844,240
09494000,aifs,3,0.3878,0.6519,0.6662,0.9857,241
09497800,aifs,3,-0.1100,-0.6236,-0.2521,1.5137,241
09497980,aifs,3,-0.2985,0.1526,0.1870,0.9604,210
09505200,aifs,3,0.6550,0.7373,0.8127,1.1247,241
09505350,aifs,3,0.6357,0.5003,0.8059,1.4444,241
09505800,aifs,3,0.4776,0.6834,0.7761,1.1916,241
09508300,aifs,3,-0.4460,0.2919,0.3072,0.8594,241
09510200,aifs,3,-2.1144,-0.9794,0.1044,2.6929,222
09512280,aifs,3,-0.0629,-0.9750,-0.1004,2.3763,241
09513780,aifs,3,-3.9117,-6.0759,0.0488,8.0051,240
10023000,aifs,3,-14.7818,-0.6526,0.0859,2.2336,241
10166430,aifs,3,-13191.3650,-90.1578,0.5629,72.6381,241
10172700,aifs,3,-29.8401,-0.2957,0.6181,2.0145,241
10172800,aifs,3,-9.6387,-0.8757,0.8098,2.3565,241
10173450,aifs,3,-0.3795,0.3959,0.4183,0.9950,241
10205030,aifs,3,-188.6776,-9.8466,-0.0166,2.3232,241
10234500,aifs,3,-0.0967,-0.2737,-0.0282,0.8547,237
10242000,aifs,3,-29.1142,-3.7048,0.4141,4.5006,241
10244950,aifs,3,-36.8732,-1.5492,0.7134,1.5588,241
10249300,aifs,3,-44.3658,-4.5686,0.5173,4.3298,240
10258000,aifs,3,,,,,69
10258500,aifs,3,0.0238,-0.3286,0.1879,0.3954,241
10259000,aifs,3,0.7670,0.6778,0.9053,1.0683,241
10259200,aifs,3,-9.5312,-5.5943,0.7226,7.0362,241
10263500,aifs,3,-0.4607,0.1309,0.8181,1.2559,241
10310500,aifs,3,-1.4401,0.1971,0.9031,1.7682,241
10316500,aifs,3,-0.3353,0.3334,0.6766,1.2405,241
10329500,aifs,3,0.0446,0.3039,0.8692,1.2389,241
10336645,aifs,3,0.5217,0.6744,0.7370,1.1219,227
10336660,aifs,3,0.5270,0.7116,0.7395,1.0255,241
10343500,aifs,3,0.5967,0.4640,0.8723,0.7784,241
10348850,aifs,3,-2.2550,0.0040,0.8191,1.7193,241
10396000,aifs,3,0.5345,0.7462,0.8303,1.1800,241
11098000,aifs,3,-0.2771,0.2898,0.5999,1.4624,241
11124500,aifs,3,-2.6785,-0.9759,0.9043,2.4199,241
11141280,aifs,3,0.6133,0.4961,0.8478,1.0774,241
11143000,aifs,3,0.6312,0.6585,0.8013,1.1751,241
11148900,aifs,3,0.4765,0.1629,0.8411,0.4630,241
11151300,aifs,3,0.4514,0.3272,0.8118,0.9464,241
11162500,aifs,3,0.5864,0.3712,0.8628,0.6381,241
11176400,aifs,3,0.6410,0.3639,0.8929,0.6055,144
11180500,aifs,3,-0.2508,-0.2799,0.7873,2.0524,241
11180960,aifs,3,-0.6666,-0.5037,0.4807,2.3767,241
11224500,aifs,3,-0.0078,-0.5353,0.1596,0.1353,241
11253310,aifs,3,0.0649,-0.2045,0.3155,0.3999,241
11264500,aifs,3,-0.5407,0.2165,0.2184,0.9491,241
11266500,aifs,3,-0.3710,0.3317,0.3359,1.0701,241
11274500,aifs,3,0.7248,0.7553,0.8527,1.0057,241
11274630,aifs,3,0.4425,0.6979,0.7548,1.1382,241
11284400,aifs,3,0.0180,-0.3593,0.3496,0.1849,241
11299600,aifs,3,0.2151,0.0722,0.4987,0.5877,238
11381500,aifs,3,0.4502,0.3652,0.7480,1.0077,241
11383500,aifs,3,0.5476,0.4659,0.7931,1.0697,241
11451100,aifs,3,0.4314,0.4497,0.6646,0.9806,106
11468500,aifs,3,0.3122,0.2076,0.6768,0.8250,241
11473900,aifs,3,0.3781,0.2847,0.7110,0.8846,241
11475560,aifs,3,0.4493,0.4329,0.6899,0.9558,241
11476600,aifs,3,0.6013,0.5819,0.7892,1.0658,240
11478500,aifs,3,0.4121,0.4129,0.6472,1.2794,241
11480390,aifs,3,0.3094,0.2397,0.6177,0.9004,241
11481200,aifs,3,0.4225,0.4478,0.6553,1.1014,241
11482500,aifs,3,0.6262,0.5466,0.8126,1.3674,241
11522500,aifs,3,0.2114,0.4009,0.6719,1.5001,241
11523200,aifs,3,-0.3643,0.0925,0.7023,1.7650,241
11528700,aifs,3,0.5261,0.4765,0.7560,1.1023,241
11532500,aifs,3,0.6517,0.7217,0.8091,1.1100,241
12010000,aifs,3,0.7644,0.6631,0.8990,0.7695,241
12013500,aifs,3,0.8268,0.8935,0.9129,0.9408,241
12020000,aifs,3,0.4668,0.5978,0.7489,0.6861,241
12025000,aifs,3,0.8011,0.7950,0.9246,1.1276,241
12025700,aifs,3,0.7307,0.8262,0.8692,0.8855,241
12035000,aifs,3,0.9020,0.8576,0.9546,0.9178,241
12040500,aifs,3,0.7603,0.7796,0.8781,0.8736,241
12041200,aifs,3,0.7596,0.8196,0.9024,0.8755,241
12043000,aifs,3,0.7940,0.7489,0.9034,0.8498,241
12048000,aifs,3,0.5776,0.6809,0.9076,1.2393,241
12054000,aifs,3,0.4916,0.5405,0.9022,1.3308,241
12056500,aifs,3,0.6540,0.7696,0.8664,0.9060,241
12073500,aifs,3,0.6063,0.7750,0.8060,1.0893,240
12082500,aifs,3,0.4454,0.4113,0.6974,1.0058,235
12092000,aifs,3,0.2554,0.2979,0.5068,0.9766,241
12095000,aifs,3,0.6646,0.6242,0.8324,0.8944,241
12114500,aifs,3,0.5941,0.5060,0.8199,1.0733,241
12115000,aifs,3,0.5777,0.5014,0.8042,1.0437,241
12115500,aifs,3,0.5503,0.4962,0.7749,0.9278,241
12117000,aifs,3,0.6996,0.6643,0.8498,1.0117,241
12141300,aifs,3,0.3801,0.4012,0.6260,1.1070,241
12143600,aifs,3,0.4892,0.4454,0.7312,1.2023,238
12144000,aifs,3,0.5917,0.5755,0.7837,1.0236,240
12145500,aifs,3,0.7873,0.8288,0.8882,0.9375,241
12147600,aifs,3,0.3660,0.4300,0.6059,0.9429,241
12167000,aifs,3,0.7737,0.7183,0.8922,1.1720,241
12175500,aifs,3,0.0873,0.5795,0.6226,1.1299,241
12186000,aifs,3,0.5072,0.6221,0.7322,1.1744,238
12189500,aifs,3,0.5507,0.6637,0.8112,1.2750,240
12358500,aifs,3,0.6200,0.7903,0.8381,1.0693,241
12377150,aifs,3,0.5498,0.7747,0.7748,0.9946,241
12381400,aifs,3,0.3264,0.4902,0.8606,1.2343,208
12390700,aifs,3,0.4242,0.6303,0.7022,1.1790,241
12411000,aifs,3,0.7789,0.7403,0.9055,1.2335,230
12414500,aifs,3,0.6762,0.6984,0.8322,0.9097,241
12447390,aifs,3,-0.2023,-0.2465,0.2249,0.3554,241
12451000,aifs,3,0.4763,0.6723,0.8141,1.2242,241
12488500,aifs,3,0.6074,0.7287,0.8097,1.1656,241
13011500,aifs,3,0.7295,0.6134,0.9391,1.2960,241
13011900,aifs,3,0.7915,0.8107,0.9238,0.9601,241
13018300,aifs,3,-0.4805,-0.0180,0.9298,1.4795,241
13023000,aifs,3,0.5455,0.7686,0.8128,0.9041,199
13161500,aifs,3,0.6945,0.7015,0.8613,0.7907,241
13235000,aifs,3,0.5880,0.6628,0.7820,0.8929,239
13240000,aifs,3,0.7817,0.8533,0.8845,1.0088,162
13310700,aifs,3,0.5930,0.5049,0.9009,0.6740,241
13313000,aifs,3,0.6965,0.4853,0.9585,0.6446,241
13331500,aifs,3,0.4921,0.5399,0.8985,1.2134,241
13337000,aifs,3,0.6752,0.6991,0.8505,0.8315,241
13338500,aifs,3,0.8022,0.8628,0.9119,1.0975,241
13340000,aifs,3,0.4915,0.6279,0.7523,0.7951,241
13340600,aifs,3,0.6001,0.6169,0.8772,0.7106,241
14020000,aifs,3,0.3805,0.2412,0.7760,0.6696,241
14092750,aifs,3,0.7416,0.6346,0.9087,0.8878,241
14096850,aifs,3,-0.9896,0.4270,0.8791,0.4494,241
14137000,aifs,3,0.7037,0.6809,0.8490,1.0394,236
14138800,aifs,3,0.5569,0.5774,0.7520,0.9266,241
14138870,aifs,3,0.6715,0.7116,0.8244,0.8631,241
14138900,aifs,3,0.4278,0.4054,0.6774,0.8969,241
14139800,aifs,3,0.6960,0.7363,0.8377,0.8714,239
14141500,aifs,3,0.7235,0.7739,0.8528,0.9031,241
14154500,aifs,3,0.8016,0.7008,0.9167,1.0904,241
14158500,aifs,3,0.7660,0.6887,0.9173,1.0836,226
14158790,aifs,3,0.6250,0.5821,0.8118,1.0429,237
14166500,aifs,3,0.5129,0.4670,0.7474,0.9182,241
14182500,aifs,3,0.5786,0.6243,0.7672,0.8372,241
14185000,aifs,3,0.7324,0.7455,0.8588,1.0327,241
14185900,aifs,3,0.6123,0.7298,0.7847,1.0340,238
14187000,aifs,3,0.6662,0.6842,0.8207,1.0832,239
14216500,aifs,3,0.9004,0.8778,0.9515,1.0498,238
14222500,aifs,3,0.8213,0.7337,0.9227,1.0602,241
14236200,aifs,3,0.8273,0.8157,0.9131,0.9005,240
14301000,aifs,3,0.7962,0.8077,0.8940,0.9857,240
14303200,aifs,3,0.6192,0.5021,0.8524,0.9809,241
14305500,aifs,3,0.6844,0.6901,0.8326,0.9781,239
14306340,aifs,3,0.5800,0.4720,0.8136,0.7729,241
14306500,aifs,3,0.7619,0.6735,0.8964,0.9227,241
14308990,aifs,3,0.4873,0.3838,0.7846,0.9130,241
14309500,aifs,3,0.6363,0.6480,0.8031,0.9586,241
14316700,aifs,3,0.7256,0.6324,0.8817,1.0556,241
14325000,aifs,3,0.6967,0.7737,0.8348,0.9760,241
14362250,aifs,3,0.2034,0.0612,0.6683,0.4918,148
14400000,aifs,3,0.7998,0.7971,0.8963,0.8930,241
01013500,aifs,4,0.8919,0.8027,0.9558,0.8558,241
01022500,aifs,4,0.6889,0.6334,0.8504,0.9942,241
01030500,aifs,4,0.7900,0.8181,0.9191,1.0781,241
01031500,aifs,4,0.6662,0.7609,0.8168,0.9895,239
01047000,aifs,4,0.5942,0.7459,0.7780,0.9696,241
01052500,aifs,4,0.4844,0.4265,0.7311,0.7151,241
01054200,aifs,4,0.4049,0.2416,0.7261,0.5337,241
01055000,aifs,4,0.4880,0.6789,0.7138,0.9651,241
01057000,aifs,4,0.8022,0.8016,0.8994,0.9264,241
01073000,aifs,4,0.7176,0.8127,0.8785,1.1007,241
01078000,aifs,4,0.4229,0.4127,0.7033,0.6831,239
01118300,aifs,4,0.3620,0.4965,0.6325,0.7988,239
01121000,aifs,4,0.6279,0.7184,0.8130,1.1964,239
01123000,aifs,4,0.7501,0.6882,0.8828,0.9034,241
01134500,aifs,4,0.7216,0.7506,0.8583,0.8392,239
01137500,aifs,4,0.4601,0.5280,0.7014,0.7830,241
01139000,aifs,4,0.6806,0.7784,0.8323,0.9028,237
01139800,aifs,4,0.7841,0.8524,0.8913,1.0824,241
01142500,aifs,4,0.6816,0.7047,0.8378,0.8607,239
01144000,aifs,4,0.8124,0.8935,0.9068,0.9494,241
01169000,aifs,4,0.6846,0.7342,0.8281,1.0256,239
01170100,aifs,4,0.7430,0.7911,0.8638,0.9316,240
01181000,aifs,4,0.8672,0.8715,0.9379,1.1094,239
01187300,aifs,4,0.6794,0.6059,0.8525,1.0241,241
01195100,aifs,4,0.2549,0.3412,0.5213,0.8476,241
01333000,aifs,4,0.5931,0.5775,0.7881,0.8507,239
01350000,aifs,4,0.1497,0.0831,0.4112,0.6649,238
01350080,aifs,4,0.6384,0.5124,0.8499,0.7085,241
01350140,aifs,4,0.6652,0.5649,0.8562,0.6516,191
01365000,aifs,4,0.4464,0.4148,0.7015,0.8076,239
01411300,aifs,4,-0.0361,0.1021,0.2709,1.2158,232
01413500,aifs,4,0.4624,0.4016,0.7359,0.7815,239
01414500,aifs,4,0.1060,0.0471,0.4287,0.5709,239
01415000,aifs,4,0.3768,0.2364,0.8272,0.5732,196
01423000,aifs,4,0.4649,0.3594,0.8021,0.6899,241
01434025,aifs,4,0.2225,0.4883,0.5964,0.7026,241
01435000,aifs,4,0.4060,0.3901,0.6590,0.8288,240
01439500,aifs,4,0.6342,0.5871,0.8525,0.7731,239
01440000,aifs,4,0.6226,0.6034,0.8075,0.8878,241
01440400,aifs,4,0.7403,0.7455,0.8648,0.9489,215
01451800,aifs,4,0.4660,0.5109,0.6854,0.9769,239
01466500,aifs,4,-2.2494,-0.5968,0.8613,0.9969,239
01484100,aifs,4,-0.1791,0.4412,0.5368,1.2923,241
01485500,aifs,4,-5.4950,-1.1389,0.4718,2.3842,236
01486000,aifs,4,-1.4084,-0.0791,0.5786,1.8056,241
01487000,aifs,4,0.4904,0.7297,0.8018,1.0710,241
01491000,aifs,4,0.6603,0.6374,0.8250,0.9997,241
01510000,aifs,4,0.6660,0.6384,0.8294,0.9430,241
01516500,aifs,4,0.2299,0.1230,0.6174,0.5597,241
01518862,aifs,4,0.2924,0.2649,0.6387,0.6129,241
01532000,aifs,4,0.5893,0.6746,0.7751,0.8817,239
01539000,aifs,4,0.5916,0.6217,0.7949,0.8277,225
01542810,aifs,4,0.3634,0.3527,0.6387,0.7566,239
01543000,aifs,4,0.4763,0.5269,0.7307,0.7413,241
01543500,aifs,4,0.5605,0.5371,0.8027,0.7557,239
01544500,aifs,4,0.4672,0.3840,0.8366,0.6207,241
01545600,aifs,4,0.4395,0.3220,0.8326,0.6184,241
01547700,aifs,4,0.0658,-0.0003,0.2889,0.7459,241
01548500,aifs,4,0.3744,0.2974,0.7744,0.6025,239
01549500,aifs,4,0.5364,0.4420,0.8255,0.6731,239
01550000,aifs,4,0.4591,0.3777,0.7981,0.6489,239
01552000,aifs,4,0.4502,0.5151,0.7040,0.7876,241
01552500,aifs,4,0.4783,0.6434,0.7191,0.8451,241
01557500,aifs,4,0.2306,0.3479,0.4942,0.9368,241
01567500,aifs,4,0.2557,0.2909,0.5059,0.9934,241
01568000,aifs,4,0.5154,0.4710,0.7511,1.0653,241
01580000,aifs,4,0.3284,0.3805,0.5918,0.9009,237
01583500,aifs,4,0.3476,0.3858,0.6387,0.8265,241
01586610,aifs,4,0.4671,0.4808,0.7456,0.7723,207
01591400,aifs,4,0.2503,0.3319,0.5029,0.9926,241
01596500,aifs,4,0.2639,0.2264,0.5562,0.6949,239
01605500,aifs,4,-0.1940,0.4500,0.5063,1.1911,239
01606500,aifs,4,0.3820,0.5159,0.6444,0.8039,214
01613050,aifs,4,0.3010,0.3729,0.5489,1.0093,241
01620500,aifs,4,0.3515,0.2958,0.6865,0.5259,239
01632000,aifs,4,0.3685,0.5024,0.6129,0.9467,239
01632900,aifs,4,0.0560,0.5711,0.6112,1.0574,239
01634500,aifs,4,0.2364,0.3810,0.5040,0.9515,224
01638480,aifs,4,-0.6019,0.0735,0.5139,1.7769,236
01639500,aifs,4,0.4740,0.5009,0.6963,1.0720,241
01644000,aifs,4,-0.2236,0.1389,0.6898,1.8008,241
01658500,aifs,4,-0.1079,0.3984,0.4185,1.1433,210
01664000,aifs,4,0.4355,0.5241,0.6630,0.9314,241
01666500,aifs,4,0.5908,0.6214,0.7758,1.0745,226
01667500,aifs,4,0.5120,0.7102,0.7541,1.1366,219
01669000,aifs,4,0.5129,0.6721,0.7315,1.0857,216
01669520,aifs,4,-2.6025,-0.3976,0.7255,1.8677,239
02011400,aifs,4,0.3443,0.6093,0.6496,1.1449,241
02011460,aifs,4,0.4567,0.5178,0.6857,0.8207,241
02013000,aifs,4,0.2892,0.3909,0.5424,1.0675,241
02014000,aifs,4,0.2093,0.5680,0.5753,0.9793,241
02015700,aifs,4,0.5308,0.7200,0.7437,1.0286,223
02016000,aifs,4,0.5562,0.6971,0.7560,0.8953,241
02017500,aifs,4,0.3249,0.6673,0.7248,1.0852,239
02018000,aifs,4,0.6127,0.7967,0.8039,1.0507,234
02027000,aifs,4,0.5208,0.6870,0.7965,0.7691,221
02027500,aifs,4,0.6292,0.5542,0.8711,0.6253,224
02028500,aifs,4,0.4785,0.6006,0.7125,0.8430,216
02038850,aifs,4,0.2893,0.3768,0.5787,0.7623,239
02046000,aifs,4,0.3948,0.4494,0.7231,1.4678,231
02051000,aifs,4,0.1040,0.2660,0.3892,0.9053,241
02051500,aifs,4,0.4026,0.5566,0.6500,1.1384,239
02053200,aifs,4,-0.0527,0.2928,0.6077,1.5736,210
02053800,aifs,4,0.3566,0.4153,0.6147,0.8598,222
02055100,aifs,4,0.5133,0.6305,0.7226,1.0763,239
02056900,aifs,4,0.5609,0.6280,0.7758,0.8225,216
02059500,aifs,4,0.4763,0.6371,0.7517,0.7614,210
02064000,aifs,4,0.3910,0.3663,0.6831,0.6783,229
02065500,aifs,4,0.4668,0.4221,0.8232,0.6222,239
02069700,aifs,4,0.3769,0.4985,0.6451,1.1463,214
02070000,aifs,4,0.2855,0.4677,0.5717,1.1294,239
02074500,aifs,4,0.2822,0.5456,0.5833,1.0352,241
02077200,aifs,4,0.5696,0.6915,0.8363,1.1894,236
02081500,aifs,4,-0.1818,0.1592,0.2682,1.3334,241
02082950,aifs,4,-0.9182,0.0151,0.5838,1.6364,241
02092500,aifs,4,-3.2816,-0.6992,0.2802,2.2359,241
02096846,aifs,4,-0.7340,0.0676,0.1429,1.3671,241
02102908,aifs,4,0.3630,0.4556,0.6113,0.9130,241
02108000,aifs,4,0.5735,0.7264,0.7754,1.1257,241
02111180,aifs,4,0.0182,0.0143,0.2212,0.9889,241
02111500,aifs,4,-0.0286,0.2868,0.3460,0.9463,239
02118500,aifs,4,0.2536,0.6122,0.6152,1.0323,241
02128000,aifs,4,-0.0819,-0.4083,0.7461,2.3354,241
02137727,aifs,4,-0.1500,0.1094,0.1951,0.9503,241
02140991,aifs,4,-0.0280,0.1845,0.2936,1.0962,241
02143000,aifs,4,-0.4993,0.4231,0.5470,1.2474,241
02143040,aifs,4,-0.3368,0.4337,0.5037,0.9548,239
02149000,aifs,4,0.0819,0.1574,0.3291,1.0173,241
02152100,aifs,4,0.2457,0.5137,0.5552,1.0149,241
02177000,aifs,4,0.2085,0.2924,0.4744,1.0657,239
02178400,aifs,4,0.4790,0.6453,0.7036,0.9674,239
02193340,aifs,4,-0.6751,0.2288,0.4581,1.4074,241
02196000,aifs,4,0.1908,-0.0202,0.5886,0.4505,241
02198100,aifs,4,0.3355,0.2442,0.6659,1.2833,240
02202600,aifs,4,-0.3575,-0.2690,0.1885,1.7704,241
02212600,aifs,4,0.2726,0.3158,0.5225,1.0526,239
02215100,aifs,4,0.0165,-0.0907,0.2139,0.7191,241
02216180,aifs,4,-0.0500,-0.4102,-0.0084,0.4784,239
02221525,aifs,4,0.4033,0.4226,0.6470,1.0925,239
02231000,aifs,4,-0.7674,-0.0265,0.5521,1.7910,241
02231342,aifs,4,-0.7390,0.0245,0.6832,1.6760,241
02235200,aifs,4,-0.6901,0.3214,0.4355,1.2478,240
02245500,aifs,4,-1.7373,-0.0937,0.5655,1.3615,241
02246000,aifs,4,-0.7720,0.2806,0.5083,0.9344,239
02296500,aifs,4,0.5076,0.1159,0.7893,1.8330,230
02297155,aifs,4,0.0488,-0.1450,0.7009,0.2654,240
02297310,aifs,4,0.5462,0.5694,0.7519,0.7854,231
02298123,aifs,4,0.4340,0.2633,0.7826,0.5535,241
02298608,aifs,4,0.4908,0.6032,0.7679,1.3199,241
02299950,aifs,4,0.3212,0.4068,0.5989,0.7116,241
02300700,aifs,4,0.3200,0.1801,0.6627,0.5728,241
02310947,aifs,4,-0.2277,-1.0183,-0.2758,2.3268,241
02312200,aifs,4,-4.5692,-3.2254,-0.0038,5.0497,241
02314500,aifs,4,-0.2978,-0.4654,-0.1376,0.5470,241
02315500,aifs,4,-0.3264,-0.6844,-0.3043,0.4159,241
02324400,aifs,4,-0.2202,-1.0425,-0.5475,0.1095,241
02327100,aifs,4,-1.4902,-0.7118,0.7730,2.4592,239
02349900,aifs,4,0.2112,0.1339,0.5150,0.9830,241
02350900,aifs,4,0.3362,0.4375,0.7936,0.6707,241
02361000,aifs,4,0.5342,0.5145,0.8455,0.6832,241
02363000,aifs,4,0.2540,0.0309,0.8696,0.3821,239
02369800,aifs,4,0.2233,0.0198,0.8186,0.5053,240
02371500,aifs,4,0.2534,0.1430,0.6318,0.7722,241
02372250,aifs,4,0.3678,0.2636,0.7193,0.8408,239
02374500,aifs,4,0.4584,0.3474,0.7817,0.7868,241
02381600,aifs,4,-0.0966,-0.0130,0.1356,0.9637,241
02384540,aifs,4,0.0717,0.0939,0.3648,0.7678,241
02395120,aifs,4,-0.7384,0.2525,0.2735,0.9778,241
02408540,aifs,4,0.0121,0.4206,0.4375,0.9940,241
02415000,aifs,4,0.0815,0.3590,0.4198,1.0014,231
02422500,aifs,4,-0.0194,0.5143,0.6040,1.2342,224
02427250,aifs,4,0.6940,0.5926,0.8589,1.1779,241
02430085,aifs,4,-0.0488,0.1692,0.2671,1.0503,241
02450250,aifs,4,0.3342,0.3747,0.5797,1.0008,241
02464000,aifs,4,0.3361,0.5342,0.6034,0.9239,241
02465493,aifs,4,0.5227,0.6246,0.7331,1.1034,238
02469800,aifs,4,0.6225,0.4405,0.8630,0.6179,239
02472000,aifs,4,0.6139,0.4205,0.8622,0.6746,241
02472500,aifs,4,0.4296,0.6190,0.7317,0.7295,241
02479155,aifs,4,0.4494,0.2256,0.8303,0.6075,241
02479300,aifs,4,0.3196,0.1650,0.6341,0.5645,241
02481000,aifs,4,0.2542,-0.1004,0.8286,0.2510,241
02481510,aifs,4,0.3253,0.0268,0.8325,0.3706,241
03010655,aifs,4,0.4946,0.4011,0.8319,0.6435,212
03011800,aifs,4,0.2809,0.3983,0.5962,0.7520,241
03015500,aifs,4,0.6570,0.7444,0.8193,0.8795,241
03021350,aifs,4,0.4752,0.5472,0.7191,0.7268,239
03026500,aifs,4,0.3597,0.4571,0.6248,0.8116,241
03028000,aifs,4,0.3869,0.4951,0.7315,0.6792,241
03049800,aifs,4,0.0789,0.0083,0.3779,0.6171,239
03050000,aifs,4,0.2954,0.4916,0.5750,0.8848,239
03066000,aifs,4,0.4539,0.4446,0.7231,0.7105,241
03069500,aifs,4,0.4218,0.4514,0.6861,0.7216,239
03070500,aifs,4,0.5731,0.7904,0.8032,0.9907,239
03076600,aifs,4,0.3361,0.3241,0.6546,0.6485,241
03078000,aifs,4,0.1453,0.1925,0.4439,0.6783,241
03140000,aifs,4,0.2565,0.1771,0.5586,0.7824,239
03144000,aifs,4,0.3282,0.3027,0.5959,0.8299,241
03159540,aifs,4,0.4527,0.4788,0.6802,0.8394,241
03161000,aifs,4,0.0560,0.2304,0.3794,0.8568,241
03164000,aifs,4,0.3411,0.6283,0.6772,0.8532,241
03165000,aifs,4,-0.0095,0.1219,0.2770,0.8643,224
03170000,aifs,4,0.4356,0.5099,0.6873,0.8518,241
03173000,aifs,4,0.4084,0.6367,0.6830,0.8554,239
03180500,aifs,4,0.4768,0.5055,0.6998,0.8444,225
03182500,aifs,4,0.4982,0.6527,0.7130,0.9550,239
03186500,aifs,4,0.4527,0.5884,0.6816,0.8950,239
03187500,aifs,4,0.4976,0.7035,0.7413,0.8676,238
03213700,aifs,4,0.2264,0.5992,0.6035,1.0508,241
03237280,aifs,4,0.2655,0.2886,0.5335,0.6936,241
03237500,aifs,4,0.5065,0.6070,0.7120,1.0146,239
03241500,aifs,4,0.2583,0.1658,0.5792,0.6410,228
03280700,aifs,4,-0.5964,0.3216,0.4124,0.8041,213
03281100,aifs,4,-0.1076,0.4593,0.5167,0.7840,239
03281500,aifs,4,-0.0386,0.5006,0.5638,0.8036,228
03285000,aifs,4,-0.2568,0.1262,0.4175,1.6513,238
03291780,aifs,4,0.1699,0.1758,0.4143,0.8741,241
03300400,aifs,4,0.0003,0.0273,0.2211,0.8606,241
03340800,aifs,4,-0.2537,0.1472,0.2013,0.8597,193
03346000,aifs,4,0.1356,0.0096,0.4571,0.4200,241
03364500,aifs,4,0.0840,-0.0871,0.3557,0.5292,241
03366500,aifs,4,0.2118,0.1400,0.4842,0.6512,241
03368000,aifs,4,0.1237,0.0241,0.3702,0.6278,241
03384450,aifs,4,0.0245,-0.2466,0.1896,0.5046,241
03439000,aifs,4,-0.1386,-0.1390,0.1451,0.6740,239
03450000,aifs,4,0.0507,-0.0221,0.2757,0.8476,241
03455500,aifs,4,-0.1844,0.2566,0.3689,0.7000,239
03456500,aifs,4,-0.1931,0.0912,0.1953,0.8178,239
03460000,aifs,4,-0.2873,0.3548,0.5848,0.6265,241
03463300,aifs,4,-0.0094,0.3126,0.3688,0.9217,241
03471500,aifs,4,0.4418,0.6352,0.8072,0.7036,239
03473000,aifs,4,0.1416,0.5087,0.6237,0.7111,241
03479000,aifs,4,-0.2166,0.3530,0.3630,0.9059,239
03488000,aifs,4,0.4283,0.4750,0.7107,0.6999,241
03498500,aifs,4,-0.0379,0.3495,0.4407,0.7470,241
03500000,aifs,4,0.3549,0.6698,0.7388,0.8383,239
03504000,aifs,4,-0.0624,0.4808,0.5046,0.8664,239
03574500,aifs,4,0.1484,0.0340,0.4871,0.5567,241
03604000,aifs,4,-0.0734,-0.1945,0.0678,0.7806,239
04015330,aifs,4,0.2750,0.1050,0.5852,0.5071,200
04024430,aifs,4,0.5966,0.4516,0.8264,0.6158,241
04027000,aifs,4,0.4295,0.3841,0.6913,0.6729,241
04040500,aifs,4,0.8182,0.7209,0.9180,0.8544,241
04043050,aifs,4,0.7857,0.7944,0.8896,0.8858,182
04045500,aifs,4,0.8901,0.7729,0.9611,0.7906,237
04056500,aifs,4,0.4935,0.4159,0.7938,0.7039,231
04057510,aifs,4,0.8529,0.6476,0.9673,0.7512,161
04057800,aifs,4,0.7850,0.5723,0.9271,0.7003,241
04059500,aifs,4,0.8386,0.7663,0.9275,0.9578,241
04063700,aifs,4,0.7503,0.4902,0.9421,0.6148,241
04074950,aifs,4,0.6342,0.5226,0.9154,0.7424,241
04105700,aifs,4,0.6130,0.5875,0.8182,0.9196,241
04115265,aifs,4,0.5648,0.4658,0.8161,0.9577,241
04122200,aifs,4,0.5801,0.5490,0.8006,0.8589,241
04122500,aifs,4,0.8020,0.7578,0.9149,0.9187,239
04124000,aifs,4,0.8636,0.7880,0.9411,1.0198,241
04127997,aifs,4,0.4835,0.4427,0.7552,0.9037,204
04185000,aifs,4,0.6687,0.6571,0.8275,0.8464,218
04196800,aifs,4,0.5565,0.3886,0.8013,0.6374,241
04197100,aifs,4,0.4166,0.3752,0.6747,0.8589,241
04197170,aifs,4,0.2091,0.1532,0.4720,0.6319,241
04213000,aifs,4,0.4574,0.6956,0.7115,0.9356,239
04213075,aifs,4,0.1967,0.2128,0.4678,0.7918,237
04216418,aifs,4,0.5396,0.5731,0.7386,0.9816,241
04221000,aifs,4,0.1849,0.1895,0.6304,0.5445,241
04224775,aifs,4,0.2114,0.1394,0.6261,0.5343,239
04256000,aifs,4,0.7494,0.8303,0.8820,1.1189,239
04296000,aifs,4,0.5448,0.6453,0.7496,0.8600,241
05057000,aifs,4,-1.0191,0.0650,0.6252,0.5004,163
05057200,aifs,4,0.6097,0.7105,0.7814,0.9952,240
05062500,aifs,4,0.6959,0.6191,0.8637,0.8617,202
05087500,aifs,4,0.3596,0.4326,0.6003,0.9442,241
05120500,aifs,4,-10.0006,-1.4889,-0.0639,3.1893,210
05123400,aifs,4,-0.3950,-0.6564,-0.0244,0.1567,240
05129115,aifs,4,-0.8203,-0.8897,-0.2533,0.0000,241
05131500,aifs,4,0.0505,-0.0512,0.7312,0.3958,145
05291000,aifs,4,0.0354,0.1086,0.4042,0.6052,241
05362000,aifs,4,0.6311,0.5752,0.8206,0.7462,240
05393500,aifs,4,0.5586,0.5925,0.7591,0.7865,241
05399500,aifs,4,0.1516,0.3214,0.4702,0.6962,239
05408000,aifs,4,0.2086,0.1807,0.5238,0.8378,240
05412500,aifs,4,0.3021,0.3341,0.7036,0.6493,241
05413500,aifs,4,0.1853,0.3932,0.6685,0.7592,211
05414000,aifs,4,0.0732,0.2185,0.7724,0.6058,207
05444000,aifs,4,-0.0149,0.1782,0.3923,0.6430,239
05454000,aifs,4,0.1719,0.3237,0.5247,0.6420,241
05458000,aifs,4,0.0370,-0.0165,0.2945,0.6543,241
05466500,aifs,4,0.2995,0.2828,0.5690,0.7965,239
05487980,aifs,4,0.0553,0.0179,0.2953,0.6186,239
05488200,aifs,4,0.1170,-0.1063,0.4076,0.3626,239
05489000,aifs,4,0.1355,-0.1315,0.4717,0.3494,239
05495000,aifs,4,0.2364,0.4219,0.5152,0.9833,239
05495500,aifs,4,0.1884,0.0350,0.4737,0.4415,235
05501000,aifs,4,0.0658,-0.1254,0.2902,0.4675,239
05503800,aifs,4,0.2162,0.2843,0.4821,0.7271,241
05507600,aifs,4,0.0354,0.3766,0.4315,0.8219,241
05508805,aifs,4,-0.1352,0.4032,0.4774,1.2796,239
05514500,aifs,4,0.1583,0.0971,0.4169,0.6717,239
05525500,aifs,4,0.4387,0.5098,0.6627,0.9743,239
05556500,aifs,4,0.0444,-0.0672,0.4053,0.4589,241
05584500,aifs,4,0.2871,0.1360,0.6687,0.5280,239
05585000,aifs,4,0.4554,0.3281,0.7539,0.5911,241
05591550,aifs,4,-0.0030,0.0546,0.2534,0.7304,239
05592050,aifs,4,-0.1060,-0.0494,0.1473,0.6792,222
05592575,aifs,4,-0.0110,-0.0734,0.2196,0.5485,239
05593575,aifs,4,0.2149,0.3777,0.4932,0.8815,241
05593900,aifs,4,-0.0427,0.0007,0.2136,0.6491,239
05595730,aifs,4,0.2261,0.3019,0.4910,0.7504,241
06037500,aifs,4,-2.2658,0.3972,0.8550,1.2922,241
06043500,aifs,4,0.4257,0.4066,0.9612,1.3242,241
06154410,aifs,4,0.1788,0.1915,0.4724,0.7124,241
06188000,aifs,4,0.8654,0.9127,0.9379,0.9731,241
06191500,aifs,4,0.7410,0.6877,0.9394,1.1121,241
06221400,aifs,4,0.8307,0.8744,0.9274,1.0436,241
06224000,aifs,4,0.7079,0.8472,0.8532,1.0407,241
06289000,aifs,4,0.2888,0.5715,0.6442,0.8380,241
06332515,aifs,4,0.1531,0.0317,0.7804,0.6691,118
06339100,aifs,4,-0.1724,0.2698,0.4085,1.4263,177
06339500,aifs,4,-0.1358,0.0381,0.6293,0.2711,171
06344600,aifs,4,-1.5704,-1.4311,0.6238,3.2924,180
06350000,aifs,4,-2.9303,-0.4867,0.2581,2.0827,241
06352000,aifs,4,-0.0160,-0.1021,0.5165,1.3442,240
06353000,aifs,4,-0.0007,-0.1121,0.5157,0.8148,239
06354000,aifs,4,0.4106,0.2823,0.8765,0.4668,176
06360500,aifs,4,0.1289,0.1451,0.5296,1.5396,142
06404000,aifs,4,-1.5303,-0.2298,-0.1734,1.3679,208
06406000,aifs,4,-163.9194,-3.7959,0.9016,5.7468,183
06408700,aifs,4,-1568.9188,-3.9690,0.2326,1.5086,241
06409000,aifs,4,-1.1538,0.6412,0.9047,1.2501,196
06431500,aifs,4,-0.9966,0.4452,0.4549,1.0902,230
06440200,aifs,4,-0.0495,-0.4165,0.1528,0.1316,163
06441500,aifs,4,-0.7691,-1.2655,0.1972,2.9342,180
06447000,aifs,4,0.0087,-0.1997,0.2190,0.4803,143
06447500,aifs,4,-0.0826,-0.0473,0.5894,0.6960,241
06450500,aifs,4,0.0460,-0.1059,0.3321,1.0608,211
06452000,aifs,4,0.0074,-0.2960,0.1409,1.0158,178
06453600,aifs,4,-0.2874,-0.1968,0.2219,1.6741,238
06464500,aifs,4,-0.4707,0.2203,0.2377,1.1433,178
06477500,aifs,4,-63.0633,-7.1239,0.2036,5.3822,240
06479215,aifs,4,-0.2282,-0.2041,0.0109,0.6161,241
06479438,aifs,4,-0.1154,-0.4660,0.1193,0.2254,241
06601000,aifs,4,-0.1485,-0.3063,-0.0593,0.8128,241
06614800,aifs,4,0.7867,0.6276,0.9381,1.3393,241
06622700,aifs,4,-0.2726,0.1687,0.7646,1.6083,241
06623800,aifs,4,0.8233,0.9078,0.9138,0.9732,241
06632400,aifs,4,-0.3147,0.3248,0.4626,1.3866,241
06784000,aifs,4,-0.9667,-0.0370,0.1478,1.3299,241
06803510,aifs,4,0.0347,-0.2412,0.3209,0.5071,241
06803530,aifs,4,-0.0563,-0.2705,0.0281,0.6986,241
06814000,aifs,4,-0.1245,-0.3213,0.0233,0.3997,241
06846500,aifs,4,-0.0093,-0.4703,-0.0553,1.3845,241
06847900,aifs,4,-0.0186,-0.2935,0.0771,1.3209,241
06853800,aifs,4,-0.2462,-0.4620,-0.0009,1.6882,241
06876700,aifs,4,0.3617,0.4010,0.6320,0.6081,241
06878000,aifs,4,-0.0322,-0.4581,0.0962,0.3024,241
06879650,aifs,4,0.0301,-0.2564,0.3265,0.3713,240
06885500,aifs,4,-0.0365,-0.4018,0.1308,0.2936,241
06888500,aifs,4,-0.0343,-0.4506,0.0686,0.3200,241
06889200,aifs,4,-0.0969,-0.3529,0.0108,0.4245,241
06889500,aifs,4,0.0133,-0.1368,0.2008,0.5692,241
06892000,aifs,4,-0.0970,-0.2275,0.1224,0.4158,241
06903400,aifs,4,0.0593,-0.2873,0.4785,0.1874,241
06906800,aifs,4,0.2772,0.0243,0.6578,0.4018,241
06910800,aifs,4,-0.0317,-0.2706,0.1215,0.4623,241
06911900,aifs,4,-0.0176,-0.1900,0.1729,0.4751,241
06917000,aifs,4,0.1463,0.0099,0.4379,0.4307,241
06918460,aifs,4,0.2703,0.3586,0.5235,0.9487,241
06919500,aifs,4,-0.0640,0.0593,0.2968,0.5117,241
06921070,aifs,4,0.0087,-0.0569,0.2357,0.6104,241
06921200,aifs,4,-0.0355,-0.3595,0.1620,0.2987,241
06934000,aifs,4,0.1520,0.3991,0.5205,0.7253,240
07014500,aifs,4,0.0113,-0.1861,0.2188,0.6122,241
07056000,aifs,4,0.0958,0.2506,0.3922,0.8001,241
07057500,aifs,4,0.3007,0.3470,0.5882,0.8307,233
07060710,aifs,4,-0.0001,-0.3929,0.0296,1.0572,241
07066000,aifs,4,0.1053,0.0676,0.4266,0.7545,241
07067000,aifs,4,0.0116,0.2302,0.6735,0.5346,241
07068000,aifs,4,0.0919,0.2073,0.5739,0.7401,240
07071500,aifs,4,-0.2757,0.2410,0.4006,0.7785,241
07083000,aifs,4,-1.4159,-0.3698,0.8965,1.7072,241
07142300,aifs,4,-8.0679,-5.1044,-0.0168,6.9587,241
07145700,aifs,4,0.0887,-0.2812,0.5684,0.1897,238
07148400,aifs,4,-0.2226,0.3643,0.7661,1.4176,241
07149000,aifs,4,0.2917,0.5155,0.7953,1.4386,241
07151500,aifs,4,0.1614,-0.0646,0.6182,0.4550,241
07167500,aifs,4,0.1351,-0.1113,0.5009,1.5522,241
07180500,aifs,4,-0.0778,-0.2579,0.0364,0.6167,241
07184000,aifs,4,0.0510,-0.2547,0.2951,0.3144,239
07195800,aifs,4,0.1795,0.2651,0.4586,0.7799,239
07196900,aifs,4,0.1567,0.1019,0.4036,0.9010,240
07197000,aifs,4,0.3498,0.4277,0.5953,0.8971,241
07208500,aifs,4,0.1036,0.5230,0.7400,1.0648,241
07226500,aifs,4,-0.0190,-0.5703,-0.0066,0.2204,239
07261000,aifs,4,0.2635,0.3045,0.5387,1.3159,239
07263295,aifs,4,0.0104,-0.8640,0.4385,2.6364,239
07290650,aifs,4,0.1372,0.2810,0.4538,0.6997,241
07291000,aifs,4,-0.0638,0.0844,0.3456,0.4761,241
07292500,aifs,4,-0.0833,0.3318,0.3630,0.9025,241
07295000,aifs,4,0.1699,0.2094,0.4344,0.7242,241
07299670,aifs,4,-0.0592,-0.2143,0.1269,1.5417,231
07301410,aifs,4,-0.3220,-0.2699,-0.0813,0.7046,230
07301500,aifs,4,-0.1864,-0.5717,0.0432,1.7845,203
07315200,aifs,4,-0.1164,-0.1133,0.0918,0.6852,161
07315700,aifs,4,-0.9719,0.0503,0.2512,1.5229,218
07335700,aifs,4,0.0446,-0.1528,0.3451,0.4159,232
07340300,aifs,4,0.3024,0.3551,0.5718,0.7409,241
07346045,aifs,4,-0.4060,-0.1200,0.3783,0.3701,241
07359610,aifs,4,0.0475,0.1231,0.3676,1.4105,241
07362100,aifs,4,-0.0118,0.1355,0.5092,1.6774,241
07362587,aifs,4,0.1776,-0.1487,0.4984,1.9031,239
07373000,aifs,4,-0.0762,-0.0528,0.2277,0.5833,237
07375000,aifs,4,0.0304,0.0985,0.3454,0.5456,241
07376000,aifs,4,0.2720,0.5322,0.6116,0.7627,241
08013000,aifs,4,0.5406,0.3699,0.8330,0.6728,241
08014500,aifs,4,0.3238,0.1741,0.7585,0.5737,241
08023080,aifs,4,-0.2201,-0.3270,0.0763,1.8114,241
08025500,aifs,4,0.1610,0.0931,0.4125,0.8114,241
08029500,aifs,4,-0.1039,-0.0358,0.1272,1.1445,241
08050800,aifs,4,0.0022,-0.2992,0.1183,0.5795,240
08066200,aifs,4,0.0405,-0.2933,0.2587,0.3595,241
08066300,aifs,4,-0.0356,-0.4281,0.0899,0.2395,241
08070000,aifs,4,-0.5758,0.2031,0.6196,1.3999,241
08070200,aifs,4,0.0701,0.5026,0.5090,0.9445,241
08079600,aifs,4,-4.9440,-2.7823,0.2474,4.4251,196
08082700,aifs,4,-0.0115,-0.5012,-0.0535,0.5140,227
08086212,aifs,4,0.0003,-0.2907,0.0611,1.0924,241
08086290,aifs,4,-0.1828,-0.6544,0.0223,2.2110,241
08101000,aifs,4,-1.1590,0.0225,0.3512,1.5731,241
08103900,aifs,4,0.1159,0.0665,0.3492,0.7630,241
08104900,aifs,4,-0.0885,-0.1462,0.1462,0.5084,241
08109700,aifs,4,0.2093,0.5152,0.5782,1.2274,224
08150800,aifs,4,0.3461,0.0751,0.9526,0.5299,241
08155200,aifs,4,-0.4190,-0.8144,0.2584,2.6382,241
08158700,aifs,4,-4.3852,-7.7150,0.1681,9.6360,241
08158810,aifs,4,-0.0113,0.0429,0.2154,1.0558,241
08164000,aifs,4,-1.2786,-0.0972,0.3623,1.7163,241
08164300,aifs,4,0.0614,0.0907,0.2909,0.8882,238
08164600,aifs,4,-3.7203,-3.5757,0.4672,5.3519,241
08165300,aifs,4,0.5605,0.3431,0.9880,1.0107,241
08171300,aifs,4,-26.8834,-33.0447,0.7339,34.8407,241
08175000,aifs,4,0.2513,-0.0697,0.6251,0.2346,241
08176900,aifs,4,-8.5353,-5.8868,0.5690,7.4961,241
08178880,aifs,4,-0.0027,-0.3217,0.1835,0.3253,241
08189500,aifs,4,0.2682,0.5213,0.5705,0.9107,241
08190000,aifs,4,0.3170,0.2022,0.7227,0.8344,241
08190500,aifs,4,0.7511,-0.0306,0.9651,2.0000,235
08194200,aifs,4,0.0384,-0.2977,0.2342,0.3524,241
08195000,aifs,4,0.5124,0.2512,0.9511,0.6751,241
08196000,aifs,4,-0.0332,0.1177,0.3250,1.4651,229
08198500,aifs,4,0.5982,0.5773,0.7763,0.7802,241
08200000,aifs,4,0.0319,-0.0343,0.2621,0.5591,241
08202700,aifs,4,0.0325,-0.1012,0.2487,0.4524,240
08267500,aifs,4,-21.2375,-2.2116,0.7007,2.6168,241
08269000,aifs,4,-3.3199,-0.3438,0.7124,1.6900,241
08271000,aifs,4,-43.0492,-4.0969,0.7750,2.4389,241
08324000,aifs,4,0.1905,0.6054,0.7126,1.1164,241
08377900,aifs,4,-3.7514,-0.4418,0.4459,1.3065,241
08378500,aifs,4,-5.2132,-0.8669,0.6054,1.2875,233
08380500,aifs,4,-2.5295,-0.1257,0.4462,1.6105,241
09034900,aifs,4,0.1963,0.2408,0.8801,1.5633,237
09035900,aifs,4,0.5655,0.7542,0.8273,1.0826,207
09047700,aifs,4,-4.1446,-0.8905,0.8848,1.3865,239
09065500,aifs,4,0.7173,0.6486,0.9365,1.1334,241
09066000,aifs,4,-0.8689,0.1902,0.5919,1.1545,241
09066200,aifs,4,0.7043,0.6398,0.9257,1.2182,241
09066300,aifs,4,-0.3369,0.0043,0.8064,1.7846,241
09081600,aifs,4,0.1272,0.5997,0.6241,1.0232,241
09107000,aifs,4,-1.1322,-0.0092,0.7149,1.2379,240
09210500,aifs,4,-1.3774,0.0942,0.7384,1.5380,214
09223000,aifs,4,-2.6749,-0.5415,0.8828,1.9747,180
09306242,aifs,4,-381.1890,-4.1813,0.8972,6.0605,239
09312600,aifs,4,-2.1317,-0.6312,0.4887,2.4105,241
09352900,aifs,4,-0.5319,0.3229,0.5874,1.2420,211
09378170,aifs,4,0.2561,0.2677,0.5414,1.3163,241
09378630,aifs,4,,,,,241
09386900,aifs,4,-1.5419,-0.1592,0.0165,1.5735,241
09404450,aifs,4,0.6931,0.7446,0.8562,0.9009,241
09430500,aifs,4,-0.9779,0.1381,0.5953,0.2657,241
09430600,aifs,4,0.0582,0.1173,0.5669,0.2914,241
09447800,aifs,4,-2.2241,-0.6384,0.0358,2.0346,241
09480000,aifs,4,-0.5361,-3.1532,-0.0253,5.0045,241
09484000,aifs,4,-0.5915,-0.3342,0.1736,2.0441,216
09484600,aifs,4,-0.3323,-0.8608,0.1692,2.6355,240
09492400,aifs,4,-0.6140,0.3040,0.7298,1.5638,240
09494000,aifs,4,0.3794,0.6479,0.6618,0.9853,241
09497800,aifs,4,-0.1100,-0.6235,-0.2520,1.5137,241
09497980,aifs,4,-0.2857,0.1483,0.1866,0.9513,210
09505200,aifs,4,0.6558,0.7403,0.8130,1.1183,241
09505350,aifs,4,0.6353,0.5016,0.8056,1.4428,241
09505800,aifs,4,0.5083,0.6992,0.7857,1.1846,241
09508300,aifs,4,-0.2835,0.3071,0.3299,0.8296,241
09510200,aifs,4,-2.1731,-1.0034,0.1039,2.7151,222
09512280,aifs,4,-0.0773,-0.9758,-0.0702,2.4295,241
09513780,aifs,4,-3.9121,-6.0763,0.0488,8.0054,240
10023000,aifs,4,-14.7405,-0.6507,0.0851,2.2319,241
10166430,aifs,4,-13184.4640,-90.1398,0.5639,72.6122,241
10172700,aifs,4,-29.7570,-0.2855,0.6219,2.0139,241
10172800,aifs,4,-9.6042,-0.8725,0.8106,2.3545,241
10173450,aifs,4,-0.3788,0.3961,0.4185,0.9948,241
10205030,aifs,4,-188.5374,-9.8426,-0.0165,2.3226,241
10234500,aifs,4,-0.0968,-0.2720,-0.0267,0.8534,237
10242000,aifs,4,-29.1192,-3.7053,0.4141,4.5004,241
10244950,aifs,4,-36.8826,-1.5503,0.7130,1.5588,241
10249300,aifs,4,-44.3704,-4.5689,0.5171,4.3294,240
10258000,aifs,4,,,,,69
10258500,aifs,4,0.0224,-0.3417,0.1948,0.3917,241
10259000,aifs,4,0.7737,0.6796,0.9098,1.0677,241
10259200,aifs,4,-11.9747,-5.9288,0.7669,7.2053,241
10263500,aifs,4,-0.4603,0.1323,0.8171,1.2546,241
10310500,aifs,4,-1.4635,0.1867,0.9108,1.7730,241
10316500,aifs,4,-0.3338,0.3339,0.6770,1.2394,241
10329500,aifs,4,0.1379,0.3579,0.8688,1.2214,241
10336645,aifs,4,0.5402,0.6882,0.7493,1.1234,227
10336660,aifs,4,0.5393,0.7194,0.7470,1.0258,241
10343500,aifs,4,0.6137,0.4821,0.8752,0.7841,241
10348850,aifs,4,-2.2468,0.0047,0.8207,1.7189,241
10396000,aifs,4,0.5665,0.7608,0.8363,1.1707,241
11098000,aifs,4,-0.1945,0.2890,0.6411,1.4837,241
11124500,aifs,4,-2.6223,-0.9636,0.9072,2.4125,241
11141280,aifs,4,0.5579,0.4723,0.7998,1.0672,241
11143000,aifs,4,0.5930,0.6345,0.7757,1.1547,241
11148900,aifs,4,0.4410,0.1371,0.8107,0.4478,241
11151300,aifs,4,0.3855,0.2715,0.7653,0.8970,241
11162500,aifs,4,0.5934,0.4202,0.8324,0.6596,241
11176400,aifs,4,0.3559,0.3082,0.6067,0.5987,144
11180500,aifs,4,-0.6176,-0.6453,0.8064,2.3641,241
11180960,aifs,4,-0.9401,-0.6635,0.5276,2.5113,241
11224500,aifs,4,-0.0095,-0.5432,0.1146,0.1399,241
11253310,aifs,4,0.0053,-0.2607,0.1859,0.3906,241
11264500,aifs,4,-0.5908,0.2145,0.2157,0.9597,241
11266500,aifs,4,-0.4424,0.3227,0.3316,1.0851,241
11274500,aifs,4,0.3478,0.5650,0.6194,0.9123,241
11274630,aifs,4,0.1165,0.5881,0.6337,1.0869,241
11284400,aifs,4,0.0280,-0.3015,0.2835,0.2143,241
11299600,aifs,4,0.0861,0.0493,0.3246,0.6336,238
11381500,aifs,4,0.4538,0.3668,0.7526,1.0081,241
11383500,aifs,4,0.5507,0.4589,0.8029,1.0652,241
11451100,aifs,4,0.4270,0.4371,0.6635,0.9835,106
11468500,aifs,4,0.2704,0.1668,0.6354,0.8149,241
11473900,aifs,4,0.3682,0.2673,0.7189,0.8719,241
11475560,aifs,4,0.4239,0.3853,0.6827,0.9240,241
11476600,aifs,4,0.6120,0.5438,0.8155,1.0534,240
11478500,aifs,4,0.4156,0.3869,0.6543,1.2718,241
11480390,aifs,4,0.2907,0.2161,0.6050,0.8883,241
11481200,aifs,4,0.4430,0.4381,0.6798,1.0747,241
11482500,aifs,4,0.6430,0.5402,0.8239,1.3287,241
11522500,aifs,4,0.2382,0.4124,0.6738,1.4886,241
11523200,aifs,4,-0.3568,0.1054,0.6933,1.7539,241
11528700,aifs,4,0.5144,0.4654,0.7486,1.1027,241
11532500,aifs,4,0.7147,0.7146,0.8498,1.0831,241
12010000,aifs,4,0.8161,0.6949,0.9258,0.7688,241
12013500,aifs,4,0.8516,0.9014,0.9251,0.9404,241
12020000,aifs,4,0.8032,0.7070,0.9129,0.7250,241
12025000,aifs,4,0.7842,0.7224,0.9352,1.1593,241
12025700,aifs,4,0.8402,0.8778,0.9284,0.9249,241
12035000,aifs,4,0.8971,0.8422,0.9536,0.9061,241
12040500,aifs,4,0.7411,0.7755,0.8680,0.8641,241
12041200,aifs,4,0.7361,0.8074,0.8927,0.8615,241
12043000,aifs,4,0.7875,0.7170,0.9056,0.8290,241
12048000,aifs,4,0.5340,0.6593,0.8991,1.2459,241
12054000,aifs,4,0.4703,0.5312,0.8980,1.3292,241
12056500,aifs,4,0.6313,0.7415,0.8670,0.9064,241
12073500,aifs,4,0.5730,0.7711,0.7973,1.0996,240
12082500,aifs,4,0.4636,0.4309,0.7093,1.0084,235
12092000,aifs,4,0.2501,0.2761,0.5035,0.9692,241
12095000,aifs,4,0.6899,0.6870,0.8376,0.9172,241
12114500,aifs,4,0.5795,0.4851,0.8180,1.0576,241
12115000,aifs,4,0.5597,0.4786,0.7988,1.0291,241
12115500,aifs,4,0.5435,0.4860,0.7725,0.9115,241
12117000,aifs,4,0.6721,0.6747,0.8260,1.0087,241
12141300,aifs,4,0.4034,0.3993,0.6515,1.0887,241
12143600,aifs,4,0.4931,0.4479,0.7344,1.1910,238
12144000,aifs,4,0.6065,0.5783,0.7962,1.0154,240
12145500,aifs,4,0.7363,0.8531,0.8645,0.9550,241
12147600,aifs,4,0.4291,0.4874,0.6564,0.9509,241
12167000,aifs,4,0.7467,0.7370,0.8740,1.1848,241
12175500,aifs,4,0.0663,0.5712,0.6115,1.1260,241
12186000,aifs,4,0.5537,0.6391,0.7587,1.1614,238
12189500,aifs,4,0.6150,0.6817,0.8344,1.2571,240
12358500,aifs,4,0.6184,0.7934,0.8355,1.0622,241
12377150,aifs,4,0.5554,0.7770,0.7772,0.9917,241
12381400,aifs,4,0.3301,0.4937,0.8601,1.2312,208
12390700,aifs,4,0.4225,0.6296,0.7013,1.1793,241
12411000,aifs,4,0.7754,0.7378,0.9042,1.2362,230
12414500,aifs,4,0.6741,0.6971,0.8310,0.9093,241
12447390,aifs,4,-0.2027,-0.2449,0.2223,0.3571,241
12451000,aifs,4,0.4789,0.6749,0.8135,1.2231,241
12488500,aifs,4,0.6035,0.7258,0.8058,1.1615,241
13011500,aifs,4,0.7279,0.6108,0.9392,1.2976,241
13011900,aifs,4,0.7905,0.8091,0.9237,0.9617,241
13018300,aifs,4,-0.4845,-0.0204,0.9306,1.4815,241
13023000,aifs,4,0.5471,0.7695,0.8130,0.9044,199
13161500,aifs,4,0.6674,0.6858,0.8460,0.7886,241
13235000,aifs,4,0.5900,0.6611,0.7839,0.8912,239
13240000,aifs,4,0.7723,0.8567,0.8798,1.0064,162
13310700,aifs,4,0.5934,0.5048,0.9011,0.6747,241
13313000,aifs,4,0.6962,0.4852,0.9583,0.6446,241
13331500,aifs,4,0.4914,0.5391,0.8986,1.2140,241
13337000,aifs,4,0.6800,0.6982,0.8540,0.8309,241
13338500,aifs,4,0.8076,0.8641,0.9144,1.0988,241
13340000,aifs,4,0.4958,0.6279,0.7556,0.7933,241
13340600,aifs,4,0.6034,0.6153,0.8806,0.7093,241
14020000,aifs,4,0.3578,0.2151,0.7779,0.6517,241
14092750,aifs,4,0.7501,0.6374,0.9156,0.8826,241
14096850,aifs,4,-1.1323,0.4018,0.8319,0.4487,241
14137000,aifs,4,0.7267,0.6567,0.8742,1.0300,236
14138800,aifs,4,0.5940,0.5953,0.7793,0.9271,241
14138870,aifs,4,0.6985,0.7092,0.8419,0.8579,241
14138900,aifs,4,0.4227,0.4226,0.6643,0.8958,241
14139800,aifs,4,0.7324,0.7337,0.8608,0.8559,239
14141500,aifs,4,0.7556,0.7832,0.8717,0.8991,241
14154500,aifs,4,0.7901,0.6984,0.9092,1.0841,241
14158500,aifs,4,0.7685,0.6883,0.9190,1.0829,226
14158790,aifs,4,0.6060,0.5564,0.8044,1.0167,237
14166500,aifs,4,0.5047,0.4663,0.7381,0.9168,241
14182500,aifs,4,0.6454,0.5484,0.8406,0.8161,241
14185000,aifs,4,0.7450,0.7210,0.8713,1.0207,241
14185900,aifs,4,0.6431,0.6816,0.8038,0.9999,238
14187000,aifs,4,0.6833,0.6766,0.8342,1.0708,239
14216500,aifs,4,0.9139,0.8918,0.9583,1.0555,238
14222500,aifs,4,0.8480,0.7746,0.9317,1.0615,241
14236200,aifs,4,0.8640,0.8833,0.9311,0.9241,240
14301000,aifs,4,0.7858,0.7983,0.8882,0.9817,240
14303200,aifs,4,0.6009,0.4981,0.8337,0.9722,241
14305500,aifs,4,0.6523,0.6648,0.8128,0.9582,239
14306340,aifs,4,0.5562,0.4571,0.7963,0.7642,241
14306500,aifs,4,0.7396,0.6686,0.8803,0.9182,241
14308990,aifs,4,0.4830,0.3784,0.7839,0.9089,241
14309500,aifs,4,0.6487,0.6769,0.8081,0.9625,241
14316700,aifs,4,0.7046,0.6218,0.8680,1.0478,241
14325000,aifs,4,0.7106,0.8080,0.8443,0.9755,241
14362250,aifs,4,0.2226,0.0735,0.7011,0.4952,148
14400000,aifs,4,0.8414,0.7679,0.9237,0.8542,241
01013500,aifs,5,0.8917,0.8030,0.9556,0.8555,241
01022500,aifs,5,0.6719,0.6647,0.8278,1.0172,241
01030500,aifs,5,0.7795,0.8194,0.9136,1.0769,241
01031500,aifs,5,0.5903,0.7664,0.7813,1.0251,239
01047000,aifs,5,0.4850,0.7006,0.7197,0.9692,241
01052500,aifs,5,0.4163,0.4151,0.6684,0.7199,241
01054200,aifs,5,0.2212,0.1115,0.5501,0.4953,241
01055000,aifs,5,0.3597,0.5700,0.6259,0.9311,241
01057000,aifs,5,0.7139,0.7684,0.8471,0.9271,241
01073000,aifs,5,0.7453,0.8344,0.8861,1.0942,241
01078000,aifs,5,0.2806,0.3644,0.5871,0.6833,239
01118300,aifs,5,0.3204,0.4561,0.6036,0.7832,239
01121000,aifs,5,0.6754,0.7448,0.8308,1.1509,239
01123000,aifs,5,0.7541,0.6764,0.8892,0.8928,241
01134500,aifs,5,0.6799,0.7294,0.8344,0.8358,239
01137500,aifs,5,0.4176,0.4847,0.6736,0.7687,241
01139000,aifs,5,0.5932,0.7427,0.7840,0.9034,237
01139800,aifs,5,0.7575,0.8408,0.8758,1.0748,241
01142500,aifs,5,0.6718,0.7086,0.8310,0.8625,239
01144000,aifs,5,0.7977,0.8746,0.8992,0.9298,241
01169000,aifs,5,0.6442,0.6701,0.8059,0.9867,239
01170100,aifs,5,0.7096,0.7305,0.8476,0.9002,240
01181000,aifs,5,0.8838,0.8861,0.9409,1.0418,239
01187300,aifs,5,0.7251,0.5941,0.9009,0.9806,241
01195100,aifs,5,0.3004,0.3209,0.5724,0.8029,241
01333000,aifs,5,0.5749,0.5727,0.7739,0.8507,239
01350000,aifs,5,0.1312,0.0670,0.3871,0.6646,238
01350080,aifs,5,0.6318,0.5241,0.8389,0.7230,241
01350140,aifs,5,0.6564,0.5678,0.8493,0.6561,191
01365000,aifs,5,0.3716,0.3512,0.6421,0.7957,239
01411300,aifs,5,-0.0737,0.0635,0.2222,1.1933,232
01413500,aifs,5,0.4151,0.3765,0.6922,0.7745,239
01414500,aifs,5,0.0946,0.0419,0.4110,0.5748,239
01415000,aifs,5,0.3561,0.2213,0.8180,0.5598,196
01423000,aifs,5,0.4223,0.3457,0.7571,0.6828,241
01434025,aifs,5,0.1547,0.4501,0.5584,0.6906,241
01435000,aifs,5,0.3353,0.3256,0.5993,0.8123,240
01439500,aifs,5,0.6093,0.5529,0.8499,0.7563,239
01440000,aifs,5,0.5832,0.5567,0.7900,0.8612,241
01440400,aifs,5,0.7308,0.6959,0.8679,0.9127,215
01451800,aifs,5,0.3932,0.4489,0.6287,0.9591,239
01466500,aifs,5,-2.4266,-0.6420,0.8579,0.9948,239
01484100,aifs,5,-0.2220,0.4316,0.5278,1.2863,241
01485500,aifs,5,-4.7228,-0.9906,0.5056,2.2756,236
01486000,aifs,5,-1.1622,-0.0065,0.5979,1.7527,241
01487000,aifs,5,0.5102,0.7432,0.8031,1.0567,241
01491000,aifs,5,0.7022,0.6253,0.8650,0.9943,241
01510000,aifs,5,0.6555,0.6366,0.8213,0.9412,241
01516500,aifs,5,0.1780,0.0614,0.6000,0.5260,241
01518862,aifs,5,0.2809,0.2447,0.6411,0.5965,241
01532000,aifs,5,0.5148,0.5907,0.7302,0.8466,239
01539000,aifs,5,0.5548,0.5529,0.7874,0.7992,225
01542810,aifs,5,0.4031,0.3637,0.6826,0.7487,239
01543000,aifs,5,0.4583,0.5107,0.7223,0.7285,241
01543500,aifs,5,0.5000,0.5107,0.7616,0.7454,239
01544500,aifs,5,0.4267,0.3593,0.8158,0.6098,241
01545600,aifs,5,0.4065,0.2988,0.8174,0.6087,241
01547700,aifs,5,0.0586,-0.0659,0.2787,0.7106,241
01548500,aifs,5,0.3330,0.2655,0.7555,0.5877,239
01549500,aifs,5,0.5107,0.3977,0.8343,0.6564,239
01550000,aifs,5,0.4159,0.3328,0.7904,0.6309,239
01552000,aifs,5,0.4232,0.4672,0.6945,0.7641,241
01552500,aifs,5,0.4743,0.5780,0.7152,0.8080,241
01557500,aifs,5,0.2050,0.3081,0.4710,0.9077,241
01567500,aifs,5,0.1862,0.2266,0.4334,0.9915,241
01568000,aifs,5,0.3950,0.4150,0.6379,1.0673,241
01580000,aifs,5,0.2671,0.3921,0.5384,0.9082,237
01583500,aifs,5,0.2961,0.3844,0.5843,0.8342,241
01586610,aifs,5,0.4894,0.5121,0.7521,0.7830,207
01591400,aifs,5,0.1803,0.2284,0.4286,0.9798,241
01596500,aifs,5,0.1981,0.1928,0.4789,0.7052,239
01605500,aifs,5,-0.1045,0.4281,0.4527,1.1649,239
01606500,aifs,5,0.0683,0.4367,0.4836,0.8207,214
01613050,aifs,5,0.3298,0.4027,0.5745,1.0163,241
01620500,aifs,5,0.3196,0.2993,0.6544,0.5318,239
01632000,aifs,5,0.0336,0.3859,0.4222,0.9392,239
01632900,aifs,5,0.1255,0.5621,0.5626,1.0213,239
01634500,aifs,5,0.1517,0.3112,0.4323,0.9369,224
01638480,aifs,5,-0.8303,0.0201,0.4312,1.7817,236
01639500,aifs,5,0.4186,0.5011,0.6507,1.0859,241
01644000,aifs,5,-0.2254,0.1507,0.6447,1.7713,241
01658500,aifs,5,-0.3148,0.2663,0.2817,1.1156,210
01664000,aifs,5,0.3127,0.4334,0.5695,0.9140,241
01666500,aifs,5,0.4791,0.5444,0.6948,1.0508,226
01667500,aifs,5,0.3145,0.6305,0.6545,1.1242,219
01669000,aifs,5,0.4509,0.6154,0.6825,1.0483,216
01669520,aifs,5,-2.3598,-0.3172,0.7069,1.8390,239
02011400,aifs,5,-0.1304,0.4634,0.5078,1.1795,241
02011460,aifs,5,0.1443,0.4816,0.5216,0.8523,241
02013000,aifs,5,0.0623,0.2999,0.3850,1.0807,241
02014000,aifs,5,-0.1169,0.4599,0.4612,0.9851,241
02015700,aifs,5,0.1884,0.5985,0.6010,1.0414,223
02016000,aifs,5,0.2557,0.6051,0.6146,0.9237,241
02017500,aifs,5,0.0050,0.5466,0.5913,1.0928,239
02018000,aifs,5,0.3741,0.6503,0.6633,1.0457,234
02027000,aifs,5,0.5398,0.6806,0.7924,0.7577,221
02027500,aifs,5,0.5943,0.5474,0.8493,0.6249,224
02028500,aifs,5,0.4497,0.5579,0.6913,0.8391,216
02038850,aifs,5,-0.0219,0.1648,0.3178,0.7496,239
02046000,aifs,5,0.3722,0.4277,0.6755,1.4173,231
02051000,aifs,5,0.0465,0.0877,0.2874,0.8102,241
02051500,aifs,5,0.2936,0.4985,0.5744,1.1025,239
02053200,aifs,5,-0.3036,0.2342,0.5377,1.5754,210
02053800,aifs,5,0.2272,0.2724,0.5018,0.8458,222
02055100,aifs,5,0.3123,0.5703,0.6115,1.0897,239
02056900,aifs,5,0.4809,0.5509,0.7294,0.8029,216
02059500,aifs,5,0.0893,0.4597,0.5316,0.7590,210
02064000,aifs,5,0.1482,0.2145,0.4677,0.6600,229
02065500,aifs,5,0.3609,0.3634,0.7522,0.6154,239
02069700,aifs,5,0.2200,0.3437,0.5019,1.1167,214
02070000,aifs,5,0.0827,0.2379,0.3732,1.1043,239
02074500,aifs,5,0.0918,0.3148,0.4018,0.9955,241
02077200,aifs,5,0.2243,0.5423,0.5664,1.0751,236
02081500,aifs,5,-0.1133,0.0772,0.2078,1.2399,241
02082950,aifs,5,-0.6133,0.1123,0.6285,1.5820,241
02092500,aifs,5,-3.4937,-0.7673,0.2625,2.3037,241
02096846,aifs,5,-0.3359,0.0540,0.1283,1.2340,241
02102908,aifs,5,0.3437,0.3662,0.6057,0.8958,241
02108000,aifs,5,0.5576,0.7210,0.7704,1.1385,241
02111180,aifs,5,0.0364,-0.0336,0.2192,0.9679,241
02111500,aifs,5,-0.0399,0.2163,0.3018,0.9391,239
02118500,aifs,5,0.0309,0.4481,0.4606,1.0204,241
02128000,aifs,5,0.1947,-0.2612,0.6802,2.2175,241
02137727,aifs,5,-0.0606,0.1407,0.2473,0.9509,241
02140991,aifs,5,-0.0210,0.1227,0.2617,1.0885,241
02143000,aifs,5,-0.5284,0.4006,0.4774,1.2459,241
02143040,aifs,5,-0.4818,0.3800,0.4346,0.9575,239
02149000,aifs,5,0.0460,0.1622,0.3080,1.0196,241
02152100,aifs,5,-0.1203,0.3677,0.3779,1.0243,241
02177000,aifs,5,0.2100,0.3258,0.4827,1.0691,239
02178400,aifs,5,0.5286,0.6623,0.7347,0.9609,239
02193340,aifs,5,-0.9632,0.1410,0.2959,1.3944,241
02196000,aifs,5,0.1391,-0.0344,0.4378,0.4936,241
02198100,aifs,5,0.3119,0.2359,0.6279,1.2865,240
02202600,aifs,5,-0.5458,-0.1741,0.2213,1.8159,241
02212600,aifs,5,0.1528,0.2138,0.4013,1.0368,239
02215100,aifs,5,0.0768,-0.0216,0.3175,0.7100,241
02216180,aifs,5,-0.0623,-0.4428,-0.0478,0.4713,239
02221525,aifs,5,0.2590,0.3487,0.5186,1.0969,239
02231000,aifs,5,-0.9543,-0.0456,0.5237,1.7597,241
02231342,aifs,5,-1.0230,-0.0511,0.6463,1.7045,241
02235200,aifs,5,-0.5912,0.3511,0.4576,1.2339,240
02245500,aifs,5,-1.9283,-0.1718,0.5877,1.3900,241
02246000,aifs,5,-1.1346,0.1635,0.4908,0.9870,239
02296500,aifs,5,0.5133,0.1466,0.7893,1.8078,230
02297155,aifs,5,0.0246,-0.1671,0.6438,0.2563,240
02297310,aifs,5,0.5304,0.5271,0.7471,0.7533,231
02298123,aifs,5,0.4217,0.2435,0.7827,0.5291,241
02298608,aifs,5,0.3810,0.5968,0.6911,1.2510,241
02299950,aifs,5,0.2441,0.4069,0.5536,0.7169,241
02300700,aifs,5,0.3154,0.1664,0.6698,0.5590,241
02310947,aifs,5,-0.2279,-1.0191,-0.2761,2.3277,241
02312200,aifs,5,-4.5692,-3.2254,-0.0038,5.0497,241
02314500,aifs,5,-0.2499,-0.3560,-0.0122,0.5553,241
02315500,aifs,5,-0.3264,-0.6844,-0.3043,0.4159,241
02324400,aifs,5,-0.2202,-1.0425,-0.5475,0.1095,241
02327100,aifs,5,-1.4117,-0.6448,0.7489,2.4043,239
02349900,aifs,5,0.2019,0.1218,0.5029,0.9511,241
02350900,aifs,5,0.2784,0.4134,0.7552,0.6644,241
02361000,aifs,5,0.5401,0.5187,0.8486,0.6834,241
02363000,aifs,5,0.2314,0.0129,0.8699,0.3709,239
02369800,aifs,5,0.2131,0.0017,0.8707,0.4837,240
02371500,aifs,5,0.2279,0.1109,0.6422,0.7573,241
02372250,aifs,5,0.3417,0.2198,0.7551,0.8123,239
02374500,aifs,5,0.4737,0.3509,0.8027,0.7820,241
02381600,aifs,5,-0.0551,0.0885,0.2167,0.9682,241
02384540,aifs,5,0.0127,0.0717,0.3036,0.7636,241
02395120,aifs,5,-0.7007,0.2705,0.2933,0.9825,241
02408540,aifs,5,-0.0389,0.4152,0.4250,0.9937,241
02415000,aifs,5,0.1511,0.3905,0.4624,0.9941,231
02422500,aifs,5,-0.0009,0.5186,0.5982,1.2327,224
02427250,aifs,5,0.7236,0.6387,0.8623,1.2218,241
02430085,aifs,5,0.1464,0.2649,0.4119,1.0476,241
02450250,aifs,5,0.3388,0.3210,0.6014,0.9549,241
02464000,aifs,5,0.2775,0.4631,0.5546,0.8884,241
02465493,aifs,5,0.5198,0.6110,0.7293,1.0951,238
02469800,aifs,5,0.6374,0.4811,0.8542,0.6319,239
02472000,aifs,5,0.5533,0.3722,0.8300,0.6544,241
02472500,aifs,5,0.3733,0.5904,0.6966,0.7254,241
02479155,aifs,5,0.4998,0.2811,0.8289,0.6257,241
02479300,aifs,5,0.2949,0.0884,0.6800,0.4997,241
02481000,aifs,5,0.2981,-0.0762,0.8990,0.2642,241
02481510,aifs,5,0.3220,0.0130,0.8622,0.3593,241
03010655,aifs,5,0.4496,0.3737,0.8058,0.6337,212
03011800,aifs,5,0.2687,0.3973,0.5885,0.7493,241
03015500,aifs,5,0.5947,0.7408,0.7861,0.8915,241
03021350,aifs,5,0.2878,0.5026,0.6076,0.7480,239
03026500,aifs,5,0.3492,0.4551,0.6180,0.8084,241
03028000,aifs,5,0.3683,0.4899,0.7236,0.6715,241
03049800,aifs,5,0.0578,0.0007,0.3457,0.6166,239
03050000,aifs,5,0.0873,0.4573,0.4826,0.9147,239
03066000,aifs,5,0.3756,0.4163,0.6597,0.7076,241
03069500,aifs,5,0.3164,0.4226,0.6038,0.7342,239
03070500,aifs,5,0.4366,0.7271,0.7549,0.9967,239
03076600,aifs,5,0.2370,0.2845,0.5612,0.6503,241
03078000,aifs,5,0.0694,0.1574,0.3736,0.6859,241
03140000,aifs,5,0.1819,0.1391,0.4379,0.8130,239
03144000,aifs,5,0.2062,0.2418,0.4607,0.8583,241
03159540,aifs,5,0.2899,0.4138,0.5508,0.8702,241
03161000,aifs,5,0.0758,0.1504,0.3784,0.8428,241
03164000,aifs,5,0.4009,0.5664,0.7012,0.8371,241
03165000,aifs,5,0.0058,0.0373,0.2527,0.8505,224
03170000,aifs,5,0.3360,0.3822,0.6248,0.8295,241
03173000,aifs,5,0.2264,0.4810,0.5514,0.8336,239
03180500,aifs,5,0.3719,0.4943,0.6193,0.8716,225
03182500,aifs,5,0.2349,0.5946,0.5979,0.9989,239
03186500,aifs,5,0.4082,0.6083,0.6611,0.9197,239
03187500,aifs,5,0.3637,0.6750,0.6914,0.8999,238
03213700,aifs,5,0.1150,0.5428,0.5493,1.0725,241
03237280,aifs,5,0.1831,0.2626,0.4591,0.7326,241
03237500,aifs,5,0.2971,0.5034,0.5743,1.0657,239
03241500,aifs,5,0.1664,0.1137,0.4492,0.6564,228
03280700,aifs,5,-0.3529,0.3538,0.4013,0.7789,213
03281100,aifs,5,-0.0897,0.4601,0.5078,0.7928,239
03281500,aifs,5,-0.0527,0.4846,0.5328,0.8042,228
03285000,aifs,5,-0.4017,0.0751,0.3565,1.6642,238
03291780,aifs,5,-0.0023,0.0652,0.2348,0.8989,241
03300400,aifs,5,-0.0241,0.0538,0.2187,0.8718,241
03340800,aifs,5,-0.5326,0.2019,0.2071,0.9170,193
03346000,aifs,5,0.0461,-0.0031,0.3503,0.4529,241
03364500,aifs,5,0.0529,-0.1043,0.2909,0.5430,241
03366500,aifs,5,0.0613,0.0593,0.3079,0.6818,241
03368000,aifs,5,-0.0002,-0.0688,0.2063,0.6404,241
03384450,aifs,5,0.0988,-0.1084,0.3534,0.5407,241
03439000,aifs,5,-0.1696,-0.1195,0.1269,0.6803,239
03450000,aifs,5,0.0580,-0.0102,0.2892,0.8459,241
03455500,aifs,5,-0.1066,0.2848,0.4073,0.7068,239
03456500,aifs,5,-0.1341,0.0699,0.2054,0.8128,239
03460000,aifs,5,-0.2674,0.3508,0.6161,0.6189,241
03463300,aifs,5,0.0094,0.2983,0.3695,0.9017,241
03471500,aifs,5,0.4503,0.5726,0.8222,0.6863,239
03473000,aifs,5,0.1951,0.4491,0.6431,0.6904,241
03479000,aifs,5,0.1110,0.3266,0.4339,0.8858,239
03488000,aifs,5,0.3708,0.3688,0.6902,0.6787,241
03498500,aifs,5,-0.0662,0.2743,0.3942,0.7330,241
03500000,aifs,5,0.3094,0.6831,0.7279,0.8416,239
03504000,aifs,5,-0.1534,0.4731,0.4910,0.8643,239
03574500,aifs,5,0.1304,0.0456,0.4375,0.5678,241
03604000,aifs,5,-0.0876,-0.2256,0.0397,0.7679,239
04015330,aifs,5,0.2398,0.0902,0.5314,0.5020,200
04024430,aifs,5,0.5868,0.4559,0.8160,0.6206,241
04027000,aifs,5,0.4318,0.3825,0.6941,0.6758,241
04040500,aifs,5,0.8134,0.7304,0.9130,0.8608,241
04043050,aifs,5,0.7880,0.8043,0.8905,0.8908,182
04045500,aifs,5,0.8853,0.7773,0.9578,0.7926,237
04056500,aifs,5,0.5068,0.4245,0.8022,0.7070,231
04057510,aifs,5,0.8564,0.6533,0.9676,0.7533,161
04057800,aifs,5,0.7861,0.5801,0.9251,0.7045,241
04059500,aifs,5,0.8380,0.7537,0.9299,0.9556,241
04063700,aifs,5,0.7231,0.4590,0.9403,0.6076,241
04074950,aifs,5,0.6240,0.5181,0.9091,0.7421,241
04105700,aifs,5,0.6083,0.5771,0.8195,0.9163,241
04115265,aifs,5,0.5658,0.4610,0.8218,0.9589,241
04122200,aifs,5,0.5502,0.5135,0.7891,0.8507,241
04122500,aifs,5,0.7777,0.7265,0.9066,0.9123,239
04124000,aifs,5,0.8213,0.7387,0.9226,1.0102,241
04127997,aifs,5,0.4914,0.4349,0.7717,0.9041,204
04185000,aifs,5,0.6142,0.5977,0.7977,0.8141,218
04196800,aifs,5,0.4680,0.3147,0.7462,0.6142,241
04197100,aifs,5,0.4135,0.3807,0.6682,0.8704,241
04197170,aifs,5,0.1100,0.1446,0.3699,0.7011,241
04213000,aifs,5,0.3573,0.6444,0.6556,0.9572,239
04213075,aifs,5,0.1354,0.1984,0.4040,0.8082,237
04216418,aifs,5,0.4540,0.5773,0.6760,0.9868,241
04221000,aifs,5,0.1440,0.1709,0.5853,0.5400,241
04224775,aifs,5,0.1726,0.1372,0.5552,0.5387,239
04256000,aifs,5,0.7222,0.8096,0.8733,1.1332,239
04296000,aifs,5,0.5091,0.6461,0.7285,0.8664,241
05057000,aifs,5,-1.0146,0.0660,0.6197,0.5015,163
05057200,aifs,5,0.6084,0.7177,0.7811,1.0018,240
05062500,aifs,5,0.6891,0.6461,0.8490,0.8741,202
05087500,aifs,5,0.3933,0.4390,0.6301,0.9082,241
05120500,aifs,5,-10.0019,-1.4888,-0.0632,3.1895,210
05123400,aifs,5,-0.3950,-0.6564,-0.0244,0.1567,240
05129115,aifs,5,-0.8203,-0.8897,-0.2533,0.0000,241
05131500,aifs,5,0.0424,-0.0564,0.7185,0.3999,145
05291000,aifs,5,-0.0945,0.1828,0.3394,0.6478,241
05362000,aifs,5,0.6060,0.5882,0.7984,0.7565,240
05393500,aifs,5,0.5278,0.5754,0.7384,0.7870,241
05399500,aifs,5,0.1305,0.3143,0.4533,0.7130,239
05408000,aifs,5,0.1901,0.1616,0.5092,0.8279,240
05412500,aifs,5,0.2351,0.2772,0.6665,0.6348,241
05413500,aifs,5,-0.0215,0.2552,0.4971,0.7496,211
05414000,aifs,5,0.0046,0.1822,0.7079,0.6000,207
05444000,aifs,5,0.0930,0.1742,0.4925,0.6244,239
05454000,aifs,5,0.1048,0.1613,0.4659,0.5788,241
05458000,aifs,5,0.0077,-0.0722,0.2548,0.6306,241
05466500,aifs,5,0.2097,0.1717,0.4876,0.7479,239
05487980,aifs,5,-0.0142,-0.0279,0.2304,0.5869,239
05488200,aifs,5,0.0686,-0.1749,0.3397,0.3361,239
05489000,aifs,5,0.0340,-0.2516,0.2632,0.3379,239
05495000,aifs,5,0.2307,0.3182,0.4863,0.9325,239
05495500,aifs,5,0.0952,-0.1282,0.3775,0.3746,235
05501000,aifs,5,0.0339,-0.2666,0.2497,0.3935,239
05503800,aifs,5,0.1579,0.0877,0.4073,0.6533,241
05507600,aifs,5,0.0466,0.3027,0.3934,0.8037,241
05508805,aifs,5,0.0952,0.4365,0.5097,1.2600,239
05514500,aifs,5,0.1224,0.1012,0.3707,0.7093,239
05525500,aifs,5,0.4123,0.4639,0.6438,0.9513,239
05556500,aifs,5,0.0093,-0.1311,0.3969,0.4264,241
05584500,aifs,5,0.2454,0.0806,0.6624,0.4834,239
05585000,aifs,5,0.3537,0.2255,0.7025,0.5342,241
05591550,aifs,5,-0.0123,0.0726,0.2553,0.7416,239
05592050,aifs,5,-0.1803,-0.0364,0.1239,0.6827,222
05592575,aifs,5,-0.1649,-0.0475,0.1358,0.6191,239
05593575,aifs,5,0.0872,0.4602,0.4901,1.1300,241
05593900,aifs,5,-0.0422,0.0093,0.2166,0.6592,239
05595730,aifs,5,0.2052,0.4772,0.5252,0.9381,241
06037500,aifs,5,-2.2436,0.4019,0.8544,1.2912,241
06043500,aifs,5,0.4106,0.3976,0.9610,1.3291,241
06154410,aifs,5,0.0987,0.0685,0.3901,0.6847,241
06188000,aifs,5,0.8642,0.9104,0.9378,0.9742,241
06191500,aifs,5,0.7396,0.6847,0.9398,1.1139,241
06221400,aifs,5,0.8283,0.8716,0.9268,1.0449,241
06224000,aifs,5,0.7056,0.8462,0.8531,1.0452,241
06289000,aifs,5,0.3119,0.5860,0.6577,0.8404,241
06332515,aifs,5,0.1107,-0.0045,0.7437,0.6570,118
06339100,aifs,5,-0.0931,0.2961,0.4629,1.4546,177
06339500,aifs,5,-0.0764,0.0699,0.6653,0.2846,171
06344600,aifs,5,-1.6206,-1.4355,0.5326,3.3253,180
06350000,aifs,5,-2.5585,-0.4294,0.3104,2.0848,241
06352000,aifs,5,-0.0161,-0.1024,0.5158,1.3443,240
06353000,aifs,5,-0.0008,-0.1126,0.5145,0.8148,239
06354000,aifs,5,0.3755,0.2955,0.8198,0.4820,176
06360500,aifs,5,0.1283,0.1448,0.5290,1.5396,142
06404000,aifs,5,-1.4820,-0.2429,-0.1866,1.3690,208
06406000,aifs,5,-163.9890,-3.7971,0.9011,5.7477,183
06408700,aifs,5,-1570.4440,-3.9837,0.2334,1.5088,241
06409000,aifs,5,-1.1621,0.6434,0.9041,1.2507,196
06431500,aifs,5,-1.0136,0.4405,0.4504,1.0905,230
06440200,aifs,5,-0.0710,-0.6104,0.0427,0.0641,163
06441500,aifs,5,-0.7692,-1.2657,0.1968,2.9342,180
06447000,aifs,5,0.0125,-0.1740,0.2212,0.5096,143
06447500,aifs,5,-0.0823,-0.0467,0.5909,0.6959,241
06450500,aifs,5,0.0470,-0.1034,0.3434,1.0597,211
06452000,aifs,5,0.0073,-0.2973,0.1388,1.0158,178
06453600,aifs,5,-0.2608,-0.2138,0.2259,1.6631,238
06464500,aifs,5,-0.4593,0.0676,0.1058,1.1158,178
06477500,aifs,5,-30.8293,-5.0308,0.5678,4.6221,240
06479215,aifs,5,-0.2075,-0.2584,-0.0119,0.5914,241
06479438,aifs,5,-0.1365,-0.5225,0.0325,0.2234,241
06601000,aifs,5,-0.1451,-0.3928,-0.1191,0.7967,241
06614800,aifs,5,0.7855,0.6248,0.9383,1.3414,241
06622700,aifs,5,-0.2748,0.1682,0.7641,1.6086,241
06623800,aifs,5,0.8211,0.9071,0.9128,0.9750,241
06632400,aifs,5,-0.3153,0.3245,0.4625,1.3869,241
06784000,aifs,5,-0.9281,-0.1499,0.0683,1.3221,241
06803510,aifs,5,-0.0223,-0.4789,-0.0265,0.4851,241
06803530,aifs,5,-0.0621,-0.3060,0.0045,0.6704,241
06814000,aifs,5,-0.0363,-0.4735,0.0384,0.3072,241
06846500,aifs,5,-0.0093,-0.4702,-0.0553,1.3843,241
06847900,aifs,5,-0.0202,-0.3081,0.0648,1.3175,241
06853800,aifs,5,-0.2277,-0.4497,0.0264,1.6826,241
06876700,aifs,5,0.3838,0.2212,0.6733,0.4715,241
06878000,aifs,5,0.0560,-0.2394,0.3475,0.3345,241
06879650,aifs,5,0.0071,-0.2866,0.2292,0.3771,240
06885500,aifs,5,-0.0377,-0.4275,0.1341,0.2753,241
06888500,aifs,5,0.0246,-0.3074,0.2919,0.3206,241
06889200,aifs,5,0.0046,-0.2665,0.1782,0.4277,241
06889500,aifs,5,0.0580,-0.0950,0.2710,0.5648,241
06892000,aifs,5,-0.0436,-0.1467,0.2076,0.4250,241
06903400,aifs,5,0.0206,-0.3503,0.4210,0.1557,241
06906800,aifs,5,0.1421,-0.0242,0.4168,0.4545,241
06910800,aifs,5,0.0603,-0.0899,0.2904,0.5191,241
06911900,aifs,5,0.0716,-0.0861,0.3112,0.4784,241
06917000,aifs,5,0.1674,0.0177,0.4651,0.4245,241
06918460,aifs,5,0.2528,0.3464,0.5085,0.9402,241
06919500,aifs,5,-0.0618,0.0191,0.2840,0.4851,241
06921070,aifs,5,0.0386,-0.0568,0.2681,0.6012,241
06921200,aifs,5,-0.0317,-0.3421,0.1697,0.3077,241
06934000,aifs,5,0.0562,0.2718,0.4390,0.6743,240
07014500,aifs,5,0.0224,-0.1730,0.2562,0.5997,241
07056000,aifs,5,0.1099,0.2277,0.3963,0.7679,241
07057500,aifs,5,0.2997,0.3214,0.6012,0.8177,233
07060710,aifs,5,-0.0001,-0.3928,0.0297,1.0572,241
07066000,aifs,5,0.1267,0.0749,0.4901,0.7493,241
07067000,aifs,5,0.0299,0.2354,0.6922,0.5360,241
07068000,aifs,5,0.0759,0.1973,0.5462,0.7423,240
07071500,aifs,5,-0.2451,0.2560,0.4169,0.7819,241
07083000,aifs,5,-1.4422,-0.3777,0.8962,1.7160,241
07142300,aifs,5,-8.1203,-5.0646,-0.0489,6.9121,241
07145700,aifs,5,-0.0096,-0.5209,0.1165,0.1723,238
07148400,aifs,5,-0.2446,0.3948,0.7181,1.4025,241
07149000,aifs,5,0.1856,0.4925,0.7283,1.4285,241
07151500,aifs,5,0.0138,-0.3186,0.2149,0.4284,241
07167500,aifs,5,-0.1015,-0.3842,0.0135,1.6818,241
07180500,aifs,5,-0.0839,-0.2082,0.0567,0.6540,241
07184000,aifs,5,0.0323,-0.2816,0.2534,0.3191,239
07195800,aifs,5,-0.1802,0.2803,0.3226,0.8161,239
07196900,aifs,5,0.1134,0.1024,0.3417,0.9341,240
07197000,aifs,5,0.2087,0.4266,0.5070,0.9142,241
07208500,aifs,5,0.1085,0.5249,0.7410,1.0648,241
07226500,aifs,5,-0.0199,-0.5589,-0.0091,0.2396,239
07261000,aifs,5,0.2549,0.3062,0.5371,1.3394,239
07263295,aifs,5,-0.1081,-0.9170,0.3059,2.7032,239
07290650,aifs,5,0.1575,0.2611,0.4649,0.6765,241
07291000,aifs,5,-0.0087,0.0158,0.3654,0.4278,241
07292500,aifs,5,0.1782,0.2601,0.4425,0.8445,241
07295000,aifs,5,0.2559,0.2154,0.5239,0.6864,241
07299670,aifs,5,-0.1363,-0.2636,0.0739,1.6208,231
07301410,aifs,5,-0.3291,-0.2760,-0.0898,0.7063,230
07301500,aifs,5,-0.1863,-0.5703,0.0453,1.7845,203
07315200,aifs,5,-0.2007,-0.1066,0.0354,0.8355,161
07315700,aifs,5,-1.7202,-0.2795,0.0747,1.8009,218
07335700,aifs,5,0.0098,-0.1714,0.2736,0.4203,232
07340300,aifs,5,0.2730,0.3959,0.5556,0.7535,241
07346045,aifs,5,-0.4568,-0.0675,0.2821,0.3999,241
07359610,aifs,5,0.0350,0.1496,0.3820,1.4333,241
07362100,aifs,5,0.0245,0.1494,0.5764,1.7248,241
07362587,aifs,5,0.0983,-0.2118,0.4204,1.9286,239
07373000,aifs,5,-0.0531,-0.0985,0.2374,0.5668,237
07375000,aifs,5,0.1316,0.0907,0.4141,0.5391,241
07376000,aifs,5,0.1854,0.4325,0.5343,0.7422,241
08013000,aifs,5,0.5026,0.3392,0.8103,0.6532,241
08014500,aifs,5,0.2579,0.1354,0.6709,0.5662,241
08023080,aifs,5,-0.2720,-0.3593,0.0805,1.8954,241
08025500,aifs,5,0.1554,0.0873,0.4041,0.7993,241
08029500,aifs,5,-0.1195,-0.0453,0.1101,1.1190,241
08050800,aifs,5,0.0039,-0.2687,0.1226,0.6194,240
08066200,aifs,5,0.0176,-0.3320,0.1836,0.3636,241
08066300,aifs,5,-0.0376,-0.5043,0.0577,0.2006,241
08070000,aifs,5,-0.7536,0.2087,0.4880,1.3890,241
08070200,aifs,5,-0.0046,0.4381,0.4495,0.9426,241
08079600,aifs,5,-9.6566,-5.1124,0.4167,6.5811,196
08082700,aifs,5,-0.0122,-0.4766,-0.0344,0.5205,227
08086212,aifs,5,-0.0222,-0.2869,0.0351,1.2516,241
08086290,aifs,5,-0.3018,-0.8449,0.0514,2.5280,241
08101000,aifs,5,-1.4012,-0.0746,0.2524,1.6426,241
08103900,aifs,5,0.1385,0.0446,0.3877,0.7276,241
08104900,aifs,5,-0.0118,-0.1484,0.2133,0.4867,241
08109700,aifs,5,-0.0278,0.2676,0.3336,1.0765,224
08150800,aifs,5,0.1169,-0.1145,0.7543,0.4136,241
08155200,aifs,5,-0.3171,-0.8028,0.2424,2.5943,241
08158700,aifs,5,-4.2582,-7.5514,0.1512,9.4728,241
08158810,aifs,5,0.0252,-0.0059,0.2184,1.0376,241
08164000,aifs,5,-1.0554,-0.0096,0.3291,1.6439,241
08164300,aifs,5,0.0599,0.0555,0.2799,0.8340,238
08164600,aifs,5,-4.0528,-3.6837,0.4551,5.4436,241
08165300,aifs,5,0.2232,0.1240,0.8909,0.9073,241
08171300,aifs,5,-19.1086,-31.3357,0.5960,33.2296,241
08175000,aifs,5,0.1234,-0.2262,0.5935,0.1574,241
08176900,aifs,5,-8.3138,-5.7778,0.5137,7.4109,241
08178880,aifs,5,0.0287,-0.2819,0.2617,0.3237,241
08189500,aifs,5,0.4187,0.4416,0.6508,0.7905,241
08190000,aifs,5,0.1895,0.0696,0.5391,0.7766,241
08190500,aifs,5,0.7476,-0.0325,0.9641,2.0017,235
08194200,aifs,5,0.0581,-0.3017,0.4155,0.2591,241
08195000,aifs,5,0.2168,0.0280,0.7407,0.5675,241
08196000,aifs,5,-0.0274,0.1174,0.3305,1.4746,229
08198500,aifs,5,0.1539,-0.1373,0.7225,0.3327,241
08200000,aifs,5,0.0281,-0.0714,0.2495,0.5276,241
08202700,aifs,5,0.0337,-0.2390,0.2163,0.3375,240
08267500,aifs,5,-21.0612,-2.1944,0.7015,2.6127,241
08269000,aifs,5,-3.3026,-0.3408,0.7138,1.6894,241
08271000,aifs,5,-42.6121,-4.0685,0.7758,2.4330,241
08324000,aifs,5,0.1802,0.6007,0.7108,1.1168,241
08377900,aifs,5,-3.8362,-0.4542,0.4294,1.3001,241
08378500,aifs,5,-5.1539,-0.8585,0.6091,1.2866,233
08380500,aifs,5,-2.5391,-0.1275,0.4399,1.6036,241
09034900,aifs,5,0.1902,0.2360,0.8805,1.5660,237
09035900,aifs,5,0.5644,0.7532,0.8272,1.0837,207
09047700,aifs,5,-4.2458,-0.9100,0.8841,1.3904,239
09065500,aifs,5,0.7126,0.6434,0.9362,1.1363,241
09066000,aifs,5,-0.8943,0.1814,0.5905,1.1587,241
09066200,aifs,5,0.7008,0.6355,0.9256,1.2207,241
09066300,aifs,5,-0.3522,-0.0024,0.8054,1.7891,241
09081600,aifs,5,0.1162,0.5956,0.6236,1.0283,241
09107000,aifs,5,-1.1589,-0.0200,0.7165,1.2431,240
09210500,aifs,5,-1.3649,0.0969,0.7396,1.5370,214
09223000,aifs,5,-2.6520,-0.5363,0.8833,1.9725,180
09306242,aifs,5,-381.2013,-4.1813,0.8972,6.0606,239
09312600,aifs,5,-2.1310,-0.6296,0.4893,2.4078,241
09352900,aifs,5,-0.5210,0.3253,0.5912,1.2394,211
09378170,aifs,5,0.2561,0.2678,0.5413,1.3162,241
09378630,aifs,5,,,,,241
09386900,aifs,5,-1.7696,-0.1835,0.0151,1.5799,241
09404450,aifs,5,0.6864,0.7462,0.8532,0.8980,241
09430500,aifs,5,-0.9967,0.1454,0.5913,0.2671,241
09430600,aifs,5,0.1114,0.1255,0.5979,0.2973,241
09447800,aifs,5,-2.2239,-0.6381,0.0362,2.0346,241
09480000,aifs,5,-0.4850,-2.9633,-0.0252,4.8039,241
09484000,aifs,5,-0.7419,-0.4257,0.1371,2.1342,216
09484600,aifs,5,-0.1483,-0.7687,0.2085,2.5148,240
09492400,aifs,5,-0.5460,0.3300,0.7205,1.5450,240
09494000,aifs,5,0.3833,0.6475,0.6629,0.9817,241
09497800,aifs,5,-0.1101,-0.6238,-0.2524,1.5136,241
09497980,aifs,5,-0.3201,0.1627,0.1908,0.9672,210
09505200,aifs,5,0.5641,0.7030,0.7677,1.1622,241
09505350,aifs,5,0.5307,0.4019,0.7571,1.5422,241
09505800,aifs,5,0.4094,0.6549,0.7548,1.1966,241
09508300,aifs,5,-0.2424,0.2352,0.2797,0.7966,241
09510200,aifs,5,-2.2419,-1.0345,0.1035,2.7447,222
09512280,aifs,5,-0.0630,-0.9762,-0.1002,2.3783,241
09513780,aifs,5,-3.9125,-6.0765,0.0488,8.0056,240
10023000,aifs,5,-14.7130,-0.6496,0.0857,2.2305,241
10166430,aifs,5,-13172.7030,-90.1094,0.5645,72.5664,241
10172700,aifs,5,-29.6632,-0.2795,0.6230,2.0126,241
10172800,aifs,5,-9.5594,-0.8680,0.8110,2.3519,241
10173450,aifs,5,-0.3784,0.3962,0.4185,0.9947,241
10205030,aifs,5,-188.4346,-9.8396,-0.0165,2.3222,241
10234500,aifs,5,-0.0970,-0.2704,-0.0254,0.8527,237
10242000,aifs,5,-29.1323,-3.7066,0.4142,4.5001,241
10244950,aifs,5,-36.8855,-1.5509,0.7127,1.5588,241
10249300,aifs,5,-44.3796,-4.5697,0.5167,4.3287,240
10258000,aifs,5,,,,,69
10258500,aifs,5,0.0968,-0.1664,0.3869,0.4499,241
10259000,aifs,5,0.7606,0.6792,0.8994,1.0667,241
10259200,aifs,5,-11.6982,-5.7962,0.7723,7.0696,241
10263500,aifs,5,-0.4594,0.1339,0.8161,1.2530,241
10310500,aifs,5,-1.4731,0.1828,0.9127,1.7744,241
10316500,aifs,5,-0.3324,0.3341,0.6775,1.2386,241
10329500,aifs,5,0.1862,0.3908,0.8665,1.2094,241
10336645,aifs,5,0.5365,0.7029,0.7531,1.1304,227
10336660,aifs,5,0.5374,0.7261,0.7482,1.0285,241
10343500,aifs,5,0.6110,0.4801,0.8740,0.7837,241
10348850,aifs,5,-2.2319,0.0090,0.8192,1.7169,241
10396000,aifs,5,0.5899,0.7711,0.8421,1.1640,241
11098000,aifs,5,-0.0951,0.3424,0.6536,1.4447,241
11124500,aifs,5,-2.5863,-0.9469,0.9023,2.4016,241
11141280,aifs,5,0.5206,0.4411,0.7769,1.0543,241
11143000,aifs,5,0.5507,0.6072,0.7464,1.1335,241
11148900,aifs,5,0.4151,0.0991,0.8246,0.4260,241
11151300,aifs,5,0.3600,0.2208,0.8327,0.8420,241
11162500,aifs,5,0.5447,0.3349,0.8499,0.6325,241
11176400,aifs,5,0.1467,0.0060,0.4076,0.5143,144
11180500,aifs,5,-0.5532,-0.3734,0.7042,2.1421,241
11180960,aifs,5,-0.8382,-0.5634,0.4606,2.4200,241
11224500,aifs,5,-0.0239,-0.6772,-0.0293,0.1108,241
11253310,aifs,5,-0.0147,-0.4297,0.1310,0.3288,241
11264500,aifs,5,-0.6604,0.2112,0.2135,0.9703,241
11266500,aifs,5,-0.5400,0.3067,0.3246,1.1011,241
11274500,aifs,5,0.1367,0.2071,0.3956,0.7879,241
11274630,aifs,5,0.0832,0.3664,0.4248,0.9677,241
11284400,aifs,5,0.0320,-0.2590,0.2847,0.2339,241
11299600,aifs,5,0.0739,-0.0262,0.2950,0.5980,238
11381500,aifs,5,0.4347,0.3303,0.7721,0.9917,241
11383500,aifs,5,0.5161,0.4267,0.7848,1.0494,241
11451100,aifs,5,0.3887,0.3556,0.6551,0.9393,106
11468500,aifs,5,0.2303,0.1230,0.5900,0.7985,241
11473900,aifs,5,0.3487,0.2447,0.7143,0.8603,241
11475560,aifs,5,0.4061,0.3496,0.6812,0.8932,241
11476600,aifs,5,0.6072,0.5150,0.8284,1.0338,240
11478500,aifs,5,0.4408,0.3729,0.6906,1.2475,241
11480390,aifs,5,0.2724,0.1885,0.6016,0.8740,241
11481200,aifs,5,0.4596,0.4305,0.7034,1.0556,241
11482500,aifs,5,0.6401,0.5322,0.8261,1.3003,241
11522500,aifs,5,0.2359,0.4160,0.6640,1.4775,241
11523200,aifs,5,-0.3620,0.1211,0.6737,1.7387,241
11528700,aifs,5,0.4918,0.4475,0.7321,1.1001,241
11532500,aifs,5,0.7828,0.6774,0.9111,1.0571,241
12010000,aifs,5,0.6656,0.6130,0.8421,0.7359,241
12013500,aifs,5,0.8016,0.8738,0.8997,0.9275,241
12020000,aifs,5,0.4917,0.5978,0.7500,0.6915,241
12025000,aifs,5,0.6883,0.6893,0.9044,1.1581,241
12025700,aifs,5,0.6708,0.8198,0.8482,0.9250,241
12035000,aifs,5,0.8364,0.8266,0.9196,0.9022,241
12040500,aifs,5,0.6459,0.7522,0.8174,0.8578,241
12041200,aifs,5,0.6466,0.7642,0.8629,0.8585,241
12043000,aifs,5,0.7744,0.7072,0.8991,0.8204,241
12048000,aifs,5,0.4526,0.6158,0.8860,1.2559,241
12054000,aifs,5,0.2492,0.4444,0.8558,1.3386,241
12056500,aifs,5,0.3968,0.6333,0.8049,0.9148,241
12073500,aifs,5,0.4982,0.7392,0.7610,1.1009,240
12082500,aifs,5,0.4440,0.3854,0.7152,1.0018,235
12092000,aifs,5,0.2584,0.2750,0.5136,0.9673,241
12095000,aifs,5,0.6699,0.6266,0.8361,0.9060,241
12114500,aifs,5,0.5539,0.4664,0.8008,1.0483,241
12115000,aifs,5,0.5295,0.4596,0.7748,1.0223,241
12115500,aifs,5,0.5035,0.4548,0.7434,0.8947,241
12117000,aifs,5,0.6648,0.6321,0.8303,0.9944,241
12141300,aifs,5,0.4023,0.3892,0.6543,1.0766,241
12143600,aifs,5,0.4798,0.4399,0.7234,1.1842,238
12144000,aifs,5,0.5912,0.5605,0.7882,1.0076,240
12145500,aifs,5,0.7593,0.8040,0.8728,0.9214,241
12147600,aifs,5,0.4462,0.4787,0.6730,0.9251,241
12167000,aifs,5,0.7118,0.7250,0.8550,1.1948,241
12175500,aifs,5,0.0685,0.5708,0.6060,1.1215,241
12186000,aifs,5,0.5627,0.6363,0.7641,1.1612,238
12189500,aifs,5,0.6077,0.6770,0.8336,1.2649,240
12358500,aifs,5,0.6265,0.7991,0.8377,1.0565,241
12377150,aifs,5,0.5583,0.7778,0.7781,0.9898,241
12381400,aifs,5,0.3404,0.4972,0.8622,1.2292,208
12390700,aifs,5,0.4209,0.6288,0.7006,1.1797,241
12411000,aifs,5,0.7412,0.7265,0.8885,1.2452,230
12414500,aifs,5,0.6713,0.6972,0.8289,0.9101,241
12447390,aifs,5,-0.2046,-0.2456,0.2168,0.3590,241
12451000,aifs,5,0.4848,0.6786,0.8139,1.2223,241
12488500,aifs,5,0.5920,0.7199,0.7991,1.1616,241
13011500,aifs,5,0.7260,0.6093,0.9390,1.2985,241
13011900,aifs,5,0.7889,0.8072,0.9235,0.9631,241
13018300,aifs,5,-0.4879,-0.0230,0.9315,1.4831,241
13023000,aifs,5,0.5471,0.7698,0.8126,0.9051,199
13161500,aifs,5,0.6500,0.6709,0.8363,0.7868,241
13235000,aifs,5,0.5918,0.6598,0.7856,0.8897,239
13240000,aifs,5,0.7756,0.8587,0.8816,1.0042,162
13310700,aifs,5,0.5939,0.5048,0.9011,0.6756,241
13313000,aifs,5,0.6960,0.4850,0.9582,0.6446,241
13331500,aifs,5,0.4931,0.5387,0.8995,1.2149,241
13337000,aifs,5,0.6850,0.6987,0.8571,0.8314,241
13338500,aifs,5,0.8094,0.8690,0.9140,1.0934,241
13340000,aifs,5,0.4975,0.6280,0.7569,0.7926,241
13340600,aifs,5,0.6095,0.6165,0.8842,0.7097,241
14020000,aifs,5,0.3242,0.1861,0.7616,0.6377,241
14092750,aifs,5,0.5717,0.5565,0.7903,0.8837,241
14096850,aifs,5,-0.9943,0.4199,0.8682,0.4570,241
14137000,aifs,5,0.7148,0.6873,0.8562,1.0474,236
14138800,aifs,5,0.6029,0.6400,0.7790,0.9521,241
14138870,aifs,5,0.7050,0.7642,0.8438,0.8799,241
14138900,aifs,5,0.4429,0.4529,0.6762,0.9076,241
14139800,aifs,5,0.7318,0.7606,0.8592,0.8647,239
14141500,aifs,5,0.7545,0.8212,0.8709,0.9182,241
14154500,aifs,5,0.8094,0.7066,0.9204,1.0970,241
14158500,aifs,5,0.7696,0.6885,0.9195,1.0824,226
14158790,aifs,5,0.6012,0.5483,0.8033,1.0131,237
14166500,aifs,5,0.5257,0.4734,0.7587,0.9150,241
14182500,aifs,5,0.6710,0.7398,0.8227,0.8828,241
14185000,aifs,5,0.7303,0.7746,0.8558,1.0631,241
14185900,aifs,5,0.6586,0.7611,0.8132,1.0453,238
14187000,aifs,5,0.6419,0.6901,0.8039,1.0961,239
14216500,aifs,5,0.9016,0.9131,0.9515,1.0624,238
14222500,aifs,5,0.8376,0.7825,0.9234,1.0566,241
14236200,aifs,5,0.7657,0.8482,0.8799,0.9194,240
14301000,aifs,5,0.7668,0.7917,0.8768,0.9782,240
14303200,aifs,5,0.6232,0.5020,0.8569,0.9655,241
14305500,aifs,5,0.7479,0.7038,0.8769,0.9593,239
14306340,aifs,5,0.5855,0.4707,0.8199,0.7663,241
14306500,aifs,5,0.7428,0.6678,0.8831,0.9187,241
14308990,aifs,5,0.5196,0.3930,0.8264,0.9136,241
14309500,aifs,5,0.7559,0.7974,0.8698,0.9883,241
14316700,aifs,5,0.7504,0.6294,0.9045,1.0567,241
14325000,aifs,5,0.8559,0.9164,0.9259,0.9880,241
14362250,aifs,5,0.2508,0.0913,0.7406,0.4985,148
14400000,aifs,5,0.8692,0.7413,0.9447,0.8306,241
01013500,aifs,6,0.8924,0.8048,0.9558,0.8570,241
01022500,aifs,6,0.6252,0.7026,0.7920,1.0561,241
01030500,aifs,6,0.7601,0.8083,0.9066,1.0853,241
01031500,aifs,6,0.2846,0.6402,0.7081,1.1331,239
01047000,aifs,6,0.2322,0.6375,0.6576,1.0606,241
01052500,aifs,6,0.3851,0.4671,0.6360,0.7751,241
01054200,aifs,6,0.2294,0.2334,0.5238,0.5886,241
01055000,aifs,6,0.1448,0.5620,0.5647,1.0451,241
01057000,aifs,6,0.6288,0.8096,0.8108,0.9919,241
01073000,aifs,6,0.7481,0.8282,0.8879,1.1070,241
01078000,aifs,6,0.2821,0.3981,0.5836,0.7140,239
01118300,aifs,6,0.2761,0.4230,0.5726,0.7721,239
01121000,aifs,6,0.6952,0.7454,0.8416,1.1517,239
01123000,aifs,6,0.7477,0.6586,0.8899,0.8861,241
01134500,aifs,6,0.6577,0.7428,0.8205,0.8575,239
01137500,aifs,6,0.4113,0.5442,0.6654,0.8128,241
01139000,aifs,6,0.4944,0.7436,0.7480,0.9524,237
01139800,aifs,6,0.7223,0.8324,0.8631,1.0937,241
01142500,aifs,6,0.6388,0.7804,0.8121,0.9123,239
01144000,aifs,6,0.6712,0.8229,0.8549,0.9711,241
01169000,aifs,6,0.5457,0.6994,0.7465,1.0541,239
01170100,aifs,6,0.6010,0.7597,0.7850,0.9542,240
01181000,aifs,6,0.8242,0.8736,0.9103,1.0777,239
01187300,aifs,6,0.7390,0.6372,0.8918,1.0290,241
01195100,aifs,6,0.3257,0.3128,0.6088,0.7866,241
01333000,aifs,6,0.5620,0.6184,0.7548,0.8905,239
01350000,aifs,6,0.1298,0.0937,0.3829,0.6898,238
01350080,aifs,6,0.6540,0.5769,0.8379,0.7532,241
01350140,aifs,6,0.7270,0.6527,0.8784,0.7073,191
01365000,aifs,6,0.3547,0.3635,0.6172,0.8023,239
01411300,aifs,6,-0.0795,0.0578,0.2098,1.1720,232
01413500,aifs,6,0.4018,0.3827,0.6726,0.7753,239
01414500,aifs,6,0.0945,0.0570,0.4061,0.5827,239
01415000,aifs,6,0.3667,0.2352,0.8103,0.5668,196
01423000,aifs,6,0.4327,0.3607,0.7575,0.6831,241
01434025,aifs,6,0.1634,0.4544,0.5648,0.6881,241
01435000,aifs,6,0.3178,0.3363,0.5753,0.8295,240
01439500,aifs,6,0.5734,0.5320,0.8297,0.7485,239
01440000,aifs,6,0.5446,0.5307,0.7647,0.8483,241
01440400,aifs,6,0.7061,0.6779,0.8543,0.8947,215
01451800,aifs,6,0.3550,0.4141,0.5972,0.9512,239
01466500,aifs,6,-2.3136,-0.6233,0.8678,0.9914,239
01484100,aifs,6,-0.0748,0.4679,0.5347,1.2550,241
01485500,aifs,6,-3.6274,-0.7656,0.5486,2.1441,236
01486000,aifs,6,-0.6110,0.1483,0.6456,1.6998,241
01487000,aifs,6,0.5191,0.7541,0.7991,1.0455,241
01491000,aifs,6,0.7043,0.6042,0.8763,0.9817,241
01510000,aifs,6,0.6993,0.7145,0.8398,0.9671,241
01516500,aifs,6,0.2041,0.0942,0.6031,0.5306,241
01518862,aifs,6,0.2944,0.2796,0.6372,0.6037,241
01532000,aifs,6,0.5348,0.6209,0.7450,0.8418,239
01539000,aifs,6,0.5069,0.5290,0.7560,0.7889,225
01542810,aifs,6,0.3391,0.4566,0.6068,0.7919,239
01543000,aifs,6,0.4382,0.5992,0.7135,0.7583,241
01543500,aifs,6,0.5519,0.5694,0.7883,0.7540,239
01544500,aifs,6,0.4433,0.3773,0.8184,0.6119,241
01545600,aifs,6,0.4231,0.3134,0.8217,0.6100,241
01547700,aifs,6,0.0543,-0.0534,0.2722,0.7085,241
01548500,aifs,6,0.3590,0.2900,0.7649,0.5882,239
01549500,aifs,6,0.5217,0.4183,0.8294,0.6575,239
01550000,aifs,6,0.4287,0.3473,0.7928,0.6294,239
01552000,aifs,6,0.4583,0.4749,0.7276,0.7529,241
01552500,aifs,6,0.4954,0.5823,0.7316,0.7978,241
01557500,aifs,6,0.1353,0.2747,0.4177,0.8876,241
01567500,aifs,6,0.1515,0.1986,0.3966,0.9964,241
01568000,aifs,6,0.3167,0.3545,0.5667,1.0605,241
01580000,aifs,6,0.2227,0.3547,0.5039,0.8955,237
01583500,aifs,6,0.2607,0.3381,0.5611,0.8196,241
01586610,aifs,6,0.3726,0.3977,0.6853,0.7609,207
01591400,aifs,6,0.1835,0.2129,0.4308,0.9689,241
01596500,aifs,6,0.2151,0.1851,0.5033,0.6956,239
01605500,aifs,6,0.2354,0.4354,0.5310,1.1200,239
01606500,aifs,6,0.2969,0.3972,0.5788,0.7680,214
01613050,aifs,6,0.3074,0.3463,0.5555,1.0045,241
01620500,aifs,6,0.3099,0.2826,0.6527,0.5178,239
01632000,aifs,6,0.1503,0.3401,0.4519,0.8431,239
01632900,aifs,6,0.2549,0.5545,0.5781,0.9771,239
01634500,aifs,6,0.1690,0.2767,0.4342,0.9057,224
01638480,aifs,6,-0.6970,0.0203,0.3682,1.7487,236
01639500,aifs,6,0.3396,0.4162,0.5851,1.0627,241
01644000,aifs,6,-0.2693,0.1478,0.5977,1.7504,241
01658500,aifs,6,-0.2887,0.2340,0.2507,1.0290,210
01664000,aifs,6,0.2976,0.3677,0.5576,0.8760,241
01666500,aifs,6,0.5100,0.5207,0.7233,1.0042,226
01667500,aifs,6,0.4872,0.6195,0.7049,1.0642,219
01669000,aifs,6,0.4333,0.5685,0.6620,1.0082,216
01669520,aifs,6,-1.9956,-0.1929,0.6752,1.7836,239
02011400,aifs,6,0.1414,0.5269,0.5525,1.1424,241
02011460,aifs,6,0.2784,0.4647,0.5693,0.8106,241
02013000,aifs,6,0.1109,0.2743,0.3956,1.0760,241
02014000,aifs,6,-0.1018,0.4395,0.4400,0.9841,241
02015700,aifs,6,0.3915,0.6481,0.6653,1.0001,223
02016000,aifs,6,0.3947,0.5841,0.6519,0.8834,241
02017500,aifs,6,-0.0565,0.5227,0.5784,1.1060,239
02018000,aifs,6,0.3210,0.6114,0.6287,1.0524,234
02027000,aifs,6,0.5606,0.6532,0.7934,0.7407,221
02027500,aifs,6,0.5664,0.5185,0.8393,0.6129,224
02028500,aifs,6,0.4456,0.4499,0.7099,0.8025,216
02038850,aifs,6,-0.0089,0.0916,0.2966,0.7290,239
02046000,aifs,6,0.3134,0.3871,0.6273,1.4058,231
02051000,aifs,6,0.0096,0.0585,0.2434,0.8538,241
02051500,aifs,6,0.1822,0.3904,0.4784,1.0646,239
02053200,aifs,6,-0.6001,0.1757,0.4480,1.5531,210
02053800,aifs,6,0.1521,0.2559,0.4309,0.8568,222
02055100,aifs,6,0.3611,0.5579,0.6277,1.0917,239
02056900,aifs,6,0.3935,0.5098,0.6613,0.8184,216
02059500,aifs,6,0.0759,0.4519,0.5162,0.7754,210
02064000,aifs,6,0.1403,0.1668,0.4540,0.6614,229
02065500,aifs,6,0.2394,0.2993,0.6517,0.6103,239
02069700,aifs,6,0.1298,0.3102,0.4383,1.1277,214
02070000,aifs,6,-0.0199,0.1941,0.3052,1.1230,239
02074500,aifs,6,0.0003,0.2753,0.3455,1.0234,241
02077200,aifs,6,-0.1074,0.4147,0.4213,1.0741,236
02081500,aifs,6,-0.2422,0.0096,0.1174,1.2322,241
02082950,aifs,6,-0.3961,0.2094,0.6290,1.5363,241
02092500,aifs,6,-4.4167,-0.9281,0.2191,2.3534,241
02096846,aifs,6,-0.4878,-0.0192,0.0581,1.2996,241
02102908,aifs,6,0.2005,0.2345,0.4683,0.8829,241
02108000,aifs,6,0.5489,0.7149,0.7682,1.1507,241
02111180,aifs,6,-0.0416,-0.0994,0.1152,0.9729,241
02111500,aifs,6,-0.1792,0.1654,0.2245,0.9488,239
02118500,aifs,6,-0.1275,0.3970,0.4017,1.0385,241
02128000,aifs,6,-0.0852,-0.3190,0.4966,2.2099,241
02137727,aifs,6,-0.1361,0.0790,0.1794,0.9560,241
02140991,aifs,6,-0.2859,0.0970,0.1555,1.0977,241
02143000,aifs,6,-0.6161,0.3735,0.4521,1.2569,241
02143040,aifs,6,-0.2720,0.4376,0.4628,0.9327,239
02149000,aifs,6,0.0603,0.1242,0.3003,0.9982,241
02152100,aifs,6,0.0370,0.3785,0.4165,1.0054,241
02177000,aifs,6,0.1523,0.2327,0.4141,1.0576,239
02178400,aifs,6,0.4524,0.6008,0.6833,0.9584,239
02193340,aifs,6,-0.4870,0.2680,0.3411,1.3038,241
02196000,aifs,6,0.0805,-0.1235,0.3581,0.4679,241
02198100,aifs,6,0.1883,0.1062,0.4974,1.2409,240
02202600,aifs,6,-0.6985,-0.1529,0.2362,1.8439,241
02212600,aifs,6,0.0396,0.1071,0.2787,0.9972,239
02215100,aifs,6,0.0146,-0.1235,0.2145,0.6786,241
02216180,aifs,6,-0.0675,-0.4583,-0.0643,0.4643,239
02221525,aifs,6,0.1769,0.2560,0.4356,1.0841,239
02231000,aifs,6,-0.9782,-0.0784,0.5884,1.7558,241
02231342,aifs,6,-1.3409,-0.1148,0.5917,1.7190,241
02235200,aifs,6,-0.5155,0.3747,0.4760,1.2215,240
02245500,aifs,6,-2.2475,-0.2885,0.6114,1.4114,241
02246000,aifs,6,-1.2485,0.1038,0.5253,1.0306,239
02296500,aifs,6,0.5761,0.1726,0.8272,1.7990,230
02297155,aifs,6,0.0245,-0.1689,0.6401,0.2512,240
02297310,aifs,6,0.5194,0.5273,0.7395,0.7440,231
02298123,aifs,6,0.4142,0.2348,0.7772,0.5122,241
02298608,aifs,6,0.3253,0.5981,0.6587,1.2058,241
02299950,aifs,6,0.2065,0.4376,0.5466,0.7332,241
02300700,aifs,6,0.3208,0.1637,0.6819,0.5482,241
02310947,aifs,6,-0.2281,-1.0197,-0.2763,2.3283,241
02312200,aifs,6,-4.5692,-3.2254,-0.0038,5.0497,241
02314500,aifs,6,-0.1827,-0.2151,0.1386,0.5682,241
02315500,aifs,6,-0.3264,-0.6843,-0.3042,0.4159,241
02324400,aifs,6,-0.2202,-1.0425,-0.5475,0.1095,241
02327100,aifs,6,-1.6753,-0.6686,0.7060,2.3915,239
02349900,aifs,6,0.1758,0.0814,0.4829,0.9169,241
02350900,aifs,6,0.2488,0.4008,0.7379,0.6592,241
02361000,aifs,6,0.4965,0.4979,0.8218,0.6801,241
02363000,aifs,6,0.2174,0.0043,0.8575,0.3653,239
02369800,aifs,6,0.1949,-0.0118,0.8500,0.4759,240
02371500,aifs,6,0.2090,0.0904,0.6440,0.7503,241
02372250,aifs,6,0.3163,0.1917,0.7627,0.7976,239
02374500,aifs,6,0.4714,0.3483,0.8022,0.7775,241
02381600,aifs,6,-0.0715,0.1114,0.2225,0.9851,241
02384540,aifs,6,0.0152,0.1307,0.3245,0.7716,241
02395120,aifs,6,-0.2538,0.4116,0.4157,0.9858,241
02408540,aifs,6,-0.2260,0.3569,0.3586,1.0079,241
02415000,aifs,6,0.0349,0.3527,0.4008,0.9995,231
02422500,aifs,6,-0.2324,0.4435,0.5360,1.2338,224
02427250,aifs,6,0.6566,0.6338,0.8160,1.2274,241
02430085,aifs,6,-0.1512,0.2181,0.2809,1.1749,241
02450250,aifs,6,0.2869,0.3412,0.5356,0.9986,241
02464000,aifs,6,0.3036,0.4900,0.5722,0.9586,241
02465493,aifs,6,0.4553,0.6006,0.6941,1.1229,238
02469800,aifs,6,0.5526,0.4695,0.7873,0.6311,239
02472000,aifs,6,0.4956,0.3081,0.8179,0.6302,241
02472500,aifs,6,0.2448,0.4990,0.6073,0.7041,241
02479155,aifs,6,0.4664,0.2488,0.8301,0.6255,241
02479300,aifs,6,0.3148,0.0699,0.7784,0.4669,241
02481000,aifs,6,0.2914,-0.0631,0.8430,0.2797,241
02481510,aifs,6,0.3278,0.0149,0.8701,0.3590,241
03010655,aifs,6,0.4519,0.4444,0.7611,0.6507,212
03011800,aifs,6,0.2236,0.4282,0.5621,0.7622,241
03015500,aifs,6,0.4406,0.7200,0.7303,0.9305,241
03021350,aifs,6,0.2508,0.5339,0.6008,0.7842,239
03026500,aifs,6,0.2604,0.4759,0.5679,0.8261,241
03028000,aifs,6,0.2960,0.5244,0.6791,0.6882,241
03049800,aifs,6,0.0060,-0.0110,0.2758,0.6357,239
03050000,aifs,6,0.0280,0.4175,0.4437,0.9133,239
03066000,aifs,6,0.3302,0.3805,0.6311,0.6854,241
03069500,aifs,6,0.2744,0.3829,0.5774,0.7071,239
03070500,aifs,6,0.2269,0.6395,0.6574,0.9786,239
03076600,aifs,6,0.1875,0.2472,0.5228,0.6342,241
03078000,aifs,6,0.0321,0.1189,0.3393,0.6686,241
03140000,aifs,6,0.0791,0.1521,0.3339,0.8376,239
03144000,aifs,6,-0.4256,0.1604,0.1760,0.9391,241
03159540,aifs,6,0.0440,0.2661,0.3672,0.8521,241
03161000,aifs,6,0.0348,0.1183,0.3313,0.8449,241
03164000,aifs,6,0.3679,0.5165,0.6765,0.8372,241
03165000,aifs,6,-0.0525,-0.0023,0.1844,0.8694,224
03170000,aifs,6,0.2779,0.3472,0.5671,0.8374,241
03173000,aifs,6,0.1406,0.4624,0.5096,0.8531,239
03180500,aifs,6,0.3368,0.4500,0.5917,0.8528,225
03182500,aifs,6,0.2909,0.5889,0.6065,0.9761,239
03186500,aifs,6,0.3763,0.5465,0.6320,0.8861,239
03187500,aifs,6,0.3748,0.6418,0.6770,0.8566,238
03213700,aifs,6,0.0052,0.5096,0.5204,1.0997,241
03237280,aifs,6,0.1415,0.2206,0.4257,0.6933,241
03237500,aifs,6,-0.1100,0.3391,0.3582,1.0354,239
03241500,aifs,6,-0.0496,-0.0032,0.2175,0.6602,228
03280700,aifs,6,-0.4031,0.3994,0.4561,0.9012,213
03281100,aifs,6,-0.3255,0.4185,0.4702,0.8749,239
03281500,aifs,6,-0.1345,0.4762,0.5219,0.8473,228
03285000,aifs,6,-0.4385,0.0602,0.3562,1.6837,238
03291780,aifs,6,-0.1884,-0.0336,0.0893,0.8626,241
03300400,aifs,6,0.0191,0.1120,0.2731,0.8821,241
03340800,aifs,6,-0.5134,0.1691,0.1798,0.8976,193
03346000,aifs,6,-0.1177,-0.0405,0.2207,0.4772,241
03364500,aifs,6,-0.0559,-0.2136,0.1206,0.5257,241
03366500,aifs,6,-0.1660,0.0018,0.1481,0.7101,241
03368000,aifs,6,-0.0967,-0.1623,0.0936,0.5973,241
03384450,aifs,6,0.1042,-0.0934,0.3569,0.5485,241
03439000,aifs,6,-0.1936,-0.1560,0.0897,0.6771,239
03450000,aifs,6,0.0107,-0.0648,0.2101,0.8477,241
03455500,aifs,6,-0.2393,0.2009,0.3130,0.7044,239
03456500,aifs,6,-0.2349,-0.0476,0.0897,0.8063,239
03460000,aifs,6,-0.3332,0.3285,0.5778,0.6143,241
03463300,aifs,6,-0.1148,0.2022,0.2732,0.8899,241
03471500,aifs,6,0.4790,0.5690,0.8410,0.6887,239
03473000,aifs,6,0.1875,0.4426,0.6347,0.6931,241
03479000,aifs,6,-0.0277,0.2830,0.3507,0.9040,239
03488000,aifs,6,0.3862,0.3876,0.6933,0.6950,241
03498500,aifs,6,-0.3737,0.2937,0.3336,0.7696,241
03500000,aifs,6,0.2393,0.6572,0.6942,0.8455,239
03504000,aifs,6,-0.2939,0.4309,0.4483,0.8661,239
03574500,aifs,6,0.1328,0.0393,0.4449,0.5676,241
03604000,aifs,6,-0.0967,-0.2464,0.0185,0.7656,239
04015330,aifs,6,0.2313,0.0687,0.5281,0.4832,200
04024430,aifs,6,0.5807,0.4442,0.8158,0.6169,241
04027000,aifs,6,0.4158,0.3665,0.6834,0.6720,241
04040500,aifs,6,0.8135,0.7380,0.9117,0.8639,241
04043050,aifs,6,0.7875,0.8012,0.8904,0.8875,182
04045500,aifs,6,0.8797,0.7821,0.9542,0.7953,237
04056500,aifs,6,0.5212,0.4317,0.8129,0.7094,231
04057510,aifs,6,0.8572,0.6528,0.9684,0.7539,161
04057800,aifs,6,0.7882,0.5893,0.9230,0.7073,241
04059500,aifs,6,0.8361,0.7439,0.9310,0.9534,241
04063700,aifs,6,0.6995,0.4317,0.9400,0.6008,241
04074950,aifs,6,0.6121,0.5141,0.9019,0.7393,241
04105700,aifs,6,0.5979,0.5717,0.8127,0.9150,241
04115265,aifs,6,0.5150,0.4296,0.7814,0.9502,241
04122200,aifs,6,0.5276,0.4856,0.7816,0.8443,241
04122500,aifs,6,0.7542,0.6985,0.8986,0.9059,239
04124000,aifs,6,0.7844,0.6984,0.9065,1.0013,241
04127997,aifs,6,0.4304,0.3888,0.7316,0.8940,204
04185000,aifs,6,0.5692,0.5640,0.7693,0.7981,218
04196800,aifs,6,0.3956,0.2814,0.6764,0.6212,241
04197100,aifs,6,0.3734,0.4083,0.6144,0.9030,241
04197170,aifs,6,-0.0785,0.0869,0.2318,0.7318,241
04213000,aifs,6,0.1409,0.5762,0.5769,1.0193,239
04213075,aifs,6,0.0775,0.2220,0.3681,0.8337,237
04216418,aifs,6,0.4514,0.6088,0.6789,0.9990,241
04221000,aifs,6,0.1634,0.2043,0.5882,0.5491,241
04224775,aifs,6,0.1854,0.1503,0.5660,0.5409,239
04256000,aifs,6,0.6580,0.7643,0.8532,1.1607,239
04296000,aifs,6,0.4842,0.6646,0.7155,0.8975,241
05057000,aifs,6,-1.0068,0.0677,0.6103,0.5034,163
05057200,aifs,6,0.5616,0.7122,0.7554,1.0136,240
05062500,aifs,6,0.7066,0.7163,0.8473,0.8986,202
05087500,aifs,6,0.4027,0.4428,0.6385,0.8929,241
05120500,aifs,6,-10.0055,-1.4891,-0.0629,3.1899,210
05123400,aifs,6,-0.3950,-0.6564,-0.0244,0.1567,240
05129115,aifs,6,-0.8203,-0.8897,-0.2533,0.0000,241
05131500,aifs,6,0.0572,-0.0439,0.6769,0.4117,145
05291000,aifs,6,-0.3334,0.2571,0.3263,0.6947,241
05362000,aifs,6,0.5812,0.5875,0.7802,0.7634,240
05393500,aifs,6,0.5262,0.5856,0.7372,0.7907,241
05399500,aifs,6,0.1337,0.2972,0.4467,0.7123,239
05408000,aifs,6,0.1557,0.1263,0.4690,0.8208,240
05412500,aifs,6,0.1446,0.2365,0.5678,0.6353,241
05413500,aifs,6,-0.0806,0.2574,0.4498,0.7493,211
05414000,aifs,6,0.0053,0.1820,0.7323,0.5941,207
05444000,aifs,6,0.0534,0.1881,0.4446,0.6398,239
05454000,aifs,6,0.2115,0.1982,0.5775,0.5823,241
05458000,aifs,6,-0.0141,-0.0976,0.2205,0.6306,241
05466500,aifs,6,0.1216,0.0650,0.3862,0.7114,239
05487980,aifs,6,-0.0086,-0.0556,0.2206,0.5814,239
05488200,aifs,6,0.1113,-0.1557,0.4364,0.3174,239
05489000,aifs,6,-0.0095,-0.3218,0.1662,0.3374,239
05495000,aifs,6,0.0780,0.1818,0.3378,0.9258,239
05495500,aifs,6,0.0691,-0.1202,0.3268,0.3993,235
05501000,aifs,6,0.0273,-0.2762,0.2307,0.3849,239
05503800,aifs,6,0.1267,0.0158,0.3706,0.6011,241
05507600,aifs,6,0.3573,0.4871,0.6095,0.8245,241
05508805,aifs,6,0.3229,0.5420,0.6244,1.2261,239
05514500,aifs,6,0.2727,0.1943,0.5593,0.7118,239
05525500,aifs,6,0.3685,0.4198,0.6089,0.9210,239
05556500,aifs,6,-0.0183,-0.1610,0.3326,0.4295,241
05584500,aifs,6,0.2088,0.0358,0.6602,0.4535,239
05585000,aifs,6,0.2689,0.1383,0.6592,0.4901,241
05591550,aifs,6,0.0042,0.0589,0.2655,0.7049,239
05592050,aifs,6,-0.0407,-0.0332,0.2118,0.6120,222
05592575,aifs,6,-0.0886,-0.0691,0.1710,0.5627,239
05593575,aifs,6,0.1685,0.4646,0.5279,1.2075,241
05593900,aifs,6,0.0188,-0.0324,0.2506,0.5858,239
05595730,aifs,6,0.2258,0.5012,0.5433,1.0510,241
06037500,aifs,6,-2.2345,0.4017,0.8579,1.2912,241
06043500,aifs,6,0.3852,0.3780,0.9625,1.3351,241
06154410,aifs,6,0.0179,-0.0175,0.2828,0.6742,241
06188000,aifs,6,0.8660,0.9028,0.9404,0.9840,241
06191500,aifs,6,0.7208,0.6675,0.9379,1.1200,241
06221400,aifs,6,0.8297,0.8721,0.9274,1.0453,241
06224000,aifs,6,0.7020,0.8445,0.8524,1.0489,241
06289000,aifs,6,0.3061,0.5857,0.6537,0.8429,241
06332515,aifs,6,0.2237,0.0948,0.6236,0.7001,118
06339100,aifs,6,-1.6740,-0.1139,0.2419,1.6210,177
06339500,aifs,6,-0.1859,0.0591,0.5485,0.2909,171
06344600,aifs,6,-1.9009,-1.4910,0.3176,3.3543,180
06350000,aifs,6,-2.3115,-0.4098,0.3968,2.1144,241
06352000,aifs,6,-0.0162,-0.1028,0.5149,1.3444,240
06353000,aifs,6,-0.0008,-0.1130,0.5136,0.8148,239
06354000,aifs,6,0.3601,0.3023,0.7939,0.4916,176
06360500,aifs,6,0.1283,0.1448,0.5290,1.5397,142
06404000,aifs,6,-1.5446,-0.2696,-0.2158,1.3652,208
06406000,aifs,6,-164.0576,-3.7983,0.9003,5.7486,183
06408700,aifs,6,-1571.6211,-3.9943,0.2312,1.5090,241
06409000,aifs,6,-1.1635,0.6444,0.9036,1.2507,196
06431500,aifs,6,-1.0998,0.4299,0.4455,1.0916,230
06440200,aifs,6,-0.0720,-0.6743,0.0295,0.0376,163
06441500,aifs,6,-0.7687,-1.2650,0.1986,2.9342,180
06447000,aifs,6,0.0279,-0.1029,0.2565,0.5278,143
06447500,aifs,6,-0.0819,-0.0457,0.5930,0.6959,241
06450500,aifs,6,0.0491,-0.0975,0.3602,1.0585,211
06452000,aifs,6,0.0072,-0.2991,0.1361,1.0158,178
06453600,aifs,6,-0.2436,-0.2228,0.2315,1.6547,238
06464500,aifs,6,-0.1776,0.1762,0.2412,1.1002,178
06477500,aifs,6,-17.6697,-3.5007,0.3622,4.0418,240
06479215,aifs,6,-0.1839,-0.2761,-0.0052,0.5729,241
06479438,aifs,6,-0.1418,-0.5305,0.0153,0.2231,241
06601000,aifs,6,-0.2556,-0.2684,-0.0879,0.8153,241
06614800,aifs,6,0.7828,0.6239,0.9373,1.3418,241
06622700,aifs,6,-0.2790,0.1670,0.7633,1.6092,241
06623800,aifs,6,0.8201,0.9069,0.9123,0.9765,241
06632400,aifs,6,-0.3165,0.3240,0.4623,1.3873,241
06784000,aifs,6,-0.8788,-0.2465,0.0070,1.3154,241
06803510,aifs,6,0.0279,-0.2607,0.2720,0.5246,241
06803530,aifs,6,-0.0043,-0.1859,0.1396,0.6939,241
06814000,aifs,6,-0.0272,-0.4279,0.0778,0.3244,241
06846500,aifs,6,-0.0094,-0.4707,-0.0561,1.3842,241
06847900,aifs,6,-0.0202,-0.3127,0.0617,1.3155,241
06853800,aifs,6,-0.3856,-0.3953,-0.0192,1.7192,241
06876700,aifs,6,0.2299,0.0204,0.5882,0.3704,241
06878000,aifs,6,0.0506,-0.2269,0.3066,0.3669,241
06879650,aifs,6,0.0111,-0.3019,0.2986,0.3343,240
06885500,aifs,6,-0.0455,-0.4302,0.1051,0.2810,241
06888500,aifs,6,-0.0408,-0.4594,0.0489,0.3166,241
06889200,aifs,6,-0.0289,-0.2808,0.1210,0.4348,241
06889500,aifs,6,0.0496,-0.1134,0.2583,0.5490,241
06892000,aifs,6,-0.0030,-0.1717,0.2412,0.4033,241
06903400,aifs,6,-0.0241,-0.4441,0.2498,0.1422,241
06906800,aifs,6,0.2730,0.0693,0.6020,0.4620,241
06910800,aifs,6,0.0101,-0.2195,0.1985,0.4748,241
06911900,aifs,6,0.0015,-0.2004,0.1992,0.4420,241
06917000,aifs,6,0.1022,-0.0364,0.3900,0.4033,241
06918460,aifs,6,0.2676,0.3423,0.5204,0.9331,241
06919500,aifs,6,-0.0452,0.0232,0.2949,0.4846,241
06921070,aifs,6,0.0742,-0.0274,0.3162,0.6110,241
06921200,aifs,6,0.0118,-0.2760,0.2726,0.3152,241
06934000,aifs,6,0.0694,0.2134,0.4383,0.6408,240
07014500,aifs,6,0.0542,-0.1155,0.3248,0.6126,241
07056000,aifs,6,0.1224,0.2282,0.4039,0.7699,241
07057500,aifs,6,0.2584,0.2853,0.5629,0.8147,233
07060710,aifs,6,-0.0001,-0.3928,0.0297,1.0572,241
07066000,aifs,6,0.2022,0.1632,0.5601,0.7633,241
07067000,aifs,6,0.1264,0.2846,0.7586,0.5475,241
07068000,aifs,6,0.1561,0.2550,0.6151,0.7538,240
07071500,aifs,6,-0.0685,0.4072,0.5493,0.7917,241
07083000,aifs,6,-1.4610,-0.3820,0.8951,1.7248,241
07142300,aifs,6,-8.1411,-5.0233,-0.0760,6.8652,241
07145700,aifs,6,-0.0294,-0.6213,-0.0249,0.1631,238
07148400,aifs,6,-0.2293,0.4160,0.6945,1.3828,241
07149000,aifs,6,0.0354,0.4446,0.6361,1.4178,241
07151500,aifs,6,-0.0261,-0.4702,0.0182,0.4069,241
07167500,aifs,6,-0.0240,-0.3502,0.0666,1.5625,241
07180500,aifs,6,-0.0660,-0.2638,0.0367,0.6366,241
07184000,aifs,6,0.0037,-0.2869,0.1907,0.3345,239
07195800,aifs,6,0.2091,0.2957,0.4850,0.7917,239
07196900,aifs,6,0.0417,0.0744,0.2660,0.9859,240
07197000,aifs,6,0.3111,0.2991,0.5751,0.8936,241
07208500,aifs,6,0.1153,0.5274,0.7425,1.0649,241
07226500,aifs,6,-0.0150,-0.5373,0.0107,0.2645,239
07261000,aifs,6,0.2305,0.3097,0.5327,1.3821,239
07263295,aifs,6,-0.1703,-1.0180,0.2410,2.7793,239
07290650,aifs,6,0.0774,0.1944,0.3966,0.6593,241
07291000,aifs,6,-0.2327,-0.0074,0.2463,0.4244,241
07292500,aifs,6,-0.0883,0.2929,0.3419,0.8537,241
07295000,aifs,6,0.2111,0.2132,0.4787,0.6650,241
07299670,aifs,6,-0.2844,-0.3472,0.0120,1.7659,231
07301410,aifs,6,-0.3198,-0.2553,-0.0749,0.7192,230
07301500,aifs,6,-0.1862,-0.5696,0.0464,1.7845,203
07315200,aifs,6,-0.5539,-0.0344,0.0346,1.2970,161
07315700,aifs,6,-3.3484,-0.9448,0.0000,2.4672,218
07335700,aifs,6,-0.0207,-0.1603,0.2205,0.4583,232
07340300,aifs,6,0.1126,0.4083,0.4728,0.8318,241
07346045,aifs,6,-0.6235,0.0396,0.2458,0.4527,241
07359610,aifs,6,-0.3899,0.0823,0.2585,1.5238,241
07362100,aifs,6,-0.1086,0.1210,0.6250,1.7877,241
07362587,aifs,6,-0.2010,-0.3979,0.2307,2.1023,239
07373000,aifs,6,-0.1901,0.0406,0.2237,0.5903,237
07375000,aifs,6,0.2677,0.1363,0.5751,0.5272,241
07376000,aifs,6,0.1321,0.3366,0.4714,0.7217,241
08013000,aifs,6,0.4648,0.3055,0.7914,0.6365,241
08014500,aifs,6,0.2205,0.1073,0.6252,0.5595,241
08023080,aifs,6,-0.2733,-0.3757,0.0768,1.9138,241
08025500,aifs,6,0.2490,0.1707,0.5404,0.7886,241
08029500,aifs,6,-0.0239,0.1393,0.2699,1.1433,241
08050800,aifs,6,0.0212,-0.1482,0.1796,0.7038,240
08066200,aifs,6,0.0173,-0.3037,0.1809,0.3756,241
08066300,aifs,6,-0.0264,-0.5076,0.0927,0.1899,241
08070000,aifs,6,-0.9715,0.1610,0.3384,1.3685,241
08070200,aifs,6,-0.0900,0.3511,0.3731,0.9254,241
08079600,aifs,6,-9.5809,-5.1475,0.4279,6.6214,196
08082700,aifs,6,-0.0122,-0.4832,-0.0428,0.5272,227
08086212,aifs,6,-0.0722,-0.2237,0.0433,1.3344,241
08086290,aifs,6,-0.6775,-1.0735,0.0613,2.8445,241
08101000,aifs,6,-3.3226,-0.6319,0.2744,2.0048,241
08103900,aifs,6,0.0950,0.0452,0.3185,0.7902,241
08104900,aifs,6,-0.1321,-0.1118,0.1269,0.5607,241
08109700,aifs,6,-0.1055,0.1721,0.2473,1.0115,224
08150800,aifs,6,0.0240,-0.3455,0.2430,0.3956,241
08155200,aifs,6,-0.3359,-0.8381,0.2689,2.6555,241
08158700,aifs,6,-4.3327,-7.5825,0.1503,9.5024,241
08158810,aifs,6,0.0252,0.0198,0.2308,1.0699,241
08164000,aifs,6,-0.9962,0.0376,0.3230,1.5818,241
08164300,aifs,6,-0.0575,-0.0949,0.1206,0.7812,238
08164600,aifs,6,-2.8481,-2.8328,0.3929,4.6468,241
08165300,aifs,6,0.0720,-0.0814,0.4171,0.8685,241
08171300,aifs,6,-20.8718,-31.8119,0.3293,33.7085,241
08175000,aifs,6,0.0454,-0.3119,0.5406,0.1221,241
08176900,aifs,6,-6.7342,-5.0521,0.2973,6.7837,241
08178880,aifs,6,-0.0374,-0.4128,0.0969,0.2872,241
08189500,aifs,6,0.4489,0.2931,0.7274,0.6253,241
08190000,aifs,6,0.0746,-0.1039,0.2916,0.7208,241
08190500,aifs,6,0.7529,0.0064,0.9587,1.9665,235
08194200,aifs,6,0.0257,-0.3854,0.3246,0.2160,241
08195000,aifs,6,0.0877,-0.1489,0.4007,0.5253,241
08196000,aifs,6,0.0221,0.1366,0.3605,1.4708,229
08198500,aifs,6,0.0363,-0.2667,0.2086,0.3723,241
08200000,aifs,6,0.0088,-0.1592,0.2085,0.4607,241
08202700,aifs,6,-0.0106,-0.4633,0.0962,0.1678,240
08267500,aifs,6,-20.8341,-2.1736,0.7025,2.6064,241
08269000,aifs,6,-3.3190,-0.3446,0.7136,1.6902,241
08271000,aifs,6,-42.1273,-4.0372,0.7772,2.4265,241
08324000,aifs,6,0.1817,0.6016,0.7107,1.1151,241
08377900,aifs,6,-3.9079,-0.4668,0.4186,1.2949,241
08378500,aifs,6,-5.1371,-0.8566,0.6112,1.2869,233
08380500,aifs,6,-2.5607,-0.1330,0.4373,1.6001,241
09034900,aifs,6,0.1829,0.2311,0.8805,1.5687,237
09035900,aifs,6,0.5617,0.7505,0.8272,1.0859,207
09047700,aifs,6,-4.3130,-0.9229,0.8846,1.3940,239
09065500,aifs,6,0.7099,0.6383,0.9368,1.1393,241
09066000,aifs,6,-0.9056,0.1768,0.5907,1.1625,241
09066200,aifs,6,0.6923,0.6270,0.9248,1.2246,241
09066300,aifs,6,-0.3651,-0.0088,0.8050,1.7938,241
09081600,aifs,6,0.1043,0.5911,0.6238,1.0343,241
09107000,aifs,6,-1.1920,-0.0334,0.7187,1.2501,240
09210500,aifs,6,-1.3675,0.0956,0.7406,1.5378,214
09223000,aifs,6,-2.6313,-0.5311,0.8833,1.9702,180
09306242,aifs,6,-381.2183,-4.1813,0.8971,6.0608,239
09312600,aifs,6,-2.1304,-0.6258,0.4883,2.4022,241
09352900,aifs,6,-0.5129,0.3267,0.5946,1.2382,211
09378170,aifs,6,0.2560,0.2681,0.5413,1.3159,241
09378630,aifs,6,,,,,241
09386900,aifs,6,-1.8325,-0.1941,0.0148,1.5888,241
09404450,aifs,6,0.6892,0.7495,0.8560,0.8954,241
09430500,aifs,6,-1.0792,0.1161,0.5468,0.2623,241
09430600,aifs,6,0.1169,-0.0217,0.7180,0.2525,241
09447800,aifs,6,-2.2237,-0.6377,0.0368,2.0346,241
09480000,aifs,6,-0.4461,-2.8035,-0.0239,4.6348,241
09484000,aifs,6,-0.7184,-0.3633,0.1209,2.0400,216
09484600,aifs,6,-0.0305,-0.6710,0.3005,2.4409,240
09492400,aifs,6,-0.4948,0.3496,0.7116,1.5277,240
09494000,aifs,6,0.3526,0.6402,0.6510,0.9770,241
09497800,aifs,6,-0.1101,-0.6238,-0.2525,1.5135,241
09497980,aifs,6,-0.3798,0.1562,0.1766,0.9725,210
09505200,aifs,6,0.6424,0.7285,0.8065,1.1427,241
09505350,aifs,6,0.6312,0.4715,0.8065,1.4825,241
09505800,aifs,6,0.4840,0.6917,0.7774,1.1816,241
09508300,aifs,6,0.0119,0.2297,0.3542,0.7273,241
09510200,aifs,6,-2.3351,-1.0767,0.1029,2.7846,222
09512280,aifs,6,-0.0630,-0.9760,-0.1008,2.3775,241
09513780,aifs,6,-3.9132,-6.0768,0.0488,8.0059,240
10023000,aifs,6,-14.6949,-0.6480,0.0876,2.2300,241
10166430,aifs,6,-13160.3036,-90.0781,0.5649,72.5169,241
10172700,aifs,6,-29.8535,-0.2936,0.6223,2.0151,241
10172800,aifs,6,-9.5178,-0.8636,0.8114,2.3495,241
10173450,aifs,6,-0.3784,0.3962,0.4185,0.9948,241
10205030,aifs,6,-189.1997,-9.8559,-0.0162,2.3274,241
10234500,aifs,6,-0.0983,-0.2700,-0.0261,0.8525,237
10242000,aifs,6,-29.1603,-3.7092,0.4144,4.4996,241
10244950,aifs,6,-36.8706,-1.5505,0.7129,1.5587,241
10249300,aifs,6,-44.3893,-4.5705,0.5163,4.3278,240
10258000,aifs,6,,,,,69
10258500,aifs,6,0.1758,-0.0384,0.4744,0.4841,241
10259000,aifs,6,0.7620,0.6714,0.9030,1.0651,241
10259200,aifs,6,-7.1749,-5.4031,0.8438,6.9454,241
10263500,aifs,6,-0.3766,0.1642,0.8216,1.2488,241
10310500,aifs,6,-1.4955,0.1769,0.9117,1.7765,241
10316500,aifs,6,-0.3231,0.3376,0.6788,1.2362,241
10329500,aifs,6,0.2975,0.4534,0.8726,1.1948,241
10336645,aifs,6,0.5429,0.6987,0.7549,1.1329,227
10336660,aifs,6,0.5426,0.7240,0.7497,1.0273,241
10343500,aifs,6,0.6165,0.4880,0.8733,0.7866,241
10348850,aifs,6,-2.2358,0.0083,0.8184,1.7168,241
10396000,aifs,6,0.6235,0.7841,0.8525,1.1576,241
11098000,aifs,6,-0.0733,0.3924,0.6173,1.3940,241
11124500,aifs,6,-2.5958,-0.9364,0.8925,2.3933,241
11141280,aifs,6,0.3866,0.3119,0.6964,1.0251,241
11143000,aifs,6,0.4679,0.5418,0.6869,1.1055,241
11148900,aifs,6,0.3456,0.0250,0.8298,0.3853,241
11151300,aifs,6,0.0956,-0.0812,0.4398,0.6894,241
11162500,aifs,6,0.4219,0.2598,0.7530,0.6128,241
11176400,aifs,6,0.0003,-0.2178,0.1791,0.4621,144
11180500,aifs,6,-0.2285,0.0683,0.5527,1.7724,241
11180960,aifs,6,-0.9391,-0.5045,0.3701,2.3311,241
11224500,aifs,6,-0.0252,-0.7036,-0.0666,0.1066,241
11253310,aifs,6,-0.0202,-0.4512,0.1024,0.3224,241
11264500,aifs,6,-0.7020,0.2086,0.2127,0.9775,241
11266500,aifs,6,-0.6015,0.2971,0.3226,1.1087,241
11274500,aifs,6,-0.0504,-0.0986,0.1408,0.6687,241
11274630,aifs,6,-0.0678,0.0692,0.2050,0.8665,241
11284400,aifs,6,0.0246,-0.2648,0.2729,0.2325,241
11299600,aifs,6,-0.0162,-0.1335,0.1766,0.5392,238
11381500,aifs,6,0.4809,0.3507,0.8310,0.9911,241
11383500,aifs,6,0.5537,0.4374,0.8282,1.0445,241
11451100,aifs,6,0.5018,0.4454,0.7493,0.9575,106
11468500,aifs,6,0.3139,0.2019,0.7052,0.8230,241
11473900,aifs,6,0.4350,0.3029,0.8111,0.8754,241
11475560,aifs,6,0.4906,0.3966,0.7695,0.8920,241
11476600,aifs,6,0.7459,0.6051,0.9121,1.0620,240
11478500,aifs,6,0.7727,0.5434,0.9054,1.3408,241
11480390,aifs,6,0.4129,0.2971,0.7753,0.8946,241
11481200,aifs,6,0.6095,0.5417,0.8120,1.0855,241
11482500,aifs,6,0.7102,0.5728,0.8664,1.3114,241
11522500,aifs,6,0.2842,0.4302,0.6839,1.4736,241
11523200,aifs,6,-0.2468,0.1380,0.7109,1.7402,241
11528700,aifs,6,0.5566,0.4873,0.7846,1.1039,241
11532500,aifs,6,0.8785,0.7852,0.9478,1.0935,241
12010000,aifs,6,0.5320,0.4342,0.7962,0.6815,241
12013500,aifs,6,0.6266,0.6885,0.7962,0.8693,241
12020000,aifs,6,0.4235,0.3663,0.7006,0.6177,241
12025000,aifs,6,0.6187,0.7534,0.7928,1.0648,241
12025700,aifs,6,0.6008,0.5949,0.7893,0.8568,241
12035000,aifs,6,0.7565,0.7715,0.8766,0.8840,241
12040500,aifs,6,0.6091,0.6872,0.7931,0.8339,241
12041200,aifs,6,0.5799,0.7481,0.8277,0.8437,241
12043000,aifs,6,0.6903,0.6949,0.8464,0.8097,241
12048000,aifs,6,0.4068,0.5952,0.8778,1.2618,241
12054000,aifs,6,0.2145,0.4610,0.8304,1.3341,241
12056500,aifs,6,0.5440,0.7364,0.8190,0.8911,241
12073500,aifs,6,0.5243,0.7191,0.7541,1.0839,240
12082500,aifs,6,0.3743,0.3409,0.6425,0.9960,235
12092000,aifs,6,0.1747,0.2034,0.4234,0.9623,241
12095000,aifs,6,0.4977,0.4838,0.7252,0.8699,241
12114500,aifs,6,0.5008,0.4338,0.7567,1.0358,241
12115000,aifs,6,0.4833,0.4285,0.7369,1.0102,241
12115500,aifs,6,0.4224,0.3961,0.6759,0.8697,241
12117000,aifs,6,0.5821,0.5667,0.7778,0.9752,241
12141300,aifs,6,0.2937,0.3083,0.5475,1.0582,241
12143600,aifs,6,0.3881,0.3726,0.6459,1.1614,238
12144000,aifs,6,0.4964,0.4846,0.7215,0.9888,240
12145500,aifs,6,0.6889,0.6659,0.8407,0.8706,241
12147600,aifs,6,0.2547,0.3242,0.5087,0.9021,241
12167000,aifs,6,0.5703,0.6283,0.7660,1.1814,241
12175500,aifs,6,-0.0490,0.5222,0.5538,1.1222,241
12186000,aifs,6,0.4415,0.5452,0.6787,1.1485,238
12189500,aifs,6,0.5053,0.6205,0.7656,1.2558,240
12358500,aifs,6,0.6293,0.8028,0.8374,1.0517,241
12377150,aifs,6,0.5579,0.7772,0.7776,0.9881,241
12381400,aifs,6,0.3488,0.5007,0.8636,1.2277,208
12390700,aifs,6,0.4172,0.6271,0.6989,1.1808,241
12411000,aifs,6,0.7226,0.7176,0.8800,1.2514,230
12414500,aifs,6,0.6599,0.6925,0.8214,0.9105,241
12447390,aifs,6,-0.2045,-0.2458,0.2153,0.3602,241
12451000,aifs,6,0.4704,0.6763,0.8064,1.2208,241
12488500,aifs,6,0.5778,0.7133,0.7906,1.1607,241
13011500,aifs,6,0.7109,0.5908,0.9388,1.3095,241
13011900,aifs,6,0.7854,0.8025,0.9231,0.9659,241
13018300,aifs,6,-0.5256,-0.0367,0.9304,1.4877,241
13023000,aifs,6,0.5442,0.7687,0.8109,0.9075,199
13161500,aifs,6,0.6427,0.6665,0.8317,0.7874,241
13235000,aifs,6,0.5936,0.6583,0.7872,0.8888,239
13240000,aifs,6,0.7754,0.8609,0.8817,1.0030,162
13310700,aifs,6,0.5944,0.5047,0.9014,0.6762,241
13313000,aifs,6,0.6959,0.4849,0.9582,0.6446,241
13331500,aifs,6,0.4966,0.5381,0.9012,1.2167,241
13337000,aifs,6,0.6812,0.6964,0.8551,0.8302,241
13338500,aifs,6,0.8146,0.8732,0.9159,1.0899,241
13340000,aifs,6,0.4990,0.6274,0.7580,0.7919,241
13340600,aifs,6,0.6027,0.6125,0.8813,0.7084,241
14020000,aifs,6,0.3342,0.1811,0.8022,0.6235,241
14092750,aifs,6,0.7518,0.8015,0.8768,0.9065,241
14096850,aifs,6,-1.7170,0.1659,0.7418,0.4787,241
14137000,aifs,6,0.7477,0.6703,0.8867,1.0317,236
14138800,aifs,6,0.5665,0.5311,0.7731,0.8976,241
14138870,aifs,6,0.6699,0.6156,0.8384,0.8345,241
14138900,aifs,6,0.3202,0.3270,0.5768,0.8714,241
14139800,aifs,6,0.6958,0.6327,0.8517,0.8148,239
14141500,aifs,6,0.7290,0.6995,0.8633,0.8759,241
14154500,aifs,6,0.5965,0.7037,0.7790,1.1262,241
14158500,aifs,6,0.7805,0.7038,0.9239,1.0850,226
14158790,aifs,6,0.5630,0.6639,0.7513,1.0425,237
14166500,aifs,6,0.5192,0.4833,0.7462,0.9248,241
14182500,aifs,6,0.7297,0.7568,0.8578,0.8702,241
14185000,aifs,6,0.5283,0.7470,0.7883,1.1101,241
14185900,aifs,6,0.6055,0.7937,0.8083,1.0728,238
14187000,aifs,6,0.3946,0.6665,0.6969,1.1385,239
14216500,aifs,6,0.8389,0.8433,0.9179,1.0438,238
14222500,aifs,6,0.6425,0.5470,0.8468,0.9827,241
14236200,aifs,6,0.6512,0.5840,0.8343,0.8537,240
14301000,aifs,6,0.6726,0.6860,0.8244,0.9386,240
14303200,aifs,6,0.5550,0.4500,0.8159,0.9398,241
14305500,aifs,6,0.7111,0.6315,0.8687,0.9228,239
14306340,aifs,6,0.6056,0.4902,0.8295,0.7741,241
14306500,aifs,6,0.7556,0.6787,0.8898,0.9239,241
14308990,aifs,6,0.5434,0.4101,0.8413,0.9147,241
14309500,aifs,6,0.7409,0.7600,0.8628,0.9789,241
14316700,aifs,6,0.5623,0.6304,0.7518,1.0908,241
14325000,aifs,6,0.8241,0.9121,0.9131,0.9930,241
14362250,aifs,6,0.3184,0.1250,0.8366,0.5053,148
14400000,aifs,6,0.8568,0.7811,0.9304,0.8372,241
01013500,aifs,7,0.8919,0.8099,0.9547,0.8618,241
01022500,aifs,7,0.5975,0.7092,0.7796,1.1010,241
01030500,aifs,7,0.7242,0.7799,0.8965,1.1057,241
01031500,aifs,7,0.1049,0.5602,0.6525,1.1769,239
01047000,aifs,7,0.0822,0.5733,0.5936,1.0685,241
01052500,aifs,7,0.3657,0.4372,0.6199,0.7734,241
01054200,aifs,7,0.0750,0.1376,0.3946,0.5606,241
01055000,aifs,7,0.1456,0.5290,0.5369,1.0091,241
01057000,aifs,7,0.4297,0.7219,0.7496,1.0485,241
01073000,aifs,7,0.6164,0.6895,0.8676,1.1807,241
01078000,aifs,7,0.2585,0.4285,0.5680,0.7467,239
01118300,aifs,7,0.2378,0.4161,0.5483,0.7747,239
01121000,aifs,7,0.5946,0.7130,0.7939,1.1855,239
01123000,aifs,7,0.7113,0.6712,0.8576,0.9092,241
01134500,aifs,7,0.6398,0.7391,0.8089,0.8701,239
01137500,aifs,7,0.3447,0.5203,0.6244,0.8110,241
01139000,aifs,7,0.3445,0.6865,0.6955,0.9686,237
01139800,aifs,7,0.7149,0.8326,0.8584,1.0858,241
01142500,aifs,7,0.6042,0.7926,0.8048,0.9300,239
01144000,aifs,7,0.5957,0.7738,0.8352,0.9823,241
01169000,aifs,7,0.4143,0.6949,0.7143,1.1059,239
01170100,aifs,7,0.4445,0.7335,0.7442,0.9970,240
01181000,aifs,7,0.7036,0.7961,0.8641,1.1430,239
01187300,aifs,7,0.6141,0.6452,0.7870,1.1220,241
01195100,aifs,7,0.2801,0.3083,0.5519,0.8060,241
01333000,aifs,7,0.5489,0.6855,0.7472,0.9292,239
01350000,aifs,7,0.1043,0.1429,0.3597,0.7583,238
01350080,aifs,7,0.6532,0.6797,0.8179,0.8161,241
01350140,aifs,7,0.7048,0.7499,0.8623,0.7915,191
01365000,aifs,7,0.3258,0.4001,0.5814,0.8434,239
01411300,aifs,7,-0.0820,0.0593,0.2070,1.1630,232
01413500,aifs,7,0.4014,0.4281,0.6546,0.8029,239
01414500,aifs,7,0.0761,0.0876,0.3775,0.6137,239
01415000,aifs,7,0.3957,0.2798,0.7867,0.5846,196
01423000,aifs,7,0.4624,0.4189,0.7485,0.7056,241
01434025,aifs,7,0.1219,0.4710,0.5531,0.7238,241
01435000,aifs,7,0.2841,0.3543,0.5395,0.8665,240
01439500,aifs,7,0.5116,0.5543,0.7633,0.7704,239
01440000,aifs,7,0.4275,0.5678,0.6666,0.8914,241
01440400,aifs,7,0.5939,0.7022,0.7747,0.9270,215
01451800,aifs,7,0.2993,0.4216,0.5533,0.9753,239
01466500,aifs,7,-2.5218,-0.6756,0.8638,0.9902,239
01484100,aifs,7,-0.0396,0.4795,0.5434,1.2483,241
01485500,aifs,7,-2.4040,-0.4831,0.5882,2.0233,236
01486000,aifs,7,-0.3673,0.2262,0.6526,1.6640,241
01487000,aifs,7,0.5374,0.7693,0.7976,1.0347,241
01491000,aifs,7,0.6935,0.5558,0.8939,0.9703,241
01510000,aifs,7,0.6816,0.8097,0.8300,1.0104,241
01516500,aifs,7,0.2181,0.1913,0.5357,0.5943,241
01518862,aifs,7,0.2691,0.3656,0.5908,0.6533,241
01532000,aifs,7,0.3041,0.6584,0.6702,0.9230,239
01539000,aifs,7,0.2797,0.5851,0.6269,0.8405,225
01542810,aifs,7,0.1096,0.5129,0.5302,0.8882,239
01543000,aifs,7,0.2271,0.6095,0.6661,0.8256,241
01543500,aifs,7,0.4677,0.6505,0.7347,0.7954,239
01544500,aifs,7,0.4581,0.4608,0.7749,0.6423,241
01545600,aifs,7,0.4560,0.3867,0.7852,0.6371,241
01547700,aifs,7,-0.0027,0.0462,0.2374,0.8039,241
01548500,aifs,7,0.3869,0.3763,0.7249,0.6177,239
01549500,aifs,7,0.4758,0.5240,0.7386,0.7061,239
01550000,aifs,7,0.4007,0.4329,0.7066,0.6652,239
01552000,aifs,7,0.3775,0.5547,0.6624,0.7918,241
01552500,aifs,7,0.2785,0.6160,0.6448,0.8546,241
01557500,aifs,7,-0.0892,0.3065,0.3430,0.9227,241
01567500,aifs,7,0.0642,0.2011,0.3364,1.0277,241
01568000,aifs,7,0.2536,0.3890,0.5210,1.0878,241
01580000,aifs,7,0.1995,0.2776,0.4763,0.8863,237
01583500,aifs,7,0.2241,0.2720,0.5354,0.8114,241
01586610,aifs,7,0.2560,0.3274,0.5758,0.7666,207
01591400,aifs,7,0.1792,0.1586,0.4305,0.9500,241
01596500,aifs,7,0.1631,0.1403,0.4430,0.6968,239
01605500,aifs,7,0.2951,0.4283,0.5613,1.1091,239
01606500,aifs,7,0.3554,0.3576,0.6399,0.7419,214
01613050,aifs,7,0.2275,0.3117,0.4820,1.0318,241
01620500,aifs,7,0.3630,0.2862,0.7050,0.5115,239
01632000,aifs,7,0.2248,0.2634,0.4893,0.7826,239
01632900,aifs,7,0.2123,0.4954,0.5368,0.9470,239
01634500,aifs,7,0.1570,0.2280,0.4157,0.8762,224
01638480,aifs,7,-0.4482,0.0567,0.4145,1.7267,236
01639500,aifs,7,0.2293,0.3451,0.4924,1.0692,241
01644000,aifs,7,-0.2059,0.1531,0.5660,1.7124,241
01658500,aifs,7,-0.2350,0.1793,0.2183,1.0011,210
01664000,aifs,7,0.2894,0.2957,0.5666,0.8405,241
01666500,aifs,7,0.4343,0.4588,0.6654,0.9872,226
01667500,aifs,7,0.4448,0.5256,0.6682,1.0344,219
01669000,aifs,7,0.4465,0.5328,0.6686,0.9828,216
01669520,aifs,7,-1.5684,-0.0521,0.6514,1.7221,239
02011400,aifs,7,0.3183,0.5630,0.6154,1.1326,241
02011460,aifs,7,0.3786,0.4733,0.6293,0.8100,241
02013000,aifs,7,0.1748,0.3390,0.4569,1.0927,241
02014000,aifs,7,-0.0093,0.4702,0.4722,0.9983,241
02015700,aifs,7,0.5504,0.6779,0.7444,0.9883,223
02016000,aifs,7,0.5594,0.5859,0.7564,0.8725,241
02017500,aifs,7,0.1194,0.5765,0.6671,1.1317,239
02018000,aifs,7,0.3392,0.6603,0.6729,1.0916,234
02027000,aifs,7,0.5576,0.6633,0.7922,0.7485,221
02027500,aifs,7,0.5843,0.5119,0.8545,0.6107,224
02028500,aifs,7,0.4941,0.4871,0.7433,0.8101,216
02038850,aifs,7,0.1087,0.1909,0.4160,0.7340,239
02046000,aifs,7,0.2721,0.3620,0.5877,1.3818,231
02051000,aifs,7,0.0403,0.0319,0.2547,0.8495,241
02051500,aifs,7,0.1316,0.3429,0.4343,1.0569,239
02053200,aifs,7,-0.9537,0.1029,0.3533,1.5270,210
02053800,aifs,7,0.2583,0.3347,0.5278,0.8617,222
02055100,aifs,7,0.3834,0.5828,0.6471,1.1001,239
02056900,aifs,7,0.3995,0.5483,0.6657,0.8309,216
02059500,aifs,7,0.3070,0.5689,0.6485,0.7808,210
02064000,aifs,7,0.2333,0.2409,0.5424,0.6833,229
02065500,aifs,7,0.2441,0.2889,0.6626,0.6097,239
02069700,aifs,7,0.1095,0.3740,0.4623,1.1491,214
02070000,aifs,7,0.0503,0.3115,0.4000,1.1379,239
02074500,aifs,7,0.0064,0.3583,0.3975,1.0490,241
02077200,aifs,7,0.2720,0.5186,0.5683,1.0480,236
02081500,aifs,7,-0.1866,0.0347,0.1641,1.2877,241
02082950,aifs,7,-0.5470,0.1745,0.5813,1.5506,241
02092500,aifs,7,-4.0390,-0.8686,0.2142,2.3518,241
02096846,aifs,7,-0.4745,-0.0086,0.0983,1.3951,241
02102908,aifs,7,0.0719,0.1937,0.3436,0.9221,241
02108000,aifs,7,0.5356,0.7034,0.7612,1.1595,241
02111180,aifs,7,-0.1029,-0.0993,0.0757,0.9843,241
02111500,aifs,7,-0.2806,0.1655,0.2010,0.9578,239
02118500,aifs,7,-0.4576,0.3349,0.3443,1.0538,241
02128000,aifs,7,-0.3341,-0.4759,0.4673,2.3764,241
02137727,aifs,7,-0.2000,0.0585,0.1444,0.9558,241
02140991,aifs,7,-0.2185,0.0648,0.1510,1.1018,241
02143000,aifs,7,-1.4819,0.1562,0.3575,1.2774,241
02143040,aifs,7,-0.8731,0.2688,0.4263,0.9718,239
02149000,aifs,7,-0.0677,0.0856,0.2086,1.0060,241
02152100,aifs,7,-0.5246,0.3000,0.3071,1.0434,241
02177000,aifs,7,0.2439,0.2386,0.5084,1.0469,239
02178400,aifs,7,0.3554,0.5523,0.6209,0.9570,239
02193340,aifs,7,-1.6790,-0.0382,0.1516,1.4127,241
02196000,aifs,7,0.0184,-0.1654,0.2359,0.4776,241
02198100,aifs,7,-0.1257,-0.0762,0.1105,1.2534,240
02202600,aifs,7,-0.6633,-0.1599,0.2267,1.8359,241
02212600,aifs,7,-0.1889,0.0525,0.1430,1.0590,239
02215100,aifs,7,-0.0199,-0.1648,0.1545,0.6704,241
02216180,aifs,7,-0.0689,-0.4651,-0.0698,0.4592,239
02221525,aifs,7,-0.0279,0.2250,0.3114,1.0901,239
02231000,aifs,7,-1.0014,-0.0951,0.6214,1.7364,241
02231342,aifs,7,-1.7555,-0.2102,0.5371,1.7587,241
02235200,aifs,7,-0.4176,0.4044,0.4928,1.2089,240
02245500,aifs,7,-2.8517,-0.4415,0.5964,1.4418,241
02246000,aifs,7,-1.3752,0.0395,0.5525,1.0784,239
02296500,aifs,7,0.6148,0.1926,0.8504,1.7894,230
02297155,aifs,7,0.0284,-0.1667,0.6339,0.2489,240
02297310,aifs,7,0.4995,0.5337,0.7255,0.7395,231
02298123,aifs,7,0.4134,0.2328,0.7745,0.4995,241
02298608,aifs,7,0.2638,0.5908,0.6303,1.1730,241
02299950,aifs,7,0.1403,0.4399,0.5202,0.7544,241
02300700,aifs,7,0.3160,0.1715,0.6627,0.5598,241
02310947,aifs,7,-0.2281,-1.0199,-0.2764,2.3286,241
02312200,aifs,7,-4.5692,-3.2254,-0.0038,5.0497,241
02314500,aifs,7,-0.1173,-0.1059,0.2522,0.5785,241
02315500,aifs,7,-0.3264,-0.6842,-0.3040,0.4158,241
02324400,aifs,7,-0.2202,-1.0425,-0.5475,0.1095,241
02327100,aifs,7,-2.0692,-0.7166,0.6435,2.3952,239
02349900,aifs,7,0.1182,0.0967,0.3463,0.9344,241
02350900,aifs,7,0.2115,0.3925,0.7048,0.6583,241
02361000,aifs,7,0.3606,0.5206,0.7071,0.6975,241
02363000,aifs,7,0.2041,0.0067,0.8000,0.3715,239
02369800,aifs,7,0.2043,0.0033,0.7266,0.4927,240
02371500,aifs,7,0.1915,0.0727,0.6182,0.7508,241
02372250,aifs,7,0.2975,0.1765,0.7447,0.7931,239
02374500,aifs,7,0.4307,0.3626,0.7195,0.7832,241
02381600,aifs,7,0.0419,0.0350,0.2525,0.9446,241
02384540,aifs,7,0.0826,0.0495,0.4146,0.7400,241
02395120,aifs,7,-0.5896,0.3216,0.3498,1.0075,241
02408540,aifs,7,-0.0478,0.2981,0.3454,0.9510,241
02415000,aifs,7,0.0455,0.2663,0.3593,0.9556,231
02422500,aifs,7,-0.3437,0.4006,0.4887,1.2477,224
02427250,aifs,7,0.4277,0.5533,0.6809,1.2679,241
02430085,aifs,7,-0.3913,0.1279,0.1783,1.2246,241
02450250,aifs,7,0.1435,0.1462,0.3810,0.9564,241
02464000,aifs,7,0.2518,0.3365,0.5070,0.9012,241
02465493,aifs,7,0.3395,0.4861,0.6037,1.1135,238
02469800,aifs,7,0.5512,0.4452,0.7949,0.6276,239
02472000,aifs,7,0.4065,0.2394,0.7604,0.6061,241
02472500,aifs,7,0.2953,0.4677,0.6181,0.6730,241
02479155,aifs,7,0.4263,0.2181,0.8323,0.6382,241
02479300,aifs,7,0.3167,0.0594,0.8086,0.4531,241
02481000,aifs,7,0.2770,-0.0591,0.8146,0.2953,241
02481510,aifs,7,0.3272,0.0190,0.8698,0.3673,241
03010655,aifs,7,0.3889,0.5303,0.6974,0.6964,212
03011800,aifs,7,0.1317,0.4521,0.5260,0.7867,241
03015500,aifs,7,0.2416,0.6447,0.6867,0.9739,241
03021350,aifs,7,0.1715,0.5446,0.5915,0.7991,239
03026500,aifs,7,0.0972,0.4810,0.5113,0.8598,241
03028000,aifs,7,0.1717,0.5313,0.6314,0.7131,241
03049800,aifs,7,0.1055,0.0696,0.4099,0.6151,239
03050000,aifs,7,0.1577,0.3824,0.4701,0.8769,239
03066000,aifs,7,0.3102,0.3615,0.6170,0.6797,241
03069500,aifs,7,0.2289,0.3377,0.5410,0.6979,239
03070500,aifs,7,0.1023,0.5873,0.6044,0.9898,239
03076600,aifs,7,0.1283,0.2018,0.4684,0.6308,241
03078000,aifs,7,-0.0174,0.0731,0.2867,0.6689,241
03140000,aifs,7,0.1861,0.2472,0.4420,0.8529,239
03144000,aifs,7,-0.4477,0.2231,0.2261,0.9904,241
03159540,aifs,7,0.0054,0.1835,0.3136,0.8063,241
03161000,aifs,7,-0.0187,0.1211,0.2891,0.8524,241
03164000,aifs,7,0.2347,0.5071,0.5895,0.8474,241
03165000,aifs,7,-0.1288,0.0255,0.1606,0.8717,224
03170000,aifs,7,0.3058,0.4141,0.5872,0.8463,241
03173000,aifs,7,0.2877,0.5633,0.6038,0.8760,239
03180500,aifs,7,0.3455,0.4407,0.5975,0.8438,225
03182500,aifs,7,0.4135,0.6108,0.6610,0.9631,239
03186500,aifs,7,0.3412,0.5207,0.6071,0.8845,239
03187500,aifs,7,0.3733,0.6343,0.6734,0.8516,238
03213700,aifs,7,0.0078,0.5174,0.5335,1.1159,241
03237280,aifs,7,0.1388,0.1822,0.4156,0.6740,241
03237500,aifs,7,-0.0008,0.3313,0.3776,0.9858,239
03241500,aifs,7,-0.0897,-0.0158,0.1846,0.6713,228
03280700,aifs,7,-0.7444,0.2928,0.3809,0.8801,213
03281100,aifs,7,-0.5200,0.3697,0.4427,0.9381,239
03281500,aifs,7,-0.2540,0.4551,0.5104,0.9196,228
03285000,aifs,7,-0.6985,-0.0638,0.3640,1.8319,238
03291780,aifs,7,-0.1388,-0.0701,0.0873,0.8334,241
03300400,aifs,7,-0.0689,0.0441,0.1844,0.9468,241
03340800,aifs,7,-0.4119,0.2273,0.2356,0.9233,193
03346000,aifs,7,-0.1361,-0.0403,0.2078,0.4888,241
03364500,aifs,7,-0.0486,-0.2021,0.1350,0.5233,241
03366500,aifs,7,-0.1157,-0.0348,0.1471,0.6943,241
03368000,aifs,7,-0.0883,-0.2096,0.0701,0.5847,241
03384450,aifs,7,0.0594,-0.1319,0.2597,0.5856,241
03439000,aifs,7,-0.1832,-0.2473,0.0554,0.6552,239
03450000,aifs,7,0.0059,-0.0764,0.2028,0.8419,241
03455500,aifs,7,-0.2254,0.1941,0.3118,0.7060,239
03456500,aifs,7,-0.2474,-0.0936,0.0582,0.7906,239
03460000,aifs,7,-0.4309,0.2769,0.5085,0.6113,241
03463300,aifs,7,-0.1395,0.1651,0.2459,0.8680,241
03471500,aifs,7,0.4537,0.5982,0.8094,0.7018,239
03473000,aifs,7,0.1245,0.4411,0.5900,0.7043,241
03479000,aifs,7,-0.1293,0.2903,0.3273,0.9075,239
03488000,aifs,7,0.4144,0.4723,0.6922,0.7237,241
03498500,aifs,7,-0.1339,0.2573,0.3524,0.7501,241
03500000,aifs,7,0.2730,0.6056,0.6907,0.8313,239
03504000,aifs,7,-0.1129,0.3749,0.4358,0.8481,239
03574500,aifs,7,0.1051,0.0506,0.3900,0.6016,241
03604000,aifs,7,-0.1121,-0.2292,0.0137,0.7806,239
04015330,aifs,7,0.3516,0.2317,0.6221,0.5585,200
04024430,aifs,7,0.6448,0.5035,0.8467,0.6469,241
04027000,aifs,7,0.4754,0.4263,0.7217,0.7027,241
04040500,aifs,7,0.8122,0.7597,0.9078,0.8802,241
04043050,aifs,7,0.7896,0.8164,0.8909,0.8995,182
04045500,aifs,7,0.8738,0.7864,0.9506,0.7977,237
04056500,aifs,7,0.5332,0.4363,0.8229,0.7104,231
04057510,aifs,7,0.8595,0.6606,0.9672,0.7583,161
04057800,aifs,7,0.7849,0.6021,0.9165,0.7146,241
04059500,aifs,7,0.8416,0.7468,0.9343,0.9595,241
04063700,aifs,7,0.6798,0.4094,0.9406,0.5956,241
04074950,aifs,7,0.6025,0.5116,0.8946,0.7392,241
04105700,aifs,7,0.5613,0.5458,0.7920,0.9081,241
04115265,aifs,7,0.4420,0.3769,0.7230,0.9297,241
04122200,aifs,7,0.4732,0.4405,0.7498,0.8333,241
04122500,aifs,7,0.7192,0.6672,0.8830,0.9002,239
04124000,aifs,7,0.7486,0.6619,0.8905,0.9939,241
04127997,aifs,7,0.3705,0.3578,0.6660,0.8946,204
04185000,aifs,7,0.5611,0.5501,0.7658,0.7903,218
04196800,aifs,7,0.2874,0.2514,0.5577,0.6406,241
04197100,aifs,7,0.3075,0.3986,0.5568,0.9298,241
04197170,aifs,7,-0.0187,0.1018,0.2669,0.7332,241
04213000,aifs,7,-0.0086,0.5341,0.5508,1.0614,239
04213075,aifs,7,0.0809,0.2555,0.3836,0.8403,237
04216418,aifs,7,0.3824,0.6303,0.6547,1.0173,241
04221000,aifs,7,0.1563,0.2802,0.5538,0.5851,241
04224775,aifs,7,0.1698,0.1985,0.5247,0.5637,239
04256000,aifs,7,0.5717,0.7126,0.8297,1.1802,239
04296000,aifs,7,0.4193,0.6495,0.6823,0.9104,241
05057000,aifs,7,-0.9926,0.0743,0.5696,0.5082,163
05057200,aifs,7,0.5182,0.7187,0.7380,1.0175,240
05062500,aifs,7,0.6274,0.7443,0.7987,0.9115,202
05087500,aifs,7,0.3970,0.4641,0.6317,0.9074,241
05120500,aifs,7,-10.0112,-1.4894,-0.0625,3.1906,210
05123400,aifs,7,-0.3950,-0.6564,-0.0244,0.1567,240
05129115,aifs,7,-0.8203,-0.8897,-0.2533,0.0000,241
05131500,aifs,7,0.1042,-0.0015,0.6589,0.4264,145
05291000,aifs,7,-0.2828,0.2972,0.3672,0.6977,241
05362000,aifs,7,0.5757,0.6172,0.7722,0.7896,240
05393500,aifs,7,0.5216,0.6149,0.7340,0.8125,241
05399500,aifs,7,-0.0042,0.3373,0.3943,0.8342,239
05408000,aifs,7,0.0822,0.0419,0.3646,0.8158,240
05412500,aifs,7,0.1231,0.2175,0.5480,0.6345,241
05413500,aifs,7,-0.1342,0.1318,0.3848,0.7447,211
05414000,aifs,7,-0.0890,0.1174,0.6780,0.5832,207
05444000,aifs,7,0.0659,0.1457,0.4675,0.6201,239
05454000,aifs,7,0.0978,0.0762,0.4926,0.5385,241
05458000,aifs,7,-0.0436,-0.1206,0.1727,0.6467,241
05466500,aifs,7,0.0625,-0.0182,0.3095,0.6787,239
05487980,aifs,7,-0.0360,-0.1294,0.1737,0.5317,239
05488200,aifs,7,0.0072,-0.2734,0.2352,0.3104,239
05489000,aifs,7,-0.0290,-0.3746,0.1205,0.3111,239
05495000,aifs,7,-0.2326,0.1629,0.2075,0.9683,239
05495500,aifs,7,-0.0404,-0.1202,0.1935,0.4852,235
05501000,aifs,7,0.0123,-0.2508,0.1833,0.4502,239
05503800,aifs,7,-0.0387,0.0252,0.2147,0.7168,241
05507600,aifs,7,-0.3641,0.3305,0.3373,1.0913,241
05508805,aifs,7,-0.3451,0.2188,0.4777,1.5437,239
05514500,aifs,7,0.0068,0.2317,0.3334,0.8442,239
05525500,aifs,7,0.3269,0.3807,0.5734,0.9096,239
05556500,aifs,7,-0.0629,-0.2171,0.2463,0.4222,241
05584500,aifs,7,0.1932,0.0225,0.6489,0.4530,239
05585000,aifs,7,0.2033,0.0744,0.6163,0.4650,241
05591550,aifs,7,-0.0246,0.0050,0.2157,0.7208,239
05592050,aifs,7,-0.1283,-0.0167,0.1594,0.6771,222
05592575,aifs,7,-0.0936,-0.0195,0.1806,0.6333,239
05593575,aifs,7,-0.0841,0.3719,0.4231,1.2389,241
05593900,aifs,7,-0.1722,0.0049,0.1489,0.6992,239
05595730,aifs,7,-0.2486,0.3711,0.4015,1.1893,241
06037500,aifs,7,-2.2777,0.3923,0.8578,1.2929,241
06043500,aifs,7,0.3739,0.3715,0.9627,1.3403,241
06154410,aifs,7,-0.6584,0.0639,0.1093,0.7285,241
06188000,aifs,7,0.8690,0.8954,0.9433,0.9952,241
06191500,aifs,7,0.7088,0.6531,0.9382,1.1274,241
06221400,aifs,7,0.8316,0.8726,0.9282,1.0471,241
06224000,aifs,7,0.6965,0.8416,0.8507,1.0527,241
06289000,aifs,7,0.3032,0.6037,0.6534,0.8549,241
06332515,aifs,7,0.2357,0.4245,0.5170,0.9375,118
06339100,aifs,7,-0.0504,0.3047,0.5107,1.4933,177
06339500,aifs,7,-0.0530,0.0942,0.6787,0.2829,171
06344600,aifs,7,-1.8774,-1.4671,0.4816,3.4015,180
06350000,aifs,7,-2.2045,-0.4350,0.5005,2.1592,241
06352000,aifs,7,-0.0164,-0.1032,0.5138,1.3444,240
06353000,aifs,7,-0.0008,-0.1133,0.5128,0.8149,239
06354000,aifs,7,0.3698,0.3015,0.8055,0.4908,176
06360500,aifs,7,0.1279,0.1444,0.5289,1.5402,142
06404000,aifs,7,-3.9425,-0.4560,-0.1281,1.4643,208
06406000,aifs,7,-164.1368,-3.7997,0.9001,5.7497,183
06408700,aifs,7,-1571.8666,-3.9982,0.2306,1.5090,241
06409000,aifs,7,-1.1768,0.6470,0.9024,1.2516,196
06431500,aifs,7,-1.2177,0.4106,0.4344,1.0935,230
06440200,aifs,7,-0.0422,-0.4527,0.5000,0.0398,163
06441500,aifs,7,-0.7684,-1.2646,0.1995,2.9342,180
06447000,aifs,7,-0.0635,-0.1023,0.1813,0.5247,143
06447500,aifs,7,-0.0833,-0.0535,0.5700,0.6970,241
06450500,aifs,7,0.0512,-0.0907,0.3786,1.0575,211
06452000,aifs,7,0.0070,-0.3013,0.1328,1.0158,178
06453600,aifs,7,-0.2517,-0.2476,0.2038,1.6485,238
06464500,aifs,7,0.0588,0.3409,0.4145,1.0916,178
06477500,aifs,7,-11.8099,-2.5836,0.1501,3.6207,240
06479215,aifs,7,-0.1582,-0.2745,0.0192,0.5570,241
06479438,aifs,7,-0.1409,-0.5336,0.0199,0.2185,241
06601000,aifs,7,-0.2597,-0.2312,-0.0627,0.8226,241
06614800,aifs,7,0.7802,0.6215,0.9368,1.3435,241
06622700,aifs,7,-0.2912,0.1611,0.7629,1.6130,241
06623800,aifs,7,0.8198,0.9071,0.9123,0.9791,241
06632400,aifs,7,-0.3211,0.3222,0.4619,1.3893,241
06784000,aifs,7,-0.8447,-0.3133,-0.0384,1.3102,241
06803510,aifs,7,0.1172,-0.0700,0.4395,0.6033,241
06803530,aifs,7,-0.0896,-0.2162,0.0262,0.7579,241
06814000,aifs,7,-0.1848,-0.2753,-0.0065,0.4919,241
06846500,aifs,7,-0.0095,-0.4718,-0.0577,1.3841,241
06847900,aifs,7,-0.0206,-0.3165,0.0582,1.3141,241
06853800,aifs,7,-1.0039,-0.3011,-0.0281,1.7788,241
06876700,aifs,7,0.0957,-0.1409,0.4718,0.3017,241
06878000,aifs,7,0.0311,-0.2069,0.2445,0.4211,241
06879650,aifs,7,0.0138,-0.2982,0.2924,0.3228,240
06885500,aifs,7,0.0202,-0.2992,0.3166,0.2894,241
06888500,aifs,7,-0.0235,-0.4408,0.1282,0.2984,241
06889200,aifs,7,-0.0273,-0.1993,0.1551,0.4760,241
06889500,aifs,7,0.0669,-0.1203,0.2886,0.5338,241
06892000,aifs,7,0.0132,-0.1941,0.2623,0.3876,241
06903400,aifs,7,-0.0296,-0.4589,0.2698,0.1206,241
06906800,aifs,7,0.1848,-0.0465,0.5155,0.3889,241
06910800,aifs,7,0.0155,-0.2658,0.2210,0.4323,241
06911900,aifs,7,0.0515,-0.2199,0.3117,0.3827,241
06917000,aifs,7,0.1209,-0.1029,0.4472,0.3400,241
06918460,aifs,7,0.2491,0.3305,0.5048,0.9182,241
06919500,aifs,7,-0.0151,0.0042,0.3151,0.4514,241
06921070,aifs,7,0.1028,-0.0244,0.3678,0.5803,241
06921200,aifs,7,0.0169,-0.2936,0.3347,0.2721,241
06934000,aifs,7,0.1883,0.2342,0.5480,0.6260,240
07014500,aifs,7,0.0715,-0.0867,0.3562,0.6242,241
07056000,aifs,7,0.0817,0.2537,0.3816,0.8292,241
07057500,aifs,7,0.1359,0.1513,0.4347,0.8100,233
07060710,aifs,7,-0.0001,-0.3928,0.0298,1.0572,241
07066000,aifs,7,0.2012,0.1779,0.5257,0.7816,241
07067000,aifs,7,0.1355,0.3330,0.7098,0.5656,241
07068000,aifs,7,0.2525,0.3460,0.6641,0.7702,240
07071500,aifs,7,-0.0206,0.4348,0.5623,0.8028,241
07083000,aifs,7,-1.5065,-0.3930,0.8926,1.7374,241
07142300,aifs,7,-8.1615,-4.9999,-0.0901,6.8382,241
07145700,aifs,7,-0.0288,-0.6786,-0.0572,0.1270,238
07148400,aifs,7,-0.1875,0.4373,0.6877,1.3693,241
07149000,aifs,7,0.0058,0.4309,0.6051,1.4054,241
07151500,aifs,7,-0.0341,-0.5299,-0.0426,0.3841,241
07167500,aifs,7,-0.0141,-0.4055,0.0325,1.5092,241
07180500,aifs,7,-0.0042,-0.2276,0.1359,0.6145,241
07184000,aifs,7,-0.0599,-0.4651,0.0166,0.2866,239
07195800,aifs,7,-0.3687,0.2601,0.2767,0.8572,239
07196900,aifs,7,-0.0260,0.1829,0.2863,1.0911,240
07197000,aifs,7,-0.1557,0.3194,0.3355,0.9913,241
07208500,aifs,7,0.1023,0.5207,0.7416,1.0679,241
07226500,aifs,7,-0.0049,-0.5043,0.0731,0.2595,239
07261000,aifs,7,-0.1330,0.1811,0.4141,1.5615,239
07263295,aifs,7,-1.2271,-1.4875,0.1022,3.3192,239
07290650,aifs,7,-0.0349,0.0373,0.2698,0.6184,241
07291000,aifs,7,-0.2696,-0.2284,0.0883,0.3811,241
07292500,aifs,7,0.0461,0.1415,0.3140,0.8181,241
07295000,aifs,7,0.0736,-0.0028,0.3114,0.6335,241
07299670,aifs,7,-0.3002,-0.3576,0.0077,1.7843,231
07301410,aifs,7,-0.3314,-0.2543,-0.0814,0.7267,230
07301500,aifs,7,-0.1861,-0.5686,0.0480,1.7845,203
07315200,aifs,7,-1.0409,-0.2301,-0.0018,1.7137,161
07315700,aifs,7,-5.9905,-1.8390,-0.0309,3.2741,218
07335700,aifs,7,-0.0582,-0.0919,0.1957,0.5322,232
07340300,aifs,7,-0.2686,0.3672,0.3672,1.0004,241
07346045,aifs,7,-1.2809,0.0564,0.2107,0.5341,241
07359610,aifs,7,-0.4672,0.0183,0.2867,1.6702,241
07362100,aifs,7,-0.5696,-0.0241,0.5834,1.8678,241
07362587,aifs,7,-1.2976,-0.7406,0.1070,2.4850,239
07373000,aifs,7,-0.1449,-0.1875,0.1080,0.5662,237
07375000,aifs,7,0.2297,0.1152,0.5287,0.5412,241
07376000,aifs,7,0.1410,0.2909,0.4612,0.7027,241
08013000,aifs,7,0.4242,0.2682,0.7714,0.6182,241
08014500,aifs,7,0.2175,0.1013,0.6309,0.5536,241
08023080,aifs,7,-0.2297,-0.3697,0.0943,1.9085,241
08025500,aifs,7,0.0833,-0.0585,0.3052,0.7141,241
08029500,aifs,7,0.1245,0.0890,0.3591,1.1052,241
08050800,aifs,7,0.0209,-0.1179,0.1885,0.7148,240
08066200,aifs,7,0.0036,-0.3570,0.1390,0.3708,241
08066300,aifs,7,-0.0324,-0.5335,0.0654,0.1818,241
08070000,aifs,7,-1.0930,0.1214,0.3152,1.3924,241
08070200,aifs,7,-0.2486,0.2352,0.2614,0.9119,241
08079600,aifs,7,-6.6178,-3.6102,0.1378,5.2275,196
08082700,aifs,7,-0.0148,-0.4601,-0.0369,0.5517,227
08086212,aifs,7,0.0054,-0.2708,0.0885,1.1903,241
08086290,aifs,7,-0.1386,-0.9112,0.1405,2.6369,241
08101000,aifs,7,-3.5591,-0.6733,0.1998,2.0398,241
08103900,aifs,7,0.1082,0.0611,0.3380,0.7761,241
08104900,aifs,7,-0.1165,-0.2000,0.0855,0.5273,241
08109700,aifs,7,-0.0784,0.1203,0.2255,0.9577,224
08150800,aifs,7,0.0009,-0.4688,0.0767,0.3693,241
08155200,aifs,7,-0.2883,-0.8543,0.2891,2.6751,241
08158700,aifs,7,-3.9801,-7.5096,0.1709,9.4380,241
08158810,aifs,7,0.0140,0.0106,0.2187,1.0908,241
08164000,aifs,7,-0.8739,0.0798,0.2013,1.4316,241
08164300,aifs,7,-0.1359,-0.1379,0.0439,0.8090,238
08164600,aifs,7,-1.8371,-2.1334,0.2644,3.9961,241
08165300,aifs,7,0.0091,-0.3014,0.1247,0.8439,241
08171300,aifs,7,-20.9678,-31.8883,0.1853,33.7930,241
08175000,aifs,7,-0.0997,-0.4377,0.1109,0.1322,241
08176900,aifs,7,-13.0947,-5.6959,0.2028,7.1130,241
08178880,aifs,7,-0.0182,-0.3491,0.1527,0.3053,241
08189500,aifs,7,0.2530,0.0407,0.6193,0.4769,241
08190000,aifs,7,0.0090,-0.2528,0.1201,0.6740,241
08190500,aifs,7,0.6473,0.0387,0.9015,1.9397,235
08194200,aifs,7,0.0163,-0.4170,0.2976,0.1942,241
08195000,aifs,7,0.0343,-0.2731,0.2446,0.4951,241
08196000,aifs,7,0.0356,0.1230,0.3369,1.4038,229
08198500,aifs,7,0.0199,-0.3903,0.3021,0.2599,241
08200000,aifs,7,-0.0112,-0.2411,0.1626,0.4086,241
08202700,aifs,7,-0.0166,-0.6276,0.0112,0.0775,240
08267500,aifs,7,-20.5905,-2.1504,0.7036,2.6000,241
08269000,aifs,7,-3.3347,-0.3481,0.7137,1.6913,241
08271000,aifs,7,-41.6148,-4.0040,0.7783,2.4194,241
08324000,aifs,7,0.1668,0.5944,0.7088,1.1168,241
08377900,aifs,7,-3.9792,-0.4794,0.4093,1.2909,241
08378500,aifs,7,-5.1635,-0.8613,0.6119,1.2888,233
08380500,aifs,7,-2.5968,-0.1417,0.4351,1.5987,241
09034900,aifs,7,0.1740,0.2257,0.8804,1.5715,237
09035900,aifs,7,0.5592,0.7473,0.8276,1.0889,207
09047700,aifs,7,-4.3988,-0.9380,0.8840,1.3982,239
09065500,aifs,7,0.7147,0.6381,0.9387,1.1411,241
09066000,aifs,7,-0.9245,0.1675,0.5928,1.1703,241
09066200,aifs,7,0.6979,0.6260,0.9273,1.2270,241
09066300,aifs,7,-0.3875,-0.0197,0.8043,1.8018,241
09081600,aifs,7,0.0997,0.5892,0.6244,1.0378,241
09107000,aifs,7,-1.2147,-0.0435,0.7211,1.2557,240
09210500,aifs,7,-1.3703,0.0954,0.7400,1.5381,214
09223000,aifs,7,-2.6328,-0.5312,0.8832,1.9706,180
09306242,aifs,7,-381.2414,-4.1813,0.8971,6.0609,239
09312600,aifs,7,-2.1285,-0.6210,0.4861,2.3957,241
09352900,aifs,7,-0.5084,0.3268,0.5974,1.2385,211
09378170,aifs,7,0.2556,0.2683,0.5408,1.3157,241
09378630,aifs,7,,,,,241
09386900,aifs,7,-5.0965,-0.7414,0.0081,1.7322,241
09404450,aifs,7,0.7067,0.7639,0.8644,0.8991,241
09430500,aifs,7,-1.1990,0.0671,0.4801,0.2539,241
09430600,aifs,7,0.0815,-0.0619,0.7539,0.2372,241
09447800,aifs,7,-2.2235,-0.6373,0.0374,2.0346,241
09480000,aifs,7,-0.3979,-2.6493,-0.0110,4.4740,241
09484000,aifs,7,-0.5360,-0.2941,0.1598,1.9751,216
09484600,aifs,7,0.0625,-0.6510,0.4463,2.5233,240
09492400,aifs,7,-0.3855,0.3825,0.7191,1.5062,240
09494000,aifs,7,0.3171,0.6347,0.6401,0.9761,241
09497800,aifs,7,-0.1102,-0.6240,-0.2527,1.5135,241
09497980,aifs,7,-0.6588,0.1536,0.1539,0.9911,210
09505200,aifs,7,0.5914,0.6643,0.7700,1.0921,241
09505350,aifs,7,0.5039,0.5195,0.7152,1.3150,241
09505800,aifs,7,0.3253,0.6392,0.7085,1.1760,241
09508300,aifs,7,-0.9819,0.1860,0.2388,0.8697,241
09510200,aifs,7,-2.4105,-1.1166,0.1027,2.8237,222
09512280,aifs,7,-0.0630,-0.9762,-0.1007,2.3779,241
09513780,aifs,7,-3.9140,-6.0773,0.0488,8.0065,240
10023000,aifs,7,-14.7730,-0.6566,0.0871,2.2306,241
10166430,aifs,7,-13154.6549,-90.0722,0.5652,72.4831,241
10172700,aifs,7,-29.6143,-0.2743,0.6235,2.0121,241
10172800,aifs,7,-9.5459,-0.8676,0.8109,2.3505,241
10173450,aifs,7,-0.3824,0.3949,0.4175,0.9960,241
10205030,aifs,7,-190.5311,-9.8920,-0.0158,2.3338,241
10234500,aifs,7,-0.1002,-0.2688,-0.0269,0.8536,237
10242000,aifs,7,-29.2124,-3.7140,0.4146,4.4993,241
10244950,aifs,7,-36.8538,-1.5498,0.7137,1.5586,241
10249300,aifs,7,-44.4004,-4.5715,0.5158,4.3266,240
10258000,aifs,7,,,,,69
10258500,aifs,7,0.0295,-0.3057,0.2038,0.4191,241
10259000,aifs,7,0.7489,0.6412,0.9030,1.0572,241
10259200,aifs,7,-2.6176,-4.2213,0.6803,6.0966,241
10263500,aifs,7,-0.5685,0.1068,0.7997,1.2494,241
10310500,aifs,7,-1.6370,0.1301,0.9181,1.7913,241
10316500,aifs,7,-0.3109,0.3422,0.6803,1.2335,241
10329500,aifs,7,0.3753,0.4846,0.8857,1.1901,241
10336645,aifs,7,0.5417,0.7093,0.7637,1.1548,227
10336660,aifs,7,0.5364,0.7334,0.7510,1.0393,241
10343500,aifs,7,0.6253,0.5363,0.8482,0.8025,241
10348850,aifs,7,-2.2347,0.0083,0.8232,1.7198,241
10396000,aifs,7,0.6523,0.7944,0.8626,1.1529,241
11098000,aifs,7,-0.0264,0.4565,0.5652,1.2979,241
11124500,aifs,7,-2.5576,-0.9227,0.8904,2.3851,241
11141280,aifs,7,0.2509,0.1950,0.5389,1.0041,241
11143000,aifs,7,0.3925,0.5067,0.6315,1.0972,241
11148900,aifs,7,0.3155,0.1013,0.6259,0.4675,241
11151300,aifs,7,-0.0091,-0.3137,0.0478,0.6931,241
11162500,aifs,7,0.2307,0.2317,0.5101,0.6407,241
11176400,aifs,7,-0.2621,-0.1089,0.0660,0.5853,144
11180500,aifs,7,-2.3297,-0.7378,0.4074,2.3179,241
11180960,aifs,7,-2.4451,-0.8184,0.2396,2.4751,241
11224500,aifs,7,-0.0254,-0.6600,-0.0260,0.1186,241
11253310,aifs,7,-0.0577,-0.3265,0.0733,0.3932,241
11264500,aifs,7,-0.8479,0.1929,0.2071,0.9988,241
11266500,aifs,7,-0.6783,0.2835,0.3205,1.1192,241
11274500,aifs,7,-0.7767,0.0478,0.0507,0.9695,241
11274630,aifs,7,-1.0599,0.0843,0.0973,1.0804,241
11284400,aifs,7,-0.0930,-0.0170,0.2834,0.3649,241
11299600,aifs,7,-0.4410,0.0082,0.0812,0.7247,238
11381500,aifs,7,0.5801,0.4406,0.8624,1.0161,241
11383500,aifs,7,0.6571,0.5196,0.8810,1.0717,241
11451100,aifs,7,0.3713,0.6815,0.7176,1.1194,106
11468500,aifs,7,0.3750,0.3492,0.6358,0.9231,241
11473900,aifs,7,0.5056,0.3966,0.7982,0.9253,241
11475560,aifs,7,0.5056,0.5453,0.7143,0.9784,241
11476600,aifs,7,0.7055,0.7489,0.8528,1.2021,240
11478500,aifs,7,0.2805,0.3050,0.7413,1.6023,241
11480390,aifs,7,0.4779,0.4684,0.7077,1.0099,241
11481200,aifs,7,0.6358,0.6663,0.8059,1.2440,241
11482500,aifs,7,0.6932,0.5728,0.8637,1.4039,241
11522500,aifs,7,0.3511,0.4359,0.7346,1.4974,241
11523200,aifs,7,-0.1864,0.1163,0.7613,1.7626,241
11528700,aifs,7,0.5662,0.5336,0.7698,1.1467,241
11532500,aifs,7,0.8653,0.8381,0.9352,1.1483,241
12010000,aifs,7,0.4203,0.3415,0.7311,0.6527,241
12013500,aifs,7,0.5012,0.5514,0.7169,0.8286,241
12020000,aifs,7,0.2987,0.2403,0.6170,0.5791,241
12025000,aifs,7,0.4930,0.5452,0.7038,0.9981,241
12025700,aifs,7,0.4978,0.4517,0.7439,0.8213,241
12035000,aifs,7,0.7260,0.6969,0.8678,0.8531,241
12040500,aifs,7,0.5985,0.6458,0.7889,0.8103,241
12041200,aifs,7,0.5420,0.7256,0.7973,0.8158,241
12043000,aifs,7,0.6574,0.6395,0.8336,0.7836,241
12048000,aifs,7,0.3860,0.6027,0.8639,1.2610,241
12054000,aifs,7,0.3567,0.5378,0.8434,1.3169,241
12056500,aifs,7,0.6453,0.7641,0.8609,0.8746,241
12073500,aifs,7,0.4790,0.6580,0.7142,1.0722,240
12082500,aifs,7,0.2468,0.2223,0.5099,0.9859,235
12092000,aifs,7,0.0265,0.0175,0.2343,0.9554,241
12095000,aifs,7,0.4078,0.3688,0.6764,0.8386,241
12114500,aifs,7,0.4221,0.3804,0.6860,1.0213,241
12115000,aifs,7,0.4022,0.3722,0.6627,0.9963,241
12115500,aifs,7,0.3307,0.3185,0.5947,0.8435,241
12117000,aifs,7,0.5005,0.5085,0.7190,0.9581,241
12141300,aifs,7,0.1655,0.1961,0.4106,1.0480,241
12143600,aifs,7,0.2475,0.2629,0.5066,1.1428,238
12144000,aifs,7,0.3587,0.3854,0.6038,0.9762,240
12145500,aifs,7,0.6225,0.5642,0.8145,0.8294,241
12147600,aifs,7,0.1800,0.2723,0.4402,0.9013,241
12167000,aifs,7,0.5024,0.5847,0.7187,1.1649,241
12175500,aifs,7,-0.0897,0.5076,0.5427,1.1280,241
12186000,aifs,7,0.2645,0.4349,0.5480,1.1384,238
12189500,aifs,7,0.4280,0.5513,0.7005,1.2287,240
12358500,aifs,7,0.6293,0.8057,0.8358,1.0451,241
12377150,aifs,7,0.5595,0.7784,0.7788,0.9873,241
12381400,aifs,7,0.3549,0.5047,0.8639,1.2259,208
12390700,aifs,7,0.4080,0.6224,0.6935,1.1811,241
12411000,aifs,7,0.6855,0.7117,0.8579,1.2438,230
12414500,aifs,7,0.6476,0.6826,0.8143,0.9077,241
12447390,aifs,7,-0.2030,-0.2442,0.2169,0.3611,241
12451000,aifs,7,0.4523,0.6726,0.7979,1.2182,241
12488500,aifs,7,0.5329,0.6941,0.7636,1.1561,241
13011500,aifs,7,0.6945,0.5756,0.9369,1.3208,241
13011900,aifs,7,0.7791,0.7961,0.9219,0.9706,241
13018300,aifs,7,-0.5449,-0.0439,0.9303,1.4919,241
13023000,aifs,7,0.5384,0.7663,0.8081,0.9111,199
13161500,aifs,7,0.6520,0.6753,0.8360,0.7919,241
13235000,aifs,7,0.5944,0.6571,0.7879,0.8887,239
13240000,aifs,7,0.7796,0.8613,0.8839,1.0000,162
13310700,aifs,7,0.5954,0.5055,0.9013,0.6773,241
13313000,aifs,7,0.6964,0.4852,0.9584,0.6450,241
13331500,aifs,7,0.4919,0.5338,0.9015,1.2192,241
13337000,aifs,7,0.6766,0.6909,0.8537,0.8269,241
13338500,aifs,7,0.8099,0.8795,0.9109,1.0795,241
13340000,aifs,7,0.4938,0.6229,0.7556,0.7896,241
13340600,aifs,7,0.5906,0.6020,0.8786,0.7034,241
14020000,aifs,7,0.2937,0.1481,0.7804,0.6038,241
14092750,aifs,7,0.7878,0.8654,0.9001,0.9111,241
14096850,aifs,7,-1.5830,0.2236,0.7534,0.4722,241
14137000,aifs,7,0.5791,0.4839,0.8187,0.9845,236
14138800,aifs,7,0.3574,0.3117,0.6300,0.8177,241
14138870,aifs,7,0.4972,0.4222,0.7562,0.7804,241
14138900,aifs,7,0.1581,0.1618,0.4093,0.8342,241
14139800,aifs,7,0.4990,0.4332,0.7453,0.7532,239
14141500,aifs,7,0.5571,0.4892,0.7836,0.8164,241
14154500,aifs,7,0.4068,0.6375,0.6925,1.1821,241
14158500,aifs,7,0.7990,0.7202,0.9333,1.0868,226
14158790,aifs,7,0.5845,0.6922,0.7658,1.0354,237
14166500,aifs,7,0.5044,0.4899,0.7275,0.9410,241
14182500,aifs,7,0.5879,0.5623,0.7836,0.8121,241
14185000,aifs,7,0.5683,0.7693,0.7903,1.0942,241
14185900,aifs,7,0.5955,0.7494,0.7790,1.0250,238
14187000,aifs,7,0.3843,0.6514,0.6985,1.1748,239
14216500,aifs,7,0.7324,0.6912,0.8685,1.0137,238
14222500,aifs,7,0.4614,0.4175,0.7144,0.9455,241
14236200,aifs,7,0.4978,0.4189,0.7621,0.8055,240
14301000,aifs,7,0.5262,0.5372,0.7341,0.8927,240
14303200,aifs,7,0.4489,0.3785,0.7282,0.9165,241
14305500,aifs,7,0.5904,0.5326,0.7974,0.8911,239
14306340,aifs,7,0.6222,0.4882,0.8494,0.7806,241
14306500,aifs,7,0.7734,0.6701,0.9068,0.9247,241
14308990,aifs,7,0.6078,0.5386,0.8149,0.9847,241
14309500,aifs,7,0.9234,0.9247,0.9611,1.0485,241
14316700,aifs,7,0.3484,0.6055,0.6461,1.1396,241
14325000,aifs,7,0.8990,0.9208,0.9546,0.9964,241
14362250,aifs,7,0.4974,0.2610,0.8883,0.5548,148
14400000,aifs,7,0.8765,0.8349,0.9396,0.8477,241
01013500,aifs,8,0.8880,0.8112,0.9522,0.8641,241
01022500,aifs,8,0.5911,0.6815,0.7736,1.1017,241
01030500,aifs,8,0.6809,0.7450,0.8859,1.1293,241
01031500,aifs,8,0.3116,0.6454,0.6581,1.0940,239
01047000,aifs,8,0.1358,0.5527,0.5540,1.0080,241
01052500,aifs,8,0.3393,0.3918,0.5990,0.7614,241
01054200,aifs,8,0.1082,0.1183,0.4162,0.5431,241
01055000,aifs,8,0.1546,0.4856,0.5127,0.9581,241
01057000,aifs,8,0.5085,0.7481,0.7492,1.0118,241
01073000,aifs,8,0.6457,0.7418,0.8580,1.1678,241
01078000,aifs,8,0.2827,0.4264,0.5811,0.7449,239
01118300,aifs,8,0.2500,0.4127,0.5498,0.7889,239
01121000,aifs,8,0.6105,0.6973,0.7933,1.1676,239
01123000,aifs,8,0.6587,0.6274,0.8271,0.9150,241
01134500,aifs,8,0.6126,0.7145,0.7924,0.8632,239
01137500,aifs,8,0.2953,0.4933,0.5921,0.8095,241
01139000,aifs,8,0.3097,0.6717,0.6818,0.9684,237
01139800,aifs,8,0.7273,0.8407,0.8637,1.0780,241
01142500,aifs,8,0.6356,0.8030,0.8183,0.9250,239
01144000,aifs,8,0.6072,0.7843,0.8361,0.9779,241
01169000,aifs,8,0.4762,0.6552,0.7027,1.0464,239
01170100,aifs,8,0.5534,0.7182,0.7546,0.9443,240
01181000,aifs,8,0.7795,0.8235,0.8840,1.0689,239
01187300,aifs,8,0.5528,0.5549,0.7537,1.0525,241
01195100,aifs,8,0.2698,0.3123,0.5413,0.8050,241
01333000,aifs,8,0.5288,0.6392,0.7316,0.9125,239
01350000,aifs,8,0.1237,0.0905,0.3728,0.7097,238
01350080,aifs,8,0.6724,0.6102,0.8426,0.7832,241
01350140,aifs,8,0.7182,0.6828,0.8677,0.7407,191
01365000,aifs,8,0.3418,0.3612,0.6032,0.8082,239
01411300,aifs,8,-0.1000,0.0538,0.1936,1.1560,232
01413500,aifs,8,0.3991,0.3912,0.6649,0.7839,239
01414500,aifs,8,0.0873,0.0540,0.3909,0.5973,239
01415000,aifs,8,0.3624,0.2370,0.7987,0.5597,196
01423000,aifs,8,0.4342,0.3768,0.7448,0.6914,241
01434025,aifs,8,0.1477,0.4446,0.5585,0.6790,241
01435000,aifs,8,0.2917,0.3005,0.5548,0.8085,240
01439500,aifs,8,0.4802,0.5166,0.7488,0.7601,239
01440000,aifs,8,0.4443,0.5094,0.6795,0.8613,241
01440400,aifs,8,0.5751,0.6491,0.7652,0.8868,215
01451800,aifs,8,0.2322,0.3589,0.4961,0.9453,239
01466500,aifs,8,-2.9833,-0.7794,0.8499,0.9885,239
01484100,aifs,8,-0.0040,0.5003,0.5705,1.2508,241
01485500,aifs,8,-1.7101,-0.2892,0.5976,1.9415,236
01486000,aifs,8,-0.6173,0.1704,0.5543,1.6717,241
01487000,aifs,8,0.5351,0.7689,0.7957,1.0308,241
01491000,aifs,8,0.6739,0.5437,0.8820,0.9785,241
01510000,aifs,8,0.6755,0.7515,0.8220,0.9817,241
01516500,aifs,8,0.1699,0.0816,0.5326,0.5505,241
01518862,aifs,8,0.2835,0.3086,0.6067,0.6358,241
01532000,aifs,8,0.4644,0.6317,0.7023,0.8698,239
01539000,aifs,8,0.3366,0.5196,0.6338,0.8007,225
01542810,aifs,8,0.2310,0.4727,0.5431,0.8623,239
01543000,aifs,8,0.3230,0.6164,0.6708,0.8043,241
01543500,aifs,8,0.4592,0.6012,0.7206,0.7817,239
01544500,aifs,8,0.4662,0.4409,0.7918,0.6368,241
01545600,aifs,8,0.4605,0.3683,0.8067,0.6312,241
01547700,aifs,8,0.0306,-0.0325,0.2365,0.7607,241
01548500,aifs,8,0.3734,0.3442,0.7310,0.6061,239
01549500,aifs,8,0.4967,0.4369,0.7877,0.6735,239
01550000,aifs,8,0.3864,0.3536,0.7334,0.6348,239
01552000,aifs,8,0.3709,0.4749,0.6553,0.7592,241
01552500,aifs,8,0.3663,0.5395,0.6515,0.7932,241
01557500,aifs,8,-0.0405,0.2174,0.3085,0.8747,241
01567500,aifs,8,0.0687,0.1267,0.3075,0.9930,241
01568000,aifs,8,0.2421,0.3255,0.4976,1.0564,241
01580000,aifs,8,0.1767,0.2614,0.4615,0.8701,237
01583500,aifs,8,0.1478,0.2290,0.4636,0.7987,241
01586610,aifs,8,0.2015,0.3048,0.5325,0.7541,207
01591400,aifs,8,0.1252,0.1360,0.3631,0.9512,241
01596500,aifs,8,0.1374,0.1168,0.4162,0.6824,239
01605500,aifs,8,-1.1244,0.1814,0.3296,1.2120,239
01606500,aifs,8,0.1903,0.3777,0.5059,0.7806,214
01613050,aifs,8,0.1876,0.2791,0.4440,1.0083,241
01620500,aifs,8,0.2635,0.2693,0.6128,0.5203,239
01632000,aifs,8,-0.2402,0.2545,0.2853,0.8532,239
01632900,aifs,8,-1.3958,0.1290,0.3216,1.0236,239
01634500,aifs,8,-0.0136,0.1676,0.2864,0.8869,224
01638480,aifs,8,-0.8292,-0.0064,0.3077,1.7303,236
01639500,aifs,8,0.1456,0.2859,0.4193,1.0528,241
01644000,aifs,8,-0.4520,0.1038,0.4833,1.7306,241
01658500,aifs,8,-0.4498,0.2140,0.2217,1.0810,210
01664000,aifs,8,0.1531,0.3437,0.4562,0.8689,241
01666500,aifs,8,-0.4203,0.3578,0.3694,1.0410,226
01667500,aifs,8,-1.0878,0.2072,0.3635,1.1019,219
01669000,aifs,8,0.2669,0.5296,0.5697,1.0013,216
01669520,aifs,8,-1.2019,0.0703,0.6358,1.6759,239
02011400,aifs,8,-0.1724,0.4481,0.5115,1.2072,241
02011460,aifs,8,0.1896,0.4646,0.5252,0.8508,241
02013000,aifs,8,-0.0971,0.3481,0.3849,1.1740,241
02014000,aifs,8,-1.4516,0.1124,0.2962,1.0815,241
02015700,aifs,8,-0.4003,0.4069,0.4634,1.0559,223
02016000,aifs,8,-0.9557,0.2461,0.3978,0.9803,241
02017500,aifs,8,-0.8564,0.2304,0.5185,1.2042,239
02018000,aifs,8,-0.4905,0.3674,0.4912,1.1660,234
02027000,aifs,8,-0.6419,0.3189,0.4959,0.8280,221
02027500,aifs,8,0.3596,0.5241,0.7106,0.6397,224
02028500,aifs,8,-0.2627,0.3652,0.3829,0.8513,216
02038850,aifs,8,-0.5007,0.1267,0.1609,0.7995,239
02046000,aifs,8,0.0210,0.3485,0.5111,1.4227,231
02051000,aifs,8,-0.5189,0.0471,0.0698,1.0087,241
02051500,aifs,8,0.1068,0.3465,0.4267,1.0818,239
02053200,aifs,8,-1.5420,-0.0294,0.2756,1.5379,210
02053800,aifs,8,-0.5605,0.1965,0.2035,0.8976,222
02055100,aifs,8,-0.7998,0.2736,0.3665,1.1601,239
02056900,aifs,8,-0.6191,0.2741,0.2973,0.8676,216
02059500,aifs,8,-0.6858,0.2975,0.3691,0.8245,210
02064000,aifs,8,-0.2725,0.1684,0.2463,0.7225,229
02065500,aifs,8,0.0402,0.2968,0.4919,0.6223,239
02069700,aifs,8,-0.4190,0.2364,0.2637,1.1847,214
02070000,aifs,8,-0.5050,0.1461,0.1712,1.1649,239
02074500,aifs,8,-0.6135,0.1854,0.1905,1.0907,241
02077200,aifs,8,-0.2116,0.3450,0.3509,1.0503,236
02081500,aifs,8,-0.8023,-0.0217,0.0522,1.3763,241
02082950,aifs,8,-1.9001,-0.1808,0.4349,1.6351,241
02092500,aifs,8,-3.2670,-0.7507,0.2212,2.3450,241
02096846,aifs,8,-0.8565,-0.1604,-0.0320,1.5160,241
02102908,aifs,8,-0.1891,0.0837,0.1647,0.9527,241
02108000,aifs,8,0.5079,0.6828,0.7466,1.1730,241
02111180,aifs,8,-0.2658,-0.0953,0.0119,1.0010,241
02111500,aifs,8,-0.5852,0.0980,0.1067,0.9738,239
02118500,aifs,8,-2.4954,-0.1241,0.1366,1.1023,241
02128000,aifs,8,-1.6763,-0.6978,0.0707,2.3976,241
02137727,aifs,8,-0.5047,0.0598,0.0824,0.9745,241
02140991,aifs,8,-0.8015,0.0291,0.0414,1.1311,241
02143000,aifs,8,-4.2668,-0.4430,0.2037,1.3151,241
02143040,aifs,8,-2.8404,-0.2069,0.2254,1.0347,239
02149000,aifs,8,-0.2742,0.1120,0.1617,1.0320,241
02152100,aifs,8,-1.9452,-0.0136,0.1471,1.0933,241
02177000,aifs,8,0.2270,0.2671,0.4883,1.0603,239
02178400,aifs,8,0.2808,0.5223,0.5762,0.9595,239
02193340,aifs,8,-0.7515,0.0965,0.1397,1.2760,241
02196000,aifs,8,0.0305,-0.1640,0.2528,0.4855,241
02198100,aifs,8,-0.0724,-0.0126,0.1755,1.2398,240
02202600,aifs,8,-0.5214,-0.1922,0.2085,1.8118,241
02212600,aifs,8,-0.1096,-0.0523,0.1031,1.0144,239
02215100,aifs,8,0.1321,0.0273,0.4296,0.6546,241
02216180,aifs,8,-0.0699,-0.4697,-0.0728,0.4538,239
02221525,aifs,8,0.0670,0.2679,0.3725,1.0795,239
02231000,aifs,8,-0.8418,-0.0110,0.6120,1.6801,241
02231342,aifs,8,-2.3015,-0.3398,0.4903,1.8121,241
02235200,aifs,8,-0.3625,0.4214,0.5026,1.2020,240
02245500,aifs,8,-3.1950,-0.5169,0.5821,1.4553,241
02246000,aifs,8,-1.6481,-0.0358,0.5333,1.0931,239
02296500,aifs,8,0.6221,0.2025,0.8577,1.7839,230
02297155,aifs,8,0.0246,-0.1704,0.5919,0.2492,240
02297310,aifs,8,0.4596,0.5264,0.7014,0.7265,231
02298123,aifs,8,0.4030,0.2318,0.7581,0.4912,241
02298608,aifs,8,0.1746,0.5649,0.5920,1.1511,241
02299950,aifs,8,-0.0324,0.3891,0.4382,0.7853,241
02300700,aifs,8,0.2103,0.1311,0.5108,0.5765,241
02310947,aifs,8,-0.2281,-1.0200,-0.2765,2.3286,241
02312200,aifs,8,-4.5692,-3.2254,-0.0038,5.0497,241
02314500,aifs,8,-0.0224,-0.0132,0.3999,0.5867,241
02315500,aifs,8,-0.3265,-0.6841,-0.3039,0.4158,241
02324400,aifs,8,-0.2202,-1.0425,-0.5475,0.1095,241
02327100,aifs,8,-2.3129,-0.7381,0.5833,2.4055,239
02349900,aifs,8,0.3353,0.2250,0.7375,0.8653,241
02350900,aifs,8,0.1275,0.3931,0.6350,0.6568,241
02361000,aifs,8,0.4926,0.5555,0.8023,0.6823,241
02363000,aifs,8,0.2159,0.0280,0.7375,0.3743,239
02369800,aifs,8,0.2032,-0.0112,0.8509,0.4658,240
02371500,aifs,8,0.1882,0.0692,0.6092,0.7517,241
02372250,aifs,8,0.2967,0.1772,0.7241,0.7848,239
02374500,aifs,8,0.4322,0.3339,0.7531,0.7524,241
02381600,aifs,8,-0.0426,-0.0777,0.1294,0.9415,241
02384540,aifs,8,-0.0286,-0.1014,0.2248,0.7365,241
02395120,aifs,8,-0.8463,0.2416,0.2821,1.0167,241
02408540,aifs,8,-0.0704,0.1159,0.2306,0.9124,241
02415000,aifs,8,0.0228,0.1059,0.2720,0.9262,231
02422500,aifs,8,-0.4594,0.3030,0.3367,1.2078,224
02427250,aifs,8,0.6046,0.5982,0.7836,1.1941,241
02430085,aifs,8,-0.4798,0.1102,0.1609,1.2572,241
02450250,aifs,8,-0.2013,0.0811,0.1576,1.0070,241
02464000,aifs,8,-0.0042,0.0918,0.2468,0.9149,241
02465493,aifs,8,0.1275,0.3363,0.4390,1.1082,238
02469800,aifs,8,0.4331,0.3204,0.7419,0.5786,239
02472000,aifs,8,0.3500,0.1785,0.7408,0.5707,241
02472500,aifs,8,0.2056,0.3157,0.5377,0.6086,241
02479155,aifs,8,0.1197,-0.0674,0.4098,0.5439,241
02479300,aifs,8,0.3012,0.0439,0.8032,0.4422,241
02481000,aifs,8,0.1741,-0.1389,0.6929,0.2632,241
02481510,aifs,8,0.2349,-0.0395,0.7724,0.3436,241
03010655,aifs,8,0.4127,0.5171,0.7091,0.6934,212
03011800,aifs,8,0.1716,0.4384,0.5355,0.7796,241
03015500,aifs,8,0.2020,0.6290,0.6739,0.9796,241
03021350,aifs,8,0.1315,0.5112,0.5572,0.7982,239
03026500,aifs,8,0.1603,0.4599,0.5168,0.8481,241
03028000,aifs,8,0.2259,0.5208,0.6410,0.7043,241
03049800,aifs,8,-0.0149,-0.0933,0.2581,0.5703,239
03050000,aifs,8,0.0812,0.3489,0.4215,0.8886,239
03066000,aifs,8,0.2148,0.3246,0.5417,0.6760,241
03069500,aifs,8,0.1379,0.3154,0.4770,0.7065,239
03070500,aifs,8,0.0098,0.5349,0.5408,0.9833,239
03076600,aifs,8,0.0782,0.1646,0.4222,0.6260,241
03078000,aifs,8,-0.0153,0.0730,0.2877,0.6695,241
03140000,aifs,8,0.1693,0.1964,0.4224,0.8066,239
03144000,aifs,8,-0.5657,0.1550,0.1600,0.9415,241
03159540,aifs,8,0.0150,0.0875,0.2800,0.7505,241
03161000,aifs,8,-0.2630,0.0647,0.1484,0.8659,241
03164000,aifs,8,-0.1545,0.4019,0.4204,0.8654,241
03165000,aifs,8,-0.4203,0.0076,0.0601,0.8960,224
03170000,aifs,8,-0.1590,0.2763,0.3174,0.8685,241
03173000,aifs,8,0.1611,0.5303,0.5487,0.9017,239
03180500,aifs,8,0.2896,0.4578,0.5629,0.8693,225
03182500,aifs,8,0.3058,0.6172,0.6259,0.9957,239
03186500,aifs,8,0.3209,0.5383,0.6034,0.8841,239
03187500,aifs,8,0.3479,0.6491,0.6755,0.8672,238
03213700,aifs,8,-0.0971,0.4924,0.5261,1.1392,241
03237280,aifs,8,0.0879,0.1097,0.3588,0.6520,241
03237500,aifs,8,-0.1150,0.1989,0.2623,0.9576,239
03241500,aifs,8,-0.2183,-0.0628,0.0998,0.6663,228
03280700,aifs,8,-0.9550,0.2347,0.3344,0.9025,213
03281100,aifs,8,-0.6320,0.3263,0.3816,0.9512,239
03281500,aifs,8,-0.3663,0.4211,0.4837,0.9536,228
03285000,aifs,8,-0.6604,-0.0229,0.3929,1.7949,238
03291780,aifs,8,-0.2332,-0.0276,0.0822,0.8317,241
03300400,aifs,8,-0.0247,0.0349,0.2038,0.9276,241
03340800,aifs,8,-0.6252,0.1873,0.1903,0.9304,193
03346000,aifs,8,-0.1948,-0.0652,0.1657,0.4918,241
03364500,aifs,8,-0.1458,-0.1811,0.0819,0.5279,241
03366500,aifs,8,-0.3257,-0.0488,0.0707,0.6804,241
03368000,aifs,8,-0.1653,-0.1775,0.0494,0.5899,241
03384450,aifs,8,-0.0795,-0.2268,0.0484,0.6247,241
03439000,aifs,8,-0.1914,-0.2271,0.0584,0.6587,239
03450000,aifs,8,-0.0161,-0.0517,0.1854,0.8535,241
03455500,aifs,8,-0.3700,0.1317,0.2283,0.7069,239
03456500,aifs,8,-0.3172,-0.0239,0.0807,0.8040,239
03460000,aifs,8,-0.5049,0.2370,0.4499,0.6118,241
03463300,aifs,8,-0.2343,0.1637,0.2178,0.8786,241
03471500,aifs,8,0.2925,0.5687,0.7082,0.7140,239
03473000,aifs,8,0.0196,0.4012,0.5184,0.7167,241
03479000,aifs,8,-0.5022,0.1672,0.1765,0.9281,239
03488000,aifs,8,0.3356,0.4461,0.6288,0.7398,241
03498500,aifs,8,-0.2049,0.1769,0.2784,0.7502,241
03500000,aifs,8,0.1764,0.5455,0.6298,0.8291,239
03504000,aifs,8,-0.0595,0.3443,0.4403,0.8470,239
03574500,aifs,8,-0.0138,-0.0215,0.2477,0.6163,241
03604000,aifs,8,-0.1475,-0.2351,-0.0166,0.7914,239
04015330,aifs,8,0.3015,0.2943,0.5637,0.6164,200
04024430,aifs,8,0.6325,0.6100,0.8149,0.7087,241
04027000,aifs,8,0.6084,0.5344,0.8071,0.7456,241
04040500,aifs,8,0.8215,0.7860,0.9108,0.8995,241
04043050,aifs,8,0.7787,0.8387,0.8850,0.9150,182
04045500,aifs,8,0.8692,0.7912,0.9479,0.8010,237
04056500,aifs,8,0.5463,0.4429,0.8322,0.7123,231
04057510,aifs,8,0.8648,0.6708,0.9673,0.7646,161
04057800,aifs,8,0.7883,0.6278,0.9118,0.7295,241
04059500,aifs,8,0.8518,0.7553,0.9394,0.9673,241
04063700,aifs,8,0.6728,0.3973,0.9455,0.5942,241
04074950,aifs,8,0.6018,0.5143,0.8922,0.7390,241
04105700,aifs,8,0.4921,0.5044,0.7433,0.9017,241
04115265,aifs,8,0.3186,0.2908,0.5936,0.9234,241
04122200,aifs,8,0.4130,0.3887,0.7129,0.8210,241
04122500,aifs,8,0.6765,0.6331,0.8617,0.8950,239
04124000,aifs,8,0.7184,0.6253,0.8798,0.9861,241
04127997,aifs,8,0.4184,0.3927,0.7131,0.8902,204
04185000,aifs,8,0.5469,0.5353,0.7572,0.7878,218
04196800,aifs,8,0.2409,0.2485,0.5109,0.6620,241
04197100,aifs,8,0.2628,0.4112,0.5279,0.9461,241
04197170,aifs,8,-0.2169,0.1013,0.1883,0.7760,241
04213000,aifs,8,-0.0737,0.5162,0.5452,1.0631,239
04213075,aifs,8,0.0354,0.2285,0.3493,0.8363,237
04216418,aifs,8,0.4196,0.6004,0.6606,0.9823,241
04221000,aifs,8,0.1710,0.2348,0.5733,0.5720,241
04224775,aifs,8,0.1640,0.1562,0.5333,0.5429,239
04256000,aifs,8,0.5363,0.6959,0.8192,1.1840,239
04296000,aifs,8,0.3943,0.6435,0.6691,0.9254,241
05057000,aifs,8,-1.0058,0.0820,0.4849,0.5141,163
05057200,aifs,8,0.5389,0.7287,0.7492,1.0153,240
05062500,aifs,8,0.6162,0.7236,0.7905,0.9090,202
05087500,aifs,8,0.3695,0.5245,0.6179,0.9362,241
05120500,aifs,8,-10.0206,-1.4900,-0.0626,3.1915,210
05123400,aifs,8,-0.3950,-0.6564,-0.0244,0.1567,240
05129115,aifs,8,-0.8203,-0.8897,-0.2533,0.0000,241
05131500,aifs,8,0.1563,0.0469,0.6701,0.4466,145
05291000,aifs,8,-0.0640,0.2973,0.4084,0.6808,241
05362000,aifs,8,0.6278,0.7000,0.8021,0.8314,240
05393500,aifs,8,0.5724,0.6939,0.7678,0.8552,241
05399500,aifs,8,0.0922,0.3582,0.4399,0.8122,239
05408000,aifs,8,0.0059,-0.0470,0.2500,0.8026,240
05412500,aifs,8,0.0483,0.1656,0.4697,0.6342,241
05413500,aifs,8,-0.1447,0.1364,0.3798,0.7428,211
05414000,aifs,8,-0.1684,0.0631,0.5846,0.5754,207
05444000,aifs,8,-0.0352,0.1632,0.3950,0.6110,239
05454000,aifs,8,0.1266,0.1817,0.4949,0.5656,241
05458000,aifs,8,-0.0710,-0.1495,0.1324,0.6470,241
05466500,aifs,8,0.0515,-0.0432,0.2981,0.6590,239
05487980,aifs,8,-0.0470,-0.0920,0.1822,0.5523,239
05488200,aifs,8,0.0322,-0.2285,0.2831,0.3101,239
05489000,aifs,8,-0.0206,-0.3244,0.1551,0.3156,239
05495000,aifs,8,-0.9044,0.1142,0.1208,1.0738,239
05495500,aifs,8,-0.0775,-0.1999,0.1375,0.4329,235
05501000,aifs,8,-0.0189,-0.3139,0.1141,0.4254,239
05503800,aifs,8,-0.0597,-0.0138,0.1801,0.7177,241
05507600,aifs,8,0.1732,0.3611,0.4671,0.8627,241
05508805,aifs,8,0.1946,0.4338,0.5405,1.2853,239
05514500,aifs,8,0.0540,0.1217,0.3091,0.7944,239
05525500,aifs,8,0.3378,0.3943,0.5830,0.9065,239
05556500,aifs,8,-0.0726,-0.2109,0.2233,0.4291,241
05584500,aifs,8,0.1497,0.0025,0.5344,0.4597,239
05585000,aifs,8,0.1329,0.0130,0.5420,0.4415,241
05591550,aifs,8,0.0166,-0.0364,0.2383,0.6665,239
05592050,aifs,8,-0.0133,-0.0632,0.2209,0.5904,222
05592575,aifs,8,-0.0585,-0.0956,0.1694,0.5671,239
05593575,aifs,8,-0.2067,0.3086,0.3640,1.2651,241
05593900,aifs,8,0.0629,-0.0556,0.2896,0.5564,239
05595730,aifs,8,-0.2975,0.3455,0.4039,1.2585,241
06037500,aifs,8,-2.3512,0.3717,0.8529,1.2946,241
06043500,aifs,8,0.3643,0.3683,0.9619,1.3447,241
06154410,aifs,8,-0.3836,0.0036,0.1037,0.6942,241
06188000,aifs,8,0.8624,0.8882,0.9413,1.0023,241
06191500,aifs,8,0.7026,0.6460,0.9384,1.1334,241
06221400,aifs,8,0.8372,0.8702,0.9315,1.0523,241
06224000,aifs,8,0.6943,0.8396,0.8513,1.0585,241
06289000,aifs,8,0.2972,0.6218,0.6556,0.8667,241
06332515,aifs,8,-0.2624,0.3244,0.3275,0.9972,118
06339100,aifs,8,-1.0351,-0.1412,0.6642,1.6953,177
06339500,aifs,8,-0.0775,0.0596,0.6870,0.2721,171
06344600,aifs,8,-2.8451,-1.5494,0.4843,3.4522,180
06350000,aifs,8,-3.1805,-0.6628,0.5072,2.2272,241
06352000,aifs,8,-0.0165,-0.1036,0.5127,1.3445,240
06353000,aifs,8,-0.0008,-0.1134,0.5126,0.8149,239
06354000,aifs,8,0.3906,0.2994,0.8314,0.4876,176
06360500,aifs,8,0.1268,0.1436,0.5283,1.5409,142
06404000,aifs,8,-4.4322,-0.5263,-0.1393,1.4453,208
06406000,aifs,8,-164.2107,-3.8010,0.8996,5.7507,183
06408700,aifs,8,-1572.6177,-4.0032,0.2296,1.5091,241
06409000,aifs,8,-1.1824,0.6482,0.9023,1.2520,196
06431500,aifs,8,-1.4069,0.3813,0.4214,1.0971,230
06440200,aifs,8,-0.0435,-0.5146,0.1559,0.0716,163
06441500,aifs,8,-0.9041,-1.3007,0.0561,2.9809,180
06447000,aifs,8,-0.1637,-0.2309,0.0538,0.4770,143
06447500,aifs,8,-0.0894,-0.0953,0.4417,0.6994,241
06450500,aifs,8,0.0545,-0.0802,0.4034,1.0565,211
06452000,aifs,8,0.0069,-0.3026,0.1307,1.0158,178
06453600,aifs,8,-0.2531,-0.2596,0.1907,1.6437,238
06464500,aifs,8,-0.0513,0.2713,0.3368,1.0901,178
06477500,aifs,8,-7.1276,-1.8204,0.0835,3.2217,240
06479215,aifs,8,-0.1344,-0.2701,0.0435,0.5488,241
06479438,aifs,8,-0.1405,-0.5423,0.0206,0.2132,241
06601000,aifs,8,-0.1927,-0.2625,-0.0542,0.8177,241
06614800,aifs,8,0.7787,0.6171,0.9372,1.3471,241
06622700,aifs,8,-0.3125,0.1517,0.7618,1.6182,241
06623800,aifs,8,0.8209,0.9079,0.9130,0.9823,241
06632400,aifs,8,-0.3325,0.3181,0.4599,1.3922,241
06784000,aifs,8,-0.8490,-0.3243,-0.0526,1.3096,241
06803510,aifs,8,0.0103,-0.3058,0.1479,0.5467,241
06803530,aifs,8,-0.0552,-0.3267,0.0009,0.6556,241
06814000,aifs,8,-0.2971,-0.1917,-0.0001,0.5507,241
06846500,aifs,8,-0.0096,-0.4720,-0.0580,1.3840,241
06847900,aifs,8,-0.0211,-0.3192,0.0554,1.3131,241
06853800,aifs,8,-0.6784,-0.3469,-0.0360,1.7674,241
06876700,aifs,8,0.0227,-0.2462,0.3983,0.2562,241
06878000,aifs,8,-0.0991,-0.2789,0.0599,0.4424,241
06879650,aifs,8,-0.0079,-0.3213,0.2052,0.3315,240
06885500,aifs,8,0.1338,-0.1343,0.5011,0.3228,241
06888500,aifs,8,-0.0453,-0.4434,0.0447,0.3270,241
06889200,aifs,8,-0.1647,-0.2132,0.0405,0.5281,241
06889500,aifs,8,-0.3856,-0.0794,0.0244,0.7098,241
06892000,aifs,8,-0.1075,-0.1534,0.1480,0.4584,241
06903400,aifs,8,-0.0090,-0.4141,0.3106,0.1338,241
06906800,aifs,8,0.0347,-0.1347,0.2743,0.4081,241
06910800,aifs,8,-0.1950,-0.2237,0.0158,0.5435,241
06911900,aifs,8,-0.1933,-0.2090,0.0293,0.5370,241
06917000,aifs,8,0.0424,-0.1515,0.3177,0.3528,241
06918460,aifs,8,0.1859,0.2699,0.4479,0.8791,241
06919500,aifs,8,-0.0236,-0.0240,0.3028,0.4334,241
06921070,aifs,8,-0.0496,-0.1138,0.1657,0.5892,241
06921200,aifs,8,-0.0242,-0.3339,0.1964,0.2884,241
06934000,aifs,8,0.2634,0.2723,0.6250,0.6226,240
07014500,aifs,8,0.0907,-0.0480,0.3726,0.6401,241
07056000,aifs,8,0.1027,0.2209,0.3843,0.7958,241
07057500,aifs,8,0.1235,0.1222,0.4346,0.7953,233
07060710,aifs,8,-0.0001,-0.3927,0.0299,1.0572,241
07066000,aifs,8,0.1006,0.1792,0.3909,0.7969,241
07067000,aifs,8,0.1354,0.3702,0.6851,0.5779,241
07068000,aifs,8,0.2618,0.3949,0.6350,0.7858,240
07071500,aifs,8,-0.1373,0.4177,0.4987,0.8054,241
07083000,aifs,8,-1.6045,-0.4191,0.8893,1.7618,241
07142300,aifs,8,-8.1770,-4.9923,-0.0942,6.8291,241
07145700,aifs,8,-0.0279,-0.6382,-0.0191,0.1390,238
07148400,aifs,8,-0.1071,0.4582,0.7116,1.3619,241
07149000,aifs,8,0.0395,0.4406,0.6123,1.3964,241
07151500,aifs,8,-0.0404,-0.5490,-0.0761,0.3837,241
07167500,aifs,8,-0.0242,-0.3704,0.0662,1.6020,241
07180500,aifs,8,-0.1460,-0.1097,0.0784,0.7056,241
07184000,aifs,8,-0.0345,-0.4098,0.0880,0.2956,239
07195800,aifs,8,-0.1294,0.1591,0.2580,0.7751,239
07196900,aifs,8,0.0177,-0.0001,0.2154,0.9382,240
07197000,aifs,8,0.1329,0.2268,0.3937,0.9055,241
07208500,aifs,8,0.0843,0.5133,0.7389,1.0711,241
07226500,aifs,8,-0.0194,-0.5561,-0.0163,0.2624,239
07261000,aifs,8,-0.0877,0.1511,0.3928,1.5584,239
07263295,aifs,8,-0.5543,-1.2680,0.1789,3.0982,239
07290650,aifs,8,-0.0939,-0.1632,0.1543,0.5363,241
07291000,aifs,8,-0.2302,-0.3597,0.0581,0.3123,241
07292500,aifs,8,-0.0543,0.0500,0.2166,0.7829,241
07295000,aifs,8,0.2137,0.1225,0.4966,0.6239,241
07299670,aifs,8,-0.2208,-0.3575,0.0217,1.7557,231
07301410,aifs,8,-0.3885,-0.3107,-0.1449,0.7211,230
07301500,aifs,8,-0.1858,-0.5660,0.0523,1.7845,203
07315200,aifs,8,-0.8266,-0.1223,-0.0178,1.4590,161
07315700,aifs,8,-8.2447,-2.3790,-0.0402,3.6950,218
07335700,aifs,8,-0.0474,-0.2297,0.1639,0.4472,232
07340300,aifs,8,0.0676,0.3509,0.4147,0.9124,241
07346045,aifs,8,-2.2683,-0.0996,0.1909,0.6280,241
07359610,aifs,8,-0.1550,0.0657,0.3428,1.6093,241
07362100,aifs,8,-0.8102,-0.1322,0.5699,1.9537,241
07362587,aifs,8,-0.0778,-0.3665,0.3026,2.0898,239
07373000,aifs,8,-0.1595,-0.2348,0.0799,0.5426,237
07375000,aifs,8,0.0221,-0.0853,0.2721,0.4982,241
07376000,aifs,8,0.1306,0.2430,0.4456,0.6750,241
08013000,aifs,8,0.3792,0.2266,0.7490,0.5994,241
08014500,aifs,8,0.2014,0.0822,0.6320,0.5545,241
08023080,aifs,8,-0.2376,-0.3848,0.1561,2.0191,241
08025500,aifs,8,0.0502,0.0117,0.2638,0.7651,241
08029500,aifs,8,-0.1849,0.0237,0.1352,1.1565,241
08050800,aifs,8,-0.0160,-0.3445,0.0523,0.5853,240
08066200,aifs,8,-0.0473,-0.3440,0.0421,0.4485,241
08066300,aifs,8,-0.0407,-0.5779,0.0130,0.1774,241
08070000,aifs,8,-1.0545,0.1028,0.3026,1.4466,241
08070200,aifs,8,-0.3074,0.1752,0.2056,0.9158,241
08079600,aifs,8,-7.0708,-4.2501,0.3194,5.8531,196
08082700,aifs,8,-0.0263,-0.4072,-0.0294,0.6031,227
08086212,aifs,8,0.0456,-0.1657,0.2507,1.1520,241
08086290,aifs,8,-0.0065,-0.8451,0.2377,2.5887,241
08101000,aifs,8,-4.4695,-0.9748,0.2884,2.2577,241
08103900,aifs,8,0.0785,-0.0132,0.2946,0.7245,241
08104900,aifs,8,-0.1466,-0.3242,0.0035,0.4547,241
08109700,aifs,8,0.0079,0.1156,0.2667,0.8968,224
08150800,aifs,8,0.0025,-0.4666,0.0942,0.3467,241
08155200,aifs,8,-0.4588,-0.8742,0.1473,2.6306,241
08158700,aifs,8,-3.8923,-7.3889,0.1586,9.3174,241
08158810,aifs,8,-0.0761,-0.0916,0.0970,1.0520,241
08164000,aifs,8,-1.7009,-0.0793,0.1418,1.4781,241
08164300,aifs,8,-0.2313,-0.0322,0.0743,0.8767,238
08164600,aifs,8,-4.9833,-2.9699,0.1596,4.6520,241
08165300,aifs,8,-0.0042,-0.3964,-0.0086,0.8319,241
08171300,aifs,8,-23.3607,-32.0528,0.1872,33.9315,241
08175000,aifs,8,-0.1915,-0.3961,0.0495,0.1770,241
08176900,aifs,8,-31.9788,-7.9297,0.1721,8.5961,241
08178880,aifs,8,-0.0415,-0.4307,0.0863,0.2736,241
08189500,aifs,8,0.1680,0.0457,0.4349,0.5122,241
08190000,aifs,8,-0.0130,-0.3230,0.0484,0.6353,241
08190500,aifs,8,0.5534,0.0670,0.8480,1.9107,235
08194200,aifs,8,0.0177,-0.4118,0.3359,0.1777,241
08195000,aifs,8,0.0123,-0.3493,0.1533,0.4667,241
08196000,aifs,8,0.0293,0.0894,0.3049,1.3612,229
08198500,aifs,8,0.0137,-0.4112,0.2906,0.2437,241
08200000,aifs,8,-0.0283,-0.3215,0.1159,0.3582,241
08202700,aifs,8,0.0025,-0.5817,0.1508,0.0627,240
08267500,aifs,8,-20.3902,-2.1307,0.7052,2.5956,241
08269000,aifs,8,-3.4371,-0.3676,0.7067,1.6944,241
08271000,aifs,8,-41.1475,-3.9713,0.7800,2.4143,241
08324000,aifs,8,0.1615,0.5916,0.7086,1.1170,241
08377900,aifs,8,-4.0550,-0.4927,0.4007,1.2881,241
08378500,aifs,8,-5.2882,-0.8807,0.6083,1.2932,233
08380500,aifs,8,-2.6570,-0.1556,0.4330,1.6008,241
09034900,aifs,8,0.1598,0.2145,0.8815,1.5775,237
09035900,aifs,8,0.5553,0.7422,0.8284,1.0932,207
09047700,aifs,8,-4.4154,-0.9363,0.8822,1.4010,239
09065500,aifs,8,0.7129,0.6303,0.9404,1.1464,241
09066000,aifs,8,-0.9482,0.1597,0.5912,1.1743,241
09066200,aifs,8,0.7091,0.6227,0.9326,1.2322,241
09066300,aifs,8,-0.4131,-0.0299,0.8023,1.8086,241
09081600,aifs,8,0.0935,0.5866,0.6244,1.0424,241
09107000,aifs,8,-1.2195,-0.0487,0.7257,1.2640,240
09210500,aifs,8,-1.3895,0.0915,0.7389,1.5409,214
09223000,aifs,8,-2.6696,-0.5392,0.8824,1.9753,180
09306242,aifs,8,-381.2713,-4.1813,0.8972,6.0611,239
09312600,aifs,8,-2.1240,-0.6175,0.4848,2.3917,241
09352900,aifs,8,-0.4989,0.3278,0.6019,1.2391,211
09378170,aifs,8,0.2554,0.2689,0.5405,1.3152,241
09378630,aifs,8,,,,,241
09386900,aifs,8,-10.3865,-1.5806,0.0052,1.9433,241
09404450,aifs,8,0.6972,0.8042,0.8541,0.9126,241
09430500,aifs,8,-1.2986,0.0208,0.4208,0.2467,241
09430600,aifs,8,0.0731,-0.0638,0.7339,0.2375,241
09447800,aifs,8,-2.2235,-0.6373,0.0374,2.0346,241
09480000,aifs,8,-0.3702,-2.5107,-0.0177,4.3226,241
09484000,aifs,8,-0.6483,-0.3633,0.1936,2.0989,216
09484600,aifs,8,-0.3876,-0.8116,0.3393,2.6867,240
09492400,aifs,8,-0.3315,0.3996,0.7211,1.4933,240
09494000,aifs,8,0.2218,0.6121,0.6125,0.9825,241
09497800,aifs,8,-0.1102,-0.6239,-0.2526,1.5135,241
09497980,aifs,8,-0.4198,0.1898,0.2003,0.9557,210
09505200,aifs,8,0.6323,0.6092,0.8092,1.0218,241
09505350,aifs,8,0.4906,0.5037,0.7048,1.1574,241
09505800,aifs,8,0.5229,0.7095,0.7418,1.0885,241
09508300,aifs,8,-0.0399,0.0564,0.2532,0.6321,241
09510200,aifs,8,-2.4339,-1.1389,0.1029,2.8476,222
09512280,aifs,8,-0.0633,-0.9774,-0.1020,2.3785,241
09513780,aifs,8,-3.9164,-6.0786,0.0482,8.0077,240
10023000,aifs,8,-14.8877,-0.6673,0.0860,2.2327,241
10166430,aifs,8,-13159.9964,-90.1028,0.5645,72.4805,241
10172700,aifs,8,-30.0343,-0.3088,0.6208,2.0172,241
10172800,aifs,8,-9.5466,-0.8661,0.8095,2.3506,241
10173450,aifs,8,-0.3909,0.3916,0.4142,1.0020,241
10205030,aifs,8,-193.8400,-9.9870,-0.0160,2.3475,241
10234500,aifs,8,-0.1022,-0.2684,-0.0284,0.8559,237
10242000,aifs,8,-29.2997,-3.7218,0.4148,4.4997,241
10244950,aifs,8,-36.9192,-1.5513,0.7146,1.5592,241
10249300,aifs,8,-44.4428,-4.5746,0.5152,4.3261,240
10258000,aifs,8,,,,,69
10258500,aifs,8,0.0172,-0.3521,0.1710,0.3998,241
10259000,aifs,8,0.7406,0.6355,0.8981,1.0546,241
10259200,aifs,8,-1.7044,-3.8243,0.6408,5.7572,241
10263500,aifs,8,-0.5964,0.0955,0.7995,1.2539,241
10310500,aifs,8,-1.8788,0.0563,0.9198,1.8131,241
10316500,aifs,8,-0.3073,0.3428,0.6815,1.2328,241
10329500,aifs,8,0.4053,0.4738,0.9029,1.1977,241
10336645,aifs,8,0.4408,0.6682,0.7465,1.2082,227
10336660,aifs,8,0.5356,0.7535,0.7636,1.0651,241
10343500,aifs,8,0.6083,0.5839,0.8097,0.8254,241
10348850,aifs,8,-2.2150,0.0117,0.8323,1.7232,241
10396000,aifs,8,0.6170,0.7826,0.8460,1.1534,241
11098000,aifs,8,0.0354,0.4840,0.5824,1.2808,241
11124500,aifs,8,-3.7057,-1.1580,0.8483,2.4622,241
11141280,aifs,8,-0.2702,0.3764,0.4065,1.1821,241
11143000,aifs,8,0.4086,0.5699,0.6549,1.1256,241
11148900,aifs,8,0.1537,0.3059,0.4659,0.6691,241
11151300,aifs,8,0.0541,0.2394,0.3708,1.2564,241
11162500,aifs,8,0.2632,0.3297,0.5398,0.6923,241
11176400,aifs,8,-0.7620,0.0315,0.0536,0.8076,144
11180500,aifs,8,-4.7962,-1.9158,0.5124,3.3077,241
11180960,aifs,8,-2.8245,-1.0351,0.3042,2.6777,241
11224500,aifs,8,-0.4058,-0.1888,0.0116,0.4449,241
11253310,aifs,8,-2.7839,-0.1918,0.0656,0.9183,241
11264500,aifs,8,-1.1021,0.1544,0.1977,1.0296,241
11266500,aifs,8,-0.8284,0.2520,0.3132,1.1373,241
11274500,aifs,8,-2.4372,-0.2683,0.0489,1.5779,241
11274630,aifs,8,-3.5878,-0.4364,0.0890,1.5213,241
11284400,aifs,8,-0.6589,0.1686,0.3047,0.5743,241
11299600,aifs,8,-0.9532,0.1619,0.1912,1.1166,238
11381500,aifs,8,0.5862,0.4946,0.8192,1.0283,241
11383500,aifs,8,0.6372,0.5529,0.8374,1.0811,241
11451100,aifs,8,-0.2568,0.3709,0.6715,1.1923,106
11468500,aifs,8,0.4313,0.4742,0.6595,0.9870,241
11473900,aifs,8,0.5889,0.4726,0.8388,0.9493,241
11475560,aifs,8,0.6519,0.7416,0.8080,1.0494,241
11476600,aifs,8,0.6237,0.6820,0.8390,1.2543,240
11478500,aifs,8,-0.0538,0.2101,0.6661,1.6251,241
11480390,aifs,8,0.5316,0.5658,0.7327,1.0487,241
11481200,aifs,8,0.4728,0.6187,0.7399,1.2787,241
11482500,aifs,8,0.5647,0.5003,0.8322,1.4587,241
11522500,aifs,8,0.3739,0.4404,0.7537,1.5003,241
11523200,aifs,8,-0.2195,0.1398,0.7245,1.7399,241
11528700,aifs,8,0.5305,0.5348,0.7371,1.1638,241
11532500,aifs,8,0.6734,0.7791,0.8418,1.1534,241
12010000,aifs,8,0.3962,0.3352,0.7051,0.6522,241
12013500,aifs,8,0.4475,0.5176,0.6788,0.8228,241
12020000,aifs,8,0.2801,0.2451,0.5926,0.5853,241
12025000,aifs,8,0.4262,0.5303,0.6536,1.0151,241
12025700,aifs,8,0.4469,0.4596,0.6858,0.8387,241
12035000,aifs,8,0.7148,0.6870,0.8628,0.8411,241
12040500,aifs,8,0.4933,0.6084,0.7267,0.7941,241
12041200,aifs,8,0.4544,0.6888,0.7599,0.8039,241
12043000,aifs,8,0.6495,0.6423,0.8281,0.7811,241
12048000,aifs,8,0.2666,0.5739,0.8248,1.2633,241
12054000,aifs,8,0.2148,0.4774,0.8191,1.3232,241
12056500,aifs,8,0.4663,0.6777,0.8095,0.8658,241
12073500,aifs,8,0.4078,0.6486,0.6823,1.0786,240
12082500,aifs,8,0.2147,0.2027,0.4677,0.9869,235
12092000,aifs,8,0.0162,0.1161,0.2697,0.9715,241
12095000,aifs,8,0.4298,0.3893,0.6927,0.8487,241
12114500,aifs,8,0.4097,0.3753,0.6716,1.0175,241
12115000,aifs,8,0.3857,0.3574,0.6484,0.9898,241
12115500,aifs,8,0.3398,0.3297,0.6021,0.8408,241
12117000,aifs,8,0.4780,0.5020,0.6993,0.9552,241
12141300,aifs,8,0.1761,0.2391,0.4283,1.0661,241
12143600,aifs,8,0.2049,0.2782,0.4693,1.1648,238
12144000,aifs,8,0.3008,0.3970,0.5506,0.9898,240
12145500,aifs,8,0.6102,0.5813,0.7984,0.8375,241
12147600,aifs,8,0.2074,0.3456,0.4764,0.9369,241
12167000,aifs,8,0.4920,0.5679,0.7114,1.1668,241
12175500,aifs,8,-0.1505,0.4848,0.5234,1.1373,241
12186000,aifs,8,0.1435,0.4070,0.4862,1.1634,238
12189500,aifs,8,0.2798,0.4974,0.6139,1.2421,240
12358500,aifs,8,0.6244,0.8077,0.8308,1.0362,241
12377150,aifs,8,0.5543,0.7758,0.7763,0.9854,241
12381400,aifs,8,0.3611,0.5117,0.8625,1.2222,208
12390700,aifs,8,0.4027,0.6189,0.6896,1.1800,241
12411000,aifs,8,0.6880,0.7117,0.8533,1.2275,230
12414500,aifs,8,0.6380,0.6732,0.8090,0.9051,241
12447390,aifs,8,-0.2008,-0.2403,0.2177,0.3638,241
12451000,aifs,8,0.4220,0.6625,0.7863,1.2205,241
12488500,aifs,8,0.4764,0.6703,0.7319,1.1553,241
13011500,aifs,8,0.6592,0.5500,0.9314,1.3363,241
13011900,aifs,8,0.7733,0.7898,0.9210,0.9765,241
13018300,aifs,8,-0.5288,-0.0402,0.9331,1.4953,241
13023000,aifs,8,0.5286,0.7616,0.8043,0.9162,199
13161500,aifs,8,0.6769,0.7197,0.8469,0.8069,241
13235000,aifs,8,0.5928,0.6583,0.7864,0.8895,239
13240000,aifs,8,0.7910,0.8611,0.8897,0.9963,162
13310700,aifs,8,0.5974,0.5107,0.8990,0.6796,241
13313000,aifs,8,0.6987,0.4873,0.9588,0.6467,241
13331500,aifs,8,0.4794,0.5262,0.9002,1.2231,241
13337000,aifs,8,0.6751,0.6913,0.8531,0.8254,241
13338500,aifs,8,0.7755,0.8634,0.8964,1.0826,241
13340000,aifs,8,0.4884,0.6247,0.7524,0.7903,241
13340600,aifs,8,0.5864,0.6003,0.8774,0.7013,241
14020000,aifs,8,0.2476,0.1129,0.7411,0.5872,241
14092750,aifs,8,0.7646,0.7149,0.8997,0.8867,241
14096850,aifs,8,-1.2109,0.3602,0.8095,0.4617,241
14137000,aifs,8,0.4476,0.3805,0.7259,0.9571,236
14138800,aifs,8,0.2166,0.1893,0.4792,0.7890,241
14138870,aifs,8,0.3592,0.3382,0.6325,0.7652,241
14138900,aifs,8,0.1075,0.1228,0.3525,0.8254,241
14139800,aifs,8,0.3620,0.3474,0.6297,0.7292,239
14141500,aifs,8,0.4205,0.3980,0.6763,0.7921,241
14154500,aifs,8,0.4030,0.6302,0.6832,1.1705,241
14158500,aifs,8,0.7989,0.7217,0.9323,1.0858,226
14158790,aifs,8,0.6250,0.6284,0.7982,1.0032,237
14166500,aifs,8,0.4532,0.4635,0.6832,0.9460,241
14182500,aifs,8,0.5160,0.4615,0.7515,0.7849,241
14185000,aifs,8,0.5973,0.7502,0.7812,1.0500,241
14185900,aifs,8,0.6031,0.6728,0.7768,0.9923,238
14187000,aifs,8,0.3138,0.6184,0.6615,1.1761,239
14216500,aifs,8,0.6434,0.6076,0.8195,0.9939,238
14222500,aifs,8,0.3732,0.3771,0.6224,0.9385,241
14236200,aifs,8,0.4528,0.4077,0.7124,0.8073,240
14301000,aifs,8,0.4365,0.4514,0.6704,0.8645,240
14303200,aifs,8,0.3845,0.3376,0.6612,0.9043,241
14305500,aifs,8,0.4450,0.4720,0.6745,0.8760,239
14306340,aifs,8,0.5564,0.4589,0.7961,0.7724,241
14306500,aifs,8,0.6953,0.6259,0.8583,0.9142,241
14308990,aifs,8,0.5734,0.5710,0.7681,1.0062,241
14309500,aifs,8,0.8812,0.8436,0.9419,1.0582,241
14316700,aifs,8,0.3774,0.6014,0.6521,1.1315,241
14325000,aifs,8,0.8348,0.9143,0.9161,1.0047,241
14362250,aifs,8,0.4420,0.2831,0.7767,0.5696,148
14400000,aifs,8,0.7959,0.8373,0.8987,0.8730,241
01013500,aifs,9,0.8889,0.8152,0.9521,0.8670,241
01022500,aifs,9,0.5130,0.6276,0.7215,1.0895,241
01030500,aifs,9,0.6542,0.7251,0.8797,1.1416,241
01031500,aifs,9,0.1236,0.5761,0.5956,1.1062,239
01047000,aifs,9,0.1561,0.5675,0.5684,1.0159,241
01052500,aifs,9,0.3446,0.4108,0.6051,0.7554,241
01054200,aifs,9,0.0518,0.0747,0.3533,0.5600,241
01055000,aifs,9,0.1361,0.4818,0.5045,0.9882,241
01057000,aifs,9,0.4874,0.7050,0.7214,0.9917,241
01073000,aifs,9,0.6173,0.7476,0.8316,1.1716,241
01078000,aifs,9,0.2791,0.3961,0.5762,0.7299,239
01118300,aifs,9,0.2122,0.3841,0.5219,0.7819,239
01121000,aifs,9,0.4968,0.6452,0.7212,1.1422,239
01123000,aifs,9,0.5687,0.5708,0.7661,0.8968,241
01134500,aifs,9,0.5604,0.7078,0.7645,0.8708,239
01137500,aifs,9,0.2848,0.4842,0.5845,0.8076,241
01139000,aifs,9,0.2172,0.6335,0.6456,0.9842,237
01139800,aifs,9,0.6871,0.8231,0.8474,1.0894,241
01142500,aifs,9,0.5322,0.7388,0.7566,0.9240,239
01144000,aifs,9,0.5638,0.7804,0.8079,0.9909,241
01169000,aifs,9,0.3469,0.5438,0.6095,1.0226,239
01170100,aifs,9,0.4497,0.6407,0.6880,0.9370,240
01181000,aifs,9,0.7012,0.7618,0.8378,1.0405,239
01187300,aifs,9,0.4849,0.4855,0.7090,0.9962,241
01195100,aifs,9,0.2186,0.2558,0.5004,0.7704,241
01333000,aifs,9,0.4516,0.5778,0.6788,0.9068,239
01350000,aifs,9,0.1188,0.0694,0.3683,0.6867,238
01350080,aifs,9,0.6790,0.6172,0.8459,0.7783,241
01350140,aifs,9,0.6650,0.6436,0.8401,0.7191,191
01365000,aifs,9,0.3117,0.3321,0.5779,0.8006,239
01411300,aifs,9,-0.1330,0.0344,0.1650,1.1467,232
01413500,aifs,9,0.3840,0.3784,0.6545,0.7720,239
01414500,aifs,9,0.0762,0.0312,0.3828,0.5828,239
01415000,aifs,9,0.3192,0.2080,0.7719,0.5434,196
01423000,aifs,9,0.3932,0.3435,0.7196,0.6802,241
01434025,aifs,9,0.1694,0.4156,0.5521,0.6623,241
01435000,aifs,9,0.2510,0.2443,0.5204,0.7861,240
01439500,aifs,9,0.4500,0.4901,0.7302,0.7565,239
01440000,aifs,9,0.3844,0.4803,0.6347,0.8575,241
01440400,aifs,9,0.5102,0.5950,0.7244,0.8671,215
01451800,aifs,9,0.1938,0.3273,0.4629,0.9408,239
01466500,aifs,9,-2.7493,-0.7274,0.8576,0.9858,239
01484100,aifs,9,-0.3107,0.4072,0.4832,1.2489,241
01485500,aifs,9,-1.9382,-0.2913,0.5152,1.9145,236
01486000,aifs,9,-0.9425,0.1078,0.4628,1.6546,241
01487000,aifs,9,0.3770,0.6928,0.7498,1.0399,241
01491000,aifs,9,0.5776,0.5335,0.7860,0.9866,241
01510000,aifs,9,0.6092,0.6861,0.7811,0.9545,241
01516500,aifs,9,0.0739,0.0190,0.3921,0.5531,241
01518862,aifs,9,0.1872,0.2422,0.5238,0.6269,241
01532000,aifs,9,0.2085,0.5439,0.5712,0.8824,239
01539000,aifs,9,0.2492,0.4651,0.5749,0.7954,225
01542810,aifs,9,0.1684,0.4011,0.4907,0.8346,239
01543000,aifs,9,0.2480,0.5562,0.6204,0.7809,241
01543500,aifs,9,0.3189,0.5396,0.6353,0.7831,239
01544500,aifs,9,0.4444,0.4416,0.7701,0.6403,241
01545600,aifs,9,0.4586,0.3752,0.7972,0.6369,241
01547700,aifs,9,-0.0098,-0.0409,0.1934,0.7737,241
01548500,aifs,9,0.3465,0.3242,0.7143,0.6003,239
01549500,aifs,9,0.3760,0.4201,0.6763,0.6855,239
01550000,aifs,9,0.2915,0.3346,0.6347,0.6442,239
01552000,aifs,9,0.2701,0.4465,0.5851,0.7658,241
01552500,aifs,9,0.2022,0.4744,0.5535,0.7991,241
01557500,aifs,9,-0.1056,0.1856,0.2669,0.8737,241
01567500,aifs,9,-0.1761,0.0737,0.1601,1.0014,241
01568000,aifs,9,0.0753,0.2408,0.3624,1.0626,241
01580000,aifs,9,-0.0093,0.2624,0.3501,0.8811,237
01583500,aifs,9,-0.0312,0.1872,0.3220,0.8083,241
01586610,aifs,9,-0.0225,0.2422,0.3688,0.7621,207
01591400,aifs,9,-0.5634,0.3208,0.3415,1.0108,241
01596500,aifs,9,0.1388,0.1531,0.4141,0.7077,239
01605500,aifs,9,-2.0274,-0.0619,0.3648,1.2540,239
01606500,aifs,9,-0.0380,0.3218,0.3868,0.8010,214
01613050,aifs,9,-0.1646,0.2443,0.2809,1.0487,241
01620500,aifs,9,0.2117,0.2575,0.5683,0.5281,239
01632000,aifs,9,-0.1034,0.2075,0.2837,0.8365,239
01632900,aifs,9,-1.6078,0.0697,0.3498,1.0262,239
01634500,aifs,9,-0.0155,0.2131,0.3107,0.8884,224
01638480,aifs,9,-1.7784,-0.1664,0.2800,1.8064,236
01639500,aifs,9,-0.0273,0.2440,0.3189,1.0504,241
01644000,aifs,9,-0.9832,0.0037,0.3739,1.7578,241
01658500,aifs,9,-0.2953,0.3322,0.3345,1.0487,210
01664000,aifs,9,0.0301,0.3332,0.3978,0.8826,241
01666500,aifs,9,0.1629,0.5105,0.5287,1.0201,226
01667500,aifs,9,-0.1268,0.4369,0.4408,1.0667,219
01669000,aifs,9,0.1091,0.5110,0.5188,1.0274,216
01669520,aifs,9,-1.3228,0.0548,0.5945,1.6737,239
02011400,aifs,9,-0.2206,0.4178,0.4721,1.2153,241
02011460,aifs,9,0.1321,0.4144,0.4824,0.8352,241
02013000,aifs,9,-0.1143,0.3531,0.3867,1.1754,241
02014000,aifs,9,-0.6017,0.3253,0.3666,1.0673,241
02015700,aifs,9,0.0843,0.5281,0.5298,1.0298,223
02016000,aifs,9,-0.0795,0.5121,0.5302,0.9833,241
02017500,aifs,9,-0.3168,0.3991,0.5972,1.1969,239
02018000,aifs,9,-0.3261,0.4002,0.5732,1.2072,234
02027000,aifs,9,-0.3906,0.3954,0.5561,0.8459,221
02027500,aifs,9,0.3919,0.5391,0.7208,0.6560,224
02028500,aifs,9,-0.1172,0.4670,0.4782,0.9086,216
02038850,aifs,9,0.0485,0.3640,0.4445,0.7832,239
02046000,aifs,9,-0.0899,0.3021,0.5042,1.4912,231
02051000,aifs,9,-0.3288,0.1955,0.2144,0.9914,241
02051500,aifs,9,-0.1345,0.2972,0.3356,1.1481,239
02053200,aifs,9,-2.5947,-0.2636,0.2199,1.5954,210
02053800,aifs,9,-0.4686,0.2774,0.2806,0.9343,222
02055100,aifs,9,0.0235,0.5039,0.5296,1.1576,239
02056900,aifs,9,-0.6395,0.3105,0.3556,0.8980,216
02059500,aifs,9,-0.1203,0.4957,0.5655,0.8499,210
02064000,aifs,9,0.0153,0.3069,0.4118,0.7331,229
02065500,aifs,9,0.0109,0.3232,0.4754,0.6507,239
02069700,aifs,9,-0.7449,0.2666,0.3257,1.1986,214
02070000,aifs,9,-0.5230,0.3094,0.3473,1.1916,239
02074500,aifs,9,-0.3250,0.3966,0.4201,1.1147,241
02077200,aifs,9,0.3354,0.6546,0.7056,1.1508,236
02081500,aifs,9,-0.7126,-0.0088,0.1080,1.4671,241
02082950,aifs,9,-3.2041,-0.4904,0.3646,1.7413,241
02092500,aifs,9,-3.2466,-0.7712,0.2111,2.3849,241
02096846,aifs,9,-1.1493,-0.1109,0.0481,1.5632,241
02102908,aifs,9,-0.1718,0.0984,0.1797,0.9560,241
02108000,aifs,9,0.4190,0.6400,0.7048,1.1952,241
02111180,aifs,9,-0.8733,-0.0025,0.0005,1.0415,241
02111500,aifs,9,-1.0061,0.0870,0.0925,0.9876,239
02118500,aifs,9,-18.5074,-2.4824,0.0633,1.2466,241
02128000,aifs,9,-1.7222,-0.7837,0.3124,2.5590,241
02137727,aifs,9,-0.9840,0.0361,0.0368,0.9788,241
02140991,aifs,9,-2.9827,-0.2364,0.0110,1.1794,241
02143000,aifs,9,-23.2780,-2.9305,0.0464,1.3973,241
02143040,aifs,9,-6.8930,-0.9589,0.1248,1.0629,239
02149000,aifs,9,-0.4918,0.0893,0.1082,1.0277,241
02152100,aifs,9,-6.9376,-0.9278,0.0457,1.1275,241
02177000,aifs,9,0.1653,0.1938,0.4181,1.0532,239
02178400,aifs,9,0.2566,0.4829,0.5525,0.9519,239
02193340,aifs,9,-0.4026,0.1816,0.2246,1.2345,241
02196000,aifs,9,0.0239,-0.2190,0.2514,0.4518,241
02198100,aifs,9,0.0068,-0.0481,0.2020,1.1901,240
02202600,aifs,9,-0.4162,-0.2532,0.1800,1.7872,241
02212600,aifs,9,-0.1378,-0.0625,0.0830,1.0115,239
02215100,aifs,9,0.2808,0.1362,0.7244,0.6252,241
02216180,aifs,9,-0.0683,-0.4699,-0.0681,0.4464,239
02221525,aifs,9,-0.0173,0.1711,0.2840,1.0775,239
02231000,aifs,9,-0.9309,-0.0713,0.6604,1.6741,241
02231342,aifs,9,-3.0094,-0.5243,0.4706,1.9095,241
02235200,aifs,9,-0.3639,0.4212,0.5030,1.2005,240
02245500,aifs,9,-4.2517,-0.7311,0.5415,1.4587,241
02246000,aifs,9,-2.4958,-0.2535,0.4898,1.1011,239
02296500,aifs,9,0.5081,0.1353,0.8258,1.8448,230
02297155,aifs,9,0.0175,-0.1691,0.4988,0.2630,240
02297310,aifs,9,0.3813,0.4994,0.6556,0.7107,231
02298123,aifs,9,0.3724,0.2418,0.7079,0.4985,241
02298608,aifs,9,0.0640,0.5315,0.5564,1.1456,241
02299950,aifs,9,-0.4207,0.3160,0.3349,0.8515,241
02300700,aifs,9,0.0976,0.1046,0.3829,0.6001,241
02310947,aifs,9,-0.2281,-1.0199,-0.2764,2.3284,241
02312200,aifs,9,-4.5692,-3.2254,-0.0038,5.0497,241
02314500,aifs,9,0.0359,0.0845,0.4442,0.6026,241
02315500,aifs,9,-0.3265,-0.6841,-0.3039,0.4158,241
02324400,aifs,9,-0.2202,-1.0425,-0.5475,0.1095,241
02327100,aifs,9,-3.7784,-1.0667,0.5523,2.5326,239
02349900,aifs,9,0.2345,0.1266,0.6292,0.8041,241
02350900,aifs,9,0.1013,0.3909,0.6291,0.6461,241
02361000,aifs,9,0.2680,0.4203,0.6592,0.6647,241
02363000,aifs,9,0.2230,0.0243,0.7613,0.3605,239
02369800,aifs,9,0.0848,-0.1303,0.4935,0.4646,240
02371500,aifs,9,0.1815,0.0617,0.6006,0.7496,241
02372250,aifs,9,0.2726,0.1562,0.6870,0.7712,239
02374500,aifs,9,0.2447,0.1921,0.5642,0.7343,241
02381600,aifs,9,-0.0077,-0.0623,0.1658,0.9376,241
02384540,aifs,9,-0.0418,-0.1398,0.2038,0.7283,241
02395120,aifs,9,-0.8191,0.2040,0.2182,1.0122,241
02408540,aifs,9,-0.1921,0.1102,0.1854,0.9077,241
02415000,aifs,9,-0.1190,0.0745,0.1845,0.9253,231
02422500,aifs,9,-0.4792,0.3146,0.3603,1.2288,224
02427250,aifs,9,0.0446,0.1854,0.3216,1.1024,241
02430085,aifs,9,-0.1479,0.1157,0.2119,1.1717,241
02450250,aifs,9,0.1193,0.1228,0.3509,0.9723,241
02464000,aifs,9,0.1080,0.1265,0.3466,0.8555,241
02465493,aifs,9,-0.0170,0.2471,0.3298,1.0904,238
02469800,aifs,9,0.1533,0.1307,0.4903,0.5444,239
02472000,aifs,9,0.2292,0.0814,0.6129,0.5382,241
02472500,aifs,9,0.0073,0.1455,0.3732,0.5698,241
02479155,aifs,9,0.0924,-0.0840,0.3397,0.5565,241
02479300,aifs,9,0.2234,-0.0141,0.6975,0.4207,241
02481000,aifs,9,0.0793,-0.2400,0.4633,0.2432,241
02481510,aifs,9,0.1443,-0.1099,0.6123,0.3252,241
03010655,aifs,9,0.3919,0.4691,0.7016,0.6706,212
03011800,aifs,9,0.1139,0.3976,0.4954,0.7741,241
03015500,aifs,9,0.2168,0.6325,0.6532,0.9448,241
03021350,aifs,9,0.1490,0.4867,0.5553,0.7584,239
03026500,aifs,9,0.0688,0.3994,0.4559,0.8430,241
03028000,aifs,9,0.1293,0.4657,0.5812,0.6989,241
03049800,aifs,9,0.0206,-0.0226,0.3083,0.5890,239
03050000,aifs,9,-0.2288,0.3308,0.3388,0.9313,239
03066000,aifs,9,0.2003,0.3415,0.5302,0.6920,241
03069500,aifs,9,0.1167,0.2975,0.4578,0.7093,239
03070500,aifs,9,-0.1211,0.4990,0.5222,1.0184,239
03076600,aifs,9,0.0737,0.1536,0.4146,0.6279,241
03078000,aifs,9,-0.0244,0.0938,0.2868,0.6879,241
03140000,aifs,9,0.1841,0.2108,0.4370,0.8232,239
03144000,aifs,9,-0.3916,0.1763,0.1942,0.9218,241
03159540,aifs,9,-0.1339,0.1678,0.2502,0.8244,241
03161000,aifs,9,-1.2459,0.0544,0.0782,0.8997,241
03164000,aifs,9,-1.2655,0.1611,0.2944,0.9011,241
03165000,aifs,9,-1.1053,0.0539,0.0629,0.9345,224
03170000,aifs,9,-0.1292,0.3744,0.3921,0.8876,241
03173000,aifs,9,0.1296,0.5446,0.5518,0.9265,239
03180500,aifs,9,0.1925,0.3655,0.4823,0.8568,225
03182500,aifs,9,0.1825,0.5116,0.5341,0.9805,239
03186500,aifs,9,0.3291,0.4941,0.5973,0.8571,239
03187500,aifs,9,0.3718,0.6094,0.6621,0.8411,238
03213700,aifs,9,-0.2074,0.4450,0.4730,1.1331,241
03237280,aifs,9,-0.0181,0.0544,0.2691,0.6360,241
03237500,aifs,9,-0.3670,0.2081,0.2203,1.0305,239
03241500,aifs,9,-0.1426,0.0252,0.1823,0.6906,228
03280700,aifs,9,-0.8841,0.2303,0.2976,0.8532,213
03281100,aifs,9,-0.5503,0.3328,0.3781,0.8739,239
03281500,aifs,9,-0.4153,0.3928,0.4431,0.9040,228
03285000,aifs,9,-0.8075,-0.0418,0.3604,1.7815,238
03291780,aifs,9,-0.2245,-0.0559,0.0622,0.8510,241
03300400,aifs,9,-0.0627,0.0345,0.1845,0.8993,241
03340800,aifs,9,-0.7360,0.1729,0.1759,0.9516,193
03346000,aifs,9,-0.3147,-0.0969,0.0956,0.5105,241
03364500,aifs,9,-0.1134,-0.1314,0.1237,0.5567,241
03366500,aifs,9,-0.1500,-0.0503,0.1286,0.6664,241
03368000,aifs,9,-0.1815,-0.1595,0.0431,0.6350,241
03384450,aifs,9,0.1016,-0.0924,0.3541,0.5704,241
03439000,aifs,9,-0.2125,-0.2730,0.0152,0.6517,239
03450000,aifs,9,-0.0960,-0.0755,0.1154,0.8498,241
03455500,aifs,9,-0.3585,0.0990,0.2182,0.6873,239
03456500,aifs,9,-0.3920,-0.0963,0.0098,0.7907,239
03460000,aifs,9,-0.5521,0.2198,0.4366,0.6025,241
03463300,aifs,9,-0.4931,0.1074,0.1339,0.8646,241
03471500,aifs,9,-0.1108,0.4872,0.5708,0.7383,239
03473000,aifs,9,-0.4914,0.3167,0.3709,0.7410,241
03479000,aifs,9,-5.4964,-0.6887,0.0534,1.0081,239
03488000,aifs,9,0.2549,0.4593,0.5829,0.7507,241
03498500,aifs,9,-0.2102,0.1307,0.2632,0.7179,241
03500000,aifs,9,0.1687,0.5293,0.6271,0.8239,239
03504000,aifs,9,-0.1495,0.2940,0.3872,0.8390,239
03574500,aifs,9,-0.1056,-0.0592,0.1655,0.6236,241
03604000,aifs,9,-0.1395,-0.2516,-0.0207,0.7795,239
04015330,aifs,9,0.1987,0.1386,0.4689,0.5509,200
04024430,aifs,9,0.4225,0.5466,0.6888,0.7142,241
04027000,aifs,9,0.5653,0.5320,0.7715,0.7508,241
04040500,aifs,9,0.8264,0.8102,0.9116,0.9099,241
04043050,aifs,9,0.7878,0.8444,0.8906,0.9095,182
04045500,aifs,9,0.8661,0.7960,0.9461,0.8043,237
04056500,aifs,9,0.5651,0.4528,0.8449,0.7142,231
04057510,aifs,9,0.8774,0.6933,0.9684,0.7746,161
04057800,aifs,9,0.7909,0.6483,0.9083,0.7371,241
04059500,aifs,9,0.8563,0.7798,0.9370,0.9750,241
04063700,aifs,9,0.6860,0.4007,0.9550,0.5948,241
04074950,aifs,9,0.6082,0.5190,0.8963,0.7362,241
04105700,aifs,9,0.4180,0.4693,0.6837,0.8967,241
04115265,aifs,9,0.2575,0.2620,0.5181,0.9159,241
04122200,aifs,9,0.3462,0.3389,0.6585,0.8126,241
04122500,aifs,9,0.6380,0.6050,0.8409,0.8903,239
04124000,aifs,9,0.7149,0.6247,0.8773,0.9822,241
04127997,aifs,9,0.4925,0.4731,0.7539,0.8918,204
04185000,aifs,9,0.5408,0.5220,0.7550,0.7888,218
04196800,aifs,9,0.1680,0.2621,0.4550,0.6942,241
04197100,aifs,9,0.1153,0.3356,0.4227,0.9574,241
04197170,aifs,9,-0.3421,0.0632,0.1321,0.7759,241
04213000,aifs,9,-0.1230,0.4926,0.5112,1.0385,239
04213075,aifs,9,0.0048,0.1960,0.3241,0.8080,237
04216418,aifs,9,0.3690,0.5231,0.6172,0.9472,241
04221000,aifs,9,0.0641,0.1654,0.4793,0.5607,241
04224775,aifs,9,0.1007,0.0752,0.4866,0.5184,239
04256000,aifs,9,0.4933,0.6872,0.7980,1.1839,239
04296000,aifs,9,0.3426,0.6230,0.6439,0.9227,241
05057000,aifs,9,-1.0297,0.0884,0.4360,0.5176,163
05057200,aifs,9,0.5795,0.7360,0.7685,1.0074,240
05062500,aifs,9,0.5685,0.6803,0.7592,0.9123,202
05087500,aifs,9,0.2730,0.5267,0.5721,0.9508,241
05120500,aifs,9,-10.0369,-1.4911,-0.0630,3.1930,210
05123400,aifs,9,-0.3950,-0.6564,-0.0244,0.1567,240
05129115,aifs,9,-0.8203,-0.8897,-0.2533,0.0000,241
05131500,aifs,9,0.1388,0.0473,0.6038,0.4598,145
05291000,aifs,9,-0.3647,0.2385,0.3138,0.6771,241
05362000,aifs,9,0.5094,0.7138,0.7494,0.8681,240
05393500,aifs,9,0.4214,0.6685,0.6987,0.8732,241
05399500,aifs,9,-0.0346,0.3733,0.4077,0.8583,239
05408000,aifs,9,-0.0150,0.0162,0.2380,0.8219,240
05412500,aifs,9,-0.0529,0.1538,0.3755,0.6448,241
05413500,aifs,9,-0.3165,0.1110,0.2491,0.7534,211
05414000,aifs,9,-0.1563,0.0804,0.5744,0.5762,207
05444000,aifs,9,-0.0259,0.0786,0.3619,0.6245,239
05454000,aifs,9,-0.0484,0.1338,0.3540,0.5788,241
05458000,aifs,9,-0.1246,-0.1625,0.0811,0.6589,241
05466500,aifs,9,0.0774,-0.0017,0.3389,0.6587,239
05487980,aifs,9,-0.1366,-0.1905,0.0688,0.5397,239
05488200,aifs,9,-0.0840,-0.3375,0.0953,0.3019,239
05489000,aifs,9,-0.0508,-0.3467,0.1019,0.3219,239
05495000,aifs,9,-1.6761,0.0042,0.0968,1.1451,239
05495500,aifs,9,-0.0371,-0.1428,0.1967,0.4455,235
05501000,aifs,9,-0.1249,-0.1962,0.0713,0.5286,239
05503800,aifs,9,-0.4157,0.0649,0.1090,0.8458,241
05507600,aifs,9,-0.6849,0.2697,0.3297,1.1900,241
05508805,aifs,9,-0.7426,0.1015,0.4815,1.5857,239
05514500,aifs,9,-0.0508,0.0901,0.2326,0.8116,239
05525500,aifs,9,0.2847,0.4148,0.5425,0.9536,239
05556500,aifs,9,-0.1149,-0.2082,0.1533,0.4602,241
05584500,aifs,9,0.0552,-0.0311,0.3656,0.4729,239
05585000,aifs,9,0.0505,-0.0339,0.4136,0.4331,241
05591550,aifs,9,-0.0984,0.0396,0.1928,0.7470,239
05592050,aifs,9,-0.1223,0.0582,0.2091,0.6870,222
05592575,aifs,9,-0.2656,0.0357,0.1438,0.7030,239
05593575,aifs,9,-0.5428,0.1319,0.3322,1.5395,241
05593900,aifs,9,-0.1250,0.0433,0.1830,0.7424,239
05595730,aifs,9,-0.9339,0.0757,0.3366,1.5408,241
06037500,aifs,9,-2.4041,0.3566,0.8447,1.2949,241
06043500,aifs,9,0.3325,0.3604,0.9567,1.3527,241
06154410,aifs,9,-0.1015,-0.1205,0.1360,0.6564,241
06188000,aifs,9,0.8374,0.8779,0.9307,1.0082,241
06191500,aifs,9,0.7077,0.6506,0.9392,1.1374,241
06221400,aifs,9,0.8402,0.8647,0.9339,1.0603,241
06224000,aifs,9,0.6889,0.8348,0.8514,1.0671,241
06289000,aifs,9,0.3015,0.6240,0.6561,0.8709,241
06332515,aifs,9,0.2918,0.4075,0.5467,0.9253,118
06339100,aifs,9,0.0202,0.3283,0.5403,1.4896,177
06339500,aifs,9,-0.1030,0.0315,0.6920,0.2637,171
06344600,aifs,9,-1.5745,-1.3973,0.5560,3.3169,180
06350000,aifs,9,-3.6340,-0.7900,0.5504,2.2592,241
06352000,aifs,9,-0.0166,-0.1041,0.5115,1.3446,240
06353000,aifs,9,-0.0008,-0.1135,0.5124,0.8149,239
06354000,aifs,9,0.4039,0.2959,0.8507,0.4843,176
06360500,aifs,9,0.1259,0.1429,0.5277,1.5414,142
06404000,aifs,9,-9.6354,-1.3053,-0.0898,1.5426,208
06406000,aifs,9,-164.3024,-3.8025,0.8994,5.7520,183
06408700,aifs,9,-1576.1081,-4.0261,0.2221,1.5097,241
06409000,aifs,9,-1.2192,0.6536,0.9012,1.2544,196
06431500,aifs,9,-1.7186,0.3229,0.4010,1.1014,230
06440200,aifs,9,0.0539,-0.3468,0.4030,0.1048,163
06441500,aifs,9,-40.4663,-5.0547,-0.0305,3.9584,180
06447000,aifs,9,-0.0944,-0.2580,0.0803,0.4675,143
06447500,aifs,9,-0.0906,-0.1103,0.3888,0.7006,241
06450500,aifs,9,0.0577,-0.0696,0.4288,1.0556,211
06452000,aifs,9,0.0068,-0.3027,0.1305,1.0158,178
06453600,aifs,9,-0.2516,-0.2641,0.1858,1.6400,238
06464500,aifs,9,-0.1966,0.1911,0.2434,1.0864,178
06477500,aifs,9,-8.1357,-1.9001,0.0193,3.1975,240
06479215,aifs,9,-0.1188,-0.2449,0.0715,0.5529,241
06479438,aifs,9,-0.1428,-0.5562,0.0069,0.2110,241
06601000,aifs,9,-0.7423,-0.0369,-0.0163,0.8798,241
06614800,aifs,9,0.7779,0.6078,0.9394,1.3541,241
06622700,aifs,9,-0.3486,0.1405,0.7567,1.6229,241
06623800,aifs,9,0.8225,0.9091,0.9137,0.9843,241
06632400,aifs,9,-0.3500,0.3123,0.4561,1.3949,241
06784000,aifs,9,-0.8372,-0.3139,-0.0393,1.3086,241
06803510,aifs,9,-1.0594,-0.0207,-0.0015,0.8050,241
06803530,aifs,9,-0.2013,-0.2120,-0.0226,0.7172,241
06814000,aifs,9,-0.8960,-0.0718,-0.0035,0.6288,241
06846500,aifs,9,-0.0095,-0.4717,-0.0576,1.3840,241
06847900,aifs,9,-0.0216,-0.3214,0.0527,1.3125,241
06853800,aifs,9,-0.3624,-0.4432,-0.0313,1.7405,241
06876700,aifs,9,-0.0110,-0.3022,0.3883,0.2250,241
06878000,aifs,9,-0.2770,-0.2190,0.0112,0.4775,241
06879650,aifs,9,-0.0331,-0.2607,0.1761,0.3458,240
06885500,aifs,9,-0.0408,-0.3063,0.1504,0.3244,241
06888500,aifs,9,-0.0728,-0.3913,0.0430,0.3327,241
06889200,aifs,9,-0.1444,-0.2500,0.0390,0.4800,241
06889500,aifs,9,-0.3666,-0.1070,0.0213,0.6496,241
06892000,aifs,9,-0.3308,-0.1014,0.0779,0.5254,241
06903400,aifs,9,-0.0474,-0.4851,0.1498,0.1295,241
06906800,aifs,9,-0.0458,-0.1478,0.1807,0.4586,241
06910800,aifs,9,-0.3454,-0.1082,0.0564,0.5521,241
06911900,aifs,9,-0.3400,-0.1101,0.0711,0.5102,241
06917000,aifs,9,-0.0630,-0.1760,0.1951,0.3762,241
06918460,aifs,9,0.1339,0.2262,0.3988,0.8692,241
06919500,aifs,9,-0.0304,0.0208,0.3293,0.4227,241
06921070,aifs,9,-0.0679,-0.1417,0.1404,0.5752,241
06921200,aifs,9,-0.0526,-0.4024,0.1285,0.2678,241
06934000,aifs,9,0.2488,0.2867,0.6022,0.6267,240
07014500,aifs,9,0.0366,-0.1240,0.2635,0.6348,241
07056000,aifs,9,0.0896,0.2256,0.3789,0.7942,241
07057500,aifs,9,0.0460,0.0809,0.3318,0.7967,233
07060710,aifs,9,-0.0001,-0.3927,0.0299,1.0572,241
07066000,aifs,9,0.0664,0.1747,0.3602,0.8058,241
07067000,aifs,9,0.0289,0.3426,0.5983,0.5854,241
07068000,aifs,9,0.2125,0.3977,0.5787,0.7988,240
07071500,aifs,9,-0.3169,0.4428,0.4736,0.8175,241
07083000,aifs,9,-1.7252,-0.4540,0.8877,1.7896,241
07142300,aifs,9,-8.1996,-4.9944,-0.0968,6.8304,241
07145700,aifs,9,-0.0237,-0.6056,0.0183,0.1528,238
07148400,aifs,9,-0.8076,0.2454,0.5966,1.4031,241
07149000,aifs,9,-0.0475,0.4181,0.5857,1.4068,241
07151500,aifs,9,-0.0453,-0.5555,-0.0961,0.3913,241
07167500,aifs,9,-0.0163,-0.3608,0.0839,1.6021,241
07180500,aifs,9,-0.1281,-0.1543,0.0503,0.7325,241
07184000,aifs,9,-0.0600,-0.3787,0.0673,0.3140,239
07195800,aifs,9,0.0688,0.1401,0.3455,0.7547,239
07196900,aifs,9,-0.0311,0.0620,0.2130,0.9937,240
07197000,aifs,9,0.1802,0.1928,0.4307,0.8874,241
07208500,aifs,9,0.0478,0.4979,0.7338,1.0765,241
07226500,aifs,9,-0.0213,-0.4830,0.0091,0.3306,239
07261000,aifs,9,-0.4401,0.0563,0.3328,1.6674,239
07263295,aifs,9,-1.1207,-1.4289,0.1226,3.2647,239
07290650,aifs,9,-0.1589,-0.1259,0.1192,0.5724,241
07291000,aifs,9,-0.2113,-0.1583,0.1648,0.3878,241
07292500,aifs,9,0.0563,0.0993,0.3125,0.7707,241
07295000,aifs,9,0.0243,-0.0361,0.2576,0.6045,241
07299670,aifs,9,-0.2722,-0.3821,0.0051,1.8018,231
07301410,aifs,9,-0.3998,-0.3326,-0.1661,0.7191,230
07301500,aifs,9,-0.1857,-0.5646,0.0544,1.7846,203
07315200,aifs,9,-1.0967,-0.1043,-0.0440,1.3600,161
07315700,aifs,9,-6.3622,-2.0252,-0.0380,3.4673,218
07335700,aifs,9,-0.0558,-0.1614,0.1728,0.4923,232
07340300,aifs,9,-0.1298,0.3325,0.3505,0.9562,241
07346045,aifs,9,-3.0529,-0.2523,0.1695,0.7146,241
07359610,aifs,9,-0.3427,-0.0156,0.2481,1.6429,241
07362100,aifs,9,-0.7861,-0.1953,0.5564,2.0559,241
07362587,aifs,9,-0.5455,-0.5051,0.1609,2.2369,239
07373000,aifs,9,-0.0918,-0.1833,0.1652,0.5563,237
07375000,aifs,9,0.1077,-0.0302,0.3953,0.4709,241
07376000,aifs,9,0.0632,0.1394,0.3785,0.6321,241
08013000,aifs,9,0.3441,0.1931,0.7349,0.5885,241
08014500,aifs,9,0.1483,0.0447,0.5297,0.5634,241
08023080,aifs,9,-1.0933,-0.6983,0.0335,2.3964,241
08025500,aifs,9,-0.1269,0.0867,0.1879,0.9198,241
08029500,aifs,9,-0.2452,-0.0115,0.0950,1.1806,241
08050800,aifs,9,-0.0702,-0.1597,0.0846,0.7036,240
08066200,aifs,9,-0.1423,-0.2810,-0.0197,0.5789,241
08066300,aifs,9,-0.0423,-0.5506,0.0158,0.1992,241
08070000,aifs,9,-2.8399,-0.3494,0.1739,1.6728,241
08070200,aifs,9,-0.3215,0.2003,0.2198,0.9684,241
08079600,aifs,9,-5.2692,-3.5975,0.3902,5.2601,196
08082700,aifs,9,-0.0340,-0.3924,-0.0284,0.6012,227
08086212,aifs,9,0.0530,-0.2037,0.2353,1.4905,241
08086290,aifs,9,-0.1521,-1.7123,0.2348,3.5770,241
08101000,aifs,9,-6.8167,-1.5740,0.2396,2.7345,241
08103900,aifs,9,0.2255,0.1697,0.4964,0.8327,241
08104900,aifs,9,-0.1468,-0.1399,0.0879,0.5979,241
08109700,aifs,9,-0.0178,0.1809,0.2856,1.0319,224
08150800,aifs,9,-0.0073,-0.5198,-0.0089,0.3767,241
08155200,aifs,9,-0.9762,-1.1427,0.0804,2.9322,241
08158700,aifs,9,-4.6245,-8.2541,0.1299,10.1792,241
08158810,aifs,9,-0.2166,-0.0344,0.0925,1.2298,241
08164000,aifs,9,-3.1312,-0.4403,0.1389,1.7198,241
08164300,aifs,9,-0.2299,-0.0059,0.0884,0.9691,238
08164600,aifs,9,-7.3503,-4.0244,0.1418,5.6347,241
08165300,aifs,9,-0.0065,-0.4048,-0.0254,0.8382,241
08171300,aifs,9,-36.8144,-36.1506,0.0874,37.9358,241
08175000,aifs,9,-0.7554,-0.2156,0.0044,0.3203,241
08176900,aifs,9,-58.9454,-10.3260,0.0954,10.1962,241
08178880,aifs,9,-0.0520,-0.4629,0.0569,0.2557,241
08189500,aifs,9,-1.0399,0.0696,0.1161,0.7454,241
08190000,aifs,9,-0.0197,-0.3542,0.0214,0.6129,241
08190500,aifs,9,0.5274,0.1222,0.8178,1.8552,235
08194200,aifs,9,0.0049,-0.4665,0.1952,0.1855,241
08195000,aifs,9,0.0042,-0.3786,0.1115,0.4693,241
08196000,aifs,9,0.0650,0.0764,0.3178,1.3436,229
08198500,aifs,9,0.0038,-0.4682,0.1781,0.2510,241
08200000,aifs,9,-0.0320,-0.3712,0.0989,0.3129,241
08202700,aifs,9,-0.0282,-0.4514,0.0440,0.2585,240
08267500,aifs,9,-20.4915,-2.1331,0.7049,2.6027,241
08269000,aifs,9,-3.7262,-0.4226,0.6916,1.7058,241
08271000,aifs,9,-41.3308,-3.9693,0.7780,2.4229,241
08324000,aifs,9,0.1407,0.5817,0.7060,1.1207,241
08377900,aifs,9,-4.2122,-0.5233,0.3950,1.2911,241
08378500,aifs,9,-5.5478,-0.9217,0.6015,1.3012,233
08380500,aifs,9,-2.7351,-0.1716,0.4288,1.6076,241
09034900,aifs,9,0.1376,0.1984,0.8828,1.5857,237
09035900,aifs,9,0.5495,0.7342,0.8297,1.0988,207
09047700,aifs,9,-4.4845,-0.9486,0.8825,1.4051,239
09065500,aifs,9,0.6988,0.6125,0.9407,1.1542,241
09066000,aifs,9,-0.9516,0.1579,0.5917,1.1783,241
09066200,aifs,9,0.7009,0.6049,0.9351,1.2412,241
09066300,aifs,9,-0.4045,-0.0279,0.8029,1.8098,241
09081600,aifs,9,0.0957,0.5871,0.6267,1.0486,241
09107000,aifs,9,-1.2687,-0.0659,0.7275,1.2762,240
09210500,aifs,9,-1.3839,0.0936,0.7391,1.5410,214
09223000,aifs,9,-2.7291,-0.5508,0.8796,1.9811,180
09306242,aifs,9,-381.3076,-4.1814,0.8972,6.0614,239
09312600,aifs,9,-2.1278,-0.6197,0.4846,2.3943,241
09352900,aifs,9,-0.4914,0.3260,0.6082,1.2504,211
09378170,aifs,9,0.2561,0.2699,0.5409,1.3142,241
09378630,aifs,9,,,,,241
09386900,aifs,9,-19.9524,-2.7659,0.0030,2.2232,241
09404450,aifs,9,0.4978,0.7549,0.7801,0.9244,241
09430500,aifs,9,-1.3720,-0.0201,0.3733,0.2403,241
09430600,aifs,9,0.0633,-0.0755,0.7518,0.2319,241
09447800,aifs,9,-2.2243,-0.6383,0.0356,2.0346,241
09480000,aifs,9,-0.3355,-2.3462,-0.0195,4.1436,241
09484000,aifs,9,-0.8593,-0.5616,0.1489,2.3090,216
09484600,aifs,9,-0.7131,-0.9919,0.2001,2.8242,240
09492400,aifs,9,-0.3330,0.4002,0.7179,1.4925,240
09494000,aifs,9,-0.0659,0.5222,0.5464,1.0082,241
09497800,aifs,9,-0.1103,-0.6243,-0.2532,1.5135,241
09497980,aifs,9,-0.4078,0.0917,0.1219,0.9574,210
09505200,aifs,9,0.6809,0.7075,0.8276,1.0417,241
09505350,aifs,9,0.5814,0.6050,0.7637,1.1829,241
09505800,aifs,9,0.4949,0.7321,0.7447,1.0797,241
09508300,aifs,9,-0.2619,0.0152,0.1219,0.7346,241
09510200,aifs,9,-2.4254,-1.1488,0.1036,2.8603,222
09512280,aifs,9,-0.0630,-0.9771,-0.1005,2.3793,241
09513780,aifs,9,-3.9169,-6.0800,0.0491,8.0092,240
10023000,aifs,9,-15.0570,-0.6817,0.0827,2.2367,241
10166430,aifs,9,-13174.8291,-90.1715,0.5631,72.4958,241
10172700,aifs,9,-30.4859,-0.3453,0.6201,2.0228,241
10172800,aifs,9,-9.5135,-0.8607,0.8060,2.3479,241
10173450,aifs,9,-0.4491,0.3738,0.4010,1.0158,241
10205030,aifs,9,-197.5494,-10.1075,-0.0163,2.3580,241
10234500,aifs,9,-0.1053,-0.2651,-0.0291,0.8601,237
10242000,aifs,9,-29.4313,-3.7335,0.4148,4.5013,241
10244950,aifs,9,-37.0895,-1.5568,0.7163,1.5606,241
10249300,aifs,9,-44.5626,-4.5830,0.5145,4.3279,240
10258000,aifs,9,,,,,69
10258500,aifs,9,0.0245,-0.3335,0.2069,0.4020,241
10259000,aifs,9,0.7125,0.6582,0.8669,1.0608,241
10259200,aifs,9,-16.0329,-5.8728,0.5443,6.9582,241
10263500,aifs,9,-0.2505,0.2069,0.8337,1.2418,241
10310500,aifs,9,-1.7324,0.1050,0.9300,1.8097,241
10316500,aifs,9,-0.3005,0.3449,0.6829,1.2312,241
10329500,aifs,9,0.2438,0.4234,0.8694,1.2043,241
10336645,aifs,9,0.4820,0.6635,0.7804,1.2391,227
10336660,aifs,9,0.6064,0.7867,0.8001,1.0696,241
10343500,aifs,9,0.6177,0.5597,0.8271,0.8215,241
10348850,aifs,9,-2.1618,0.0246,0.8324,1.7184,241
10396000,aifs,9,0.6426,0.7895,0.8489,1.1422,241
11098000,aifs,9,-0.2331,0.3919,0.4635,1.2604,241
11124500,aifs,9,-3.2156,-1.0703,0.8710,2.4439,241
11141280,aifs,9,0.5138,0.5407,0.7229,1.0988,241
11143000,aifs,9,0.4702,0.5916,0.6920,1.1126,241
11148900,aifs,9,0.4754,0.2766,0.7481,0.5693,241
11151300,aifs,9,0.6288,0.4604,0.8987,1.0791,241
11162500,aifs,9,0.3864,0.3391,0.6491,0.6689,241
11176400,aifs,9,-0.2786,-0.0704,0.0655,0.6770,144
11180500,aifs,9,-3.0160,-1.7277,0.6905,3.2537,241
11180960,aifs,9,-1.7039,-0.8897,0.5060,2.6417,241
11224500,aifs,9,-0.0259,-0.6456,-0.0200,0.1270,241
11253310,aifs,9,-0.0240,-0.4013,0.0884,0.3542,241
11264500,aifs,9,-1.1159,0.1536,0.2006,1.0428,241
11266500,aifs,9,-0.9706,0.2199,0.3069,1.1534,241
11274500,aifs,9,-0.9496,0.0314,0.0631,1.2428,241
11274630,aifs,9,-1.4377,0.0163,0.1001,1.2589,241
11284400,aifs,9,-0.0423,-0.0373,0.3016,0.3380,241
11299600,aifs,9,0.2303,0.3490,0.4953,0.8589,238
11381500,aifs,9,0.6264,0.4868,0.8747,1.0160,241
11383500,aifs,9,0.6543,0.5359,0.8660,1.0681,241
11451100,aifs,9,0.1857,0.4038,0.8366,1.1946,106
11468500,aifs,9,0.7710,0.6385,0.9189,0.9831,241
11473900,aifs,9,0.7179,0.5090,0.9552,0.9422,241
11475560,aifs,9,0.9368,0.8384,0.9774,1.0205,241
11476600,aifs,9,0.8624,0.7745,0.9393,1.2110,240
11478500,aifs,9,0.9053,0.6177,0.9576,1.3747,241
11480390,aifs,9,0.7160,0.5208,0.9431,0.9496,241
11481200,aifs,9,0.8824,0.7707,0.9434,1.2209,241
11482500,aifs,9,0.7649,0.5049,0.9429,1.4415,241
11522500,aifs,9,0.4994,0.4686,0.8177,1.4943,241
11523200,aifs,9,-0.1631,0.1483,0.7440,1.7378,241
11528700,aifs,9,0.6748,0.5903,0.8487,1.1381,241
11532500,aifs,9,0.9286,0.8661,0.9654,1.1140,241
12010000,aifs,9,0.4304,0.4199,0.7025,0.6765,241
12013500,aifs,9,0.5111,0.6001,0.7236,0.8377,241
12020000,aifs,9,0.2039,0.3184,0.5248,0.6381,241
12025000,aifs,9,0.3807,0.6188,0.6530,1.0756,241
12025700,aifs,9,0.4170,0.6324,0.6727,0.9222,241
12035000,aifs,9,0.5980,0.6722,0.7854,0.8492,241
12040500,aifs,9,0.0977,0.5213,0.5461,0.8500,241
12041200,aifs,9,0.2309,0.6176,0.6708,0.8305,241
12043000,aifs,9,0.4487,0.6461,0.7112,0.8226,241
12048000,aifs,9,0.3024,0.6136,0.8136,1.2610,241
12054000,aifs,9,0.3801,0.5977,0.8091,1.3052,241
12056500,aifs,9,0.4005,0.6866,0.7229,0.8600,241
12073500,aifs,9,0.2988,0.6463,0.6587,1.0915,240
12082500,aifs,9,0.2241,0.2288,0.4753,0.9906,235
12092000,aifs,9,-0.0008,0.1187,0.2612,0.9735,241
12095000,aifs,9,0.4638,0.4842,0.6908,0.8936,241
12114500,aifs,9,0.4025,0.3660,0.6674,1.0121,241
12115000,aifs,9,0.3855,0.3554,0.6494,0.9876,241
12115500,aifs,9,0.3111,0.3090,0.5733,0.8423,241
12117000,aifs,9,0.4768,0.4963,0.6995,0.9548,241
12141300,aifs,9,0.1217,0.1866,0.3712,1.0713,241
12143600,aifs,9,0.1825,0.2542,0.4477,1.1712,238
12144000,aifs,9,0.2892,0.3784,0.5395,0.9920,240
12145500,aifs,9,0.4351,0.6397,0.6861,0.8904,241
12147600,aifs,9,0.0958,0.2184,0.3640,0.9274,241
12167000,aifs,9,0.2882,0.4222,0.5597,1.1674,241
12175500,aifs,9,-0.3910,0.3866,0.4201,1.1427,241
12186000,aifs,9,-0.0125,0.2960,0.3702,1.1598,238
12189500,aifs,9,0.0218,0.3569,0.4478,1.2451,240
12358500,aifs,9,0.6206,0.8097,0.8260,1.0260,241
12377150,aifs,9,0.5516,0.7745,0.7752,0.9835,241
12381400,aifs,9,0.3711,0.5198,0.8621,1.2177,208
12390700,aifs,9,0.3973,0.6151,0.6855,1.1784,241
12411000,aifs,9,0.6898,0.7020,0.8527,1.2245,230
12414500,aifs,9,0.6333,0.6684,0.8064,0.9037,241
12447390,aifs,9,-0.2010,-0.2402,0.2164,0.3647,241
12451000,aifs,9,0.3736,0.6466,0.7663,1.2252,241
12488500,aifs,9,0.4534,0.6655,0.7224,1.1582,241
13011500,aifs,9,0.6316,0.5358,0.9254,1.3448,241
13011900,aifs,9,0.7716,0.7876,0.9208,0.9818,241
13018300,aifs,9,-0.5055,-0.0327,0.9356,1.4989,241
13023000,aifs,9,0.5181,0.7562,0.8006,0.9209,199
13161500,aifs,9,0.6021,0.7319,0.8071,0.8252,241
13235000,aifs,9,0.5882,0.6625,0.7826,0.8912,239
13240000,aifs,9,0.8077,0.8672,0.8989,0.9972,162
13310700,aifs,9,0.5984,0.5192,0.8937,0.6824,241
13313000,aifs,9,0.7018,0.4897,0.9594,0.6484,241
13331500,aifs,9,0.4619,0.5161,0.8983,1.2275,241
13337000,aifs,9,0.6621,0.6950,0.8442,0.8258,241
13338500,aifs,9,0.7542,0.8554,0.8867,1.0815,241
13340000,aifs,9,0.4802,0.6248,0.7474,0.7912,241
13340600,aifs,9,0.5731,0.6049,0.8657,0.7032,241
14020000,aifs,9,0.2297,0.1007,0.7072,0.5783,241
14092750,aifs,9,0.5396,0.6134,0.7537,0.8805,241
14096850,aifs,9,-1.4684,0.2545,0.7646,0.4766,241
14137000,aifs,9,0.4172,0.4076,0.6636,0.9686,236
14138800,aifs,9,0.2480,0.2414,0.5081,0.8095,241
14138870,aifs,9,0.4168,0.4055,0.6717,0.7810,241
14138900,aifs,9,0.1757,0.1752,0.4296,0.8363,241
14139800,aifs,9,0.3929,0.3799,0.6524,0.7415,239
14141500,aifs,9,0.4505,0.4444,0.6910,0.8106,241
14154500,aifs,9,0.3084,0.6159,0.6646,1.1868,241
14158500,aifs,9,0.7891,0.7287,0.9239,1.0870,226
14158790,aifs,9,0.4874,0.6096,0.6999,0.9969,237
14166500,aifs,9,0.3715,0.4555,0.6101,0.9514,241
14182500,aifs,9,0.3778,0.5340,0.6367,0.8267,241
14185000,aifs,9,0.3849,0.6827,0.6868,1.0462,241
14185900,aifs,9,0.3951,0.6581,0.6720,1.0322,238
14187000,aifs,9,0.1797,0.5825,0.6476,1.1876,239
14216500,aifs,9,0.6316,0.6146,0.8071,0.9975,238
14222500,aifs,9,0.4197,0.4295,0.6580,0.9561,241
14236200,aifs,9,0.4851,0.5108,0.7075,0.8491,240
14301000,aifs,9,0.3839,0.4342,0.6247,0.8574,240
14303200,aifs,9,0.3401,0.3522,0.5921,0.9095,241
14305500,aifs,9,0.3221,0.5143,0.5934,0.8947,239
14306340,aifs,9,0.6321,0.5182,0.8391,0.7695,241
14306500,aifs,9,0.6563,0.6830,0.8142,0.9211,241
14308990,aifs,9,0.6787,0.5904,0.8589,0.9753,241
14309500,aifs,9,0.8985,0.8451,0.9532,1.0041,241
14316700,aifs,9,0.5013,0.6660,0.7237,1.1201,241
14325000,aifs,9,0.8317,0.8947,0.9239,0.9886,241
14362250,aifs,9,0.6215,0.3877,0.8829,0.5636,148
14400000,aifs,9,0.8327,0.8179,0.9162,0.8435,241
01013500,aifs,10,0.8879,0.8201,0.9508,0.8702,241
01022500,aifs,10,0.4197,0.5683,0.6569,1.0726,241
01030500,aifs,10,0.6300,0.7093,0.8739,1.1485,241
01031500,aifs,10,0.1852,0.5883,0.5941,1.0689,239
01047000,aifs,10,0.2310,0.5548,0.5719,0.9734,241
01052500,aifs,10,0.4064,0.4164,0.6575,0.7385,241
01054200,aifs,10,0.0333,0.0035,0.3372,0.4921,241
01055000,aifs,10,0.1881,0.4581,0.5110,0.9284,241
01057000,aifs,10,0.4238,0.6385,0.6743,0.9632,241
01073000,aifs,10,0.5588,0.7399,0.8038,1.1507,241
01078000,aifs,10,0.2189,0.3615,0.5359,0.7133,239
01118300,aifs,10,0.1712,0.3729,0.5000,0.7708,239
01121000,aifs,10,0.4220,0.6343,0.6842,1.1353,239
01123000,aifs,10,0.4915,0.5313,0.7101,0.8664,241
01134500,aifs,10,0.4834,0.6780,0.7239,0.8685,239
01137500,aifs,10,0.2446,0.4411,0.5549,0.7883,241
01139000,aifs,10,0.1814,0.6058,0.6093,0.9719,237
01139800,aifs,10,0.6668,0.8179,0.8334,1.0712,241
01142500,aifs,10,0.4828,0.7070,0.7286,0.9141,239
01144000,aifs,10,0.5519,0.7804,0.7890,0.9705,241
01169000,aifs,10,0.2131,0.4548,0.5165,1.0000,239
01170100,aifs,10,0.3767,0.5937,0.6425,0.9244,240
01181000,aifs,10,0.6311,0.7121,0.7945,1.0204,239
01187300,aifs,10,0.4436,0.4696,0.6719,0.9811,241
01195100,aifs,10,0.1432,0.1912,0.4219,0.7726,241
01333000,aifs,10,0.4190,0.5328,0.6552,0.8857,239
01350000,aifs,10,0.0940,0.0256,0.3366,0.6680,238
01350080,aifs,10,0.6202,0.5708,0.8122,0.7708,241
01350140,aifs,10,0.5539,0.5876,0.7748,0.7060,191
01365000,aifs,10,0.3023,0.3085,0.5743,0.7882,239
01411300,aifs,10,-0.1669,0.0210,0.1440,1.1516,232
01413500,aifs,10,0.3294,0.3143,0.6190,0.7500,239
01414500,aifs,10,0.0380,-0.0279,0.3438,0.5542,239
01415000,aifs,10,0.2579,0.1757,0.7073,0.5372,196
01423000,aifs,10,0.3237,0.2993,0.6596,0.6732,241
01434025,aifs,10,0.1035,0.4009,0.5324,0.6457,241
01435000,aifs,10,0.2454,0.2351,0.5163,0.7793,240
01439500,aifs,10,0.4173,0.4477,0.7166,0.7453,239
01440000,aifs,10,0.3809,0.4277,0.6370,0.8401,241
01440400,aifs,10,0.4847,0.5461,0.7113,0.8403,215
01451800,aifs,10,0.1459,0.2770,0.4179,0.9233,239
01466500,aifs,10,-3.1293,-0.8014,0.8394,0.9847,239
01484100,aifs,10,-0.3361,0.4059,0.4875,1.2401,241
01485500,aifs,10,-2.5657,-0.3978,0.4383,1.9079,236
01486000,aifs,10,-1.0540,0.0828,0.4657,1.6604,241
01487000,aifs,10,0.3627,0.6838,0.7486,1.0337,241
01491000,aifs,10,0.4603,0.5206,0.6795,0.9814,241
01510000,aifs,10,0.5635,0.6341,0.7519,0.9395,241
01516500,aifs,10,0.0610,0.0031,0.3755,0.5515,241
01518862,aifs,10,0.1296,0.2172,0.4707,0.6315,241
01532000,aifs,10,0.1221,0.4939,0.5220,0.8723,239
01539000,aifs,10,0.2309,0.4182,0.5548,0.7838,225
01542810,aifs,10,0.1524,0.3170,0.4540,0.8059,239
01543000,aifs,10,0.2460,0.4948,0.5940,0.7532,241
01543500,aifs,10,0.3009,0.4947,0.6160,0.7702,239
01544500,aifs,10,0.3774,0.4074,0.7237,0.6340,241
01545600,aifs,10,0.4161,0.3554,0.7631,0.6324,241
01547700,aifs,10,-0.0129,-0.0665,0.1836,0.7461,241
01548500,aifs,10,0.2917,0.2892,0.6728,0.5927,239
01549500,aifs,10,0.3531,0.3899,0.6648,0.6741,239
01550000,aifs,10,0.2456,0.2978,0.6031,0.6309,239
01552000,aifs,10,0.2169,0.3969,0.5461,0.7527,241
01552500,aifs,10,0.2161,0.4439,0.5545,0.7719,241
01557500,aifs,10,-0.2194,0.1597,0.2172,0.8786,241
01567500,aifs,10,-0.0265,0.1485,0.2634,1.0103,241
01568000,aifs,10,-0.0684,0.2142,0.2902,1.0854,241
01580000,aifs,10,-0.1746,0.1678,0.2361,0.8885,237
01583500,aifs,10,-0.1299,0.1842,0.2770,0.8194,241
01586610,aifs,10,-0.2127,0.1662,0.2526,0.7737,207
01591400,aifs,10,-0.4125,0.2019,0.2106,0.9705,241
01596500,aifs,10,-0.2882,0.0634,0.1532,0.7463,239
01605500,aifs,10,-6.9897,-1.0336,0.2146,1.3392,239
01606500,aifs,10,-2.6673,-0.1637,0.1814,0.9223,214
01613050,aifs,10,-0.5739,0.1542,0.1627,1.0994,241
01620500,aifs,10,0.0194,0.2239,0.4424,0.5417,239
01632000,aifs,10,-0.9568,0.1378,0.1554,0.9042,239
01632900,aifs,10,-0.8787,0.2451,0.3013,0.9930,239
01634500,aifs,10,-0.3124,0.1702,0.2004,0.9233,224
01638480,aifs,10,-2.5953,-0.3210,0.2609,1.8276,236
01639500,aifs,10,-0.2487,0.1937,0.2290,1.0704,241
01644000,aifs,10,-1.2146,-0.0493,0.3172,1.7681,241
01658500,aifs,10,-1.0253,0.1129,0.1358,1.1276,210
01664000,aifs,10,-0.1105,0.2913,0.3302,0.9028,241
01666500,aifs,10,-0.0050,0.3637,0.3966,1.0202,226
01667500,aifs,10,-0.2302,0.3692,0.3729,1.0630,219
01669000,aifs,10,0.2922,0.5136,0.5739,1.0147,216
01669520,aifs,10,-1.7788,-0.0418,0.5212,1.6842,239
02011400,aifs,10,-1.6490,0.0273,0.3379,1.2994,241
02011460,aifs,10,-0.7317,0.2554,0.2886,0.8867,241
02013000,aifs,10,-0.2957,0.2685,0.3020,1.2017,241
02014000,aifs,10,-0.5387,0.3065,0.3182,1.0485,241
02015700,aifs,10,-0.7296,0.2975,0.3626,1.0592,223
02016000,aifs,10,-0.9785,0.2347,0.4254,1.0659,241
02017500,aifs,10,-0.6228,0.3208,0.4935,1.1930,239
02018000,aifs,10,-0.3570,0.3945,0.5258,1.2229,234
02027000,aifs,10,0.1658,0.5862,0.6443,0.8233,221
02027500,aifs,10,0.4323,0.5212,0.7405,0.6451,224
02028500,aifs,10,0.2011,0.5110,0.5516,0.8782,216
02038850,aifs,10,-0.1340,0.2251,0.2966,0.8095,239
02046000,aifs,10,-0.1615,0.2245,0.4034,1.4808,231
02051000,aifs,10,-0.2144,0.0302,0.1187,0.9674,241
02051500,aifs,10,-0.1048,0.2893,0.3428,1.1841,239
02053200,aifs,10,-3.4223,-0.4359,0.1825,1.6411,210
02053800,aifs,10,0.0402,0.2822,0.3738,0.8874,222
02055100,aifs,10,0.1417,0.5351,0.5659,1.1592,239
02056900,aifs,10,0.1141,0.4585,0.4999,0.8702,216
02059500,aifs,10,0.1245,0.5016,0.5506,0.8035,210
02064000,aifs,10,0.1175,0.2107,0.4228,0.7146,229
02065500,aifs,10,0.1458,0.3257,0.5465,0.6448,239
02069700,aifs,10,0.2080,0.4835,0.5577,1.1652,214
02070000,aifs,10,0.0521,0.4292,0.4798,1.1797,239
02074500,aifs,10,0.1288,0.4888,0.5168,1.1110,241
02077200,aifs,10,-0.6379,0.2519,0.3524,1.3119,236
02081500,aifs,10,-0.5036,-0.0457,0.0787,1.4390,241
02082950,aifs,10,-2.3561,-0.3018,0.3726,1.7268,241
02092500,aifs,10,-3.6039,-0.8575,0.2156,2.4441,241
02096846,aifs,10,-0.8463,-0.1247,0.0196,1.5454,241
02102908,aifs,10,-0.1496,0.0144,0.1346,0.9245,241
02108000,aifs,10,0.2992,0.5905,0.6503,1.2090,241
02111180,aifs,10,-0.1655,-0.1294,0.0241,0.9898,241
02111500,aifs,10,-0.4914,0.1203,0.1343,0.9712,239
02118500,aifs,10,-0.4134,0.3067,0.3100,1.0662,241
02128000,aifs,10,-1.3762,-0.7527,0.1454,2.5196,241
02137727,aifs,10,-0.4728,0.0007,0.0392,0.9722,241
02140991,aifs,10,-0.5350,0.0096,0.0468,1.1214,241
02143000,aifs,10,-2.0098,0.0165,0.1977,1.2713,241
02143040,aifs,10,-1.5994,0.0589,0.1734,0.9992,239
02149000,aifs,10,-0.2003,-0.0491,0.0673,1.0114,241
02152100,aifs,10,-0.9373,0.0561,0.0583,1.0596,241
02177000,aifs,10,-0.1664,0.0766,0.1716,1.0678,239
02178400,aifs,10,-0.1322,0.3834,0.3899,0.9652,239
02193340,aifs,10,-1.0523,0.0516,0.1433,1.3760,241
02196000,aifs,10,-0.0529,-0.3369,0.0714,0.4480,241
02198100,aifs,10,-0.0900,-0.2018,0.0334,1.1930,240
02202600,aifs,10,-0.3561,-0.3146,0.1614,1.7714,241
02212600,aifs,10,-0.2112,-0.0103,0.0944,1.0964,239
02215100,aifs,10,0.0900,-0.0129,0.3619,0.6343,241
02216180,aifs,10,-0.0629,-0.4497,-0.0474,0.4544,239
02221525,aifs,10,-0.0522,0.1617,0.2667,1.1014,239
02231000,aifs,10,-1.4805,-0.1979,0.6106,1.6697,241
02231342,aifs,10,-3.7786,-0.7218,0.4676,2.0229,241
02235200,aifs,10,-0.3323,0.4294,0.5011,1.1942,240
02245500,aifs,10,-5.5722,-0.9048,0.4184,1.5022,241
02246000,aifs,10,-2.7145,-0.2740,0.4364,1.1212,239
02296500,aifs,10,0.1756,-0.0092,0.7642,1.9420,230
02297155,aifs,10,-0.0234,-0.1556,0.3648,0.2850,240
02297310,aifs,10,0.1427,0.4618,0.5481,0.7235,231
02298123,aifs,10,0.3151,0.2731,0.6308,0.5243,241
02298608,aifs,10,-0.3344,0.4025,0.4516,1.1603,241
02299950,aifs,10,-0.9826,0.2206,0.2987,0.9316,241
02300700,aifs,10,0.0304,0.1571,0.3516,0.6381,241
02310947,aifs,10,-0.2280,-1.0196,-0.2763,2.3282,241
02312200,aifs,10,-4.5692,-3.2254,-0.0038,5.0497,241
02314500,aifs,10,0.0170,0.1274,0.4138,0.6140,241
02315500,aifs,10,-0.3265,-0.6842,-0.3040,0.4158,241
02324400,aifs,10,-0.2202,-1.0425,-0.5475,0.1095,241
02327100,aifs,10,-12.0134,-2.2218,0.3529,2.7025,239
02349900,aifs,10,0.0688,-0.0213,0.2679,0.8757,241
02350900,aifs,10,0.1187,0.3806,0.6463,0.6424,241
02361000,aifs,10,-0.1207,0.2601,0.3763,0.7012,241
02363000,aifs,10,0.1511,-0.0198,0.6826,0.3594,239
02369800,aifs,10,-0.0017,-0.2744,0.1773,0.4860,240
02371500,aifs,10,0.1616,0.0391,0.5633,0.7518,241
02372250,aifs,10,0.2245,0.1131,0.6185,0.7729,239
02374500,aifs,10,0.0646,0.0351,0.3182,0.7452,241
02381600,aifs,10,-0.2073,-0.1133,0.0195,0.9614,241
02384540,aifs,10,0.0068,0.0639,0.2935,0.7678,241
02395120,aifs,10,-2.7874,-0.1921,0.2105,1.1122,241
02408540,aifs,10,-0.0359,0.3066,0.3545,0.9436,241
02415000,aifs,10,-0.0258,0.2432,0.3185,0.9615,231
02422500,aifs,10,-0.7158,0.2753,0.3758,1.2819,224
02427250,aifs,10,-0.0977,0.0967,0.2122,1.1532,241
02430085,aifs,10,-0.1147,0.1584,0.2522,1.1811,241
02450250,aifs,10,0.0304,0.1187,0.2781,0.9852,241
02464000,aifs,10,0.1446,0.2336,0.4042,0.8826,241
02465493,aifs,10,-0.0034,0.2903,0.3596,1.0918,238
02469800,aifs,10,0.0145,0.0293,0.3385,0.5442,239
02472000,aifs,10,0.1138,-0.0243,0.4393,0.5196,241
02472500,aifs,10,-0.1489,0.0531,0.2615,0.5421,241
02479155,aifs,10,0.1970,0.0047,0.5663,0.5182,241
02479300,aifs,10,0.1250,-0.1101,0.5137,0.3994,241
02481000,aifs,10,0.0816,-0.2413,0.4735,0.2340,241
02481510,aifs,10,0.1094,-0.1476,0.5420,0.3111,241
03010655,aifs,10,0.3602,0.4146,0.6867,0.6557,212
03011800,aifs,10,0.1379,0.3840,0.5024,0.7654,241
03015500,aifs,10,0.2252,0.6096,0.6168,0.9255,241
03021350,aifs,10,0.1160,0.4252,0.5091,0.7472,239
03026500,aifs,10,0.1220,0.3888,0.4709,0.8302,241
03028000,aifs,10,0.1707,0.4571,0.5962,0.6899,241
03049800,aifs,10,-0.0183,-0.0586,0.2505,0.5999,239
03050000,aifs,10,-1.3833,0.1191,0.2310,0.9955,239
03066000,aifs,10,-0.3140,0.2588,0.3187,0.7191,241
03069500,aifs,10,-0.5457,0.1933,0.2375,0.7371,239
03070500,aifs,10,-0.9107,0.2579,0.3826,1.0343,239
03076600,aifs,10,-0.3274,0.1300,0.2332,0.6501,241
03078000,aifs,10,-0.4301,0.0502,0.1303,0.6976,241
03140000,aifs,10,0.1859,0.1879,0.4361,0.8412,239
03144000,aifs,10,-0.2693,0.1092,0.1626,0.9275,241
03159540,aifs,10,-0.3227,0.1015,0.1555,0.8394,241
03161000,aifs,10,-0.2461,0.0923,0.1712,0.8706,241
03164000,aifs,10,-0.4456,0.3566,0.3775,0.8847,241
03165000,aifs,10,-0.1972,0.0458,0.1454,0.8849,224
03170000,aifs,10,0.1745,0.3865,0.4911,0.8659,241
03173000,aifs,10,-0.1344,0.4620,0.4663,0.9654,239
03180500,aifs,10,-0.1998,0.2948,0.3182,0.8838,225
03182500,aifs,10,-0.8143,0.2588,0.3090,1.0555,239
03186500,aifs,10,0.0826,0.4523,0.4870,0.8610,239
03187500,aifs,10,-0.2586,0.4363,0.4761,0.8731,238
03213700,aifs,10,-0.4913,0.3609,0.4184,1.1529,241
03237280,aifs,10,-0.1747,0.1209,0.2246,0.7322,241
03237500,aifs,10,-0.5588,0.1578,0.1688,1.1182,239
03241500,aifs,10,-0.1410,-0.0788,0.1151,0.6827,228
03280700,aifs,10,-1.2904,0.1481,0.3983,1.0404,213
03281100,aifs,10,-1.6391,0.0625,0.3372,1.0569,239
03281500,aifs,10,-0.9072,0.2595,0.3960,0.9700,228
03285000,aifs,10,-1.6377,-0.3094,0.3187,1.9701,238
03291780,aifs,10,-0.1247,-0.1353,0.0463,0.8605,241
03300400,aifs,10,-0.3398,0.0343,0.0899,1.0381,241
03340800,aifs,10,-0.7896,0.1097,0.1112,0.9484,193
03346000,aifs,10,-0.3198,-0.0678,0.1048,0.5424,241
03364500,aifs,10,-0.0610,-0.2385,0.0966,0.5367,241
03366500,aifs,10,-0.1013,-0.1231,0.0975,0.6866,241
03368000,aifs,10,-0.0672,-0.2127,0.0767,0.6078,241
03384450,aifs,10,-0.1109,-0.1406,0.0603,0.7716,241
03439000,aifs,10,-0.2450,-0.2710,-0.0119,0.6584,239
03450000,aifs,10,-0.0943,-0.1181,0.0889,0.8516,241
03455500,aifs,10,-0.7373,0.0919,0.1402,0.7201,239
03456500,aifs,10,-0.3697,-0.1218,-0.0029,0.7880,239
03460000,aifs,10,-0.6067,0.2036,0.3911,0.6083,241
03463300,aifs,10,-0.3550,0.0838,0.1384,0.8513,241
03471500,aifs,10,0.1791,0.5476,0.6503,0.7248,239
03473000,aifs,10,-0.1376,0.3785,0.4566,0.7245,241
03479000,aifs,10,-0.3124,0.2398,0.2574,0.9168,239
03488000,aifs,10,0.2005,0.4157,0.5418,0.7472,241
03498500,aifs,10,-0.1382,0.2201,0.3355,0.7345,241
03500000,aifs,10,-0.1083,0.4575,0.4934,0.8321,239
03504000,aifs,10,-0.3731,0.2807,0.3111,0.8528,239
03574500,aifs,10,0.0745,0.0214,0.3483,0.6078,241
03604000,aifs,10,-0.1389,-0.2761,-0.0379,0.7765,239
04015330,aifs,10,0.2186,0.0623,0.5147,0.5040,200
04024430,aifs,10,0.3726,0.4499,0.6463,0.6787,241
04027000,aifs,10,0.4409,0.4350,0.6860,0.7271,241
04040500,aifs,10,0.8235,0.8043,0.9103,0.9059,241
04043050,aifs,10,0.7851,0.8145,0.8891,0.8859,182
04045500,aifs,10,0.8645,0.7980,0.9456,0.8057,237
04056500,aifs,10,0.5829,0.4600,0.8585,0.7143,231
04057510,aifs,10,0.8705,0.6860,0.9660,0.7691,161
04057800,aifs,10,0.7901,0.6514,0.9065,0.7325,241
04059500,aifs,10,0.8454,0.7692,0.9318,0.9677,241
04063700,aifs,10,0.6841,0.4013,0.9514,0.5916,241
04074950,aifs,10,0.5907,0.5091,0.8879,0.7329,241
04105700,aifs,10,0.4191,0.4718,0.6836,0.8974,241
04115265,aifs,10,0.3534,0.3188,0.6307,0.9196,241
04122200,aifs,10,0.3027,0.3113,0.6174,0.8056,241
04122500,aifs,10,0.6064,0.5874,0.8211,0.8865,239
04124000,aifs,10,0.7146,0.6231,0.8783,0.9769,241
04127997,aifs,10,0.4310,0.4087,0.7222,0.8853,204
04185000,aifs,10,0.5404,0.5384,0.7501,0.8108,218
04196800,aifs,10,0.0795,0.2436,0.3893,0.7416,241
04197100,aifs,10,0.2292,0.4289,0.5144,1.0395,241
04197170,aifs,10,0.0257,0.3602,0.4033,0.9563,241
04213000,aifs,10,-0.2220,0.4528,0.4718,1.0361,239
04213075,aifs,10,-0.0022,0.2014,0.3191,0.8316,237
04216418,aifs,10,0.2961,0.4997,0.5717,0.9581,241
04221000,aifs,10,0.0051,0.1423,0.4232,0.5651,241
04224775,aifs,10,0.0639,0.0751,0.4310,0.5315,239
04256000,aifs,10,0.4601,0.6939,0.7691,1.1678,239
04296000,aifs,10,0.3418,0.6045,0.6356,0.9133,241
05057000,aifs,10,-1.0453,0.0896,0.4153,0.5190,163
05057200,aifs,10,0.5940,0.7267,0.7741,1.0017,240
05062500,aifs,10,0.5426,0.6424,0.7415,0.9056,202
05087500,aifs,10,0.2354,0.4810,0.5387,0.9357,241
05120500,aifs,10,-10.0646,-1.4924,-0.0633,3.1955,210
05123400,aifs,10,-0.3950,-0.6564,-0.0244,0.1567,240
05129115,aifs,10,-0.8203,-0.8897,-0.2533,0.0000,241
05131500,aifs,10,0.0874,0.0294,0.4967,0.4708,145
05291000,aifs,10,-0.3810,0.1904,0.2698,0.6727,241
05362000,aifs,10,0.4480,0.6637,0.7087,0.8528,240
05393500,aifs,10,0.4171,0.6115,0.6766,0.8426,241
05399500,aifs,10,0.2375,0.4229,0.5360,0.7754,239
05408000,aifs,10,-0.0192,-0.0357,0.2218,0.8049,240
05412500,aifs,10,-0.1399,0.1215,0.3139,0.6418,241
05413500,aifs,10,-0.5073,-0.0427,0.0747,0.7572,211
05414000,aifs,10,-0.1951,0.0509,0.5437,0.5701,207
05444000,aifs,10,-0.1598,-0.0421,0.2025,0.6303,239
05454000,aifs,10,-0.2210,0.0771,0.2338,0.6129,241
05458000,aifs,10,-0.2276,-0.1239,0.0494,0.6876,241
05466500,aifs,10,0.1103,0.0278,0.3909,0.6547,239
05487980,aifs,10,-0.2757,-0.1746,0.0052,0.6046,239
05488200,aifs,10,-0.1666,-0.2879,0.0407,0.3837,239
05489000,aifs,10,-0.1300,-0.3503,0.0267,0.3392,239
05495000,aifs,10,-0.8685,0.1143,0.1189,1.0688,239
05495500,aifs,10,-0.0132,-0.2132,0.1978,0.3976,235
05501000,aifs,10,-0.0636,-0.3170,0.0577,0.4354,239
05503800,aifs,10,-0.1511,-0.0935,0.0976,0.6541,241
05507600,aifs,10,-0.7386,0.0674,0.0792,0.8638,241
05508805,aifs,10,-0.6159,0.1750,0.2492,1.3361,239
05514500,aifs,10,-0.0761,0.0365,0.1900,0.8031,239
05525500,aifs,10,0.1140,0.3466,0.4265,0.9957,239
05556500,aifs,10,-0.1154,-0.2252,0.1407,0.4639,241
05584500,aifs,10,-0.0091,-0.0653,0.2866,0.4773,239
05585000,aifs,10,-0.0076,-0.0603,0.3425,0.4248,241
05591550,aifs,10,-0.0557,0.0655,0.2261,0.7560,239
05592050,aifs,10,-0.1333,0.0459,0.1973,0.6853,222
05592575,aifs,10,-0.2417,-0.1346,0.0448,0.6154,239
05593575,aifs,10,-0.4700,0.0971,0.2606,1.5179,241
05593900,aifs,10,-0.1444,-0.1381,0.0727,0.6423,239
05595730,aifs,10,-0.5098,0.1485,0.3267,1.5117,241
06037500,aifs,10,-2.5071,0.3362,0.8340,1.2973,241
06043500,aifs,10,0.2912,0.3469,0.9516,1.3637,241
06154410,aifs,10,-0.1296,-0.1264,0.1153,0.6528,241
06188000,aifs,10,0.8296,0.8770,0.9268,1.0156,241
06191500,aifs,10,0.7217,0.6590,0.9423,1.1416,241
06221400,aifs,10,0.8396,0.8611,0.9341,1.0679,241
06224000,aifs,10,0.6840,0.8296,0.8511,1.0753,241
06289000,aifs,10,0.3043,0.6290,0.6570,0.8778,241
06332515,aifs,10,0.2767,0.3112,0.5275,0.9113,118
06339100,aifs,10,-0.1137,0.2770,0.4509,1.4697,177
06339500,aifs,10,-0.1021,0.0191,0.7199,0.2580,171
06344600,aifs,10,-1.5867,-1.4289,0.5748,3.2642,180
06350000,aifs,10,-3.6554,-0.8489,0.6171,2.2891,241
06352000,aifs,10,-0.0167,-0.1047,0.5102,1.3446,240
06353000,aifs,10,-0.0008,-0.1138,0.5118,0.8150,239
06354000,aifs,10,0.4018,0.3014,0.8408,0.4923,176
06360500,aifs,10,0.1251,0.1420,0.5272,1.5420,142
06404000,aifs,10,-6.4906,-0.8447,-0.1257,1.5621,208
06406000,aifs,10,-164.4106,-3.8041,0.8993,5.7536,183
06408700,aifs,10,-1581.2493,-4.0805,0.2119,1.5104,241
06409000,aifs,10,-1.3266,0.6662,0.8760,1.2590,196
06431500,aifs,10,-1.8855,0.2905,0.3869,1.1038,230
06440200,aifs,10,-0.1862,-0.0979,0.2326,0.2832,163
06441500,aifs,10,-67.7903,-7.1814,-0.0489,5.1819,180
06447000,aifs,10,-0.3214,-0.1521,0.0169,0.5883,143
06447500,aifs,10,-0.0908,-0.1243,0.3428,0.7052,241
06450500,aifs,10,0.0606,-0.0593,0.4541,1.0547,211
06452000,aifs,10,-0.0051,-0.3289,0.0245,1.0274,178
06453600,aifs,10,-0.2487,-0.2643,0.1861,1.6375,238
06464500,aifs,10,-0.2363,0.1087,0.1737,1.0740,178
06477500,aifs,10,-9.9475,-2.1808,0.0369,3.3348,240
06479215,aifs,10,-0.1108,-0.2226,0.0899,0.5587,241
06479438,aifs,10,-0.1460,-0.5637,-0.0138,0.2169,241
06601000,aifs,10,-0.7171,-0.0945,-0.0629,0.8726,241
06614800,aifs,10,0.7737,0.6026,0.9390,1.3576,241
06622700,aifs,10,-0.3692,0.1351,0.7524,1.6269,241
06623800,aifs,10,0.8230,0.9096,0.9140,0.9870,241
06632400,aifs,10,-0.3568,0.3099,0.4532,1.3952,241
06784000,aifs,10,-0.8543,-0.2766,-0.0252,1.3078,241
06803510,aifs,10,-0.0904,-0.3027,-0.0125,0.6170,241
06803530,aifs,10,-0.1306,-0.2637,-0.0357,0.7613,241
06814000,aifs,10,-0.4718,-0.1478,-0.0097,0.5661,241
06846500,aifs,10,-0.0095,-0.4712,-0.0569,1.3841,241
06847900,aifs,10,-0.0214,-0.3215,0.0529,1.3121,241
06853800,aifs,10,-0.5826,-0.3706,-0.0296,1.7746,241
06876700,aifs,10,-0.0514,-0.3738,0.2880,0.2072,241
06878000,aifs,10,-0.5174,-0.1469,0.0069,0.5041,241
06879650,aifs,10,0.1125,-0.1526,0.4715,0.3281,240
06885500,aifs,10,-0.1297,-0.3697,0.0220,0.3336,241
06888500,aifs,10,-0.0562,-0.4784,0.0157,0.2983,241
06889200,aifs,10,-0.1116,-0.2991,0.0207,0.4801,241
06889500,aifs,10,-0.5027,-0.0775,-0.0044,0.7490,241
06892000,aifs,10,-0.5108,-0.1567,-0.0004,0.5094,241
06903400,aifs,10,-0.0974,-0.5418,0.0215,0.1279,241
06906800,aifs,10,-0.0515,-0.2348,0.1435,0.4044,241
06910800,aifs,10,-0.1663,-0.2985,-0.0042,0.4719,241
06911900,aifs,10,-0.1469,-0.3367,-0.0110,0.4344,241
06917000,aifs,10,-0.1389,-0.3014,0.0694,0.3518,241
06918460,aifs,10,0.0874,0.1744,0.3504,0.8553,241
06919500,aifs,10,-0.0541,-0.0687,0.2828,0.3840,241
06921070,aifs,10,-0.0168,-0.2212,0.1621,0.5336,241
06921200,aifs,10,-0.0672,-0.4512,0.0842,0.2537,241
06934000,aifs,10,0.1508,0.2445,0.5119,0.6284,240
07014500,aifs,10,0.0190,-0.1458,0.2269,0.6321,241
07056000,aifs,10,-1.4967,0.0734,0.1703,0.9211,241
07057500,aifs,10,-0.1461,0.1993,0.2818,0.8120,233
07060710,aifs,10,-0.0001,-0.3926,0.0300,1.0571,241
07066000,aifs,10,0.0663,0.2370,0.3842,0.8084,241
07067000,aifs,10,-0.0196,0.3583,0.5671,0.5952,241
07068000,aifs,10,0.1720,0.4283,0.5492,0.8115,240
07071500,aifs,10,-0.2590,0.5073,0.5560,0.8270,241
07083000,aifs,10,-1.8520,-0.4903,0.8866,1.8193,241
07142300,aifs,10,-8.2318,-5.0024,-0.1007,6.8376,241
07145700,aifs,10,-0.0224,-0.5879,0.0281,0.1659,238
07148400,aifs,10,-1.1072,0.1712,0.5425,1.4204,241
07149000,aifs,10,-0.2339,0.3719,0.5487,1.4340,241
07151500,aifs,10,-0.0408,-0.5041,-0.0462,0.4070,241
07167500,aifs,10,-0.0661,-0.3849,0.0344,1.6678,241
07180500,aifs,10,-0.0829,-0.2310,0.0353,0.6799,241
07184000,aifs,10,-0.0181,-0.3565,0.1449,0.2889,239
07195800,aifs,10,-0.0280,0.1384,0.2845,0.7725,239
07196900,aifs,10,-0.3395,0.0966,0.1421,1.1125,240
07197000,aifs,10,-0.6623,0.2291,0.2334,0.9888,241
07208500,aifs,10,-0.0164,0.4675,0.7288,1.0859,241
07226500,aifs,10,-0.0181,-0.4989,-0.0004,0.3403,239
07261000,aifs,10,-2.1695,-0.3039,0.2058,1.8144,239
07263295,aifs,10,-2.8049,-1.8144,0.0605,3.5820,239
07290650,aifs,10,-0.1580,-0.1549,0.1035,0.5636,241
07291000,aifs,10,-0.1824,-0.2961,0.1206,0.3414,241
07292500,aifs,10,0.0029,0.0347,0.2526,0.7405,241
07295000,aifs,10,0.0454,-0.0589,0.2735,0.5951,241
07299670,aifs,10,-0.2188,-0.3399,0.0658,1.8059,231
07301410,aifs,10,-0.3811,-0.3255,-0.1548,0.7210,230
07301500,aifs,10,-0.1858,-0.5652,0.0535,1.7847,203
07315200,aifs,10,-1.6406,-0.1830,-0.0278,1.5306,161
07315700,aifs,10,-9.5222,-2.7281,-0.0440,4.0000,218
07335700,aifs,10,-0.1852,-0.0655,0.1378,0.5672,232
07340300,aifs,10,-0.8274,0.2717,0.3616,1.0893,241
07346045,aifs,10,-3.6721,-0.3760,0.1712,0.8176,241
07359610,aifs,10,-1.1066,-0.0900,0.3142,1.7850,241
07362100,aifs,10,-2.2496,-0.6018,0.4816,2.2770,241
07362587,aifs,10,-1.4773,-0.6962,0.0722,2.4032,239
07373000,aifs,10,-0.1115,-0.2400,0.1330,0.5312,237
07375000,aifs,10,0.0831,-0.0080,0.3640,0.4749,241
07376000,aifs,10,0.0208,0.0745,0.3344,0.6035,241
08013000,aifs,10,0.2740,0.1496,0.6478,0.5835,241
08014500,aifs,10,0.1553,0.0553,0.5303,0.5650,241
08023080,aifs,10,-1.8071,-0.9021,0.0997,2.6327,241
08025500,aifs,10,-0.2289,-0.0701,0.0499,0.8568,241
08029500,aifs,10,-0.2969,-0.0887,0.0195,1.1610,241
08050800,aifs,10,-2.5237,-0.1669,-0.0041,1.1097,240
08066200,aifs,10,-0.1003,-0.3363,-0.0172,0.5104,241
08066300,aifs,10,-0.0566,-0.5413,-0.0122,0.2146,241
08070000,aifs,10,-7.0933,-1.1730,0.0730,2.0221,241
08070200,aifs,10,-1.1075,0.0999,0.1275,1.1202,241
08079600,aifs,10,-6.2059,-3.1684,-0.0058,4.7912,196
08082700,aifs,10,-0.0353,-0.3816,-0.0361,0.6650,227
08086212,aifs,10,-0.0431,-0.2781,0.0844,1.5569,241
08086290,aifs,10,-0.6246,-1.7426,0.0954,3.5855,241
08101000,aifs,10,-10.4895,-2.2658,0.3190,3.0624,241
08103900,aifs,10,0.1788,0.1590,0.4262,0.8440,241
08104900,aifs,10,-0.1874,-0.1243,0.0877,0.5780,241
08109700,aifs,10,-0.0809,0.1825,0.2754,1.1824,224
08150800,aifs,10,-0.0087,-0.5122,-0.0100,0.3817,241
08155200,aifs,10,-0.7577,-1.0973,0.1434,2.9060,241
08158700,aifs,10,-4.7017,-8.8223,0.1998,10.7556,241
08158810,aifs,10,-0.1245,-0.0120,0.1372,1.1969,241
08164000,aifs,10,-3.7706,-0.6979,0.1108,2.0097,241
08164300,aifs,10,-0.1962,-0.0870,0.0420,1.0233,238
08164600,aifs,10,-10.4465,-4.7773,0.1633,6.2443,241
08165300,aifs,10,-0.0112,-0.3934,-0.0311,0.8450,241
08171300,aifs,10,-31.7102,-35.8126,0.1092,37.6476,241
08175000,aifs,10,-3.3357,-0.3626,0.0050,0.5702,241
08176900,aifs,10,-25.6387,-8.0772,0.2964,9.0658,241
08178880,aifs,10,-0.0553,-0.4776,0.0470,0.2451,241
08189500,aifs,10,-2.4998,-0.1311,0.1074,0.9377,241
08190000,aifs,10,-0.0227,-0.3751,0.0060,0.5943,241
08190500,aifs,10,0.5439,0.2122,0.8056,1.7631,235
08194200,aifs,10,-0.0320,-0.5126,0.0291,0.2154,241
08195000,aifs,10,0.0016,-0.3907,0.0979,0.4626,241
08196000,aifs,10,0.0707,0.0621,0.3046,1.2712,229
08198500,aifs,10,0.0004,-0.4926,0.1289,0.2544,241
08200000,aifs,10,-0.0337,-0.4061,0.0872,0.2842,241
08202700,aifs,10,-0.0643,-0.3711,0.0363,0.3394,240
08267500,aifs,10,-20.3699,-2.1132,0.7052,2.6043,241
08269000,aifs,10,-4.4979,-0.5680,0.6558,1.7300,241
08271000,aifs,10,-41.7631,-3.9800,0.7738,2.4359,241
08324000,aifs,10,0.0762,0.5519,0.6981,1.1291,241
08377900,aifs,10,-4.5272,-0.5838,0.3882,1.3008,241
08378500,aifs,10,-5.8859,-0.9754,0.5948,1.3119,233
08380500,aifs,10,-2.8378,-0.1932,0.4232,1.6134,241
09034900,aifs,10,0.1212,0.1849,0.8845,1.5932,237
09035900,aifs,10,0.5429,0.7265,0.8304,1.1046,207
09047700,aifs,10,-4.6180,-0.9686,0.8802,1.4125,239
09065500,aifs,10,0.6706,0.5832,0.9398,1.1664,241
09066000,aifs,10,-1.0020,0.1433,0.5860,1.1841,241
09066200,aifs,10,0.6933,0.5817,0.9397,1.2541,241
09066300,aifs,10,-0.4213,-0.0350,0.8007,1.8173,241
09081600,aifs,10,0.0830,0.5810,0.6292,1.0595,241
09107000,aifs,10,-1.3286,-0.0821,0.7260,1.2904,240
09210500,aifs,10,-1.3982,0.0904,0.7387,1.5431,214
09223000,aifs,10,-2.7775,-0.5595,0.8772,1.9871,180
09306242,aifs,10,-381.3511,-4.1815,0.8972,6.0617,239
09312600,aifs,10,-2.1447,-0.6262,0.4840,2.4005,241
09352900,aifs,10,-0.5026,0.3208,0.6064,1.2695,211
09378170,aifs,10,0.2557,0.2698,0.5408,1.3157,241
09378630,aifs,10,,,,,241
09386900,aifs,10,-35.7791,-4.3060,0.0014,2.7605,241
09404450,aifs,10,0.6488,0.8191,0.8343,0.9275,241
09430500,aifs,10,-1.4492,-0.0523,0.3252,0.2381,241
09430600,aifs,10,0.0572,-0.0394,0.6182,0.2599,241
09447800,aifs,10,-2.2249,-0.6392,0.0343,2.0347,241
09480000,aifs,10,-0.2988,-2.1575,-0.0185,3.9376,241
09484000,aifs,10,-1.1216,-0.6736,0.0886,2.4008,216
09484600,aifs,10,-0.2108,-0.8716,0.2546,2.6861,240
09492400,aifs,10,-0.4142,0.3767,0.7056,1.4954,240
09494000,aifs,10,-0.8556,0.2702,0.4535,1.0360,241
09497800,aifs,10,-0.1103,-0.6242,-0.2531,1.5135,241
09497980,aifs,10,-0.7692,0.0863,0.0872,1.0277,210
09505200,aifs,10,0.2721,0.6146,0.6847,1.1855,241
09505350,aifs,10,0.3010,0.4290,0.6689,1.4636,241
09505800,aifs,10,0.0244,0.5101,0.6666,1.1843,241
09508300,aifs,10,-1.3665,-0.0075,0.0123,0.9179,241
09510200,aifs,10,-2.3557,-1.1294,0.1044,2.8451,222
09512280,aifs,10,-0.0634,-0.9785,-0.1018,2.3803,241
09513780,aifs,10,-3.9187,-6.0813,0.0489,8.0106,240
10023000,aifs,10,-15.2388,-0.7008,0.0758,2.2393,241
10166430,aifs,10,-13195.4156,-90.2647,0.5615,72.5202,241
10172700,aifs,10,-30.2850,-0.3201,0.6273,2.0213,241
10172800,aifs,10,-9.4487,-0.8502,0.8028,2.3441,241
10173450,aifs,10,-0.5174,0.3545,0.3887,1.0250,241
10205030,aifs,10,-195.2821,-10.0362,-0.0155,2.3511,241
10234500,aifs,10,-0.1098,-0.2664,-0.0335,0.8617,237
10242000,aifs,10,-29.6121,-3.7493,0.4147,4.5045,241
10244950,aifs,10,-37.3005,-1.5668,0.7178,1.5622,241
10249300,aifs,10,-44.7776,-4.5976,0.5136,4.3332,240
10258000,aifs,10,,,,,69
10258500,aifs,10,0.0310,-0.3199,0.2521,0.3901,241
10259000,aifs,10,0.7746,0.6462,0.9226,1.0589,241
10259200,aifs,10,-3.7060,-4.8784,0.8330,6.6601,241
10263500,aifs,10,-0.0655,0.2722,0.8541,1.2377,241
10310500,aifs,10,-1.8024,0.1021,0.9055,1.8100,241
10316500,aifs,10,-0.2918,0.3479,0.6843,1.2292,241
10329500,aifs,10,0.2536,0.4377,0.8648,1.1991,241
10336645,aifs,10,0.6010,0.7161,0.8088,1.2087,227
10336660,aifs,10,0.6126,0.7749,0.7942,1.0476,241
10343500,aifs,10,0.6087,0.5504,0.8226,0.8223,241
10348850,aifs,10,-2.1805,0.0257,0.8230,1.7172,241
10396000,aifs,10,0.6763,0.7990,0.8586,1.1300,241
11098000,aifs,10,0.3770,0.5701,0.7739,1.2920,241
11124500,aifs,10,-2.5866,-0.9243,0.8855,2.3842,241
11141280,aifs,10,0.5533,0.6533,0.7478,1.1138,241
11143000,aifs,10,0.4917,0.5786,0.7033,1.0897,241
11148900,aifs,10,0.4827,0.2346,0.7810,0.5235,241
11151300,aifs,10,0.2825,0.3503,0.5323,1.1019,241
11162500,aifs,10,0.5278,0.3608,0.8026,0.6459,241
11176400,aifs,10,0.2489,0.3246,0.5186,0.6995,144
11180500,aifs,10,-3.3756,-1.7393,0.7521,3.1405,241
11180960,aifs,10,-2.3959,-1.0345,0.5048,2.6809,241
11224500,aifs,10,-0.0260,-0.6850,-0.0503,0.1108,241
11253310,aifs,10,-0.0026,-0.2922,0.1684,0.3702,241
11264500,aifs,10,-1.1972,0.1402,0.2008,1.0599,241
11266500,aifs,10,-1.1900,0.1672,0.2953,1.1777,241
11274500,aifs,10,0.2919,0.5108,0.5727,1.0173,241
11274630,aifs,10,0.1495,0.5355,0.5502,1.1001,241
11284400,aifs,10,0.0903,-0.2493,0.5092,0.2086,241
11299600,aifs,10,0.4179,0.3699,0.6688,0.7995,238
11381500,aifs,10,0.4863,0.3839,0.7873,1.0018,241
11383500,aifs,10,0.5428,0.4503,0.8000,1.0555,241
11451100,aifs,10,0.2177,0.5834,0.7142,1.1890,106
11468500,aifs,10,0.5704,0.4371,0.8486,0.9322,241
11473900,aifs,10,0.5366,0.4249,0.8144,0.9398,241
11475560,aifs,10,0.5818,0.5614,0.7784,0.9567,241
11476600,aifs,10,0.8410,0.7571,0.9269,1.2303,240
11478500,aifs,10,0.8028,0.5399,0.9266,1.3514,241
11480390,aifs,10,0.4674,0.3383,0.8146,0.9019,241
11481200,aifs,10,0.7308,0.7187,0.8642,1.2421,241
11482500,aifs,10,0.7365,0.5198,0.9205,1.4427,241
11522500,aifs,10,0.4234,0.4562,0.7806,1.4934,241
11523200,aifs,10,-0.2077,0.1440,0.7270,1.7367,241
11528700,aifs,10,0.6405,0.5504,0.8370,1.1181,241
11532500,aifs,10,0.9536,0.8682,0.9787,1.1299,241
12010000,aifs,10,0.3548,0.5772,0.6665,0.7574,241
12013500,aifs,10,0.4862,0.7233,0.7389,0.9118,241
12020000,aifs,10,0.2058,0.4848,0.5794,0.7212,241
12025000,aifs,10,0.3936,0.6524,0.7538,1.1918,241
12025700,aifs,10,0.3229,0.6541,0.7464,1.0554,241
12035000,aifs,10,0.0507,0.5582,0.5859,0.9034,241
12040500,aifs,10,-0.4669,0.3841,0.5334,0.9548,241
12041200,aifs,10,-0.7001,0.2452,0.6099,0.9161,241
12043000,aifs,10,0.1453,0.5914,0.6597,0.8738,241
12048000,aifs,10,0.3805,0.6445,0.8354,1.2671,241
12054000,aifs,10,0.2343,0.5426,0.7700,1.3361,241
12056500,aifs,10,-0.5711,0.3285,0.5679,0.9562,241
12073500,aifs,10,-0.1214,0.5117,0.5800,1.1163,240
12082500,aifs,10,0.1989,0.2093,0.4461,0.9989,235
12092000,aifs,10,0.0069,0.0848,0.2485,0.9726,241
12095000,aifs,10,0.5790,0.6943,0.7626,0.9728,241
12114500,aifs,10,0.4155,0.3700,0.6842,1.0128,241
12115000,aifs,10,0.4014,0.3653,0.6663,0.9907,241
12115500,aifs,10,0.3533,0.3428,0.6135,0.8542,241
12117000,aifs,10,0.4405,0.5494,0.6650,0.9795,241
12141300,aifs,10,0.2095,0.2658,0.4635,1.0878,241
12143600,aifs,10,0.2460,0.2842,0.5074,1.1719,238
12144000,aifs,10,0.3311,0.3880,0.5757,0.9923,240
12145500,aifs,10,0.2782,0.6620,0.6873,0.9886,241
12147600,aifs,10,0.2354,0.3639,0.4979,0.9860,241
12167000,aifs,10,0.3123,0.4993,0.6087,1.2290,241
12175500,aifs,10,-0.3469,0.4147,0.4657,1.1681,241
12186000,aifs,10,-0.0363,0.3200,0.3844,1.1863,238
12189500,aifs,10,0.0088,0.3640,0.4537,1.2584,240
12358500,aifs,10,0.6154,0.8089,0.8223,1.0183,241
12377150,aifs,10,0.5441,0.7715,0.7720,0.9844,241
12381400,aifs,10,0.3790,0.5246,0.8627,1.2146,208
12390700,aifs,10,0.3980,0.6145,0.6851,1.1773,241
12411000,aifs,10,0.6893,0.7106,0.8541,1.2281,230
12414500,aifs,10,0.6392,0.6723,0.8101,0.9042,241
12447390,aifs,10,-0.1978,-0.2368,0.2195,0.3667,241
12451000,aifs,10,0.3563,0.6369,0.7624,1.2345,241
12488500,aifs,10,0.4501,0.6643,0.7210,1.1589,241
13011500,aifs,10,0.6376,0.5349,0.9274,1.3507,241
13011900,aifs,10,0.7752,0.7885,0.9222,0.9870,241
13018300,aifs,10,-0.4797,-0.0240,0.9379,1.5015,241
13023000,aifs,10,0.5075,0.7508,0.7970,0.9261,199
13161500,aifs,10,0.5837,0.7242,0.7940,0.8330,241
13235000,aifs,10,0.5873,0.6653,0.7817,0.8922,239
13240000,aifs,10,0.8049,0.8703,0.8975,0.9977,162
13310700,aifs,10,0.5984,0.5249,0.8896,0.6847,241
13313000,aifs,10,0.7056,0.4931,0.9601,0.6504,241
13331500,aifs,10,0.4411,0.5011,0.8978,1.2364,241
13337000,aifs,10,0.6491,0.7020,0.8349,0.8275,241
13338500,aifs,10,0.7420,0.8394,0.8857,1.0972,241
13340000,aifs,10,0.4746,0.6273,0.7432,0.7947,241
13340600,aifs,10,0.5648,0.6094,0.8585,0.7042,241
14020000,aifs,10,0.2562,0.1250,0.7146,0.5836,241
14092750,aifs,10,0.5906,0.7807,0.8210,0.8937,241
14096850,aifs,10,-3.9074,-0.4549,0.6081,0.5064,241
14137000,aifs,10,0.6023,0.6744,0.7763,1.0172,236
14138800,aifs,10,0.4113,0.5129,0.6446,0.8884,241
14138870,aifs,10,0.5277,0.6577,0.7400,0.8469,241
14138900,aifs,10,0.3675,0.4271,0.6100,0.8842,241
14139800,aifs,10,0.5838,0.6534,0.7733,0.8125,239
14141500,aifs,10,0.5953,0.7160,0.7790,0.8890,241
14154500,aifs,10,0.5810,0.7142,0.8041,1.2061,241
14158500,aifs,10,0.7760,0.7523,0.9106,1.0894,226
14158790,aifs,10,0.5853,0.6951,0.7660,0.9979,237
14166500,aifs,10,0.6078,0.6223,0.7855,0.9631,241
14182500,aifs,10,0.5620,0.7248,0.7651,0.8937,241
14185000,aifs,10,0.5473,0.7621,0.7948,1.0912,241
14185900,aifs,10,0.4835,0.7316,0.7615,1.1039,238
14187000,aifs,10,0.3598,0.6018,0.7686,1.2331,239
14216500,aifs,10,0.7715,0.7550,0.8844,1.0346,238
14222500,aifs,10,0.6827,0.6864,0.8318,1.0223,241
14236200,aifs,10,0.6181,0.7902,0.8008,0.9570,240
14301000,aifs,10,0.4781,0.5207,0.6961,0.8773,240
14303200,aifs,10,0.4857,0.4410,0.7304,0.9128,241
14305500,aifs,10,0.6007,0.6748,0.7768,0.9064,239
14306340,aifs,10,0.6651,0.5830,0.8410,0.7812,241
14306500,aifs,10,0.7887,0.7977,0.8906,0.9357,241
14308990,aifs,10,0.7577,0.6128,0.9201,0.9713,241
14309500,aifs,10,0.7311,0.8459,0.8588,0.9860,241
14316700,aifs,10,0.7067,0.7735,0.8465,1.1370,241
14325000,aifs,10,0.7362,0.8520,0.8801,0.9566,241
14362250,aifs,10,0.6343,0.3426,0.9428,0.5599,148
14400000,aifs,10,0.8621,0.8264,0.9319,0.8433,241
01013500,aifs,11,0.8862,0.8206,0.9498,0.8709,241
01022500,aifs,11,0.3547,0.5250,0.6100,1.0541,241
01030500,aifs,11,0.6029,0.6999,0.8649,1.1482,241
01031500,aifs,11,0.3872,0.6473,0.6638,1.0164,239
01047000,aifs,11,0.2811,0.5558,0.5888,0.9462,241
01052500,aifs,11,0.3794,0.3570,0.6471,0.7015,241
01054200,aifs,11,0.0692,0.0608,0.3692,0.5379,241
01055000,aifs,11,0.2160,0.4761,0.5303,0.9223,241
01057000,aifs,11,0.4345,0.6464,0.6814,0.9635,241
01073000,aifs,11,0.5024,0.6823,0.8006,1.1994,241
01078000,aifs,11,0.2000,0.3568,0.5231,0.7146,239
01118300,aifs,11,0.2087,0.4160,0.5293,0.7901,239
01121000,aifs,11,0.4511,0.6495,0.7068,1.1597,239
01123000,aifs,11,0.5431,0.5643,0.7466,0.8805,241
01134500,aifs,11,0.4982,0.6663,0.7318,0.8399,239
01137500,aifs,11,0.2859,0.4498,0.5798,0.7850,241
01139000,aifs,11,0.2801,0.6381,0.6419,0.9476,237
01139800,aifs,11,0.6906,0.8319,0.8488,1.0733,241
01142500,aifs,11,0.5307,0.7436,0.7604,0.9167,239
01144000,aifs,11,0.5136,0.7579,0.7882,0.9801,241
01169000,aifs,11,0.2924,0.5660,0.5966,1.0458,239
01170100,aifs,11,0.4450,0.6778,0.6968,0.9656,240
01181000,aifs,11,0.7044,0.7782,0.8405,1.0648,239
01187300,aifs,11,0.5107,0.5094,0.7273,1.0130,241
01195100,aifs,11,0.1422,0.2107,0.4243,0.7748,241
01333000,aifs,11,0.4094,0.5407,0.6497,0.8899,239
01350000,aifs,11,0.0790,0.0347,0.3138,0.7080,238
01350080,aifs,11,0.5546,0.5614,0.7602,0.7995,241
01350140,aifs,11,0.5071,0.6129,0.7428,0.7502,191
01365000,aifs,11,0.2858,0.3022,0.5554,0.7979,239
01411300,aifs,11,-0.1869,0.0148,0.1349,1.1628,232
01413500,aifs,11,0.3107,0.3146,0.5935,0.7617,239
01414500,aifs,11,0.0343,-0.0021,0.3300,0.5791,239
01415000,aifs,11,0.2359,0.1761,0.6602,0.5413,196
01423000,aifs,11,0.2759,0.2885,0.6014,0.6801,241
01434025,aifs,11,0.1478,0.3999,0.5378,0.6572,241
01435000,aifs,11,0.2357,0.2202,0.5083,0.7714,240
01439500,aifs,11,0.3848,0.4454,0.6835,0.7523,239
01440000,aifs,11,0.3296,0.4050,0.5933,0.8402,241
01440400,aifs,11,0.4633,0.5547,0.6929,0.8583,215
01451800,aifs,11,0.0865,0.3100,0.3991,0.9430,239
01466500,aifs,11,-2.9561,-0.7783,0.8575,0.9789,239
01484100,aifs,11,-0.4206,0.3783,0.4803,1.2671,241
01485500,aifs,11,-2.6409,-0.4094,0.4287,1.9059,236
01486000,aifs,11,-1.9899,-0.1627,0.3911,1.8054,241
01487000,aifs,11,0.3951,0.6892,0.7680,1.0411,241
01491000,aifs,11,0.4757,0.5275,0.6916,0.9845,241
01510000,aifs,11,0.5172,0.6155,0.7204,0.9452,241
01516500,aifs,11,0.0906,0.1071,0.3972,0.6063,241
01518862,aifs,11,0.1477,0.3193,0.4949,0.6785,241
01532000,aifs,11,0.0405,0.5192,0.5248,0.9275,239
01539000,aifs,11,0.1776,0.4414,0.5316,0.8012,225
01542810,aifs,11,-0.0132,0.3466,0.3930,0.8758,239
01543000,aifs,11,0.0266,0.4910,0.5281,0.8093,241
01543500,aifs,11,0.2487,0.5158,0.5912,0.8011,239
01544500,aifs,11,0.3454,0.4260,0.6828,0.6559,241
01545600,aifs,11,0.4142,0.3830,0.7364,0.6533,241
01547700,aifs,11,-0.0204,0.0162,0.2090,0.8127,241
01548500,aifs,11,0.2530,0.3073,0.6145,0.6144,239
01549500,aifs,11,0.3522,0.4565,0.6473,0.7177,239
01550000,aifs,11,0.2562,0.3480,0.5945,0.6624,239
01552000,aifs,11,0.1993,0.4264,0.5394,0.7749,241
01552500,aifs,11,0.1885,0.5015,0.5592,0.8139,241
01557500,aifs,11,-0.2759,0.2063,0.2358,0.9110,241
01567500,aifs,11,0.0159,0.1804,0.3011,1.0303,241
01568000,aifs,11,-0.1411,0.2493,0.2949,1.1031,241
01580000,aifs,11,-0.0853,0.1918,0.2765,0.9013,237
01583500,aifs,11,-0.0558,0.1745,0.2949,0.8316,241
01586610,aifs,11,-0.0836,0.1759,0.2922,0.7978,207
01591400,aifs,11,0.0253,0.1825,0.3080,0.9583,241
01596500,aifs,11,-0.1687,0.0828,0.1917,0.7813,239
01605500,aifs,11,-1.0476,0.1958,0.3647,1.2595,239
01606500,aifs,11,-0.3972,0.3119,0.3294,0.8488,214
01613050,aifs,11,-0.4148,0.2073,0.2243,1.1289,241
01620500,aifs,11,0.0478,0.2378,0.4530,0.5593,239
01632000,aifs,11,-0.2936,0.2172,0.2428,0.8917,239
01632900,aifs,11,-0.2989,0.3596,0.3601,0.9787,239
01634500,aifs,11,-0.2760,0.1396,0.1827,0.9412,224
01638480,aifs,11,-1.9182,-0.2172,0.2073,1.8357,236
01639500,aifs,11,-0.2087,0.2026,0.2496,1.1240,241
01644000,aifs,11,-1.1417,-0.0612,0.2868,1.7763,241
01658500,aifs,11,-1.5234,-0.0142,0.0839,1.3098,210
01664000,aifs,11,-0.0908,0.2963,0.3347,0.9338,241
01666500,aifs,11,-0.0760,0.3333,0.3630,1.0646,226
01667500,aifs,11,-0.3814,0.3688,0.3896,1.1205,219
01669000,aifs,11,0.1145,0.5218,0.5291,1.0472,216
01669520,aifs,11,-2.1068,-0.1232,0.5089,1.7177,239
02011400,aifs,11,-0.8537,0.2222,0.4291,1.3221,241
02011460,aifs,11,-0.4828,0.3251,0.3355,0.9494,241
02013000,aifs,11,-0.7856,0.1543,0.2126,1.2875,241
02014000,aifs,11,-1.1435,0.1640,0.2369,1.0912,241
02015700,aifs,11,-0.4457,0.3791,0.4342,1.1229,223
02016000,aifs,11,-0.4360,0.3946,0.4954,1.1054,241
02017500,aifs,11,-1.8405,-0.0141,0.3520,1.2597,239
02018000,aifs,11,-1.4703,0.0677,0.3693,1.3036,234
02027000,aifs,11,-0.2252,0.4625,0.5662,0.8912,221
02027500,aifs,11,0.3958,0.5492,0.7163,0.6745,224
02028500,aifs,11,-0.2982,0.4036,0.4146,0.9411,216
02038850,aifs,11,-0.8134,0.1455,0.1529,0.9080,239
02046000,aifs,11,-1.0821,-0.0010,0.2758,1.6361,231
02051000,aifs,11,-1.1848,-0.0156,0.0174,1.2357,241
02051500,aifs,11,-0.3857,0.1829,0.2332,1.2554,239
02053200,aifs,11,-3.4685,-0.4502,0.1525,1.6719,210
02053800,aifs,11,-0.2763,0.2034,0.2323,0.9228,222
02055100,aifs,11,-0.8137,0.2630,0.4037,1.2480,239
02056900,aifs,11,-0.4295,0.2793,0.2884,0.8859,216
02059500,aifs,11,-0.8131,0.2646,0.3342,0.8731,210
02064000,aifs,11,-0.4026,0.1262,0.1715,0.7970,229
02065500,aifs,11,-0.0161,0.3026,0.4361,0.6824,239
02069700,aifs,11,-0.2875,0.2731,0.3089,1.1871,214
02070000,aifs,11,-0.3117,0.3301,0.3601,1.1976,239
02074500,aifs,11,-0.5074,0.2867,0.3132,1.1773,241
02077200,aifs,11,-2.3322,-0.1670,0.1360,1.4410,236
02081500,aifs,11,-1.0602,-0.1115,0.5824,1.7257,241
02082950,aifs,11,-2.9028,-0.4350,0.2953,1.8261,241
02092500,aifs,11,-3.6783,-0.8916,0.2403,2.4785,241
02096846,aifs,11,-1.9169,-0.2683,0.1408,1.7835,241
02102908,aifs,11,-4.3525,-0.4865,0.0786,1.0325,241
02108000,aifs,11,0.2230,0.5534,0.6111,1.2156,241
02111180,aifs,11,-0.2384,-0.0949,0.0211,1.0020,241
02111500,aifs,11,-0.8142,0.0723,0.0728,0.9822,239
02118500,aifs,11,-1.1099,0.1714,0.2332,1.0840,241
02128000,aifs,11,-6.1741,-1.4551,-0.0013,2.7553,241
02137727,aifs,11,-0.5520,0.0285,0.0512,0.9674,241
02140991,aifs,11,-0.7364,0.0120,0.0293,1.1296,241
02143000,aifs,11,-2.3402,-0.0544,0.1793,1.2639,241
02143040,aifs,11,-2.5472,-0.1415,0.0878,0.9896,239
02149000,aifs,11,-0.3252,-0.0799,0.0066,1.0129,241
02152100,aifs,11,-1.2634,-0.0014,0.0080,1.0453,241
02177000,aifs,11,-0.2021,0.0449,0.1369,1.0591,239
02178400,aifs,11,-0.0782,0.3919,0.4036,0.9631,239
02193340,aifs,11,-0.8965,0.1227,0.1753,1.2720,241
02196000,aifs,11,-0.0918,-0.3395,0.0274,0.4499,241
02198100,aifs,11,0.0073,-0.0856,0.1859,1.1887,240
02202600,aifs,11,-0.3277,-0.3469,0.1639,1.7650,241
02212600,aifs,11,-0.1731,-0.0324,0.0894,0.9648,239
02215100,aifs,11,-0.0763,-0.1396,0.1198,0.6599,241
02216180,aifs,11,-0.0773,-0.4403,-0.0602,0.4671,239
02221525,aifs,11,-0.1124,0.1591,0.2422,1.0935,239
02231000,aifs,11,-2.1571,-0.3023,0.5058,1.6565,241
02231342,aifs,11,-4.2565,-0.8170,0.4439,2.0698,241
02235200,aifs,11,-0.2541,0.4495,0.5043,1.1861,240
02245500,aifs,11,-6.3460,-1.0111,0.3640,1.5873,241
02246000,aifs,11,-2.9647,-0.2769,0.3298,1.1601,239
02296500,aifs,11,-0.2639,-0.1822,0.7287,2.0288,230
02297155,aifs,11,-0.0284,-0.1296,0.3564,0.2916,240
02297310,aifs,11,-0.5481,0.3314,0.4240,0.7900,231
02298123,aifs,11,0.2419,0.3122,0.5742,0.5516,241
02298608,aifs,11,-1.2013,0.1583,0.3875,1.2065,241
02299950,aifs,11,-1.2208,0.1740,0.3372,0.9749,241
02300700,aifs,11,-0.0994,0.1803,0.3059,0.6701,241
02310947,aifs,11,-0.2280,-1.0193,-0.2761,2.3280,241
02312200,aifs,11,-4.5692,-3.2254,-0.0038,5.0497,241
02314500,aifs,11,-0.0535,0.1047,0.3533,0.6118,241
02315500,aifs,11,-0.3266,-0.6843,-0.3042,0.4158,241
02324400,aifs,11,-0.2202,-1.0425,-0.5475,0.1095,241
02327100,aifs,11,-13.4784,-2.3176,0.2513,2.6667,239
02349900,aifs,11,0.0669,-0.0045,0.2671,0.8925,241
02350900,aifs,11,0.0535,0.3427,0.5840,0.6505,241
02361000,aifs,11,-0.3521,0.1923,0.2646,0.7199,241
02363000,aifs,11,0.0462,-0.0944,0.4847,0.3714,239
02369800,aifs,11,0.0351,-0.2103,0.2866,0.4846,240
02371500,aifs,11,0.0861,-0.0735,0.3620,0.7491,241
02372250,aifs,11,0.0994,-0.0354,0.3536,0.7817,239
02374500,aifs,11,0.0179,-0.0201,0.2545,0.7369,241
02381600,aifs,11,-0.0612,-0.1099,0.0987,0.9251,241
02384540,aifs,11,0.0159,0.0492,0.3006,0.7607,241
02395120,aifs,11,-1.0100,0.1890,0.2343,1.0341,241
02408540,aifs,11,0.1824,0.2873,0.4530,0.8798,241
02415000,aifs,11,0.1738,0.2138,0.4363,0.8722,231
02422500,aifs,11,-0.3115,0.3521,0.3854,1.2040,224
02427250,aifs,11,-0.0107,0.1101,0.2548,1.1110,241
02430085,aifs,11,-0.3905,0.0332,0.0974,1.2000,241
02450250,aifs,11,0.0277,0.1431,0.2882,0.9809,241
02464000,aifs,11,0.1873,0.2752,0.4478,0.8696,241
02465493,aifs,11,0.1012,0.2881,0.3978,1.0628,238
02469800,aifs,11,0.1008,0.0341,0.4584,0.5053,239
02472000,aifs,11,0.0789,-0.0686,0.3925,0.4987,241
02472500,aifs,11,0.0564,0.0861,0.4168,0.4883,241
02479155,aifs,11,0.1321,-0.0812,0.5609,0.4752,241
02479300,aifs,11,0.1159,-0.1296,0.5311,0.3750,241
02481000,aifs,11,0.0967,-0.2289,0.6175,0.2075,241
02481510,aifs,11,0.0987,-0.1670,0.5952,0.2846,241
03010655,aifs,11,0.2604,0.4198,0.6051,0.6826,212
03011800,aifs,11,0.0661,0.3951,0.4726,0.7872,241
03015500,aifs,11,-0.0209,0.5360,0.5565,0.9595,241
03021350,aifs,11,-0.0622,0.3947,0.4448,0.7702,239
03026500,aifs,11,0.0814,0.4308,0.4740,0.8627,241
03028000,aifs,11,0.0800,0.4696,0.5637,0.7127,241
03049800,aifs,11,-0.0845,-0.0665,0.1796,0.6336,239
03050000,aifs,11,-0.3569,0.2902,0.2924,0.9638,239
03066000,aifs,11,-0.1252,0.2705,0.3522,0.7312,241
03069500,aifs,11,-0.1855,0.2383,0.3100,0.7453,239
03070500,aifs,11,-0.4641,0.3902,0.4833,1.0716,239
03076600,aifs,11,-0.1212,0.1757,0.3107,0.6670,241
03078000,aifs,11,-0.1854,0.0851,0.2056,0.7194,241
03140000,aifs,11,-0.0264,0.1706,0.2797,0.9021,239
03144000,aifs,11,-0.5653,0.1117,0.1197,0.9973,241
03159540,aifs,11,-0.5679,0.0796,0.0984,0.8830,241
03161000,aifs,11,-0.2442,0.0787,0.1636,0.8659,241
03164000,aifs,11,-0.2070,0.3987,0.4121,0.8751,241
03165000,aifs,11,-0.4436,0.0118,0.0572,0.9124,224
03170000,aifs,11,-0.1692,0.2603,0.3002,0.8868,241
03173000,aifs,11,-0.7419,0.2839,0.3299,1.0138,239
03180500,aifs,11,-0.0575,0.3878,0.4043,0.9389,225
03182500,aifs,11,-0.4316,0.3782,0.4271,1.1249,239
03186500,aifs,11,0.0464,0.4618,0.4796,0.9030,239
03187500,aifs,11,0.0324,0.5289,0.5501,0.8736,238
03213700,aifs,11,-0.5984,0.3386,0.4484,1.1739,241
03237280,aifs,11,-0.2055,0.1079,0.2099,0.7210,241
03237500,aifs,11,-0.7503,0.1451,0.1525,1.1074,239
03241500,aifs,11,-0.3110,-0.0662,0.0525,0.7276,228
03280700,aifs,11,-2.3308,-0.1204,0.3183,1.1668,213
03281100,aifs,11,-3.2481,-0.3271,0.2752,1.2040,239
03281500,aifs,11,-2.0581,-0.0491,0.3321,1.0996,228
03285000,aifs,11,-2.2325,-0.4369,0.2699,2.0126,238
03291780,aifs,11,-0.1922,-0.1341,0.0167,0.8568,241
03300400,aifs,11,-0.4335,0.0017,0.0470,1.0488,241
03340800,aifs,11,-0.9878,0.0402,0.0421,0.9531,193
03346000,aifs,11,-0.4339,-0.1013,0.0342,0.5892,241
03364500,aifs,11,-0.1156,-0.2419,0.0500,0.5425,241
03366500,aifs,11,-0.1734,-0.1312,0.0577,0.6813,241
03368000,aifs,11,-0.2054,-0.2100,-0.0019,0.6225,241
03384450,aifs,11,-0.0053,-0.0274,0.2034,0.7271,241
03439000,aifs,11,-0.2765,-0.2658,-0.0256,0.6572,239
03450000,aifs,11,-0.1433,-0.0886,0.0787,0.8606,241
03455500,aifs,11,-0.6529,0.0927,0.1462,0.7227,239
03456500,aifs,11,-0.3995,-0.1340,-0.0178,0.7795,239
03460000,aifs,11,-0.6057,0.2162,0.3963,0.6097,241
03463300,aifs,11,-0.2927,0.0910,0.1612,0.8326,241
03471500,aifs,11,0.0633,0.5177,0.5980,0.7356,239
03473000,aifs,11,-0.0953,0.3943,0.4768,0.7244,241
03479000,aifs,11,-0.4074,0.1872,0.2039,0.9130,239
03488000,aifs,11,-0.1546,0.3245,0.3753,0.7741,241
03498500,aifs,11,-0.2155,0.2510,0.3232,0.7587,241
03500000,aifs,11,-0.1288,0.4552,0.4892,0.8310,239
03504000,aifs,11,-0.3380,0.3123,0.3442,0.8467,239
03574500,aifs,11,-0.0077,-0.0038,0.2590,0.6212,241
03604000,aifs,11,-0.1801,-0.2522,-0.0479,0.7934,239
04015330,aifs,11,0.2232,0.0592,0.5265,0.5026,200
04024430,aifs,11,0.4290,0.4779,0.6822,0.6938,241
04027000,aifs,11,0.3855,0.4161,0.6402,0.7313,241
04040500,aifs,11,0.8296,0.7890,0.9158,0.9076,241
04043050,aifs,11,0.7840,0.8082,0.8882,0.8895,182
04045500,aifs,11,0.8641,0.7985,0.9457,0.8060,237
04056500,aifs,11,0.5874,0.4581,0.8652,0.7117,231
04057510,aifs,11,0.8671,0.6713,0.9687,0.7641,161
04057800,aifs,11,0.7899,0.6198,0.9143,0.7200,241
04059500,aifs,11,0.8449,0.7477,0.9364,0.9618,241
04063700,aifs,11,0.6545,0.3831,0.9387,0.5840,241
04074950,aifs,11,0.5767,0.5017,0.8796,0.7325,241
04105700,aifs,11,0.4149,0.4757,0.6772,0.8999,241
04115265,aifs,11,0.2926,0.2724,0.5628,0.9257,241
04122200,aifs,11,0.3078,0.2999,0.6392,0.7965,241
04122500,aifs,11,0.5794,0.5713,0.8047,0.8822,239
04124000,aifs,11,0.6926,0.5794,0.8813,0.9688,241
04127997,aifs,11,0.3319,0.3249,0.6404,0.8832,204
04185000,aifs,11,0.4829,0.5667,0.7021,0.8466,218
04196800,aifs,11,0.0964,0.3034,0.4136,0.8099,241
04197100,aifs,11,0.1859,0.4339,0.4999,1.0908,241
04197170,aifs,11,-0.1711,0.1873,0.2436,0.8932,241
04213000,aifs,11,-0.3485,0.4143,0.4557,1.0855,239
04213075,aifs,11,-0.1340,0.1510,0.2361,0.8551,237
04216418,aifs,11,0.2669,0.5028,0.5598,0.9552,241
04221000,aifs,11,-0.0274,0.2077,0.4085,0.6027,241
04224775,aifs,11,-0.0174,0.0879,0.3550,0.5527,239
04256000,aifs,11,0.5034,0.7260,0.7796,1.1379,239
04296000,aifs,11,0.3701,0.6022,0.6477,0.8932,241
05057000,aifs,11,-1.0502,0.0889,0.4145,0.5182,163
05057200,aifs,11,0.6041,0.7051,0.7777,0.9961,240
05062500,aifs,11,0.5344,0.6208,0.7347,0.9138,202
05087500,aifs,11,0.2037,0.4178,0.5000,0.9222,241
05120500,aifs,11,-10.1085,-1.4943,-0.0642,3.1992,210
05123400,aifs,11,-0.3950,-0.6564,-0.0244,0.1567,240
05129115,aifs,11,-0.8203,-0.8897,-0.2533,0.0000,241
05131500,aifs,11,0.1044,0.0535,0.5000,0.4895,145
05291000,aifs,11,-0.2966,0.1718,0.2556,0.7007,241
05362000,aifs,11,0.4643,0.6293,0.7060,0.8309,240
05393500,aifs,11,0.4935,0.6281,0.7162,0.8444,241
05399500,aifs,11,0.2357,0.3709,0.5160,0.7761,239
05408000,aifs,11,-0.0339,-0.0718,0.1955,0.7991,240
05412500,aifs,11,-0.0970,0.0886,0.3286,0.6325,241
05413500,aifs,11,-0.3652,-0.0213,0.1461,0.7521,211
05414000,aifs,11,-0.2088,0.0357,0.5949,0.5637,207
05444000,aifs,11,-0.2583,-0.0483,0.1442,0.6353,239
05454000,aifs,11,-0.0689,0.2051,0.3669,0.6208,241
05458000,aifs,11,-0.2178,-0.1664,0.0230,0.6835,241
05466500,aifs,11,0.0665,-0.0074,0.3233,0.6565,239
05487980,aifs,11,-0.1715,-0.1203,0.0749,0.6385,239
05488200,aifs,11,-0.0089,-0.1572,0.2156,0.4317,239
05489000,aifs,11,-0.0626,-0.3571,0.0688,0.3531,239
05495000,aifs,11,-0.2123,0.1817,0.2251,1.0183,239
05495500,aifs,11,-0.0766,-0.1552,0.1611,0.4497,235
05501000,aifs,11,-0.0694,-0.2807,0.0664,0.4689,239
05503800,aifs,11,-0.1890,-0.0359,0.1060,0.7361,241
05507600,aifs,11,-1.5180,-0.0314,0.0504,1.2884,241
05508805,aifs,11,-1.0373,0.0197,0.1944,1.5169,239
05514500,aifs,11,-0.2742,0.0557,0.1250,0.8922,239
05525500,aifs,11,-0.0699,0.2342,0.2979,1.0306,239
05556500,aifs,11,-0.1663,-0.2076,0.1101,0.4677,241
05584500,aifs,11,-0.0109,-0.0957,0.2736,0.4772,239
05585000,aifs,11,-0.0707,-0.1031,0.2654,0.4276,241
05591550,aifs,11,-0.5621,0.0179,0.0499,0.8545,239
05592050,aifs,11,-0.6355,-0.0027,0.0278,0.8307,222
05592575,aifs,11,-0.6475,-0.0588,-0.0137,0.7793,239
05593575,aifs,11,-1.7969,-0.2630,0.0622,1.7504,241
05593900,aifs,11,-0.9397,-0.0156,-0.0105,0.9073,239
05595730,aifs,11,-2.7318,-0.4286,0.0913,1.8252,241
06037500,aifs,11,-2.6195,0.3097,0.8274,1.3001,241
06043500,aifs,11,0.2229,0.3275,0.9403,1.3733,241
06154410,aifs,11,-1.4601,-0.0188,0.0497,0.7239,241
06188000,aifs,11,0.8097,0.8617,0.9198,1.0310,241
06191500,aifs,11,0.7256,0.6625,0.9432,1.1494,241
06221400,aifs,11,0.8423,0.8598,0.9356,1.0741,241
06224000,aifs,11,0.6832,0.8261,0.8525,1.0826,241
06289000,aifs,11,0.2632,0.6264,0.6435,0.8914,241
06332515,aifs,11,-0.0655,0.2570,0.3134,1.0314,118
06339100,aifs,11,-0.6611,0.0653,0.3276,1.6294,177
06339500,aifs,11,-0.2681,0.0333,0.4727,0.2978,171
06344600,aifs,11,-2.1369,-1.5511,0.0911,3.3428,180
06350000,aifs,11,-3.4316,-0.7861,0.6022,2.2703,241
06352000,aifs,11,-0.0170,-0.1053,0.5088,1.3448,240
06353000,aifs,11,-0.0009,-0.1141,0.5111,0.8150,239
06354000,aifs,11,0.2929,0.3339,0.7004,0.5212,176
06360500,aifs,11,0.1219,0.1401,0.5242,1.5420,142
06404000,aifs,11,-7.6038,-1.0047,-0.1630,1.5948,208
06406000,aifs,11,-164.5405,-3.8061,0.8998,5.7554,183
06408700,aifs,11,-1583.7340,-4.0921,0.2156,1.5108,241
06409000,aifs,11,-1.3451,0.6725,0.8868,1.2613,196
06431500,aifs,11,-1.8033,0.3289,0.4256,1.1057,230
06440200,aifs,11,-0.6862,-0.0317,0.1102,0.4821,163
06441500,aifs,11,-91.3359,-8.4685,-0.0419,5.4559,180
06447000,aifs,11,-0.5185,-0.0824,0.0137,0.6513,143
06447500,aifs,11,-0.1112,-0.1539,0.2198,0.7112,241
06450500,aifs,11,0.0642,-0.0467,0.4842,1.0541,211
06452000,aifs,11,-0.0800,-0.2288,0.0027,1.0512,178
06453600,aifs,11,-0.2456,-0.2626,0.1884,1.6357,238
06464500,aifs,11,-0.3210,-0.0174,0.0595,1.0663,178
06477500,aifs,11,-34.4950,-4.6651,0.0939,3.9470,240
06479215,aifs,11,-0.1152,-0.1946,0.1035,0.5612,241
06479438,aifs,11,-0.1430,-0.5378,0.0099,0.2204,241
06601000,aifs,11,-0.7339,-0.0402,-0.0181,0.8766,241
06614800,aifs,11,0.7678,0.5878,0.9406,1.3682,241
06622700,aifs,11,-0.3942,0.1262,0.7487,1.6344,241
06623800,aifs,11,0.8195,0.9071,0.9131,0.9933,241
06632400,aifs,11,-0.3565,0.3092,0.4519,1.3955,241
06784000,aifs,11,-0.8892,-0.2914,-0.0549,1.3086,241
06803510,aifs,11,-0.0275,-0.3990,-0.0072,0.5750,241
06803530,aifs,11,-0.0848,-0.2722,-0.0141,0.7754,241
06814000,aifs,11,0.0741,-0.0804,0.2997,0.5185,241
06846500,aifs,11,-0.0094,-0.4706,-0.0560,1.3845,241
06847900,aifs,11,-0.0215,-0.3219,0.0524,1.3120,241
06853800,aifs,11,-0.5218,-0.3755,-0.0289,1.7561,241
06876700,aifs,11,-0.0864,-0.4521,0.1808,0.1916,241
06878000,aifs,11,-0.2032,-0.2717,-0.0057,0.4822,241
06879650,aifs,11,-0.0180,-0.2524,0.1902,0.3640,240
06885500,aifs,11,-0.0649,-0.4072,0.0506,0.3411,241
06888500,aifs,11,-0.0595,-0.4544,0.0158,0.3236,241
06889200,aifs,11,-0.1192,-0.1693,0.0633,0.6396,241
06889500,aifs,11,-0.3079,-0.1003,0.0024,0.8653,241
06892000,aifs,11,-0.3976,-0.1899,-0.0071,0.5123,241
06903400,aifs,11,-0.0865,-0.5713,0.0190,0.1206,241
06906800,aifs,11,-0.1018,-0.1526,0.1391,0.4700,241
06910800,aifs,11,-0.1712,-0.2086,0.0395,0.5389,241
06911900,aifs,11,-0.1024,-0.1905,0.0917,0.5267,241
06917000,aifs,11,-0.0908,-0.2096,0.1602,0.3639,241
06918460,aifs,11,0.1386,0.2181,0.4031,0.8469,241
06919500,aifs,11,-0.1922,-0.1286,0.1704,0.3887,241
06921070,aifs,11,-0.0241,-0.0800,0.2058,0.5822,241
06921200,aifs,11,-0.0436,-0.3617,0.1483,0.2921,241
06934000,aifs,11,0.0845,0.1947,0.4516,0.6254,240
07014500,aifs,11,-0.0290,-0.2023,0.1322,0.6342,241
07056000,aifs,11,-2.2182,-0.0729,0.1247,1.0408,241
07057500,aifs,11,-1.0253,0.1766,0.2277,0.8689,233
07060710,aifs,11,-0.0001,-0.3926,0.0300,1.0572,241
07066000,aifs,11,-0.4795,0.2712,0.2839,0.8662,241
07067000,aifs,11,-0.2677,0.3327,0.4643,0.6117,241
07068000,aifs,11,0.0405,0.4860,0.5246,0.8279,240
07071500,aifs,11,-2.7378,-0.2522,0.4446,0.8652,241
07083000,aifs,11,-2.0085,-0.5288,0.8807,1.8431,241
07142300,aifs,11,-8.2623,-5.0142,-0.1027,6.8492,241
07145700,aifs,11,-0.0023,-0.4899,0.1794,0.1802,238
07148400,aifs,11,-1.0299,0.1818,0.5787,1.4460,241
07149000,aifs,11,-0.1993,0.3775,0.5784,1.4555,241
07151500,aifs,11,-0.0208,-0.4367,0.0545,0.4102,241
07167500,aifs,11,-0.0517,-0.3604,0.0581,1.6484,241
07180500,aifs,11,-0.1469,-0.2035,0.0066,0.7242,241
07184000,aifs,11,-0.0815,-0.4493,0.0069,0.2821,239
07195800,aifs,11,-1.0562,0.1595,0.2160,0.8469,239
07196900,aifs,11,-0.4705,0.1816,0.1991,1.1427,240
07197000,aifs,11,-1.1155,0.1386,0.1745,1.0264,241
07208500,aifs,11,-0.0711,0.4441,0.7234,1.0938,241
07226500,aifs,11,-0.0232,-0.5072,-0.0140,0.3300,239
07261000,aifs,11,-7.8324,-1.3485,0.1267,2.1151,239
07263295,aifs,11,-8.1715,-2.8280,0.0372,4.2491,239
07290650,aifs,11,-0.0480,-0.1570,0.2218,0.5043,241
07291000,aifs,11,-0.0298,-0.1587,0.4045,0.2989,241
07292500,aifs,11,0.0996,0.0099,0.3719,0.6860,241
07295000,aifs,11,0.0874,-0.0499,0.3444,0.5476,241
07299670,aifs,11,-0.3445,-0.3656,0.0466,1.8818,231
07301410,aifs,11,-0.4097,-0.3495,-0.1830,0.7179,230
07301500,aifs,11,-0.1862,-0.5684,0.0482,1.7848,203
07315200,aifs,11,-2.1043,-0.2308,0.0118,1.5740,161
07315700,aifs,11,-15.4025,-3.7548,-0.0359,4.7161,218
07335700,aifs,11,-0.2720,-0.0561,0.1032,0.6056,232
07340300,aifs,11,-1.1080,0.1926,0.3401,1.1417,241
07346045,aifs,11,-4.6722,-0.5781,0.1782,0.9433,241
07359610,aifs,11,-1.5452,-0.2030,0.3717,1.8476,241
07362100,aifs,11,-3.6243,-0.8854,0.3878,2.4044,241
07362587,aifs,11,-3.4218,-1.0907,0.0346,2.6640,239
07373000,aifs,11,-0.0516,-0.1899,0.2974,0.5155,237
07375000,aifs,11,0.0134,-0.1400,0.2693,0.4293,241
07376000,aifs,11,0.0415,0.0789,0.3622,0.5785,241
08013000,aifs,11,0.2217,0.1115,0.5790,0.5753,241
08014500,aifs,11,0.1250,0.0211,0.5006,0.5505,241
08023080,aifs,11,-1.1223,-0.6751,0.0904,2.4039,241
08025500,aifs,11,-0.2352,-0.1222,0.0139,0.8182,241
08029500,aifs,11,-0.1595,-0.1986,-0.0202,1.0825,241
08050800,aifs,11,-0.4951,-0.0645,-0.0122,0.8851,240
08066200,aifs,11,-0.0730,-0.4170,-0.0245,0.4077,241
08066300,aifs,11,-0.0600,-0.5592,-0.0295,0.2084,241
08070000,aifs,11,-7.7056,-1.3087,0.0849,2.1301,241
08070200,aifs,11,-2.0933,-0.0890,0.0840,1.2670,241
08079600,aifs,11,-5.2285,-2.8329,-0.0415,4.4961,196
08082700,aifs,11,-0.0393,-0.3735,-0.0310,0.6472,227
08086212,aifs,11,-0.0871,-0.3148,0.0084,1.5063,241
08086290,aifs,11,-0.5671,-1.3928,0.0106,3.1635,241
08101000,aifs,11,-7.5559,-1.6412,0.3102,2.6049,241
08103900,aifs,11,0.2118,0.1333,0.4857,0.7388,241
08104900,aifs,11,-0.0774,-0.2474,0.1231,0.4250,241
08109700,aifs,11,-0.1703,0.0976,0.1909,1.1798,224
08150800,aifs,11,-0.0069,-0.5671,-0.0196,0.3120,241
08155200,aifs,11,-0.5925,-0.9448,0.0904,2.6893,241
08158700,aifs,11,-4.8346,-8.8452,0.1667,10.7758,241
08158810,aifs,11,-0.0439,-0.0661,0.1327,1.0239,241
08164000,aifs,11,-3.2334,-0.6700,0.0574,2.1002,241
08164300,aifs,11,-0.0688,-0.0845,0.1072,0.9174,238
08164600,aifs,11,-5.6209,-4.0395,0.1357,5.7726,241
08165300,aifs,11,-0.0075,-0.4692,-0.0836,0.7891,241
08171300,aifs,11,-23.9878,-32.6170,0.0380,34.5032,241
08175000,aifs,11,-0.4648,-0.1273,0.0947,0.3762,241
08176900,aifs,11,-8.8425,-5.6237,0.2552,7.2827,241
08178880,aifs,11,-0.0581,-0.4912,0.0384,0.2351,241
08189500,aifs,11,-1.0964,0.1154,0.1405,0.9297,241
08190000,aifs,11,-0.0253,-0.4032,-0.0087,0.5545,241
08190500,aifs,11,0.4785,0.2961,0.7535,1.6585,235
08194200,aifs,11,-0.0579,-0.4827,0.0022,0.2470,241
08195000,aifs,11,-0.0069,-0.4460,0.0529,0.4196,241
08196000,aifs,11,0.0926,0.0568,0.3138,1.1654,229
08198500,aifs,11,-0.0030,-0.5195,0.1195,0.2264,241
08200000,aifs,11,-0.0353,-0.4356,0.0771,0.2598,241
08202700,aifs,11,-0.0201,-0.5870,0.0032,0.1428,240
08267500,aifs,11,-20.1875,-2.0903,0.7030,2.6009,241
08269000,aifs,11,-5.4749,-0.7419,0.6159,1.7548,241
08271000,aifs,11,-41.9722,-3.9823,0.7694,2.4422,241
08324000,aifs,11,0.0269,0.5315,0.6906,1.1395,241
08377900,aifs,11,-4.8743,-0.6483,0.3809,1.3115,241
08378500,aifs,11,-6.2133,-1.0261,0.5894,1.3230,233
08380500,aifs,11,-2.8809,-0.2020,0.4220,1.6180,241
09034900,aifs,11,0.0735,0.1519,0.8867,1.6108,237
09035900,aifs,11,0.5320,0.7149,0.8310,1.1125,207
09047700,aifs,11,-4.8460,-1.0113,0.8784,1.4197,239
09065500,aifs,11,0.5431,0.5078,0.9208,1.1882,241
09066000,aifs,11,-1.0434,0.1251,0.5890,1.1965,241
09066200,aifs,11,0.6525,0.5442,0.9368,1.2714,241
09066300,aifs,11,-0.4516,-0.0529,0.8022,1.8305,241
09081600,aifs,11,0.0760,0.5761,0.6351,1.0727,241
09107000,aifs,11,-1.4210,-0.1124,0.7269,1.3044,240
09210500,aifs,11,-1.4312,0.0809,0.7380,1.5461,214
09223000,aifs,11,-2.8074,-0.5649,0.8767,1.9936,180
09306242,aifs,11,-381.4040,-4.1816,0.8972,6.0621,239
09312600,aifs,11,-2.1564,-0.6327,0.4853,2.4073,241
09352900,aifs,11,-0.5326,0.3169,0.5931,1.2692,211
09378170,aifs,11,0.2506,0.2680,0.5368,1.3195,241
09378630,aifs,11,,,,,241
09386900,aifs,11,-33.9321,-4.2034,0.0001,2.9267,241
09404450,aifs,11,0.6985,0.8463,0.8572,0.9448,241
09430500,aifs,11,-1.5527,-0.0661,0.2780,0.2441,241
09430600,aifs,11,0.0269,-0.0355,0.5545,0.2665,241
09447800,aifs,11,-2.2250,-0.6391,0.0343,2.0347,241
09480000,aifs,11,-0.2721,-2.0141,-0.0165,3.7800,241
09484000,aifs,11,-1.2491,-0.7339,0.0941,2.4707,216
09484600,aifs,11,-0.2420,-0.8223,0.2432,2.6306,240
09492400,aifs,11,-0.3255,0.4048,0.7109,1.4862,240
09494000,aifs,11,-0.5746,0.3561,0.4916,1.0431,241
09497800,aifs,11,-0.1104,-0.6243,-0.2533,1.5134,241
09497980,aifs,11,-1.3793,0.0559,0.1204,1.1714,210
09505200,aifs,11,0.2666,0.5428,0.6304,1.2678,241
09505350,aifs,11,0.3841,0.3125,0.6505,1.5612,241
09505800,aifs,11,-1.0644,0.0984,0.4516,1.4526,241
09508300,aifs,11,-6.2356,-0.9905,0.1349,1.7571,241
09510200,aifs,11,-2.3326,-1.1325,0.1050,2.8513,222
09512280,aifs,11,-0.0633,-0.9785,-0.1014,2.3806,241
09513780,aifs,11,-3.9202,-6.0824,0.0490,8.0117,240
10023000,aifs,11,-15.3830,-0.7144,0.0781,2.2418,241
10166430,aifs,11,-13227.7312,-90.4062,0.5597,72.5655,241
10172700,aifs,11,-30.6982,-0.3524,0.6240,2.0264,241
10172800,aifs,11,-9.4975,-0.8570,0.7996,2.3449,241
10173450,aifs,11,-0.5880,0.3351,0.3777,1.0325,241
10205030,aifs,11,-196.4750,-10.0694,-0.0153,2.3563,241
10234500,aifs,11,-0.1142,-0.2654,-0.0363,0.8649,237
10242000,aifs,11,-29.8454,-3.7695,0.4146,4.5100,241
10244950,aifs,11,-37.4382,-1.5731,0.7182,1.5632,241
10249300,aifs,11,-45.0450,-4.6154,0.5128,4.3408,240
10258000,aifs,11,,,,,69
10258500,aifs,11,-0.8964,0.1970,0.2230,1.0532,241
10259000,aifs,11,0.6851,0.7624,0.8393,1.0934,241
10259200,aifs,11,-93.3033,-13.4400,0.7947,12.1170,241
10263500,aifs,11,-0.0712,0.2637,0.8585,1.2455,241
10310500,aifs,11,-1.8447,0.0852,0.9195,1.8202,241
10316500,aifs,11,-0.2836,0.3504,0.6859,1.2273,241
10329500,aifs,11,0.3518,0.4886,0.8753,1.1953,241
10336645,aifs,11,0.3718,0.6138,0.7023,1.2460,227
10336660,aifs,11,0.4926,0.7214,0.7346,1.0637,241
10343500,aifs,11,0.6100,0.5608,0.8185,0.8294,241
10348850,aifs,11,-2.1629,0.0312,0.8245,1.7173,241
10396000,aifs,11,0.6842,0.7994,0.8569,1.1192,241
11098000,aifs,11,-0.0528,0.4383,0.6235,1.3201,241
11124500,aifs,11,-2.5361,-0.9052,0.8822,2.3716,241
11141280,aifs,11,0.2986,0.6050,0.6425,1.1646,241
11143000,aifs,11,0.4358,0.5468,0.6635,1.0832,241
11148900,aifs,11,0.3049,0.1859,0.5723,0.5620,241
11151300,aifs,11,-0.1302,0.1094,0.2078,1.1555,241
11162500,aifs,11,0.3432,0.3354,0.6080,0.6613,241
11176400,aifs,11,-0.0651,0.3884,0.4118,0.8695,144
11180500,aifs,11,-4.9322,-1.9959,0.5605,3.3519,241
11180960,aifs,11,-3.0822,-1.1366,0.3817,2.7350,241
11224500,aifs,11,-0.0120,-0.5565,0.1016,0.1341,241
11253310,aifs,11,-0.1466,-0.0840,0.1648,0.4684,241
11264500,aifs,11,-1.2040,0.1316,0.1882,1.0797,241
11266500,aifs,11,-1.2355,0.1536,0.2879,1.1956,241
11274500,aifs,11,-0.1562,0.4086,0.4835,1.2677,241
11274630,aifs,11,-0.4623,0.2908,0.5626,1.3425,241
11284400,aifs,11,0.0847,-0.1681,0.3572,0.2847,241
11299600,aifs,11,-0.0067,0.4169,0.4321,1.0319,238
11381500,aifs,11,0.6130,0.4762,0.8681,1.0102,241
11383500,aifs,11,0.6222,0.4939,0.8625,1.0564,241
11451100,aifs,11,0.5920,0.7459,0.7787,1.0595,106
11468500,aifs,11,0.3616,0.2767,0.6821,0.8779,241
11473900,aifs,11,0.3937,0.3186,0.6949,0.9082,241
11475560,aifs,11,0.4050,0.3906,0.6535,0.8995,241
11476600,aifs,11,0.5697,0.6844,0.7649,1.1652,240
11478500,aifs,11,0.3309,0.3667,0.5844,1.3116,241
11480390,aifs,11,0.3182,0.2525,0.6187,0.8922,241
11481200,aifs,11,0.2135,0.5135,0.5772,1.2244,241
11482500,aifs,11,0.5461,0.5520,0.8096,1.3990,241
11522500,aifs,11,0.2770,0.4271,0.7047,1.4888,241
11523200,aifs,11,-0.2865,0.1367,0.7007,1.7292,241
11528700,aifs,11,0.5247,0.4746,0.7556,1.0973,241
11532500,aifs,11,0.5225,0.6537,0.7271,1.0701,241
12010000,aifs,11,-0.1087,0.4479,0.4981,0.7821,241
12013500,aifs,11,-0.0570,0.5309,0.5904,0.9728,241
12020000,aifs,11,-0.3686,0.3759,0.4466,0.7812,241
12025000,aifs,11,-0.1399,0.4514,0.6150,1.2241,241
12025700,aifs,11,-0.0716,0.5231,0.5638,1.0476,241
12035000,aifs,11,-0.2590,0.4541,0.5710,0.9574,241
12040500,aifs,11,-0.2865,0.4329,0.5972,1.0041,241
12041200,aifs,11,-0.7889,0.1769,0.6449,0.9721,241
12043000,aifs,11,0.3098,0.6637,0.7090,0.9081,241
12048000,aifs,11,0.1180,0.4952,0.8221,1.3019,241
12054000,aifs,11,-0.2986,0.3240,0.7096,1.3891,241
12056500,aifs,11,-0.9165,0.1993,0.5595,1.0314,241
12073500,aifs,11,-0.4662,0.3927,0.5392,1.1319,240
12082500,aifs,11,0.2288,0.2976,0.4813,1.0235,235
12092000,aifs,11,0.1048,0.3012,0.4016,0.9991,241
12095000,aifs,11,0.6085,0.7484,0.7847,1.0090,241
12114500,aifs,11,0.4633,0.4145,0.7198,1.0308,241
12115000,aifs,11,0.4499,0.4115,0.7034,1.0083,241
12115500,aifs,11,0.3937,0.4109,0.6368,0.8934,241
12117000,aifs,11,0.5370,0.5920,0.7341,0.9903,241
12141300,aifs,11,0.3296,0.4119,0.5834,1.1484,241
12143600,aifs,11,0.3477,0.4057,0.6053,1.2200,238
12144000,aifs,11,0.4190,0.5075,0.6478,1.0267,240
12145500,aifs,11,0.2338,0.6368,0.6981,1.0111,241
12147600,aifs,11,0.2813,0.4907,0.5638,1.0813,241
12167000,aifs,11,0.1812,0.5004,0.6106,1.3128,241
12175500,aifs,11,-0.2476,0.4581,0.5360,1.1899,241
12186000,aifs,11,0.0205,0.4395,0.5044,1.2526,238
12189500,aifs,11,-0.0345,0.4460,0.5569,1.3315,240
12358500,aifs,11,0.6054,0.8051,0.8172,1.0123,241
12377150,aifs,11,0.5338,0.7662,0.7667,0.9837,241
12381400,aifs,11,0.3776,0.5246,0.8620,1.2143,208
12390700,aifs,11,0.4029,0.6175,0.6888,1.1790,241
12411000,aifs,11,0.6449,0.6958,0.8360,1.2471,230
12414500,aifs,11,0.6342,0.6786,0.8049,0.9103,241
12447390,aifs,11,-0.1939,-0.2321,0.2225,0.3699,241
12451000,aifs,11,0.3791,0.6350,0.7794,1.2483,241
12488500,aifs,11,0.4588,0.6714,0.7296,1.1652,241
13011500,aifs,11,0.6374,0.5262,0.9297,1.3617,241
13011900,aifs,11,0.7823,0.7917,0.9246,0.9919,241
13018300,aifs,11,-0.4735,-0.0226,0.9395,1.5052,241
13023000,aifs,11,0.4962,0.7454,0.7924,0.9328,199
13161500,aifs,11,0.5732,0.7173,0.7834,0.8450,241
13235000,aifs,11,0.5877,0.6666,0.7816,0.8933,239
13240000,aifs,11,0.8160,0.8794,0.9037,1.0008,162
13310700,aifs,11,0.5984,0.5316,0.8847,0.6879,241
13313000,aifs,11,0.7088,0.4971,0.9597,0.6525,241
13331500,aifs,11,0.4291,0.4840,0.9019,1.2482,241
13337000,aifs,11,0.6309,0.7128,0.8225,0.8330,241
13338500,aifs,11,0.7215,0.8221,0.8805,1.1092,241
13340000,aifs,11,0.4813,0.6377,0.7449,0.8029,241
13340600,aifs,11,0.5615,0.6187,0.8508,0.7107,241
14020000,aifs,11,0.2662,0.1434,0.6879,0.5946,241
14092750,aifs,11,0.2203,0.5698,0.5932,0.8856,241
14096850,aifs,11,-2.5808,-0.1355,0.6890,0.4999,241
14137000,aifs,11,0.4740,0.5336,0.6896,1.0167,236
14138800,aifs,11,0.2486,0.3629,0.5103,0.8909,241
14138870,aifs,11,0.4244,0.5194,0.6614,0.8367,241
14138900,aifs,11,0.1989,0.3092,0.4644,0.8909,241
14139800,aifs,11,0.4015,0.5360,0.6514,0.8154,239
14141500,aifs,11,0.4514,0.6054,0.6835,0.8936,241
14154500,aifs,11,0.5521,0.7134,0.7850,1.1892,241
14158500,aifs,11,0.7635,0.7515,0.9018,1.0885,226
14158790,aifs,11,0.5123,0.5615,0.7178,0.9774,237
14166500,aifs,11,0.4483,0.5064,0.6710,0.9482,241
14182500,aifs,11,0.4977,0.5076,0.7175,0.8395,241
14185000,aifs,11,0.6369,0.7638,0.8051,1.0822,241
14185900,aifs,11,0.4924,0.6818,0.7200,1.0837,238
14187000,aifs,11,0.5809,0.7320,0.7982,1.1763,239
14216500,aifs,11,0.7388,0.8147,0.8624,1.0656,238
14222500,aifs,11,0.4183,0.5455,0.6498,1.0204,241
14236200,aifs,11,0.2374,0.6187,0.6200,0.9682,240
14301000,aifs,11,0.4164,0.5104,0.6485,0.8918,240
14303200,aifs,11,0.3633,0.3291,0.6341,0.8858,241
14305500,aifs,11,0.3830,0.4114,0.6272,0.8497,239
14306340,aifs,11,0.4595,0.4315,0.7045,0.7533,241
14306500,aifs,11,0.5942,0.6532,0.7735,0.9172,241
14308990,aifs,11,0.6036,0.5518,0.8036,0.9570,241
14309500,aifs,11,0.3388,0.5085,0.5979,0.9107,241
14316700,aifs,11,0.6096,0.7226,0.7888,1.1269,241
14325000,aifs,11,0.3413,0.5704,0.6232,0.8781,241
14362250,aifs,11,0.4156,0.2833,0.7374,0.5576,148
14400000,aifs,11,0.6481,0.6066,0.8154,0.7766,241
01013500,aifs,12,0.8876,0.8175,0.9510,0.8693,241
01022500,aifs,12,0.3834,0.5344,0.6276,1.0424,241
01030500,aifs,12,0.6075,0.7141,0.8621,1.1341,241
01031500,aifs,12,0.4140,0.6180,0.6626,0.9933,239
01047000,aifs,12,0.2442,0.5317,0.5670,0.9248,241
01052500,aifs,12,0.3274,0.3017,0.6074,0.6924,241
01054200,aifs,12,0.0063,-0.0084,0.3006,0.5177,241
01055000,aifs,12,0.1008,0.3994,0.4524,0.9115,241
01057000,aifs,12,0.4308,0.6763,0.6906,0.9890,241
01073000,aifs,12,0.5183,0.6470,0.8283,1.2297,241
01078000,aifs,12,0.2043,0.3771,0.5257,0.7350,239
01118300,aifs,12,0.1678,0.4013,0.5040,0.7927,239
01121000,aifs,12,0.2368,0.5730,0.6313,1.2154,239
01123000,aifs,12,0.4144,0.5651,0.6539,0.9161,241
01134500,aifs,12,0.5423,0.6681,0.7524,0.8400,239
01137500,aifs,12,0.2509,0.4132,0.5533,0.7721,241
01139000,aifs,12,0.3426,0.6514,0.6585,0.9458,237
01139800,aifs,12,0.6774,0.8229,0.8364,1.0612,241
01142500,aifs,12,0.5832,0.7552,0.7817,0.9167,239
01144000,aifs,12,0.6212,0.8114,0.8233,0.9719,241
01169000,aifs,12,0.2144,0.4949,0.5375,1.0631,239
01170100,aifs,12,0.3716,0.6157,0.6451,0.9740,240
01181000,aifs,12,0.6197,0.7421,0.7957,1.1112,239
01187300,aifs,12,0.2527,0.4978,0.5588,1.1253,241
01195100,aifs,12,0.0049,0.2113,0.3324,0.8143,241
01333000,aifs,12,0.4189,0.5666,0.6565,0.9199,239
01350000,aifs,12,0.0851,0.0516,0.3229,0.7162,238
01350080,aifs,12,0.5979,0.6298,0.7833,0.8192,241
01350140,aifs,12,0.5174,0.6239,0.7504,0.7513,191
01365000,aifs,12,0.2999,0.3151,0.5659,0.8160,239
01411300,aifs,12,-0.2405,0.0258,0.1333,1.1980,232
01413500,aifs,12,0.3361,0.3413,0.6144,0.7637,239
01414500,aifs,12,0.0324,-0.0009,0.3277,0.5800,239
01415000,aifs,12,0.2765,0.1978,0.7038,0.5522,196
01423000,aifs,12,0.3197,0.3127,0.6436,0.6821,241
01434025,aifs,12,0.1554,0.4198,0.5480,0.6680,241
01435000,aifs,12,0.2537,0.2632,0.5175,0.8100,240
01439500,aifs,12,-0.1143,0.3814,0.4251,0.7888,239
01440000,aifs,12,-1.0864,0.1947,0.2835,0.9364,241
01440400,aifs,12,-0.0674,0.4604,0.4680,0.9097,215
01451800,aifs,12,-1.3070,0.1214,0.2032,1.0725,239
01466500,aifs,12,-5.6833,-1.2541,0.7425,0.9996,239
01484100,aifs,12,-1.6758,0.0269,0.4042,1.3481,241
01485500,aifs,12,-3.6505,-0.6649,0.4015,2.0802,236
01486000,aifs,12,-3.5995,-0.5331,0.3891,1.9381,241
01487000,aifs,12,-0.8231,0.2125,0.6003,1.1064,241
01491000,aifs,12,0.4071,0.5697,0.6475,1.0323,241
01510000,aifs,12,0.5561,0.6819,0.7490,0.9516,241
01516500,aifs,12,0.0575,0.0528,0.3624,0.5851,241
01518862,aifs,12,0.2023,0.3282,0.5331,0.6686,241
01532000,aifs,12,0.1000,0.5076,0.5211,0.9111,239
01539000,aifs,12,0.1830,0.4128,0.5208,0.8039,225
01542810,aifs,12,-0.1298,0.3834,0.3929,0.9242,239
01543000,aifs,12,-0.1528,0.4665,0.5013,0.8555,241
01543500,aifs,12,0.0350,0.4786,0.5074,0.8373,239
01544500,aifs,12,0.3226,0.4394,0.6607,0.6680,241
01545600,aifs,12,0.3863,0.3925,0.6994,0.6654,241
01547700,aifs,12,-0.2420,0.0219,0.1127,0.8598,241
01548500,aifs,12,0.2329,0.3066,0.5946,0.6179,239
01549500,aifs,12,0.3479,0.4509,0.6444,0.7161,239
01550000,aifs,12,0.2639,0.3513,0.5995,0.6651,239
01552000,aifs,12,0.1972,0.4169,0.5354,0.7728,241
01552500,aifs,12,0.1039,0.4434,0.5028,0.8080,241
01557500,aifs,12,-0.5731,0.1323,0.1400,0.9318,241
01567500,aifs,12,-0.6094,0.1315,0.1392,1.0904,241
01568000,aifs,12,-1.4195,0.0779,0.1813,1.2008,241
01580000,aifs,12,-1.2327,0.1052,0.1454,0.9871,237
01583500,aifs,12,-0.7667,0.1760,0.1839,0.9111,241
01586610,aifs,12,-0.6583,0.1887,0.1991,0.8726,207
01591400,aifs,12,-2.0854,-0.0531,0.1033,1.0564,241
01596500,aifs,12,-0.4445,0.0841,0.1195,0.8586,239
01605500,aifs,12,-0.8668,0.2265,0.3131,1.2363,239
01606500,aifs,12,-0.7580,0.2368,0.2632,0.8945,214
01613050,aifs,12,-1.7422,-0.0120,0.1226,1.2554,241
01620500,aifs,12,-0.0141,0.2195,0.4112,0.5721,239
01632000,aifs,12,-1.0939,0.1294,0.1559,0.9990,239
01632900,aifs,12,-0.7071,0.2461,0.2591,1.0140,239
01634500,aifs,12,-0.5774,0.1530,0.1558,0.9995,224
01638480,aifs,12,-6.1136,-0.9814,0.1499,2.0659,236
01639500,aifs,12,-1.3883,0.0670,0.1585,1.2267,241
01644000,aifs,12,-2.7575,-0.3611,0.1829,1.8844,241
01658500,aifs,12,-2.2689,-0.1839,0.0444,1.4634,210
01664000,aifs,12,-0.5816,0.1930,0.1937,0.9715,241
01666500,aifs,12,-0.3962,0.2415,0.2521,1.0995,226
01667500,aifs,12,-1.4854,0.0858,0.2126,1.1628,219
01669000,aifs,12,-0.5466,0.3262,0.3577,1.1196,216
01669520,aifs,12,-3.5232,-0.4565,0.4912,1.8260,239
02011400,aifs,12,-1.8190,-0.0254,0.3013,1.3649,241
02011460,aifs,12,-0.7702,0.2476,0.2724,1.0089,241
02013000,aifs,12,-1.3189,0.0322,0.1402,1.3418,241
02014000,aifs,12,-2.5085,-0.1366,0.1827,1.1819,241
02015700,aifs,12,-1.0856,0.1933,0.3407,1.1851,223
02016000,aifs,12,-1.4432,0.1035,0.3309,1.1743,241
02017500,aifs,12,-2.8099,-0.2819,0.3642,1.3711,239
02018000,aifs,12,-2.5864,-0.2167,0.3091,1.3986,234
02027000,aifs,12,-0.5245,0.3633,0.5241,0.9174,221
02027500,aifs,12,0.2853,0.5416,0.6675,0.6898,224
02028500,aifs,12,-0.6525,0.3283,0.3992,1.0102,216
02038850,aifs,12,-0.7579,0.1577,0.1643,0.9049,239
02046000,aifs,12,-1.3228,-0.0827,0.2332,1.6956,231
02051000,aifs,12,-0.6604,0.0592,0.0741,1.1247,241
02051500,aifs,12,-1.1059,0.0477,0.1508,1.3873,239
02053200,aifs,12,-3.0851,-0.4030,0.1718,1.7273,210
02053800,aifs,12,-0.4590,0.2417,0.2436,0.9608,222
02055100,aifs,12,-0.9204,0.2336,0.4059,1.2577,239
02056900,aifs,12,-0.7111,0.2674,0.2964,0.9142,216
02059500,aifs,12,-1.1966,0.1771,0.3196,0.9183,210
02064000,aifs,12,-0.5131,0.1764,0.1968,0.8320,229
02065500,aifs,12,-0.2564,0.2979,0.3622,0.7206,239
02069700,aifs,12,-0.7176,0.1748,0.2025,1.2105,214
02070000,aifs,12,-0.9072,0.1429,0.1766,1.2076,239
02074500,aifs,12,-0.8872,0.1718,0.2081,1.1832,241
02077200,aifs,12,-1.5158,-0.0005,0.3433,1.4656,236
02081500,aifs,12,-0.9081,-0.0440,0.1907,1.6467,241
02082950,aifs,12,-4.7633,-0.8368,0.2663,1.9792,241
02092500,aifs,12,-4.3935,-1.0437,0.2113,2.5739,241
02096846,aifs,12,-1.1141,-0.1766,-0.0096,1.6037,241
02102908,aifs,12,-0.1249,0.1488,0.2308,0.9241,241
02108000,aifs,12,0.1275,0.5079,0.5685,1.2345,241
02111180,aifs,12,-0.3651,-0.0454,0.0238,1.0353,241
02111500,aifs,12,-0.9917,0.0706,0.0733,1.0002,239
02118500,aifs,12,-1.7008,0.0514,0.2208,1.1163,241
02128000,aifs,12,-1.4023,-0.7455,0.1416,2.5078,241
02137727,aifs,12,-0.8542,0.0521,0.0523,0.9933,241
02140991,aifs,12,-1.0399,0.0348,0.0483,1.1537,241
02143000,aifs,12,-3.4172,-0.2660,0.1445,1.2892,241
02143040,aifs,12,-2.7126,-0.1706,0.1135,0.9998,239
02149000,aifs,12,-0.4434,-0.0167,0.0304,1.0349,241
02152100,aifs,12,-1.3415,0.0064,0.0241,1.0536,241
02177000,aifs,12,-0.4016,0.0539,0.0996,1.0861,239
02178400,aifs,12,-0.4004,0.3438,0.3477,0.9784,239
02193340,aifs,12,-0.5676,0.2068,0.2532,1.2655,241
02196000,aifs,12,-0.0887,-0.3764,0.0183,0.4144,241
02198100,aifs,12,-0.0765,-0.2275,0.0193,1.1608,240
02202600,aifs,12,-0.3536,-0.4009,0.1041,1.7672,241
02212600,aifs,12,-0.0551,-0.0106,0.1608,0.9105,239
02215100,aifs,12,-0.1649,-0.2060,0.0166,0.6714,241
02216180,aifs,12,-0.0829,-0.4474,-0.0690,0.4598,239
02221525,aifs,12,-0.1165,0.1147,0.2100,1.0679,239
02231000,aifs,12,-2.2617,-0.3577,0.5402,1.6679,241
02231342,aifs,12,-4.0158,-0.7723,0.4418,2.0817,241
02235200,aifs,12,-0.1704,0.4693,0.5085,1.1731,240
02245500,aifs,12,-4.9608,-0.7858,0.4238,1.4906,241
02246000,aifs,12,-2.9062,-0.2401,0.2797,1.1107,239
02296500,aifs,12,-0.5619,-0.2518,0.6907,2.0445,230
02297155,aifs,12,0.0066,-0.1336,0.4112,0.2787,240
02297310,aifs,12,-1.3519,0.1267,0.3515,0.8377,231
02298123,aifs,12,0.1350,0.2911,0.5108,0.5549,241
02298608,aifs,12,-2.0962,-0.0853,0.3679,1.2323,241
02299950,aifs,12,-0.9952,0.2214,0.3038,0.9604,241
02300700,aifs,12,-0.1289,0.1225,0.2585,0.6664,241
02310947,aifs,12,-0.2280,-1.0192,-0.2759,2.3280,241
02312200,aifs,12,-4.5692,-3.2254,-0.0038,5.0497,241
02314500,aifs,12,-0.1158,0.1130,0.3171,0.6184,241
02315500,aifs,12,-0.3266,-0.6844,-0.3044,0.4158,241
02324400,aifs,12,-0.2202,-1.0425,-0.5475,0.1095,241
02327100,aifs,12,-9.4950,-1.7765,0.2441,2.5673,239
02349900,aifs,12,0.0339,-0.0931,0.2058,0.8208,241
02350900,aifs,12,-0.1543,0.2342,0.4159,0.6567,241
02361000,aifs,12,-0.4058,0.1297,0.2153,0.6966,241
02363000,aifs,12,-0.0588,-0.1974,0.2864,0.3733,239
02369800,aifs,12,0.0205,-0.2478,0.2717,0.4641,240
02371500,aifs,12,0.0441,-0.1521,0.2450,0.7432,241
02372250,aifs,12,0.0145,-0.1673,0.1605,0.7843,239
02374500,aifs,12,0.0447,-0.0244,0.2930,0.7227,241
02381600,aifs,12,-0.0576,0.0659,0.2022,0.9717,241
02384540,aifs,12,-0.1881,0.0189,0.1523,0.7883,241
02395120,aifs,12,-1.5751,0.0826,0.3170,1.1088,241
02408540,aifs,12,0.0145,0.2355,0.3373,0.8876,241
02415000,aifs,12,-0.0009,0.1997,0.3095,0.9060,231
02422500,aifs,12,-0.4593,0.3083,0.3489,1.2254,224
02427250,aifs,12,0.0566,0.1145,0.2945,1.0478,241
02430085,aifs,12,-0.4454,0.0876,0.1441,1.2513,241
02450250,aifs,12,-0.0644,0.0925,0.2143,0.9810,241
02464000,aifs,12,0.0844,0.1735,0.3433,0.8633,241
02465493,aifs,12,-0.0922,0.2266,0.2903,1.0741,238
02469800,aifs,12,0.1397,0.0439,0.5367,0.4872,239
02472000,aifs,12,0.0826,-0.0731,0.4110,0.4899,241
02472500,aifs,12,0.2088,0.2226,0.5641,0.4883,241
02479155,aifs,12,0.2051,0.0132,0.5673,0.5154,241
02479300,aifs,12,0.1383,-0.1103,0.6594,0.3567,241
02481000,aifs,12,0.0890,-0.2400,0.5581,0.2094,241
02481510,aifs,12,0.0959,-0.1708,0.5881,0.2822,241
03010655,aifs,12,0.2517,0.4370,0.5982,0.6981,212
03011800,aifs,12,0.0268,0.4016,0.4601,0.8036,241
03015500,aifs,12,-0.3239,0.4353,0.4881,1.0209,241
03021350,aifs,12,-0.2406,0.3534,0.3836,0.8051,239
03026500,aifs,12,0.0362,0.4426,0.4677,0.8847,241
03028000,aifs,12,0.0443,0.4806,0.5546,0.7360,241
03049800,aifs,12,-0.2147,-0.1156,0.0639,0.6813,239
03050000,aifs,12,-0.6395,0.2256,0.2281,1.0205,239
03066000,aifs,12,-0.2085,0.2227,0.2882,0.7668,241
03069500,aifs,12,-0.3090,0.2008,0.2495,0.7811,239
03070500,aifs,12,-1.2327,0.1616,0.3398,1.1618,239
03076600,aifs,12,-0.3373,0.2004,0.2624,0.7248,241
03078000,aifs,12,-0.4151,0.0749,0.1323,0.7746,241
03140000,aifs,12,-0.2136,0.1228,0.1832,1.0064,239
03144000,aifs,12,-1.2780,0.0308,0.0617,1.1501,241
03159540,aifs,12,-0.4597,0.1424,0.1579,0.9304,241
03161000,aifs,12,-0.3975,0.1772,0.2005,0.8913,241
03164000,aifs,12,-0.3547,0.4242,0.4751,0.9035,241
03165000,aifs,12,-0.6141,0.0252,0.0440,0.9282,224
03170000,aifs,12,-0.5090,0.2690,0.2752,0.9106,241
03173000,aifs,12,-1.0600,0.2084,0.3164,1.0750,239
03180500,aifs,12,-0.1329,0.3621,0.3714,0.9928,225
03182500,aifs,12,-0.6359,0.2973,0.3609,1.1812,239
03186500,aifs,12,-0.1371,0.3771,0.3843,0.9552,239
03187500,aifs,12,-0.3268,0.4130,0.4353,0.9511,238
03213700,aifs,12,-1.1403,0.1839,0.3718,1.2067,241
03237280,aifs,12,-0.1115,0.1123,0.2286,0.7781,241
03237500,aifs,12,-0.2723,0.2616,0.2903,1.1670,239
03241500,aifs,12,-0.4348,0.0284,0.0833,0.8098,228
03280700,aifs,12,-2.7449,-0.1944,0.2496,1.1035,213
03281100,aifs,12,-4.1621,-0.5464,0.3031,1.2446,239
03281500,aifs,12,-2.7040,-0.2129,0.3238,1.1443,228
03285000,aifs,12,-2.3057,-0.4668,0.2111,2.0435,238
03291780,aifs,12,-0.2878,-0.0736,0.0217,0.9710,241
03300400,aifs,12,-0.3029,0.0082,0.0784,1.0254,241
03340800,aifs,12,-1.5770,-0.0085,0.0351,1.0369,193
03346000,aifs,12,-0.5218,-0.0595,0.0405,0.6308,241
03364500,aifs,12,-0.1890,-0.1629,0.0492,0.6057,241
03366500,aifs,12,-0.2474,-0.0838,0.0552,0.7256,241
03368000,aifs,12,-0.1102,-0.1064,0.1009,0.6900,241
03384450,aifs,12,-0.0444,-0.2028,0.0878,0.6418,241
03439000,aifs,12,-0.3021,-0.2433,-0.0323,0.6759,239
03450000,aifs,12,-0.3135,0.0181,0.0900,0.8948,241
03455500,aifs,12,-1.1451,0.0594,0.1017,0.7460,239
03456500,aifs,12,-0.6474,-0.0387,0.0043,0.8105,239
03460000,aifs,12,-0.7178,0.3011,0.4147,0.6249,241
03463300,aifs,12,-0.4977,0.0839,0.1163,0.8505,241
03471500,aifs,12,-0.1382,0.4702,0.6612,0.7711,239
03473000,aifs,12,-0.4688,0.3807,0.5484,0.7695,241
03479000,aifs,12,-2.7495,-0.1818,0.1980,0.9931,239
03488000,aifs,12,-1.3574,0.1309,0.3230,0.8511,241
03498500,aifs,12,-2.4423,-0.1410,0.3227,0.8646,241
03500000,aifs,12,-0.5127,0.3615,0.3888,0.8475,239
03504000,aifs,12,-0.6473,0.2678,0.2820,0.8618,239
03574500,aifs,12,-0.1099,-0.0165,0.1806,0.6540,241
03604000,aifs,12,-0.4959,-0.1244,-0.0542,0.8443,239
04015330,aifs,12,0.3105,0.1024,0.6750,0.4999,200
04024430,aifs,12,0.3432,0.5293,0.6400,0.7403,241
04027000,aifs,12,0.3825,0.4581,0.6369,0.7506,241
04040500,aifs,12,0.8383,0.7836,0.9228,0.9230,241
04043050,aifs,12,0.7832,0.8189,0.8869,0.9077,182
04045500,aifs,12,0.8648,0.8010,0.9462,0.8085,237
04056500,aifs,12,0.5902,0.4578,0.8683,0.7114,231
04057510,aifs,12,0.8709,0.6784,0.9694,0.7750,161
04057800,aifs,12,0.7893,0.5911,0.9248,0.7163,241
04059500,aifs,12,0.8442,0.7392,0.9383,0.9672,241
04063700,aifs,12,0.6199,0.3608,0.9255,0.5787,241
04074950,aifs,12,0.5779,0.5078,0.8753,0.7351,241
04105700,aifs,12,0.4038,0.4671,0.6688,0.8992,241
04115265,aifs,12,0.1876,0.1887,0.4393,0.9230,241
04122200,aifs,12,0.2756,0.2690,0.6157,0.7902,241
04122500,aifs,12,0.5435,0.5504,0.7808,0.8788,239
04124000,aifs,12,0.6508,0.5461,0.8604,0.9636,241
04127997,aifs,12,0.2946,0.3135,0.5867,0.8896,204
04185000,aifs,12,0.4379,0.5993,0.6763,0.8829,218
04196800,aifs,12,-0.0091,0.3410,0.3891,0.8759,241
04197100,aifs,12,0.0185,0.3770,0.4306,1.1897,241
04197170,aifs,12,-0.4824,0.1569,0.1682,1.0726,241
04213000,aifs,12,-0.6842,0.3013,0.3600,1.1091,239
04213075,aifs,12,-0.2119,0.1382,0.2035,0.8693,237
04216418,aifs,12,0.2386,0.4919,0.5435,0.9615,241
04221000,aifs,12,0.0163,0.2202,0.4350,0.6051,241
04224775,aifs,12,0.0504,0.0911,0.4121,0.5444,239
04256000,aifs,12,0.5935,0.7678,0.8121,1.1261,239
04296000,aifs,12,0.3358,0.5807,0.6254,0.8967,241
05057000,aifs,12,-1.0452,0.0847,0.4187,0.5180,163
05057200,aifs,12,0.5745,0.7062,0.7610,1.0026,240
05062500,aifs,12,0.5511,0.6077,0.7468,0.9117,202
05087500,aifs,12,0.1187,0.3572,0.4345,0.9504,241
05120500,aifs,12,-10.1699,-1.4962,-0.0650,3.2042,210
05123400,aifs,12,-0.3950,-0.6564,-0.0244,0.1567,240
05129115,aifs,12,-0.8203,-0.8897,-0.2533,0.0000,241
05131500,aifs,12,0.1678,0.1182,0.5504,0.5185,145
05291000,aifs,12,-0.9850,0.1490,0.2054,0.7681,241
05362000,aifs,12,0.4525,0.6319,0.7033,0.8252,240
05393500,aifs,12,0.5115,0.6515,0.7308,0.8424,241
05399500,aifs,12,-0.0024,0.2938,0.3707,0.8162,239
05408000,aifs,12,-0.0488,-0.0554,0.1853,0.8047,240
05412500,aifs,12,-0.1279,0.0946,0.3062,0.6409,241
05413500,aifs,12,-0.6461,-0.0102,0.0593,0.7711,211
05414000,aifs,12,-0.2502,0.0078,0.4104,0.5772,207
05444000,aifs,12,-0.4063,0.0431,0.1483,0.6740,239
05454000,aifs,12,-0.1543,0.1458,0.2912,0.6391,241
05458000,aifs,12,-0.1961,-0.1883,0.0188,0.6756,241
05466500,aifs,12,0.0632,-0.0091,0.3160,0.6642,239
05487980,aifs,12,-0.2580,-0.1374,0.0070,0.7424,239
05488200,aifs,12,-0.1551,-0.2633,0.0280,0.4763,239
05489000,aifs,12,-0.0921,-0.3767,0.0002,0.4154,239
05495000,aifs,12,-0.3455,0.1510,0.1826,1.1063,239
05495500,aifs,12,-0.0227,-0.0654,0.2147,0.5549,235
05501000,aifs,12,-0.0497,-0.2572,0.0777,0.5361,239
05503800,aifs,12,-0.1965,0.0920,0.1668,0.9686,241
05507600,aifs,12,-0.9857,-0.0073,0.1937,1.5722,241
05508805,aifs,12,-1.3298,-0.1755,0.2515,1.8191,239
05514500,aifs,12,-0.3029,0.0456,0.1060,1.0208,239
05525500,aifs,12,-0.1776,0.1866,0.2381,1.0581,239
05556500,aifs,12,-0.0911,-0.1845,0.1827,0.4701,241
05584500,aifs,12,0.0645,-0.0377,0.3705,0.4932,239
05585000,aifs,12,-0.0478,-0.0858,0.2817,0.4468,241
05591550,aifs,12,-0.3146,0.0586,0.1232,0.8464,239
05592050,aifs,12,-0.3937,-0.0693,0.0192,0.7723,222
05592575,aifs,12,-0.0185,0.0603,0.2566,0.6717,239
05593575,aifs,12,-0.6868,-0.0320,0.2380,1.6911,241
05593900,aifs,12,-0.3061,0.0301,0.1035,0.8435,239
05595730,aifs,12,-1.3878,-0.1181,0.1918,1.6780,241
06037500,aifs,12,-2.6561,0.2900,0.8261,1.2999,241
06043500,aifs,12,0.2228,0.3331,0.9380,1.3754,241
06154410,aifs,12,-1.3833,-0.0175,0.0432,0.7188,241
06188000,aifs,12,0.8270,0.8842,0.9235,1.0280,241
06191500,aifs,12,0.7349,0.6740,0.9435,1.1521,241
06221400,aifs,12,0.8366,0.8594,0.9328,1.0742,241
06224000,aifs,12,0.6809,0.8225,0.8529,1.0879,241
06289000,aifs,12,0.2245,0.6138,0.6269,0.9004,241
06332515,aifs,12,-0.1379,0.3034,0.3614,1.2467,118
06339100,aifs,12,-17.9661,-2.6912,0.0583,2.4814,177
06339500,aifs,12,-0.6403,0.0808,0.3278,0.3762,171
06344600,aifs,12,-4.1239,-1.7241,-0.0022,3.5035,180
06350000,aifs,12,-3.6042,-0.7806,0.5488,2.2516,241
06352000,aifs,12,-0.0173,-0.1060,0.5074,1.3449,240
06353000,aifs,12,-0.0009,-0.1143,0.5106,0.8151,239
06354000,aifs,12,-0.0263,0.3252,0.5070,0.5628,176
06360500,aifs,12,0.1227,0.1402,0.5249,1.5420,142
06404000,aifs,12,-90.4975,-7.4969,-0.0793,2.1720,208
06406000,aifs,12,-190.9107,-5.0428,0.2650,5.8746,183
06408700,aifs,12,-1588.4283,-4.1237,0.2203,1.5115,241
06409000,aifs,12,-1.4621,0.6845,0.8738,1.2671,196
06431500,aifs,12,-2.4365,0.1848,0.4449,1.1130,230
06440200,aifs,12,-1.0634,-0.1215,0.0095,0.4749,163
06441500,aifs,12,-47.3135,-5.8946,-0.0427,4.8916,180
06447000,aifs,12,-0.4294,-0.0358,0.0572,0.6892,143
06447500,aifs,12,-0.1261,-0.1544,0.1734,0.7186,241
06450500,aifs,12,0.0678,-0.0343,0.5152,1.0534,211
06452000,aifs,12,-0.0873,-0.2203,0.0036,1.0530,178
06453600,aifs,12,-0.2432,-0.2607,0.1908,1.6343,238
06464500,aifs,12,-0.4980,-0.0808,-0.0263,1.0717,178
06477500,aifs,12,-123.5822,-9.9276,0.0546,5.5150,240
06479215,aifs,12,-0.1183,-0.1670,0.1214,0.5565,241
06479438,aifs,12,-0.1426,-0.5327,0.0193,0.2163,241
06601000,aifs,12,-0.6518,-0.0891,-0.0498,0.8660,241
06614800,aifs,12,0.7579,0.5781,0.9389,1.3751,241
06622700,aifs,12,-0.4659,0.1045,0.7381,1.6452,241
06623800,aifs,12,0.8102,0.9013,0.9094,1.0004,241
06632400,aifs,12,-0.3762,0.3021,0.4473,1.3996,241
06784000,aifs,12,-1.0078,-0.2549,-0.0667,1.3140,241
06803510,aifs,12,-0.2881,-0.1225,-0.0057,0.8349,241
06803530,aifs,12,-0.2050,-0.2049,-0.0398,0.8456,241
06814000,aifs,12,-0.5877,0.3004,0.3183,0.9482,241
06846500,aifs,12,-0.0092,-0.4692,-0.0539,1.3849,241
06847900,aifs,12,-0.0211,-0.3210,0.0538,1.3119,241
06853800,aifs,12,-0.6286,-0.3765,-0.0326,1.7952,241
06876700,aifs,12,-0.1053,-0.5125,0.1149,0.1810,241
06878000,aifs,12,-0.3619,-0.1597,-0.0035,0.5917,241
06879650,aifs,12,-0.0149,-0.2324,0.1943,0.3859,240
06885500,aifs,12,-0.1704,-0.2790,0.0259,0.4324,241
06888500,aifs,12,-0.0494,-0.4429,0.0361,0.3308,241
06889200,aifs,12,-0.0923,-0.0486,0.1456,0.6988,241
06889500,aifs,12,-1.2137,0.0196,0.0403,1.1408,241
06892000,aifs,12,-0.3861,-0.0423,0.0814,0.6168,241
06903400,aifs,12,-0.0807,-0.5571,0.0255,0.1414,241
06906800,aifs,12,-0.1129,-0.0525,0.1470,0.6434,241
06910800,aifs,12,-0.1761,-0.1542,0.0588,0.6016,241
06911900,aifs,12,-0.1021,-0.1431,0.1102,0.5731,241
06917000,aifs,12,-0.1225,-0.1409,0.1492,0.4544,241
06918460,aifs,12,0.0384,0.1371,0.3026,0.8574,241
06919500,aifs,12,-0.2412,0.0284,0.2246,0.4927,241
06921070,aifs,12,-0.0192,-0.0106,0.2260,0.6538,241
06921200,aifs,12,-0.0491,-0.3680,0.1274,0.3082,241
06934000,aifs,12,-0.0012,0.1793,0.3846,0.6367,240
07014500,aifs,12,-0.0786,-0.1715,0.0941,0.6613,241
07056000,aifs,12,-0.0907,0.1784,0.2721,0.8154,241
07057500,aifs,12,0.0734,0.0503,0.3773,0.7865,233
07060710,aifs,12,-0.0001,-0.3926,0.0300,1.0572,241
07066000,aifs,12,-0.0753,0.1441,0.2644,0.8226,241
07067000,aifs,12,-0.2126,0.3421,0.4814,0.6119,241
07068000,aifs,12,-0.2211,0.4228,0.4478,0.8351,240
07071500,aifs,12,-0.3389,0.4772,0.5271,0.8301,241
07083000,aifs,12,-2.0389,-0.5329,0.8769,1.8457,241
07142300,aifs,12,-8.2984,-5.0299,-0.1041,6.8648,241
07145700,aifs,12,-0.0168,-0.5570,0.0693,0.1772,238
07148400,aifs,12,-0.7086,0.2631,0.6377,1.4424,241
07149000,aifs,12,-0.1286,0.3964,0.6173,1.4645,241
07151500,aifs,12,-0.0241,-0.4542,0.0366,0.4043,241
07167500,aifs,12,-0.1183,-0.4446,0.0179,1.8209,241
07180500,aifs,12,-0.1123,-0.2078,0.0120,0.7842,241
07184000,aifs,12,-0.0941,-0.3563,0.0374,0.3515,239
07195800,aifs,12,0.1212,0.2125,0.4017,0.7799,239
07196900,aifs,12,-0.0068,0.1529,0.2781,1.0898,240
07197000,aifs,12,0.0201,0.3125,0.3731,0.9833,241
07208500,aifs,12,-0.0850,0.4404,0.7206,1.0975,241
07226500,aifs,12,-0.0374,-0.4606,-0.0168,0.3757,239
07261000,aifs,12,-1.6568,-0.2354,0.1443,1.8077,239
07263295,aifs,12,-2.1782,-1.8770,0.0167,3.6830,239
07290650,aifs,12,-0.2286,-0.0904,0.1241,0.5473,241
07291000,aifs,12,-0.4665,-0.0870,0.1472,0.3800,241
07292500,aifs,12,-0.4624,0.1811,0.2158,0.7791,241
07295000,aifs,12,-0.1674,-0.0599,0.1285,0.6201,241
07299670,aifs,12,-0.3119,-0.3159,0.0734,1.8361,231
07301410,aifs,12,-0.4365,-0.3656,-0.2040,0.7158,230
07301500,aifs,12,-0.1865,-0.5706,0.0446,1.7849,203
07315200,aifs,12,-1.2606,-0.0403,0.0338,1.3533,161
07315700,aifs,12,-17.8442,-4.0752,-0.0370,4.9017,218
07335700,aifs,12,-0.1073,-0.2136,0.0882,0.5245,232
07340300,aifs,12,-0.4544,0.2055,0.2100,1.0095,241
07346045,aifs,12,-5.8180,-0.7931,0.1724,1.0427,241
07359610,aifs,12,-0.4762,0.0139,0.2866,1.6770,241
07362100,aifs,12,-4.9734,-1.0720,0.2652,2.4311,241
07362587,aifs,12,-1.1866,-0.7087,-0.0036,2.3829,239
07373000,aifs,12,-0.1033,-0.2652,0.1432,0.5224,237
07375000,aifs,12,0.1329,-0.0286,0.4426,0.4329,241
07376000,aifs,12,0.1112,0.1021,0.4381,0.5612,241
08013000,aifs,12,0.1758,0.0696,0.5234,0.5635,241
08014500,aifs,12,0.0574,-0.0536,0.4015,0.5355,241
08023080,aifs,12,-0.5662,-0.4969,0.0091,2.0826,241
08025500,aifs,12,-0.0884,-0.2666,0.0018,0.6906,241
08029500,aifs,12,-0.0980,-0.2534,-0.0275,1.0583,241
08050800,aifs,12,-0.0431,-0.2721,0.0396,0.6697,240
08066200,aifs,12,-0.0417,-0.5165,-0.0332,0.3175,241
08066300,aifs,12,-0.0563,-0.5865,-0.0372,0.1898,241
08070000,aifs,12,-5.7255,-0.9317,0.0791,1.9327,241
08070200,aifs,12,-2.1955,-0.1097,0.0934,1.2945,241
08079600,aifs,12,-6.8185,-2.7164,-0.0274,4.2259,196
08082700,aifs,12,-0.0346,-0.3899,-0.0395,0.6535,227
08086212,aifs,12,-0.0409,-0.2429,0.0464,1.2772,241
08086290,aifs,12,-0.3914,-0.7491,0.0571,2.4368,241
08101000,aifs,12,-4.6304,-0.8681,0.1233,2.1101,241
08103900,aifs,12,0.3232,0.1944,0.6678,0.7006,241
08104900,aifs,12,-0.0687,-0.2855,0.1333,0.3709,241
08109700,aifs,12,-0.1595,0.0712,0.1678,1.1017,224
08150800,aifs,12,-0.0076,-0.5697,-0.0233,0.3064,241
08155200,aifs,12,-0.2164,-0.7361,0.2663,2.5110,241
08158700,aifs,12,-4.3201,-8.7145,0.2629,10.6550,241
08158810,aifs,12,0.0797,0.0063,0.2845,0.9426,241
08164000,aifs,12,-1.3981,-0.1946,0.1607,1.7816,241
08164300,aifs,12,-0.0663,-0.1741,0.0728,0.7230,238
08164600,aifs,12,-2.6391,-2.5623,0.1402,4.3923,241
08165300,aifs,12,-0.0080,-0.4712,-0.0873,0.7892,241
08171300,aifs,12,-17.7585,-29.8920,0.0105,31.8199,241
08175000,aifs,12,-0.0514,-0.2047,0.2231,0.2774,241
08176900,aifs,12,-3.5871,-3.9508,0.3712,5.7984,241
08178880,aifs,12,-0.0604,-0.5039,0.0307,0.2255,241
08189500,aifs,12,-0.3637,0.0593,0.1188,0.8104,241
08190000,aifs,12,-0.0261,-0.4214,-0.0172,0.5303,241
08190500,aifs,12,0.3848,0.3445,0.6869,1.5702,235
08194200,aifs,12,-0.0809,-0.4527,0.0025,0.2522,241
08195000,aifs,12,-0.0104,-0.4724,0.0303,0.3999,241
08196000,aifs,12,0.0886,0.0277,0.3017,1.1285,229
08198500,aifs,12,-0.0053,-0.5403,0.1068,0.2075,241
08200000,aifs,12,-0.0367,-0.4613,0.0686,0.2382,241
08202700,aifs,12,-0.0143,-0.6734,-0.0089,0.0571,240
08267500,aifs,12,-19.8600,-2.0551,0.7029,2.5934,241
08269000,aifs,12,-5.9372,-0.8157,0.6036,1.7753,241
08271000,aifs,12,-41.6973,-3.9648,0.7686,2.4375,241
08324000,aifs,12,-0.0316,0.5098,0.6785,1.1432,241
08377900,aifs,12,-5.1372,-0.6938,0.3726,1.3195,241
08378500,aifs,12,-6.4221,-1.0594,0.5909,1.3329,233
08380500,aifs,12,-2.9124,-0.2068,0.4178,1.6219,241
09034900,aifs,12,0.0469,0.1379,0.8858,1.6176,237
09035900,aifs,12,0.5073,0.6977,0.8275,1.1206,207
09047700,aifs,12,-5.1838,-1.0682,0.8709,1.4291,239
09065500,aifs,12,0.5239,0.4905,0.9206,1.1992,241
09066000,aifs,12,-1.1279,0.0983,0.5836,1.2067,241
09066200,aifs,12,0.6355,0.5361,0.9330,1.2771,241
09066300,aifs,12,-0.4980,-0.0693,0.7972,1.8418,241
09081600,aifs,12,0.0640,0.5699,0.6355,1.0811,241
09107000,aifs,12,-1.5219,-0.1394,0.7217,1.3127,240
09210500,aifs,12,-1.3950,0.0887,0.7423,1.5441,214
09223000,aifs,12,-2.8724,-0.5767,0.8735,2.0007,180
09306242,aifs,12,-381.4565,-4.1817,0.8973,6.0624,239
09312600,aifs,12,-2.1581,-0.6423,0.4926,2.4197,241
09352900,aifs,12,-0.5346,0.3159,0.5948,1.2596,211
09378170,aifs,12,0.2468,0.2668,0.5337,1.3217,241
09378630,aifs,12,,,,,241
09386900,aifs,12,-14.7738,-2.3098,0.0003,2.5477,241
09404450,aifs,12,0.6828,0.8397,0.8494,0.9476,241
09430500,aifs,12,-1.6652,-0.0660,0.2503,0.2526,241
09430600,aifs,12,-0.7200,0.1029,0.3848,0.3819,241
09447800,aifs,12,-2.2254,-0.6398,0.0332,2.0347,241
09480000,aifs,12,-0.2508,-1.8687,-0.0203,3.6161,241
09484000,aifs,12,-1.6979,-0.7969,0.1058,2.5178,216
09484600,aifs,12,-0.2315,-0.8581,0.2844,2.6960,240
09492400,aifs,12,-0.3755,0.3960,0.6824,1.4814,240
09494000,aifs,12,-1.6828,0.0395,0.3863,1.0894,241
09497800,aifs,12,-0.1106,-0.6246,-0.2538,1.5134,241
09497980,aifs,12,-11.5663,-1.7851,0.1610,1.7808,210
09505200,aifs,12,-3.0866,-0.3589,0.1548,1.5640,241
09505350,aifs,12,-3.1907,-0.8019,0.1642,2.2913,241
09505800,aifs,12,-6.3966,-1.0385,0.1775,1.8115,241
09508300,aifs,12,-35.5480,-4.4586,0.0238,3.0781,241
09510200,aifs,12,-307.8301,-17.4210,0.0211,9.2408,222
09512280,aifs,12,-57.1856,-8.6766,0.0080,8.0826,241
09513780,aifs,12,-534.6538,-24.8468,0.0510,14.7244,240
10023000,aifs,12,-15.3694,-0.7136,0.0807,2.2412,241
10166430,aifs,12,-13273.7019,-90.6055,0.5561,72.6314,241
10172700,aifs,12,-30.3372,-0.3239,0.6244,2.0218,241
10172800,aifs,12,-9.3995,-0.8446,0.7989,2.3394,241
10173450,aifs,12,-0.6349,0.3224,0.3709,1.0371,241
10205030,aifs,12,-201.9583,-10.2518,-0.0148,2.3700,241
10234500,aifs,12,-0.1181,-0.2666,-0.0400,0.8661,237
10242000,aifs,12,-30.1292,-3.7940,0.4144,4.5182,241
10244950,aifs,12,-37.5895,-1.5852,0.7168,1.5639,241
10249300,aifs,12,-45.3188,-4.6332,0.5117,4.3493,240
10258000,aifs,12,,,,,69
10258500,aifs,12,0.1560,0.0468,0.4008,0.6007,241
10259000,aifs,12,0.7706,0.6977,0.9035,1.0791,241
10259200,aifs,12,-14.1719,-7.2859,0.8191,8.5797,241
10263500,aifs,12,0.0484,0.3052,0.8742,1.2435,241
10310500,aifs,12,-1.9223,0.0711,0.9033,1.8211,241
10316500,aifs,12,-0.2710,0.3546,0.6882,1.2245,241
10329500,aifs,12,0.4330,0.5268,0.8871,1.1842,241
10336645,aifs,12,0.5085,0.6653,0.7798,1.2498,227
10336660,aifs,12,0.4650,0.7152,0.7257,1.0687,241
10343500,aifs,12,0.5848,0.5421,0.8041,0.8203,241
10348850,aifs,12,-2.2171,0.0218,0.8149,1.7181,241
10396000,aifs,12,0.6964,0.8003,0.8585,1.1088,241
11098000,aifs,12,0.1985,0.5573,0.6369,1.2421,241
11124500,aifs,12,-2.4953,-0.8923,0.8806,2.3669,241
11141280,aifs,12,0.2599,0.4745,0.5533,1.1300,241
11143000,aifs,12,0.4091,0.5832,0.6545,1.0869,241
11148900,aifs,12,0.2791,0.2135,0.5377,0.5864,241
11151300,aifs,12,0.4442,0.4472,0.6686,1.3312,241
11162500,aifs,12,0.2556,0.3446,0.5472,0.6536,241
11176400,aifs,12,-1.0348,0.2013,0.4624,1.1152,144
11180500,aifs,12,-10.2458,-2.6205,0.4292,3.4299,241
11180960,aifs,12,-11.7075,-2.3939,0.2326,3.0502,241
11224500,aifs,12,-0.0202,-0.6065,0.0413,0.1242,241
11253310,aifs,12,-0.0189,-0.2076,0.1660,0.4431,241
11264500,aifs,12,-1.1645,0.1398,0.1924,1.0815,241
11266500,aifs,12,-1.2642,0.1454,0.2838,1.2043,241
11274500,aifs,12,-0.8441,0.0436,0.5264,1.5936,241
11274630,aifs,12,-1.4836,-0.2155,0.6138,1.6245,241
11284400,aifs,12,0.1257,-0.0338,0.4030,0.3578,241
11299600,aifs,12,-0.2789,0.3378,0.3390,1.0204,238
11381500,aifs,12,0.3371,0.2821,0.6308,0.9886,241
11383500,aifs,12,0.3984,0.3540,0.6707,1.0298,241
11451100,aifs,12,-0.1870,0.2991,0.3156,1.0256,106
11468500,aifs,12,0.1506,0.0805,0.3976,0.8486,241
11473900,aifs,12,0.2758,0.2008,0.5869,0.8698,241
11475560,aifs,12,0.3057,0.2901,0.5657,0.8637,241
11476600,aifs,12,0.5409,0.5900,0.7374,1.0964,240
11478500,aifs,12,0.4974,0.4183,0.7324,1.2498,241
11480390,aifs,12,0.3108,0.2193,0.6532,0.8594,241
11481200,aifs,12,0.3546,0.4672,0.6006,1.1153,241
11482500,aifs,12,0.5231,0.5700,0.7516,1.3274,241
11522500,aifs,12,0.1083,0.3898,0.6040,1.4642,241
11523200,aifs,12,-0.4337,0.1471,0.6117,1.6929,241
11528700,aifs,12,0.3642,0.3603,0.6171,1.0704,241
11532500,aifs,12,0.5482,0.5009,0.7708,1.0014,241
12010000,aifs,12,-0.0334,0.4253,0.4833,0.7506,241
12013500,aifs,12,-0.2458,0.4633,0.5222,0.9643,241
12020000,aifs,12,-0.2618,0.3511,0.4020,0.7505,241
12025000,aifs,12,-0.4241,0.3748,0.5073,1.2115,241
12025700,aifs,12,-0.4214,0.3998,0.4613,1.0672,241
12035000,aifs,12,-0.4390,0.3825,0.5684,0.9773,241
12040500,aifs,12,-0.4815,0.3719,0.5545,1.0016,241
12041200,aifs,12,-1.0198,0.1294,0.5986,0.9789,241
12043000,aifs,12,0.0388,0.5568,0.6441,0.9294,241
12048000,aifs,12,0.0151,0.4432,0.8161,1.3118,241
12054000,aifs,12,-0.1842,0.3822,0.7049,1.3696,241
12056500,aifs,12,-0.5484,0.3316,0.5789,1.0195,241
12073500,aifs,12,-0.2904,0.4535,0.5565,1.1282,240
12082500,aifs,12,0.3354,0.5287,0.6035,1.0658,235
12092000,aifs,12,0.1887,0.5527,0.5619,1.0305,241
12095000,aifs,12,0.4323,0.7230,0.7344,1.0515,241
12114500,aifs,12,0.5721,0.5078,0.7938,1.0500,241
12115000,aifs,12,0.5592,0.5129,0.7766,1.0301,241
12115500,aifs,12,0.5030,0.5253,0.7163,0.9155,241
12117000,aifs,12,0.6643,0.7099,0.8161,1.0105,241
12141300,aifs,12,0.4330,0.5109,0.6669,1.1610,241
12143600,aifs,12,0.4910,0.5308,0.7185,1.2551,238
12144000,aifs,12,0.5747,0.6677,0.7599,1.0517,240
12145500,aifs,12,0.2104,0.6125,0.7137,1.0213,241
12147600,aifs,12,0.3620,0.5110,0.6094,1.0135,241
12167000,aifs,12,0.2253,0.5202,0.6325,1.3082,241
12175500,aifs,12,-0.1073,0.5075,0.5930,1.1842,241
12186000,aifs,12,0.2298,0.5366,0.6109,1.2394,238
12189500,aifs,12,0.1206,0.5091,0.6484,1.3371,240
12358500,aifs,12,0.6002,0.8028,0.8147,1.0125,241
12377150,aifs,12,0.5170,0.7582,0.7587,0.9852,241
12381400,aifs,12,0.3760,0.5242,0.8616,1.2148,208
12390700,aifs,12,0.3990,0.6174,0.6890,1.1836,241
12411000,aifs,12,0.6493,0.6795,0.8473,1.2784,230
12414500,aifs,12,0.6366,0.6936,0.8043,0.9195,241
12447390,aifs,12,-0.1905,-0.2275,0.2268,0.3715,241
12451000,aifs,12,0.4185,0.6398,0.8009,1.2546,241
12488500,aifs,12,0.4822,0.6904,0.7528,1.1787,241
13011500,aifs,12,0.6305,0.5198,0.9288,1.3690,241
13011900,aifs,12,0.7918,0.7970,0.9276,0.9945,241
13018300,aifs,12,-0.4667,-0.0202,0.9404,1.5073,241
13023000,aifs,12,0.4816,0.7373,0.7884,0.9382,199
13161500,aifs,12,0.5870,0.7323,0.7906,0.8558,241
13235000,aifs,12,0.5882,0.6670,0.7819,0.8931,239
13240000,aifs,12,0.8222,0.8885,0.9073,1.0025,162
13310700,aifs,12,0.5987,0.5364,0.8818,0.6899,241
13313000,aifs,12,0.7096,0.5011,0.9574,0.6544,241
13331500,aifs,12,0.4149,0.4690,0.9043,1.2572,241
13337000,aifs,12,0.6312,0.7196,0.8212,0.8387,241
13338500,aifs,12,0.6843,0.8006,0.8682,1.1178,241
13340000,aifs,12,0.4885,0.6486,0.7468,0.8120,241
13340600,aifs,12,0.5698,0.6306,0.8495,0.7194,241
14020000,aifs,12,0.2215,0.1170,0.6111,0.5980,241
14092750,aifs,12,0.3628,0.4719,0.6274,0.8749,241
14096850,aifs,12,-1.8976,0.1397,0.6539,0.4995,241
14137000,aifs,12,0.3078,0.3774,0.5549,0.9992,236
14138800,aifs,12,0.0550,0.1852,0.3307,0.8635,241
14138870,aifs,12,0.2196,0.3701,0.5063,0.8159,241
14138900,aifs,12,-0.0332,0.1529,0.2691,0.8853,241
14139800,aifs,12,0.2049,0.3677,0.5012,0.7864,239
14141500,aifs,12,0.2674,0.4333,0.5446,0.8632,241
14154500,aifs,12,0.1223,0.5481,0.5887,1.1804,241
14158500,aifs,12,0.7389,0.7455,0.8868,1.0898,226
14158790,aifs,12,0.3666,0.5041,0.6111,0.9826,237
14166500,aifs,12,0.3194,0.3788,0.5664,0.9282,241
14182500,aifs,12,0.1762,0.4191,0.4962,0.8599,241
14185000,aifs,12,0.3135,0.6295,0.6442,1.0936,241
14185900,aifs,12,0.1709,0.5452,0.5585,1.0849,238
14187000,aifs,12,0.3040,0.6252,0.6653,1.1672,239
14216500,aifs,12,0.4695,0.7096,0.7249,1.0780,238
14222500,aifs,12,0.1783,0.4095,0.4825,1.0090,241
14236200,aifs,12,-0.0033,0.4932,0.4949,0.9593,240
14301000,aifs,12,0.2837,0.4495,0.5540,0.8932,240
14303200,aifs,12,0.3049,0.2856,0.5724,0.8733,241
14305500,aifs,12,0.2850,0.3628,0.5431,0.8395,239
14306340,aifs,12,0.3677,0.3632,0.6308,0.7420,241
14306500,aifs,12,0.5218,0.5791,0.7266,0.9015,241
14308990,aifs,12,0.4709,0.4505,0.7075,0.9505,241
14309500,aifs,12,0.5051,0.4897,0.7249,0.8783,241
14316700,aifs,12,0.4015,0.5834,0.6527,1.1066,241
14325000,aifs,12,0.2871,0.4351,0.5570,0.8358,241
14362250,aifs,12,0.3060,0.1772,0.6837,0.5426,148
14400000,aifs,12,0.5767,0.4650,0.7998,0.7392,241
01013500,aifs,13,0.8868,0.8129,0.9512,0.8665,241
01022500,aifs,13,0.4258,0.5423,0.6547,1.0327,241
01030500,aifs,13,0.6365,0.7473,0.8643,1.1104,241
01031500,aifs,13,0.3551,0.6134,0.6378,1.0073,239
01047000,aifs,13,0.1221,0.4757,0.5014,0.9259,241
01052500,aifs,13,0.2156,0.2433,0.4973,0.6981,241
01054200,aifs,13,-0.0114,-0.0151,0.2909,0.5025,241
01055000,aifs,13,-0.0441,0.3341,0.3720,0.9139,241
01057000,aifs,13,0.3689,0.6714,0.6734,0.9919,241
01073000,aifs,13,0.4408,0.6210,0.7964,1.2480,241
01078000,aifs,13,0.1914,0.3477,0.5126,0.7225,239
01118300,aifs,13,0.0457,0.3775,0.4426,0.8134,239
01121000,aifs,13,0.2412,0.5693,0.6169,1.1932,239
01123000,aifs,13,0.3377,0.5569,0.6120,0.9320,241
01134500,aifs,13,0.4697,0.6136,0.7055,0.8326,239
01137500,aifs,13,0.2338,0.3760,0.5382,0.7539,241
01139000,aifs,13,0.2616,0.5962,0.6075,0.9361,237
01139800,aifs,13,0.6667,0.8139,0.8283,1.0556,241
01142500,aifs,13,0.5121,0.7087,0.7405,0.9060,239
01144000,aifs,13,0.5959,0.7914,0.8019,0.9352,241
01169000,aifs,13,0.1431,0.4304,0.4796,1.0443,239
01170100,aifs,13,0.2747,0.5541,0.5848,0.9613,240
01181000,aifs,13,0.6063,0.7442,0.7891,1.1037,239
01187300,aifs,13,0.3306,0.4868,0.5883,1.0865,241
01195100,aifs,13,-0.1363,0.1883,0.2640,0.8355,241
01333000,aifs,13,0.3993,0.5512,0.6429,0.9156,239
01350000,aifs,13,0.0786,0.0494,0.3160,0.7150,238
01350080,aifs,13,0.5526,0.5710,0.7570,0.8047,241
01350140,aifs,13,0.4843,0.5931,0.7296,0.7391,191
01365000,aifs,13,0.2877,0.3163,0.5516,0.8226,239
01411300,aifs,13,-0.3257,0.0615,0.1470,1.2354,232
01413500,aifs,13,0.3117,0.3184,0.5948,0.7563,239
01414500,aifs,13,0.0362,-0.0038,0.3346,0.5732,239
01415000,aifs,13,0.2480,0.1745,0.6875,0.5403,196
01423000,aifs,13,0.3025,0.2984,0.6290,0.6818,241
01434025,aifs,13,0.1364,0.3954,0.5341,0.6516,241
01435000,aifs,13,0.2347,0.2333,0.5030,0.7827,240
01439500,aifs,13,0.0852,0.4172,0.4919,0.7888,239
01440000,aifs,13,-0.2267,0.3456,0.3554,0.9029,241
01440400,aifs,13,0.2812,0.5505,0.5917,0.9026,215
01451800,aifs,13,-0.2696,0.2823,0.2921,1.0365,239
01466500,aifs,13,-6.9517,-1.4812,0.7313,1.0092,239
01484100,aifs,13,-1.1503,0.1682,0.4316,1.3362,241
01485500,aifs,13,-5.7020,-1.0920,0.3973,2.2540,236
01486000,aifs,13,-3.0713,-0.4195,0.3923,1.9122,241
01487000,aifs,13,-0.7312,0.2331,0.6223,1.1185,241
01491000,aifs,13,0.1759,0.5586,0.5688,1.0792,241
01510000,aifs,13,0.5182,0.5909,0.7214,0.9325,241
01516500,aifs,13,0.0667,0.0496,0.3718,0.5830,241
01518862,aifs,13,0.1962,0.2600,0.5292,0.6355,241
01532000,aifs,13,-0.1771,0.4497,0.4578,0.9467,239
01539000,aifs,13,-0.0217,0.4004,0.4401,0.8328,225
01542810,aifs,13,-0.1479,0.3451,0.3615,0.9104,239
01543000,aifs,13,-0.1659,0.4495,0.4787,0.8486,241
01543500,aifs,13,0.1041,0.4988,0.5346,0.8303,239
01544500,aifs,13,0.2574,0.4231,0.6153,0.6717,241
01545600,aifs,13,0.3356,0.3840,0.6520,0.6715,241
01547700,aifs,13,-0.1337,0.0210,0.1497,0.8500,241
01548500,aifs,13,0.2127,0.3015,0.5761,0.6206,239
01549500,aifs,13,0.2901,0.4612,0.6064,0.7326,239
01550000,aifs,13,0.2154,0.3665,0.5609,0.6809,239
01552000,aifs,13,0.0443,0.4116,0.4712,0.7968,241
01552500,aifs,13,-0.0479,0.4384,0.4649,0.8364,241
01557500,aifs,13,-0.5530,0.2031,0.2063,0.9341,241
01567500,aifs,13,-0.3602,0.1216,0.1549,1.0717,241
01568000,aifs,13,-0.8319,0.1634,0.1873,1.1670,241
01580000,aifs,13,-0.3888,0.2079,0.2193,0.9493,237
01583500,aifs,13,-0.2343,0.2073,0.2522,0.8695,241
01586610,aifs,13,-0.3846,0.1643,0.1973,0.8484,207
01591400,aifs,13,-0.2458,0.1856,0.2208,0.9946,241
01596500,aifs,13,-0.3698,0.0799,0.1299,0.8437,239
01605500,aifs,13,-0.3854,0.3718,0.4327,1.2200,239
01606500,aifs,13,-0.2780,0.3435,0.3590,0.8588,214
01613050,aifs,13,-1.0348,0.1029,0.1441,1.2167,241
01620500,aifs,13,0.0238,0.2540,0.4439,0.5775,239
01632000,aifs,13,-0.3492,0.2591,0.2690,0.9131,239
01632900,aifs,13,-0.4743,0.3158,0.3206,1.0080,239
01634500,aifs,13,-0.3022,0.1626,0.1946,0.9489,224
01638480,aifs,13,-3.0861,-0.4659,0.2439,1.9769,236
01639500,aifs,13,-0.6004,0.1428,0.1645,1.1829,241
01644000,aifs,13,-1.7472,-0.1807,0.2463,1.8451,241
01658500,aifs,13,-1.3937,-0.0032,0.0391,1.1930,210
01664000,aifs,13,-0.2924,0.2544,0.2680,0.9454,241
01666500,aifs,13,-0.0691,0.2967,0.3385,1.0416,226
01667500,aifs,13,-0.8128,0.2314,0.2681,1.1287,219
01669000,aifs,13,-0.2677,0.3829,0.3914,1.0983,216
01669520,aifs,13,-5.4806,-0.8253,0.4269,1.8939,239
02011400,aifs,13,-0.7762,0.2289,0.4922,1.3432,241
02011460,aifs,13,-0.3391,0.3785,0.3838,0.9938,241
02013000,aifs,13,-0.3991,0.2893,0.3690,1.3165,241
02014000,aifs,13,-1.0890,0.1977,0.3535,1.1658,241
02015700,aifs,13,-0.4202,0.3883,0.4981,1.1744,223
02016000,aifs,13,-0.3176,0.4031,0.5955,1.1648,241
02017500,aifs,13,-1.6192,-0.0745,0.5495,1.3897,239
02018000,aifs,13,-1.0815,0.1242,0.4961,1.3689,234
02027000,aifs,13,-0.0790,0.5097,0.6190,0.9026,221
02027500,aifs,13,0.3697,0.5736,0.7126,0.6900,224
02028500,aifs,13,-0.3197,0.3981,0.4082,0.9665,216
02038850,aifs,13,-0.5094,0.1715,0.1875,0.8620,239
02046000,aifs,13,-0.5693,0.0921,0.3347,1.6151,231
02051000,aifs,13,-0.5238,0.0007,0.0311,1.0047,241
02051500,aifs,13,-0.8651,0.1035,0.2056,1.3947,239
02053200,aifs,13,-2.9303,-0.3859,0.1625,1.7547,210
02053800,aifs,13,0.0082,0.2956,0.3663,0.9041,222
02055100,aifs,13,-0.3809,0.3891,0.5019,1.2499,239
02056900,aifs,13,-0.5161,0.2872,0.2977,0.8984,216
02059500,aifs,13,-0.8652,0.2658,0.3716,0.9056,210
02064000,aifs,13,-0.2999,0.1787,0.2271,0.8058,229
02065500,aifs,13,-0.1310,0.3052,0.4012,0.6911,239
02069700,aifs,13,-0.5350,0.1693,0.1946,1.1830,214
02070000,aifs,13,-0.8284,0.1201,0.1423,1.1930,239
02074500,aifs,13,-0.6668,0.2040,0.2224,1.1601,241
02077200,aifs,13,-2.1407,-0.1593,0.2903,1.5239,236
02081500,aifs,13,-1.0733,-0.1186,0.0713,1.6182,241
02082950,aifs,13,-2.9850,-0.5059,0.3640,1.8960,241
02092500,aifs,13,-8.4126,-1.6588,0.1401,2.7623,241
02096846,aifs,13,-1.2494,-0.1644,0.0418,1.6470,241
02102908,aifs,13,-0.3173,0.0528,0.1100,0.9455,241
02108000,aifs,13,-0.0336,0.4529,0.5166,1.2550,241
02111180,aifs,13,-0.3469,-0.0799,0.0015,1.0310,241
02111500,aifs,13,-1.2887,0.0183,0.0329,1.0049,239
02118500,aifs,13,-1.6001,0.0665,0.1970,1.1134,241
02128000,aifs,13,-2.2891,-0.9072,0.1223,2.6134,241
02137727,aifs,13,-1.1708,-0.0233,-0.0214,1.0131,241
02140991,aifs,13,-1.3891,-0.0511,-0.0302,1.1664,241
02143000,aifs,13,-3.2582,-0.2278,0.1149,1.3079,241
02143040,aifs,13,-3.3022,-0.2866,0.0496,1.0510,239
02149000,aifs,13,-0.9024,-0.0523,-0.0450,1.0760,241
02152100,aifs,13,-1.9558,-0.0957,-0.0317,1.0928,241
02177000,aifs,13,-1.0009,0.0199,0.0268,1.1158,239
02178400,aifs,13,-0.7676,0.2436,0.2656,0.9949,239
02193340,aifs,13,-2.0570,-0.1255,0.1460,1.4726,241
02196000,aifs,13,-0.1358,-0.3180,-0.0012,0.4804,241
02198100,aifs,13,-0.1577,-0.3133,-0.0994,1.1572,240
02202600,aifs,13,-0.7049,-0.3596,0.0176,1.8328,241
02212600,aifs,13,-0.3371,-0.0077,0.0582,1.0009,239
02215100,aifs,13,-0.1956,-0.2325,-0.0187,0.6725,241
02216180,aifs,13,-0.0793,-0.4610,-0.0723,0.4475,239
02221525,aifs,13,-0.1982,0.1121,0.1838,1.0819,239
02231000,aifs,13,-2.0789,-0.2487,0.4961,1.5847,241
02231342,aifs,13,-3.6175,-0.6849,0.4117,2.1022,241
02235200,aifs,13,-0.0028,0.5046,0.5316,1.1611,240
02245500,aifs,13,-3.9638,-0.5216,0.3506,1.3640,241
02246000,aifs,13,-1.5408,0.0907,0.3322,0.9935,239
02296500,aifs,13,-0.5802,-0.2118,0.6287,2.0281,230
02297155,aifs,13,-0.0314,-0.1802,0.3599,0.2782,240
02297310,aifs,13,-1.3191,0.1317,0.3148,0.8142,231
02298123,aifs,13,0.0841,0.2281,0.4613,0.5413,241
02298608,aifs,13,-2.2013,-0.0891,0.3077,1.2083,241
02299950,aifs,13,-0.9342,0.2136,0.2573,0.9769,241
02300700,aifs,13,0.0013,0.0987,0.3024,0.6494,241
02310947,aifs,13,-0.2281,-1.0192,-0.2758,2.3282,241
02312200,aifs,13,-4.5692,-3.2254,-0.0038,5.0497,241
02314500,aifs,13,-0.1794,0.0541,0.2588,0.6080,241
02315500,aifs,13,-0.3267,-0.6847,-0.3047,0.4159,241
02324400,aifs,13,-0.2202,-1.0425,-0.5475,0.1095,241
02327100,aifs,13,-6.7270,-1.3411,0.2550,2.4407,239
02349900,aifs,13,-0.0346,-0.2200,0.0660,0.7808,241
02350900,aifs,13,-0.3097,0.1342,0.2956,0.6528,241
02361000,aifs,13,-0.5209,0.0524,0.1383,0.6838,241
02363000,aifs,13,-0.1171,-0.2676,0.1841,0.3651,239
02369800,aifs,13,-0.0305,-0.3602,0.0896,0.4654,240
02371500,aifs,13,0.0355,-0.1718,0.2229,0.7337,241
02372250,aifs,13,0.0143,-0.1698,0.1608,0.7770,239
02374500,aifs,13,-0.0638,-0.1015,0.1473,0.7240,241
02381600,aifs,13,-0.3829,-0.0235,0.0371,1.0424,241
02384540,aifs,13,-0.1146,0.0103,0.1717,0.8093,241
02395120,aifs,13,-3.8306,-0.3896,0.0972,1.1550,241
02408540,aifs,13,-0.4823,0.1706,0.1798,0.9351,241
02415000,aifs,13,-0.5311,0.1048,0.1188,0.9378,231
02422500,aifs,13,-1.4418,0.0714,0.1757,1.2394,224
02427250,aifs,13,-0.2687,0.0872,0.1479,1.0924,241
02430085,aifs,13,-0.4491,0.1203,0.1791,1.2785,241
02450250,aifs,13,-0.1763,0.0529,0.1460,1.0036,241
02464000,aifs,13,-0.0889,0.1096,0.2198,0.8839,241
02465493,aifs,13,-0.2187,0.2668,0.2914,1.0877,238
02469800,aifs,13,-0.0627,0.0243,0.2954,0.5187,239
02472000,aifs,13,0.1169,-0.0268,0.4539,0.4926,241
02472500,aifs,13,0.0068,0.1734,0.4288,0.4878,241
02479155,aifs,13,0.2904,0.1073,0.6487,0.5513,241
02479300,aifs,13,0.1094,-0.1425,0.5759,0.3519,241
02481000,aifs,13,0.0800,-0.2458,0.4426,0.2271,241
02481510,aifs,13,0.0779,-0.1877,0.4720,0.2903,241
03010655,aifs,13,0.2628,0.4058,0.6038,0.6812,212
03011800,aifs,13,0.0255,0.3933,0.4556,0.7999,241
03015500,aifs,13,-0.3514,0.4199,0.4589,1.0166,241
03021350,aifs,13,-0.2321,0.3162,0.3566,0.7782,239
03026500,aifs,13,0.0052,0.4104,0.4402,0.8791,241
03028000,aifs,13,0.0340,0.4683,0.5426,0.7352,241
03049800,aifs,13,-0.0308,-0.0359,0.2389,0.6231,239
03050000,aifs,13,-0.6204,0.2511,0.2559,0.9963,239
03066000,aifs,13,-0.1564,0.2240,0.3027,0.7594,241
03069500,aifs,13,-0.1903,0.2177,0.2876,0.7657,239
03070500,aifs,13,-1.0216,0.2192,0.3654,1.1442,239
03076600,aifs,13,-0.2728,0.1549,0.2429,0.7047,241
03078000,aifs,13,-0.3913,0.0704,0.1316,0.7781,241
03140000,aifs,13,0.1818,0.2191,0.4308,0.8971,239
03144000,aifs,13,-0.4105,0.1529,0.1700,1.0257,241
03159540,aifs,13,-0.3738,0.1160,0.1475,0.9343,241
03161000,aifs,13,-0.5358,0.0839,0.1070,0.8924,241
03164000,aifs,13,-0.5458,0.3469,0.3855,0.9095,241
03165000,aifs,13,-0.7692,-0.0042,0.0084,0.8996,224
03170000,aifs,13,-0.2553,0.2786,0.2977,0.8984,241
03173000,aifs,13,-0.5011,0.3771,0.4669,1.0766,239
03180500,aifs,13,0.0027,0.3966,0.4198,0.9771,225
03182500,aifs,13,-0.2554,0.4220,0.4565,1.1465,239
03186500,aifs,13,0.0935,0.4931,0.5052,0.9437,239
03187500,aifs,13,0.0621,0.5522,0.5672,0.9100,238
03213700,aifs,13,-1.2248,0.1577,0.3960,1.2155,241
03237280,aifs,13,-0.1274,0.0694,0.1998,0.7536,241
03237500,aifs,13,-0.3410,0.1859,0.2142,1.1325,239
03241500,aifs,13,-0.1846,-0.0237,0.1194,0.7447,228
03280700,aifs,13,-1.3130,0.1474,0.3610,1.0556,213
03281100,aifs,13,-2.2055,-0.0976,0.3349,1.1936,239
03281500,aifs,13,-2.1803,-0.0900,0.3517,1.1290,228
03285000,aifs,13,-1.2688,-0.2770,0.3669,2.0129,238
03291780,aifs,13,-0.1163,-0.0965,0.0754,0.8800,241
03300400,aifs,13,-0.2651,-0.0122,0.0733,1.0230,241
03340800,aifs,13,-0.2600,0.0990,0.1666,0.8475,193
03346000,aifs,13,-0.1883,0.0314,0.2008,0.5881,241
03364500,aifs,13,-0.0368,-0.2418,0.1288,0.5135,241
03366500,aifs,13,-0.0621,-0.0972,0.1392,0.6809,241
03368000,aifs,13,-0.0559,-0.1983,0.0942,0.6109,241
03384450,aifs,13,-0.0765,-0.1999,0.0502,0.7151,241
03439000,aifs,13,-0.4697,-0.1737,-0.0438,0.6972,239
03450000,aifs,13,-0.2940,-0.0352,0.0540,0.9061,241
03455500,aifs,13,-1.0593,0.0916,0.1291,0.7679,239
03456500,aifs,13,-0.6835,-0.0788,-0.0372,0.8246,239
03460000,aifs,13,-0.8372,0.2363,0.3334,0.6344,241
03463300,aifs,13,-0.6201,0.0274,0.0553,0.8478,241
03471500,aifs,13,0.1442,0.5822,0.6669,0.7610,239
03473000,aifs,13,-0.1825,0.4408,0.4973,0.7594,241
03479000,aifs,13,-0.7777,0.1674,0.1713,0.9542,239
03488000,aifs,13,0.0132,0.4270,0.4722,0.8041,241
03498500,aifs,13,-0.7423,0.2006,0.2254,0.8210,241
03500000,aifs,13,-0.8188,0.2757,0.3222,0.8606,239
03504000,aifs,13,-0.6626,0.2838,0.3010,0.8714,239
03574500,aifs,13,-0.2202,-0.0069,0.1350,0.6850,241
03604000,aifs,13,-0.3875,-0.1420,-0.0461,0.8511,239
04015330,aifs,13,0.2925,0.1278,0.5962,0.5135,200
04024430,aifs,13,0.3572,0.5608,0.6573,0.7506,241
04027000,aifs,13,0.5606,0.5089,0.7736,0.7424,241
04040500,aifs,13,0.8473,0.7951,0.9274,0.9420,241
04043050,aifs,13,0.7919,0.8361,0.8921,0.9097,182
04045500,aifs,13,0.8668,0.8036,0.9473,0.8114,237
04056500,aifs,13,0.5931,0.4622,0.8677,0.7136,231
04057510,aifs,13,0.8720,0.6958,0.9650,0.7884,161
04057800,aifs,13,0.7993,0.5886,0.9350,0.7227,241
04059500,aifs,13,0.8297,0.7389,0.9282,0.9739,241
04063700,aifs,13,0.5987,0.3478,0.9173,0.5779,241
04074950,aifs,13,0.5764,0.5095,0.8723,0.7363,241
04105700,aifs,13,0.4039,0.4668,0.6693,0.8987,241
04115265,aifs,13,0.1806,0.1919,0.4310,0.9216,241
04122200,aifs,13,0.2421,0.2401,0.5860,0.7839,241
04122500,aifs,13,0.4916,0.5197,0.7436,0.8760,239
04124000,aifs,13,0.6164,0.5289,0.8350,0.9619,241
04127997,aifs,13,0.2881,0.3155,0.5747,0.8932,204
04185000,aifs,13,0.3976,0.5998,0.6562,0.8935,218
04196800,aifs,13,-0.2161,0.2808,0.2998,0.9289,241
04197100,aifs,13,-0.0051,0.3212,0.3822,1.1569,241
04197170,aifs,13,-0.1172,0.0139,0.1534,0.8278,241
04213000,aifs,13,-0.7252,0.2829,0.3322,1.0952,239
04213075,aifs,13,-0.0574,0.1459,0.2656,0.8248,237
04216418,aifs,13,0.2958,0.4302,0.5572,0.8949,241
04221000,aifs,13,0.0236,0.1607,0.4342,0.5770,241
04224775,aifs,13,0.0432,0.0376,0.4166,0.5153,239
04256000,aifs,13,0.5961,0.7750,0.8004,1.1038,239
04296000,aifs,13,0.2877,0.5327,0.5888,0.8856,241
05057000,aifs,13,-1.0317,0.0819,0.4252,0.5192,163
05057200,aifs,13,0.4724,0.7018,0.7156,1.0226,240
05062500,aifs,13,0.5348,0.5756,0.7381,0.9030,202
05087500,aifs,13,0.0422,0.3299,0.3903,0.9985,241
05120500,aifs,13,-10.2487,-1.4982,-0.0665,3.2102,210
05123400,aifs,13,-0.3950,-0.6564,-0.0244,0.1567,240
05129115,aifs,13,-0.8203,-0.8897,-0.2533,0.0000,241
05131500,aifs,13,0.1772,0.1294,0.5556,0.5250,145
05291000,aifs,13,-0.5577,0.1982,0.2352,0.7594,241
05362000,aifs,13,0.5461,0.6550,0.7554,0.8121,240
05393500,aifs,13,0.4973,0.6060,0.7178,0.8201,241
05399500,aifs,13,0.0733,0.3182,0.4162,0.7859,239
05408000,aifs,13,0.0119,0.0668,0.2874,0.8092,240
05412500,aifs,13,-0.1506,0.1647,0.3228,0.6601,241
05413500,aifs,13,-0.6328,0.0658,0.1256,0.7659,211
05414000,aifs,13,-0.2268,0.0447,0.4291,0.5797,207
05444000,aifs,13,-0.3208,0.1098,0.2217,0.6671,239
05454000,aifs,13,-0.1297,0.0768,0.2823,0.5805,241
05458000,aifs,13,-0.2102,-0.1216,0.0536,0.7024,241
05466500,aifs,13,0.0244,-0.0546,0.2612,0.6525,239
05487980,aifs,13,-0.1130,-0.1206,0.1039,0.6306,239
05488200,aifs,13,-0.1029,-0.3333,0.0417,0.3910,239
05489000,aifs,13,-0.0600,-0.3755,0.0550,0.3616,239
05495000,aifs,13,-0.3618,0.1661,0.1934,1.1170,239
05495500,aifs,13,0.1198,-0.0518,0.3925,0.4507,235
05501000,aifs,13,-0.0271,-0.2797,0.1112,0.4586,239
05503800,aifs,13,-0.1936,0.0448,0.1435,0.8501,241
05507600,aifs,13,-1.2614,0.0618,0.1838,1.3361,241
05508805,aifs,13,-0.9310,0.0524,0.2764,1.5554,239
05514500,aifs,13,-0.1989,0.0902,0.1645,0.9955,239
05525500,aifs,13,-0.1115,0.1451,0.2282,1.0176,239
05556500,aifs,13,-0.0960,-0.2390,0.1770,0.4328,241
05584500,aifs,13,0.0647,-0.0508,0.3732,0.4929,239
05585000,aifs,13,-0.0055,-0.0693,0.3304,0.4469,241
05591550,aifs,13,-0.0988,-0.0151,0.1530,0.7716,239
05592050,aifs,13,-0.1872,-0.0476,0.1042,0.7211,222
05592575,aifs,13,0.0048,0.0017,0.2436,0.6507,239
05593575,aifs,13,-0.4587,0.0103,0.2546,1.6498,241
05593900,aifs,13,-0.1857,-0.0479,0.0949,0.7582,239
05595730,aifs,13,-0.6741,-0.0232,0.2151,1.6549,241
06037500,aifs,13,-2.6916,0.2703,0.8300,1.3005,241
06043500,aifs,13,0.2677,0.3463,0.9469,1.3766,241
06154410,aifs,13,-0.4711,-0.0338,0.0556,0.6977,241
06188000,aifs,13,0.8252,0.8758,0.9243,1.0349,241
06191500,aifs,13,0.7187,0.6661,0.9398,1.1584,241
06221400,aifs,13,0.8364,0.8616,0.9323,1.0710,241
06224000,aifs,13,0.6782,0.8198,0.8528,1.0905,241
06289000,aifs,13,0.2053,0.6081,0.6190,0.9080,241
06332515,aifs,13,-0.3958,0.1325,0.6669,1.5750,118
06339100,aifs,13,-3.5962,-0.6765,0.1634,2.0435,177
06339500,aifs,13,-0.9529,0.0486,0.2539,0.4156,171
06344600,aifs,13,-4.9049,-1.9136,0.1591,3.7006,180
06350000,aifs,13,-5.3707,-1.0668,0.4364,2.3303,241
06352000,aifs,13,-0.0177,-0.1067,0.5061,1.3451,240
06353000,aifs,13,-0.0009,-0.1146,0.5099,0.8151,239
06354000,aifs,13,-0.3331,0.3082,0.4403,0.5987,176
06360500,aifs,13,-1.4443,-0.0929,0.2403,1.6998,142
06404000,aifs,13,-31.0560,-3.6065,-0.1048,1.9354,208
06406000,aifs,13,-175.5010,-4.2146,0.4468,5.8268,183
06408700,aifs,13,-1591.7162,-4.1380,0.2153,1.5120,241
06409000,aifs,13,-1.5212,0.6772,0.8586,1.2690,196
06431500,aifs,13,-5.3632,-0.4632,0.3561,1.1269,230
06440200,aifs,13,-0.3815,-0.3172,-0.0221,0.2932,163
06441500,aifs,13,-22.1888,-3.8767,-0.0481,4.3333,180
06447000,aifs,13,-0.3554,0.1037,0.1683,0.7480,143
06447500,aifs,13,-0.1568,-0.1535,0.1265,0.7260,241
06450500,aifs,13,0.0714,-0.0222,0.5463,1.0527,211
06452000,aifs,13,-0.0649,-0.2434,0.0041,1.0480,178
06453600,aifs,13,-0.2419,-0.2595,0.1915,1.6333,238
06464500,aifs,13,-0.6373,-0.1054,-0.0679,1.0719,178
06477500,aifs,13,-124.5321,-9.9058,0.0377,5.3569,240
06479215,aifs,13,-0.1215,-0.1553,0.1210,0.5694,241
06479438,aifs,13,-0.1473,-0.5212,0.0002,0.2357,241
06601000,aifs,13,-0.8262,-0.0810,-0.0579,0.8508,241
06614800,aifs,13,0.7586,0.5743,0.9403,1.3780,241
06622700,aifs,13,-0.5130,0.0928,0.7290,1.6512,241
06623800,aifs,13,0.8063,0.8988,0.9078,1.0053,241
06632400,aifs,13,-0.4031,0.2930,0.4401,1.4031,241
06784000,aifs,13,-1.6066,-0.0898,-0.0329,1.3196,241
06803510,aifs,13,-1.3481,-0.0214,-0.0102,1.0017,241
06803530,aifs,13,-0.4712,-0.0209,0.0315,0.8462,241
06814000,aifs,13,-1.1240,0.0222,0.0287,0.9320,241
06846500,aifs,13,-0.0091,-0.4682,-0.0525,1.3853,241
06847900,aifs,13,-0.0209,-0.3204,0.0546,1.3119,241
06853800,aifs,13,-1.7653,-0.3875,-0.0311,1.9165,241
06876700,aifs,13,-0.1262,-0.5471,0.0241,0.1822,241
06878000,aifs,13,-0.9030,-0.0757,-0.0069,0.6267,241
06879650,aifs,13,-0.0498,-0.2633,0.1513,0.3607,240
06885500,aifs,13,-0.2996,-0.1114,0.1012,0.4616,241
06888500,aifs,13,-0.0742,-0.4403,0.0087,0.3228,241
06889200,aifs,13,-0.1594,-0.1213,0.0685,0.6805,241
06889500,aifs,13,-1.3877,0.0153,0.0401,0.9793,241
06892000,aifs,13,-0.8249,0.0764,0.1121,0.7465,241
06903400,aifs,13,-0.0759,-0.5334,0.0496,0.1444,241
06906800,aifs,13,-0.0540,0.0219,0.2339,0.6022,241
06910800,aifs,13,-0.3128,-0.1754,0.0017,0.5779,241
06911900,aifs,13,-0.2984,-0.1426,0.0344,0.5696,241
06917000,aifs,13,0.0245,-0.0223,0.2985,0.4840,241
06918460,aifs,13,0.0877,0.1585,0.3483,0.8339,241
06919500,aifs,13,-0.1313,0.1514,0.3159,0.5648,241
06921070,aifs,13,-0.0054,-0.0180,0.2354,0.6392,241
06921200,aifs,13,-0.0327,-0.3405,0.1819,0.2792,241
06934000,aifs,13,-0.0419,0.1916,0.3638,0.6513,240
07014500,aifs,13,-0.0171,-0.1818,0.1530,0.6462,241
07056000,aifs,13,-1.2289,0.1416,0.2158,0.9449,241
07057500,aifs,13,0.1194,0.1048,0.4397,0.7905,233
07060710,aifs,13,-0.0001,-0.3927,0.0299,1.0572,241
07066000,aifs,13,-0.1529,0.1380,0.2298,0.8334,241
07067000,aifs,13,-0.1598,0.2855,0.4602,0.6065,241
07068000,aifs,13,0.0172,0.4194,0.4762,0.8254,240
07071500,aifs,13,-0.1360,0.5240,0.5545,0.8338,241
07083000,aifs,13,-2.0330,-0.5301,0.8761,1.8475,241
07142300,aifs,13,-8.3363,-5.0478,-0.1043,6.8828,241
07145700,aifs,13,-0.0250,-0.5927,0.0143,0.1638,238
07148400,aifs,13,-1.4074,0.0747,0.5628,1.5075,241
07149000,aifs,13,-0.1594,0.3793,0.6202,1.4884,241
07151500,aifs,13,-0.0399,-0.5022,-0.0467,0.4148,241
07167500,aifs,13,-0.0931,-0.4041,0.0225,1.7256,241
07180500,aifs,13,-0.1696,-0.1552,0.0245,0.7600,241
07184000,aifs,13,-0.0385,-0.2541,0.1339,0.4038,239
07195800,aifs,13,-0.3891,0.1812,0.2087,0.8444,239
07196900,aifs,13,-0.5615,0.0418,0.0805,1.2088,240
07197000,aifs,13,-1.1328,0.1420,0.1909,1.0902,241
07208500,aifs,13,-0.0604,0.4494,0.7254,1.1008,241
07226500,aifs,13,-0.0463,-0.4350,-0.0162,0.4003,239
07261000,aifs,13,-8.5866,-1.4473,0.1303,2.0850,239
07263295,aifs,13,-6.4475,-2.4071,0.0326,3.9191,239
07290650,aifs,13,-0.1536,-0.1767,0.1007,0.5424,241
07291000,aifs,13,-0.2475,-0.3660,0.0390,0.3140,241
07292500,aifs,13,-0.0186,-0.1164,0.1776,0.6922,241
07295000,aifs,13,-0.0028,-0.1761,0.1934,0.5338,241
07299670,aifs,13,-0.2840,-0.3571,0.0792,1.8912,231
07301410,aifs,13,-0.4660,-0.3954,-0.2374,0.7140,230
07301500,aifs,13,-0.1868,-0.5721,0.0424,1.7851,203
07315200,aifs,13,-2.6147,-0.3179,-0.0251,1.5845,161
07315700,aifs,13,-14.0674,-3.4056,-0.0458,4.3917,218
07335700,aifs,13,-0.1640,-0.1079,0.1218,0.5505,232
07340300,aifs,13,-0.9991,0.2022,0.2629,1.0768,241
07346045,aifs,13,-6.1169,-0.8514,0.1798,1.0896,241
07359610,aifs,13,-3.2615,-0.4972,0.2361,1.8127,241
07362100,aifs,13,-4.6280,-0.9986,0.1817,2.4348,241
07362587,aifs,13,-2.4647,-0.8768,0.0479,2.5197,239
07373000,aifs,13,-0.1354,-0.2570,0.0849,0.5455,237
07375000,aifs,13,0.0207,-0.1120,0.2838,0.4352,241
07376000,aifs,13,0.1252,0.1315,0.4548,0.5606,241
08013000,aifs,13,0.1208,0.0116,0.4559,0.5457,241
08014500,aifs,13,-0.0115,-0.1392,0.2891,0.5146,241
08023080,aifs,13,-0.3930,-0.4436,0.0260,1.9863,241
08025500,aifs,13,-0.1077,-0.2527,-0.0030,0.6984,241
08029500,aifs,13,-0.0800,-0.2524,-0.0142,1.0521,241
08050800,aifs,13,-0.0863,-0.2957,-0.0185,0.6819,240
08066200,aifs,13,-0.0653,-0.4011,-0.0134,0.4319,241
08066300,aifs,13,-0.0474,-0.5999,-0.0196,0.1710,241
08070000,aifs,13,-3.5617,-0.4777,0.0193,1.6820,241
08070200,aifs,13,-1.7041,-0.0200,0.0753,1.2070,241
08079600,aifs,13,-7.0362,-3.6004,-0.0360,5.2129,196
08082700,aifs,13,-0.0250,-0.4332,-0.0441,0.5852,227
08086212,aifs,13,-0.1198,-0.2795,0.0224,1.5290,241
08086290,aifs,13,-0.6471,-1.4429,0.0081,3.2227,241
08101000,aifs,13,-13.2589,-2.3230,0.1188,2.7636,241
08103900,aifs,13,0.1295,0.1080,0.3711,0.7510,241
08104900,aifs,13,-0.1842,-0.1955,0.0754,0.4710,241
08109700,aifs,13,-0.2240,0.0797,0.1532,1.0874,224
08150800,aifs,13,-0.0187,-0.4858,-0.0113,0.3728,241
08155200,aifs,13,-0.8159,-0.9376,0.0317,2.6649,241
08158700,aifs,13,-5.2655,-8.9361,0.0878,10.8577,241
08158810,aifs,13,-0.1765,-0.0427,0.0834,1.0878,241
08164000,aifs,13,-0.9576,-0.0099,0.0769,1.4062,241
08164300,aifs,13,-0.1316,-0.2019,0.0141,0.7175,238
08164600,aifs,13,-2.5242,-2.4187,0.1799,4.2483,241
08165300,aifs,13,-0.0251,-0.3573,-0.0278,0.8293,241
08171300,aifs,13,-26.6658,-31.7429,0.0011,33.5908,241
08175000,aifs,13,-0.1273,-0.3738,0.0807,0.2231,241
08176900,aifs,13,-21.5842,-6.4527,0.0880,7.4897,241
08178880,aifs,13,-0.0624,-0.5160,0.0238,0.2160,241
08189500,aifs,13,-0.4552,0.0227,0.0779,0.7889,241
08190000,aifs,13,-0.0269,-0.4322,-0.0243,0.5213,241
08190500,aifs,13,0.2919,0.3326,0.6239,1.5392,235
08194200,aifs,13,-0.0298,-0.5460,0.0274,0.1773,241
08195000,aifs,13,-0.0144,-0.4723,0.0097,0.4143,241
08196000,aifs,13,0.0068,-0.0414,0.1926,1.1559,229
08198500,aifs,13,-0.0073,-0.5605,0.0591,0.2142,241
08200000,aifs,13,-0.0381,-0.4837,0.0609,0.2194,241
08202700,aifs,13,-0.0113,-0.7264,-0.0093,0.0161,240
08267500,aifs,13,-19.7159,-2.0410,0.7010,2.5881,241
08269000,aifs,13,-5.9416,-0.8121,0.6109,1.7877,241
08271000,aifs,13,-41.3825,-3.9445,0.7690,2.4328,241
08324000,aifs,13,0.0013,0.5231,0.6831,1.1363,241
08377900,aifs,13,-5.3107,-0.7178,0.3590,1.3243,241
08378500,aifs,13,-6.4055,-1.0584,0.5977,1.3372,233
08380500,aifs,13,-2.9275,-0.2082,0.4156,1.6266,241
09034900,aifs,13,0.0281,0.1319,0.8827,1.6214,237
09035900,aifs,13,0.4943,0.6924,0.8235,1.1246,207
09047700,aifs,13,-5.4684,-1.1043,0.8594,1.4398,239
09065500,aifs,13,0.6087,0.5258,0.9369,1.1993,241
09066000,aifs,13,-1.1999,0.0811,0.5727,1.2138,241
09066200,aifs,13,0.6541,0.5480,0.9351,1.2775,241
09066300,aifs,13,-0.5654,-0.0890,0.7873,1.8553,241
09081600,aifs,13,0.0373,0.5586,0.6294,1.0898,241
09107000,aifs,13,-1.6053,-0.1631,0.7191,1.3193,240
09210500,aifs,13,-1.3767,0.0936,0.7430,1.5422,214
09223000,aifs,13,-3.0433,-0.6132,0.8689,2.0161,180
09306242,aifs,13,-381.5106,-4.1818,0.8974,6.0628,239
09312600,aifs,13,-2.1981,-0.6562,0.4939,2.4306,241
09352900,aifs,13,-0.5239,0.3129,0.6067,1.2592,211
09378170,aifs,13,0.2486,0.2669,0.5352,1.3209,241
09378630,aifs,13,,,,,241
09386900,aifs,13,-7.3789,-1.2816,0.0021,2.2437,241
09404450,aifs,13,0.7001,0.8391,0.8537,0.9388,241
09430500,aifs,13,-1.5280,0.0017,0.3242,0.2695,241
09430600,aifs,13,-0.5891,0.1581,0.4149,0.4251,241
09447800,aifs,13,-2.2262,-0.6413,0.0307,2.0347,241
09480000,aifs,13,-0.2300,-1.7541,-0.0186,3.4868,241
09484000,aifs,13,-1.1563,-0.5645,0.1785,2.3139,216
09484600,aifs,13,-0.6913,-1.0809,0.0233,2.8246,240
09492400,aifs,13,-0.3724,0.3991,0.6724,1.4719,240
09494000,aifs,13,-0.7406,0.3026,0.4785,1.0578,241
09497800,aifs,13,-0.1111,-0.6262,-0.2559,1.5134,241
09497980,aifs,13,-4.9642,-0.6746,0.1499,1.4564,210
09505200,aifs,13,-1.4953,-0.0082,0.1282,1.3681,241
09505350,aifs,13,-1.2816,-0.1684,0.1140,1.7221,241
09505800,aifs,13,-3.7550,-0.4676,0.0906,1.5536,241
09508300,aifs,13,-10.0480,-1.5015,0.0718,1.6268,241
09510200,aifs,13,-193.2280,-13.8300,0.0303,8.4126,222
09512280,aifs,13,-11.6661,-4.3215,0.0067,5.6586,241
09513780,aifs,13,-160.1911,-15.4185,0.0554,12.8647,240
10023000,aifs,13,-15.3151,-0.7165,0.0688,2.2365,241
10166430,aifs,13,-13336.1076,-90.8723,0.5526,72.7260,241
10172700,aifs,13,-29.7346,-0.2763,0.6277,2.0144,241
10172800,aifs,13,-9.4863,-0.8581,0.7973,2.3420,241
10173450,aifs,13,-0.6644,0.3141,0.3663,1.0417,241
10205030,aifs,13,-201.8731,-10.2136,-0.0156,2.3808,241
10234500,aifs,13,-0.1196,-0.2661,-0.0409,0.8679,237
10242000,aifs,13,-30.4542,-3.8219,0.4145,4.5289,241
10244950,aifs,13,-37.7179,-1.5955,0.7154,1.5644,241
10249300,aifs,13,-45.5773,-4.6496,0.5106,4.3579,240
10258000,aifs,13,,,,,69
10258500,aifs,13,-0.5811,0.1701,0.1836,0.8549,241
10259000,aifs,13,0.6806,0.6950,0.8373,1.0787,241
10259200,aifs,13,-15.2443,-6.6753,0.6428,7.9029,241
10263500,aifs,13,0.2839,0.4160,0.8930,1.2193,241
10310500,aifs,13,-1.7952,0.1198,0.8836,1.8048,241
10316500,aifs,13,-0.2691,0.3536,0.6903,1.2236,241
10329500,aifs,13,0.4678,0.5874,0.8703,1.1620,241
10336645,aifs,13,0.2343,0.5561,0.6205,1.2283,227
10336660,aifs,13,0.3832,0.6636,0.6744,1.0571,241
10343500,aifs,13,0.5622,0.4908,0.8098,0.8046,241
10348850,aifs,13,-2.3376,-0.0072,0.8033,1.7213,241
10396000,aifs,13,0.6555,0.7936,0.8371,1.1065,241
11098000,aifs,13,-0.0975,0.4591,0.5298,1.2319,241
11124500,aifs,13,-2.8623,-0.9683,0.8644,2.3889,241
11141280,aifs,13,-0.7257,0.2624,0.3115,1.1548,241
11143000,aifs,13,0.3215,0.4683,0.5766,1.0321,241
11148900,aifs,13,0.1407,0.0547,0.3976,0.5102,241
11151300,aifs,13,-0.4452,0.0314,0.0778,1.1578,241
11162500,aifs,13,0.2219,0.1543,0.5147,0.5931,241
11176400,aifs,13,-0.8450,0.1893,0.2136,0.8805,144
11180500,aifs,13,-3.0967,-1.1514,0.4475,2.6745,241
11180960,aifs,13,-4.2272,-1.2018,0.2396,2.6570,241
11224500,aifs,13,-0.1523,-0.3079,0.0631,0.2800,241
11253310,aifs,13,-1.1035,0.0147,0.0991,0.6305,241
11264500,aifs,13,-1.0621,0.1573,0.1961,1.0738,241
11266500,aifs,13,-1.1736,0.1667,0.2891,1.1994,241
11274500,aifs,13,-1.9391,-0.0903,0.2384,1.4322,241
11274630,aifs,13,-5.3847,-0.8995,0.2884,1.6903,241
11284400,aifs,13,-0.0829,-0.1275,0.2130,0.3518,241
11299600,aifs,13,-0.3251,0.2729,0.2787,0.9716,238
11381500,aifs,13,0.2607,0.1915,0.5735,0.9670,241
11383500,aifs,13,0.3054,0.2741,0.5776,1.0155,241
11451100,aifs,13,0.1327,0.2398,0.3947,0.9516,106
11468500,aifs,13,0.1171,0.0129,0.3547,0.8065,241
11473900,aifs,13,0.2857,0.1930,0.6325,0.8474,241
11475560,aifs,13,0.2880,0.2443,0.5602,0.8253,241
11476600,aifs,13,0.5311,0.5012,0.7514,1.0340,240
11478500,aifs,13,0.3439,0.3017,0.6110,1.1731,241
11480390,aifs,13,0.3056,0.2099,0.6562,0.8487,241
11481200,aifs,13,0.3871,0.4104,0.6278,1.0666,241
11482500,aifs,13,0.6201,0.5724,0.8020,1.2748,241
11522500,aifs,13,0.0389,0.3637,0.5541,1.4534,241
11523200,aifs,13,-0.4882,0.1510,0.5755,1.6733,241
11528700,aifs,13,0.3430,0.3345,0.6004,1.0540,241
11532500,aifs,13,0.4740,0.4695,0.7031,1.0132,241
12010000,aifs,13,0.0567,0.3985,0.4740,0.7547,241
12013500,aifs,13,-0.0610,0.5040,0.5114,0.9671,241
12020000,aifs,13,-0.5006,0.2803,0.3193,0.7819,241
12025000,aifs,13,-0.3606,0.3794,0.4694,1.2387,241
12025700,aifs,13,-0.3842,0.3895,0.4163,1.0789,241
12035000,aifs,13,-0.0135,0.5429,0.6249,0.9748,241
12040500,aifs,13,-0.5362,0.3700,0.4635,1.0075,241
12041200,aifs,13,-0.9094,0.2207,0.5306,0.9674,241
12043000,aifs,13,-0.0124,0.5354,0.5571,0.9310,241
12048000,aifs,13,0.0301,0.4498,0.8242,1.3267,241
12054000,aifs,13,-0.3547,0.3395,0.6578,1.3929,241
12056500,aifs,13,-0.8867,0.2353,0.5174,1.0583,241
12073500,aifs,13,-0.3610,0.4321,0.5141,1.1496,240
12082500,aifs,13,0.0564,0.4399,0.4682,1.0982,235
12092000,aifs,13,-0.2023,0.4052,0.4075,1.0519,241
12095000,aifs,13,0.2876,0.6164,0.6269,1.0724,241
12114500,aifs,13,0.5512,0.5327,0.7603,1.0675,241
12115000,aifs,13,0.5496,0.5515,0.7525,1.0498,241
12115500,aifs,13,0.4539,0.5012,0.6771,0.9214,241
12117000,aifs,13,0.6154,0.6987,0.7847,1.0189,241
12141300,aifs,13,0.3664,0.4746,0.6165,1.1518,241
12143600,aifs,13,0.4464,0.5159,0.6888,1.2590,238
12144000,aifs,13,0.5277,0.6499,0.7300,1.0516,240
12145500,aifs,13,0.3189,0.6711,0.6738,1.0028,241
12147600,aifs,13,0.2521,0.4099,0.5202,1.0054,241
12167000,aifs,13,0.1432,0.4723,0.5727,1.3046,241
12175500,aifs,13,-0.1199,0.5035,0.5852,1.1792,241
12186000,aifs,13,0.1462,0.4972,0.5651,1.2396,238
12189500,aifs,13,0.0628,0.4879,0.6145,1.3336,240
12358500,aifs,13,0.6058,0.8053,0.8172,1.0143,241
12377150,aifs,13,0.5127,0.7569,0.7573,0.9866,241
12381400,aifs,13,0.3895,0.5270,0.8657,1.2157,208
12390700,aifs,13,0.4125,0.6269,0.7006,1.1902,241
12411000,aifs,13,0.6388,0.6512,0.8662,1.3160,230
12414500,aifs,13,0.6559,0.7203,0.8147,0.9279,241
12447390,aifs,13,-0.1874,-0.2245,0.2278,0.3750,241
12451000,aifs,13,0.4426,0.6418,0.8139,1.2594,241
12488500,aifs,13,0.5096,0.7049,0.7791,1.1950,241
13011500,aifs,13,0.6245,0.5088,0.9296,1.3817,241
13011900,aifs,13,0.7977,0.7982,0.9300,0.9985,241
13018300,aifs,13,-0.4881,-0.0263,0.9394,1.5133,241
13023000,aifs,13,0.4672,0.7267,0.7872,0.9435,199
13161500,aifs,13,0.5309,0.6972,0.7568,0.8537,241
13235000,aifs,13,0.5875,0.6686,0.7811,0.8945,239
13240000,aifs,13,0.8140,0.8862,0.9030,0.9979,162
13310700,aifs,13,0.6037,0.5398,0.8834,0.6920,241
13313000,aifs,13,0.7102,0.5058,0.9545,0.6565,241
13331500,aifs,13,0.3838,0.4527,0.9012,1.2666,241
13337000,aifs,13,0.6501,0.7242,0.8310,0.8421,241
13338500,aifs,13,0.6553,0.7785,0.8616,1.1302,241
13340000,aifs,13,0.4952,0.6583,0.7491,0.8195,241
13340600,aifs,13,0.5831,0.6413,0.8535,0.7251,241
14020000,aifs,13,0.1848,0.0895,0.5534,0.6026,241
14092750,aifs,13,0.2571,0.4745,0.5577,0.8939,241
14096850,aifs,13,-3.2555,-0.3222,0.6104,0.5452,241
14137000,aifs,13,0.1331,0.3287,0.4277,1.0265,236
14138800,aifs,13,-0.0684,0.1699,0.2629,0.9020,241
14138870,aifs,13,0.0666,0.3441,0.4204,0.8437,241
14138900,aifs,13,-0.0468,0.1521,0.2606,0.9081,241
14139800,aifs,13,0.0518,0.3152,0.4027,0.8203,239
14141500,aifs,13,0.1062,0.3913,0.4507,0.9034,241
14154500,aifs,13,0.1393,0.5209,0.6859,1.2724,241
14158500,aifs,13,0.7193,0.7487,0.8752,1.0935,226
14158790,aifs,13,0.3178,0.5879,0.6146,1.0341,237
14166500,aifs,13,0.2753,0.4151,0.5359,0.9770,241
14182500,aifs,13,-0.1591,0.4021,0.4044,0.9561,241
14185000,aifs,13,-0.0464,0.5018,0.6063,1.1940,241
14185900,aifs,13,-0.3465,0.3893,0.4364,1.1699,238
14187000,aifs,13,-0.0849,0.4482,0.6266,1.2807,239
14216500,aifs,13,0.2892,0.6243,0.6393,1.1014,238
14222500,aifs,13,0.0761,0.3567,0.4174,1.0372,241
14236200,aifs,13,0.0448,0.4563,0.4688,0.9735,240
14301000,aifs,13,0.1484,0.4059,0.4710,0.9287,240
14303200,aifs,13,0.2631,0.2926,0.5171,0.8976,241
14305500,aifs,13,-0.0510,0.3849,0.4035,0.9358,239
14306340,aifs,13,0.3159,0.4050,0.5789,0.7886,241
14306500,aifs,13,0.4223,0.6008,0.6640,0.9402,241
14308990,aifs,13,0.4694,0.4859,0.6932,0.9914,241
14309500,aifs,13,0.3165,0.4115,0.5659,0.8960,241
14316700,aifs,13,0.3226,0.6238,0.6766,1.1903,241
14325000,aifs,13,0.2189,0.4575,0.5288,0.8652,241
14362250,aifs,13,0.3282,0.1657,0.7553,0.5339,148
14400000,aifs,13,0.5751,0.5091,0.7803,0.7627,241
01013500,aifs,14,0.8852,0.8067,0.9511,0.8628,241
01022500,aifs,14,0.3974,0.5372,0.6361,1.0350,241
01030500,aifs,14,0.6521,0.7805,0.8598,1.0857,241
01031500,aifs,14,0.0108,0.5114,0.5118,1.0145,239
01047000,aifs,14,-0.0826,0.4350,0.4405,0.9307,241
01052500,aifs,14,0.1906,0.2160,0.4752,0.6846,241
01054200,aifs,14,0.0145,0.0095,0.3177,0.5101,241
01055000,aifs,14,-0.0459,0.3570,0.3873,0.9106,241
01057000,aifs,14,0.2204,0.6307,0.6373,1.0138,241
01073000,aifs,14,0.1272,0.4483,0.7557,1.3080,241
01078000,aifs,14,0.0440,0.3547,0.4509,0.7334,239
01118300,aifs,14,0.0196,0.3914,0.4452,0.8117,239
01121000,aifs,14,0.3313,0.6246,0.6854,1.2031,239
01123000,aifs,14,0.4424,0.6376,0.6838,0.9359,241
01134500,aifs,14,0.4421,0.5844,0.6892,0.8103,239
01137500,aifs,14,0.2100,0.3905,0.5296,0.7533,241
01139000,aifs,14,0.2570,0.6019,0.6112,0.9333,237
01139800,aifs,14,0.6633,0.8184,0.8290,1.0547,241
01142500,aifs,14,0.4651,0.7174,0.7291,0.9234,239
01144000,aifs,14,0.4573,0.7287,0.7712,0.9581,241
01169000,aifs,14,-0.3363,0.4002,0.4286,1.1092,239
01170100,aifs,14,-0.0140,0.5206,0.5248,1.0085,240
01181000,aifs,14,0.0425,0.4854,0.7098,1.1937,239
01187300,aifs,14,0.5595,0.6607,0.7513,1.1112,241
01195100,aifs,14,0.0485,0.2887,0.3868,0.8372,241
01333000,aifs,14,0.4017,0.6403,0.6663,0.9663,239
01350000,aifs,14,0.0031,0.0840,0.2600,0.7961,238
01350080,aifs,14,0.3403,0.5865,0.6321,0.8737,241
01350140,aifs,14,0.1683,0.5615,0.6006,0.8201,191
01365000,aifs,14,0.2299,0.3948,0.5107,0.8792,239
01411300,aifs,14,-0.3245,0.0778,0.1597,1.2365,232
01413500,aifs,14,0.2196,0.3349,0.5035,0.7994,239
01414500,aifs,14,0.0033,0.0646,0.3059,0.6305,239
01415000,aifs,14,0.2267,0.2296,0.5885,0.5834,196
01423000,aifs,14,0.2271,0.3371,0.5394,0.7206,241
01434025,aifs,14,-0.0733,0.4299,0.5106,0.7125,241
01435000,aifs,14,0.1657,0.3148,0.4515,0.8390,240
01439500,aifs,14,0.2565,0.4927,0.5881,0.7989,239
01440000,aifs,14,0.0215,0.4639,0.4741,0.9324,241
01440400,aifs,14,0.3713,0.6369,0.6593,0.9224,215
01451800,aifs,14,-0.1503,0.3720,0.3804,1.0656,239
01466500,aifs,14,-7.2652,-1.5291,0.7243,1.0117,239
01484100,aifs,14,-0.8783,0.2428,0.4471,1.3352,241
01485500,aifs,14,-6.0143,-1.1493,0.3882,2.2881,236
01486000,aifs,14,-2.2045,-0.2347,0.4131,1.8824,241
01487000,aifs,14,-0.0105,0.4968,0.7040,1.0843,241
01491000,aifs,14,0.3385,0.5745,0.6207,1.0860,241
01510000,aifs,14,0.4739,0.5870,0.6904,0.9501,241
01516500,aifs,14,-0.0306,0.0722,0.3000,0.6014,241
01518862,aifs,14,0.1479,0.3061,0.4959,0.6637,241
01532000,aifs,14,-0.3940,0.4088,0.4570,0.9843,239
01539000,aifs,14,-0.4441,0.3525,0.3798,0.8700,225
01542810,aifs,14,-0.0447,0.3533,0.3877,0.8921,239
01543000,aifs,14,-0.1185,0.4392,0.4667,0.8281,241
01543500,aifs,14,0.0153,0.4802,0.5083,0.8338,239
01544500,aifs,14,0.2199,0.4404,0.5953,0.6843,241
01545600,aifs,14,0.3041,0.3971,0.6213,0.6849,241
01547700,aifs,14,-0.1468,-0.0303,0.1148,0.8177,241
01548500,aifs,14,0.2146,0.3267,0.5741,0.6321,239
01549500,aifs,14,0.1513,0.4685,0.5450,0.7626,239
01550000,aifs,14,0.1055,0.3897,0.5084,0.7056,239
01552000,aifs,14,-0.1938,0.3969,0.4213,0.8305,241
01552500,aifs,14,-0.4919,0.3566,0.4000,0.8794,241
01557500,aifs,14,-0.4902,0.2184,0.2241,0.9172,241
01567500,aifs,14,-0.2955,0.1660,0.2002,1.0742,241
01568000,aifs,14,-0.1991,0.3369,0.3551,1.1286,241
01580000,aifs,14,-0.1777,0.2845,0.3095,0.9344,237
01583500,aifs,14,-0.0684,0.2721,0.3406,0.8553,241
01586610,aifs,14,-0.1221,0.2322,0.3078,0.8178,207
01591400,aifs,14,-0.1020,0.3292,0.3519,0.9919,241
01596500,aifs,14,-0.1245,0.1323,0.2325,0.8143,239
01605500,aifs,14,-2.9570,-0.3310,0.4116,1.3215,239
01606500,aifs,14,-0.3111,0.4238,0.4680,0.8874,214
01613050,aifs,14,-0.6374,0.1939,0.2211,1.2043,241
01620500,aifs,14,0.0564,0.3020,0.4781,0.5920,239
01632000,aifs,14,-0.1226,0.3620,0.3823,0.8787,239
01632900,aifs,14,-1.1935,0.1784,0.3104,1.0271,239
01634500,aifs,14,-0.1258,0.1711,0.2440,0.9156,224
01638480,aifs,14,-1.8011,-0.2201,0.3926,1.9174,236
01639500,aifs,14,-0.1999,0.2567,0.2942,1.1438,241
01644000,aifs,14,-1.1044,-0.0414,0.3567,1.7995,241
01658500,aifs,14,-1.1596,0.0445,0.0940,1.2562,210
01664000,aifs,14,0.0609,0.3913,0.4352,0.9233,241
01666500,aifs,14,-0.0152,0.3294,0.3731,1.0354,226
01667500,aifs,14,-0.5016,0.3387,0.3682,1.1201,219
01669000,aifs,14,0.0915,0.4792,0.4964,1.0611,216
01669520,aifs,14,-5.2671,-0.7762,0.4154,1.8874,239
02011400,aifs,14,-0.6861,0.2129,0.5754,1.3803,241
02011460,aifs,14,-0.3347,0.3981,0.4100,0.9946,241
02013000,aifs,14,-0.5399,0.2402,0.3956,1.4135,241
02014000,aifs,14,-0.8762,0.2500,0.4051,1.2045,241
02015700,aifs,14,-0.2562,0.4425,0.5585,1.1593,223
02016000,aifs,14,-0.4793,0.2625,0.6680,1.2350,241
02017500,aifs,14,-1.3081,-0.0355,0.6071,1.4624,239
02018000,aifs,14,-0.7267,0.1934,0.5631,1.4168,234
02027000,aifs,14,0.0656,0.5571,0.6701,0.9216,221
02027500,aifs,14,0.4309,0.6063,0.7430,0.7054,224
02028500,aifs,14,0.0451,0.5489,0.5537,0.9911,216
02038850,aifs,14,-0.2555,0.1777,0.2293,0.8362,239
02046000,aifs,14,-0.3460,0.1454,0.3717,1.5778,231
02051000,aifs,14,-0.2428,-0.0149,0.0777,1.0027,241
02051500,aifs,14,-0.7545,0.1237,0.2043,1.3600,239
02053200,aifs,14,-2.4453,-0.2912,0.1975,1.7350,210
02053800,aifs,14,0.0468,0.2946,0.3783,0.9177,222
02055100,aifs,14,-0.3573,0.3851,0.5155,1.2945,239
02056900,aifs,14,-0.1865,0.3336,0.3534,0.8785,216
02059500,aifs,14,-0.4199,0.3892,0.4411,0.8755,210
02064000,aifs,14,-0.1401,0.1995,0.2803,0.7894,229
02065500,aifs,14,0.0192,0.3188,0.4561,0.6865,239
02069700,aifs,14,-0.5132,0.1418,0.1754,1.1958,214
02070000,aifs,14,-0.5028,0.1419,0.1704,1.1772,239
02074500,aifs,14,-0.3965,0.2263,0.2482,1.1592,241
02077200,aifs,14,-0.9198,0.1394,0.3949,1.4647,236
02081500,aifs,14,-0.9914,-0.1352,0.0410,1.6075,241
02082950,aifs,14,-1.6938,-0.2434,0.4895,1.8330,241
02092500,aifs,14,-9.9799,-1.8795,0.1395,2.8188,241
02096846,aifs,14,-1.2204,-0.2442,-0.0341,1.6904,241
02102908,aifs,14,-0.2658,0.0430,0.1152,0.9447,241
02108000,aifs,14,-0.1516,0.4136,0.4794,1.2635,241
02111180,aifs,14,-0.5134,-0.0256,0.0152,1.0882,241
02111500,aifs,14,-1.2625,0.0506,0.0720,1.0445,239
02118500,aifs,14,-2.2498,-0.0670,0.2153,1.1670,241
02128000,aifs,14,-1.5518,-0.8837,0.1294,2.6564,241
02137727,aifs,14,-1.5250,-0.0438,-0.0205,1.0586,241
02140991,aifs,14,-1.9318,-0.0986,-0.0245,1.2150,241
02143000,aifs,14,-5.8095,-0.6720,0.0710,1.3745,241
02143040,aifs,14,-3.8426,-0.3860,0.0469,1.1114,239
02149000,aifs,14,-0.8904,-0.0642,-0.0528,1.1053,241
02152100,aifs,14,-2.1968,-0.1263,-0.0317,1.1396,241
02177000,aifs,14,-1.1151,0.0244,0.0372,1.1441,239
02178400,aifs,14,-1.0564,0.1890,0.2492,1.0185,239
02193340,aifs,14,-3.5573,-0.5046,0.2063,1.7214,241
02196000,aifs,14,-0.1015,-0.1738,0.0978,0.5589,241
02198100,aifs,14,-0.1911,-0.1569,0.0156,1.2193,240
02202600,aifs,14,-2.6706,-0.4683,0.0013,1.9756,241
02212600,aifs,14,-0.2426,0.1941,0.2540,1.2328,239
02215100,aifs,14,-0.2394,-0.1978,-0.0166,0.6938,241
02216180,aifs,14,-0.0780,-0.4638,-0.0714,0.4426,239
02221525,aifs,14,-0.0767,0.3453,0.3860,1.1614,239
02231000,aifs,14,-1.9418,-0.1084,0.3385,1.4880,241
02231342,aifs,14,-3.9320,-0.7397,0.3554,2.1578,241
02235200,aifs,14,-0.0173,0.4823,0.5091,1.1608,240
02245500,aifs,14,-5.7156,-0.8046,0.2231,1.4245,241
02246000,aifs,14,-1.4812,0.1042,0.2594,0.9847,239
02296500,aifs,14,-0.8541,-0.2869,0.5440,2.0849,230
02297155,aifs,14,-0.0085,-0.1629,0.3938,0.2834,240
02297310,aifs,14,-0.9701,0.2153,0.3317,0.8084,231
02298123,aifs,14,0.0394,0.1979,0.4220,0.5472,241
02298608,aifs,14,-1.5790,0.0408,0.4186,1.2112,241
02299950,aifs,14,-1.0125,0.2117,0.2846,1.0239,241
02300700,aifs,14,0.0053,0.1187,0.3137,0.6545,241
02310947,aifs,14,-0.2283,-1.0195,-0.2758,2.3288,241
02312200,aifs,14,-4.5692,-3.2254,-0.0038,5.0497,241
02314500,aifs,14,-0.1575,-0.0937,0.2070,0.5846,241
02315500,aifs,14,-0.3267,-0.6849,-0.3052,0.4159,241
02324400,aifs,14,-0.2202,-1.0424,-0.5474,0.1095,241
02327100,aifs,14,-5.2153,-1.0595,0.2491,2.3342,239
02349900,aifs,14,-0.0939,-0.1544,0.0533,0.8411,241
02350900,aifs,14,-0.3912,0.0852,0.2336,0.6536,241
02361000,aifs,14,-0.4800,0.1331,0.2070,0.6952,241
02363000,aifs,14,-0.1429,-0.2839,0.1388,0.3723,239
02369800,aifs,14,0.0181,-0.2526,0.2631,0.4711,240
02371500,aifs,14,0.0107,-0.2205,0.1484,0.7317,241
02372250,aifs,14,-0.0038,-0.1869,0.1246,0.7791,239
02374500,aifs,14,-0.0594,-0.0660,0.1646,0.7413,241
02381600,aifs,14,-0.4457,-0.0704,-0.0100,1.0787,241
02384540,aifs,14,-0.0713,0.0764,0.2260,0.8297,241
02395120,aifs,14,-3.0118,-0.2381,0.1946,1.1916,241
02408540,aifs,14,-0.1482,0.3844,0.3883,0.9753,241
02415000,aifs,14,-0.1992,0.2877,0.3065,0.9485,231
02422500,aifs,14,-1.0365,0.2012,0.3480,1.2723,224
02427250,aifs,14,-0.1021,0.2524,0.3211,1.2088,241
02430085,aifs,14,-0.6775,0.1144,0.2083,1.3963,241
02450250,aifs,14,-0.0377,0.1827,0.2792,1.0502,241
02464000,aifs,14,0.0481,0.2341,0.3431,0.9809,241
02465493,aifs,14,0.0650,0.4110,0.4539,1.1088,238
02469800,aifs,14,0.1520,0.1833,0.4904,0.5479,239
02472000,aifs,14,0.1604,0.0165,0.5168,0.4989,241
02472500,aifs,14,0.0578,0.1276,0.4340,0.4847,241
02479155,aifs,14,0.1100,-0.0893,0.4153,0.5368,241
02479300,aifs,14,0.1247,-0.1270,0.5787,0.3556,241
02481000,aifs,14,0.1265,-0.1907,0.6248,0.2361,241
02481510,aifs,14,0.0985,-0.1661,0.5625,0.2907,241
03010655,aifs,14,0.2513,0.3933,0.5954,0.6783,212
03011800,aifs,14,0.0932,0.3891,0.4795,0.7843,241
03015500,aifs,14,0.1058,0.5610,0.5630,0.9645,241
03021350,aifs,14,0.1071,0.4264,0.5021,0.7629,239
03026500,aifs,14,0.1072,0.4205,0.4761,0.8588,241
03028000,aifs,14,0.1161,0.4683,0.5646,0.7239,241
03049800,aifs,14,-0.1487,-0.1612,0.0787,0.6363,239
03050000,aifs,14,-0.3921,0.3369,0.3391,0.9819,239
03066000,aifs,14,-0.0942,0.2916,0.3695,0.7455,241
03069500,aifs,14,-0.1747,0.2782,0.3400,0.7534,239
03070500,aifs,14,-0.6136,0.3343,0.4067,1.1025,239
03076600,aifs,14,-0.0979,0.1779,0.3203,0.6663,241
03078000,aifs,14,-0.2141,0.0658,0.1813,0.7268,241
03140000,aifs,14,0.0200,0.0806,0.2570,0.9006,239
03144000,aifs,14,-0.3449,0.0877,0.1288,0.9850,241
03159540,aifs,14,-0.3811,0.0741,0.1137,0.9334,241
03161000,aifs,14,-0.6293,0.1207,0.1278,0.9211,241
03164000,aifs,14,-0.8199,0.2798,0.3663,0.9412,241
03165000,aifs,14,-0.6826,0.0087,0.0221,0.9483,224
03170000,aifs,14,-0.0900,0.3102,0.3490,0.9047,241
03173000,aifs,14,-0.1885,0.4713,0.5392,1.1297,239
03180500,aifs,14,0.0669,0.4537,0.4711,0.9804,225
03182500,aifs,14,-0.2874,0.4269,0.4919,1.1580,239
03186500,aifs,14,0.0508,0.5145,0.5166,0.9600,239
03187500,aifs,14,-0.2164,0.4703,0.5745,0.9615,238
03213700,aifs,14,-0.8081,0.2653,0.4701,1.2443,241
03237280,aifs,14,-0.2844,0.0775,0.1453,0.8372,241
03237500,aifs,14,-0.7077,0.0271,0.0546,1.2034,239
03241500,aifs,14,-0.1080,-0.0322,0.1527,0.7165,228
03280700,aifs,14,-1.5305,0.0771,0.3668,1.1598,213
03281100,aifs,14,-1.5692,0.0368,0.3997,1.2771,239
03281500,aifs,14,-1.1305,0.1573,0.4794,1.1768,228
03285000,aifs,14,-1.6455,-0.4023,0.3081,2.1028,238
03291780,aifs,14,-0.2569,-0.1433,-0.0211,0.9782,241
03300400,aifs,14,-0.3881,-0.0500,0.0178,1.0901,241
03340800,aifs,14,-0.4313,0.0068,0.0609,0.8512,193
03346000,aifs,14,-0.0460,0.0064,0.2543,0.5554,241
03364500,aifs,14,-0.0950,-0.2889,0.0368,0.5267,241
03366500,aifs,14,-0.2018,-0.1201,0.0414,0.7402,241
03368000,aifs,14,-0.1776,-0.2317,-0.0230,0.6895,241
03384450,aifs,14,-0.0612,-0.2056,0.0596,0.7046,241
03439000,aifs,14,-0.4556,-0.1673,-0.0440,0.7206,239
03450000,aifs,14,-0.3430,-0.0111,0.0570,0.9326,241
03455500,aifs,14,-1.4147,0.0381,0.0938,0.8000,239
03456500,aifs,14,-0.8821,-0.0440,-0.0302,0.8676,239
03460000,aifs,14,-1.0142,0.1977,0.2757,0.6561,241
03463300,aifs,14,-0.7472,0.0059,0.0212,0.8793,241
03471500,aifs,14,-0.0560,0.5210,0.6161,0.7925,239
03473000,aifs,14,-0.2511,0.4265,0.4736,0.7900,241
03479000,aifs,14,-1.3028,0.1006,0.1544,1.0156,239
03488000,aifs,14,-0.2751,0.4148,0.4417,0.8692,241
03498500,aifs,14,-1.0051,0.1855,0.2366,0.8691,241
03500000,aifs,14,-0.9432,0.2605,0.3651,0.8879,239
03504000,aifs,14,-0.9090,0.2367,0.2783,0.8940,239
03574500,aifs,14,-0.0574,0.0880,0.2516,0.7163,241
03604000,aifs,14,-0.5076,-0.0702,-0.0178,0.8866,239
04015330,aifs,14,0.2267,0.0929,0.5107,0.5135,200
04024430,aifs,14,0.3957,0.5118,0.6634,0.7187,241
04027000,aifs,14,0.5104,0.4539,0.7459,0.7322,241
04040500,aifs,14,0.8435,0.7976,0.9249,0.9537,241
04043050,aifs,14,0.7572,0.8124,0.8727,0.9061,182
04045500,aifs,14,0.8731,0.8074,0.9501,0.8148,237
04056500,aifs,14,0.5924,0.4657,0.8640,0.7159,231
04057510,aifs,14,0.8741,0.6948,0.9669,0.7906,161
04057800,aifs,14,0.8104,0.6092,0.9364,0.7361,241
04059500,aifs,14,0.8106,0.7262,0.9178,0.9763,241
04063700,aifs,14,0.5787,0.3363,0.9086,0.5778,241
04074950,aifs,14,0.5597,0.5005,0.8623,0.7354,241
04105700,aifs,14,0.3581,0.4358,0.6299,0.9010,241
04115265,aifs,14,0.1827,0.1848,0.4321,0.9319,241
04122200,aifs,14,0.2169,0.2221,0.5599,0.7783,241
04122500,aifs,14,0.4391,0.4886,0.7043,0.8730,239
04124000,aifs,14,0.6035,0.5141,0.8313,0.9594,241
04127997,aifs,14,0.3124,0.3383,0.5970,0.8939,204
04185000,aifs,14,0.4257,0.5978,0.6688,0.8922,218
04196800,aifs,14,-0.0210,0.2535,0.3323,0.8734,241
04197100,aifs,14,0.0389,0.2106,0.3286,1.0666,241
04197170,aifs,14,-0.1331,-0.0825,0.0904,0.7716,241
04213000,aifs,14,-0.1110,0.4510,0.4532,1.0460,239
04213075,aifs,14,0.0320,0.2086,0.3396,0.8259,237
04216418,aifs,14,0.3026,0.4847,0.5733,0.9136,241
04221000,aifs,14,0.0156,0.2105,0.4359,0.5955,241
04224775,aifs,14,0.0804,0.1099,0.4487,0.5347,239
04256000,aifs,14,0.6061,0.7723,0.7994,1.1019,239
04296000,aifs,14,0.2357,0.5193,0.5656,0.8775,241
05057000,aifs,14,-1.0265,0.0906,0.4086,0.5242,163
05057200,aifs,14,0.4649,0.7154,0.7205,1.0235,240
05062500,aifs,14,0.5221,0.5664,0.7304,0.8887,202
05087500,aifs,14,-0.0192,0.3357,0.3751,1.0098,241
05120500,aifs,14,-10.3469,-1.5007,-0.0697,3.2170,210
05123400,aifs,14,-0.3950,-0.6564,-0.0244,0.1567,240
05129115,aifs,14,-0.8203,-0.8897,-0.2533,0.0000,241
05131500,aifs,14,0.1811,0.1180,0.5736,0.5185,145
05291000,aifs,14,-0.6833,0.2006,0.2226,0.8255,241
05362000,aifs,14,0.6166,0.6219,0.7993,0.7902,240
05393500,aifs,14,0.5200,0.5659,0.7318,0.7997,241
05399500,aifs,14,-0.0337,0.1853,0.3199,0.6980,239
05408000,aifs,14,-0.0278,-0.0468,0.2146,0.7954,240
05412500,aifs,14,-0.1028,0.1466,0.3413,0.6485,241
05413500,aifs,14,-0.4629,-0.0759,0.0851,0.7358,211
05414000,aifs,14,-0.2180,0.0296,0.5134,0.5692,207
05444000,aifs,14,-0.1075,-0.0336,0.2565,0.6170,239
05454000,aifs,14,-0.1357,-0.0533,0.2277,0.5337,241
05458000,aifs,14,-0.2027,-0.1110,0.0625,0.7091,241
05466500,aifs,14,-0.0043,-0.1225,0.2154,0.6249,239
05487980,aifs,14,-0.1518,-0.2583,0.0036,0.5598,239
05488200,aifs,14,-0.1066,-0.4331,-0.0008,0.3096,239
05489000,aifs,14,-0.0801,-0.4746,-0.0117,0.2952,239
05495000,aifs,14,-0.2622,0.0925,0.1507,1.0488,239
05495500,aifs,14,0.0126,-0.2460,0.2309,0.3762,235
05501000,aifs,14,-0.0393,-0.3536,0.0510,0.4562,239
05503800,aifs,14,-0.1884,-0.1101,0.0403,0.8155,241
05507600,aifs,14,-1.2027,-0.0134,0.0861,1.3991,241
05508805,aifs,14,-0.9073,-0.0185,0.1721,1.5822,239
05514500,aifs,14,-0.1559,0.1283,0.2031,1.0186,239
05525500,aifs,14,-0.0982,0.0192,0.1563,0.9306,239
05556500,aifs,14,-0.1394,-0.3657,0.0788,0.3999,241
05584500,aifs,14,0.0282,-0.1184,0.3347,0.4651,239
05585000,aifs,14,0.0099,-0.0846,0.3602,0.4309,241
05591550,aifs,14,-0.1340,-0.0110,0.1364,0.7924,239
05592050,aifs,14,-0.1368,-0.0082,0.1476,0.7364,222
05592575,aifs,14,-0.1239,-0.0277,0.1481,0.6876,239
05593575,aifs,14,-0.8017,-0.0929,0.1487,1.6842,241
05593900,aifs,14,-0.1288,0.0104,0.1549,0.7685,239
05595730,aifs,14,-0.9226,-0.0429,0.2338,1.6773,241
06037500,aifs,14,-2.7588,0.2384,0.8400,1.3026,241
06043500,aifs,14,0.2688,0.3376,0.9528,1.3818,241
06154410,aifs,14,-0.2767,-0.1019,0.0595,0.6697,241
06188000,aifs,14,0.8242,0.8531,0.9285,1.0490,241
06191500,aifs,14,0.6806,0.6393,0.9342,1.1687,241
06221400,aifs,14,0.8266,0.8568,0.9284,1.0736,241
06224000,aifs,14,0.6653,0.8117,0.8492,1.0943,241
06289000,aifs,14,0.1704,0.5955,0.6037,0.9211,241
06332515,aifs,14,-0.2539,0.1264,0.6612,1.6654,118
06339100,aifs,14,-22.7003,-3.7763,0.4896,3.2631,177
06339500,aifs,14,-1.0860,0.0383,0.2153,0.4615,171
06344600,aifs,14,-21.4545,-3.9420,0.3062,4.4437,180
06350000,aifs,14,-13.0631,-2.2040,0.3394,2.6696,241
06352000,aifs,14,-0.0181,-0.1075,0.5048,1.3453,240
06353000,aifs,14,-0.0010,-0.1149,0.5092,0.8152,239
06354000,aifs,14,-2.1602,-0.0820,0.3204,0.7682,176
06360500,aifs,14,-9.0058,-1.4186,0.1259,1.9327,142
06404000,aifs,14,-16.5401,-2.1865,-0.0858,1.8404,208
06406000,aifs,14,-170.9647,-3.9668,0.6674,5.8196,183
06408700,aifs,14,-1594.0146,-4.1378,0.2114,1.5124,241
06409000,aifs,14,-1.5745,0.6792,0.8567,1.2719,196
06431500,aifs,14,-7.4831,-0.8476,0.3315,1.1350,230
06440200,aifs,14,-0.1043,-0.6006,-0.0380,0.1082,163
06441500,aifs,14,-18.7799,-3.5944,-0.0463,4.3132,180
06447000,aifs,14,-0.2493,-0.0757,0.0832,0.6364,143
06447500,aifs,14,-0.1817,-0.1498,0.1023,0.7306,241
06450500,aifs,14,0.0744,-0.0157,0.5598,1.0525,211
06452000,aifs,14,-0.0591,-0.2506,0.0038,1.0466,178
06453600,aifs,14,-0.2411,-0.2584,0.1920,1.6325,238
06464500,aifs,14,-0.6612,-0.1344,-0.0955,1.0709,178
06477500,aifs,14,-80.0109,-7.7475,0.0592,4.9411,240
06479215,aifs,14,-0.1175,-0.1236,0.1388,0.5815,241
06479438,aifs,14,-0.1467,-0.5232,-0.0033,0.2388,241
06601000,aifs,14,-0.2177,-0.2102,-0.0206,0.8017,241
06614800,aifs,14,0.7468,0.5671,0.9373,1.3827,241
06622700,aifs,14,-0.5680,0.0790,0.7192,1.6571,241
06623800,aifs,14,0.8043,0.8966,0.9073,1.0107,241
06632400,aifs,14,-0.4308,0.2839,0.4326,1.4062,241
06784000,aifs,14,-1.8940,-0.0226,0.0334,1.3293,241
06803510,aifs,14,-0.3167,-0.1418,-0.0095,0.7142,241
06803530,aifs,14,-0.9094,-0.0234,-0.0086,0.8361,241
06814000,aifs,14,-0.0631,0.2995,0.3735,0.7441,241
06846500,aifs,14,-0.0088,-0.4662,-0.0495,1.3858,241
06847900,aifs,14,-0.0205,-0.3192,0.0563,1.3120,241
06853800,aifs,14,-2.5699,-0.4705,-0.0312,1.9510,241
06876700,aifs,14,-0.1257,-0.4930,0.0620,0.1834,241
06878000,aifs,14,-0.4471,-0.0497,0.0791,0.5684,241
06879650,aifs,14,0.0336,-0.1293,0.2823,0.4038,240
06885500,aifs,14,-0.2380,-0.2032,0.0669,0.4109,241
06888500,aifs,14,-0.0402,-0.3864,0.0792,0.3486,241
06889200,aifs,14,-0.1714,-0.1506,0.0342,0.7173,241
06889500,aifs,14,-0.6820,0.0269,0.0443,0.8707,241
06892000,aifs,14,-0.8278,0.1435,0.1697,0.8109,241
06903400,aifs,14,-0.0764,-0.5500,0.0433,0.1352,241
06906800,aifs,14,-0.2604,-0.0855,0.0580,0.6848,241
06910800,aifs,14,-0.1552,0.0167,0.1668,0.6856,241
06911900,aifs,14,-0.1080,0.0573,0.2128,0.6794,241
06917000,aifs,14,-0.1354,-0.0217,0.1838,0.5686,241
06918460,aifs,14,0.0697,0.1762,0.3423,0.8378,241
06919500,aifs,14,-0.1451,0.2519,0.3557,0.6507,241
06921070,aifs,14,-0.1083,0.0242,0.1838,0.7218,241
06921200,aifs,14,-0.0658,-0.3124,0.1188,0.3439,241
06934000,aifs,14,-0.0121,0.2008,0.3775,0.6612,240
07014500,aifs,14,-0.0088,-0.2046,0.1637,0.6297,241
07056000,aifs,14,0.0034,0.1146,0.2865,0.7544,241
07057500,aifs,14,0.1238,0.0977,0.4688,0.7803,233
07060710,aifs,14,-0.0001,-0.3928,0.0298,1.0572,241
07066000,aifs,14,-0.2431,0.0509,0.1427,0.8351,241
07067000,aifs,14,-0.2585,0.2147,0.3707,0.6195,241
07068000,aifs,14,0.0115,0.3343,0.4258,0.8277,240
07071500,aifs,14,-0.3281,0.3095,0.3619,0.8209,241
07083000,aifs,14,-2.1321,-0.5548,0.8737,1.8740,241
07142300,aifs,14,-8.3702,-5.0658,-0.1029,6.9011,241
07145700,aifs,14,-0.0122,-0.5187,0.0939,0.1874,238
07148400,aifs,14,-1.8355,-0.0295,0.5221,1.5321,241
07149000,aifs,14,-0.5316,0.2791,0.5418,1.5268,241
07151500,aifs,14,-0.0389,-0.4562,-0.0174,0.4409,241
07167500,aifs,14,-0.2768,-0.5125,0.0163,2.0390,241
07180500,aifs,14,-0.3042,-0.0847,0.0135,0.8855,241
07184000,aifs,14,-0.0176,-0.1881,0.1794,0.4376,239
07195800,aifs,14,-0.6296,0.1075,0.1232,0.8536,239
07196900,aifs,14,-0.0673,0.0809,0.2081,1.0731,240
07197000,aifs,14,-0.3153,0.2968,0.3008,1.0414,241
07208500,aifs,14,-0.0922,0.4394,0.7200,1.1075,241
07226500,aifs,14,-0.0334,-0.4705,-0.0241,0.3883,239
07261000,aifs,14,-1.2905,-0.1858,0.1350,1.7831,239
07263295,aifs,14,-0.7831,-1.5415,0.0550,3.3433,239
07290650,aifs,14,-0.2857,-0.2117,0.0108,0.5449,241
07291000,aifs,14,-0.3046,-0.3078,0.0391,0.3327,241
07292500,aifs,14,-0.0055,-0.1279,0.1889,0.6905,241
07295000,aifs,14,-0.0855,-0.2520,0.0555,0.5666,241
07299670,aifs,14,-0.2013,-0.3317,0.1223,1.8753,231
07301410,aifs,14,-0.4877,-0.4305,-0.2703,0.7038,230
07301500,aifs,14,-0.1873,-0.5770,0.0343,1.7852,203
07315200,aifs,14,-1.6200,-0.1319,-0.0239,1.4154,161
07315700,aifs,14,-11.2639,-2.8066,-0.0376,3.8966,218
07335700,aifs,14,-0.1116,-0.2316,0.0793,0.5086,232
07340300,aifs,14,-0.2890,0.2290,0.2465,0.9803,241
07346045,aifs,14,-5.7698,-0.8019,0.2065,1.1215,241
07359610,aifs,14,-0.4040,0.0114,0.2741,1.6561,241
07362100,aifs,14,-5.1656,-1.1292,0.2065,2.5227,241
07362587,aifs,14,-0.4340,-0.5956,0.0538,2.2235,239
07373000,aifs,14,-0.1078,-0.2656,0.1324,0.5248,237
07375000,aifs,14,0.0114,-0.1741,0.2607,0.4243,241
07376000,aifs,14,0.0925,0.1112,0.4221,0.5591,241
08013000,aifs,14,0.0609,-0.0567,0.3702,0.5326,241
08014500,aifs,14,-0.0473,-0.1915,0.2199,0.5114,241
08023080,aifs,14,-0.5635,-0.5051,0.0135,2.0980,241
08025500,aifs,14,-0.1363,-0.2496,-0.0195,0.7067,241
08029500,aifs,14,-0.2593,-0.1743,-0.0360,1.1440,241
08050800,aifs,14,-0.0536,-0.3746,-0.0237,0.5813,240
08066200,aifs,14,-0.0829,-0.3844,-0.0302,0.4728,241
08066300,aifs,14,-0.0445,-0.5966,-0.0127,0.1762,241
08070000,aifs,14,-3.6726,-0.4989,0.0147,1.6903,241
08070200,aifs,14,-1.2454,0.0250,0.0506,1.1496,241
08079600,aifs,14,-6.1674,-3.5832,0.0321,5.2482,196
08082700,aifs,14,-0.0507,-0.3619,-0.0295,0.6233,227
08086212,aifs,14,-0.0478,-0.3052,0.0077,1.3426,241
08086290,aifs,14,-0.3270,-0.9887,0.0279,2.6842,241
08101000,aifs,14,-6.6500,-1.2732,0.0933,2.3320,241
08103900,aifs,14,0.1069,0.0114,0.3386,0.7214,241
08104900,aifs,14,-0.1880,-0.2714,0.0137,0.4741,241
08109700,aifs,14,-0.1531,0.1298,0.2051,1.0249,224
08150800,aifs,14,-0.0073,-0.5673,-0.0196,0.3063,241
08155200,aifs,14,-0.5288,-0.9063,0.0498,2.6041,241
08158700,aifs,14,-5.0548,-8.8261,0.1150,10.7509,241
08158810,aifs,14,-0.0842,-0.1560,0.0492,1.0316,241
08164000,aifs,14,-1.5239,-0.0863,0.0794,1.4868,241
08164300,aifs,14,-0.2378,-0.1660,-0.0213,0.8234,238
08164600,aifs,14,-8.5387,-3.8777,0.0730,5.3961,241
08165300,aifs,14,-0.0092,-0.4574,-0.0759,0.7879,241
08171300,aifs,14,-17.1816,-29.6928,0.0272,31.6246,241
08175000,aifs,14,-1.0159,-0.1748,-0.0057,0.3931,241
08176900,aifs,14,-15.3617,-6.2479,0.1486,7.6137,241
08178880,aifs,14,-0.0641,-0.5274,0.0177,0.2069,241
08189500,aifs,14,-0.9581,0.0769,0.0903,0.8613,241
08190000,aifs,14,-0.0259,-0.4481,-0.0278,0.4974,241
08190500,aifs,14,0.2452,0.3595,0.5755,1.4490,235
08194200,aifs,14,-0.0136,-0.5421,0.0943,0.1543,241
08195000,aifs,14,-0.0129,-0.4992,0.0093,0.3820,241
08196000,aifs,14,0.0487,-0.0682,0.2259,1.0797,229
08198500,aifs,14,-0.0099,-0.5957,0.0263,0.1957,241
08200000,aifs,14,-0.0394,-0.5041,0.0539,0.2021,241
08202700,aifs,14,-0.0236,-0.6279,-0.0070,0.0804,240
08267500,aifs,14,-19.6172,-2.0323,0.6992,2.5837,241
08269000,aifs,14,-5.7132,-0.7700,0.6213,1.7884,241
08271000,aifs,14,-41.9739,-3.9873,0.7641,2.4371,241
08324000,aifs,14,-0.0187,0.5154,0.6796,1.1392,241
08377900,aifs,14,-5.4460,-0.7320,0.3426,1.3287,241
08378500,aifs,14,-6.3354,-1.0468,0.6028,1.3395,233
08380500,aifs,14,-2.9623,-0.2141,0.4124,1.6308,241
09034900,aifs,14,0.0098,0.1223,0.8817,1.6278,237
09035900,aifs,14,0.4912,0.6951,0.8200,1.1272,207
09047700,aifs,14,-5.5605,-1.1152,0.8562,1.4443,239
09065500,aifs,14,0.6392,0.5335,0.9447,1.2066,241
09066000,aifs,14,-1.3220,0.0455,0.5635,1.2272,241
09066200,aifs,14,0.6479,0.5389,0.9354,1.2865,241
09066300,aifs,14,-0.6340,-0.1092,0.7786,1.8668,241
09081600,aifs,14,-0.0168,0.5365,0.6173,1.1029,241
09107000,aifs,14,-1.8043,-0.2136,0.7097,1.3364,240
09210500,aifs,14,-1.3705,0.0940,0.7447,1.5420,214
09223000,aifs,14,-3.1659,-0.6410,0.8684,2.0301,180
09306242,aifs,14,-381.5573,-4.1820,0.8975,6.0631,239
09312600,aifs,14,-2.2374,-0.6650,0.4909,2.4354,241
09352900,aifs,14,-0.5949,0.2844,0.6039,1.2813,211
09378170,aifs,14,0.2578,0.2708,0.5425,1.3140,241
09378630,aifs,14,,,,,241
09386900,aifs,14,-8.3606,-1.4895,-0.0009,2.4183,241
09404450,aifs,14,0.6920,0.8261,0.8457,0.9414,241
09430500,aifs,14,-1.6343,0.0257,0.3247,0.3026,241
09430600,aifs,14,-2.1661,-0.1348,0.2673,0.5271,241
09447800,aifs,14,-2.2267,-0.6421,0.0293,2.0347,241
09480000,aifs,14,-0.2464,-1.6907,-0.0162,3.4236,241
09484000,aifs,14,-2.4172,-1.0085,0.0527,2.6842,216
09484600,aifs,14,-1.2288,-1.4524,-0.0192,3.2306,240
09492400,aifs,14,-0.4959,0.3673,0.6366,1.4821,240
09494000,aifs,14,-0.8828,0.2588,0.4651,1.0924,241
09497800,aifs,14,-0.1110,-0.6259,-0.2555,1.5134,241
09497980,aifs,14,-10.1080,-1.6398,0.1910,1.9299,210
09505200,aifs,14,-1.2107,0.0604,0.3029,1.4630,241
09505350,aifs,14,-1.1239,-0.2647,0.2835,1.9770,241
09505800,aifs,14,-3.2105,-0.3590,0.1311,1.5162,241
09508300,aifs,14,-43.3529,-5.4961,0.3128,3.7361,241
09510200,aifs,14,-529.2202,-23.6258,0.0169,12.3187,222
09512280,aifs,14,-45.4551,-8.9138,0.0068,9.0692,241
09513780,aifs,14,-548.4519,-26.4221,0.0579,17.2455,240
10023000,aifs,14,-15.4408,-0.7314,0.0608,2.2376,241
10166430,aifs,14,-13423.7684,-91.2393,0.5494,72.8691,241
10172700,aifs,14,-30.3000,-0.3250,0.6186,2.0208,241
10172800,aifs,14,-9.6513,-0.8808,0.7936,2.3479,241
10173450,aifs,14,-0.6619,0.3158,0.3698,1.0460,241
10205030,aifs,14,-205.2575,-10.2954,-0.0173,2.3980,241
10234500,aifs,14,-0.1227,-0.2645,-0.0421,0.8706,237
10242000,aifs,14,-30.8135,-3.8525,0.4145,4.5418,241
10244950,aifs,14,-37.8736,-1.6051,0.7113,1.5651,241
10249300,aifs,14,-45.8225,-4.6648,0.5095,4.3665,240
10258000,aifs,14,,,,,69
10258500,aifs,14,-0.6554,0.1869,0.1890,0.9455,241
10259000,aifs,14,0.6827,0.6740,0.8420,1.0759,241
10259200,aifs,14,-9.7492,-6.1748,0.5597,7.7426,241
10263500,aifs,14,0.4114,0.4849,0.9036,1.2033,241
10310500,aifs,14,-1.9703,0.0923,0.8547,1.8155,241
10316500,aifs,14,-0.2756,0.3480,0.6925,1.2254,241
10329500,aifs,14,0.5377,0.6392,0.8752,1.1455,241
10336645,aifs,14,0.3496,0.5924,0.6629,1.2133,227
10336660,aifs,14,0.4016,0.6673,0.6805,1.0533,241
10343500,aifs,14,0.5484,0.5138,0.7828,0.8099,241
10348850,aifs,14,-2.3247,-0.0012,0.8020,1.7211,241
10396000,aifs,14,0.6855,0.8002,0.8509,1.1035,241
11098000,aifs,14,-0.0495,0.4159,0.4371,1.1354,241
11124500,aifs,14,-2.2865,-0.8324,0.8800,2.3386,241
11141280,aifs,14,0.0831,0.1141,0.3143,1.0149,241
11143000,aifs,14,0.2484,0.3603,0.5061,0.9874,241
11148900,aifs,14,0.0927,-0.1559,0.3491,0.4055,241
11151300,aifs,14,-0.0325,-0.2827,0.0271,0.7358,241
11162500,aifs,14,0.1085,-0.0212,0.4074,0.5449,241
11176400,aifs,14,-0.0857,-0.0259,0.1871,0.6020,144
11180500,aifs,14,-1.4702,-0.3405,0.2476,2.0054,241
11180960,aifs,14,-1.1967,-0.5144,0.2397,2.2805,241
11224500,aifs,14,-0.0238,-0.6472,-0.0014,0.1139,241
11253310,aifs,14,-0.0236,-0.4268,0.0895,0.3277,241
11264500,aifs,14,-1.0669,0.1608,0.2034,1.0770,241
11266500,aifs,14,-1.1369,0.1758,0.2930,1.1973,241
11274500,aifs,14,-0.2897,0.1266,0.1745,0.8819,241
11274630,aifs,14,-1.2775,0.1086,0.2279,1.2334,241
11284400,aifs,14,-0.0062,-0.2186,0.2316,0.2960,241
11299600,aifs,14,-0.0317,-0.0621,0.1876,0.6164,238
11381500,aifs,14,0.3800,0.2924,0.7161,0.9721,241
11383500,aifs,14,0.3967,0.3633,0.6608,1.0297,241
11451100,aifs,14,0.4090,0.3928,0.6614,0.9298,106
11468500,aifs,14,0.2875,0.1890,0.6349,0.8197,241
11473900,aifs,14,0.3749,0.2564,0.7611,0.8522,241
11475560,aifs,14,0.4086,0.3181,0.7058,0.8159,241
11476600,aifs,14,0.6425,0.5586,0.8391,1.0490,240
11478500,aifs,14,0.7069,0.5324,0.8785,1.2664,241
11480390,aifs,14,0.5209,0.3747,0.8495,0.8949,241
11481200,aifs,14,0.3978,0.5307,0.6479,1.2124,241
11482500,aifs,14,0.6521,0.5975,0.8272,1.3423,241
11522500,aifs,14,0.0378,0.3582,0.5761,1.4816,241
11523200,aifs,14,-0.4908,0.1435,0.5892,1.6817,241
11528700,aifs,14,0.4758,0.4288,0.7249,1.0690,241
11532500,aifs,14,0.5856,0.6492,0.7683,1.1482,241
12010000,aifs,14,-1.0802,0.1693,0.2542,0.8146,241
12013500,aifs,14,-1.5245,0.0961,0.2942,1.0409,241
12020000,aifs,14,-3.1954,-0.2750,0.1610,0.8985,241
12025000,aifs,14,-1.2870,0.1173,0.2842,1.2691,241
12025700,aifs,14,-1.4859,0.0927,0.2319,1.1110,241
12035000,aifs,14,-0.4300,0.4038,0.4955,0.9825,241
12040500,aifs,14,-0.9970,0.2257,0.3167,0.9947,241
12041200,aifs,14,-1.5605,0.0768,0.3748,0.9626,241
12043000,aifs,14,-0.4315,0.3930,0.4451,0.9328,241
12048000,aifs,14,-0.4110,0.3684,0.6874,1.3337,241
12054000,aifs,14,-0.9601,0.1764,0.5466,1.4092,241
12056500,aifs,14,-2.2190,-0.1162,0.3945,1.1038,241
12073500,aifs,14,-2.2194,-0.0722,0.3268,1.1754,240
12082500,aifs,14,-0.2685,0.2794,0.2970,1.1046,235
12092000,aifs,14,-0.4877,0.1912,0.1961,1.0380,241
12095000,aifs,14,-0.4607,0.3474,0.3721,1.1060,241
12114500,aifs,14,0.4060,0.4463,0.6417,1.0626,241
12115000,aifs,14,0.3777,0.4453,0.6157,1.0454,241
12115500,aifs,14,0.2488,0.3508,0.5079,0.9077,241
12117000,aifs,14,-0.0280,0.4838,0.4855,1.0425,241
12141300,aifs,14,0.0857,0.2434,0.3749,1.1267,241
12143600,aifs,14,0.1737,0.3193,0.4707,1.2278,238
12144000,aifs,14,0.2629,0.4458,0.5377,1.0335,240
12145500,aifs,14,-0.4213,0.3980,0.4494,1.0502,241
12147600,aifs,14,0.0091,0.2213,0.3188,0.9951,241
12167000,aifs,14,-0.3992,0.2761,0.3520,1.3202,241
12175500,aifs,14,-0.2169,0.4593,0.5043,1.1610,241
12186000,aifs,14,-0.1053,0.3240,0.3808,1.2193,238
12189500,aifs,14,-0.2450,0.3490,0.4356,1.3243,240
12358500,aifs,14,0.6152,0.8092,0.8218,1.0160,241
12377150,aifs,14,0.5062,0.7553,0.7558,0.9895,241
12381400,aifs,14,0.3935,0.5261,0.8679,1.2169,208
12390700,aifs,14,0.4200,0.6340,0.7084,1.1952,241
12411000,aifs,14,0.5961,0.6202,0.8626,1.3327,230
12414500,aifs,14,0.6518,0.7323,0.8115,0.9331,241
12447390,aifs,14,-0.1851,-0.2230,0.2321,0.3746,241
12451000,aifs,14,0.4264,0.6446,0.8013,1.2532,241
12488500,aifs,14,0.4866,0.6934,0.7682,1.1998,241
13011500,aifs,14,0.6176,0.4867,0.9347,1.4005,241
13011900,aifs,14,0.7997,0.7974,0.9311,1.0043,241
13018300,aifs,14,-0.5511,-0.0474,0.9373,1.5244,241
13023000,aifs,14,0.4561,0.7169,0.7876,0.9473,199
13161500,aifs,14,0.5269,0.6894,0.7513,0.8588,241
13235000,aifs,14,0.5860,0.6718,0.7795,0.8970,239
13240000,aifs,14,0.8045,0.8852,0.8983,0.9969,162
13310700,aifs,14,0.6087,0.5464,0.8832,0.6952,241
13313000,aifs,14,0.7116,0.5104,0.9524,0.6583,241
13331500,aifs,14,0.3423,0.4360,0.8949,1.2777,241
13337000,aifs,14,0.6519,0.7235,0.8313,0.8446,241
13338500,aifs,14,0.6300,0.7692,0.8510,1.1343,241
13340000,aifs,14,0.5120,0.6694,0.7570,0.8264,241
13340600,aifs,14,0.5815,0.6441,0.8503,0.7287,241
14020000,aifs,14,0.1596,0.0716,0.5076,0.6096,241
14092750,aifs,14,0.1638,0.4447,0.5054,0.8948,241
14096850,aifs,14,-7.9163,-1.2095,0.4214,0.5874,241
14137000,aifs,14,-0.0049,0.3184,0.3696,1.0424,236
14138800,aifs,14,-0.1665,0.1666,0.2299,0.9036,241
14138870,aifs,14,-0.2375,0.2942,0.3162,0.8638,241
14138900,aifs,14,-0.1520,0.1660,0.2316,0.9307,241
14139800,aifs,14,-0.1571,0.2925,0.3293,0.8454,239
14141500,aifs,14,-0.1372,0.3572,0.3699,0.9328,241
14154500,aifs,14,-0.1988,0.3945,0.5777,1.3314,241
14158500,aifs,14,0.7078,0.7495,0.8690,1.0961,226
14158790,aifs,14,0.1056,0.5047,0.5169,1.0701,237
14166500,aifs,14,0.1343,0.4066,0.4637,1.0255,241
14182500,aifs,14,-0.2226,0.3472,0.3505,0.9775,241
14185000,aifs,14,-0.5443,0.3269,0.4707,1.2556,241
14185900,aifs,14,-0.5139,0.3158,0.3660,1.1994,238
14187000,aifs,14,-0.4038,0.3409,0.5095,1.3254,239
14216500,aifs,14,0.0527,0.5358,0.5578,1.1318,238
14222500,aifs,14,-0.2323,0.3081,0.3189,1.0631,241
14236200,aifs,14,-0.6037,0.2747,0.2831,0.9966,240
14301000,aifs,14,-0.2239,0.3544,0.3565,0.9885,240
14303200,aifs,14,0.1090,0.3204,0.4140,0.9403,241
14305500,aifs,14,-0.0936,0.3872,0.3971,0.9604,239
14306340,aifs,14,0.2602,0.3958,0.5371,0.8102,241
14306500,aifs,14,0.2990,0.5816,0.6053,0.9713,241
14308990,aifs,14,0.4573,0.5180,0.6774,1.0399,241
14309500,aifs,14,0.2670,0.4073,0.5293,0.9540,241
14316700,aifs,14,-0.0787,0.4507,0.5594,1.2849,241
14325000,aifs,14,0.2737,0.5249,0.5735,0.9219,241
14362250,aifs,14,0.3116,0.2068,0.6579,0.5698,148
14400000,aifs,14,0.4752,0.6797,0.7100,0.9407,241
