gauge_id,model,lead,nse,kge,corr,bias,n_days
01013500,ifs,1,0.8980,0.8099,0.9584,0.8606,238
01022500,ifs,1,0.8140,0.7202,0.9222,1.0142,238
01030500,ifs,1,0.8133,0.8021,0.9339,1.0918,238
01031500,ifs,1,0.7386,0.7977,0.8596,0.9806,236
01047000,ifs,1,0.5556,0.7487,0.7620,1.0079,238
01052500,ifs,1,0.4421,0.3728,0.7108,0.6867,238
01054200,ifs,1,0.4062,0.2766,0.7020,0.5523,238
01055000,ifs,1,0.3671,0.5853,0.6327,0.9557,236
01057000,ifs,1,0.7446,0.7050,0.8759,0.9025,236
01073000,ifs,1,0.6269,0.7168,0.8728,1.0964,238
01078000,ifs,1,0.6174,0.5431,0.8304,0.7081,236
01118300,ifs,1,0.2081,0.6120,0.6285,0.9011,236
01121000,ifs,1,0.6056,0.6620,0.8459,1.2822,236
01123000,ifs,1,0.8326,0.8874,0.9129,0.9734,238
01134500,ifs,1,0.7418,0.7609,0.8677,0.8619,236
01137500,ifs,1,0.4575,0.5353,0.6980,0.7926,238
01139000,ifs,1,0.7049,0.8039,0.8485,0.9005,234
01139800,ifs,1,0.7725,0.8457,0.8866,1.0919,238
01142500,ifs,1,0.7297,0.7386,0.8656,0.8660,236
01144000,ifs,1,0.8558,0.9207,0.9311,0.9835,238
01169000,ifs,1,0.6351,0.7539,0.7999,1.0427,236
01170100,ifs,1,0.7323,0.7950,0.8577,0.9305,237
01181000,ifs,1,0.3128,0.5384,0.8046,1.1953,236
01187300,ifs,1,0.6036,0.6731,0.7778,1.0739,238
01195100,ifs,1,0.3968,0.5055,0.6346,0.9181,238
01333000,ifs,1,0.4510,0.6228,0.6915,0.8727,236
01350000,ifs,1,-0.0983,0.3176,0.3697,0.7882,235
01350080,ifs,1,0.4612,0.5833,0.7096,0.7553,238
01350140,ifs,1,0.7340,0.5756,0.9012,0.6419,188
01365000,ifs,1,0.3781,0.5230,0.6328,0.8468,236
01411300,ifs,1,0.2451,0.4524,0.6127,1.3205,229
01413500,ifs,1,0.5132,0.4825,0.7475,0.8182,236
01414500,ifs,1,0.1410,0.1180,0.4522,0.6057,236
01415000,ifs,1,0.4486,0.3207,0.8140,0.6382,193
01423000,ifs,1,0.5205,0.4466,0.7920,0.7320,238
01434025,ifs,1,0.1882,0.5189,0.5960,0.7414,238
01435000,ifs,1,0.3887,0.4799,0.6273,0.8910,237
01439500,ifs,1,0.6606,0.7414,0.8396,0.8228,236
01440000,ifs,1,0.4227,0.7193,0.7534,1.0034,238
01440400,ifs,1,0.6175,0.7862,0.8390,1.0584,212
01451800,ifs,1,0.5327,0.6558,0.7337,1.0655,236
01466500,ifs,1,-1.8278,-0.4521,0.8483,1.0040,236
01484100,ifs,1,-0.3865,0.3792,0.5170,1.3296,238
01485500,ifs,1,-9.5699,-1.9231,0.5041,2.8767,233
01486000,ifs,1,-3.1371,-0.4635,0.4474,1.9452,238
01487000,ifs,1,-0.1690,0.4314,0.6927,1.1323,238
01491000,ifs,1,0.7063,0.6454,0.8611,0.9723,238
01510000,ifs,1,0.7725,0.7229,0.8909,0.9869,238
01516500,ifs,1,0.3404,0.2515,0.6696,0.6035,238
01518862,ifs,1,0.4299,0.3876,0.7270,0.6507,238
01532000,ifs,1,0.5599,0.7782,0.8043,0.9623,236
01539000,ifs,1,0.6052,0.7375,0.7873,0.9200,220
01542810,ifs,1,0.6032,0.6011,0.7902,0.8394,236
01543000,ifs,1,0.6334,0.7346,0.8143,0.8386,238
01543500,ifs,1,0.7296,0.6756,0.8850,0.8094,236
01544500,ifs,1,0.5727,0.4914,0.8580,0.6576,238
01545600,ifs,1,0.4900,0.3780,0.8327,0.6420,238
01547700,ifs,1,0.0816,0.0949,0.3198,0.8124,238
01548500,ifs,1,0.5038,0.3880,0.8429,0.6316,236
01549500,ifs,1,0.5977,0.5300,0.8339,0.6972,236
01550000,ifs,1,0.5584,0.5191,0.8098,0.6921,236
01552000,ifs,1,0.4461,0.6353,0.6989,0.8596,238
01552500,ifs,1,0.4179,0.6991,0.7102,0.9193,238
01557500,ifs,1,0.1799,0.5585,0.5818,1.1352,238
01567500,ifs,1,0.1663,0.3796,0.4692,1.0797,238
01568000,ifs,1,0.4173,0.6049,0.6802,1.1652,238
01580000,ifs,1,0.2690,0.5242,0.5711,0.9515,234
01583500,ifs,1,0.2846,0.4938,0.5812,0.8746,238
01586610,ifs,1,0.3792,0.5708,0.6590,0.8377,204
01591400,ifs,1,0.1242,0.5653,0.5714,1.0713,238
01596500,ifs,1,0.3774,0.3316,0.6561,0.7051,236
01605500,ifs,1,0.2015,0.5987,0.6604,1.1853,236
01606500,ifs,1,0.5970,0.6784,0.7886,0.8162,211
01613050,ifs,1,0.0567,0.4375,0.4771,1.1636,238
01620500,ifs,1,0.4905,0.3663,0.7904,0.5419,236
01632000,ifs,1,0.4398,0.6770,0.7077,1.1259,236
01632900,ifs,1,-0.0187,0.4840,0.6952,1.1550,236
01634500,ifs,1,0.2360,0.4836,0.5386,1.0310,221
01638480,ifs,1,-2.5068,-0.4989,0.5933,2.0301,233
01639500,ifs,1,0.4874,0.6499,0.7208,1.1506,238
01644000,ifs,1,-1.0073,-0.1996,0.7741,1.9962,238
01658500,ifs,1,-0.7135,0.2419,0.4095,1.3500,207
01664000,ifs,1,0.7045,0.8204,0.8443,1.0473,238
01666500,ifs,1,0.2989,0.5749,0.6946,1.2957,223
01667500,ifs,1,0.5079,0.7047,0.7994,1.2057,216
01669000,ifs,1,-0.6507,0.3109,0.5320,1.2156,213
01669520,ifs,1,-3.1620,-0.5768,0.7694,1.9097,236
02011400,ifs,1,0.6090,0.7491,0.7902,1.0887,238
02011460,ifs,1,0.5076,0.5798,0.7211,0.8308,238
02013000,ifs,1,0.6169,0.6042,0.7967,1.0760,238
02014000,ifs,1,0.4200,0.6913,0.6964,1.0252,237
02015700,ifs,1,0.7733,0.8531,0.8807,1.0314,220
02016000,ifs,1,0.7992,0.7465,0.9047,0.8389,237
02017500,ifs,1,0.3771,0.6038,0.8113,1.0960,236
02018000,ifs,1,0.7276,0.8573,0.8698,1.0455,231
02027000,ifs,1,0.7159,0.7334,0.8906,0.7642,218
02027500,ifs,1,0.7182,0.5828,0.9226,0.6300,221
02028500,ifs,1,0.6162,0.6246,0.8075,0.8356,213
02038850,ifs,1,0.0836,0.4192,0.4688,0.8559,236
02046000,ifs,1,0.5410,0.4227,0.8424,1.5541,228
02051000,ifs,1,-0.3673,0.2195,0.2305,1.0471,238
02051500,ifs,1,0.5332,0.6234,0.7686,1.2906,236
02053200,ifs,1,0.2668,0.4111,0.6787,1.4926,210
02053800,ifs,1,0.5498,0.5797,0.7548,0.8837,219
02055100,ifs,1,0.5693,0.6410,0.7579,1.0641,236
02056900,ifs,1,0.3285,0.6776,0.7084,0.9259,212
02059500,ifs,1,0.5753,0.6188,0.8074,0.7561,207
02064000,ifs,1,0.5184,0.4831,0.7587,0.7347,226
02065500,ifs,1,0.5441,0.4776,0.8624,0.6301,236
02069700,ifs,1,0.0576,0.4849,0.5596,1.2571,210
02070000,ifs,1,0.3731,0.5612,0.6761,1.2255,236
02074500,ifs,1,0.1926,0.5353,0.5582,1.0959,238
02077200,ifs,1,0.5634,0.7358,0.8118,1.1499,233
02081500,ifs,1,0.0274,0.3107,0.5902,1.5421,238
02082950,ifs,1,-0.7134,0.0428,0.6478,1.6310,238
02092500,ifs,1,-0.2486,-0.0256,0.6036,1.9433,238
02096846,ifs,1,-0.9663,-0.0335,0.1828,1.6121,238
02102908,ifs,1,0.3660,0.5832,0.6333,0.9457,238
02108000,ifs,1,0.7521,0.7703,0.8711,1.0866,238
02111180,ifs,1,0.1980,0.2780,0.4566,1.0792,238
02111500,ifs,1,0.0284,0.3962,0.4253,1.0140,236
02118500,ifs,1,0.0662,0.5664,0.5826,1.0782,238
02128000,ifs,1,-1.5526,-0.8263,0.5829,2.5761,238
02137727,ifs,1,-0.0709,0.4836,0.4877,1.0523,238
02140991,ifs,1,0.1797,0.5063,0.5635,1.1726,238
02143000,ifs,1,-0.9023,0.2467,0.6869,1.3388,238
02143040,ifs,1,-1.5387,0.0525,0.4577,1.1047,236
02149000,ifs,1,0.0710,0.4658,0.4977,1.1431,238
02152100,ifs,1,-0.7440,0.3056,0.4752,1.0995,238
02177000,ifs,1,0.3520,0.3679,0.6137,1.0633,236
02178400,ifs,1,0.4209,0.6037,0.6624,0.9874,236
02193340,ifs,1,-0.6776,0.2117,0.3259,1.3649,238
02196000,ifs,1,0.3376,0.1713,0.6546,0.5436,238
02198100,ifs,1,-0.3092,0.2072,0.4361,1.5540,237
02202600,ifs,1,-0.3160,-0.8833,-0.4555,1.6969,238
02212600,ifs,1,0.0765,0.3195,0.4148,1.2014,236
02215100,ifs,1,0.4852,0.4603,0.7173,0.8407,238
02216180,ifs,1,0.2380,0.0887,0.5487,0.5864,236
02221525,ifs,1,0.3814,0.5024,0.6325,1.1394,236
02231000,ifs,1,-3.0251,-0.7899,0.5607,2.3002,238
02231342,ifs,1,-0.7756,-0.1245,0.7964,1.7620,238
02235200,ifs,1,-0.9767,0.2355,0.3640,1.2956,237
02245500,ifs,1,-3.9617,-0.7337,0.6280,1.3997,238
02246000,ifs,1,-0.0872,0.3575,0.7734,0.9935,236
02296500,ifs,1,-0.1176,-0.4872,0.7569,2.4563,227
02297155,ifs,1,0.1699,-0.0228,0.6989,0.3493,237
02297310,ifs,1,0.5477,0.7756,0.7761,0.9886,228
02298123,ifs,1,0.5138,0.4339,0.7590,0.7008,238
02298608,ifs,1,0.4345,0.3320,0.8731,1.6412,238
02299950,ifs,1,0.5629,0.7553,0.7703,0.9403,238
02300700,ifs,1,0.4814,0.5826,0.7025,0.8184,238
02310947,ifs,1,-0.7420,-2.0491,-0.2939,3.6682,238
02312200,ifs,1,-19.8896,-4.2071,0.2768,6.1456,238
02314500,ifs,1,-0.3319,-0.5340,-0.2346,0.5621,238
02315500,ifs,1,-0.3295,-0.6563,-0.2880,0.4430,238
02324400,ifs,1,-0.2052,-1.0284,-0.5320,0.1148,238
02327100,ifs,1,-3.6359,-1.4692,0.8281,2.9616,236
02349900,ifs,1,0.3576,0.3531,0.6099,1.1230,238
02350900,ifs,1,0.5610,0.5598,0.9012,0.7050,238
02361000,ifs,1,0.6709,0.6819,0.8759,0.7458,238
02363000,ifs,1,0.5510,0.2416,0.9374,0.4685,236
02369800,ifs,1,0.4983,0.3927,0.7542,0.7509,237
02371500,ifs,1,0.5258,0.3516,0.8842,0.8409,238
02372250,ifs,1,0.7087,0.5503,0.9130,0.9713,236
02374500,ifs,1,0.6372,0.6161,0.8124,0.9010,238
02381600,ifs,1,-0.0090,0.1420,0.2688,1.0325,237
02384540,ifs,1,0.1875,0.1629,0.5569,0.7449,238
02395120,ifs,1,-0.6160,0.3453,0.4529,1.0372,238
02408540,ifs,1,-0.2064,0.4705,0.5157,1.0778,238
02415000,ifs,1,0.0073,0.4876,0.4949,1.0823,228
02422500,ifs,1,0.2122,0.4990,0.8035,1.2404,221
02427250,ifs,1,0.5662,0.5948,0.7643,1.2864,238
02430085,ifs,1,0.0245,0.1917,0.3108,1.0285,238
02450250,ifs,1,0.2671,0.3977,0.5276,1.0523,236
02464000,ifs,1,0.3782,0.6171,0.6480,1.0282,238
02465493,ifs,1,0.4128,0.6721,0.7244,1.1775,235
02469800,ifs,1,0.5660,0.4707,0.7984,0.6726,236
02472000,ifs,1,0.8419,0.6875,0.9406,0.8152,238
02472500,ifs,1,0.6774,0.7724,0.8738,0.8988,238
02479155,ifs,1,0.5387,0.3465,0.8531,0.7240,238
02479300,ifs,1,0.6164,0.6480,0.7872,0.8710,238
02481000,ifs,1,0.3763,0.2604,0.6385,0.5667,238
02481510,ifs,1,0.6119,0.4085,0.8491,0.6496,238
03010655,ifs,1,0.6212,0.5206,0.8683,0.6936,209
03011800,ifs,1,0.4105,0.5012,0.6777,0.7972,238
03015500,ifs,1,0.6656,0.8208,0.8330,0.9356,238
03021350,ifs,1,0.4353,0.6959,0.7296,0.8631,236
03026500,ifs,1,0.5718,0.6236,0.7659,0.8698,238
03028000,ifs,1,0.5251,0.5972,0.7999,0.7181,236
03049800,ifs,1,0.1451,0.1068,0.4388,0.6696,236
03050000,ifs,1,0.4582,0.7000,0.7120,0.9528,236
03066000,ifs,1,0.6256,0.6662,0.8030,0.8323,238
03069500,ifs,1,0.5217,0.5458,0.7472,0.7596,236
03070500,ifs,1,0.0300,0.5137,0.6961,1.1177,236
03076600,ifs,1,0.3908,0.4268,0.6683,0.7072,238
03078000,ifs,1,0.1546,0.2394,0.4538,0.7048,238
03140000,ifs,1,0.2476,0.3006,0.4993,0.9132,236
03144000,ifs,1,0.2528,0.5796,0.5988,1.0970,238
03159540,ifs,1,0.3406,0.6654,0.6909,1.1150,238
03161000,ifs,1,0.4119,0.5048,0.6646,0.8928,238
03164000,ifs,1,0.5506,0.7436,0.7805,0.8936,238
03165000,ifs,1,-0.1440,0.3484,0.3604,0.9605,221
03170000,ifs,1,0.6432,0.7029,0.8083,0.9234,238
03173000,ifs,1,0.6197,0.7537,0.8012,0.8798,236
03180500,ifs,1,0.5983,0.5427,0.7990,0.7980,222
03182500,ifs,1,0.6159,0.7313,0.7897,0.9116,236
03186500,ifs,1,0.6552,0.7541,0.8116,0.9428,236
03187500,ifs,1,0.6815,0.8179,0.8439,0.9063,235
03213700,ifs,1,0.3529,0.6631,0.7540,1.1141,238
03237280,ifs,1,0.3971,0.4421,0.6390,0.7613,238
03237500,ifs,1,0.6999,0.7521,0.8401,1.1508,236
03241500,ifs,1,0.4982,0.5295,0.7134,0.8159,225
03280700,ifs,1,-0.6050,0.3312,0.4785,0.8328,213
03281100,ifs,1,-0.4685,0.3723,0.5264,0.8494,236
03281500,ifs,1,0.2831,0.6230,0.7011,0.8159,223
03285000,ifs,1,-0.6638,-0.0221,0.3930,1.7935,235
03291780,ifs,1,0.1347,0.1786,0.3816,0.8609,238
03300400,ifs,1,0.5286,0.6571,0.7344,1.1273,238
03340800,ifs,1,-0.3656,0.3514,0.3662,1.1192,190
03346000,ifs,1,0.5482,0.5229,0.7535,0.7132,238
03364500,ifs,1,0.2792,0.2264,0.5514,0.6899,238
03366500,ifs,1,0.2947,0.2594,0.5590,0.7049,238
03368000,ifs,1,0.0359,-0.0160,0.2647,0.6235,238
03384450,ifs,1,0.1089,-0.0557,0.3535,0.6186,238
03439000,ifs,1,0.0596,0.0701,0.4308,0.6899,236
03450000,ifs,1,0.2383,0.2274,0.5271,0.8500,238
03455500,ifs,1,-0.1237,0.1892,0.3634,0.6869,236
03456500,ifs,1,0.0907,0.2570,0.3958,0.8653,236
03460000,ifs,1,-0.1154,0.4399,0.6051,0.6805,238
03463300,ifs,1,-0.4359,0.4010,0.4886,1.0484,238
03471500,ifs,1,0.5919,0.7029,0.8580,0.7520,236
03473000,ifs,1,0.5194,0.6742,0.7965,0.7795,238
03479000,ifs,1,0.0024,0.4750,0.4817,0.9329,236
03488000,ifs,1,0.5796,0.5878,0.7925,0.7729,238
03498500,ifs,1,0.0166,0.5374,0.5822,0.8294,238
03500000,ifs,1,0.3705,0.6379,0.7439,0.8370,236
03504000,ifs,1,-0.0373,0.4533,0.4883,0.8702,236
03574500,ifs,1,0.3494,0.2930,0.6347,0.6472,238
03604000,ifs,1,0.0724,0.0381,0.3093,0.8180,236
04015330,ifs,1,0.3188,0.2376,0.5891,0.6429,197
04024430,ifs,1,0.6099,0.4945,0.8217,0.6332,238
04027000,ifs,1,0.5826,0.5147,0.7910,0.7233,238
04040500,ifs,1,0.8418,0.7392,0.9309,0.8685,238
04043050,ifs,1,0.7806,0.7832,0.8876,0.8702,182
04045500,ifs,1,0.8958,0.7684,0.9652,0.7903,234
04056500,ifs,1,0.4708,0.3956,0.7852,0.6949,229
04057510,ifs,1,0.8617,0.6499,0.9746,0.7683,158
04057800,ifs,1,0.7982,0.5976,0.9286,0.7154,238
04059500,ifs,1,0.8583,0.8155,0.9321,0.9809,238
04063700,ifs,1,0.8415,0.5527,0.9782,0.6406,238
04074950,ifs,1,0.6874,0.5537,0.9370,0.7572,238
04105700,ifs,1,0.7859,0.7410,0.9022,0.9500,238
04115265,ifs,1,0.4908,0.4982,0.7110,0.9912,238
04122200,ifs,1,0.7370,0.7048,0.8773,0.8886,238
04122500,ifs,1,0.8576,0.8310,0.9357,0.9364,236
04124000,ifs,1,0.9146,0.9125,0.9675,1.0610,238
04127997,ifs,1,0.6912,0.6231,0.8626,0.9428,201
04185000,ifs,1,0.8679,0.8783,0.9322,0.9970,215
04196800,ifs,1,0.8512,0.8348,0.9242,0.9102,238
04197100,ifs,1,0.6758,0.7510,0.8357,1.1845,238
04197170,ifs,1,0.2822,0.4282,0.5506,0.8371,238
04213000,ifs,1,0.4592,0.7000,0.7201,0.9028,236
04213075,ifs,1,0.1921,0.3067,0.4662,0.8507,234
04216418,ifs,1,0.5390,0.6762,0.7432,1.1079,238
04221000,ifs,1,0.2955,0.2783,0.7028,0.5687,238
04224775,ifs,1,0.3648,0.3087,0.6925,0.6130,236
04256000,ifs,1,0.8184,0.8252,0.9252,1.1251,236
04296000,ifs,1,0.6219,0.6358,0.8046,0.8377,236
05057000,ifs,1,-1.1567,0.0652,0.6316,0.4931,160
05057200,ifs,1,0.5833,0.7013,0.7654,1.0077,237
05062500,ifs,1,0.6923,0.6217,0.8601,0.8591,199
05087500,ifs,1,0.3406,0.4342,0.5845,0.9937,238
05120500,ifs,1,-10.0006,-1.4892,-0.0649,3.1891,210
05123400,ifs,1,-0.3916,-0.6523,-0.0184,0.1576,238
05129115,ifs,1,-0.8334,-0.8962,-0.2632,0.0000,238
05131500,ifs,1,0.0767,-0.0299,0.7497,0.3990,142
05291000,ifs,1,0.1102,0.1217,0.5171,0.5782,238
05362000,ifs,1,0.7277,0.7656,0.8644,0.8219,237
05393500,ifs,1,0.6851,0.7474,0.8328,0.8638,238
05399500,ifs,1,0.1018,0.5899,0.6159,1.0170,236
05408000,ifs,1,0.4201,0.4940,0.6566,0.9124,237
05412500,ifs,1,0.4914,0.4279,0.8472,0.6684,238
05413500,ifs,1,0.3101,0.6159,0.6978,0.8114,208
05414000,ifs,1,0.1645,0.2907,0.7708,0.6263,204
05444000,ifs,1,0.1413,0.4213,0.5572,0.6818,236
05454000,ifs,1,-0.2868,0.4314,0.5344,0.8305,238
05458000,ifs,1,0.5001,0.4799,0.7305,0.7590,238
05466500,ifs,1,0.7038,0.6763,0.8499,0.9720,236
05487980,ifs,1,-0.2572,0.3360,0.3405,0.9413,236
05488200,ifs,1,0.1127,0.3854,0.4705,0.7672,236
05489000,ifs,1,0.0775,0.3190,0.4289,0.7292,236
05495000,ifs,1,-0.1457,0.3873,0.6060,1.3558,236
05495500,ifs,1,0.4167,0.4078,0.6581,0.6240,232
05501000,ifs,1,0.2841,0.3092,0.5377,0.7346,236
05503800,ifs,1,0.1846,0.5000,0.5280,0.9973,238
05507600,ifs,1,-0.3206,0.4023,0.4244,1.0928,238
05508805,ifs,1,-0.3194,0.2144,0.5806,1.5578,236
05514500,ifs,1,0.2300,0.5795,0.5865,1.0078,236
05525500,ifs,1,0.5569,0.7245,0.8136,1.1563,236
05556500,ifs,1,-0.1362,0.2657,0.3866,0.6187,238
05584500,ifs,1,0.7222,0.7827,0.8558,0.8576,236
05585000,ifs,1,0.7444,0.6695,0.8782,0.7840,238
05591550,ifs,1,-0.2291,0.3069,0.3172,1.0479,236
05592050,ifs,1,0.1054,0.3025,0.4079,0.8844,222
05592575,ifs,1,0.0830,0.2981,0.4050,0.8048,236
05593575,ifs,1,-0.3411,0.2094,0.4845,1.5534,238
05593900,ifs,1,-0.5526,0.2165,0.2195,1.0689,236
05595730,ifs,1,-0.3933,0.2844,0.4309,1.3930,238
06037500,ifs,1,-2.2250,0.4009,0.8599,1.2889,238
06043500,ifs,1,0.5002,0.4532,0.9637,1.3056,238
06154410,ifs,1,0.2571,0.6256,0.7007,0.8558,238
06188000,ifs,1,0.8664,0.9131,0.9380,0.9643,238
06191500,ifs,1,0.7543,0.7012,0.9403,1.1028,238
06221400,ifs,1,0.8401,0.8895,0.9293,1.0292,238
06224000,ifs,1,0.7198,0.8510,0.8571,1.0330,238
06289000,ifs,1,0.2760,0.5598,0.6368,0.8344,238
06332515,ifs,1,-0.0125,-0.1479,0.5634,0.6249,118
06339100,ifs,1,-0.1228,0.3078,0.4214,1.3758,174
06339500,ifs,1,-0.1234,-0.0061,0.7994,0.2327,167
06344600,ifs,1,-2.9107,-1.6439,0.1940,3.5180,177
06350000,ifs,1,-4.0580,-0.7069,0.2531,2.1697,238
06352000,ifs,1,-0.0133,-0.1011,0.5133,1.3304,237
06353000,ifs,1,-0.0033,-0.1142,0.5155,0.8051,236
06354000,ifs,1,0.4109,0.2664,0.9045,0.4574,173
06360500,ifs,1,0.1193,0.1386,0.5275,1.5423,139
06404000,ifs,1,-2.8637,-0.3074,-0.0881,1.5212,205
06406000,ifs,1,-165.8942,-3.7661,0.9014,5.7206,180
06408700,ifs,1,-1636.9679,-3.9886,0.1964,1.5099,238
06409000,ifs,1,-1.1973,0.6353,0.9007,1.2482,193
06431500,ifs,1,-0.9897,0.4414,0.4500,1.0902,227
06440200,ifs,1,0.1525,-0.1252,0.4514,0.2178,160
06441500,ifs,1,-0.7529,-1.2335,0.1942,2.8937,177
06447000,ifs,1,0.3773,0.1325,0.8230,0.5080,140
06447500,ifs,1,-0.0917,-0.0518,0.5839,0.6922,238
06450500,ifs,1,0.0883,-0.0249,0.4274,1.0583,208
06452000,ifs,1,0.0067,-0.3030,0.1311,1.0034,175
06453600,ifs,1,-0.1150,-0.0670,0.5927,1.7516,235
06464500,ifs,1,-0.5488,0.3211,0.6419,1.2546,175
06477500,ifs,1,-61.3569,-7.2826,0.1729,6.0304,237
06479215,ifs,1,0.0734,0.2492,0.3951,0.7414,238
06479438,ifs,1,0.2555,-0.0577,0.8842,0.2687,238
06601000,ifs,1,-0.6650,0.2294,0.6443,1.0038,238
06614800,ifs,1,0.7881,0.6357,0.9366,1.3337,238
06622700,ifs,1,-0.2793,0.1692,0.7619,1.6101,238
06623800,ifs,1,0.8263,0.9083,0.9147,0.9687,238
06632400,ifs,1,-0.3180,0.3228,0.4587,1.3862,238
06784000,ifs,1,-1.2369,0.3842,0.6164,1.3825,238
06803510,ifs,1,-0.1653,-0.1540,0.0289,0.7423,238
06803530,ifs,1,-0.2090,-0.1085,0.0320,0.8330,238
06814000,ifs,1,-2.7081,-0.1703,0.1046,0.9969,238
06846500,ifs,1,-0.0094,-0.4715,-0.0582,1.3795,238
06847900,ifs,1,-91.1584,-7.8864,0.1506,2.7572,238
06853800,ifs,1,-0.4335,-0.0740,0.3812,1.8688,238
06876700,ifs,1,0.2450,0.4955,0.8064,1.1535,238
06878000,ifs,1,-1.0942,0.2052,0.3527,1.0667,238
06879650,ifs,1,-0.1848,-0.0880,0.1038,0.6052,237
06885500,ifs,1,0.0092,0.0895,0.3076,0.5962,238
06888500,ifs,1,-0.0451,-0.1844,0.1452,0.4896,238
06889200,ifs,1,-0.1825,0.1960,0.2597,0.8022,238
06889500,ifs,1,-1.9274,-0.0415,0.1496,1.2557,238
06892000,ifs,1,-0.1782,0.4750,0.5313,0.8882,238
06903400,ifs,1,0.2589,0.1020,0.5421,0.3910,238
06906800,ifs,1,0.5004,0.5349,0.7102,0.8034,238
06910800,ifs,1,0.0269,-0.1375,0.2288,0.5451,238
06911900,ifs,1,-0.0025,-0.0892,0.2147,0.5552,238
06917000,ifs,1,0.4928,0.5254,0.7106,0.7227,238
06918460,ifs,1,0.4694,0.5933,0.6911,1.0968,238
06919500,ifs,1,0.4352,0.6813,0.7238,0.8413,238
06921070,ifs,1,0.0759,0.3696,0.4293,0.8911,238
06921200,ifs,1,0.1363,-0.0391,0.4293,0.4185,238
06934000,ifs,1,0.6784,0.7927,0.8423,0.8681,237
07014500,ifs,1,0.4800,0.3364,0.8122,0.7818,238
07056000,ifs,1,0.2125,0.4874,0.5332,0.9330,238
07057500,ifs,1,0.3292,0.4129,0.5964,0.8642,230
07060710,ifs,1,-0.0001,-0.3955,0.0256,1.0505,238
07066000,ifs,1,0.2388,0.2662,0.5334,0.8006,238
07067000,ifs,1,0.3335,0.4124,0.8566,0.5705,238
07068000,ifs,1,0.3129,0.3788,0.7457,0.7571,237
07071500,ifs,1,-0.1843,0.3567,0.4750,0.7907,238
07083000,ifs,1,-1.3516,-0.3413,0.8919,1.6930,238
07142300,ifs,1,-8.0433,-5.1127,-0.0076,6.9717,238
07145700,ifs,1,0.1577,0.0666,0.4154,0.4768,238
07148400,ifs,1,-1.1947,-0.1059,0.8302,1.5099,238
07149000,ifs,1,0.2858,0.4322,0.8944,1.5044,238
07151500,ifs,1,0.3576,0.1752,0.7189,0.6049,238
07167500,ifs,1,0.1727,-0.0782,0.5117,1.5772,238
07180500,ifs,1,-0.0504,-0.1488,0.1297,0.6160,238
07184000,ifs,1,0.2792,0.4103,0.5684,0.6770,236
07195800,ifs,1,-0.0345,0.4943,0.4948,0.9947,236
07196900,ifs,1,0.0631,0.1562,0.3157,0.9768,237
07197000,ifs,1,0.4236,0.6093,0.6647,1.0040,238
07208500,ifs,1,0.0698,0.5105,0.7344,1.0744,238
07226500,ifs,1,-0.0209,-0.5513,-0.0193,0.2692,236
07261000,ifs,1,0.2354,0.3017,0.5222,1.3365,236
07263295,ifs,1,0.0475,-0.8974,0.4877,2.7398,236
07290650,ifs,1,0.3393,0.5001,0.6280,0.7342,238
07291000,ifs,1,-8.6572,-1.2958,0.1883,0.7479,238
07292500,ifs,1,-4.3190,-0.5496,0.2714,1.0351,238
07295000,ifs,1,-0.2758,0.2184,0.2685,0.7682,238
07299670,ifs,1,0.0429,-0.0823,0.3053,1.6148,228
07301410,ifs,1,-0.1001,0.0138,0.1943,0.7691,227
07301500,ifs,1,-0.1814,-0.5728,0.0319,1.7704,200
07315200,ifs,1,-2.0744,-0.3345,0.2035,1.8541,161
07315700,ifs,1,-0.1590,0.0484,0.7778,1.6722,218
07335700,ifs,1,0.0482,-0.0428,0.3125,0.5211,229
07340300,ifs,1,0.1341,0.3681,0.4696,0.7840,238
07346045,ifs,1,-0.3694,-0.0866,0.6707,0.3558,238
07359610,ifs,1,-0.0949,0.1396,0.4156,1.6014,238
07362100,ifs,1,0.3244,0.2624,0.7348,1.6747,238
07362587,ifs,1,0.0055,-0.2393,0.3816,2.0006,236
07373000,ifs,1,-0.0231,0.0369,0.3164,0.5715,234
07375000,ifs,1,0.2126,0.3354,0.5313,0.6068,238
07376000,ifs,1,0.8168,0.8134,0.9096,0.8482,238
08013000,ifs,1,0.6187,0.4632,0.8571,0.7465,238
08014500,ifs,1,0.4933,0.3300,0.8225,0.6533,238
08023080,ifs,1,-0.0946,-0.2314,0.2296,1.8438,238
08025500,ifs,1,0.4893,0.7123,0.7446,1.1325,238
08029500,ifs,1,0.4666,0.5562,0.6991,1.2162,238
08050800,ifs,1,-0.0381,-0.0105,0.2005,0.6844,237
08066200,ifs,1,0.0363,0.2915,0.4126,0.6753,238
08066300,ifs,1,0.8333,0.6003,0.9175,0.6268,238
08070000,ifs,1,-0.3569,0.0396,0.8435,1.4148,238
08070200,ifs,1,0.2460,0.6471,0.6689,0.9666,238
08079600,ifs,1,-7.8305,-3.1386,0.0382,4.6109,194
08082700,ifs,1,0.0767,-0.0291,0.2799,0.7616,224
08086212,ifs,1,-0.0280,-0.2530,0.0816,1.4304,238
08086290,ifs,1,-0.2344,-0.6631,0.0361,2.2638,238
08101000,ifs,1,-0.7619,0.1062,0.6309,1.4316,238
08103900,ifs,1,0.1492,0.1045,0.3970,0.7085,238
08104900,ifs,1,-1.8271,-0.0489,0.1021,0.7013,238
08109700,ifs,1,-0.5524,0.1148,0.6059,1.5677,222
08150800,ifs,1,0.2230,0.0525,0.6683,0.6219,238
08155200,ifs,1,-0.3499,-0.6679,0.3074,2.5042,238
08158700,ifs,1,-4.4975,-7.7737,0.2379,9.6914,238
08158810,ifs,1,-0.0020,0.0071,0.2031,0.9460,238
08164000,ifs,1,0.2520,0.2818,0.7611,1.6032,238
08164300,ifs,1,0.3390,0.4389,0.5844,0.9191,235
08164600,ifs,1,-3.7369,-3.1500,0.5435,4.8653,238
08165300,ifs,1,0.1825,0.0923,0.4919,1.0206,238
08171300,ifs,1,-33.3819,-33.2712,0.3575,35.0299,238
08175000,ifs,1,0.3260,0.4433,0.7170,0.5363,238
08176900,ifs,1,-23.1747,-7.2325,0.2233,8.2537,238
08178880,ifs,1,0.2455,0.1810,0.5241,0.4634,238
08189500,ifs,1,-1.0519,-0.1040,0.5809,1.7024,238
08190000,ifs,1,0.4563,0.3555,0.7734,1.0086,238
08190500,ifs,1,0.5886,-0.1725,0.9230,2.1342,232
08194200,ifs,1,-0.8138,-0.6840,0.8159,2.3358,238
08195000,ifs,1,0.5340,0.3058,0.9393,0.7628,238
08196000,ifs,1,-0.0820,0.0705,0.3092,1.5458,226
08198500,ifs,1,0.8725,0.8375,0.9375,1.0491,238
08200000,ifs,1,0.4707,0.4553,0.6913,0.7462,238
08202700,ifs,1,-0.9189,0.1877,0.3337,1.3077,237
08267500,ifs,1,-22.0893,-2.2690,0.6939,2.6387,238
08269000,ifs,1,-3.5575,-0.3743,0.6970,1.7007,238
08271000,ifs,1,-45.2356,-4.2097,0.7742,2.4732,238
08324000,ifs,1,0.1887,0.6044,0.7137,1.1268,238
08377900,ifs,1,-3.4772,-0.3992,0.5053,1.3380,238
08378500,ifs,1,-5.7186,-0.9310,0.5806,1.3037,230
08380500,ifs,1,-2.4224,-0.1148,0.5042,1.6440,238
09034900,ifs,1,0.1977,0.2521,0.8748,1.5571,234
09035900,ifs,1,0.5589,0.7526,0.8242,1.0822,204
09047700,ifs,1,-4.0807,-0.8711,0.8895,1.3879,236
09065500,ifs,1,0.7507,0.6817,0.9399,1.1211,238
09066000,ifs,1,-0.8451,0.1996,0.5921,1.1502,238
09066200,ifs,1,0.7168,0.6588,0.9251,1.2089,238
09066300,ifs,1,-0.3199,0.0164,0.8073,1.7759,238
09081600,ifs,1,0.1232,0.5974,0.6188,1.0178,238
09107000,ifs,1,-1.1106,0.0128,0.7020,1.2277,237
09210500,ifs,1,-1.4353,0.0917,0.7325,1.5455,211
09223000,ifs,1,-2.7956,-0.5512,0.8791,1.9775,177
09306242,ifs,1,-451.0056,-4.1203,0.8583,5.9640,236
09312600,ifs,1,-2.1321,-0.6182,0.4900,2.3941,238
09352900,ifs,1,-0.5835,0.3092,0.5742,1.2572,208
09378170,ifs,1,0.2550,0.2626,0.5417,1.3204,238
09378630,ifs,1,,,,,238
09386900,ifs,1,-1.4071,-0.1667,0.0137,1.6042,238
09404450,ifs,1,0.7272,0.7501,0.8683,0.9246,238
09430500,ifs,1,-0.9653,0.1376,0.6022,0.2641,238
09430600,ifs,1,0.1487,-0.0058,0.7497,0.2490,238
09447800,ifs,1,-2.3742,-0.6365,0.0670,2.0607,238
09480000,ifs,1,-0.7545,-4.7516,-0.0374,6.6491,238
09484000,ifs,1,-1.3877,-1.0268,0.2354,2.8463,213
09484600,ifs,1,-2.2457,-2.3682,0.1593,4.2118,237
09492400,ifs,1,-1.1278,0.1135,0.7899,1.6812,236
09494000,ifs,1,0.3989,0.6942,0.6975,1.0429,238
09497800,ifs,1,-0.1400,-0.6430,-0.2341,1.6233,238
09497980,ifs,1,-0.4593,0.1733,0.1817,0.9886,210
09505200,ifs,1,0.5522,0.6937,0.7627,1.1753,238
09505350,ifs,1,0.6458,0.4603,0.8139,1.4953,238
09505800,ifs,1,0.0244,0.4909,0.6667,1.2362,238
09508300,ifs,1,-2.0865,-0.0450,0.2589,1.1258,238
09510200,ifs,1,-2.8726,-1.1931,0.0914,2.8600,219
09512280,ifs,1,-0.0630,-0.9694,-0.1051,2.3634,238
09513780,ifs,1,-6.8487,-7.5287,0.1599,9.4866,237
10023000,ifs,1,-14.8782,-0.6591,0.0753,2.2330,238
10166430,ifs,1,-13347.2014,-90.0617,0.5547,72.5944,238
10172700,ifs,1,-29.5885,-0.2526,0.6429,2.0210,238
10172800,ifs,1,-9.9105,-0.8878,0.8040,2.3653,238
10173450,ifs,1,-0.3878,0.3927,0.4151,0.9956,238
10205030,ifs,1,-188.9417,-9.8415,-0.0205,2.3313,238
10234500,ifs,1,-0.0986,-0.2835,-0.0380,0.8592,234
10242000,ifs,1,-29.3347,-3.7016,0.4096,4.4915,238
10244950,ifs,1,-37.3304,-1.5282,0.7095,1.5632,238
10249300,ifs,1,-45.1011,-4.5822,0.5114,4.3296,237
10258000,ifs,1,,,,,66
10258500,ifs,1,0.0407,-0.2583,0.2235,0.4216,238
10259000,ifs,1,0.7294,0.7298,0.8672,1.0819,238
10259200,ifs,1,-7.3626,-5.0464,0.6844,6.6111,238
10263500,ifs,1,-0.4851,0.1201,0.8200,1.2660,238
10310500,ifs,1,-1.4348,0.2112,0.8914,1.7589,238
10316500,ifs,1,-0.3564,0.3272,0.6730,1.2448,238
10329500,ifs,1,-0.2532,0.1364,0.8803,1.2922,238
10336645,ifs,1,0.5098,0.6819,0.7343,1.1244,224
10336660,ifs,1,0.5301,0.7283,0.7468,1.0386,238
10343500,ifs,1,0.6000,0.4692,0.8724,0.7789,238
10348850,ifs,1,-2.2875,0.0031,0.8241,1.7315,238
10396000,ifs,1,-0.0495,0.4983,0.7226,1.2403,238
11098000,ifs,1,-0.3009,0.1597,0.6917,1.5832,238
11124500,ifs,1,-2.7476,-1.0489,0.9524,2.4614,238
11141280,ifs,1,0.7467,0.6353,0.8949,1.1194,238
11143000,ifs,1,0.6822,0.6498,0.8702,1.3178,238
11148900,ifs,1,0.5985,0.3373,0.8451,0.5692,238
11151300,ifs,1,0.8844,0.5475,0.9568,1.3966,238
11162500,ifs,1,0.6899,0.5335,0.8694,0.7210,238
11176400,ifs,1,0.5556,0.3795,0.7893,0.6277,144
11180500,ifs,1,-0.0711,-0.3045,0.8246,2.1099,238
11180960,ifs,1,-0.7024,-0.5991,0.5204,2.4791,238
11224500,ifs,1,0.0893,-0.2967,0.4428,0.1996,238
11253310,ifs,1,0.3828,0.4404,0.6422,0.6275,238
11264500,ifs,1,-0.4894,0.2049,0.2107,0.9274,238
11266500,ifs,1,-0.3302,0.3265,0.3284,1.0486,238
11274500,ifs,1,0.7890,0.7093,0.9017,1.2688,238
11274630,ifs,1,0.8357,0.7805,0.9291,1.1881,238
11284400,ifs,1,-0.0287,-0.4523,0.2864,0.1507,238
11299600,ifs,1,0.4796,0.2505,0.8157,0.6007,235
11381500,ifs,1,0.5796,0.4649,0.8359,1.0156,238
11383500,ifs,1,0.7026,0.5989,0.8763,1.1021,238
11451100,ifs,1,0.5523,0.5872,0.7467,1.0034,106
11468500,ifs,1,0.5809,0.5603,0.7765,0.9208,238
11473900,ifs,1,0.4922,0.4198,0.7541,0.9356,238
11475560,ifs,1,-0.3240,0.3170,0.6634,1.2630,238
11476600,ifs,1,0.3029,0.6306,0.7037,1.1733,237
11478500,ifs,1,-0.0201,0.3745,0.5811,1.4337,238
11480390,ifs,1,0.3967,0.5066,0.6312,1.0019,238
11481200,ifs,1,0.1547,0.5172,0.6259,1.2880,238
11482500,ifs,1,0.0758,0.1843,0.8262,1.5786,238
11522500,ifs,1,0.3238,0.4092,0.7589,1.5257,238
11523200,ifs,1,-0.3810,0.0429,0.7455,1.8039,238
11528700,ifs,1,0.6075,0.5523,0.8034,1.1235,238
11532500,ifs,1,0.5543,0.6912,0.8072,1.2182,238
12010000,ifs,1,0.8697,0.8511,0.9362,0.8905,238
12013500,ifs,1,0.8457,0.8920,0.9310,1.0374,238
12020000,ifs,1,0.5815,0.6106,0.7902,0.6965,238
12025000,ifs,1,0.7745,0.8019,0.9071,1.1375,238
12025700,ifs,1,0.7328,0.7536,0.8641,0.8431,238
12035000,ifs,1,0.8351,0.8776,0.9295,1.0187,238
12040500,ifs,1,0.7531,0.8757,0.8787,0.9777,238
12041200,ifs,1,0.4916,0.6007,0.8668,1.0242,238
12043000,ifs,1,0.8245,0.8499,0.9102,0.9260,238
12048000,ifs,1,0.5794,0.7537,0.8471,1.1930,238
12054000,ifs,1,0.2631,0.4304,0.8727,1.3695,238
12056500,ifs,1,0.5173,0.6205,0.8687,0.9759,238
12073500,ifs,1,0.6327,0.7834,0.8224,1.0967,237
12082500,ifs,1,0.4681,0.4196,0.7226,1.0048,232
12092000,ifs,1,0.2621,0.4114,0.5267,0.9979,238
12095000,ifs,1,0.6109,0.6388,0.7875,0.8861,238
12114500,ifs,1,0.6774,0.6116,0.8485,1.1326,238
12115000,ifs,1,0.6634,0.6294,0.8311,1.1082,238
12115500,ifs,1,0.6132,0.6015,0.7949,0.9985,238
12117000,ifs,1,0.7022,0.7643,0.8408,1.0657,238
12141300,ifs,1,0.4633,0.5383,0.6963,1.2135,238
12143600,ifs,1,0.5597,0.5233,0.7726,1.2673,234
12144000,ifs,1,0.6471,0.6874,0.8086,1.0712,237
12145500,ifs,1,0.8369,0.8933,0.9151,0.9906,238
12147600,ifs,1,0.4679,0.5747,0.6856,1.0595,238
12167000,ifs,1,0.7828,0.7089,0.9139,1.2762,238
12175500,ifs,1,0.1476,0.6023,0.6385,1.1225,238
12186000,ifs,1,0.5209,0.6657,0.7663,1.2259,235
12189500,ifs,1,0.4857,0.6295,0.8097,1.3146,237
12358500,ifs,1,0.6364,0.7901,0.8488,1.0729,238
12377150,ifs,1,0.5424,0.7704,0.7763,0.9508,238
12381400,ifs,1,0.3075,0.4782,0.8609,1.2433,205
12390700,ifs,1,0.4244,0.6265,0.7015,1.1800,238
12411000,ifs,1,0.7996,0.7477,0.9145,1.2222,227
12414500,ifs,1,0.6748,0.6939,0.8321,0.9090,238
12447390,ifs,1,-0.2069,-0.2508,0.2288,0.3519,238
12451000,ifs,1,0.4595,0.6774,0.8003,1.2138,238
12488500,ifs,1,0.6204,0.7300,0.8173,1.1674,238
13011500,ifs,1,0.7317,0.6246,0.9370,1.2873,238
13011900,ifs,1,0.7907,0.8110,0.9233,0.9573,238
13018300,ifs,1,-0.4407,-0.0017,0.9303,1.4724,238
13023000,ifs,1,0.5373,0.7657,0.8097,0.9040,196
13161500,ifs,1,0.7364,0.6960,0.8903,0.7846,238
13235000,ifs,1,0.5791,0.6639,0.7755,0.8960,236
13240000,ifs,1,0.7895,0.8537,0.8889,1.0184,159
13310700,ifs,1,0.5853,0.5030,0.8989,0.6718,238
13313000,ifs,1,0.6942,0.4851,0.9584,0.6441,238
13331500,ifs,1,0.4847,0.5377,0.8973,1.2156,238
13337000,ifs,1,0.6646,0.7009,0.8432,0.8347,238
13338500,ifs,1,0.8104,0.8623,0.9161,1.1043,238
13340000,ifs,1,0.4834,0.6310,0.7469,0.8001,238
13340600,ifs,1,0.5886,0.6225,0.8684,0.7144,238
14020000,ifs,1,0.5023,0.3328,0.8510,0.7097,238
14092750,ifs,1,0.7567,0.6520,0.9126,0.8936,238
14096850,ifs,1,-1.0454,0.4196,0.8813,0.4332,238
14137000,ifs,1,0.6739,0.6138,0.8445,1.0421,233
14138800,ifs,1,0.6078,0.6371,0.7831,1.0026,238
14138870,ifs,1,0.7858,0.8132,0.8880,0.9263,238
14138900,ifs,1,0.4154,0.4652,0.6464,0.9784,238
14139800,ifs,1,0.7612,0.7860,0.8739,0.9407,236
14141500,ifs,1,0.7685,0.7484,0.8828,0.9310,238
14154500,ifs,1,0.8425,0.7919,0.9241,1.1051,238
14158500,ifs,1,0.7544,0.6821,0.9113,1.0838,223
14158790,ifs,1,0.6765,0.7047,0.8271,1.1246,234
14166500,ifs,1,0.5781,0.5240,0.7903,0.9389,238
14182500,ifs,1,0.5722,0.5210,0.7828,0.8038,238
14185000,ifs,1,0.7203,0.6791,0.8622,0.9875,238
14185900,ifs,1,0.6070,0.6915,0.7792,1.0187,235
14187000,ifs,1,0.6590,0.6668,0.8177,1.0567,237
14216500,ifs,1,0.8923,0.8251,0.9525,1.0402,235
14222500,ifs,1,0.8869,0.8187,0.9465,1.1655,238
14236200,ifs,1,0.7919,0.7711,0.8956,0.8990,237
14301000,ifs,1,0.8867,0.8654,0.9520,1.0945,237
14303200,ifs,1,0.8235,0.6985,0.9347,1.0747,238
14305500,ifs,1,0.7814,0.8201,0.8902,1.1370,236
14306340,ifs,1,0.6667,0.5504,0.8592,0.8115,238
14306500,ifs,1,0.8255,0.7311,0.9272,0.9501,238
14308990,ifs,1,0.5519,0.4476,0.8132,0.9352,238
14309500,ifs,1,0.6144,0.6872,0.7839,1.0048,238
14316700,ifs,1,0.7762,0.6905,0.9017,1.0639,238
14325000,ifs,1,0.6378,0.7988,0.8132,1.0649,238
14362250,ifs,1,0.2935,0.1593,0.6826,0.5203,148
14400000,ifs,1,0.6184,0.8117,0.8218,0.9928,238
01013500,ifs,2,0.8961,0.8080,0.9576,0.8594,238
01022500,ifs,2,0.7774,0.6861,0.9050,1.0097,238
01030500,ifs,2,0.8122,0.8070,0.9322,1.0893,238
01031500,ifs,2,0.7409,0.8418,0.8628,1.0082,236
01047000,ifs,2,0.5729,0.7721,0.7776,1.0200,238
01052500,ifs,2,0.5443,0.4709,0.7731,0.7311,238
01054200,ifs,2,0.5609,0.3449,0.8297,0.5493,238
01055000,ifs,2,0.4552,0.6240,0.6859,0.9364,236
01057000,ifs,2,0.7343,0.7117,0.8676,0.8918,236
01073000,ifs,2,0.7100,0.7185,0.9073,1.1312,238
01078000,ifs,2,0.5140,0.4923,0.7608,0.7004,236
01118300,ifs,2,0.3843,0.6078,0.6629,0.8551,236
01121000,ifs,2,0.4159,0.5235,0.8315,1.3337,236
01123000,ifs,2,0.8311,0.8491,0.9125,0.9659,238
01134500,ifs,2,0.7210,0.7530,0.8564,0.8535,236
01137500,ifs,2,0.4737,0.5364,0.7092,0.7934,238
01139000,ifs,2,0.7073,0.7847,0.8481,0.8941,234
01139800,ifs,2,0.7933,0.8505,0.8947,1.0751,238
01142500,ifs,2,0.7041,0.6789,0.8597,0.8405,236
01144000,ifs,2,0.8552,0.9140,0.9278,0.9549,238
01169000,ifs,2,0.6198,0.7194,0.7883,1.0368,236
01170100,ifs,2,0.7094,0.7653,0.8445,0.9250,237
01181000,ifs,2,0.6101,0.7359,0.8370,1.1711,236
01187300,ifs,2,0.4727,0.6721,0.7210,1.1551,238
01195100,ifs,2,0.3105,0.4744,0.5768,0.9013,238
01333000,ifs,2,0.5310,0.5708,0.7386,0.8560,236
01350000,ifs,2,0.1601,0.1606,0.4195,0.7134,235
01350080,ifs,2,0.6566,0.5499,0.8496,0.7255,238
01350140,ifs,2,0.7035,0.5848,0.8789,0.6457,188
01365000,ifs,2,0.5272,0.5397,0.7380,0.8618,236
01411300,ifs,2,0.1665,0.3441,0.5133,1.2772,229
01413500,ifs,2,0.4829,0.4343,0.7394,0.8006,236
01414500,ifs,2,0.1099,0.0712,0.4237,0.5874,236
01415000,ifs,2,0.3693,0.3130,0.7076,0.6373,193
01423000,ifs,2,0.4649,0.4492,0.7304,0.7423,238
01434025,ifs,2,0.2806,0.5799,0.6515,0.7655,238
01435000,ifs,2,0.4137,0.5596,0.6515,0.9178,237
01439500,ifs,2,0.6730,0.6836,0.8500,0.8103,236
01440000,ifs,2,0.6969,0.7335,0.8372,0.9505,238
01440400,ifs,2,0.7617,0.8421,0.8735,1.0161,212
01451800,ifs,2,-0.0132,0.4750,0.4897,1.1224,236
01466500,ifs,2,-1.9033,-0.4854,0.8553,1.0042,236
01484100,ifs,2,-0.0135,0.4905,0.6010,1.3089,238
01485500,ifs,2,-8.8632,-1.7505,0.4529,2.7323,233
01486000,ifs,2,-3.0879,-0.4036,0.3549,1.8808,238
01487000,ifs,2,0.2425,0.6343,0.7192,1.0880,238
01491000,ifs,2,0.6803,0.6272,0.8451,0.9674,238
01510000,ifs,2,0.6536,0.7070,0.8091,0.9983,238
01516500,ifs,2,0.2712,0.2442,0.5810,0.6117,238
01518862,ifs,2,0.3363,0.3844,0.6368,0.6675,238
01532000,ifs,2,0.4725,0.7442,0.7626,0.9764,236
01539000,ifs,2,0.5478,0.7150,0.7555,0.9192,220
01542810,ifs,2,0.4053,0.4817,0.6467,0.8416,236
01543000,ifs,2,0.4874,0.6519,0.7263,0.8375,238
01543500,ifs,2,0.6395,0.6195,0.8334,0.8004,236
01544500,ifs,2,0.5481,0.4521,0.8614,0.6491,238
01545600,ifs,2,0.4749,0.3529,0.8417,0.6345,238
01547700,ifs,2,0.0656,0.0387,0.2915,0.7846,238
01548500,ifs,2,0.4585,0.3731,0.8033,0.6310,236
01549500,ifs,2,0.5696,0.5115,0.8177,0.6948,236
01550000,ifs,2,0.5128,0.4936,0.7795,0.6918,236
01552000,ifs,2,0.4179,0.6135,0.6845,0.8407,238
01552500,ifs,2,0.2238,0.6258,0.6430,0.9121,238
01557500,ifs,2,0.1035,0.4352,0.4733,1.0783,238
01567500,ifs,2,0.1781,0.3327,0.4558,1.0605,238
01568000,ifs,2,0.3454,0.5361,0.6248,1.1636,238
01580000,ifs,2,0.2008,0.5048,0.5373,0.9600,234
01583500,ifs,2,0.2839,0.4442,0.5729,0.8574,238
01586610,ifs,2,0.3364,0.4833,0.6229,0.8170,204
01591400,ifs,2,-0.3927,0.3300,0.3360,1.0802,238
01596500,ifs,2,0.3853,0.3340,0.6642,0.7230,236
01605500,ifs,2,0.3507,0.5975,0.6465,1.1375,236
01606500,ifs,2,0.5757,0.5731,0.7824,0.7863,211
01613050,ifs,2,0.1718,0.4619,0.5193,1.1511,238
01620500,ifs,2,0.4542,0.3424,0.7686,0.5327,236
01632000,ifs,2,0.4806,0.6031,0.6954,1.0299,236
01632900,ifs,2,0.4090,0.7103,0.7224,1.0643,236
01634500,ifs,2,0.3155,0.4500,0.5688,0.9959,221
01638480,ifs,2,-1.4302,-0.1913,0.5717,1.9376,233
01639500,ifs,2,0.3765,0.5579,0.6382,1.1273,238
01644000,ifs,2,-0.5122,-0.0042,0.7354,1.9284,238
01658500,ifs,2,-0.8812,0.1828,0.3548,1.3780,207
01664000,ifs,2,0.6056,0.6588,0.7792,1.0015,238
01666500,ifs,2,0.4183,0.6079,0.7087,1.2305,223
01667500,ifs,2,0.6319,0.7310,0.8231,1.1714,216
01669000,ifs,2,0.1316,0.5767,0.6119,1.1576,213
01669520,ifs,2,-3.1484,-0.5436,0.7344,1.8864,236
02011400,ifs,2,0.6530,0.7353,0.8103,1.0747,238
02011460,ifs,2,0.4942,0.5380,0.7156,0.7962,238
02013000,ifs,2,0.5775,0.5282,0.7883,1.0289,238
02014000,ifs,2,0.4695,0.6155,0.6905,0.9754,237
02015700,ifs,2,0.7834,0.8267,0.8852,1.0096,220
02016000,ifs,2,0.7919,0.6790,0.9150,0.8299,237
02017500,ifs,2,0.6259,0.8089,0.8294,1.0409,236
02018000,ifs,2,0.7223,0.8312,0.8525,1.0132,231
02027000,ifs,2,0.7072,0.7193,0.8789,0.7478,218
02027500,ifs,2,0.6957,0.5465,0.9227,0.6152,221
02028500,ifs,2,0.5901,0.5781,0.8007,0.8172,213
02038850,ifs,2,0.2545,0.4836,0.5620,0.8505,236
02046000,ifs,2,0.3243,0.4054,0.7292,1.5287,228
02051000,ifs,2,0.0584,0.3380,0.4007,1.0282,238
02051500,ifs,2,-0.0133,0.4268,0.4987,1.2774,236
02053200,ifs,2,0.2350,0.3874,0.6762,1.5200,210
02053800,ifs,2,0.4579,0.4355,0.7145,0.8634,219
02055100,ifs,2,0.5903,0.6294,0.7740,1.0661,236
02056900,ifs,2,0.5631,0.6809,0.7632,0.8885,212
02059500,ifs,2,0.6255,0.6472,0.8321,0.7744,207
02064000,ifs,2,0.4797,0.4533,0.7306,0.7476,226
02065500,ifs,2,0.4332,0.4089,0.8033,0.6179,236
02069700,ifs,2,-0.1359,0.4093,0.4619,1.2397,210
02070000,ifs,2,0.1372,0.4362,0.5133,1.1934,236
02074500,ifs,2,0.4108,0.6150,0.6663,1.0888,238
02077200,ifs,2,0.6343,0.6910,0.7975,1.0609,233
02081500,ifs,2,-0.0134,0.3244,0.5626,1.5047,238
02082950,ifs,2,-1.6074,-0.1920,0.5239,1.7371,238
02092500,ifs,2,-2.1522,-0.4263,0.3579,2.0715,238
02096846,ifs,2,-0.5886,-0.0259,0.1189,1.5106,238
02102908,ifs,2,0.3120,0.5911,0.6135,0.9900,238
02108000,ifs,2,0.6587,0.7635,0.8187,1.1020,238
02111180,ifs,2,-0.3858,0.1349,0.1633,1.0921,238
02111500,ifs,2,-0.1442,0.2774,0.3072,0.9856,236
02118500,ifs,2,-0.2565,0.4251,0.4372,1.0665,238
02128000,ifs,2,-1.1601,-0.5840,0.5058,2.3914,238
02137727,ifs,2,0.2090,0.4304,0.5047,0.9989,238
02140991,ifs,2,0.1330,0.3754,0.4727,1.1440,238
02143000,ifs,2,-1.8518,-0.0110,0.5587,1.3216,238
02143040,ifs,2,-3.9599,-0.4763,0.2832,1.1121,236
02149000,ifs,2,0.1252,0.3972,0.4650,1.1063,238
02152100,ifs,2,-2.1074,-0.0626,0.3577,1.1137,238
02177000,ifs,2,0.2027,0.2383,0.4598,1.0529,236
02178400,ifs,2,0.4073,0.5675,0.6481,0.9780,236
02193340,ifs,2,-0.7099,0.1937,0.2731,1.3203,238
02196000,ifs,2,0.1327,-0.0584,0.4531,0.4816,238
02198100,ifs,2,-0.0244,0.0502,0.2752,1.3635,237
02202600,ifs,2,-0.3374,-0.3533,0.0993,1.7217,238
02212600,ifs,2,0.0440,0.1833,0.3187,1.0819,236
02215100,ifs,2,0.2026,0.2820,0.4682,0.8186,238
02216180,ifs,2,0.1117,-0.0779,0.3840,0.5419,236
02221525,ifs,2,0.2740,0.3690,0.5344,1.1071,236
02231000,ifs,2,-2.4187,-0.5376,0.4956,2.1134,238
02231342,ifs,2,-0.9330,-0.1353,0.7599,1.7455,238
02235200,ifs,2,-0.9524,0.2451,0.3789,1.2863,237
02245500,ifs,2,-2.6060,-0.3128,0.5412,1.3392,238
02246000,ifs,2,-0.0166,0.5194,0.6638,0.9110,236
02296500,ifs,2,-0.0635,-0.4501,0.7786,2.4180,227
02297155,ifs,2,0.1318,-0.0616,0.7092,0.3249,237
02297310,ifs,2,0.5177,0.7206,0.7433,0.9204,228
02298123,ifs,2,0.4773,0.3890,0.7420,0.6641,238
02298608,ifs,2,0.4767,0.4276,0.8534,1.5415,238
02299950,ifs,2,0.3368,0.4884,0.6097,0.7888,238
02300700,ifs,2,0.3814,0.2385,0.7111,0.6152,238
02310947,ifs,2,-0.7422,-2.0496,-0.2940,3.6687,238
02312200,ifs,2,-19.8896,-4.2071,0.2768,6.1456,238
02314500,ifs,2,-0.3319,-0.5341,-0.2347,0.5621,238
02315500,ifs,2,-0.3296,-0.6563,-0.2880,0.4430,238
02324400,ifs,2,-0.2052,-1.0284,-0.5320,0.1148,238
02327100,ifs,2,-3.0597,-1.2610,0.7972,2.8149,236
02349900,ifs,2,0.1953,0.1765,0.4460,1.1032,238
02350900,ifs,2,0.4935,0.5311,0.8690,0.6937,238
02361000,ifs,2,0.5162,0.5904,0.7940,0.7228,238
02363000,ifs,2,0.4607,0.1852,0.8981,0.4416,236
02369800,ifs,2,0.3368,0.1880,0.6829,0.6367,237
02371500,ifs,2,0.4550,0.3086,0.8252,0.8227,238
02372250,ifs,2,0.6404,0.4931,0.8833,0.9404,236
02374500,ifs,2,0.5085,0.4714,0.7439,0.8473,238
02381600,ifs,2,0.0139,-0.0541,0.1870,0.9711,237
02384540,ifs,2,0.1831,0.1436,0.5883,0.7400,238
02395120,ifs,2,-0.1709,0.4435,0.4462,1.0010,238
02408540,ifs,2,-0.0611,0.4189,0.4253,1.0214,238
02415000,ifs,2,0.0706,0.3194,0.3954,1.0133,228
02422500,ifs,2,-0.1211,0.4755,0.6232,1.2408,221
02427250,ifs,2,0.5452,0.5394,0.7458,1.2349,238
02430085,ifs,2,-0.1271,0.2747,0.3112,1.0665,238
02450250,ifs,2,0.2842,0.3515,0.5333,0.9933,236
02464000,ifs,2,0.3651,0.5205,0.6156,0.9120,238
02465493,ifs,2,0.2241,0.5370,0.5805,1.1472,235
02469800,ifs,2,0.5163,0.4334,0.7680,0.6579,236
02472000,ifs,2,0.8028,0.6664,0.9177,0.8002,238
02472500,ifs,2,0.5599,0.7018,0.8340,0.8377,238
02479155,ifs,2,0.4539,0.3098,0.7290,0.6495,238
02479300,ifs,2,0.4564,0.4739,0.6808,0.7804,238
02481000,ifs,2,0.3160,0.0074,0.7727,0.3545,238
02481510,ifs,2,0.4402,0.1834,0.8145,0.4969,238
03010655,ifs,2,0.5959,0.4983,0.8582,0.6908,209
03011800,ifs,2,0.3330,0.4673,0.6253,0.7865,238
03015500,ifs,2,0.6279,0.8041,0.8114,0.9507,238
03021350,ifs,2,0.4340,0.7015,0.7280,0.8798,236
03026500,ifs,2,0.4507,0.5452,0.6854,0.8499,238
03028000,ifs,2,0.3901,0.5762,0.7198,0.7215,236
03049800,ifs,2,0.0321,-0.0342,0.2900,0.6512,236
03050000,ifs,2,0.3798,0.5679,0.6397,0.8835,236
03066000,ifs,2,0.5760,0.6151,0.7746,0.8150,238
03069500,ifs,2,0.5636,0.5590,0.7775,0.7569,236
03070500,ifs,2,0.2127,0.6199,0.6937,1.0951,236
03076600,ifs,2,0.3335,0.3426,0.6377,0.6773,238
03078000,ifs,2,0.1661,0.2147,0.4615,0.6916,238
03140000,ifs,2,0.1846,0.2276,0.4349,0.8896,236
03144000,ifs,2,0.1635,0.4827,0.5131,1.0340,238
03159540,ifs,2,0.4722,0.7172,0.7252,1.0499,238
03161000,ifs,2,-1.7211,0.0401,0.1913,0.9318,238
03164000,ifs,2,0.4948,0.7064,0.7481,0.8889,238
03165000,ifs,2,0.0377,0.1694,0.3173,0.9000,221
03170000,ifs,2,0.5228,0.5658,0.7388,0.8948,238
03173000,ifs,2,0.6207,0.7366,0.7986,0.8739,236
03180500,ifs,2,0.5482,0.4749,0.7790,0.7691,222
03182500,ifs,2,0.5874,0.6774,0.7706,0.8842,236
03186500,ifs,2,0.7131,0.7138,0.8504,0.9106,236
03187500,ifs,2,0.7055,0.8282,0.8660,0.9140,235
03213700,ifs,2,0.2970,0.6597,0.6815,1.0914,238
03237280,ifs,2,0.2768,0.3489,0.5447,0.7313,238
03237500,ifs,2,0.5012,0.6828,0.7221,1.0656,236
03241500,ifs,2,0.3588,0.4488,0.6118,0.7899,225
03280700,ifs,2,-0.1578,0.3965,0.4679,0.7195,213
03281100,ifs,2,-0.3858,0.3787,0.4294,0.8272,236
03281500,ifs,2,0.0897,0.5519,0.5975,0.8299,223
03285000,ifs,2,-0.3904,0.0846,0.3402,1.6344,235
03291780,ifs,2,0.0581,-0.0077,0.2659,0.7599,238
03300400,ifs,2,0.0505,0.1807,0.3206,0.9295,238
03340800,ifs,2,-1.5116,0.0554,0.2138,1.2698,190
03346000,ifs,2,0.2773,0.4227,0.5750,0.6936,238
03364500,ifs,2,0.2046,0.1336,0.4794,0.6344,238
03366500,ifs,2,0.2000,0.0738,0.5019,0.6002,238
03368000,ifs,2,0.0122,-0.0443,0.2387,0.5968,238
03384450,ifs,2,0.0798,-0.1607,0.3316,0.4945,238
03439000,ifs,2,-0.0416,-0.0659,0.3049,0.6689,236
03450000,ifs,2,0.1123,0.0547,0.4056,0.8148,238
03455500,ifs,2,-0.2447,0.2045,0.3218,0.6923,236
03456500,ifs,2,0.1225,0.1859,0.4161,0.8242,236
03460000,ifs,2,-0.1777,0.3793,0.6018,0.6540,238
03463300,ifs,2,0.3700,0.6388,0.6544,0.9887,238
03471500,ifs,2,0.3954,0.6579,0.7660,0.7508,236
03473000,ifs,2,0.2617,0.5597,0.6536,0.7665,238
03479000,ifs,2,-16.8279,-2.3269,0.1003,1.0828,236
03488000,ifs,2,0.5874,0.5317,0.8201,0.7394,238
03498500,ifs,2,0.0487,0.4197,0.4950,0.7768,238
03500000,ifs,2,0.2946,0.5813,0.7003,0.8314,236
03504000,ifs,2,-0.0435,0.4175,0.4763,0.8557,236
03574500,ifs,2,0.1670,0.0988,0.4732,0.5887,238
03604000,ifs,2,-0.0504,-0.1503,0.1100,0.7967,236
04015330,ifs,2,0.4169,0.3303,0.6711,0.6633,197
04024430,ifs,2,0.5957,0.4976,0.8096,0.6349,238
04027000,ifs,2,0.5219,0.4790,0.7486,0.7220,238
04040500,ifs,2,0.8317,0.7361,0.9248,0.8682,238
04043050,ifs,2,0.7643,0.7945,0.8776,0.8807,182
04045500,ifs,2,0.8953,0.7696,0.9647,0.7911,234
04056500,ifs,2,0.4762,0.4011,0.7869,0.6969,229
04057510,ifs,2,0.8609,0.6648,0.9680,0.7710,158
04057800,ifs,2,0.7832,0.5930,0.9193,0.7145,238
04059500,ifs,2,0.8478,0.8177,0.9252,0.9841,238
04063700,ifs,2,0.8405,0.5615,0.9734,0.6436,238
04074950,ifs,2,0.6813,0.5509,0.9338,0.7565,238
04105700,ifs,2,0.6681,0.6522,0.8373,0.9396,238
04115265,ifs,2,0.5296,0.5064,0.7478,0.9954,238
04122200,ifs,2,0.6462,0.6545,0.8207,0.8861,238
04122500,ifs,2,0.8436,0.8176,0.9287,0.9361,236
04124000,ifs,2,0.9305,0.9249,0.9689,1.0457,238
04127997,ifs,2,0.5615,0.5200,0.7874,0.9307,201
04185000,ifs,2,0.7994,0.8280,0.8948,0.9571,215
04196800,ifs,2,0.7618,0.7726,0.8744,0.8842,238
04197100,ifs,2,0.5227,0.6104,0.7238,1.0822,238
04197170,ifs,2,0.3304,0.4089,0.5814,0.7912,238
04213000,ifs,2,0.1459,0.5947,0.6008,0.9715,236
04213075,ifs,2,0.0615,0.2077,0.3507,0.8464,234
04216418,ifs,2,0.5292,0.6478,0.7303,1.0599,238
04221000,ifs,2,0.2417,0.2870,0.6271,0.5857,238
04224775,ifs,2,0.3591,0.2894,0.6999,0.6065,236
04256000,ifs,2,0.7351,0.7856,0.8909,1.1504,236
04296000,ifs,2,0.5539,0.6221,0.7580,0.8401,236
05057000,ifs,2,-1.1507,0.0676,0.6248,0.4942,160
05057200,ifs,2,0.5490,0.6959,0.7466,1.0240,237
05062500,ifs,2,0.6693,0.6573,0.8311,0.8767,199
05087500,ifs,2,0.3376,0.4400,0.5827,0.9851,238
05120500,ifs,2,-10.0007,-1.4891,-0.0646,3.1892,210
05123400,ifs,2,-0.3916,-0.6523,-0.0184,0.1576,238
05129115,ifs,2,-0.8334,-0.8962,-0.2632,0.0000,238
05131500,ifs,2,0.0606,-0.0413,0.7352,0.3959,142
05291000,ifs,2,-0.0135,0.1895,0.3999,0.6075,238
05362000,ifs,2,0.6636,0.7413,0.8307,0.8163,237
05393500,ifs,2,0.5025,0.6314,0.7231,0.8347,238
05399500,ifs,2,0.3541,0.6316,0.6494,0.9344,236
05408000,ifs,2,0.2812,0.3583,0.5431,0.9019,237
05412500,ifs,2,0.3921,0.4297,0.7283,0.6938,238
05413500,ifs,2,0.1373,0.5440,0.6035,0.8112,208
05414000,ifs,2,0.1785,0.3188,0.7568,0.6274,204
05444000,ifs,2,-0.4821,0.2240,0.2942,0.6785,236
05454000,ifs,2,-0.0009,0.4827,0.5517,0.7508,238
05458000,ifs,2,0.3518,0.3467,0.6212,0.7349,238
05466500,ifs,2,0.4464,0.5367,0.6694,0.9318,236
05487980,ifs,2,-0.4132,0.1677,0.1927,0.8516,236
05488200,ifs,2,0.0311,0.1199,0.3315,0.6076,236
05489000,ifs,2,-0.3072,-0.0173,0.1177,0.6126,236
05495000,ifs,2,-2.4376,-0.2819,0.3675,1.5799,236
05495500,ifs,2,-2.2438,-0.0713,0.2160,0.9682,232
05501000,ifs,2,-0.4160,0.1278,0.1784,0.7518,236
05503800,ifs,2,-0.2437,0.1949,0.2299,0.9350,238
05507600,ifs,2,-0.1913,0.0765,0.1810,0.7569,238
05508805,ifs,2,-0.0813,0.3499,0.4138,1.2646,236
05514500,ifs,2,0.1245,0.3042,0.4205,0.8558,236
05525500,ifs,2,0.2687,0.5981,0.6796,1.2179,236
05556500,ifs,2,0.0918,0.0560,0.4253,0.5135,238
05584500,ifs,2,0.1139,0.5659,0.5943,0.8669,236
05585000,ifs,2,0.5381,0.6409,0.7534,0.7797,238
05591550,ifs,2,-0.2295,0.2326,0.2584,0.9912,236
05592050,ifs,2,-0.0170,0.2446,0.3247,0.9132,222
05592575,ifs,2,-0.0851,0.2985,0.3426,0.8726,236
05593575,ifs,2,0.0471,0.4270,0.4766,1.2096,238
05593900,ifs,2,-0.3759,0.2599,0.2915,1.2116,236
05595730,ifs,2,-0.0310,0.3152,0.3591,1.0112,238
06037500,ifs,2,-2.2082,0.4069,0.8552,1.2877,238
06043500,ifs,2,0.4919,0.4473,0.9638,1.3084,238
06154410,ifs,2,-0.5068,0.3674,0.4826,0.8614,238
06188000,ifs,2,0.8602,0.9081,0.9358,0.9660,238
06191500,ifs,2,0.7580,0.7027,0.9415,1.1035,238
06221400,ifs,2,0.8345,0.8733,0.9297,1.0420,238
06224000,ifs,2,0.7159,0.8502,0.8564,1.0386,238
06289000,ifs,2,0.2728,0.5585,0.6342,0.8356,238
06332515,ifs,2,0.0067,-0.1092,0.6327,0.6295,118
06339100,ifs,2,-0.1237,0.3074,0.4210,1.3760,174
06339500,ifs,2,-0.1545,0.0304,0.6491,0.2587,167
06344600,ifs,2,-4.9955,-1.8172,0.1664,3.5711,177
06350000,ifs,2,-9.2421,-1.5281,0.2010,2.2927,238
06352000,ifs,2,-0.0133,-0.1011,0.5133,1.3304,237
06353000,ifs,2,-0.0034,-0.1144,0.5150,0.8052,236
06354000,ifs,2,0.4129,0.2742,0.8960,0.4637,173
06360500,ifs,2,0.1196,0.1388,0.5276,1.5421,139
06404000,ifs,2,-3.5997,-0.4216,-0.1319,1.5338,205
06406000,ifs,2,-165.9221,-3.7665,0.9012,5.7210,180
06408700,ifs,2,-1637.7329,-3.9954,0.1951,1.5100,238
06409000,ifs,2,-1.2743,0.6283,0.8808,1.2511,193
06431500,ifs,2,-0.9829,0.4433,0.4517,1.0902,227
06440200,ifs,2,0.1815,-0.1113,0.4903,0.2265,160
06441500,ifs,2,-0.7533,-1.2340,0.1926,2.8936,177
06447000,ifs,2,0.0534,-0.1444,0.3075,0.4891,140
06447500,ifs,2,-0.0919,-0.0520,0.5834,0.6921,238
06450500,ifs,2,0.0569,-0.0885,0.3427,1.0560,208
06452000,ifs,2,0.0067,-0.3033,0.1307,1.0034,175
06453600,ifs,2,-0.1304,-0.0143,0.5521,1.7705,235
06464500,ifs,2,-1.1094,0.2062,0.4578,1.2437,175
06477500,ifs,2,-80.7678,-8.3789,0.1852,6.2661,237
06479215,ifs,2,-0.1901,-0.0047,0.1403,0.7143,238
06479438,ifs,2,0.0204,-0.2142,0.4187,0.2656,238
06601000,ifs,2,-0.5358,0.1109,0.1291,0.8880,238
06614800,ifs,2,0.7881,0.6308,0.9378,1.3379,238
06622700,ifs,2,-0.2964,0.1614,0.7614,1.6139,238
06623800,ifs,2,0.8234,0.9074,0.9135,0.9704,238
06632400,ifs,2,-0.3150,0.3234,0.4606,1.3878,238
06784000,ifs,2,-1.9571,0.2094,0.4506,1.3963,238
06803510,ifs,2,-0.1135,-0.1993,0.0330,0.6858,238
06803530,ifs,2,-0.1470,-0.1424,0.0368,0.8104,238
06814000,ifs,2,-1.2751,0.0417,0.0619,1.0335,238
06846500,ifs,2,-0.0094,-0.4714,-0.0581,1.3794,238
06847900,ifs,2,-5.1160,-0.7500,0.1109,1.6544,238
06853800,ifs,2,-0.7673,-0.2083,0.1625,1.8572,238
06876700,ifs,2,0.1414,0.5776,0.7037,1.0410,238
06878000,ifs,2,-1.3797,0.0964,0.1697,1.0071,238
06879650,ifs,2,-0.6449,0.0348,0.0795,0.7353,237
06885500,ifs,2,-1.7570,-0.0148,0.1131,0.7803,238
06888500,ifs,2,-0.0351,-0.2892,0.1088,0.4384,238
06889200,ifs,2,-0.5005,-0.0335,0.0320,0.7512,238
06889500,ifs,2,-8.4948,-1.2357,0.0168,1.5629,238
06892000,ifs,2,-1.9597,-0.0142,0.2541,1.1236,238
06903400,ifs,2,-0.0324,-0.0145,0.2880,0.4142,238
06906800,ifs,2,0.1682,0.2494,0.4473,0.6899,238
06910800,ifs,2,-0.0552,-0.0794,0.1875,0.5477,238
06911900,ifs,2,-0.1104,-0.0101,0.1941,0.5814,238
06917000,ifs,2,0.2722,0.2603,0.5480,0.5736,238
06918460,ifs,2,0.5201,0.5729,0.7236,1.0573,238
06919500,ifs,2,0.0473,0.5006,0.5377,0.8124,238
06921070,ifs,2,0.2776,0.3485,0.5355,0.8051,238
06921200,ifs,2,0.1725,-0.0603,0.5256,0.3663,238
06934000,ifs,2,0.5411,0.7299,0.7779,0.8466,237
07014500,ifs,2,0.0785,-0.0073,0.3146,0.7093,238
07056000,ifs,2,0.1147,0.3203,0.4239,0.8585,238
07057500,ifs,2,0.1982,0.3090,0.4883,0.8446,230
07060710,ifs,2,-0.0001,-0.3955,0.0257,1.0505,238
07066000,ifs,2,-0.0307,0.0152,0.2388,0.7703,238
07067000,ifs,2,0.0132,0.2908,0.6176,0.5577,238
07068000,ifs,2,0.1335,0.2967,0.5653,0.7533,237
07071500,ifs,2,-0.3484,0.2039,0.3529,0.7761,238
07083000,ifs,2,-1.4516,-0.3687,0.8884,1.7206,238
07142300,ifs,2,-8.0432,-5.1076,-0.0102,6.9660,238
07145700,ifs,2,0.1508,-0.2002,0.6238,0.2353,238
07148400,ifs,2,-2.1412,-0.2850,0.7101,1.5087,238
07149000,ifs,2,-0.1409,0.3197,0.7939,1.4931,238
07151500,ifs,2,0.2987,0.0748,0.7209,0.5082,238
07167500,ifs,2,0.0874,-0.1594,0.3516,1.5081,238
07180500,ifs,2,0.0085,-0.1724,0.1830,0.5906,238
07184000,ifs,2,0.0455,-0.1207,0.2670,0.4587,236
07195800,ifs,2,0.4683,0.4740,0.6998,0.8450,236
07196900,ifs,2,0.1050,0.0234,0.3303,0.8561,237
07197000,ifs,2,0.4042,0.4283,0.6438,0.9055,238
07208500,ifs,2,0.0773,0.5143,0.7350,1.0739,238
07226500,ifs,2,-0.0175,-0.5887,-0.0243,0.2311,236
07261000,ifs,2,0.2083,0.2279,0.4787,1.2847,236
07263295,ifs,2,-0.0733,-0.9064,0.3067,2.6395,236
07290650,ifs,2,0.2820,0.3429,0.5756,0.6508,238
07291000,ifs,2,0.0196,-0.0269,0.4119,0.3674,238
07292500,ifs,2,-0.5269,0.2686,0.2829,0.8681,238
07295000,ifs,2,-0.0098,0.0128,0.2438,0.6513,238
07299670,ifs,2,-0.0936,-0.2309,0.0892,1.5349,228
07301410,ifs,2,-0.1448,-0.0780,0.1224,0.7476,227
07301500,ifs,2,-0.1814,-0.5729,0.0317,1.7704,200
07315200,ifs,2,-1.6114,-0.1913,0.0260,1.6224,161
07315700,ifs,2,-2.0598,-0.3303,0.4057,1.7970,218
07335700,ifs,2,0.0244,-0.1901,0.3168,0.4197,229
07340300,ifs,2,0.2486,0.4013,0.5430,0.7561,238
07346045,ifs,2,-0.3583,-0.0736,0.4764,0.3738,238
07359610,ifs,2,-0.1560,0.1741,0.4206,1.5796,238
07362100,ifs,2,0.2050,0.2209,0.6735,1.6948,238
07362587,ifs,2,-0.1705,-0.2903,0.2389,1.9699,236
07373000,ifs,2,-0.0640,-0.1720,0.2165,0.5481,234
07375000,ifs,2,-0.0232,0.1231,0.3333,0.5506,238
07376000,ifs,2,0.5374,0.7334,0.7977,0.8567,238
08013000,ifs,2,0.5618,0.4416,0.8061,0.7258,238
08014500,ifs,2,0.4781,0.3052,0.8268,0.6275,238
08023080,ifs,2,-0.2297,-0.3198,0.0484,1.7566,238
08025500,ifs,2,0.2192,0.3189,0.4788,0.8963,238
08029500,ifs,2,0.1155,0.3285,0.4410,1.2051,238
08050800,ifs,2,0.0211,-0.2110,0.1776,0.6087,237
08066200,ifs,2,-0.0841,-0.3313,0.0212,0.4424,238
08066300,ifs,2,0.1932,0.1808,0.4873,0.4606,238
08070000,ifs,2,-1.0606,-0.0509,0.6857,1.4445,238
08070200,ifs,2,0.0828,0.5805,0.6031,0.9724,238
08079600,ifs,2,-11.7456,-4.6529,0.1124,6.0166,194
08082700,ifs,2,0.0130,-0.2372,0.1262,0.7324,224
08086212,ifs,2,-0.0346,-0.2666,0.0269,1.1991,238
08086290,ifs,2,-0.3258,-0.6377,0.0186,2.2421,238
08101000,ifs,2,-0.7420,0.1745,0.3132,1.4063,238
08103900,ifs,2,0.1038,0.2034,0.3793,0.7561,238
08104900,ifs,2,-0.0858,-0.1168,0.1733,0.4921,238
08109700,ifs,2,-0.6424,0.1573,0.5740,1.4732,222
08150800,ifs,2,0.0227,-0.3487,0.2218,0.4088,238
08155200,ifs,2,-0.7036,-0.8788,0.2190,2.7070,238
08158700,ifs,2,-5.0171,-7.8748,0.1565,9.7809,238
08158810,ifs,2,-0.1286,0.0727,0.1798,1.1012,238
08164000,ifs,2,-1.1884,-0.1252,0.4721,1.7590,238
08164300,ifs,2,0.1987,0.2910,0.4591,0.8545,235
08164600,ifs,2,-6.0644,-3.6716,0.3300,5.2980,238
08165300,ifs,2,0.0061,-0.3214,0.0918,0.8525,238
08171300,ifs,2,-33.8055,-33.3118,0.1418,35.0875,238
08175000,ifs,2,-0.9205,0.1390,0.5084,0.6047,238
08176900,ifs,2,-27.0861,-8.0750,0.1192,9.0662,238
08178880,ifs,2,0.2958,0.0087,0.7253,0.3784,238
08189500,ifs,2,-1.9451,-0.2094,0.3742,1.6497,238
08190000,ifs,2,0.0771,-0.0628,0.2833,0.8201,238
08190500,ifs,2,0.6514,-0.1251,0.9390,2.0905,232
08194200,ifs,2,-0.7365,0.1242,0.3952,1.5375,238
08195000,ifs,2,0.0835,-0.1419,0.3683,0.5699,238
08196000,ifs,2,-0.0790,0.0879,0.3135,1.5248,226
08198500,ifs,2,0.0631,-0.2634,0.3534,0.3667,238
08200000,ifs,2,0.0923,0.0051,0.3290,0.5679,238
08202700,ifs,2,0.0330,-0.4065,0.2085,0.2037,237
08267500,ifs,2,-21.8415,-2.2455,0.6947,2.6328,238
08269000,ifs,2,-3.5534,-0.3731,0.6972,1.7010,238
08271000,ifs,2,-44.5684,-4.1664,0.7730,2.4637,238
08324000,ifs,2,0.1832,0.6026,0.7119,1.1292,238
08377900,ifs,2,-3.5037,-0.4021,0.4984,1.3357,238
08378500,ifs,2,-5.6291,-0.9167,0.5841,1.3025,230
08380500,ifs,2,-2.4577,-0.1170,0.4881,1.6419,238
09034900,ifs,2,0.1914,0.2457,0.8760,1.5608,234
09035900,ifs,2,0.5584,0.7524,0.8241,1.0829,204
09047700,ifs,2,-4.1598,-0.8820,0.8891,1.3946,236
09065500,ifs,2,0.7336,0.6658,0.9377,1.1268,238
09066000,ifs,2,-0.8583,0.1950,0.5914,1.1524,238
09066200,ifs,2,0.7034,0.6466,0.9234,1.2139,238
09066300,ifs,2,-0.3276,0.0125,0.8070,1.7790,238
09081600,ifs,2,0.1295,0.6000,0.6210,1.0175,238
09107000,ifs,2,-1.1117,0.0140,0.7024,1.2370,237
09210500,ifs,2,-1.4355,0.0922,0.7324,1.5459,211
09223000,ifs,2,-2.8049,-0.5539,0.8797,1.9792,177
09306242,ifs,2,-451.0095,-4.1203,0.8583,5.9641,236
09312600,ifs,2,-2.1316,-0.6182,0.4890,2.3946,238
09352900,ifs,2,-0.5958,0.3048,0.5715,1.2690,208
09378170,ifs,2,0.2549,0.2626,0.5416,1.3205,238
09378630,ifs,2,,,,,238
09386900,ifs,2,-1.4176,-0.1689,0.0135,1.6072,238
09404450,ifs,2,0.7279,0.7596,0.8675,0.9254,238
09430500,ifs,2,-1.0706,0.0945,0.5442,0.2559,238
09430600,ifs,2,0.0874,-0.0699,0.8135,0.2306,238
09447800,ifs,2,-2.3742,-0.6364,0.0674,2.0608,238
09480000,ifs,2,-0.6811,-4.5491,-0.0375,6.4403,238
09484000,ifs,2,-1.1363,-0.9485,0.2257,2.7751,213
09484600,ifs,2,-1.3486,-1.9749,0.1299,3.8379,237
09492400,ifs,2,-1.1464,0.1253,0.7654,1.6747,236
09494000,ifs,2,0.4384,0.7011,0.7075,1.0368,238
09497800,ifs,2,-0.1400,-0.6430,-0.2342,1.6233,238
09497980,ifs,2,-0.2876,0.1219,0.1670,0.9438,210
09505200,ifs,2,0.6242,0.7173,0.7970,1.1554,238
09505350,ifs,2,0.6355,0.4866,0.8062,1.4602,238
09505800,ifs,2,0.5368,0.7194,0.7947,1.1684,238
09508300,ifs,2,-0.4433,0.3116,0.3253,0.8800,238
09510200,ifs,2,-3.3096,-1.2852,0.0860,2.9172,219
09512280,ifs,2,-0.2430,-0.9590,-0.0135,2.5795,238
09513780,ifs,2,-6.8497,-7.5291,0.1598,9.4870,237
10023000,ifs,2,-14.8321,-0.6557,0.0773,2.2315,238
10166430,ifs,2,-13362.7363,-90.1091,0.5560,72.6446,238
10172700,ifs,2,-29.6051,-0.2513,0.6416,2.0213,238
10172800,ifs,2,-9.9035,-0.8870,0.8050,2.3654,238
10173450,ifs,2,-0.3877,0.3927,0.4152,0.9955,238
10205030,ifs,2,-189.5503,-9.8559,-0.0206,2.3349,238
10234500,ifs,2,-0.0983,-0.2811,-0.0357,0.8579,234
10242000,ifs,2,-29.3349,-3.7016,0.4096,4.4915,238
10244950,ifs,2,-37.3800,-1.5309,0.7086,1.5635,238
10249300,ifs,2,-45.1019,-4.5823,0.5114,4.3296,237
10258000,ifs,2,,,,,66
10258500,ifs,2,0.1564,0.2817,0.4614,0.6382,238
10259000,ifs,2,0.6760,0.7303,0.8323,1.0853,238
10259200,ifs,2,-6.8570,-5.0100,0.6672,6.6189,238
10263500,ifs,2,-0.4869,0.1193,0.8199,1.2655,238
10310500,ifs,2,-1.4322,0.2103,0.8942,1.7591,238
10316500,ifs,2,-0.3566,0.3270,0.6732,1.2440,238
10329500,ifs,2,-0.0571,0.2453,0.8732,1.2641,238
10336645,ifs,2,0.4749,0.6510,0.7078,1.1113,224
10336660,ifs,2,0.5112,0.7034,0.7304,1.0227,238
10343500,ifs,2,0.6113,0.4794,0.8759,0.7821,238
10348850,ifs,2,-2.2728,0.0062,0.8229,1.7291,238
10396000,ifs,2,0.3829,0.6795,0.7993,1.2082,238
11098000,ifs,2,-0.2742,0.2154,0.6623,1.5399,238
11124500,ifs,2,-2.7487,-0.9918,0.9076,2.4294,238
11141280,ifs,2,0.5961,0.5698,0.7883,1.1039,238
11143000,ifs,2,0.6881,0.6826,0.8501,1.2734,238
11148900,ifs,2,0.5726,0.2905,0.8553,0.5495,238
11151300,ifs,2,0.7786,0.5588,0.9453,1.1928,238
11162500,ifs,2,0.6705,0.5525,0.8442,0.7185,238
11176400,ifs,2,0.6468,0.6034,0.8080,0.7241,144
11180500,ifs,2,-1.4373,-0.9534,0.7929,2.5294,238
11180960,ifs,2,-0.8839,-0.7875,0.5962,2.6478,238
11224500,ifs,2,0.0489,-0.3702,0.3228,0.1834,238
11253310,ifs,2,0.2892,0.3820,0.5765,0.6195,238
11264500,ifs,2,-0.5148,0.2018,0.2062,0.9333,238
11266500,ifs,2,-0.3440,0.3246,0.3268,1.0537,238
11274500,ifs,2,0.7875,0.5417,0.9415,1.3794,238
11274630,ifs,2,0.7574,0.5930,0.9400,1.2812,238
11284400,ifs,2,0.0225,-0.3415,0.4447,0.1729,238
11299600,ifs,2,0.2111,0.1397,0.4671,0.6077,235
11381500,ifs,2,0.4863,0.3912,0.7779,1.0066,238
11383500,ifs,2,0.6154,0.5194,0.8347,1.0834,238
11451100,ifs,2,0.5436,0.6006,0.7384,1.0075,106
11468500,ifs,2,0.4210,0.3385,0.7147,0.8715,238
11473900,ifs,2,0.4001,0.3234,0.7009,0.9047,238
11475560,ifs,2,0.5062,0.6492,0.7170,1.0636,238
11476600,ifs,2,0.4968,0.6986,0.7467,1.1626,237
11478500,ifs,2,0.3099,0.4544,0.6108,1.3479,238
11480390,ifs,2,0.3920,0.4030,0.6350,0.9599,238
11481200,ifs,2,0.4539,0.5455,0.6812,1.2031,238
11482500,ifs,2,0.4817,0.4775,0.7910,1.4710,238
11522500,ifs,2,0.1822,0.3851,0.6807,1.5186,238
11523200,ifs,2,-0.3945,0.0753,0.7075,1.7784,238
11528700,ifs,2,0.5452,0.4983,0.7655,1.1083,238
11532500,ifs,2,0.6051,0.7192,0.7881,1.1509,238
12010000,ifs,2,0.7088,0.5849,0.8846,0.7809,238
12013500,ifs,2,0.7735,0.8159,0.8803,0.9446,238
12020000,ifs,2,0.4773,0.3768,0.7517,0.6171,238
12025000,ifs,2,0.7632,0.7802,0.8757,1.0605,238
12025700,ifs,2,0.6979,0.5824,0.8779,0.8087,238
12035000,ifs,2,0.8735,0.9166,0.9365,0.9520,238
12040500,ifs,2,0.7510,0.7971,0.8708,0.8959,238
12041200,ifs,2,0.7149,0.8211,0.8796,0.9161,238
12043000,ifs,2,0.7740,0.7469,0.8899,0.8699,238
12048000,ifs,2,0.5560,0.7372,0.8565,1.2083,238
12054000,ifs,2,0.4437,0.5303,0.8886,1.3323,238
12056500,ifs,2,0.6201,0.7066,0.8775,0.9420,238
12073500,ifs,2,0.6514,0.7474,0.8208,1.0782,237
12082500,ifs,2,0.4007,0.3637,0.6664,0.9947,232
12092000,ifs,2,0.1506,0.2772,0.4183,0.9820,238
12095000,ifs,2,0.5468,0.5559,0.7511,0.8649,238
12114500,ifs,2,0.5764,0.5137,0.7953,1.0860,238
12115000,ifs,2,0.5561,0.5047,0.7778,1.0536,238
12115500,ifs,2,0.5067,0.4890,0.7306,0.9397,238
12117000,ifs,2,0.6578,0.6725,0.8160,1.0245,238
12141300,ifs,2,0.3187,0.3738,0.5714,1.1302,238
12143600,ifs,2,0.4168,0.4083,0.6683,1.2135,234
12144000,ifs,2,0.5199,0.5480,0.7267,1.0324,237
12145500,ifs,2,0.7809,0.7407,0.8925,0.9053,238
12147600,ifs,2,0.2992,0.4465,0.5578,1.0144,238
12167000,ifs,2,0.7432,0.7263,0.8765,1.2209,238
12175500,ifs,2,0.1087,0.5868,0.6223,1.1211,238
12186000,ifs,2,0.4736,0.6225,0.7184,1.1884,235
12189500,ifs,2,0.5029,0.6468,0.7855,1.2757,237
12358500,ifs,2,0.6245,0.7878,0.8430,1.0669,238
12377150,ifs,2,0.5338,0.7651,0.7716,0.9469,238
12381400,ifs,2,0.3122,0.4823,0.8603,1.2400,205
12390700,ifs,2,0.4217,0.6251,0.6997,1.1796,238
12411000,ifs,2,0.7984,0.7476,0.9114,1.2053,227
12414500,ifs,2,0.6670,0.6871,0.8278,0.9062,238
12447390,ifs,2,-0.2076,-0.2502,0.2270,0.3524,238
12451000,ifs,2,0.4624,0.6759,0.8036,1.2158,238
12488500,ifs,2,0.6155,0.7285,0.8133,1.1637,238
13011500,ifs,2,0.7287,0.6239,0.9361,1.2868,238
13011900,ifs,2,0.7931,0.8124,0.9241,0.9576,238
13018300,ifs,2,-0.4100,0.0075,0.9334,1.4724,238
13023000,ifs,2,0.5347,0.7646,0.8084,0.9060,196
13161500,ifs,2,0.7375,0.7178,0.8869,0.7917,238
13235000,ifs,2,0.5818,0.6612,0.7778,0.8942,236
13240000,ifs,2,0.7825,0.8514,0.8850,1.0142,159
13310700,ifs,2,0.5852,0.5024,0.8991,0.6716,238
13313000,ifs,2,0.6932,0.4845,0.9580,0.6436,238
13331500,ifs,2,0.4880,0.5389,0.8981,1.2164,238
13337000,ifs,2,0.6643,0.6990,0.8437,0.8329,238
13338500,ifs,2,0.8094,0.8629,0.9152,1.1036,238
13340000,ifs,2,0.4802,0.6302,0.7454,0.7994,238
13340600,ifs,2,0.5882,0.6156,0.8715,0.7112,238
14020000,ifs,2,0.4639,0.3131,0.8166,0.7044,238
14092750,ifs,2,0.8105,0.7379,0.9233,0.9041,238
14096850,ifs,2,-1.0686,0.4120,0.8518,0.4504,238
14137000,ifs,2,0.7459,0.6667,0.8864,1.0383,233
14138800,ifs,2,0.6539,0.6786,0.8118,0.9768,238
14138870,ifs,2,0.7246,0.8179,0.8564,0.9121,238
14138900,ifs,2,0.4666,0.4802,0.6923,0.9400,238
14139800,ifs,2,0.7719,0.8359,0.8804,0.9260,236
14141500,ifs,2,0.7704,0.8367,0.8790,0.9407,238
14154500,ifs,2,0.7973,0.7319,0.9052,1.0951,238
14158500,ifs,2,0.7572,0.6828,0.9130,1.0833,223
14158790,ifs,2,0.6702,0.6499,0.8298,1.0861,234
14166500,ifs,2,0.5190,0.4900,0.7430,0.9332,238
14182500,ifs,2,0.5986,0.5157,0.8097,0.7844,238
14185000,ifs,2,0.7136,0.6827,0.8561,0.9944,238
14185900,ifs,2,0.6531,0.6746,0.8118,0.9874,235
14187000,ifs,2,0.6195,0.6523,0.7904,1.0559,237
14216500,ifs,2,0.8840,0.8340,0.9460,1.0373,235
14222500,ifs,2,0.8658,0.8195,0.9346,1.1115,238
14236200,ifs,2,0.7385,0.5904,0.9092,0.8426,237
14301000,ifs,2,0.8750,0.9105,0.9356,1.0302,237
14303200,ifs,2,0.7856,0.6238,0.9387,1.0304,238
14305500,ifs,2,0.7791,0.7681,0.8871,1.0488,236
14306340,ifs,2,0.6088,0.5135,0.8212,0.7953,238
14306500,ifs,2,0.7994,0.7199,0.9112,0.9429,238
14308990,ifs,2,0.4419,0.3660,0.7294,0.9218,238
14309500,ifs,2,0.5344,0.5521,0.7374,0.9319,238
14316700,ifs,2,0.7258,0.6583,0.8722,1.0573,238
14325000,ifs,2,0.6190,0.7159,0.7872,0.9815,238
14362250,ifs,2,0.3061,0.1315,0.7816,0.5110,148
14400000,ifs,2,0.6739,0.7683,0.8232,0.9206,238
01013500,ifs,3,0.8938,0.8043,0.9568,0.8571,238
01022500,ifs,3,0.7521,0.6681,0.8910,1.0019,238
01030500,ifs,3,0.8013,0.8091,0.9265,1.0881,238
01031500,ifs,3,0.7247,0.8399,0.8550,1.0147,236
01047000,ifs,3,0.4851,0.7236,0.7292,1.0088,238
01052500,ifs,3,0.4676,0.4270,0.7141,0.7308,238
01054200,ifs,3,0.2755,0.2622,0.5674,0.5778,238
01055000,ifs,3,0.2533,0.5684,0.5857,0.9638,236
01057000,ifs,3,0.7233,0.7563,0.8546,0.9066,236
01073000,ifs,3,0.7308,0.7864,0.8945,1.1157,238
01078000,ifs,3,0.3816,0.4337,0.6590,0.7093,236
01118300,ifs,3,0.3234,0.5778,0.6300,0.8465,236
01121000,ifs,3,0.5619,0.6479,0.8222,1.2925,236
01123000,ifs,3,0.7932,0.8456,0.8910,0.9655,238
01134500,ifs,3,0.6877,0.7460,0.8372,0.8545,236
01137500,ifs,3,0.4640,0.5241,0.7034,0.7882,238
01139000,ifs,3,0.6052,0.7395,0.7914,0.8890,234
01139800,ifs,3,0.7891,0.8458,0.8918,1.0712,238
01142500,ifs,3,0.6377,0.6944,0.8095,0.8664,236
01144000,ifs,3,0.8261,0.8976,0.9135,0.9467,238
01169000,ifs,3,0.5165,0.7371,0.7601,1.1074,236
01170100,ifs,3,0.6616,0.8225,0.8263,0.9781,237
01181000,ifs,3,0.6931,0.7773,0.8575,1.1677,236
01187300,ifs,3,0.4649,0.5956,0.6892,1.1204,238
01195100,ifs,3,0.3963,0.4653,0.6357,0.8877,238
01333000,ifs,3,0.4938,0.5528,0.7108,0.8644,236
01350000,ifs,3,0.1351,0.1063,0.3880,0.7057,235
01350080,ifs,3,0.6204,0.5230,0.8295,0.7162,238
01350140,ifs,3,0.6162,0.5848,0.8221,0.6626,188
01365000,ifs,3,0.3812,0.3905,0.6362,0.8254,236
01411300,ifs,3,0.0319,0.2188,0.3814,1.2588,229
01413500,ifs,3,0.4381,0.4133,0.6986,0.7963,236
01414500,ifs,3,0.1003,0.0621,0.4114,0.5884,236
01415000,ifs,3,0.2321,0.2932,0.5573,0.6545,193
01423000,ifs,3,0.3934,0.4345,0.6648,0.7522,238
01434025,ifs,3,0.1692,0.4797,0.5680,0.7243,238
01435000,ifs,3,0.2574,0.3563,0.5166,0.8896,237
01439500,ifs,3,0.6618,0.6530,0.8478,0.8067,236
01440000,ifs,3,0.6564,0.7254,0.8115,0.9522,238
01440400,ifs,3,0.7579,0.8087,0.8707,0.9896,212
01451800,ifs,3,0.0321,0.4458,0.4733,1.1396,236
01466500,ifs,3,-2.1245,-0.5371,0.8452,1.0074,236
01484100,ifs,3,-0.3128,0.3733,0.4596,1.3102,238
01485500,ifs,3,-6.7065,-1.3362,0.4106,2.5052,233
01486000,ifs,3,-2.4548,-0.2544,0.3443,1.8140,238
01487000,ifs,3,0.5062,0.7573,0.7832,1.0629,238
01491000,ifs,3,0.6474,0.5521,0.8487,0.9508,238
01510000,ifs,3,0.6393,0.6936,0.8004,0.9726,238
01516500,ifs,3,0.3012,0.1820,0.6841,0.5695,238
01518862,ifs,3,0.3139,0.3250,0.6328,0.6383,238
01532000,ifs,3,0.6012,0.7552,0.7874,0.9232,236
01539000,ifs,3,0.5944,0.6491,0.7820,0.8860,220
01542810,ifs,3,0.3555,0.4244,0.6120,0.8077,236
01543000,ifs,3,0.3590,0.5782,0.6530,0.8145,238
01543500,ifs,3,0.5308,0.5768,0.7623,0.7868,236
01544500,ifs,3,0.5270,0.4549,0.8411,0.6425,238
01545600,ifs,3,0.4954,0.3774,0.8408,0.6355,238
01547700,ifs,3,0.0358,0.0039,0.2518,0.7780,238
01548500,ifs,3,0.4276,0.3426,0.7974,0.6134,236
01549500,ifs,3,0.5979,0.4881,0.8571,0.6746,236
01550000,ifs,3,0.5283,0.4436,0.8238,0.6626,236
01552000,ifs,3,0.4420,0.5489,0.6927,0.8090,238
01552500,ifs,3,0.4656,0.6583,0.7162,0.8531,238
01557500,ifs,3,-0.1526,0.3210,0.3397,1.0606,238
01567500,ifs,3,0.1400,0.2701,0.4095,1.0351,238
01568000,ifs,3,0.3611,0.4749,0.6112,1.1121,238
01580000,ifs,3,0.2132,0.4379,0.5150,0.9349,234
01583500,ifs,3,0.2171,0.4395,0.5342,0.8593,238
01586610,ifs,3,0.3497,0.5054,0.6366,0.8126,204
01591400,ifs,3,0.1119,0.5106,0.5203,1.0455,238
01596500,ifs,3,0.2887,0.2701,0.5723,0.7017,236
01605500,ifs,3,0.3664,0.5063,0.6190,1.0979,236
01606500,ifs,3,0.5015,0.5546,0.7310,0.7759,211
01613050,ifs,3,0.2536,0.4613,0.5429,1.0976,238
01620500,ifs,3,0.3284,0.2751,0.6751,0.5144,236
01632000,ifs,3,0.2926,0.5770,0.6009,1.0248,236
01632900,ifs,3,0.3086,0.6676,0.6773,1.0506,236
01634500,ifs,3,0.2441,0.3970,0.5120,0.9856,221
01638480,ifs,3,-1.5013,-0.1738,0.4761,1.9261,233
01639500,ifs,3,0.4572,0.6040,0.6884,1.1101,238
01644000,ifs,3,-0.7225,-0.0316,0.6671,1.9268,238
01658500,ifs,3,-0.7122,0.2138,0.2814,1.2796,207
01664000,ifs,3,0.3924,0.5655,0.6382,0.9879,238
01666500,ifs,3,0.3242,0.5590,0.6438,1.2121,223
01667500,ifs,3,0.5008,0.6953,0.7458,1.1422,216
01669000,ifs,3,0.2114,0.5458,0.5772,1.1227,213
01669520,ifs,3,-2.6354,-0.3989,0.7202,1.8487,236
02011400,ifs,3,0.5506,0.6258,0.7430,1.0498,238
02011460,ifs,3,0.4539,0.4378,0.7009,0.7539,238
02013000,ifs,3,0.4105,0.3664,0.6793,0.9808,238
02014000,ifs,3,0.4063,0.5625,0.6466,0.9535,237
02015700,ifs,3,0.6825,0.6649,0.8364,0.9563,220
02016000,ifs,3,0.6833,0.5662,0.8710,0.7982,237
02017500,ifs,3,0.5969,0.7976,0.8130,1.0449,236
02018000,ifs,3,0.7375,0.7994,0.8588,0.9931,231
02027000,ifs,3,0.6999,0.6857,0.8759,0.7256,218
02027500,ifs,3,0.6593,0.5145,0.9127,0.6025,221
02028500,ifs,3,0.5705,0.5638,0.7915,0.8018,213
02038850,ifs,3,0.2137,0.2979,0.5083,0.7693,236
02046000,ifs,3,0.4306,0.4561,0.7359,1.4601,228
02051000,ifs,3,-0.0566,0.2348,0.3022,1.0230,238
02051500,ifs,3,-0.0604,0.3937,0.4475,1.2420,236
02053200,ifs,3,0.1912,0.3602,0.6865,1.5540,210
02053800,ifs,3,0.4234,0.4203,0.6818,0.8612,219
02055100,ifs,3,0.5604,0.5656,0.7597,1.0484,236
02056900,ifs,3,0.5482,0.7029,0.7603,0.8834,212
02059500,ifs,3,0.3144,0.5399,0.6483,0.7591,207
02064000,ifs,3,0.3054,0.2908,0.6101,0.6947,226
02065500,ifs,3,0.3679,0.3423,0.7926,0.5957,236
02069700,ifs,3,0.1812,0.4476,0.5454,1.1984,210
02070000,ifs,3,0.3668,0.4941,0.6343,1.1579,236
02074500,ifs,3,0.3226,0.5406,0.6018,1.0827,238
02077200,ifs,3,0.3574,0.6835,0.7193,1.0890,233
02081500,ifs,3,0.0770,0.3229,0.4628,1.3630,238
02082950,ifs,3,-1.4220,-0.1231,0.5069,1.7125,238
02092500,ifs,3,-6.3932,-1.1665,0.2046,2.2134,238
02096846,ifs,3,-0.6368,0.0459,0.2390,1.5735,238
02102908,ifs,3,0.2954,0.4222,0.5528,0.9524,238
02108000,ifs,3,0.5515,0.7342,0.7672,1.1115,238
02111180,ifs,3,0.0437,0.0542,0.2595,1.0220,238
02111500,ifs,3,-0.0573,0.1794,0.2745,0.9347,236
02118500,ifs,3,0.0378,0.5098,0.5110,1.0289,238
02128000,ifs,3,-26.3928,-4.0707,0.4317,3.2310,238
02137727,ifs,3,-0.0822,0.2981,0.3353,0.9817,238
02140991,ifs,3,-0.0831,0.1922,0.2789,1.1066,238
02143000,ifs,3,-0.7209,0.3586,0.5063,1.2583,238
02143040,ifs,3,-1.9194,0.0023,0.2283,0.9965,236
02149000,ifs,3,-0.0454,0.2127,0.2949,1.0542,238
02152100,ifs,3,-0.9449,0.1790,0.2029,1.0293,238
02177000,ifs,3,0.1731,0.2291,0.4282,1.0473,236
02178400,ifs,3,0.3749,0.5678,0.6342,0.9603,236
02193340,ifs,3,-3.0006,-0.3018,0.1571,1.4695,238
02196000,ifs,3,0.0316,-0.1759,0.2594,0.4690,238
02198100,ifs,3,0.1564,0.1144,0.4393,1.3080,237
02202600,ifs,3,-1.0182,-0.1599,0.1610,1.8005,238
02212600,ifs,3,-0.3410,0.1075,0.1588,1.1787,236
02215100,ifs,3,-0.0083,0.0690,0.2516,0.7796,238
02216180,ifs,3,0.0228,-0.2235,0.2008,0.5209,236
02221525,ifs,3,-0.0033,0.3522,0.3994,1.1201,236
02231000,ifs,3,-2.1102,-0.3800,0.4496,1.9701,238
02231342,ifs,3,-0.5282,0.0651,0.7302,1.6634,238
02235200,ifs,3,-0.8223,0.2794,0.3953,1.2662,237
02245500,ifs,3,-2.2335,-0.2350,0.5722,1.3278,238
02246000,ifs,3,-0.7094,0.2779,0.5595,0.9079,236
02296500,ifs,3,-0.0707,-0.4064,0.7722,2.3677,227
02297155,ifs,3,0.1012,-0.0859,0.6730,0.3152,237
02297310,ifs,3,0.5091,0.6153,0.7238,0.8349,228
02298123,ifs,3,0.4588,0.3528,0.7411,0.6301,238
02298608,ifs,3,0.3987,0.4914,0.7815,1.4540,238
02299950,ifs,3,0.0165,0.3408,0.4240,0.7509,238
02300700,ifs,3,0.2923,0.1529,0.6369,0.5619,238
02310947,ifs,3,-0.7425,-2.0502,-0.2942,3.6693,238
02312200,ifs,3,-19.8896,-4.2071,0.2768,6.1456,238
02314500,ifs,3,-0.3301,-0.5314,-0.2314,0.5624,238
02315500,ifs,3,-0.3296,-0.6564,-0.2881,0.4430,238
02324400,ifs,3,-0.2052,-1.0284,-0.5320,0.1148,238
02327100,ifs,3,-2.9701,-1.1736,0.7586,2.7390,236
02349900,ifs,3,0.0992,0.0641,0.3179,1.0279,238
02350900,ifs,3,0.3888,0.4829,0.8123,0.6809,238
02361000,ifs,3,0.3686,0.4812,0.7087,0.7000,238
02363000,ifs,3,0.3262,0.1021,0.8291,0.4122,236
02369800,ifs,3,0.2122,0.0339,0.6338,0.5478,237
02371500,ifs,3,0.3227,0.2160,0.6841,0.7994,238
02372250,ifs,3,0.4739,0.3751,0.7694,0.8968,236
02374500,ifs,3,0.3181,0.3017,0.5959,0.8090,238
02381600,ifs,3,-0.1176,0.1542,0.2326,1.0316,237
02384540,ifs,3,0.0843,0.1030,0.3920,0.7537,238
02395120,ifs,3,-0.6783,0.2893,0.3185,1.0025,238
02408540,ifs,3,-0.1662,0.3468,0.3553,0.9850,238
02415000,ifs,3,-0.1816,0.3035,0.3195,1.0149,228
02422500,ifs,3,-0.0532,0.4707,0.5061,1.1901,221
02427250,ifs,3,0.4680,0.4924,0.6895,1.1849,238
02430085,ifs,3,-0.0118,0.3135,0.3727,1.1280,238
02450250,ifs,3,0.2697,0.2760,0.5245,0.9498,236
02464000,ifs,3,0.2157,0.4864,0.5341,0.9285,238
02465493,ifs,3,0.3180,0.5388,0.6106,1.1304,235
02469800,ifs,3,0.4420,0.3342,0.7445,0.6073,236
02472000,ifs,3,0.7927,0.6678,0.9076,0.7788,238
02472500,ifs,3,0.3530,0.5798,0.7932,0.7929,238
02479155,ifs,3,0.3437,0.1712,0.6757,0.5793,238
02479300,ifs,3,0.4067,0.3130,0.6698,0.6620,238
02481000,ifs,3,0.2033,-0.1247,0.7004,0.2509,238
02481510,ifs,3,0.3089,0.0420,0.7605,0.3944,238
03010655,ifs,3,0.5661,0.4775,0.8451,0.6772,209
03011800,ifs,3,0.2932,0.4196,0.6017,0.7633,238
03015500,ifs,3,0.5670,0.7528,0.7723,0.9314,238
03021350,ifs,3,0.3699,0.6597,0.6841,0.8744,236
03026500,ifs,3,0.3659,0.4721,0.6275,0.8221,238
03028000,ifs,3,0.3508,0.5270,0.7041,0.6924,236
03049800,ifs,3,-0.0482,-0.0019,0.2222,0.6783,236
03050000,ifs,3,0.2457,0.5084,0.5617,0.8792,236
03066000,ifs,3,0.5015,0.5638,0.7291,0.7899,238
03069500,ifs,3,0.4037,0.5162,0.6698,0.7487,236
03070500,ifs,3,-0.1314,0.4871,0.6183,1.0935,236
03076600,ifs,3,0.2391,0.2950,0.5606,0.6569,238
03078000,ifs,3,0.0666,0.1581,0.3772,0.6712,238
03140000,ifs,3,-0.0683,0.1639,0.2557,0.9613,236
03144000,ifs,3,0.0889,0.4765,0.4908,1.0200,238
03159540,ifs,3,0.3940,0.6702,0.6789,0.9586,238
03161000,ifs,3,-0.1223,0.2377,0.2999,0.8844,238
03164000,ifs,3,0.3269,0.6139,0.6577,0.8703,238
03165000,ifs,3,-0.0138,0.1026,0.2620,0.8732,221
03170000,ifs,3,0.4984,0.5278,0.7301,0.8759,238
03173000,ifs,3,0.5099,0.5931,0.7275,0.8230,236
03180500,ifs,3,0.5015,0.4472,0.7433,0.7613,222
03182500,ifs,3,0.5177,0.5901,0.7252,0.8557,236
03186500,ifs,3,0.4726,0.6344,0.6991,0.9154,236
03187500,ifs,3,0.5386,0.7387,0.7649,0.8925,235
03213700,ifs,3,0.3559,0.6656,0.6725,1.0628,238
03237280,ifs,3,0.3440,0.3290,0.6051,0.6767,238
03237500,ifs,3,0.5890,0.7567,0.7780,1.0300,236
03241500,ifs,3,0.3616,0.4631,0.6181,0.7741,225
03280700,ifs,3,-0.2967,0.2956,0.3791,0.6673,213
03281100,ifs,3,-0.1997,0.3190,0.3882,0.7064,236
03281500,ifs,3,-0.0209,0.4435,0.5031,0.7497,223
03285000,ifs,3,-0.3915,0.1576,0.3129,1.4866,235
03291780,ifs,3,0.1196,0.1454,0.3593,0.8714,238
03300400,ifs,3,-0.0303,-0.0517,0.1683,0.7833,238
03340800,ifs,3,-1.5975,0.0428,0.1509,1.1354,190
03346000,ifs,3,0.2223,0.4179,0.5450,0.7091,238
03364500,ifs,3,0.1348,0.1189,0.3991,0.6395,238
03366500,ifs,3,0.1465,0.1171,0.4077,0.6418,238
03368000,ifs,3,0.0446,0.0526,0.2951,0.6526,238
03384450,ifs,3,-0.0127,-0.3447,0.0844,0.4745,238
03439000,ifs,3,-0.1254,-0.1388,0.1654,0.6669,236
03450000,ifs,3,0.0534,0.0254,0.3078,0.8107,238
03455500,ifs,3,-0.3044,0.1723,0.2888,0.6823,236
03456500,ifs,3,0.0101,0.1873,0.3364,0.8214,236
03460000,ifs,3,-0.2253,0.3976,0.6116,0.6371,238
03463300,ifs,3,0.1094,0.5013,0.5115,0.9833,238
03471500,ifs,3,0.4533,0.6434,0.7954,0.7276,236
03473000,ifs,3,0.2108,0.5180,0.6298,0.7443,238
03479000,ifs,3,-0.1198,0.3953,0.4066,0.9121,236
03488000,ifs,3,0.5442,0.4517,0.8260,0.7103,238
03498500,ifs,3,-0.0709,0.4295,0.4783,0.7779,238
03500000,ifs,3,0.2096,0.5732,0.6676,0.8203,236
03504000,ifs,3,-0.2057,0.3839,0.4244,0.8419,236
03574500,ifs,3,0.1269,0.0302,0.4424,0.5593,238
03604000,ifs,3,-0.1435,-0.1664,0.0330,0.8015,236
04015330,ifs,3,0.2504,0.1837,0.5183,0.6072,197
04024430,ifs,3,0.5736,0.4676,0.8009,0.6236,238
04027000,ifs,3,0.4839,0.4582,0.7201,0.7222,238
04040500,ifs,3,0.8380,0.7542,0.9259,0.8815,238
04043050,ifs,3,0.7503,0.8076,0.8692,0.8985,182
04045500,ifs,3,0.8938,0.7730,0.9633,0.7936,234
04056500,ifs,3,0.4867,0.4103,0.7915,0.7008,229
04057510,ifs,3,0.8573,0.6672,0.9646,0.7712,158
04057800,ifs,3,0.7805,0.5904,0.9173,0.7086,238
04059500,ifs,3,0.8367,0.8063,0.9197,0.9861,238
04063700,ifs,3,0.8152,0.5641,0.9548,0.6454,238
04074950,ifs,3,0.6752,0.5545,0.9255,0.7584,238
04105700,ifs,3,0.5863,0.5944,0.7867,0.9327,238
04115265,ifs,3,0.5217,0.4616,0.7634,0.9948,238
04122200,ifs,3,0.6170,0.6199,0.8052,0.8846,238
04122500,ifs,3,0.8245,0.8014,0.9191,0.9345,236
04124000,ifs,3,0.9000,0.8470,0.9558,1.0315,238
04127997,ifs,3,0.4962,0.4616,0.7501,0.9202,201
04185000,ifs,3,0.7044,0.7425,0.8417,0.9077,215
04196800,ifs,3,0.5672,0.6780,0.7567,0.8964,238
04197100,ifs,3,0.5118,0.5599,0.7175,1.0651,238
04197170,ifs,3,0.2905,0.4778,0.5661,0.8810,238
04213000,ifs,3,0.1066,0.5912,0.6297,1.0461,236
04213075,ifs,3,-0.5418,0.3290,0.3495,1.0134,234
04216418,ifs,3,0.3899,0.6257,0.6621,1.0990,238
04221000,ifs,3,0.1919,0.2377,0.6000,0.5650,238
04224775,ifs,3,0.2602,0.3175,0.5800,0.6327,236
04256000,ifs,3,0.7099,0.7885,0.8735,1.1516,236
04296000,ifs,3,0.4701,0.5957,0.7036,0.8428,236
05057000,ifs,3,-1.1450,0.0700,0.6176,0.4953,160
05057200,ifs,3,0.5137,0.6880,0.7291,1.0459,237
05062500,ifs,3,0.6699,0.6948,0.8244,0.9034,199
05087500,ifs,3,0.3581,0.4483,0.5992,0.9587,238
05120500,ifs,3,-10.0005,-1.4883,-0.0619,3.1895,210
05123400,ifs,3,-0.3916,-0.6523,-0.0184,0.1576,238
05129115,ifs,3,-0.8334,-0.8962,-0.2632,0.0000,238
05131500,ifs,3,0.0353,-0.0596,0.7132,0.3946,142
05291000,ifs,3,0.0473,0.1487,0.4252,0.6047,238
05362000,ifs,3,0.6277,0.7102,0.8059,0.8184,237
05393500,ifs,3,0.4972,0.6126,0.7157,0.8427,238
05399500,ifs,3,0.1068,0.5161,0.5263,0.9230,236
05408000,ifs,3,0.2128,0.2254,0.4889,0.8717,237
05412500,ifs,3,0.3592,0.4454,0.6904,0.7024,238
05413500,ifs,3,-0.0489,0.3359,0.4621,0.7758,208
05414000,ifs,3,0.0620,0.2179,0.7433,0.6081,204
05444000,ifs,3,-0.2377,0.2812,0.3627,0.6900,236
05454000,ifs,3,-0.7258,0.2919,0.4296,0.8040,238
05458000,ifs,3,0.0399,0.1183,0.3203,0.7318,238
05466500,ifs,3,0.2094,0.4181,0.5051,0.8987,236
05487980,ifs,3,-0.3306,0.1437,0.1836,0.8558,236
05488200,ifs,3,-0.1103,0.0934,0.2512,0.6271,236
05489000,ifs,3,-0.3601,0.0095,0.1295,0.6098,236
05495000,ifs,3,-3.4186,-0.5274,0.3009,1.7245,236
05495500,ifs,3,-0.3156,0.2299,0.2865,0.7244,232
05501000,ifs,3,-0.0010,-0.0415,0.2236,0.6090,236
05503800,ifs,3,-0.0332,0.1420,0.2671,0.8307,238
05507600,ifs,3,-1.2254,0.0970,0.1756,1.2214,238
05508805,ifs,3,-0.6489,0.2185,0.3908,1.4072,236
05514500,ifs,3,0.0064,0.0197,0.2357,0.7545,236
05525500,ifs,3,-0.2113,0.4049,0.4587,1.2265,236
05556500,ifs,3,0.0027,0.0657,0.3461,0.5279,238
05584500,ifs,3,-0.6873,0.3003,0.3669,0.8767,236
05585000,ifs,3,0.2335,0.5487,0.6121,0.7727,238
05591550,ifs,3,-1.7244,0.0110,0.1430,1.1743,236
05592050,ifs,3,-1.7535,-0.0022,0.0979,1.0998,222
05592575,ifs,3,-0.1520,0.1532,0.2457,0.7588,236
05593575,ifs,3,-0.5234,0.2346,0.3517,1.3779,238
05593900,ifs,3,-0.2788,0.2637,0.2760,1.0381,236
05595730,ifs,3,-1.3601,0.1037,0.2855,1.2415,238
06037500,ifs,3,-2.1940,0.4108,0.8540,1.2870,238
06043500,ifs,3,0.4642,0.4303,0.9622,1.3124,238
06154410,ifs,3,-0.0345,0.3556,0.4125,0.7907,238
06188000,ifs,3,0.8540,0.8950,0.9354,0.9721,238
06191500,ifs,3,0.7479,0.6931,0.9403,1.1057,238
06221400,ifs,3,0.8282,0.8558,0.9301,1.0552,238
06224000,ifs,3,0.7133,0.8490,0.8566,1.0464,238
06289000,ifs,3,0.2847,0.5636,0.6406,0.8365,238
06332515,ifs,3,0.0257,-0.0597,0.7847,0.6339,118
06339100,ifs,3,-0.1354,0.2847,0.4194,1.4144,174
06339500,ifs,3,-0.2053,0.0516,0.5615,0.2776,167
06344600,ifs,3,-2.4114,-1.5534,0.1614,3.4006,177
06350000,ifs,3,-15.8498,-2.3804,0.1770,2.4226,238
06352000,ifs,3,-0.0133,-0.1012,0.5130,1.3304,237
06353000,ifs,3,-0.0034,-0.1146,0.5145,0.8052,236
06354000,ifs,3,0.4131,0.2763,0.8934,0.4642,173
06360500,ifs,3,0.1201,0.1391,0.5280,1.5419,139
06404000,ifs,3,-3.6827,-0.4533,-0.1749,1.5569,205
06406000,ifs,3,-165.9642,-3.7673,0.9007,5.7216,180
06408700,ifs,3,-1637.9949,-3.9902,0.1946,1.5101,238
06409000,ifs,3,-1.3016,0.6222,0.8774,1.2524,193
06431500,ifs,3,-0.9686,0.4434,0.4513,1.0899,227
06440200,ifs,3,-0.6949,0.1945,0.5853,0.6568,160
06441500,ifs,3,-26.9542,-4.1511,-0.0192,4.1311,177
06447000,ifs,3,-0.0182,-0.1856,0.1787,0.5061,140
06447500,ifs,3,-0.0942,-0.0679,0.5342,0.6935,238
06450500,ifs,3,0.0472,-0.1121,0.3139,1.0546,208
06452000,ifs,3,0.0067,-0.3032,0.1309,1.0034,175
06453600,ifs,3,-1.7261,-0.2216,0.5152,1.8595,235
06464500,ifs,3,-1.4233,0.1326,0.3291,1.2422,175
06477500,ifs,3,-104.1209,-9.6359,0.2836,6.5450,237
06479215,ifs,3,-0.2568,-0.1278,0.0371,0.6794,238
06479438,ifs,3,-0.0862,-0.3730,0.1965,0.2463,238
06601000,ifs,3,-0.4856,-0.0190,0.0335,0.8584,238
06614800,ifs,3,0.7861,0.6263,0.9381,1.3411,238
06622700,ifs,3,-0.3074,0.1557,0.7614,1.6178,238
06623800,ifs,3,0.8216,0.9070,0.9128,0.9727,238
06632400,ifs,3,-0.3125,0.3234,0.4625,1.3901,238
06784000,ifs,3,-1.5915,0.2881,0.4410,1.3889,238
06803510,ifs,3,-1.0372,-0.0070,0.0111,0.8122,238
06803530,ifs,3,-0.2891,-0.0986,0.0195,0.7890,238
06814000,ifs,3,-0.1613,-0.1599,0.0666,0.5738,238
06846500,ifs,3,-0.0094,-0.4714,-0.0582,1.3792,238
06847900,ifs,3,-0.2640,-0.0640,0.0965,1.3866,238
06853800,ifs,3,-0.5171,-0.3406,0.0154,1.7716,238
06876700,ifs,3,0.1180,0.5804,0.6133,0.8890,238
06878000,ifs,3,-2.0138,-0.0320,0.1421,0.9210,238
06879650,ifs,3,-0.2048,-0.1078,0.1022,0.5421,237
06885500,ifs,3,-0.4769,-0.1152,0.0314,0.5323,238
06888500,ifs,3,-0.0397,-0.2788,0.1242,0.4001,238
06889200,ifs,3,-0.2126,-0.1259,0.0747,0.5678,238
06889500,ifs,3,-2.6506,-0.1699,0.0421,1.0345,238
06892000,ifs,3,-4.4991,-0.5160,0.0366,1.1779,238
06903400,ifs,3,-0.1123,-0.0933,0.1987,0.4120,238
06906800,ifs,3,-0.1586,0.1395,0.2373,0.7448,238
06910800,ifs,3,-0.5993,0.1355,0.1929,0.6906,238
06911900,ifs,3,-0.4788,0.0207,0.1132,0.6327,238
06917000,ifs,3,0.3502,0.3567,0.6095,0.6269,238
06918460,ifs,3,0.3665,0.4974,0.6104,1.0366,238
06919500,ifs,3,0.1758,0.4986,0.5659,0.7597,238
06921070,ifs,3,-0.0232,0.3377,0.3884,0.8427,238
06921200,ifs,3,0.1024,-0.0762,0.3864,0.3955,238
06934000,ifs,3,0.2644,0.5616,0.6204,0.7974,237
07014500,ifs,3,0.0262,-0.1420,0.2424,0.6342,238
07056000,ifs,3,0.0776,0.2390,0.3779,0.7982,238
07057500,ifs,3,0.1778,0.4240,0.5056,0.8681,230
07060710,ifs,3,-0.0001,-0.3954,0.0258,1.0505,238
07066000,ifs,3,-0.0135,0.0255,0.2544,0.7756,238
07067000,ifs,3,-0.1134,0.1931,0.5290,0.5426,238
07068000,ifs,3,-0.0269,0.1453,0.4129,0.7436,237
07071500,ifs,3,-0.6148,0.1748,0.2360,0.7853,238
07083000,ifs,3,-1.5124,-0.3855,0.8868,1.7414,238
07142300,ifs,3,-7.9260,-5.1056,0.0253,6.9696,238
07145700,ifs,3,0.2722,-0.0758,0.6978,0.2881,238
07148400,ifs,3,-0.8475,0.1090,0.7621,1.4811,238
07149000,ifs,3,-0.1493,0.3485,0.7617,1.4749,238
07151500,ifs,3,0.2625,0.0368,0.7084,0.4900,238
07167500,ifs,3,0.8521,0.0742,0.9379,1.9188,238
07180500,ifs,3,-0.0358,0.0412,0.2389,0.6647,238
07184000,ifs,3,0.0869,-0.1575,0.3407,0.3777,236
07195800,ifs,3,0.0655,0.3400,0.4161,0.8540,236
07196900,ifs,3,0.1134,0.0678,0.3385,0.9182,237
07197000,ifs,3,0.3473,0.4180,0.5918,0.9159,238
07208500,ifs,3,0.0878,0.5198,0.7357,1.0729,238
07226500,ifs,3,-0.0146,-0.6091,-0.0169,0.2052,236
07261000,ifs,3,0.0798,0.1219,0.3427,1.2688,236
07263295,ifs,3,-0.1782,-0.9386,0.2035,2.6690,236
07290650,ifs,3,0.0891,0.3034,0.4409,0.7023,238
07291000,ifs,3,-0.1500,0.0376,0.3112,0.4203,238
07292500,ifs,3,-0.6084,0.2944,0.3166,0.9213,238
07295000,ifs,3,-0.0917,0.1823,0.2860,0.7485,238
07299670,ifs,3,-0.1615,-0.2191,0.0794,1.5826,228
07301410,ifs,3,-0.2302,-0.1899,0.0050,0.7377,227
07301500,ifs,3,-0.1814,-0.5729,0.0316,1.7704,200
07315200,ifs,3,-0.3787,0.0827,0.2848,1.5722,161
07315700,ifs,3,-2.2578,-0.4514,0.1975,1.9911,218
07335700,ifs,3,0.0201,-0.1542,0.2877,0.4347,229
07340300,ifs,3,0.1823,0.1978,0.4673,0.6870,238
07346045,ifs,3,-0.7258,0.0061,0.2263,0.4189,238
07359610,ifs,3,0.0319,0.1788,0.4148,1.4768,238
07362100,ifs,3,-0.3890,0.0888,0.5045,1.7530,238
07362587,ifs,3,-0.1086,-0.2473,0.2781,1.9384,236
07373000,ifs,3,-0.0600,-0.1802,0.2310,0.5400,234
07375000,ifs,3,-0.1219,0.0824,0.2734,0.5433,238
07376000,ifs,3,0.3475,0.6531,0.7071,0.8335,238
08013000,ifs,3,0.5045,0.4034,0.7639,0.7038,238
08014500,ifs,3,0.3746,0.2360,0.7493,0.6018,238
08023080,ifs,3,-0.3481,-0.4118,-0.0821,1.7427,238
08025500,ifs,3,0.0457,0.1553,0.3052,0.9479,238
08029500,ifs,3,-0.6318,0.0834,0.1268,1.2648,238
08050800,ifs,3,0.0119,-0.1946,0.1603,0.6348,237
08066200,ifs,3,-0.0445,-0.2785,0.0840,0.4663,238
08066300,ifs,3,-0.0402,-0.2861,0.1424,0.3131,238
08070000,ifs,3,-1.5917,-0.1002,0.5197,1.4949,238
08070200,ifs,3,-0.0420,0.5223,0.5349,0.9826,238
08079600,ifs,3,-9.6923,-4.9205,0.3042,6.4046,194
08082700,ifs,3,0.0319,-0.2005,0.1834,0.7122,224
08086212,ifs,3,-0.0297,-0.2453,0.0524,1.2488,238
08086290,ifs,3,-0.4301,-0.7168,0.0322,2.3812,238
08101000,ifs,3,-4.5819,-0.8582,0.4044,1.8339,238
08103900,ifs,3,0.0577,0.1152,0.3087,0.7867,238
08104900,ifs,3,-0.0693,-0.0424,0.2205,0.5165,238
08109700,ifs,3,0.2663,0.4624,0.7404,1.3916,222
08150800,ifs,3,0.0647,-0.2122,0.3186,0.4953,238
08155200,ifs,3,-1.0611,-0.8894,0.1412,2.6821,238
08158700,ifs,3,-5.2247,-8.0728,0.1350,9.9775,238
08158810,ifs,3,-0.3309,0.0834,0.1319,1.0931,238
08164000,ifs,3,-2.0796,-0.3708,0.2740,1.9132,238
08164300,ifs,3,0.0409,0.1878,0.3169,1.0144,235
08164600,ifs,3,-15.9045,-5.6876,0.3283,6.8316,238
08165300,ifs,3,-0.0076,-0.3035,0.0356,0.9072,238
08171300,ifs,3,-31.4477,-33.3360,0.1895,35.1362,238
08175000,ifs,3,-0.0719,0.2604,0.4571,0.4994,238
08176900,ifs,3,-29.5543,-8.9786,0.4316,9.8447,238
08178880,ifs,3,0.0775,-0.1884,0.3455,0.3434,238
08189500,ifs,3,-2.1217,-0.1570,0.2476,1.5075,238
08190000,ifs,3,0.0083,-0.1989,0.1277,0.7752,238
08190500,ifs,3,0.3718,-0.2502,0.8695,2.1903,232
08194200,ifs,3,-0.1933,0.1766,0.2287,0.9173,238
08195000,ifs,3,0.0484,-0.2233,0.2688,0.5382,238
08196000,ifs,3,-0.0454,0.1027,0.3242,1.4998,226
08198500,ifs,3,0.0364,-0.3374,0.2845,0.3276,238
08200000,ifs,3,0.0303,-0.0812,0.2489,0.5209,238
08202700,ifs,3,0.0175,-0.4538,0.1603,0.1814,237
08267500,ifs,3,-21.6571,-2.2280,0.6953,2.6281,238
08269000,ifs,3,-3.4888,-0.3606,0.7011,1.6990,238
08271000,ifs,3,-43.9031,-4.1234,0.7720,2.4539,238
08324000,ifs,3,0.1862,0.6051,0.7108,1.1296,238
08377900,ifs,3,-3.5196,-0.4044,0.4947,1.3340,238
08378500,ifs,3,-5.4946,-0.8951,0.5891,1.3004,230
08380500,ifs,3,-2.3547,-0.0998,0.5104,1.6431,238
09034900,ifs,3,0.1876,0.2396,0.8778,1.5647,234
09035900,ifs,3,0.5575,0.7513,0.8242,1.0846,204
09047700,ifs,3,-4.2071,-0.8924,0.8903,1.3970,236
09065500,ifs,3,0.7314,0.6609,0.9383,1.1297,238
09066000,ifs,3,-0.8619,0.1936,0.5913,1.1535,238
09066200,ifs,3,0.7076,0.6460,0.9253,1.2153,238
09066300,ifs,3,-0.3333,0.0097,0.8066,1.7813,238
09081600,ifs,3,0.1352,0.6022,0.6229,1.0171,238
09107000,ifs,3,-1.1197,0.0122,0.7034,1.2469,237
09210500,ifs,3,-1.4358,0.0927,0.7322,1.5464,211
09223000,ifs,3,-2.8029,-0.5532,0.8799,1.9799,177
09306242,ifs,3,-451.0321,-4.1203,0.8583,5.9642,236
09312600,ifs,3,-2.1302,-0.6167,0.4869,2.3934,238
09352900,ifs,3,-0.6043,0.3011,0.5705,1.2793,208
09378170,ifs,3,0.2547,0.2623,0.5414,1.3208,238
09378630,ifs,3,,,,,238
09386900,ifs,3,-1.3237,-0.1539,0.0147,1.5887,238
09404450,ifs,3,0.7111,0.7559,0.8562,0.9277,238
09430500,ifs,3,-1.1180,0.0641,0.5138,0.2508,238
09430600,ifs,3,0.1392,0.0202,0.6825,0.2568,238
09447800,ifs,3,-2.3740,-0.6359,0.0682,2.0608,238
09480000,ifs,3,-0.6402,-4.3927,-0.0387,6.2790,238
09484000,ifs,3,-0.7108,-0.7800,0.3037,2.6354,213
09484600,ifs,3,-1.8767,-2.1640,0.1043,4.0103,237
09492400,ifs,3,-1.1379,0.1370,0.7508,1.6673,236
09494000,ifs,3,0.4494,0.6996,0.7095,1.0390,238
09497800,ifs,3,-0.1400,-0.6429,-0.2340,1.6233,238
09497980,ifs,3,-0.2289,0.0779,0.1507,0.9189,210
09505200,ifs,3,0.6533,0.7363,0.8117,1.1257,238
09505350,ifs,3,0.6352,0.5055,0.8055,1.4383,238
09505800,ifs,3,0.6261,0.7743,0.8248,1.1342,238
09508300,ifs,3,-0.2865,0.3260,0.3419,0.8568,238
09510200,ifs,3,-2.0882,-0.9807,0.1035,2.6971,219
09512280,ifs,3,-0.1121,-0.9563,-0.0413,2.4720,238
09513780,ifs,3,-6.8494,-7.5293,0.1603,9.4872,237
10023000,ifs,3,-14.7962,-0.6549,0.0758,2.2296,238
10166430,ifs,3,-13378.9364,-90.1590,0.5570,72.6961,238
10172700,ifs,3,-29.8177,-0.2674,0.6380,2.0240,238
10172800,ifs,3,-9.8897,-0.8832,0.8062,2.3662,238
10173450,ifs,3,-0.3872,0.3929,0.4154,0.9952,238
10205030,ifs,3,-189.6969,-9.8556,-0.0207,2.3369,238
10234500,ifs,3,-0.0981,-0.2792,-0.0341,0.8578,234
10242000,ifs,3,-29.3367,-3.7018,0.4096,4.4916,238
10244950,ifs,3,-37.4116,-1.5331,0.7075,1.5636,238
10249300,ifs,3,-45.1081,-4.5827,0.5113,4.3295,237
10258000,ifs,3,,,,,66
10258500,ifs,3,0.2074,0.1183,0.4607,0.5875,238
10259000,ifs,3,0.7344,0.7173,0.8728,1.0820,238
10259200,ifs,3,-4.6877,-4.7486,0.7153,6.4864,238
10263500,ifs,3,-0.4873,0.1192,0.8198,1.2651,238
10310500,ifs,3,-1.4235,0.2173,0.8800,1.7530,238
10316500,ifs,3,-0.3555,0.3271,0.6738,1.2431,238
10329500,ifs,3,0.1402,0.3496,0.8768,1.2374,238
10336645,ifs,3,0.4911,0.6535,0.7141,1.0972,224
10336660,ifs,3,0.4954,0.6884,0.7191,1.0116,238
10343500,ifs,3,0.5743,0.4495,0.8609,0.7739,238
10348850,ifs,3,-2.2787,0.0064,0.8170,1.7267,238
10396000,ifs,3,0.4689,0.7152,0.8213,1.1999,238
11098000,ifs,3,-0.2309,0.2741,0.6366,1.4912,238
11124500,ifs,3,-2.7122,-0.9741,0.9019,2.4179,238
11141280,ifs,3,0.5502,0.4609,0.7988,1.0715,238
11143000,ifs,3,0.6974,0.6964,0.8515,1.2533,238
11148900,ifs,3,0.5358,0.2557,0.8427,0.5353,238
11151300,ifs,3,0.5423,0.4000,0.8563,1.0475,238
11162500,ifs,3,0.7015,0.4942,0.8978,0.6961,238
11176400,ifs,3,0.5236,0.2932,0.8036,0.5701,144
11180500,ifs,3,-0.5116,-0.6258,0.8652,2.3074,238
11180960,ifs,3,-0.2799,-0.5811,0.6924,2.4971,238
11224500,ifs,3,0.0009,-0.4956,0.1602,0.1562,238
11253310,ifs,3,0.1233,0.0038,0.3783,0.4804,238
11264500,ifs,3,-0.5249,0.2046,0.2082,0.9373,238
11266500,ifs,3,-0.3569,0.3232,0.3258,1.0586,238
11274500,ifs,3,0.8881,0.8100,0.9452,1.1323,238
11274630,ifs,3,0.5748,0.6864,0.7594,1.0320,238
11284400,ifs,3,0.0122,-0.3552,0.2703,0.1912,238
11299600,ifs,3,0.1809,-0.0135,0.5045,0.5285,235
11381500,ifs,3,0.4045,0.3188,0.7252,0.9933,238
11383500,ifs,3,0.4995,0.4254,0.7622,1.0615,238
11451100,ifs,3,0.3968,0.4834,0.6300,0.9961,106
11468500,ifs,3,0.2924,0.1971,0.6369,0.8323,238
11473900,ifs,3,0.3450,0.2629,0.6676,0.8828,238
11475560,ifs,3,0.4295,0.4314,0.6678,0.9600,238
11476600,ifs,3,0.4745,0.6713,0.7404,1.2017,237
11478500,ifs,3,0.3701,0.3923,0.6149,1.3017,238
11480390,ifs,3,0.3155,0.2559,0.6095,0.9019,238
11481200,ifs,3,0.4433,0.5457,0.6722,1.1741,238
11482500,ifs,3,0.6356,0.5334,0.8264,1.4162,238
11522500,ifs,3,0.1541,0.3811,0.6427,1.5046,238
11523200,ifs,3,-0.3988,0.1075,0.6703,1.7496,238
11528700,ifs,3,0.4788,0.4431,0.7190,1.0963,238
11532500,ifs,3,0.6160,0.7253,0.7911,1.1253,238
12010000,ifs,3,0.5882,0.5217,0.8060,0.7490,238
12013500,ifs,3,0.6873,0.7176,0.8325,0.8976,238
12020000,ifs,3,0.3882,0.3902,0.6653,0.6256,238
12025000,ifs,3,0.7862,0.7358,0.8978,1.0288,238
12025700,ifs,3,0.6645,0.5714,0.8535,0.8120,238
12035000,ifs,3,0.8497,0.8299,0.9269,0.9076,238
12040500,ifs,3,0.7364,0.7142,0.8698,0.8574,238
12041200,ifs,3,0.7240,0.8205,0.8731,0.8732,238
12043000,ifs,3,0.7597,0.6764,0.8962,0.8285,238
12048000,ifs,3,0.5566,0.7288,0.8662,1.2164,238
12054000,ifs,3,0.5269,0.6002,0.8867,1.3073,238
12056500,ifs,3,0.6666,0.7849,0.8671,0.9143,238
12073500,ifs,3,0.5546,0.6716,0.7556,1.0651,237
12082500,ifs,3,0.3595,0.3113,0.6433,0.9834,232
12092000,ifs,3,0.1600,0.1885,0.4064,0.9641,238
12095000,ifs,3,0.5432,0.5117,0.7612,0.8498,238
12114500,ifs,3,0.5087,0.4440,0.7595,1.0512,238
12115000,ifs,3,0.4878,0.4342,0.7388,1.0211,238
12115500,ifs,3,0.4505,0.4116,0.7033,0.8953,238
12117000,ifs,3,0.6018,0.5828,0.7904,0.9934,238
12141300,ifs,3,0.2661,0.2996,0.5197,1.0883,238
12143600,ifs,3,0.3577,0.3411,0.6225,1.1759,234
12144000,ifs,3,0.4599,0.4659,0.6894,1.0061,237
12145500,ifs,3,0.7192,0.6303,0.8745,0.8638,238
12147600,ifs,3,0.2456,0.3531,0.5033,0.9582,238
12167000,ifs,3,0.6662,0.6330,0.8322,1.1531,238
12175500,ifs,3,0.0135,0.5430,0.5683,1.1162,238
12186000,ifs,3,0.3337,0.4954,0.6043,1.1452,235
12189500,ifs,3,0.4126,0.5842,0.7076,1.2477,237
12358500,ifs,3,0.6129,0.7864,0.8368,1.0613,238
12377150,ifs,3,0.5232,0.7586,0.7661,0.9413,238
12381400,ifs,3,0.3167,0.4876,0.8590,1.2358,205
12390700,ifs,3,0.4179,0.6230,0.6972,1.1790,238
12411000,ifs,3,0.7821,0.7473,0.9010,1.1980,227
12414500,ifs,3,0.6610,0.6799,0.8251,0.9028,238
12447390,ifs,3,-0.2088,-0.2512,0.2241,0.3528,238
12451000,ifs,3,0.4545,0.6739,0.8000,1.2160,238
12488500,ifs,3,0.5993,0.7205,0.8023,1.1594,238
13011500,ifs,3,0.7253,0.6218,0.9352,1.2885,238
13011900,ifs,3,0.7957,0.8135,0.9250,0.9582,238
13018300,ifs,3,-0.3897,0.0135,0.9355,1.4726,238
13023000,ifs,3,0.5340,0.7648,0.8070,0.9082,196
13161500,ifs,3,0.6999,0.7225,0.8638,0.7947,238
13235000,ifs,3,0.5844,0.6588,0.7801,0.8923,236
13240000,ifs,3,0.7747,0.8513,0.8808,1.0090,159
13310700,ifs,3,0.5848,0.5014,0.8996,0.6712,238
13313000,ifs,3,0.6924,0.4839,0.9578,0.6431,238
13331500,ifs,3,0.4965,0.5413,0.9004,1.2171,238
13337000,ifs,3,0.6626,0.6937,0.8446,0.8281,238
13338500,ifs,3,0.8040,0.8681,0.9102,1.0947,238
13340000,ifs,3,0.4768,0.6230,0.7447,0.7944,238
13340600,ifs,3,0.5819,0.6081,0.8717,0.7065,238
14020000,ifs,3,0.4338,0.2935,0.7918,0.6933,238
14092750,ifs,3,0.8077,0.8289,0.9064,0.9178,238
14096850,ifs,3,-1.3015,0.3424,0.7875,0.4597,238
14137000,ifs,3,0.7392,0.6957,0.8727,1.0456,233
14138800,ifs,3,0.6364,0.7176,0.7977,0.9959,238
14138870,ifs,3,0.6817,0.8286,0.8433,0.9312,238
14138900,ifs,3,0.4592,0.5131,0.6796,0.9471,238
14139800,ifs,3,0.7270,0.8500,0.8636,0.9378,236
14141500,ifs,3,0.7135,0.8539,0.8585,0.9651,238
14154500,ifs,3,0.7226,0.6637,0.8678,1.0619,238
14158500,ifs,3,0.7655,0.6863,0.9182,1.0833,223
14158790,ifs,3,0.6544,0.6428,0.8189,1.0679,234
14166500,ifs,3,0.4314,0.4201,0.6745,0.9147,238
14182500,ifs,3,0.5400,0.5408,0.7491,0.7959,238
14185000,ifs,3,0.6634,0.6924,0.8170,0.9974,238
14185900,ifs,3,0.6034,0.6745,0.7771,0.9726,235
14187000,ifs,3,0.5659,0.6125,0.7544,1.0343,237
14216500,ifs,3,0.8766,0.8240,0.9428,1.0328,235
14222500,ifs,3,0.8279,0.7837,0.9164,1.0815,238
14236200,ifs,3,0.6829,0.5576,0.8756,0.8283,237
14301000,ifs,3,0.8261,0.8544,0.9092,0.9927,237
14303200,ifs,3,0.7828,0.6424,0.9271,1.0169,238
14305500,ifs,3,0.7723,0.7423,0.8867,1.0164,236
14306340,ifs,3,0.5277,0.4487,0.7705,0.7746,238
14306500,ifs,3,0.7313,0.6720,0.8728,0.9288,238
14308990,ifs,3,0.3803,0.2926,0.7071,0.8866,238
14309500,ifs,3,0.5118,0.4755,0.7383,0.8877,238
14316700,ifs,3,0.6793,0.6023,0.8538,1.0342,238
14325000,ifs,3,0.4979,0.5968,0.7069,0.9264,238
14362250,ifs,3,0.2508,0.0960,0.7205,0.4987,148
14400000,ifs,3,0.6616,0.7593,0.8180,0.8889,238
01013500,ifs,4,0.8912,0.8030,0.9555,0.8553,238
01022500,ifs,4,0.7230,0.6514,0.8729,0.9968,238
01030500,ifs,4,0.7883,0.8085,0.9205,1.0875,238
01031500,ifs,4,0.5648,0.7614,0.7716,1.0400,236
01047000,ifs,4,0.3088,0.6710,0.6906,1.0535,238
01052500,ifs,4,0.4446,0.3974,0.7018,0.7207,238
01054200,ifs,4,0.3012,0.3827,0.5922,0.6351,238
01055000,ifs,4,0.2844,0.6134,0.6193,1.0152,236
01057000,ifs,4,0.6379,0.7654,0.8046,0.9381,236
01073000,ifs,4,0.4526,0.6656,0.8020,1.1459,238
01078000,ifs,4,0.3043,0.3996,0.5951,0.7264,236
01118300,ifs,4,0.2289,0.5042,0.5628,0.8435,236
01121000,ifs,4,0.5275,0.6591,0.7899,1.2667,236
01123000,ifs,4,0.8211,0.8814,0.9068,0.9704,238
01134500,ifs,4,0.6751,0.7550,0.8295,0.8678,236
01137500,ifs,4,0.4804,0.5728,0.7103,0.8168,238
01139000,ifs,4,0.5480,0.7335,0.7606,0.9177,234
01139800,ifs,4,0.7668,0.8432,0.8807,1.0747,238
01142500,ifs,4,0.6052,0.6812,0.7890,0.8677,236
01144000,ifs,4,0.7235,0.8557,0.8671,0.9509,238
01169000,ifs,4,-0.4004,0.3691,0.5678,1.2166,236
01170100,ifs,4,0.3271,0.6805,0.7062,1.0397,237
01181000,ifs,4,0.5458,0.7223,0.7937,1.1753,236
01187300,ifs,4,0.2836,0.5203,0.5849,1.1541,238
01195100,ifs,4,0.2314,0.3915,0.5081,0.9066,238
01333000,ifs,4,0.4620,0.5112,0.6893,0.8610,236
01350000,ifs,4,0.1603,0.1209,0.4181,0.7066,235
01350080,ifs,4,0.6329,0.5045,0.8493,0.7073,238
01350140,ifs,4,0.6174,0.5304,0.8335,0.6250,188
01365000,ifs,4,0.6400,0.5989,0.8196,0.8763,236
01411300,ifs,4,0.0042,0.1729,0.3390,1.2442,229
01413500,ifs,4,0.4913,0.4302,0.7526,0.7889,236
01414500,ifs,4,0.1147,0.0617,0.4366,0.5765,236
01415000,ifs,4,0.3198,0.2608,0.6841,0.6264,193
01423000,ifs,4,0.4627,0.3890,0.7667,0.7212,238
01434025,ifs,4,0.4102,0.5911,0.6965,0.7433,238
01435000,ifs,4,0.6005,0.5717,0.7923,0.9170,237
01439500,ifs,4,0.6012,0.6276,0.8064,0.8136,236
01440000,ifs,4,0.4893,0.6338,0.7053,0.9588,238
01440400,ifs,4,0.7021,0.7684,0.8380,0.9857,212
01451800,ifs,4,0.2759,0.4149,0.5365,1.0277,236
01466500,ifs,4,-2.2173,-0.5529,0.8368,1.0065,236
01484100,ifs,4,-0.0519,0.4737,0.5672,1.2955,238
01485500,ifs,4,-4.9333,-0.9678,0.3819,2.3139,233
01486000,ifs,4,-4.1083,-0.5922,0.3056,1.8909,238
01487000,ifs,4,0.4754,0.7380,0.7819,1.0677,238
01491000,ifs,4,0.6280,0.5157,0.8516,0.9364,238
01510000,ifs,4,0.6209,0.6506,0.7918,0.9349,238
01516500,ifs,4,0.2275,0.1229,0.6132,0.5477,238
01518862,ifs,4,0.2701,0.2709,0.6088,0.6151,238
01532000,ifs,4,0.4134,0.6317,0.6755,0.8954,236
01539000,ifs,4,0.1463,0.5308,0.5521,0.8805,220
01542810,ifs,4,0.2792,0.2571,0.5772,0.7248,236
01543000,ifs,4,0.3449,0.4402,0.6346,0.7421,238
01543500,ifs,4,0.4181,0.4581,0.7053,0.7383,236
01544500,ifs,4,0.4385,0.4019,0.7941,0.6197,238
01545600,ifs,4,0.4430,0.3393,0.8182,0.6156,238
01547700,ifs,4,0.0430,-0.0424,0.2512,0.7402,238
01548500,ifs,4,0.3351,0.2710,0.7563,0.5815,236
01549500,ifs,4,0.4947,0.3949,0.8206,0.6459,236
01550000,ifs,4,0.3790,0.3756,0.7086,0.6511,236
01552000,ifs,4,0.3128,0.4343,0.6060,0.7737,238
01552500,ifs,4,0.4049,0.5446,0.6683,0.8105,238
01557500,ifs,4,0.1537,0.3313,0.4391,0.9830,238
01567500,ifs,4,0.1684,0.1730,0.4105,0.9890,238
01568000,ifs,4,0.3651,0.3569,0.6221,1.0579,238
01580000,ifs,4,0.1154,0.2470,0.3972,0.9097,234
01583500,ifs,4,0.0771,0.2819,0.4060,0.8472,238
01586610,ifs,4,0.2478,0.4339,0.5625,0.8080,204
01591400,ifs,4,0.1641,0.2234,0.4134,0.9794,238
01596500,ifs,4,0.1759,0.2194,0.4575,0.7125,236
01605500,ifs,4,0.2998,0.4733,0.5737,1.1038,236
01606500,ifs,4,0.4521,0.4870,0.7002,0.7643,211
01613050,ifs,4,0.2573,0.4045,0.5240,1.0604,238
01620500,ifs,4,0.2811,0.2567,0.6343,0.5119,236
01632000,ifs,4,0.3276,0.5457,0.6008,0.9945,236
01632900,ifs,4,0.2284,0.6001,0.6024,1.0282,236
01634500,ifs,4,0.1692,0.3194,0.4444,0.9519,221
01638480,ifs,4,-2.0799,-0.2783,0.3342,1.9423,233
01639500,ifs,4,0.3790,0.4556,0.6196,1.0859,238
01644000,ifs,4,-0.9009,-0.0350,0.4902,1.8866,238
01658500,ifs,4,-1.0071,0.1213,0.1914,1.2814,207
01664000,ifs,4,0.3114,0.4610,0.5696,0.9613,238
01666500,ifs,4,0.1115,0.4498,0.5054,1.1781,223
01667500,ifs,4,-0.0050,0.5053,0.5301,1.1509,216
01669000,ifs,4,0.2111,0.5428,0.5710,1.1049,213
01669520,ifs,4,-2.0558,-0.2335,0.7113,1.7948,236
02011400,ifs,4,0.4260,0.6438,0.6820,1.0907,238
02011460,ifs,4,0.3312,0.4109,0.5983,0.7585,238
02013000,ifs,4,0.1718,0.3611,0.4600,1.0184,238
02014000,ifs,4,-0.3970,0.3694,0.3803,0.9917,237
02015700,ifs,4,0.5823,0.6710,0.7634,0.9751,220
02016000,ifs,4,0.6654,0.6360,0.8318,0.8265,237
02017500,ifs,4,-0.3504,0.3970,0.6029,1.0941,236
02018000,ifs,4,0.0110,0.5549,0.6116,1.0425,231
02027000,ifs,4,0.1954,0.5719,0.7023,0.7692,218
02027500,ifs,4,0.5347,0.5490,0.8163,0.6187,221
02028500,ifs,4,0.2351,0.5295,0.5855,0.8263,213
02038850,ifs,4,-0.8575,0.2353,0.2942,0.8575,236
02046000,ifs,4,0.3003,0.4407,0.6803,1.4564,228
02051000,ifs,4,-0.9723,0.1610,0.1928,1.1174,238
02051500,ifs,4,0.1230,0.4104,0.4861,1.2082,236
02053200,ifs,4,0.0187,0.3075,0.6527,1.5772,210
02053800,ifs,4,-0.4746,0.3029,0.3130,0.8999,219
02055100,ifs,4,-0.0626,0.4978,0.5107,1.0876,236
02056900,ifs,4,-1.5734,0.0738,0.3702,0.9311,212
02059500,ifs,4,-1.3150,0.1347,0.3953,0.8105,207
02064000,ifs,4,-0.7477,0.2410,0.3115,0.7619,226
02065500,ifs,4,-0.0241,0.3883,0.5202,0.6351,236
02069700,ifs,4,-0.7572,0.2769,0.3534,1.2035,210
02070000,ifs,4,-0.9152,0.2309,0.3216,1.1940,236
02074500,ifs,4,-0.7315,0.3018,0.4119,1.1262,238
02077200,ifs,4,0.4224,0.6308,0.8113,1.1253,233
02081500,ifs,4,-0.1637,0.1936,0.2758,1.2566,238
02082950,ifs,4,-1.2194,-0.0626,0.5427,1.6632,238
02092500,ifs,4,-6.3445,-1.1754,0.1838,2.2752,238
02096846,ifs,4,-0.5642,0.0537,0.1413,1.3833,238
02102908,ifs,4,0.0094,0.5261,0.5295,0.9729,238
02108000,ifs,4,0.5005,0.7082,0.7428,1.1262,238
02111180,ifs,4,-0.0783,0.0845,0.2039,1.0305,238
02111500,ifs,4,-0.3046,0.2423,0.2567,0.9538,236
02118500,ifs,4,-0.3231,0.4353,0.4865,1.0434,238
02128000,ifs,4,-24.5240,-3.9050,0.2386,3.5832,238
02137727,ifs,4,-0.0363,0.2650,0.3280,0.9682,238
02140991,ifs,4,-0.1030,0.2458,0.3083,1.1168,238
02143000,ifs,4,-0.7669,0.3394,0.4869,1.2411,238
02143040,ifs,4,-0.8190,0.2770,0.3574,0.9407,236
02149000,ifs,4,-0.0083,0.1356,0.2658,1.0304,238
02152100,ifs,4,-0.2231,0.3100,0.3191,1.0104,238
02177000,ifs,4,0.0051,0.1660,0.2920,1.0488,236
02178400,ifs,4,0.3394,0.5325,0.6099,0.9485,236
02193340,ifs,4,-4.0607,-0.5223,0.1566,1.5248,238
02196000,ifs,4,-0.0032,-0.1610,0.2136,0.4712,238
02198100,ifs,4,0.1815,0.1376,0.4627,1.2700,237
02202600,ifs,4,-1.9395,-0.2631,0.1933,1.8728,238
02212600,ifs,4,-0.0285,0.1723,0.2773,1.0627,236
02215100,ifs,4,0.1973,0.2006,0.4631,0.7544,238
02216180,ifs,4,-0.0394,-0.3632,0.0363,0.4908,236
02221525,ifs,4,-0.0810,0.3556,0.3847,1.1209,236
02231000,ifs,4,-2.3082,-0.3557,0.3838,1.8805,238
02231342,ifs,4,-0.6386,0.0848,0.6619,1.6500,238
02235200,ifs,4,-0.5638,0.3477,0.4282,1.2402,237
02245500,ifs,4,-2.0094,-0.1453,0.5396,1.2596,238
02246000,ifs,4,-1.2934,0.1310,0.4443,0.8752,236
02296500,ifs,4,0.0042,-0.3863,0.8144,2.3437,227
02297155,ifs,4,0.0656,-0.1167,0.6286,0.3022,237
02297310,ifs,4,0.5407,0.5603,0.7480,0.7873,228
02298123,ifs,4,0.4764,0.3464,0.7645,0.6087,238
02298608,ifs,4,0.1958,0.4797,0.6782,1.4004,238
02299950,ifs,4,-0.1817,0.2802,0.3400,0.7475,238
02300700,ifs,4,0.2840,0.1111,0.6940,0.5313,238
02310947,ifs,4,-0.7426,-2.0505,-0.2943,3.6697,238
02312200,ifs,4,-19.8896,-4.2071,0.2768,6.1456,238
02314500,ifs,4,-0.3272,-0.5267,-0.2255,0.5629,238
02315500,ifs,4,-0.3296,-0.6564,-0.2882,0.4431,238
02324400,ifs,4,-0.2052,-1.0284,-0.5320,0.1148,238
02327100,ifs,4,-2.8126,-1.0163,0.6830,2.6059,236
02349900,ifs,4,0.3538,0.3076,0.6358,1.0105,238
02350900,ifs,4,0.2553,0.4215,0.7313,0.6651,238
02361000,ifs,4,0.3382,0.4345,0.7047,0.6772,238
02363000,ifs,4,0.1947,0.0172,0.7274,0.3866,236
02369800,ifs,4,0.1175,-0.0794,0.5545,0.4942,237
02371500,ifs,4,0.2282,0.1226,0.5809,0.7769,238
02372250,ifs,4,0.3246,0.2425,0.6478,0.8534,236
02374500,ifs,4,0.2789,0.2397,0.5786,0.7753,238
02381600,ifs,4,-0.0828,0.1558,0.2454,1.0293,237
02384540,ifs,4,0.0516,0.1118,0.3599,0.7493,238
02395120,ifs,4,-0.5871,0.2977,0.3115,0.9991,238
02408540,ifs,4,0.1004,0.4039,0.4503,0.9849,238
02415000,ifs,4,0.1209,0.3406,0.4268,1.0103,228
02422500,ifs,4,0.1037,0.4961,0.5435,1.1943,221
02427250,ifs,4,0.4586,0.6750,0.7451,1.1962,238
02430085,ifs,4,-0.1718,0.3080,0.3521,1.2111,238
02450250,ifs,4,0.3125,0.4267,0.5632,1.0262,236
02464000,ifs,4,0.2059,0.5340,0.5532,0.9788,238
02465493,ifs,4,0.3352,0.5312,0.6136,1.1196,235
02469800,ifs,4,0.2803,0.2530,0.5973,0.5893,236
02472000,ifs,4,0.7387,0.6774,0.8687,0.7607,238
02472500,ifs,4,0.1046,0.5270,0.6710,0.7574,238
02479155,ifs,4,0.0934,-0.1186,0.3837,0.5158,238
02479300,ifs,4,0.2701,0.1229,0.5791,0.5499,238
02481000,ifs,4,0.0618,-0.2813,0.4706,0.1928,238
02481510,ifs,4,0.1654,-0.0903,0.6260,0.3272,238
03010655,ifs,4,0.4979,0.4209,0.8177,0.6572,209
03011800,ifs,4,0.2392,0.3689,0.5613,0.7530,238
03015500,ifs,4,0.5250,0.7106,0.7428,0.9243,238
03021350,ifs,4,0.2740,0.6266,0.6495,0.8734,236
03026500,ifs,4,0.3212,0.4065,0.5959,0.7978,238
03028000,ifs,4,0.3283,0.4786,0.6884,0.6838,236
03049800,ifs,4,0.0653,0.0555,0.3393,0.6707,236
03050000,ifs,4,0.1473,0.4361,0.4932,0.8693,236
03066000,ifs,4,0.4677,0.5560,0.7041,0.8006,238
03069500,ifs,4,0.3897,0.4955,0.6563,0.7547,236
03070500,ifs,4,-0.6925,0.3049,0.4872,1.1672,236
03076600,ifs,4,0.0393,0.2594,0.4191,0.6715,238
03078000,ifs,4,-0.0198,0.1736,0.3301,0.6956,238
03140000,ifs,4,0.1327,0.1170,0.3691,0.8704,236
03144000,ifs,4,0.3595,0.3951,0.6038,0.9005,238
03159540,ifs,4,0.1923,0.4652,0.5173,0.9102,238
03161000,ifs,4,-0.2314,0.2723,0.3001,0.8858,238
03164000,ifs,4,0.0874,0.5853,0.6241,0.8768,238
03165000,ifs,4,-0.6902,0.1324,0.1382,0.9032,221
03170000,ifs,4,-0.6255,0.3080,0.3448,0.8968,238
03173000,ifs,4,-0.0352,0.4911,0.5118,0.8642,236
03180500,ifs,4,0.4025,0.3963,0.6594,0.7479,222
03182500,ifs,4,0.4173,0.5684,0.6628,0.8489,236
03186500,ifs,4,0.3803,0.5303,0.6327,0.8684,236
03187500,ifs,4,0.2749,0.6275,0.6427,0.8946,235
03213700,ifs,4,0.0546,0.5357,0.5412,1.0677,238
03237280,ifs,4,0.1927,0.2292,0.4670,0.6828,238
03237500,ifs,4,0.4907,0.6100,0.7020,0.9964,236
03241500,ifs,4,0.1565,0.1793,0.4311,0.6956,225
03280700,ifs,4,-1.6496,0.0476,0.2713,0.7879,213
03281100,ifs,4,-1.2897,0.1340,0.3814,0.7967,236
03281500,ifs,4,-0.0871,0.4167,0.4862,0.7245,223
03285000,ifs,4,-0.3933,0.1137,0.2701,1.4948,235
03291780,ifs,4,0.0064,0.0575,0.2443,0.8130,238
03300400,ifs,4,0.0974,0.0178,0.3272,0.7559,238
03340800,ifs,4,-0.7651,0.1788,0.1868,1.0829,190
03346000,ifs,4,0.0780,0.4603,0.5048,0.8029,238
03364500,ifs,4,0.1139,-0.0288,0.3900,0.5624,238
03366500,ifs,4,0.1120,0.1204,0.3786,0.6380,238
03368000,ifs,4,-0.0119,-0.1005,0.1932,0.5883,238
03384450,ifs,4,0.0590,-0.1821,0.2717,0.4875,238
03439000,ifs,4,-0.1736,-0.1344,0.1241,0.6682,236
03450000,ifs,4,0.0110,-0.0320,0.2444,0.8057,238
03455500,ifs,4,-0.3650,0.1058,0.2353,0.6657,236
03456500,ifs,4,-0.0464,0.1750,0.3035,0.8179,236
03460000,ifs,4,-0.2390,0.4071,0.6150,0.6330,238
03463300,ifs,4,0.2661,0.5670,0.5882,0.9720,238
03471500,ifs,4,0.0149,0.4783,0.7470,0.7583,236
03473000,ifs,4,-0.4771,0.3599,0.5949,0.7728,238
03479000,ifs,4,-1.1382,0.1908,0.3068,0.9432,236
03488000,ifs,4,-0.9002,0.2392,0.4041,0.7699,238
03498500,ifs,4,-0.3319,0.3905,0.4370,0.7906,238
03500000,ifs,4,0.1348,0.5715,0.6380,0.8184,236
03504000,ifs,4,-0.2366,0.4131,0.4388,0.8466,236
03574500,ifs,4,0.1343,0.0478,0.4423,0.5781,238
03604000,ifs,4,-0.1533,-0.1875,0.0121,0.8033,236
04015330,ifs,4,0.2298,0.1299,0.5048,0.5675,197
04024430,ifs,4,0.5194,0.4915,0.7517,0.6557,238
04027000,ifs,4,0.4465,0.4253,0.6942,0.7154,238
04040500,ifs,4,0.8310,0.7634,0.9199,0.8867,238
04043050,ifs,4,0.7591,0.8128,0.8739,0.9018,182
04045500,ifs,4,0.8911,0.7789,0.9608,0.7973,234
04056500,ifs,4,0.4990,0.4223,0.7958,0.7061,229
04057510,ifs,4,0.8539,0.6658,0.9627,0.7693,158
04057800,ifs,4,0.7786,0.5874,0.9164,0.7048,238
04059500,ifs,4,0.8339,0.7912,0.9201,0.9834,238
04063700,ifs,4,0.7779,0.5473,0.9358,0.6418,238
04074950,ifs,4,0.6549,0.5463,0.9129,0.7577,238
04105700,ifs,4,0.5574,0.5682,0.7710,0.9266,238
04115265,ifs,4,0.4127,0.4468,0.6465,1.0031,238
04122200,ifs,4,0.5583,0.5614,0.7722,0.8763,238
04122500,ifs,4,0.7897,0.7737,0.9012,0.9309,236
04124000,ifs,4,0.8452,0.7837,0.9298,1.0203,238
04127997,ifs,4,0.4809,0.4507,0.7380,0.9202,201
04185000,ifs,4,0.6134,0.6670,0.7871,0.8789,215
04196800,ifs,4,0.3181,0.5326,0.5968,0.8967,238
04197100,ifs,4,0.4213,0.4804,0.6500,1.0278,238
04197170,ifs,4,0.3613,0.3606,0.6081,0.7666,238
04213000,ifs,4,-0.1430,0.4693,0.6200,1.1544,236
04213075,ifs,4,0.0732,0.3649,0.4213,0.9538,234
04216418,ifs,4,0.3810,0.6171,0.6607,1.1308,238
04221000,ifs,4,0.1442,0.1760,0.5837,0.5398,238
04224775,ifs,4,0.1803,0.2249,0.5127,0.6172,236
04256000,ifs,4,0.6864,0.7857,0.8559,1.1536,236
04296000,ifs,4,0.4489,0.5656,0.6909,0.8244,236
05057000,ifs,4,-1.1333,0.0734,0.6071,0.4976,160
05057200,ifs,4,0.4892,0.7003,0.7236,1.0546,237
05062500,ifs,4,0.6464,0.6918,0.8077,0.9177,199
05087500,ifs,4,0.3836,0.4773,0.6201,0.9579,238
05120500,ifs,4,-9.9979,-1.4851,-0.0521,3.1904,210
05123400,ifs,4,-0.3916,-0.6523,-0.0184,0.1576,238
05129115,ifs,4,-0.8334,-0.8962,-0.2632,0.0000,238
05131500,ifs,4,0.0315,-0.0624,0.6230,0.4099,142
05291000,ifs,4,0.0738,0.2158,0.4451,0.6376,238
05362000,ifs,4,0.5865,0.6775,0.7802,0.8133,237
05393500,ifs,4,0.4480,0.5894,0.6841,0.8459,238
05399500,ifs,4,0.2832,0.5464,0.5895,0.8930,236
05408000,ifs,4,0.0888,0.1608,0.3571,0.8680,237
05412500,ifs,4,0.3103,0.3773,0.6698,0.6851,238
05413500,ifs,4,-0.0734,0.2880,0.4408,0.7662,208
05414000,ifs,4,0.0322,0.2113,0.6788,0.6120,204
05444000,ifs,4,-0.1257,0.1813,0.3233,0.6780,236
05454000,ifs,4,-0.1385,0.4494,0.5036,0.7870,238
05458000,ifs,4,0.0198,0.0966,0.2954,0.7393,238
05466500,ifs,4,0.0924,0.3379,0.4208,0.8779,236
05487980,ifs,4,-0.4024,0.1652,0.1915,0.8533,236
05488200,ifs,4,-0.2550,0.0833,0.2065,0.6225,236
05489000,ifs,4,-0.4673,0.0060,0.0963,0.6496,236
05495000,ifs,4,-2.9179,-0.4679,0.3493,1.7781,236
05495500,ifs,4,0.0532,0.3026,0.4252,0.6813,232
05501000,ifs,4,-0.0757,-0.0298,0.1714,0.6707,236
05503800,ifs,4,-0.0201,0.2785,0.3433,0.9129,238
05507600,ifs,4,-0.7714,0.2399,0.4118,1.2978,238
05508805,ifs,4,-0.4966,0.1774,0.4694,1.5591,236
05514500,ifs,4,0.1489,0.2327,0.4104,0.8379,236
05525500,ifs,4,-0.0203,0.3780,0.4167,1.1562,236
05556500,ifs,4,0.0205,0.1055,0.3720,0.5357,238
05584500,ifs,4,-0.3479,0.3427,0.3720,0.8162,236
05585000,ifs,4,0.1410,0.5060,0.5704,0.7577,238
05591550,ifs,4,-1.1089,0.1290,0.1851,1.1769,236
05592050,ifs,4,-0.4138,0.2602,0.2630,1.0492,222
05592575,ifs,4,-0.5527,0.2615,0.2657,0.9434,236
05593575,ifs,4,-0.5275,0.1270,0.3337,1.5510,238
05593900,ifs,4,-1.2656,0.0637,0.2256,1.3764,236
05595730,ifs,4,-0.3100,0.3501,0.4403,1.2965,238
06037500,ifs,4,-2.1659,0.4165,0.8529,1.2857,238
06043500,ifs,4,0.4084,0.3989,0.9580,1.3192,238
06154410,ifs,4,-0.0047,0.1964,0.3379,0.7407,238
06188000,ifs,4,0.8345,0.8791,0.9287,0.9757,238
06191500,ifs,4,0.7305,0.6818,0.9367,1.1076,238
06221400,ifs,4,0.8224,0.8462,0.9293,1.0611,238
06224000,ifs,4,0.7140,0.8482,0.8581,1.0535,238
06289000,ifs,4,0.3290,0.5971,0.6667,0.8441,238
06332515,ifs,4,0.2557,0.1898,0.5344,0.7275,118
06339100,ifs,4,-0.9498,0.0208,0.3076,1.6283,174
06339500,ifs,4,-0.2087,0.0793,0.5353,0.3008,167
06344600,ifs,4,-5.2367,-1.9401,0.2100,3.7047,177
06350000,ifs,4,-17.1546,-2.5420,0.1793,2.4977,238
06352000,ifs,4,-0.0133,-0.1015,0.5123,1.3304,237
06353000,ifs,4,-0.0034,-0.1150,0.5136,0.8052,236
06354000,ifs,4,0.3838,0.2894,0.8423,0.4780,173
06360500,ifs,4,0.1204,0.1396,0.5277,1.5409,139
06404000,ifs,4,-13.1481,-1.7503,-0.1445,1.7307,205
06406000,ifs,4,-166.0350,-3.7683,0.9001,5.7225,180
06408700,ifs,4,-1638.6588,-3.9886,0.1952,1.5102,238
06409000,ifs,4,-1.3076,0.6206,0.8774,1.2527,193
06431500,ifs,4,-1.0314,0.4429,0.4550,1.0908,227
06440200,ifs,4,-2.4089,-0.3151,0.5844,0.8862,160
06441500,ifs,4,-74.9755,-7.4394,-0.0445,4.8797,177
06447000,ifs,4,-0.0310,-0.1530,0.1546,0.5915,140
06447500,ifs,4,-0.1021,-0.1188,0.3901,0.6973,238
06450500,ifs,4,0.0454,-0.1173,0.3132,1.0534,208
06452000,ifs,4,0.0067,-0.3039,0.1298,1.0035,175
06453600,ifs,4,-2.9437,-0.4208,0.3147,1.8656,235
06464500,ifs,4,-1.8318,0.0173,0.1721,1.2338,175
06477500,ifs,4,-117.5723,-10.2855,0.2739,6.7768,237
06479215,ifs,4,-0.2432,-0.2121,-0.0094,0.6389,238
06479438,ifs,4,-0.1274,-0.4783,0.0738,0.2342,238
06601000,ifs,4,-0.2571,-0.1463,-0.0026,0.8419,238
06614800,ifs,4,0.7850,0.6209,0.9390,1.3453,238
06622700,ifs,4,-0.3140,0.1511,0.7620,1.6217,238
06623800,ifs,4,0.8200,0.9067,0.9121,0.9749,238
06632400,ifs,4,-0.3112,0.3230,0.4641,1.3927,238
06784000,ifs,4,-1.4995,0.1983,0.2901,1.3724,238
06803510,ifs,4,-0.0084,-0.3444,0.0674,0.5766,238
06803530,ifs,4,-0.1124,-0.2070,0.0134,0.7831,238
06814000,ifs,4,-0.4377,-0.0216,0.0582,0.7217,238
06846500,ifs,4,-0.0095,-0.4721,-0.0592,1.3790,238
06847900,ifs,4,-0.0588,-0.2294,0.0672,1.3359,238
06853800,ifs,4,-0.2891,-0.3467,0.0810,1.7233,238
06876700,ifs,4,0.1820,0.4764,0.5635,0.7243,238
06878000,ifs,4,-0.7137,-0.0083,0.0688,0.6242,238
06879650,ifs,4,-0.0515,-0.1586,0.1642,0.4844,237
06885500,ifs,4,-0.2283,-0.2229,0.0246,0.4849,238
06888500,ifs,4,-0.0367,-0.3646,0.0794,0.3925,238
06889200,ifs,4,-0.2374,-0.1015,0.0539,0.6795,238
06889500,ifs,4,-0.4802,0.0409,0.0783,0.8602,238
06892000,ifs,4,-4.6973,-0.5440,0.0401,1.0648,238
06903400,ifs,4,-0.1505,-0.1200,0.1650,0.4078,238
06906800,ifs,4,-0.3153,0.0957,0.1917,0.6622,238
06910800,ifs,4,-0.1556,-0.1857,0.0546,0.5689,238
06911900,ifs,4,-0.2690,-0.1356,0.0524,0.5583,238
06917000,ifs,4,0.0704,0.1444,0.3789,0.5716,238
06918460,ifs,4,0.2195,0.4562,0.5227,1.0713,238
06919500,ifs,4,-0.1050,0.3822,0.4438,0.7321,238
06921070,ifs,4,-0.0959,0.2981,0.3612,0.7659,238
06921200,ifs,4,-0.0052,-0.0419,0.2943,0.4082,238
06934000,ifs,4,0.1232,0.3991,0.5019,0.7462,237
07014500,ifs,4,-0.0173,-0.2368,0.1520,0.6002,238
07056000,ifs,4,0.0769,0.2454,0.3818,0.7912,238
07057500,ifs,4,0.3227,0.5423,0.6178,0.8586,230
07060710,ifs,4,-0.0001,-0.3952,0.0261,1.0505,238
07066000,ifs,4,-0.0891,0.0693,0.2246,0.7898,238
07067000,ifs,4,-0.2157,0.1314,0.4338,0.5415,238
07068000,ifs,4,-0.1231,0.0910,0.3109,0.7443,237
07071500,ifs,4,-0.5162,0.1850,0.2643,0.7866,238
07083000,ifs,4,-1.5399,-0.3930,0.8864,1.7594,238
07142300,ifs,4,-8.2276,-5.1440,0.0412,6.9991,238
07145700,ifs,4,0.1211,-0.2427,0.5042,0.2228,238
07148400,ifs,4,-0.3797,0.2366,0.8280,1.4718,238
07149000,ifs,4,0.1716,0.4902,0.7574,1.4431,238
07151500,ifs,4,0.1584,-0.0672,0.5908,0.4583,238
07167500,ifs,4,0.3187,0.0365,0.6689,1.6041,238
07180500,ifs,4,0.0179,-0.1991,0.2002,0.5549,238
07184000,ifs,4,0.1093,-0.0778,0.3630,0.4170,236
07195800,ifs,4,-2.1947,-0.0635,0.1618,1.0646,236
07196900,ifs,4,0.0617,0.0702,0.2813,0.9522,237
07197000,ifs,4,0.3271,0.4350,0.5757,0.9445,238
07208500,ifs,4,0.0990,0.5253,0.7368,1.0720,238
07226500,ifs,4,-0.0100,-0.5653,0.0381,0.2164,236
07261000,ifs,4,0.1518,0.2155,0.4323,1.2972,236
07263295,ifs,4,-0.2500,-0.9722,0.1880,2.7274,236
07290650,ifs,4,-0.6813,0.2486,0.2934,0.8016,238
07291000,ifs,4,-0.1480,0.0268,0.2950,0.4361,238
07292500,ifs,4,0.0497,0.2991,0.3879,0.8506,238
07295000,ifs,4,0.2243,0.2425,0.4902,0.6917,238
07299670,ifs,4,-0.1663,-0.2512,0.0690,1.6219,228
07301410,ifs,4,-0.3174,-0.2748,-0.0990,0.7414,227
07301500,ifs,4,-0.1814,-0.5733,0.0310,1.7705,200
07315200,ifs,4,-0.9247,-0.0389,0.1168,1.5415,161
07315700,ifs,4,-1.9908,-0.3875,0.1361,1.9452,218
07335700,ifs,4,0.0001,-0.2293,0.2710,0.4051,229
07340300,ifs,4,0.1446,0.1888,0.4267,0.7074,238
07346045,ifs,4,-1.3116,0.0250,0.2048,0.4648,238
07359610,ifs,4,-0.0788,0.0072,0.2443,1.4350,238
07362100,ifs,4,-0.7796,-0.0201,0.5381,1.8042,238
07362587,ifs,4,-0.0342,-0.2280,0.3240,1.9326,236
07373000,ifs,4,-18.9339,-2.5243,0.0394,0.9977,234
07375000,ifs,4,-0.0611,-0.0729,0.2219,0.4790,238
07376000,ifs,4,0.1799,0.5432,0.5920,0.7953,238
08013000,ifs,4,0.4687,0.3969,0.7265,0.7027,238
08014500,ifs,4,0.3146,0.2078,0.6739,0.5982,238
08023080,ifs,4,-0.6358,-0.4707,-0.0697,1.9602,238
08025500,ifs,4,-0.2932,0.1294,0.1721,1.0696,238
08029500,ifs,4,-1.2955,0.0177,0.1455,1.4068,238
08050800,ifs,4,0.0395,-0.2159,0.2535,0.5771,237
08066200,ifs,4,-0.0514,-0.3711,0.0251,0.4283,238
08066300,ifs,4,-0.0525,-0.4301,0.0542,0.2650,238
08070000,ifs,4,-2.0571,-0.2286,0.4516,1.6038,238
08070200,ifs,4,-0.2721,0.4117,0.4182,1.0118,238
08079600,ifs,4,-18.5187,-6.1434,0.1408,7.2595,194
08082700,ifs,4,-0.0237,-0.4097,-0.0267,0.6021,224
08086212,ifs,4,-0.0396,-0.2043,0.0641,1.2123,238
08086290,ifs,4,-0.7025,-0.7596,0.0922,2.5056,238
08101000,ifs,4,-11.4808,-2.0183,0.2916,2.2728,238
08103900,ifs,4,0.0543,0.0871,0.2974,0.7642,238
08104900,ifs,4,-0.1586,-0.2527,0.0523,0.4533,238
08109700,ifs,4,-0.0524,0.3895,0.5126,1.3616,222
08150800,ifs,4,-0.0471,-0.3198,0.0149,0.5806,238
08155200,ifs,4,-0.9235,-0.9544,0.1392,2.7541,238
08158700,ifs,4,-5.2337,-8.1854,0.1220,10.0927,238
08158810,ifs,4,-0.3120,0.0476,0.1136,1.1414,238
08164000,ifs,4,-2.2587,-0.5174,0.2288,2.0916,238
08164300,ifs,4,-0.2453,-0.0226,0.0760,1.1125,235
08164600,ifs,4,-20.6027,-5.9196,0.1646,6.8530,238
08165300,ifs,4,-0.0068,-0.3867,-0.0155,0.8688,238
08171300,ifs,4,-23.8125,-31.1752,0.1011,33.0452,238
08175000,ifs,4,0.0461,0.1413,0.4103,0.4492,238
08176900,ifs,4,-15.2294,-7.3752,0.5091,8.7568,238
08178880,ifs,4,-0.0306,-0.3979,0.1148,0.2931,238
08189500,ifs,4,-1.5257,0.0390,0.2559,1.3256,238
08190000,ifs,4,-0.0133,-0.2603,0.0677,0.7364,238
08190500,ifs,4,0.6410,-0.1303,0.9362,2.0950,232
08194200,ifs,4,-0.0455,-0.2192,0.1043,0.5206,238
08195000,ifs,4,0.0227,-0.2888,0.1765,0.5280,238
08196000,ifs,4,-0.1275,0.0673,0.2947,1.5482,226
08198500,ifs,4,0.0100,-0.4314,0.1561,0.3053,238
08200000,ifs,4,-0.0157,-0.1939,0.1689,0.4565,238
08202700,ifs,4,-0.0061,-0.5119,0.0772,0.1663,237
08267500,ifs,4,-21.6135,-2.2232,0.6953,2.6274,238
08269000,ifs,4,-3.3565,-0.3355,0.7092,1.6940,238
08271000,ifs,4,-43.6490,-4.1058,0.7711,2.4505,238
08324000,ifs,4,0.1910,0.6089,0.7095,1.1323,238
08377900,ifs,4,-3.5262,-0.4044,0.4950,1.3368,238
08378500,ifs,4,-5.3457,-0.8719,0.5956,1.2980,230
08380500,ifs,4,-2.3606,-0.0967,0.5082,1.6536,238
09034900,ifs,4,0.1823,0.2338,0.8791,1.5682,234
09035900,ifs,4,0.5570,0.7502,0.8245,1.0868,204
09047700,ifs,4,-4.3585,-0.9160,0.8873,1.4048,236
09065500,ifs,4,0.7360,0.6616,0.9399,1.1304,238
09066000,ifs,4,-0.8739,0.1892,0.5909,1.1560,238
09066200,ifs,4,0.7192,0.6526,0.9279,1.2139,238
09066300,ifs,4,-0.3480,0.0035,0.8054,1.7859,238
09081600,ifs,4,0.1375,0.6030,0.6233,1.0169,238
09107000,ifs,4,-1.1106,0.0171,0.7035,1.2530,237
09210500,ifs,4,-1.4229,0.0959,0.7328,1.5451,211
09223000,ifs,4,-2.7918,-0.5497,0.8794,1.9790,177
09306242,ifs,4,-451.0868,-4.1203,0.8582,5.9645,236
09312600,ifs,4,-2.1279,-0.6138,0.4850,2.3900,238
09352900,ifs,4,-0.6218,0.2951,0.5674,1.2875,208
09378170,ifs,4,0.2543,0.2620,0.5412,1.3212,238
09378630,ifs,4,,,,,238
09386900,ifs,4,-1.5554,-0.1662,0.0139,1.5828,238
09404450,ifs,4,0.7063,0.7522,0.8542,0.9255,238
09430500,ifs,4,-1.0274,0.1039,0.5673,0.2571,238
09430600,ifs,4,-0.8480,0.0826,0.4546,0.3688,238
09447800,ifs,4,-2.3741,-0.6359,0.0684,2.0608,238
09480000,ifs,4,-0.6221,-4.4140,-0.0390,6.2996,238
09484000,ifs,4,-1.1104,-0.8583,0.1444,2.6452,213
09484600,ifs,4,-1.2214,-1.9078,0.1393,3.7733,237
09492400,ifs,4,-1.1825,0.1198,0.7591,1.6796,236
09494000,ifs,4,0.3375,0.6618,0.6660,1.0501,238
09497800,ifs,4,-0.1399,-0.6428,-0.2339,1.6233,238
09497980,ifs,4,-0.3549,0.1086,0.1446,0.9385,210
09505200,ifs,4,0.6470,0.7329,0.8084,1.1310,238
09505350,ifs,4,0.6345,0.5029,0.8052,1.4413,238
09505800,ifs,4,0.5150,0.7060,0.7867,1.1779,238
09508300,ifs,4,-0.6928,0.3124,0.3780,0.9751,238
09510200,ifs,4,-3.4307,-1.3257,0.0850,2.9512,219
09512280,ifs,4,-0.5241,-1.0120,-0.0162,2.7059,238
09513780,ifs,4,-212.9079,-17.2704,0.0047,13.6946,237
10023000,ifs,4,-14.7820,-0.6555,0.0756,2.2283,238
10166430,ifs,4,-13391.5698,-90.2047,0.5573,72.7269,238
10172700,ifs,4,-29.8136,-0.2650,0.6388,2.0241,238
10172800,ifs,4,-9.9607,-0.8937,0.8068,2.3693,238
10173450,ifs,4,-0.3862,0.3932,0.4156,0.9950,238
10205030,ifs,4,-189.9826,-9.8577,-0.0204,2.3401,238
10234500,ifs,4,-0.0961,-0.2763,-0.0309,0.8598,234
10242000,ifs,4,-29.3430,-3.7023,0.4097,4.4915,238
10244950,ifs,4,-37.4412,-1.5346,0.7069,1.5637,238
10249300,ifs,4,-45.1286,-4.5842,0.5111,4.3295,237
10258000,ifs,4,,,,,66
10258500,ifs,4,0.0407,-0.2266,0.2184,0.4763,238
10259000,ifs,4,0.7438,0.7052,0.8812,1.0771,238
10259200,ifs,4,-4.8182,-4.5466,0.6323,6.2866,238
10263500,ifs,4,-0.4882,0.1228,0.8163,1.2607,238
10310500,ifs,4,-1.4266,0.2156,0.8822,1.7540,238
10316500,ifs,4,-0.3533,0.3275,0.6745,1.2426,238
10329500,ifs,4,0.1950,0.3761,0.8802,1.2269,238
10336645,ifs,4,0.4537,0.6163,0.6852,1.0791,224
10336660,ifs,4,0.4652,0.6648,0.6991,1.0012,238
10343500,ifs,4,0.5926,0.4580,0.8745,0.7751,238
10348850,ifs,4,-2.2781,0.0055,0.8182,1.7268,238
10396000,ifs,4,0.3097,0.6497,0.7776,1.2022,238
11098000,ifs,4,-0.2007,0.2481,0.6753,1.5164,238
11124500,ifs,4,-2.6389,-0.9618,0.9085,2.4108,238
11141280,ifs,4,0.5407,0.4358,0.8096,1.0626,238
11143000,ifs,4,0.6644,0.7034,0.8391,1.2478,238
11148900,ifs,4,0.5267,0.2236,0.8486,0.5005,238
11151300,ifs,4,0.5752,0.3771,0.9476,0.9814,238
11162500,ifs,4,0.6373,0.4034,0.8947,0.6529,238
11176400,ifs,4,0.3952,0.2011,0.6984,0.5386,144
11180500,ifs,4,-0.7028,-0.5621,0.8200,2.2132,238
11180960,ifs,4,-0.6764,-0.5497,0.5227,2.4268,238
11224500,ifs,4,-0.0157,-0.5801,0.1004,0.1266,238
11253310,ifs,4,0.0698,-0.2124,0.3600,0.3848,238
11264500,ifs,4,-0.5574,0.2053,0.2075,0.9453,238
11266500,ifs,4,-0.3953,0.3181,0.3219,1.0687,238
11274500,ifs,4,0.6156,0.5049,0.8317,0.8578,238
11274630,ifs,4,0.3154,0.5904,0.6146,0.9722,238
11284400,ifs,4,0.0170,-0.3609,0.3360,0.1848,238
11299600,ifs,4,0.1962,0.0158,0.5229,0.5582,235
11381500,ifs,4,0.4448,0.3428,0.7714,0.9900,238
11383500,ifs,4,0.5302,0.4278,0.8044,1.0500,238
11451100,ifs,4,0.5717,0.6834,0.7578,1.0381,106
11468500,ifs,4,0.3707,0.2804,0.6940,0.8633,238
11473900,ifs,4,0.3923,0.3059,0.7089,0.8958,238
11475560,ifs,4,0.4854,0.4858,0.7092,0.9701,238
11476600,ifs,4,0.8411,0.7661,0.9208,1.2016,237
11478500,ifs,4,0.3647,0.4530,0.6347,1.3554,238
11480390,ifs,4,0.3509,0.3370,0.6096,0.9526,238
11481200,ifs,4,0.5015,0.5874,0.7145,1.1953,238
11482500,ifs,4,0.7105,0.5558,0.8670,1.4017,238
11522500,ifs,4,0.2652,0.4104,0.6898,1.5014,238
11523200,ifs,4,-0.3362,0.1214,0.6894,1.7427,238
11528700,ifs,4,0.5276,0.4774,0.7572,1.1020,238
11532500,ifs,4,0.6304,0.6877,0.7950,1.0827,238
12010000,ifs,4,0.7596,0.7141,0.8870,0.7812,238
12013500,ifs,4,0.7682,0.8663,0.8838,0.9346,238
12020000,ifs,4,0.7327,0.6839,0.8780,0.7118,238
12025000,ifs,4,0.8644,0.8757,0.9368,1.1026,238
12025700,ifs,4,0.7946,0.8464,0.9110,0.9094,238
12035000,ifs,4,0.8613,0.8481,0.9325,0.9056,238
12040500,ifs,4,0.7418,0.8215,0.8706,0.8851,238
12041200,ifs,4,0.7297,0.7902,0.8984,0.8860,238
12043000,ifs,4,0.8021,0.7081,0.9180,0.8229,238
12048000,ifs,4,0.5220,0.7064,0.8636,1.2240,238
12054000,ifs,4,0.4384,0.5621,0.8675,1.3139,238
12056500,ifs,4,0.4078,0.6356,0.8105,0.9458,238
12073500,ifs,4,0.4143,0.6721,0.6955,1.0811,237
12082500,ifs,4,0.3171,0.3148,0.5741,0.9883,232
12092000,ifs,4,0.1178,0.1109,0.3535,0.9540,238
12095000,ifs,4,0.5910,0.6055,0.7772,0.8827,238
12114500,ifs,4,0.4991,0.4276,0.7596,1.0366,238
12115000,ifs,4,0.4793,0.4192,0.7386,1.0090,238
12115500,ifs,4,0.4425,0.4210,0.6882,0.8896,238
12117000,ifs,4,0.5578,0.5934,0.7503,0.9977,238
12141300,ifs,4,0.2520,0.2789,0.5052,1.0757,238
12143600,ifs,4,0.3522,0.3373,0.6170,1.1728,234
12144000,ifs,4,0.4450,0.4518,0.6782,1.0021,237
12145500,ifs,4,0.6951,0.7037,0.8392,0.8861,238
12147600,ifs,4,0.3730,0.4683,0.6113,0.9857,238
12167000,ifs,4,0.6351,0.6714,0.8066,1.1753,238
12175500,ifs,4,-0.0599,0.5190,0.5501,1.1153,238
12186000,ifs,4,0.3663,0.4572,0.6146,1.1154,235
12189500,ifs,4,0.4731,0.5653,0.7279,1.2212,237
12358500,ifs,4,0.6047,0.7875,0.8309,1.0542,238
12377150,ifs,4,0.5249,0.7582,0.7663,0.9383,238
12381400,ifs,4,0.3262,0.4930,0.8596,1.2320,205
12390700,ifs,4,0.4157,0.6217,0.6955,1.1781,238
12411000,ifs,4,0.7790,0.7455,0.8979,1.1860,227
12414500,ifs,4,0.6546,0.6721,0.8223,0.8990,238
12447390,ifs,4,-0.2093,-0.2508,0.2221,0.3538,238
12451000,ifs,4,0.4561,0.6776,0.7975,1.2132,238
12488500,ifs,4,0.5894,0.7141,0.7944,1.1536,238
13011500,ifs,4,0.7325,0.6270,0.9366,1.2860,238
13011900,ifs,4,0.7970,0.8135,0.9257,0.9589,238
13018300,ifs,4,-0.3982,0.0099,0.9354,1.4734,238
13023000,ifs,4,0.5332,0.7647,0.8064,0.9089,196
13161500,ifs,4,0.6811,0.7002,0.8541,0.7897,238
13235000,ifs,4,0.5864,0.6575,0.7820,0.8906,236
13240000,ifs,4,0.7754,0.8521,0.8811,1.0029,159
13310700,ifs,4,0.5841,0.5006,0.8996,0.6710,238
13313000,ifs,4,0.6920,0.4835,0.9577,0.6428,238
13331500,ifs,4,0.5034,0.5426,0.9026,1.2179,238
13337000,ifs,4,0.6637,0.6873,0.8478,0.8223,238
13338500,ifs,4,0.7969,0.8722,0.9043,1.0842,238
13340000,ifs,4,0.4776,0.6178,0.7473,0.7885,238
13340600,ifs,4,0.5754,0.5982,0.8740,0.6994,238
14020000,ifs,4,0.3414,0.2286,0.7107,0.6717,238
14092750,ifs,4,0.7619,0.8024,0.8820,0.9097,238
14096850,ifs,4,-1.4562,0.3440,0.7282,0.4439,238
14137000,ifs,4,0.6532,0.6034,0.8298,1.0251,233
14138800,ifs,4,0.4786,0.6263,0.6970,0.9887,238
14138870,ifs,4,0.5612,0.7630,0.7765,0.9253,238
14138900,ifs,4,0.4122,0.5040,0.6427,0.9591,238
14139800,ifs,4,0.6004,0.7864,0.7981,0.9317,236
14141500,ifs,4,0.5967,0.7953,0.7979,0.9673,238
14154500,ifs,4,0.6420,0.5889,0.8251,1.0174,238
14158500,ifs,4,0.7713,0.6871,0.9216,1.0819,223
14158790,ifs,4,0.5942,0.5690,0.7879,1.0256,234
14166500,ifs,4,0.3529,0.3496,0.6077,0.8944,238
14182500,ifs,4,0.4528,0.3648,0.7358,0.7420,238
14185000,ifs,4,0.6430,0.5926,0.8245,0.9577,238
14185900,ifs,4,0.5594,0.5328,0.7670,0.9048,235
14187000,ifs,4,0.5665,0.5792,0.7601,1.0062,237
14216500,ifs,4,0.9119,0.8658,0.9592,1.0436,235
14222500,ifs,4,0.8194,0.8530,0.9115,1.1173,238
14236200,ifs,4,0.8403,0.7928,0.9234,0.8886,237
14301000,ifs,4,0.8577,0.9024,0.9262,1.0128,237
14303200,ifs,4,0.7514,0.6251,0.9085,1.0007,238
14305500,ifs,4,0.6777,0.7344,0.8235,1.0088,236
14306340,ifs,4,0.4980,0.4098,0.7602,0.7593,238
14306500,ifs,4,0.7174,0.6341,0.8741,0.9145,238
14308990,ifs,4,0.3865,0.2957,0.7145,0.8757,238
14309500,ifs,4,0.4962,0.3885,0.7752,0.8329,238
14316700,ifs,4,0.6003,0.5235,0.8157,1.0044,238
14325000,ifs,4,0.5039,0.4995,0.7219,0.8697,238
14362250,ifs,4,0.2209,0.0763,0.6831,0.4978,148
14400000,ifs,4,0.7302,0.6266,0.8752,0.8033,238
01013500,ifs,5,0.8870,0.7994,0.9536,0.8524,238
01022500,ifs,5,0.7550,0.6887,0.8867,1.0146,238
01030500,ifs,5,0.7777,0.8071,0.9158,1.0859,238
01031500,ifs,5,0.3977,0.6742,0.6844,1.0607,236
01047000,ifs,5,0.2734,0.6457,0.6526,1.0565,238
01052500,ifs,5,0.3694,0.3531,0.6357,0.7287,238
01054200,ifs,5,0.4133,0.3691,0.6740,0.6187,238
01055000,ifs,5,0.3122,0.5740,0.6056,0.9924,236
01057000,ifs,5,0.6546,0.7275,0.8108,0.9374,236
01073000,ifs,5,0.5563,0.6774,0.8517,1.1370,238
01078000,ifs,5,0.2828,0.4161,0.5789,0.7443,236
01118300,ifs,5,0.2187,0.4928,0.5553,0.8364,236
01121000,ifs,5,0.5751,0.6940,0.8097,1.2373,236
01123000,ifs,5,0.7945,0.8303,0.8921,0.9546,238
01134500,ifs,5,0.6000,0.6980,0.7836,0.8633,236
01137500,ifs,5,0.4067,0.5231,0.6611,0.8050,238
01139000,ifs,5,0.4706,0.6829,0.7144,0.9111,234
01139800,ifs,5,0.7323,0.8370,0.8629,1.0696,238
01142500,ifs,5,0.4984,0.6914,0.7310,0.8958,236
01144000,ifs,5,0.6163,0.8070,0.8165,0.9518,238
01169000,ifs,5,0.5012,0.6123,0.7090,1.0228,236
01170100,ifs,5,0.6071,0.6971,0.7814,0.9329,237
01181000,ifs,5,0.7639,0.8059,0.8747,1.0477,236
01187300,ifs,5,0.6211,0.6700,0.7897,1.0826,238
01195100,ifs,5,0.2775,0.3300,0.5391,0.8535,238
01333000,ifs,5,0.4661,0.5087,0.6949,0.8430,236
01350000,ifs,5,0.1221,0.0787,0.3726,0.6913,235
01350080,ifs,5,0.6211,0.5193,0.8318,0.7191,238
01350140,ifs,5,0.5871,0.5390,0.8100,0.6375,188
01365000,ifs,5,0.3859,0.4034,0.6380,0.8250,236
01411300,ifs,5,0.0340,0.1836,0.3579,1.2368,229
01413500,ifs,5,0.4154,0.3849,0.6896,0.7669,236
01414500,ifs,5,0.0847,0.0306,0.4030,0.5651,236
01415000,ifs,5,0.3026,0.2191,0.7191,0.5804,193
01423000,ifs,5,0.4209,0.3519,0.7478,0.6957,238
01434025,ifs,5,0.2191,0.4802,0.5926,0.6968,238
01435000,ifs,5,0.3701,0.3778,0.6223,0.8361,237
01439500,ifs,5,0.5517,0.5715,0.7847,0.7925,236
01440000,ifs,5,0.4960,0.5528,0.7105,0.9100,238
01440400,ifs,5,0.6442,0.6990,0.8048,0.9420,212
01451800,ifs,5,0.1291,0.3623,0.4429,1.0681,236
01466500,ifs,5,-2.6420,-0.6605,0.8280,1.0069,236
01484100,ifs,5,-0.2714,0.4159,0.5444,1.3180,238
01485500,ifs,5,-5.6791,-1.0712,0.3552,2.2801,233
01486000,ifs,5,-3.6492,-0.4862,0.2825,1.8427,238
01487000,ifs,5,0.2156,0.6205,0.7139,1.0765,238
01491000,ifs,5,0.5980,0.5449,0.8018,0.9473,238
01510000,ifs,5,0.5959,0.6409,0.7749,0.9235,238
01516500,ifs,5,0.1309,0.0874,0.4604,0.5577,238
01518862,ifs,5,0.2241,0.1960,0.5951,0.5879,238
01532000,ifs,5,0.4669,0.6421,0.7032,0.8866,236
01539000,ifs,5,0.2384,0.5021,0.5641,0.8632,220
01542810,ifs,5,0.2118,0.2184,0.5040,0.7186,236
01543000,ifs,5,0.2496,0.3923,0.5658,0.7349,238
01543500,ifs,5,0.3323,0.4171,0.6364,0.7396,236
01544500,ifs,5,0.3676,0.3541,0.7526,0.6095,238
01545600,ifs,5,0.3913,0.3075,0.7845,0.6096,238
01547700,ifs,5,0.0177,-0.0831,0.2089,0.7338,238
01548500,ifs,5,0.2797,0.2356,0.7152,0.5717,236
01549500,ifs,5,0.4712,0.4057,0.7841,0.6559,236
01550000,ifs,5,0.4306,0.3967,0.7531,0.6506,236
01552000,ifs,5,0.3398,0.4194,0.6329,0.7534,238
01552500,ifs,5,0.3492,0.5200,0.6346,0.8022,238
01557500,ifs,5,0.0042,0.2653,0.3421,0.9586,238
01567500,ifs,5,-0.0946,0.1784,0.2558,1.0400,238
01568000,ifs,5,0.2043,0.3550,0.4833,1.1048,238
01580000,ifs,5,-0.6106,0.2763,0.2863,0.9768,234
01583500,ifs,5,-0.3984,0.2637,0.2740,0.8891,238
01586610,ifs,5,-0.2640,0.2916,0.3206,0.8308,204
01591400,ifs,5,-3.9341,-0.4848,0.3055,1.1422,238
01596500,ifs,5,0.0090,0.0992,0.2977,0.7064,236
01605500,ifs,5,-1.0467,0.2069,0.3719,1.1988,236
01606500,ifs,5,-0.0510,0.3869,0.4308,0.8006,211
01613050,ifs,5,-0.1009,0.3021,0.3390,1.0968,238
01620500,ifs,5,0.2278,0.2639,0.5820,0.5291,236
01632000,ifs,5,-0.1493,0.3873,0.3909,1.0297,236
01632900,ifs,5,-1.8925,-0.0157,0.3715,1.0703,236
01634500,ifs,5,0.0029,0.2947,0.3577,0.9655,221
01638480,ifs,5,-3.7893,-0.6290,0.3281,2.0197,233
01639500,ifs,5,-0.1490,0.3604,0.3863,1.1597,238
01644000,ifs,5,-1.7570,-0.1921,0.3556,1.9043,238
01658500,ifs,5,-0.5289,0.3239,0.4042,1.2284,207
01664000,ifs,5,0.0006,0.4121,0.4302,0.9672,238
01666500,ifs,5,-0.1249,0.4667,0.5031,1.1704,223
01667500,ifs,5,-0.1996,0.4499,0.4858,1.1541,216
01669000,ifs,5,-0.1186,0.4842,0.5075,1.1131,213
01669520,ifs,5,-2.6068,-0.3331,0.6436,1.7988,236
02011400,ifs,5,-0.3596,0.3974,0.4457,1.1476,238
02011460,ifs,5,-0.1051,0.3522,0.3931,0.8039,238
02013000,ifs,5,0.0438,0.4647,0.4800,1.0892,238
02014000,ifs,5,-0.2882,0.4406,0.4742,1.0153,237
02015700,ifs,5,-0.0497,0.5149,0.5256,1.0319,220
02016000,ifs,5,0.1737,0.5818,0.5946,0.8981,237
02017500,ifs,5,-0.1462,0.4331,0.6810,1.1048,236
02018000,ifs,5,0.1748,0.5914,0.7090,1.0644,231
02027000,ifs,5,-0.1459,0.4218,0.6866,0.8348,218
02027500,ifs,5,0.5111,0.5941,0.7988,0.6533,221
02028500,ifs,5,0.1416,0.5643,0.5851,0.8675,213
02038850,ifs,5,0.2145,0.5178,0.5721,0.8214,236
02046000,ifs,5,0.1729,0.4107,0.6504,1.4722,228
02051000,ifs,5,0.0165,0.3476,0.3924,0.9845,238
02051500,ifs,5,-0.1036,0.4113,0.4546,1.2214,236
02053200,ifs,5,-0.2904,0.2188,0.5818,1.6049,210
02053800,ifs,5,0.2435,0.5109,0.5648,0.8813,219
02055100,ifs,5,0.2598,0.6177,0.6314,1.1004,236
02056900,ifs,5,0.2612,0.6446,0.6710,0.9007,212
02059500,ifs,5,0.1891,0.5872,0.7102,0.8240,207
02064000,ifs,5,0.3127,0.5082,0.6144,0.7692,226
02065500,ifs,5,0.0201,0.4422,0.5624,0.6562,236
02069700,ifs,5,0.0941,0.4944,0.5356,1.1758,210
02070000,ifs,5,0.0277,0.4940,0.5218,1.1642,236
02074500,ifs,5,0.1300,0.5711,0.5800,1.0822,238
02077200,ifs,5,0.1202,0.4140,0.8021,1.1920,233
02081500,ifs,5,-0.5485,0.1496,0.2258,1.3516,238
02082950,ifs,5,-1.5401,-0.1335,0.5053,1.6676,238
02092500,ifs,5,-8.5196,-1.5321,0.1298,2.4452,238
02096846,ifs,5,-1.2235,-0.0620,0.1558,1.5921,238
02102908,ifs,5,-10.6812,-1.7216,0.3575,1.1801,238
02108000,ifs,5,0.3837,0.6596,0.6975,1.1559,238
02111180,ifs,5,-0.0965,0.0665,0.1848,1.0227,238
02111500,ifs,5,-0.3002,0.2230,0.2427,0.9456,236
02118500,ifs,5,-0.2618,0.4580,0.5540,1.0271,238
02128000,ifs,5,-28.9347,-4.1519,0.1514,3.4489,238
02137727,ifs,5,-0.2521,0.2423,0.2628,0.9703,238
02140991,ifs,5,-0.2050,0.2227,0.2647,1.1023,238
02143000,ifs,5,-1.1618,0.2228,0.3760,1.2272,238
02143040,ifs,5,-1.6368,0.0675,0.2466,0.9378,236
02149000,ifs,5,-0.1368,0.0766,0.1754,1.0125,238
02152100,ifs,5,-0.8441,0.1045,0.1050,1.0027,238
02177000,ifs,5,0.1029,0.2288,0.3770,1.0553,236
02178400,ifs,5,0.1355,0.4749,0.5047,0.9515,236
02193340,ifs,5,-2.0066,-0.0856,0.1480,1.3815,238
02196000,ifs,5,-0.0460,-0.1836,0.1516,0.4986,238
02198100,ifs,5,0.0965,0.0562,0.3465,1.2540,237
02202600,ifs,5,-1.9482,-0.2682,0.2046,1.8846,238
02212600,ifs,5,-0.0292,-0.0424,0.1583,0.9223,236
02215100,ifs,5,0.1072,0.1161,0.3662,0.7310,238
02216180,ifs,5,-0.0658,-0.4423,-0.0502,0.4689,236
02221525,ifs,5,-0.1033,0.2312,0.2916,1.0970,236
02231000,ifs,5,-2.0842,-0.2270,0.2889,1.7449,238
02231342,ifs,5,-0.7912,0.0779,0.6049,1.6302,238
02235200,ifs,5,-0.3873,0.4002,0.4638,1.2191,237
02245500,ifs,5,-1.3565,0.0856,0.4987,1.1298,238
02246000,ifs,5,-0.5413,0.3390,0.4172,0.7806,236
02296500,ifs,5,-0.0023,-0.3391,0.8008,2.2918,227
02297155,ifs,5,0.0385,-0.1431,0.6019,0.2880,237
02297310,ifs,5,0.5119,0.5569,0.7300,0.7655,228
02298123,ifs,5,0.4318,0.3122,0.7332,0.5785,238
02298608,ifs,5,0.1299,0.4954,0.6377,1.3396,238
02299950,ifs,5,-0.1115,0.2602,0.3440,0.7272,238
02300700,ifs,5,0.2208,0.0732,0.5826,0.5242,238
02310947,ifs,5,-0.7425,-2.0502,-0.2942,3.6693,238
02312200,ifs,5,-19.8896,-4.2071,0.2768,6.1456,238
02314500,ifs,5,-0.3161,-0.5068,-0.2012,0.5643,238
02315500,ifs,5,-0.3296,-0.6564,-0.2882,0.4431,238
02324400,ifs,5,-0.2052,-1.0284,-0.5320,0.1148,238
02327100,ifs,5,-1.9114,-0.7209,0.6662,2.4263,236
02349900,ifs,5,0.1225,0.0900,0.3503,0.9861,238
02350900,ifs,5,0.1569,0.3645,0.6725,0.6517,238
02361000,ifs,5,0.2540,0.3684,0.6565,0.6583,238
02363000,ifs,5,0.1239,-0.0394,0.6762,0.3655,236
02369800,ifs,5,0.0550,-0.1763,0.4203,0.4655,237
02371500,ifs,5,0.1843,0.0673,0.5479,0.7581,238
02372250,ifs,5,0.2670,0.1706,0.6196,0.8166,236
02374500,ifs,5,0.1659,0.1237,0.4571,0.7487,238
02381600,ifs,5,-0.3452,0.1520,0.1812,1.0746,237
02384540,ifs,5,0.0519,0.1168,0.3537,0.7624,238
02395120,ifs,5,-2.7790,-0.1844,0.1618,1.0554,238
02408540,ifs,5,-0.0454,0.3360,0.3692,0.9701,238
02415000,ifs,5,0.1952,0.3592,0.4718,0.9970,228
02422500,ifs,5,-0.9152,0.2176,0.2967,1.2225,221
02427250,ifs,5,-0.0093,0.3887,0.4285,1.1680,238
02430085,ifs,5,-0.2781,0.1998,0.2403,1.1650,238
02450250,ifs,5,-0.5745,0.2550,0.2696,1.1283,236
02464000,ifs,5,0.0181,0.4524,0.4612,0.9923,238
02465493,ifs,5,0.2598,0.5440,0.5871,1.1167,235
02469800,ifs,5,0.1795,0.2100,0.5031,0.5869,236
02472000,ifs,5,0.7472,0.6279,0.8822,0.7374,238
02472500,ifs,5,0.1040,0.4821,0.5771,0.7015,238
02479155,ifs,5,0.0369,-0.2347,0.2894,0.4683,238
02479300,ifs,5,0.1030,-0.0964,0.3914,0.4535,238
02481000,ifs,5,-0.0061,-0.3897,0.3726,0.1523,238
02481510,ifs,5,0.0641,-0.2041,0.5307,0.2796,238
03010655,ifs,5,0.4249,0.3689,0.7785,0.6427,209
03011800,ifs,5,0.2031,0.3403,0.5308,0.7526,238
03015500,ifs,5,0.5576,0.6996,0.7580,0.9015,238
03021350,ifs,5,0.2087,0.5437,0.5829,0.8313,236
03026500,ifs,5,0.2720,0.3734,0.5547,0.7996,238
03028000,ifs,5,0.2848,0.4512,0.6591,0.6808,236
03049800,ifs,5,0.0284,0.0122,0.2920,0.6667,236
03050000,ifs,5,-0.1095,0.3797,0.3953,0.8985,236
03066000,ifs,5,0.3054,0.4567,0.5903,0.7935,238
03069500,ifs,5,0.2053,0.3888,0.5251,0.7512,236
03070500,ifs,5,-0.9729,0.2161,0.4555,1.2088,236
03076600,ifs,5,-0.0012,0.1897,0.3659,0.6680,238
03078000,ifs,5,-0.1003,0.0660,0.2366,0.6802,238
03140000,ifs,5,0.1312,0.1671,0.3731,0.9245,236
03144000,ifs,5,0.2898,0.4016,0.5456,0.9101,238
03159540,ifs,5,0.1714,0.4134,0.4860,0.8998,238
03161000,ifs,5,-0.1661,0.2598,0.3045,0.8814,238
03164000,ifs,5,-0.0116,0.5498,0.5992,0.8730,238
03165000,ifs,5,-0.2492,0.1646,0.2150,0.8819,221
03170000,ifs,5,0.2843,0.5546,0.6022,0.8820,238
03173000,ifs,5,0.2293,0.6261,0.6553,0.8902,236
03180500,ifs,5,0.1966,0.3401,0.4888,0.7818,222
03182500,ifs,5,0.0302,0.4681,0.4829,0.8981,236
03186500,ifs,5,0.1619,0.5138,0.5330,0.9384,236
03187500,ifs,5,0.0910,0.5771,0.5911,0.9544,235
03213700,ifs,5,0.1284,0.5725,0.5819,1.0838,238
03237280,ifs,5,0.0282,0.2111,0.3534,0.7270,238
03237500,ifs,5,0.2757,0.5594,0.5888,1.0611,236
03241500,ifs,5,0.3386,0.2710,0.6292,0.6938,225
03280700,ifs,5,-0.8426,0.2587,0.4166,0.8090,213
03281100,ifs,5,-0.4739,0.3696,0.4663,0.8298,236
03281500,ifs,5,-0.3089,0.4121,0.4802,0.8140,223
03285000,ifs,5,-0.6999,0.0395,0.3050,1.6478,235
03291780,ifs,5,0.1062,0.0975,0.3372,0.8387,238
03300400,ifs,5,0.0728,0.2947,0.3859,0.9292,238
03340800,ifs,5,-0.8263,0.2122,0.2324,1.0500,190
03346000,ifs,5,-0.1811,0.3438,0.3731,0.8179,238
03364500,ifs,5,0.1931,0.0411,0.5320,0.5632,238
03366500,ifs,5,0.1294,0.0917,0.3816,0.6732,238
03368000,ifs,5,0.1047,-0.0035,0.3457,0.6063,238
03384450,ifs,5,0.1922,-0.0163,0.5943,0.5098,238
03439000,ifs,5,-0.1797,-0.1584,0.1024,0.6713,236
03450000,ifs,5,-0.0454,-0.1003,0.1614,0.7954,238
03455500,ifs,5,-0.6661,0.1044,0.1625,0.7050,236
03456500,ifs,5,-0.3420,0.0570,0.1303,0.8183,236
03460000,ifs,5,-0.4275,0.3748,0.5161,0.6372,238
03463300,ifs,5,-0.1439,0.3395,0.3553,0.9385,238
03471500,ifs,5,-0.1483,0.4591,0.6735,0.7524,236
03473000,ifs,5,-0.7285,0.3052,0.4906,0.7707,238
03479000,ifs,5,-0.9785,0.2174,0.2839,0.9273,236
03488000,ifs,5,0.2355,0.5654,0.6391,0.7582,238
03498500,ifs,5,-0.3103,0.4119,0.4655,0.7980,238
03500000,ifs,5,0.0908,0.5607,0.6104,0.8272,236
03504000,ifs,5,-0.2924,0.4012,0.4195,0.8570,236
03574500,ifs,5,0.1186,0.1380,0.4041,0.6460,238
03604000,ifs,5,-0.1434,-0.2295,-0.0088,0.7880,236
04015330,ifs,5,0.2531,0.1645,0.5259,0.5857,197
04024430,ifs,5,0.4634,0.4934,0.7096,0.6775,238
04027000,ifs,5,0.4354,0.4016,0.6907,0.7027,238
04040500,ifs,5,0.8194,0.7741,0.9107,0.8874,238
04043050,ifs,5,0.7741,0.8236,0.8823,0.9051,182
04045500,ifs,5,0.8862,0.7874,0.9569,0.8022,234
04056500,ifs,5,0.5139,0.4357,0.8022,0.7109,229
04057510,ifs,5,0.8622,0.6857,0.9617,0.7793,158
04057800,ifs,5,0.7728,0.5922,0.9107,0.7084,238
04059500,ifs,5,0.8378,0.8011,0.9212,0.9903,238
04063700,ifs,5,0.7498,0.5195,0.9286,0.6360,238
04074950,ifs,5,0.6479,0.5458,0.9075,0.7562,238
04105700,ifs,5,0.5120,0.5486,0.7344,0.9291,238
04115265,ifs,5,0.4270,0.4489,0.6602,0.9908,238
04122200,ifs,5,0.5264,0.5404,0.7500,0.8738,238
04122500,ifs,5,0.7710,0.7527,0.8927,0.9277,236
04124000,ifs,5,0.8019,0.7347,0.9097,1.0098,238
04127997,ifs,5,0.4543,0.4231,0.7231,0.9174,201
04185000,ifs,5,0.5574,0.6343,0.7507,0.8779,215
04196800,ifs,5,0.2620,0.3999,0.5310,0.8486,238
04197100,ifs,5,0.3689,0.4415,0.6075,1.0265,238
04197170,ifs,5,0.1276,0.3033,0.4211,0.8574,238
04213000,ifs,5,-0.2010,0.4555,0.5892,1.1600,236
04213075,ifs,5,-0.1392,0.2775,0.3127,0.9122,234
04216418,ifs,5,0.3779,0.5753,0.6359,1.0677,238
04221000,ifs,5,0.0836,0.1152,0.5409,0.5255,238
04224775,ifs,5,0.1964,0.1576,0.5665,0.5726,236
04256000,ifs,5,0.6381,0.7672,0.8301,1.1572,236
04296000,ifs,5,0.4229,0.5501,0.6711,0.8334,236
05057000,ifs,5,-1.1199,0.0774,0.5870,0.5010,160
05057200,ifs,5,0.4019,0.6651,0.6842,1.0810,237
05062500,ifs,5,0.5613,0.6771,0.7523,0.9428,199
05087500,ifs,5,0.4036,0.5305,0.6384,0.9840,238
05120500,ifs,5,-10.0019,-1.4825,-0.0430,3.1918,210
05123400,ifs,5,-0.3916,-0.6523,-0.0184,0.1576,238
05129115,ifs,5,-0.8334,-0.8962,-0.2632,0.0000,238
05131500,ifs,5,0.0433,-0.0299,0.4848,0.4441,142
05291000,ifs,5,-0.5257,0.2979,0.3643,0.7372,238
05362000,ifs,5,0.5683,0.6985,0.7741,0.8258,237
05393500,ifs,5,0.5024,0.6541,0.7254,0.8530,238
05399500,ifs,5,-0.0312,0.5079,0.5132,0.9541,236
05408000,ifs,5,0.0341,0.0213,0.2782,0.8377,237
05412500,ifs,5,0.1487,0.2702,0.5305,0.6813,238
05413500,ifs,5,-0.5699,0.2519,0.2799,0.7995,208
05414000,ifs,5,-0.1656,0.1571,0.4182,0.6217,204
05444000,ifs,5,-0.0682,0.1697,0.3526,0.6550,236
05454000,ifs,5,0.0077,0.2807,0.4270,0.6513,238
05458000,ifs,5,-0.0250,0.0579,0.2451,0.7535,238
05466500,ifs,5,0.0638,0.2285,0.3626,0.8239,236
05487980,ifs,5,-0.2192,0.0758,0.1711,0.7664,236
05488200,ifs,5,-0.1188,-0.0410,0.1844,0.5380,236
05489000,ifs,5,-0.1697,-0.1135,0.1112,0.5340,236
05495000,ifs,5,-1.5858,-0.0441,0.3602,1.5054,236
05495500,ifs,5,-0.0507,-0.0324,0.2236,0.5354,232
05501000,ifs,5,0.0038,-0.0991,0.2173,0.5301,236
05503800,ifs,5,-0.0009,0.2241,0.3319,0.7979,238
05507600,ifs,5,-1.2636,0.0905,0.1304,1.0491,238
05508805,ifs,5,-0.7673,0.1914,0.3382,1.3814,236
05514500,ifs,5,-0.1006,0.1660,0.2548,0.8480,236
05525500,ifs,5,0.0742,0.3393,0.4134,1.1173,236
05556500,ifs,5,0.0500,0.0266,0.3832,0.5002,238
05584500,ifs,5,-0.0469,0.2984,0.3897,0.7122,236
05585000,ifs,5,0.0554,0.4248,0.5079,0.7124,238
05591550,ifs,5,-0.6033,0.2239,0.2378,1.1379,236
05592050,ifs,5,-0.4770,0.1423,0.1542,1.0355,222
05592575,ifs,5,-0.1636,0.1053,0.2098,0.7554,236
05593575,ifs,5,-0.4088,0.2350,0.3158,1.3414,238
05593900,ifs,5,-0.4734,0.1386,0.1543,1.0830,236
05595730,ifs,5,-0.4924,0.2677,0.2909,1.1760,238
06037500,ifs,5,-2.1371,0.4208,0.8495,1.2838,238
06043500,ifs,5,0.3416,0.3623,0.9536,1.3266,238
06154410,ifs,5,-0.0350,0.1551,0.3049,0.7300,238
06188000,ifs,5,0.8408,0.8774,0.9324,0.9795,238
06191500,ifs,5,0.7156,0.6701,0.9345,1.1097,238
06221400,ifs,5,0.8203,0.8412,0.9294,1.0640,238
06224000,ifs,5,0.7172,0.8487,0.8606,1.0589,238
06289000,ifs,5,0.3518,0.6161,0.6795,0.8500,238
06332515,ifs,5,0.4900,0.5814,0.7026,0.8692,118
06339100,ifs,5,-2.5983,-0.5880,0.5359,1.9549,174
06339500,ifs,5,-0.2898,0.1279,0.4525,0.3658,167
06344600,ifs,5,-19.1066,-3.7153,0.3186,4.3947,177
06350000,ifs,5,-14.6168,-2.2691,0.1967,2.5416,238
06352000,ifs,5,-0.0134,-0.1018,0.5114,1.3305,237
06353000,ifs,5,-0.0034,-0.1155,0.5125,0.8052,236
06354000,ifs,5,0.3727,0.2991,0.8162,0.4918,173
06360500,ifs,5,0.1204,0.1398,0.5275,1.5405,139
06404000,ifs,5,-12.5936,-1.6784,-0.1572,1.7661,205
06406000,ifs,5,-166.1038,-3.7694,0.8996,5.7235,180
06408700,ifs,5,-1638.5610,-3.9907,0.1950,1.5102,238
06409000,ifs,5,-1.3266,0.6155,0.8783,1.2538,193
06431500,ifs,5,-1.0652,0.4427,0.4581,1.0915,227
06440200,ifs,5,-6.2135,-0.8754,0.1918,0.9574,160
06441500,ifs,5,-41.1995,-5.2461,-0.0453,4.3278,177
06447000,ifs,5,-0.1080,-0.1253,0.1062,0.6339,140
06447500,ifs,5,-0.1099,-0.1534,0.2926,0.7017,238
06450500,ifs,5,-0.2010,-0.1652,-0.0063,1.0644,208
06452000,ifs,5,-0.0394,-0.2908,-0.0061,1.0278,175
06453600,ifs,5,-2.0766,-0.2439,0.1980,1.8270,235
06464500,ifs,5,-2.1327,-0.0798,0.0471,1.2208,175
06477500,ifs,5,-122.4316,-10.8424,0.4381,7.3637,237
06479215,ifs,5,-0.2125,-0.2427,-0.0136,0.6215,238
06479438,ifs,5,-0.1452,-0.5216,0.0095,0.2326,238
06601000,ifs,5,-0.3160,-0.1480,-0.0201,0.8278,238
06614800,ifs,5,0.7837,0.6171,0.9395,1.3480,238
06622700,ifs,5,-0.3197,0.1476,0.7623,1.6247,238
06623800,ifs,5,0.8199,0.9071,0.9119,0.9764,238
06632400,ifs,5,-0.3126,0.3220,0.4644,1.3946,238
06784000,ifs,5,-1.2177,0.1490,0.2605,1.3583,238
06803510,ifs,5,-0.0713,-0.3409,-0.0223,0.6005,238
06803530,ifs,5,-0.2083,-0.2159,-0.0440,0.8025,238
06814000,ifs,5,-0.2877,-0.1408,0.0122,0.6601,238
06846500,ifs,5,-0.0094,-0.4712,-0.0581,1.3789,238
06847900,ifs,5,-0.0391,-0.2807,0.0519,1.3230,238
06853800,ifs,5,-0.2789,-0.4286,0.0000,1.6951,238
06876700,ifs,5,0.2190,0.3027,0.5314,0.5741,238
06878000,ifs,5,0.0878,-0.1346,0.3503,0.4169,238
06879650,ifs,5,-0.2893,-0.0923,0.0886,0.5400,237
06885500,ifs,5,-0.3072,-0.1421,0.0481,0.5267,238
06888500,ifs,5,0.0185,-0.2372,0.2205,0.3955,238
06889200,ifs,5,-0.0750,0.0463,0.2272,0.6443,238
06889500,ifs,5,-0.5021,0.1508,0.1647,0.8921,238
06892000,ifs,5,-1.5875,0.0123,0.0703,0.9695,238
06903400,ifs,5,-0.1642,-0.2487,0.0947,0.3327,238
06906800,ifs,5,0.0240,0.0672,0.3087,0.5743,238
06910800,ifs,5,-0.1042,-0.0266,0.1902,0.5688,238
06911900,ifs,5,-0.0608,0.0468,0.2548,0.5740,238
06917000,ifs,5,0.1066,0.0270,0.3912,0.4610,238
06918460,ifs,5,0.1660,0.4044,0.4764,1.0510,238
06919500,ifs,5,-0.4624,0.2628,0.3302,0.7008,238
06921070,ifs,5,-0.0874,0.0779,0.2342,0.6914,238
06921200,ifs,5,-0.0039,-0.2599,0.2282,0.3374,238
06934000,ifs,5,-0.1182,0.2712,0.3611,0.7184,237
07014500,ifs,5,-0.0204,-0.2362,0.1450,0.6020,238
07056000,ifs,5,0.1148,0.2478,0.4036,0.7882,238
07057500,ifs,5,0.0808,0.4304,0.4773,0.8600,230
07060710,ifs,5,-0.0001,-0.3950,0.0264,1.0504,238
07066000,ifs,5,-0.1614,0.1901,0.2660,0.8179,238
07067000,ifs,5,-0.1947,0.1422,0.4483,0.5448,238
07068000,ifs,5,-0.1322,0.0761,0.2934,0.7480,237
07071500,ifs,5,-0.4942,0.2499,0.3119,0.7900,238
07083000,ifs,5,-1.6073,-0.4084,0.8823,1.7791,238
07142300,ifs,5,-8.4317,-5.1255,-0.0014,6.9696,238
07145700,ifs,5,0.0069,-0.4647,0.2451,0.1568,238
07148400,ifs,5,-0.4094,0.3020,0.7538,1.4476,238
07149000,ifs,5,0.1660,0.4917,0.7256,1.4278,238
07151500,ifs,5,0.0852,-0.1620,0.5200,0.4183,238
07167500,ifs,5,-0.0136,-0.2695,0.1262,1.5574,238
07180500,ifs,5,-0.0664,-0.2221,0.0718,0.6110,238
07184000,ifs,5,0.0627,-0.1157,0.2985,0.4139,236
07195800,ifs,5,-0.1774,0.3266,0.3421,0.9179,236
07196900,ifs,5,0.0203,0.0801,0.2533,0.9925,237
07197000,ifs,5,0.3635,0.3676,0.6147,0.9311,238
07208500,ifs,5,0.1043,0.5282,0.7373,1.0724,238
07226500,ifs,5,-0.0029,-0.5084,0.0951,0.2465,236
07261000,ifs,5,0.0933,0.2476,0.4362,1.3837,236
07263295,ifs,5,-0.0924,-1.0948,0.5223,3.0341,236
07290650,ifs,5,-1.5803,0.0771,0.2832,0.8849,238
07291000,ifs,5,-0.7182,0.0790,0.2057,0.5349,238
07292500,ifs,5,-0.2599,0.3299,0.3383,0.9080,238
07295000,ifs,5,0.0669,0.1476,0.3406,0.7250,238
07299670,ifs,5,-0.2495,-0.2820,0.0223,1.6505,228
07301410,ifs,5,-0.2866,-0.2243,-0.0479,0.7437,227
07301500,ifs,5,-0.1815,-0.5740,0.0299,1.7705,200
07315200,ifs,5,-1.1790,-0.0858,0.0279,1.4714,161
07315700,ifs,5,-2.5659,-0.7149,0.1329,2.2993,218
07335700,ifs,5,-0.0236,-0.1398,0.2312,0.4494,229
07340300,ifs,5,0.1857,0.4005,0.5121,0.7596,238
07346045,ifs,5,-1.8223,-0.0299,0.2104,0.5138,238
07359610,ifs,5,-0.1682,0.1550,0.3395,1.4864,238
07362100,ifs,5,-0.2988,0.0948,0.5690,1.7783,238
07362587,ifs,5,-0.0450,-0.3045,0.4197,2.1406,236
07373000,ifs,5,-2.7259,-0.1880,0.1562,0.7798,234
07375000,ifs,5,0.0514,-0.1261,0.3275,0.4271,238
07376000,ifs,5,0.0833,0.3948,0.4783,0.7492,238
08013000,ifs,5,0.4353,0.4438,0.6797,0.7218,238
08014500,ifs,5,0.3094,0.2493,0.6254,0.6155,238
08023080,ifs,5,-1.2124,-0.6488,-0.0299,2.2875,238
08025500,ifs,5,-22.4296,-3.0339,0.0697,1.9961,238
08029500,ifs,5,-13.4896,-1.9123,0.0299,1.5794,238
08050800,ifs,5,0.0047,-0.1472,0.1591,0.6975,237
08066200,ifs,5,-0.1258,-0.2610,0.0121,0.5533,238
08066300,ifs,5,-0.0620,-0.4757,0.0143,0.2523,238
08070000,ifs,5,-2.8982,-0.3774,0.3213,1.6306,238
08070200,ifs,5,-0.5633,0.3106,0.3268,1.0322,238
08079600,ifs,5,-13.8949,-6.7036,0.3617,8.0929,194
08082700,ifs,5,-0.0215,-0.4196,-0.0352,0.6192,224
08086212,ifs,5,0.1327,-0.0377,0.4298,1.3427,238
08086290,ifs,5,-0.1757,-0.9818,0.2501,2.8122,238
08101000,ifs,5,-8.9284,-1.5511,0.1772,2.1461,238
08103900,ifs,5,0.1918,0.1339,0.4503,0.7234,238
08104900,ifs,5,-0.0005,-0.1020,0.2549,0.4599,238
08109700,ifs,5,-0.4471,0.1677,0.2086,1.2401,222
08150800,ifs,5,-0.0086,-0.4932,0.0053,0.3824,238
08155200,ifs,5,-0.5353,-0.7807,0.1704,2.5575,238
08158700,ifs,5,-4.9522,-7.9395,0.1321,9.8495,238
08158810,ifs,5,-0.0102,-0.0156,0.1847,0.9746,238
08164000,ifs,5,-2.8365,-0.6341,0.1312,2.1358,238
08164300,ifs,5,-0.1182,0.0570,0.1697,1.0103,235
08164600,ifs,5,-20.8833,-6.1198,0.2642,7.0232,238
08165300,ifs,5,-0.0070,-0.4261,-0.0458,0.8355,238
08171300,ifs,5,-19.4542,-29.7977,-0.0076,31.7081,238
08175000,ifs,5,-0.2366,-0.1922,0.1191,0.3246,238
08176900,ifs,5,-27.1918,-8.7275,0.6797,9.5391,238
08178880,ifs,5,-0.0389,-0.4185,0.0937,0.2827,238
08189500,ifs,5,-0.8865,0.2005,0.3962,1.3221,238
08190000,ifs,5,-0.0223,-0.2991,0.0370,0.6966,238
08190500,ifs,5,0.6944,-0.1093,0.9500,2.0798,232
08194200,ifs,5,0.0100,-0.3628,0.1534,0.3482,238
08195000,ifs,5,0.0115,-0.3329,0.1375,0.4985,238
08196000,ifs,5,-0.0646,0.0844,0.3135,1.5204,226
08198500,ifs,5,-0.0013,-0.4973,0.0932,0.2705,238
08200000,ifs,5,-0.0228,-0.2440,0.1442,0.4241,238
08202700,ifs,5,-0.0079,-0.5845,0.0540,0.1095,237
08267500,ifs,5,-21.6931,-2.2311,0.6940,2.6285,238
08269000,ifs,5,-3.2807,-0.3203,0.7140,1.6919,238
08271000,ifs,5,-43.8900,-4.1225,0.7695,2.4525,238
08324000,ifs,5,0.1801,0.6042,0.7077,1.1387,238
08377900,ifs,5,-3.5717,-0.4075,0.4922,1.3453,238
08378500,ifs,5,-5.2831,-0.8612,0.5984,1.2978,230
08380500,ifs,5,-2.4211,-0.1054,0.5049,1.6712,238
09034900,ifs,5,0.1760,0.2274,0.8803,1.5721,234
09035900,ifs,5,0.5572,0.7486,0.8256,1.0898,204
09047700,ifs,5,-4.6431,-0.9637,0.8825,1.4166,236
09065500,ifs,5,0.7277,0.6538,0.9390,1.1341,238
09066000,ifs,5,-0.9443,0.1651,0.5870,1.1645,238
09066200,ifs,5,0.7077,0.6418,0.9264,1.2193,238
09066300,ifs,5,-0.3743,-0.0075,0.8034,1.7936,238
09081600,ifs,5,0.1326,0.6014,0.6233,1.0188,238
09107000,ifs,5,-1.1005,0.0225,0.7034,1.2586,237
09210500,ifs,5,-1.4136,0.0985,0.7333,1.5444,211
09223000,ifs,5,-2.7755,-0.5457,0.8793,1.9773,177
09306242,ifs,5,-451.1756,-4.1202,0.8581,5.9650,236
09312600,ifs,5,-2.1271,-0.6109,0.4833,2.3861,238
09352900,ifs,5,-0.6216,0.2940,0.5686,1.2934,208
09378170,ifs,5,0.2539,0.2617,0.5409,1.3217,238
09378630,ifs,5,,,,,238
09386900,ifs,5,-2.6855,-0.3419,0.0215,1.6799,238
09404450,ifs,5,0.6911,0.7395,0.8490,0.9157,238
09430500,ifs,5,-0.9932,0.1351,0.5912,0.2629,238
09430600,ifs,5,-0.2372,0.1819,0.4945,0.3571,238
09447800,ifs,5,-2.3744,-0.6360,0.0682,2.0609,238
09480000,ifs,5,-0.5181,-4.5469,0.0647,6.4549,238
09484000,ifs,5,-0.9147,-0.9548,0.3270,2.8217,213
09484600,ifs,5,-1.8322,-2.0407,0.0794,3.8771,237
09492400,ifs,5,-1.2318,0.1079,0.7555,1.6860,236
09494000,ifs,5,0.1687,0.6017,0.6101,1.0636,238
09497800,ifs,5,-0.1400,-0.6431,-0.2343,1.6234,238
09497980,ifs,5,-0.2157,0.0669,0.1485,0.8964,210
09505200,ifs,5,0.5924,0.7105,0.7810,1.1581,238
09505350,ifs,5,0.4251,0.3553,0.7149,1.5780,238
09505800,ifs,5,0.5989,0.7511,0.8150,1.1559,238
09508300,ifs,5,-0.3814,0.1994,0.2437,0.7558,238
09510200,ifs,5,-2.2919,-1.0588,0.1014,2.7678,219
09512280,ifs,5,-0.0850,-0.9634,0.0604,2.5682,238
09513780,ifs,5,-128.5380,-14.2212,-0.0095,12.6090,237
10023000,ifs,5,-14.6934,-0.6504,0.0753,2.2250,238
10166430,ifs,5,-13402.4031,-90.2533,0.5575,72.7408,238
10172700,ifs,5,-29.4512,-0.2351,0.6429,2.0197,238
10172800,ifs,5,-9.9102,-0.8887,0.8084,2.3669,238
10173450,ifs,5,-0.3849,0.3936,0.4158,0.9949,238
10205030,ifs,5,-190.7237,-9.8727,-0.0200,2.3454,238
10234500,ifs,5,-0.0499,-0.2040,0.0585,0.8620,234
10242000,ifs,5,-29.3563,-3.7036,0.4098,4.4914,238
10244950,ifs,5,-37.4808,-1.5373,0.7068,1.5640,238
10249300,ifs,5,-45.1674,-4.5870,0.5107,4.3296,237
10258000,ifs,5,,,,,66
10258500,ifs,5,-0.0371,0.4526,0.4734,0.8514,238
10259000,ifs,5,0.7170,0.7617,0.8575,1.0892,238
10259200,ifs,5,-6.8699,-5.4028,0.8305,6.9784,238
10263500,ifs,5,-0.4840,0.1248,0.8160,1.2591,238
10310500,ifs,5,-1.4155,0.2163,0.8858,1.7534,238
10316500,ifs,5,-0.3528,0.3268,0.6754,1.2428,238
10329500,ifs,5,0.2880,0.4332,0.8821,1.2143,238
10336645,ifs,5,0.4813,0.6369,0.7042,1.0835,224
10336660,ifs,5,0.4764,0.6718,0.7060,1.0019,238
10343500,ifs,5,0.5916,0.4601,0.8713,0.7759,238
10348850,ifs,5,-2.2577,0.0106,0.8158,1.7235,238
10396000,ifs,5,-0.1853,0.4490,0.6870,1.2140,238
11098000,ifs,5,0.0163,0.2930,0.7468,1.4958,238
11124500,ifs,5,-2.5868,-0.9609,0.9193,2.4097,238
11141280,ifs,5,0.5974,0.5979,0.7820,1.1145,238
11143000,ifs,5,0.7150,0.7248,0.8641,1.2376,238
11148900,ifs,5,0.6101,0.3025,0.8918,0.5540,238
11151300,ifs,5,0.5360,0.3856,0.8707,1.0063,238
11162500,ifs,5,0.6254,0.4744,0.8378,0.6978,238
11176400,ifs,5,0.2773,0.1504,0.5525,0.5407,144
11180500,ifs,5,-0.7050,-0.5355,0.7594,2.2464,238
11180960,ifs,5,-0.7196,-0.4854,0.4185,2.3437,238
11224500,ifs,5,-0.0117,-0.5557,0.1167,0.1365,238
11253310,ifs,5,-0.0222,-0.1320,0.2054,0.4457,238
11264500,ifs,5,-0.5776,0.2066,0.2082,0.9493,238
11266500,ifs,5,-0.4422,0.3131,0.3194,1.0772,238
11274500,ifs,5,0.3826,0.5111,0.6238,0.9044,238
11274630,ifs,5,-0.0536,0.3360,0.3689,0.9342,238
11284400,ifs,5,0.0430,-0.2959,0.3300,0.2261,238
11299600,ifs,5,0.0366,0.0891,0.2883,0.7354,235
11381500,ifs,5,0.3386,0.2702,0.6510,0.9874,238
11383500,ifs,5,0.4285,0.3743,0.7012,1.0480,238
11451100,ifs,5,0.2155,0.5257,0.5563,1.0865,106
11468500,ifs,5,0.2369,0.1465,0.5594,0.8363,238
11473900,ifs,5,0.3698,0.2753,0.7094,0.8864,238
11475560,ifs,5,0.4783,0.4400,0.7210,0.9393,238
11476600,ifs,5,0.8477,0.7679,0.9244,1.2028,237
11478500,ifs,5,0.4000,0.3665,0.6440,1.2685,238
11480390,ifs,5,0.2733,0.2154,0.5618,0.8935,238
11481200,ifs,5,0.6731,0.6031,0.8399,1.1489,238
11482500,ifs,5,0.7254,0.5538,0.8766,1.3759,238
11522500,ifs,5,0.2415,0.4058,0.6741,1.4968,238
11523200,ifs,5,-0.4115,0.1262,0.6430,1.7277,238
11528700,ifs,5,0.4712,0.4335,0.7153,1.0892,238
11532500,ifs,5,0.7982,0.7246,0.9073,1.0802,238
12010000,ifs,5,0.5787,0.7283,0.8111,0.8130,238
12013500,ifs,5,0.6092,0.7050,0.8738,0.9963,238
12020000,ifs,5,0.3048,0.5718,0.7137,0.7085,238
12025000,ifs,5,0.5525,0.5757,0.8937,1.1582,238
12025700,ifs,5,0.2466,0.5560,0.7808,0.9424,238
12035000,ifs,5,0.8465,0.8906,0.9253,0.9205,238
12040500,ifs,5,0.6344,0.7938,0.8440,0.9347,238
12041200,ifs,5,0.4485,0.6027,0.8472,0.9185,238
12043000,ifs,5,0.7138,0.7829,0.8587,0.8464,238
12048000,ifs,5,0.4067,0.6390,0.8485,1.2378,238
12054000,ifs,5,0.1103,0.4225,0.8136,1.3509,238
12056500,ifs,5,0.0244,0.4736,0.7361,0.9930,238
12073500,ifs,5,0.3831,0.6873,0.7002,1.0873,237
12082500,ifs,5,0.3701,0.3544,0.6281,0.9896,232
12092000,ifs,5,0.0873,0.1247,0.3262,0.9551,238
12095000,ifs,5,0.5937,0.5365,0.8006,0.8511,238
12114500,ifs,5,0.4693,0.4089,0.7328,1.0278,238
12115000,ifs,5,0.4441,0.4031,0.7011,1.0045,238
12115500,ifs,5,0.3873,0.3851,0.6380,0.8755,238
12117000,ifs,5,0.5552,0.5591,0.7553,0.9798,238
12141300,ifs,5,0.2778,0.3099,0.5312,1.0863,238
12143600,ifs,5,0.3484,0.3398,0.6112,1.1715,234
12144000,ifs,5,0.4382,0.4540,0.6704,1.0019,237
12145500,ifs,5,0.6692,0.6507,0.8292,0.8514,238
12147600,ifs,5,0.4351,0.5183,0.6597,0.9883,238
12167000,ifs,5,0.7011,0.7433,0.8611,1.2157,238
12175500,ifs,5,0.1054,0.5879,0.6326,1.1208,238
12186000,ifs,5,0.5399,0.5957,0.7453,1.1338,235
12189500,ifs,5,0.6265,0.6629,0.8282,1.2266,237
12358500,ifs,5,0.6067,0.7920,0.8297,1.0448,238
12377150,ifs,5,0.5236,0.7568,0.7654,0.9362,238
12381400,ifs,5,0.3365,0.4975,0.8612,1.2290,205
12390700,ifs,5,0.4104,0.6184,0.6917,1.1769,238
12411000,ifs,5,0.7397,0.7372,0.8753,1.1880,227
12414500,ifs,5,0.6480,0.6648,0.8190,0.8962,238
12447390,ifs,5,-0.2094,-0.2488,0.2193,0.3560,238
12451000,ifs,5,0.4850,0.6857,0.8098,1.2140,238
12488500,ifs,5,0.5818,0.7089,0.7888,1.1510,238
13011500,ifs,5,0.7403,0.6336,0.9379,1.2815,238
13011900,ifs,5,0.7970,0.8121,0.9260,0.9602,238
13018300,ifs,5,-0.4383,-0.0040,0.9330,1.4755,238
13023000,ifs,5,0.5322,0.7644,0.8055,0.9099,196
13161500,ifs,5,0.6645,0.6829,0.8454,0.7867,238
13235000,ifs,5,0.5875,0.6572,0.7834,0.8886,236
13240000,ifs,5,0.7751,0.8550,0.8811,1.0038,159
13310700,ifs,5,0.5839,0.5009,0.8991,0.6713,238
13313000,ifs,5,0.6923,0.4840,0.9576,0.6429,238
13331500,ifs,5,0.5046,0.5440,0.9024,1.2175,238
13337000,ifs,5,0.6609,0.6830,0.8477,0.8184,238
13338500,ifs,5,0.7885,0.8735,0.8982,1.0752,238
13340000,ifs,5,0.4769,0.6131,0.7485,0.7839,238
13340600,ifs,5,0.5696,0.5950,0.8728,0.6962,238
14020000,ifs,5,0.3010,0.1937,0.6797,0.6629,238
14092750,ifs,5,0.5773,0.5768,0.7859,0.8937,238
14096850,ifs,5,-1.1236,0.4138,0.8325,0.4402,238
14137000,ifs,5,0.5665,0.5146,0.7837,1.0182,233
14138800,ifs,5,0.4561,0.5524,0.6756,0.9794,238
14138870,ifs,5,0.6204,0.6985,0.7906,0.9002,238
14138900,ifs,5,0.3955,0.4474,0.6307,0.9502,238
14139800,ifs,5,0.6307,0.7124,0.7970,0.8976,236
14141500,ifs,5,0.6499,0.7517,0.8081,0.9460,238
14154500,ifs,5,0.7029,0.6685,0.8512,1.0322,238
14158500,ifs,5,0.7662,0.6840,0.9180,1.0804,223
14158790,ifs,5,0.5836,0.5460,0.7865,1.0188,234
14166500,ifs,5,0.4222,0.3922,0.6765,0.8914,238
14182500,ifs,5,0.5134,0.4867,0.7391,0.7846,238
14185000,ifs,5,0.6661,0.6416,0.8287,0.9740,238
14185900,ifs,5,0.5276,0.5493,0.7331,0.9222,235
14187000,ifs,5,0.5894,0.6314,0.7699,1.0194,237
14216500,ifs,5,0.8859,0.9139,0.9430,1.0545,235
14222500,ifs,5,0.7566,0.8238,0.8722,1.0850,238
14236200,ifs,5,0.6323,0.7942,0.8198,0.9010,237
14301000,ifs,5,0.8077,0.8999,0.9025,1.0156,237
14303200,ifs,5,0.6806,0.5535,0.8820,0.9691,238
14305500,ifs,5,0.5321,0.6983,0.7381,0.9974,236
14306340,ifs,5,0.5340,0.4395,0.7833,0.7681,238
14306500,ifs,5,0.7038,0.6344,0.8625,0.9111,238
14308990,ifs,5,0.3661,0.2936,0.6729,0.8850,238
14309500,ifs,5,0.6562,0.5403,0.8542,0.8593,238
14316700,ifs,5,0.6254,0.5628,0.8207,1.0168,238
14325000,ifs,5,0.7641,0.7779,0.8759,0.9191,238
14362250,ifs,5,0.1783,0.0390,0.6513,0.4888,148
14400000,ifs,5,0.8205,0.7230,0.9155,0.8142,238
01013500,ifs,6,0.8845,0.8051,0.9513,0.8554,238
01022500,ifs,6,0.6663,0.7903,0.8263,1.0940,238
01030500,ifs,6,0.7667,0.7992,0.9124,1.0906,238
01031500,ifs,6,0.2714,0.6068,0.7255,1.1874,236
01047000,ifs,6,-0.0122,0.5266,0.6209,1.1521,238
01052500,ifs,6,0.2504,0.4580,0.5504,0.8232,238
01054200,ifs,6,0.0473,0.2152,0.3824,0.6679,238
01055000,ifs,6,-0.1852,0.4444,0.4707,1.1341,236
01057000,ifs,6,0.3958,0.6869,0.6888,1.0152,236
01073000,ifs,6,0.5397,0.6892,0.8297,1.1699,238
01078000,ifs,6,0.2063,0.4286,0.5337,0.7800,236
01118300,ifs,6,-0.7226,0.2922,0.3504,0.9106,236
01121000,ifs,6,0.1628,0.5419,0.6552,1.2716,236
01123000,ifs,6,0.5657,0.7211,0.7594,0.9728,238
01134500,ifs,6,0.5010,0.7202,0.7358,0.9383,236
01137500,ifs,6,0.2774,0.5264,0.5887,0.8493,238
01139000,ifs,6,-0.0210,0.5449,0.5919,1.0078,234
01139800,ifs,6,0.6374,0.7995,0.8249,1.0976,238
01142500,ifs,6,0.2636,0.6345,0.6408,0.9350,236
01144000,ifs,6,0.3912,0.7001,0.7511,0.9858,238
01169000,ifs,6,0.5321,0.7089,0.7494,1.1123,236
01170100,ifs,6,0.6053,0.7766,0.7897,0.9927,237
01181000,ifs,6,0.6785,0.7784,0.8280,1.0876,236
01187300,ifs,6,0.4615,0.5320,0.6818,1.1203,238
01195100,ifs,6,0.3068,0.3751,0.5629,0.8729,238
01333000,ifs,6,0.4330,0.5649,0.6671,0.8944,236
01350000,ifs,6,0.1024,0.0972,0.3471,0.7442,235
01350080,ifs,6,0.6009,0.5870,0.7942,0.7666,238
01350140,ifs,6,0.4821,0.6277,0.7525,0.7243,188
01365000,ifs,6,0.2592,0.3800,0.5258,0.8712,236
01411300,ifs,6,-0.0319,0.1443,0.3055,1.2438,229
01413500,ifs,6,0.3820,0.3977,0.6451,0.7849,236
01414500,ifs,6,0.0576,0.0561,0.3559,0.6060,236
01415000,ifs,6,0.2819,0.2627,0.6293,0.6212,193
01423000,ifs,6,0.3718,0.4059,0.6556,0.7310,238
01434025,ifs,6,0.0481,0.4618,0.5268,0.7453,238
01435000,ifs,6,0.2189,0.3249,0.4824,0.8908,237
01439500,ifs,6,0.5294,0.5687,0.7647,0.8015,236
01440000,ifs,6,0.4620,0.5575,0.6841,0.9202,238
01440400,ifs,6,0.6499,0.6968,0.8083,0.9511,212
01451800,ifs,6,0.0369,0.3958,0.4325,1.0924,236
01466500,ifs,6,-3.8591,-0.8609,0.7449,1.0143,236
01484100,ifs,6,-0.6084,0.3137,0.4324,1.3062,238
01485500,ifs,6,-6.0923,-1.0923,0.3139,2.1873,233
01486000,ifs,6,-3.1920,-0.3907,0.2908,1.8063,238
01487000,ifs,6,-0.4191,0.3809,0.5940,1.0762,238
01491000,ifs,6,0.4338,0.5721,0.6632,0.9709,238
01510000,ifs,6,0.5791,0.6759,0.7621,0.9488,238
01516500,ifs,6,0.1719,0.1154,0.5042,0.5773,238
01518862,ifs,6,0.2719,0.2669,0.6121,0.6152,238
01532000,ifs,6,0.3091,0.5966,0.6212,0.9177,236
01539000,ifs,6,0.2170,0.5649,0.5835,0.9043,220
01542810,ifs,6,0.3771,0.4198,0.6374,0.7639,236
01543000,ifs,6,0.3291,0.5266,0.6379,0.7621,238
01543500,ifs,6,0.3489,0.4493,0.6490,0.7405,236
01544500,ifs,6,0.3784,0.3610,0.7596,0.6106,238
01545600,ifs,6,0.3864,0.3041,0.7818,0.6082,238
01547700,ifs,6,0.0158,-0.0362,0.2194,0.7643,238
01548500,ifs,6,0.2488,0.2269,0.6763,0.5678,236
01549500,ifs,6,0.4760,0.4163,0.7806,0.6648,236
01550000,ifs,6,0.3676,0.3697,0.6975,0.6549,236
01552000,ifs,6,0.2608,0.4421,0.5755,0.7750,238
01552500,ifs,6,0.0873,0.5354,0.5525,0.8750,238
01557500,ifs,6,-0.0477,0.3114,0.3535,0.9575,238
01567500,ifs,6,0.0559,0.1582,0.3119,1.0074,238
01568000,ifs,6,0.1896,0.3109,0.4585,1.0837,238
01580000,ifs,6,-0.5766,0.2071,0.2077,0.9688,234
01583500,ifs,6,-0.2092,0.2114,0.2642,0.8533,238
01586610,ifs,6,-0.1384,0.1838,0.2816,0.7875,204
01591400,ifs,6,-0.9911,0.1952,0.2406,1.0370,238
01596500,ifs,6,0.0199,0.0918,0.3008,0.7068,236
01605500,ifs,6,-0.9784,0.2210,0.3298,1.1727,236
01606500,ifs,6,0.1432,0.3166,0.4665,0.7525,211
01613050,ifs,6,0.0878,0.2189,0.3580,1.0391,238
01620500,ifs,6,0.1646,0.2037,0.5330,0.5124,236
01632000,ifs,6,0.0657,0.2528,0.3663,0.8864,236
01632900,ifs,6,-0.2482,0.3769,0.3771,0.9819,236
01634500,ifs,6,-0.0121,0.1706,0.2860,0.9130,221
01638480,ifs,6,-1.0539,-0.0540,0.3243,1.7986,233
01639500,ifs,6,-0.1362,0.2604,0.3074,1.1305,238
01644000,ifs,6,-0.8276,0.0043,0.3894,1.7849,238
01658500,ifs,6,-0.6189,0.1273,0.1323,1.0605,207
01664000,ifs,6,0.0937,0.2991,0.4037,0.8932,238
01666500,ifs,6,0.3068,0.3928,0.5572,1.0505,223
01667500,ifs,6,0.1684,0.5023,0.5344,1.1002,216
01669000,ifs,6,0.1156,0.5092,0.5220,1.0648,213
01669520,ifs,6,-3.4475,-0.4758,0.5518,1.8129,236
02011400,ifs,6,0.1106,0.4973,0.5200,1.1191,238
02011460,ifs,6,0.1248,0.3538,0.4523,0.8185,238
02013000,ifs,6,0.1518,0.2888,0.4233,1.0492,238
02014000,ifs,6,-0.0297,0.4085,0.4216,0.9849,237
02015700,ifs,6,0.0621,0.4954,0.5009,1.0342,220
02016000,ifs,6,0.2563,0.5465,0.5849,0.8780,237
02017500,ifs,6,0.2080,0.6145,0.6181,1.0404,236
02018000,ifs,6,0.5244,0.6810,0.7308,0.9914,231
02027000,ifs,6,0.4413,0.6411,0.7433,0.7499,218
02027500,ifs,6,0.5354,0.5342,0.8148,0.6223,221
02028500,ifs,6,0.3488,0.4843,0.6189,0.8359,213
02038850,ifs,6,-0.1691,0.0598,0.1856,0.7729,236
02046000,ifs,6,0.2198,0.3873,0.5769,1.3926,228
02051000,ifs,6,-0.1612,-0.0234,0.1086,0.8493,238
02051500,ifs,6,0.0707,0.4512,0.4888,1.1648,236
02053200,ifs,6,-0.6524,0.1336,0.4960,1.6111,210
02053800,ifs,6,0.1793,0.2254,0.4545,0.8396,219
02055100,ifs,6,0.3596,0.4743,0.6065,1.0686,236
02056900,ifs,6,0.1536,0.4189,0.4936,0.8642,212
02059500,ifs,6,0.1482,0.4078,0.5242,0.7541,207
02064000,ifs,6,0.0609,0.1010,0.3608,0.6754,226
02065500,ifs,6,0.2465,0.3542,0.6492,0.6112,236
02069700,ifs,6,-0.1235,0.2359,0.3049,1.1529,210
02070000,ifs,6,-0.1946,0.1425,0.2157,1.1364,236
02074500,ifs,6,-0.1101,0.2148,0.2747,1.0480,238
02077200,ifs,6,0.0720,0.4695,0.4830,1.0277,233
02081500,ifs,6,-0.1958,0.0502,0.1742,1.2954,238
02082950,ifs,6,-1.1792,-0.0204,0.5055,1.6342,238
02092500,ifs,6,-23.2908,-3.2454,0.0633,2.7698,238
02096846,ifs,6,-0.6498,-0.0137,0.1021,1.4596,238
02102908,ifs,6,0.0505,0.3863,0.4285,0.9360,238
02108000,ifs,6,0.1411,0.5683,0.6268,1.1905,238
02111180,ifs,6,-0.0889,-0.1258,0.0665,0.9733,238
02111500,ifs,6,-0.1871,0.0967,0.1817,0.9127,236
02118500,ifs,6,0.0837,0.4114,0.4501,0.9723,238
02128000,ifs,6,0.0896,-0.3088,0.6459,2.2595,238
02137727,ifs,6,-0.1533,0.1221,0.2024,0.9497,238
02140991,ifs,6,-0.1793,0.0479,0.1464,1.0698,238
02143000,ifs,6,-0.5032,0.3497,0.3825,1.1910,238
02143040,ifs,6,-0.8080,0.2390,0.2745,0.8795,236
02149000,ifs,6,-0.0298,0.0173,0.1897,0.9734,238
02152100,ifs,6,-0.4795,0.0912,0.1118,0.9654,238
02177000,ifs,6,-0.0611,0.1404,0.2477,1.0488,236
02178400,ifs,6,0.1258,0.4404,0.4861,0.9377,236
02193340,ifs,6,-4.5398,-0.6302,0.1826,1.5583,238
02196000,ifs,6,-0.0755,-0.2122,0.1075,0.5069,238
02198100,ifs,6,0.2196,0.1930,0.5016,1.2716,237
02202600,ifs,6,-1.3973,-0.1904,0.2007,1.8592,238
02212600,ifs,6,-0.0451,0.2284,0.3031,1.0521,236
02215100,ifs,6,-0.0419,-0.0474,0.1841,0.7085,238
02216180,ifs,6,-0.0772,-0.4645,-0.0822,0.4697,236
02221525,ifs,6,-0.1682,0.2317,0.2782,1.1152,236
02231000,ifs,6,-1.8567,-0.1368,0.2863,1.6466,238
02231342,ifs,6,-1.2492,-0.0101,0.4863,1.6479,238
02235200,ifs,6,-0.2686,0.4324,0.4826,1.2066,237
02245500,ifs,6,-1.5938,0.0592,0.4004,1.0727,238
02246000,ifs,6,-0.5172,0.2951,0.3488,0.7451,236
02296500,ifs,6,0.0671,-0.2580,0.7914,2.2171,227
02297155,ifs,6,0.0192,-0.1630,0.5857,0.2751,237
02297310,ifs,6,0.4198,0.4985,0.6715,0.7320,228
02298123,ifs,6,0.3521,0.2539,0.6729,0.5465,238
02298608,ifs,6,0.1315,0.5222,0.6149,1.2761,238
02299950,ifs,6,-0.1321,0.2519,0.3366,0.7172,238
02300700,ifs,6,0.1687,0.0476,0.4882,0.5181,238
02310947,ifs,6,-0.7420,-2.0491,-0.2939,3.6683,238
02312200,ifs,6,-19.8896,-4.2071,0.2768,6.1456,238
02314500,ifs,6,-0.3053,-0.4853,-0.1753,0.5656,238
02315500,ifs,6,-0.3296,-0.6562,-0.2880,0.4430,238
02324400,ifs,6,-0.2052,-1.0284,-0.5320,0.1148,238
02327100,ifs,6,-1.5478,-0.5373,0.6193,2.2934,236
02349900,ifs,6,0.0520,-0.0152,0.2428,0.9612,238
02350900,ifs,6,0.0363,0.2996,0.5768,0.6462,238
02361000,ifs,6,0.1006,0.2912,0.5246,0.6621,238
02363000,ifs,6,0.0702,-0.0846,0.6130,0.3516,236
02369800,ifs,6,0.0099,-0.2757,0.2723,0.4431,237
02371500,ifs,6,0.1382,0.0072,0.4796,0.7467,238
02372250,ifs,6,0.1877,0.0832,0.5144,0.7916,236
02374500,ifs,6,0.0898,0.0335,0.3606,0.7287,238
02381600,ifs,6,-0.2570,0.0685,0.1342,1.0309,237
02384540,ifs,6,-0.5637,0.0516,0.0995,0.7672,238
02395120,ifs,6,-0.8290,0.1767,0.1849,0.9767,238
02408540,ifs,6,-0.4859,0.3145,0.3205,0.9758,238
02415000,ifs,6,-0.1529,0.3391,0.3512,0.9762,228
02422500,ifs,6,-0.9066,0.2379,0.3389,1.2067,221
02427250,ifs,6,0.0183,0.1523,0.2905,1.0904,238
02430085,ifs,6,-0.4258,0.0823,0.1223,1.1521,238
02450250,ifs,6,0.0839,0.2276,0.3586,1.0159,236
02464000,ifs,6,0.0418,0.3313,0.3931,0.9314,238
02465493,ifs,6,0.0764,0.4874,0.5055,1.1022,235
02469800,ifs,6,0.1728,0.1433,0.5098,0.5522,236
02472000,ifs,6,0.6319,0.5512,0.8145,0.7115,238
02472500,ifs,6,0.0131,0.3236,0.4459,0.6581,238
02479155,ifs,6,0.1111,-0.0972,0.4344,0.5114,238
02479300,ifs,6,0.0286,-0.2427,0.2903,0.3865,238
02481000,ifs,6,0.0048,-0.3689,0.3811,0.1665,238
02481510,ifs,6,0.0363,-0.2380,0.4966,0.2711,238
03010655,ifs,6,0.4016,0.4273,0.7174,0.6628,209
03011800,ifs,6,0.2243,0.3611,0.5548,0.7419,238
03015500,ifs,6,0.3370,0.6438,0.6572,0.9144,238
03021350,ifs,6,0.1269,0.5371,0.5613,0.8534,236
03026500,ifs,6,0.3222,0.4151,0.5995,0.7897,238
03028000,ifs,6,0.3164,0.4848,0.6871,0.6757,236
03049800,ifs,6,-0.0015,-0.0016,0.2684,0.6451,236
03050000,ifs,6,0.0207,0.3586,0.4062,0.8984,236
03066000,ifs,6,0.2158,0.3949,0.5276,0.7753,238
03069500,ifs,6,0.1251,0.3256,0.4637,0.7398,236
03070500,ifs,6,-0.3622,0.4105,0.5118,1.1651,236
03076600,ifs,6,0.0004,0.1719,0.3574,0.6685,238
03078000,ifs,6,-0.0796,0.0764,0.2469,0.6958,238
03140000,ifs,6,0.1067,0.1771,0.3555,0.9323,236
03144000,ifs,6,-0.2495,0.2415,0.2637,0.9405,238
03159540,ifs,6,0.1450,0.4025,0.4735,0.8730,238
03161000,ifs,6,-0.0533,0.1191,0.2690,0.8516,238
03164000,ifs,6,0.2145,0.5630,0.6080,0.8470,238
03165000,ifs,6,0.0236,0.0365,0.2672,0.8509,221
03170000,ifs,6,0.2045,0.3123,0.4951,0.8506,238
03173000,ifs,6,0.1945,0.5315,0.5636,0.8629,236
03180500,ifs,6,0.1844,0.3568,0.4803,0.8226,222
03182500,ifs,6,0.1324,0.4725,0.5004,0.9407,236
03186500,ifs,6,-0.1387,0.4292,0.4293,1.0102,236
03187500,ifs,6,-0.2980,0.4386,0.4749,1.0101,235
03213700,ifs,6,0.1628,0.5735,0.5796,1.0707,238
03237280,ifs,6,-0.0333,0.1745,0.3099,0.7160,238
03237500,ifs,6,0.1372,0.5450,0.5496,1.0469,236
03241500,ifs,6,0.1002,0.1436,0.3820,0.6704,225
03280700,ifs,6,-0.3412,0.3118,0.3545,0.7620,213
03281100,ifs,6,-0.3783,0.3435,0.3770,0.8117,236
03281500,ifs,6,-0.2628,0.4397,0.4956,0.8625,223
03285000,ifs,6,-0.4443,0.0764,0.3256,1.6310,235
03291780,ifs,6,-0.0171,0.0752,0.2346,0.8607,238
03300400,ifs,6,0.0597,0.1791,0.3245,0.9445,238
03340800,ifs,6,-1.3002,0.1184,0.1969,1.0896,190
03346000,ifs,6,-0.2917,0.2111,0.2679,0.7424,238
03364500,ifs,6,-0.0661,0.0239,0.2297,0.6156,238
03366500,ifs,6,0.1519,0.1764,0.4128,0.7150,238
03368000,ifs,6,-0.0518,0.0675,0.2318,0.7296,238
03384450,ifs,6,-0.0331,-0.3539,0.0463,0.4744,238
03439000,ifs,6,-0.2290,-0.1855,0.0552,0.6661,236
03450000,ifs,6,-0.0700,-0.1680,0.1108,0.7786,238
03455500,ifs,6,-0.4441,0.0516,0.1735,0.6668,236
03456500,ifs,6,-0.3179,-0.0209,0.0844,0.7990,236
03460000,ifs,6,-0.3741,0.3446,0.5401,0.6238,238
03463300,ifs,6,-0.1576,0.2466,0.2886,0.9103,238
03471500,ifs,6,0.3933,0.6244,0.7674,0.7215,236
03473000,ifs,6,0.1123,0.4863,0.5953,0.7202,238
03479000,ifs,6,-0.2310,0.2138,0.2570,0.8809,236
03488000,ifs,6,0.3232,0.3855,0.6296,0.7083,238
03498500,ifs,6,-0.1270,0.3194,0.3841,0.7774,238
03500000,ifs,6,-0.0347,0.5360,0.5748,0.8196,236
03504000,ifs,6,-0.4531,0.3538,0.3722,0.8469,236
03574500,ifs,6,-0.0570,0.1491,0.3014,0.6723,238
03604000,ifs,6,-0.1771,-0.2286,-0.0283,0.7937,236
04015330,ifs,6,0.2384,0.2392,0.5021,0.6553,197
04024430,ifs,6,0.5109,0.5759,0.7363,0.7327,238
04027000,ifs,6,0.4573,0.4411,0.6999,0.7249,238
04040500,ifs,6,0.8240,0.7782,0.9130,0.8857,238
04043050,ifs,6,0.7867,0.8381,0.8892,0.9129,182
04045500,ifs,6,0.8802,0.7971,0.9525,0.8088,234
04056500,ifs,6,0.5365,0.4507,0.8160,0.7152,229
04057510,ifs,6,0.8665,0.7073,0.9583,0.7924,158
04057800,ifs,6,0.7802,0.6260,0.9059,0.7219,238
04059500,ifs,6,0.8420,0.7873,0.9262,0.9887,238
04063700,ifs,6,0.7322,0.4961,0.9284,0.6342,238
04074950,ifs,6,0.6245,0.5344,0.8933,0.7561,238
04105700,ifs,6,0.5344,0.5637,0.7521,0.9259,238
04115265,ifs,6,0.5380,0.4930,0.7639,0.9730,238
04122200,ifs,6,0.6012,0.5696,0.8097,0.8697,238
04122500,ifs,6,0.7502,0.7340,0.8831,0.9217,236
04124000,ifs,6,0.7527,0.6852,0.8859,0.9985,238
04127997,ifs,6,0.3398,0.3400,0.6225,0.9089,201
04185000,ifs,6,0.5048,0.6218,0.7171,0.8817,215
04196800,ifs,6,0.2803,0.3673,0.5393,0.8150,238
04197100,ifs,6,0.1183,0.3284,0.4202,1.0155,238
04197170,ifs,6,-0.1536,0.0288,0.1579,0.7703,238
04213000,ifs,6,-0.3784,0.4073,0.4815,1.1292,236
04213075,ifs,6,-0.0553,0.2369,0.3093,0.9003,234
04216418,ifs,6,0.1248,0.5594,0.5808,1.1314,238
04221000,ifs,6,0.1111,0.1769,0.5400,0.5427,238
04224775,ifs,6,0.2160,0.2170,0.5557,0.6018,236
04256000,ifs,6,0.6120,0.7471,0.8209,1.1751,236
04296000,ifs,6,0.3249,0.5561,0.6137,0.8828,236
05057000,ifs,6,-1.1153,0.0785,0.5688,0.5031,160
05057200,ifs,6,0.2817,0.6230,0.6347,1.0872,237
05062500,ifs,6,0.5411,0.6589,0.7395,0.9336,199
05087500,ifs,6,0.3547,0.5503,0.6151,1.0220,238
05120500,ifs,6,-10.0175,-1.4825,-0.0403,3.1936,210
05123400,ifs,6,-0.3916,-0.6523,-0.0184,0.1576,238
05129115,ifs,6,-0.8334,-0.8962,-0.2632,0.0000,238
05131500,ifs,6,0.0902,0.0497,0.4857,0.4840,142
05291000,ifs,6,-0.6453,0.3098,0.4016,0.8032,238
05362000,ifs,6,0.4715,0.6844,0.7303,0.8428,237
05393500,ifs,6,0.4008,0.5869,0.6600,0.8487,238
05399500,ifs,6,-0.0687,0.4513,0.4527,1.0312,236
05408000,ifs,6,0.1283,0.1264,0.4109,0.8319,237
05412500,ifs,6,0.0419,0.2466,0.4475,0.6789,238
05413500,ifs,6,-0.0394,0.3460,0.4830,0.7650,208
05414000,ifs,6,-0.0471,0.1556,0.6330,0.5994,204
05444000,ifs,6,-0.1400,0.1968,0.3429,0.6491,236
05454000,ifs,6,-0.0291,0.2457,0.4009,0.6330,238
05458000,ifs,6,-0.1379,0.0148,0.1663,0.7454,238
05466500,ifs,6,0.0635,0.1450,0.3336,0.7783,236
05487980,ifs,6,-0.1082,0.1547,0.2498,0.8117,236
05488200,ifs,6,0.1047,0.1422,0.3913,0.5785,236
05489000,ifs,6,-0.1345,0.0033,0.1860,0.6049,236
05495000,ifs,6,-1.2482,0.0060,0.2601,1.5415,236
05495500,ifs,6,-0.2079,0.0619,0.1853,0.6764,232
05501000,ifs,6,-0.4430,0.0722,0.1151,0.8178,236
05503800,ifs,6,-0.7750,0.2353,0.2666,1.1111,238
05507600,ifs,6,-1.1651,0.0927,0.3951,1.4088,238
05508805,ifs,6,-1.6661,-0.2812,0.5528,1.7662,236
05514500,ifs,6,0.3021,0.3782,0.5534,0.8591,236
05525500,ifs,6,0.0591,0.3449,0.4114,1.1196,236
05556500,ifs,6,0.0226,-0.0712,0.3702,0.4527,238
05584500,ifs,6,0.1398,0.2686,0.4512,0.6803,236
05585000,ifs,6,0.0762,0.3764,0.4798,0.7025,238
05591550,ifs,6,-0.3321,0.2165,0.2307,0.9947,236
05592050,ifs,6,-0.0278,0.3613,0.3907,0.9496,222
05592575,ifs,6,-0.1176,0.0837,0.2158,0.7284,236
05593575,ifs,6,0.0684,0.4189,0.4871,1.2514,238
05593900,ifs,6,-0.3852,0.0797,0.1261,0.8431,236
05595730,ifs,6,0.1184,0.4561,0.4876,1.0725,238
06037500,ifs,6,-2.1058,0.4257,0.8504,1.2826,238
06043500,ifs,6,0.2846,0.3343,0.9489,1.3316,238
06154410,ifs,6,0.0445,0.1187,0.3385,0.7091,238
06188000,ifs,6,0.8347,0.8715,0.9306,0.9810,238
06191500,ifs,6,0.7142,0.6670,0.9350,1.1111,238
06221400,ifs,6,0.8190,0.8398,0.9291,1.0647,238
06224000,ifs,6,0.7136,0.8461,0.8605,1.0644,238
06289000,ifs,6,0.3624,0.6257,0.6840,0.8557,238
06332515,ifs,6,-0.0341,0.4937,0.5188,1.1425,118
06339100,ifs,6,-29.6019,-4.0266,0.2654,2.7418,174
06339500,ifs,6,-0.3922,0.1646,0.4146,0.4149,167
06344600,ifs,6,-14.8797,-3.4654,0.3330,4.6079,177
06350000,ifs,6,-12.5509,-2.0665,0.2412,2.6469,238
06352000,ifs,6,-0.0136,-0.1022,0.5104,1.3306,237
06353000,ifs,6,-0.0035,-0.1162,0.5109,0.8053,236
06354000,ifs,6,0.3784,0.2991,0.8224,0.4926,173
06360500,ifs,6,0.1200,0.1393,0.5275,1.5411,139
06404000,ifs,6,-7.3797,-0.9713,-0.2170,1.6359,205
06406000,ifs,6,-166.1674,-3.7705,0.8991,5.7243,180
06408700,ifs,6,-1638.5779,-3.9942,0.1949,1.5102,238
06409000,ifs,6,-1.3207,0.6166,0.8800,1.2536,193
06431500,ifs,6,-1.2192,0.4141,0.4395,1.0938,227
06440200,ifs,6,-7.3197,-1.0242,0.1006,1.1442,160
06441500,ifs,6,-41.6641,-5.4560,0.0522,4.5849,177
06447000,ifs,6,-0.2708,-0.1357,0.0334,0.6262,140
06447500,ifs,6,-0.1161,-0.1704,0.2449,0.7051,238
06450500,ifs,6,-0.0366,-0.2117,0.0706,1.0572,208
06452000,ifs,6,-0.0432,-0.2527,0.0168,1.0320,175
06453600,ifs,6,-1.9849,-0.2757,0.0999,1.8484,235
06464500,ifs,6,-2.0768,-0.0349,0.1505,1.2210,175
06477500,ifs,6,-207.7895,-14.0187,0.1852,8.4013,237
06479215,ifs,6,-0.1812,-0.2327,0.0137,0.6110,238
06479438,ifs,6,-0.1470,-0.5294,-0.0005,0.2332,238
06601000,ifs,6,-0.5733,-0.0520,-0.0069,0.8577,238
06614800,ifs,6,0.7787,0.6145,0.9379,1.3499,238
06622700,ifs,6,-0.3248,0.1431,0.7635,1.6286,238
06623800,ifs,6,0.8203,0.9078,0.9120,0.9785,238
06632400,ifs,6,-0.3149,0.3207,0.4639,1.3959,238
06784000,ifs,6,-1.1392,0.1198,0.2418,1.3495,238
06803510,ifs,6,-0.0607,-0.3533,-0.0233,0.6047,238
06803530,ifs,6,-0.1640,-0.1560,0.0184,0.8154,238
06814000,ifs,6,-0.1421,-0.3088,-0.0085,0.4832,238
06846500,ifs,6,-0.0095,-0.4722,-0.0595,1.3788,238
06847900,ifs,6,0.3451,0.3237,0.6133,1.4085,238
06853800,ifs,6,-0.2305,-0.4583,0.0081,1.6767,238
06876700,ifs,6,0.1175,0.0732,0.4256,0.4497,238
06878000,ifs,6,0.0452,-0.2498,0.3245,0.3570,238
06879650,ifs,6,0.0082,-0.2528,0.2160,0.4137,237
06885500,ifs,6,-0.8179,-0.0073,0.0660,0.6247,238
06888500,ifs,6,-0.0244,-0.3836,0.1006,0.3718,238
06889200,ifs,6,0.0012,-0.0045,0.2447,0.6143,238
06889500,ifs,6,0.0303,0.0053,0.2528,0.6988,238
06892000,ifs,6,-1.0488,0.1087,0.1342,0.8687,238
06903400,ifs,6,-0.0604,-0.2836,0.1529,0.2919,238
06906800,ifs,6,-0.0686,-0.0521,0.1842,0.5892,238
06910800,ifs,6,-0.1093,-0.2340,0.0578,0.5272,238
06911900,ifs,6,-0.2861,-0.1129,0.0454,0.6226,238
06917000,ifs,6,-0.0327,0.0806,0.2932,0.5711,238
06918460,ifs,6,0.0810,0.3229,0.4015,1.0233,238
06919500,ifs,6,-0.3381,0.1685,0.2759,0.6059,238
06921070,ifs,6,-0.2374,0.0114,0.1386,0.6879,238
06921200,ifs,6,-0.0572,-0.3016,0.1393,0.3354,238
06934000,ifs,6,-0.3487,0.2233,0.2896,0.7052,237
07014500,ifs,6,0.0328,-0.1590,0.2962,0.5934,238
07056000,ifs,6,0.1225,0.3377,0.4410,0.8218,238
07057500,ifs,6,-0.0441,0.1914,0.3058,0.8349,230
07060710,ifs,6,-0.0001,-0.3947,0.0267,1.0504,238
07066000,ifs,6,-0.0857,0.0919,0.2316,0.8144,238
07067000,ifs,6,-0.2254,0.1357,0.4180,0.5485,238
07068000,ifs,6,-0.1695,0.0832,0.2640,0.7561,237
07071500,ifs,6,-0.4424,0.1677,0.2799,0.7832,238
07083000,ifs,6,-1.7099,-0.4332,0.8775,1.8089,238
07142300,ifs,6,-8.2691,-5.0579,-0.0511,6.9014,238
07145700,ifs,6,-0.0307,-0.6045,-0.0203,0.1745,238
07148400,ifs,6,-0.6220,0.2452,0.7158,1.4521,238
07149000,ifs,6,0.1144,0.4732,0.6826,1.4188,238
07151500,ifs,6,-0.0198,-0.4391,0.0601,0.4074,238
07167500,ifs,6,-0.1277,-0.3781,0.0084,1.6967,238
07180500,ifs,6,-0.0953,-0.0595,0.1391,0.6960,238
07184000,ifs,6,-0.0867,-0.2919,0.0738,0.3934,236
07195800,ifs,6,-1.2655,0.1468,0.2438,0.9832,236
07196900,ifs,6,-0.1560,0.1135,0.1932,1.0101,237
07197000,ifs,6,0.3110,0.3739,0.5593,0.9351,238
07208500,ifs,6,0.1152,0.5352,0.7369,1.0711,238
07226500,ifs,6,-0.0195,-0.4850,0.0156,0.3194,236
07261000,ifs,6,0.2229,0.3381,0.5528,1.4194,236
07263295,ifs,6,-3.5259,-1.8610,0.0697,3.5732,236
07290650,ifs,6,-0.0617,0.3035,0.3825,0.7397,238
07291000,ifs,6,-0.5646,-0.0642,0.1231,0.4309,238
07292500,ifs,6,-0.1951,0.2756,0.3057,0.8721,238
07295000,ifs,6,-0.1106,0.0405,0.2044,0.6742,238
07299670,ifs,6,-0.2969,-0.3174,0.0112,1.7226,228
07301410,ifs,6,-0.2228,-0.1351,0.0396,0.7603,227
07301500,ifs,6,-0.1813,-0.5724,0.0323,1.7704,200
07315200,ifs,6,-1.1158,-0.1582,0.0940,1.7071,161
07315700,ifs,6,-4.3446,-1.2593,0.1004,2.7289,218
07335700,ifs,6,-0.0430,-0.2411,0.1771,0.4229,229
07340300,ifs,6,-0.3641,0.2364,0.2570,0.8505,238
07346045,ifs,6,-2.0746,-0.0677,0.1902,0.5786,238
07359610,ifs,6,-0.3423,-0.0316,0.1752,1.5443,238
07362100,ifs,6,-0.1568,0.0969,0.5909,1.8025,238
07362587,ifs,6,-0.2571,-0.3917,0.2627,2.1469,236
07373000,ifs,6,-0.6829,0.1078,0.1700,0.6733,234
07375000,ifs,6,0.0205,-0.1797,0.2801,0.4132,238
07376000,ifs,6,0.0319,0.2488,0.3947,0.6882,238
08013000,ifs,6,0.3904,0.4810,0.6469,0.7390,238
08014500,ifs,6,0.2607,0.2325,0.5708,0.6164,238
08023080,ifs,6,-4.6515,-1.2573,0.0372,2.6890,238
08025500,ifs,6,-6.5054,-0.9025,0.0543,1.3960,238
08029500,ifs,6,-1.4266,-0.0441,0.0116,1.2753,238
08050800,ifs,6,0.1221,-0.0344,0.3999,0.6716,237
08066200,ifs,6,-0.0532,-0.3200,0.0590,0.4319,238
08066300,ifs,6,-0.0689,-0.4945,-0.0025,0.2393,238
08070000,ifs,6,-3.0000,-0.3843,0.2912,1.6199,238
08070200,ifs,6,-0.8418,0.2306,0.2629,1.0388,238
08079600,ifs,6,-14.0309,-6.3770,0.3836,7.7119,194
08082700,ifs,6,-0.0320,-0.3101,0.0068,0.7518,224
08086212,ifs,6,-0.0587,-0.2473,0.0359,1.3270,238
08086290,ifs,6,-0.8275,-1.4189,0.0309,3.2149,238
08101000,ifs,6,-7.8481,-1.8644,0.5914,2.5614,238
08103900,ifs,6,0.1771,0.1250,0.4307,0.7418,238
08104900,ifs,6,-0.0394,-0.1434,0.1988,0.4666,238
08109700,ifs,6,-0.4673,0.0949,0.1396,1.2271,222
08150800,ifs,6,-0.0041,-0.4876,0.0306,0.3743,238
08155200,ifs,6,-0.7563,-0.8837,0.1349,2.6675,238
08158700,ifs,6,-5.1020,-7.9774,0.1226,9.8839,238
08158810,ifs,6,-0.1864,0.0223,0.1251,1.0925,238
08164000,ifs,6,-3.2269,-0.6544,0.1734,2.0699,238
08164300,ifs,6,-0.1240,0.0120,0.1395,0.9416,235
08164600,ifs,6,-35.3577,-7.5222,0.1018,7.8924,238
08165300,ifs,6,-0.0057,-0.4153,-0.0299,0.8261,238
08171300,ifs,6,-27.2885,-31.5973,-0.0045,33.4381,238
08175000,ifs,6,0.0853,-0.1107,0.3864,0.2649,238
08176900,ifs,6,-16.6989,-7.3710,0.5067,8.6674,238
08178880,ifs,6,-0.0446,-0.4358,0.0785,0.2725,238
08189500,ifs,6,-1.9120,-0.0808,0.3697,1.3685,238
08190000,ifs,6,-0.0240,-0.3200,0.0254,0.6717,238
08190500,ifs,6,0.7280,-0.0427,0.9500,2.0197,232
08194200,ifs,6,-0.0365,-0.3110,0.0912,0.3957,238
08195000,ifs,6,-0.0025,-0.3911,0.0774,0.4686,238
08196000,ifs,6,-0.0163,0.1170,0.3298,1.4627,226
08198500,ifs,6,-0.0057,-0.5347,0.0630,0.2466,238
08200000,ifs,6,-0.0252,-0.2969,0.1260,0.3807,238
08202700,ifs,6,-0.0136,-0.6763,-0.0047,0.0511,237
08267500,ifs,6,-22.1341,-2.2755,0.6891,2.6358,238
08269000,ifs,6,-3.3363,-0.3313,0.7127,1.6956,238
08271000,ifs,6,-44.8063,-4.1860,0.7651,2.4607,238
08324000,ifs,6,0.1445,0.5867,0.7052,1.1494,238
08377900,ifs,6,-3.6097,-0.4168,0.4972,1.3512,238
08378500,ifs,6,-5.2678,-0.8576,0.5992,1.2988,230
08380500,ifs,6,-2.4482,-0.1067,0.5065,1.6908,238
09034900,ifs,6,0.1696,0.2232,0.8803,1.5747,234
09035900,ifs,6,0.5556,0.7453,0.8267,1.0939,204
09047700,ifs,6,-4.6072,-0.9554,0.8875,1.4215,236
09065500,ifs,6,0.7271,0.6504,0.9398,1.1372,238
09066000,ifs,6,-0.9285,0.1687,0.5899,1.1674,238
09066200,ifs,6,0.7042,0.6342,0.9273,1.2244,238
09066300,ifs,6,-0.3884,-0.0143,0.8028,1.7990,238
09081600,ifs,6,0.1318,0.6012,0.6235,1.0201,238
09107000,ifs,6,-1.1240,0.0170,0.7023,1.2669,237
09210500,ifs,6,-1.4082,0.0998,0.7343,1.5446,211
09223000,ifs,6,-2.7668,-0.5438,0.8796,1.9766,177
09306242,ifs,6,-451.2863,-4.1201,0.8579,5.9657,236
09312600,ifs,6,-2.1292,-0.6088,0.4813,2.3829,238
09352900,ifs,6,-0.6248,0.2926,0.5680,1.2986,208
09378170,ifs,6,0.2537,0.2615,0.5408,1.3220,238
09378630,ifs,6,,,,,238
09386900,ifs,6,-4.1627,-1.0978,0.7331,1.9859,238
09404450,ifs,6,0.6658,0.7324,0.8337,0.9145,238
09430500,ifs,6,-1.0905,0.1064,0.5311,0.2634,238
09430600,ifs,6,0.0923,0.0147,0.6125,0.2711,238
09447800,ifs,6,-2.3744,-0.6358,0.0687,2.0609,238
09480000,ifs,6,-0.5234,-4.3051,0.0158,6.1975,238
09484000,ifs,6,-0.9393,-0.8380,0.1742,2.6407,213
09484600,ifs,6,-0.6447,-1.4477,0.0896,3.2636,237
09492400,ifs,6,-1.2981,0.0968,0.7413,1.6888,236
09494000,ifs,6,0.1354,0.5869,0.5954,1.0638,238
09497800,ifs,6,-0.1399,-0.6428,-0.2339,1.6234,238
09497980,ifs,6,-0.3261,0.1042,0.1464,0.9402,210
09505200,ifs,6,0.6019,0.6955,0.7784,1.1082,238
09505350,ifs,6,0.6145,0.4803,0.7930,1.4579,238
09505800,ifs,6,0.6273,0.7741,0.8239,1.1357,238
09508300,ifs,6,-0.6739,0.2206,0.2416,0.8481,238
09510200,ifs,6,-2.3893,-1.1016,0.1009,2.8079,219
09512280,ifs,6,-0.2447,-0.9369,0.1035,2.6607,238
09513780,ifs,6,-44.5725,-10.4851,-0.0025,11.3244,237
10023000,ifs,6,-14.5818,-0.6432,0.0768,2.2212,238
10166430,ifs,6,-13411.8025,-90.3019,0.5573,72.7439,238
10172700,ifs,6,-29.4885,-0.2360,0.6428,2.0203,238
10172800,ifs,6,-9.8652,-0.8829,0.8067,2.3639,238
10173450,ifs,6,-0.3833,0.3940,0.4161,0.9948,238
10205030,ifs,6,-191.1233,-9.8801,-0.0200,2.3484,238
10234500,ifs,6,-0.1007,-0.2794,-0.0372,0.8631,234
10242000,ifs,6,-29.3785,-3.7057,0.4099,4.4909,238
10244950,ifs,6,-37.4796,-1.5385,0.7078,1.5640,238
10249300,ifs,6,-45.2228,-4.5909,0.5103,4.3301,237
10258000,ifs,6,,,,,66
10258500,ifs,6,-0.5136,0.2403,0.2440,0.9246,238
10259000,ifs,6,0.6807,0.7368,0.8348,1.0844,238
10259200,ifs,6,-11.0949,-5.6082,0.6660,6.9618,238
10263500,ifs,6,-0.3845,0.1608,0.8225,1.2524,238
10310500,ifs,6,-1.4014,0.2172,0.8896,1.7520,238
10316500,ifs,6,-0.3468,0.3288,0.6765,1.2408,238
10329500,ifs,6,0.3735,0.4928,0.8824,1.1987,238
10336645,ifs,6,0.4793,0.6403,0.7049,1.0937,224
10336660,ifs,6,0.4802,0.6748,0.7085,1.0036,238
10343500,ifs,6,0.5975,0.4658,0.8724,0.7799,238
10348850,ifs,6,-2.2633,0.0091,0.8152,1.7235,238
10396000,ifs,6,0.1065,0.5622,0.7391,1.2124,238
11098000,ifs,6,-0.0358,0.3730,0.6618,1.4247,238
11124500,ifs,6,-2.9077,-1.0290,0.9054,2.4392,238
11141280,ifs,6,0.4856,0.5064,0.7044,1.0930,238
11143000,ifs,6,0.6505,0.7025,0.8157,1.1894,238
11148900,ifs,6,0.4646,0.1730,0.8236,0.4843,238
11151300,ifs,6,0.5008,0.3311,0.9035,0.9299,238
11162500,ifs,6,0.4455,0.3290,0.7276,0.6657,238
11176400,ifs,6,0.0410,-0.1583,0.2564,0.4510,144
11180500,ifs,6,-0.8971,-0.5744,0.5677,2.3732,238
11180960,ifs,6,-1.3887,-0.6522,0.3232,2.4398,238
11224500,ifs,6,-0.0238,-0.6641,-0.0141,0.1135,238
11253310,ifs,6,-0.0075,-0.4020,0.1705,0.3329,238
11264500,ifs,6,-0.5991,0.2081,0.2093,0.9582,238
11266500,ifs,6,-0.4784,0.3112,0.3207,1.0842,238
11274500,ifs,6,0.0204,0.0927,0.2814,0.7231,238
11274630,ifs,6,-0.0855,0.1111,0.2247,0.8513,238
11284400,ifs,6,0.0449,-0.2290,0.3013,0.2620,238
11299600,ifs,6,0.2829,0.2359,0.5419,0.7187,235
11381500,ifs,6,0.5361,0.4019,0.8462,0.9907,238
11383500,ifs,6,0.5657,0.4901,0.7977,1.0539,238
11451100,ifs,6,0.6120,0.7688,0.7955,1.0801,106
11468500,ifs,6,0.3921,0.2767,0.7555,0.8557,238
11473900,ifs,6,0.5145,0.3724,0.8451,0.9052,238
11475560,ifs,6,0.7356,0.5912,0.9110,0.9481,238
11476600,ifs,6,0.9219,0.7993,0.9639,1.1973,237
11478500,ifs,6,0.8115,0.5945,0.9091,1.3629,238
11480390,ifs,6,0.4971,0.3866,0.7968,0.9251,238
11481200,ifs,6,0.8016,0.7340,0.8998,1.1912,238
11482500,ifs,6,0.8316,0.5923,0.9336,1.3939,238
11522500,ifs,6,0.3085,0.4222,0.7104,1.4999,238
11523200,ifs,6,-0.3158,0.1355,0.6835,1.7329,238
11528700,ifs,6,0.5704,0.5021,0.7918,1.0969,238
11532500,ifs,6,0.8529,0.7777,0.9330,1.0868,238
12010000,ifs,6,0.6079,0.5663,0.8102,0.7281,238
12013500,ifs,6,0.6346,0.7954,0.8150,0.9156,238
12020000,ifs,6,0.5366,0.4040,0.7970,0.6087,238
12025000,ifs,6,0.6418,0.7971,0.8391,1.0932,238
12025700,ifs,6,0.6759,0.7402,0.8291,0.8631,238
12035000,ifs,6,0.7428,0.8417,0.8773,0.9011,238
12040500,ifs,6,0.5676,0.7650,0.8025,0.8900,238
12041200,ifs,6,0.3808,0.5966,0.8194,0.8919,238
12043000,ifs,6,0.6375,0.7498,0.8209,0.8329,238
12048000,ifs,6,0.4305,0.6142,0.8778,1.2491,238
12054000,ifs,6,0.2777,0.5103,0.8262,1.3272,238
12056500,ifs,6,0.2442,0.6031,0.7441,0.9372,238
12073500,ifs,6,0.5303,0.7004,0.7466,1.0658,237
12082500,ifs,6,0.3838,0.3413,0.6579,0.9854,232
12092000,ifs,6,0.1121,0.1679,0.3595,0.9577,238
12095000,ifs,6,0.5879,0.5520,0.7889,0.8534,238
12114500,ifs,6,0.4721,0.4067,0.7388,1.0220,238
12115000,ifs,6,0.4476,0.3987,0.7093,0.9976,238
12115500,ifs,6,0.3712,0.3762,0.6229,0.8647,238
12117000,ifs,6,0.5697,0.5594,0.7686,0.9740,238
12141300,ifs,6,0.3273,0.3678,0.5773,1.1013,238
12143600,ifs,6,0.3883,0.4012,0.6393,1.1916,234
12144000,ifs,6,0.5105,0.5287,0.7218,1.0106,237
12145500,ifs,6,0.6703,0.6843,0.8254,0.8529,238
12147600,ifs,6,0.4341,0.5545,0.6608,0.9940,238
12167000,ifs,6,0.6293,0.7147,0.8164,1.2097,238
12175500,ifs,6,0.1777,0.6142,0.6757,1.1283,238
12186000,ifs,6,0.5486,0.6396,0.7532,1.1469,235
12189500,ifs,6,0.6693,0.7044,0.8576,1.2367,237
12358500,ifs,6,0.6080,0.7962,0.8279,1.0368,238
12377150,ifs,6,0.5174,0.7523,0.7616,0.9328,238
12381400,ifs,6,0.3401,0.5020,0.8600,1.2252,205
12390700,ifs,6,0.4062,0.6155,0.6884,1.1755,238
12411000,ifs,6,0.7394,0.7278,0.8750,1.1835,227
12414500,ifs,6,0.6422,0.6610,0.8156,0.8952,238
12447390,ifs,6,-0.2082,-0.2444,0.2179,0.3593,238
12451000,ifs,6,0.5045,0.6871,0.8211,1.2187,238
12488500,ifs,6,0.5669,0.7102,0.7838,1.1567,238
13011500,ifs,6,0.7263,0.6216,0.9363,1.2845,238
13011900,ifs,6,0.7972,0.8111,0.9264,0.9615,238
13018300,ifs,6,-0.4386,-0.0047,0.9333,1.4753,238
13023000,ifs,6,0.5286,0.7628,0.8042,0.9112,196
13161500,ifs,6,0.6455,0.6664,0.8348,0.7852,238
13235000,ifs,6,0.5898,0.6551,0.7858,0.8861,236
13240000,ifs,6,0.7620,0.8603,0.8752,1.0056,159
13310700,ifs,6,0.5834,0.5002,0.8996,0.6702,238
13313000,ifs,6,0.6918,0.4837,0.9573,0.6425,238
13331500,ifs,6,0.5078,0.5446,0.9035,1.2198,238
13337000,ifs,6,0.6559,0.6740,0.8475,0.8125,238
13338500,ifs,6,0.7909,0.8781,0.8978,1.0661,238
13340000,ifs,6,0.4816,0.6073,0.7530,0.7794,238
13340600,ifs,6,0.5565,0.5840,0.8701,0.6906,238
14020000,ifs,6,0.3473,0.2240,0.7328,0.6614,238
14092750,ifs,6,0.7561,0.8414,0.8768,0.9292,238
14096850,ifs,6,-1.6870,0.1893,0.7386,0.4748,238
14137000,ifs,6,0.7550,0.6478,0.9012,1.0332,233
14138800,ifs,6,0.6367,0.6228,0.8089,0.9560,238
14138870,ifs,6,0.6890,0.6737,0.8396,0.8725,238
14138900,ifs,6,0.3851,0.4228,0.6244,0.9334,238
14139800,ifs,6,0.7161,0.6813,0.8569,0.8701,236
14141500,ifs,6,0.7397,0.7304,0.8658,0.9244,238
14154500,ifs,6,0.6577,0.6465,0.8206,1.0281,238
14158500,ifs,6,0.7630,0.6836,0.9155,1.0802,223
14158790,ifs,6,0.6157,0.6041,0.7964,1.0379,234
14166500,ifs,6,0.3843,0.3794,0.6349,0.8922,238
14182500,ifs,6,0.7038,0.5925,0.8704,0.7852,238
14185000,ifs,6,0.6798,0.6847,0.8301,0.9907,238
14185900,ifs,6,0.6783,0.6816,0.8294,0.9468,235
14187000,ifs,6,0.5389,0.5984,0.7351,1.0160,237
14216500,ifs,6,0.8487,0.8692,0.9224,1.0438,235
14222500,ifs,6,0.7111,0.6519,0.8628,1.0191,238
14236200,ifs,6,0.6771,0.6378,0.8390,0.8488,237
14301000,ifs,6,0.7610,0.8336,0.8728,0.9725,237
14303200,ifs,6,0.6875,0.5501,0.8911,0.9543,238
14305500,ifs,6,0.7287,0.6926,0.8651,0.9597,236
14306340,ifs,6,0.4685,0.4068,0.7260,0.7654,238
14306500,ifs,6,0.6269,0.5921,0.8106,0.9041,238
14308990,ifs,6,0.5276,0.4109,0.8149,0.9058,238
14309500,ifs,6,0.5194,0.5255,0.7283,0.8731,238
14316700,ifs,6,0.6060,0.5504,0.8070,1.0296,238
14325000,ifs,6,0.6388,0.7624,0.8037,0.9347,238
14362250,ifs,6,0.4078,0.1848,0.8751,0.5209,148
14400000,ifs,6,0.7843,0.7297,0.8914,0.8163,238
01013500,ifs,7,0.8827,0.8109,0.9494,0.8592,238
01022500,ifs,7,0.5839,0.7587,0.7947,1.1262,238
01030500,ifs,7,0.7424,0.7699,0.9089,1.1073,238
01031500,ifs,7,-0.1538,0.4710,0.5970,1.1653,236
01047000,ifs,7,-0.3338,0.4271,0.5050,1.1081,238
01052500,ifs,7,0.2183,0.3252,0.4979,0.7763,238
01054200,ifs,7,0.1143,0.0789,0.4155,0.5345,238
01055000,ifs,7,0.0055,0.4408,0.4507,1.0009,236
01057000,ifs,7,0.4935,0.6842,0.7171,0.9856,236
01073000,ifs,7,0.6873,0.8208,0.8486,1.0942,238
01078000,ifs,7,0.2124,0.3648,0.5216,0.7500,236
01118300,ifs,7,0.0952,0.4398,0.4829,0.8621,236
01121000,ifs,7,0.6230,0.7098,0.8118,1.2074,236
01123000,ifs,7,0.7546,0.8155,0.8695,0.9525,238
01134500,ifs,7,0.5011,0.6994,0.7273,0.9404,236
01137500,ifs,7,0.2788,0.4413,0.5690,0.8025,238
01139000,ifs,7,0.2387,0.6129,0.6153,0.9592,234
01139800,ifs,7,0.6911,0.8190,0.8397,1.0589,238
01142500,ifs,7,0.5235,0.6803,0.7401,0.8891,236
01144000,ifs,7,0.6043,0.7946,0.8046,0.9367,238
01169000,ifs,7,0.3819,0.5939,0.6477,1.1058,236
01170100,ifs,7,0.4876,0.6979,0.7189,0.9967,237
01181000,ifs,7,0.7124,0.7676,0.8459,1.0875,236
01187300,ifs,7,0.5276,0.5325,0.7359,1.1137,238
01195100,ifs,7,0.3064,0.3541,0.5647,0.8595,238
01333000,ifs,7,0.5005,0.5795,0.7119,0.8965,236
01350000,ifs,7,0.1039,0.1030,0.3466,0.7676,235
01350080,ifs,7,0.6541,0.6034,0.8306,0.7761,238
01350140,ifs,7,0.6620,0.6642,0.8384,0.7283,188
01365000,ifs,7,0.2976,0.3663,0.5545,0.8600,236
01411300,ifs,7,-0.1556,0.0668,0.2049,1.2444,229
01413500,ifs,7,0.3789,0.3992,0.6401,0.7939,236
01414500,ifs,7,0.0805,0.0790,0.3771,0.6216,236
01415000,ifs,7,0.3235,0.2748,0.6807,0.6131,193
01423000,ifs,7,0.4205,0.4232,0.6980,0.7307,238
01434025,ifs,7,0.1332,0.4629,0.5476,0.7253,238
01435000,ifs,7,0.2612,0.3204,0.5164,0.8798,237
01439500,ifs,7,0.4805,0.5441,0.7314,0.7976,236
01440000,ifs,7,0.4560,0.5247,0.6819,0.9021,238
01440400,ifs,7,0.5752,0.6548,0.7603,0.9404,212
01451800,ifs,7,0.1093,0.3991,0.4548,1.0824,236
01466500,ifs,7,-4.2332,-0.9765,0.7704,1.0188,236
01484100,ifs,7,-0.6863,0.2944,0.4571,1.3340,238
01485500,ifs,7,-5.8845,-1.0324,0.2832,2.1525,233
01486000,ifs,7,-7.7683,-1.1742,0.1760,1.9064,238
01487000,ifs,7,-0.1087,0.4941,0.6417,1.0774,238
01491000,ifs,7,0.4177,0.5708,0.6532,0.9882,238
01510000,ifs,7,0.6336,0.7111,0.7967,0.9510,238
01516500,ifs,7,0.2178,0.1368,0.5703,0.5747,238
01518862,ifs,7,0.3390,0.2850,0.6884,0.6123,238
01532000,ifs,7,0.3854,0.6382,0.6644,0.9210,236
01539000,ifs,7,-0.4218,0.3996,0.4521,0.9582,220
01542810,ifs,7,0.4726,0.5913,0.7020,0.8314,236
01543000,ifs,7,0.3735,0.6427,0.6963,0.8126,238
01543500,ifs,7,0.3692,0.5255,0.6637,0.7614,236
01544500,ifs,7,0.4205,0.3898,0.7841,0.6166,238
01545600,ifs,7,0.4172,0.3274,0.7971,0.6139,238
01547700,ifs,7,-0.0179,-0.0118,0.1984,0.7952,238
01548500,ifs,7,0.2940,0.2440,0.7305,0.5672,236
01549500,ifs,7,0.4848,0.4346,0.7771,0.6752,236
01550000,ifs,7,0.3820,0.3704,0.7096,0.6629,236
01552000,ifs,7,0.3622,0.4633,0.6429,0.7750,238
01552500,ifs,7,0.2006,0.5686,0.5927,0.8644,238
01557500,ifs,7,-0.0756,0.2619,0.3151,0.9470,238
01567500,ifs,7,-0.2390,0.1138,0.1725,1.0568,238
01568000,ifs,7,0.0467,0.3668,0.4263,1.1415,238
01580000,ifs,7,-0.1012,0.3356,0.3600,0.9388,234
01583500,ifs,7,-0.0532,0.2398,0.3267,0.8534,238
01586610,ifs,7,-0.1215,0.2722,0.3365,0.8115,204
01591400,ifs,7,-1.3710,0.1346,0.3072,1.0508,238
01596500,ifs,7,-0.0775,0.0452,0.2126,0.7407,236
01605500,ifs,7,-2.5960,-0.1966,0.3388,1.2493,236
01606500,ifs,7,-0.3515,0.3335,0.3583,0.8237,211
01613050,ifs,7,-0.3351,0.2003,0.2237,1.1054,238
01620500,ifs,7,0.0816,0.2460,0.4800,0.5459,236
01632000,ifs,7,-0.4119,0.2858,0.2860,0.9863,236
01632900,ifs,7,-1.8398,0.0150,0.3112,1.0611,236
01634500,ifs,7,-0.1350,0.2131,0.2669,0.9444,221
01638480,ifs,7,-2.3406,-0.3062,0.3159,1.9006,233
01639500,ifs,7,-0.1296,0.3261,0.3594,1.1492,238
01644000,ifs,7,-1.3016,-0.0793,0.3209,1.8059,238
01658500,ifs,7,-1.1061,0.1434,0.2832,1.3066,207
01664000,ifs,7,-0.1025,0.2990,0.3359,0.9133,238
01666500,ifs,7,-0.0879,0.3843,0.4026,1.1018,223
01667500,ifs,7,-0.2399,0.3236,0.3348,1.0914,216
01669000,ifs,7,0.2988,0.5450,0.5920,1.0578,213
01669520,ifs,7,-3.1604,-0.3771,0.5028,1.7797,236
02011400,ifs,7,-0.3869,0.3895,0.4978,1.2065,238
02011460,ifs,7,-0.0674,0.3929,0.4170,0.8635,238
02013000,ifs,7,-0.0706,0.4122,0.4351,1.1507,238
02014000,ifs,7,-0.4826,0.3731,0.4252,1.0819,237
02015700,ifs,7,0.0255,0.5358,0.5463,1.0733,220
02016000,ifs,7,-0.3942,0.4124,0.5317,0.9788,237
02017500,ifs,7,-0.4995,0.3147,0.6119,1.1891,236
02018000,ifs,7,0.0510,0.5522,0.6590,1.0966,231
02027000,ifs,7,-0.5423,0.3323,0.5616,0.8298,218
02027500,ifs,7,0.3941,0.5424,0.7340,0.6405,221
02028500,ifs,7,0.1233,0.5392,0.5587,0.8703,213
02038850,ifs,7,-0.0006,0.4757,0.4901,0.8817,236
02046000,ifs,7,0.2011,0.3774,0.5603,1.3842,228
02051000,ifs,7,-0.1240,0.2815,0.3141,0.9970,238
02051500,ifs,7,0.0419,0.3110,0.3872,1.1191,236
02053200,ifs,7,-0.8919,0.1025,0.4014,1.5669,210
02053800,ifs,7,0.2132,0.3515,0.4958,0.8671,219
02055100,ifs,7,0.0235,0.5025,0.5303,1.1636,236
02056900,ifs,7,0.1282,0.5425,0.5533,0.9090,212
02059500,ifs,7,0.3135,0.6470,0.7133,0.8251,207
02064000,ifs,7,0.2593,0.5026,0.5852,0.7882,226
02065500,ifs,7,0.1820,0.4137,0.5999,0.6397,236
02069700,ifs,7,-0.1000,0.4233,0.4550,1.1823,210
02070000,ifs,7,-0.1787,0.4187,0.4453,1.1717,236
02074500,ifs,7,-0.2208,0.4556,0.4984,1.1189,238
02077200,ifs,7,-0.0310,0.4291,0.4382,1.0476,233
02081500,ifs,7,-0.0800,0.1116,0.2492,1.2718,238
02082950,ifs,7,-0.5069,0.2000,0.5330,1.5502,238
02092500,ifs,7,-31.5502,-3.9904,0.0462,2.8850,238
02096846,ifs,7,-0.7616,0.0042,0.2000,1.5886,238
02102908,ifs,7,0.0430,0.1777,0.3246,0.8956,238
02108000,ifs,7,-0.0462,0.5013,0.5862,1.2055,238
02111180,ifs,7,-0.1001,-0.0940,0.0810,0.9766,238
02111500,ifs,7,-0.3344,0.1398,0.1737,0.9387,236
02118500,ifs,7,-0.4342,0.3928,0.5491,1.0176,238
02128000,ifs,7,0.1277,-0.2780,0.6498,2.2272,238
02137727,ifs,7,-0.3641,0.0772,0.1187,0.9566,238
02140991,ifs,7,-0.1769,0.0526,0.1508,1.0727,238
02143000,ifs,7,-1.8161,0.0558,0.3395,1.2315,238
02143040,ifs,7,-2.2028,-0.0642,0.2515,0.9470,236
02149000,ifs,7,-0.0754,0.0341,0.1747,0.9742,238
02152100,ifs,7,-1.2126,0.0989,0.1318,1.0227,238
02177000,ifs,7,-0.0620,0.0379,0.1851,1.0335,236
02178400,ifs,7,-0.0890,0.3532,0.3773,0.9372,236
02193340,ifs,7,-0.4429,0.3357,0.4332,1.2752,238
02196000,ifs,7,-0.0633,-0.2571,0.1069,0.4582,238
02198100,ifs,7,-0.0558,-0.0653,0.1548,1.2406,237
02202600,ifs,7,-0.9376,-0.1683,0.1773,1.8264,238
02212600,ifs,7,-0.1026,0.2305,0.2857,0.9735,236
02215100,ifs,7,-0.0957,-0.1810,0.0713,0.6862,238
02216180,ifs,7,-0.0807,-0.4836,-0.0974,0.4562,236
02221525,ifs,7,-0.2253,0.2675,0.2945,1.1192,236
02231000,ifs,7,-2.2303,-0.1936,0.2501,1.6045,238
02231342,ifs,7,-1.6616,-0.0960,0.4022,1.6635,238
02235200,ifs,7,-0.1992,0.4523,0.4939,1.1915,237
02245500,ifs,7,-3.8004,-0.4494,0.2976,1.1783,238
02246000,ifs,7,-1.7529,0.0261,0.1913,0.8194,236
02296500,ifs,7,0.0206,-0.2524,0.7660,2.2092,227
02297155,ifs,7,-0.0046,-0.1859,0.4939,0.2773,237
02297310,ifs,7,0.3565,0.4201,0.6280,0.6949,228
02298123,ifs,7,0.3055,0.2150,0.6382,0.5262,238
02298608,ifs,7,0.0532,0.4987,0.5529,1.2256,238
02299950,ifs,7,-0.3125,0.2373,0.2849,0.7564,238
02300700,ifs,7,0.1191,0.0577,0.4081,0.5435,238
02310947,ifs,7,-0.7414,-2.0474,-0.2935,3.6666,238
02312200,ifs,7,-19.8896,-4.2071,0.2768,6.1456,238
02314500,ifs,7,-0.2960,-0.4664,-0.1528,0.5670,238
02315500,ifs,7,-0.3296,-0.6559,-0.2876,0.4430,238
02324400,ifs,7,-0.2052,-1.0284,-0.5320,0.1148,238
02327100,ifs,7,-1.2478,-0.3850,0.5798,2.1811,236
02349900,ifs,7,0.0767,-0.0014,0.2798,0.9220,238
02350900,ifs,7,-0.0739,0.2469,0.4835,0.6452,238
02361000,ifs,7,0.0212,0.2783,0.4740,0.6569,238
02363000,ifs,7,0.0323,-0.1185,0.5313,0.3490,236
02369800,ifs,7,0.0047,-0.2829,0.3110,0.4170,237
02371500,ifs,7,0.1137,-0.0295,0.4339,0.7386,238
02372250,ifs,7,0.1325,0.0128,0.4182,0.7772,236
02374500,ifs,7,0.0673,-0.0034,0.3371,0.7082,238
02381600,ifs,7,-0.8783,0.0868,0.0914,1.0872,237
02384540,ifs,7,-0.0344,0.0831,0.2885,0.7369,238
02395120,ifs,7,-30.4384,-3.6400,0.0234,1.2646,238
02408540,ifs,7,-1.1588,0.1617,0.2296,0.9886,238
02415000,ifs,7,-0.3742,0.3999,0.4241,1.0050,228
02422500,ifs,7,-3.3209,-0.3279,0.2510,1.3192,221
02427250,ifs,7,0.1406,0.2174,0.3925,1.0354,238
02430085,ifs,7,-0.5606,0.0768,0.1211,1.2473,238
02450250,ifs,7,-0.6960,0.0879,0.0992,1.1285,236
02464000,ifs,7,-1.3868,0.0496,0.0947,1.0878,238
02465493,ifs,7,-1.3527,0.1223,0.4071,1.1784,235
02469800,ifs,7,0.2150,0.1473,0.5742,0.5242,236
02472000,ifs,7,0.4051,0.3709,0.6621,0.6654,238
02472500,ifs,7,-0.0238,0.2419,0.4004,0.6101,238
02479155,ifs,7,0.1072,-0.1081,0.4399,0.4965,238
02479300,ifs,7,0.0331,-0.2491,0.3680,0.3534,238
02481000,ifs,7,0.0371,-0.3128,0.4283,0.1924,238
02481510,ifs,7,0.0441,-0.2313,0.4792,0.2736,238
03010655,ifs,7,0.4505,0.4167,0.7717,0.6534,209
03011800,ifs,7,0.2597,0.4002,0.5820,0.7497,238
03015500,ifs,7,0.3456,0.6890,0.7009,0.9760,238
03021350,ifs,7,0.2113,0.5697,0.6023,0.8378,236
03026500,ifs,7,0.3561,0.4524,0.6249,0.7981,238
03028000,ifs,7,0.2979,0.4976,0.6779,0.6779,236
03049800,ifs,7,-0.1037,-0.0690,0.1653,0.6347,236
03050000,ifs,7,-0.3915,0.3527,0.3575,0.9932,236
03066000,ifs,7,0.0809,0.3735,0.4502,0.8143,238
03069500,ifs,7,-0.0327,0.3506,0.4078,0.7988,236
03070500,ifs,7,-0.5441,0.3551,0.4583,1.1534,236
03076600,ifs,7,-0.0665,0.1443,0.3112,0.6678,238
03078000,ifs,7,-0.2046,0.0436,0.1710,0.7182,238
03140000,ifs,7,0.1429,0.1878,0.3890,0.9082,236
03144000,ifs,7,-0.3459,0.2182,0.2306,0.9877,238
03159540,ifs,7,-0.0149,0.3491,0.3892,0.9079,238
03161000,ifs,7,-0.0820,0.1361,0.2650,0.8496,238
03164000,ifs,7,0.2273,0.5260,0.5994,0.8380,238
03165000,ifs,7,-0.1681,-0.0054,0.1257,0.8647,221
03170000,ifs,7,0.2231,0.3816,0.5197,0.8578,238
03173000,ifs,7,0.2018,0.6020,0.6105,0.9207,236
03180500,ifs,7,0.0957,0.4137,0.4628,0.8784,222
03182500,ifs,7,-0.1099,0.4658,0.4678,1.0216,236
03186500,ifs,7,-0.0491,0.4915,0.4932,1.0245,236
03187500,ifs,7,-0.1569,0.4957,0.5621,1.0173,235
03213700,ifs,7,-0.4076,0.3982,0.4664,1.1385,238
03237280,ifs,7,-0.0542,0.1891,0.2952,0.7887,238
03237500,ifs,7,-0.2045,0.3898,0.4232,1.1956,236
03241500,ifs,7,0.0538,0.0698,0.3250,0.6535,225
03280700,ifs,7,-1.7842,0.0336,0.2731,0.9752,213
03281100,ifs,7,-2.3080,-0.0991,0.2822,1.1049,236
03281500,ifs,7,-1.0629,0.2166,0.3644,0.9958,223
03285000,ifs,7,-0.9987,-0.0827,0.3229,1.7881,235
03291780,ifs,7,-0.4264,0.0512,0.0863,0.9836,238
03300400,ifs,7,-0.1780,0.0925,0.1726,1.0293,238
03340800,ifs,7,-0.4033,0.1870,0.2009,0.9347,190
03346000,ifs,7,-0.2148,0.1428,0.2478,0.6728,238
03364500,ifs,7,-0.0131,-0.1055,0.2092,0.5522,238
03366500,ifs,7,-0.1993,0.1736,0.2362,0.8252,238
03368000,ifs,7,-0.1780,-0.1126,0.0715,0.6646,238
03384450,ifs,7,-0.0602,-0.3143,0.0215,0.5489,238
03439000,ifs,7,-0.2386,-0.2702,-0.0014,0.6513,236
03450000,ifs,7,-0.0971,-0.2211,0.0564,0.7708,238
03455500,ifs,7,-0.6799,0.0717,0.1422,0.6803,236
03456500,ifs,7,-0.3042,-0.0427,0.0764,0.7876,236
03460000,ifs,7,-0.4776,0.3056,0.4685,0.6284,238
03463300,ifs,7,-0.2578,0.1812,0.2213,0.9062,238
03471500,ifs,7,0.2258,0.6093,0.7205,0.7486,236
03473000,ifs,7,0.0040,0.4746,0.5563,0.7278,238
03479000,ifs,7,-0.3385,0.2301,0.2503,0.8914,236
03488000,ifs,7,0.1482,0.5659,0.6347,0.7878,238
03498500,ifs,7,-0.3172,0.3568,0.3883,0.8020,238
03500000,ifs,7,-0.1042,0.4347,0.5000,0.8070,236
03504000,ifs,7,-0.3904,0.2632,0.3093,0.8305,236
03574500,ifs,7,0.0058,0.0637,0.2888,0.6592,238
03604000,ifs,7,-0.1414,-0.2313,-0.0082,0.7854,236
04015330,ifs,7,0.0266,0.2546,0.3748,0.7260,197
04024430,ifs,7,0.3122,0.5595,0.6393,0.7624,238
04027000,ifs,7,0.4537,0.4604,0.6912,0.7536,238
04040500,ifs,7,0.8219,0.7823,0.9115,0.8967,238
04043050,ifs,7,0.7461,0.8408,0.8687,0.9263,182
04045500,ifs,7,0.8749,0.8047,0.9490,0.8146,234
04056500,ifs,7,0.5592,0.4617,0.8324,0.7176,229
04057510,ifs,7,0.8619,0.6952,0.9587,0.7862,158
04057800,ifs,7,0.7747,0.6270,0.9018,0.7227,238
04059500,ifs,7,0.8486,0.7803,0.9319,0.9881,238
04063700,ifs,7,0.6980,0.4685,0.9177,0.6314,238
04074950,ifs,7,0.5969,0.5195,0.8772,0.7547,238
04105700,ifs,7,0.4964,0.5429,0.7237,0.9252,238
04115265,ifs,7,0.3115,0.3646,0.5588,0.9758,238
04122200,ifs,7,0.5546,0.5539,0.7736,0.8660,238
04122500,ifs,7,0.7180,0.7161,0.8649,0.9173,236
04124000,ifs,7,0.7074,0.6398,0.8642,0.9904,238
04127997,ifs,7,0.3005,0.3113,0.5878,0.9001,201
04185000,ifs,7,0.4886,0.6114,0.7062,0.8830,215
04196800,ifs,7,0.1023,0.2328,0.3898,0.7761,238
04197100,ifs,7,0.0493,0.2078,0.3313,0.9630,238
04197170,ifs,7,-0.0518,-0.0217,0.1823,0.7120,238
04213000,ifs,7,-0.2164,0.4641,0.5361,1.1199,236
04213075,ifs,7,-0.0491,0.2206,0.3013,0.9024,234
04216418,ifs,7,0.4145,0.6217,0.6645,1.0279,238
04221000,ifs,7,0.1922,0.1893,0.6474,0.5388,238
04224775,ifs,7,0.2404,0.2120,0.5952,0.5819,236
04256000,ifs,7,0.6013,0.7422,0.8214,1.1759,236
04296000,ifs,7,0.3075,0.5218,0.5971,0.8633,236
05057000,ifs,7,-1.0829,0.0969,0.5391,0.5102,160
05057200,ifs,7,-0.0495,0.5143,0.5421,1.1171,237
05062500,ifs,7,0.2632,0.6558,0.6763,0.9922,199
05087500,ifs,7,0.2162,0.5031,0.5413,1.0557,238
05120500,ifs,7,-10.0398,-1.4832,-0.0402,3.1956,210
05123400,ifs,7,-0.3916,-0.6523,-0.0184,0.1576,238
05129115,ifs,7,-0.8334,-0.8962,-0.2632,0.0000,238
05131500,ifs,7,0.1391,0.1299,0.5080,0.5222,142
05291000,ifs,7,-1.4448,0.1066,0.3350,0.8386,238
05362000,ifs,7,0.4721,0.6921,0.7287,0.8625,237
05393500,ifs,7,0.3862,0.5737,0.6468,0.8630,238
05399500,ifs,7,-0.0653,0.3590,0.3851,0.9056,236
05408000,ifs,7,-0.0058,-0.0073,0.2380,0.8186,237
05412500,ifs,7,0.0318,0.2035,0.4400,0.6607,238
05413500,ifs,7,-0.5094,0.1326,0.1907,0.7821,208
05414000,ifs,7,-0.1746,0.0696,0.4636,0.5949,204
05444000,ifs,7,-1.5833,0.0596,0.3063,0.7163,236
05454000,ifs,7,-0.7322,0.2767,0.3669,0.7953,238
05458000,ifs,7,-0.0974,-0.0698,0.1437,0.7017,238
05466500,ifs,7,0.0340,0.0792,0.2909,0.7535,236
05487980,ifs,7,-0.4701,0.0299,0.0703,0.8649,236
05488200,ifs,7,0.1012,0.0219,0.3607,0.5190,236
05489000,ifs,7,-0.1325,-0.1053,0.1092,0.6115,236
05495000,ifs,7,-2.8846,-0.4521,0.1388,1.8488,236
05495500,ifs,7,-0.3012,-0.0482,0.0764,0.6810,232
05501000,ifs,7,-0.2629,-0.0611,0.0538,0.7931,236
05503800,ifs,7,-1.0106,0.0280,0.0746,1.2864,238
05507600,ifs,7,-4.1019,-0.6609,0.1396,1.8256,238
05508805,ifs,7,-3.2700,-0.6286,0.2714,2.0017,236
05514500,ifs,7,-0.4872,0.2797,0.3042,1.1752,236
05525500,ifs,7,-0.0544,0.3166,0.3620,1.1239,236
05556500,ifs,7,-2.3490,-0.1327,0.1890,0.6735,238
05584500,ifs,7,-0.0339,0.1979,0.3251,0.7218,236
05585000,ifs,7,0.0553,0.3317,0.4444,0.7043,238
05591550,ifs,7,-0.3114,0.1116,0.1554,0.9284,236
05592050,ifs,7,-0.2884,0.1122,0.1605,0.9277,222
05592575,ifs,7,-0.4635,0.1342,0.1618,0.8349,236
05593575,ifs,7,-0.2821,0.2174,0.3467,1.4298,238
05593900,ifs,7,-0.0780,0.3008,0.3400,0.9317,236
05595730,ifs,7,-0.1814,0.3434,0.4549,1.3592,238
06037500,ifs,7,-2.0740,0.4332,0.8496,1.2812,238
06043500,ifs,7,0.3296,0.3571,0.9523,1.3279,238
06154410,ifs,7,-0.1998,0.0872,0.1996,0.7361,238
06188000,ifs,7,0.8431,0.8848,0.9320,0.9771,238
06191500,ifs,7,0.7369,0.6820,0.9394,1.1092,238
06221400,ifs,7,0.8145,0.8430,0.9262,1.0617,238
06224000,ifs,7,0.7078,0.8424,0.8588,1.0684,238
06289000,ifs,7,0.3647,0.6332,0.6844,0.8620,238
06332515,ifs,7,-6.0371,-1.3353,0.3637,2.3525,118
06339100,ifs,7,-5.2959,-1.3063,0.3662,2.5417,174
06339500,ifs,7,-0.8315,0.1750,0.3608,0.5272,167
06344600,ifs,7,-15.9602,-3.5550,0.2814,4.6418,177
06350000,ifs,7,-18.4407,-2.8295,0.2833,2.9427,238
06352000,ifs,7,-0.0137,-0.1028,0.5091,1.3307,237
06353000,ifs,7,-0.0035,-0.1167,0.5095,0.8053,236
06354000,ifs,7,0.3397,0.3653,0.7346,0.5250,173
06360500,ifs,7,0.1195,0.1389,0.5273,1.5416,139
06404000,ifs,7,-3.9819,-0.5255,-0.2652,1.5476,205
06406000,ifs,7,-166.2257,-3.7715,0.8993,5.7251,180
06408700,ifs,7,-1640.1546,-4.0144,0.1961,1.5104,238
06409000,ifs,7,-1.3463,0.6193,0.8701,1.2545,193
06431500,ifs,7,-1.5444,0.3423,0.3928,1.0976,227
06440200,ifs,7,-2.1480,-0.1462,0.0308,0.6375,160
06441500,ifs,7,-15.5073,-3.3467,0.3894,3.9962,177
06447000,ifs,7,-0.1665,-0.2553,0.0254,0.4991,140
06447500,ifs,7,-0.1190,-0.1756,0.2302,0.7058,238
06450500,ifs,7,0.0183,-0.1825,0.1903,1.0531,208
06452000,ifs,7,-0.0066,-0.2248,0.0797,1.0279,175
06453600,ifs,7,-1.8897,-0.2831,0.0586,1.8404,235
06464500,ifs,7,-1.5151,0.1054,0.2894,1.2022,175
06477500,ifs,7,-210.4045,-13.8987,0.0484,8.1488,237
06479215,ifs,7,-0.1578,-0.2301,0.0327,0.6013,238
06479438,ifs,7,-0.1440,-0.5008,0.0168,0.2442,238
06601000,ifs,7,-1.6312,-0.0456,-0.0066,0.9007,238
06614800,ifs,7,0.7740,0.6094,0.9369,1.3543,238
06622700,ifs,7,-0.3279,0.1380,0.7657,1.6337,238
06623800,ifs,7,0.8237,0.9100,0.9135,0.9806,238
06632400,ifs,7,-0.3183,0.3182,0.4642,1.4000,238
06784000,ifs,7,-1.1010,-0.0284,0.1222,1.3376,238
06803510,ifs,7,-0.3662,-0.1097,-0.0177,0.8421,238
06803530,ifs,7,-0.2155,-0.1684,-0.0212,0.8958,238
06814000,ifs,7,-0.3429,-0.1039,0.0414,0.6060,238
06846500,ifs,7,-0.0097,-0.4728,-0.0605,1.3786,238
06847900,ifs,7,-0.0062,0.0034,0.2527,1.3794,238
06853800,ifs,7,-0.4449,-0.3374,0.0156,1.7335,238
06876700,ifs,7,0.0426,-0.1127,0.3422,0.3571,238
06878000,ifs,7,-0.0175,-0.3562,0.1310,0.3766,238
06879650,ifs,7,-0.1621,-0.2309,0.0687,0.4315,237
06885500,ifs,7,-0.1177,-0.0911,0.1656,0.4967,238
06888500,ifs,7,0.0025,-0.3148,0.1853,0.3665,238
06889200,ifs,7,0.0510,0.0690,0.3156,0.6061,238
06889500,ifs,7,-0.6077,0.1142,0.1337,0.8318,238
06892000,ifs,7,-0.1334,0.2112,0.3004,0.7250,238
06903400,ifs,7,-0.0728,-0.3091,0.1194,0.3058,238
06906800,ifs,7,0.1763,0.2499,0.4554,0.6743,238
06910800,ifs,7,-0.0511,-0.0388,0.2144,0.5491,238
06911900,ifs,7,-0.1329,-0.0108,0.1931,0.5560,238
06917000,ifs,7,-0.2235,0.1979,0.2936,0.6576,238
06918460,ifs,7,0.0983,0.3183,0.4064,0.9927,238
06919500,ifs,7,-0.2165,0.0674,0.2323,0.5588,238
06921070,ifs,7,-0.1371,-0.0192,0.1534,0.6792,238
06921200,ifs,7,-0.0434,-0.2291,0.1736,0.3812,238
06934000,ifs,7,-0.2220,0.2595,0.3388,0.7005,237
07014500,ifs,7,-0.0102,-0.1993,0.1674,0.6203,238
07056000,ifs,7,0.1372,0.2649,0.4264,0.7712,238
07057500,ifs,7,-0.0637,0.0829,0.2407,0.8226,230
07060710,ifs,7,-0.0001,-0.3947,0.0268,1.0504,238
07066000,ifs,7,-0.0238,0.0765,0.2541,0.8189,238
07067000,ifs,7,-0.1409,0.1679,0.4757,0.5596,238
07068000,ifs,7,-0.0965,0.1118,0.3155,0.7638,237
07071500,ifs,7,-0.4696,0.1586,0.2589,0.7876,238
07083000,ifs,7,-1.8593,-0.4653,0.8677,1.8457,238
07142300,ifs,7,-8.1987,-5.0086,-0.0837,6.8491,238
07145700,ifs,7,-0.0293,-0.6303,-0.0377,0.1695,238
07148400,ifs,7,-0.5726,0.2372,0.7529,1.4756,238
07149000,ifs,7,-0.0905,0.4106,0.6095,1.4414,238
07151500,ifs,7,-0.0277,-0.4521,0.0194,0.4212,238
07167500,ifs,7,-0.0585,-0.4104,-0.0023,1.6059,238
07180500,ifs,7,-0.1580,-0.1475,0.0411,0.7297,238
07184000,ifs,7,-0.0528,-0.3021,0.1046,0.3670,236
07195800,ifs,7,0.1212,0.2815,0.4158,0.8368,236
07196900,ifs,7,0.0761,0.1582,0.3251,0.9937,237
07197000,ifs,7,0.2727,0.3200,0.5241,0.9314,238
07208500,ifs,7,0.1208,0.5390,0.7369,1.0722,238
07226500,ifs,7,-0.0339,-0.4583,-0.0098,0.3750,236
07261000,ifs,7,0.2277,0.2963,0.5276,1.3834,236
07263295,ifs,7,-0.5598,-1.2395,0.1133,3.0307,236
07290650,ifs,7,-0.0383,0.1651,0.3196,0.6781,238
07291000,ifs,7,-0.2584,-0.2001,0.1029,0.4028,238
07292500,ifs,7,-0.0478,0.1041,0.2441,0.8195,238
07295000,ifs,7,0.0310,-0.0898,0.2524,0.5769,238
07299670,ifs,7,-0.4966,-0.3977,-0.0111,1.8971,228
07301410,ifs,7,-0.3076,-0.1210,0.0080,0.7930,227
07301500,ifs,7,-0.1812,-0.5714,0.0339,1.7704,200
07315200,ifs,7,-1.4299,-0.7362,0.0592,2.4436,161
07315700,ifs,7,-6.6014,-2.0282,0.0169,3.4308,218
07335700,ifs,7,-0.0907,-0.2119,0.1230,0.4737,229
07340300,ifs,7,-0.4635,0.2148,0.2207,0.9296,238
07346045,ifs,7,-2.9879,-0.2393,0.1561,0.6815,238
07359610,ifs,7,-0.5132,0.0037,0.2391,1.6360,238
07362100,ifs,7,-1.0544,-0.2117,0.5658,1.9964,238
07362587,ifs,7,-0.2628,-0.3673,0.2375,2.0946,236
07373000,ifs,7,-0.0630,0.0456,0.2697,0.6236,234
07375000,ifs,7,-0.0489,-0.2721,0.1550,0.3978,238
07376000,ifs,7,0.0284,0.1238,0.3537,0.6220,238
08013000,ifs,7,0.3145,0.4666,0.6015,0.7392,238
08014500,ifs,7,0.2120,0.1817,0.5313,0.5940,238
08023080,ifs,7,-3.8505,-1.3605,0.2567,2.9110,238
08025500,ifs,7,-0.6262,0.0471,0.0598,1.0504,238
08029500,ifs,7,-0.4248,-0.0345,0.0300,1.1544,238
08050800,ifs,7,0.0794,-0.0556,0.2910,0.7287,237
08066200,ifs,7,-0.0504,-0.4133,0.0181,0.3658,238
08066300,ifs,7,-0.0602,-0.5231,-0.0041,0.2176,238
08070000,ifs,7,-3.5919,-0.4976,0.2741,1.6084,238
08070200,ifs,7,-1.0037,0.1945,0.2441,1.0436,238
08079600,ifs,7,-28.2656,-9.3436,0.1538,10.3855,194
08082700,ifs,7,-0.0419,-0.3351,-0.0183,0.7190,224
08086212,ifs,7,-0.1369,-0.3097,0.0169,1.6074,238
08086290,ifs,7,-0.9601,-2.1529,0.0035,3.9909,238
08101000,ifs,7,-17.8961,-2.9947,0.0602,3.2448,238
08103900,ifs,7,0.0184,0.1433,0.2858,0.9088,238
08104900,ifs,7,-0.4345,-0.0589,0.0409,0.6768,238
08109700,ifs,7,-0.4455,0.1329,0.2340,1.4009,222
08150800,ifs,7,-0.0006,-0.3345,0.0862,0.5091,238
08155200,ifs,7,-2.8265,-1.4061,0.0787,3.1293,238
08158700,ifs,7,-6.4993,-8.6453,0.1074,10.5261,238
08158810,ifs,7,-2.5236,-0.2393,0.0545,1.4892,238
08164000,ifs,7,-3.7269,-0.7275,0.1177,2.0712,238
08164300,ifs,7,-0.2423,-0.1294,-0.0023,0.8976,235
08164600,ifs,7,-16.3473,-5.7449,0.2603,6.8996,238
08165300,ifs,7,-0.0377,-0.3181,-0.0239,0.9481,238
08171300,ifs,7,-34.5157,-34.8995,0.1435,36.6900,238
08175000,ifs,7,0.2798,-0.0026,0.6172,0.2859,238
08176900,ifs,7,-19.3510,-7.6297,0.5326,8.7940,238
08178880,ifs,7,-0.0493,-0.4523,0.0657,0.2618,238
08189500,ifs,7,-1.6336,0.0457,0.1933,1.1567,238
08190000,ifs,7,-0.0266,-0.3246,0.0155,0.6875,238
08190500,ifs,7,0.0162,-0.2867,0.7352,2.2102,232
08194200,ifs,7,-0.2118,-0.2207,0.0391,0.4460,238
08195000,ifs,7,-0.0119,-0.4022,0.0343,0.5025,238
08196000,ifs,7,-0.2325,-0.0184,0.2327,1.6168,226
08198500,ifs,7,-1.3386,-0.0314,-0.0068,0.8335,238
08200000,ifs,7,-0.0282,-0.3397,0.1098,0.3469,238
08202700,ifs,7,-0.0141,-0.6752,-0.0074,0.0539,237
08267500,ifs,7,-22.4945,-2.3107,0.6916,2.6458,238
08269000,ifs,7,-3.3868,-0.3459,0.7194,1.7022,238
08271000,ifs,7,-45.7727,-4.2520,0.7630,2.4708,238
08324000,ifs,7,0.1016,0.5680,0.6992,1.1587,238
08377900,ifs,7,-3.6878,-0.4293,0.4886,1.3517,238
08378500,ifs,7,-5.3007,-0.8608,0.5987,1.3022,230
08380500,ifs,7,-2.5242,-0.1212,0.5131,1.7157,238
09034900,ifs,7,0.1580,0.2148,0.8806,1.5799,234
09035900,ifs,7,0.5517,0.7405,0.8272,1.0979,204
09047700,ifs,7,-4.7885,-0.9809,0.8848,1.4326,236
09065500,ifs,7,0.7332,0.6496,0.9424,1.1394,238
09066000,ifs,7,-0.9329,0.1666,0.5903,1.1703,238
09066200,ifs,7,0.7082,0.6328,0.9293,1.2265,238
09066300,ifs,7,-0.4097,-0.0230,0.8015,1.8041,238
09081600,ifs,7,0.1408,0.6048,0.6266,1.0192,238
09107000,ifs,7,-1.1395,0.0153,0.7005,1.2753,237
09210500,ifs,7,-1.3987,0.1012,0.7359,1.5438,211
09223000,ifs,7,-2.7629,-0.5433,0.8801,1.9766,177
09306242,ifs,7,-451.4073,-4.1200,0.8579,5.9664,236
09312600,ifs,7,-2.1348,-0.6101,0.4806,2.3837,238
09352900,ifs,7,-0.6446,0.2864,0.5646,1.3034,208
09378170,ifs,7,0.2537,0.2614,0.5408,1.3220,238
09378630,ifs,7,,,,,238
09386900,ifs,7,-43.0965,-4.8525,0.0386,2.6114,238
09404450,ifs,7,0.6983,0.7443,0.8540,0.9141,238
09430500,ifs,7,-1.2254,0.0510,0.4407,0.2626,238
09430600,ifs,7,-0.0226,-0.0361,0.4803,0.2815,238
09447800,ifs,7,-2.3748,-0.6360,0.0686,2.0610,238
09480000,ifs,7,-0.4549,-4.3167,0.0756,6.2204,238
09484000,ifs,7,-0.8842,-0.7504,0.1134,2.5091,213
09484600,ifs,7,-0.7083,-1.5560,0.1063,3.3902,237
09492400,ifs,7,-1.3410,0.0882,0.7384,1.6972,236
09494000,ifs,7,-0.1669,0.4841,0.5199,1.0848,238
09497800,ifs,7,-0.1402,-0.6437,-0.2351,1.6234,238
09497980,ifs,7,-0.2250,0.0988,0.1668,0.9153,210
09505200,ifs,7,0.4237,0.4451,0.6577,0.9804,238
09505350,ifs,7,0.3477,0.4160,0.5911,1.1599,238
09505800,ifs,7,0.5348,0.7211,0.7497,1.0830,238
09508300,ifs,7,0.0396,-0.0475,0.2661,0.5747,238
09510200,ifs,7,-2.4779,-1.1478,0.1006,2.8530,219
09512280,ifs,7,-0.0623,-0.9738,-0.0996,2.3743,238
09513780,ifs,7,-7.5187,-7.7400,0.1189,9.6953,237
10023000,ifs,7,-14.5726,-0.6460,0.0769,2.2188,238
10166430,ifs,7,-13428.7771,-90.3815,0.5565,72.7598,238
10172700,ifs,7,-30.0062,-0.2761,0.6394,2.0269,238
10172800,ifs,7,-9.8675,-0.8822,0.8033,2.3630,238
10173450,ifs,7,-0.3823,0.3943,0.4163,0.9946,238
10205030,ifs,7,-192.4577,-9.9080,-0.0204,2.3572,238
10234500,ifs,7,-0.1021,-0.2779,-0.0376,0.8658,234
10242000,ifs,7,-29.4112,-3.7087,0.4100,4.4903,238
10244950,ifs,7,-37.4820,-1.5394,0.7089,1.5640,238
10249300,ifs,7,-45.2955,-4.5960,0.5096,4.3308,237
10258000,ifs,7,,,,,66
10258500,ifs,7,0.1852,0.0410,0.4503,0.5802,238
10259000,ifs,7,0.7905,0.6842,0.9220,1.0719,238
10259200,ifs,7,-1.9467,-4.1220,0.7660,6.0237,238
10263500,ifs,7,-0.7519,0.0465,0.7886,1.2647,238
10310500,ifs,7,-1.5316,0.1905,0.8809,1.7661,238
10316500,ifs,7,-0.3437,0.3293,0.6777,1.2398,238
10329500,ifs,7,0.4004,0.5245,0.8765,1.1918,238
10336645,ifs,7,0.5520,0.6876,0.7543,1.1193,224
10336660,ifs,7,0.4826,0.6838,0.7123,1.0131,238
10343500,ifs,7,0.5333,0.5028,0.7741,0.8058,238
10348850,ifs,7,-2.2693,0.0083,0.8157,1.7248,238
10396000,ifs,7,0.3946,0.6888,0.7947,1.2005,238
11098000,ifs,7,0.0117,0.4600,0.5958,1.3217,238
11124500,ifs,7,-9.6904,-2.0548,0.6794,2.6147,238
11141280,ifs,7,-1.8060,0.0087,0.2348,1.2108,238
11143000,ifs,7,0.1211,0.5173,0.6767,1.2712,238
11148900,ifs,7,-0.0164,0.3607,0.4363,0.7207,238
11151300,ifs,7,-0.2322,0.2318,0.3054,1.3034,238
11162500,ifs,7,-0.2498,0.3974,0.4397,0.8014,238
11176400,ifs,7,-1.4190,0.0377,0.1078,0.8041,144
11180500,ifs,7,-9.7852,-2.4057,0.3711,3.2376,238
11180960,ifs,7,-25.1447,-3.8412,0.1346,3.4531,238
11224500,ifs,7,-1.0628,-0.0898,0.0261,0.5139,238
11253310,ifs,7,-0.4870,-0.0590,0.0855,0.5145,238
11264500,ifs,7,-0.7189,0.1879,0.1902,0.9851,238
11266500,ifs,7,-0.5632,0.2914,0.3075,1.1029,238
11274500,ifs,7,-2.5436,-0.1846,0.1188,1.3353,238
11274630,ifs,7,-3.5647,-0.3573,0.1113,1.2210,238
11284400,ifs,7,0.0017,0.0582,0.3497,0.4140,238
11299600,ifs,7,-1.3095,0.0793,0.1409,1.1534,235
11381500,ifs,7,0.4230,0.3714,0.6948,0.9926,238
11383500,ifs,7,0.5119,0.4632,0.7503,1.0485,238
11451100,ifs,7,0.2256,0.6055,0.7005,1.1586,106
11468500,ifs,7,0.3417,0.2948,0.6195,0.8889,238
11473900,ifs,7,0.5299,0.3717,0.8705,0.8944,238
11475560,ifs,7,0.6738,0.5289,0.8891,0.9238,238
11476600,ifs,7,0.8722,0.7631,0.9400,1.1840,237
11478500,ifs,7,0.7206,0.5646,0.8577,1.3528,238
11480390,ifs,7,0.6642,0.5410,0.8725,0.9566,238
11481200,ifs,7,0.7296,0.6596,0.8632,1.2050,238
11482500,ifs,7,0.7212,0.5554,0.8736,1.4051,238
11522500,ifs,7,0.3162,0.4280,0.7125,1.4946,238
11523200,ifs,7,-0.2423,0.1642,0.6902,1.7156,238
11528700,ifs,7,0.5846,0.5163,0.7993,1.0983,238
11532500,ifs,7,0.7427,0.5948,0.9167,1.0270,238
12010000,ifs,7,0.6368,0.5094,0.8558,0.6833,238
12013500,ifs,7,0.6913,0.7343,0.8368,0.8564,238
12020000,ifs,7,0.5235,0.3821,0.7959,0.5951,238
12025000,ifs,7,0.6880,0.7147,0.8318,1.0018,238
12025700,ifs,7,0.6386,0.5778,0.8280,0.8151,238
12035000,ifs,7,0.7770,0.8205,0.8895,0.8771,238
12040500,ifs,7,0.4836,0.7184,0.7507,0.8696,238
12041200,ifs,7,0.4644,0.6797,0.8098,0.8621,238
12043000,ifs,7,0.6273,0.7589,0.8199,0.8405,238
12048000,ifs,7,0.4455,0.6279,0.8770,1.2472,238
12054000,ifs,7,0.0316,0.4410,0.7628,1.3164,238
12056500,ifs,7,0.1159,0.5739,0.6864,0.9178,238
12073500,ifs,7,0.3148,0.6302,0.6422,1.0629,237
12082500,ifs,7,0.3027,0.2898,0.5646,0.9859,232
12092000,ifs,7,0.0855,0.1204,0.3240,0.9524,238
12095000,ifs,7,0.5545,0.5052,0.7755,0.8434,238
12114500,ifs,7,0.4573,0.4087,0.7157,1.0209,238
12115000,ifs,7,0.4461,0.4064,0.7016,0.9967,238
12115500,ifs,7,0.3968,0.3840,0.6504,0.8548,238
12117000,ifs,7,0.5647,0.5646,0.7628,0.9687,238
12141300,ifs,7,0.3217,0.3596,0.5719,1.0911,238
12143600,ifs,7,0.3787,0.3958,0.6306,1.1896,234
12144000,ifs,7,0.4618,0.5023,0.6828,1.0064,237
12145500,ifs,7,0.6641,0.6490,0.8260,0.8356,238
12147600,ifs,7,0.3877,0.4599,0.6235,0.9421,238
12167000,ifs,7,0.4902,0.5777,0.7081,1.1450,238
12175500,ifs,7,0.0067,0.5401,0.5650,1.1154,238
12186000,ifs,7,0.3414,0.4803,0.6024,1.1284,235
12189500,ifs,7,0.4626,0.5902,0.7220,1.2162,237
12358500,ifs,7,0.6057,0.7991,0.8239,1.0285,238
12377150,ifs,7,0.5249,0.7545,0.7649,0.9294,238
12381400,ifs,7,0.3426,0.5081,0.8574,1.2204,205
12390700,ifs,7,0.4055,0.6150,0.6878,1.1751,238
12411000,ifs,7,0.7409,0.7356,0.8755,1.1845,227
12414500,ifs,7,0.6341,0.6620,0.8092,0.8968,238
12447390,ifs,7,-0.2085,-0.2426,0.2156,0.3612,238
12451000,ifs,7,0.4754,0.6779,0.8096,1.2206,238
12488500,ifs,7,0.5460,0.7083,0.7760,1.1617,238
13011500,ifs,7,0.7130,0.6118,0.9340,1.2891,238
13011900,ifs,7,0.7976,0.8119,0.9264,0.9620,238
13018300,ifs,7,-0.4110,0.0042,0.9351,1.4730,238
13023000,ifs,7,0.5281,0.7629,0.8032,0.9131,196
13161500,ifs,7,0.6362,0.6505,0.8311,0.7809,238
13235000,ifs,7,0.5914,0.6521,0.7874,0.8850,236
13240000,ifs,7,0.7702,0.8608,0.8791,1.0038,159
13310700,ifs,7,0.5827,0.4981,0.9004,0.6699,238
13313000,ifs,7,0.6914,0.4837,0.9571,0.6424,238
13331500,ifs,7,0.5118,0.5360,0.9093,1.2266,238
13337000,ifs,7,0.6526,0.6654,0.8481,0.8077,238
13338500,ifs,7,0.7914,0.8775,0.8969,1.0636,238
13340000,ifs,7,0.4854,0.6009,0.7563,0.7767,238
13340600,ifs,7,0.5476,0.5742,0.8695,0.6861,238
14020000,ifs,7,0.3254,0.2078,0.7105,0.6505,238
14092750,ifs,7,0.1332,0.4416,0.8057,0.9661,238
14096850,ifs,7,-3.9133,-0.4845,0.6320,0.5107,238
14137000,ifs,7,0.6328,0.6080,0.8101,1.0170,233
14138800,ifs,7,0.4038,0.4643,0.6374,0.8983,238
14138870,ifs,7,0.5289,0.5480,0.7385,0.8362,238
14138900,ifs,7,0.2365,0.3183,0.4924,0.9171,238
14139800,ifs,7,0.5483,0.5760,0.7481,0.8433,236
14141500,ifs,7,0.5902,0.6235,0.7730,0.8967,238
14154500,ifs,7,0.4127,0.5345,0.6448,1.0099,238
14158500,ifs,7,0.7820,0.7096,0.9237,1.0846,223
14158790,ifs,7,0.4821,0.6837,0.7146,1.0621,234
14166500,ifs,7,0.2556,0.2806,0.5100,0.8797,238
14182500,ifs,7,0.4646,0.4835,0.6999,0.7453,238
14185000,ifs,7,0.3557,0.6813,0.6817,1.0080,238
14185900,ifs,7,0.4138,0.6643,0.6827,0.9400,235
14187000,ifs,7,0.2854,0.5808,0.6008,1.0274,237
14216500,ifs,7,0.7957,0.7542,0.9009,1.0188,235
14222500,ifs,7,0.5102,0.4545,0.7534,0.9632,238
14236200,ifs,7,0.6081,0.4876,0.8426,0.8039,237
14301000,ifs,7,0.6623,0.6801,0.8178,0.9111,237
14303200,ifs,7,0.5416,0.4449,0.8010,0.9137,238
14305500,ifs,7,0.6094,0.6004,0.7916,0.9222,236
14306340,ifs,7,0.4271,0.3836,0.6891,0.7526,238
14306500,ifs,7,0.5822,0.5645,0.7796,0.8947,238
14308990,ifs,7,0.4360,0.3261,0.7700,0.8731,238
14309500,ifs,7,0.3390,0.2808,0.6149,0.7903,238
14316700,ifs,7,0.3872,0.4648,0.6225,1.0261,238
14325000,ifs,7,0.4353,0.4497,0.6683,0.8297,238
14362250,ifs,7,0.2505,0.0865,0.7579,0.4942,148
14400000,ifs,7,0.6642,0.4779,0.8790,0.7228,238
01013500,ifs,8,0.8835,0.8114,0.9497,0.8593,238
01022500,ifs,8,0.6068,0.7368,0.7888,1.1029,238
01030500,ifs,8,0.7161,0.7476,0.9031,1.1189,238
01031500,ifs,8,0.2161,0.6074,0.6124,1.0619,236
01047000,ifs,8,0.1469,0.5428,0.5471,1.0007,238
01052500,ifs,8,0.2217,0.2503,0.5011,0.7102,238
01054200,ifs,8,-0.1586,0.0363,0.2240,0.5691,238
01055000,ifs,8,0.0030,0.3915,0.4173,0.9576,236
01057000,ifs,8,0.4059,0.6163,0.6592,0.9690,236
01073000,ifs,8,0.6145,0.7836,0.8028,1.0825,238
01078000,ifs,8,0.2586,0.3283,0.5573,0.7131,236
01118300,ifs,8,0.1902,0.4394,0.5164,0.8492,236
01121000,ifs,8,0.4677,0.6323,0.7130,1.1841,236
01123000,ifs,8,0.4538,0.5813,0.6784,0.9322,238
01134500,ifs,8,0.4756,0.6505,0.7045,0.9154,236
01137500,ifs,8,0.2635,0.4061,0.5547,0.7871,238
01139000,ifs,8,0.3843,0.6413,0.6638,0.9351,234
01139800,ifs,8,0.7293,0.8262,0.8583,1.0578,238
01142500,ifs,8,0.4410,0.6604,0.6976,0.8965,236
01144000,ifs,8,0.5815,0.7793,0.7909,0.9304,238
01169000,ifs,8,0.3393,0.5768,0.6242,1.1061,236
01170100,ifs,8,0.4514,0.6508,0.6890,0.9899,237
01181000,ifs,8,0.6171,0.7047,0.7868,1.0649,236
01187300,ifs,8,0.3831,0.4442,0.6206,1.0853,238
01195100,ifs,8,0.2028,0.2609,0.4745,0.8158,238
01333000,ifs,8,0.4051,0.5149,0.6438,0.8898,236
01350000,ifs,8,0.1115,0.0686,0.3540,0.7253,235
01350080,ifs,8,0.6788,0.5860,0.8551,0.7539,238
01350140,ifs,8,0.6582,0.6578,0.8355,0.7285,188
01365000,ifs,8,0.2823,0.3299,0.5429,0.8409,236
01411300,ifs,8,-0.1547,0.0661,0.2033,1.2403,229
01413500,ifs,8,0.3879,0.3774,0.6603,0.7697,236
01414500,ifs,8,0.0903,0.0564,0.3964,0.5942,236
01415000,ifs,8,0.3112,0.2371,0.7049,0.5975,193
01423000,ifs,8,0.4113,0.3942,0.7004,0.7258,238
01434025,ifs,8,0.0953,0.4345,0.5311,0.6973,238
01435000,ifs,8,0.2472,0.2805,0.5066,0.8347,237
01439500,ifs,8,0.4231,0.5084,0.6899,0.7981,236
01440000,ifs,8,0.3210,0.4789,0.5850,0.9044,238
01440400,ifs,8,0.5041,0.6272,0.7136,0.9484,212
01451800,ifs,8,-0.1354,0.2845,0.3231,1.1245,236
01466500,ifs,8,-4.8806,-1.1100,0.7645,1.0219,236
01484100,ifs,8,-0.7837,0.2574,0.4056,1.3550,238
01485500,ifs,8,-11.5405,-1.8425,0.1861,2.2832,233
01486000,ifs,8,-4.1344,-0.5591,0.2152,1.8397,238
01487000,ifs,8,0.0507,0.5655,0.6527,1.0684,238
01491000,ifs,8,0.4128,0.5943,0.6556,1.0084,238
01510000,ifs,8,0.5716,0.6787,0.7578,0.9462,238
01516500,ifs,8,0.0105,0.1135,0.3392,0.6152,238
01518862,ifs,8,-0.1027,0.2649,0.3740,0.6746,238
01532000,ifs,8,-0.8283,0.2783,0.3742,1.0358,236
01539000,ifs,8,-0.3913,0.3768,0.3902,0.9838,220
01542810,ifs,8,0.0363,0.4200,0.4559,0.8587,236
01543000,ifs,8,-0.0232,0.5017,0.5336,0.8381,238
01543500,ifs,8,0.1917,0.4878,0.5666,0.7769,236
01544500,ifs,8,0.3362,0.3938,0.6973,0.6236,238
01545600,ifs,8,0.3473,0.3406,0.6946,0.6273,238
01547700,ifs,8,-0.0507,-0.0464,0.1597,0.7819,238
01548500,ifs,8,0.2234,0.2592,0.6093,0.5899,236
01549500,ifs,8,0.3579,0.4322,0.6600,0.6907,236
01550000,ifs,8,0.2399,0.3643,0.5765,0.6812,236
01552000,ifs,8,-0.0686,0.3863,0.4227,0.8242,238
01552500,ifs,8,-0.2548,0.4143,0.4296,0.8972,238
01557500,ifs,8,-0.4702,0.1365,0.1515,0.9410,238
01567500,ifs,8,-0.2164,0.1482,0.2012,1.0370,238
01568000,ifs,8,-0.1765,0.2761,0.3092,1.1205,238
01580000,ifs,8,-0.2947,0.1414,0.1818,0.9378,234
01583500,ifs,8,-0.0751,0.1668,0.2820,0.8338,238
01586610,ifs,8,-0.1653,0.1769,0.2701,0.7836,204
01591400,ifs,8,-0.0620,0.1417,0.2454,0.9664,238
01596500,ifs,8,-0.1189,0.0216,0.1840,0.7217,236
01605500,ifs,8,-1.9288,-0.0101,0.2545,1.1986,236
01606500,ifs,8,-0.0989,0.2691,0.3448,0.7695,211
01613050,ifs,8,-0.4032,0.1487,0.1699,1.0714,238
01620500,ifs,8,0.0625,0.2090,0.4591,0.5333,236
01632000,ifs,8,-0.4534,0.1760,0.1871,0.9298,236
01632900,ifs,8,-0.5625,0.2902,0.2981,1.0018,236
01634500,ifs,8,-0.1648,0.1266,0.2028,0.9160,221
01638480,ifs,8,-1.5036,-0.1453,0.1683,1.7612,233
01639500,ifs,8,-0.3196,0.1947,0.2216,1.1055,238
01644000,ifs,8,-1.0076,-0.0399,0.2628,1.7323,238
01658500,ifs,8,-0.9922,0.0261,0.0348,1.1270,207
01664000,ifs,8,-0.0979,0.2379,0.2987,0.8965,238
01666500,ifs,8,-0.1783,0.2678,0.2986,1.0855,223
01667500,ifs,8,-0.4406,0.3080,0.3155,1.0925,216
01669000,ifs,8,0.1164,0.4892,0.5087,1.0652,213
01669520,ifs,8,-2.7213,-0.2726,0.5053,1.7526,236
02011400,ifs,8,-0.3471,0.3820,0.4137,1.1506,238
02011460,ifs,8,-0.1064,0.3115,0.3557,0.8314,238
02013000,ifs,8,-0.0594,0.1926,0.2806,1.1036,238
02014000,ifs,8,-0.5734,0.2597,0.2634,1.0363,237
02015700,ifs,8,-0.2448,0.4053,0.4104,1.0579,220
02016000,ifs,8,-0.0435,0.4754,0.4831,0.9107,237
02017500,ifs,8,-0.5246,0.3586,0.4226,1.1127,236
02018000,ifs,8,-0.2398,0.4248,0.4355,1.0653,231
02027000,ifs,8,0.2628,0.5809,0.6581,0.7576,218
02027500,ifs,8,0.4267,0.4971,0.7479,0.6186,221
02028500,ifs,8,0.2187,0.3876,0.5269,0.8054,213
02038850,ifs,8,-0.1970,0.0899,0.1940,0.7823,236
02046000,ifs,8,0.1871,0.3684,0.5505,1.3854,228
02051000,ifs,8,-0.1097,0.0294,0.1668,0.8306,238
02051500,ifs,8,0.2249,0.4341,0.5205,1.1184,236
02053200,ifs,8,-0.9713,0.1010,0.3205,1.5067,210
02053800,ifs,8,-0.1916,0.1590,0.2267,0.8627,219
02055100,ifs,8,-0.1301,0.3701,0.3901,1.1247,236
02056900,ifs,8,-0.7253,0.2168,0.2333,0.8800,212
02059500,ifs,8,-0.1253,0.3361,0.3927,0.7739,207
02064000,ifs,8,0.0345,0.0967,0.3278,0.7007,226
02065500,ifs,8,0.1958,0.3827,0.6028,0.6309,236
02069700,ifs,8,-0.4831,0.1895,0.2192,1.1929,210
02070000,ifs,8,-0.5160,0.0713,0.1072,1.1686,236
02074500,ifs,8,-0.6926,0.1181,0.1271,1.1197,238
02077200,ifs,8,-0.8696,0.2189,0.2915,1.1989,233
02081500,ifs,8,-0.3196,0.0065,0.1188,1.3304,238
02082950,ifs,8,-1.3234,-0.0335,0.4855,1.5942,238
02092500,ifs,8,-20.6805,-2.9758,0.0595,2.7143,238
02096846,ifs,8,-0.6452,-0.1461,-0.0213,1.4646,238
02102908,ifs,8,-0.1612,0.0579,0.1636,0.8947,238
02108000,ifs,8,-0.0160,0.5129,0.5923,1.2006,238
02111180,ifs,8,-0.0433,-0.1267,0.0984,0.9580,238
02111500,ifs,8,-0.1708,0.2229,0.2663,0.9459,236
02118500,ifs,8,-0.5074,0.2581,0.2583,1.0100,238
02128000,ifs,8,-0.0984,-0.2871,0.3836,2.0791,238
02137727,ifs,8,-0.2600,0.0293,0.1086,0.9365,238
02140991,ifs,8,-0.0872,0.0797,0.2017,1.0673,238
02143000,ifs,8,-1.0660,0.2305,0.3226,1.2208,238
02143040,ifs,8,-0.9746,0.1883,0.2272,0.9062,236
02149000,ifs,8,-0.1021,0.0143,0.1501,0.9701,238
02152100,ifs,8,-0.6817,0.1070,0.1089,1.0034,238
02177000,ifs,8,-0.2127,0.0287,0.1195,1.0359,236
02178400,ifs,8,-0.7848,0.2177,0.2323,0.9432,236
02193340,ifs,8,-4.2647,-0.8510,0.5632,1.6801,238
02196000,ifs,8,0.0017,-0.0746,0.2439,0.5142,238
02198100,ifs,8,-0.5963,0.0507,0.1179,1.3276,237
02202600,ifs,8,-0.6704,-0.2190,0.1327,1.7981,238
02212600,ifs,8,0.1468,0.3066,0.4257,1.0082,236
02215100,ifs,8,-0.0232,-0.1300,0.1651,0.6779,238
02216180,ifs,8,-0.0766,-0.4905,-0.0911,0.4365,236
02221525,ifs,8,-0.0482,0.3388,0.3766,1.1000,236
02231000,ifs,8,-3.3790,-0.4304,0.2200,1.6331,238
02231342,ifs,8,-2.9070,-0.3716,0.3120,1.7287,238
02235200,ifs,8,-0.0954,0.4810,0.5124,1.1724,237
02245500,ifs,8,-3.6043,-0.4142,0.3135,1.1509,238
02246000,ifs,8,-2.9022,-0.2107,0.1433,0.8771,236
02296500,ifs,8,-1.7000,-0.6330,0.5891,2.3238,227
02297155,ifs,8,-0.1563,-0.1858,0.2158,0.3087,237
02297310,ifs,8,0.1775,0.3832,0.5170,0.7049,228
02298123,ifs,8,0.2471,0.2384,0.5679,0.5390,238
02298608,ifs,8,-0.5090,0.3347,0.4163,1.2292,238
02299950,ifs,8,-1.5520,0.0485,0.1486,0.8573,238
02300700,ifs,8,-0.4081,0.0905,0.1920,0.6171,238
02310947,ifs,8,-0.7406,-2.0452,-0.2926,3.6646,238
02312200,ifs,8,-19.8896,-4.2071,0.2768,6.1456,238
02314500,ifs,8,-0.2925,-0.4579,-0.1428,0.5672,238
02315500,ifs,8,-0.3296,-0.6554,-0.2869,0.4428,238
02324400,ifs,8,-0.2052,-1.0284,-0.5320,0.1148,238
02327100,ifs,8,-0.9854,-0.2550,0.5509,2.0805,236
02349900,ifs,8,0.1573,0.0840,0.4129,0.8988,238
02350900,ifs,8,-0.1324,0.2273,0.4433,0.6417,238
02361000,ifs,8,0.0257,0.2682,0.4868,0.6395,238
02363000,ifs,8,0.0345,-0.1149,0.5211,0.3497,236
02369800,ifs,8,0.0439,-0.1897,0.4661,0.4319,237
02371500,ifs,8,0.0975,-0.0565,0.3987,0.7286,238
02372250,ifs,8,0.1148,-0.0118,0.3834,0.7717,236
02374500,ifs,8,0.0369,-0.0533,0.2956,0.6928,238
02381600,ifs,8,-0.4299,0.0765,0.1078,1.0631,237
02384540,ifs,8,-0.6308,0.0360,0.0811,0.7586,238
02395120,ifs,8,-4.3310,-0.4810,0.0727,1.1129,238
02408540,ifs,8,-0.0545,0.2955,0.3463,0.9053,238
02415000,ifs,8,0.2164,0.3577,0.4899,0.9150,228
02422500,ifs,8,-0.6112,0.2939,0.3524,1.2294,221
02427250,ifs,8,0.1216,0.1924,0.3704,1.0286,238
02430085,ifs,8,-0.9593,0.0146,0.0500,1.2613,238
02450250,ifs,8,-1.1838,0.0133,0.0247,1.0995,236
02464000,ifs,8,-1.3563,0.0409,0.0799,1.1121,238
02465493,ifs,8,-1.0227,0.1881,0.2607,1.1775,235
02469800,ifs,8,0.1057,0.0574,0.4555,0.5152,236
02472000,ifs,8,0.2523,0.1831,0.5494,0.6101,238
02472500,ifs,8,0.0978,0.2642,0.4704,0.5864,238
02479155,ifs,8,-0.0243,-0.1910,0.1447,0.5431,238
02479300,ifs,8,0.0583,-0.2060,0.4820,0.3428,238
02481000,ifs,8,0.0033,-0.3557,0.2628,0.2154,238
02481510,ifs,8,0.0150,-0.2712,0.3490,0.2825,238
03010655,ifs,8,0.3447,0.4761,0.6586,0.7018,209
03011800,ifs,8,-0.0570,0.3730,0.4210,0.8068,238
03015500,ifs,8,-0.0991,0.5149,0.5642,1.0407,238
03021350,ifs,8,-0.2921,0.4320,0.4754,0.8958,236
03026500,ifs,8,-0.0692,0.3853,0.4104,0.8708,238
03028000,ifs,8,0.0575,0.4757,0.5613,0.7191,236
03049800,ifs,8,-0.1124,-0.1110,0.1381,0.6239,236
03050000,ifs,8,0.0056,0.3275,0.3836,0.8936,236
03066000,ifs,8,0.0816,0.3150,0.4267,0.7878,238
03069500,ifs,8,0.0479,0.2897,0.4054,0.7629,236
03070500,ifs,8,-0.3712,0.4130,0.4955,1.1282,236
03076600,ifs,8,-0.0454,0.1282,0.3265,0.6343,238
03078000,ifs,8,-0.1390,0.0212,0.1977,0.6625,238
03140000,ifs,8,0.0557,0.1909,0.3282,0.9292,236
03144000,ifs,8,-0.4670,0.1412,0.1540,0.9748,238
03159540,ifs,8,-0.2366,0.2516,0.2762,0.9077,238
03161000,ifs,8,-0.0738,0.0297,0.2201,0.8343,238
03164000,ifs,8,0.1929,0.4257,0.5606,0.8221,238
03165000,ifs,8,-0.2096,-0.0681,0.0675,0.8597,221
03170000,ifs,8,0.0260,0.2018,0.3462,0.8381,238
03173000,ifs,8,-0.0014,0.3931,0.4256,0.8826,236
03180500,ifs,8,0.1342,0.3579,0.4528,0.8463,222
03182500,ifs,8,0.0684,0.4375,0.4627,0.9453,236
03186500,ifs,8,-0.0078,0.4417,0.4497,0.9797,236
03187500,ifs,8,-0.0610,0.4966,0.5018,0.9601,235
03213700,ifs,8,-0.9218,0.2346,0.3309,1.1781,238
03237280,ifs,8,0.0146,0.1981,0.3288,0.7821,238
03237500,ifs,8,-0.3507,0.1005,0.1374,0.9984,236
03241500,ifs,8,-0.0576,0.0654,0.2502,0.6697,225
03280700,ifs,8,-0.9654,0.1964,0.2448,0.8977,213
03281100,ifs,8,-1.9981,-0.0216,0.2607,1.1130,236
03281500,ifs,8,-1.6208,0.0697,0.3057,1.0826,223
03285000,ifs,8,-0.9821,-0.1144,0.2228,1.7805,235
03291780,ifs,8,-0.1333,0.1297,0.2113,0.9716,238
03300400,ifs,8,-0.2662,0.0997,0.1571,1.0849,238
03340800,ifs,8,-0.4227,0.1640,0.1818,0.9097,190
03346000,ifs,8,-0.1892,0.0772,0.2211,0.6251,238
03364500,ifs,8,0.1117,0.0647,0.3739,0.5998,238
03366500,ifs,8,-0.3342,0.0964,0.1490,0.8381,238
03368000,ifs,8,-0.1563,-0.0047,0.1416,0.7298,238
03384450,ifs,8,-0.2699,-0.0831,0.0467,0.7259,238
03439000,ifs,8,-0.2315,-0.3231,-0.0257,0.6387,236
03450000,ifs,8,-0.1018,-0.2408,0.0441,0.7626,238
03455500,ifs,8,-0.6565,0.0291,0.1109,0.6739,236
03456500,ifs,8,-0.1972,-0.1056,0.0835,0.7666,236
03460000,ifs,8,-0.4968,0.2401,0.4571,0.6118,238
03463300,ifs,8,-0.2477,0.1139,0.1782,0.8836,238
03471500,ifs,8,0.3149,0.5523,0.7094,0.7200,236
03473000,ifs,8,0.1097,0.4229,0.5735,0.7088,238
03479000,ifs,8,-0.0538,0.1444,0.2730,0.8654,236
03488000,ifs,8,0.1522,0.3141,0.4887,0.7238,238
03498500,ifs,8,-0.2224,0.2817,0.3511,0.7442,238
03500000,ifs,8,-0.4982,0.3183,0.3483,0.8058,236
03504000,ifs,8,-0.6624,0.1801,0.2073,0.8264,236
03574500,ifs,8,-0.2364,-0.0063,0.1287,0.6912,238
03604000,ifs,8,-0.0667,-0.2124,0.0697,0.7636,236
04015330,ifs,8,0.1168,0.1552,0.3887,0.6479,197
04024430,ifs,8,0.1921,0.4300,0.5446,0.7115,238
04027000,ifs,8,0.4129,0.4220,0.6617,0.7459,238
04040500,ifs,8,0.8180,0.7900,0.9085,0.9105,238
04043050,ifs,8,0.7673,0.8346,0.8792,0.9120,182
04045500,ifs,8,0.8692,0.8094,0.9459,0.8183,234
04056500,ifs,8,0.5723,0.4684,0.8413,0.7192,229
04057510,ifs,8,0.8701,0.7019,0.9621,0.7885,158
04057800,ifs,8,0.7771,0.6193,0.9058,0.7216,238
04059500,ifs,8,0.8532,0.7845,0.9341,0.9948,238
04063700,ifs,8,0.6650,0.4396,0.9091,0.6282,238
04074950,ifs,8,0.5859,0.5161,0.8679,0.7566,238
04105700,ifs,8,0.3723,0.4752,0.6250,0.9304,238
04115265,ifs,8,0.1419,0.2385,0.4001,0.9685,238
04122200,ifs,8,0.4150,0.4631,0.6688,0.8613,238
04122500,ifs,8,0.6661,0.6819,0.8341,0.9145,236
04124000,ifs,8,0.6886,0.6146,0.8577,0.9872,238
04127997,ifs,8,0.4636,0.4530,0.7204,0.9110,201
04185000,ifs,8,0.4682,0.5777,0.6901,0.8818,215
04196800,ifs,8,0.0522,0.1217,0.3172,0.7444,238
04197100,ifs,8,-0.0158,0.1027,0.2448,0.9424,238
04197170,ifs,8,-0.0825,-0.0043,0.1743,0.7246,238
04213000,ifs,8,-0.5542,0.3381,0.4038,1.1541,236
04213075,ifs,8,-0.3045,0.1765,0.2049,0.9475,234
04216418,ifs,8,0.0402,0.4843,0.4952,1.0894,238
04221000,ifs,8,-0.1116,0.1901,0.3687,0.5941,238
04224775,ifs,8,-0.0284,0.1677,0.3465,0.6454,236
04256000,ifs,8,0.5880,0.7454,0.8067,1.1635,236
04296000,ifs,8,0.3293,0.5024,0.6060,0.8426,236
05057000,ifs,8,-1.1303,0.1364,0.4111,0.5256,160
05057200,ifs,8,-0.0358,0.5302,0.5751,1.1118,237
05062500,ifs,8,0.2007,0.6278,0.6428,0.9871,199
05087500,ifs,8,0.1407,0.4725,0.5047,1.0853,238
05120500,ifs,8,-10.0704,-1.4856,-0.0442,3.1978,210
05123400,ifs,8,-0.3916,-0.6523,-0.0184,0.1576,238
05129115,ifs,8,-0.8334,-0.8962,-0.2632,0.0000,238
05131500,ifs,8,0.1230,0.2193,0.4794,0.5766,142
05291000,ifs,8,-1.1071,0.1911,0.3365,0.8309,238
05362000,ifs,8,0.4555,0.7143,0.7349,0.8948,237
05393500,ifs,8,0.5020,0.6748,0.7260,0.8858,238
05399500,ifs,8,-0.0201,0.3729,0.4028,0.9152,236
05408000,ifs,8,-0.0347,-0.0625,0.1895,0.8138,237
05412500,ifs,8,-0.0444,0.1010,0.3635,0.6452,238
05413500,ifs,8,-0.3560,0.0383,0.1793,0.7609,208
05414000,ifs,8,-0.1635,0.0668,0.4981,0.5926,204
05444000,ifs,8,-0.5309,0.2846,0.3497,0.7210,236
05454000,ifs,8,-0.4157,0.2237,0.2838,0.7049,238
05458000,ifs,8,-0.0999,-0.1224,0.1138,0.6861,238
05466500,ifs,8,0.0346,0.1116,0.2985,0.7871,236
05487980,ifs,8,-0.4465,0.1229,0.1418,0.9538,236
05488200,ifs,8,-0.0425,-0.0554,0.2125,0.5386,236
05489000,ifs,8,-0.2381,-0.0957,0.0693,0.6351,236
05495000,ifs,8,-3.4787,-0.6981,0.1879,2.1041,236
05495500,ifs,8,-0.3193,0.0986,0.1717,0.7409,232
05501000,ifs,8,-0.1959,-0.0691,0.0692,0.7984,236
05503800,ifs,8,-0.7800,0.0012,0.0444,1.2811,238
05507600,ifs,8,-1.7699,-0.2135,0.1741,1.7355,238
05508805,ifs,8,-1.1867,-0.1313,0.3670,1.8104,236
05514500,ifs,8,0.2734,0.5798,0.6151,1.1549,236
05525500,ifs,8,0.0969,0.3383,0.4177,1.0725,236
05556500,ifs,8,-0.6465,0.0978,0.1705,0.6472,238
05584500,ifs,8,-0.1969,0.1460,0.2309,0.7624,236
05585000,ifs,8,-0.0486,0.2596,0.3657,0.7080,238
05591550,ifs,8,-0.1421,0.0793,0.1857,0.8424,236
05592050,ifs,8,0.1199,0.2646,0.4029,0.8468,222
05592575,ifs,8,-0.1279,0.1330,0.2358,0.7745,236
05593575,ifs,8,-0.5843,0.0771,0.3333,1.6197,238
05593900,ifs,8,-0.0487,0.1389,0.2646,0.7910,236
05595730,ifs,8,-2.0679,-0.2382,0.2484,1.6967,238
06037500,ifs,8,-2.0835,0.4239,0.8465,1.2804,238
06043500,ifs,8,0.3877,0.3851,0.9579,1.3228,238
06154410,ifs,8,-0.1335,0.0284,0.1907,0.7130,238
06188000,ifs,8,0.8451,0.8889,0.9321,0.9764,238
06191500,ifs,8,0.7627,0.6982,0.9450,1.1083,238
06221400,ifs,8,0.8110,0.8439,0.9242,1.0611,238
06224000,ifs,8,0.7022,0.8386,0.8573,1.0727,238
06289000,ifs,8,0.2911,0.6338,0.6562,0.8820,238
06332515,ifs,8,-32.3339,-4.8347,0.2632,4.1958,118
06339100,ifs,8,-63.9181,-7.1114,0.3270,4.7665,174
06339500,ifs,8,-4.4921,-0.5587,0.1870,0.6768,167
06344600,ifs,8,-51.7036,-6.6473,0.2982,5.8295,177
06350000,ifs,8,-25.3631,-3.5617,0.2925,3.1698,238
06352000,ifs,8,-0.0139,-0.1034,0.5075,1.3308,237
06353000,ifs,8,-0.0035,-0.1169,0.5093,0.8054,236
06354000,ifs,8,-0.3821,0.3012,0.4225,0.6147,173
06360500,ifs,8,0.1195,0.1389,0.5276,1.5421,139
06404000,ifs,8,-24.3031,-2.9500,-0.1623,1.8426,205
06406000,ifs,8,-166.3097,-3.7729,0.8997,5.7263,180
06408700,ifs,8,-1645.7121,-4.0472,0.1947,1.5112,238
06409000,ifs,8,-1.4684,0.6370,0.8558,1.2610,193
06431500,ifs,8,-1.9274,0.2700,0.3591,1.1030,227
06440200,ifs,8,-0.3790,-0.3112,-0.0115,0.2850,160
06441500,ifs,8,-59.9347,-6.8720,0.0754,5.2580,177
06447000,ifs,8,-0.1273,-0.3506,-0.0123,0.4668,140
06447500,ifs,8,-0.1269,-0.1813,0.1920,0.7089,238
06450500,ifs,8,0.0377,-0.1399,0.2704,1.0516,208
06452000,ifs,8,-0.0054,-0.2696,0.0575,1.0224,175
06453600,ifs,8,-1.3172,-0.2439,0.0555,1.8091,235
06464500,ifs,8,-1.2900,0.1296,0.2134,1.1783,175
06477500,ifs,8,-145.7573,-11.3204,0.0035,7.1799,237
06479215,ifs,8,-0.1560,-0.2136,0.0420,0.6107,238
06479438,ifs,8,-0.1484,-0.4919,0.0089,0.2538,238
06601000,ifs,8,-0.3067,-0.1438,-0.0171,0.8395,238
06614800,ifs,8,0.7703,0.6008,0.9372,1.3621,238
06622700,ifs,8,-0.3646,0.1207,0.7651,1.6438,238
06623800,ifs,8,0.8265,0.9118,0.9153,0.9858,238
06632400,ifs,8,-0.3240,0.3144,0.4668,1.4078,238
06784000,ifs,8,-1.4613,-0.0431,0.0431,1.3441,238
06803510,ifs,8,-0.9751,-0.0127,-0.0115,1.0414,238
06803530,ifs,8,-0.4452,-0.0766,-0.0170,0.9504,238
06814000,ifs,8,-0.3952,-0.1296,0.0010,0.6319,238
06846500,ifs,8,-0.0096,-0.4724,-0.0600,1.3784,238
06847900,ifs,8,-0.0059,-0.2156,0.1396,1.3334,238
06853800,ifs,8,-1.3319,-0.3712,-0.0127,1.9238,238
06876700,ifs,8,-0.0066,-0.2420,0.2849,0.2991,238
06878000,ifs,8,-0.1132,-0.2507,0.0615,0.4694,238
06879650,ifs,8,-0.0449,-0.2533,0.1347,0.4273,237
06885500,ifs,8,-0.1739,-0.2913,0.0004,0.4681,238
06888500,ifs,8,-0.0790,-0.3932,0.0156,0.3772,238
06889200,ifs,8,-0.2981,-0.1369,0.0015,0.7081,238
06889500,ifs,8,-0.3557,-0.0670,0.0225,0.8091,238
06892000,ifs,8,-0.3055,0.2371,0.2729,0.8004,238
06903400,ifs,8,-0.0602,-0.2226,0.1572,0.3712,238
06906800,ifs,8,0.1650,0.3706,0.4729,0.8179,238
06910800,ifs,8,-0.1953,-0.2093,0.0198,0.5660,238
06911900,ifs,8,-0.3558,-0.1585,-0.0092,0.6206,238
06917000,ifs,8,-0.2177,0.3075,0.3598,0.7426,238
06918460,ifs,8,0.1200,0.3582,0.4344,0.9965,238
06919500,ifs,8,-0.1924,0.1226,0.2682,0.5898,238
06921070,ifs,8,0.0985,0.1625,0.3678,0.7268,238
06921200,ifs,8,-0.0050,-0.2321,0.2267,0.3544,238
06934000,ifs,8,-0.1005,0.2816,0.3770,0.7074,237
07014500,ifs,8,-0.0394,-0.0790,0.1751,0.6738,238
07056000,ifs,8,-0.0106,0.2863,0.3608,0.8386,238
07057500,ifs,8,-0.1117,0.1992,0.2812,0.8509,230
07060710,ifs,8,-0.0001,-0.3945,0.0270,1.0504,238
07066000,ifs,8,-0.2687,0.1413,0.1967,0.8581,238
07067000,ifs,8,-0.1664,0.2716,0.4511,0.6054,238
07068000,ifs,8,-0.0460,0.2332,0.3768,0.7877,237
07071500,ifs,8,-0.7243,0.2695,0.2946,0.8107,238
07083000,ifs,8,-1.9491,-0.4862,0.8639,1.8806,238
07142300,ifs,8,-8.2128,-4.9877,-0.0985,6.8249,238
07145700,ifs,8,-0.0121,-0.5296,0.0989,0.1801,238
07148400,ifs,8,-0.6361,0.2268,0.7324,1.4651,238
07149000,ifs,8,-0.2739,0.3641,0.5706,1.4603,238
07151500,ifs,8,-0.0356,-0.5179,-0.0439,0.4004,238
07167500,ifs,8,0.0394,-0.2230,0.2512,1.7073,238
07180500,ifs,8,-0.0780,-0.1479,0.0932,0.6880,238
07184000,ifs,8,0.0764,-0.1820,0.3279,0.3763,236
07195800,ifs,8,-0.3947,0.2691,0.2725,0.9456,236
07196900,ifs,8,-0.4945,0.1298,0.1660,1.2190,237
07197000,ifs,8,-1.3842,0.0986,0.3955,1.2302,238
07208500,ifs,8,0.1139,0.5360,0.7363,1.0756,238
07226500,ifs,8,-0.0189,-0.4819,0.0048,0.3558,236
07261000,ifs,8,-0.8179,-0.0316,0.2460,1.6942,236
07263295,ifs,8,-2.2234,-1.7075,0.0230,3.4966,236
07290650,ifs,8,-0.2298,0.0443,0.1743,0.6755,238
07291000,ifs,8,-0.2798,-0.2482,0.0685,0.3813,238
07292500,ifs,8,-0.1160,-0.0109,0.1457,0.8017,238
07295000,ifs,8,-0.2467,-0.1340,0.0304,0.6723,238
07299670,ifs,8,-0.6703,-0.4724,-0.0210,2.0291,228
07301410,ifs,8,-0.4030,-0.2036,-0.0821,0.7848,227
07301500,ifs,8,-0.1810,-0.5690,0.0377,1.7704,200
07315200,ifs,8,-5.4430,-2.0926,0.0198,3.6399,161
07315700,ifs,8,-14.3797,-3.9799,0.1373,5.0278,218
07335700,ifs,8,-0.3510,-0.0910,0.0658,0.5738,229
07340300,ifs,8,-0.7195,0.1181,0.1185,1.0107,238
07346045,ifs,8,-5.5671,-0.7410,0.1587,0.8436,238
07359610,ifs,8,-1.6418,-0.2201,0.1635,1.8058,238
07362100,ifs,8,-3.5339,-0.8674,0.5019,2.2959,238
07362587,ifs,8,-1.3741,-0.7571,0.1137,2.5035,236
07373000,ifs,8,-0.1752,-0.1400,0.0964,0.6156,234
07375000,ifs,8,-0.4287,-0.1561,0.0268,0.4853,238
07376000,ifs,8,-0.1096,-0.0031,0.2190,0.5964,238
08013000,ifs,8,0.2463,0.4162,0.5533,0.7267,238
08014500,ifs,8,0.1506,0.0984,0.4808,0.5691,238
08023080,ifs,8,-1.7367,-1.1286,0.2371,2.9299,238
08025500,ifs,8,-0.1949,-0.0962,0.0369,0.9427,238
08029500,ifs,8,-1.2197,0.1194,0.2513,1.2795,238
08050800,ifs,8,-0.0264,-0.2958,0.0500,0.6432,237
08066200,ifs,8,-0.0796,-0.3305,0.0150,0.4722,238
08066300,ifs,8,-0.0580,-0.5458,-0.0129,0.2043,238
08070000,ifs,8,-3.0352,-0.3840,0.3063,1.5824,238
08070200,ifs,8,-1.0610,0.1834,0.2403,1.0306,238
08079600,ifs,8,-42.4922,-10.5676,-0.0182,11.2318,194
08082700,ifs,8,-0.2402,-0.1378,-0.0110,1.0336,224
08086212,ifs,8,0.0320,-0.2229,0.2160,1.6509,238
08086290,ifs,8,-0.7032,-2.0873,0.1600,3.9707,238
08101000,ifs,8,-13.7574,-2.5611,0.1544,3.1082,238
08103900,ifs,8,-0.9394,0.1613,0.1806,1.0661,238
08104900,ifs,8,-3.6168,-0.3560,0.0389,0.8212,238
08109700,ifs,8,-0.8477,0.0060,0.2372,1.6131,222
08150800,ifs,8,0.0238,-0.3339,0.1857,0.4486,238
08155200,ifs,8,-38.7644,-5.0847,0.0779,3.9481,238
08158700,ifs,8,-112.3812,-15.6336,0.0467,14.6571,238
08158810,ifs,8,-10.8922,-1.6503,0.1214,1.6440,238
08164000,ifs,8,-3.7987,-0.6968,0.1028,2.0019,238
08164300,ifs,8,-0.3999,-0.0831,-0.0138,0.9914,235
08164600,ifs,8,-38.5259,-7.3988,0.2445,7.4230,238
08165300,ifs,8,-0.0334,-0.3134,-0.0108,0.8745,238
08171300,ifs,8,-204.3121,-40.8653,0.0082,40.8740,238
08175000,ifs,8,-3.0129,-0.2926,0.2429,0.6628,238
08176900,ifs,8,-185.9333,-15.8933,0.1286,12.2471,238
08178880,ifs,8,-0.0531,-0.4677,0.0548,0.2510,238
08189500,ifs,8,-4.6327,-0.6279,0.2318,1.3404,238
08190000,ifs,8,-0.0175,-0.3322,0.0344,0.6372,238
08190500,ifs,8,0.4252,0.0206,0.7915,1.9490,232
08194200,ifs,8,0.0538,-0.2476,0.2610,0.3293,238
08195000,ifs,8,-0.0099,-0.4162,0.0429,0.4631,238
08196000,ifs,8,-0.0522,0.0481,0.2607,1.4331,226
08198500,ifs,8,-0.0134,-0.5707,-0.0075,0.2499,238
08200000,ifs,8,-0.0288,-0.3833,0.1004,0.3032,238
08202700,ifs,8,-0.0088,-0.5802,0.0536,0.1082,237
08267500,ifs,8,-22.6645,-2.3173,0.6942,2.6573,238
08269000,ifs,8,-3.5494,-0.3778,0.7129,1.7102,238
08271000,ifs,8,-46.1054,-4.2606,0.7685,2.4843,238
08324000,ifs,8,0.0714,0.5545,0.6963,1.1685,238
08377900,ifs,8,-3.7557,-0.4322,0.4683,1.3493,238
08378500,ifs,8,-5.3752,-0.8708,0.5964,1.3058,230
08380500,ifs,8,-2.7315,-0.1487,0.4712,1.7382,238
09034900,ifs,8,0.1504,0.2065,0.8823,1.5854,234
09035900,ifs,8,0.5424,0.7334,0.8261,1.1014,204
09047700,ifs,8,-5.1580,-1.0391,0.8797,1.4492,236
09065500,ifs,8,0.7296,0.6417,0.9434,1.1424,238
09066000,ifs,8,-0.9596,0.1578,0.5885,1.1741,238
09066200,ifs,8,0.7061,0.6255,0.9308,1.2303,238
09066300,ifs,8,-0.4490,-0.0379,0.7980,1.8138,238
09081600,ifs,8,0.1304,0.6012,0.6266,1.0234,238
09107000,ifs,8,-1.1477,0.0152,0.6997,1.2832,237
09210500,ifs,8,-1.3949,0.1009,0.7376,1.5438,211
09223000,ifs,8,-2.8083,-0.5526,0.8788,1.9817,177
09306242,ifs,8,-451.5344,-4.1199,0.8577,5.9672,236
09312600,ifs,8,-2.1645,-0.6226,0.4794,2.3965,238
09352900,ifs,8,-0.6876,0.2689,0.5642,1.3222,208
09378170,ifs,8,0.2539,0.2617,0.5409,1.3216,238
09378630,ifs,8,,,,,238
09386900,ifs,8,-126.3501,-9.5029,-0.0310,3.6276,238
09404450,ifs,8,0.7073,0.7839,0.8549,0.9226,238
09430500,ifs,8,-1.3935,0.0012,0.3445,0.2671,238
09430600,ifs,8,-0.0840,0.0095,0.4179,0.3141,238
09447800,ifs,8,-2.3749,-0.6355,0.0696,2.0611,238
09480000,ifs,8,-0.2007,-4.3002,0.2970,6.2393,238
09484000,ifs,8,-1.0923,-0.9068,0.2220,2.7301,213
09484600,ifs,8,-0.4826,-1.8542,0.5391,3.8024,237
09492400,ifs,8,-1.2143,0.1143,0.7653,1.7001,236
09494000,ifs,8,-0.8753,0.2684,0.4135,1.1331,238
09497800,ifs,8,-0.1402,-0.6437,-0.2350,1.6235,238
09497980,ifs,8,-0.4080,0.1815,0.1941,0.9648,210
09505200,ifs,8,0.2293,0.4679,0.5291,0.9741,238
09505350,ifs,8,0.1811,0.3448,0.4594,1.0415,238
09505800,ifs,8,0.5540,0.7719,0.7728,1.0087,238
09508300,ifs,8,-0.0177,-0.2132,0.1467,0.5242,238
09510200,ifs,8,-2.5472,-1.1923,0.1005,2.8981,219
09512280,ifs,8,-0.0631,-0.9727,-0.1037,2.3694,238
09513780,ifs,8,-6.8906,-7.5581,0.1587,9.5160,237
10023000,ifs,8,-14.4298,-0.6414,0.0672,2.2123,238
10166430,ifs,8,-13449.6448,-90.4798,0.5561,72.7794,238
10172700,ifs,8,-29.8819,-0.2582,0.6436,2.0260,238
10172800,ifs,8,-9.9919,-0.8968,0.8040,2.3700,238
10173450,ifs,8,-0.3941,0.3904,0.4131,0.9988,238
10205030,ifs,8,-195.0819,-9.9760,-0.0213,2.3700,238
10234500,ifs,8,-0.1017,-0.2750,-0.0356,0.8681,234
10242000,ifs,8,-29.4589,-3.7131,0.4102,4.4896,238
10244950,ifs,8,-37.5235,-1.5435,0.7105,1.5643,238
10249300,ifs,8,-45.4020,-4.6027,0.5083,4.3325,237
10258000,ifs,8,,,,,66
10258500,ifs,8,0.0300,-0.2270,0.1925,0.5039,238
10259000,ifs,8,0.7566,0.6705,0.9002,1.0713,238
10259200,ifs,8,-5.4104,-4.5519,0.3265,6.3300,238
10263500,ifs,8,-0.8062,0.0321,0.7829,1.2676,238
10310500,ifs,8,-1.7900,0.1143,0.8691,1.7803,238
10316500,ifs,8,-0.3438,0.3277,0.6792,1.2399,238
10329500,ifs,8,0.4594,0.5425,0.8918,1.1954,238
10336645,ifs,8,0.4068,0.6586,0.7116,1.1826,224
10336660,ifs,8,0.5282,0.7177,0.7418,1.0258,238
10343500,ifs,8,0.3847,0.5706,0.6570,0.8350,238
10348850,ifs,8,-2.2281,0.0131,0.8264,1.7250,238
10396000,ifs,8,-1.0162,0.1714,0.5918,1.2334,238
11098000,ifs,8,0.2451,0.4630,0.7520,1.3843,238
11124500,ifs,8,-5.3985,-1.4282,0.7797,2.5069,238
11141280,ifs,8,-1.1116,0.1490,0.4559,1.2740,238
11143000,ifs,8,-0.6150,0.2375,0.5899,1.3301,238
11148900,ifs,8,0.0678,0.4268,0.4937,0.7473,238
11151300,ifs,8,0.2284,0.2403,0.6902,1.6693,238
11162500,ifs,8,-0.1253,0.4243,0.4576,0.8093,238
11176400,ifs,8,-0.6959,0.0947,0.1331,0.7405,144
11180500,ifs,8,-7.5996,-2.3203,0.4402,3.4329,238
11180960,ifs,8,-18.6344,-3.3039,0.1711,3.4922,238
11224500,ifs,8,-0.1808,-0.2350,0.0891,0.3264,238
11253310,ifs,8,0.3247,0.2262,0.5838,0.5141,238
11264500,ifs,8,-0.8608,0.1697,0.1790,0.9990,238
11266500,ifs,8,-0.6487,0.2733,0.2972,1.1144,238
11274500,ifs,8,-1.5176,0.0070,0.1918,1.3765,238
11274630,ifs,8,-1.7350,0.0074,0.1167,1.1120,238
11284400,ifs,8,-0.6356,0.0945,0.2536,0.4933,238
11299600,ifs,8,-0.5541,0.1793,0.1862,0.9043,235
11381500,ifs,8,0.5226,0.4188,0.8032,1.0080,238
11383500,ifs,8,0.6249,0.5219,0.8438,1.0617,238
11451100,ifs,8,0.6987,0.8010,0.8519,1.1321,106
11468500,ifs,8,0.5557,0.4035,0.8642,0.8996,238
11473900,ifs,8,0.5357,0.3996,0.8402,0.9070,238
11475560,ifs,8,0.6482,0.5850,0.8314,0.9435,238
11476600,ifs,8,0.8395,0.7543,0.9220,1.1769,237
11478500,ifs,8,0.6754,0.5238,0.8313,1.4239,238
11480390,ifs,8,0.6713,0.5089,0.9071,0.9938,238
11481200,ifs,8,0.4854,0.5243,0.7000,1.1635,238
11482500,ifs,8,0.6368,0.5310,0.8219,1.3871,238
11522500,ifs,8,0.2246,0.4029,0.6651,1.4944,238
11523200,ifs,8,-0.4387,0.1256,0.6381,1.7180,238
11528700,ifs,8,0.5761,0.5190,0.7875,1.1184,238
11532500,ifs,8,0.5554,0.5678,0.7527,1.0574,238
12010000,ifs,8,0.3698,0.6026,0.7158,0.7243,238
12013500,ifs,8,0.4149,0.6735,0.7814,0.8944,238
12020000,ifs,8,0.5035,0.5615,0.7613,0.6405,238
12025000,ifs,8,0.5675,0.7874,0.7938,1.0285,238
12025700,ifs,8,0.4784,0.7065,0.7852,0.8586,238
12035000,ifs,8,0.3488,0.6741,0.7196,0.8815,238
12040500,ifs,8,0.1948,0.5994,0.6318,0.8579,238
12041200,ifs,8,0.0296,0.5252,0.6818,0.8493,238
12043000,ifs,8,0.4948,0.6826,0.7472,0.8160,238
12048000,ifs,8,0.4842,0.6763,0.8664,1.2386,238
12054000,ifs,8,0.0812,0.4630,0.7683,1.3118,238
12056500,ifs,8,0.4290,0.6947,0.7738,0.8825,238
12073500,ifs,8,-0.3589,0.4169,0.5803,1.1021,237
12082500,ifs,8,0.2908,0.2818,0.5507,0.9871,232
12092000,ifs,8,0.0931,0.1189,0.3296,0.9550,238
12095000,ifs,8,0.5223,0.6620,0.7341,0.8773,238
12114500,ifs,8,0.4500,0.3981,0.7133,1.0165,238
12115000,ifs,8,0.4375,0.3908,0.7007,0.9898,238
12115500,ifs,8,0.4104,0.3789,0.6700,0.8409,238
12117000,ifs,8,0.2379,0.5664,0.5798,0.9914,238
12141300,ifs,8,0.2854,0.3373,0.5371,1.0825,238
12143600,ifs,8,0.3097,0.3470,0.5678,1.1759,234
12144000,ifs,8,0.3899,0.4498,0.6250,0.9989,237
12145500,ifs,8,0.1410,0.5754,0.6032,0.8647,238
12147600,ifs,8,0.3170,0.4300,0.5681,0.9312,238
12167000,ifs,8,0.3955,0.5848,0.6625,1.1727,238
12175500,ifs,8,-0.0974,0.4936,0.5151,1.1140,238
12186000,ifs,8,0.0329,0.3724,0.4258,1.1407,235
12189500,ifs,8,0.1450,0.4324,0.5167,1.2068,237
12358500,ifs,8,0.6107,0.8035,0.8242,1.0228,238
12377150,ifs,8,0.5226,0.7543,0.7641,0.9313,238
12381400,ifs,8,0.3508,0.5162,0.8562,1.2160,205
12390700,ifs,8,0.4142,0.6197,0.6931,1.1752,238
12411000,ifs,8,0.7572,0.7327,0.8854,1.1827,227
12414500,ifs,8,0.6358,0.6668,0.8096,0.8980,238
12447390,ifs,8,-0.2082,-0.2442,0.2154,0.3613,238
12451000,ifs,8,0.4489,0.6742,0.7945,1.2176,238
12488500,ifs,8,0.5633,0.7105,0.7825,1.1574,238
13011500,ifs,8,0.7062,0.6111,0.9309,1.2928,238
13011900,ifs,8,0.7971,0.8119,0.9262,0.9630,238
13018300,ifs,8,-0.3919,0.0118,0.9357,1.4717,238
13023000,ifs,8,0.5183,0.7579,0.8000,0.9170,196
13161500,ifs,8,0.6665,0.6492,0.8514,0.7832,238
13235000,ifs,8,0.5911,0.6506,0.7873,0.8850,236
13240000,ifs,8,0.7852,0.8613,0.8867,0.9997,159
13310700,ifs,8,0.5835,0.4989,0.9003,0.6706,238
13313000,ifs,8,0.6923,0.4848,0.9569,0.6431,238
13331500,ifs,8,0.4950,0.5210,0.9100,1.2360,238
13337000,ifs,8,0.6570,0.6651,0.8517,0.8064,238
13338500,ifs,8,0.7823,0.8765,0.8912,1.0545,238
13340000,ifs,8,0.4865,0.6005,0.7573,0.7759,238
13340600,ifs,8,0.5508,0.5723,0.8736,0.6844,238
14020000,ifs,8,0.2641,0.1570,0.6544,0.6346,238
14092750,ifs,8,0.4307,0.6029,0.8401,0.9531,238
14096850,ifs,8,-3.4084,-0.3636,0.6554,0.5060,238
14137000,ifs,8,0.5371,0.4675,0.7786,0.9933,233
14138800,ifs,8,0.3865,0.3773,0.6371,0.8768,238
14138870,ifs,8,0.4010,0.4531,0.6438,0.8281,238
14138900,ifs,8,0.0604,0.1899,0.3325,0.9090,238
14139800,ifs,8,0.3967,0.4724,0.6381,0.8314,236
14141500,ifs,8,0.4797,0.5224,0.6984,0.8847,238
14154500,ifs,8,0.4148,0.5086,0.6444,1.0196,238
14158500,ifs,8,0.7921,0.7244,0.9273,1.0857,223
14158790,ifs,8,0.4593,0.6495,0.6942,1.0591,234
14166500,ifs,8,0.2176,0.2622,0.4715,0.8801,238
14182500,ifs,8,0.4289,0.3871,0.6907,0.7387,238
14185000,ifs,8,0.4201,0.6651,0.6821,1.0038,238
14185900,ifs,8,0.3830,0.5494,0.6324,0.9166,235
14187000,ifs,8,0.3205,0.5730,0.6098,1.0501,237
14216500,ifs,8,0.7440,0.7037,0.8743,1.0110,235
14222500,ifs,8,0.5176,0.5465,0.7244,0.9997,238
14236200,ifs,8,0.6868,0.6305,0.8486,0.8210,237
14301000,ifs,8,0.6109,0.5980,0.7928,0.8893,237
14303200,ifs,8,0.4704,0.3898,0.7499,0.8976,238
14305500,ifs,8,0.4307,0.5263,0.6580,0.9265,236
14306340,ifs,8,0.4343,0.3788,0.7005,0.7486,238
14306500,ifs,8,0.5514,0.5509,0.7558,0.8941,238
14308990,ifs,8,0.3508,0.2779,0.6610,0.8752,238
14309500,ifs,8,0.3069,0.2178,0.6131,0.7638,238
14316700,ifs,8,0.3991,0.4476,0.6336,1.0184,238
14325000,ifs,8,0.4516,0.4475,0.6844,0.8241,238
14362250,ifs,8,0.1124,-0.0177,0.5495,0.4807,148
14400000,ifs,8,0.5818,0.5250,0.7815,0.7693,238
01013500,ifs,9,0.8819,0.8135,0.9485,0.8619,238
01022500,ifs,9,0.5619,0.6630,0.7524,1.0703,238
01030500,ifs,9,0.7051,0.7498,0.8972,1.1165,238
01031500,ifs,9,0.2727,0.5888,0.6022,1.0333,236
01047000,ifs,9,0.2283,0.5581,0.5727,0.9900,238
01052500,ifs,9,0.2833,0.2785,0.5597,0.7241,238
01054200,ifs,9,0.0949,0.0568,0.3879,0.5496,238
01055000,ifs,9,0.1594,0.4627,0.5005,0.9930,236
01057000,ifs,9,0.3580,0.6468,0.6555,0.9892,236
01073000,ifs,9,0.5529,0.7443,0.8070,1.1286,238
01078000,ifs,9,0.2310,0.2990,0.5357,0.7029,236
01118300,ifs,9,0.1211,0.4056,0.4742,0.8479,236
01121000,ifs,9,0.4690,0.6443,0.7233,1.2013,236
01123000,ifs,9,0.5952,0.6490,0.7736,0.9389,238
01134500,ifs,9,0.4590,0.6405,0.6921,0.9368,236
01137500,ifs,9,0.3484,0.4471,0.6165,0.7917,238
01139000,ifs,9,0.3822,0.6577,0.6691,0.9598,234
01139800,ifs,9,0.7123,0.8131,0.8482,1.0570,238
01142500,ifs,9,0.4831,0.6817,0.7180,0.9170,236
01144000,ifs,9,0.6490,0.8062,0.8222,0.9292,238
01169000,ifs,9,0.2830,0.4676,0.5558,1.0565,236
01170100,ifs,9,0.3781,0.5794,0.6354,0.9673,237
01181000,ifs,9,0.6137,0.7256,0.7869,1.0746,236
01187300,ifs,9,0.5138,0.5490,0.7208,1.0819,238
01195100,ifs,9,0.1547,0.2590,0.4341,0.8236,238
01333000,ifs,9,0.4179,0.5598,0.6576,0.8925,236
01350000,ifs,9,0.0219,0.1132,0.2853,0.7995,235
01350080,ifs,9,0.5123,0.6433,0.7344,0.8204,238
01350140,ifs,9,0.3413,0.6177,0.6860,0.7821,188
01365000,ifs,9,0.2226,0.3766,0.5000,0.8869,236
01411300,ifs,9,-0.2054,0.0435,0.1713,1.2453,229
01413500,ifs,9,0.2993,0.3856,0.5696,0.8012,236
01414500,ifs,9,0.0235,0.0613,0.3209,0.6255,236
01415000,ifs,9,0.3029,0.2606,0.6609,0.6180,193
01423000,ifs,9,0.3541,0.3985,0.6370,0.7430,238
01434025,ifs,9,0.1397,0.4494,0.5396,0.7236,238
01435000,ifs,9,0.2618,0.3504,0.5201,0.8774,237
01439500,ifs,9,0.4000,0.5251,0.6652,0.8234,236
01440000,ifs,9,0.3226,0.4930,0.5860,0.9323,238
01440400,ifs,9,0.3511,0.6427,0.6516,1.0142,212
01451800,ifs,9,-1.7380,0.0015,0.1721,1.2733,236
01466500,ifs,9,-4.2644,-0.9794,0.7654,1.0138,236
01484100,ifs,9,-0.7219,0.2799,0.4216,1.3331,238
01485500,ifs,9,-9.7593,-1.5993,0.1895,2.2625,233
01486000,ifs,9,-3.3498,-0.3951,0.2000,1.7612,238
01487000,ifs,9,0.1264,0.5984,0.6603,1.0587,238
01491000,ifs,9,0.3443,0.5283,0.6036,0.9858,238
01510000,ifs,9,0.4050,0.6652,0.6787,0.9637,238
01516500,ifs,9,0.0208,0.1082,0.3452,0.6093,238
01518862,ifs,9,0.0542,0.3101,0.4502,0.6759,238
01532000,ifs,9,-1.1417,0.1937,0.3668,1.0646,236
01539000,ifs,9,-2.0534,-0.0285,0.2270,1.0429,220
01542810,ifs,9,-0.0974,0.4276,0.4350,0.9149,236
01543000,ifs,9,-0.1883,0.4637,0.5049,0.8699,238
01543500,ifs,9,-0.0388,0.4595,0.4921,0.8156,236
01544500,ifs,9,0.2346,0.4141,0.6093,0.6561,238
01545600,ifs,9,0.3182,0.3638,0.6495,0.6489,238
01547700,ifs,9,-0.2012,-0.0040,0.1035,0.8920,238
01548500,ifs,9,0.0762,0.2713,0.4774,0.6231,236
01549500,ifs,9,0.1670,0.4884,0.5635,0.7591,236
01550000,ifs,9,-0.0351,0.3991,0.4623,0.7497,236
01552000,ifs,9,-0.6970,0.2793,0.3195,0.8815,238
01552500,ifs,9,-0.9579,0.2445,0.3713,0.9636,238
01557500,ifs,9,-1.1750,0.1069,0.1379,1.0387,238
01567500,ifs,9,-0.2701,0.1611,0.2006,1.0652,238
01568000,ifs,9,-0.3620,0.2564,0.2795,1.1685,238
01580000,ifs,9,-0.1893,0.3440,0.3513,0.9667,234
01583500,ifs,9,-0.0562,0.2401,0.3230,0.8637,238
01586610,ifs,9,-0.0810,0.3176,0.3722,0.8282,204
01591400,ifs,9,-0.0858,0.2857,0.3262,0.9777,238
01596500,ifs,9,0.0198,0.1239,0.3134,0.7160,236
01605500,ifs,9,-1.4331,0.0946,0.2088,1.1476,236
01606500,ifs,9,-0.3778,0.2885,0.3241,0.7778,211
01613050,ifs,9,-0.1556,0.3404,0.3613,1.1218,238
01620500,ifs,9,0.1698,0.2383,0.5320,0.5369,236
01632000,ifs,9,-0.2958,0.2465,0.2691,0.8693,236
01632900,ifs,9,-0.5446,0.2389,0.2403,0.9559,236
01634500,ifs,9,-0.1054,0.1063,0.2138,0.8759,221
01638480,ifs,9,-2.6020,-0.3495,0.2071,1.8989,233
01639500,ifs,9,-0.3410,0.2749,0.2912,1.1379,238
01644000,ifs,9,-1.1782,-0.0733,0.2784,1.7851,238
01658500,ifs,9,-1.5157,0.0109,0.1512,1.3453,207
01664000,ifs,9,-0.1855,0.2432,0.2830,0.8850,238
01666500,ifs,9,-0.1532,0.2695,0.3088,1.1143,223
01667500,ifs,9,-0.3940,0.2591,0.2648,1.0702,216
01669000,ifs,9,0.3337,0.5238,0.5994,1.0483,213
01669520,ifs,9,-2.4094,-0.1978,0.5099,1.7221,236
02011400,ifs,9,-0.7837,0.2737,0.3481,1.1253,238
02011460,ifs,9,0.2234,0.3769,0.5155,0.7901,238
02013000,ifs,9,-0.1013,0.2679,0.3187,1.1277,238
02014000,ifs,9,-1.6779,0.0492,0.2096,1.1020,237
02015700,ifs,9,-0.2044,0.4535,0.4697,1.0557,220
02016000,ifs,9,-0.4839,0.3480,0.3740,0.9154,237
02017500,ifs,9,-0.9524,0.2362,0.3700,1.1475,236
02018000,ifs,9,-1.2152,0.1599,0.2699,1.1054,231
02027000,ifs,9,0.3099,0.5614,0.6642,0.7287,218
02027500,ifs,9,0.4256,0.4682,0.7541,0.6014,221
02028500,ifs,9,0.0550,0.3686,0.4404,0.8242,213
02038850,ifs,9,-0.1495,0.0410,0.1812,0.7711,236
02046000,ifs,9,0.1900,0.3069,0.5081,1.3380,228
02051000,ifs,9,0.0436,0.0670,0.2722,0.8472,238
02051500,ifs,9,0.1405,0.3219,0.4309,1.0746,236
02053200,ifs,9,-0.8761,0.1340,0.3075,1.4595,210
02053800,ifs,9,0.0814,0.1484,0.3521,0.8360,219
02055100,ifs,9,-1.2753,0.1317,0.2458,1.2001,236
02056900,ifs,9,-0.0255,0.3564,0.3983,0.8812,212
02059500,ifs,9,-0.1826,0.3144,0.3618,0.7872,207
02064000,ifs,9,-0.0099,0.0598,0.2783,0.7062,226
02065500,ifs,9,0.0585,0.1664,0.5096,0.5839,236
02069700,ifs,9,0.0680,0.2646,0.3915,1.1419,210
02070000,ifs,9,-0.1237,0.1078,0.2100,1.1094,236
02074500,ifs,9,-0.1125,0.1731,0.2468,1.0425,238
02077200,ifs,9,-1.0666,0.1559,0.2035,1.1163,233
02081500,ifs,9,-0.5191,-0.0461,0.0217,1.2591,238
02082950,ifs,9,-1.8771,-0.1304,0.3963,1.5609,238
02092500,ifs,9,-9.7842,-1.7250,0.1120,2.5330,238
02096846,ifs,9,-2.0834,-0.2475,0.0071,1.6176,238
02102908,ifs,9,-0.1841,0.0939,0.1750,0.9318,238
02108000,ifs,9,0.1330,0.5680,0.6301,1.1878,238
02111180,ifs,9,-0.1553,-0.1377,0.0235,0.9659,238
02111500,ifs,9,-0.3154,0.0248,0.0938,0.9221,236
02118500,ifs,9,-0.1776,0.2475,0.2792,0.9874,238
02128000,ifs,9,-1.0008,-0.5368,0.0073,2.1692,238
02137727,ifs,9,-0.4188,0.0306,0.0737,0.9442,238
02140991,ifs,9,-0.6050,0.0678,0.0858,1.1084,238
02143000,ifs,9,-1.1886,0.1905,0.2838,1.2066,238
02143040,ifs,9,-0.8348,0.1831,0.2007,0.8783,236
02149000,ifs,9,-0.0557,0.0597,0.2004,0.9602,238
02152100,ifs,9,-0.2826,0.1282,0.1714,0.9841,238
02177000,ifs,9,-0.0654,-0.0311,0.1413,1.0265,236
02178400,ifs,9,-0.1567,0.2846,0.3153,0.9384,236
02193340,ifs,9,-1.0854,0.0695,0.5160,1.4635,238
02196000,ifs,9,0.0731,-0.0547,0.3219,0.5168,238
02198100,ifs,9,-0.7298,0.0769,0.1767,1.4175,237
02202600,ifs,9,-0.5292,-0.2762,0.1187,1.7940,238
02212600,ifs,9,0.5332,0.6112,0.7303,0.9623,236
02215100,ifs,9,-0.0531,-0.0553,0.1759,0.6947,238
02216180,ifs,9,-0.0896,-0.4726,-0.0967,0.4582,236
02221525,ifs,9,0.0930,0.3880,0.4427,1.0715,236
02231000,ifs,9,-5.3382,-0.7961,0.1779,1.6751,238
02231342,ifs,9,-3.4305,-0.4703,0.2560,1.7577,238
02235200,ifs,9,0.3117,0.5816,0.6340,1.1325,237
02245500,ifs,9,-6.8171,-0.9586,0.1537,1.2220,238
02246000,ifs,9,-2.3733,-0.1035,0.1324,0.8923,236
02296500,ifs,9,-3.7431,-1.0179,0.5015,2.3846,227
02297155,ifs,9,-0.1659,-0.2095,0.1968,0.3049,237
02297310,ifs,9,-0.4088,0.2776,0.3297,0.7325,228
02298123,ifs,9,0.1054,0.2387,0.4714,0.5518,238
02298608,ifs,9,-1.9108,-0.0192,0.2692,1.2556,238
02299950,ifs,9,-2.1373,-0.0682,0.1009,0.8825,238
02300700,ifs,9,-0.7468,0.0719,0.1420,0.6462,238
02310947,ifs,9,-0.7397,-2.0427,-0.2916,3.6624,238
02312200,ifs,9,-19.8896,-4.2071,0.2768,6.1456,238
02314500,ifs,9,-0.2752,-0.4227,-0.1004,0.5691,238
02315500,ifs,9,-0.3296,-0.6546,-0.2858,0.4425,238
02324400,ifs,9,-0.2052,-1.0284,-0.5320,0.1148,238
02327100,ifs,9,-2.0708,-0.4497,0.3902,2.1120,236
02349900,ifs,9,0.0323,-0.0329,0.2194,0.8707,238
02350900,ifs,9,-0.1539,0.2328,0.4420,0.6340,238
02361000,ifs,9,-0.1677,0.1833,0.3448,0.6469,238
02363000,ifs,9,0.0235,-0.1242,0.4904,0.3503,236
02369800,ifs,9,-0.0146,-0.3408,0.1687,0.4345,237
02371500,ifs,9,0.0875,-0.0747,0.3791,0.7178,238
02372250,ifs,9,0.0943,-0.0461,0.3478,0.7630,236
02374500,ifs,9,-0.0474,-0.1428,0.1569,0.6850,238
02381600,ifs,9,-0.3122,-0.0190,0.0559,1.0220,237
02384540,ifs,9,-0.2651,-0.1036,0.0531,0.7456,238
02395120,ifs,9,-2.7255,-0.1849,0.0331,1.0631,238
02408540,ifs,9,-0.3035,0.2024,0.2288,0.9068,238
02415000,ifs,9,-0.0868,0.2392,0.2999,0.9208,228
02422500,ifs,9,-0.6144,0.2202,0.2379,1.1618,221
02427250,ifs,9,-0.0244,0.0458,0.2082,1.0255,238
02430085,ifs,9,-0.6910,0.1046,0.1555,1.2969,238
02450250,ifs,9,-0.2252,0.0052,0.0974,1.0053,236
02464000,ifs,9,-0.5893,0.1061,0.1149,1.0607,238
02465493,ifs,9,-0.7813,0.1869,0.2103,1.1669,235
02469800,ifs,9,0.0189,-0.0433,0.3463,0.5100,236
02472000,ifs,9,0.1389,0.0456,0.4371,0.5670,238
02472500,ifs,9,-0.1298,0.0937,0.2886,0.5587,238
02479155,ifs,9,-0.0324,-0.2632,0.1047,0.5126,238
02479300,ifs,9,0.0196,-0.2762,0.3102,0.3443,238
02481000,ifs,9,-0.0144,-0.3745,0.2079,0.2216,238
02481510,ifs,9,0.0047,-0.2779,0.3009,0.2908,238
03010655,ifs,9,0.1523,0.4373,0.5481,0.7173,209
03011800,ifs,9,0.0099,0.3888,0.4490,0.7990,238
03015500,ifs,9,-0.2958,0.4429,0.4888,1.0290,238
03021350,ifs,9,-0.3721,0.3408,0.3612,0.8495,236
03026500,ifs,9,0.0361,0.4377,0.4680,0.8648,238
03028000,ifs,9,-0.0947,0.4569,0.5283,0.7357,236
03049800,ifs,9,-0.1337,-0.0618,0.1425,0.6651,236
03050000,ifs,9,0.1306,0.4471,0.4882,0.9104,236
03066000,ifs,9,0.2312,0.4655,0.5503,0.8209,238
03069500,ifs,9,0.2195,0.4406,0.5426,0.7857,236
03070500,ifs,9,-0.3165,0.4286,0.5263,1.1464,236
03076600,ifs,9,0.0365,0.2127,0.4115,0.6328,238
03078000,ifs,9,-0.0603,0.1185,0.2860,0.6795,238
03140000,ifs,9,-0.0172,0.1217,0.2530,0.9992,236
03144000,ifs,9,-0.3663,0.1150,0.1461,0.9748,238
03159540,ifs,9,-0.1912,0.1533,0.2172,0.8770,238
03161000,ifs,9,-0.1534,-0.0014,0.1574,0.8340,238
03164000,ifs,9,0.0861,0.3324,0.4795,0.8110,238
03165000,ifs,9,-0.0587,-0.0633,0.1535,0.8481,221
03170000,ifs,9,0.0594,0.1923,0.3629,0.8363,238
03173000,ifs,9,-0.2110,0.2903,0.3173,0.8606,236
03180500,ifs,9,0.3155,0.4263,0.5763,0.8309,222
03182500,ifs,9,0.1469,0.4941,0.5190,0.9192,236
03186500,ifs,9,0.2018,0.5419,0.5567,0.9889,236
03187500,ifs,9,-0.0293,0.5390,0.5686,0.9908,235
03213700,ifs,9,-0.8876,0.2422,0.3375,1.1907,238
03237280,ifs,9,-0.1199,0.1507,0.2412,0.8338,238
03237500,ifs,9,-0.5942,0.1870,0.1979,1.1322,236
03241500,ifs,9,0.1334,0.1502,0.4105,0.6716,225
03280700,ifs,9,-1.1153,0.1551,0.2328,0.8238,213
03281100,ifs,9,-2.0632,-0.0320,0.2256,1.0669,236
03281500,ifs,9,-1.1539,0.1914,0.3458,1.0345,223
03285000,ifs,9,-1.2848,-0.1272,0.2588,1.7677,235
03291780,ifs,9,-0.2597,-0.0139,0.0737,1.0250,238
03300400,ifs,9,-0.5407,0.0817,0.1008,1.0988,238
03340800,ifs,9,-1.7419,0.0009,0.0989,1.0959,190
03346000,ifs,9,-0.3546,0.1003,0.1812,0.6939,238
03364500,ifs,9,-0.0519,-0.0678,0.1825,0.6138,238
03366500,ifs,9,-0.2142,0.0723,0.1601,0.8273,238
03368000,ifs,9,-0.1857,-0.0944,0.0640,0.7469,238
03384450,ifs,9,-0.1290,-0.2153,0.0203,0.6498,238
03439000,ifs,9,-0.2376,-0.3301,-0.0293,0.6315,236
03450000,ifs,9,-0.1292,-0.3072,-0.0203,0.7490,238
03455500,ifs,9,-0.4650,0.0105,0.1402,0.6617,236
03456500,ifs,9,-0.2743,-0.1329,0.0306,0.7639,236
03460000,ifs,9,-0.5704,0.1849,0.3994,0.6086,238
03463300,ifs,9,-0.3387,0.1006,0.1480,0.8878,238
03471500,ifs,9,0.2275,0.4846,0.6511,0.7143,236
03473000,ifs,9,0.0523,0.3676,0.5208,0.7127,238
03479000,ifs,9,-0.1276,0.0796,0.2007,0.8713,236
03488000,ifs,9,0.1712,0.2454,0.4999,0.6974,238
03498500,ifs,9,-0.7139,0.0890,0.1243,0.7629,238
03500000,ifs,9,-0.2809,0.3037,0.3776,0.7980,236
03504000,ifs,9,-0.4134,0.1477,0.2303,0.8214,236
03574500,ifs,9,-0.7979,-0.0258,0.0257,0.6940,238
03604000,ifs,9,-0.1039,-0.2571,0.0078,0.7592,236
04015330,ifs,9,0.1341,0.0490,0.3957,0.5428,197
04024430,ifs,9,0.2333,0.3779,0.5467,0.6844,238
04027000,ifs,9,0.3122,0.4093,0.5778,0.7803,238
04040500,ifs,9,0.8093,0.8030,0.9020,0.9312,238
04043050,ifs,9,0.7722,0.8221,0.8809,0.9100,182
04045500,ifs,9,0.8650,0.8149,0.9438,0.8236,234
04056500,ifs,9,0.5837,0.4752,0.8482,0.7208,229
04057510,ifs,9,0.8693,0.7109,0.9595,0.8006,158
04057800,ifs,9,0.7759,0.6230,0.9041,0.7249,238
04059500,ifs,9,0.8391,0.8006,0.9221,1.0104,238
04063700,ifs,9,0.6586,0.4334,0.9090,0.6311,238
04074950,ifs,9,0.5834,0.5230,0.8585,0.7629,238
04105700,ifs,9,0.3910,0.5035,0.6376,0.9374,238
04115265,ifs,9,0.1343,0.2953,0.4148,0.9764,238
04122200,ifs,9,0.3478,0.3980,0.6181,0.8541,238
04122500,ifs,9,0.6241,0.6487,0.8090,0.9127,236
04124000,ifs,9,0.6928,0.6182,0.8599,0.9898,238
04127997,ifs,9,0.4995,0.4991,0.7327,0.9272,201
04185000,ifs,9,0.3894,0.5266,0.6349,0.8801,215
04196800,ifs,9,0.0266,0.0998,0.2909,0.7455,238
04197100,ifs,9,-0.0877,0.1218,0.2223,0.9795,238
04197170,ifs,9,-0.1067,0.1254,0.2298,0.8233,238
04213000,ifs,9,-1.1097,0.1837,0.2887,1.1384,236
04213075,ifs,9,-0.2318,0.1176,0.1787,0.9151,234
04216418,ifs,9,0.2128,0.4678,0.5225,1.0294,238
04221000,ifs,9,-0.1711,0.1702,0.3320,0.6003,238
04224775,ifs,9,0.0153,0.1030,0.3602,0.5987,236
04256000,ifs,9,0.5438,0.7251,0.7821,1.1672,236
04296000,ifs,9,0.3610,0.5106,0.6242,0.8491,236
05057000,ifs,9,-1.2671,0.1596,0.3394,0.5381,160
05057200,ifs,9,0.1729,0.6088,0.6440,1.1110,237
05062500,ifs,9,0.2501,0.6355,0.6370,0.9889,199
05087500,ifs,9,0.1291,0.5025,0.5242,1.1078,238
05120500,ifs,9,-10.1117,-1.4891,-0.0502,3.2008,210
05123400,ifs,9,-0.3916,-0.6523,-0.0184,0.1576,238
05129115,ifs,9,-0.8333,-0.6767,0.0991,0.0000,238
05131500,ifs,9,-0.0612,0.2039,0.3720,0.6017,142
05291000,ifs,9,-0.6322,0.3061,0.3559,0.8622,238
05362000,ifs,9,0.1581,0.6078,0.6717,0.9711,237
05393500,ifs,9,-0.0229,0.5413,0.5702,1.0041,238
05399500,ifs,9,-0.2942,0.3991,0.4070,1.0469,236
05408000,ifs,9,-0.0067,0.0695,0.2632,0.8337,237
05412500,ifs,9,-0.1260,0.0929,0.2996,0.6524,238
05413500,ifs,9,-0.4965,0.0605,0.1423,0.7745,208
05414000,ifs,9,-0.1577,0.0735,0.4771,0.6000,204
05444000,ifs,9,-0.6079,0.1356,0.1939,0.6951,236
05454000,ifs,9,-0.2878,0.1672,0.2544,0.6908,238
05458000,ifs,9,-0.1555,-0.0922,0.0974,0.7061,238
05466500,ifs,9,-0.0738,0.0564,0.2075,0.7975,236
05487980,ifs,9,-0.2359,-0.0316,0.0837,0.7950,236
05488200,ifs,9,-0.0525,-0.1921,0.1445,0.4732,236
05489000,ifs,9,-0.1438,-0.2310,0.0430,0.5115,236
05495000,ifs,9,-3.1211,-0.5114,0.0986,1.8875,236
05495500,ifs,9,-0.3166,-0.1327,0.0419,0.5583,232
05501000,ifs,9,-0.2268,-0.1484,0.0229,0.6739,236
05503800,ifs,9,-0.4896,0.0100,0.0438,1.0240,238
05507600,ifs,9,-2.3517,-0.1882,0.1266,1.4623,238
05508805,ifs,9,-2.6231,-0.3861,0.2435,1.7896,236
05514500,ifs,9,-0.3638,0.1796,0.1974,1.0228,236
05525500,ifs,9,0.0083,0.2453,0.3333,1.0655,236
05556500,ifs,9,-0.0362,0.0089,0.2919,0.5313,238
05584500,ifs,9,-0.4030,0.0609,0.1287,0.7434,236
05585000,ifs,9,-0.2359,0.1373,0.2377,0.6879,238
05591550,ifs,9,-1.0466,0.1126,0.1267,0.9974,236
05592050,ifs,9,-0.6486,0.1366,0.1383,0.9684,222
05592575,ifs,9,-0.8239,0.0172,0.0266,0.8815,236
05593575,ifs,9,-3.4395,-0.7297,0.1516,2.1366,238
05593900,ifs,9,-1.2461,0.0146,0.0254,1.0323,236
05595730,ifs,9,-4.7714,-0.9933,0.1537,2.2343,238
06037500,ifs,9,-2.1248,0.4120,0.8467,1.2819,238
06043500,ifs,9,0.4003,0.3935,0.9584,1.3229,238
06154410,ifs,9,-0.0443,-0.0332,0.2147,0.6847,238
06188000,ifs,9,0.8506,0.8996,0.9330,0.9862,238
06191500,ifs,9,0.7718,0.7027,0.9477,1.1145,238
06221400,ifs,9,0.8114,0.8416,0.9248,1.0666,238
06224000,ifs,9,0.6955,0.8330,0.8561,1.0795,238
06289000,ifs,9,0.2309,0.6302,0.6446,0.9039,238
06332515,ifs,9,-19.7177,-3.5396,0.3669,3.5253,118
06339100,ifs,9,-66.0633,-7.3724,0.4049,4.9632,174
06339500,ifs,9,-6.9844,-0.9991,0.1604,0.7358,167
06344600,ifs,9,-95.4715,-9.2699,0.2811,6.8586,177
06350000,ifs,9,-27.7036,-3.8282,0.3264,3.3478,238
06352000,ifs,9,-0.0142,-0.1042,0.5057,1.3309,237
06353000,ifs,9,-0.0035,-0.1173,0.5083,0.8054,236
06354000,ifs,9,-0.5729,0.2779,0.4097,0.6355,173
06360500,ifs,9,0.1177,0.1375,0.5263,1.5429,139
06404000,ifs,9,-796.9286,-26.2786,0.0537,3.4099,205
06406000,ifs,9,-688.2846,-20.7025,0.1866,6.3260,180
06408700,ifs,9,-1651.7495,-4.0507,0.1897,1.5121,238
06409000,ifs,9,-1.4821,0.6300,0.8487,1.2611,193
06431500,ifs,9,-3.9992,-0.1772,0.3007,1.1160,227
06440200,ifs,9,-0.4520,-0.3244,-0.0309,0.2661,160
06441500,ifs,9,-37.5690,-5.3320,-0.0166,4.9746,177
06447000,ifs,9,-0.0997,-0.3500,0.0230,0.4373,140
06447500,ifs,9,-0.1426,-0.1885,0.1517,0.7113,238
06450500,ifs,9,0.0359,-0.1463,0.2684,1.0504,208
06452000,ifs,9,-0.0059,-0.3141,0.0307,1.0177,175
06453600,ifs,9,-1.0123,-0.2560,0.0552,1.8015,235
06464500,ifs,9,-1.0884,0.1090,0.1358,1.1517,175
06477500,ifs,9,-141.5948,-11.1294,-0.0259,7.1453,237
06479215,ifs,9,-0.1819,-0.1794,0.0401,0.6463,238
06479438,ifs,9,-0.1500,-0.4868,-0.0045,0.2725,238
06601000,ifs,9,-0.8744,-0.0360,-0.0276,0.9127,238
06614800,ifs,9,0.7648,0.5921,0.9366,1.3700,238
06622700,ifs,9,-0.4316,0.0964,0.7585,1.6572,238
06623800,ifs,9,0.8271,0.9117,0.9162,0.9939,238
06632400,ifs,9,-0.3315,0.3101,0.4685,1.4152,238
06784000,ifs,9,-1.3069,-0.1084,0.0024,1.3343,238
06803510,ifs,9,-0.0470,-0.3541,-0.0095,0.6056,238
06803530,ifs,9,-0.1055,-0.2352,-0.0003,0.7692,238
06814000,ifs,9,-0.0691,-0.4361,-0.0201,0.3902,238
06846500,ifs,9,-0.0097,-0.4728,-0.0606,1.3784,238
06847900,ifs,9,-0.0169,-0.2816,0.0867,1.3201,238
06853800,ifs,9,-1.5437,-0.3562,0.0425,1.9540,238
06876700,ifs,9,-0.0272,-0.3120,0.2799,0.2583,238
06878000,ifs,9,-0.1096,-0.2996,0.0306,0.4606,238
06879650,ifs,9,-0.0632,-0.3000,0.0930,0.4143,237
06885500,ifs,9,-0.0992,-0.4578,-0.0180,0.3226,238
06888500,ifs,9,-0.0382,-0.4317,0.0572,0.3459,238
06889200,ifs,9,-0.1682,-0.2713,-0.0113,0.5441,238
06889500,ifs,9,-0.0972,-0.2883,0.0165,0.5458,238
06892000,ifs,9,-0.5242,0.1410,0.1736,0.7825,238
06903400,ifs,9,-0.1158,-0.3367,0.0508,0.3395,238
06906800,ifs,9,-0.1226,-0.0161,0.1690,0.6378,238
06910800,ifs,9,-0.1178,-0.2976,0.0131,0.5042,238
06911900,ifs,9,-0.2546,-0.2337,-0.0145,0.5386,238
06917000,ifs,9,-0.0746,0.0138,0.2260,0.5913,238
06918460,ifs,9,0.0821,0.3703,0.4261,1.0143,238
06919500,ifs,9,-0.0369,0.1745,0.3486,0.5942,238
06921070,ifs,9,-0.1382,0.0646,0.1948,0.7408,238
06921200,ifs,9,-0.0657,-0.2881,0.1247,0.3652,238
06934000,ifs,9,-0.0446,0.3455,0.4259,0.7317,237
07014500,ifs,9,-0.0198,-0.0278,0.2049,0.7202,238
07056000,ifs,9,0.0669,0.3149,0.4034,0.8430,238
07057500,ifs,9,-0.2197,0.2860,0.3108,0.8822,230
07060710,ifs,9,-0.0001,-0.3943,0.0273,1.0504,238
07066000,ifs,9,-2.6111,-0.1490,0.1394,0.9985,238
07067000,ifs,9,-0.4539,0.2960,0.3846,0.6582,238
07068000,ifs,9,-0.2544,0.3302,0.3585,0.8324,237
07071500,ifs,9,-0.7802,0.3272,0.3895,0.8344,238
07083000,ifs,9,-2.1290,-0.5270,0.8548,1.9129,238
07142300,ifs,9,-8.2384,-4.9844,-0.1032,6.8201,238
07145700,ifs,9,0.0050,-0.4635,0.1922,0.1906,238
07148400,ifs,9,-1.4598,0.0033,0.6445,1.5044,238
07149000,ifs,9,-0.0834,0.4159,0.6555,1.4658,238
07151500,ifs,9,0.0244,-0.2907,0.2629,0.4247,238
07167500,ifs,9,-0.0877,-0.3507,0.0443,1.6688,238
07180500,ifs,9,-0.1863,-0.1639,0.0266,0.6833,238
07184000,ifs,9,0.0505,-0.2180,0.2792,0.3635,236
07195800,ifs,9,0.0227,0.3235,0.3863,0.8963,236
07196900,ifs,9,-0.3069,0.2425,0.2752,1.1901,237
07197000,ifs,9,-0.4964,0.3448,0.3958,1.1590,238
07208500,ifs,9,0.0508,0.5045,0.7323,1.0895,238
07226500,ifs,9,0.0319,-0.3270,0.2202,0.3807,236
07261000,ifs,9,-0.6711,0.0023,0.2822,1.6886,236
07263295,ifs,9,-1.3587,-1.5306,0.0359,3.3393,236
07290650,ifs,9,-2.4628,-0.1745,-0.0153,0.7815,238
07291000,ifs,9,-0.6135,-0.2072,-0.0104,0.4178,238
07292500,ifs,9,-0.1184,-0.0758,0.1089,0.7688,238
07295000,ifs,9,-0.2535,-0.0703,0.0786,0.6641,238
07299670,ifs,9,-1.6476,-0.7407,-0.0244,2.3938,228
07301410,ifs,9,-0.3712,-0.2789,-0.1275,0.7621,227
07301500,ifs,9,-0.1811,-0.5691,0.0375,1.7705,200
07315200,ifs,9,-11.8095,-3.0034,-0.0270,4.0809,161
07315700,ifs,9,-36.9457,-6.9176,0.1610,7.0358,218
07335700,ifs,9,-0.1778,-0.1230,0.1201,0.5116,229
07340300,ifs,9,-0.5872,0.2363,0.2386,0.9572,238
07346045,ifs,9,-8.4148,-1.2293,0.1597,1.0195,238
07359610,ifs,9,-1.3852,-0.1116,0.1882,1.6908,238
07362100,ifs,9,-4.7739,-1.1177,0.3899,2.4859,238
07362587,ifs,9,-0.9897,-0.5397,0.0508,2.2121,236
07373000,ifs,9,-1.2678,0.0480,0.1289,0.7009,234
07375000,ifs,9,-0.5373,-0.1522,0.0117,0.4817,238
07376000,ifs,9,-0.5954,-0.0382,0.0537,0.6288,238
08013000,ifs,9,0.1427,0.3312,0.4729,0.7122,238
08014500,ifs,9,-0.0080,-0.0546,0.2750,0.5674,238
08023080,ifs,9,-2.1409,-0.9877,0.0830,2.6977,238
08025500,ifs,9,-0.2885,-0.0864,0.0143,0.9165,238
08029500,ifs,9,-0.4981,-0.0017,0.0512,1.1987,238
08050800,ifs,9,-0.0051,-0.1552,0.1398,0.7234,237
08066200,ifs,9,-0.0817,-0.3641,0.0010,0.4331,238
08066300,ifs,9,-0.0627,-0.5475,-0.0255,0.2122,238
08070000,ifs,9,-2.9302,-0.3590,0.2679,1.6114,238
08070200,ifs,9,-1.0542,0.1604,0.1959,1.0180,238
08079600,ifs,9,-23.5951,-9.3810,0.0200,10.6747,194
08082700,ifs,9,-0.2341,-0.1677,-0.0262,1.1292,224
08086212,ifs,9,-0.1240,-0.5470,0.1182,2.1583,238
08086290,ifs,9,-1.7216,-3.6969,0.0868,5.5942,238
08101000,ifs,9,-17.1174,-3.1607,0.2352,3.5218,238
08103900,ifs,9,-4.1606,-0.5429,0.1880,1.4522,238
08104900,ifs,9,-82.1101,-7.2185,0.0444,2.0372,238
08109700,ifs,9,-13.5702,-2.4189,0.0577,2.8599,222
08150800,ifs,9,-0.0590,-0.3236,-0.0137,0.6444,238
08155200,ifs,9,-243.6687,-15.2553,0.0853,8.1945,238
08158700,ifs,9,-849.2253,-37.9682,0.0227,28.2121,238
08158810,ifs,9,-246.0842,-14.4987,0.2119,5.4680,238
08164000,ifs,9,-8.7961,-1.5966,0.1553,2.2650,238
08164300,ifs,9,-0.7645,-0.0144,0.0660,1.3913,235
08164600,ifs,9,-36.8497,-7.9915,0.9008,7.7600,238
08165300,ifs,9,-0.0094,-0.4120,-0.0408,0.8355,238
08171300,ifs,9,-1557.7161,-76.5926,-0.0113,68.7239,238
08175000,ifs,9,-79.1518,-7.1914,0.2035,1.9526,238
08176900,ifs,9,-91.1946,-12.5847,0.3143,11.4666,238
08178880,ifs,9,-0.0562,-0.4823,0.0453,0.2403,238
08189500,ifs,9,-8.0784,-1.5141,0.5341,1.4846,238
08190000,ifs,9,-0.0271,-0.3714,-0.0030,0.6136,238
08190500,ifs,9,-0.2951,-0.1271,0.5814,1.9994,232
08194200,ifs,9,0.0551,-0.2936,0.2877,0.3001,238
08195000,ifs,9,-0.0149,-0.4527,0.0080,0.4536,238
08196000,ifs,9,0.0071,0.0337,0.2696,1.3894,226
08198500,ifs,9,-0.0157,-0.5867,-0.0352,0.2579,238
08200000,ifs,9,-0.0312,-0.4153,0.0889,0.2769,238
08202700,ifs,9,-0.0215,-0.6144,-0.0104,0.1178,237
08267500,ifs,9,-23.6524,-2.3864,0.6939,2.6957,238
08269000,ifs,9,-4.0570,-0.4769,0.6906,1.7287,238
08271000,ifs,9,-48.2627,-4.3630,0.7712,2.5306,238
08324000,ifs,9,-0.0131,0.5195,0.6846,1.1820,238
08377900,ifs,9,-3.8704,-0.4452,0.4545,1.3559,238
08378500,ifs,9,-5.4471,-0.8790,0.5951,1.3115,230
08380500,ifs,9,-2.9959,-0.1928,0.4464,1.7724,238
09034900,ifs,9,0.1384,0.1958,0.8840,1.5915,234
09035900,ifs,9,0.5293,0.7240,0.8241,1.1066,204
09047700,ifs,9,-5.3752,-1.0434,0.8611,1.4650,236
09065500,ifs,9,0.7213,0.6299,0.9439,1.1479,238
09066000,ifs,9,-1.0308,0.1344,0.5840,1.1865,238
09066200,ifs,9,0.6965,0.6138,0.9306,1.2368,238
09066300,ifs,9,-0.5330,-0.0678,0.7901,1.8324,238
09081600,ifs,9,0.0968,0.5882,0.6206,1.0336,238
09107000,ifs,9,-1.1886,0.0063,0.6956,1.2897,237
09210500,ifs,9,-1.4084,0.0985,0.7372,1.5464,211
09223000,ifs,9,-2.8966,-0.5711,0.8768,1.9918,177
09306242,ifs,9,-451.6730,-4.1198,0.8577,5.9680,236
09312600,ifs,9,-2.2100,-0.6385,0.4757,2.4115,238
09352900,ifs,9,-0.7054,0.2482,0.5858,1.3479,208
09378170,ifs,9,0.2529,0.2617,0.5400,1.3224,238
09378630,ifs,9,,,,,238
09386900,ifs,9,-171.6980,-11.4428,-0.0318,4.3358,238
09404450,ifs,9,0.6285,0.7984,0.8151,0.9345,238
09430500,ifs,9,-1.4774,-0.0239,0.2979,0.2712,238
09430600,ifs,9,-0.0231,-0.0316,0.4686,0.2962,238
09447800,ifs,9,-2.3757,-0.6362,0.0686,2.0612,238
09480000,ifs,9,0.0186,-4.3583,0.5164,6.3305,238
09484000,ifs,9,-1.1480,-1.1038,0.3310,2.9668,213
09484600,ifs,9,-1.7420,-2.3790,0.4428,4.2530,237
09492400,ifs,9,-1.3486,0.0813,0.7575,1.7179,236
09494000,ifs,9,-1.6062,0.0651,0.3808,1.1628,238
09497800,ifs,9,-0.1399,-0.6426,-0.2335,1.6236,238
09497980,ifs,9,-1.0341,0.1172,0.1326,1.0440,210
09505200,ifs,9,0.4720,0.6971,0.7228,1.1077,238
09505350,ifs,9,0.4615,0.4868,0.6838,1.0999,238
09505800,ifs,9,0.3259,0.6712,0.6803,1.0594,238
09508300,ifs,9,-0.5025,0.3363,0.3525,0.9785,238
09510200,ifs,9,-2.6457,-1.2470,0.1004,2.9519,219
09512280,ifs,9,-0.3009,-0.9725,0.0105,2.6372,238
09513780,ifs,9,-14.1412,-8.2642,0.0354,10.0619,237
10023000,ifs,9,-14.3910,-0.6403,0.0613,2.2109,238
10166430,ifs,9,-13486.3288,-90.6408,0.5545,72.8281,238
10172700,ifs,9,-30.1436,-0.2807,0.6374,2.0290,238
10172800,ifs,9,-10.1604,-0.9165,0.8062,2.3799,238
10173450,ifs,9,-0.4125,0.3842,0.4077,1.0063,238
10205030,ifs,9,-200.2875,-10.1513,-0.0200,2.3829,238
10234500,ifs,9,-0.1054,-0.2773,-0.0403,0.8697,234
10242000,ifs,9,-29.5308,-3.7197,0.4103,4.4895,238
10244950,ifs,9,-37.5534,-1.5464,0.7134,1.5645,238
10249300,ifs,9,-45.5868,-4.6141,0.5061,4.3368,237
10258000,ifs,9,,,,,66
10258500,ifs,9,0.5205,0.2936,0.8280,0.6259,238
10259000,ifs,9,0.8497,0.8086,0.9370,1.0949,238
10259200,ifs,9,-9.0591,-5.5904,0.8288,7.0132,238
10263500,ifs,9,-0.3937,0.1569,0.8225,1.2551,238
10310500,ifs,9,-1.6278,0.1468,0.8998,1.7768,238
10316500,ifs,9,-0.3402,0.3275,0.6812,1.2392,238
10329500,ifs,9,0.5644,0.5695,0.9203,1.1867,238
10336645,ifs,9,0.6543,0.7078,0.8724,1.2104,224
10336660,ifs,9,0.6490,0.7929,0.8127,1.0306,238
10343500,ifs,9,0.5950,0.6079,0.7943,0.8238,238
10348850,ifs,9,-2.2460,0.0110,0.8223,1.7253,238
10396000,ifs,9,-0.5826,0.3167,0.6264,1.2261,238
11098000,ifs,9,-0.7556,0.1952,0.5248,1.3898,238
11124500,ifs,9,-2.8600,-0.9891,0.8844,2.4141,238
11141280,ifs,9,-0.1493,0.4230,0.6394,1.2527,238
11143000,ifs,9,-0.0189,0.4584,0.6604,1.2819,238
11148900,ifs,9,0.1581,0.3176,0.4794,0.6483,238
11151300,ifs,9,-0.7283,0.0807,0.2597,1.5241,238
11162500,ifs,9,0.5080,0.4915,0.7269,0.7246,238
11176400,ifs,9,0.2719,0.3049,0.5335,0.6727,144
11180500,ifs,9,-3.0311,-1.6696,0.7793,3.0947,238
11180960,ifs,9,-1.5983,-0.9050,0.5480,2.6650,238
11224500,ifs,9,-0.1976,0.0230,0.2485,0.4286,238
11253310,ifs,9,-3.3166,-0.3580,0.3295,1.0425,238
11264500,ifs,9,-0.9445,0.1654,0.1835,1.0149,238
11266500,ifs,9,-0.7341,0.2616,0.2989,1.1269,238
11274500,ifs,9,0.2377,0.5229,0.6038,1.2625,238
11274630,ifs,9,-0.0808,0.2328,0.2951,0.9338,238
11284400,ifs,9,-0.0732,-0.0668,0.2729,0.3274,238
11299600,ifs,9,0.3677,0.4625,0.6083,0.8827,235
11381500,ifs,9,0.5402,0.3970,0.8600,0.9920,238
11383500,ifs,9,0.6175,0.4823,0.8674,1.0435,238
11451100,ifs,9,0.6107,0.6334,0.7865,1.0527,106
11468500,ifs,9,0.4177,0.2820,0.8071,0.8465,238
11473900,ifs,9,0.4704,0.3344,0.8232,0.8802,238
11475560,ifs,9,0.5106,0.4075,0.7850,0.8720,238
11476600,ifs,9,0.7448,0.6680,0.8780,1.1463,237
11478500,ifs,9,0.6633,0.4789,0.8616,1.2948,238
11480390,ifs,9,0.5848,0.4186,0.8927,0.9332,238
11481200,ifs,9,0.5638,0.5387,0.7641,1.1527,238
11482500,ifs,9,0.6208,0.5283,0.8101,1.3580,238
11522500,ifs,9,0.1786,0.3908,0.6376,1.4895,238
11523200,ifs,9,-0.3985,0.1598,0.6113,1.6889,238
11528700,ifs,9,0.5078,0.4629,0.7425,1.0962,238
11532500,ifs,9,0.6870,0.6102,0.8555,1.0792,238
12010000,ifs,9,0.3428,0.6079,0.6846,0.7670,238
12013500,ifs,9,0.3489,0.6607,0.7570,0.9390,238
12020000,ifs,9,0.2549,0.4357,0.5932,0.6536,238
12025000,ifs,9,0.3927,0.6844,0.7592,1.0879,238
12025700,ifs,9,0.3445,0.6517,0.6789,0.8651,238
12035000,ifs,9,0.0890,0.5761,0.6527,0.9170,238
12040500,ifs,9,-0.7095,0.2840,0.5481,0.9369,238
12041200,ifs,9,-0.7514,0.2065,0.6295,0.9070,238
12043000,ifs,9,-0.6452,0.2704,0.6044,0.9136,238
12048000,ifs,9,0.3922,0.6569,0.8290,1.2410,238
12054000,ifs,9,0.0152,0.4399,0.7553,1.3234,238
12056500,ifs,9,-0.5883,0.3056,0.5925,0.9595,238
12073500,ifs,9,-0.4183,0.4055,0.5515,1.1159,237
12082500,ifs,9,0.2701,0.2981,0.5209,0.9916,232
12092000,ifs,9,0.0999,0.1968,0.3589,0.9628,238
12095000,ifs,9,0.5027,0.5796,0.7137,0.8803,238
12114500,ifs,9,0.4028,0.3651,0.6685,1.0090,238
12115000,ifs,9,0.3884,0.3580,0.6521,0.9836,238
12115500,ifs,9,0.3024,0.3102,0.5638,0.8278,238
12117000,ifs,9,0.4233,0.5207,0.6521,0.9630,238
12141300,ifs,9,0.1998,0.2579,0.4526,1.0717,238
12143600,ifs,9,0.2314,0.2853,0.4934,1.1676,234
12144000,ifs,9,0.3247,0.3901,0.5699,0.9892,237
12145500,ifs,9,0.4609,0.6193,0.6998,0.8365,238
12147600,ifs,9,0.1329,0.3708,0.4471,0.9478,238
12167000,ifs,9,0.3163,0.5457,0.6119,1.1586,238
12175500,ifs,9,-0.2959,0.4319,0.4709,1.1278,238
12186000,ifs,9,0.0949,0.3384,0.4256,1.1250,235
12189500,ifs,9,0.1241,0.4041,0.4929,1.2018,237
12358500,ifs,9,0.6158,0.8073,0.8250,1.0180,238
12377150,ifs,9,0.5224,0.7548,0.7644,0.9323,238
12381400,ifs,9,0.3660,0.5259,0.8570,1.2113,205
12390700,ifs,9,0.4207,0.6235,0.6972,1.1753,238
12411000,ifs,9,0.7474,0.7409,0.8791,1.1835,227
12414500,ifs,9,0.6400,0.6705,0.8120,0.8986,238
12447390,ifs,9,-0.2076,-0.2441,0.2163,0.3613,238
12451000,ifs,9,0.4299,0.6723,0.7819,1.2141,238
12488500,ifs,9,0.5510,0.7030,0.7746,1.1564,238
13011500,ifs,9,0.7152,0.6109,0.9338,1.2998,238
13011900,ifs,9,0.7970,0.8128,0.9259,0.9658,238
13018300,ifs,9,-0.3795,0.0168,0.9367,1.4742,238
13023000,ifs,9,0.5024,0.7498,0.7945,0.9229,196
13161500,ifs,9,0.6922,0.6753,0.8629,0.7918,238
13235000,ifs,9,0.5898,0.6515,0.7861,0.8860,236
13240000,ifs,9,0.8019,0.8709,0.8959,1.0022,159
13310700,ifs,9,0.5861,0.5043,0.8981,0.6733,238
13313000,ifs,9,0.6952,0.4889,0.9562,0.6454,238
13331500,ifs,9,0.4559,0.5027,0.9041,1.2467,238
13337000,ifs,9,0.6571,0.6700,0.8499,0.8094,238
13338500,ifs,9,0.7540,0.8654,0.8773,1.0530,238
13340000,ifs,9,0.4861,0.6042,0.7562,0.7779,238
13340600,ifs,9,0.5553,0.5794,0.8726,0.6876,238
14020000,ifs,9,0.2355,0.1369,0.6122,0.6321,238
14092750,ifs,9,0.3791,0.6668,0.6790,0.9280,238
14096850,ifs,9,-1.8560,0.1850,0.6701,0.4726,238
14137000,ifs,9,0.4253,0.4397,0.6609,0.9969,233
14138800,ifs,9,0.2676,0.4165,0.5336,0.9176,238
14138870,ifs,9,0.3028,0.5458,0.6010,0.8697,238
14138900,ifs,9,0.1307,0.3414,0.4339,0.9303,238
14139800,ifs,9,0.3464,0.5653,0.6275,0.8569,236
14141500,ifs,9,0.4058,0.6048,0.6597,0.9088,238
14154500,ifs,9,0.4100,0.5197,0.6416,1.0158,238
14158500,ifs,9,0.7771,0.7242,0.9166,1.0858,223
14158790,ifs,9,0.3216,0.5189,0.5899,1.0332,234
14166500,ifs,9,0.2639,0.2926,0.5178,0.8827,238
14182500,ifs,9,0.3165,0.2929,0.5983,0.7146,238
14185000,ifs,9,0.2771,0.5294,0.5740,0.9712,238
14185900,ifs,9,0.2378,0.4201,0.5214,0.8844,235
14187000,ifs,9,0.2075,0.5306,0.5525,1.0404,237
14216500,ifs,9,0.7636,0.7954,0.8748,1.0248,235
14222500,ifs,9,0.4441,0.6559,0.6884,1.0400,238
14236200,ifs,9,0.5096,0.6408,0.7272,0.8508,237
14301000,ifs,9,0.5536,0.6336,0.7458,0.9067,237
14303200,ifs,9,0.4262,0.4083,0.6744,0.9051,238
14305500,ifs,9,0.4511,0.5898,0.6765,0.9523,236
14306340,ifs,9,0.4650,0.3803,0.7384,0.7380,238
14306500,ifs,9,0.5404,0.5390,0.7492,0.8899,238
14308990,ifs,9,0.4141,0.3232,0.7299,0.8812,238
14309500,ifs,9,0.5046,0.3544,0.8184,0.7869,238
14316700,ifs,9,0.4881,0.5001,0.7078,1.0137,238
14325000,ifs,9,0.7975,0.7359,0.9026,0.8871,238
14362250,ifs,9,0.1840,0.0414,0.6632,0.4810,148
14400000,ifs,9,0.6722,0.6294,0.8309,0.8212,238
01013500,ifs,10,0.8803,0.8204,0.9466,0.8661,238
01022500,ifs,10,0.5667,0.6617,0.7563,1.0835,238
01030500,ifs,10,0.6954,0.7593,0.8891,1.1138,238
01031500,ifs,10,0.0060,0.5393,0.5868,1.1253,236
01047000,ifs,10,-0.1380,0.4784,0.4967,1.0765,238
01052500,ifs,10,0.1768,0.3362,0.4710,0.8050,238
01054200,ifs,10,-0.1084,0.0843,0.2482,0.6431,238
01055000,ifs,10,-0.2641,0.3718,0.3822,1.1125,236
01057000,ifs,10,0.3897,0.6787,0.6824,1.0221,236
01073000,ifs,10,0.6522,0.8080,0.8318,1.0903,238
01078000,ifs,10,0.1921,0.2694,0.5022,0.6977,236
01118300,ifs,10,0.2381,0.3848,0.5340,0.7926,236
01121000,ifs,10,0.5208,0.6664,0.7384,1.1455,236
01123000,ifs,10,0.5831,0.5488,0.7863,0.8847,238
01134500,ifs,10,0.4336,0.6437,0.6796,0.9725,236
01137500,ifs,10,0.2238,0.4551,0.5379,0.8421,238
01139000,ifs,10,0.2662,0.6207,0.6229,0.9719,234
01139800,ifs,10,0.7068,0.8021,0.8430,1.0410,238
01142500,ifs,10,0.5080,0.6879,0.7325,0.9032,236
01144000,ifs,10,0.6445,0.8016,0.8221,0.9155,238
01169000,ifs,10,0.3184,0.4395,0.5693,0.9717,236
01170100,ifs,10,0.3987,0.5465,0.6436,0.9004,237
01181000,ifs,10,0.7145,0.6892,0.8552,0.9736,236
01187300,ifs,10,0.5213,0.4502,0.7707,0.9611,238
01195100,ifs,10,0.2521,0.3185,0.5266,0.7998,238
01333000,ifs,10,0.4810,0.5444,0.7034,0.8486,236
01350000,ifs,10,0.0941,0.0401,0.3357,0.6862,235
01350080,ifs,10,0.6475,0.5467,0.8437,0.7435,238
01350140,ifs,10,0.5608,0.5787,0.7842,0.6829,188
01365000,ifs,10,0.2794,0.3365,0.5422,0.8280,236
01411300,ifs,10,-0.2487,-0.0256,0.1021,1.2259,229
01413500,ifs,10,0.3336,0.3176,0.6254,0.7426,236
01414500,ifs,10,0.0431,-0.0150,0.3520,0.5540,236
01415000,ifs,10,0.2897,0.2069,0.7159,0.5697,193
01423000,ifs,10,0.3859,0.3496,0.7026,0.6955,238
01434025,ifs,10,0.1364,0.4021,0.5358,0.6576,238
01435000,ifs,10,0.2577,0.2495,0.5263,0.7984,237
01439500,ifs,10,0.4438,0.4990,0.7096,0.7918,236
01440000,ifs,10,0.3929,0.4895,0.6367,0.8840,238
01440400,ifs,10,0.4713,0.6024,0.6925,0.9300,212
01451800,ifs,10,0.2383,0.4481,0.5288,1.0795,236
01466500,ifs,10,-3.1893,-0.7884,0.8157,1.0028,236
01484100,ifs,10,-0.3685,0.3654,0.4364,1.2751,238
01485500,ifs,10,-7.2187,-1.2074,0.2040,2.1488,233
01486000,ifs,10,-1.9833,-0.1325,0.2979,1.7271,238
01487000,ifs,10,0.1220,0.5979,0.6527,1.0465,238
01491000,ifs,10,0.3826,0.4987,0.6216,0.9566,238
01510000,ifs,10,0.5390,0.6281,0.7367,0.9123,238
01516500,ifs,10,0.0798,-0.0053,0.4331,0.5077,238
01518862,ifs,10,0.2278,0.2105,0.5995,0.5704,238
01532000,ifs,10,0.3111,0.5501,0.6091,0.8653,236
01539000,ifs,10,0.0887,0.4518,0.4821,0.9066,220
01542810,ifs,10,0.0330,0.3670,0.4308,0.8113,236
01543000,ifs,10,0.0232,0.4884,0.5343,0.7883,238
01543500,ifs,10,0.0601,0.4638,0.5203,0.7756,236
01544500,ifs,10,0.3495,0.4194,0.6987,0.6348,238
01545600,ifs,10,0.3707,0.3508,0.7157,0.6271,238
01547700,ifs,10,-0.0499,-0.0718,0.1480,0.7680,238
01548500,ifs,10,0.1961,0.2542,0.5880,0.5794,236
01549500,ifs,10,0.3484,0.4230,0.6567,0.6805,236
01550000,ifs,10,0.2650,0.3628,0.5979,0.6734,236
01552000,ifs,10,0.1880,0.4191,0.5295,0.7802,238
01552500,ifs,10,0.1561,0.4697,0.5316,0.8132,238
01557500,ifs,10,-0.3195,0.1368,0.1757,0.9084,238
01567500,ifs,10,-0.0932,0.1352,0.2285,1.0159,238
01568000,ifs,10,0.1158,0.3106,0.4170,1.0930,238
01580000,ifs,10,-0.0784,0.2244,0.2960,0.9158,234
01583500,ifs,10,-0.1105,0.1641,0.2650,0.8392,238
01586610,ifs,10,-0.0630,0.1788,0.3110,0.7767,204
01591400,ifs,10,0.0185,0.1165,0.2732,0.9466,238
01596500,ifs,10,-0.0480,0.0078,0.2169,0.7024,236
01605500,ifs,10,-1.3938,0.0968,0.1910,1.1312,236
01606500,ifs,10,0.0742,0.2398,0.4072,0.7245,211
01613050,ifs,10,-0.2523,0.1491,0.1950,1.0644,238
01620500,ifs,10,0.1269,0.2172,0.4990,0.5339,236
01632000,ifs,10,-0.0969,0.1276,0.2429,0.7904,236
01632900,ifs,10,-0.3797,0.2355,0.2453,0.9251,236
01634500,ifs,10,-0.0967,0.0850,0.2065,0.8568,221
01638480,ifs,10,-1.0419,-0.0692,0.2066,1.7162,233
01639500,ifs,10,-0.0204,0.2353,0.3197,1.0887,238
01644000,ifs,10,-0.6743,-0.0062,0.2874,1.6966,238
01658500,ifs,10,-0.9839,0.0280,0.0319,1.0837,207
01664000,ifs,10,-0.0653,0.1598,0.2684,0.8547,238
01666500,ifs,10,-0.1477,0.2108,0.2621,1.0503,223
01667500,ifs,10,-0.3673,0.2218,0.2319,1.0329,216
01669000,ifs,10,0.1819,0.3719,0.4702,1.0314,213
01669520,ifs,10,-2.2676,-0.1308,0.4354,1.6890,236
02011400,ifs,10,-0.0942,0.3880,0.4021,1.0885,238
02011460,ifs,10,0.1593,0.3030,0.4590,0.7668,238
02013000,ifs,10,-0.2030,0.1590,0.2178,1.1182,238
02014000,ifs,10,-2.2447,-0.0788,0.1472,1.1282,237
02015700,ifs,10,0.1449,0.4729,0.5016,1.0012,220
02016000,ifs,10,-0.2053,0.3607,0.3703,0.9011,237
02017500,ifs,10,-1.3639,0.1201,0.3213,1.2111,236
02018000,ifs,10,-0.6799,0.2782,0.3093,1.0949,231
02027000,ifs,10,-0.0588,0.4731,0.5460,0.7503,218
02027500,ifs,10,0.3626,0.4506,0.7127,0.6007,221
02028500,ifs,10,-0.1013,0.3574,0.3902,0.8460,213
02038850,ifs,10,-0.3759,0.1089,0.1618,0.8027,236
02046000,ifs,10,-0.0816,0.1454,0.3163,1.3844,228
02051000,ifs,10,-0.5439,0.0205,0.0460,0.9465,238
02051500,ifs,10,0.0549,0.1881,0.3257,1.0472,236
02053200,ifs,10,-0.7399,0.1703,0.3138,1.4290,210
02053800,ifs,10,-0.1079,0.2677,0.3180,0.8846,219
02055100,ifs,10,-2.0717,-0.0458,0.1953,1.2355,236
02056900,ifs,10,-0.2142,0.2600,0.2946,0.8658,212
02059500,ifs,10,-0.2928,0.2868,0.3255,0.7865,207
02064000,ifs,10,-0.1786,0.0232,0.1712,0.7105,226
02065500,ifs,10,0.0071,0.1342,0.4504,0.5884,236
02069700,ifs,10,-0.5723,0.2860,0.3204,1.1955,210
02070000,ifs,10,-0.0174,0.3962,0.4361,1.1590,236
02074500,ifs,10,-0.1998,0.2408,0.2755,1.0947,238
02077200,ifs,10,-0.1311,0.1876,0.2494,1.0006,233
02081500,ifs,10,-0.2652,-0.1385,0.0009,1.2353,238
02082950,ifs,10,-0.7418,0.1822,0.4237,1.4768,238
02092500,ifs,10,-5.0348,-1.0495,0.1968,2.4197,238
02096846,ifs,10,-0.8620,-0.2004,-0.0592,1.5451,238
02102908,ifs,10,-0.6800,0.0182,0.0296,0.9699,238
02108000,ifs,10,0.2923,0.6263,0.6781,1.1801,238
02111180,ifs,10,-1.1320,0.0147,0.0213,1.0782,238
02111500,ifs,10,-1.0817,0.0785,0.0880,0.9875,236
02118500,ifs,10,-0.7135,0.2480,0.2630,1.0331,238
02128000,ifs,10,-1.0614,-0.5678,0.0661,2.2591,238
02137727,ifs,10,-3.5234,-0.3409,0.1658,1.0526,238
02140991,ifs,10,-9.5630,-1.3468,0.0659,1.2804,238
02143000,ifs,10,-5.6698,-0.7121,0.1691,1.2946,238
02143040,ifs,10,-3.8611,-0.3942,0.0859,0.9991,236
02149000,ifs,10,-1.0161,0.0631,0.0672,1.0433,238
02152100,ifs,10,-2.1638,-0.0815,0.0556,1.0683,238
02177000,ifs,10,-0.3397,0.0089,0.0733,1.0545,236
02178400,ifs,10,-0.3950,0.2552,0.2612,0.9390,236
02193340,ifs,10,-2.3440,-0.1906,0.0591,1.4595,238
02196000,ifs,10,-0.1812,-0.1458,0.0893,0.5271,238
02198100,ifs,10,-5.1084,-0.6659,0.0152,1.4728,237
02202600,ifs,10,-1.1554,-0.2179,0.1622,1.8839,238
02212600,ifs,10,-0.0704,0.0450,0.1853,0.9214,236
02215100,ifs,10,-3.7534,-0.3755,0.0039,0.8731,238
02216180,ifs,10,-0.7279,-0.1130,-0.0318,0.6255,236
02221525,ifs,10,-0.0923,0.1860,0.2617,1.0480,236
02231000,ifs,10,-11.1187,-1.6787,0.1108,1.7832,238
02231342,ifs,10,-3.4396,-0.4767,0.2368,1.7881,238
02235200,ifs,10,0.2780,0.5566,0.6100,1.1304,237
02245500,ifs,10,-8.7945,-1.2327,0.0660,1.2806,238
02246000,ifs,10,-3.2865,-0.2838,0.0889,0.9419,236
02296500,ifs,10,-4.2138,-1.1254,0.4779,2.4528,227
02297155,ifs,10,-0.1231,-0.2620,0.2141,0.2928,237
02297310,ifs,10,-0.7930,0.1892,0.2461,0.7461,228
02298123,ifs,10,0.0227,0.2280,0.4236,0.5668,238
02298608,ifs,10,-2.3976,-0.1248,0.2249,1.2448,238
02299950,ifs,10,-1.2642,0.0846,0.1309,0.8788,238
02300700,ifs,10,-0.2060,0.0322,0.1931,0.5982,238
02310947,ifs,10,-0.7389,-2.0401,-0.2904,3.6601,238
02312200,ifs,10,-19.8896,-4.2071,0.2768,6.1456,238
02314500,ifs,10,-0.2564,-0.3771,-0.0520,0.5748,238
02315500,ifs,10,-0.3283,-0.6231,-0.2558,0.4469,238
02324400,ifs,10,-0.2052,-1.0284,-0.5320,0.1148,238
02327100,ifs,10,-6.6745,-1.2375,0.2093,2.2554,236
02349900,ifs,10,-0.5332,0.0030,0.0349,0.9139,238
02350900,ifs,10,-0.2583,0.2317,0.4000,0.6269,238
02361000,ifs,10,-0.6372,0.0815,0.1584,0.6602,238
02363000,ifs,10,-0.0350,-0.1831,0.3679,0.3462,236
02369800,ifs,10,-0.0548,-0.3914,0.0376,0.4378,237
02371500,ifs,10,0.0688,-0.1097,0.3326,0.7072,238
02372250,ifs,10,0.0907,-0.0582,0.3528,0.7484,236
02374500,ifs,10,-0.1420,-0.2497,0.0123,0.6763,238
02381600,ifs,10,-0.5198,-0.0759,-0.0281,1.0706,237
02384540,ifs,10,-0.0897,-0.1320,0.1341,0.7451,238
02395120,ifs,10,-4.2049,-0.4546,0.0540,1.1516,238
02408540,ifs,10,-0.1218,0.1464,0.2352,0.8771,238
02415000,ifs,10,-0.1094,0.0831,0.1983,0.8901,228
02422500,ifs,10,-0.4842,0.2365,0.2528,1.1537,221
02427250,ifs,10,-0.1455,-0.0924,0.0591,1.0009,238
02430085,ifs,10,-0.3959,0.2578,0.3185,1.2940,238
02450250,ifs,10,0.0006,0.2115,0.3109,1.0479,236
02464000,ifs,10,-0.2619,0.3340,0.3437,1.1058,238
02465493,ifs,10,-1.3684,0.1149,0.2456,1.1958,235
02469800,ifs,10,-0.0335,-0.1000,0.2809,0.4915,236
02472000,ifs,10,0.0552,-0.0526,0.3246,0.5508,238
02472500,ifs,10,-0.0715,0.0830,0.3077,0.5534,238
02479155,ifs,10,-0.0458,-0.1732,0.1270,0.5751,238
02479300,ifs,10,-0.0182,-0.3410,0.1798,0.3492,238
02481000,ifs,10,-0.0215,-0.3984,0.1883,0.2283,238
02481510,ifs,10,-0.0138,-0.3150,0.2660,0.2895,238
03010655,ifs,10,0.2411,0.3843,0.5926,0.6683,209
03011800,ifs,10,0.1115,0.3593,0.4786,0.7673,238
03015500,ifs,10,-0.0777,0.4786,0.4819,0.9546,238
03021350,ifs,10,-0.0094,0.3273,0.4233,0.7134,236
03026500,ifs,10,0.1695,0.4109,0.5011,0.8262,238
03028000,ifs,10,0.1532,0.4672,0.5920,0.6952,236
03049800,ifs,10,-0.1306,-0.1175,0.1261,0.6161,236
03050000,ifs,10,0.1167,0.3328,0.4367,0.8330,236
03066000,ifs,10,0.1496,0.3705,0.4833,0.7845,238
03069500,ifs,10,0.1727,0.2899,0.4843,0.7185,236
03070500,ifs,10,-0.2474,0.4407,0.4594,1.0492,236
03076600,ifs,10,-0.0042,0.0765,0.3483,0.5926,238
03078000,ifs,10,-0.0964,-0.0304,0.1970,0.6334,238
03140000,ifs,10,-0.5760,0.1257,0.1315,1.0214,236
03144000,ifs,10,-1.6657,-0.0088,0.0604,1.1066,238
03159540,ifs,10,-0.2149,0.1138,0.1886,0.8379,238
03161000,ifs,10,-1.8159,-0.0298,0.0527,0.9068,238
03164000,ifs,10,-0.4488,0.3109,0.3285,0.8463,238
03165000,ifs,10,-1.1936,0.0919,0.1207,0.9337,221
03170000,ifs,10,0.0040,0.2986,0.3758,0.8710,238
03173000,ifs,10,-0.5187,0.2503,0.2516,0.9583,236
03180500,ifs,10,0.3358,0.3512,0.5974,0.7850,222
03182500,ifs,10,0.3024,0.4481,0.5687,0.8618,236
03186500,ifs,10,0.3305,0.4741,0.5876,0.9046,236
03187500,ifs,10,0.2400,0.5567,0.5831,0.8990,235
03213700,ifs,10,-0.5705,0.3149,0.3644,1.1853,238
03237280,ifs,10,-0.5121,0.1560,0.1663,0.9151,238
03237500,ifs,10,-1.4516,0.0178,0.1722,1.3677,236
03241500,ifs,10,-0.5285,0.0751,0.1075,0.8211,225
03280700,ifs,10,-1.0913,0.1878,0.2827,0.8802,213
03281100,ifs,10,-1.8780,0.0089,0.2508,1.0904,236
03281500,ifs,10,-1.1756,0.1844,0.3247,1.0299,223
03285000,ifs,10,-1.6676,-0.2489,0.2447,1.8633,235
03291780,ifs,10,-0.8474,0.0100,0.0345,1.2138,238
03300400,ifs,10,-0.5393,0.0543,0.0786,1.1075,238
03340800,ifs,10,-2.5806,-0.1694,0.0076,1.0825,190
03346000,ifs,10,-1.6165,-0.0006,0.0716,0.8535,238
03364500,ifs,10,-0.3096,-0.0417,0.0849,0.6648,238
03366500,ifs,10,-0.8444,0.0959,0.0961,1.0080,238
03368000,ifs,10,-0.5676,0.0698,0.0875,0.9062,238
03384450,ifs,10,-0.2715,-0.0474,0.0541,0.8477,238
03439000,ifs,10,-0.2714,-0.2811,-0.0267,0.6462,236
03450000,ifs,10,-0.1642,-0.1173,0.0779,0.7715,238
03455500,ifs,10,-1.2572,0.0296,0.0780,0.7289,236
03456500,ifs,10,-2.0580,-0.1014,-0.0102,0.8483,236
03460000,ifs,10,-0.5995,0.3749,0.4961,0.6306,238
03463300,ifs,10,-2.8373,-0.3135,0.4491,1.0100,238
03471500,ifs,10,-0.4418,0.3751,0.4378,0.7797,236
03473000,ifs,10,-0.4964,0.3197,0.3649,0.7692,238
03479000,ifs,10,-6.8490,-0.9226,0.0588,1.0145,236
03488000,ifs,10,-0.3046,0.2578,0.2957,0.7925,238
03498500,ifs,10,-0.4740,0.1581,0.2002,0.7812,238
03500000,ifs,10,-0.4067,0.3180,0.3557,0.8073,236
03504000,ifs,10,-0.5526,0.1798,0.2192,0.8283,236
03574500,ifs,10,-0.2497,0.0267,0.1594,0.6571,238
03604000,ifs,10,-0.0928,-0.1644,0.0694,0.7893,236
04015330,ifs,10,0.1653,0.0156,0.4480,0.5236,197
04024430,ifs,10,0.2326,0.4020,0.5443,0.7224,238
04027000,ifs,10,0.2472,0.4143,0.5370,0.7995,238
04040500,ifs,10,0.8028,0.8089,0.8977,0.9500,238
04043050,ifs,10,0.7548,0.8049,0.8705,0.9156,182
04045500,ifs,10,0.8637,0.8191,0.9433,0.8286,234
04056500,ifs,10,0.5858,0.4834,0.8444,0.7254,229
04057510,ifs,10,0.8498,0.7079,0.9477,0.8053,158
04057800,ifs,10,0.7708,0.6265,0.9002,0.7315,238
04059500,ifs,10,0.8190,0.7991,0.9093,1.0197,238
04063700,ifs,10,0.6519,0.4434,0.8957,0.6385,238
04074950,ifs,10,0.5681,0.5265,0.8376,0.7720,238
04105700,ifs,10,0.3658,0.4881,0.6189,0.9363,238
04115265,ifs,10,0.1005,0.1950,0.3571,0.9591,238
04122200,ifs,10,0.3123,0.3685,0.5875,0.8536,238
04122500,ifs,10,0.6030,0.6284,0.7962,0.9129,236
04124000,ifs,10,0.6633,0.6159,0.8343,0.9953,238
04127997,ifs,10,0.3181,0.3842,0.5821,0.9154,201
04185000,ifs,10,0.3051,0.4894,0.5795,0.8791,215
04196800,ifs,10,0.0140,0.1774,0.3154,0.7908,238
04197100,ifs,10,-0.2960,0.1369,0.1783,1.0853,238
04197170,ifs,10,-0.7056,0.0757,0.0794,0.9708,238
04213000,ifs,10,-0.5484,0.3172,0.3351,1.0494,236
04213075,ifs,10,-0.5960,0.1688,0.1770,0.8890,234
04216418,ifs,10,0.3645,0.4541,0.6062,0.9250,238
04221000,ifs,10,0.0320,0.0935,0.4821,0.5183,238
04224775,ifs,10,0.0719,0.0229,0.4702,0.5157,236
04256000,ifs,10,0.4909,0.7021,0.7681,1.1788,236
04296000,ifs,10,0.2385,0.5341,0.5723,0.8876,236
05057000,ifs,10,-1.3522,0.1677,0.3138,0.5490,160
05057200,ifs,10,0.3433,0.6713,0.7039,1.1274,237
05062500,ifs,10,0.3460,0.6674,0.6679,1.0056,199
05087500,ifs,10,0.0505,0.5077,0.5235,1.1233,238
05120500,ifs,10,-10.1757,-1.4916,-0.0502,3.2064,210
05123400,ifs,10,-0.3916,-0.6523,-0.0184,0.1576,238
05129115,ifs,10,-0.8309,-0.6733,0.0959,0.0006,238
05131500,ifs,10,-0.2698,0.1678,0.2814,0.6267,142
05291000,ifs,10,-0.8236,0.2538,0.3067,0.9111,238
05362000,ifs,10,-0.2479,0.4554,0.5819,1.0330,237
05393500,ifs,10,-0.0066,0.5457,0.5765,1.0459,238
05399500,ifs,10,-0.5327,0.2981,0.3399,1.1921,236
05408000,ifs,10,0.0260,0.0584,0.2814,0.8397,237
05412500,ifs,10,-0.1656,0.1780,0.3069,0.6959,238
05413500,ifs,10,-1.1826,0.0192,0.0392,0.8106,208
05414000,ifs,10,-0.3674,0.0393,0.2388,0.6234,204
05444000,ifs,10,-1.7119,0.0156,0.1551,0.7744,236
05454000,ifs,10,-0.9691,0.1638,0.2262,0.7717,238
05458000,ifs,10,-0.2310,0.0031,0.1198,0.7680,238
05466500,ifs,10,-0.1486,0.0156,0.1470,0.8133,236
05487980,ifs,10,-0.3170,0.0017,0.0758,0.8788,236
05488200,ifs,10,-0.2003,-0.1147,0.0855,0.5792,236
05489000,ifs,10,-0.2789,-0.1375,0.0333,0.6030,236
05495000,ifs,10,-1.3634,-0.0755,0.1374,1.5745,236
05495500,ifs,10,-0.1989,-0.0962,0.1042,0.5669,232
05501000,ifs,10,-0.5075,-0.0570,0.0159,0.7292,236
05503800,ifs,10,-0.9389,0.0016,0.0020,1.0044,238
05507600,ifs,10,-1.4087,-0.0466,0.0765,1.4182,238
05508805,ifs,10,-1.7798,-0.2055,0.1974,1.7377,236
05514500,ifs,10,-0.5201,0.1013,0.1192,1.0959,236
05525500,ifs,10,-0.2780,0.1301,0.1767,1.0821,236
05556500,ifs,10,-0.0810,-0.0109,0.2524,0.5344,238
05584500,ifs,10,-0.3838,0.0430,0.1285,0.7013,236
05585000,ifs,10,-0.3039,0.0978,0.1966,0.6764,238
05591550,ifs,10,-0.7939,0.1585,0.1612,0.9928,236
05592050,ifs,10,-0.5873,0.1802,0.1824,1.0523,222
05592575,ifs,10,-1.4397,-0.0119,0.0106,1.0281,236
05593575,ifs,10,-6.2055,-1.2324,0.0456,2.3342,238
05593900,ifs,10,-1.6186,-0.0560,0.0167,1.2567,236
05595730,ifs,10,-10.8623,-1.8551,0.0650,2.3416,238
06037500,ifs,10,-2.2007,0.3948,0.8449,1.2845,238
06043500,ifs,10,0.4216,0.4080,0.9592,1.3222,238
06154410,ifs,10,-0.1194,-0.0586,0.1521,0.6843,238
06188000,ifs,10,0.8670,0.9156,0.9387,0.9955,238
06191500,ifs,10,0.7776,0.7059,0.9495,1.1200,238
06221400,ifs,10,0.8087,0.8348,0.9248,1.0771,238
06224000,ifs,10,0.6908,0.8275,0.8559,1.0874,238
06289000,ifs,10,0.1680,0.6159,0.6395,0.9280,238
06332515,ifs,10,-10.9169,-2.6563,0.4334,3.4742,118
06339100,ifs,10,-39.0427,-5.6613,0.5771,4.4896,174
06339500,ifs,10,-5.9766,-0.8215,0.1586,0.7429,167
06344600,ifs,10,-121.7464,-10.4881,0.2934,7.1010,177
06350000,ifs,10,-35.4483,-4.5585,0.3650,3.6789,238
06352000,ifs,10,-0.0145,-0.1051,0.5038,1.3311,237
06353000,ifs,10,-0.0036,-0.1178,0.5071,0.8055,236
06354000,ifs,10,-0.7226,0.2821,0.4247,0.7435,173
06360500,ifs,10,0.1152,0.1363,0.5236,1.5423,139
06404000,ifs,10,-195.8432,-12.0389,0.0287,2.8449,205
06406000,ifs,10,-314.4889,-10.6010,0.2381,6.0415,180
06408700,ifs,10,-1658.4263,-4.0843,0.1827,1.5131,238
06409000,ifs,10,-1.6682,0.6083,0.8006,1.2676,193
06431500,ifs,10,-4.2551,-0.2016,0.2981,1.1222,227
06440200,ifs,10,-0.2534,-0.4252,-0.0371,0.2160,160
06441500,ifs,10,-17.3150,-3.5157,-0.0133,4.3629,177
06447000,ifs,10,-0.4297,-0.1653,-0.0392,0.6517,140
06447500,ifs,10,-0.0940,-0.1148,0.2446,0.7180,238
06450500,ifs,10,0.0392,-0.1380,0.2885,1.0495,208
06452000,ifs,10,-0.0031,-0.3378,0.0244,1.0147,175
06453600,ifs,10,-2.0263,-0.3369,0.0072,1.8673,235
06464500,ifs,10,-1.1712,0.0371,0.0555,1.1545,175
06477500,ifs,10,-421.2776,-19.5899,-0.0279,8.6716,237
06479215,ifs,10,-0.1878,-0.1325,0.0644,0.6678,238
06479438,ifs,10,-0.1452,-0.5045,-0.0041,0.2623,238
06601000,ifs,10,-0.7618,0.0987,0.1054,0.8927,238
06614800,ifs,10,0.7618,0.5901,0.9357,1.3719,238
06622700,ifs,10,-0.4466,0.0947,0.7534,1.6593,238
06623800,ifs,10,0.8245,0.9096,0.9155,0.9999,238
06632400,ifs,10,-0.3395,0.3063,0.4673,1.4191,238
06784000,ifs,10,-1.1199,-0.1977,-0.0394,1.3237,238
06803510,ifs,10,-0.0428,-0.3195,0.0146,0.6299,238
06803530,ifs,10,-0.1449,-0.1420,0.0340,0.8418,238
06814000,ifs,10,-1.8554,-0.0664,0.0185,0.8283,238
06846500,ifs,10,-0.0095,-0.4713,-0.0586,1.3784,238
06847900,ifs,10,-0.0203,-0.3022,0.0675,1.3152,238
06853800,ifs,10,-2.4388,-0.4497,-0.0030,1.9579,238
06876700,ifs,10,-0.0710,-0.4064,0.1932,0.2279,238
06878000,ifs,10,-0.5162,-0.0880,0.0279,0.5884,238
06879650,ifs,10,-0.3541,-0.0555,0.1024,0.5419,237
06885500,ifs,10,-0.1537,-0.1399,0.1302,0.4562,238
06888500,ifs,10,0.1216,-0.0435,0.3833,0.4355,238
06889200,ifs,10,-0.2305,-0.0520,0.0960,0.6676,238
06889500,ifs,10,-1.1367,0.0819,0.1051,0.8947,238
06892000,ifs,10,-0.0821,-0.0254,0.1983,0.5905,238
06903400,ifs,10,-0.1170,-0.3286,0.0438,0.3668,238
06906800,ifs,10,-0.2735,-0.1702,0.0326,0.5329,238
06910800,ifs,10,-0.0551,0.3452,0.3992,0.7824,238
06911900,ifs,10,-0.3046,0.4062,0.4295,0.8969,238
06917000,ifs,10,-0.2000,-0.0065,0.1853,0.5338,238
06918460,ifs,10,-0.0932,0.2795,0.3201,1.0199,238
06919500,ifs,10,-0.1484,0.0820,0.2528,0.5829,238
06921070,ifs,10,-0.1739,-0.0251,0.1299,0.6996,238
06921200,ifs,10,-0.0309,-0.3403,0.1856,0.2827,238
06934000,ifs,10,-0.2003,0.3695,0.4106,0.7765,237
07014500,ifs,10,-0.1962,-0.0277,0.1060,0.7714,238
07056000,ifs,10,-0.1893,0.2765,0.2981,0.9802,238
07057500,ifs,10,-0.3268,0.1892,0.2196,0.8807,230
07060710,ifs,10,-0.0001,-0.3942,0.0275,1.0504,238
07066000,ifs,10,-0.7479,0.1229,0.1244,0.9488,238
07067000,ifs,10,-0.8221,0.1970,0.2721,0.6795,238
07068000,ifs,10,-0.6590,0.2683,0.2910,0.8659,237
07071500,ifs,10,-1.0725,0.2011,0.2458,0.8459,238
07083000,ifs,10,-2.2657,-0.5594,0.8495,1.9292,238
07142300,ifs,10,-8.2673,-4.9908,-0.1051,6.8258,238
07145700,ifs,10,-0.0231,-0.6041,0.0246,0.1500,238
07148400,ifs,10,-1.1173,0.0997,0.6799,1.5196,238
07149000,ifs,10,-0.1494,0.3928,0.6521,1.4860,238
07151500,ifs,10,-0.0229,-0.4318,0.0497,0.4126,238
07167500,ifs,10,-0.1239,-0.3651,0.0013,1.6499,238
07180500,ifs,10,-0.3284,-0.0711,0.0398,0.7330,238
07184000,ifs,10,0.0107,-0.2594,0.2041,0.3577,236
07195800,ifs,10,-1.2292,0.1239,0.1780,1.0391,236
07196900,ifs,10,-0.9462,0.1582,0.3868,1.3938,237
07197000,ifs,10,-2.7005,-0.2773,0.3914,1.3562,238
07208500,ifs,10,-0.0350,0.4634,0.7282,1.1098,238
07226500,ifs,10,-0.0300,-0.4586,-0.0164,0.4076,236
07261000,ifs,10,-0.7980,-0.0528,0.2705,1.7485,236
07263295,ifs,10,-2.9583,-1.7606,0.0344,3.5066,236
07290650,ifs,10,-0.9823,0.1030,0.1528,0.7424,238
07291000,ifs,10,-0.1858,0.0452,0.3016,0.4254,238
07292500,ifs,10,0.0713,0.0543,0.3165,0.7459,238
07295000,ifs,10,-0.1662,0.0896,0.2074,0.7186,238
07299670,ifs,10,-4.5882,-1.2914,0.0078,2.7549,228
07301410,ifs,10,-0.3545,-0.2135,-0.0803,0.8003,227
07301500,ifs,10,-0.1810,-0.5678,0.0396,1.7706,200
07315200,ifs,10,-34.9196,-5.6790,-0.0390,5.5435,161
07315700,ifs,10,-55.9055,-8.9798,0.0267,8.7145,218
07335700,ifs,10,-0.0914,-0.1864,0.1177,0.5251,229
07340300,ifs,10,-0.4257,0.2165,0.2238,0.9388,238
07346045,ifs,10,-9.9640,-1.4716,0.1659,1.1595,238
07359610,ifs,10,-1.1740,-0.1298,0.1283,1.7038,238
07362100,ifs,10,-5.5672,-1.1905,0.2452,2.5084,238
07362587,ifs,10,-1.4532,-0.7147,0.0314,2.4055,236
07373000,ifs,10,-1.0972,0.0497,0.1155,0.6837,234
07375000,ifs,10,-0.1396,-0.2579,0.0789,0.4135,238
07376000,ifs,10,-0.6777,0.0083,0.0771,0.6597,238
08013000,ifs,10,0.0265,0.2174,0.3720,0.6859,238
08014500,ifs,10,-0.1100,-0.1702,0.1271,0.5662,238
08023080,ifs,10,-1.2951,-0.7848,-0.0798,2.4211,238
08025500,ifs,10,-0.3970,-0.0806,-0.0089,0.9209,238
08029500,ifs,10,-0.9397,0.1218,0.1723,1.2560,238
08050800,ifs,10,-2.5384,-0.2280,0.0581,1.4476,237
08066200,ifs,10,-0.1082,-0.3598,-0.0242,0.4588,238
08066300,ifs,10,-0.0667,-0.5224,-0.0266,0.2450,238
08070000,ifs,10,-4.4998,-0.6696,0.1477,1.7293,238
08070200,ifs,10,-1.2919,0.0898,0.1351,1.0482,238
08079600,ifs,10,-22.8282,-7.7093,0.0150,8.8547,194
08082700,ifs,10,-1.5519,-0.3364,-0.0191,1.8357,224
08086212,ifs,10,-0.3128,-1.0258,0.2098,2.8529,238
08086290,ifs,10,-2.8774,-5.1638,0.1841,7.0547,238
08101000,ifs,10,-52.8543,-6.5103,0.2154,5.0890,238
08103900,ifs,10,-0.5469,0.1934,0.2450,1.2833,238
08104900,ifs,10,0.0431,0.1492,0.3489,0.6377,238
08109700,ifs,10,-14.0756,-2.5409,0.0583,2.9889,222
08150800,ifs,10,-0.0544,-0.3062,-0.0075,0.7024,238
08155200,ifs,10,-7.2849,-2.2834,0.0493,3.6886,238
08158700,ifs,10,-18.3825,-11.5229,0.0356,13.1404,238
08158810,ifs,10,-0.3148,0.0207,0.1145,1.2683,238
08164000,ifs,10,-7.9393,-1.6512,0.1768,2.5770,238
08164300,ifs,10,-1.1464,-0.1575,-0.0225,1.5407,235
08164600,ifs,10,-10.0257,-5.2853,0.2279,6.8206,238
08165300,ifs,10,-0.0639,-0.2863,-0.0268,0.9447,238
08171300,ifs,10,-67.9689,-39.2357,-0.0343,40.7479,238
08175000,ifs,10,-19.8178,-2.7455,0.1875,1.3244,238
08176900,ifs,10,-40.5563,-9.6434,0.3035,10.1414,238
08178880,ifs,10,-0.0589,-0.4960,0.0369,0.2299,238
08189500,ifs,10,-1.7333,-0.0468,0.4798,1.2275,238
08190000,ifs,10,-0.0338,-0.3787,-0.0218,0.6274,238
08190500,ifs,10,-6.1505,-1.2997,0.2286,2.3671,232
08194200,ifs,10,-0.0322,-0.4490,0.0485,0.2749,238
08195000,ifs,10,-0.0423,-0.3909,-0.0135,0.5212,238
08196000,ifs,10,-0.1351,-0.0069,0.2121,1.4935,226
08198500,ifs,10,-0.0156,-0.5748,-0.0300,0.2708,238
08200000,ifs,10,-0.0527,-0.4146,0.0537,0.2919,238
08202700,ifs,10,-0.0433,-0.5246,-0.0104,0.2063,237
08267500,ifs,10,-24.4043,-2.4457,0.6943,2.7201,238
08269000,ifs,10,-5.5672,-0.7561,0.6273,1.7624,238
08271000,ifs,10,-51.2704,-4.5215,0.7688,2.5809,238
08324000,ifs,10,-0.0689,0.5011,0.6727,1.1982,238
08377900,ifs,10,-4.1027,-0.4780,0.4441,1.3771,238
08378500,ifs,10,-5.5762,-0.8976,0.5945,1.3194,230
08380500,ifs,10,-2.9822,-0.2020,0.5058,1.8052,238
09034900,ifs,10,0.1290,0.1889,0.8847,1.5949,234
09035900,ifs,10,0.5209,0.7173,0.8234,1.1106,204
09047700,ifs,10,-5.2397,-1.0285,0.8670,1.4587,236
09065500,ifs,10,0.7114,0.6171,0.9441,1.1542,238
09066000,ifs,10,-1.0570,0.1279,0.5800,1.1904,238
09066200,ifs,10,0.7000,0.6102,0.9329,1.2412,238
09066300,ifs,10,-0.4967,-0.0565,0.7928,1.8298,238
09081600,ifs,10,0.0743,0.5793,0.6179,1.0419,238
09107000,ifs,10,-1.2205,0.0015,0.6903,1.2942,237
09210500,ifs,10,-1.4481,0.0892,0.7332,1.5488,211
09223000,ifs,10,-2.9968,-0.5916,0.8741,2.0029,177
09306242,ifs,10,-451.8114,-4.1197,0.8578,5.9688,236
09312600,ifs,10,-2.2430,-0.6472,0.4703,2.4186,238
09352900,ifs,10,-0.8078,0.2176,0.5706,1.3682,208
09378170,ifs,10,0.2512,0.2609,0.5392,1.3259,238
09378630,ifs,10,,,,,238
09386900,ifs,10,-92.5550,-8.0171,-0.0283,3.9649,238
09404450,ifs,10,0.6281,0.7947,0.8119,0.9406,238
09430500,ifs,10,-1.4614,-0.0340,0.2832,0.2761,238
09430600,ifs,10,-0.0510,-0.0523,0.4422,0.2910,238
09447800,ifs,10,-2.3762,-0.6365,0.0683,2.0613,238
09480000,ifs,10,-0.6279,-4.2402,0.0665,6.1497,238
09484000,ifs,10,-0.9048,-0.9615,0.3687,2.8370,213
09484600,ifs,10,-1.7495,-1.9466,0.0812,3.7811,237
09492400,ifs,10,-1.4582,0.0635,0.7306,1.7171,236
09494000,ifs,10,-0.8990,0.2565,0.4568,1.1424,238
09497800,ifs,10,-0.1399,-0.6427,-0.2335,1.6237,238
09497980,ifs,10,-0.9743,0.1478,0.1698,1.0898,210
09505200,ifs,10,0.4415,0.4463,0.6762,0.9799,238
09505350,ifs,10,0.2610,0.2011,0.5525,0.9236,238
09505800,ifs,10,0.4768,0.5854,0.6914,0.9814,238
09508300,ifs,10,-3.3083,-0.4425,0.4109,1.3375,238
09510200,ifs,10,-6.2590,-2.1231,0.0715,3.5829,219
09512280,ifs,10,-0.1718,-1.0300,-0.0238,2.6231,238
09513780,ifs,10,-209.7069,-16.5684,-0.0100,12.7209,237
10023000,ifs,10,-14.3960,-0.6430,0.0616,2.2095,238
10166430,ifs,10,-13540.2643,-90.8714,0.5509,72.9062,238
10172700,ifs,10,-30.0106,-0.2744,0.6310,2.0267,238
10172800,ifs,10,-10.1603,-0.9081,0.7996,2.3810,238
10173450,ifs,10,-0.4508,0.3728,0.3996,1.0139,238
10205030,ifs,10,-205.6443,-10.3085,-0.0191,2.4025,238
10234500,ifs,10,-0.1129,-0.2749,-0.0447,0.8761,234
10242000,ifs,10,-29.6374,-3.7292,0.4105,4.4905,238
10244950,ifs,10,-37.5538,-1.5475,0.7167,1.5647,238
10249300,ifs,10,-45.9050,-4.6336,0.5031,4.3455,237
10258000,ifs,10,,,,,66
10258500,ifs,10,-0.0059,-0.0201,0.2225,0.6335,238
10259000,ifs,10,0.7894,0.7275,0.9103,1.0840,238
10259200,ifs,10,-13.2654,-5.8476,0.8438,6.9570,238
10263500,ifs,10,-0.2089,0.2268,0.8350,1.2395,238
10310500,ifs,10,-1.7650,0.1107,0.8879,1.7839,238
10316500,ifs,10,-0.3313,0.3303,0.6829,1.2369,238
10329500,ifs,10,0.5128,0.5617,0.9032,1.1855,238
10336645,ifs,10,0.5655,0.7282,0.8016,1.1807,224
10336660,ifs,10,0.5952,0.7670,0.7837,1.0305,238
10343500,ifs,10,0.5232,0.6504,0.7431,0.8451,238
10348850,ifs,10,-2.2492,0.0095,0.8269,1.7282,238
10396000,ifs,10,0.1329,0.5905,0.7161,1.1967,238
11098000,ifs,10,-0.0781,0.4445,0.5106,1.2509,238
11124500,ifs,10,-2.7574,-0.9557,0.8804,2.3947,238
11141280,ifs,10,0.2931,0.3708,0.5438,1.0744,238
11143000,ifs,10,0.2581,0.5926,0.6703,1.2229,238
11148900,ifs,10,0.1726,0.1130,0.4331,0.5461,238
11151300,ifs,10,0.0399,-0.0293,0.2242,0.9467,238
11162500,ifs,10,0.1303,0.3596,0.4753,0.7259,238
11176400,ifs,10,-0.2968,0.0876,0.1715,0.7221,144
11180500,ifs,10,-4.1370,-1.6697,0.5165,3.1025,238
11180960,ifs,10,-9.6367,-2.1312,0.2035,3.0394,238
11224500,ifs,10,-0.0202,-0.5080,0.0690,0.1791,238
11253310,ifs,10,-0.0252,-0.1735,0.1767,0.4532,238
11264500,ifs,10,-1.0359,0.1509,0.1778,1.0238,238
11266500,ifs,10,-0.8434,0.2407,0.2945,1.1364,238
11274500,ifs,10,-0.7871,0.1564,0.2218,1.2965,238
11274630,ifs,10,-1.2219,0.0832,0.1123,1.0507,238
11284400,ifs,10,-0.1101,-0.1227,0.2300,0.2998,238
11299600,ifs,10,0.0904,0.1861,0.3620,0.7570,235
11381500,ifs,10,0.6151,0.4814,0.8658,1.0009,238
11383500,ifs,10,0.6966,0.5893,0.8763,1.0640,238
11451100,ifs,10,0.1510,0.2991,0.8783,1.2454,106
11468500,ifs,10,0.5399,0.4233,0.8162,0.9041,238
11473900,ifs,10,0.5612,0.4410,0.8301,0.9193,238
11475560,ifs,10,0.5796,0.4879,0.8112,0.9081,238
11476600,ifs,10,0.7056,0.6965,0.8606,1.2693,237
11478500,ifs,10,0.7682,0.4920,0.8953,1.4970,238
11480390,ifs,10,0.6236,0.5311,0.8364,1.0154,238
11481200,ifs,10,0.4772,0.5890,0.7614,1.3297,238
11482500,ifs,10,0.6598,0.5152,0.8669,1.4624,238
11522500,ifs,10,0.2844,0.4101,0.7148,1.5142,238
11523200,ifs,10,-0.1697,0.1649,0.7302,1.7213,238
11528700,ifs,10,0.6867,0.5851,0.8622,1.1340,238
11532500,ifs,10,0.5529,0.6220,0.8438,1.2607,238
12010000,ifs,10,0.2384,0.5817,0.6506,0.7748,238
12013500,ifs,10,0.2153,0.6276,0.6875,0.9395,238
12020000,ifs,10,-0.0857,0.2896,0.4176,0.6151,238
12025000,ifs,10,0.2547,0.6402,0.6550,1.0745,238
12025700,ifs,10,0.3948,0.6695,0.6963,0.8711,238
12035000,ifs,10,0.0438,0.5529,0.6574,0.9227,238
12040500,ifs,10,-0.1667,0.4630,0.6380,0.9627,238
12041200,ifs,10,-0.5413,0.2257,0.6985,0.9368,238
12043000,ifs,10,0.2566,0.6289,0.7099,0.8775,238
12048000,ifs,10,0.3229,0.6116,0.8293,1.2562,238
12054000,ifs,10,-0.1713,0.3603,0.7378,1.3495,238
12056500,ifs,10,-0.5108,0.2948,0.6464,0.9860,238
12073500,ifs,10,-0.5829,0.3566,0.5050,1.1122,237
12082500,ifs,10,0.3060,0.3033,0.5637,0.9836,232
12092000,ifs,10,0.2042,0.2681,0.4600,0.9565,238
12095000,ifs,10,0.5954,0.6813,0.7763,0.8835,238
12114500,ifs,10,0.4305,0.3734,0.7050,1.0004,238
12115000,ifs,10,0.4203,0.3714,0.6907,0.9763,238
12115500,ifs,10,0.3713,0.3469,0.6365,0.8144,238
12117000,ifs,10,0.5110,0.5685,0.7171,0.9638,238
12141300,ifs,10,0.3579,0.3643,0.6091,1.0623,238
12143600,ifs,10,0.3829,0.3811,0.6369,1.1630,234
12144000,ifs,10,0.4591,0.4666,0.6885,0.9826,237
12145500,ifs,10,0.5230,0.6367,0.7383,0.8164,238
12147600,ifs,10,0.2628,0.3931,0.5256,0.9117,238
12167000,ifs,10,0.2896,0.5016,0.5833,1.1597,238
12175500,ifs,10,-0.1646,0.4755,0.5058,1.1226,238
12186000,ifs,10,0.0993,0.3480,0.4312,1.1198,235
12189500,ifs,10,0.1727,0.4179,0.5178,1.1984,237
12358500,ifs,10,0.6199,0.8102,0.8257,1.0134,238
12377150,ifs,10,0.5247,0.7565,0.7661,0.9325,238
12381400,ifs,10,0.3786,0.5334,0.8581,1.2079,205
12390700,ifs,10,0.4142,0.6202,0.6931,1.1746,238
12411000,ifs,10,0.7396,0.7288,0.8734,1.1693,227
12414500,ifs,10,0.6359,0.6680,0.8095,0.8982,238
12447390,ifs,10,-0.2054,-0.2432,0.2213,0.3601,238
12451000,ifs,10,0.4394,0.6756,0.7856,1.2136,238
12488500,ifs,10,0.5472,0.6988,0.7704,1.1524,238
13011500,ifs,10,0.7064,0.5998,0.9329,1.3129,238
13011900,ifs,10,0.7985,0.8156,0.9259,0.9706,238
13018300,ifs,10,-0.3685,0.0211,0.9381,1.4783,238
13023000,ifs,10,0.4832,0.7407,0.7876,0.9295,196
13161500,ifs,10,0.6396,0.6902,0.8263,0.8018,238
13235000,ifs,10,0.5863,0.6526,0.7830,0.8880,236
13240000,ifs,10,0.7936,0.8786,0.8924,1.0050,159
13310700,ifs,10,0.5895,0.5102,0.8962,0.6763,238
13313000,ifs,10,0.6980,0.4960,0.9532,0.6482,238
13331500,ifs,10,0.4149,0.4834,0.8983,1.2580,238
13337000,ifs,10,0.6470,0.6710,0.8424,0.8110,238
13338500,ifs,10,0.7068,0.8456,0.8541,1.0498,238
13340000,ifs,10,0.4854,0.6057,0.7551,0.7797,238
13340600,ifs,10,0.5462,0.5803,0.8648,0.6890,238
14020000,ifs,10,0.2268,0.1393,0.5826,0.6315,238
14092750,ifs,10,0.4814,0.6403,0.7095,0.9186,238
14096850,ifs,10,-1.3921,0.3389,0.7187,0.4677,238
14137000,ifs,10,0.3665,0.4130,0.6069,0.9980,233
14138800,ifs,10,0.0855,0.2621,0.3778,0.9107,238
14138870,ifs,10,0.0941,0.3898,0.4519,0.8612,238
14138900,ifs,10,-0.0733,0.1903,0.2724,0.9204,238
14139800,ifs,10,0.1199,0.3991,0.4687,0.8398,236
14141500,ifs,10,0.1854,0.4660,0.5164,0.9045,238
14154500,ifs,10,0.5531,0.7358,0.7606,1.0718,238
14158500,ifs,10,0.7583,0.7189,0.9042,1.0855,223
14158790,ifs,10,0.5737,0.6211,0.7594,1.0348,234
14166500,ifs,10,0.4535,0.4166,0.7028,0.8907,238
14182500,ifs,10,0.3430,0.3304,0.6162,0.7219,238
14185000,ifs,10,0.5014,0.6530,0.7140,0.9802,238
14185900,ifs,10,0.3994,0.5166,0.6371,0.9031,235
14187000,ifs,10,0.4864,0.6506,0.7060,1.0321,237
14216500,ifs,10,0.6335,0.7402,0.7975,1.0283,235
14222500,ifs,10,0.1028,0.4535,0.4796,1.0308,238
14236200,ifs,10,0.3907,0.5703,0.6518,0.8443,237
14301000,ifs,10,0.3967,0.5555,0.6424,0.8981,237
14303200,ifs,10,0.4038,0.3772,0.6620,0.8885,238
14305500,ifs,10,0.3522,0.5354,0.6107,0.9479,236
14306340,ifs,10,0.4567,0.3839,0.7250,0.7393,238
14306500,ifs,10,0.5918,0.5643,0.7885,0.8897,238
14308990,ifs,10,0.6697,0.5376,0.8801,0.9359,238
14309500,ifs,10,0.5950,0.7590,0.7811,0.9710,238
14316700,ifs,10,0.5818,0.7556,0.7808,1.0897,238
14325000,ifs,10,0.3651,0.6705,0.7608,1.0425,238
14362250,ifs,10,0.6260,0.3421,0.9311,0.5529,148
14400000,ifs,10,0.4598,0.7292,0.7680,0.9431,238
01013500,ifs,11,0.8798,0.8213,0.9462,0.8673,238
01022500,ifs,11,0.4872,0.6450,0.7113,1.1023,238
01030500,ifs,11,0.6701,0.7549,0.8772,1.1222,238
01031500,ifs,11,-0.2911,0.4353,0.5573,1.1260,236
01047000,ifs,11,-0.2461,0.4495,0.4746,1.0353,238
01052500,ifs,11,0.2085,0.3209,0.4938,0.7585,238
01054200,ifs,11,0.0336,0.0365,0.3375,0.5260,238
01055000,ifs,11,-0.0681,0.4010,0.4108,0.9689,236
01057000,ifs,11,0.3602,0.6715,0.6726,1.0111,236
01073000,ifs,11,0.6543,0.7803,0.8493,1.1309,238
01078000,ifs,11,0.2266,0.3289,0.5369,0.7020,236
01118300,ifs,11,0.1575,0.4038,0.4962,0.8098,236
01121000,ifs,11,0.5027,0.6914,0.7510,1.1781,236
01123000,ifs,11,0.5530,0.5653,0.7541,0.8942,238
01134500,ifs,11,0.4116,0.6249,0.6671,0.9299,236
01137500,ifs,11,0.2265,0.4426,0.5413,0.8106,238
01139000,ifs,11,0.2858,0.6252,0.6330,0.9323,234
01139800,ifs,11,0.7067,0.8130,0.8430,1.0242,238
01142500,ifs,11,0.5011,0.6949,0.7335,0.8952,236
01144000,ifs,11,0.6706,0.8187,0.8450,0.9117,238
01169000,ifs,11,0.1706,0.5423,0.5549,1.0725,236
01170100,ifs,11,0.3136,0.6402,0.6429,0.9872,237
01181000,ifs,11,0.6796,0.7548,0.8244,1.0125,236
01187300,ifs,11,0.4986,0.5001,0.7181,0.9978,238
01195100,ifs,11,0.1336,0.2117,0.4127,0.7938,238
01333000,ifs,11,0.4783,0.5392,0.7013,0.8512,236
01350000,ifs,11,0.0806,0.0276,0.3170,0.6918,235
01350080,ifs,11,0.5451,0.5373,0.7595,0.7658,238
01350140,ifs,11,0.4687,0.5762,0.7245,0.7177,188
01365000,ifs,11,0.2760,0.3289,0.5391,0.8270,236
01411300,ifs,11,-0.2513,-0.0342,0.0894,1.2067,229
01413500,ifs,11,0.2991,0.2971,0.5912,0.7397,236
01414500,ifs,11,0.0479,0.0022,0.3575,0.5574,236
01415000,ifs,11,0.2589,0.1948,0.6747,0.5656,193
01423000,ifs,11,0.3172,0.3203,0.6352,0.6904,238
01434025,ifs,11,0.0468,0.4311,0.5264,0.6882,238
01435000,ifs,11,0.2331,0.2661,0.4950,0.8145,237
01439500,ifs,11,0.4054,0.4676,0.6834,0.7871,236
01440000,ifs,11,0.2446,0.4503,0.5346,0.9134,238
01440400,ifs,11,0.4518,0.5904,0.6795,0.9289,212
01451800,ifs,11,-0.0104,0.3481,0.3906,1.0940,236
01466500,ifs,11,-3.2339,-0.8074,0.8217,1.0043,236
01484100,ifs,11,-0.8654,0.2369,0.3711,1.3273,238
01485500,ifs,11,-4.9252,-0.8258,0.2428,2.0622,233
01486000,ifs,11,-1.2561,-0.0021,0.5106,1.7531,238
01487000,ifs,11,-0.1585,0.4892,0.6022,1.0670,238
01491000,ifs,11,0.3767,0.4560,0.6144,0.9622,238
01510000,ifs,11,0.5131,0.5740,0.7199,0.8990,238
01516500,ifs,11,0.0546,0.0234,0.3764,0.5373,238
01518862,ifs,11,0.0975,0.2425,0.4710,0.6028,238
01532000,ifs,11,-0.2557,0.4124,0.4252,0.9088,236
01539000,ifs,11,-0.1193,0.4000,0.4091,0.9174,220
01542810,ifs,11,-0.4523,0.2276,0.2456,0.8413,236
01543000,ifs,11,-0.5245,0.3107,0.3481,0.8208,238
01543500,ifs,11,-0.2786,0.3599,0.3968,0.7866,236
01544500,ifs,11,0.2493,0.4066,0.6267,0.6373,238
01545600,ifs,11,0.3066,0.3348,0.6552,0.6247,238
01547700,ifs,11,-0.0582,-0.0526,0.1507,0.7850,238
01548500,ifs,11,0.1121,0.2328,0.5168,0.5750,236
01549500,ifs,11,0.2643,0.4174,0.5943,0.6962,236
01550000,ifs,11,0.1706,0.3419,0.5240,0.6890,236
01552000,ifs,11,0.0336,0.3738,0.4456,0.7929,238
01552500,ifs,11,-0.1457,0.4088,0.4283,0.8506,238
01557500,ifs,11,-0.4657,0.1815,0.1907,0.9342,238
01567500,ifs,11,-0.1131,0.1947,0.2599,1.0301,238
01568000,ifs,11,0.0559,0.2687,0.3679,1.0799,238
01580000,ifs,11,-0.3955,0.2143,0.2255,0.9326,234
01583500,ifs,11,-0.4300,0.2041,0.2215,0.8725,238
01586610,ifs,11,-0.3044,0.2119,0.2593,0.7985,204
01591400,ifs,11,-0.9519,0.1337,0.1435,1.0123,238
01596500,ifs,11,-0.0718,0.0303,0.2108,0.7238,236
01605500,ifs,11,-0.3209,0.3705,0.3866,1.1285,236
01606500,ifs,11,-0.0099,0.3000,0.3975,0.7446,211
01613050,ifs,11,-0.4338,0.1720,0.1919,1.1267,238
01620500,ifs,11,0.1406,0.2478,0.5112,0.5473,236
01632000,ifs,11,-0.0640,0.2382,0.3155,0.8343,236
01632900,ifs,11,-0.5877,0.2775,0.2858,0.9642,236
01634500,ifs,11,-0.2295,0.1606,0.2101,0.9128,221
01638480,ifs,11,-4.6340,-0.7201,0.1828,1.9724,233
01639500,ifs,11,-0.2718,0.2582,0.2809,1.1217,238
01644000,ifs,11,-2.3129,-0.2665,0.2395,1.8444,238
01658500,ifs,11,-1.4758,0.0477,0.2111,1.3189,207
01664000,ifs,11,-0.0660,0.3274,0.3626,0.9205,238
01666500,ifs,11,-0.1426,0.3563,0.3796,1.1364,223
01667500,ifs,11,-0.5806,0.2771,0.2902,1.0965,216
01669000,ifs,11,0.1173,0.4185,0.4656,1.0459,213
01669520,ifs,11,-2.0950,-0.0796,0.3983,1.6664,236
02011400,ifs,11,0.1179,0.4939,0.5149,1.0957,238
02011460,ifs,11,0.0446,0.3999,0.4528,0.8170,238
02013000,ifs,11,-0.1811,0.2875,0.3211,1.1538,238
02014000,ifs,11,-3.5521,-0.3636,0.2006,1.1912,237
02015700,ifs,11,0.3280,0.5754,0.6120,0.9977,220
02016000,ifs,11,0.1447,0.5227,0.5370,0.9249,237
02017500,ifs,11,-4.0139,-0.5013,0.2673,1.3302,236
02018000,ifs,11,-2.4578,-0.1513,0.2718,1.2715,231
02027000,ifs,11,-0.1232,0.4721,0.5548,0.7791,218
02027500,ifs,11,0.3483,0.4786,0.6977,0.6237,221
02028500,ifs,11,0.0095,0.4440,0.4658,0.8793,213
02038850,ifs,11,-0.3861,0.2806,0.2919,0.8767,236
02046000,ifs,11,-0.1276,0.1369,0.3137,1.4278,228
02051000,ifs,11,-0.4858,-0.0019,0.0406,1.1202,238
02051500,ifs,11,-0.0321,0.1501,0.2662,1.0964,236
02053200,ifs,11,-0.9010,0.1058,0.2475,1.4477,210
02053800,ifs,11,-1.3633,0.0955,0.1634,0.9623,219
02055100,ifs,11,-3.2899,-0.3033,0.1535,1.3004,236
02056900,ifs,11,-1.6854,0.0498,0.2046,1.0477,212
02059500,ifs,11,-0.8959,0.2361,0.2971,0.9037,207
02064000,ifs,11,-0.3829,0.1448,0.1801,0.8438,226
02065500,ifs,11,0.0001,0.1894,0.4242,0.6283,236
02069700,ifs,11,-1.5362,0.0686,0.2200,1.2971,210
02070000,ifs,11,-2.3245,-0.1173,0.1142,1.3299,236
02074500,ifs,11,-2.0220,-0.0769,0.1071,1.3327,238
02077200,ifs,11,0.0022,0.2885,0.3540,1.0390,233
02081500,ifs,11,-1.2792,-0.1723,-0.0268,1.5594,238
02082950,ifs,11,-1.4100,-0.0429,0.3482,1.6318,238
02092500,ifs,11,-3.8539,-0.8867,0.2736,2.4129,238
02096846,ifs,11,-1.7707,-0.3382,-0.0357,1.8045,238
02102908,ifs,11,-0.4115,0.0346,0.0759,0.9785,238
02108000,ifs,11,0.3287,0.6363,0.6866,1.1815,238
02111180,ifs,11,-0.7555,0.2825,0.3690,1.1577,238
02111500,ifs,11,-1.1565,0.1169,0.1488,1.0312,236
02118500,ifs,11,-2.1177,-0.0452,0.1552,1.1300,238
02128000,ifs,11,-2.0423,-0.8189,0.0704,2.5161,238
02137727,ifs,11,-2.5087,-0.1336,0.0917,1.0754,238
02140991,ifs,11,-9.3812,-1.6081,0.4698,1.3597,238
02143000,ifs,11,-8.1947,-1.1004,0.1277,1.3746,238
02143040,ifs,11,-7.5547,-1.0427,0.0784,1.1772,236
02149000,ifs,11,-1.0217,0.0370,0.0435,1.1007,238
02152100,ifs,11,-3.7806,-0.3686,0.0489,1.1756,238
02177000,ifs,11,-0.3610,0.0566,0.1091,1.0846,236
02178400,ifs,11,-0.8253,0.1971,0.2101,0.9667,236
02193340,ifs,11,-2.8466,-0.2682,0.1457,1.4593,238
02196000,ifs,11,-0.1595,-0.2342,0.0328,0.5272,238
02198100,ifs,11,-3.1991,-0.3313,-0.0304,1.3992,237
02202600,ifs,11,-7.7535,-1.2337,0.0763,2.0505,238
02212600,ifs,11,-0.0927,-0.0156,0.1367,0.9303,236
02215100,ifs,11,-2.3495,-0.1482,-0.0061,0.8219,238
02216180,ifs,11,-0.7424,-0.1126,-0.0303,0.6181,236
02221525,ifs,11,-0.0758,0.0885,0.2074,1.0315,236
02231000,ifs,11,-20.9800,-2.8329,0.0698,1.8995,238
02231342,ifs,11,-3.8743,-0.5515,0.1609,1.8206,238
02235200,ifs,11,0.3191,0.5585,0.6255,1.1258,237
02245500,ifs,11,-6.1432,-0.7949,0.0375,1.2071,238
02246000,ifs,11,-3.2192,-0.2722,0.0535,0.9091,236
02296500,ifs,11,-3.3641,-0.8475,0.1935,2.3937,227
02297155,ifs,11,-0.1604,-0.2794,0.1549,0.3084,237
02297310,ifs,11,-0.7759,0.1453,0.1916,0.7337,228
02298123,ifs,11,-0.0332,0.0569,0.3103,0.5439,238
02298608,ifs,11,-2.0272,-0.0395,0.2070,1.2197,238
02299950,ifs,11,-1.0876,0.1191,0.1493,0.8904,238
02300700,ifs,11,0.0103,0.0209,0.2941,0.5670,238
02310947,ifs,11,-0.7383,-2.0376,-0.2893,3.6580,238
02312200,ifs,11,-19.8896,-4.2071,0.2768,6.1456,238
02314500,ifs,11,-0.2540,-0.3347,-0.0212,0.5801,238
02315500,ifs,11,-0.3327,-0.5747,-0.2126,0.4501,238
02324400,ifs,11,-0.2052,-1.0284,-0.5320,0.1148,238
02327100,ifs,11,-11.7169,-1.9121,0.1137,2.3356,236
02349900,ifs,11,-0.1603,-0.0707,0.0728,0.8834,238
02350900,ifs,11,-0.4935,0.1895,0.3098,0.6207,238
02361000,ifs,11,-0.6285,0.0634,0.1394,0.6689,238
02363000,ifs,11,-0.1063,-0.2691,0.2293,0.3376,236
02369800,ifs,11,-0.0523,-0.3912,0.0430,0.4352,237
02371500,ifs,11,0.0209,-0.2083,0.1899,0.6982,238
02372250,ifs,11,0.0367,-0.1544,0.2229,0.7382,236
02374500,ifs,11,-0.1796,-0.2201,0.0032,0.6974,238
02381600,ifs,11,-0.5758,-0.0094,0.0210,1.0988,237
02384540,ifs,11,-0.1333,0.0687,0.2086,0.7832,238
02395120,ifs,11,-2.7923,-0.1887,0.0905,1.1334,238
02408540,ifs,11,-0.6213,0.2976,0.3190,0.9669,238
02415000,ifs,11,-0.4221,0.1825,0.1950,0.9407,228
02422500,ifs,11,-3.1334,-0.2627,0.1397,1.2605,221
02427250,ifs,11,-0.3934,0.0092,0.0617,1.0771,238
02430085,ifs,11,-0.8337,0.0994,0.1547,1.3048,238
02450250,ifs,11,-0.2079,0.0987,0.1693,1.0548,236
02464000,ifs,11,-0.3630,0.1744,0.1932,1.0168,238
02465493,ifs,11,-1.1742,0.1346,0.2090,1.2005,235
02469800,ifs,11,-0.0062,0.0179,0.3174,0.5460,236
02472000,ifs,11,0.0017,-0.0792,0.2523,0.5531,238
02472500,ifs,11,-0.1164,0.0356,0.2676,0.5332,238
02479155,ifs,11,-0.0000,-0.2493,0.1575,0.5108,238
02479300,ifs,11,-0.0235,-0.3502,0.1605,0.3554,238
02481000,ifs,11,-0.0294,-0.4192,0.1683,0.2196,238
02481510,ifs,11,-0.0197,-0.3340,0.2755,0.2747,238
03010655,ifs,11,0.0689,0.3687,0.4957,0.6857,209
03011800,ifs,11,-0.1318,0.3178,0.3697,0.7957,238
03015500,ifs,11,-0.4411,0.3717,0.3954,0.9677,238
03021350,ifs,11,-0.4096,0.3000,0.3371,0.7791,236
03026500,ifs,11,-0.0982,0.3734,0.3993,0.8590,238
03028000,ifs,11,-0.2347,0.3821,0.4502,0.7186,236
03049800,ifs,11,-0.1513,-0.0828,0.1234,0.6548,236
03050000,ifs,11,-0.0873,0.2486,0.3165,0.8356,236
03066000,ifs,11,0.0088,0.3111,0.3960,0.7934,238
03069500,ifs,11,-0.0276,0.2390,0.3566,0.7354,236
03070500,ifs,11,-0.3806,0.4127,0.4871,1.1025,236
03076600,ifs,11,-0.0363,0.1046,0.3337,0.6039,238
03078000,ifs,11,-0.1276,0.0222,0.2058,0.6551,238
03140000,ifs,11,-0.4508,0.0928,0.1161,1.0253,236
03144000,ifs,11,-1.1047,0.1069,0.1297,1.0700,238
03159540,ifs,11,-0.1781,0.1877,0.2441,0.8800,238
03161000,ifs,11,-1.4334,0.0922,0.4383,0.9823,238
03164000,ifs,11,-0.8477,0.2781,0.3935,0.9131,238
03165000,ifs,11,-1.7882,-0.0370,0.0305,1.0038,221
03170000,ifs,11,-0.6094,0.2705,0.2811,0.9376,238
03173000,ifs,11,-0.7001,0.2816,0.3118,0.9746,236
03180500,ifs,11,0.2300,0.3381,0.5081,0.7867,222
03182500,ifs,11,0.2637,0.4681,0.5535,0.8682,236
03186500,ifs,11,0.0287,0.4218,0.4448,0.9325,236
03187500,ifs,11,-0.1360,0.4610,0.4681,0.9385,235
03213700,ifs,11,-0.7213,0.2963,0.4099,1.2055,238
03237280,ifs,11,-0.3204,0.1365,0.1789,0.8649,238
03237500,ifs,11,-0.5486,0.2218,0.2423,1.1767,236
03241500,ifs,11,-0.2264,0.1501,0.2225,0.7815,225
03280700,ifs,11,-1.2580,0.1628,0.3714,1.0041,213
03281100,ifs,11,-2.1199,-0.0934,0.3891,1.1643,236
03281500,ifs,11,-1.5104,0.0923,0.3604,1.0718,223
03285000,ifs,11,-1.7919,-0.3248,0.2092,1.9441,235
03291780,ifs,11,-0.2070,-0.0135,0.0903,0.9719,238
03300400,ifs,11,-0.5065,0.0152,0.0519,1.1229,238
03340800,ifs,11,-1.4203,0.0042,0.0292,1.0117,190
03346000,ifs,11,-1.8826,-0.0540,0.0444,0.8407,238
03364500,ifs,11,0.0456,0.0220,0.2966,0.6184,238
03366500,ifs,11,-0.1990,0.0869,0.1753,0.8236,238
03368000,ifs,11,0.0561,0.0874,0.3125,0.6818,238
03384450,ifs,11,0.2395,0.2279,0.4927,0.7720,238
03439000,ifs,11,-0.2962,-0.2583,-0.0361,0.6673,236
03450000,ifs,11,-0.2906,-0.1293,0.0076,0.7959,238
03455500,ifs,11,-1.8026,-0.0480,0.0336,0.7782,236
03456500,ifs,11,-1.4243,-0.0560,-0.0380,0.8707,236
03460000,ifs,11,-1.3458,0.1533,0.2486,0.6677,238
03463300,ifs,11,-1.7257,0.0130,0.1117,0.9924,238
03471500,ifs,11,-2.4003,-0.1287,0.3271,0.8396,236
03473000,ifs,11,-0.9924,0.2249,0.3279,0.8183,238
03479000,ifs,11,-1.6067,0.0740,0.2449,1.0249,236
03488000,ifs,11,-2.2644,-0.0814,0.2263,0.8606,238
03498500,ifs,11,-1.1052,0.1307,0.1720,0.8496,238
03500000,ifs,11,-0.5818,0.3032,0.3250,0.8288,236
03504000,ifs,11,-0.8108,0.1923,0.2052,0.8614,236
03574500,ifs,11,-0.0323,0.0459,0.2616,0.6440,238
03604000,ifs,11,-0.3481,-0.0738,0.0178,0.8441,236
04015330,ifs,11,0.1535,0.2002,0.4216,0.6915,197
04024430,ifs,11,0.2865,0.4960,0.5900,0.7853,238
04027000,ifs,11,0.2828,0.4580,0.5684,0.8072,238
04040500,ifs,11,0.8088,0.8121,0.9012,0.9572,238
04043050,ifs,11,0.7910,0.8182,0.8910,0.9162,182
04045500,ifs,11,0.8641,0.8217,0.9439,0.8322,234
04056500,ifs,11,0.5813,0.4925,0.8335,0.7313,229
04057510,ifs,11,0.8462,0.7077,0.9453,0.8051,158
04057800,ifs,11,0.7792,0.6194,0.9087,0.7321,238
04059500,ifs,11,0.8224,0.7960,0.9118,1.0260,238
04063700,ifs,11,0.6310,0.4446,0.8757,0.6463,238
04074950,ifs,11,0.5711,0.5355,0.8334,0.7776,238
04105700,ifs,11,0.2798,0.4248,0.5526,0.9325,238
04115265,ifs,11,0.2061,0.2371,0.4562,0.9519,238
04122200,ifs,11,0.2441,0.3066,0.5270,0.8476,238
04122500,ifs,11,0.5733,0.6015,0.7774,0.9136,236
04124000,ifs,11,0.6153,0.6133,0.7937,0.9975,238
04127997,ifs,11,0.2756,0.3657,0.5479,0.9069,201
04185000,ifs,11,0.2195,0.4600,0.5292,0.8813,215
04196800,ifs,11,-0.3981,0.1310,0.1670,0.8344,238
04197100,ifs,11,-0.5477,0.0760,0.0998,1.1394,238
04197170,ifs,11,-0.4209,0.0055,0.0536,0.9230,238
04213000,ifs,11,-0.7825,0.2582,0.3010,1.0853,236
04213075,ifs,11,-0.2774,0.1647,0.2011,0.9418,234
04216418,ifs,11,-0.0667,0.3843,0.3978,0.9917,238
04221000,ifs,11,-0.1618,0.0681,0.3099,0.5348,238
04224775,ifs,11,-0.0496,0.0188,0.3051,0.5488,236
04256000,ifs,11,0.5959,0.7555,0.8153,1.1510,236
04296000,ifs,11,0.2701,0.5475,0.5926,0.8696,236
05057000,ifs,11,-1.3601,0.1702,0.2964,0.5672,160
05057200,ifs,11,-7.1532,-1.0519,0.2098,1.3392,237
05062500,ifs,11,0.3547,0.6625,0.6688,1.0573,199
05087500,ifs,11,-0.0430,0.4578,0.4928,1.1909,238
05120500,ifs,11,-10.3062,-1.4952,-0.0466,3.2179,210
05123400,ifs,11,-0.3916,-0.6523,-0.0184,0.1576,238
05129115,ifs,11,-0.8290,-0.6726,0.0885,0.0011,238
05131500,ifs,11,-0.4033,0.1478,0.2348,0.6505,142
05291000,ifs,11,-1.4538,0.1091,0.2542,1.0373,238
05362000,ifs,11,-0.2703,0.4393,0.5918,1.0692,237
05393500,ifs,11,0.0686,0.5666,0.6396,1.0977,238
05399500,ifs,11,-0.0636,0.4974,0.5783,1.1811,236
05408000,ifs,11,0.1114,0.2532,0.4034,0.8701,237
05412500,ifs,11,-0.1684,0.2594,0.3419,0.7377,238
05413500,ifs,11,-1.0010,0.1151,0.1354,0.8307,208
05414000,ifs,11,-0.2095,0.0812,0.3551,0.6251,204
05444000,ifs,11,-3.1022,-0.2555,0.1047,0.7999,236
05454000,ifs,11,0.0094,0.2482,0.4055,0.6586,238
05458000,ifs,11,-0.3465,0.0549,0.1150,0.8449,238
05466500,ifs,11,-0.1331,-0.0247,0.1320,0.7838,236
05487980,ifs,11,-0.4577,-0.0294,0.0268,0.8449,236
05488200,ifs,11,-0.1852,-0.1806,0.0707,0.4938,236
05489000,ifs,11,-0.1425,-0.1773,0.0713,0.5492,236
05495000,ifs,11,-1.6705,-0.1223,0.1048,1.5606,236
05495500,ifs,11,-0.1882,-0.0852,0.1133,0.5761,232
05501000,ifs,11,-0.3393,-0.1223,-0.0005,0.7171,236
05503800,ifs,11,-0.9758,-0.0067,-0.0015,1.1013,238
05507600,ifs,11,-6.8997,-1.3901,0.1121,2.4136,238
05508805,ifs,11,-7.4036,-1.4437,0.2022,2.3429,236
05514500,ifs,11,-1.7961,-0.0826,0.1731,1.4748,236
05525500,ifs,11,-0.5708,0.0529,0.0742,1.1073,236
05556500,ifs,11,-0.1852,-0.1205,0.1446,0.4982,238
05584500,ifs,11,-0.2591,0.0081,0.1446,0.6502,236
05585000,ifs,11,-0.2634,0.0773,0.1975,0.6533,238
05591550,ifs,11,-0.3816,0.1172,0.1465,0.9476,236
05592050,ifs,11,-0.2830,0.2018,0.2265,0.9762,222
05592575,ifs,11,-0.3072,0.0374,0.1209,0.7686,236
05593575,ifs,11,-2.0148,-0.5769,0.2549,2.2211,238
05593900,ifs,11,-0.6864,0.1240,0.1319,1.1136,236
05595730,ifs,11,-2.0615,-0.4023,0.2537,1.9684,238
06037500,ifs,11,-2.2983,0.3625,0.8404,1.2866,238
06043500,ifs,11,0.4618,0.4321,0.9622,1.3200,238
06154410,ifs,11,-0.1641,-0.0911,0.1131,0.6694,238
06188000,ifs,11,0.8672,0.9220,0.9376,0.9999,238
06191500,ifs,11,0.7909,0.7159,0.9524,1.1250,238
06221400,ifs,11,0.8048,0.8316,0.9235,1.0815,238
06224000,ifs,11,0.6917,0.8249,0.8571,1.0941,238
06289000,ifs,11,0.0586,0.5752,0.6227,0.9493,238
06332515,ifs,11,-19.0471,-3.4998,0.2634,3.7132,118
06339100,ifs,11,-33.9968,-5.1063,0.4445,4.3029,174
06339500,ifs,11,-6.2284,-0.8738,0.1826,0.8924,167
06344600,ifs,11,-97.6704,-9.2985,0.2248,6.7894,177
06350000,ifs,11,-50.3168,-5.6320,0.3064,3.9500,238
06352000,ifs,11,-0.0738,-0.1621,0.1653,1.3511,237
06353000,ifs,11,-0.5085,-0.0187,0.0253,0.8724,236
06354000,ifs,11,-3.8929,-0.4870,0.3236,0.9125,173
06360500,ifs,11,-3.6359,-0.5009,0.1349,1.7593,139
06404000,ifs,11,-80.1333,-6.9466,-0.0620,2.5646,205
06406000,ifs,11,-189.6194,-4.7754,0.4424,5.8691,180
06408700,ifs,11,-1661.0359,-4.1183,0.1791,1.5135,238
06409000,ifs,11,-1.7448,0.6147,0.7830,1.2702,193
06431500,ifs,11,-4.6663,-0.2438,0.2973,1.1312,227
06440200,ifs,11,-0.5483,-0.1488,0.0141,0.4710,160
06441500,ifs,11,-57.4800,-6.5667,-0.0058,5.0062,177
06447000,ifs,11,-0.5166,-0.1071,-0.0328,0.7607,140
06447500,ifs,11,0.0037,0.0356,0.3814,0.7342,238
06450500,ifs,11,0.0440,-0.1247,0.3165,1.0485,208
06452000,ifs,11,-0.0027,-0.3549,0.0158,1.0146,175
06453600,ifs,11,-3.2157,-0.4906,0.0239,1.9342,235
06464500,ifs,11,-1.9642,-0.0672,0.0238,1.1963,175
06477500,ifs,11,-520.8320,-22.2586,0.0969,10.0859,237
06479215,ifs,11,-0.1155,-0.0261,0.1584,0.7081,238
06479438,ifs,11,-0.1580,-0.4708,-0.0150,0.2922,238
06601000,ifs,11,-1.3178,-0.0088,0.0028,0.9734,238
06614800,ifs,11,0.7530,0.5809,0.9343,1.3788,238
06622700,ifs,11,-0.4507,0.0981,0.7486,1.6578,238
06623800,ifs,11,0.8268,0.9104,0.9167,1.0024,238
06632400,ifs,11,-0.3513,0.3025,0.4625,1.4191,238
06784000,ifs,11,-1.1894,-0.1616,-0.0197,1.3300,238
06803510,ifs,11,-0.2792,-0.1259,-0.0074,0.8511,238
06803530,ifs,11,-0.1971,-0.1918,-0.0313,0.8938,238
06814000,ifs,11,-0.4698,-0.0760,0.0202,0.6711,238
06846500,ifs,11,-0.0096,-0.4721,-0.0597,1.3786,238
06847900,ifs,11,-0.0239,-0.3175,0.0506,1.3127,238
06853800,ifs,11,-3.8413,-0.6624,-0.0429,2.0214,238
06876700,ifs,11,-0.0767,-0.4253,0.1898,0.2187,238
06878000,ifs,11,-0.7514,0.0386,0.0689,0.7692,238
06879650,ifs,11,-0.1590,-0.1588,0.1035,0.4840,237
06885500,ifs,11,-0.1536,-0.2592,0.0524,0.4271,238
06888500,ifs,11,-0.1494,-0.2074,0.0717,0.4731,238
06889200,ifs,11,-0.0928,-0.1910,0.0875,0.5527,238
06889500,ifs,11,-0.7950,0.0615,0.0671,0.9049,238
06892000,ifs,11,-0.3194,0.2165,0.2793,0.7097,238
06903400,ifs,11,-0.1126,-0.3743,0.0327,0.3212,238
06906800,ifs,11,-0.2151,-0.0382,0.1159,0.6520,238
06910800,ifs,11,-1.1069,0.0288,0.0360,0.9222,238
06911900,ifs,11,-1.8796,-0.0496,0.0309,0.9713,238
06917000,ifs,11,-0.3734,0.1672,0.2244,0.7275,238
06918460,ifs,11,-0.0577,0.2587,0.3163,0.9969,238
06919500,ifs,11,-0.3119,0.2280,0.2779,0.7502,238
06921070,ifs,11,-0.2662,0.1002,0.1733,0.7937,238
06921200,ifs,11,-0.1037,-0.2542,0.1059,0.3895,238
06934000,ifs,11,-0.7038,0.2511,0.2943,0.8137,237
07014500,ifs,11,-0.3073,-0.0574,0.0519,0.7631,238
07056000,ifs,11,-0.3056,0.2920,0.2967,1.0293,238
07057500,ifs,11,-0.0268,0.1982,0.3102,0.8578,230
07060710,ifs,11,-0.0001,-0.3940,0.0278,1.0504,238
07066000,ifs,11,-0.3326,0.2283,0.2423,0.9435,238
07067000,ifs,11,-0.5887,0.2491,0.3174,0.6885,238
07068000,ifs,11,-0.6637,0.2576,0.2755,0.8821,237
07071500,ifs,11,-0.6838,0.3518,0.4215,0.8588,238
07083000,ifs,11,-2.4977,-0.6060,0.8349,1.9617,238
07142300,ifs,11,-8.3054,-5.0014,-0.1086,6.8356,238
07145700,ifs,11,0.0069,-0.4604,0.2083,0.1822,238
07148400,ifs,11,-5.8821,-0.9170,0.4564,1.6544,238
07149000,ifs,11,-0.7018,0.2351,0.5604,1.5501,238
07151500,ifs,11,0.0095,-0.3103,0.1719,0.4560,238
07167500,ifs,11,-0.0850,-0.3932,0.0524,1.7587,238
07180500,ifs,11,-0.6364,-0.0008,0.0167,0.9811,238
07184000,ifs,11,-0.0058,-0.1346,0.2073,0.4739,236
07195800,ifs,11,-1.1076,0.1464,0.1855,0.9732,236
07196900,ifs,11,-0.2607,0.1234,0.1814,1.1418,237
07197000,ifs,11,-1.1963,0.1477,0.3068,1.2435,238
07208500,ifs,11,-0.2264,0.3885,0.7081,1.1357,238
07226500,ifs,11,-0.0228,-0.4265,0.0139,0.4261,236
07261000,ifs,11,-1.2267,-0.2585,0.2997,1.9903,236
07263295,ifs,11,-5.7524,-2.8694,0.0067,4.5289,236
07290650,ifs,11,-0.2116,-0.0597,0.1323,0.5978,238
07291000,ifs,11,-0.2807,-0.3811,-0.0051,0.3291,238
07292500,ifs,11,-0.0361,-0.0609,0.1826,0.7158,238
07295000,ifs,11,-0.1047,-0.2448,0.0496,0.5578,238
07299670,ifs,11,-3.8944,-1.2586,0.0498,2.8138,228
07301410,ifs,11,-0.3912,-0.1934,-0.0760,0.8054,227
07301500,ifs,11,-0.1810,-0.5673,0.0405,1.7707,200
07315200,ifs,11,-40.3287,-6.5294,-0.0397,6.3458,161
07315700,ifs,11,-55.1803,-9.8771,0.0054,9.9536,218
07335700,ifs,11,-0.3795,0.0019,0.0878,0.7292,229
07340300,ifs,11,-2.0848,-0.0903,0.2799,1.3617,238
07346045,ifs,11,-10.7705,-1.6048,0.1891,1.2806,238
07359610,ifs,11,-6.3746,-1.2141,0.1346,2.3208,238
07362100,ifs,11,-6.0216,-1.2745,0.1814,2.5891,238
07362587,ifs,11,-2.7097,-1.3056,0.0491,3.0177,236
07373000,ifs,11,-1.1857,0.0992,0.1866,0.7256,234
07375000,ifs,11,-0.0295,-0.2914,0.1965,0.3650,238
07376000,ifs,11,-0.5443,0.0573,0.1309,0.6677,238
08013000,ifs,11,-0.0473,0.1205,0.2930,0.6602,238
08014500,ifs,11,-0.2280,-0.1315,0.0786,0.5900,238
08023080,ifs,11,-1.1263,-0.7605,-0.0489,2.4128,238
08025500,ifs,11,-0.2469,-0.1368,-0.0081,0.8842,238
08029500,ifs,11,-0.5328,0.0432,0.0903,1.2285,238
08050800,ifs,11,-1.7636,-0.0595,0.0358,1.2474,237
08066200,ifs,11,-0.0980,-0.2805,0.0271,0.5111,238
08066300,ifs,11,-0.0739,-0.4988,-0.0291,0.2736,238
08070000,ifs,11,-5.8964,-0.9525,0.1214,1.8811,238
08070200,ifs,11,-1.7188,0.0075,0.1150,1.1343,238
08079600,ifs,11,-24.3932,-8.2835,-0.0263,9.4382,194
08082700,ifs,11,-18.2307,-3.7444,-0.0159,4.3230,224
08086212,ifs,11,-0.0486,-0.7437,0.2443,2.5048,238
08086290,ifs,11,-2.7363,-4.3220,0.1773,6.1990,238
08101000,ifs,11,-45.9438,-5.7528,0.1453,4.4458,238
08103900,ifs,11,-0.2472,0.3458,0.3606,1.1359,238
08104900,ifs,11,-1.1113,-0.0365,0.0216,0.6647,238
08109700,ifs,11,-9.6459,-2.0075,0.0635,2.9062,222
08150800,ifs,11,-0.1100,-0.2567,-0.0083,0.6796,238
08155200,ifs,11,-26.0333,-4.3351,0.0100,4.3740,238
08158700,ifs,11,-30.4257,-13.4031,0.0338,14.7591,238
08158810,ifs,11,-6.1476,-0.8733,0.0210,1.5693,238
08164000,ifs,11,-8.2400,-1.9640,0.1101,3.0711,238
08164300,ifs,11,-1.2046,-0.1134,-0.0023,1.4760,235
08164600,ifs,11,-20.2597,-7.2139,0.1633,8.3899,238
08165300,ifs,11,-0.0226,-0.3670,-0.0352,0.8660,238
08171300,ifs,11,-167.7010,-44.6821,-0.0257,45.2956,238
08175000,ifs,11,-2.0703,-0.0511,0.1122,0.9080,238
08176900,ifs,11,-99.8773,-13.6526,0.1360,12.6454,238
08178880,ifs,11,-0.0612,-0.5092,0.0295,0.2194,238
08189500,ifs,11,-1.8773,-0.0899,0.2055,1.4639,238
08190000,ifs,11,-0.0317,-0.3952,-0.0271,0.6090,238
08190500,ifs,11,-1.4785,-0.4610,0.3419,2.1841,232
08194200,ifs,11,-0.1598,-0.2469,0.0514,0.4149,238
08195000,ifs,11,-0.0196,-0.4565,-0.0122,0.4689,238
08196000,ifs,11,-0.1828,-0.0488,0.1458,1.4408,226
08198500,ifs,11,-0.0228,-0.5056,-0.0100,0.3210,238
08200000,ifs,11,-0.0632,-0.4259,0.0395,0.2791,238
08202700,ifs,11,-0.0857,-0.3534,0.0309,0.3478,237
08267500,ifs,11,-24.6898,-2.4526,0.6959,2.7394,238
08269000,ifs,11,-6.9233,-0.9743,0.5853,1.8013,238
08271000,ifs,11,-52.6888,-4.5631,0.7734,2.6221,238
08324000,ifs,11,-0.3152,0.4217,0.6202,1.2274,238
08377900,ifs,11,-4.3618,-0.5094,0.4302,1.4027,238
08378500,ifs,11,-5.6749,-0.9133,0.5972,1.3268,230
08380500,ifs,11,-3.4129,-0.2642,0.4472,1.8501,238
09034900,ifs,11,0.0930,0.1740,0.8808,1.6016,234
09035900,ifs,11,0.5182,0.7174,0.8217,1.1131,204
09047700,ifs,11,-5.1449,-1.0122,0.8723,1.4596,236
09065500,ifs,11,0.7024,0.6077,0.9435,1.1622,238
09066000,ifs,11,-1.0932,0.1186,0.5748,1.1945,238
09066200,ifs,11,0.6990,0.6077,0.9325,1.2495,238
09066300,ifs,11,-0.4889,-0.0528,0.7912,1.8313,238
09081600,ifs,11,0.0776,0.5801,0.6214,1.0494,238
09107000,ifs,11,-1.3180,-0.0236,0.6830,1.3040,237
09210500,ifs,11,-1.4489,0.0886,0.7344,1.5497,211
09223000,ifs,11,-3.0124,-0.5937,0.8737,2.0068,177
09306242,ifs,11,-451.9491,-4.1196,0.8577,5.9696,236
09312600,ifs,11,-2.2742,-0.6555,0.4650,2.4258,238
09352900,ifs,11,-0.8409,0.2099,0.5604,1.3825,208
09378170,ifs,11,0.2432,0.2586,0.5332,1.3335,238
09378630,ifs,11,,,,,238
09386900,ifs,11,-90.1043,-7.9485,-0.0228,4.1590,238
09404450,ifs,11,0.6583,0.8103,0.8269,0.9456,238
09430500,ifs,11,-1.4509,-0.0412,0.2701,0.2818,238
09430600,ifs,11,-0.0071,-0.0369,0.4859,0.2995,238
09447800,ifs,11,-2.3771,-0.6372,0.0671,2.0614,238
09480000,ifs,11,-0.4542,-3.9923,0.0928,5.8959,238
09484000,ifs,11,-1.4003,-1.0129,0.0862,2.7845,213
09484600,ifs,11,-1.4715,-1.7838,0.0800,3.6186,237
09492400,ifs,11,-1.4257,0.0714,0.7320,1.7125,236
09494000,ifs,11,-0.5217,0.3717,0.5052,1.1293,238
09497800,ifs,11,-0.1404,-0.6442,-0.2356,1.6238,238
09497980,ifs,11,-0.2394,0.0504,0.1282,0.9203,210
09505200,ifs,11,0.3261,0.3756,0.5717,0.9921,238
09505350,ifs,11,0.1901,0.1340,0.4509,0.9008,238
09505800,ifs,11,0.4889,0.4750,0.7167,0.9323,238
09508300,ifs,11,-0.1729,0.1397,0.2535,0.6688,238
09510200,ifs,11,-2.7926,-1.3887,0.1003,3.1024,219
09512280,ifs,11,-0.0629,-0.9816,-0.0836,2.4025,238
09513780,ifs,11,-30.3792,-9.3041,0.0106,10.5507,237
10023000,ifs,11,-14.3330,-0.6389,0.0668,2.2068,238
10166430,ifs,11,-13590.6731,-91.0914,0.5476,72.9724,238
10172700,ifs,11,-31.0548,-0.3551,0.6223,2.0396,238
10172800,ifs,11,-10.1194,-0.9004,0.7943,2.3778,238
10173450,ifs,11,-0.5253,0.3511,0.3850,1.0268,238
10205030,ifs,11,-201.1570,-10.1402,-0.0206,2.3975,238
10234500,ifs,11,-0.1172,-0.2708,-0.0451,0.8802,234
10242000,ifs,11,-29.7872,-3.7424,0.4107,4.4935,238
10244950,ifs,11,-37.6048,-1.5546,0.7192,1.5649,238
10249300,ifs,11,-46.3287,-4.6592,0.4995,4.3582,237
10258000,ifs,11,,,,,66
10258500,ifs,11,0.1641,-0.0101,0.4475,0.5734,238
10259000,ifs,11,0.7488,0.7053,0.8858,1.0817,238
10259200,ifs,11,-7.3800,-4.8415,0.5315,6.4462,238
10263500,ifs,11,-0.2057,0.2281,0.8354,1.2406,238
10310500,ifs,11,-2.3460,-0.0478,0.8415,1.8016,238
10316500,ifs,11,-0.3121,0.3374,0.6854,1.2328,238
10329500,ifs,11,0.3311,0.4825,0.8712,1.1984,238
10336645,ifs,11,0.2783,0.6040,0.7238,1.2073,224
10336660,ifs,11,0.4392,0.7237,0.7331,1.0577,238
10343500,ifs,11,0.0469,0.5512,0.5874,0.8687,238
10348850,ifs,11,-2.3737,-0.0169,0.8146,1.7332,238
10396000,ifs,11,0.3429,0.6777,0.7584,1.1812,238
11098000,ifs,11,-0.1685,0.3777,0.4042,1.1774,238
11124500,ifs,11,-3.6412,-1.1373,0.8487,2.4583,238
11141280,ifs,11,-0.0311,0.1344,0.2553,1.0650,238
11143000,ifs,11,-0.0566,0.4737,0.5127,1.1871,238
11148900,ifs,11,0.0130,-0.0348,0.2630,0.5049,238
11151300,ifs,11,-0.1943,-0.1393,0.0060,0.9360,238
11162500,ifs,11,-0.0257,0.2825,0.3840,0.7081,238
11176400,ifs,11,-0.7817,0.0731,0.0859,0.8490,144
11180500,ifs,11,-7.2116,-2.0714,0.3463,3.2218,238
11180960,ifs,11,-18.1246,-3.0883,0.1595,3.1771,238
11224500,ifs,11,-0.1134,-0.4221,0.0081,0.2415,238
11253310,ifs,11,-0.1826,-0.1927,0.0683,0.4685,238
11264500,ifs,11,-1.0757,0.1457,0.1778,1.0339,238
11266500,ifs,11,-0.9031,0.2280,0.2910,1.1408,238
11274500,ifs,11,-1.7780,-0.0943,0.0978,1.4427,238
11274630,ifs,11,-1.2511,0.0623,0.0997,1.1394,238
11284400,ifs,11,0.0301,-0.1655,0.2907,0.2943,238
11299600,ifs,11,-0.0771,0.0480,0.1998,0.7698,235
11381500,ifs,11,0.3431,0.3639,0.5910,0.9928,238
11383500,ifs,11,0.4353,0.4911,0.6621,1.0532,238
11451100,ifs,11,-0.4002,0.3863,0.5069,1.2030,106
11468500,ifs,11,0.2002,0.2065,0.4480,0.9354,238
11473900,ifs,11,0.2047,0.2261,0.4529,0.9387,238
11475560,ifs,11,0.2251,0.3201,0.4820,0.9371,238
11476600,ifs,11,0.1957,0.4920,0.6050,1.3194,237
11478500,ifs,11,-0.1421,0.1290,0.2957,1.4512,238
11480390,ifs,11,0.1711,0.1560,0.4145,0.9208,238
11481200,ifs,11,-0.1829,0.2999,0.3981,1.3560,238
11482500,ifs,11,-0.0181,0.3245,0.5827,1.5174,238
11522500,ifs,11,0.0708,0.3521,0.6253,1.5236,238
11523200,ifs,11,-0.3565,0.1488,0.6558,1.7070,238
11528700,ifs,11,0.3682,0.4006,0.6113,1.1089,238
11532500,ifs,11,0.1454,0.4450,0.4963,1.1327,238
12010000,ifs,11,0.2830,0.4585,0.5997,0.7119,238
12013500,ifs,11,0.3141,0.6317,0.6516,0.8834,238
12020000,ifs,11,0.1776,0.2191,0.5036,0.5719,238
12025000,ifs,11,0.3630,0.6465,0.6576,1.0359,238
12025700,ifs,11,0.2260,0.5050,0.5612,0.8413,238
12035000,ifs,11,0.2661,0.6309,0.6573,0.8715,238
12040500,ifs,11,-0.1861,0.4792,0.5386,0.9118,238
12041200,ifs,11,-0.6300,0.2728,0.6118,0.9215,238
12043000,ifs,11,-0.1024,0.5040,0.5766,0.8787,238
12048000,ifs,11,-0.1518,0.4403,0.7327,1.2804,238
12054000,ifs,11,-0.8417,0.1675,0.6315,1.3557,238
12056500,ifs,11,-0.6256,0.2902,0.5920,0.9487,238
12073500,ifs,11,-0.1692,0.4917,0.5397,1.1099,237
12082500,ifs,11,0.2202,0.2961,0.4731,0.9983,232
12092000,ifs,11,0.0544,0.2292,0.3451,0.9704,238
12095000,ifs,11,0.5273,0.5179,0.7438,0.8497,238
12114500,ifs,11,0.4166,0.3699,0.6859,0.9974,238
12115000,ifs,11,0.4064,0.3683,0.6718,0.9728,238
12115500,ifs,11,0.2997,0.3247,0.5589,0.8242,238
12117000,ifs,11,0.5273,0.5360,0.7374,0.9495,238
12141300,ifs,11,0.1760,0.2790,0.4388,1.0823,238
12143600,ifs,11,0.2528,0.3336,0.5177,1.1746,234
12144000,ifs,11,0.3376,0.4366,0.5824,0.9928,237
12145500,ifs,11,0.4922,0.4862,0.7226,0.7718,238
12147600,ifs,11,0.0352,0.3264,0.3861,0.9789,238
12167000,ifs,11,0.2441,0.4763,0.5540,1.1605,238
12175500,ifs,11,-0.1622,0.4814,0.5212,1.1364,238
12186000,ifs,11,-0.1373,0.3370,0.3703,1.1637,235
12189500,ifs,11,-0.0857,0.3674,0.4223,1.2258,237
12358500,ifs,11,0.6166,0.8097,0.8231,1.0089,238
12377150,ifs,11,0.5136,0.7527,0.7621,0.9337,238
12381400,ifs,11,0.3901,0.5399,0.8593,1.2056,205
12390700,ifs,11,0.4128,0.6188,0.6916,1.1733,238
12411000,ifs,11,0.7665,0.7267,0.8902,1.1604,227
12414500,ifs,11,0.6428,0.6694,0.8146,0.8968,238
12447390,ifs,11,-0.2018,-0.2389,0.2255,0.3620,238
12451000,ifs,11,0.4261,0.6676,0.7847,1.2176,238
12488500,ifs,11,0.5268,0.6958,0.7605,1.1523,238
13011500,ifs,11,0.6941,0.5915,0.9302,1.3197,238
13011900,ifs,11,0.8033,0.8208,0.9269,0.9751,238
13018300,ifs,11,-0.3370,0.0323,0.9406,1.4798,238
13023000,ifs,11,0.4530,0.7233,0.7810,0.9354,196
13161500,ifs,11,0.5767,0.6833,0.7886,0.8091,238
13235000,ifs,11,0.5839,0.6535,0.7812,0.8884,236
13240000,ifs,11,0.7943,0.8735,0.8922,0.9978,159
13310700,ifs,11,0.5895,0.5157,0.8918,0.6790,238
13313000,ifs,11,0.7000,0.4973,0.9539,0.6495,238
13331500,ifs,11,0.3789,0.4679,0.8926,1.2641,238
13337000,ifs,11,0.6433,0.6797,0.8382,0.8132,238
13338500,ifs,11,0.6960,0.8405,0.8532,1.0598,238
13340000,ifs,11,0.4790,0.6148,0.7494,0.7849,238
13340600,ifs,11,0.5460,0.5856,0.8636,0.6885,238
14020000,ifs,11,0.1882,0.1049,0.5357,0.6228,238
14092750,ifs,11,0.3178,0.5284,0.6006,0.9105,238
14096850,ifs,11,-1.5549,0.3197,0.6390,0.4606,238
14137000,ifs,11,0.3138,0.3634,0.5607,0.9873,233
14138800,ifs,11,0.1594,0.2464,0.4190,0.8833,238
14138870,ifs,11,0.2494,0.3627,0.5219,0.8231,238
14138900,ifs,11,0.1438,0.2236,0.4021,0.8856,238
14139800,ifs,11,0.2945,0.3957,0.5600,0.8049,236
14141500,ifs,11,0.2950,0.4447,0.5613,0.8819,238
14154500,ifs,11,0.1321,0.5112,0.5301,1.1008,238
14158500,ifs,11,0.7444,0.7153,0.8951,1.0856,223
14158790,ifs,11,0.4167,0.5352,0.6479,1.0358,234
14166500,ifs,11,0.3090,0.3382,0.5600,0.9021,238
14182500,ifs,11,0.1511,0.2173,0.4328,0.7328,238
14185000,ifs,11,0.2822,0.5139,0.5695,0.9834,238
14185900,ifs,11,0.2124,0.3903,0.4966,0.8977,235
14187000,ifs,11,0.3261,0.5202,0.5926,1.0349,237
14216500,ifs,11,0.6326,0.6871,0.7962,1.0151,235
14222500,ifs,11,0.2677,0.4058,0.5291,0.9755,238
14236200,ifs,11,0.3700,0.4734,0.6247,0.8119,237
14301000,ifs,11,0.2833,0.4421,0.5532,0.8782,237
14303200,ifs,11,0.3261,0.3081,0.5919,0.8749,238
14305500,ifs,11,0.3175,0.4533,0.5729,0.9248,236
14306340,ifs,11,0.2831,0.2866,0.5571,0.7396,238
14306500,ifs,11,0.4430,0.5005,0.6709,0.8931,238
14308990,ifs,11,0.3681,0.3464,0.6292,0.9240,238
14309500,ifs,11,0.0565,0.3754,0.4216,0.9503,238
14316700,ifs,11,0.0669,0.4734,0.4957,1.1237,238
14325000,ifs,11,-0.2096,0.4178,0.4200,0.9704,238
14362250,ifs,11,0.2271,0.0928,0.6505,0.5004,148
14400000,ifs,11,0.1513,0.4324,0.4975,0.8300,238
01013500,ifs,12,0.8789,0.8192,0.9459,0.8672,238
01022500,ifs,12,0.4191,0.6110,0.6680,1.0867,238
01030500,ifs,12,0.6362,0.7446,0.8636,1.1255,238
01031500,ifs,12,-0.0112,0.5286,0.5441,1.0720,236
01047000,ifs,12,-0.0671,0.4947,0.4986,1.0173,238
01052500,ifs,12,0.2569,0.3286,0.5306,0.7523,238
01054200,ifs,12,0.2403,0.2493,0.5389,0.5724,238
01055000,ifs,12,-0.0803,0.4090,0.4151,1.0209,236
01057000,ifs,12,0.5205,0.7061,0.7353,0.9737,236
01073000,ifs,12,0.6520,0.7998,0.8347,1.1083,238
01078000,ifs,12,0.2272,0.3588,0.5381,0.7200,236
01118300,ifs,12,0.1790,0.3516,0.4973,0.7669,236
01121000,ifs,12,0.5242,0.6348,0.7321,1.1269,236
01123000,ifs,12,0.4872,0.5139,0.7089,0.8696,238
01134500,ifs,12,0.4471,0.6352,0.6884,0.9060,236
01137500,ifs,12,0.2562,0.4668,0.5613,0.8224,238
01139000,ifs,12,0.3502,0.6469,0.6589,0.9302,234
01139800,ifs,12,0.7063,0.8180,0.8438,1.0311,238
01142500,ifs,12,0.4784,0.6962,0.7250,0.8998,236
01144000,ifs,12,0.5638,0.7738,0.7964,0.9129,238
01169000,ifs,12,-0.0150,0.4545,0.4670,1.1021,236
01170100,ifs,12,0.1183,0.5037,0.5149,0.9770,237
01181000,ifs,12,0.6541,0.6489,0.8172,0.9721,236
01187300,ifs,12,0.4865,0.4572,0.7227,0.9838,238
01195100,ifs,12,0.1830,0.2070,0.4677,0.7585,238
01333000,ifs,12,0.2873,0.4844,0.5690,0.8888,236
01350000,ifs,12,0.0824,0.0081,0.3198,0.6688,235
01350080,ifs,12,0.6093,0.5454,0.8116,0.7483,238
01350140,ifs,12,0.5343,0.5311,0.7704,0.6631,188
01365000,ifs,12,0.1302,0.2775,0.4200,0.8357,236
01411300,ifs,12,-0.1895,0.0441,0.1635,1.2011,229
01413500,ifs,12,0.3180,0.3109,0.6113,0.7315,236
01414500,ifs,12,0.0500,0.0034,0.3630,0.5519,236
01415000,ifs,12,0.2806,0.2049,0.7037,0.5593,193
01423000,ifs,12,0.3747,0.3381,0.7003,0.6804,238
01434025,ifs,12,0.0391,0.3923,0.4971,0.6757,238
01435000,ifs,12,0.0924,0.2360,0.3802,0.8317,237
01439500,ifs,12,0.3206,0.4379,0.6151,0.7907,236
01440000,ifs,12,0.1958,0.3704,0.4847,0.8925,238
01440400,ifs,12,0.1994,0.5026,0.5373,0.9334,212
01451800,ifs,12,-2.0465,-0.0495,0.2472,1.2486,236
01466500,ifs,12,-3.2547,-0.8264,0.8321,0.9967,236
01484100,ifs,12,-0.7509,0.2733,0.4044,1.3142,238
01485500,ifs,12,-3.6538,-0.6278,0.3500,2.0358,233
01486000,ifs,12,-1.9400,-0.1489,0.4081,1.7859,238
01487000,ifs,12,-0.0048,0.5441,0.6392,1.0613,238
01491000,ifs,12,0.3506,0.5155,0.6037,0.9978,238
01510000,ifs,12,0.5337,0.5509,0.7407,0.8601,238
01516500,ifs,12,0.0496,0.0143,0.3681,0.5404,238
01518862,ifs,12,0.1834,0.2199,0.5371,0.5905,238
01532000,ifs,12,-0.0876,0.4719,0.4756,0.9471,236
01539000,ifs,12,-1.5036,0.0950,0.2358,1.0260,220
01542810,ifs,12,-0.0060,0.3030,0.3808,0.8077,236
01543000,ifs,12,-0.2372,0.3547,0.3855,0.8041,238
01543500,ifs,12,-0.0582,0.3674,0.4251,0.7783,236
01544500,ifs,12,0.2086,0.3883,0.5992,0.6357,238
01545600,ifs,12,0.2594,0.3125,0.6134,0.6258,238
01547700,ifs,12,-0.5303,0.0484,0.0781,0.8636,238
01548500,ifs,12,0.1793,0.2541,0.5684,0.5852,236
01549500,ifs,12,0.2163,0.4399,0.5599,0.7427,236
01550000,ifs,12,0.1000,0.3803,0.4902,0.7322,236
01552000,ifs,12,0.0852,0.4344,0.4871,0.8264,238
01552500,ifs,12,-0.3328,0.3752,0.3888,0.8955,238
01557500,ifs,12,-0.2998,0.2638,0.2757,0.9351,238
01567500,ifs,12,-10.7019,-1.5142,0.0511,1.2572,238
01568000,ifs,12,-0.7742,0.2314,0.2680,1.1523,238
01580000,ifs,12,-1.4195,0.0715,0.1334,1.0389,234
01583500,ifs,12,-0.5600,0.1635,0.1705,0.9167,238
01586610,ifs,12,-0.6599,0.1681,0.1757,0.8882,204
01591400,ifs,12,-1.0404,0.1603,0.1950,1.0627,238
01596500,ifs,12,-0.2104,0.1725,0.2468,0.7672,236
01605500,ifs,12,-1.4741,0.0886,0.3724,1.2233,236
01606500,ifs,12,0.0012,0.3373,0.4177,0.7650,211
01613050,ifs,12,-0.5178,0.2322,0.2550,1.1856,238
01620500,ifs,12,0.1743,0.3835,0.5721,0.5879,236
01632000,ifs,12,-0.3270,0.2795,0.2894,0.9055,236
01632900,ifs,12,-0.7148,0.2909,0.3337,1.0005,236
01634500,ifs,12,-0.1067,0.2156,0.2788,0.9128,221
01638480,ifs,12,-2.6438,-0.3744,0.2259,1.9423,233
01639500,ifs,12,-0.1713,0.2795,0.3175,1.1501,238
01644000,ifs,12,-2.4651,-0.3286,0.2871,1.9337,238
01658500,ifs,12,-2.3569,-0.1710,0.1418,1.4507,207
01664000,ifs,12,-0.1173,0.4310,0.4319,0.9725,238
01666500,ifs,12,-0.2811,0.3908,0.4235,1.1817,223
01667500,ifs,12,-0.7452,0.2867,0.3611,1.1486,216
01669000,ifs,12,0.2567,0.5214,0.5657,1.0564,213
01669520,ifs,12,-1.9337,-0.0460,0.4216,1.6634,236
02011400,ifs,12,0.1268,0.5590,0.6004,1.1746,238
02011460,ifs,12,0.0855,0.4263,0.4715,0.8561,238
02013000,ifs,12,-0.3388,0.3209,0.3748,1.2596,238
02014000,ifs,12,-0.9618,0.2202,0.3028,1.1354,237
02015700,ifs,12,0.0689,0.5478,0.5567,1.0782,220
02016000,ifs,12,-0.2018,0.4702,0.5930,1.0439,237
02017500,ifs,12,-0.7234,0.2938,0.4519,1.1961,236
02018000,ifs,12,-0.8012,0.2699,0.4024,1.1920,231
02027000,ifs,12,0.1183,0.5694,0.6412,0.8194,218
02027500,ifs,12,0.4385,0.5165,0.7496,0.6345,221
02028500,ifs,12,-0.1787,0.4711,0.4907,0.9595,213
02038850,ifs,12,-0.0721,0.2147,0.3064,0.8180,236
02046000,ifs,12,-0.2312,0.1846,0.3750,1.5111,228
02051000,ifs,12,-1.0840,0.0169,0.0313,1.1516,238
02051500,ifs,12,-0.0697,0.1797,0.2758,1.1536,236
02053200,ifs,12,-1.6064,-0.0692,0.1305,1.5086,210
02053800,ifs,12,-0.1883,0.2498,0.2843,0.9086,219
02055100,ifs,12,-0.6825,0.2848,0.3614,1.2266,236
02056900,ifs,12,-0.8060,0.2149,0.2319,0.9620,212
02059500,ifs,12,-0.4726,0.3693,0.4116,0.9030,207
02064000,ifs,12,-0.4461,0.1784,0.2038,0.8297,226
02065500,ifs,12,-0.2597,0.2632,0.3513,0.6780,236
02069700,ifs,12,-2.4720,-0.1311,0.1141,1.2838,210
02070000,ifs,12,-0.7073,0.1089,0.1331,1.2007,236
02074500,ifs,12,-3.4093,-0.3277,0.0563,1.3024,238
02077200,ifs,12,-1.4806,0.0703,0.2625,1.2696,233
02081500,ifs,12,-1.4567,-0.2347,-0.0243,1.6720,238
02082950,ifs,12,-3.3966,-0.5171,0.2390,1.8325,238
02092500,ifs,12,-3.7486,-0.9046,0.3014,2.4616,238
02096846,ifs,12,-1.0335,-0.1928,-0.0137,1.6283,238
02102908,ifs,12,-0.2948,0.0384,0.1034,0.9624,238
02108000,ifs,12,0.2219,0.5863,0.6346,1.1917,238
02111180,ifs,12,-0.4296,-0.0065,0.0432,1.0748,238
02111500,ifs,12,-0.6870,0.0769,0.0820,0.9592,236
02118500,ifs,12,-2.4761,-0.1185,0.1474,1.1257,238
02128000,ifs,12,-1.8396,-0.7274,0.0597,2.4160,238
02137727,ifs,12,-0.6917,0.0365,0.0443,1.0014,238
02140991,ifs,12,-1.4397,0.0462,0.1103,1.1910,238
02143000,ifs,12,-3.1315,-0.2115,0.1957,1.2921,238
02143040,ifs,12,-2.0663,-0.0471,0.1099,0.9846,236
02149000,ifs,12,-0.3574,-0.0667,0.0087,1.0122,238
02152100,ifs,12,-0.7419,0.0612,0.0650,1.0411,238
02177000,ifs,12,-0.3156,0.0633,0.1214,1.0701,236
02178400,ifs,12,-0.6120,0.2284,0.2303,0.9660,236
02193340,ifs,12,-3.8994,-0.4468,0.1193,1.3744,238
02196000,ifs,12,-0.1097,-0.2753,0.0391,0.5059,238
02198100,ifs,12,-0.3365,-0.2082,-0.0708,1.2419,237
02202600,ifs,12,-10.6295,-1.6425,0.0441,2.1397,238
02212600,ifs,12,-0.2539,-0.0028,0.0850,0.9309,236
02215100,ifs,12,-0.5519,-0.0939,-0.0157,0.7144,238
02216180,ifs,12,-0.2479,-0.2766,-0.0406,0.5160,236
02221525,ifs,12,-0.0787,0.0810,0.2012,1.0203,236
02231000,ifs,12,-19.8488,-2.6982,0.0594,1.8394,238
02231342,ifs,12,-5.4462,-0.8344,0.1325,1.8874,238
02235200,ifs,12,0.4050,0.5809,0.6668,1.1065,237
02245500,ifs,12,-4.7606,-0.5695,0.1066,1.1830,238
02246000,ifs,12,-2.1316,-0.0569,0.1389,0.8546,236
02296500,ifs,12,-4.8456,-1.1142,0.1268,2.5023,227
02297155,ifs,12,-0.2281,-0.2923,0.0973,0.3070,237
02297310,ifs,12,-1.0730,0.0926,0.1387,0.7740,228
02298123,ifs,12,-0.2103,0.0398,0.2164,0.5668,238
02298608,ifs,12,-1.9292,-0.0222,0.1756,1.2136,238
02299950,ifs,12,-1.1496,0.0542,0.0780,0.8513,238
02300700,ifs,12,0.0286,-0.0605,0.2934,0.5223,238
02310947,ifs,12,-0.7381,-2.0360,-0.2884,3.6567,238
02312200,ifs,12,-19.8896,-4.2071,0.2768,6.1456,238
02314500,ifs,12,-0.2707,-0.3135,-0.0246,0.5888,238
02315500,ifs,12,-0.3384,-0.5424,-0.1868,0.4522,238
02324400,ifs,12,-0.2052,-1.0280,-0.5315,0.1148,238
02327100,ifs,12,-12.9181,-2.0548,0.0699,2.3958,236
02349900,ifs,12,-0.0715,-0.1530,0.0692,0.8383,238
02350900,ifs,12,-0.5942,0.1439,0.2566,0.6171,238
02361000,ifs,12,-0.6511,0.0431,0.1157,0.6766,238
02363000,ifs,12,-0.1479,-0.3345,0.1433,0.3317,236
02369800,ifs,12,-0.0519,-0.4396,0.0117,0.4324,237
02371500,ifs,12,-0.0178,-0.2998,0.0648,0.6924,238
02372250,ifs,12,-0.0201,-0.2646,0.0707,0.7342,236
02374500,ifs,12,-0.1863,-0.2173,-0.0018,0.7075,238
02381600,ifs,12,-0.9863,-0.0290,-0.0155,1.1627,237
02384540,ifs,12,-0.0133,0.2030,0.3351,0.7934,238
02395120,ifs,12,-3.1325,-0.2590,0.1649,1.1734,238
02408540,ifs,12,-0.2108,0.2803,0.2996,0.9412,238
02415000,ifs,12,-0.4184,0.1382,0.1586,0.9441,228
02422500,ifs,12,-1.6333,0.0509,0.3520,1.2908,221
02427250,ifs,12,-0.3633,0.0407,0.0949,1.1147,238
02430085,ifs,12,-1.5972,-0.0153,0.2466,1.4608,238
02450250,ifs,12,-0.8870,0.1871,0.2558,1.2396,236
02464000,ifs,12,-0.2074,0.3324,0.3599,1.1784,238
02465493,ifs,12,-1.0499,0.1873,0.3009,1.2530,235
02469800,ifs,12,-0.0228,0.1145,0.3343,0.5883,236
02472000,ifs,12,0.0198,-0.0561,0.2755,0.5626,238
02472500,ifs,12,-0.1239,-0.0259,0.2295,0.5243,238
02479155,ifs,12,0.0364,-0.1948,0.2384,0.5292,238
02479300,ifs,12,-0.0236,-0.3543,0.1606,0.3546,238
02481000,ifs,12,-0.0046,-0.3780,0.2620,0.2190,238
02481510,ifs,12,-0.0132,-0.3219,0.2981,0.2764,238
03010655,ifs,12,0.1824,0.3668,0.5522,0.6701,209
03011800,ifs,12,0.0684,0.3519,0.4524,0.7794,238
03015500,ifs,12,-0.2228,0.4288,0.4370,0.9434,238
03021350,ifs,12,-0.0227,0.3782,0.4442,0.7495,236
03026500,ifs,12,0.1808,0.4382,0.5138,0.8442,238
03028000,ifs,12,0.0728,0.4372,0.5442,0.7035,236
03049800,ifs,12,-0.2325,-0.2002,0.0007,0.6580,236
03050000,ifs,12,-0.1623,0.2825,0.3134,0.8969,236
03066000,ifs,12,-0.1593,0.3144,0.3485,0.8378,238
03069500,ifs,12,-0.1364,0.2740,0.3305,0.8017,236
03070500,ifs,12,-0.9741,0.2061,0.2781,1.1519,236
03076600,ifs,12,-0.0948,0.0448,0.2760,0.5913,238
03078000,ifs,12,-0.1717,-0.0297,0.1571,0.6429,238
03140000,ifs,12,-0.1342,0.0001,0.1276,0.9416,236
03144000,ifs,12,-0.5536,0.1379,0.1450,1.0515,238
03159540,ifs,12,-0.5919,0.1339,0.1378,0.9843,238
03161000,ifs,12,-0.5122,0.2112,0.2156,0.9306,238
03164000,ifs,12,-0.8203,0.2820,0.3742,0.9165,238
03165000,ifs,12,-0.5085,-0.0044,0.0351,0.9016,221
03170000,ifs,12,-5.0268,-0.6178,0.1001,1.0163,238
03173000,ifs,12,-0.3012,0.4186,0.4344,0.9973,236
03180500,ifs,12,0.2758,0.3368,0.5409,0.7949,222
03182500,ifs,12,0.1871,0.5220,0.5433,0.9449,236
03186500,ifs,12,0.1065,0.5335,0.5360,1.0268,236
03187500,ifs,12,0.0277,0.5599,0.5875,1.0296,235
03213700,ifs,12,-1.1318,0.1733,0.4245,1.2716,238
03237280,ifs,12,-0.2863,0.2018,0.2290,0.9198,238
03237500,ifs,12,-1.1435,0.0808,0.2213,1.3840,236
03241500,ifs,12,-0.1114,0.0630,0.2080,0.7342,225
03280700,ifs,12,-1.5600,0.0753,0.3809,1.0155,213
03281100,ifs,12,-3.2415,-0.3907,0.3740,1.3245,236
03281500,ifs,12,-1.8821,-0.0416,0.4180,1.1711,223
03285000,ifs,12,-2.3158,-0.5491,0.2617,2.1659,235
03291780,ifs,12,-0.2329,0.0403,0.1200,1.0121,238
03300400,ifs,12,-0.4367,0.1277,0.1802,1.2617,238
03340800,ifs,12,-0.7601,-0.0153,-0.0055,0.9590,190
03346000,ifs,12,-0.6970,0.0858,0.1184,0.7624,238
03364500,ifs,12,-0.1046,-0.1538,0.0920,0.6258,238
03366500,ifs,12,-0.2362,0.0614,0.1452,0.8361,238
03368000,ifs,12,-0.1150,0.0566,0.1867,0.7942,238
03384450,ifs,12,-0.2025,-0.0945,0.0452,0.8206,238
03439000,ifs,12,-0.3061,-0.2400,-0.0282,0.6702,236
03450000,ifs,12,-0.1812,-0.2136,-0.0033,0.7809,238
03455500,ifs,12,-0.8023,0.0613,0.1017,0.7387,236
03456500,ifs,12,-0.4617,-0.1186,-0.0252,0.7933,236
03460000,ifs,12,-0.8337,0.1875,0.2884,0.6352,238
03463300,ifs,12,-0.6239,0.0683,0.0789,0.9479,238
03471500,ifs,12,-1.3628,0.1330,0.3831,0.8446,236
03473000,ifs,12,-0.7059,0.2843,0.3372,0.8204,238
03479000,ifs,12,-0.7182,0.2036,0.2085,0.9598,236
03488000,ifs,12,-0.2317,0.3542,0.3801,0.8211,238
03498500,ifs,12,-2.5166,-0.1309,0.2004,0.9306,238
03500000,ifs,12,-0.4955,0.3461,0.3695,0.8289,236
03504000,ifs,12,-0.6519,0.2351,0.2497,0.8526,236
03574500,ifs,12,-0.1002,0.0486,0.2177,0.6836,238
03604000,ifs,12,-1.5728,-0.0156,0.0261,0.9286,236
04015330,ifs,12,0.1386,0.1521,0.3942,0.7081,197
04024430,ifs,12,0.3636,0.5450,0.6379,0.8031,238
04027000,ifs,12,0.3252,0.5021,0.6028,0.8128,238
04040500,ifs,12,0.8262,0.8162,0.9118,0.9723,238
04043050,ifs,12,0.7458,0.8092,0.8653,0.9230,182
04045500,ifs,12,0.8661,0.8235,0.9451,0.8346,234
04056500,ifs,12,0.5781,0.4988,0.8263,0.7351,229
04057510,ifs,12,0.8542,0.7010,0.9526,0.8027,158
04057800,ifs,12,0.7969,0.6082,0.9259,0.7308,238
04059500,ifs,12,0.8291,0.7956,0.9162,1.0258,238
04063700,ifs,12,0.6045,0.4390,0.8545,0.6538,238
04074950,ifs,12,0.5688,0.5339,0.8298,0.7825,238
04105700,ifs,12,0.2405,0.4167,0.5249,0.9372,238
04115265,ifs,12,0.2399,0.3360,0.4953,0.9982,238
04122200,ifs,12,0.2437,0.2907,0.5291,0.8444,238
04122500,ifs,12,0.5390,0.5773,0.7530,0.9155,236
04124000,ifs,12,0.6128,0.6097,0.7924,0.9967,238
04127997,ifs,12,0.2817,0.3331,0.5529,0.9107,201
04185000,ifs,12,0.1456,0.4315,0.4864,0.8945,215
04196800,ifs,12,-0.5066,0.0319,0.0717,0.8305,238
04197100,ifs,12,-0.3906,0.0238,0.0755,1.1029,238
04197170,ifs,12,-0.1839,-0.0223,0.1008,0.8460,238
04213000,ifs,12,-1.0977,0.1840,0.2890,1.1540,236
04213075,ifs,12,-1.9769,-0.0226,0.1450,1.0582,234
04216418,ifs,12,0.2305,0.4566,0.5248,0.9894,238
04221000,ifs,12,-0.0407,0.0816,0.4013,0.5238,238
04224775,ifs,12,-0.0127,-0.0078,0.3338,0.5381,236
04256000,ifs,12,0.5542,0.7542,0.7847,1.1173,236
04296000,ifs,12,0.2970,0.5405,0.6025,0.8527,236
05057000,ifs,12,-1.4421,0.1516,0.2546,0.5953,160
05057200,ifs,12,-8.3519,-1.2385,0.1902,1.3572,237
05062500,ifs,12,0.2678,0.6054,0.6140,1.0564,199
05087500,ifs,12,-0.4796,0.2800,0.3987,1.3531,238
05120500,ifs,12,-10.5466,-1.4994,-0.0386,3.2377,210
05123400,ifs,12,-0.3916,-0.6523,-0.0184,0.1576,238
05129115,ifs,12,-0.8281,-0.6735,0.0816,0.0015,238
05131500,ifs,12,-0.3505,0.1955,0.2701,0.6837,142
05291000,ifs,12,-8.5084,-1.2432,0.1414,1.3190,238
05362000,ifs,12,0.1396,0.5714,0.7078,1.0608,237
05393500,ifs,12,0.3291,0.6335,0.7563,1.1267,238
05399500,ifs,12,0.1679,0.5534,0.5608,1.0579,236
05408000,ifs,12,-0.1933,0.1097,0.1887,0.8919,237
05412500,ifs,12,-0.2043,0.2905,0.3476,0.7648,238
05413500,ifs,12,-0.9368,0.1667,0.1902,0.8495,208
05414000,ifs,12,-0.1036,0.1819,0.4434,0.6425,204
05444000,ifs,12,-5.2658,-0.6730,0.1302,0.9335,236
05454000,ifs,12,-0.4318,0.2367,0.2778,0.7554,238
05458000,ifs,12,-0.4376,0.0931,0.1211,0.9184,238
05466500,ifs,12,-0.1914,-0.0531,0.0893,0.7819,236
05487980,ifs,12,-0.4478,-0.0733,-0.0083,0.8604,236
05488200,ifs,12,-0.3220,-0.2049,-0.0126,0.5403,236
05489000,ifs,12,-0.1932,-0.2793,-0.0201,0.5163,236
05495000,ifs,12,-2.1270,-0.2724,0.1795,1.7548,236
05495500,ifs,12,-0.3320,0.0753,0.1494,0.7482,232
05501000,ifs,12,-0.2713,-0.0507,0.0558,0.8158,236
05503800,ifs,12,-1.0071,0.0053,0.1002,1.4113,238
05507600,ifs,12,-2.7382,-0.4678,0.1121,1.8955,238
05508805,ifs,12,-5.1378,-1.1052,0.1573,2.3626,236
05514500,ifs,12,-2.0188,-0.1576,0.1059,1.5227,236
05525500,ifs,12,-0.7342,0.0297,0.0488,1.1656,236
05556500,ifs,12,-0.7294,0.0686,0.1299,0.6692,238
05584500,ifs,12,-0.1994,0.0104,0.1664,0.6436,236
05585000,ifs,12,-0.3340,0.0517,0.1611,0.6554,238
05591550,ifs,12,-0.3957,0.1037,0.1356,0.9158,236
05592050,ifs,12,-0.3739,0.1657,0.1847,0.9915,222
05592575,ifs,12,-0.7300,0.0438,0.0499,0.9477,236
05593575,ifs,12,-2.0373,-0.6096,0.1289,2.2467,238
05593900,ifs,12,-0.9679,0.0674,0.0761,1.1112,236
05595730,ifs,12,-2.6250,-0.5254,0.0849,2.0114,238
06037500,ifs,12,-2.3376,0.3437,0.8375,1.2866,238
06043500,ifs,12,0.4870,0.4557,0.9607,1.3186,238
06154410,ifs,12,-0.1121,-0.1682,0.1068,0.6397,238
06188000,ifs,12,0.8521,0.9178,0.9300,1.0040,238
06191500,ifs,12,0.7924,0.7207,0.9520,1.1294,238
06221400,ifs,12,0.8030,0.8370,0.9215,1.0750,238
06224000,ifs,12,0.7027,0.8288,0.8618,1.0958,238
06289000,ifs,12,0.0312,0.5648,0.6140,0.9580,238
06332515,ifs,12,-14.4069,-2.7031,0.1565,3.1907,118
06339100,ifs,12,-68.0004,-7.1663,0.2814,4.3906,174
06339500,ifs,12,-9.6563,-1.4228,0.1614,0.9914,167
06344600,ifs,12,-145.2680,-10.9112,0.0994,5.9966,177
06350000,ifs,12,-52.7310,-5.7776,0.2839,3.9746,238
06352000,ifs,12,-5.2216,-0.6814,0.0407,1.5053,237
06353000,ifs,12,-0.2239,-0.1083,0.0277,0.8502,236
06354000,ifs,12,-5.1284,-0.7728,0.3602,1.0160,173
06360500,ifs,12,-22.5851,-3.0021,0.0463,2.0899,139
06404000,ifs,12,-269.8430,-14.3966,-0.0410,3.1475,205
06406000,ifs,12,-291.0380,-9.4092,0.0987,6.0769,180
06408700,ifs,12,-1662.7639,-4.1259,0.1790,1.5137,238
06409000,ifs,12,-1.9130,0.6018,0.7618,1.2777,193
06431500,ifs,12,-5.4503,-0.3833,0.3418,1.1414,227
06440200,ifs,12,-1.7366,-0.0571,0.5194,0.8941,160
06441500,ifs,12,-38.5430,-5.2354,0.0662,4.5367,177
06447000,ifs,12,-0.2780,-0.2180,-0.0351,0.6312,140
06447500,ifs,12,-0.2200,-0.1362,0.0748,0.7454,238
06450500,ifs,12,0.0610,-0.0837,0.3698,1.0493,208
06452000,ifs,12,-0.0012,-0.3607,0.0189,1.0130,175
06453600,ifs,12,-24.0178,-3.0871,-0.0239,2.2149,235
06464500,ifs,12,-3.6188,-0.3443,-0.0435,1.2466,175
06477500,ifs,12,-727.7881,-26.8034,0.0484,12.4561,237
06479215,ifs,12,-0.2120,-0.0219,0.1150,0.7355,238
06479438,ifs,12,-0.1701,-0.4586,-0.0181,0.2946,238
06601000,ifs,12,-2.4946,-0.1663,-0.0270,0.9779,238
06614800,ifs,12,0.7438,0.5730,0.9326,1.3839,238
06622700,ifs,12,-0.4593,0.1004,0.7428,1.6568,238
06623800,ifs,12,0.8252,0.9101,0.9157,1.0029,238
06632400,ifs,12,-0.3569,0.3004,0.4586,1.4183,238
06784000,ifs,12,-1.0831,-0.1123,0.0478,1.3284,238
06803510,ifs,12,-1.1897,-0.0153,-0.0114,1.0409,238
06803530,ifs,12,-0.3764,-0.1041,-0.0232,0.9345,238
06814000,ifs,12,-0.0908,-0.0844,0.1374,0.6325,238
06846500,ifs,12,-0.0095,-0.4710,-0.0581,1.3788,238
06847900,ifs,12,-0.0252,-0.3245,0.0431,1.3109,238
06853800,ifs,12,-1.9915,-0.4285,0.0084,1.9965,238
06876700,ifs,12,-0.0873,-0.4521,0.1614,0.2088,238
06878000,ifs,12,-0.3070,-0.0832,0.0517,0.6631,238
06879650,ifs,12,-0.2322,-0.0592,0.1353,0.5287,237
06885500,ifs,12,-0.0994,-0.3914,0.0140,0.3648,238
06888500,ifs,12,-0.1622,-0.2374,0.0349,0.4946,238
06889200,ifs,12,-0.2487,-0.1140,0.0391,0.6864,238
06889500,ifs,12,-0.9326,0.0078,0.0081,1.0006,238
06892000,ifs,12,-1.5272,0.0693,0.1663,0.9791,238
06903400,ifs,12,-0.1015,-0.4053,0.0212,0.3129,238
06906800,ifs,12,-0.2901,-0.1113,0.0282,0.6902,238
06910800,ifs,12,-0.5773,0.1224,0.1316,0.9193,238
06911900,ifs,12,-0.4564,0.1971,0.2040,0.9463,238
06917000,ifs,12,-0.3975,-0.0018,0.0847,0.7122,238
06918460,ifs,12,-0.0916,0.2420,0.2959,1.0000,238
06919500,ifs,12,-0.8651,0.1362,0.1582,0.8330,238
06921070,ifs,12,-0.7535,0.0366,0.0481,0.8770,238
06921200,ifs,12,-0.1342,-0.3248,0.0265,0.4044,238
06934000,ifs,12,-0.8141,0.2105,0.2476,0.8330,237
07014500,ifs,12,-0.0823,-0.1294,0.1005,0.7282,238
07056000,ifs,12,-2.5843,-0.1529,0.1416,1.1573,238
07057500,ifs,12,-0.3523,0.1214,0.1625,0.8828,230
07060710,ifs,12,-0.0001,-0.3939,0.0278,1.0504,238
07066000,ifs,12,-0.5620,0.0857,0.0993,0.9430,238
07067000,ifs,12,-0.4662,0.2755,0.3381,0.7058,238
07068000,ifs,12,-0.4465,0.3199,0.3306,0.8919,237
07071500,ifs,12,-0.9786,0.2548,0.3287,0.8621,238
07083000,ifs,12,-2.5959,-0.6307,0.8341,1.9912,238
07142300,ifs,12,-8.3449,-5.0225,-0.1097,6.8570,238
07145700,ifs,12,-0.0350,-0.4721,0.0359,0.2560,238
07148400,ifs,12,-4.7259,-0.7352,0.5349,1.6719,238
07149000,ifs,12,-2.3387,-0.1907,0.4642,1.6483,238
07151500,ifs,12,0.0007,-0.2765,0.1418,0.5003,238
07167500,ifs,12,-2.8095,-0.9921,-0.0095,2.5926,238
07180500,ifs,12,-1.1842,-0.0325,-0.0210,1.1385,238
07184000,ifs,12,-0.1434,-0.0870,0.1084,0.6421,236
07195800,ifs,12,-0.4755,0.1646,0.1735,0.9628,236
07196900,ifs,12,-0.7999,0.0298,0.0737,1.2862,237
07197000,ifs,12,-3.1996,-0.3147,0.1660,1.3702,238
07208500,ifs,12,-0.4031,0.3373,0.6801,1.1595,238
07226500,ifs,12,-0.0491,-0.3534,0.0059,0.5192,236
07261000,ifs,12,-11.1033,-1.9165,0.1191,2.4460,236
07263295,ifs,12,-6.1459,-2.8780,0.0185,4.5049,236
07290650,ifs,12,-0.1563,0.0641,0.2121,0.6738,238
07291000,ifs,12,-0.0641,0.1198,0.3793,0.4569,238
07292500,ifs,12,0.1519,0.1517,0.4117,0.7765,238
07295000,ifs,12,-0.0525,0.0797,0.2354,0.7555,238
07299670,ifs,12,-100.0739,-8.6335,0.0117,4.3772,228
07301410,ifs,12,-0.3892,-0.2986,-0.1498,0.7639,227
07301500,ifs,12,-0.1811,-0.5676,0.0400,1.7709,200
07315200,ifs,12,-21.6410,-4.5414,-0.0418,5.1524,161
07315700,ifs,12,-51.4113,-10.3247,0.0104,10.6959,218
07335700,ifs,12,-0.2187,-0.1493,0.0479,0.6130,229
07340300,ifs,12,-1.5948,0.0376,0.1580,1.1903,238
07346045,ifs,12,-11.6820,-1.7263,0.1792,1.3680,238
07359610,ifs,12,-3.3963,-0.6142,0.1632,2.0280,238
07362100,ifs,12,-9.3588,-1.8168,0.1644,2.8186,238
07362587,ifs,12,-4.9099,-1.5537,0.0500,3.0554,236
07373000,ifs,12,-1.5434,0.0432,0.1616,0.7772,234
07375000,ifs,12,-0.0049,-0.2487,0.2486,0.3730,238
07376000,ifs,12,-0.2867,0.1232,0.2324,0.6451,238
08013000,ifs,12,-0.1293,0.0878,0.2414,0.6566,238
08014500,ifs,12,-0.7284,-0.0214,0.0501,0.6459,238
08023080,ifs,12,-1.0593,-0.7875,0.0498,2.5141,238
08025500,ifs,12,-0.3225,-0.0628,0.0202,1.0163,238
08029500,ifs,12,-0.3548,-0.0259,0.0585,1.1974,238
08050800,ifs,12,-3.6440,-0.3793,0.0060,1.2824,237
08066200,ifs,12,-0.1174,-0.2428,0.0116,0.6252,238
08066300,ifs,12,-0.0750,-0.4968,-0.0315,0.2794,238
08070000,ifs,12,-6.0706,-1.0186,0.1146,1.9877,238
08070200,ifs,12,-1.9622,-0.0412,0.1338,1.2176,238
08079600,ifs,12,-8.8690,-4.2515,-0.0393,5.8068,194
08082700,ifs,12,-11.3910,-2.3820,-0.0148,3.2134,224
08086212,ifs,12,-0.3625,-0.6969,0.1010,2.4075,238
08086290,ifs,12,-4.5113,-3.6116,0.0656,5.3643,238
08101000,ifs,12,-29.4783,-4.3489,0.3349,3.5571,238
08103900,ifs,12,0.3277,0.5364,0.5990,0.9432,238
08104900,ifs,12,-1.3617,0.0335,0.1291,0.7046,238
08109700,ifs,12,-6.5596,-1.5961,0.0415,2.8430,222
08150800,ifs,12,-0.0076,-0.5171,-0.0077,0.3766,238
08155200,ifs,12,-9.8362,-2.6542,0.0247,3.8688,238
08158700,ifs,12,-38.5365,-14.2207,0.0206,15.3976,238
08158810,ifs,12,-1.6483,-0.0556,0.0984,1.3979,238
08164000,ifs,12,-12.8721,-2.8853,0.0639,3.7599,238
08164300,ifs,12,-1.8249,-0.3459,-0.0264,1.8112,235
08164600,ifs,12,-72.7833,-11.5840,0.1296,11.0774,238
08165300,ifs,12,-0.0094,-0.4495,-0.0706,0.8002,238
08171300,ifs,12,-70.0926,-39.9454,-0.0232,41.4484,238
08175000,ifs,12,-3.8393,-0.3890,0.0237,1.0991,238
08176900,ifs,12,-191.6609,-17.9793,0.3329,14.9112,238
08178880,ifs,12,-0.0631,-0.5217,0.0227,0.2094,238
08189500,ifs,12,-5.6034,-0.9044,0.1302,1.8079,238
08190000,ifs,12,-0.0272,-0.4207,-0.0244,0.5503,238
08190500,ifs,12,0.0032,0.1390,0.5079,1.7054,232
08194200,ifs,12,-0.8603,-0.0287,0.0527,0.5995,238
08195000,ifs,12,-0.0165,-0.4812,-0.0108,0.4331,238
08196000,ifs,12,-0.0210,-0.0376,0.1861,1.2583,226
08198500,ifs,12,-0.0128,-0.5698,-0.0116,0.2641,238
08200000,ifs,12,-0.0391,-0.4835,0.0559,0.2269,238
08202700,ifs,12,-0.0223,-0.6068,-0.0127,0.1319,237
08267500,ifs,12,-25.1380,-2.4787,0.7013,2.7617,238
08269000,ifs,12,-7.9450,-1.1187,0.5691,1.8496,238
08271000,ifs,12,-53.9573,-4.5959,0.7785,2.6604,238
08324000,ifs,12,-0.3026,0.4306,0.6153,1.2386,238
08377900,ifs,12,-4.6028,-0.5440,0.4393,1.4368,238
08378500,ifs,12,-5.7564,-0.9266,0.6026,1.3351,230
08380500,ifs,12,-3.8705,-0.3456,0.4427,1.9042,238
09034900,ifs,12,0.0745,0.1665,0.8785,1.6058,234
09035900,ifs,12,0.5195,0.7224,0.8192,1.1130,204
09047700,ifs,12,-5.3485,-1.0330,0.8605,1.4675,236
09065500,ifs,12,0.7164,0.6128,0.9470,1.1650,238
09066000,ifs,12,-1.0891,0.1228,0.5714,1.1925,238
09066200,ifs,12,0.7097,0.6130,0.9345,1.2520,238
09066300,ifs,12,-0.4890,-0.0505,0.7888,1.8310,238
09081600,ifs,12,0.0672,0.5753,0.6242,1.0570,238
09107000,ifs,12,-1.3256,-0.0230,0.6799,1.3040,237
09210500,ifs,12,-1.4398,0.0893,0.7359,1.5484,211
09223000,ifs,12,-3.0002,-0.5897,0.8729,2.0059,177
09306242,ifs,12,-452.1032,-4.1196,0.8578,5.9705,236
09312600,ifs,12,-2.2935,-0.6634,0.4635,2.4340,238
09352900,ifs,12,-0.8401,0.2060,0.5661,1.3944,208
09378170,ifs,12,0.2301,0.2578,0.5237,1.3437,238
09378630,ifs,12,,,,,238
09386900,ifs,12,-119.9377,-9.3420,-0.0210,4.1691,238
09404450,ifs,12,0.5939,0.7990,0.8059,0.9526,238
09430500,ifs,12,-1.4248,-0.0156,0.2752,0.3027,238
09430600,ifs,12,0.0442,-0.0578,0.6266,0.2659,238
09447800,ifs,12,-2.3771,-0.6364,0.0689,2.0616,238
09480000,ifs,12,-0.6209,-4.1304,0.0096,6.0237,238
09484000,ifs,12,-1.2117,-1.0134,0.2151,2.8396,213
09484600,ifs,12,-2.2498,-2.2631,0.1153,4.0962,237
09492400,ifs,12,-1.8073,-0.0159,0.6982,1.7435,236
09494000,ifs,12,-1.3549,0.1170,0.4476,1.1811,238
09497800,ifs,12,-0.1406,-0.6449,-0.2364,1.6239,238
09497980,ifs,12,-1.2252,0.1123,0.1671,1.1147,210
09505200,ifs,12,-1.2595,0.1155,0.2346,1.2333,238
09505350,ifs,12,-0.5338,0.1513,0.1809,1.2116,238
09505800,ifs,12,-2.1465,-0.0700,0.2370,1.2206,238
09508300,ifs,12,-10.1320,-1.4998,0.0718,1.5664,238
09510200,ifs,12,-8.8418,-2.4952,0.0619,3.7403,219
09512280,ifs,12,-0.0646,-0.9759,-0.0827,2.3985,238
09513780,ifs,12,-8.3580,-7.8733,0.1730,9.8250,237
10023000,ifs,12,-14.1562,-0.6272,0.0665,2.2011,238
10166430,ifs,12,-13636.4764,-91.2896,0.5439,73.0337,238
10172700,ifs,12,-30.2941,-0.2877,0.6331,2.0311,238
10172800,ifs,12,-10.1668,-0.9083,0.7913,2.3778,238
10173450,ifs,12,-0.6016,0.3295,0.3717,1.0387,238
10205030,ifs,12,-197.4099,-10.0328,-0.0207,2.3827,238
10234500,ifs,12,-0.1173,-0.2714,-0.0455,0.8791,234
10242000,ifs,12,-29.9847,-3.7596,0.4108,4.4988,238
10244950,ifs,12,-37.7479,-1.5708,0.7190,1.5654,238
10249300,ifs,12,-46.7764,-4.6856,0.4956,4.3728,237
10258000,ifs,12,,,,,66
10258500,ifs,12,0.0859,-0.1467,0.3313,0.5294,238
10259000,ifs,12,0.8311,0.7295,0.9396,1.0851,238
10259200,ifs,12,-58.8907,-9.3220,0.2314,8.7814,238
10263500,ifs,12,-0.0315,0.2901,0.8550,1.2347,238
10310500,ifs,12,-5.5199,-0.6400,0.5449,1.8385,238
10316500,ifs,12,-0.3021,0.3410,0.6868,1.2297,238
10329500,ifs,12,0.0548,0.4074,0.8063,1.1979,238
10336645,ifs,12,-0.5936,0.2994,0.5323,1.2702,224
10336660,ifs,12,-0.1335,0.4937,0.5936,1.0996,238
10343500,ifs,12,-0.0810,0.4858,0.5030,0.8884,238
10348850,ifs,12,-2.4279,-0.0246,0.8039,1.7339,238
10396000,ifs,12,0.2758,0.6543,0.7297,1.1808,238
11098000,ifs,12,0.0737,0.4946,0.5265,1.1739,238
11124500,ifs,12,-2.6871,-0.9349,0.8780,2.3881,238
11141280,ifs,12,0.0259,0.1056,0.2696,1.0364,238
11143000,ifs,12,-0.0694,0.4270,0.4517,1.1628,238
11148900,ifs,12,0.0311,-0.0490,0.2658,0.5163,238
11151300,ifs,12,-0.0256,-0.2780,0.0311,0.7947,238
11162500,ifs,12,0.0683,0.1297,0.3551,0.6533,238
11176400,ifs,12,-0.0308,0.1327,0.2735,0.7597,144
11180500,ifs,12,-4.0997,-1.3370,0.1810,2.8434,238
11180960,ifs,12,-2.6862,-0.9389,0.2179,2.5922,238
11224500,ifs,12,-0.0228,-0.6059,0.0193,0.1403,238
11253310,ifs,12,-0.1198,-0.1809,0.0999,0.4854,238
11264500,ifs,12,-1.2462,0.1099,0.1580,1.0505,238
11266500,ifs,12,-1.0712,0.1878,0.2736,1.1548,238
11274500,ifs,12,-0.5468,0.1600,0.2675,1.4078,238
11274630,ifs,12,-0.5139,0.1163,0.1297,1.0576,238
11284400,ifs,12,-0.0832,-0.1669,0.1969,0.3270,238
11299600,ifs,12,-0.1737,0.0622,0.1698,0.7901,235
11381500,ifs,12,0.2055,0.2396,0.4537,1.0035,238
11383500,ifs,12,0.2100,0.3405,0.4774,1.0629,238
11451100,ifs,12,-3.8241,-0.4235,0.1364,1.3337,106
11468500,ifs,12,0.0601,0.1014,0.2917,0.9516,238
11473900,ifs,12,0.1394,0.1652,0.3795,0.9425,238
11475560,ifs,12,-0.0162,0.2473,0.3235,0.9742,238
11476600,ifs,12,-0.3304,0.3105,0.4675,1.3943,237
11478500,ifs,12,-0.2763,0.1185,0.2515,1.4300,238
11480390,ifs,12,0.1364,0.1531,0.3740,0.9519,238
11481200,ifs,12,-0.3960,0.2303,0.3806,1.4465,238
11482500,ifs,12,-0.2606,0.2426,0.5319,1.5559,238
11522500,ifs,12,-0.2632,0.2489,0.5275,1.5608,238
11523200,ifs,12,-0.9156,-0.0079,0.5877,1.7568,238
11528700,ifs,12,0.2438,0.3310,0.5014,1.1175,238
11532500,ifs,12,0.1516,0.4514,0.5130,1.1916,238
12010000,ifs,12,-0.0909,0.3459,0.4063,0.7537,238
12013500,ifs,12,-0.1012,0.4504,0.4558,0.9240,238
12020000,ifs,12,-0.0777,0.2006,0.3492,0.6227,238
12025000,ifs,12,-0.0239,0.4280,0.4399,1.0651,238
12025700,ifs,12,-0.0806,0.3041,0.3516,0.8584,238
12035000,ifs,12,0.3086,0.6129,0.6453,0.8548,238
12040500,ifs,12,-0.4257,0.3981,0.4619,0.9248,238
12041200,ifs,12,-1.2447,0.1219,0.4984,0.9530,238
12043000,ifs,12,-0.5450,0.3623,0.4696,0.9036,238
12048000,ifs,12,-1.2491,0.1022,0.5950,1.3141,238
12054000,ifs,12,-2.0124,-0.1695,0.5629,1.3927,238
12056500,ifs,12,-1.4598,-0.0151,0.5839,1.0168,238
12073500,ifs,12,-0.4107,0.4080,0.4650,1.1268,237
12082500,ifs,12,0.2762,0.3730,0.5288,1.0109,232
12092000,ifs,12,-0.0044,0.2834,0.3484,0.9843,238
12095000,ifs,12,0.3454,0.4672,0.5980,0.8798,238
12114500,ifs,12,0.4400,0.3894,0.7055,0.9968,238
12115000,ifs,12,0.4172,0.3791,0.6799,0.9718,238
12115500,ifs,12,0.3188,0.3560,0.5740,0.8340,238
12117000,ifs,12,0.5224,0.5513,0.7293,0.9548,238
12141300,ifs,12,0.1160,0.2581,0.3950,1.1024,238
12143600,ifs,12,0.2788,0.3491,0.5403,1.1752,234
12144000,ifs,12,0.3969,0.4777,0.6300,0.9955,237
12145500,ifs,12,0.4089,0.4359,0.6573,0.7760,238
12147600,ifs,12,0.0596,0.3085,0.3858,0.9664,238
12167000,ifs,12,0.1923,0.4606,0.5379,1.2058,238
12175500,ifs,12,-0.1276,0.4985,0.5485,1.1447,238
12186000,ifs,12,-0.1710,0.3626,0.3995,1.2060,235
12189500,ifs,12,-0.0857,0.4069,0.4720,1.2653,237
12358500,ifs,12,0.6108,0.8081,0.8189,1.0041,238
12377150,ifs,12,0.5205,0.7547,0.7643,0.9322,238
12381400,ifs,12,0.4037,0.5467,0.8613,1.2032,205
12390700,ifs,12,0.4232,0.6243,0.6977,1.1731,238
12411000,ifs,12,0.7379,0.7295,0.8719,1.1651,227
12414500,ifs,12,0.6469,0.6744,0.8170,0.8955,238
12447390,ifs,12,-0.1986,-0.2353,0.2300,0.3630,238
12451000,ifs,12,0.4303,0.6589,0.7970,1.2248,238
12488500,ifs,12,0.5140,0.6983,0.7570,1.1544,238
13011500,ifs,12,0.6502,0.5629,0.9222,1.3352,238
13011900,ifs,12,0.8091,0.8249,0.9287,0.9785,238
13018300,ifs,12,-0.3074,0.0414,0.9442,1.4821,238
13023000,ifs,12,0.4409,0.7173,0.7773,0.9390,196
13161500,ifs,12,0.5074,0.6734,0.7500,0.8205,238
13235000,ifs,12,0.5824,0.6564,0.7800,0.8885,236
13240000,ifs,12,0.8051,0.8787,0.8980,0.9969,159
13310700,ifs,12,0.5905,0.5229,0.8876,0.6814,238
13313000,ifs,12,0.7041,0.4971,0.9575,0.6505,238
13331500,ifs,12,0.3373,0.4455,0.8886,1.2692,238
13337000,ifs,12,0.6373,0.6894,0.8325,0.8167,238
13338500,ifs,12,0.6771,0.8318,0.8463,1.0612,238
13340000,ifs,12,0.4680,0.6222,0.7424,0.7891,238
13340600,ifs,12,0.5389,0.5960,0.8546,0.6911,238
14020000,ifs,12,0.1474,0.0697,0.4765,0.6224,238
14092750,ifs,12,0.2457,0.4470,0.5424,0.8960,238
14096850,ifs,12,-1.9062,0.2279,0.5061,0.4714,238
14137000,ifs,12,0.2073,0.2969,0.4629,0.9925,233
14138800,ifs,12,-0.0663,0.1174,0.2326,0.8961,238
14138870,ifs,12,-0.0971,0.2307,0.2997,0.8481,238
14138900,ifs,12,-0.0796,0.1200,0.2285,0.9056,238
14139800,ifs,12,-0.0456,0.2436,0.3262,0.8282,236
14141500,ifs,12,-0.0110,0.3038,0.3629,0.9053,238
14154500,ifs,12,-0.2905,0.3818,0.4120,1.1724,238
14158500,ifs,12,0.7241,0.7155,0.8818,1.0881,223
14158790,ifs,12,0.1413,0.4494,0.4899,1.0595,234
14166500,ifs,12,0.2232,0.2918,0.4770,0.9226,238
14182500,ifs,12,0.0153,0.2152,0.3405,0.7891,238
14185000,ifs,12,-0.0080,0.4353,0.4452,1.0296,238
14185900,ifs,12,-0.0745,0.3264,0.3565,0.9598,235
14187000,ifs,12,0.0758,0.5097,0.5245,1.1138,237
14216500,ifs,12,0.4756,0.6184,0.6944,1.0232,235
14222500,ifs,12,0.0509,0.2708,0.3625,0.9915,238
14236200,ifs,12,0.1490,0.3373,0.4567,0.8190,237
14301000,ifs,12,0.1034,0.3707,0.4376,0.9151,237
14303200,ifs,12,0.2159,0.2724,0.4702,0.9018,238
14305500,ifs,12,0.1036,0.3635,0.4312,0.9598,236
14306340,ifs,12,0.2709,0.3460,0.5384,0.7864,238
14306500,ifs,12,0.3692,0.5101,0.6163,0.9269,238
14308990,ifs,12,0.2869,0.3376,0.5363,0.9516,238
14309500,ifs,12,0.1037,0.4050,0.4527,0.9569,238
14316700,ifs,12,-0.1457,0.3991,0.4222,1.1641,238
14325000,ifs,12,-0.1905,0.4303,0.4324,1.0127,238
14362250,ifs,12,0.0267,0.1123,0.3595,0.5790,148
14400000,ifs,12,0.0774,0.4567,0.4805,0.9080,238
01013500,ifs,13,0.8768,0.8185,0.9447,0.8688,238
01022500,ifs,13,0.4765,0.6250,0.6981,1.0664,238
01030500,ifs,13,0.6164,0.7397,0.8559,1.1219,238
01031500,ifs,13,-0.8691,0.2597,0.4602,1.0966,236
01047000,ifs,13,-0.2352,0.4671,0.5278,1.0391,238
01052500,ifs,13,0.1669,0.3084,0.4695,0.7378,238
01054200,ifs,13,0.1654,0.1640,0.4797,0.5221,238
01055000,ifs,13,0.0503,0.4327,0.4550,0.9524,236
01057000,ifs,13,0.4811,0.7466,0.7692,0.9726,236
01073000,ifs,13,0.6889,0.7794,0.8702,1.1375,238
01078000,ifs,13,0.1767,0.3807,0.5194,0.7188,236
01118300,ifs,13,0.0607,0.4240,0.4797,0.8012,236
01121000,ifs,13,0.7173,0.7814,0.8608,1.1631,236
01123000,ifs,13,0.7339,0.6480,0.8825,0.8817,238
01134500,ifs,13,0.4285,0.6295,0.6815,0.8850,236
01137500,ifs,13,0.3914,0.5241,0.6570,0.7849,238
01139000,ifs,13,0.3902,0.6627,0.6792,0.9192,234
01139800,ifs,13,0.7025,0.8269,0.8429,1.0198,238
01142500,ifs,13,0.3695,0.6886,0.7354,0.9154,236
01144000,ifs,13,0.4591,0.7050,0.7904,0.9085,238
01169000,ifs,13,0.3888,0.5970,0.6462,1.0479,236
01170100,ifs,13,0.4485,0.6425,0.6870,0.9506,237
01181000,ifs,13,0.6677,0.8080,0.8254,1.0503,236
01187300,ifs,13,0.6279,0.6364,0.7984,1.0783,238
01195100,ifs,13,0.1712,0.2523,0.4538,0.7864,238
01333000,ifs,13,0.3920,0.5137,0.6357,0.8836,236
01350000,ifs,13,0.0281,0.0821,0.2853,0.7343,235
01350080,ifs,13,0.5031,0.5591,0.7254,0.7787,238
01350140,ifs,13,0.4453,0.5641,0.7157,0.7015,188
01365000,ifs,13,0.1840,0.3513,0.4745,0.8523,236
01411300,ifs,13,-0.2319,-0.0063,0.1125,1.1948,229
01413500,ifs,13,0.2833,0.3483,0.5644,0.7576,236
01414500,ifs,13,0.0477,0.0604,0.3562,0.5864,236
01415000,ifs,13,0.2716,0.2197,0.6672,0.5658,193
01423000,ifs,13,0.3323,0.3550,0.6384,0.6976,238
01434025,ifs,13,0.0985,0.4173,0.5256,0.6818,238
01435000,ifs,13,0.1723,0.3258,0.4606,0.8294,237
01439500,ifs,13,0.1869,0.5654,0.5928,0.8527,236
01440000,ifs,13,0.1737,0.5032,0.5293,0.9438,238
01440400,ifs,13,-0.0460,0.5302,0.6196,1.0188,212
01451800,ifs,13,-1.2214,0.1266,0.2476,1.2517,236
01466500,ifs,13,-3.0528,-0.7656,0.8254,0.9925,236
01484100,ifs,13,-0.5012,0.3258,0.4137,1.3032,238
01485500,ifs,13,-3.1240,-0.5769,0.4526,2.0620,233
01486000,ifs,13,-2.8889,-0.3640,0.3611,1.8791,238
01487000,ifs,13,0.1050,0.5902,0.6534,1.0528,238
01491000,ifs,13,0.4597,0.5813,0.6799,0.9911,238
01510000,ifs,13,0.3420,0.5520,0.6111,0.9453,238
01516500,ifs,13,-0.1252,0.1513,0.2990,0.6289,238
01518862,ifs,13,0.0263,0.2965,0.4377,0.6630,238
01532000,ifs,13,-0.4252,0.4038,0.4881,1.0518,236
01539000,ifs,13,-0.2414,0.4261,0.4330,1.0110,220
01542810,ifs,13,-0.2812,0.3096,0.3199,0.9006,236
01543000,ifs,13,-0.5013,0.3315,0.3576,0.8836,238
01543500,ifs,13,-0.1469,0.3503,0.3877,0.8093,236
01544500,ifs,13,0.1542,0.3859,0.5580,0.6569,238
01545600,ifs,13,0.2284,0.3270,0.5756,0.6487,238
01547700,ifs,13,-0.2385,0.0092,0.1049,0.8574,238
01548500,ifs,13,0.1433,0.2676,0.5275,0.6063,236
01549500,ifs,13,0.3072,0.5319,0.6304,0.7614,236
01550000,ifs,13,0.2467,0.4759,0.5913,0.7387,236
01552000,ifs,13,-0.0208,0.4735,0.4919,0.8627,238
01552500,ifs,13,-0.4748,0.3778,0.4297,0.9309,238
01557500,ifs,13,-0.4144,0.2687,0.2709,0.9534,238
01567500,ifs,13,-0.5868,0.2092,0.2206,1.1338,238
01568000,ifs,13,-0.3465,0.3353,0.3669,1.1988,238
01580000,ifs,13,-0.3198,0.3168,0.3178,0.9880,234
01583500,ifs,13,-0.1101,0.3074,0.3463,0.8849,238
01586610,ifs,13,-0.2490,0.2821,0.3090,0.8545,204
01591400,ifs,13,-0.0635,0.3367,0.3651,0.9880,238
01596500,ifs,13,0.0023,0.3064,0.3820,0.8160,236
01605500,ifs,13,-1.7108,0.0086,0.4106,1.2438,236
01606500,ifs,13,-0.3984,0.3159,0.3467,0.8030,211
01613050,ifs,13,-0.6846,0.2126,0.2503,1.2195,238
01620500,ifs,13,0.1513,0.2797,0.5177,0.5718,236
01632000,ifs,13,-0.2234,0.3077,0.3211,0.9197,236
01632900,ifs,13,-0.8531,0.2602,0.3265,1.0052,236
01634500,ifs,13,-0.0659,0.1940,0.2804,0.8914,221
01638480,ifs,13,-1.8252,-0.2572,0.4852,1.9519,233
01639500,ifs,13,-0.4390,0.2538,0.2927,1.2377,238
01644000,ifs,13,-1.8436,-0.2372,0.4094,1.9655,238
01658500,ifs,13,-2.5044,-0.1642,0.0944,1.2971,207
01664000,ifs,13,0.0677,0.4918,0.4982,0.9770,238
01666500,ifs,13,-0.3449,0.3654,0.3958,1.1768,223
01667500,ifs,13,-0.3854,0.3897,0.4405,1.1698,216
01669000,ifs,13,0.0970,0.4190,0.4611,1.0617,213
01669520,ifs,13,-2.0000,-0.0654,0.4320,1.6917,236
02011400,ifs,13,-0.7288,0.2683,0.4948,1.2583,238
02011460,ifs,13,-0.0641,0.4363,0.4432,0.9267,238
02013000,ifs,13,-0.5326,0.2519,0.3570,1.3522,238
02014000,ifs,13,-0.7871,0.2640,0.3343,1.1573,237
02015700,ifs,13,-0.2296,0.4543,0.5317,1.1497,220
02016000,ifs,13,-0.7196,0.2757,0.5452,1.1257,237
02017500,ifs,13,-1.0354,0.1854,0.4526,1.2643,236
02018000,ifs,13,-0.5656,0.3184,0.4945,1.2667,231
02027000,ifs,13,0.0486,0.5063,0.7144,0.8812,218
02027500,ifs,13,0.4599,0.5847,0.7645,0.6669,221
02028500,ifs,13,-0.0349,0.5283,0.5495,0.9407,213
02038850,ifs,13,-1.1963,0.1033,0.1418,0.9038,236
02046000,ifs,13,-0.9771,-0.0046,0.2564,1.6495,228
02051000,ifs,13,-1.6674,-0.0544,0.0209,1.2399,238
02051500,ifs,13,-0.1879,0.2070,0.2732,1.2181,236
02053200,ifs,13,-2.4850,-0.2757,0.0617,1.6409,210
02053800,ifs,13,-0.9032,0.1952,0.2190,0.9913,219
02055100,ifs,13,-0.5613,0.3197,0.4300,1.2869,236
02056900,ifs,13,-3.1675,-0.2711,0.1870,1.0608,212
02059500,ifs,13,-0.6833,0.2950,0.3425,0.8875,207
02064000,ifs,13,-0.8550,0.1404,0.1522,0.8868,226
02065500,ifs,13,-0.6077,0.2270,0.2736,0.7407,236
02069700,ifs,13,-2.1198,-0.0866,0.0593,1.2782,210
02070000,ifs,13,-1.7860,-0.0247,0.0859,1.2388,236
02074500,ifs,13,-1.4314,0.0314,0.1081,1.2427,238
02077200,ifs,13,-2.5773,-0.2286,0.2768,1.4497,233
02081500,ifs,13,-1.5161,-0.2847,-0.0073,1.7755,238
02082950,ifs,13,-4.2525,-0.7557,0.2583,2.0143,238
02092500,ifs,13,-4.4366,-1.0591,0.2629,2.5700,238
02096846,ifs,13,-2.5426,-0.5046,-0.0178,1.9667,238
02102908,ifs,13,-0.5459,0.0785,0.0930,1.0033,238
02108000,ifs,13,0.0189,0.4948,0.5457,1.2166,238
02111180,ifs,13,-0.4627,0.0169,0.0607,1.1196,238
02111500,ifs,13,-1.3600,0.0676,0.1117,1.0178,236
02118500,ifs,13,-1.2745,0.1282,0.2016,1.1058,238
02128000,ifs,13,-3.9028,-1.2674,0.0532,2.8526,238
02137727,ifs,13,-1.7426,-0.0324,0.0301,1.0756,238
02140991,ifs,13,-2.1257,-0.0911,0.0396,1.2352,238
02143000,ifs,13,-2.4312,-0.0701,0.1561,1.2866,238
02143040,ifs,13,-3.8596,-0.3911,0.0595,1.0142,236
02149000,ifs,13,-0.7715,0.0171,0.0244,1.0645,238
02152100,ifs,13,-3.0884,-0.2555,-0.0118,1.0987,238
02177000,ifs,13,-0.8809,0.0597,0.0671,1.1166,236
02178400,ifs,13,-1.4015,0.1118,0.2187,1.0107,236
02193340,ifs,13,-5.2541,-0.8058,0.1343,1.7717,238
02196000,ifs,13,-0.2117,-0.1920,0.0235,0.5817,238
02198100,ifs,13,-0.7490,-0.0804,-0.0311,1.2677,237
02202600,ifs,13,-9.7651,-1.5790,0.0767,2.2720,238
02212600,ifs,13,-0.5081,0.0126,0.0546,1.1647,236
02215100,ifs,13,-0.5626,-0.0911,-0.0202,0.7363,238
02216180,ifs,13,-0.1451,-0.3759,-0.0659,0.4913,236
02221525,ifs,13,-0.3685,0.1114,0.1456,1.0715,236
02231000,ifs,13,-16.1560,-2.2730,0.0435,1.8099,238
02231342,ifs,13,-6.0534,-0.9147,0.1037,1.8494,238
02235200,ifs,13,0.3930,0.5886,0.6635,1.1101,237
02245500,ifs,13,-7.8348,-1.0719,0.0458,1.3602,238
02246000,ifs,13,-2.2974,-0.0841,0.1655,0.9192,236
02296500,ifs,13,-6.6456,-1.3773,0.0588,2.5673,227
02297155,ifs,13,-0.3388,-0.2921,0.0394,0.3133,237
02297310,ifs,13,-2.0376,-0.0758,0.0609,0.7973,228
02298123,ifs,13,-0.3512,0.0387,0.1744,0.5818,238
02298608,ifs,13,-2.5115,-0.1443,0.1114,1.2024,238
02299950,ifs,13,-1.7985,-0.0625,0.0077,0.8423,238
02300700,ifs,13,-0.0300,-0.1634,0.2078,0.4841,238
02310947,ifs,13,-0.7382,-2.0349,-0.2875,3.6561,238
02312200,ifs,13,-19.8896,-4.2071,0.2768,6.1456,238
02314500,ifs,13,-0.3276,-0.3230,-0.0697,0.5947,238
02315500,ifs,13,-0.3439,-0.5252,-0.1753,0.4534,238
02324400,ifs,13,-0.2052,-1.0273,-0.5305,0.1148,238
02327100,ifs,13,-28.6449,-3.6589,0.0207,2.5582,236
02349900,ifs,13,-0.2309,-0.1003,0.0273,0.8577,238
02350900,ifs,13,-0.6073,0.1076,0.2241,0.6171,238
02361000,ifs,13,-0.6506,0.0651,0.1369,0.6727,238
02363000,ifs,13,-0.1778,-0.3634,0.0876,0.3304,236
02369800,ifs,13,-0.0226,-0.3622,0.1313,0.4370,237
02371500,ifs,13,-0.0207,-0.3053,0.0567,0.6902,238
02372250,ifs,13,-0.0290,-0.2759,0.0531,0.7250,236
02374500,ifs,13,-0.1194,-0.1504,0.0768,0.7278,238
02381600,ifs,13,-0.7640,0.1028,0.1227,1.1876,237
02384540,ifs,13,-0.3555,0.2530,0.2729,0.8545,238
02395120,ifs,13,-5.3060,-0.7076,0.2072,1.2989,238
02408540,ifs,13,-0.4644,0.3324,0.3402,0.9913,238
02415000,ifs,13,-0.5096,0.2538,0.2543,0.9757,228
02422500,ifs,13,-1.0929,0.1442,0.2126,1.2330,221
02427250,ifs,13,-0.1450,0.0876,0.1913,1.1676,238
02430085,ifs,13,-1.2679,0.0156,0.1649,1.4476,238
02450250,ifs,13,-0.6469,0.1652,0.1865,1.1876,236
02464000,ifs,13,-0.5487,0.2712,0.3787,1.3246,238
02465493,ifs,13,-0.5086,0.3515,0.4622,1.2513,235
02469800,ifs,13,-0.2403,0.2986,0.3942,0.6470,236
02472000,ifs,13,-0.0112,-0.0524,0.2420,0.5798,238
02472500,ifs,13,-0.2148,0.0063,0.2066,0.5391,238
02479155,ifs,13,0.0968,-0.1230,0.4305,0.4966,238
02479300,ifs,13,0.0080,-0.2970,0.2726,0.3508,238
02481000,ifs,13,0.0091,-0.3553,0.3290,0.2065,238
02481510,ifs,13,0.0054,-0.2901,0.3647,0.2711,238
03010655,ifs,13,0.1884,0.3744,0.5506,0.6850,209
03011800,ifs,13,-0.0348,0.3297,0.3979,0.8026,238
03015500,ifs,13,-0.1433,0.4820,0.4973,0.9725,238
03021350,ifs,13,-0.1601,0.4025,0.4332,0.8112,236
03026500,ifs,13,0.0193,0.3983,0.4351,0.8784,238
03028000,ifs,13,-0.0189,0.4118,0.4920,0.7273,236
03049800,ifs,13,-0.1199,-0.0865,0.1416,0.6435,236
03050000,ifs,13,-0.1477,0.3602,0.3706,0.9395,236
03066000,ifs,13,-0.0493,0.4094,0.4265,0.9005,238
03069500,ifs,13,-0.0152,0.3858,0.4204,0.8672,236
03070500,ifs,13,-1.4905,0.0889,0.2916,1.2186,236
03076600,ifs,13,-0.1867,0.0750,0.2350,0.6340,238
03078000,ifs,13,-0.2101,0.0595,0.1854,0.7016,238
03140000,ifs,13,-0.1560,0.1338,0.2069,1.0267,236
03144000,ifs,13,-0.7746,0.1192,0.1256,1.1057,238
03159540,ifs,13,-0.3725,0.2881,0.2914,1.0600,238
03161000,ifs,13,-0.3494,0.2076,0.2257,0.9281,238
03164000,ifs,13,-0.5460,0.3458,0.3831,0.9138,238
03165000,ifs,13,-3.4041,-0.3086,0.0057,0.9992,221
03170000,ifs,13,-1.3016,0.1178,0.1879,0.9740,238
03173000,ifs,13,-0.4275,0.3950,0.4456,1.0563,236
03180500,ifs,13,0.2164,0.4043,0.5061,0.8772,222
03182500,ifs,13,-0.0234,0.5040,0.5062,1.0310,236
03186500,ifs,13,0.1506,0.5706,0.5734,1.0491,236
03187500,ifs,13,0.0262,0.5604,0.6086,1.0494,235
03213700,ifs,13,-1.2368,0.1330,0.4429,1.3124,238
03237280,ifs,13,-0.4360,0.1694,0.1805,0.9909,238
03237500,ifs,13,-1.3409,-0.0426,0.1933,1.5637,236
03241500,ifs,13,-0.2342,0.0078,0.1215,0.7628,225
03280700,ifs,13,-1.3588,0.1138,0.4260,1.1221,213
03281100,ifs,13,-2.7874,-0.3313,0.4281,1.4204,236
03281500,ifs,13,-1.9822,-0.1158,0.4600,1.3199,223
03285000,ifs,13,-2.9493,-0.8149,0.3517,2.3850,235
03291780,ifs,13,-0.4922,-0.0120,0.0390,1.1811,238
03300400,ifs,13,-0.8765,0.0033,0.0765,1.3749,238
03340800,ifs,13,-1.8454,-0.0744,-0.0166,1.0653,190
03346000,ifs,13,-0.7427,0.0684,0.0893,0.8098,238
03364500,ifs,13,-0.1658,-0.1427,0.0682,0.6265,238
03366500,ifs,13,-0.3807,0.0500,0.0936,0.9657,238
03368000,ifs,13,-0.2684,0.0250,0.1046,0.8835,238
03384450,ifs,13,-0.2201,-0.1066,0.0288,0.8301,238
03439000,ifs,13,-0.7490,-0.0766,-0.0218,0.7320,236
03450000,ifs,13,-0.2021,-0.1552,0.0193,0.8079,238
03455500,ifs,13,-2.4460,-0.1326,0.0620,0.7859,236
03456500,ifs,13,-1.1269,-0.0124,-0.0033,0.8721,236
03460000,ifs,13,-3.7531,-0.3361,0.1238,0.7111,238
03463300,ifs,13,-1.2161,0.0608,0.0792,0.9958,238
03471500,ifs,13,-5.5294,-0.7572,0.2106,0.9018,236
03473000,ifs,13,-3.2423,-0.2820,0.1713,0.8687,238
03479000,ifs,13,-0.7541,0.2645,0.2966,0.9748,236
03488000,ifs,13,0.0657,0.3995,0.4634,0.8111,238
03498500,ifs,13,-1.9153,-0.0047,0.1669,0.9453,238
03500000,ifs,13,-1.1331,0.2105,0.3160,0.8671,236
03504000,ifs,13,-1.0190,0.2144,0.2668,0.8858,236
03574500,ifs,13,-0.3303,0.2608,0.2817,0.8470,238
03604000,ifs,13,-1.1015,0.0260,0.0330,0.9158,236
04015330,ifs,13,0.1262,0.1230,0.3767,0.7050,197
04024430,ifs,13,0.2303,0.4733,0.5553,0.7960,238
04027000,ifs,13,0.4078,0.5103,0.6498,0.8201,238
04040500,ifs,13,0.8160,0.8163,0.9055,1.0003,238
04043050,ifs,13,0.6952,0.8106,0.8380,0.9491,182
04045500,ifs,13,0.8690,0.8278,0.9463,0.8396,234
04056500,ifs,13,0.5878,0.5014,0.8342,0.7360,229
04057510,ifs,13,0.8446,0.7060,0.9454,0.8233,158
04057800,ifs,13,0.7975,0.6114,0.9271,0.7419,238
04059500,ifs,13,0.8074,0.7871,0.9032,1.0340,238
04063700,ifs,13,0.6031,0.4376,0.8553,0.6607,238
04074950,ifs,13,0.5695,0.5305,0.8301,0.7874,238
04105700,ifs,13,0.2696,0.4540,0.5504,0.9429,238
04115265,ifs,13,0.2159,0.3527,0.4824,1.0104,238
04122200,ifs,13,0.2646,0.3120,0.5462,0.8511,238
04122500,ifs,13,0.4966,0.5618,0.7190,0.9209,236
04124000,ifs,13,0.5872,0.5909,0.7753,0.9928,238
04127997,ifs,13,0.2535,0.2965,0.5221,0.9198,201
04185000,ifs,13,0.1263,0.4275,0.4751,0.9185,215
04196800,ifs,13,-0.3087,-0.0215,0.0661,0.8328,238
04197100,ifs,13,-0.4047,0.0347,0.0964,1.2123,238
04197170,ifs,13,-0.7736,0.0614,0.0763,1.1612,238
04213000,ifs,13,-0.2995,0.4311,0.4773,1.1035,236
04213075,ifs,13,0.1213,0.5529,0.5542,0.9695,234
04216418,ifs,13,-0.0037,0.4401,0.4514,1.0597,238
04221000,ifs,13,-0.1742,0.1244,0.3186,0.5680,238
04224775,ifs,13,-0.3427,0.0718,0.1936,0.6205,236
04256000,ifs,13,0.5058,0.7330,0.7680,1.1249,236
04296000,ifs,13,0.2379,0.5414,0.5811,0.8640,236
05057000,ifs,13,-1.6813,0.1004,0.1986,0.6204,160
05057200,ifs,13,-5.4747,-0.7650,0.2375,1.3194,237
05062500,ifs,13,-0.0415,0.4938,0.5045,1.0943,199
05087500,ifs,13,-1.6394,-0.0437,0.2801,1.4979,238
05120500,ifs,13,-10.9264,-1.5048,-0.0240,3.2662,210
05123400,ifs,13,-0.3916,-0.6523,-0.0184,0.1576,238
05129115,ifs,13,-0.8280,-0.6772,0.0729,0.0016,238
05131500,ifs,13,-0.1589,0.2690,0.3494,0.7094,142
05291000,ifs,13,-4.4206,-0.5367,0.1808,1.2144,238
05362000,ifs,13,0.4880,0.7422,0.7840,1.0170,237
05393500,ifs,13,0.4567,0.7178,0.7596,1.1090,238
05399500,ifs,13,-0.0982,0.3661,0.3802,1.0370,236
05408000,ifs,13,-0.0362,0.1335,0.2623,0.8896,237
05412500,ifs,13,-0.4135,0.2752,0.3095,0.7806,238
05413500,ifs,13,-1.7569,0.0267,0.1540,0.8868,208
05414000,ifs,13,-0.2323,0.1962,0.3676,0.6471,204
05444000,ifs,13,-6.7067,-0.9285,0.1263,0.9657,236
05454000,ifs,13,-1.7061,0.0366,0.2791,0.7933,238
05458000,ifs,13,-0.5365,0.0550,0.0764,0.9332,238
05466500,ifs,13,-0.2235,-0.0785,0.0621,0.7685,236
05487980,ifs,13,-0.2981,-0.1329,-0.0010,0.7373,236
05488200,ifs,13,-0.1708,-0.3179,-0.0080,0.4364,236
05489000,ifs,13,-0.1482,-0.3430,-0.0154,0.4257,236
05495000,ifs,13,-1.9489,-0.1837,0.1611,1.6371,236
05495500,ifs,13,-0.1232,-0.1015,0.1287,0.5761,232
05501000,ifs,13,-0.4256,-0.0143,0.0486,0.8149,236
05503800,ifs,13,-1.7588,-0.0686,0.0619,1.3350,238
05507600,ifs,13,-17.5669,-2.5776,0.0081,2.2972,238
05508805,ifs,13,-7.5228,-1.2766,0.0868,2.0537,236
05514500,ifs,13,-1.2273,0.0012,0.0623,1.3013,236
05525500,ifs,13,-0.8305,0.0194,0.0484,1.2321,236
05556500,ifs,13,-0.3721,0.0308,0.1501,0.6181,238
05584500,ifs,13,-0.1936,0.0139,0.1773,0.6242,236
05585000,ifs,13,-0.2880,0.0760,0.1969,0.6360,238
05591550,ifs,13,-1.2874,0.0661,0.1243,1.1904,236
05592050,ifs,13,-0.7440,0.1078,0.1128,1.0928,222
05592575,ifs,13,-0.3146,-0.0477,0.0607,0.7354,236
05593575,ifs,13,-2.6601,-0.6961,0.0197,2.2373,238
05593900,ifs,13,-1.2730,-0.0024,0.0248,1.1747,236
05595730,ifs,13,-5.8210,-1.2610,0.0160,2.4841,238
06037500,ifs,13,-2.3427,0.3348,0.8336,1.2853,238
06043500,ifs,13,0.4721,0.4579,0.9554,1.3232,238
06154410,ifs,13,-0.0962,-0.2229,0.0976,0.6210,238
06188000,ifs,13,0.8123,0.8892,0.9145,1.0157,238
06191500,ifs,13,0.7790,0.7168,0.9477,1.1346,238
06221400,ifs,13,0.7973,0.8418,0.9175,1.0691,238
06224000,ifs,13,0.7088,0.8318,0.8637,1.0949,238
06289000,ifs,13,-0.0324,0.5407,0.5997,0.9671,238
06332515,ifs,13,-4.5367,-1.1727,0.2405,2.5659,118
06339100,ifs,13,-19.1172,-3.2317,0.1806,3.3354,174
06339500,ifs,13,-9.5107,-1.3837,0.1339,1.0183,167
06344600,ifs,13,-58.1286,-6.7384,0.0932,5.5088,177
06350000,ifs,13,-51.3984,-5.6998,0.2928,4.0005,238
06352000,ifs,13,-13.3113,-1.8868,0.0423,1.6140,237
06353000,ifs,13,-0.1703,-0.1387,0.0284,0.8445,236
06354000,ifs,13,-5.2737,-0.7917,0.3449,1.0712,173
06360500,ifs,13,-27.3844,-3.4640,0.0419,2.1446,139
06404000,ifs,13,-181.3881,-11.4235,-0.0657,3.0640,205
06406000,ifs,13,-302.3600,-9.8438,0.0728,6.0877,180
06408700,ifs,13,-1662.7567,-4.1279,0.1811,1.5137,238
06409000,ifs,13,-2.0081,0.5796,0.7334,1.2804,193
06431500,ifs,13,-5.6150,-0.3864,0.3237,1.1451,227
06440200,ifs,13,-1.4643,0.0147,0.1136,0.7197,160
06441500,ifs,13,-74.6547,-7.7889,0.0449,5.6309,177
06447000,ifs,13,-0.4066,-0.1336,-0.0059,0.6440,140
06447500,ifs,13,-0.0473,0.0688,0.2898,0.7647,238
06450500,ifs,13,0.0090,-0.0166,0.2153,1.0567,208
06452000,ifs,13,-0.1147,-0.1913,0.0077,1.0658,175
06453600,ifs,13,-27.0250,-3.3697,-0.0251,2.2277,235
06464500,ifs,13,-4.3729,-0.4700,-0.0717,1.2574,175
06477500,ifs,13,-1277.3536,-36.1842,0.0146,16.5385,237
06479215,ifs,13,-0.2376,-0.0568,0.0838,0.7254,238
06479438,ifs,13,-0.1556,-0.4957,-0.0176,0.2713,238
06601000,ifs,13,-3.7688,-0.3739,-0.0092,0.9751,238
06614800,ifs,13,0.7278,0.5624,0.9285,1.3918,238
06622700,ifs,13,-0.4871,0.0952,0.7362,1.6583,238
06623800,ifs,13,0.8190,0.9069,0.9129,1.0043,238
06632400,ifs,13,-0.3596,0.2983,0.4545,1.4180,238
06784000,ifs,13,-1.1790,-0.0856,0.0462,1.3319,238
06803510,ifs,13,-0.0454,-0.3752,-0.0156,0.5760,238
06803530,ifs,13,-0.0971,-0.2744,-0.0232,0.7659,238
06814000,ifs,13,-0.3011,-0.1132,0.0230,0.6888,238
06846500,ifs,13,-0.0094,-0.4704,-0.0574,1.3790,238
06847900,ifs,13,-0.0255,-0.3275,0.0402,1.3096,238
06853800,ifs,13,-0.5497,-0.1367,0.3443,1.9212,238
06876700,ifs,13,-0.0988,-0.4867,0.1292,0.1970,238
06878000,ifs,13,-0.0519,-0.3155,0.0720,0.4491,238
06879650,ifs,13,-0.6128,-0.0582,0.0462,0.5795,237
06885500,ifs,13,-0.0641,-0.2606,0.1292,0.3830,238
06888500,ifs,13,-0.0607,-0.3856,0.0346,0.3909,238
06889200,ifs,13,-0.0525,-0.1981,0.1323,0.4841,238
06889500,ifs,13,-0.2985,0.0751,0.1450,0.8028,238
06892000,ifs,13,-1.5865,-0.0185,0.0228,0.9475,238
06903400,ifs,13,-0.0969,-0.4635,0.0058,0.2614,238
06906800,ifs,13,-0.3216,-0.2088,-0.0354,0.6026,238
06910800,ifs,13,-0.1202,-0.1606,0.0864,0.5824,238
06911900,ifs,13,-0.0991,-0.1741,0.1029,0.5339,238
06917000,ifs,13,-0.3688,-0.1423,0.0314,0.5337,238
06918460,ifs,13,-0.1038,0.2137,0.2745,0.9808,238
06919500,ifs,13,-0.5892,0.0827,0.1359,0.7079,238
06921070,ifs,13,-0.1683,-0.0981,0.0869,0.6743,238
06921200,ifs,13,-0.1123,-0.4375,0.0046,0.3039,238
06934000,ifs,13,-0.5646,0.2532,0.2711,0.8481,237
07014500,ifs,13,-0.0986,-0.2336,0.0233,0.7104,238
07056000,ifs,13,-0.2723,0.1953,0.2257,0.9279,238
07057500,ifs,13,-0.5459,0.1314,0.1451,0.8956,230
07060710,ifs,13,-0.0001,-0.3937,0.0281,1.0504,238
07066000,ifs,13,-0.6549,0.0522,0.0629,0.9389,238
07067000,ifs,13,-0.6519,0.1816,0.2317,0.7188,238
07068000,ifs,13,-0.5271,0.2527,0.2603,0.8940,237
07071500,ifs,13,-1.3694,0.1571,0.2831,0.8642,238
07083000,ifs,13,-2.6127,-0.6379,0.8371,2.0059,238
07142300,ifs,13,-8.4687,-5.0916,-0.0974,6.9282,238
07145700,ifs,13,0.0072,-0.3925,0.1631,0.2344,238
07148400,ifs,13,-3.6881,-0.4432,0.4485,1.6320,238
07149000,ifs,13,-3.2568,-0.3420,0.3025,1.6692,238
07151500,ifs,13,0.0028,-0.2765,0.1547,0.4658,238
07167500,ifs,13,-0.2208,-0.3231,0.0835,1.8346,238
07180500,ifs,13,-0.2395,-0.0898,0.0389,0.8026,238
07184000,ifs,13,-0.1368,-0.1366,0.0939,0.5771,236
07195800,ifs,13,-3.0779,-0.2485,0.0254,1.0271,236
07196900,ifs,13,-1.0683,0.0204,0.0505,1.2267,237
07197000,ifs,13,-2.2555,-0.1003,0.2243,1.2679,238
07208500,ifs,13,-0.4990,0.3073,0.6719,1.1796,238
07226500,ifs,13,-0.0150,-0.3409,0.0661,0.4864,236
07261000,ifs,13,-21.2757,-3.0796,0.1132,2.5673,236
07263295,ifs,13,-19.0274,-3.9586,0.0355,4.5676,236
07290650,ifs,13,-0.3677,0.0148,0.1194,0.6717,238
07291000,ifs,13,-0.3964,-0.0589,0.1806,0.3905,238
07292500,ifs,13,-0.2035,-0.0221,0.1119,0.7597,238
07295000,ifs,13,-0.1672,-0.1468,0.0693,0.6095,238
07299670,ifs,13,-10.8437,-2.0821,0.0676,2.8021,228
07301410,ifs,13,-0.3948,-0.3021,-0.1557,0.7688,227
07301500,ifs,13,-0.1811,-0.5676,0.0400,1.7710,200
07315200,ifs,13,-12.7769,-3.1148,-0.0344,4.1222,161
07315700,ifs,13,-63.4325,-10.2923,0.0203,10.0649,218
07335700,ifs,13,-0.2748,-0.1372,0.0400,0.6048,229
07340300,ifs,13,-1.0992,0.1463,0.2271,1.2148,238
07346045,ifs,13,-12.2055,-1.7788,0.1518,1.4381,238
07359610,ifs,13,-4.1347,-0.7434,0.2070,2.0218,238
07362100,ifs,13,-9.8207,-1.9872,0.2810,2.9411,238
07362587,ifs,13,-7.7111,-1.6351,0.0548,2.6908,236
07373000,ifs,13,-1.3230,0.1256,0.2500,0.8440,234
07375000,ifs,13,-0.0357,-0.2569,0.1874,0.3811,238
07376000,ifs,13,-0.1948,0.1281,0.2635,0.6287,238
08013000,ifs,13,-0.2154,0.0854,0.2078,0.6727,238
08014500,ifs,13,-0.8247,-0.0132,0.0417,0.6791,238
08023080,ifs,13,-1.1446,-0.8329,0.1742,2.6277,238
08025500,ifs,13,-0.2158,0.0252,0.1145,1.0164,238
08029500,ifs,13,-0.7487,-0.0692,-0.0277,1.2373,238
08050800,ifs,13,-0.7781,-0.0398,-0.0290,1.0288,237
08066200,ifs,13,-0.4408,-0.0728,0.0023,0.7920,238
08066300,ifs,13,-0.0855,-0.4665,-0.0275,0.3037,238
08070000,ifs,13,-12.1756,-2.0052,0.1165,2.3647,238
08070200,ifs,13,-2.6557,-0.2103,0.1087,1.3762,238
08079600,ifs,13,-11.0279,-6.1128,0.1301,7.6798,194
08082700,ifs,13,-7.0064,-1.3027,-0.0116,2.2740,224
08086212,ifs,13,-0.3247,-0.6336,0.0876,2.3099,238
08086290,ifs,13,-3.1327,-3.7265,0.0468,5.5637,238
08101000,ifs,13,-18.8755,-3.1100,0.2118,3.0743,238
08103900,ifs,13,-0.0471,0.1414,0.2773,0.7350,238
08104900,ifs,13,-0.1725,-0.3219,0.0262,0.3757,238
08109700,ifs,13,-4.6357,-1.1890,0.0351,2.5949,222
08150800,ifs,13,-0.0115,-0.5249,-0.0236,0.3653,238
08155200,ifs,13,-3.3229,-1.4374,0.0536,3.1117,238
08158700,ifs,13,-16.4048,-11.8035,0.0090,13.4980,238
08158810,ifs,13,-0.1104,0.0063,0.1408,1.0239,238
08164000,ifs,13,-20.9727,-3.9036,0.0525,4.2557,238
08164300,ifs,13,-2.1518,-0.3446,-0.0227,1.7556,235
08164600,ifs,13,-74.5656,-11.2960,0.0960,10.6450,238
08165300,ifs,13,-3.4149,-0.3826,-0.0111,1.4379,238
08171300,ifs,13,-34.6565,-32.3934,-0.0283,34.1598,238
08175000,ifs,13,-6.6710,-0.8933,0.0321,1.2046,238
08176900,ifs,13,-68.4229,-11.8789,0.3528,11.5533,238
08178880,ifs,13,-0.0648,-0.5339,0.0168,0.1992,238
08189500,ifs,13,-3.4839,-0.4946,0.1996,1.6756,238
08190000,ifs,13,-0.1543,-0.2461,-0.0189,0.6567,238
08190500,ifs,13,-31.8069,-4.1091,0.0709,2.8243,232
08194200,ifs,13,-0.3068,-0.1820,0.0449,0.4361,238
08195000,ifs,13,-0.3238,-0.1746,-0.0120,0.6052,238
08196000,ifs,13,-0.0367,-0.0361,0.1647,1.1749,226
08198500,ifs,13,-0.0150,-0.6210,-0.0534,0.2317,238
08200000,ifs,13,-0.0390,-0.5077,0.0527,0.2026,238
08202700,ifs,13,-0.0293,-0.5682,-0.0140,0.1758,237
08267500,ifs,13,-25.3260,-2.4961,0.6988,2.7645,238
08269000,ifs,13,-8.8594,-1.2431,0.5573,1.8899,238
08271000,ifs,13,-54.4056,-4.6019,0.7793,2.6758,238
08324000,ifs,13,-0.3090,0.4311,0.6100,1.2490,238
08377900,ifs,13,-4.9666,-0.5998,0.4532,1.4797,238
08378500,ifs,13,-5.8559,-0.9381,0.6066,1.3469,230
08380500,ifs,13,-3.7418,-0.3577,0.5640,1.9441,238
09034900,ifs,13,0.0252,0.1472,0.8733,1.6128,234
09035900,ifs,13,0.5217,0.7295,0.8155,1.1113,204
09047700,ifs,13,-5.1803,-0.9968,0.8613,1.4664,236
09065500,ifs,13,0.7215,0.6141,0.9484,1.1674,238
09066000,ifs,13,-1.1044,0.1197,0.5681,1.1955,238
09066200,ifs,13,0.7036,0.6117,0.9322,1.2542,238
09066300,ifs,13,-0.4953,-0.0500,0.7849,1.8333,238
09081600,ifs,13,0.0890,0.5840,0.6276,1.0539,238
09107000,ifs,13,-1.3505,-0.0301,0.6795,1.3094,237
09210500,ifs,13,-1.4222,0.0958,0.7363,1.5483,211
09223000,ifs,13,-3.0255,-0.5941,0.8712,2.0075,177
09306242,ifs,13,-452.2588,-4.1195,0.8580,5.9715,236
09312600,ifs,13,-2.2873,-0.6641,0.4656,2.4361,238
09352900,ifs,13,-0.7526,0.2293,0.5810,1.3909,208
09378170,ifs,13,0.2248,0.2599,0.5207,1.3491,238
09378630,ifs,13,,,,,238
09386900,ifs,13,-59.2430,-6.0617,-0.0123,3.3737,238
09404450,ifs,13,0.6779,0.8203,0.8370,0.9476,238
09430500,ifs,13,-1.5479,0.0185,0.2640,0.3527,238
09430600,ifs,13,-0.4514,0.0916,0.3598,0.3561,238
09447800,ifs,13,-2.3784,-0.6375,0.0674,2.0618,238
09480000,ifs,13,-0.2972,-3.8301,0.2020,5.7494,238
09484000,ifs,13,-1.1273,-0.9000,0.1525,2.6953,213
09484600,ifs,13,-1.0657,-1.8956,0.1378,3.7634,237
09492400,ifs,13,-1.6909,0.0009,0.7237,1.7401,236
09494000,ifs,13,-0.6592,0.3261,0.4995,1.1515,238
09497800,ifs,13,-0.1402,-0.6436,-0.2346,1.6240,238
09497980,ifs,13,-1.0755,0.1230,0.1445,1.0242,210
09505200,ifs,13,-1.5901,0.0303,0.3572,1.2987,238
09505350,ifs,13,-0.5899,0.1773,0.4240,1.5079,238
09505800,ifs,13,-2.0969,-0.0549,0.2478,1.1941,238
09508300,ifs,13,-6.4040,-0.8792,0.1283,1.0960,238
09510200,ifs,13,-104.9838,-9.4197,0.0226,5.7957,219
09512280,ifs,13,-1.3972,-1.3470,0.0225,3.1266,238
09513780,ifs,13,-45.8968,-10.5771,0.1574,11.3063,237
10023000,ifs,13,-14.1653,-0.6341,0.0534,2.1991,238
10166430,ifs,13,-13698.3890,-91.5396,0.5402,73.1405,238
10172700,ifs,13,-29.9032,-0.2523,0.6392,2.0267,238
10172800,ifs,13,-10.3840,-0.9343,0.7855,2.3862,238
10173450,ifs,13,-0.6713,0.3106,0.3616,1.0455,238
10205030,ifs,13,-197.7896,-10.0436,-0.0211,2.3841,238
10234500,ifs,13,-0.1201,-0.2723,-0.0485,0.8822,234
10242000,ifs,13,-30.2280,-3.7805,0.4108,4.5066,238
10244950,ifs,13,-37.8469,-1.5823,0.7148,1.5655,238
10249300,ifs,13,-47.1875,-4.7088,0.4919,4.3881,237
10258000,ifs,13,,,,,66
10258500,ifs,13,-0.0259,-0.1797,0.1257,0.5946,238
10259000,ifs,13,0.7711,0.6980,0.9039,1.0791,238
10259200,ifs,13,-2.8768,-4.1930,0.5997,6.0676,238
10263500,ifs,13,0.0599,0.3378,0.8577,1.2277,238
10310500,ifs,13,-3.8608,-0.3129,0.6325,1.8211,238
10316500,ifs,13,-0.3016,0.3413,0.6870,1.2276,238
10329500,ifs,13,0.0463,0.4143,0.7984,1.1980,238
10336645,ifs,13,-0.4969,0.3304,0.4934,1.2941,224
10336660,ifs,13,-0.0555,0.5206,0.5615,1.1039,238
10343500,ifs,13,0.1253,0.5370,0.5548,0.8777,238
10348850,ifs,13,-2.5409,-0.0520,0.8051,1.7439,238
10396000,ifs,13,0.1328,0.5974,0.7011,1.1935,238
11098000,ifs,13,-0.1229,0.3768,0.3955,1.1284,238
11124500,ifs,13,-2.5285,-0.8892,0.8767,2.3646,238
11141280,ifs,13,0.0251,0.0254,0.2317,1.0126,238
11143000,ifs,13,-0.1790,0.3390,0.3585,1.1295,238
11148900,ifs,13,-0.0627,-0.1440,0.1467,0.5144,238
11151300,ifs,13,-0.0544,-0.3041,-0.0117,0.7385,238
11162500,ifs,13,-0.0786,-0.0196,0.2004,0.6207,238
11176400,ifs,13,-0.3122,-0.0488,0.0604,0.7337,144
11180500,ifs,13,-2.5288,-0.6609,0.1034,2.2226,238
11180960,ifs,13,-1.6954,-0.6509,0.1869,2.3744,238
11224500,ifs,13,-0.0257,-0.6746,-0.0379,0.1139,238
11253310,ifs,13,-0.0255,-0.4555,0.0766,0.3220,238
11264500,ifs,13,-1.3927,0.0805,0.1445,1.0604,238
11266500,ifs,13,-1.2885,0.1375,0.2598,1.1777,238
11274500,ifs,13,-0.4568,0.0675,0.1001,1.1125,238
11274630,ifs,13,-0.2178,0.0040,0.1009,0.9255,238
11284400,ifs,13,-0.5143,-0.0979,0.0791,0.4432,238
11299600,ifs,13,-0.3441,-0.0496,0.0488,0.7479,235
11381500,ifs,13,0.2628,0.2548,0.5207,0.9940,238
11383500,ifs,13,0.2494,0.3696,0.5113,1.0696,238
11451100,ifs,13,-1.3430,0.1123,0.2912,1.2508,106
11468500,ifs,13,0.0088,0.1942,0.3043,1.0115,238
11473900,ifs,13,0.2000,0.2174,0.4475,0.9461,238
11475560,ifs,13,-0.2106,0.2778,0.2958,1.0260,238
11476600,ifs,13,-0.6764,0.1834,0.4307,1.4778,237
11478500,ifs,13,-0.4236,0.0879,0.2668,1.5405,238
11480390,ifs,13,0.1203,0.2181,0.3777,0.9810,238
11481200,ifs,13,-1.9309,-0.2351,0.2910,1.7454,238
11482500,ifs,13,-1.3620,-0.1173,0.4654,1.7184,238
11522500,ifs,13,-0.5303,0.1537,0.5193,1.6222,238
11523200,ifs,13,-0.9375,-0.0070,0.5804,1.7485,238
11528700,ifs,13,0.3427,0.4072,0.5886,1.1318,238
11532500,ifs,13,-0.7703,0.2311,0.3953,1.3248,238
12010000,ifs,13,-0.0191,0.2901,0.3917,0.7283,238
12013500,ifs,13,-0.2044,0.3735,0.3786,0.9276,238
12020000,ifs,13,-0.0022,0.1043,0.3482,0.5616,238
12025000,ifs,13,-0.1321,0.3337,0.3524,1.0643,238
12025700,ifs,13,-0.0968,0.1993,0.2819,0.8396,238
12035000,ifs,13,0.3706,0.5867,0.6591,0.8195,238
12040500,ifs,13,-0.1521,0.3899,0.4147,0.8311,238
12041200,ifs,13,-0.5280,0.3657,0.4810,0.8639,238
12043000,ifs,13,0.1990,0.5220,0.5755,0.8045,238
12048000,ifs,13,-1.3016,0.0962,0.5739,1.3027,238
12054000,ifs,13,-0.8480,0.1792,0.6139,1.3524,238
12056500,ifs,13,-0.3359,0.4156,0.5824,0.9113,238
12073500,ifs,13,-0.0155,0.5030,0.5103,1.0842,237
12082500,ifs,13,0.1735,0.2661,0.4305,1.0161,232
12092000,ifs,13,0.0004,0.1729,0.2898,0.9779,238
12095000,ifs,13,0.2787,0.3758,0.5381,0.8769,238
12114500,ifs,13,0.4023,0.3625,0.6698,0.9882,238
12115000,ifs,13,0.3843,0.3528,0.6498,0.9643,238
12115500,ifs,13,0.2679,0.2885,0.5303,0.8151,238
12117000,ifs,13,0.4370,0.4870,0.6653,0.9473,238
12141300,ifs,13,-0.0838,0.1613,0.2531,1.0996,238
12143600,ifs,13,0.1923,0.2622,0.4551,1.1563,234
12144000,ifs,13,0.2842,0.3899,0.5373,0.9852,237
12145500,ifs,13,0.2977,0.3616,0.5652,0.7759,238
12147600,ifs,13,-0.2078,0.1384,0.1973,0.9397,238
12167000,ifs,13,0.0327,0.3765,0.4366,1.1884,238
12175500,ifs,13,-0.3097,0.4294,0.4711,1.1243,238
12186000,ifs,13,-0.3002,0.2859,0.3124,1.1765,235
12189500,ifs,13,-0.2778,0.3349,0.3837,1.2491,237
12358500,ifs,13,0.6168,0.8113,0.8207,1.0003,238
12377150,ifs,13,0.5108,0.7479,0.7578,0.9300,238
12381400,ifs,13,0.4152,0.5505,0.8641,1.2012,205
12390700,ifs,13,0.4524,0.6414,0.7164,1.1745,238
12411000,ifs,13,0.7724,0.7588,0.8908,1.1651,227
12414500,ifs,13,0.6559,0.6830,0.8225,0.8947,238
12447390,ifs,13,-0.1965,-0.2318,0.2341,0.3629,238
12451000,ifs,13,0.3991,0.6474,0.7880,1.2229,238
12488500,ifs,13,0.5509,0.7194,0.7789,1.1541,238
13011500,ifs,13,0.5465,0.5003,0.9063,1.3593,238
13011900,ifs,13,0.8159,0.8287,0.9310,0.9817,238
13018300,ifs,13,-0.2971,0.0440,0.9462,1.4855,238
13023000,ifs,13,0.4343,0.7129,0.7765,0.9400,196
13161500,ifs,13,0.4703,0.6741,0.7317,0.8338,238
13235000,ifs,13,0.5771,0.6597,0.7762,0.8889,236
13240000,ifs,13,0.8027,0.8837,0.8972,0.9965,159
13310700,ifs,13,0.5901,0.5296,0.8830,0.6832,238
13313000,ifs,13,0.7056,0.5029,0.9544,0.6531,238
13331500,ifs,13,0.2944,0.4196,0.8866,1.2764,238
13337000,ifs,13,0.6314,0.6999,0.8278,0.8194,238
13338500,ifs,13,0.6615,0.8255,0.8391,1.0587,238
13340000,ifs,13,0.4649,0.6240,0.7409,0.7893,238
13340600,ifs,13,0.5445,0.6001,0.8573,0.6918,238
14020000,ifs,13,0.1168,0.0581,0.4168,0.6403,238
14092750,ifs,13,0.1703,0.4134,0.4928,0.9000,238
14096850,ifs,13,-2.3817,0.0811,0.4551,0.5035,238
14137000,ifs,13,0.1286,0.2272,0.3864,0.9909,233
14138800,ifs,13,-0.0921,0.0333,0.1723,0.8740,238
14138870,ifs,13,0.0004,0.1474,0.2932,0.8172,238
14138900,ifs,13,0.0069,0.0531,0.2401,0.8647,238
14139800,ifs,13,-0.0475,0.1332,0.2654,0.7974,236
14141500,ifs,13,-0.0047,0.2118,0.3150,0.8819,238
14154500,ifs,13,-0.8723,0.2284,0.3659,1.2562,238
14158500,ifs,13,0.7167,0.7254,0.8764,1.0913,223
14158790,ifs,13,-0.0278,0.4254,0.4415,1.0993,234
14166500,ifs,13,0.2033,0.3252,0.4673,0.9580,238
14182500,ifs,13,-0.1204,0.1739,0.2652,0.7943,238
14185000,ifs,13,-0.1687,0.4017,0.4052,1.0622,238
14185900,ifs,13,-0.3413,0.2562,0.2625,0.9946,235
14187000,ifs,13,-0.2346,0.4056,0.4382,1.1762,237
14216500,ifs,13,0.3580,0.5503,0.6170,1.0245,235
14222500,ifs,13,0.0875,0.1881,0.3451,0.9637,238
14236200,ifs,13,0.1299,0.2455,0.4145,0.8025,237
14301000,ifs,13,-0.0231,0.2915,0.3497,0.9260,237
14303200,ifs,13,0.1572,0.2143,0.4095,0.8989,238
14305500,ifs,13,0.0486,0.2994,0.3777,0.9460,236
14306340,ifs,13,0.2181,0.3365,0.4966,0.8013,238
14306500,ifs,13,0.2824,0.4963,0.5646,0.9492,238
14308990,ifs,13,0.0251,0.4356,0.4517,1.0452,238
14309500,ifs,13,-0.2556,0.3657,0.3683,1.0571,238
14316700,ifs,13,-0.8853,0.2269,0.3791,1.2574,238
14325000,ifs,13,-0.3917,0.3668,0.3777,1.0427,238
14362250,ifs,13,-0.8851,0.1956,0.2870,0.7303,148
14400000,ifs,13,-0.2351,0.4438,0.4590,1.0256,238
01013500,ifs,14,0.8745,0.8145,0.9439,0.8670,238
01022500,ifs,14,0.4178,0.6577,0.6843,1.0850,238
01030500,ifs,14,0.6226,0.7459,0.8572,1.1141,238
01031500,ifs,14,-0.2925,0.4221,0.4442,1.0699,236
01047000,ifs,14,0.0102,0.5279,0.5331,1.0424,238
01052500,ifs,14,0.1808,0.3248,0.4775,0.7632,238
01054200,ifs,14,-0.0299,0.0411,0.2853,0.5630,238
01055000,ifs,14,0.0178,0.4235,0.4407,0.9952,236
01057000,ifs,14,0.5016,0.6926,0.7260,0.9362,236
01073000,ifs,14,0.1878,0.5430,0.7336,1.2083,238
01078000,ifs,14,0.2816,0.3807,0.5822,0.7083,236
01118300,ifs,14,-0.0394,0.4197,0.4451,0.8528,236
01121000,ifs,14,0.4185,0.6209,0.6913,1.1908,236
01123000,ifs,14,0.5473,0.5627,0.7496,0.8975,238
01134500,ifs,14,0.4293,0.6397,0.6829,0.9015,236
01137500,ifs,14,0.1849,0.4006,0.5124,0.7841,238
01139000,ifs,14,0.1981,0.5991,0.6021,0.9508,234
01139800,ifs,14,0.6683,0.8221,0.8288,1.0297,238
01142500,ifs,14,0.4697,0.7001,0.7207,0.9177,236
01144000,ifs,14,0.5539,0.7724,0.7973,0.9267,238
01169000,ifs,14,0.2980,0.5259,0.5824,1.0537,236
01170100,ifs,14,0.3632,0.6004,0.6361,0.9692,237
01181000,ifs,14,0.5500,0.6952,0.7496,1.0807,236
01187300,ifs,14,0.3238,0.4888,0.5885,1.1283,238
01195100,ifs,14,0.0815,0.3115,0.4106,0.8446,238
01333000,ifs,14,0.4126,0.5194,0.6479,0.9024,236
01350000,ifs,14,0.0615,0.0485,0.2997,0.7168,235
01350080,ifs,14,0.5548,0.5595,0.7613,0.7931,238
01350140,ifs,14,0.4021,0.5890,0.6884,0.7555,188
01365000,ifs,14,0.2844,0.3500,0.5457,0.8370,236
01411300,ifs,14,-0.2116,0.0052,0.1275,1.1952,229
01413500,ifs,14,0.2936,0.3045,0.5818,0.7431,236
01414500,ifs,14,0.0396,0.0350,0.3388,0.5926,236
01415000,ifs,14,0.2970,0.2248,0.7042,0.5646,193
01423000,ifs,14,0.3525,0.3679,0.6500,0.7147,238
01434025,ifs,14,0.2124,0.3804,0.5532,0.6552,238
01435000,ifs,14,0.2365,0.2382,0.5026,0.7963,237
01439500,ifs,14,0.2219,0.5588,0.5901,0.8638,236
01440000,ifs,14,0.0428,0.4264,0.4492,0.9560,238
01440400,ifs,14,0.2984,0.6027,0.6158,0.9843,212
01451800,ifs,14,-0.4561,0.2560,0.3000,1.2516,236
01466500,ifs,14,-3.5106,-0.8431,0.7961,1.0023,236
01484100,ifs,14,-0.6173,0.3018,0.4204,1.3299,238
01485500,ifs,14,-3.7779,-0.7236,0.4437,2.1197,233
01486000,ifs,14,-2.3000,-0.2340,0.3811,1.8319,238
01487000,ifs,14,-0.0071,0.5444,0.6347,1.0550,238
01491000,ifs,14,0.4685,0.5336,0.6853,0.9763,238
01510000,ifs,14,0.4704,0.6001,0.6899,0.9433,238
01516500,ifs,14,-0.0851,0.0402,0.2562,0.5956,238
01518862,ifs,14,0.1077,0.3040,0.4752,0.6625,238
01532000,ifs,14,-0.5827,0.3423,0.3916,1.0114,236
01539000,ifs,14,-0.2817,0.3976,0.4016,1.0194,220
01542810,ifs,14,-1.0334,0.2248,0.3749,1.0005,236
01543000,ifs,14,-1.1394,0.1907,0.4066,0.9468,238
01543500,ifs,14,-1.0731,0.2105,0.3671,0.8997,236
01544500,ifs,14,0.1549,0.4338,0.5723,0.6738,238
01545600,ifs,14,0.2907,0.3850,0.6209,0.6624,238
01547700,ifs,14,-0.3203,0.0358,0.0975,0.9187,238
01548500,ifs,14,0.2090,0.3369,0.5769,0.6242,236
01549500,ifs,14,0.1704,0.4862,0.5572,0.7734,236
01550000,ifs,14,0.1472,0.4172,0.5229,0.7424,236
01552000,ifs,14,-0.0263,0.4346,0.4578,0.8598,238
01552500,ifs,14,-0.3930,0.3832,0.4042,0.9397,238
01557500,ifs,14,-1.1688,0.1078,0.1372,0.9907,238
01567500,ifs,14,-0.8147,0.1046,0.1178,1.1522,238
01568000,ifs,14,-1.0251,0.1753,0.2734,1.2503,238
01580000,ifs,14,-0.3613,0.2095,0.2216,0.9997,234
01583500,ifs,14,-0.1440,0.2666,0.3073,0.9034,238
01586610,ifs,14,-0.6070,0.1792,0.1855,0.9004,204
01591400,ifs,14,0.0297,0.2163,0.3265,0.9661,238
01596500,ifs,14,-0.2096,0.2221,0.2609,0.8902,236
01605500,ifs,14,-0.7988,0.2410,0.5290,1.2681,236
01606500,ifs,14,-0.7393,0.3037,0.4423,0.9064,211
01613050,ifs,14,-1.0959,0.1077,0.1928,1.3001,238
01620500,ifs,14,0.0895,0.3314,0.4830,0.6448,236
01632000,ifs,14,-0.5644,0.3276,0.3529,1.0026,236
01632900,ifs,14,-0.5339,0.3268,0.3443,1.0121,236
01634500,ifs,14,-0.1664,0.2102,0.2566,0.9516,221
01638480,ifs,14,-4.0243,-0.6701,0.2719,2.0712,233
01639500,ifs,14,-0.5604,0.1714,0.2103,1.2481,238
01644000,ifs,14,-2.3273,-0.3326,0.3236,1.9959,238
01658500,ifs,14,-1.6214,-0.0685,0.0509,1.3872,207
01664000,ifs,14,-0.1730,0.4176,0.4177,1.0026,238
01666500,ifs,14,-0.6226,0.2622,0.3065,1.2202,223
01667500,ifs,14,-1.2600,0.1502,0.3261,1.2336,216
01669000,ifs,14,-0.2317,0.3440,0.3539,1.0954,213
01669520,ifs,14,-2.7828,-0.2282,0.3592,1.7321,236
02011400,ifs,14,-0.7899,0.2109,0.5495,1.3127,238
02011460,ifs,14,-0.1250,0.4524,0.4531,0.9992,238
02013000,ifs,14,-0.8523,0.1368,0.2819,1.4244,238
02014000,ifs,14,-2.8678,-0.2211,0.1684,1.2692,237
02015700,ifs,14,-0.4382,0.3687,0.5105,1.2314,220
02016000,ifs,14,-0.4893,0.3088,0.6240,1.1759,237
02017500,ifs,14,-2.2086,-0.1296,0.3412,1.3998,236
02018000,ifs,14,-2.6243,-0.2131,0.2952,1.3621,231
02027000,ifs,14,-0.4890,0.3508,0.5857,0.9393,218
02027500,ifs,14,0.2550,0.5640,0.6796,0.7070,221
02028500,ifs,14,-0.3694,0.4053,0.4343,0.9681,213
02038850,ifs,14,-1.0109,0.1571,0.1821,1.0039,236
02046000,ifs,14,-1.5363,-0.1179,0.1611,1.6586,228
02051000,ifs,14,-1.2970,0.0297,0.1097,1.2955,238
02051500,ifs,14,-1.8541,-0.0841,0.1000,1.4100,236
02053200,ifs,14,-3.8956,-0.5709,0.0608,1.8170,210
02053800,ifs,14,-1.3605,0.0800,0.1331,0.9726,219
02055100,ifs,14,-6.5157,-0.9303,0.1769,1.4230,236
02056900,ifs,14,-3.7719,-0.3820,0.1091,1.1298,212
02059500,ifs,14,-1.9601,-0.0070,0.2262,0.9905,207
02064000,ifs,14,-1.7616,-0.0210,0.0540,0.9586,226
02065500,ifs,14,-1.2897,0.1000,0.1891,0.7662,236
02069700,ifs,14,-1.4030,0.0358,0.1052,1.2697,210
02070000,ifs,14,-1.2335,0.0503,0.0979,1.2368,236
02074500,ifs,14,-1.4651,0.0302,0.1200,1.2598,238
02077200,ifs,14,-4.4384,-0.5693,0.1584,1.4153,233
02081500,ifs,14,-3.9872,-0.6392,-0.0125,1.8657,238
02082950,ifs,14,-6.3307,-1.1690,0.2533,2.1802,238
02092500,ifs,14,-5.7005,-1.2848,0.2270,2.6732,238
02096846,ifs,14,-2.5857,-0.4340,0.0409,1.8662,238
02102908,ifs,14,-0.8221,0.0821,0.0822,0.9917,238
02108000,ifs,14,-0.1985,0.4145,0.4779,1.2456,238
02111180,ifs,14,-0.5318,-0.0394,0.0027,1.1037,238
02111500,ifs,14,-1.3111,0.0177,0.0343,1.0074,236
02118500,ifs,14,-1.5266,0.0948,0.2565,1.1034,238
02128000,ifs,14,-4.5184,-1.3198,-0.0052,2.8337,238
02137727,ifs,14,-0.9921,0.0172,0.0173,1.0047,238
02140991,ifs,14,-1.1990,0.0219,0.0464,1.1866,238
02143000,ifs,14,-2.0486,0.0135,0.2712,1.2612,238
02143040,ifs,14,-5.4654,-0.6952,0.0919,1.0093,236
02149000,ifs,14,-0.3454,0.0536,0.1035,1.0354,238
02152100,ifs,14,-5.9641,-0.7690,0.0580,1.1041,238
02177000,ifs,14,-1.3558,0.0404,0.0736,1.1135,236
02178400,ifs,14,-1.6706,0.0574,0.2264,1.0054,236
02193340,ifs,14,-1.6491,-0.0407,0.1577,1.4394,238
02196000,ifs,14,-0.2938,-0.1997,-0.0217,0.6147,238
02198100,ifs,14,-0.7626,-0.0741,-0.0346,1.2320,237
02202600,ifs,14,-11.0757,-1.7883,0.0809,2.3982,238
02212600,ifs,14,-0.2414,0.0230,0.1055,1.0251,236
02215100,ifs,14,-0.5916,-0.0825,-0.0212,0.7554,238
02216180,ifs,14,-0.1120,-0.4153,-0.0697,0.4708,236
02221525,ifs,14,-0.2852,0.1545,0.1928,1.0675,236
02231000,ifs,14,-17.4861,-2.4187,0.0095,1.9095,238
02231342,ifs,14,-6.2823,-0.9461,0.0951,1.8390,238
02235200,ifs,14,0.4159,0.6078,0.6773,1.1026,237
02245500,ifs,14,-7.1625,-0.9765,0.0727,1.3087,238
02246000,ifs,14,-3.5270,-0.3358,0.1342,0.9590,236
02296500,ifs,14,-8.2526,-1.5918,0.0238,2.6043,227
02297155,ifs,14,-0.3247,-0.3205,0.0320,0.2964,237
02297310,ifs,14,-3.0028,-0.2522,0.0253,0.7728,228
02298123,ifs,14,-0.4510,0.0277,0.1479,0.5818,238
02298608,ifs,14,-3.9399,-0.4150,0.0472,1.2032,238
02299950,ifs,14,-1.9220,-0.0940,-0.0073,0.7929,238
02300700,ifs,14,-0.1404,-0.1423,0.1272,0.5121,238
02310947,ifs,14,-0.7383,-2.0336,-0.2866,3.6553,238
02312200,ifs,14,-19.8880,-4.2068,0.2768,6.1454,238
02314500,ifs,14,-0.3673,-0.3063,-0.0795,0.6027,238
02315500,ifs,14,-0.3479,-0.5185,-0.1726,0.4547,238
02324400,ifs,14,-0.2052,-1.0264,-0.5293,0.1147,238
02327100,ifs,14,-24.2851,-3.2565,0.0276,2.5025,236
02349900,ifs,14,-0.1145,-0.1035,0.0759,0.8426,238
02350900,ifs,14,-0.5850,0.0994,0.2236,0.6144,238
02361000,ifs,14,-0.5153,0.0985,0.1883,0.6600,238
02363000,ifs,14,-0.1892,-0.3627,0.0767,0.3288,236
02369800,ifs,14,-0.0111,-0.3188,0.1648,0.4513,237
02371500,ifs,14,-0.0233,-0.3060,0.0519,0.6892,238
02372250,ifs,14,-0.0430,-0.2949,0.0245,0.7159,236
02374500,ifs,14,-0.0726,-0.1167,0.1365,0.7116,238
02381600,ifs,14,-2.2062,-0.1108,0.0186,1.1528,237
02384540,ifs,14,-1.0874,0.0660,0.0845,0.8587,238
02395120,ifs,14,-7.2008,-1.0501,0.2055,1.2719,238
02408540,ifs,14,-0.4787,0.2729,0.2752,0.9456,238
02415000,ifs,14,-0.2312,0.2559,0.2810,0.9099,228
02422500,ifs,14,-1.1036,0.1394,0.1907,1.1706,221
02427250,ifs,14,-0.1226,0.0712,0.1836,1.1278,238
02430085,ifs,14,-0.9514,0.0801,0.1453,1.3217,238
02450250,ifs,14,-1.4709,0.0373,0.1230,1.2109,236
02464000,ifs,14,-0.9658,0.1548,0.2370,1.2719,238
02465493,ifs,14,-0.3445,0.2458,0.2652,1.1309,235
02469800,ifs,14,-0.5263,0.1183,0.2096,0.6170,236
02472000,ifs,14,-0.0520,-0.0831,0.1992,0.5684,238
02472500,ifs,14,-0.1814,0.0019,0.2350,0.4992,238
02479155,ifs,14,0.1656,-0.0326,0.5365,0.5088,238
02479300,ifs,14,0.0458,-0.2290,0.4240,0.3420,238
02481000,ifs,14,0.1059,-0.2235,0.5960,0.2072,238
02481510,ifs,14,0.0614,-0.2121,0.4980,0.2724,238
03010655,ifs,14,0.2128,0.4119,0.5683,0.7021,209
03011800,ifs,14,-0.1688,0.3660,0.3923,0.8334,238
03015500,ifs,14,-0.0840,0.5205,0.5942,1.0124,238
03021350,ifs,14,-0.0654,0.5081,0.5369,0.8929,236
03026500,ifs,14,-0.2528,0.3894,0.3951,0.9227,238
03028000,ifs,14,-0.4195,0.3707,0.4311,0.7889,236
03049800,ifs,14,-0.3974,-0.0367,0.0593,0.7196,236
03050000,ifs,14,-0.3476,0.3241,0.3241,0.9992,236
03066000,ifs,14,-0.1436,0.3461,0.3603,0.9354,238
03069500,ifs,14,-0.1364,0.3093,0.3396,0.8852,236
03070500,ifs,14,-2.0648,-0.0545,0.2615,1.2839,236
03076600,ifs,14,-0.3641,0.1329,0.2139,0.6907,238
03078000,ifs,14,-0.4276,0.0750,0.1297,0.7778,238
03140000,ifs,14,-0.6084,0.0735,0.0847,1.0592,236
03144000,ifs,14,-2.1603,-0.0866,0.0617,1.1349,238
03159540,ifs,14,-0.5235,0.1441,0.1513,1.0156,238
03161000,ifs,14,-1.0179,0.0668,0.0721,0.9403,238
03164000,ifs,14,-0.6309,0.3059,0.3366,0.9101,238
03165000,ifs,14,-0.4402,-0.0239,0.0292,0.9155,221
03170000,ifs,14,-0.8827,0.1448,0.1521,0.9549,238
03173000,ifs,14,-1.2424,0.1543,0.2991,1.1555,236
03180500,ifs,14,0.0987,0.4153,0.4577,0.9433,222
03182500,ifs,14,-0.0996,0.4851,0.5114,1.1217,236
03186500,ifs,14,-0.0282,0.4632,0.4697,1.0756,236
03187500,ifs,14,-0.1747,0.4717,0.5031,1.0945,235
03213700,ifs,14,-2.6904,-0.2141,0.3044,1.4115,238
03237280,ifs,14,-0.2780,0.2090,0.2335,0.9558,238
03237500,ifs,14,-0.6588,0.0781,0.1021,1.1916,236
03241500,ifs,14,-0.3624,0.0276,0.1086,0.7464,225
03280700,ifs,14,-2.8415,-0.2408,0.3066,1.1624,213
03281100,ifs,14,-4.4072,-0.6320,0.3294,1.3849,236
03281500,ifs,14,-2.4680,-0.2415,0.4363,1.3622,223
03285000,ifs,14,-1.9332,-0.4363,0.2556,2.0869,235
03291780,ifs,14,-0.6827,0.0090,0.0209,0.9878,238
03300400,ifs,14,-0.4017,0.0323,0.0826,1.1272,238
03340800,ifs,14,-1.5147,0.0165,0.0621,0.9674,190
03346000,ifs,14,-0.9011,0.0463,0.0726,0.7785,238
03364500,ifs,14,-0.2719,-0.1431,0.0264,0.6314,238
03366500,ifs,14,-0.8895,0.0242,0.0295,0.9017,238
03368000,ifs,14,-0.4597,-0.0296,0.0345,0.7901,238
03384450,ifs,14,-0.3924,-0.0077,0.0465,0.9752,238
03439000,ifs,14,-0.4231,-0.1677,-0.0250,0.6937,236
03450000,ifs,14,-0.2235,-0.1456,0.0193,0.8004,238
03455500,ifs,14,-0.9557,0.0727,0.1102,0.7397,236
03456500,ifs,14,-0.7300,-0.0596,-0.0229,0.8110,236
03460000,ifs,14,-1.0206,0.1899,0.2606,0.6713,238
03463300,ifs,14,-0.8744,0.0326,0.0355,0.9323,238
03471500,ifs,14,-0.7802,0.2944,0.4156,0.8362,236
03473000,ifs,14,-1.3732,0.1271,0.2613,0.8609,238
03479000,ifs,14,-3.5908,-0.3410,0.0695,1.0219,236
03488000,ifs,14,-1.3031,0.1194,0.2004,0.9032,238
03498500,ifs,14,-1.3296,0.0861,0.1402,0.9042,238
03500000,ifs,14,-1.5137,0.1199,0.3124,0.8654,236
03504000,ifs,14,-1.2776,0.1696,0.2731,0.8791,236
03574500,ifs,14,-0.5404,0.1777,0.1872,0.8894,238
03604000,ifs,14,-0.4605,-0.0691,-0.0060,0.8655,236
04015330,ifs,14,0.1545,0.1352,0.4082,0.6870,197
04024430,ifs,14,0.1584,0.4331,0.5103,0.7928,238
04027000,ifs,14,0.2134,0.4372,0.5248,0.8276,238
04040500,ifs,14,0.8114,0.8141,0.9029,1.0159,238
04043050,ifs,14,0.7126,0.8104,0.8466,0.9470,182
04045500,ifs,14,0.8727,0.8317,0.9478,0.8439,234
04056500,ifs,14,0.5956,0.5003,0.8424,0.7371,229
04057510,ifs,14,0.8070,0.7125,0.9180,0.8361,158
04057800,ifs,14,0.7924,0.6250,0.9201,0.7572,238
04059500,ifs,14,0.7759,0.7669,0.8851,1.0380,238
04063700,ifs,14,0.5940,0.4299,0.8526,0.6663,238
04074950,ifs,14,0.5469,0.5206,0.8122,0.7894,238
04105700,ifs,14,0.0998,0.3942,0.4476,0.9592,238
04115265,ifs,14,0.0631,0.2442,0.3559,1.0343,238
04122200,ifs,14,0.2333,0.3175,0.5120,0.8610,238
04122500,ifs,14,0.4391,0.5492,0.6740,0.9291,236
04124000,ifs,14,0.5902,0.5649,0.7862,0.9865,238
04127997,ifs,14,0.2271,0.2829,0.4963,0.9172,201
04185000,ifs,14,0.1785,0.4766,0.5170,0.9284,215
04196800,ifs,14,-0.4077,0.0008,0.0545,0.8957,238
04197100,ifs,14,-0.5841,0.0375,0.0905,1.2787,238
04197170,ifs,14,-0.6484,0.0844,0.0950,1.1015,238
04213000,ifs,14,-0.6709,0.3026,0.4834,1.2035,236
04213075,ifs,14,-0.4811,0.3336,0.3486,1.0676,234
04216418,ifs,14,0.1863,0.5216,0.5412,1.0268,238
04221000,ifs,14,-0.0477,0.1755,0.3890,0.5913,238
04224775,ifs,14,-0.0467,0.0559,0.3099,0.5760,236
04256000,ifs,14,0.4665,0.7056,0.7687,1.1493,236
04296000,ifs,14,0.2531,0.5418,0.5824,0.8795,236
05057000,ifs,14,-1.9644,0.0383,0.1509,0.6418,160
05057200,ifs,14,-25.3913,-3.2345,0.1020,1.5034,237
05062500,ifs,14,-0.8777,0.2452,0.3424,1.1691,199
05087500,ifs,14,-2.0889,-0.1494,0.2308,1.5271,238
05120500,ifs,14,-11.4404,-1.5093,0.0162,3.3035,210
05123400,ifs,14,-0.3916,-0.6523,-0.0184,0.1576,238
05129115,ifs,14,-0.8284,-0.6821,0.0643,0.0016,238
05131500,ifs,14,-0.1377,0.2917,0.3629,0.7320,142
05291000,ifs,14,-3.0526,-0.2521,0.1866,1.1659,238
05362000,ifs,14,0.4074,0.7117,0.7140,1.0120,237
05393500,ifs,14,0.2302,0.6064,0.6170,1.0909,238
05399500,ifs,14,-0.4472,0.1383,0.1535,1.0154,236
05408000,ifs,14,0.0055,0.0813,0.2664,0.8626,237
05412500,ifs,14,-0.4283,0.2473,0.2867,0.7652,238
05413500,ifs,14,-1.1248,0.0874,0.1103,0.8373,208
05414000,ifs,14,-0.3863,0.0405,0.2211,0.6337,204
05444000,ifs,14,-11.1951,-1.6678,0.1908,0.9970,236
05454000,ifs,14,-1.1514,0.1152,0.1787,0.7904,238
05458000,ifs,14,-0.3595,0.0418,0.0978,0.8793,238
05466500,ifs,14,-0.2073,-0.1156,0.0475,0.7399,236
05487980,ifs,14,-0.4861,-0.0564,0.0193,0.7331,236
05488200,ifs,14,-0.3716,-0.1892,-0.0008,0.5067,236
05489000,ifs,14,-0.1953,-0.3273,-0.0233,0.4170,236
05495000,ifs,14,-1.4813,-0.0581,0.0898,1.4518,236
05495500,ifs,14,-0.1750,-0.2691,0.0187,0.4639,232
05501000,ifs,14,-0.2037,-0.1836,0.0130,0.6394,236
05503800,ifs,14,-0.6564,-0.0206,-0.0006,0.9349,238
05507600,ifs,14,-0.6041,0.2303,0.2452,1.1388,238
05508805,ifs,14,-1.4373,-0.1069,0.2803,1.6895,236
05514500,ifs,14,-0.7957,0.1551,0.1728,1.1524,236
05525500,ifs,14,-1.1013,0.0020,0.0295,1.2205,236
05556500,ifs,14,-0.2078,-0.1055,0.1317,0.5259,238
05584500,ifs,14,-0.1899,-0.0568,0.1446,0.5783,236
05585000,ifs,14,-0.3058,0.0489,0.1823,0.6082,238
05591550,ifs,14,-0.8814,0.0605,0.0606,0.9933,236
05592050,ifs,14,-0.6961,0.0816,0.0862,0.9488,222
05592575,ifs,14,-0.5195,0.1145,0.1461,0.7997,236
05593575,ifs,14,-3.6581,-0.8760,0.1174,2.3159,238
05593900,ifs,14,-1.3908,0.0322,0.0708,1.0986,236
05595730,ifs,14,-6.4029,-1.2988,0.1527,2.3457,238
06037500,ifs,14,-2.3411,0.3211,0.8374,1.2844,238
06043500,ifs,14,0.3834,0.4211,0.9424,1.3339,238
06154410,ifs,14,-0.1032,-0.2066,0.0952,0.6302,238
06188000,ifs,14,0.7656,0.8333,0.9047,1.0310,238
06191500,ifs,14,0.7608,0.6979,0.9461,1.1407,238
06221400,ifs,14,0.7870,0.8405,0.9127,1.0659,238
06224000,ifs,14,0.7094,0.8335,0.8631,1.0919,238
06289000,ifs,14,-0.0435,0.5290,0.6269,0.9892,238
06332515,ifs,14,-5.1862,-1.3269,0.2775,2.6380,118
06339100,ifs,14,-113.9798,-9.8216,0.2022,5.8001,174
06339500,ifs,14,-10.5564,-1.5202,0.1027,1.1704,167
06344600,ifs,14,-219.8045,-13.9143,0.1080,7.4378,177
06350000,ifs,14,-72.6548,-6.9984,0.2389,4.3460,238
06352000,ifs,14,-13.2943,-1.8960,0.0546,1.6532,237
06353000,ifs,14,-0.1314,-0.1679,0.0278,0.8396,236
06354000,ifs,14,-8.1637,-1.2857,0.2999,1.1967,173
06360500,ifs,14,-17.5229,-2.4658,0.0552,2.0244,139
06404000,ifs,14,-23.7576,-3.0346,0.0445,2.1939,205
06406000,ifs,14,-181.8559,-4.3974,0.4774,5.8282,180
06408700,ifs,14,-1661.6940,-4.1120,0.1814,1.5136,238
06409000,ifs,14,-1.9082,0.6080,0.7829,1.2794,193
06431500,ifs,14,-5.3868,-0.3432,0.3372,1.1446,227
06440200,ifs,14,-6.2843,-0.8202,-0.0132,1.2412,160
06441500,ifs,14,-40.0611,-5.4431,0.0108,4.8384,177
06447000,ifs,14,-0.2911,0.0395,0.1474,0.6810,140
06447500,ifs,14,-0.3563,-0.0851,0.0351,0.7847,238
06450500,ifs,14,0.0724,-0.0498,0.3118,1.0511,208
06452000,ifs,14,-0.1634,-0.1773,-0.0071,1.0733,175
06453600,ifs,14,-15.1019,-2.1293,-0.0271,2.1001,235
06464500,ifs,14,-3.6000,-0.3484,-0.0728,1.2293,175
06477500,ifs,14,-2255.1246,-48.1295,0.0256,19.6336,237
06479215,ifs,14,-0.2996,-0.0511,0.0642,0.7464,238
06479438,ifs,14,-0.1790,-0.4268,-0.0056,0.3045,238
06601000,ifs,14,-0.8932,0.0039,0.0158,0.8567,238
06614800,ifs,14,0.7247,0.5549,0.9294,1.3974,238
06622700,ifs,14,-0.5302,0.0844,0.7287,1.6623,238
06623800,ifs,14,0.8132,0.9044,0.9100,1.0045,238
06632400,ifs,14,-0.3719,0.2931,0.4502,1.4209,238
06784000,ifs,14,-1.4148,-0.0398,0.0501,1.3419,238
06803510,ifs,14,-1.7098,-0.0095,0.0627,1.0492,238
06803530,ifs,14,-0.4309,-0.0838,-0.0113,0.8444,238
06814000,ifs,14,-0.0540,-0.2660,0.0863,0.4781,238
06846500,ifs,14,-0.0089,-0.4667,-0.0521,1.3792,238
06847900,ifs,14,-0.0247,-0.3270,0.0417,1.3086,238
06853800,ifs,14,-0.9944,-0.2104,0.2690,1.9616,238
06876700,ifs,14,-0.1151,-0.5404,0.0671,0.1815,238
06878000,ifs,14,-0.0527,-0.4986,-0.0011,0.3228,238
06879650,ifs,14,-0.0619,-0.4229,0.0596,0.3196,237
06885500,ifs,14,-0.0146,-0.3688,0.2187,0.2735,238
06888500,ifs,14,-0.0397,-0.5063,0.0596,0.2658,238
06889200,ifs,14,-0.0932,-0.4039,-0.0130,0.3919,238
06889500,ifs,14,-0.0602,-0.3904,0.0108,0.4363,238
06892000,ifs,14,-0.5700,-0.0753,0.0023,0.6882,238
06903400,ifs,14,-0.1297,-0.4815,-0.0289,0.2438,238
06906800,ifs,14,-0.1059,-0.2787,0.0633,0.4285,238
06910800,ifs,14,-0.1157,-0.3825,-0.0183,0.4175,238
06911900,ifs,14,-0.2478,-0.3235,-0.0203,0.3694,238
06917000,ifs,14,-0.0948,-0.2878,0.1479,0.2798,238
06918460,ifs,14,-0.0404,0.2582,0.3229,0.9486,238
06919500,ifs,14,-0.4354,-0.0296,0.0975,0.5820,238
06921070,ifs,14,-0.4413,-0.0747,0.0369,0.6414,238
06921200,ifs,14,-0.1388,-0.4101,0.0158,0.2830,238
06934000,ifs,14,-0.5404,0.2381,0.2529,0.8516,237
07014500,ifs,14,-0.1245,-0.1919,0.0403,0.6956,238
07056000,ifs,14,-1.1195,0.1296,0.1612,0.9790,238
07057500,ifs,14,-1.7468,0.0296,0.1707,0.9669,230
07060710,ifs,14,-0.0493,-0.2820,-0.0072,1.1005,238
07066000,ifs,14,-1.1331,0.1339,0.1704,1.0161,238
07067000,ifs,14,-0.7245,0.2034,0.2507,0.7367,238
07068000,ifs,14,-0.8456,0.2120,0.2366,0.9089,237
07071500,ifs,14,-6.4522,-0.9867,0.3086,0.9399,238
07083000,ifs,14,-2.8036,-0.6814,0.8315,2.0350,238
07142300,ifs,14,-8.7161,-5.2106,-0.0353,7.0501,238
07145700,ifs,14,-0.0218,-0.5810,0.0414,0.1548,238
07148400,ifs,14,-2.9248,-0.2727,0.4702,1.6191,238
07149000,ifs,14,-2.7764,-0.2360,0.3063,1.6189,238
07151500,ifs,14,-0.0313,-0.4581,0.0105,0.4116,238
07167500,ifs,14,-0.0560,-0.3564,0.0089,1.5108,238
07180500,ifs,14,-0.2627,-0.1356,0.0124,0.7164,238
07184000,ifs,14,-0.1026,-0.3683,0.0195,0.3570,236
07195800,ifs,14,-2.3776,-0.1022,0.1332,0.9999,236
07196900,ifs,14,-0.2898,0.1311,0.1755,1.0883,237
07197000,ifs,14,-1.7771,0.0176,0.1857,1.1523,238
07208500,ifs,14,-0.6985,0.2453,0.6542,1.2053,238
07226500,ifs,14,0.0754,-0.1792,0.3297,0.5153,236
07261000,ifs,14,-8.4152,-1.6066,0.1877,2.4576,236
07263295,ifs,14,-4.3146,-2.2592,0.0664,3.9550,236
07290650,ifs,14,-0.2194,-0.1521,0.0727,0.5706,238
07291000,ifs,14,-0.0486,-0.1677,0.3761,0.2936,238
07292500,ifs,14,0.0007,-0.0084,0.2347,0.7258,238
07295000,ifs,14,-0.0931,-0.1516,0.1111,0.5889,238
07299670,ifs,14,-0.8758,-0.4295,0.0547,2.0707,228
07301410,ifs,14,-0.4664,-0.3258,-0.1980,0.7800,227
07301500,ifs,14,-0.1814,-0.5693,0.0373,1.7711,200
07315200,ifs,14,-4.2387,-1.2347,0.0494,2.7141,161
07315700,ifs,14,-45.4162,-7.8879,-0.0071,7.8991,218
07335700,ifs,14,-0.1581,-0.1719,0.0781,0.5526,229
07340300,ifs,14,-1.5376,0.0635,0.2063,1.1935,238
07346045,ifs,14,-12.5517,-1.8262,0.1543,1.5243,238
07359610,ifs,14,-3.8654,-0.7984,0.3764,2.0972,238
07362100,ifs,14,-10.6923,-2.2625,0.4766,3.0369,238
07362587,ifs,14,-3.0133,-0.9649,0.0824,2.5637,236
07373000,ifs,14,-2.1343,-0.0789,0.3419,0.8250,234
07375000,ifs,14,0.0071,-0.2200,0.2674,0.3837,238
07376000,ifs,14,-0.1893,0.1013,0.2520,0.6123,238
08013000,ifs,14,-0.2950,0.0808,0.1799,0.6898,238
08014500,ifs,14,-0.7619,-0.0152,0.0379,0.6952,238
08023080,ifs,14,-2.0366,-1.0111,0.3066,2.7574,238
08025500,ifs,14,-0.6132,0.1462,0.1517,1.0818,238
08029500,ifs,14,-0.7462,0.0032,0.0410,1.2491,238
08050800,ifs,14,-0.0820,-0.2768,0.0023,0.6673,237
08066200,ifs,14,-0.1970,-0.2113,-0.0043,0.6290,238
08066300,ifs,14,-0.0973,-0.4379,-0.0252,0.3292,238
08070000,ifs,14,-34.1126,-4.2165,0.0804,2.6915,238
08070200,ifs,14,-6.5654,-0.9493,0.0751,1.5751,238
08079600,ifs,14,-105.1414,-14.5286,-0.0246,13.5865,194
08082700,ifs,14,-48.9986,-5.8503,-0.0093,4.1905,224
08086212,ifs,14,-0.1552,-0.5661,0.0108,2.0525,238
08086290,ifs,14,-1.3195,-2.3979,-0.0074,4.2433,238
08101000,ifs,14,-14.2018,-2.4303,0.1060,2.7861,238
08103900,ifs,14,0.2163,0.1547,0.4811,0.7178,238
08104900,ifs,14,-0.0097,-0.1572,0.2404,0.4126,238
08109700,ifs,14,-3.1243,-0.7673,0.0247,2.2620,222
08150800,ifs,14,-0.0119,-0.5264,-0.0216,0.3541,238
08155200,ifs,14,-3.0215,-1.3504,0.0397,3.0383,238
08158700,ifs,14,-14.7669,-11.4466,0.0189,13.1738,238
08158810,ifs,14,-0.2694,0.0633,0.1277,1.0480,238
08164000,ifs,14,-17.9259,-3.2841,0.0195,3.6899,238
08164300,ifs,14,-0.6506,-0.0521,-0.0263,1.0727,235
08164600,ifs,14,-24.2184,-6.4889,0.1470,7.3044,238
08165300,ifs,14,-0.0094,-0.4854,-0.1047,0.7787,238
08171300,ifs,14,-29.7898,-32.1389,0.2088,33.9405,238
08175000,ifs,14,-1.7435,-0.0570,0.0254,0.7783,238
08176900,ifs,14,-30.5559,-8.0612,0.1319,8.8571,238
08178880,ifs,14,-0.0662,-0.5451,0.0114,0.1898,238
08189500,ifs,14,-1.7480,-0.0258,0.1543,1.3235,238
08190000,ifs,14,-0.0392,-0.4106,-0.0323,0.5444,238
08190500,ifs,14,-1.2082,-0.1253,0.3171,1.7823,232
08194200,ifs,14,-0.0630,-0.3401,0.0709,0.3318,238
08195000,ifs,14,-0.0185,-0.5245,-0.0336,0.3859,238
08196000,ifs,14,0.0369,-0.0704,0.2086,1.0940,226
08198500,ifs,14,-0.0153,-0.6353,-0.0630,0.2196,238
08200000,ifs,14,-0.0421,-0.5198,0.0403,0.1985,238
08202700,ifs,14,-0.0176,-0.6411,-0.0122,0.0952,237
08267500,ifs,14,-25.5910,-2.5157,0.6898,2.7681,238
08269000,ifs,14,-9.1258,-1.2643,0.5592,1.9218,238
08271000,ifs,14,-54.4279,-4.5784,0.7636,2.6800,238
08324000,ifs,14,-0.6590,0.3179,0.5663,1.2860,238
08377900,ifs,14,-5.5705,-0.6822,0.4447,1.5274,238
08378500,ifs,14,-6.1657,-0.9788,0.6042,1.3651,230
08380500,ifs,14,-3.9873,-0.3986,0.5660,1.9814,238
09034900,ifs,14,-0.0131,0.1295,0.8713,1.6196,234
09035900,ifs,14,0.5196,0.7326,0.8117,1.1108,204
09047700,ifs,14,-5.3882,-1.0208,0.8582,1.4808,236
09065500,ifs,14,0.6999,0.5952,0.9464,1.1747,238
09066000,ifs,14,-1.1025,0.1204,0.5680,1.1966,238
09066200,ifs,14,0.6757,0.5894,0.9285,1.2641,238
09066300,ifs,14,-0.5070,-0.0530,0.7830,1.8347,238
09081600,ifs,14,0.1138,0.5941,0.6314,1.0482,238
09107000,ifs,14,-1.3546,-0.0328,0.6820,1.3143,237
09210500,ifs,14,-1.4491,0.0882,0.7368,1.5519,211
09223000,ifs,14,-3.0536,-0.6001,0.8705,2.0100,177
09306242,ifs,14,-452.3971,-4.1193,0.8583,5.9723,236
09312600,ifs,14,-2.2614,-0.6567,0.4686,2.4299,238
09352900,ifs,14,-0.7103,0.2271,0.6080,1.4088,208
09378170,ifs,14,0.2326,0.2648,0.5272,1.3470,238
09378630,ifs,14,,,,,238
09386900,ifs,14,-90.0450,-7.8744,0.0191,3.7205,238
09404450,ifs,14,0.4352,0.7285,0.7502,0.9570,238
09430500,ifs,14,-3.1952,-0.2486,0.2120,0.4374,238
09430600,ifs,14,-5.2286,-0.7298,0.1917,0.5642,238
09447800,ifs,14,-2.3806,-0.6400,0.0635,2.0620,238
09480000,ifs,14,-0.6111,-4.4214,0.2542,6.3696,238
09484000,ifs,14,-0.8824,-0.8784,0.2535,2.7195,213
09484600,ifs,14,-3.5226,-2.9772,0.2288,4.7683,237
09492400,ifs,14,-1.9516,-0.0723,0.7378,1.7851,236
09494000,ifs,14,-1.3440,0.1197,0.4534,1.2123,238
09497800,ifs,14,-0.1406,-0.6450,-0.2363,1.6241,238
09497980,ifs,14,-4.4156,-0.5414,0.1616,1.2759,210
09505200,ifs,14,-0.9590,0.0264,0.6819,1.3043,238
09505350,ifs,14,-0.1690,0.2079,0.6965,1.5363,238
09505800,ifs,14,-0.3875,0.0800,0.8448,1.1706,238
09508300,ifs,14,-66.9979,-6.5472,0.0211,3.1067,238
09510200,ifs,14,-1115.3328,-34.6320,-0.0012,16.2725,219
09512280,ifs,14,-184.7218,-15.6629,-0.0085,11.9572,238
09513780,ifs,14,-4895.3929,-72.4708,-0.0063,27.4994,237
10023000,ifs,14,-14.2320,-0.6472,0.0384,2.1978,238
10166430,ifs,14,-13773.2641,-91.8385,0.5404,73.2767,238
10172700,ifs,14,-30.0075,-0.2648,0.6311,2.0274,238
10172800,ifs,14,-10.5229,-0.9527,0.7854,2.3923,238
10173450,ifs,14,-0.7272,0.2954,0.3534,1.0521,238
10205030,ifs,14,-199.7588,-10.1024,-0.0209,2.3913,238
10234500,ifs,14,-0.1186,-0.2657,-0.0429,0.8849,234
10242000,ifs,14,-30.5038,-3.8040,0.4108,4.5166,238
10244950,ifs,14,-37.8424,-1.5856,0.7113,1.5650,238
10249300,ifs,14,-47.5416,-4.7282,0.4890,4.4030,237
10258000,ifs,14,,,,,66
10258500,ifs,14,-0.5215,0.0345,0.0744,0.8119,238
10259000,ifs,14,0.7755,0.7646,0.8949,1.0903,238
10259200,ifs,14,-11.6903,-5.7761,0.5960,7.1457,238
10263500,ifs,14,0.2695,0.4257,0.8825,1.2142,238
10310500,ifs,14,-2.6371,-0.0730,0.7738,1.8095,238
10316500,ifs,14,-0.3192,0.3331,0.6865,1.2306,238
10329500,ifs,14,-0.0690,0.3497,0.7977,1.2125,238
10336645,ifs,14,-0.4975,0.3129,0.5239,1.3348,224
10336660,ifs,14,-0.1372,0.4894,0.5678,1.1373,238
10343500,ifs,14,-0.1069,0.4969,0.5244,0.9081,238
10348850,ifs,14,-2.6197,-0.0677,0.7974,1.7469,238
10396000,ifs,14,-2.9499,-0.2830,0.4077,1.2658,238
11098000,ifs,14,-0.1968,0.3624,0.3763,1.1242,238
11124500,ifs,14,-2.4804,-0.8743,0.8758,2.3562,238
11141280,ifs,14,0.0431,-0.0120,0.2333,0.9821,238
11143000,ifs,14,-0.0229,0.3214,0.3677,1.0687,238
11148900,ifs,14,0.0077,-0.2598,0.1835,0.3949,238
11151300,ifs,14,-0.0149,-0.4215,-0.0268,0.6265,238
11162500,ifs,14,-0.0129,-0.0810,0.2253,0.5766,238
11176400,ifs,14,-0.1133,-0.2504,0.0341,0.5461,144
11180500,ifs,14,-2.8052,-0.7735,0.0455,2.3207,238
11180960,ifs,14,-4.0014,-1.0620,0.1263,2.5355,238
11224500,ifs,14,-0.0263,-0.6917,-0.0568,0.1088,238
11253310,ifs,14,-0.0279,-0.4731,0.0658,0.3129,238
11264500,ifs,14,-1.3514,0.0901,0.1506,1.0585,238
11266500,ifs,14,-1.4684,0.0959,0.2495,1.1927,238
11274500,ifs,14,-0.1131,-0.1500,0.0573,0.7374,238
11274630,ifs,14,-0.1057,-0.1149,0.0786,0.7897,238
11284400,ifs,14,-0.0292,-0.2969,0.1821,0.2651,238
11299600,ifs,14,-0.1333,-0.1646,0.0606,0.6260,235
11381500,ifs,14,0.1905,0.2253,0.4375,0.9978,238
11383500,ifs,14,0.1473,0.3531,0.4486,1.0843,238
11451100,ifs,14,-3.7227,-0.4603,0.2395,1.4761,106
11468500,ifs,14,-0.1804,0.1455,0.2092,1.0618,238
11473900,ifs,14,0.0948,0.2287,0.3653,1.0073,238
11475560,ifs,14,-1.0179,0.1658,0.2769,1.2667,238
11476600,ifs,14,-1.2761,-0.0134,0.3509,1.5885,237
11478500,ifs,14,-2.7717,-0.5131,0.1553,1.9636,238
11480390,ifs,14,-0.4292,0.2051,0.2419,1.2307,238
11481200,ifs,14,-2.0704,-0.3028,0.2357,1.8219,238
11482500,ifs,14,-2.3201,-0.3880,0.3883,1.8635,238
11522500,ifs,14,-1.6226,-0.1550,0.4221,1.7415,238
11523200,ifs,14,-1.8731,-0.2633,0.5217,1.8397,238
11528700,ifs,14,0.1161,0.3651,0.4526,1.1860,238
11532500,ifs,14,-2.1386,-0.1734,0.2679,1.5504,238
12010000,ifs,14,0.0678,0.2595,0.4248,0.6788,238
12013500,ifs,14,-0.1243,0.3535,0.3769,0.8705,238
12020000,ifs,14,0.0317,0.0722,0.3666,0.5359,238
12025000,ifs,14,-0.0734,0.2806,0.3258,1.0149,238
12025700,ifs,14,-0.0622,0.1323,0.2605,0.8050,238
12035000,ifs,14,0.3526,0.5474,0.6467,0.7868,238
12040500,ifs,14,-0.2228,0.3684,0.3990,0.8057,238
12041200,ifs,14,-0.5488,0.3522,0.4642,0.8107,238
12043000,ifs,14,-0.0385,0.4426,0.4843,0.7900,238
12048000,ifs,14,-0.6318,0.3103,0.6189,1.2766,238
12054000,ifs,14,-0.8749,0.1915,0.5849,1.3132,238
12056500,ifs,14,-0.8189,0.2276,0.5682,0.8904,238
12073500,ifs,14,0.0598,0.5249,0.5302,1.0690,237
12082500,ifs,14,0.0236,0.1234,0.2763,1.0101,232
12092000,ifs,14,-0.2665,-0.0538,0.0429,0.9774,238
12095000,ifs,14,0.1799,0.2424,0.4421,0.8483,238
12114500,ifs,14,0.3273,0.3022,0.5951,0.9796,238
12115000,ifs,14,0.3044,0.2898,0.5676,0.9583,238
12115500,ifs,14,0.1668,0.1814,0.4272,0.7952,238
12117000,ifs,14,0.3327,0.4133,0.5805,0.9391,238
12141300,ifs,14,-0.1320,0.0718,0.1768,1.0747,238
12143600,ifs,14,0.0724,0.1428,0.3256,1.1344,234
12144000,ifs,14,0.1643,0.2743,0.4266,0.9685,237
12145500,ifs,14,0.2524,0.2931,0.5283,0.7486,238
12147600,ifs,14,-0.0785,0.1111,0.2240,0.8980,238
12167000,ifs,14,0.0206,0.3306,0.3968,1.1497,238
12175500,ifs,14,-0.3922,0.3865,0.4144,1.1115,238
12186000,ifs,14,-0.3828,0.2007,0.2255,1.1484,235
12189500,ifs,14,-0.4474,0.2208,0.2571,1.2248,237
12358500,ifs,14,0.6190,0.8122,0.8219,0.9967,238
12377150,ifs,14,0.5136,0.7481,0.7585,0.9288,238
12381400,ifs,14,0.4097,0.5488,0.8626,1.2002,205
12390700,ifs,14,0.4663,0.6514,0.7262,1.1761,238
12411000,ifs,14,0.7337,0.7572,0.8696,1.1724,227
12414500,ifs,14,0.6488,0.6807,0.8180,0.8941,238
12447390,ifs,14,-0.1929,-0.2292,0.2418,0.3619,238
12451000,ifs,14,0.3411,0.6360,0.7598,1.2158,238
12488500,ifs,14,0.5070,0.6937,0.7503,1.1481,238
13011500,ifs,14,0.5419,0.4851,0.9121,1.3604,238
13011900,ifs,14,0.8233,0.8294,0.9344,0.9844,238
13018300,ifs,14,-0.2961,0.0420,0.9481,1.4875,238
13023000,ifs,14,0.4375,0.7145,0.7772,0.9416,196
13161500,ifs,14,0.4892,0.6980,0.7436,0.8512,238
13235000,ifs,14,0.5745,0.6645,0.7742,0.8902,236
13240000,ifs,14,0.8021,0.8894,0.8977,0.9951,159
13310700,ifs,14,0.5897,0.5378,0.8779,0.6851,238
13313000,ifs,14,0.7118,0.5128,0.9525,0.6564,238
13331500,ifs,14,0.2429,0.3924,0.8829,1.2860,238
13337000,ifs,14,0.6377,0.6980,0.8322,0.8177,238
13338500,ifs,14,0.6216,0.8049,0.8236,1.0686,238
13340000,ifs,14,0.4828,0.6268,0.7515,0.7883,238
13340600,ifs,14,0.5458,0.5945,0.8600,0.6906,238
14020000,ifs,14,0.1023,0.0566,0.3906,0.6506,238
14092750,ifs,14,-0.5769,0.3006,0.3159,0.9447,238
14096850,ifs,14,-3.7027,-0.2602,0.3572,0.5411,238
14137000,ifs,14,0.1002,0.2218,0.3659,0.9848,233
14138800,ifs,14,-0.1253,0.0233,0.1551,0.8451,238
14138870,ifs,14,-0.0350,0.1415,0.2757,0.8043,238
14138900,ifs,14,0.0115,0.0191,0.2326,0.8279,238
14139800,ifs,14,-0.0656,0.0850,0.2348,0.7704,236
14141500,ifs,14,-0.0115,0.1711,0.2932,0.8561,238
14154500,ifs,14,-1.4750,0.0448,0.3522,1.3687,238
14158500,ifs,14,0.6977,0.7436,0.8652,1.0986,223
14158790,ifs,14,-0.3195,0.3759,0.4005,1.1506,234
14166500,ifs,14,0.1948,0.3372,0.4650,0.9657,238
14182500,ifs,14,-0.1690,0.2244,0.2824,0.8179,238
14185000,ifs,14,-0.3768,0.3882,0.4240,1.1237,238
14185900,ifs,14,-0.3446,0.3030,0.3046,1.0317,235
14187000,ifs,14,-0.0926,0.4784,0.5402,1.1977,237
14216500,ifs,14,0.3434,0.5099,0.5985,1.0113,235
14222500,ifs,14,0.0698,0.1600,0.3229,0.9439,238
14236200,ifs,14,0.1025,0.1703,0.3778,0.7713,237
14301000,ifs,14,-0.0243,0.2461,0.3247,0.8985,237
14303200,ifs,14,0.1411,0.1857,0.3905,0.8855,238
14305500,ifs,14,0.0572,0.2788,0.3720,0.9242,236
14306340,ifs,14,0.2809,0.3728,0.5472,0.8026,238
14306500,ifs,14,0.2941,0.4997,0.5713,0.9498,238
14308990,ifs,14,-0.3827,0.3312,0.3470,1.1344,238
14309500,ifs,14,-0.3619,0.3588,0.4045,1.2015,238
14316700,ifs,14,-2.4356,-0.2120,0.3243,1.4600,238
14325000,ifs,14,-0.4158,0.3888,0.4342,1.0957,238
14362250,ifs,14,-2.4680,-0.1208,0.1865,0.9311,148
14400000,ifs,14,-1.3393,0.1114,0.3788,1.2309,238
01013500,aifs,1,0.8985,0.8090,0.9589,0.8601,238
01022500,aifs,1,0.7989,0.7153,0.9124,1.0111,238
01030500,aifs,1,0.8121,0.8018,0.9334,1.0915,238
01031500,aifs,1,0.7354,0.8013,0.8576,0.9835,236
01047000,aifs,1,0.5662,0.7355,0.7625,0.9815,238
01052500,aifs,1,0.4579,0.3968,0.7166,0.6923,238
01054200,aifs,1,0.3800,0.2485,0.6885,0.5503,238
01055000,aifs,1,0.4397,0.6193,0.6763,0.9507,236
01057000,aifs,1,0.7843,0.7713,0.8914,0.9225,236
01073000,aifs,1,0.7768,0.8182,0.9113,1.0817,238
01078000,aifs,1,0.6129,0.5183,0.8366,0.7030,236
01118300,aifs,1,0.3627,0.6064,0.6534,0.8605,236
01121000,aifs,1,0.7235,0.7265,0.8792,1.2452,236
01123000,aifs,1,0.8471,0.8989,0.9213,0.9605,238
01134500,aifs,1,0.7593,0.7845,0.8766,0.8738,236
01137500,aifs,1,0.4992,0.5530,0.7264,0.7969,238
01139000,aifs,1,0.7471,0.8324,0.8703,0.9169,234
01139800,aifs,1,0.7884,0.8510,0.8972,1.1023,238
01142500,aifs,1,0.7613,0.7746,0.8811,0.8797,236
01144000,aifs,1,0.8485,0.8996,0.9320,1.0001,238
01169000,aifs,1,0.7452,0.8278,0.8657,1.0647,236
01170100,aifs,1,0.8005,0.8578,0.8961,0.9459,237
01181000,aifs,1,0.6530,0.6429,0.9034,1.1840,236
01187300,aifs,1,0.7335,0.6988,0.8673,1.0341,238
01195100,aifs,1,0.4651,0.5271,0.6861,0.9119,238
01333000,aifs,1,0.5245,0.6402,0.7341,0.8674,236
01350000,aifs,1,0.1801,0.2157,0.4449,0.7263,235
01350080,aifs,1,0.6545,0.5176,0.8621,0.7097,238
01350140,aifs,1,0.7404,0.5958,0.8998,0.6590,188
01365000,aifs,1,0.4429,0.4550,0.6831,0.8186,236
01411300,aifs,1,0.2405,0.4538,0.6124,1.3227,229
01413500,aifs,1,0.5243,0.4850,0.7579,0.8199,236
01414500,aifs,1,0.1626,0.1176,0.4815,0.6047,236
01415000,aifs,1,0.4282,0.3076,0.8007,0.6304,193
01423000,aifs,1,0.5169,0.4268,0.8029,0.7236,238
01434025,aifs,1,0.1981,0.5027,0.5880,0.7320,238
01435000,aifs,1,0.4153,0.4255,0.6562,0.8713,237
01439500,aifs,1,0.7013,0.6832,0.8703,0.8051,236
01440000,aifs,1,0.7318,0.8065,0.8566,0.9594,238
01440400,aifs,1,0.7685,0.8576,0.8787,1.0308,212
01451800,aifs,1,0.4535,0.6316,0.6856,1.0364,236
01466500,aifs,1,-1.8884,-0.4756,0.8517,1.0043,236
01484100,aifs,1,-0.2616,0.4166,0.5402,1.3198,238
01485500,aifs,1,-9.4707,-1.9099,0.5087,2.8662,233
01486000,aifs,1,-2.6523,-0.3708,0.4831,1.9360,238
01487000,aifs,1,-0.0973,0.4405,0.7190,1.1253,238
01491000,aifs,1,0.7070,0.6443,0.8620,0.9731,238
01510000,aifs,1,0.7665,0.7068,0.8904,0.9880,238
01516500,aifs,1,0.2906,0.1661,0.6912,0.5724,238
01518862,aifs,1,0.3835,0.3297,0.7094,0.6351,238
01532000,aifs,1,0.6988,0.7670,0.8396,0.9135,236
01539000,aifs,1,0.6748,0.7051,0.8348,0.8725,220
01542810,aifs,1,0.5178,0.5105,0.7409,0.8042,236
01543000,aifs,1,0.6228,0.6676,0.8113,0.7968,238
01543500,aifs,1,0.7264,0.6465,0.8931,0.7927,236
01544500,aifs,1,0.5856,0.4634,0.8897,0.6475,238
01545600,aifs,1,0.5017,0.3624,0.8650,0.6343,238
01547700,aifs,1,0.1165,0.0959,0.3558,0.8049,238
01548500,aifs,1,0.4840,0.3741,0.8335,0.6278,236
01549500,aifs,1,0.5896,0.4767,0.8551,0.6851,236
01550000,aifs,1,0.5301,0.4315,0.8325,0.6714,236
01552000,aifs,1,0.5044,0.6121,0.7296,0.8387,238
01552500,aifs,1,0.5204,0.7153,0.7484,0.8948,238
01557500,aifs,1,0.3488,0.5852,0.6303,1.0874,238
01567500,aifs,1,0.2553,0.3761,0.5164,1.0543,238
01568000,aifs,1,0.5384,0.5756,0.7454,1.1360,238
01580000,aifs,1,0.3734,0.4715,0.6190,0.9321,234
01583500,aifs,1,0.3671,0.4505,0.6346,0.8548,238
01586610,aifs,1,0.5012,0.5627,0.7440,0.8082,204
01591400,aifs,1,0.3087,0.5514,0.5978,1.0530,238
01596500,aifs,1,0.4122,0.3308,0.7026,0.6990,236
01605500,aifs,1,0.4131,0.6307,0.6879,1.1542,236
01606500,aifs,1,0.6312,0.6229,0.8144,0.7978,211
01613050,aifs,1,0.2834,0.4339,0.5495,1.0881,238
01620500,aifs,1,0.4651,0.3348,0.7846,0.5217,236
01632000,aifs,1,0.5092,0.6610,0.7208,1.0605,236
01632900,aifs,1,0.3085,0.6498,0.7353,1.0994,236
01634500,aifs,1,0.2549,0.4238,0.5258,0.9893,221
01638480,aifs,1,-0.9425,-0.0716,0.6096,1.9055,233
01639500,aifs,1,0.5306,0.6155,0.7362,1.1292,238
01644000,aifs,1,-0.2845,0.0401,0.8035,1.9013,238
01658500,aifs,1,0.0088,0.4673,0.5343,1.2562,207
01664000,aifs,1,0.6716,0.7480,0.8195,1.0053,238
01666500,aifs,1,0.5941,0.6371,0.7928,1.1771,223
01667500,aifs,1,0.5438,0.7264,0.7908,1.1759,216
01669000,aifs,1,-0.8627,0.2479,0.5039,1.1984,213
01669520,aifs,1,-3.2181,-0.5891,0.7684,1.9146,236
02011400,aifs,1,0.6213,0.7550,0.7987,1.1002,238
02011460,aifs,1,0.5392,0.5722,0.7453,0.8101,238
02013000,aifs,1,0.7297,0.6842,0.8670,1.0792,238
02014000,aifs,1,0.5447,0.7287,0.7514,0.9887,237
02015700,aifs,1,0.7995,0.8519,0.8942,1.0101,220
02016000,aifs,1,0.8305,0.7844,0.9190,0.8561,237
02017500,aifs,1,0.4941,0.6488,0.8429,1.0879,236
02018000,aifs,1,0.7082,0.8452,0.8652,1.0424,231
02027000,aifs,1,0.6686,0.7164,0.8663,0.7521,218
02027500,aifs,1,0.6988,0.5635,0.9180,0.6184,221
02028500,aifs,1,0.6290,0.6421,0.8138,0.8380,213
02038850,aifs,1,0.3066,0.4426,0.5850,0.8153,236
02046000,aifs,1,0.5698,0.4411,0.8437,1.5363,228
02051000,aifs,1,0.2473,0.3952,0.5136,0.9723,238
02051500,aifs,1,0.6052,0.6507,0.8022,1.2746,236
02053200,aifs,1,0.2931,0.4168,0.6927,1.4948,210
02053800,aifs,1,0.5216,0.5208,0.7453,0.8736,219
02055100,aifs,1,0.6570,0.6863,0.8154,1.0576,236
02056900,aifs,1,0.6791,0.7289,0.8369,0.8737,212
02059500,aifs,1,0.6834,0.6748,0.8728,0.7549,207
02064000,aifs,1,0.5985,0.4543,0.8570,0.7123,226
02065500,aifs,1,0.5602,0.4631,0.8880,0.6226,236
02069700,aifs,1,0.2307,0.5204,0.6097,1.2236,210
02070000,aifs,1,0.3871,0.5570,0.6754,1.2095,236
02074500,aifs,1,0.3314,0.5710,0.6156,1.0726,238
02077200,aifs,1,0.4989,0.7219,0.7790,1.1375,233
02081500,aifs,1,0.1382,0.3722,0.5683,1.4541,238
02082950,aifs,1,-0.3993,0.1657,0.6702,1.5712,238
02092500,aifs,1,-0.1707,-0.0082,0.6251,1.9350,238
02096846,aifs,1,-0.7196,0.0102,0.1627,1.5278,238
02102908,aifs,1,0.4111,0.6142,0.6620,0.9578,238
02108000,aifs,1,0.7558,0.7690,0.8734,1.0853,238
02111180,aifs,1,0.2411,0.2901,0.4949,1.0686,238
02111500,aifs,1,0.0326,0.3541,0.4010,0.9903,236
02118500,aifs,1,0.2779,0.6143,0.6217,1.0470,238
02128000,aifs,1,-0.7240,-0.5906,0.6208,2.4548,238
02137727,aifs,1,0.2131,0.4820,0.5288,1.0157,238
02140991,aifs,1,0.2996,0.4973,0.6004,1.1496,238
02143000,aifs,1,-0.3863,0.4329,0.7207,1.3133,238
02143040,aifs,1,-0.5325,0.3583,0.5404,1.0511,236
02149000,aifs,1,0.1522,0.4564,0.5076,1.1213,238
02152100,aifs,1,0.2241,0.5752,0.5850,1.0430,238
02177000,aifs,1,0.3967,0.3980,0.6546,1.0592,236
02178400,aifs,1,0.5197,0.6279,0.7230,0.9791,236
02193340,aifs,1,-0.4160,0.3213,0.4767,1.3517,238
02196000,aifs,1,0.4068,0.2061,0.7336,0.5404,238
02198100,aifs,1,-0.1718,0.2225,0.4237,1.5172,237
02202600,aifs,1,-0.3160,-0.8833,-0.4555,1.6969,238
02212600,aifs,1,0.2303,0.4723,0.5524,1.2116,236
02215100,aifs,1,0.3841,0.3594,0.6436,0.8277,238
02216180,aifs,1,0.2231,0.0591,0.5511,0.5710,236
02221525,aifs,1,0.5052,0.5834,0.7215,1.1418,236
02231000,aifs,1,-3.0504,-0.7955,0.5602,2.3019,238
02231342,aifs,1,-0.2724,0.0427,0.8314,1.7155,238
02235200,aifs,1,-0.8771,0.2571,0.3625,1.2733,237
02245500,aifs,1,-3.6625,-0.6958,0.6580,1.3796,238
02246000,aifs,1,-0.1127,0.3489,0.7694,0.9837,236
02296500,aifs,1,-0.1089,-0.4530,0.7320,2.4225,227
02297155,aifs,1,0.1592,-0.0341,0.7008,0.3420,237
02297310,aifs,1,0.5436,0.7735,0.7742,0.9855,228
02298123,aifs,1,0.5136,0.4260,0.7626,0.6948,238
02298608,aifs,1,0.4370,0.3389,0.8696,1.6356,238
02299950,aifs,1,0.5805,0.7401,0.7739,0.9190,238
02300700,aifs,1,0.4850,0.5743,0.7048,0.8068,238
02310947,aifs,1,-0.7420,-2.0490,-0.2939,3.6682,238
02312200,aifs,1,-19.8896,-4.2071,0.2768,6.1456,238
02314500,aifs,1,-0.3319,-0.5340,-0.2346,0.5621,238
02315500,aifs,1,-0.3295,-0.6563,-0.2880,0.4430,238
02324400,aifs,1,-0.2052,-1.0284,-0.5320,0.1148,238
02327100,aifs,1,-3.6083,-1.4661,0.8277,2.9661,236
02349900,aifs,1,0.2485,0.2215,0.5118,1.1043,238
02350900,aifs,1,0.5633,0.5606,0.9015,0.7064,238
02361000,aifs,1,0.6662,0.6605,0.8788,0.7362,238
02363000,aifs,1,0.5447,0.2360,0.9378,0.4671,236
02369800,aifs,1,0.4619,0.3662,0.7237,0.7394,237
02371500,aifs,1,0.5243,0.3507,0.8824,0.8391,238
02372250,aifs,1,0.7062,0.5485,0.9117,0.9681,236
02374500,aifs,1,0.6172,0.6037,0.7990,0.8972,238
02381600,aifs,1,0.0655,0.1434,0.3118,1.0040,237
02384540,aifs,1,0.1885,0.1604,0.5672,0.7417,238
02395120,aifs,1,-0.6453,0.3343,0.4788,1.0294,238
02408540,aifs,1,0.0648,0.5136,0.5150,1.0052,238
02415000,aifs,1,0.1421,0.4380,0.4828,1.0336,228
02422500,aifs,1,0.1568,0.5858,0.6281,1.1679,221
02427250,aifs,1,0.5798,0.6054,0.7693,1.2584,238
02430085,aifs,1,0.0502,0.2059,0.3307,1.0252,238
02450250,aifs,1,0.3300,0.4280,0.5770,1.0597,236
02464000,aifs,1,0.4879,0.6809,0.7140,1.0295,238
02465493,aifs,1,0.5744,0.7066,0.7760,1.1260,235
02469800,aifs,1,0.6417,0.4668,0.8700,0.6546,236
02472000,aifs,1,0.8192,0.6676,0.9290,0.7983,238
02472500,aifs,1,0.7082,0.7868,0.8751,0.8569,238
02479155,aifs,1,0.5602,0.3657,0.8553,0.7196,238
02479300,aifs,1,0.6184,0.6500,0.7884,0.8696,238
02481000,aifs,1,0.3863,0.2571,0.6493,0.5532,238
02481510,aifs,1,0.6122,0.4045,0.8492,0.6403,238
03010655,aifs,1,0.5891,0.4977,0.8529,0.6877,209
03011800,aifs,1,0.3654,0.4559,0.6499,0.7810,238
03015500,aifs,1,0.7165,0.8050,0.8528,0.9066,238
03021350,aifs,1,0.5377,0.6613,0.7574,0.7972,236
03026500,aifs,1,0.5039,0.5662,0.7224,0.8541,238
03028000,aifs,1,0.5033,0.5656,0.7951,0.7026,236
03049800,aifs,1,0.1832,0.1115,0.5114,0.6471,236
03050000,aifs,1,0.4599,0.6819,0.7072,0.9251,236
03066000,aifs,1,0.6132,0.6201,0.8027,0.7973,238
03069500,aifs,1,0.4939,0.5118,0.7342,0.7337,236
03070500,aifs,1,0.3813,0.6854,0.7584,1.0432,236
03076600,aifs,1,0.4181,0.4276,0.6911,0.7097,238
03078000,aifs,1,0.1957,0.2533,0.4875,0.7084,238
03140000,aifs,1,0.2883,0.2938,0.5436,0.8806,236
03144000,aifs,1,0.4120,0.5908,0.6559,1.0608,238
03159540,aifs,1,0.5921,0.7366,0.7746,1.0082,238
03161000,aifs,1,0.4333,0.5160,0.6842,0.8855,238
03164000,aifs,1,0.5291,0.7317,0.7725,0.8836,238
03165000,aifs,1,0.0145,0.1930,0.3156,0.9040,221
03170000,aifs,1,0.6710,0.6371,0.8435,0.9003,238
03173000,aifs,1,0.6278,0.7425,0.8050,0.8638,236
03180500,aifs,1,0.6019,0.5414,0.8027,0.7950,222
03182500,aifs,1,0.6365,0.7366,0.8015,0.9089,236
03186500,aifs,1,0.6631,0.7090,0.8174,0.9073,236
03187500,aifs,1,0.7104,0.7979,0.8536,0.8739,235
03213700,aifs,1,0.4457,0.7196,0.7668,1.0821,238
03237280,aifs,1,0.3269,0.3056,0.5904,0.7010,238
03237500,aifs,1,0.5855,0.6052,0.7707,1.0142,236
03241500,aifs,1,0.5828,0.5607,0.7768,0.8025,225
03280700,aifs,1,-0.4698,0.3620,0.4674,0.7933,213
03281100,aifs,1,-0.1338,0.4623,0.5682,0.7717,236
03281500,aifs,1,0.2719,0.6076,0.6931,0.7885,223
03285000,aifs,1,-0.8319,-0.0624,0.3820,1.8130,235
03291780,aifs,1,0.2454,0.1808,0.5265,0.8200,238
03300400,aifs,1,0.4452,0.5359,0.6673,1.0141,238
03340800,aifs,1,0.2430,0.4911,0.5441,0.9910,190
03346000,aifs,1,0.5534,0.4406,0.7766,0.6542,238
03364500,aifs,1,0.2947,0.1890,0.5946,0.6379,238
03366500,aifs,1,0.3140,0.2107,0.6168,0.6815,238
03368000,aifs,1,0.1482,0.0242,0.4121,0.5926,238
03384450,aifs,1,0.1312,-0.0684,0.4277,0.5410,238
03439000,aifs,1,0.1137,0.1210,0.5072,0.6907,236
03450000,aifs,1,0.2564,0.2143,0.5758,0.8439,238
03455500,aifs,1,-0.0458,0.2530,0.4276,0.6939,236
03456500,aifs,1,0.1898,0.2743,0.4844,0.8334,236
03460000,aifs,1,-0.1252,0.4124,0.6134,0.6680,238
03463300,aifs,1,0.2278,0.5411,0.5634,0.9739,238
03471500,aifs,1,0.5370,0.6749,0.8407,0.7312,236
03473000,aifs,1,0.4336,0.6256,0.7566,0.7592,238
03479000,aifs,1,-0.0461,0.4062,0.4241,0.9155,236
03488000,aifs,1,0.6180,0.5753,0.8289,0.7516,238
03498500,aifs,1,0.1617,0.5292,0.5887,0.7886,238
03500000,aifs,1,0.4261,0.6645,0.7788,0.8369,236
03504000,aifs,1,-0.0236,0.4709,0.5054,0.8663,236
03574500,aifs,1,0.3476,0.3070,0.6271,0.6525,238
03604000,aifs,1,0.1357,0.1020,0.3949,0.8275,236
04015330,aifs,1,0.4299,0.3119,0.6967,0.6526,197
04024430,aifs,1,0.6666,0.4928,0.8679,0.6256,238
04027000,aifs,1,0.5684,0.4880,0.7872,0.7050,238
04040500,aifs,1,0.8383,0.7345,0.9293,0.8641,238
04043050,aifs,1,0.7721,0.7572,0.8845,0.8530,182
04045500,aifs,1,0.8953,0.7678,0.9650,0.7897,234
04056500,aifs,1,0.4706,0.3958,0.7847,0.6950,229
04057510,aifs,1,0.8622,0.6493,0.9748,0.7646,158
04057800,aifs,1,0.7949,0.5930,0.9276,0.7122,238
04059500,aifs,1,0.8601,0.8160,0.9332,0.9762,238
04063700,aifs,1,0.8372,0.5489,0.9769,0.6380,238
04074950,aifs,1,0.6822,0.5478,0.9376,0.7532,238
04105700,aifs,1,0.8155,0.7698,0.9156,0.9563,238
04115265,aifs,1,0.6249,0.5606,0.8213,0.9904,238
04122200,aifs,1,0.7403,0.7046,0.8799,0.8874,238
04122500,aifs,1,0.8568,0.8310,0.9354,0.9354,236
04124000,aifs,1,0.9141,0.9077,0.9678,1.0604,238
04127997,aifs,1,0.7267,0.6607,0.8782,0.9455,201
04185000,aifs,1,0.8711,0.8858,0.9337,0.9971,215
04196800,aifs,1,0.8404,0.8121,0.9191,0.8906,238
04197100,aifs,1,0.6683,0.7689,0.8291,1.1488,238
04197170,aifs,1,0.2800,0.3551,0.5408,0.7527,238
04213000,aifs,1,0.5232,0.7147,0.7474,0.8955,236
04213075,aifs,1,0.2109,0.2330,0.4819,0.7970,234
04216418,aifs,1,0.6119,0.6838,0.7837,1.0719,238
04221000,aifs,1,0.2432,0.2338,0.6712,0.5601,238
04224775,aifs,1,0.3483,0.2647,0.7103,0.5818,236
04256000,aifs,1,0.8225,0.8490,0.9228,1.1059,236
04296000,aifs,1,0.6386,0.6721,0.8098,0.8593,236
05057000,aifs,1,-1.1580,0.0647,0.6325,0.4928,160
05057200,aifs,1,0.6193,0.6952,0.7872,0.9838,237
05062500,aifs,1,0.7101,0.5978,0.8855,0.8466,199
05087500,aifs,1,0.3406,0.4340,0.5844,0.9937,238
05120500,aifs,1,-10.0006,-1.4892,-0.0649,3.1891,210
05123400,aifs,1,-0.3916,-0.6523,-0.0184,0.1576,238
05129115,aifs,1,-0.8334,-0.8962,-0.2632,0.0000,238
05131500,aifs,1,0.0798,-0.0278,0.7544,0.4000,142
05291000,aifs,1,0.1639,0.1503,0.5908,0.5786,238
05362000,aifs,1,0.7407,0.7132,0.8731,0.7882,237
05393500,aifs,1,0.6793,0.7255,0.8311,0.8348,238
05399500,aifs,1,0.4096,0.5719,0.6609,0.8216,236
05408000,aifs,1,0.5563,0.5076,0.7866,0.8967,237
05412500,aifs,1,0.4915,0.4192,0.8597,0.6577,238
05413500,aifs,1,0.3691,0.6059,0.7411,0.7956,208
05414000,aifs,1,0.1822,0.2822,0.8231,0.6217,204
05444000,aifs,1,0.1211,0.2423,0.5108,0.6383,236
05454000,aifs,1,0.1502,0.5638,0.6024,0.8258,238
05458000,aifs,1,0.4959,0.4611,0.7327,0.7436,238
05466500,aifs,1,0.7701,0.6959,0.8959,0.9599,236
05487980,aifs,1,0.1749,0.4172,0.4886,0.8991,236
05488200,aifs,1,0.2894,0.3838,0.5594,0.7094,236
05489000,aifs,1,0.4373,0.3957,0.6709,0.6916,236
05495000,aifs,1,0.4014,0.6234,0.7127,1.2425,236
05495500,aifs,1,0.4298,0.3252,0.6782,0.5989,232
05501000,aifs,1,0.4073,0.2577,0.6895,0.6132,236
05503800,aifs,1,0.3034,0.4836,0.5755,0.8658,238
05507600,aifs,1,0.2490,0.4093,0.5298,0.8069,238
05508805,aifs,1,0.2304,0.4990,0.6047,1.3042,236
05514500,aifs,1,0.0438,0.3461,0.4066,0.8817,236
05525500,aifs,1,0.4561,0.6725,0.7868,1.1687,236
05556500,aifs,1,0.2480,0.1416,0.6188,0.5201,238
05584500,aifs,1,0.7235,0.7485,0.8553,0.8361,236
05585000,aifs,1,0.7556,0.6587,0.8884,0.7807,238
05591550,aifs,1,0.1017,0.2765,0.3919,0.9168,236
05592050,aifs,1,0.1877,0.2452,0.4510,0.7730,222
05592575,aifs,1,0.0393,0.1294,0.3181,0.7019,236
05593575,aifs,1,0.0604,0.4419,0.5337,1.3068,238
05593900,aifs,1,0.1282,0.2367,0.3991,0.8150,236
05595730,aifs,1,0.1413,0.4973,0.5281,1.1393,238
06037500,aifs,1,-2.2464,0.3972,0.8617,1.2901,238
06043500,aifs,1,0.4942,0.4472,0.9644,1.3069,238
06154410,aifs,1,0.3264,0.6475,0.7118,0.8355,238
06188000,aifs,1,0.8733,0.9184,0.9404,0.9607,238
06191500,aifs,1,0.7509,0.6982,0.9399,1.1034,238
06221400,aifs,1,0.8392,0.8921,0.9283,1.0266,238
06224000,aifs,1,0.7193,0.8506,0.8567,1.0323,238
06289000,aifs,1,0.2710,0.5575,0.6345,0.8333,238
06332515,aifs,1,0.0479,-0.1142,0.4997,0.6408,118
06339100,aifs,1,-0.1227,0.3077,0.4215,1.3760,174
06339500,aifs,1,-0.1193,-0.0127,0.8307,0.2289,167
06344600,aifs,1,-2.2650,-1.5563,0.1945,3.4039,177
06350000,aifs,1,-3.6808,-0.6332,0.2545,2.1413,238
06352000,aifs,1,-0.0133,-0.1011,0.5133,1.3304,237
06353000,aifs,1,-0.0034,-0.1143,0.5153,0.8051,236
06354000,aifs,1,0.4108,0.2663,0.9046,0.4573,173
06360500,aifs,1,0.1193,0.1386,0.5275,1.5424,139
06404000,aifs,1,-2.0132,-0.1818,-0.0628,1.4410,205
06406000,aifs,1,-165.8965,-3.7661,0.9015,5.7207,180
06408700,aifs,1,-1637.0807,-3.9891,0.1963,1.5099,238
06409000,aifs,1,-1.1968,0.6358,0.9008,1.2482,193
06431500,aifs,1,-1.0023,0.4395,0.4483,1.0905,227
06440200,aifs,1,0.1728,-0.0833,0.4694,0.2349,160
06441500,aifs,1,-0.7531,-1.2337,0.1942,2.8938,177
06447000,aifs,1,0.3876,0.1405,0.8354,0.5155,140
06447500,aifs,1,-0.0919,-0.0521,0.5831,0.6922,238
06450500,aifs,1,0.0882,-0.0250,0.4272,1.0583,208
06452000,aifs,1,0.0068,-0.3030,0.1312,1.0034,175
06453600,aifs,1,-0.0681,0.0244,0.6183,1.7820,235
06464500,aifs,1,-0.3371,0.4009,0.6532,1.2309,175
06477500,aifs,1,-63.6639,-7.4129,0.1713,6.0497,237
06479215,aifs,1,0.0777,0.3033,0.4212,0.7532,238
06479438,aifs,1,0.3082,-0.0252,0.8868,0.2746,238
06601000,aifs,1,-0.2298,0.3877,0.6882,0.9703,238
06614800,aifs,1,0.7897,0.6358,0.9373,1.3338,238
06622700,aifs,1,-0.2737,0.1719,0.7621,1.6086,238
06623800,aifs,1,0.8268,0.9085,0.9149,0.9682,238
06632400,aifs,1,-0.3188,0.3227,0.4582,1.3859,238
06784000,aifs,1,-0.9024,0.3031,0.4361,1.3498,238
06803510,aifs,1,-0.0465,-0.0753,0.1565,0.6829,238
06803530,aifs,1,-0.0605,-0.1811,0.0699,0.7658,238
06814000,aifs,1,-0.6250,0.0907,0.1755,0.6171,238
06846500,aifs,1,-0.0094,-0.4715,-0.0582,1.3796,238
06847900,aifs,1,-1.8263,-0.1115,0.1542,1.5241,238
06853800,aifs,1,0.1908,0.0520,0.6974,1.7992,238
06876700,aifs,1,0.2739,0.5148,0.8101,1.1343,238
06878000,aifs,1,-0.3513,0.3723,0.3971,0.8639,238
06879650,aifs,1,-0.1581,-0.1223,0.1041,0.5588,237
06885500,aifs,1,0.1781,0.0711,0.4551,0.4801,238
06888500,aifs,1,-0.0152,-0.2414,0.1536,0.4521,238
06889200,aifs,1,-0.0465,-0.0289,0.2167,0.5616,238
06889500,aifs,1,-0.9231,0.1428,0.1614,0.8851,238
06892000,aifs,1,0.1595,0.5076,0.5670,0.7692,238
06903400,aifs,1,0.4039,0.0890,0.7453,0.3545,238
06906800,aifs,1,0.4790,0.4830,0.6972,0.7511,238
06910800,aifs,1,-0.1620,0.0789,0.2102,0.6776,238
06911900,aifs,1,-0.2791,0.0937,0.1877,0.6929,238
06917000,aifs,1,0.2582,0.4009,0.5518,0.7027,238
06918460,aifs,1,0.4510,0.5679,0.6767,1.0942,238
06919500,aifs,1,0.4664,0.6287,0.7169,0.7784,238
06921070,aifs,1,0.1931,0.3517,0.4768,0.8439,238
06921200,aifs,1,0.1160,-0.1198,0.4522,0.3656,238
06934000,aifs,1,0.6822,0.7937,0.8442,0.8676,237
07014500,aifs,1,0.4861,0.3427,0.8137,0.7841,238
07056000,aifs,1,0.2304,0.4909,0.5428,0.9161,238
07057500,aifs,1,0.3396,0.4092,0.6082,0.8564,230
07060710,aifs,1,-0.0001,-0.3955,0.0256,1.0505,238
07066000,aifs,1,0.2683,0.2207,0.6339,0.7755,238
07067000,aifs,1,0.3613,0.3957,0.9025,0.5639,238
07068000,aifs,1,0.3323,0.3757,0.7821,0.7538,237
07071500,aifs,1,-0.1492,0.3481,0.5039,0.7842,238
07083000,aifs,1,-1.3413,-0.3412,0.8940,1.6843,238
07142300,aifs,1,-8.0432,-5.1127,-0.0076,6.9717,238
07145700,aifs,1,0.3280,0.2239,0.5801,0.5382,238
07148400,aifs,1,-0.7270,0.0663,0.8362,1.4830,238
07149000,aifs,1,0.2863,0.4369,0.8910,1.5052,238
07151500,aifs,1,0.5296,0.3168,0.8373,0.6561,238
07167500,aifs,1,0.4195,0.0439,0.7148,1.7212,238
07180500,aifs,1,-0.0359,-0.0818,0.1640,0.6816,238
07184000,aifs,1,0.2856,0.3868,0.5713,0.6392,236
07195800,aifs,1,0.2208,0.5271,0.5550,0.9492,236
07196900,aifs,1,0.1212,0.1415,0.3564,0.9781,237
07197000,aifs,1,0.5368,0.6494,0.7337,1.0053,238
07208500,aifs,1,0.0700,0.5105,0.7344,1.0742,238
07226500,aifs,1,-0.0207,-0.5467,-0.0144,0.2682,236
07261000,aifs,1,0.2854,0.2981,0.5544,1.2969,236
07263295,aifs,1,0.0945,-0.8224,0.5639,2.6357,236
07290650,aifs,1,0.2356,0.4428,0.5661,0.7138,238
07291000,aifs,1,-0.5464,0.1445,0.3154,0.4901,238
07292500,aifs,1,-0.7778,0.2844,0.3617,0.9216,238
07295000,aifs,1,-0.1390,0.2459,0.3157,0.7584,238
07299670,aifs,1,0.1305,-0.0123,0.3967,1.5645,228
07301410,aifs,1,-0.1274,-0.0213,0.1632,0.7573,227
07301500,aifs,1,-0.1814,-0.5728,0.0318,1.7704,200
07315200,aifs,1,-1.3352,-0.1336,0.2350,1.7332,161
07315700,aifs,1,-0.1828,0.0221,0.7786,1.6962,218
07335700,aifs,1,0.0912,-0.0319,0.3742,0.5054,229
07340300,aifs,1,0.3365,0.3771,0.5959,0.7752,238
07346045,aifs,1,-0.3858,-0.0976,0.6527,0.3532,238
07359610,aifs,1,0.1649,0.1889,0.5423,1.5897,238
07362100,aifs,1,0.3244,0.2687,0.7292,1.6631,238
07362587,aifs,1,0.2953,-0.0955,0.6335,1.8619,236
07373000,aifs,1,0.0263,-0.0150,0.3619,0.5586,234
07375000,aifs,1,0.0812,0.3673,0.4990,0.6328,238
07376000,aifs,1,0.8271,0.8010,0.9154,0.8388,238
08013000,aifs,1,0.6184,0.4616,0.8580,0.7464,238
08014500,aifs,1,0.4959,0.3277,0.8293,0.6518,238
08023080,aifs,1,-0.0784,-0.2169,0.2565,1.8572,238
08025500,aifs,1,0.5606,0.7438,0.7866,1.1397,238
08029500,aifs,1,0.4254,0.5024,0.6645,1.1960,238
08050800,aifs,1,-0.1881,0.0399,0.1599,0.7362,237
08066200,aifs,1,0.1738,0.0666,0.4262,0.5517,238
08066300,aifs,1,0.8204,0.5813,0.9110,0.6116,238
08070000,aifs,1,-0.2604,0.0746,0.8546,1.3889,238
08070200,aifs,1,0.2477,0.6474,0.6685,0.9633,238
08079600,aifs,1,-3.2663,-2.2065,0.2011,3.9535,194
08082700,aifs,1,0.0687,-0.0483,0.2662,0.7413,224
08086212,aifs,1,-0.0095,-0.2234,0.0902,1.2503,238
08086290,aifs,1,-0.2500,-0.5852,0.0442,2.1768,238
08101000,aifs,1,-1.2651,0.0341,0.4189,1.4865,238
08103900,aifs,1,0.1448,0.1195,0.3903,0.7389,238
08104900,aifs,1,-2.1557,-0.0880,0.1519,0.7257,238
08109700,aifs,1,-0.5389,0.1222,0.6105,1.5585,222
08150800,aifs,1,0.5373,0.2895,0.9404,0.7147,238
08155200,aifs,1,-4.3571,-1.4946,0.3275,2.9827,238
08158700,aifs,1,-5.1589,-7.9755,0.2607,9.8749,238
08158810,aifs,1,0.0754,0.1863,0.3364,1.0362,238
08164000,aifs,1,0.2465,0.3081,0.7475,1.5787,238
08164300,aifs,1,0.2861,0.4180,0.5436,0.9684,235
08164600,aifs,1,-4.5743,-3.3757,0.5451,5.0304,238
08165300,aifs,1,0.5027,0.3282,0.9167,1.0550,238
08171300,aifs,1,-40.7706,-35.4380,0.6113,37.1076,238
08175000,aifs,1,0.4657,0.4445,0.7451,0.5065,238
08176900,aifs,1,-13.0183,-6.1853,0.3663,7.6126,238
08178880,aifs,1,0.6715,0.5161,0.8280,0.5780,238
08189500,aifs,1,-0.5100,0.1183,0.6445,1.5471,238
08190000,aifs,1,0.4565,0.3572,0.7713,1.0021,238
08190500,aifs,1,0.6940,-0.1146,0.9514,2.0841,232
08194200,aifs,1,-0.5618,-0.5777,0.8392,2.2554,238
08195000,aifs,1,0.6011,0.3457,0.9683,0.7667,238
08196000,aifs,1,-0.0307,0.1104,0.3299,1.4882,226
08198500,aifs,1,0.9394,0.8841,0.9706,1.0779,238
08200000,aifs,1,0.3949,0.4814,0.6335,0.7933,238
08202700,aifs,1,-1.8597,-0.1044,0.2769,1.5015,237
08267500,aifs,1,-22.0404,-2.2654,0.6952,2.6376,238
08269000,aifs,1,-3.5567,-0.3743,0.6970,1.7006,238
08271000,aifs,1,-45.2015,-4.2061,0.7745,2.4736,238
08324000,aifs,1,0.1896,0.6046,0.7141,1.1265,238
08377900,aifs,1,-3.4892,-0.4018,0.5032,1.3364,238
08378500,aifs,1,-5.7204,-0.9314,0.5806,1.3037,230
08380500,aifs,1,-2.4371,-0.1169,0.4989,1.6416,238
09034900,aifs,1,0.2036,0.2547,0.8755,1.5561,234
09035900,aifs,1,0.5595,0.7531,0.8243,1.0819,204
09047700,aifs,1,-4.1524,-0.8876,0.8866,1.3858,236
09065500,aifs,1,0.7466,0.6788,0.9391,1.1219,238
09066000,aifs,1,-0.8487,0.1986,0.5916,1.1504,238
09066200,aifs,1,0.7148,0.6572,0.9248,1.2094,238
09066300,aifs,1,-0.3215,0.0163,0.8069,1.7757,238
09081600,aifs,1,0.1213,0.5968,0.6186,1.0185,238
09107000,aifs,1,-1.1165,0.0075,0.7037,1.2234,237
09210500,aifs,1,-1.4343,0.0916,0.7325,1.5449,211
09223000,aifs,1,-2.7916,-0.5503,0.8791,1.9770,177
09306242,aifs,1,-451.0056,-4.1203,0.8583,5.9640,236
09312600,aifs,1,-2.1322,-0.6184,0.4900,2.3943,238
09352900,aifs,1,-0.5749,0.3122,0.5763,1.2487,208
09378170,aifs,1,0.2550,0.2626,0.5417,1.3204,238
09378630,aifs,1,,,,,238
09386900,aifs,1,-1.4070,-0.1665,0.0137,1.6040,238
09404450,aifs,1,0.7189,0.7500,0.8657,0.9171,238
09430500,aifs,1,-0.9496,0.1473,0.6107,0.2664,238
09430600,aifs,1,0.1379,0.0394,0.6586,0.2619,238
09447800,aifs,1,-2.3740,-0.6364,0.0672,2.0607,238
09480000,aifs,1,-0.7083,-4.6186,-0.0367,6.5124,238
09484000,aifs,1,-0.9562,-0.7680,0.2419,2.5890,213
09484600,aifs,1,-1.0346,-1.8414,0.1893,3.7207,237
09492400,aifs,1,-0.9648,0.1636,0.7898,1.6555,236
09494000,aifs,1,0.4277,0.7060,0.7089,1.0351,238
09497800,aifs,1,-0.1400,-0.6429,-0.2341,1.6233,238
09497980,aifs,1,-0.7843,0.1915,0.2004,1.0517,210
09505200,aifs,1,0.4327,0.6511,0.7139,1.1987,238
09505350,aifs,1,0.5974,0.4104,0.7942,1.5491,238
09505800,aifs,1,-0.2104,0.4016,0.6256,1.2559,238
09508300,aifs,1,-2.4742,-0.1686,0.2984,1.2605,238
09510200,aifs,1,-2.0635,-0.9747,0.1038,2.6927,219
09512280,aifs,1,-0.0630,-0.9694,-0.1051,2.3634,238
09513780,aifs,1,-6.8487,-7.5288,0.1599,9.4867,237
10023000,aifs,1,-14.9121,-0.6608,0.0768,2.2342,238
10166430,aifs,1,-13341.0785,-90.0441,0.5546,72.5734,238
10172700,aifs,1,-29.6118,-0.2558,0.6424,2.0211,238
10172800,aifs,1,-9.8582,-0.8816,0.8055,2.3632,238
10173450,aifs,1,-0.3879,0.3927,0.4151,0.9956,238
10205030,aifs,1,-189.0067,-9.8445,-0.0203,2.3313,238
10234500,aifs,1,-0.0986,-0.2837,-0.0381,0.8590,234
10242000,aifs,1,-29.3347,-3.7016,0.4096,4.4915,238
10244950,aifs,1,-37.3173,-1.5277,0.7096,1.5631,238
10249300,aifs,1,-45.1011,-4.5822,0.5114,4.3296,237
10258000,aifs,1,,,,,66
10258500,aifs,1,0.0372,-0.2948,0.2298,0.4000,238
10259000,aifs,1,0.7400,0.7068,0.8775,1.0747,238
10259200,aifs,1,-11.9044,-5.6762,0.6407,6.9913,238
10263500,aifs,1,-0.4840,0.1207,0.8200,1.2665,238
10310500,aifs,1,-1.4521,0.2058,0.8956,1.7627,238
10316500,aifs,1,-0.3554,0.3277,0.6730,1.2445,238
10329500,aifs,1,-0.2127,0.1553,0.8807,1.2886,238
10336645,aifs,1,0.5195,0.6869,0.7405,1.1276,224
10336660,aifs,1,0.5363,0.7320,0.7505,1.0404,238
10343500,aifs,1,0.5929,0.4655,0.8676,0.7783,238
10348850,aifs,1,-2.2805,0.0045,0.8236,1.7304,238
10396000,aifs,1,0.0089,0.5237,0.7282,1.2349,238
11098000,aifs,1,-0.2972,0.2017,0.6616,1.5499,238
11124500,aifs,1,-2.7415,-1.0437,0.9495,2.4595,238
11141280,aifs,1,0.7248,0.6600,0.8685,1.1214,238
11143000,aifs,1,0.6853,0.6636,0.8689,1.3035,238
11148900,aifs,1,0.6084,0.3528,0.8375,0.5632,238
11151300,aifs,1,0.8482,0.5458,0.9391,1.3812,238
11162500,aifs,1,0.6828,0.5060,0.8741,0.7009,238
11176400,aifs,1,0.5854,0.3723,0.8310,0.6285,144
11180500,aifs,1,-0.6971,-0.6712,0.8593,2.3098,238
11180960,aifs,1,-0.6665,-0.6630,0.6139,2.5398,238
11224500,aifs,1,0.0387,-0.3919,0.3306,0.1701,238
11253310,aifs,1,0.3533,0.2297,0.6126,0.5310,238
11264500,aifs,1,-0.5058,0.2057,0.2101,0.9336,238
11266500,aifs,1,-0.3424,0.3258,0.3279,1.0522,238
11274500,aifs,1,0.8368,0.7151,0.9184,1.2726,238
11274630,aifs,1,0.8548,0.7703,0.9334,1.2142,238
11284400,aifs,1,-0.0045,-0.3764,0.4377,0.1570,238
11299600,aifs,1,0.4790,0.3007,0.7611,0.6343,235
11381500,aifs,1,0.5648,0.4587,0.8223,1.0193,238
11383500,aifs,1,0.6756,0.5866,0.8574,1.1026,238
11451100,aifs,1,0.5442,0.6049,0.7385,0.9971,106
11468500,aifs,1,0.4525,0.3518,0.7543,0.8666,238
11473900,aifs,1,0.4587,0.3805,0.7401,0.9255,238
11475560,aifs,1,0.2679,0.6115,0.6944,1.1847,238
11476600,aifs,1,0.4590,0.6936,0.7227,1.1265,237
11478500,aifs,1,0.1726,0.4366,0.5950,1.3916,238
11480390,aifs,1,0.3971,0.3887,0.6463,0.9572,238
11481200,aifs,1,0.2047,0.5501,0.6287,1.2479,238
11482500,aifs,1,0.1331,0.2283,0.8228,1.5564,238
11522500,aifs,1,0.3178,0.4107,0.7537,1.5229,238
11523200,aifs,1,-0.4003,0.0319,0.7478,1.8100,238
11528700,aifs,1,0.6034,0.5469,0.8017,1.1248,238
11532500,aifs,1,0.5058,0.6808,0.7861,1.2114,238
12010000,aifs,1,0.8798,0.8794,0.9417,0.8972,238
12013500,aifs,1,0.8544,0.8762,0.9385,1.0432,238
12020000,aifs,1,0.6407,0.6425,0.8246,0.7050,238
12025000,aifs,1,0.7404,0.7131,0.9180,1.1659,238
12025700,aifs,1,0.7467,0.8092,0.8751,0.8601,238
12035000,aifs,1,0.8445,0.8934,0.9310,1.0164,238
12040500,aifs,1,0.7574,0.8770,0.8819,0.9748,238
12041200,aifs,1,0.4728,0.5732,0.8715,1.0216,238
12043000,aifs,1,0.8254,0.8920,0.9116,0.9449,238
12048000,aifs,1,0.6186,0.7625,0.8726,1.1989,238
12054000,aifs,1,0.2781,0.4125,0.8899,1.3817,238
12056500,aifs,1,0.5467,0.6416,0.8721,0.9676,238
12073500,aifs,1,0.6273,0.8029,0.8371,1.1106,237
12082500,aifs,1,0.4688,0.4673,0.6986,1.0149,232
12092000,aifs,1,0.2764,0.4066,0.5347,0.9948,238
12095000,aifs,1,0.6921,0.6717,0.8423,0.8979,238
12114500,aifs,1,0.6996,0.6292,0.8611,1.1402,238
12115000,aifs,1,0.6855,0.6486,0.8439,1.1160,238
12115500,aifs,1,0.6521,0.6255,0.8215,1.0069,238
12117000,aifs,1,0.7407,0.7946,0.8639,1.0713,238
12141300,aifs,1,0.5021,0.5700,0.7248,1.2214,238
12143600,aifs,1,0.6020,0.5529,0.8000,1.2778,234
12144000,aifs,1,0.6856,0.7275,0.8320,1.0789,237
12145500,aifs,1,0.8212,0.8934,0.9169,1.0385,238
12147600,aifs,1,0.4604,0.5556,0.6789,1.0358,238
12167000,aifs,1,0.8054,0.7286,0.9146,1.2478,238
12175500,aifs,1,0.1741,0.6132,0.6618,1.1337,238
12186000,aifs,1,0.5332,0.6733,0.7808,1.2377,235
12189500,aifs,1,0.4843,0.6155,0.8245,1.3307,237
12358500,aifs,1,0.6371,0.7905,0.8490,1.0730,238
12377150,aifs,1,0.5424,0.7703,0.7763,0.9507,238
12381400,aifs,1,0.3088,0.4789,0.8611,1.2432,205
12390700,aifs,1,0.4244,0.6266,0.7015,1.1800,238
12411000,aifs,1,0.8005,0.7471,0.9155,1.2245,227
12414500,aifs,1,0.6769,0.6963,0.8331,0.9103,238
12447390,aifs,1,-0.2074,-0.2516,0.2273,0.3521,238
12451000,aifs,1,0.4629,0.6761,0.8035,1.2167,238
12488500,aifs,1,0.6206,0.7304,0.8177,1.1681,238
13011500,aifs,1,0.7379,0.6279,0.9384,1.2866,238
13011900,aifs,1,0.7892,0.8096,0.9230,0.9577,238
13018300,aifs,1,-0.4673,-0.0107,0.9287,1.4740,238
13023000,aifs,1,0.5369,0.7653,0.8100,0.9033,196
13161500,aifs,1,0.7172,0.6875,0.8797,0.7821,238
13235000,aifs,1,0.5788,0.6642,0.7752,0.8962,236
13240000,aifs,1,0.7888,0.8534,0.8886,1.0181,159
13310700,aifs,1,0.5860,0.5036,0.8989,0.6722,238
13313000,aifs,1,0.6947,0.4854,0.9585,0.6443,238
13331500,aifs,1,0.4857,0.5381,0.8975,1.2154,238
13337000,aifs,1,0.6654,0.7030,0.8434,0.8353,238
13338500,aifs,1,0.8103,0.8584,0.9176,1.1070,238
13340000,aifs,1,0.4845,0.6317,0.7477,0.8001,238
13340600,aifs,1,0.5890,0.6242,0.8679,0.7150,238
14020000,aifs,1,0.4942,0.3241,0.8499,0.7031,238
14092750,aifs,1,0.7473,0.6282,0.9163,0.8892,238
14096850,aifs,1,-1.0299,0.4130,0.8984,0.4298,238
14137000,aifs,1,0.6999,0.6420,0.8568,1.0469,233
14138800,aifs,1,0.6000,0.6376,0.7771,0.9946,238
14138870,aifs,1,0.7869,0.8327,0.8886,0.9242,238
14138900,aifs,1,0.4237,0.4792,0.6522,0.9747,238
14139800,aifs,1,0.7686,0.8033,0.8777,0.9364,236
14141500,aifs,1,0.7828,0.7789,0.8883,0.9294,238
14154500,aifs,1,0.8601,0.7751,0.9382,1.1041,238
14158500,aifs,1,0.7549,0.6820,0.9118,1.0838,223
14158790,aifs,1,0.6964,0.7108,0.8398,1.1262,234
14166500,aifs,1,0.5886,0.5320,0.7974,0.9399,238
14182500,aifs,1,0.6150,0.6286,0.7919,0.8464,238
14185000,aifs,1,0.7673,0.7415,0.8833,1.0173,238
14185900,aifs,1,0.6359,0.7460,0.8001,1.0610,235
14187000,aifs,1,0.7085,0.7170,0.8463,1.0918,237
14216500,aifs,1,0.9009,0.8323,0.9568,1.0454,235
14222500,aifs,1,0.8751,0.8093,0.9403,1.1664,238
14236200,aifs,1,0.8344,0.8612,0.9148,0.9281,237
14301000,aifs,1,0.8742,0.8689,0.9450,1.0944,237
14303200,aifs,1,0.7702,0.6463,0.9137,1.0586,238
14305500,aifs,1,0.7340,0.7982,0.8601,1.1090,236
14306340,aifs,1,0.6619,0.5494,0.8550,0.8093,238
14306500,aifs,1,0.8171,0.7222,0.9236,0.9471,238
14308990,aifs,1,0.6028,0.5040,0.8304,0.9446,238
14309500,aifs,1,0.6690,0.7880,0.8220,1.0596,238
14316700,aifs,1,0.7643,0.6811,0.8954,1.0645,238
14325000,aifs,1,0.6677,0.8144,0.8423,1.0880,238
14362250,aifs,1,0.3124,0.1739,0.6958,0.5152,148
14400000,aifs,1,0.7085,0.8521,0.8550,0.9714,238
01013500,aifs,2,0.8956,0.8073,0.9574,0.8589,238
01022500,aifs,2,0.7460,0.6705,0.8853,0.9989,238
01030500,aifs,2,0.8087,0.8066,0.9308,1.0873,238
01031500,aifs,2,0.7387,0.7657,0.8612,0.9612,236
01047000,aifs,2,0.5385,0.6780,0.7399,0.9387,238
01052500,aifs,2,0.4643,0.3778,0.7336,0.6815,238
01054200,aifs,2,0.4167,0.2237,0.7608,0.5154,238
01055000,aifs,2,0.4344,0.5659,0.6676,0.8840,236
01057000,aifs,2,0.7650,0.7389,0.8841,0.8977,236
01073000,aifs,2,0.7991,0.8264,0.9188,1.0947,238
01078000,aifs,2,0.5492,0.4991,0.7881,0.7052,236
01118300,aifs,2,0.3957,0.5767,0.6614,0.8347,236
01121000,aifs,2,0.7062,0.7353,0.8661,1.2282,236
01123000,aifs,2,0.8458,0.7909,0.9279,0.9285,238
01134500,aifs,2,0.7307,0.7431,0.8631,0.8443,236
01137500,aifs,2,0.5128,0.5267,0.7423,0.7804,238
01139000,aifs,2,0.7856,0.8091,0.8910,0.9066,234
01139800,aifs,2,0.8221,0.8606,0.9121,1.0901,238
01142500,aifs,2,0.7184,0.7117,0.8613,0.8650,236
01144000,aifs,2,0.8387,0.9161,0.9209,0.9761,238
01169000,aifs,2,0.7362,0.8187,0.8595,1.0486,236
01170100,aifs,2,0.7912,0.8462,0.8915,0.9332,237
01181000,aifs,2,0.8659,0.8317,0.9456,1.1298,236
01187300,aifs,2,0.7378,0.6505,0.8855,1.0210,238
01195100,aifs,2,0.4413,0.4724,0.6755,0.8727,238
01333000,aifs,2,0.5766,0.5910,0.7719,0.8497,236
01350000,aifs,2,0.1502,0.1033,0.4087,0.6820,235
01350080,aifs,2,0.6483,0.5242,0.8532,0.7088,238
01350140,aifs,2,0.7157,0.5941,0.8840,0.6587,188
01365000,aifs,2,0.4037,0.3724,0.6719,0.8003,236
01411300,aifs,2,0.1560,0.3235,0.4978,1.2711,229
01413500,aifs,2,0.4564,0.4136,0.7202,0.7945,236
01414500,aifs,2,0.1191,0.0698,0.4363,0.5890,236
01415000,aifs,2,0.4087,0.2762,0.8165,0.6057,193
01423000,aifs,2,0.4886,0.4019,0.7901,0.7128,238
01434025,aifs,2,0.1820,0.4820,0.5740,0.7208,238
01435000,aifs,2,0.3467,0.3587,0.6008,0.8477,237
01439500,aifs,2,0.6822,0.6373,0.8710,0.7883,236
01440000,aifs,2,0.7246,0.7056,0.8612,0.9241,238
01440400,aifs,2,0.7908,0.8036,0.8910,0.9851,212
01451800,aifs,2,0.5132,0.5731,0.7174,0.9966,236
01466500,aifs,2,-1.9455,-0.5053,0.8601,1.0008,236
01484100,aifs,2,-0.2059,0.4394,0.5527,1.2982,238
01485500,aifs,2,-8.0857,-1.6475,0.4847,2.6905,233
01486000,aifs,2,-1.8536,-0.1837,0.5324,1.8466,238
01487000,aifs,2,0.2766,0.6200,0.7602,1.0983,238
01491000,aifs,2,0.6752,0.6393,0.8369,0.9793,238
01510000,aifs,2,0.7322,0.6813,0.8709,0.9690,238
01516500,aifs,2,0.2913,0.1642,0.6962,0.5683,238
01518862,aifs,2,0.3537,0.3076,0.6873,0.6306,238
01532000,aifs,2,0.6550,0.7340,0.8145,0.9004,236
01539000,aifs,2,0.6626,0.6692,0.8340,0.8536,220
01542810,aifs,2,0.4437,0.4250,0.6969,0.7876,236
01543000,aifs,2,0.5661,0.5975,0.7814,0.7748,238
01543500,aifs,2,0.6618,0.5974,0.8622,0.7765,236
01544500,aifs,2,0.5363,0.4263,0.8723,0.6369,238
01545600,aifs,2,0.4734,0.3436,0.8518,0.6283,238
01547700,aifs,2,0.0936,0.0398,0.3256,0.7718,238
01548500,aifs,2,0.4425,0.3407,0.8179,0.6175,236
01549500,aifs,2,0.5799,0.4690,0.8510,0.6818,236
01550000,aifs,2,0.5060,0.4101,0.8246,0.6599,236
01552000,aifs,2,0.4891,0.5546,0.7258,0.8064,238
01552500,aifs,2,0.4980,0.6848,0.7332,0.8744,238
01557500,aifs,2,0.3638,0.4911,0.6076,1.0247,238
01567500,aifs,2,0.2712,0.3536,0.5236,1.0382,238
01568000,aifs,2,0.5013,0.5078,0.7239,1.1102,238
01580000,aifs,2,0.3363,0.4503,0.5911,0.9273,234
01583500,aifs,2,0.3282,0.4158,0.6054,0.8487,238
01586610,aifs,2,0.5089,0.5452,0.7559,0.7986,204
01591400,aifs,2,0.0758,0.4228,0.4540,1.0218,238
01596500,aifs,2,0.3607,0.2808,0.6679,0.6929,236
01605500,aifs,2,0.2961,0.5708,0.6158,1.1383,236
01606500,aifs,2,0.5614,0.4981,0.7955,0.7703,211
01613050,aifs,2,0.3149,0.4057,0.5636,1.0516,238
01620500,aifs,2,0.4213,0.3109,0.7542,0.5182,236
01632000,aifs,2,0.5074,0.5501,0.7153,0.9715,236
01632900,aifs,2,-0.0073,0.5435,0.6214,1.0736,236
01634500,aifs,2,0.2579,0.3897,0.5193,0.9673,221
01638480,aifs,2,-0.6861,0.0292,0.5676,1.8366,233
01639500,aifs,2,0.5069,0.5813,0.7176,1.1098,238
01644000,aifs,2,-0.2673,0.0800,0.7602,1.8691,238
01658500,aifs,2,0.0342,0.4900,0.5476,1.2317,207
01664000,aifs,2,0.5883,0.6336,0.7696,0.9608,238
01666500,aifs,2,0.6367,0.6544,0.8119,1.1274,223
01667500,aifs,2,0.6726,0.7388,0.8363,1.1382,216
01669000,aifs,2,0.3906,0.6804,0.7072,1.1280,213
01669520,aifs,2,-3.4427,-0.5977,0.7158,1.9007,236
02011400,aifs,2,0.5910,0.6926,0.7733,1.0948,238
02011460,aifs,2,0.5280,0.5034,0.7499,0.7837,238
02013000,aifs,2,0.6020,0.6073,0.7837,1.0576,238
02014000,aifs,2,0.5362,0.7090,0.7431,0.9703,237
02015700,aifs,2,0.7740,0.7671,0.8840,0.9893,220
02016000,aifs,2,0.7677,0.7227,0.8876,0.8519,237
02017500,aifs,2,0.5944,0.7192,0.8584,1.0768,236
02018000,aifs,2,0.7254,0.8547,0.8718,1.0398,231
02027000,aifs,2,0.4742,0.6638,0.7939,0.7636,218
02027500,aifs,2,0.6632,0.5632,0.8942,0.6208,221
02028500,aifs,2,0.5278,0.6539,0.7484,0.8413,213
02038850,aifs,2,0.3722,0.4459,0.6380,0.7910,236
02046000,aifs,2,0.5190,0.4537,0.7954,1.4949,228
02051000,aifs,2,0.2135,0.2796,0.4670,0.9079,238
02051500,aifs,2,0.4032,0.5507,0.6623,1.2188,236
02053200,aifs,2,0.2295,0.3891,0.6750,1.5173,210
02053800,aifs,2,0.4491,0.4605,0.6951,0.8612,219
02055100,aifs,2,0.6381,0.6722,0.8033,1.0565,236
02056900,aifs,2,0.6577,0.6682,0.8323,0.8520,212
02059500,aifs,2,0.6741,0.6837,0.8652,0.7585,207
02064000,aifs,2,0.5570,0.4108,0.8470,0.7007,226
02065500,aifs,2,0.4882,0.4040,0.8665,0.6127,236
02069700,aifs,2,0.2814,0.4702,0.5965,1.1838,210
02070000,aifs,2,0.2810,0.4449,0.5762,1.1727,236
02074500,aifs,2,0.3000,0.5199,0.5823,1.0630,238
02077200,aifs,2,0.5167,0.6822,0.7342,1.1143,233
02081500,aifs,2,0.2607,0.3752,0.5832,1.4251,238
02082950,aifs,2,-0.9390,0.0366,0.5591,1.6077,238
02092500,aifs,2,-0.9201,-0.1921,0.4809,2.0284,238
02096846,aifs,2,-0.4337,0.0487,0.1667,1.4264,238
02102908,aifs,2,0.4347,0.5869,0.6685,0.9459,238
02108000,aifs,2,0.6937,0.7626,0.8371,1.0996,238
02111180,aifs,2,0.1023,0.0931,0.3272,1.0250,238
02111500,aifs,2,0.0512,0.2760,0.3670,0.9657,236
02118500,aifs,2,0.2828,0.5330,0.5787,1.0303,238
02128000,aifs,2,-0.4748,-0.4492,0.5649,2.3504,238
02137727,aifs,2,0.1514,0.2734,0.4196,0.9606,238
02140991,aifs,2,0.1136,0.2658,0.4077,1.1091,238
02143000,aifs,2,0.1112,0.6207,0.7215,1.2551,238
02143040,aifs,2,-0.2704,0.4555,0.5129,0.9970,236
02149000,aifs,2,0.2518,0.3643,0.5127,1.0588,238
02152100,aifs,2,0.2616,0.5461,0.5763,1.0221,238
02177000,aifs,2,0.2523,0.2474,0.5154,1.0410,236
02178400,aifs,2,0.5130,0.5740,0.7237,0.9588,236
02193340,aifs,2,-0.1360,0.3752,0.4293,1.2530,238
02196000,aifs,2,0.2349,0.0114,0.6957,0.4506,238
02198100,aifs,2,0.0180,0.0247,0.2708,1.2976,237
02202600,aifs,2,-0.3091,-0.6654,-0.1716,1.7001,238
02212600,aifs,2,0.2382,0.3018,0.4900,1.0677,236
02215100,aifs,2,0.1634,0.1485,0.4206,0.7821,238
02216180,aifs,2,0.0681,-0.1569,0.3118,0.5164,236
02221525,aifs,2,0.3944,0.4448,0.6357,1.1016,236
02231000,aifs,2,-2.4633,-0.5594,0.5083,2.1256,238
02231342,aifs,2,-0.4377,0.0598,0.7629,1.6869,238
02235200,aifs,2,-0.7336,0.2949,0.3832,1.2543,237
02245500,aifs,2,-2.3121,-0.3241,0.6421,1.3418,238
02246000,aifs,2,-0.0468,0.5037,0.6618,0.8852,236
02296500,aifs,2,-0.0077,-0.3560,0.7355,2.3272,227
02297155,aifs,2,0.1137,-0.0792,0.7064,0.3116,237
02297310,aifs,2,0.5036,0.7165,0.7378,0.9156,228
02298123,aifs,2,0.4688,0.3656,0.7458,0.6498,238
02298608,aifs,2,0.5096,0.4510,0.8546,1.5241,238
02299950,aifs,2,0.4382,0.4940,0.6767,0.7703,238
02300700,aifs,2,0.4062,0.2159,0.7920,0.5917,238
02310947,aifs,2,-0.7422,-2.0495,-0.2940,3.6686,238
02312200,aifs,2,-19.8896,-4.2071,0.2768,6.1456,238
02314500,aifs,2,-0.3319,-0.5341,-0.2347,0.5621,238
02315500,aifs,2,-0.3296,-0.6563,-0.2880,0.4430,238
02324400,aifs,2,-0.2052,-1.0284,-0.5320,0.1148,238
02327100,aifs,2,-2.7228,-1.1771,0.7996,2.7762,236
02349900,aifs,2,0.1610,0.0870,0.4205,1.0178,238
02350900,aifs,2,0.4994,0.5323,0.8728,0.6944,238
02361000,aifs,2,0.5690,0.5684,0.8407,0.7113,238
02363000,aifs,2,0.4422,0.1675,0.9025,0.4360,236
02369800,aifs,2,0.2936,0.1443,0.6483,0.6199,237
02371500,aifs,2,0.4494,0.3049,0.8189,0.8181,238
02372250,aifs,2,0.6266,0.4842,0.8738,0.9299,236
02374500,aifs,2,0.4956,0.4512,0.7401,0.8407,238
02381600,aifs,2,0.0721,0.0206,0.2783,0.9555,237
02384540,aifs,2,0.1101,0.0693,0.5099,0.7249,238
02395120,aifs,2,-0.3019,0.4104,0.4217,0.9873,238
02408540,aifs,2,0.3004,0.4908,0.5711,0.9628,238
02415000,aifs,2,0.2559,0.3546,0.5109,0.9781,228
02422500,aifs,2,0.3063,0.6097,0.6546,1.1702,221
02427250,aifs,2,0.5781,0.5493,0.7717,1.1963,238
02430085,aifs,2,0.0745,0.1872,0.3359,0.9945,238
02450250,aifs,2,0.3294,0.3395,0.5814,0.9818,236
02464000,aifs,2,0.4768,0.6092,0.6946,0.9338,238
02465493,aifs,2,0.4841,0.6048,0.7077,1.1045,235
02469800,aifs,2,0.5635,0.4071,0.8296,0.6254,236
02472000,aifs,2,0.7542,0.5930,0.9028,0.7577,238
02472500,aifs,2,0.6150,0.7157,0.8206,0.7801,238
02479155,aifs,2,0.4649,0.2864,0.7754,0.6480,238
02479300,aifs,2,0.4503,0.4748,0.6758,0.7766,238
02481000,aifs,2,0.3035,-0.0027,0.7539,0.3469,238
02481510,aifs,2,0.4343,0.1831,0.7992,0.4927,238
03010655,aifs,2,0.5634,0.4593,0.8550,0.6724,209
03011800,aifs,2,0.3319,0.4327,0.6297,0.7668,238
03015500,aifs,2,0.6589,0.7801,0.8213,0.9065,238
03021350,aifs,2,0.4989,0.6095,0.7337,0.7649,236
03026500,aifs,2,0.4401,0.5200,0.6793,0.8389,238
03028000,aifs,2,0.4530,0.5402,0.7663,0.6953,236
03049800,aifs,2,0.1484,0.0769,0.4677,0.6409,236
03050000,aifs,2,0.3784,0.5146,0.6300,0.8531,236
03066000,aifs,2,0.5248,0.4975,0.7666,0.7363,238
03069500,aifs,2,0.4602,0.4362,0.7279,0.6968,236
03070500,aifs,2,0.4445,0.7248,0.7668,1.0167,236
03076600,aifs,2,0.3590,0.3588,0.6575,0.6840,238
03078000,aifs,2,0.1836,0.2320,0.4767,0.6996,238
03140000,aifs,2,0.3166,0.2848,0.5850,0.8484,236
03144000,aifs,2,0.4927,0.5012,0.7120,0.9568,238
03159540,aifs,2,0.5903,0.6130,0.7731,0.9196,238
03161000,aifs,2,0.1900,0.2681,0.4886,0.8625,238
03164000,aifs,2,0.4935,0.6568,0.7490,0.8635,238
03165000,aifs,2,0.0604,0.1078,0.3146,0.8759,221
03170000,aifs,2,0.5594,0.5523,0.7780,0.8785,238
03173000,aifs,2,0.6513,0.7540,0.8189,0.8614,236
03180500,aifs,2,0.5363,0.4796,0.7648,0.7835,222
03182500,aifs,2,0.5926,0.6623,0.7726,0.8946,236
03186500,aifs,2,0.5659,0.5930,0.7606,0.8700,236
03187500,aifs,2,0.6194,0.7292,0.8019,0.8499,235
03213700,aifs,2,0.4372,0.7255,0.7394,1.0585,238
03237280,aifs,2,0.3163,0.2830,0.5847,0.6760,238
03237500,aifs,2,0.6309,0.6367,0.8013,0.9993,236
03241500,aifs,2,0.4111,0.3574,0.6759,0.7224,225
03280700,aifs,2,-0.5066,0.3514,0.4593,0.7949,213
03281100,aifs,2,-0.0852,0.4646,0.5318,0.7676,236
03281500,aifs,2,0.2248,0.5901,0.6609,0.7902,223
03285000,aifs,2,-0.2743,0.1063,0.4487,1.7014,235
03291780,aifs,2,0.2324,0.2066,0.4907,0.8498,238
03300400,aifs,2,0.1649,0.1504,0.4103,0.8546,238
03340800,aifs,2,0.0726,0.2069,0.3522,0.8692,190
03346000,aifs,2,0.2625,0.2174,0.5551,0.5385,238
03364500,aifs,2,0.1643,0.0345,0.4596,0.5803,238
03366500,aifs,2,0.2631,0.1703,0.5524,0.6550,238
03368000,aifs,2,0.1581,0.0381,0.4245,0.5966,238
03384450,aifs,2,0.0666,-0.1612,0.2855,0.5154,238
03439000,aifs,2,-0.0133,-0.0259,0.3509,0.6713,236
03450000,aifs,2,0.1584,0.1022,0.4806,0.8203,238
03455500,aifs,2,-0.1271,0.1902,0.3751,0.6717,236
03456500,aifs,2,0.0797,0.1376,0.3763,0.8077,236
03460000,aifs,2,-0.1918,0.3537,0.6204,0.6408,238
03463300,aifs,2,0.2608,0.4874,0.5533,0.9413,238
03471500,aifs,2,0.4839,0.6305,0.8187,0.7151,236
03473000,aifs,2,0.3154,0.5382,0.6975,0.7296,238
03479000,aifs,2,0.1131,0.3620,0.4477,0.8952,236
03488000,aifs,2,0.6030,0.5613,0.8248,0.7299,238
03498500,aifs,2,0.0991,0.3603,0.5042,0.7412,238
03500000,aifs,2,0.3432,0.6012,0.7441,0.8235,236
03504000,aifs,2,-0.0578,0.4125,0.4767,0.8474,236
03574500,aifs,2,0.1548,0.1235,0.4504,0.6000,238
03604000,aifs,2,-0.0158,-0.1187,0.1622,0.7962,236
04015330,aifs,2,0.3691,0.2128,0.6683,0.5760,197
04024430,aifs,2,0.6351,0.4664,0.8534,0.6171,238
04027000,aifs,2,0.4777,0.4160,0.7284,0.6815,238
04040500,aifs,2,0.8265,0.7254,0.9228,0.8567,238
04043050,aifs,2,0.7752,0.7685,0.8853,0.8642,182
04045500,aifs,2,0.8947,0.7689,0.9645,0.7900,234
04056500,aifs,2,0.4755,0.4017,0.7855,0.6971,229
04057510,aifs,2,0.8573,0.6525,0.9696,0.7598,158
04057800,aifs,2,0.7845,0.5833,0.9232,0.7074,238
04059500,aifs,2,0.8422,0.8106,0.9226,0.9721,238
04063700,aifs,2,0.8241,0.5441,0.9694,0.6341,238
04074950,aifs,2,0.6685,0.5379,0.9337,0.7492,238
04105700,aifs,2,0.7092,0.6793,0.8615,0.9437,238
04115265,aifs,2,0.5386,0.4717,0.7778,0.9726,238
04122200,aifs,2,0.6682,0.6465,0.8410,0.8773,238
04122500,aifs,2,0.8425,0.8139,0.9294,0.9314,236
04124000,aifs,2,0.9355,0.9364,0.9710,1.0443,238
04127997,aifs,2,0.6179,0.5386,0.8408,0.9197,201
04185000,aifs,2,0.8220,0.8406,0.9076,0.9529,215
04196800,aifs,2,0.7104,0.6555,0.8512,0.7922,238
04197100,aifs,2,0.5114,0.5896,0.7152,1.0003,238
04197170,aifs,2,0.2478,0.1708,0.5177,0.6310,238
04213000,aifs,2,0.3608,0.6533,0.6631,0.9437,236
04213075,aifs,2,0.2193,0.2453,0.4898,0.8003,234
04216418,aifs,2,0.5797,0.6271,0.7632,1.0127,238
04221000,aifs,2,0.2315,0.2201,0.6685,0.5561,238
04224775,aifs,2,0.2952,0.2014,0.7020,0.5560,236
04256000,aifs,2,0.7623,0.8449,0.8888,1.1012,236
04296000,aifs,2,0.5978,0.6376,0.7860,0.8474,236
05057000,aifs,2,-1.1542,0.0661,0.6304,0.4934,160
05057200,aifs,2,0.6107,0.6931,0.7816,0.9881,237
05062500,aifs,2,0.7102,0.6051,0.8822,0.8487,199
05087500,aifs,2,0.3382,0.4357,0.5828,0.9847,238
05120500,aifs,2,-10.0006,-1.4892,-0.0649,3.1891,210
05123400,aifs,2,-0.3916,-0.6523,-0.0184,0.1576,238
05129115,aifs,2,-0.8334,-0.8962,-0.2632,0.0000,238
05131500,aifs,2,0.0766,-0.0301,0.7515,0.3992,142
05291000,aifs,2,0.1578,0.2315,0.5324,0.6053,238
05362000,aifs,2,0.6946,0.6471,0.8518,0.7643,237
05393500,aifs,2,0.5794,0.6232,0.7713,0.8005,238
05399500,aifs,2,0.2394,0.3581,0.5274,0.7021,236
05408000,aifs,2,0.3204,0.3290,0.5994,0.8684,237
05412500,aifs,2,0.4071,0.3708,0.8059,0.6554,238
05413500,aifs,2,0.3106,0.5278,0.7251,0.7761,208
05414000,aifs,2,0.1757,0.2776,0.8281,0.6178,204
05444000,aifs,2,0.1245,0.1827,0.5296,0.6244,236
05454000,aifs,2,-0.1352,0.4383,0.4879,0.7814,238
05458000,aifs,2,0.3852,0.2996,0.6934,0.6874,238
05466500,aifs,2,0.6357,0.5919,0.8167,0.9021,236
05487980,aifs,2,0.1346,0.2408,0.4097,0.7746,236
05488200,aifs,2,0.2606,0.1572,0.5348,0.5397,236
05489000,aifs,2,0.1863,0.0501,0.4579,0.5199,236
05495000,aifs,2,0.1185,0.5483,0.5894,1.1777,236
05495500,aifs,2,0.2420,0.0601,0.5481,0.4519,232
05501000,aifs,2,0.0445,-0.1787,0.2510,0.4674,236
05503800,aifs,2,0.1226,0.1440,0.3792,0.6874,238
05507600,aifs,2,0.1588,0.1454,0.4228,0.6048,238
05508805,aifs,2,0.2631,0.4376,0.5416,1.1409,236
05514500,aifs,2,0.1541,0.0981,0.4086,0.7037,236
05525500,aifs,2,0.4874,0.7316,0.7562,1.1038,236
05556500,aifs,2,0.0829,-0.0053,0.4328,0.4944,238
05584500,aifs,2,0.5378,0.5124,0.7516,0.7080,236
05585000,aifs,2,0.6668,0.5631,0.8468,0.7203,238
05591550,aifs,2,-0.0124,0.1028,0.2625,0.7914,236
05592050,aifs,2,0.0460,0.0791,0.2987,0.7217,222
05592575,aifs,2,0.1227,0.0183,0.3772,0.5582,236
05593575,aifs,2,0.3708,0.4426,0.6093,0.9229,238
05593900,aifs,2,0.0262,0.0748,0.2859,0.6849,236
05595730,aifs,2,0.3564,0.3369,0.6078,0.7853,238
06037500,aifs,2,-2.2724,0.3933,0.8595,1.2910,238
06043500,aifs,2,0.4802,0.4385,0.9641,1.3113,238
06154410,aifs,2,0.0875,0.5501,0.5958,0.8282,238
06188000,aifs,2,0.8708,0.9164,0.9398,0.9663,238
06191500,aifs,2,0.7491,0.6951,0.9402,1.1061,238
06221400,aifs,2,0.8372,0.8870,0.9283,1.0313,238
06224000,aifs,2,0.7151,0.8492,0.8551,1.0347,238
06289000,aifs,2,0.2748,0.5609,0.6365,0.8347,238
06332515,aifs,2,0.0697,-0.0395,0.7227,0.6438,118
06339100,aifs,2,-0.1223,0.3055,0.4216,1.3800,174
06339500,aifs,2,-0.1215,0.0149,0.7365,0.2477,167
06344600,aifs,2,-1.7194,-1.4590,0.4043,3.2858,177
06350000,aifs,2,-3.6435,-0.6247,0.2514,2.1369,238
06352000,aifs,2,-0.0133,-0.1011,0.5132,1.3304,237
06353000,aifs,2,-0.0034,-0.1145,0.5147,0.8052,236
06354000,aifs,2,0.4059,0.2811,0.8788,0.4679,173
06360500,aifs,2,0.1194,0.1386,0.5276,1.5423,139
06404000,aifs,2,-1.8175,-0.1942,-0.1109,1.4066,205
06406000,aifs,2,-165.9255,-3.7666,0.9013,5.7211,180
06408700,aifs,2,-1637.2735,-3.9955,0.1951,1.5099,238
06409000,aifs,2,-1.1993,0.6357,0.9002,1.2483,193
06431500,aifs,2,-1.0031,0.4400,0.4489,1.0905,227
06440200,aifs,2,0.2523,-0.0158,0.5492,0.2484,160
06441500,aifs,2,-0.7533,-1.2340,0.1935,2.8939,177
06447000,aifs,2,0.0743,-0.1405,0.3829,0.4584,140
06447500,aifs,2,-0.0921,-0.0525,0.5825,0.6921,238
06450500,aifs,2,0.0567,-0.0888,0.3424,1.0561,208
06452000,aifs,2,0.0067,-0.3032,0.1309,1.0034,175
06453600,aifs,2,-0.3297,-0.0655,0.3939,1.7787,235
06464500,aifs,2,-0.5172,0.3811,0.4920,1.2022,175
06477500,aifs,2,-105.7734,-9.4676,0.1141,6.2655,237
06479215,aifs,2,-0.2046,0.0441,0.1721,0.7058,238
06479438,aifs,2,0.0770,-0.1665,0.5924,0.2513,238
06601000,aifs,2,-0.1622,-0.0357,0.1138,0.8437,238
06614800,aifs,2,0.7893,0.6329,0.9378,1.3361,238
06622700,aifs,2,-0.2734,0.1712,0.7627,1.6091,238
06623800,aifs,2,0.8258,0.9082,0.9145,0.9691,238
06632400,aifs,2,-0.3187,0.3226,0.4587,1.3865,238
06784000,aifs,2,-0.8550,0.2063,0.3781,1.3420,238
06803510,aifs,2,0.0065,-0.3327,0.1410,0.5267,238
06803530,aifs,2,-0.0686,-0.2268,0.0382,0.7381,238
06814000,aifs,2,0.0427,-0.1361,0.2572,0.4636,238
06846500,aifs,2,-0.0094,-0.4715,-0.0581,1.3795,238
06847900,aifs,2,-0.1098,-0.1067,0.1196,1.3621,238
06853800,aifs,2,-0.2198,-0.0986,0.3537,1.7959,238
06876700,aifs,2,0.2142,0.6207,0.7054,0.9752,238
06878000,aifs,2,-0.2408,0.0026,0.1453,0.6279,238
06879650,aifs,2,0.0038,-0.2395,0.2032,0.4314,237
06885500,aifs,2,0.0255,-0.2488,0.2704,0.3497,238
06888500,aifs,2,-0.0080,-0.3701,0.1603,0.3586,238
06889200,aifs,2,-0.0957,-0.2039,0.0907,0.5084,238
06889500,aifs,2,-0.0096,-0.0868,0.1870,0.6419,238
06892000,aifs,2,-0.3890,0.1953,0.2571,0.7008,238
06903400,aifs,2,0.2264,-0.0584,0.5792,0.2991,238
06906800,aifs,2,0.2251,0.0739,0.5154,0.5053,238
06910800,aifs,2,0.0277,-0.1693,0.2296,0.5133,238
06911900,aifs,2,0.0108,-0.1354,0.2194,0.5030,238
06917000,aifs,2,0.1108,0.1024,0.3967,0.5358,238
06918460,aifs,2,0.4598,0.5183,0.6793,1.0225,238
06919500,aifs,2,0.2434,0.4129,0.5585,0.6866,238
06921070,aifs,2,0.2313,0.2010,0.4984,0.7000,238
06921200,aifs,2,0.0890,-0.1719,0.4389,0.3253,238
06934000,aifs,2,0.5929,0.7438,0.8009,0.8416,237
07014500,aifs,2,0.0961,0.0312,0.3396,0.7188,238
07056000,aifs,2,0.1532,0.3178,0.4463,0.8266,238
07057500,aifs,2,0.3234,0.3728,0.6041,0.8381,230
07060710,aifs,2,-0.0001,-0.3955,0.0256,1.0505,238
07066000,aifs,2,0.1605,0.1113,0.5329,0.7576,238
07067000,aifs,2,0.1680,0.3207,0.7727,0.5529,238
07068000,aifs,2,0.2378,0.3197,0.7051,0.7485,237
07071500,aifs,2,-0.2491,0.2582,0.4281,0.7779,238
07083000,aifs,2,-1.3889,-0.3603,0.8967,1.6962,238
07142300,aifs,2,-8.0439,-5.1127,-0.0082,6.9717,238
07145700,aifs,2,0.2427,-0.0954,0.6815,0.2913,238
07148400,aifs,2,-0.7061,0.1482,0.7709,1.4517,238
07149000,aifs,2,0.1864,0.4403,0.8394,1.4789,238
07151500,aifs,2,0.3563,0.1367,0.7358,0.5352,238
07167500,aifs,2,0.5681,0.1136,0.9093,1.6591,238
07180500,aifs,2,0.0104,-0.1102,0.1969,0.6480,238
07184000,aifs,2,0.1012,-0.1162,0.3560,0.4031,236
07195800,aifs,2,0.1926,0.3990,0.4951,0.8621,236
07196900,aifs,2,0.1690,0.0852,0.4440,0.8850,237
07197000,aifs,2,0.4732,0.4472,0.7124,0.9160,238
07208500,aifs,2,0.0800,0.5155,0.7352,1.0728,238
07226500,aifs,2,-0.0176,-0.5804,-0.0166,0.2303,236
07261000,aifs,2,0.3420,0.3030,0.6133,1.2586,236
07263295,aifs,2,0.0627,-0.7748,0.5598,2.5419,236
07290650,aifs,2,0.2958,0.3868,0.5853,0.6810,238
07291000,aifs,2,0.1293,0.1668,0.5140,0.4308,238
07292500,aifs,2,0.1132,0.4052,0.4662,0.8597,238
07295000,aifs,2,0.1561,0.2207,0.4304,0.7051,238
07299670,aifs,2,0.0242,-0.1651,0.2204,1.4904,228
07301410,aifs,2,-0.1732,-0.1304,0.0793,0.7316,227
07301500,aifs,2,-0.1814,-0.5730,0.0315,1.7704,200
07315200,aifs,2,-0.7975,0.0261,0.0539,1.2246,161
07315700,aifs,2,-2.0363,-0.3239,0.4203,1.7844,218
07335700,aifs,2,0.0495,-0.1517,0.3617,0.4289,229
07340300,aifs,2,0.3280,0.2785,0.6198,0.7122,238
07346045,aifs,2,-0.3944,-0.1036,0.6469,0.3520,238
07359610,aifs,2,0.0764,0.1069,0.4031,1.4706,238
07362100,aifs,2,0.2502,0.2498,0.6691,1.6427,238
07362587,aifs,2,0.1994,-0.1074,0.5645,1.7364,236
07373000,aifs,2,-0.0171,-0.0471,0.2965,0.5653,234
07375000,aifs,2,-0.2260,0.1900,0.3148,0.5914,238
07376000,aifs,2,0.6266,0.7529,0.8216,0.8294,238
08013000,aifs,2,0.5744,0.4359,0.8248,0.7250,238
08014500,aifs,2,0.4871,0.2933,0.8582,0.6226,238
08023080,aifs,2,-0.2154,-0.2976,0.0950,1.7958,238
08025500,aifs,2,0.3559,0.4161,0.5971,0.9336,238
08029500,aifs,2,0.1040,0.1762,0.3638,1.1548,238
08050800,aifs,2,0.0328,-0.2200,0.2163,0.5782,237
08066200,aifs,2,0.0051,-0.2699,0.1599,0.4189,238
08066300,aifs,2,0.1983,0.1578,0.4870,0.4395,238
08070000,aifs,2,-0.2897,0.1944,0.7671,1.3564,238
08070200,aifs,2,0.1935,0.6178,0.6296,0.9489,238
08079600,aifs,2,-3.8864,-2.2523,0.1550,3.9500,194
08082700,aifs,2,0.0146,-0.3082,0.1368,0.5963,224
08086212,aifs,2,0.0036,-0.2901,0.0711,1.0859,238
08086290,aifs,2,-0.1617,-0.4775,0.0339,1.9615,238
08101000,aifs,2,-1.7744,-0.0439,0.1399,1.3602,238
08103900,aifs,2,0.1598,0.0967,0.4102,0.7374,238
08104900,aifs,2,-0.0327,-0.0528,0.2388,0.5070,238
08109700,aifs,2,-0.4148,0.2321,0.6021,1.4529,222
08150800,aifs,2,0.1450,-0.0828,0.6139,0.4747,238
08155200,aifs,2,-0.3111,-0.7802,0.3473,2.6424,238
08158700,aifs,2,-4.7221,-7.7874,0.1840,9.6999,238
08158810,aifs,2,0.0505,0.1085,0.2875,1.0456,238
08164000,aifs,2,-0.4863,0.1274,0.5008,1.6291,238
08164300,aifs,2,0.1298,0.2105,0.3839,0.9080,235
08164600,aifs,2,-2.8857,-2.9551,0.4860,4.7545,238
08165300,aifs,2,0.2994,0.1798,0.8861,0.9517,238
08171300,aifs,2,-29.9483,-34.0090,0.5749,35.7995,238
08175000,aifs,2,0.2356,0.3105,0.6045,0.4422,238
08176900,aifs,2,-9.6570,-5.5329,0.3208,7.1170,238
08178880,aifs,2,0.5333,0.3977,0.7424,0.5418,238
08189500,aifs,2,-0.1093,0.4529,0.6015,1.2444,238
08190000,aifs,2,0.2302,0.1391,0.5611,0.8686,238
08190500,aifs,2,0.7500,-0.0405,0.9652,2.0110,232
08194200,aifs,2,-0.1700,0.3894,0.4523,1.2624,238
08195000,aifs,2,0.3152,0.1321,0.8059,0.6483,238
08196000,aifs,2,-0.0334,0.1149,0.3280,1.4781,226
08198500,aifs,2,0.5365,0.4552,0.7485,0.7312,238
08200000,aifs,2,0.1124,0.2149,0.3962,0.7026,238
08202700,aifs,2,-1.3967,0.0750,0.1374,1.0672,237
08267500,aifs,2,-21.8263,-2.2447,0.6960,2.6327,238
08269000,aifs,2,-3.5442,-0.3719,0.6976,1.7001,238
08271000,aifs,2,-44.5564,-4.1627,0.7736,2.4652,238
08324000,aifs,2,0.1880,0.6050,0.7121,1.1244,238
08377900,aifs,2,-3.5476,-0.4103,0.4896,1.3300,238
08378500,aifs,2,-5.6074,-0.9142,0.5851,1.3015,230
08380500,aifs,2,-2.4761,-0.1201,0.4782,1.6331,238
09034900,aifs,2,0.2028,0.2499,0.8776,1.5595,234
09035900,aifs,2,0.5602,0.7533,0.8247,1.0824,204
09047700,aifs,2,-4.1756,-0.8928,0.8868,1.3866,236
09065500,aifs,2,0.7307,0.6628,0.9375,1.1278,238
09066000,aifs,2,-0.8584,0.1953,0.5910,1.1522,238
09066200,aifs,2,0.7093,0.6489,0.9251,1.2134,238
09066300,aifs,2,-0.3272,0.0137,0.8065,1.7775,238
09081600,aifs,2,0.1280,0.5994,0.6207,1.0184,238
09107000,aifs,2,-1.1303,0.0005,0.7064,1.2296,237
09210500,aifs,2,-1.4302,0.0928,0.7324,1.5444,211
09223000,aifs,2,-2.7835,-0.5487,0.8795,1.9764,177
09306242,aifs,2,-451.0062,-4.1203,0.8583,5.9640,236
09312600,aifs,2,-2.1367,-0.6215,0.4883,2.3988,238
09352900,aifs,2,-0.5615,0.3159,0.5800,1.2432,208
09378170,aifs,2,0.2550,0.2627,0.5417,1.3203,238
09378630,aifs,2,,,,,238
09386900,aifs,2,-1.4338,-0.1714,0.0134,1.6100,238
09404450,aifs,2,0.7073,0.7506,0.8600,0.9123,238
09430500,aifs,2,-0.9895,0.1321,0.5894,0.2635,238
09430600,aifs,2,0.1675,0.0155,0.7403,0.2575,238
09447800,aifs,2,-2.3739,-0.6362,0.0674,2.0607,238
09480000,aifs,2,-0.6961,-4.4603,-0.0336,6.3517,238
09484000,aifs,2,-0.7434,-0.5807,0.1998,2.3632,213
09484600,aifs,2,-0.7452,-1.5023,0.1624,3.3574,237
09492400,aifs,2,-0.8940,0.2023,0.7637,1.6312,236
09494000,aifs,2,0.4653,0.7151,0.7202,1.0192,238
09497800,aifs,2,-0.1400,-0.6429,-0.2341,1.6232,238
09497980,aifs,2,-0.3615,0.1985,0.2128,0.9782,210
09505200,aifs,2,0.6341,0.7270,0.8019,1.1409,238
09505350,aifs,2,0.6362,0.4860,0.8068,1.4617,238
09505800,aifs,2,0.4080,0.6464,0.7566,1.2094,238
09508300,aifs,2,-0.4520,0.2958,0.3127,0.8561,238
09510200,aifs,2,-3.2201,-1.2753,0.0874,2.9165,219
09512280,aifs,2,-0.0630,-0.9702,-0.1035,2.3662,238
09513780,aifs,2,-6.8495,-7.5294,0.1600,9.4873,237
10023000,aifs,2,-14.8691,-0.6577,0.0779,2.2329,238
10166430,aifs,2,-13341.0954,-90.0468,0.5556,72.5708,238
10172700,aifs,2,-29.7065,-0.2623,0.6423,2.0224,238
10172800,aifs,2,-9.8116,-0.8762,0.8054,2.3606,238
10173450,aifs,2,-0.3879,0.3927,0.4152,0.9954,238
10205030,aifs,2,-189.1537,-9.8476,-0.0203,2.3323,238
10234500,aifs,2,-0.0981,-0.2815,-0.0356,0.8569,234
10242000,aifs,2,-29.3348,-3.7016,0.4096,4.4915,238
10244950,aifs,2,-37.3267,-1.5286,0.7094,1.5631,238
10249300,aifs,2,-45.1010,-4.5822,0.5114,4.3295,237
10258000,aifs,2,,,,,66
10258500,aifs,2,0.1736,-0.0477,0.4619,0.4588,238
10259000,aifs,2,0.7392,0.6951,0.8794,1.0727,238
10259200,aifs,2,-10.6669,-5.6722,0.6925,7.0544,238
10263500,aifs,2,-0.4784,0.1242,0.8189,1.2637,238
10310500,aifs,2,-1.4554,0.2044,0.8983,1.7643,238
10316500,aifs,2,-0.3525,0.3290,0.6732,1.2427,238
10329500,aifs,2,-0.0558,0.2462,0.8729,1.2630,238
10336645,aifs,2,0.4787,0.6596,0.7145,1.1268,224
10336660,aifs,2,0.5168,0.7113,0.7356,1.0321,238
10343500,aifs,2,0.5926,0.4604,0.8719,0.7773,238
10348850,aifs,2,-2.2723,0.0067,0.8224,1.7289,238
10396000,aifs,2,0.4603,0.7142,0.8147,1.1963,238
11098000,aifs,2,-0.4223,0.2287,0.5770,1.5013,238
11124500,aifs,2,-2.7453,-0.9927,0.9090,2.4306,238
11141280,aifs,2,0.5743,0.5097,0.7932,1.0863,238
11143000,aifs,2,0.6863,0.6987,0.8396,1.2221,238
11148900,aifs,2,0.5452,0.2553,0.8350,0.5113,238
11151300,aifs,2,0.7771,0.5773,0.9443,1.1429,238
11162500,aifs,2,0.6234,0.4849,0.8267,0.6808,238
11176400,aifs,2,0.6483,0.6567,0.8092,0.7544,144
11180500,aifs,2,-1.5324,-0.9714,0.8286,2.4822,238
11180960,aifs,2,-0.8762,-0.7239,0.6196,2.5662,238
11224500,aifs,2,0.0014,-0.4945,0.1636,0.1561,238
11253310,aifs,2,0.0962,-0.0845,0.3416,0.4465,238
11264500,aifs,2,-0.5322,0.2048,0.2078,0.9409,238
11266500,aifs,2,-0.3601,0.3244,0.3271,1.0599,238
11274500,aifs,2,0.7659,0.5511,0.9328,1.3664,238
11274630,aifs,2,0.2514,0.2251,0.9057,1.4065,238
11284400,aifs,2,0.0453,-0.3049,0.4997,0.1820,238
11299600,aifs,2,0.2220,0.1700,0.4776,0.6340,235
11381500,aifs,2,0.4857,0.3900,0.7784,1.0112,238
11383500,aifs,2,0.5886,0.5064,0.8132,1.0825,238
11451100,aifs,2,0.4893,0.5081,0.7070,0.9869,106
11468500,aifs,2,0.3515,0.2505,0.6980,0.8430,238
11473900,aifs,2,0.3940,0.3108,0.7057,0.9004,238
11475560,aifs,2,0.4800,0.5209,0.6960,1.0144,238
11476600,aifs,2,0.5689,0.6312,0.7553,1.0832,237
11478500,aifs,2,0.4060,0.4131,0.6425,1.2868,238
11480390,aifs,2,0.3277,0.2598,0.6323,0.9032,238
11481200,aifs,2,0.3683,0.4942,0.6158,1.1459,238
11482500,aifs,2,0.4916,0.5151,0.7742,1.4286,238
11522500,aifs,2,0.2034,0.3933,0.6869,1.5138,238
11523200,aifs,2,-0.4062,0.0646,0.7131,1.7858,238
11528700,aifs,2,0.5419,0.4905,0.7660,1.1066,238
11532500,aifs,2,0.5936,0.7052,0.7766,1.1266,238
12010000,aifs,2,0.8090,0.6805,0.9263,0.8022,238
12013500,aifs,2,0.8504,0.9105,0.9232,0.9736,238
12020000,aifs,2,0.6078,0.5414,0.8092,0.6632,238
12025000,aifs,2,0.8346,0.8140,0.9335,1.1402,238
12025700,aifs,2,0.8057,0.8136,0.9028,0.8709,238
12035000,aifs,2,0.8920,0.9288,0.9458,0.9587,238
12040500,aifs,2,0.7777,0.8228,0.8863,0.8968,238
12041200,aifs,2,0.7191,0.7911,0.8936,0.9123,238
12043000,aifs,2,0.7888,0.7957,0.8942,0.8794,238
12048000,aifs,2,0.5939,0.7156,0.8976,1.2240,238
12054000,aifs,2,0.4336,0.4969,0.9030,1.3468,238
12056500,aifs,2,0.5942,0.7117,0.8626,0.9249,238
12073500,aifs,2,0.6577,0.7969,0.8352,1.0936,237
12082500,aifs,2,0.4444,0.4406,0.6816,1.0125,232
12092000,aifs,2,0.2265,0.3344,0.4854,0.9863,238
12095000,aifs,2,0.6667,0.6649,0.8244,0.9075,238
12114500,aifs,2,0.6268,0.5533,0.8269,1.1019,238
12115000,aifs,2,0.6094,0.5497,0.8113,1.0708,238
12115500,aifs,2,0.5748,0.5428,0.7790,0.9622,238
12117000,aifs,2,0.7220,0.7280,0.8546,1.0400,238
12141300,aifs,2,0.4043,0.4524,0.6442,1.1447,238
12143600,aifs,2,0.5138,0.4801,0.7430,1.2344,234
12144000,aifs,2,0.6151,0.6318,0.7907,1.0476,237
12145500,aifs,2,0.8078,0.8967,0.9015,0.9864,238
12147600,aifs,2,0.4071,0.5085,0.6387,1.0009,238
12167000,aifs,2,0.8046,0.7399,0.9097,1.2061,238
12175500,aifs,2,0.1488,0.6033,0.6548,1.1369,238
12186000,aifs,2,0.5286,0.6633,0.7601,1.2043,235
12189500,aifs,2,0.5440,0.6504,0.8322,1.3046,237
12358500,aifs,2,0.6283,0.7899,0.8442,1.0676,238
12377150,aifs,2,0.5359,0.7657,0.7724,0.9461,238
12381400,aifs,2,0.3159,0.4840,0.8609,1.2400,205
12390700,aifs,2,0.4224,0.6258,0.7006,1.1805,238
12411000,aifs,2,0.7855,0.7434,0.9084,1.2295,227
12414500,aifs,2,0.6739,0.6954,0.8310,0.9105,238
12447390,aifs,2,-0.2088,-0.2511,0.2236,0.3532,238
12451000,aifs,2,0.4666,0.6721,0.8092,1.2219,238
12488500,aifs,2,0.6106,0.7279,0.8121,1.1674,238
13011500,aifs,2,0.7307,0.6191,0.9382,1.2916,238
13011900,aifs,2,0.7902,0.8098,0.9234,0.9585,238
13018300,aifs,2,-0.4798,-0.0159,0.9290,1.4769,238
13023000,aifs,2,0.5360,0.7649,0.8094,0.9042,196
13161500,aifs,2,0.7116,0.6955,0.8741,0.7866,238
13235000,aifs,2,0.5813,0.6620,0.7773,0.8948,236
13240000,aifs,2,0.7827,0.8503,0.8850,1.0125,159
13310700,aifs,2,0.5874,0.5044,0.8992,0.6731,238
13313000,aifs,2,0.6943,0.4853,0.9583,0.6443,238
13331500,aifs,2,0.4862,0.5390,0.8973,1.2146,238
13337000,aifs,2,0.6670,0.7003,0.8453,0.8331,238
13338500,aifs,2,0.8068,0.8599,0.9152,1.1044,238
13340000,aifs,2,0.4846,0.6290,0.7485,0.7975,238
13340600,aifs,2,0.5912,0.6191,0.8720,0.7124,238
14020000,aifs,2,0.4295,0.2802,0.8056,0.6855,238
14092750,aifs,2,0.7654,0.6309,0.9304,0.8878,238
14096850,aifs,2,-0.9596,0.4323,0.8997,0.4415,238
14137000,aifs,2,0.7487,0.6799,0.8844,1.0418,233
14138800,aifs,2,0.6302,0.6220,0.8035,0.9466,238
14138870,aifs,2,0.7478,0.7819,0.8680,0.8880,238
14138900,aifs,2,0.4417,0.4328,0.6816,0.9189,238
14139800,aifs,2,0.7706,0.7923,0.8800,0.9012,236
14141500,aifs,2,0.7815,0.8126,0.8855,0.9208,238
14154500,aifs,2,0.8136,0.7246,0.9185,1.0966,238
14158500,aifs,2,0.7564,0.6815,0.9127,1.0831,223
14158790,aifs,2,0.6363,0.6142,0.8112,1.0694,234
14166500,aifs,2,0.5434,0.5023,0.7637,0.9334,238
14182500,aifs,2,0.6849,0.6285,0.8454,0.8360,238
14185000,aifs,2,0.7720,0.7253,0.8900,1.0232,238
14185900,aifs,2,0.6809,0.7398,0.8256,1.0398,235
14187000,aifs,2,0.6861,0.6916,0.8339,1.0823,237
14216500,aifs,2,0.9029,0.8642,0.9541,1.0503,235
14222500,aifs,2,0.8719,0.8089,0.9396,1.1091,238
14236200,aifs,2,0.8571,0.8190,0.9307,0.9121,237
14301000,aifs,2,0.8430,0.8892,0.9184,1.0334,237
14303200,aifs,2,0.6702,0.5344,0.8849,1.0051,238
14305500,aifs,2,0.7487,0.7342,0.8715,1.0182,236
14306340,aifs,2,0.6005,0.5005,0.8196,0.7885,238
14306500,aifs,2,0.7793,0.6938,0.9036,0.9344,238
14308990,aifs,2,0.5027,0.4149,0.7743,0.9246,238
14309500,aifs,2,0.6613,0.6779,0.8173,0.9829,238
14316700,aifs,2,0.7293,0.6469,0.8789,1.0633,238
14325000,aifs,2,0.6863,0.7892,0.8297,1.0087,238
14362250,aifs,2,0.2137,0.0777,0.6493,0.4970,148
14400000,aifs,2,0.7855,0.8030,0.8875,0.9083,238
01013500,aifs,3,0.8924,0.8036,0.9561,0.8562,238
01022500,aifs,3,0.7140,0.6411,0.8691,0.9873,238
01030500,aifs,3,0.7988,0.8120,0.9249,1.0825,238
01031500,aifs,3,0.7123,0.7436,0.8459,0.9563,236
01047000,aifs,3,0.5461,0.6798,0.7446,0.9342,238
01052500,aifs,3,0.4769,0.4023,0.7345,0.6920,238
01054200,aifs,3,0.4530,0.2513,0.7833,0.5237,238
01055000,aifs,3,0.4802,0.6350,0.7023,0.9195,236
01057000,aifs,3,0.7878,0.7416,0.8991,0.8986,236
01073000,aifs,3,0.7566,0.8331,0.8937,1.0933,238
01078000,aifs,3,0.4840,0.4561,0.7455,0.6947,236
01118300,aifs,3,0.4193,0.5487,0.6720,0.8143,236
01121000,aifs,3,0.6766,0.7327,0.8424,1.2075,236
01123000,aifs,3,0.7915,0.7069,0.9087,0.9095,238
01134500,aifs,3,0.7190,0.7357,0.8575,0.8317,236
01137500,aifs,3,0.4841,0.5304,0.7196,0.7801,238
01139000,aifs,3,0.7390,0.7813,0.8656,0.8941,234
01139800,aifs,3,0.8018,0.8561,0.9003,1.0817,238
01142500,aifs,3,0.7078,0.7012,0.8563,0.8588,236
01144000,aifs,3,0.8489,0.9115,0.9247,0.9552,238
01169000,aifs,3,0.6757,0.7627,0.8227,1.0353,236
01170100,aifs,3,0.7232,0.7980,0.8530,0.9272,237
01181000,aifs,3,0.8712,0.8680,0.9400,1.1150,236
01187300,aifs,3,0.6888,0.6059,0.8611,1.0185,238
01195100,aifs,3,0.3581,0.4044,0.6100,0.8562,238
01333000,aifs,3,0.5903,0.5777,0.7857,0.8513,236
01350000,aifs,3,0.1314,0.0760,0.3865,0.6721,235
01350080,aifs,3,0.6399,0.5189,0.8485,0.7121,238
01350140,aifs,3,0.6842,0.5773,0.8671,0.6516,188
01365000,aifs,3,0.4542,0.3943,0.7239,0.8027,236
01411300,aifs,3,0.0420,0.1856,0.3643,1.2386,229
01413500,aifs,3,0.4315,0.3910,0.7040,0.7829,236
01414500,aifs,3,0.1097,0.0592,0.4267,0.5839,236
01415000,aifs,3,0.4023,0.2565,0.8397,0.5904,193
01423000,aifs,3,0.4761,0.3814,0.7941,0.7008,238
01434025,aifs,3,0.2531,0.5093,0.6122,0.7162,238
01435000,aifs,3,0.4233,0.3882,0.6811,0.8363,237
01439500,aifs,3,0.6660,0.6133,0.8682,0.7789,236
01440000,aifs,3,0.6973,0.6527,0.8540,0.9024,238
01440400,aifs,3,0.7695,0.7752,0.8804,0.9622,212
01451800,aifs,3,0.5083,0.5650,0.7142,0.9908,236
01466500,aifs,3,-2.1910,-0.5773,0.8594,0.9999,236
01484100,aifs,3,-0.2261,0.4275,0.5443,1.3139,238
01485500,aifs,3,-6.4364,-1.3296,0.4724,2.4983,233
01486000,aifs,3,-1.6607,-0.1304,0.5329,1.8261,238
01487000,aifs,3,0.4125,0.6793,0.7929,1.0866,238
01491000,aifs,3,0.6400,0.6417,0.8075,0.9907,238
01510000,aifs,3,0.7080,0.6675,0.8555,0.9624,238
01516500,aifs,3,0.2682,0.1545,0.6575,0.5677,238
01518862,aifs,3,0.3285,0.2822,0.6747,0.6175,238
01532000,aifs,3,0.6319,0.7066,0.8004,0.8952,236
01539000,aifs,3,0.6254,0.6317,0.8167,0.8363,220
01542810,aifs,3,0.4090,0.3751,0.6818,0.7647,236
01543000,aifs,3,0.5313,0.5511,0.7672,0.7485,238
01543500,aifs,3,0.6171,0.5618,0.8414,0.7615,236
01544500,aifs,3,0.4997,0.3994,0.8592,0.6272,238
01545600,aifs,3,0.4553,0.3289,0.8466,0.6226,238
01547700,aifs,3,0.0884,0.0145,0.3181,0.7616,238
01548500,aifs,3,0.4151,0.3176,0.8093,0.6089,236
01549500,aifs,3,0.5665,0.4512,0.8502,0.6777,236
01550000,aifs,3,0.4876,0.3900,0.8218,0.6534,236
01552000,aifs,3,0.4794,0.5340,0.7234,0.7935,238
01552500,aifs,3,0.5193,0.6765,0.7436,0.8584,238
01557500,aifs,3,0.2645,0.3722,0.5211,0.9614,238
01567500,aifs,3,0.2532,0.3213,0.5043,1.0088,238
01568000,aifs,3,0.5606,0.5171,0.7780,1.0821,238
01580000,aifs,3,0.3397,0.4299,0.5934,0.9223,234
01583500,aifs,3,0.3457,0.4165,0.6212,0.8478,238
01586610,aifs,3,0.4762,0.5101,0.7345,0.8013,204
01591400,aifs,3,0.1844,0.4525,0.5046,1.0214,238
01596500,aifs,3,0.2524,0.2279,0.5398,0.7011,236
01605500,aifs,3,-0.1126,0.4789,0.5254,1.1770,236
01606500,aifs,3,0.4708,0.5126,0.7081,0.7881,211
01613050,aifs,3,0.2577,0.3745,0.5158,1.0257,238
01620500,aifs,3,0.3789,0.2996,0.7153,0.5217,236
01632000,aifs,3,0.4051,0.5077,0.6378,0.9539,236
01632900,aifs,3,-0.1783,0.4809,0.5857,1.0740,236
01634500,aifs,3,0.2398,0.3865,0.5071,0.9617,221
01638480,aifs,3,-0.7376,0.0219,0.5501,1.8332,233
01639500,aifs,3,0.4836,0.5547,0.7011,1.1084,238
01644000,aifs,3,-0.2954,0.1007,0.7174,1.8405,238
01658500,aifs,3,-0.0493,0.4441,0.4976,1.2370,207
01664000,aifs,3,0.4903,0.5754,0.7025,0.9401,238
01666500,aifs,3,0.6273,0.6672,0.8011,1.1084,223
01667500,aifs,3,0.5923,0.7363,0.7940,1.1355,216
01669000,aifs,3,0.5471,0.7115,0.7621,1.1096,213
01669520,aifs,3,-2.9793,-0.4880,0.7224,1.8795,236
02011400,aifs,3,0.4189,0.6261,0.6772,1.1201,238
02011460,aifs,3,0.4950,0.5131,0.7175,0.8079,238
02013000,aifs,3,0.3061,0.4568,0.5654,1.0550,238
02014000,aifs,3,0.2510,0.5861,0.5959,0.9658,237
02015700,aifs,3,0.6505,0.7342,0.8066,1.0068,220
02016000,aifs,3,0.6367,0.6966,0.8036,0.8688,237
02017500,aifs,3,0.4026,0.6627,0.7872,1.0861,236
02018000,aifs,3,0.5873,0.7921,0.8121,1.0406,231
02027000,aifs,3,0.3094,0.6111,0.7423,0.7768,218
02027500,aifs,3,0.6118,0.5609,0.8605,0.6242,221
02028500,aifs,3,0.4062,0.6226,0.6824,0.8457,213
02038850,aifs,3,0.3611,0.4499,0.6379,0.7617,236
02046000,aifs,3,0.4337,0.4603,0.7451,1.4678,228
02051000,aifs,3,0.1350,0.2961,0.4189,0.8977,238
02051500,aifs,3,0.3847,0.5220,0.6364,1.1680,236
02053200,aifs,3,0.1568,0.3566,0.6667,1.5473,210
02053800,aifs,3,0.3470,0.4740,0.6090,0.8635,219
02055100,aifs,3,0.5324,0.6378,0.7331,1.0592,236
02056900,aifs,3,0.5496,0.6557,0.7658,0.8373,212
02059500,aifs,3,0.5578,0.6735,0.8022,0.7575,207
02064000,aifs,3,0.4724,0.4050,0.7518,0.6881,226
02065500,aifs,3,0.4455,0.4031,0.8223,0.6126,236
02069700,aifs,3,0.3685,0.5255,0.6486,1.1599,210
02070000,aifs,3,0.3494,0.5377,0.6312,1.1526,236
02074500,aifs,3,0.3087,0.5873,0.6128,1.0523,238
02077200,aifs,3,0.5442,0.6996,0.8175,1.1821,233
02081500,aifs,3,0.0559,0.2906,0.4444,1.3870,238
02082950,aifs,3,-0.9608,0.0331,0.5322,1.6272,238
02092500,aifs,3,-2.5154,-0.5315,0.3331,2.1494,238
02096846,aifs,3,-0.6224,0.0688,0.1681,1.4166,238
02102908,aifs,3,0.4256,0.5384,0.6576,0.9379,238
02108000,aifs,3,0.6147,0.7417,0.7950,1.1120,238
02111180,aifs,3,0.0445,0.0538,0.2598,1.0146,238
02111500,aifs,3,-0.0095,0.2876,0.3512,0.9578,236
02118500,aifs,3,0.2991,0.6142,0.6243,1.0342,238
02128000,aifs,3,-0.1299,-0.4015,0.6920,2.3368,238
02137727,aifs,3,0.0272,0.1962,0.3178,0.9487,238
02140991,aifs,3,-0.0215,0.1916,0.3009,1.0988,238
02143000,aifs,3,-0.2121,0.5095,0.5906,1.2457,238
02143040,aifs,3,-0.1233,0.4956,0.5170,0.9528,236
02149000,aifs,3,0.1765,0.2455,0.4284,1.0239,238
02152100,aifs,3,0.3366,0.5180,0.5967,1.0021,238
02177000,aifs,3,0.2097,0.2310,0.4658,1.0471,236
02178400,aifs,3,0.5144,0.6032,0.7235,0.9580,236
02193340,aifs,3,-0.2839,0.3719,0.4833,1.3091,238
02196000,aifs,3,0.1884,-0.0395,0.6692,0.4195,238
02198100,aifs,3,0.1698,0.1057,0.4553,1.2606,237
02202600,aifs,3,-0.2932,-0.4142,0.1161,1.7160,238
02212600,aifs,3,0.2892,0.3148,0.5398,1.0044,236
02215100,aifs,3,0.0171,-0.0565,0.2221,0.7380,238
02216180,aifs,3,-0.0158,-0.3282,0.0988,0.4841,236
02221525,aifs,3,0.4224,0.4192,0.6681,1.0807,236
02231000,aifs,3,-2.0358,-0.3957,0.4990,1.9922,238
02231342,aifs,3,-0.6290,0.0598,0.6897,1.6707,238
02235200,aifs,3,-0.6000,0.3317,0.4054,1.2358,237
02245500,aifs,3,-2.1335,-0.2935,0.6649,1.3564,238
02246000,aifs,3,-0.5766,0.3169,0.5812,0.8953,236
02296500,aifs,3,0.1485,-0.2822,0.7862,2.2619,227
02297155,aifs,3,0.0827,-0.1075,0.7057,0.2932,237
02297310,aifs,3,0.4996,0.6270,0.7194,0.8426,228
02298123,aifs,3,0.4401,0.3112,0.7477,0.6047,238
02298608,aifs,3,0.4817,0.5318,0.8035,1.4239,238
02299950,aifs,3,0.3538,0.3981,0.6192,0.7180,238
02300700,aifs,3,0.3592,0.1756,0.7534,0.5603,238
02310947,aifs,3,-0.7426,-2.0503,-0.2942,3.6695,238
02312200,aifs,3,-19.8896,-4.2071,0.2768,6.1456,238
02314500,aifs,3,-0.3169,-0.5090,-0.2034,0.5639,238
02315500,aifs,3,-0.3296,-0.6564,-0.2881,0.4430,238
02324400,aifs,3,-0.2052,-1.0284,-0.5320,0.1148,238
02327100,aifs,3,-1.8816,-0.9111,0.8002,2.6073,236
02349900,aifs,3,0.2104,0.1303,0.5207,0.9904,238
02350900,aifs,3,0.4195,0.4828,0.8411,0.6805,238
02361000,aifs,3,0.5386,0.5203,0.8417,0.6935,238
02363000,aifs,3,0.3222,0.0840,0.8699,0.4038,236
02369800,aifs,3,0.2306,0.0455,0.7049,0.5451,237
02371500,aifs,3,0.3226,0.2134,0.6877,0.7920,238
02372250,aifs,3,0.4646,0.3633,0.7660,0.8808,236
02374500,aifs,3,0.4422,0.3662,0.7332,0.8031,238
02381600,aifs,3,0.0064,-0.0075,0.2031,0.9553,237
02384540,aifs,3,0.0953,0.0587,0.4496,0.7368,238
02395120,aifs,3,-0.5326,0.3390,0.3637,0.9957,238
02408540,aifs,3,0.2104,0.4160,0.5019,0.9464,238
02415000,aifs,3,0.1906,0.3163,0.4567,0.9654,228
02422500,aifs,3,0.2599,0.5559,0.6087,1.1668,221
02427250,aifs,3,0.6302,0.5580,0.8189,1.1533,238
02430085,aifs,3,-0.0430,0.1674,0.2684,1.0533,238
02450250,aifs,3,0.3400,0.3003,0.6176,0.9709,236
02464000,aifs,3,0.4158,0.5351,0.6487,0.9107,238
02465493,aifs,3,0.5131,0.5688,0.7253,1.0906,235
02469800,aifs,3,0.5963,0.4082,0.8602,0.6087,236
02472000,aifs,3,0.6916,0.4982,0.8913,0.7102,238
02472500,aifs,3,0.5016,0.6378,0.7584,0.7321,238
02479155,aifs,3,0.4625,0.2860,0.7628,0.6335,238
02479300,aifs,3,0.3739,0.3021,0.6346,0.6614,238
02481000,aifs,3,0.2772,-0.0766,0.8359,0.2691,238
02481510,aifs,3,0.3676,0.0787,0.8223,0.4085,238
03010655,aifs,3,0.5338,0.4241,0.8543,0.6554,209
03011800,aifs,3,0.3154,0.4155,0.6202,0.7586,238
03015500,aifs,3,0.6413,0.7571,0.8108,0.8930,238
03021350,aifs,3,0.4747,0.5823,0.7204,0.7447,236
03026500,aifs,3,0.4084,0.4881,0.6580,0.8270,238
03028000,aifs,3,0.4089,0.5089,0.7446,0.6826,236
03049800,aifs,3,0.1094,0.0303,0.4214,0.6275,236
03050000,aifs,3,0.3380,0.5215,0.6062,0.8788,236
03066000,aifs,3,0.4773,0.4559,0.7391,0.7208,238
03069500,aifs,3,0.4279,0.4362,0.6960,0.7090,236
03070500,aifs,3,0.5162,0.7624,0.7848,0.9965,236
03076600,aifs,3,0.2975,0.3232,0.6080,0.6696,238
03078000,aifs,3,0.0980,0.1722,0.3981,0.6885,238
03140000,aifs,3,0.2594,0.2174,0.5313,0.8273,236
03144000,aifs,3,0.4198,0.4352,0.6565,0.9155,238
03159540,aifs,3,0.5274,0.5594,0.7309,0.8897,238
03161000,aifs,3,0.0671,0.2391,0.3886,0.8591,238
03164000,aifs,3,0.3771,0.6422,0.6945,0.8565,238
03165000,aifs,3,-0.0235,0.1367,0.2749,0.8720,221
03170000,aifs,3,0.4870,0.5531,0.7204,0.8642,238
03173000,aifs,3,0.5368,0.7076,0.7578,0.8582,236
03180500,aifs,3,0.4997,0.4950,0.7233,0.8193,222
03182500,aifs,3,0.5452,0.6454,0.7403,0.9289,236
03186500,aifs,3,0.4919,0.5923,0.7066,0.8892,236
03187500,aifs,3,0.5447,0.7118,0.7625,0.8602,235
03213700,aifs,3,0.3249,0.6588,0.6619,1.0461,238
03237280,aifs,3,0.2838,0.2866,0.5507,0.6855,238
03237500,aifs,3,0.6082,0.6608,0.7809,1.0154,236
03241500,aifs,3,0.3247,0.2494,0.6227,0.6728,225
03280700,aifs,3,-0.7686,0.2839,0.4352,0.8313,213
03281100,aifs,3,-0.1293,0.4651,0.5361,0.7909,236
03281500,aifs,3,0.0738,0.5420,0.6051,0.8057,223
03285000,aifs,3,-0.3469,0.0996,0.4169,1.6833,235
03291780,aifs,3,0.2346,0.1798,0.5054,0.8198,238
03300400,aifs,3,0.0564,0.0527,0.2777,0.8438,238
03340800,aifs,3,-0.0724,0.1212,0.2440,0.8247,190
03346000,aifs,3,0.1989,0.0895,0.5170,0.4482,238
03364500,aifs,3,0.1147,-0.0460,0.4076,0.5442,238
03366500,aifs,3,0.2338,0.1165,0.5375,0.6203,238
03368000,aifs,3,0.1735,0.0325,0.4596,0.5827,238
03384450,aifs,3,0.0697,-0.1668,0.3007,0.5121,238
03439000,aifs,3,-0.0939,-0.1231,0.2119,0.6660,236
03450000,aifs,3,0.0718,0.0083,0.3371,0.8130,238
03455500,aifs,3,-0.2187,0.1965,0.3318,0.6818,236
03456500,aifs,3,-0.0565,0.0743,0.2504,0.8047,236
03460000,aifs,3,-0.2302,0.3558,0.6175,0.6302,238
03463300,aifs,3,0.1116,0.3994,0.4559,0.9299,238
03471500,aifs,3,0.3897,0.6342,0.7808,0.7111,236
03473000,aifs,3,0.0229,0.5052,0.5896,0.7243,238
03479000,aifs,3,-0.2402,0.3544,0.3627,0.9066,236
03488000,aifs,3,0.4423,0.5770,0.7226,0.7227,238
03498500,aifs,3,0.0156,0.3394,0.4602,0.7360,238
03500000,aifs,3,0.3295,0.6072,0.7370,0.8226,236
03504000,aifs,3,-0.0703,0.4266,0.4801,0.8481,236
03574500,aifs,3,0.1512,0.0436,0.4851,0.5568,238
03604000,aifs,3,-0.0648,-0.1994,0.0724,0.7818,236
04015330,aifs,3,0.3322,0.1534,0.6501,0.5278,197
04024430,aifs,3,0.6060,0.4425,0.8397,0.6098,238
04027000,aifs,3,0.4228,0.3733,0.6890,0.6674,238
04040500,aifs,3,0.8216,0.7192,0.9207,0.8524,238
04043050,aifs,3,0.7804,0.7851,0.8871,0.8783,182
04045500,aifs,3,0.8927,0.7705,0.9631,0.7903,234
04056500,aifs,3,0.4830,0.4085,0.7887,0.6998,229
04057510,aifs,3,0.8528,0.6477,0.9680,0.7540,158
04057800,aifs,3,0.7835,0.5763,0.9245,0.7015,238
04059500,aifs,3,0.8347,0.7862,0.9212,0.9630,238
04063700,aifs,3,0.7896,0.5231,0.9545,0.6252,238
04074950,aifs,3,0.6467,0.5263,0.9233,0.7456,238
04105700,aifs,3,0.6403,0.6166,0.8269,0.9324,238
04115265,aifs,3,0.5366,0.4545,0.7886,0.9646,238
04122200,aifs,3,0.6288,0.5969,0.8251,0.8676,238
04122500,aifs,3,0.8257,0.7890,0.9236,0.9255,236
04124000,aifs,3,0.9126,0.8580,0.9618,1.0296,238
04127997,aifs,3,0.4973,0.4466,0.7699,0.9043,201
04185000,aifs,3,0.7386,0.7463,0.8634,0.8949,215
04196800,aifs,3,0.6344,0.4997,0.8277,0.6980,238
04197100,aifs,3,0.4541,0.4445,0.6889,0.8987,238
04197170,aifs,3,0.2323,0.1212,0.5133,0.5942,238
04213000,aifs,3,0.3801,0.6603,0.6724,0.9363,236
04213075,aifs,3,0.2105,0.2401,0.4826,0.7915,234
04216418,aifs,3,0.5841,0.6118,0.7685,0.9959,238
04221000,aifs,3,0.2136,0.2028,0.6615,0.5494,238
04224775,aifs,3,0.2720,0.1770,0.6963,0.5447,236
04256000,aifs,3,0.7673,0.8458,0.8882,1.1054,236
04296000,aifs,3,0.5505,0.6316,0.7550,0.8454,236
05057000,aifs,3,-1.1513,0.0672,0.6283,0.4939,160
05057200,aifs,3,0.6092,0.6945,0.7807,0.9862,237
05062500,aifs,3,0.7135,0.6083,0.8837,0.8441,199
05087500,aifs,3,0.3631,0.4395,0.6031,0.9507,238
05120500,aifs,3,-10.0007,-1.4891,-0.0647,3.1892,210
05123400,aifs,3,-0.3916,-0.6523,-0.0184,0.1576,238
05129115,aifs,3,-0.8334,-0.8962,-0.2632,0.0000,238
05131500,aifs,3,0.0639,-0.0391,0.7444,0.3972,142
05291000,aifs,3,0.1006,0.1360,0.4862,0.5933,238
05362000,aifs,3,0.6481,0.5792,0.8332,0.7430,237
05393500,aifs,3,0.5523,0.5756,0.7561,0.7805,238
05399500,aifs,3,0.2085,0.3366,0.5069,0.6857,236
05408000,aifs,3,0.2615,0.2656,0.5493,0.8588,237
05412500,aifs,3,0.3352,0.3525,0.7294,0.6568,238
05413500,aifs,3,0.2480,0.4983,0.6796,0.7762,208
05414000,aifs,3,0.1541,0.2648,0.8188,0.6152,204
05444000,aifs,3,0.0645,0.1661,0.4543,0.6349,236
05454000,aifs,3,-0.0451,0.4129,0.4848,0.7206,238
05458000,aifs,3,0.0889,0.0452,0.3640,0.6654,238
05466500,aifs,3,0.4482,0.4313,0.6897,0.8392,236
05487980,aifs,3,0.0789,0.0798,0.3289,0.6649,236
05488200,aifs,3,0.1280,-0.0447,0.4036,0.4168,236
05489000,aifs,3,0.1561,-0.0792,0.4705,0.3962,236
05495000,aifs,3,0.1693,0.5258,0.5412,1.0527,236
05495500,aifs,3,0.1987,-0.0279,0.5311,0.3858,232
05501000,aifs,3,0.0441,-0.2274,0.2622,0.4099,236
05503800,aifs,3,0.1708,0.0999,0.4253,0.6118,238
05507600,aifs,3,0.1218,0.1155,0.3923,0.5689,238
05508805,aifs,3,0.2141,0.4218,0.5085,1.1071,236
05514500,aifs,3,0.0993,0.0090,0.3447,0.6285,236
05525500,aifs,3,0.4895,0.6374,0.7048,1.0136,236
05556500,aifs,3,0.0475,-0.0541,0.4002,0.4715,238
05584500,aifs,3,0.3564,0.2596,0.6589,0.5927,236
05585000,aifs,3,0.5603,0.4384,0.8023,0.6483,238
05591550,aifs,3,0.0434,0.0570,0.2848,0.7380,236
05592050,aifs,3,-0.0365,-0.0291,0.1985,0.6791,222
05592575,aifs,3,0.0526,-0.0722,0.2857,0.5181,236
05593575,aifs,3,0.2376,0.3549,0.5031,0.8401,238
05593900,aifs,3,-0.0435,-0.0423,0.2007,0.5977,236
05595730,aifs,3,0.2665,0.2547,0.5223,0.7326,238
06037500,aifs,3,-2.2957,0.3898,0.8568,1.2916,238
06043500,aifs,3,0.4503,0.4209,0.9625,1.3176,238
06154410,aifs,3,0.1777,0.3855,0.5048,0.7646,238
06188000,aifs,3,0.8684,0.9147,0.9390,0.9699,238
06191500,aifs,3,0.7453,0.6913,0.9399,1.1089,238
06221400,aifs,3,0.8351,0.8811,0.9284,1.0365,238
06224000,aifs,3,0.7115,0.8481,0.8543,1.0391,238
06289000,aifs,3,0.2856,0.5681,0.6426,0.8364,238
06332515,aifs,3,0.0927,-0.0100,0.8127,0.6514,118
06339100,aifs,3,-0.1247,0.2947,0.4209,1.3983,174
06339500,aifs,3,-0.1488,0.0351,0.6426,0.2663,167
06344600,aifs,3,-1.6025,-1.4120,0.6149,3.2379,177
06350000,aifs,3,-3.3797,-0.5689,0.2445,2.1099,238
06352000,aifs,3,-0.0133,-0.1013,0.5128,1.3304,237
06353000,aifs,3,-0.0034,-0.1148,0.5141,0.8052,236
06354000,aifs,3,0.4031,0.2848,0.8712,0.4689,173
06360500,aifs,3,0.1201,0.1389,0.5281,1.5421,139
06404000,aifs,3,-1.6576,-0.2156,-0.1532,1.3774,205
06406000,aifs,3,-165.9697,-3.7674,0.9009,5.7217,180
06408700,aifs,3,-1636.9729,-3.9921,0.1954,1.5099,238
06409000,aifs,3,-1.2022,0.6362,0.9001,1.2484,193
06431500,aifs,3,-1.0018,0.4377,0.4463,1.0904,227
06440200,aifs,3,0.2314,-0.0818,0.5486,0.2163,160
06441500,aifs,3,-0.7541,-1.2351,0.1909,2.8941,177
06447000,aifs,3,0.0232,-0.1837,0.2534,0.4640,140
06447500,aifs,3,-0.0923,-0.0525,0.5826,0.6921,238
06450500,aifs,3,0.0471,-0.1122,0.3137,1.0546,208
06452000,aifs,3,0.0067,-0.3032,0.1308,1.0035,175
06453600,aifs,3,-0.3877,-0.1590,0.2843,1.7607,235
06464500,aifs,3,-0.4759,0.3478,0.3800,1.1694,175
06477500,aifs,3,-93.9441,-8.7770,0.1404,5.7735,237
06479215,aifs,3,-0.2307,-0.1012,0.0736,0.6558,238
06479438,aifs,3,-0.0583,-0.3368,0.3154,0.2323,238
06601000,aifs,3,-0.2235,-0.1779,-0.0078,0.8260,238
06614800,aifs,3,0.7878,0.6304,0.9379,1.3379,238
06622700,aifs,3,-0.2755,0.1694,0.7632,1.6104,238
06623800,aifs,3,0.8245,0.9080,0.9141,0.9708,238
06632400,aifs,3,-0.3196,0.3221,0.4589,1.3875,238
06784000,aifs,3,-0.8665,0.0237,0.2416,1.3308,238
06803510,aifs,3,0.0806,-0.1384,0.4247,0.5528,238
06803530,aifs,3,-0.0637,-0.2056,0.0548,0.7467,238
06814000,aifs,3,-0.0018,-0.2655,0.1697,0.3999,238
06846500,aifs,3,-0.0094,-0.4714,-0.0581,1.3794,238
06847900,aifs,3,-0.0170,-0.2517,0.1007,1.3206,238
06853800,aifs,3,-0.4169,-0.3613,0.0015,1.7273,238
06876700,aifs,3,0.2576,0.5680,0.6270,0.7827,238
06878000,aifs,3,-0.0396,-0.3337,0.0987,0.3890,238
06879650,aifs,3,0.0155,-0.2866,0.3080,0.3586,237
06885500,aifs,3,-0.0203,-0.3523,0.1782,0.3033,238
06888500,aifs,3,-0.0161,-0.4111,0.1532,0.3242,238
06889200,aifs,3,-0.0655,-0.3790,0.0356,0.3854,238
06889500,aifs,3,0.0360,-0.1472,0.2339,0.5346,238
06892000,aifs,3,-0.1322,-0.1244,0.1368,0.5056,238
06903400,aifs,3,0.1178,-0.2020,0.5049,0.2327,238
06906800,aifs,3,0.1895,-0.0340,0.5174,0.4021,238
06910800,aifs,3,0.0106,-0.2583,0.2025,0.4476,238
06911900,aifs,3,0.0061,-0.2592,0.2002,0.3982,238
06917000,aifs,3,0.1387,0.0450,0.4239,0.4674,238
06918460,aifs,3,0.3545,0.4297,0.5956,0.9776,238
06919500,aifs,3,0.0585,0.2207,0.4132,0.5946,238
06921070,aifs,3,0.0795,0.0187,0.3279,0.6244,238
06921200,aifs,3,0.0184,-0.2816,0.3175,0.2921,238
06934000,aifs,3,0.3330,0.5786,0.6533,0.7860,237
07014500,aifs,3,0.0441,-0.1066,0.2748,0.6455,238
07056000,aifs,3,0.1515,0.2869,0.4377,0.8010,238
07057500,aifs,3,0.2972,0.3514,0.5829,0.8332,230
07060710,aifs,3,-0.0001,-0.3954,0.0257,1.0505,238
07066000,aifs,3,0.1237,0.0854,0.4582,0.7552,238
07067000,aifs,3,0.0853,0.2651,0.7383,0.5397,238
07068000,aifs,3,0.1460,0.2449,0.6403,0.7412,237
07071500,aifs,3,-0.3083,0.2229,0.3832,0.7761,238
07083000,aifs,3,-1.4063,-0.3654,0.8964,1.7028,238
07142300,aifs,3,-8.0395,-5.1102,-0.0080,6.9691,238
07145700,aifs,3,0.1535,-0.2032,0.6324,0.2256,238
07148400,aifs,3,-0.1848,0.3373,0.8158,1.4321,238
07149000,aifs,3,0.2880,0.5034,0.8293,1.4513,238
07151500,aifs,3,0.2583,0.0351,0.7052,0.4931,238
07167500,aifs,3,0.3508,0.0244,0.7904,1.6227,238
07180500,aifs,3,-0.0125,-0.1993,0.1358,0.6216,238
07184000,aifs,3,0.0921,-0.1804,0.3646,0.3425,236
07195800,aifs,3,0.2607,0.3511,0.5299,0.8121,236
07196900,aifs,3,0.2062,0.1465,0.4797,0.9141,237
07197000,aifs,3,0.4126,0.4339,0.6510,0.9066,238
07208500,aifs,3,0.0921,0.5215,0.7362,1.0710,238
07226500,aifs,3,-0.0170,-0.5823,-0.0117,0.2220,236
07261000,aifs,3,0.3568,0.3146,0.6270,1.2620,236
07263295,aifs,3,0.0004,-0.8125,0.4304,2.5433,236
07290650,aifs,3,0.1833,0.2223,0.4821,0.6484,238
07291000,aifs,3,0.0411,-0.0143,0.4232,0.3913,238
07292500,aifs,3,0.0813,0.3154,0.4093,0.8479,238
07295000,aifs,3,0.2005,0.1872,0.4647,0.6809,238
07299670,aifs,3,-0.0303,-0.2187,0.1395,1.5134,228
07301410,aifs,3,-0.2902,-0.2515,-0.0617,0.7208,227
07301500,aifs,3,-0.1814,-0.5733,0.0312,1.7705,200
07315200,aifs,3,-0.1986,-0.0631,0.0763,0.7724,161
07315700,aifs,3,-1.4441,-0.0638,0.2592,1.5940,218
07335700,aifs,3,0.0248,-0.1810,0.3083,0.4256,229
07340300,aifs,3,0.2354,0.2301,0.5184,0.7051,238
07346045,aifs,3,-0.4008,-0.1139,0.5486,0.3554,238
07359610,aifs,3,0.0809,0.1134,0.3961,1.4380,238
07362100,aifs,3,0.0734,0.1684,0.5417,1.6432,238
07362587,aifs,3,0.1089,-0.1879,0.4119,1.7882,236
07373000,aifs,3,-0.0297,-0.0855,0.2730,0.5641,234
07375000,aifs,3,-0.1026,0.1105,0.2961,0.5519,238
07376000,aifs,3,0.4172,0.6517,0.7158,0.7986,238
08013000,aifs,3,0.5511,0.3998,0.8225,0.6969,238
08014500,aifs,3,0.4130,0.2287,0.8392,0.5928,238
08023080,aifs,3,-0.2939,-0.3801,-0.0169,1.7776,238
08025500,aifs,3,0.2565,0.1876,0.5462,0.8297,238
08029500,aifs,3,-0.0653,-0.0166,0.1578,1.1318,238
08050800,aifs,3,0.0106,-0.2887,0.1539,0.5528,237
08066200,aifs,3,0.0545,-0.2563,0.2854,0.3762,238
08066300,aifs,3,-0.0226,-0.2846,0.1693,0.2883,238
08070000,aifs,3,-0.5617,0.1936,0.6508,1.3764,238
08070200,aifs,3,0.1959,0.5929,0.5971,0.9418,238
08079600,aifs,3,-3.3994,-2.3604,0.3273,4.0902,194
08082700,aifs,3,-0.0104,-0.4669,-0.0249,0.5352,224
08086212,aifs,3,-0.0033,-0.3275,0.0304,1.0536,238
08086290,aifs,3,-0.1348,-0.4694,0.0116,1.8873,238
08101000,aifs,3,-1.2468,0.0072,0.1158,1.3917,238
08103900,aifs,3,0.0923,0.0456,0.3203,0.7425,238
08104900,aifs,3,-0.0872,-0.1407,0.1620,0.4791,238
08109700,aifs,3,0.3692,0.5477,0.7543,1.3272,222
08150800,aifs,3,0.1407,-0.0887,0.6265,0.4662,238
08155200,aifs,3,-0.3235,-0.7592,0.2907,2.5856,238
08158700,aifs,3,-4.3425,-7.6592,0.1822,9.5805,238
08158810,aifs,3,0.0172,0.0542,0.2391,1.0203,238
08164000,aifs,3,-1.1418,-0.0414,0.3366,1.6706,238
08164300,aifs,3,0.0482,0.1254,0.2948,0.9099,235
08164600,aifs,3,-3.1249,-3.0308,0.4446,4.8242,238
08165300,aifs,3,0.2334,0.1360,0.8020,0.9298,238
08171300,aifs,3,-25.0575,-32.8887,0.6158,34.7229,238
08175000,aifs,3,0.2994,0.0419,0.6149,0.3100,238
08176900,aifs,3,-13.5934,-6.1277,0.3447,7.5192,238
08178880,aifs,3,0.1134,0.0621,0.3982,0.4446,238
08189500,aifs,3,0.1438,0.5734,0.5740,1.0228,238
08190000,aifs,3,0.1663,0.0525,0.4758,0.8148,238
08190500,aifs,3,0.7534,-0.0216,0.9653,1.9910,232
08194200,aifs,3,0.0459,0.0079,0.2765,0.6197,238
08195000,aifs,3,0.2664,0.0853,0.7766,0.6174,238
08196000,aifs,3,-0.0081,0.1363,0.3416,1.4524,226
08198500,aifs,3,0.3581,0.1427,0.7003,0.5403,238
08200000,aifs,3,0.0432,0.0468,0.2971,0.6083,238
08202700,aifs,3,-0.0047,-0.1763,0.1856,0.4272,237
08267500,aifs,3,-21.6993,-2.2325,0.6961,2.6294,238
08269000,aifs,3,-3.4768,-0.3597,0.7018,1.6973,238
08271000,aifs,3,-44.0801,-4.1329,0.7725,2.4576,238
08324000,aifs,3,0.1879,0.6060,0.7104,1.1220,238
08377900,aifs,3,-3.6407,-0.4226,0.4688,1.3226,238
08378500,aifs,3,-5.4550,-0.8908,0.5912,1.2984,230
08380500,aifs,3,-2.4895,-0.1205,0.4653,1.6241,238
09034900,aifs,3,0.1994,0.2455,0.8788,1.5623,234
09035900,aifs,3,0.5606,0.7531,0.8250,1.0831,204
09047700,aifs,3,-4.2318,-0.9031,0.8857,1.3883,236
09065500,aifs,3,0.7228,0.6545,0.9369,1.1312,238
09066000,aifs,3,-0.8708,0.1911,0.5901,1.1543,238
09066200,aifs,3,0.7065,0.6443,0.9254,1.2159,238
09066300,aifs,3,-0.3354,0.0103,0.8058,1.7799,238
09081600,aifs,3,0.1270,0.5992,0.6215,1.0209,238
09107000,aifs,3,-1.1496,-0.0086,0.7093,1.2362,237
09210500,aifs,3,-1.4290,0.0932,0.7323,1.5441,211
09223000,aifs,3,-2.7770,-0.5472,0.8798,1.9762,177
09306242,aifs,3,-451.0095,-4.1203,0.8583,5.9641,236
09312600,aifs,3,-2.1459,-0.6254,0.4856,2.4038,238
09352900,aifs,3,-0.5563,0.3168,0.5825,1.2397,208
09378170,aifs,3,0.2550,0.2627,0.5416,1.3202,238
09378630,aifs,3,,,,,238
09386900,aifs,3,-1.3265,-0.1498,0.0152,1.5807,238
09404450,aifs,3,0.7023,0.7506,0.8584,0.9087,238
09430500,aifs,3,-0.9986,0.1246,0.5810,0.2630,238
09430600,aifs,3,0.1700,0.0280,0.7218,0.2628,238
09447800,aifs,3,-2.3737,-0.6360,0.0678,2.0607,238
09480000,aifs,3,-0.6263,-4.2326,-0.0352,6.1162,238
09484000,aifs,3,-0.5635,-0.4204,0.2179,2.1840,213
09484600,aifs,3,-0.4729,-1.2885,0.1418,3.1066,237
09492400,aifs,3,-0.8374,0.2343,0.7362,1.6063,236
09494000,aifs,3,0.4786,0.7178,0.7246,1.0113,238
09497800,aifs,3,-0.1400,-0.6428,-0.2340,1.6232,238
09497980,aifs,3,-0.2985,0.1526,0.1870,0.9604,210
09505200,aifs,3,0.6550,0.7376,0.8126,1.1240,238
09505350,aifs,3,0.6357,0.5076,0.8058,1.4362,238
09505800,aifs,3,0.4774,0.6827,0.7761,1.1927,238
09508300,aifs,3,-0.4477,0.2912,0.3065,0.8594,238
09510200,aifs,3,-2.1153,-0.9910,0.1036,2.7066,219
09512280,aifs,3,-0.0629,-0.9694,-0.1042,2.3643,238
09513780,aifs,3,-6.8502,-7.5300,0.1602,9.4879,237
10023000,aifs,3,-14.8283,-0.6559,0.0767,2.2312,238
10166430,aifs,3,-13339.2274,-90.0431,0.5568,72.5632,238
10172700,aifs,3,-29.8115,-0.2733,0.6389,2.0234,238
10172800,aifs,3,-9.7755,-0.8731,0.8068,2.3588,238
10173450,aifs,3,-0.3877,0.3928,0.4153,0.9952,238
10205030,aifs,3,-189.4118,-9.8519,-0.0204,2.3344,238
10234500,aifs,3,-0.0982,-0.2797,-0.0339,0.8553,234
10242000,aifs,3,-29.3361,-3.7017,0.4096,4.4915,238
10244950,aifs,3,-37.3346,-1.5297,0.7091,1.5631,238
10249300,aifs,3,-45.1015,-4.5823,0.5113,4.3293,237
10258000,aifs,3,,,,,66
10258500,aifs,3,0.0235,-0.3291,0.1872,0.3954,238
10259000,aifs,3,0.7647,0.6735,0.9050,1.0682,238
10259200,aifs,3,-9.5368,-5.5928,0.7225,7.0358,238
10263500,aifs,3,-0.4744,0.1288,0.8164,1.2595,238
10310500,aifs,3,-1.4698,0.1997,0.9021,1.7677,238
10316500,aifs,3,-0.3504,0.3298,0.6735,1.2413,238
10329500,aifs,3,0.0381,0.3045,0.8678,1.2440,238
10336645,aifs,3,0.5184,0.6723,0.7349,1.1211,224
10336660,aifs,3,0.5226,0.7085,0.7368,1.0255,238
10343500,aifs,3,0.5931,0.4612,0.8717,0.7787,238
10348850,aifs,3,-2.2640,0.0088,0.8214,1.7276,238
10396000,aifs,3,0.5281,0.7445,0.8278,1.1825,238
11098000,aifs,3,-0.2812,0.2890,0.5985,1.4627,238
11124500,aifs,3,-2.7097,-0.9756,0.9035,2.4196,238
11141280,aifs,3,0.6125,0.4944,0.8483,1.0780,238
11143000,aifs,3,0.6303,0.6556,0.8011,1.1775,238
11148900,aifs,3,0.4762,0.1628,0.8410,0.4630,238
11151300,aifs,3,0.4514,0.3268,0.8118,0.9431,238
11162500,aifs,3,0.5857,0.3715,0.8626,0.6396,238
11176400,aifs,3,0.6410,0.3639,0.8929,0.6055,144
11180500,aifs,3,-0.2514,-0.2797,0.7871,2.0523,238
11180960,aifs,3,-0.6689,-0.5036,0.4796,2.3767,238
11224500,aifs,3,-0.0082,-0.5358,0.1589,0.1351,238
11253310,aifs,3,0.0641,-0.2057,0.3148,0.3985,238
11264500,aifs,3,-0.5644,0.2052,0.2070,0.9488,238
11266500,aifs,3,-0.3931,0.3214,0.3255,1.0693,238
11274500,aifs,3,0.7247,0.7552,0.8527,1.0057,238
11274630,aifs,3,0.4420,0.6978,0.7546,1.1381,238
11284400,aifs,3,0.0170,-0.3598,0.3487,0.1848,238
11299600,aifs,3,0.2146,0.0718,0.4983,0.5877,235
11381500,aifs,3,0.4479,0.3620,0.7482,1.0072,238
11383500,aifs,3,0.5461,0.4627,0.7937,1.0705,238
11451100,aifs,3,0.4314,0.4497,0.6646,0.9806,106
11468500,aifs,3,0.3115,0.2069,0.6770,0.8253,238
11473900,aifs,3,0.3773,0.2837,0.7111,0.8847,238
11475560,aifs,3,0.4486,0.4321,0.6895,0.9567,238
11476600,aifs,3,0.6006,0.5818,0.7887,1.0627,237
11478500,aifs,3,0.4115,0.4123,0.6469,1.2790,238
11480390,aifs,3,0.3088,0.2389,0.6175,0.9002,238
11481200,aifs,3,0.4216,0.4463,0.6548,1.1022,238
11482500,aifs,3,0.6251,0.5459,0.8122,1.3670,238
11522500,aifs,3,0.2085,0.3982,0.6704,1.5025,238
11523200,aifs,3,-0.3734,0.0924,0.6999,1.7660,238
11528700,aifs,3,0.5251,0.4743,0.7560,1.1034,238
11532500,aifs,3,0.6511,0.7209,0.8087,1.1103,238
12010000,aifs,3,0.7632,0.6633,0.8984,0.7704,238
12013500,aifs,3,0.8260,0.8936,0.9125,0.9416,238
12020000,aifs,3,0.4647,0.5978,0.7482,0.6866,238
12025000,aifs,3,0.8003,0.7951,0.9243,1.1271,238
12025700,aifs,3,0.7293,0.8258,0.8687,0.8855,238
12035000,aifs,3,0.9014,0.8574,0.9543,0.9186,238
12040500,aifs,3,0.7596,0.7784,0.8781,0.8699,238
12041200,aifs,3,0.7641,0.8258,0.9027,0.8812,238
12043000,aifs,3,0.7929,0.7481,0.9032,0.8470,238
12048000,aifs,3,0.5681,0.6791,0.9057,1.2351,238
12054000,aifs,3,0.4865,0.5405,0.9013,1.3289,238
12056500,aifs,3,0.6518,0.7659,0.8667,0.9027,238
12073500,aifs,3,0.6022,0.7713,0.8038,1.0903,237
12082500,aifs,3,0.4418,0.4071,0.6953,1.0049,232
12092000,aifs,3,0.2496,0.2919,0.5013,0.9754,238
12095000,aifs,3,0.6631,0.6230,0.8316,0.8940,238
12114500,aifs,3,0.5918,0.5026,0.8197,1.0724,238
12115000,aifs,3,0.5752,0.4979,0.8037,1.0430,238
12115500,aifs,3,0.5485,0.4941,0.7740,0.9277,238
12117000,aifs,3,0.6970,0.6606,0.8487,1.0119,238
12141300,aifs,3,0.3775,0.3985,0.6238,1.1049,238
12143600,aifs,3,0.4868,0.4416,0.7306,1.2020,234
12144000,aifs,3,0.5889,0.5717,0.7823,1.0236,237
12145500,aifs,3,0.7864,0.8284,0.8877,0.9382,238
12147600,aifs,3,0.3641,0.4280,0.6043,0.9426,238
12167000,aifs,3,0.7726,0.7163,0.8920,1.1724,238
12175500,aifs,3,0.0856,0.5782,0.6212,1.1336,238
12186000,aifs,3,0.5036,0.6204,0.7298,1.1723,235
12189500,aifs,3,0.5471,0.6624,0.8095,1.2749,237
12358500,aifs,3,0.6198,0.7902,0.8388,1.0624,238
12377150,aifs,3,0.5287,0.7608,0.7682,0.9417,238
12381400,aifs,3,0.3178,0.4887,0.8589,1.2362,205
12390700,aifs,3,0.4185,0.6241,0.6986,1.1810,238
12411000,aifs,3,0.7774,0.7384,0.9051,1.2346,227
12414500,aifs,3,0.6719,0.6945,0.8297,0.9106,238
12447390,aifs,3,-0.2103,-0.2505,0.2193,0.3547,238
12451000,aifs,3,0.4693,0.6713,0.8115,1.2238,238
12488500,aifs,3,0.6024,0.7249,0.8071,1.1660,238
13011500,aifs,3,0.7278,0.6134,0.9387,1.2963,238
13011900,aifs,3,0.7900,0.8090,0.9235,0.9597,238
13018300,aifs,3,-0.4882,-0.0199,0.9296,1.4798,238
13023000,aifs,3,0.5362,0.7653,0.8090,0.9051,196
13161500,aifs,3,0.6909,0.7010,0.8598,0.7906,238
13235000,aifs,3,0.5838,0.6600,0.7794,0.8931,236
13240000,aifs,3,0.7777,0.8506,0.8823,1.0083,159
13310700,aifs,3,0.5883,0.5044,0.8997,0.6737,238
13313000,aifs,3,0.6940,0.4851,0.9581,0.6443,238
13331500,aifs,3,0.4849,0.5381,0.8972,1.2145,238
13337000,aifs,3,0.6704,0.6979,0.8484,0.8310,238
13338500,aifs,3,0.8005,0.8616,0.9111,1.0998,238
13340000,aifs,3,0.4838,0.6260,0.7491,0.7943,238
13340600,aifs,3,0.5941,0.6169,0.8756,0.7105,238
14020000,aifs,3,0.3785,0.2397,0.7752,0.6679,238
14092750,aifs,3,0.7394,0.6327,0.9079,0.8874,238
14096850,aifs,3,-0.9807,0.4285,0.8785,0.4512,238
14137000,aifs,3,0.7026,0.6802,0.8483,1.0377,233
14138800,aifs,3,0.5560,0.5765,0.7513,0.9248,238
14138870,aifs,3,0.6700,0.7108,0.8236,0.8624,238
14138900,aifs,3,0.4262,0.4037,0.6764,0.8965,238
14139800,aifs,3,0.6949,0.7359,0.8371,0.8716,236
14141500,aifs,3,0.7224,0.7734,0.8522,0.9034,238
14154500,aifs,3,0.8009,0.6994,0.9166,1.0908,238
14158500,aifs,3,0.7614,0.6825,0.9160,1.0827,223
14158790,aifs,3,0.6233,0.5803,0.8110,1.0416,234
14166500,aifs,3,0.5117,0.4653,0.7470,0.9197,238
14182500,aifs,3,0.5771,0.6235,0.7662,0.8370,238
14185000,aifs,3,0.7310,0.7440,0.8580,1.0325,238
14185900,aifs,3,0.6109,0.7292,0.7838,1.0326,235
14187000,aifs,3,0.6651,0.6829,0.8201,1.0832,237
14216500,aifs,3,0.8997,0.8760,0.9513,1.0504,235
14222500,aifs,3,0.8206,0.7326,0.9226,1.0601,238
14236200,aifs,3,0.8265,0.8154,0.9126,0.9006,237
14301000,aifs,3,0.7956,0.8070,0.8936,0.9865,237
14303200,aifs,3,0.6179,0.5002,0.8524,0.9804,238
14305500,aifs,3,0.6834,0.6891,0.8320,0.9777,236
14306340,aifs,3,0.5784,0.4711,0.8130,0.7737,238
14306500,aifs,3,0.7607,0.6718,0.8961,0.9238,238
14308990,aifs,3,0.4863,0.3821,0.7853,0.9144,238
14309500,aifs,3,0.6358,0.6475,0.8028,0.9592,238
14316700,aifs,3,0.7246,0.6303,0.8817,1.0560,238
14325000,aifs,3,0.6960,0.7732,0.8344,0.9767,238
14362250,aifs,3,0.2034,0.0612,0.6683,0.4918,148
14400000,aifs,3,0.8007,0.7932,0.8970,0.8841,238
01013500,aifs,4,0.8911,0.8024,0.9555,0.8550,238
01022500,aifs,4,0.6869,0.6310,0.8495,0.9937,238
01030500,aifs,4,0.7880,0.8173,0.9184,1.0779,238
01031500,aifs,4,0.6647,0.7607,0.8160,0.9859,236
01047000,aifs,4,0.5915,0.7443,0.7764,0.9693,238
01052500,aifs,4,0.4827,0.4253,0.7303,0.7134,238
01054200,aifs,4,0.4035,0.2410,0.7254,0.5331,238
01055000,aifs,4,0.4848,0.6771,0.7120,0.9631,236
01057000,aifs,4,0.7998,0.8004,0.8981,0.9249,236
01073000,aifs,4,0.7160,0.8125,0.8779,1.1001,238
01078000,aifs,4,0.4206,0.4118,0.7017,0.6841,236
01118300,aifs,4,0.3604,0.4955,0.6322,0.7957,236
01121000,aifs,4,0.6265,0.7196,0.8120,1.1937,236
01123000,aifs,4,0.7497,0.6877,0.8827,0.8992,238
01134500,aifs,4,0.7208,0.7501,0.8580,0.8384,236
01137500,aifs,4,0.4575,0.5267,0.6996,0.7839,238
01139000,aifs,4,0.6782,0.7773,0.8309,0.9035,234
01139800,aifs,4,0.7822,0.8519,0.8902,1.0815,238
01142500,aifs,4,0.6786,0.7036,0.8363,0.8600,236
01144000,aifs,4,0.8108,0.8927,0.9061,0.9488,238
01169000,aifs,4,0.6837,0.7323,0.8277,1.0276,236
01170100,aifs,4,0.7416,0.7901,0.8630,0.9326,237
01181000,aifs,4,0.8667,0.8716,0.9376,1.1094,236
01187300,aifs,4,0.6786,0.6049,0.8522,1.0233,238
01195100,aifs,4,0.2510,0.3382,0.5182,0.8459,238
01333000,aifs,4,0.5918,0.5764,0.7873,0.8517,236
01350000,aifs,4,0.1484,0.0816,0.4101,0.6631,235
01350080,aifs,4,0.6372,0.5122,0.8493,0.7094,238
01350140,aifs,4,0.6636,0.5647,0.8558,0.6509,188
01365000,aifs,4,0.4447,0.4135,0.7004,0.8053,236
01411300,aifs,4,-0.0370,0.0997,0.2694,1.2168,229
01413500,aifs,4,0.4579,0.3982,0.7336,0.7767,236
01414500,aifs,4,0.1043,0.0458,0.4269,0.5715,236
01415000,aifs,4,0.3721,0.2348,0.8258,0.5722,193
01423000,aifs,4,0.4623,0.3581,0.8010,0.6895,238
01434025,aifs,4,0.2206,0.4866,0.5964,0.6992,238
01435000,aifs,4,0.4053,0.3895,0.6585,0.8287,237
01439500,aifs,4,0.6316,0.5866,0.8523,0.7698,236
01440000,aifs,4,0.6209,0.6028,0.8067,0.8841,238
01440400,aifs,4,0.7388,0.7450,0.8640,0.9463,212
01451800,aifs,4,0.4666,0.5115,0.6859,0.9697,236
01466500,aifs,4,-2.3143,-0.6163,0.8620,0.9976,236
01484100,aifs,4,-0.1761,0.4435,0.5369,1.2875,238
01485500,aifs,4,-5.4963,-1.1359,0.4713,2.3766,233
01486000,aifs,4,-1.3926,-0.0729,0.5793,1.7965,238
01487000,aifs,4,0.4872,0.7282,0.8009,1.0703,238
01491000,aifs,4,0.6593,0.6373,0.8242,0.9955,238
01510000,aifs,4,0.6649,0.6373,0.8288,0.9430,238
01516500,aifs,4,0.2274,0.1214,0.6158,0.5586,238
01518862,aifs,4,0.2917,0.2646,0.6378,0.6142,238
01532000,aifs,4,0.5876,0.6737,0.7740,0.8816,236
01539000,aifs,4,0.5881,0.6204,0.7931,0.8268,220
01542810,aifs,4,0.3670,0.3548,0.6409,0.7632,236
01543000,aifs,4,0.4758,0.5268,0.7299,0.7429,238
01543500,aifs,4,0.5588,0.5364,0.8018,0.7559,236
01544500,aifs,4,0.4642,0.3832,0.8356,0.6220,238
01545600,aifs,4,0.4377,0.3211,0.8324,0.6200,238
01547700,aifs,4,0.0673,0.0016,0.2897,0.7517,238
01548500,aifs,4,0.3712,0.2964,0.7731,0.6020,236
01549500,aifs,4,0.5352,0.4417,0.8249,0.6745,236
01550000,aifs,4,0.4563,0.3767,0.7974,0.6469,236
01552000,aifs,4,0.4486,0.5143,0.7038,0.7849,238
01552500,aifs,4,0.4771,0.6429,0.7187,0.8440,238
01557500,aifs,4,0.2310,0.3487,0.4954,0.9304,238
01567500,aifs,4,0.2543,0.2903,0.5046,0.9883,238
01568000,aifs,4,0.5163,0.4727,0.7508,1.0577,238
01580000,aifs,4,0.3233,0.3771,0.5881,0.8992,234
01583500,aifs,4,0.3406,0.3812,0.6340,0.8253,238
01586610,aifs,4,0.4621,0.4782,0.7429,0.7721,204
01591400,aifs,4,0.2466,0.3295,0.4997,0.9894,238
01596500,aifs,4,0.2615,0.2245,0.5545,0.6928,236
01605500,aifs,4,-0.1999,0.4492,0.5045,1.1870,236
01606500,aifs,4,0.3787,0.5143,0.6426,0.8030,211
01613050,aifs,4,0.3010,0.3741,0.5489,0.9994,238
01620500,aifs,4,0.3481,0.2954,0.6849,0.5263,236
01632000,aifs,4,0.3676,0.5018,0.6125,0.9409,236
01632900,aifs,4,0.0534,0.5698,0.6098,1.0598,236
01634500,aifs,4,0.2345,0.3799,0.5028,0.9463,221
01638480,aifs,4,-0.6000,0.0811,0.5126,1.7666,233
01639500,aifs,4,0.4726,0.5006,0.6948,1.0676,238
01644000,aifs,4,-0.2218,0.1454,0.6885,1.7932,238
01658500,aifs,4,-0.1125,0.3965,0.4159,1.1408,207
01664000,aifs,4,0.4347,0.5240,0.6629,0.9272,238
01666500,aifs,4,0.5914,0.6233,0.7755,1.0690,223
01667500,aifs,4,0.5141,0.7145,0.7546,1.1297,216
01669000,aifs,4,0.5076,0.6697,0.7280,1.0834,213
01669520,aifs,4,-2.6395,-0.4010,0.7245,1.8604,236
02011400,aifs,4,0.3418,0.6086,0.6480,1.1429,238
02011460,aifs,4,0.4547,0.5165,0.6844,0.8205,238
02013000,aifs,4,0.2882,0.3907,0.5414,1.0627,238
02014000,aifs,4,0.2029,0.5648,0.5721,0.9776,237
02015700,aifs,4,0.5289,0.7182,0.7424,1.0299,220
02016000,aifs,4,0.5541,0.6961,0.7547,0.8959,237
02017500,aifs,4,0.3205,0.6658,0.7233,1.0843,236
02018000,aifs,4,0.6110,0.7952,0.8029,1.0523,231
02027000,aifs,4,0.5162,0.6861,0.7952,0.7696,218
02027500,aifs,4,0.6259,0.5549,0.8702,0.6260,221
02028500,aifs,4,0.4739,0.5994,0.7111,0.8384,213
02038850,aifs,4,0.2870,0.3753,0.5769,0.7627,236
02046000,aifs,4,0.3927,0.4508,0.7217,1.4651,228
02051000,aifs,4,0.1025,0.2646,0.3880,0.9025,238
02051500,aifs,4,0.4010,0.5555,0.6488,1.1374,236
02053200,aifs,4,-0.0527,0.2928,0.6077,1.5736,210
02053800,aifs,4,0.3523,0.4129,0.6120,0.8567,219
02055100,aifs,4,0.5099,0.6289,0.7201,1.0738,236
02056900,aifs,4,0.5543,0.6257,0.7725,0.8213,212
02059500,aifs,4,0.4698,0.6357,0.7493,0.7610,207
02064000,aifs,4,0.3958,0.3694,0.6854,0.6844,226
02065500,aifs,4,0.4606,0.4214,0.8214,0.6212,236
02069700,aifs,4,0.3721,0.4958,0.6402,1.1415,210
02070000,aifs,4,0.2828,0.4659,0.5693,1.1274,236
02074500,aifs,4,0.2782,0.5434,0.5808,1.0333,238
02077200,aifs,4,0.5679,0.6920,0.8357,1.1875,233
02081500,aifs,4,-0.1838,0.1586,0.2663,1.3304,238
02082950,aifs,4,-0.9284,0.0144,0.5816,1.6358,238
02092500,aifs,4,-3.2844,-0.7014,0.2793,2.2390,238
02096846,aifs,4,-0.7362,0.0663,0.1414,1.3669,238
02102908,aifs,4,0.3631,0.4557,0.6119,0.9099,238
02108000,aifs,4,0.5712,0.7263,0.7740,1.1233,238
02111180,aifs,4,0.0204,0.0259,0.2281,1.0020,238
02111500,aifs,4,-0.0306,0.2847,0.3440,0.9467,236
02118500,aifs,4,0.2486,0.6110,0.6135,1.0294,238
02128000,aifs,4,-0.0808,-0.3970,0.7459,2.3234,238
02137727,aifs,4,-0.1477,0.1107,0.1972,0.9459,238
02140991,aifs,4,-0.0267,0.1854,0.2938,1.0925,238
02143000,aifs,4,-0.4984,0.4226,0.5468,1.2458,238
02143040,aifs,4,-0.3460,0.4307,0.5025,0.9527,236
02149000,aifs,4,0.0852,0.1590,0.3319,1.0118,238
02152100,aifs,4,0.2413,0.5118,0.5527,1.0131,238
02177000,aifs,4,0.2039,0.2878,0.4693,1.0638,236
02178400,aifs,4,0.4689,0.6405,0.6978,0.9662,236
02193340,aifs,4,-0.6814,0.2272,0.4559,1.4078,238
02196000,aifs,4,0.1896,-0.0209,0.5878,0.4503,238
02198100,aifs,4,0.3373,0.2478,0.6658,1.2741,237
02202600,aifs,4,-0.3452,-0.2565,0.1892,1.7512,238
02212600,aifs,4,0.2720,0.3154,0.5218,1.0481,236
02215100,aifs,4,0.0140,-0.0940,0.2108,0.7159,238
02216180,aifs,4,-0.0503,-0.4128,-0.0063,0.4679,236
02221525,aifs,4,0.3992,0.4190,0.6434,1.0892,236
02231000,aifs,4,-2.0035,-0.3290,0.4592,1.9067,238
02231342,aifs,4,-0.8541,0.0146,0.6457,1.6753,238
02235200,aifs,4,-0.4851,0.3654,0.4283,1.2199,237
02245500,aifs,4,-2.5457,-0.3673,0.6231,1.3864,238
02246000,aifs,4,-1.2209,0.1253,0.5061,0.9359,236
02296500,aifs,4,0.2727,-0.2311,0.8404,2.2151,227
02297155,aifs,4,0.0668,-0.1222,0.7001,0.2825,237
02297310,aifs,4,0.5125,0.5513,0.7281,0.7864,228
02298123,aifs,4,0.4310,0.2768,0.7639,0.5687,238
02298608,aifs,4,0.4158,0.5720,0.7443,1.3433,238
02299950,aifs,4,0.2956,0.3935,0.5779,0.7161,238
02300700,aifs,4,0.3171,0.1682,0.6677,0.5624,238
02310947,aifs,4,-0.7432,-2.0516,-0.2945,3.6708,238
02312200,aifs,4,-19.8896,-4.2071,0.2768,6.1456,238
02314500,aifs,4,-0.3022,-0.4819,-0.1702,0.5658,238
02315500,aifs,4,-0.3296,-0.6565,-0.2882,0.4430,238
02324400,aifs,4,-0.2052,-1.0284,-0.5320,0.1148,238
02327100,aifs,4,-1.5391,-0.7536,0.7763,2.4959,236
02349900,aifs,4,0.2104,0.1326,0.5148,0.9823,238
02350900,aifs,4,0.3297,0.4363,0.7914,0.6702,238
02361000,aifs,4,0.5346,0.5148,0.8452,0.6846,238
02363000,aifs,4,0.2517,0.0307,0.8694,0.3825,236
02369800,aifs,4,0.2233,0.0195,0.8187,0.5049,237
02371500,aifs,4,0.2524,0.1416,0.6312,0.7694,238
02372250,aifs,4,0.3669,0.2624,0.7188,0.8379,236
02374500,aifs,4,0.4575,0.3463,0.7816,0.7828,238
02381600,aifs,4,-0.0936,0.0291,0.1625,0.9923,237
02384540,aifs,4,0.0645,0.0913,0.3619,0.7614,238
02395120,aifs,4,-0.7455,0.2503,0.2718,0.9766,238
02408540,aifs,4,0.0055,0.4165,0.4335,0.9935,238
02415000,aifs,4,0.0803,0.3554,0.4175,1.0052,228
02422500,aifs,4,-0.0300,0.5114,0.5999,1.2328,221
02427250,aifs,4,0.6936,0.5938,0.8586,1.1741,238
02430085,aifs,4,-0.0522,0.1643,0.2629,1.0512,238
02450250,aifs,4,0.3332,0.3737,0.5788,0.9966,236
02464000,aifs,4,0.3346,0.5332,0.6025,0.9227,238
02465493,aifs,4,0.5204,0.6207,0.7318,1.1049,235
02469800,aifs,4,0.6212,0.4396,0.8628,0.6161,236
02472000,aifs,4,0.6134,0.4207,0.8621,0.6758,238
02472500,aifs,4,0.4282,0.6188,0.7313,0.7298,238
02479155,aifs,4,0.4490,0.2251,0.8302,0.6068,238
02479300,aifs,4,0.3190,0.1643,0.6337,0.5634,238
02481000,aifs,4,0.2535,-0.1015,0.8287,0.2494,238
02481510,aifs,4,0.3245,0.0256,0.8324,0.3688,238
03010655,aifs,4,0.4928,0.4005,0.8311,0.6448,209
03011800,aifs,4,0.2837,0.3990,0.5966,0.7550,238
03015500,aifs,4,0.6592,0.7464,0.8200,0.8840,238
03021350,aifs,4,0.4838,0.5551,0.7230,0.7351,236
03026500,aifs,4,0.3718,0.4670,0.6312,0.8223,238
03028000,aifs,4,0.3741,0.4893,0.7251,0.6757,236
03049800,aifs,4,0.0835,0.0139,0.3799,0.6232,236
03050000,aifs,4,0.2929,0.4900,0.5734,0.8835,236
03066000,aifs,4,0.4570,0.4465,0.7243,0.7142,238
03069500,aifs,4,0.4230,0.4524,0.6863,0.7235,236
03070500,aifs,4,0.5731,0.7901,0.8037,0.9863,236
03076600,aifs,4,0.3353,0.3237,0.6537,0.6497,238
03078000,aifs,4,0.1436,0.1912,0.4423,0.6785,238
03140000,aifs,4,0.2578,0.1789,0.5605,0.7893,236
03144000,aifs,4,0.3341,0.3106,0.5999,0.8440,238
03159540,aifs,4,0.4706,0.4979,0.6922,0.8687,238
03161000,aifs,4,0.0500,0.2283,0.3767,0.8540,238
03164000,aifs,4,0.3352,0.6279,0.6768,0.8504,238
03165000,aifs,4,-0.0083,0.1228,0.2775,0.8659,221
03170000,aifs,4,0.4308,0.5074,0.6845,0.8506,238
03173000,aifs,4,0.4061,0.6357,0.6820,0.8548,236
03180500,aifs,4,0.4759,0.5048,0.6992,0.8436,222
03182500,aifs,4,0.4969,0.6517,0.7121,0.9556,236
03186500,aifs,4,0.4504,0.5871,0.6803,0.8931,236
03187500,aifs,4,0.4944,0.7023,0.7397,0.8676,235
03213700,aifs,4,0.2227,0.5988,0.6023,1.0462,238
03237280,aifs,4,0.2663,0.2899,0.5338,0.6969,238
03237500,aifs,4,0.5092,0.6075,0.7140,1.0298,236
03241500,aifs,4,0.2582,0.1657,0.5789,0.6410,225
03280700,aifs,4,-0.5964,0.3216,0.4124,0.8041,213
03281100,aifs,4,-0.1139,0.4574,0.5149,0.7840,236
03281500,aifs,4,-0.0435,0.5003,0.5620,0.8078,223
03285000,aifs,4,-0.2595,0.1273,0.4157,1.6482,235
03291780,aifs,4,0.1702,0.1745,0.4149,0.8647,238
03300400,aifs,4,-0.0014,0.0252,0.2194,0.8560,238
03340800,aifs,4,-0.2609,0.1431,0.1974,0.8559,190
03346000,aifs,4,0.1333,0.0085,0.4558,0.4192,238
03364500,aifs,4,0.0825,-0.0890,0.3544,0.5269,238
03366500,aifs,4,0.2106,0.1386,0.4831,0.6500,238
03368000,aifs,4,0.1232,0.0227,0.3700,0.6242,238
03384450,aifs,4,0.0240,-0.2476,0.1886,0.5041,238
03439000,aifs,4,-0.1423,-0.1436,0.1400,0.6733,236
03450000,aifs,4,0.0331,-0.0347,0.2742,0.8069,238
03455500,aifs,4,-0.1949,0.2518,0.3630,0.7004,236
03456500,aifs,4,-0.2007,0.0887,0.1926,0.8138,236
03460000,aifs,4,-0.2919,0.3525,0.5812,0.6273,238
03463300,aifs,4,-0.0147,0.3100,0.3659,0.9193,238
03471500,aifs,4,0.4382,0.6351,0.8062,0.7037,236
03473000,aifs,4,0.1337,0.5078,0.6235,0.7083,238
03479000,aifs,4,-0.2242,0.3518,0.3621,0.9018,236
03488000,aifs,4,0.4247,0.4738,0.7096,0.6978,238
03498500,aifs,4,-0.0490,0.3457,0.4361,0.7459,238
03500000,aifs,4,0.3367,0.6643,0.7315,0.8384,236
03504000,aifs,4,-0.0862,0.4797,0.5028,0.8630,236
03574500,aifs,4,0.1454,0.0317,0.4845,0.5560,238
03604000,aifs,4,-0.0779,-0.2003,0.0617,0.7771,236
04015330,aifs,4,0.2744,0.1017,0.5856,0.5004,197
04024430,aifs,4,0.5951,0.4517,0.8257,0.6163,238
04027000,aifs,4,0.4276,0.3834,0.6900,0.6736,238
04040500,aifs,4,0.8178,0.7206,0.9178,0.8540,238
04043050,aifs,4,0.7857,0.7944,0.8896,0.8858,182
04045500,aifs,4,0.8896,0.7739,0.9609,0.7916,234
04056500,aifs,4,0.4913,0.4150,0.7928,0.7030,229
04057510,aifs,4,0.8518,0.6477,0.9671,0.7518,158
04057800,aifs,4,0.7843,0.5716,0.9269,0.6991,238
04059500,aifs,4,0.8381,0.7657,0.9274,0.9577,238
04063700,aifs,4,0.7495,0.4905,0.9419,0.6152,238
04074950,aifs,4,0.6341,0.5216,0.9157,0.7438,238
04105700,aifs,4,0.6127,0.5846,0.8184,0.9209,238
04115265,aifs,4,0.5639,0.4652,0.8156,0.9548,238
04122200,aifs,4,0.5778,0.5476,0.7993,0.8581,238
04122500,aifs,4,0.8003,0.7567,0.9141,0.9185,236
04124000,aifs,4,0.8637,0.7888,0.9409,1.0183,238
04127997,aifs,4,0.4823,0.4411,0.7547,0.9038,201
04185000,aifs,4,0.6674,0.6562,0.8268,0.8452,215
04196800,aifs,4,0.5558,0.3880,0.8009,0.6366,238
04197100,aifs,4,0.4157,0.3742,0.6740,0.8582,238
04197170,aifs,4,0.2082,0.1523,0.4713,0.6313,238
04213000,aifs,4,0.4552,0.6945,0.7106,0.9340,236
04213075,aifs,4,0.1941,0.2103,0.4655,0.7905,234
04216418,aifs,4,0.5385,0.5721,0.7378,0.9805,238
04221000,aifs,4,0.1836,0.1889,0.6293,0.5448,238
04224775,aifs,4,0.2082,0.1380,0.6245,0.5331,236
04256000,aifs,4,0.7489,0.8287,0.8818,1.1213,236
04296000,aifs,4,0.5370,0.6409,0.7461,0.8527,236
05057000,aifs,4,-1.1472,0.0683,0.6252,0.4947,160
05057200,aifs,4,0.6072,0.7108,0.7800,0.9907,237
05062500,aifs,4,0.7046,0.6173,0.8723,0.8471,199
05087500,aifs,4,0.3803,0.4344,0.6188,0.9118,238
05120500,aifs,4,-10.0006,-1.4889,-0.0639,3.1893,210
05123400,aifs,4,-0.3916,-0.6523,-0.0184,0.1576,238
05129115,aifs,4,-0.8334,-0.8962,-0.2632,0.0000,238
05131500,aifs,4,0.0438,-0.0534,0.7293,0.3945,142
05291000,aifs,4,0.0299,0.1067,0.4029,0.6013,238
05362000,aifs,4,0.6295,0.5742,0.8199,0.7444,237
05393500,aifs,4,0.5569,0.5915,0.7583,0.7852,238
05399500,aifs,4,0.1501,0.3207,0.4692,0.6966,236
05408000,aifs,4,0.2066,0.1789,0.5222,0.8366,237
05412500,aifs,4,0.2959,0.3324,0.7011,0.6478,238
05413500,aifs,4,0.1827,0.3925,0.6674,0.7581,208
05414000,aifs,4,0.0699,0.2170,0.7712,0.6055,204
05444000,aifs,4,-0.0177,0.1770,0.3913,0.6413,236
05454000,aifs,4,0.1684,0.3224,0.5229,0.6417,238
05458000,aifs,4,0.0344,-0.0188,0.2926,0.6513,238
05466500,aifs,4,0.2991,0.2816,0.5694,0.7903,236
05487980,aifs,4,0.0551,0.0181,0.2948,0.6204,236
05488200,aifs,4,0.1183,-0.1036,0.4081,0.3669,236
05489000,aifs,4,0.1354,-0.1313,0.4715,0.3500,236
05495000,aifs,4,0.2350,0.4208,0.5142,0.9813,236
05495500,aifs,4,0.1876,0.0347,0.4731,0.4416,232
05501000,aifs,4,0.0651,-0.1265,0.2896,0.4660,236
05503800,aifs,4,0.2155,0.2835,0.4816,0.7260,238
05507600,aifs,4,0.0345,0.3760,0.4309,0.8215,238
05508805,aifs,4,-0.1374,0.4025,0.4762,1.2789,236
05514500,aifs,4,0.1569,0.0956,0.4154,0.6711,236
05525500,aifs,4,0.4384,0.5096,0.6625,0.9668,236
05556500,aifs,4,0.0406,-0.0694,0.4043,0.4551,238
05584500,aifs,4,0.2850,0.1344,0.6678,0.5256,236
05585000,aifs,4,0.4532,0.3274,0.7528,0.5907,238
05591550,aifs,4,-0.0053,0.0523,0.2510,0.7299,236
05592050,aifs,4,-0.1060,-0.0494,0.1473,0.6792,222
05592575,aifs,4,-0.0123,-0.0745,0.2184,0.5480,236
05593575,aifs,4,0.2144,0.3773,0.4928,0.8814,238
05593900,aifs,4,-0.0437,-0.0004,0.2127,0.6482,236
05595730,aifs,4,0.2254,0.3008,0.4906,0.7482,238
06037500,aifs,4,-2.3015,0.3906,0.8537,1.2915,238
06043500,aifs,4,0.4226,0.4059,0.9610,1.3247,238
06154410,aifs,4,0.1771,0.1901,0.4715,0.7101,238
06188000,aifs,4,0.8645,0.9123,0.9375,0.9736,238
06191500,aifs,4,0.7394,0.6866,0.9391,1.1119,238
06221400,aifs,4,0.8316,0.8754,0.9277,1.0407,238
06224000,aifs,4,0.7091,0.8472,0.8542,1.0444,238
06289000,aifs,4,0.2858,0.5701,0.6425,0.8379,238
06332515,aifs,4,0.1531,0.0317,0.7804,0.6691,118
06339100,aifs,4,-0.1762,0.2683,0.4059,1.4252,174
06339500,aifs,4,-0.1537,0.0388,0.6262,0.2719,167
06344600,aifs,4,-1.5371,-1.3867,0.6209,3.2445,177
06350000,aifs,4,-2.9552,-0.4887,0.2521,2.0835,238
06352000,aifs,4,-0.0134,-0.1015,0.5121,1.3305,237
06353000,aifs,4,-0.0034,-0.1152,0.5132,0.8052,236
06354000,aifs,4,0.4044,0.2828,0.8752,0.4675,173
06360500,aifs,4,0.1201,0.1391,0.5278,1.5416,139
06404000,aifs,4,-1.5625,-0.2406,-0.1871,1.3603,205
06406000,aifs,4,-166.0301,-3.7683,0.9006,5.7225,180
06408700,aifs,4,-1636.9809,-3.9899,0.1956,1.5099,238
06409000,aifs,4,-1.2045,0.6365,0.9008,1.2487,193
06431500,aifs,4,-1.0134,0.4383,0.4475,1.0906,227
06440200,aifs,4,-0.0510,-0.4173,0.1526,0.1304,160
06441500,aifs,4,-0.7549,-1.2361,0.1886,2.8942,177
06447000,aifs,4,0.0071,-0.2019,0.2174,0.4778,140
06447500,aifs,4,-0.0920,-0.0517,0.5849,0.6920,238
06450500,aifs,4,0.0455,-0.1169,0.3138,1.0534,208
06452000,aifs,4,0.0067,-0.3039,0.1298,1.0035,175
06453600,aifs,4,-0.3436,-0.1862,0.2842,1.7457,235
06464500,aifs,4,-0.4794,0.2195,0.2348,1.1353,175
06477500,aifs,4,-60.3224,-6.8389,0.2156,5.0293,237
06479215,aifs,4,-0.2284,-0.2052,0.0092,0.6183,238
06479438,aifs,4,-0.1183,-0.4682,0.1166,0.2244,238
06601000,aifs,4,-0.1504,-0.3041,-0.0554,0.8063,238
06614800,aifs,4,0.7861,0.6272,0.9379,1.3402,238
06622700,aifs,4,-0.2793,0.1675,0.7631,1.6118,238
06623800,aifs,4,0.8219,0.9072,0.9131,0.9735,238
06632400,aifs,4,-0.3210,0.3214,0.4591,1.3886,238
06784000,aifs,4,-0.9593,-0.0406,0.1414,1.3262,238
06803510,aifs,4,0.0355,-0.2386,0.3212,0.5131,238
06803530,aifs,4,-0.0551,-0.2691,0.0274,0.7093,238
06814000,aifs,4,-0.1252,-0.3225,0.0229,0.3978,238
06846500,aifs,4,-0.0094,-0.4712,-0.0578,1.3793,238
06847900,aifs,4,-0.0195,-0.2975,0.0700,1.3111,238
06853800,aifs,4,-0.2445,-0.4642,-0.0049,1.6849,238
06876700,aifs,4,0.3604,0.4005,0.6315,0.6077,238
06878000,aifs,4,-0.0331,-0.4598,0.0954,0.3000,238
06879650,aifs,4,0.0292,-0.2577,0.3255,0.3698,237
06885500,aifs,4,-0.0376,-0.4031,0.1295,0.2927,238
06888500,aifs,4,-0.0351,-0.4519,0.0670,0.3197,238
06889200,aifs,4,-0.0977,-0.3542,0.0101,0.4226,238
06889500,aifs,4,0.0126,-0.1380,0.2001,0.5678,238
06892000,aifs,4,-0.0984,-0.2286,0.1213,0.4151,238
06903400,aifs,4,0.0583,-0.2878,0.4779,0.1869,238
06906800,aifs,4,0.2764,0.0239,0.6574,0.4015,238
06910800,aifs,4,-0.0329,-0.2722,0.1199,0.4616,238
06911900,aifs,4,-0.0185,-0.1909,0.1719,0.4749,238
06917000,aifs,4,0.1449,0.0091,0.4370,0.4302,238
06918460,aifs,4,0.2670,0.3547,0.5204,0.9488,238
06919500,aifs,4,-0.0671,0.0580,0.2953,0.5113,238
06921070,aifs,4,0.0067,-0.0591,0.2338,0.6088,238
06921200,aifs,4,-0.0371,-0.3609,0.1601,0.2986,238
06934000,aifs,4,0.1463,0.3971,0.5185,0.7231,237
07014500,aifs,4,0.0096,-0.1885,0.2174,0.6078,238
07056000,aifs,4,0.0932,0.2484,0.3900,0.7995,238
07057500,aifs,4,0.2975,0.3454,0.5864,0.8285,230
07060710,aifs,4,-0.0001,-0.3954,0.0258,1.0505,238
07066000,aifs,4,0.0997,0.0631,0.4216,0.7515,238
07067000,aifs,4,0.0064,0.2294,0.6723,0.5335,238
07068000,aifs,4,0.0860,0.2059,0.5720,0.7377,237
07071500,aifs,4,-0.2946,0.2438,0.4022,0.7750,238
07083000,aifs,4,-1.4275,-0.3715,0.8960,1.7104,238
07142300,aifs,4,-8.0820,-5.0948,-0.0225,6.9502,238
07145700,aifs,4,0.0887,-0.2812,0.5684,0.1897,238
07148400,aifs,4,-0.2511,0.3615,0.7611,1.4161,238
07149000,aifs,4,0.2806,0.5175,0.7912,1.4345,238
07151500,aifs,4,0.1608,-0.0649,0.6181,0.4550,238
07167500,aifs,4,0.1352,-0.1053,0.5007,1.5393,238
07180500,aifs,4,-0.0789,-0.2597,0.0342,0.6172,238
07184000,aifs,4,0.0502,-0.2553,0.2943,0.3141,236
07195800,aifs,4,0.1776,0.2633,0.4567,0.7810,236
07196900,aifs,4,0.1552,0.0992,0.4017,0.9009,237
07197000,aifs,4,0.3472,0.4255,0.5932,0.8956,238
07208500,aifs,4,0.1010,0.5259,0.7371,1.0699,238
07226500,aifs,4,-0.0189,-0.5701,-0.0067,0.2209,236
07261000,aifs,4,0.2626,0.3063,0.5373,1.3093,236
07263295,aifs,4,0.0109,-0.8506,0.4386,2.6202,236
07290650,aifs,4,0.1359,0.2803,0.4527,0.6999,238
07291000,aifs,4,-0.0662,0.0838,0.3442,0.4766,238
07292500,aifs,4,-0.0857,0.3304,0.3616,0.9016,238
07295000,aifs,4,0.1689,0.2083,0.4336,0.7234,238
07299670,aifs,4,-0.0590,-0.2108,0.1260,1.5321,228
07301410,aifs,4,-0.3000,-0.2575,-0.0693,0.7183,227
07301500,aifs,4,-0.1815,-0.5735,0.0308,1.7705,200
07315200,aifs,4,-0.1164,-0.1133,0.0918,0.6852,161
07315700,aifs,4,-0.9719,0.0503,0.2512,1.5229,218
07335700,aifs,4,0.0422,-0.1546,0.3426,0.4157,229
07340300,aifs,4,0.2997,0.3534,0.5697,0.7411,238
07346045,aifs,4,-0.4302,-0.1235,0.3724,0.3679,238
07359610,aifs,4,0.0505,0.1169,0.3725,1.4268,238
07362100,aifs,4,-0.0172,0.1327,0.5053,1.6760,238
07362587,aifs,4,0.1781,-0.1382,0.4976,1.8891,236
07373000,aifs,4,-0.0816,-0.0565,0.2236,0.5817,234
07375000,aifs,4,0.0298,0.0983,0.3449,0.5458,238
07376000,aifs,4,0.2700,0.5313,0.6109,0.7617,238
08013000,aifs,4,0.5390,0.3688,0.8324,0.6714,238
08014500,aifs,4,0.3225,0.1734,0.7580,0.5734,238
08023080,aifs,4,-0.2212,-0.3294,0.0736,1.8107,238
08025500,aifs,4,0.1603,0.0921,0.4116,0.8119,238
08029500,aifs,4,-0.1047,-0.0373,0.1257,1.1432,238
08050800,aifs,4,0.0014,-0.3014,0.1165,0.5771,237
08066200,aifs,4,0.0403,-0.2937,0.2584,0.3592,238
08066300,aifs,4,-0.0354,-0.4369,0.0914,0.2240,238
08070000,aifs,4,-0.5785,0.2017,0.6189,1.4023,238
08070200,aifs,4,0.0691,0.5020,0.5083,0.9459,238
08079600,aifs,4,-4.9501,-2.8634,0.2481,4.5143,194
08082700,aifs,4,-0.0118,-0.5034,-0.0555,0.5122,224
08086212,aifs,4,0.0002,-0.2906,0.0607,1.0856,238
08086290,aifs,4,-0.1829,-0.6531,0.0220,2.2087,238
08101000,aifs,4,-1.1621,0.0256,0.3505,1.5663,238
08103900,aifs,4,0.1148,0.0650,0.3478,0.7622,238
08104900,aifs,4,-0.0897,-0.1471,0.1451,0.5082,238
08109700,aifs,4,0.2088,0.5157,0.5779,1.2258,222
08150800,aifs,4,0.3461,0.0742,0.9526,0.5281,238
08155200,aifs,4,-0.4190,-0.8058,0.2572,2.6279,238
08158700,aifs,4,-4.3845,-7.7024,0.1676,9.6235,238
08158810,aifs,4,-0.0122,0.0424,0.2143,1.0477,238
08164000,aifs,4,-1.2808,-0.0962,0.3617,1.7141,238
08164300,aifs,4,0.0610,0.0899,0.2904,0.8855,235
08164600,aifs,4,-3.7211,-3.5565,0.4670,5.3319,238
08165300,aifs,4,0.5604,0.3431,0.9880,1.0074,238
08171300,aifs,4,-26.8782,-32.9402,0.7347,34.7367,238
08175000,aifs,4,0.2502,-0.0697,0.6248,0.2345,238
08176900,aifs,4,-8.5389,-5.8682,0.5687,7.4771,238
08178880,aifs,4,-0.0032,-0.3228,0.1834,0.3234,238
08189500,aifs,4,0.2675,0.5206,0.5701,0.9088,238
08190000,aifs,4,0.3169,0.2016,0.7226,0.8319,238
08190500,aifs,4,0.7531,-0.0181,0.9652,1.9871,232
08194200,aifs,4,0.0380,-0.2981,0.2336,0.3524,238
08195000,aifs,4,0.5123,0.2508,0.9512,0.6744,238
08196000,aifs,4,-0.0332,0.1155,0.3249,1.4690,226
08198500,aifs,4,0.5982,0.5783,0.7762,0.7822,238
08200000,aifs,4,0.0314,-0.0349,0.2617,0.5584,238
08202700,aifs,4,0.0323,-0.1013,0.2486,0.4522,237
08267500,aifs,4,-21.4980,-2.2134,0.6969,2.6245,238
08269000,aifs,4,-3.3974,-0.3452,0.7070,1.6942,238
08271000,aifs,4,-43.7165,-4.1104,0.7721,2.4518,238
08324000,aifs,4,0.1848,0.6051,0.7090,1.1207,238
08377900,aifs,4,-3.7434,-0.4364,0.4470,1.3154,238
08378500,aifs,4,-5.3218,-0.8708,0.5973,1.2957,230
08380500,aifs,4,-2.5381,-0.1267,0.4443,1.6151,238
09034900,aifs,4,0.1935,0.2399,0.8796,1.5656,234
09035900,aifs,4,0.5600,0.7526,0.8250,1.0839,204
09047700,aifs,4,-4.2903,-0.9134,0.8841,1.3899,236
09065500,aifs,4,0.7153,0.6476,0.9361,1.1341,238
09066000,aifs,4,-0.8866,0.1859,0.5889,1.1564,238
09066200,aifs,4,0.7023,0.6393,0.9252,1.2186,238
09066300,aifs,4,-0.3474,0.0056,0.8048,1.7830,238
09081600,aifs,4,0.1210,0.5970,0.6214,1.0244,238
09107000,aifs,4,-1.1604,-0.0143,0.7117,1.2412,237
09210500,aifs,4,-1.4148,0.0963,0.7335,1.5428,211
09223000,aifs,4,-2.7677,-0.5451,0.8801,1.9757,177
09306242,aifs,4,-451.0175,-4.1203,0.8584,5.9641,236
09312600,aifs,4,-2.1512,-0.6267,0.4847,2.4048,238
09352900,aifs,4,-0.5454,0.3194,0.5862,1.2360,208
09378170,aifs,4,0.2550,0.2628,0.5416,1.3202,238
09378630,aifs,4,,,,,238
09386900,aifs,4,-1.5466,-0.1605,0.0142,1.5723,238
09404450,aifs,4,0.6909,0.7425,0.8549,0.9015,238
09430500,aifs,4,-0.9385,0.1508,0.6090,0.2707,238
09430600,aifs,4,0.0576,0.1186,0.5664,0.2930,238
09447800,aifs,4,-2.3733,-0.6355,0.0684,2.0607,238
09480000,aifs,4,-0.5898,-4.0634,-0.0341,5.9418,238
09484000,aifs,4,-0.5926,-0.3318,0.1724,2.0399,213
09484600,aifs,4,-0.3653,-1.1665,0.1736,2.9814,237
09492400,aifs,4,-0.7397,0.2686,0.7289,1.5849,236
09494000,aifs,4,0.4691,0.7133,0.7198,1.0109,238
09497800,aifs,4,-0.1400,-0.6427,-0.2339,1.6232,238
09497980,aifs,4,-0.2857,0.1483,0.1866,0.9513,210
09505200,aifs,4,0.6558,0.7406,0.8129,1.1176,238
09505350,aifs,4,0.6353,0.5089,0.8055,1.4346,238
09505800,aifs,4,0.5082,0.6986,0.7856,1.1856,238
09508300,aifs,4,-0.2850,0.3064,0.3293,0.8296,238
09510200,aifs,4,-2.1741,-1.0151,0.1031,2.7289,219
09512280,aifs,4,-0.0773,-0.9688,-0.0723,2.4175,238
09513780,aifs,4,-6.8509,-7.5304,0.1602,9.4883,237
10023000,aifs,4,-14.7865,-0.6540,0.0760,2.2294,238
10166430,aifs,4,-13332.2399,-90.0254,0.5578,72.5371,238
10172700,aifs,4,-29.7285,-0.2632,0.6431,2.0228,238
10172800,aifs,4,-9.7405,-0.8699,0.8076,2.3568,238
10173450,aifs,4,-0.3870,0.3930,0.4155,0.9949,238
10205030,aifs,4,-189.2710,-9.8479,-0.0203,2.3338,238
10234500,aifs,4,-0.0983,-0.2779,-0.0323,0.8540,234
10242000,aifs,4,-29.3412,-3.7022,0.4097,4.4913,238
10244950,aifs,4,-37.3442,-1.5308,0.7087,1.5631,238
10249300,aifs,4,-45.1062,-4.5827,0.5111,4.3288,237
10258000,aifs,4,,,,,66
10258500,aifs,4,0.0221,-0.3422,0.1941,0.3917,238
10259000,aifs,4,0.7714,0.6754,0.9096,1.0676,238
10259200,aifs,4,-11.9816,-5.9255,0.7668,7.2027,238
10263500,aifs,4,-0.4739,0.1302,0.8154,1.2581,238
10310500,aifs,4,-1.4936,0.1895,0.9099,1.7724,238
10316500,aifs,4,-0.3490,0.3303,0.6739,1.2403,238
10329500,aifs,4,0.1323,0.3588,0.8675,1.2265,238
10336645,aifs,4,0.5370,0.6862,0.7473,1.1226,224
10336660,aifs,4,0.5351,0.7164,0.7443,1.0258,238
10343500,aifs,4,0.6103,0.4794,0.8745,0.7845,238
10348850,aifs,4,-2.2558,0.0095,0.8231,1.7272,238
10396000,aifs,4,0.5606,0.7586,0.8339,1.1732,238
11098000,aifs,4,-0.1984,0.2884,0.6398,1.4840,238
11124500,aifs,4,-2.6530,-0.9633,0.9064,2.4121,238
11141280,aifs,4,0.5571,0.4706,0.8000,1.0677,238
11143000,aifs,4,0.5920,0.6316,0.7753,1.1570,238
11148900,aifs,4,0.4406,0.1370,0.8105,0.4478,238
11151300,aifs,4,0.3854,0.2709,0.7653,0.8936,238
11162500,aifs,4,0.5927,0.4206,0.8321,0.6612,238
11176400,aifs,4,0.3559,0.3082,0.6067,0.5987,144
11180500,aifs,4,-0.6184,-0.6451,0.8063,2.3640,238
11180960,aifs,4,-0.9428,-0.6632,0.5267,2.5113,238
11224500,aifs,4,-0.0099,-0.5437,0.1141,0.1396,238
11253310,aifs,4,0.0045,-0.2619,0.1851,0.3892,238
11264500,aifs,4,-0.6153,0.2034,0.2045,0.9593,238
11266500,aifs,4,-0.4656,0.3127,0.3214,1.0843,238
11274500,aifs,4,0.3476,0.5649,0.6193,0.9123,238
11274630,aifs,4,0.1158,0.5878,0.6335,1.0868,238
11284400,aifs,4,0.0270,-0.3019,0.2829,0.2142,238
11299600,aifs,4,0.0856,0.0488,0.3241,0.6336,235
11381500,aifs,4,0.4516,0.3635,0.7529,1.0076,238
11383500,aifs,4,0.5492,0.4556,0.8037,1.0660,238
11451100,aifs,4,0.4270,0.4371,0.6635,0.9835,106
11468500,aifs,4,0.2698,0.1660,0.6356,0.8151,238
11473900,aifs,4,0.3674,0.2663,0.7191,0.8720,238
11475560,aifs,4,0.4233,0.3844,0.6824,0.9250,238
11476600,aifs,4,0.6113,0.5435,0.8151,1.0503,237
11478500,aifs,4,0.4150,0.3862,0.6540,1.2715,238
11480390,aifs,4,0.2901,0.2152,0.6048,0.8881,238
11481200,aifs,4,0.4422,0.4366,0.6794,1.0755,238
11482500,aifs,4,0.6419,0.5390,0.8237,1.3282,238
11522500,aifs,4,0.2354,0.4097,0.6723,1.4910,238
11523200,aifs,4,-0.3659,0.1052,0.6909,1.7548,238
11528700,aifs,4,0.5134,0.4631,0.7486,1.1039,238
11532500,aifs,4,0.7142,0.7138,0.8496,1.0834,238
12010000,aifs,4,0.8152,0.6953,0.9254,0.7697,238
12013500,aifs,4,0.8509,0.9016,0.9247,0.9412,238
12020000,aifs,4,0.8025,0.7076,0.9127,0.7256,238
12025000,aifs,4,0.7833,0.7223,0.9350,1.1588,238
12025700,aifs,4,0.8394,0.8773,0.9281,0.9249,238
12035000,aifs,4,0.8965,0.8420,0.9533,0.9069,238
12040500,aifs,4,0.7404,0.7741,0.8681,0.8604,238
12041200,aifs,4,0.7410,0.8133,0.8931,0.8669,238
12043000,aifs,4,0.7864,0.7162,0.9054,0.8261,238
12048000,aifs,4,0.5232,0.6569,0.8971,1.2416,238
12054000,aifs,4,0.4650,0.5310,0.8971,1.3273,238
12056500,aifs,4,0.6290,0.7374,0.8675,0.9030,238
12073500,aifs,4,0.5686,0.7679,0.7949,1.1008,237
12082500,aifs,4,0.4602,0.4270,0.7073,1.0075,232
12092000,aifs,4,0.2444,0.2699,0.4979,0.9680,238
12095000,aifs,4,0.6885,0.6860,0.8368,0.9168,238
12114500,aifs,4,0.5771,0.4815,0.8179,1.0567,238
12115000,aifs,4,0.5571,0.4749,0.7983,1.0284,238
12115500,aifs,4,0.5417,0.4840,0.7717,0.9114,238
12117000,aifs,4,0.6692,0.6712,0.8245,1.0089,238
12141300,aifs,4,0.4008,0.3967,0.6496,1.0866,238
12143600,aifs,4,0.4907,0.4441,0.7338,1.1906,234
12144000,aifs,4,0.6038,0.5746,0.7950,1.0155,237
12145500,aifs,4,0.7351,0.8527,0.8639,0.9558,238
12147600,aifs,4,0.4273,0.4857,0.6551,0.9504,238
12167000,aifs,4,0.7455,0.7354,0.8735,1.1852,238
12175500,aifs,4,0.0646,0.5699,0.6100,1.1296,238
12186000,aifs,4,0.5505,0.6376,0.7565,1.1592,235
12189500,aifs,4,0.6120,0.6802,0.8330,1.2569,237
12358500,aifs,4,0.6176,0.7930,0.8359,1.0557,238
12377150,aifs,4,0.5346,0.7628,0.7707,0.9399,238
12381400,aifs,4,0.3215,0.4922,0.8583,1.2331,205
12390700,aifs,4,0.4168,0.6233,0.6977,1.1814,238
12411000,aifs,4,0.7739,0.7358,0.9038,1.2373,227
12414500,aifs,4,0.6698,0.6932,0.8284,0.9102,238
12447390,aifs,4,-0.2107,-0.2489,0.2167,0.3564,238
12451000,aifs,4,0.4720,0.6740,0.8109,1.2227,238
12488500,aifs,4,0.5984,0.7219,0.8031,1.1619,238
13011500,aifs,4,0.7262,0.6109,0.9389,1.2979,238
13011900,aifs,4,0.7889,0.8074,0.9234,0.9613,238
13018300,aifs,4,-0.4922,-0.0223,0.9303,1.4818,238
13023000,aifs,4,0.5379,0.7663,0.8092,0.9055,196
13161500,aifs,4,0.6635,0.6852,0.8443,0.7885,238
13235000,aifs,4,0.5858,0.6583,0.7813,0.8914,236
13240000,aifs,4,0.7681,0.8541,0.8775,1.0061,159
13310700,aifs,4,0.5888,0.5043,0.8999,0.6744,238
13313000,aifs,4,0.6938,0.4850,0.9580,0.6443,238
13331500,aifs,4,0.4841,0.5375,0.8972,1.2153,238
13337000,aifs,4,0.6752,0.6970,0.8518,0.8304,238
13338500,aifs,4,0.8057,0.8630,0.9135,1.1007,238
13340000,aifs,4,0.4882,0.6261,0.7524,0.7924,238
13340600,aifs,4,0.5974,0.6154,0.8790,0.7092,238
14020000,aifs,4,0.3557,0.2136,0.7771,0.6500,238
14092750,aifs,4,0.7479,0.6357,0.9149,0.8821,238
14096850,aifs,4,-1.1242,0.4030,0.8311,0.4506,238
14137000,aifs,4,0.7257,0.6559,0.8736,1.0283,233
14138800,aifs,4,0.5931,0.5945,0.7787,0.9253,238
14138870,aifs,4,0.6971,0.7085,0.8412,0.8573,238
14138900,aifs,4,0.4212,0.4209,0.6632,0.8955,238
14139800,aifs,4,0.7315,0.7334,0.8603,0.8562,236
14141500,aifs,4,0.7546,0.7829,0.8712,0.8993,238
14154500,aifs,4,0.7894,0.6970,0.9090,1.0844,238
14158500,aifs,4,0.7641,0.6824,0.9177,1.0818,223
14158790,aifs,4,0.6043,0.5545,0.8035,1.0153,234
14166500,aifs,4,0.5034,0.4646,0.7376,0.9183,238
14182500,aifs,4,0.6441,0.5475,0.8400,0.8158,238
14185000,aifs,4,0.7437,0.7194,0.8706,1.0205,238
14185900,aifs,4,0.6418,0.6808,0.8030,0.9982,235
14187000,aifs,4,0.6823,0.6752,0.8338,1.0709,237
14216500,aifs,4,0.9132,0.8902,0.9581,1.0560,235
14222500,aifs,4,0.8475,0.7737,0.9316,1.0614,238
14236200,aifs,4,0.8633,0.8832,0.9307,0.9243,237
14301000,aifs,4,0.7852,0.7976,0.8879,0.9825,237
14303200,aifs,4,0.5995,0.4962,0.8335,0.9716,238
14305500,aifs,4,0.6512,0.6638,0.8121,0.9577,236
14306340,aifs,4,0.5546,0.4560,0.7955,0.7650,238
14306500,aifs,4,0.7383,0.6669,0.8799,0.9194,238
14308990,aifs,4,0.4819,0.3767,0.7846,0.9104,238
14309500,aifs,4,0.6482,0.6765,0.8079,0.9631,238
14316700,aifs,4,0.7035,0.6197,0.8679,1.0482,238
14325000,aifs,4,0.7099,0.8076,0.8439,0.9762,238
14362250,aifs,4,0.2226,0.0735,0.7011,0.4952,148
14400000,aifs,4,0.8423,0.7631,0.9246,0.8453,238
01013500,aifs,5,0.8909,0.8027,0.9554,0.8546,238
01022500,aifs,5,0.6697,0.6624,0.8267,1.0167,238
01030500,aifs,5,0.7774,0.8186,0.9129,1.0767,238
01031500,aifs,5,0.5882,0.7663,0.7803,1.0215,236
01047000,aifs,5,0.4815,0.6986,0.7177,0.9689,238
01052500,aifs,5,0.4143,0.4138,0.6673,0.7182,238
01054200,aifs,5,0.2194,0.1106,0.5491,0.4947,238
01055000,aifs,5,0.3557,0.5674,0.6234,0.9290,236
01057000,aifs,5,0.7103,0.7666,0.8452,0.9257,236
01073000,aifs,5,0.7439,0.8342,0.8854,1.0936,238
01078000,aifs,5,0.2777,0.3630,0.5849,0.6845,236
01118300,aifs,5,0.3186,0.4550,0.6033,0.7799,236
01121000,aifs,5,0.6741,0.7459,0.8299,1.1481,236
01123000,aifs,5,0.7538,0.6758,0.8892,0.8886,238
01134500,aifs,5,0.6794,0.7294,0.8341,0.8363,236
01137500,aifs,5,0.4149,0.4832,0.6717,0.7696,238
01139000,aifs,5,0.5901,0.7412,0.7822,0.9043,234
01139800,aifs,5,0.7553,0.8400,0.8746,1.0739,238
01142500,aifs,5,0.6687,0.7074,0.8294,0.8618,236
01144000,aifs,5,0.7959,0.8739,0.8985,0.9291,238
01169000,aifs,5,0.6432,0.6683,0.8054,0.9887,236
01170100,aifs,5,0.7081,0.7295,0.8466,0.9011,237
01181000,aifs,5,0.8834,0.8857,0.9407,1.0416,236
01187300,aifs,5,0.7244,0.5931,0.9008,0.9798,238
01195100,aifs,5,0.2967,0.3181,0.5696,0.8011,238
01333000,aifs,5,0.5736,0.5716,0.7731,0.8517,236
01350000,aifs,5,0.1299,0.0655,0.3859,0.6629,235
01350080,aifs,5,0.6305,0.5239,0.8383,0.7239,238
01350140,aifs,5,0.6548,0.5676,0.8489,0.6555,188
01365000,aifs,5,0.3696,0.3496,0.6408,0.7933,236
01411300,aifs,5,-0.0745,0.0612,0.2207,1.1941,229
01413500,aifs,5,0.4101,0.3728,0.6895,0.7698,236
01414500,aifs,5,0.0930,0.0405,0.4091,0.5753,236
01415000,aifs,5,0.3513,0.2197,0.8165,0.5588,193
01423000,aifs,5,0.4195,0.3443,0.7557,0.6824,238
01434025,aifs,5,0.1526,0.4484,0.5584,0.6872,238
01435000,aifs,5,0.3346,0.3249,0.5987,0.8121,237
01439500,aifs,5,0.6064,0.5524,0.8497,0.7530,236
01440000,aifs,5,0.5813,0.5559,0.7892,0.8574,238
01440400,aifs,5,0.7293,0.6952,0.8671,0.9100,212
01451800,aifs,5,0.3936,0.4493,0.6292,0.9517,236
01466500,aifs,5,-2.4951,-0.6622,0.8586,0.9955,236
01484100,aifs,5,-0.2192,0.4338,0.5280,1.2816,238
01485500,aifs,5,-4.7221,-0.9872,0.5053,2.2673,233
01486000,aifs,5,-1.1460,0.0001,0.5989,1.7431,238
01487000,aifs,5,0.5072,0.7417,0.8022,1.0559,238
01491000,aifs,5,0.7014,0.6252,0.8643,0.9901,238
01510000,aifs,5,0.6544,0.6355,0.8207,0.9412,238
01516500,aifs,5,0.1752,0.0597,0.5984,0.5248,238
01518862,aifs,5,0.2802,0.2445,0.6403,0.5977,238
01532000,aifs,5,0.5128,0.5896,0.7290,0.8464,236
01539000,aifs,5,0.5510,0.5514,0.7855,0.7980,220
01542810,aifs,5,0.4067,0.3658,0.6850,0.7551,236
01543000,aifs,5,0.4578,0.5106,0.7215,0.7301,238
01543500,aifs,5,0.4981,0.5099,0.7605,0.7455,236
01544500,aifs,5,0.4235,0.3584,0.8146,0.6112,238
01545600,aifs,5,0.4045,0.2978,0.8172,0.6103,238
01547700,aifs,5,0.0601,-0.0640,0.2796,0.7158,238
01548500,aifs,5,0.3297,0.2644,0.7541,0.5872,236
01549500,aifs,5,0.5094,0.3973,0.8339,0.6577,236
01550000,aifs,5,0.4129,0.3317,0.7896,0.6288,236
01552000,aifs,5,0.4216,0.4663,0.6944,0.7612,238
01552500,aifs,5,0.4730,0.5775,0.7148,0.8066,238
01557500,aifs,5,0.2054,0.3088,0.4725,0.9011,238
01567500,aifs,5,0.1845,0.2256,0.4318,0.9863,238
01568000,aifs,5,0.3952,0.4163,0.6373,1.0598,238
01580000,aifs,5,0.2615,0.3885,0.5344,0.9066,234
01583500,aifs,5,0.2886,0.3795,0.5790,0.8330,238
01586610,aifs,5,0.4847,0.5097,0.7495,0.7829,204
01591400,aifs,5,0.1761,0.2251,0.4245,0.9765,238
01596500,aifs,5,0.1955,0.1906,0.4770,0.7031,236
01605500,aifs,5,-0.1099,0.4269,0.4502,1.1609,236
01606500,aifs,5,0.0633,0.4344,0.4812,0.8199,211
01613050,aifs,5,0.3300,0.4040,0.5745,1.0064,238
01620500,aifs,5,0.3161,0.2989,0.6527,0.5323,236
01632000,aifs,5,0.0317,0.3849,0.4214,0.9342,236
01632900,aifs,5,0.1232,0.5602,0.5608,1.0235,236
01634500,aifs,5,0.1495,0.3099,0.4309,0.9316,221
01638480,aifs,5,-0.8297,0.0270,0.4297,1.7714,233
01639500,aifs,5,0.4169,0.5008,0.6491,1.0816,238
01644000,aifs,5,-0.2236,0.1571,0.6431,1.7636,238
01658500,aifs,5,-0.3204,0.2635,0.2785,1.1132,207
01664000,aifs,5,0.3115,0.4331,0.5692,0.9097,238
01666500,aifs,5,0.4784,0.5449,0.6938,1.0461,223
01667500,aifs,5,0.3143,0.6329,0.6544,1.1177,216
01669000,aifs,5,0.4448,0.6122,0.6785,1.0459,213
01669520,aifs,5,-2.3933,-0.3199,0.7056,1.8316,236
02011400,aifs,5,-0.1350,0.4622,0.5060,1.1776,238
02011460,aifs,5,0.1411,0.4800,0.5198,0.8523,238
02013000,aifs,5,0.0607,0.2994,0.3838,1.0759,238
02014000,aifs,5,-0.1260,0.4562,0.4576,0.9835,237
02015700,aifs,5,0.1851,0.5964,0.5990,1.0430,220
02016000,aifs,5,0.2522,0.6034,0.6128,0.9244,237
02017500,aifs,5,-0.0015,0.5444,0.5890,1.0918,236
02018000,aifs,5,0.3713,0.6479,0.6614,1.0474,231
02027000,aifs,5,0.5353,0.6801,0.7909,0.7582,218
02027500,aifs,5,0.5907,0.5480,0.8482,0.6256,221
02028500,aifs,5,0.4448,0.5565,0.6896,0.8344,213
02038850,aifs,5,-0.0255,0.1618,0.3145,0.7499,236
02046000,aifs,5,0.3700,0.4280,0.6739,1.4145,228
02051000,aifs,5,0.0449,0.0858,0.2858,0.8074,238
02051500,aifs,5,0.2917,0.4971,0.5729,1.1014,236
02053200,aifs,5,-0.3036,0.2342,0.5377,1.5754,210
02053800,aifs,5,0.2218,0.2688,0.4977,0.8427,219
02055100,aifs,5,0.3072,0.5679,0.6082,1.0873,236
02056900,aifs,5,0.4731,0.5478,0.7252,0.8016,212
02059500,aifs,5,0.0780,0.4558,0.5269,0.7586,207
02064000,aifs,5,0.1524,0.2169,0.4689,0.6659,226
02065500,aifs,5,0.3534,0.3619,0.7494,0.6144,236
02069700,aifs,5,0.2131,0.3379,0.4944,1.1118,210
02070000,aifs,5,0.0791,0.2344,0.3692,1.1021,236
02074500,aifs,5,0.0867,0.3108,0.3977,0.9935,238
02077200,aifs,5,0.2212,0.5408,0.5645,1.0732,233
02081500,aifs,5,-0.1152,0.0756,0.2055,1.2369,238
02082950,aifs,5,-0.6219,0.1118,0.6265,1.5814,238
02092500,aifs,5,-3.4967,-0.7697,0.2615,2.3074,238
02096846,aifs,5,-0.3376,0.0522,0.1265,1.2336,238
02102908,aifs,5,0.3435,0.3661,0.6062,0.8931,238
02108000,aifs,5,0.5552,0.7210,0.7690,1.1362,238
02111180,aifs,5,0.0405,-0.0219,0.2273,0.9806,238
02111500,aifs,5,-0.0415,0.2131,0.2992,0.9401,236
02118500,aifs,5,0.0232,0.4452,0.4571,1.0179,238
02128000,aifs,5,0.1962,-0.2495,0.6798,2.2052,238
02137727,aifs,5,-0.0593,0.1417,0.2489,0.9473,238
02140991,aifs,5,-0.0201,0.1233,0.2616,1.0851,238
02143000,aifs,5,-0.5277,0.4003,0.4769,1.2443,238
02143040,aifs,5,-0.4915,0.3771,0.4330,0.9561,236
02149000,aifs,5,0.0471,0.1627,0.3088,1.0173,238
02152100,aifs,5,-0.1271,0.3648,0.3747,1.0224,238
02177000,aifs,5,0.2054,0.3216,0.4779,1.0671,236
02178400,aifs,5,0.5194,0.6581,0.7294,0.9597,236
02193340,aifs,5,-0.9706,0.1386,0.2930,1.3949,238
02196000,aifs,5,0.1379,-0.0354,0.4366,0.4934,238
02198100,aifs,5,0.3137,0.2396,0.6278,1.2772,237
02202600,aifs,5,-0.5346,-0.1603,0.2215,1.7968,238
02212600,aifs,5,0.1517,0.2124,0.4001,1.0353,236
02215100,aifs,5,0.0744,-0.0245,0.3149,0.7067,238
02216180,aifs,5,-0.0625,-0.4455,-0.0458,0.4608,236
02221525,aifs,5,0.2538,0.3439,0.5135,1.0936,236
02231000,aifs,5,-2.1542,-0.3182,0.4137,1.8498,238
02231342,aifs,5,-1.1068,-0.0441,0.6035,1.6954,238
02235200,aifs,5,-0.3468,0.4065,0.4571,1.2029,237
02245500,aifs,5,-2.8300,-0.4161,0.5938,1.3945,238
02246000,aifs,5,-1.7007,-0.0117,0.4775,0.9773,236
02296500,aifs,5,0.3224,-0.2010,0.8667,2.1816,227
02297155,aifs,5,0.0540,-0.1341,0.6743,0.2736,237
02297310,aifs,5,0.4985,0.5041,0.7246,0.7510,228
02298123,aifs,5,0.4088,0.2471,0.7591,0.5389,238
02298608,aifs,5,0.3490,0.5861,0.6922,1.2760,238
02299950,aifs,5,0.2129,0.3977,0.5326,0.7241,238
02300700,aifs,5,0.3147,0.1532,0.6827,0.5469,238
02310947,aifs,5,-0.7439,-2.0530,-0.2949,3.6722,238
02312200,aifs,5,-19.8896,-4.2071,0.2768,6.1456,238
02314500,aifs,5,-0.2903,-0.4626,-0.1455,0.5672,238
02315500,aifs,5,-0.3296,-0.6565,-0.2882,0.4430,238
02324400,aifs,5,-0.2052,-1.0284,-0.5320,0.1148,238
02327100,aifs,5,-1.4080,-0.6628,0.7512,2.4224,236
02349900,aifs,5,0.2011,0.1206,0.5025,0.9502,238
02350900,aifs,5,0.2714,0.4120,0.7528,0.6639,238
02361000,aifs,5,0.5419,0.5192,0.8489,0.6859,238
02363000,aifs,5,0.2291,0.0126,0.8698,0.3713,236
02369800,aifs,5,0.2131,0.0014,0.8708,0.4832,237
02371500,aifs,5,0.2268,0.1095,0.6419,0.7549,238
02372250,aifs,5,0.3408,0.2185,0.7549,0.8094,236
02374500,aifs,5,0.4728,0.3499,0.8026,0.7782,238
02381600,aifs,5,-0.0460,0.1366,0.2480,0.9968,237
02384540,aifs,5,0.0048,0.0692,0.3008,0.7571,238
02395120,aifs,5,-0.7076,0.2684,0.2916,0.9813,238
02408540,aifs,5,-0.0457,0.4112,0.4210,0.9932,238
02415000,aifs,5,0.1501,0.3872,0.4605,0.9978,228
02422500,aifs,5,-0.0112,0.5156,0.5939,1.2313,221
02427250,aifs,5,0.7233,0.6406,0.8621,1.2181,238
02430085,aifs,5,0.1436,0.2606,0.4087,1.0485,238
02450250,aifs,5,0.3374,0.3194,0.6002,0.9523,236
02464000,aifs,5,0.2759,0.4619,0.5535,0.8872,238
02465493,aifs,5,0.5174,0.6072,0.7279,1.0964,235
02469800,aifs,5,0.6361,0.4802,0.8540,0.6301,236
02472000,aifs,5,0.5527,0.3723,0.8298,0.6555,238
02472500,aifs,5,0.3718,0.5902,0.6961,0.7257,238
02479155,aifs,5,0.4994,0.2806,0.8287,0.6250,238
02479300,aifs,5,0.2943,0.0876,0.6796,0.4984,238
02481000,aifs,5,0.2975,-0.0775,0.8995,0.2623,238
02481510,aifs,5,0.3213,0.0116,0.8624,0.3571,238
03010655,aifs,5,0.4474,0.3729,0.8048,0.6351,209
03011800,aifs,5,0.2715,0.3980,0.5888,0.7523,238
03015500,aifs,5,0.5971,0.7429,0.7868,0.8962,238
03021350,aifs,5,0.2954,0.5101,0.6109,0.7567,236
03026500,aifs,5,0.3612,0.4651,0.6243,0.8190,238
03028000,aifs,5,0.3542,0.4836,0.7165,0.6678,236
03049800,aifs,5,0.0630,0.0076,0.3476,0.6254,236
03050000,aifs,5,0.0841,0.4555,0.4809,0.9136,236
03066000,aifs,5,0.3786,0.4183,0.6605,0.7120,238
03069500,aifs,5,0.3174,0.4235,0.6038,0.7366,236
03070500,aifs,5,0.4340,0.7259,0.7540,0.9957,236
03076600,aifs,5,0.2359,0.2839,0.5600,0.6512,238
03078000,aifs,5,0.0676,0.1560,0.3719,0.6862,238
03140000,aifs,5,0.1832,0.1406,0.4391,0.8201,236
03144000,aifs,5,0.2106,0.2489,0.4641,0.8733,238
03159540,aifs,5,0.3051,0.4311,0.5617,0.9007,238
03161000,aifs,5,0.0700,0.1477,0.3750,0.8399,238
03164000,aifs,5,0.3957,0.5666,0.7005,0.8342,238
03165000,aifs,5,0.0070,0.0381,0.2531,0.8518,221
03170000,aifs,5,0.3303,0.3786,0.6210,0.8282,238
03173000,aifs,5,0.2234,0.4794,0.5497,0.8330,236
03180500,aifs,5,0.3709,0.4935,0.6185,0.8719,222
03182500,aifs,5,0.2329,0.5934,0.5967,0.9998,236
03186500,aifs,5,0.4058,0.6069,0.6597,0.9180,236
03187500,aifs,5,0.3597,0.6734,0.6897,0.9000,235
03213700,aifs,5,0.1103,0.5420,0.5477,1.0679,238
03237280,aifs,5,0.1838,0.2640,0.4591,0.7378,238
03237500,aifs,5,0.3014,0.5029,0.5773,1.0847,236
03241500,aifs,5,0.1666,0.1141,0.4493,0.6573,225
03280700,aifs,5,-0.3529,0.3538,0.4013,0.7789,213
03281100,aifs,5,-0.0959,0.4581,0.5059,0.7928,236
03281500,aifs,5,-0.0572,0.4843,0.5308,0.8088,223
03285000,aifs,5,-0.4047,0.0760,0.3545,1.6611,235
03291780,aifs,5,-0.0033,0.0637,0.2336,0.8967,238
03300400,aifs,5,-0.0259,0.0518,0.2171,0.8672,238
03340800,aifs,5,-0.5416,0.1983,0.2037,0.9136,190
03346000,aifs,5,0.0436,-0.0044,0.3489,0.4521,238
03364500,aifs,5,0.0512,-0.1062,0.2889,0.5424,238
03366500,aifs,5,0.0597,0.0577,0.3064,0.6805,238
03368000,aifs,5,-0.0010,-0.0700,0.2055,0.6389,238
03384450,aifs,5,0.0983,-0.1091,0.3527,0.5402,238
03439000,aifs,5,-0.1734,-0.1238,0.1223,0.6797,236
03450000,aifs,5,0.0427,-0.0199,0.2922,0.8053,238
03455500,aifs,5,-0.1163,0.2801,0.4016,0.7071,236
03456500,aifs,5,-0.1412,0.0673,0.2025,0.8089,236
03460000,aifs,5,-0.2722,0.3487,0.6128,0.6195,238
03463300,aifs,5,0.0042,0.2957,0.3667,0.8992,238
03471500,aifs,5,0.4468,0.5724,0.8210,0.6863,236
03473000,aifs,5,0.1877,0.4486,0.6426,0.6877,238
03479000,aifs,5,0.1060,0.3260,0.4327,0.8816,236
03488000,aifs,5,0.3668,0.3674,0.6886,0.6766,238
03498500,aifs,5,-0.0777,0.2698,0.3888,0.7318,238
03500000,aifs,5,0.2900,0.6776,0.7210,0.8417,236
03504000,aifs,5,-0.1797,0.4710,0.4896,0.8609,236
03574500,aifs,5,0.1273,0.0433,0.4348,0.5672,238
03604000,aifs,5,-0.0922,-0.2316,0.0334,0.7644,236
04015330,aifs,5,0.2390,0.0871,0.5316,0.4959,197
04024430,aifs,5,0.5853,0.4560,0.8153,0.6211,238
04027000,aifs,5,0.4299,0.3818,0.6929,0.6765,238
04040500,aifs,5,0.8129,0.7301,0.9128,0.8604,238
04043050,aifs,5,0.7880,0.8043,0.8905,0.8908,182
04045500,aifs,5,0.8848,0.7783,0.9576,0.7936,234
04056500,aifs,5,0.5046,0.4236,0.8013,0.7061,229
04057510,aifs,5,0.8553,0.6534,0.9673,0.7538,158
04057800,aifs,5,0.7855,0.5793,0.9249,0.7031,238
04059500,aifs,5,0.8375,0.7530,0.9298,0.9556,238
04063700,aifs,5,0.7222,0.4590,0.9401,0.6077,238
04074950,aifs,5,0.6237,0.5172,0.9092,0.7434,238
04105700,aifs,5,0.6082,0.5740,0.8200,0.9178,238
04115265,aifs,5,0.5647,0.4601,0.8212,0.9566,238
04122200,aifs,5,0.5477,0.5119,0.7877,0.8498,238
04122500,aifs,5,0.7758,0.7255,0.9057,0.9118,236
04124000,aifs,5,0.8212,0.7393,0.9223,1.0085,238
04127997,aifs,5,0.4903,0.4334,0.7713,0.9042,201
04185000,aifs,5,0.6126,0.5967,0.7969,0.8129,215
04196800,aifs,5,0.4670,0.3141,0.7457,0.6135,238
04197100,aifs,5,0.4126,0.3796,0.6675,0.8697,238
04197170,aifs,5,0.1090,0.1437,0.3690,0.7005,238
04213000,aifs,5,0.3547,0.6432,0.6544,0.9557,236
04213075,aifs,5,0.1327,0.1955,0.4012,0.8083,234
04216418,aifs,5,0.4526,0.5763,0.6750,0.9857,238
04221000,aifs,5,0.1426,0.1703,0.5842,0.5403,238
04224775,aifs,5,0.1693,0.1357,0.5535,0.5374,236
04256000,aifs,5,0.7217,0.8078,0.8731,1.1360,236
04296000,aifs,5,0.5008,0.6414,0.7247,0.8599,236
05057000,aifs,5,-1.1424,0.0693,0.6195,0.4958,160
05057200,aifs,5,0.6059,0.7183,0.7797,0.9971,237
05062500,aifs,5,0.6946,0.6452,0.8543,0.8622,199
05087500,aifs,5,0.4067,0.4384,0.6431,0.8806,238
05120500,aifs,5,-10.0019,-1.4888,-0.0632,3.1895,210
05123400,aifs,5,-0.3916,-0.6523,-0.0184,0.1576,238
05129115,aifs,5,-0.8334,-0.8962,-0.2632,0.0000,238
05131500,aifs,5,0.0357,-0.0588,0.7167,0.3987,142
05291000,aifs,5,-0.1009,0.1809,0.3381,0.6440,238
05362000,aifs,5,0.6042,0.5872,0.7978,0.7547,237
05393500,aifs,5,0.5260,0.5743,0.7375,0.7857,238
05399500,aifs,5,0.1289,0.3136,0.4522,0.7134,236
05408000,aifs,5,0.1881,0.1598,0.5075,0.8267,237
05412500,aifs,5,0.2283,0.2751,0.6636,0.6333,238
05413500,aifs,5,-0.0249,0.2539,0.4955,0.7484,208
05414000,aifs,5,0.0010,0.1804,0.7061,0.5996,204
05444000,aifs,5,0.0905,0.1730,0.4916,0.6225,236
05454000,aifs,5,0.1011,0.1596,0.4636,0.5782,238
05458000,aifs,5,0.0050,-0.0746,0.2528,0.6275,238
05466500,aifs,5,0.2091,0.1704,0.4883,0.7414,236
05487980,aifs,5,-0.0145,-0.0277,0.2299,0.5886,236
05488200,aifs,5,0.0699,-0.1725,0.3401,0.3400,236
05489000,aifs,5,0.0339,-0.2516,0.2628,0.3385,236
05495000,aifs,5,0.2293,0.3167,0.4850,0.9304,236
05495500,aifs,5,0.0944,-0.1286,0.3768,0.3746,232
05501000,aifs,5,0.0332,-0.2678,0.2489,0.3920,236
05503800,aifs,5,0.1572,0.0867,0.4066,0.6522,238
05507600,aifs,5,0.0456,0.3020,0.3928,0.8032,238
05508805,aifs,5,0.0935,0.4356,0.5085,1.2594,236
05514500,aifs,5,0.1209,0.0995,0.3691,0.7088,236
05525500,aifs,5,0.4118,0.4634,0.6436,0.9438,236
05556500,aifs,5,0.0053,-0.1333,0.3959,0.4226,238
05584500,aifs,5,0.2431,0.0790,0.6615,0.4809,236
05585000,aifs,5,0.3511,0.2247,0.7012,0.5337,238
05591550,aifs,5,-0.0146,0.0704,0.2530,0.7411,236
05592050,aifs,5,-0.1803,-0.0364,0.1239,0.6827,222
05592575,aifs,5,-0.1664,-0.0486,0.1346,0.6188,236
05593575,aifs,5,0.0866,0.4596,0.4897,1.1307,238
05593900,aifs,5,-0.0432,0.0082,0.2156,0.6583,236
05595730,aifs,5,0.2045,0.4766,0.5247,0.9358,238
06037500,aifs,5,-2.2773,0.3951,0.8534,1.2904,238
06043500,aifs,5,0.4074,0.3969,0.9608,1.3297,238
06154410,aifs,5,0.0968,0.0669,0.3889,0.6823,238
06188000,aifs,5,0.8633,0.9101,0.9374,0.9746,238
06191500,aifs,5,0.7379,0.6836,0.9395,1.1138,238
06221400,aifs,5,0.8290,0.8723,0.9270,1.0425,238
06224000,aifs,5,0.7068,0.8460,0.8541,1.0489,238
06289000,aifs,5,0.3089,0.5846,0.6561,0.8403,238
06332515,aifs,5,0.1107,-0.0045,0.7437,0.6570,118
06339100,aifs,5,-0.0966,0.2951,0.4606,1.4533,174
06339500,aifs,5,-0.0933,0.0708,0.6625,0.2855,167
06344600,aifs,5,-1.5876,-1.3903,0.5298,3.2774,177
06350000,aifs,5,-2.5810,-0.4310,0.3047,2.0854,238
06352000,aifs,5,-0.0134,-0.1018,0.5113,1.3305,237
06353000,aifs,5,-0.0034,-0.1157,0.5119,0.8053,236
06354000,aifs,5,0.3689,0.2957,0.8180,0.4828,173
06360500,aifs,5,0.1195,0.1388,0.5272,1.5415,139
06404000,aifs,5,-1.5135,-0.2543,-0.2009,1.3614,205
06406000,aifs,5,-166.1038,-3.7696,0.9001,5.7235,180
06408700,aifs,5,-1638.5964,-4.0044,0.1965,1.5101,238
06409000,aifs,5,-1.2133,0.6386,0.9001,1.2492,193
06431500,aifs,5,-1.0307,0.4335,0.4429,1.0909,227
06440200,aifs,5,-0.0726,-0.6110,0.0428,0.0629,160
06441500,aifs,5,-0.7550,-1.2362,0.1882,2.8943,177
06447000,aifs,5,0.0109,-0.1761,0.2195,0.5077,140
06447500,aifs,5,-0.0918,-0.0510,0.5866,0.6920,238
06450500,aifs,5,0.0465,-0.1146,0.3248,1.0522,208
06452000,aifs,5,0.0066,-0.3054,0.1274,1.0035,175
06453600,aifs,5,-0.3123,-0.2002,0.2944,1.7343,235
06464500,aifs,5,-0.4678,0.0660,0.1018,1.1075,175
06477500,aifs,5,-23.6215,-4.2938,0.6465,4.1339,237
06479215,aifs,5,-0.2077,-0.2597,-0.0138,0.5934,238
06479438,aifs,5,-0.1394,-0.5249,0.0296,0.2223,238
06601000,aifs,5,-0.1471,-0.3897,-0.1138,0.7901,238
06614800,aifs,5,0.7849,0.6244,0.9381,1.3422,238
06622700,aifs,5,-0.2815,0.1670,0.7626,1.6121,238
06623800,aifs,5,0.8197,0.9065,0.9121,0.9753,238
06632400,aifs,5,-0.3216,0.3211,0.4591,1.3889,238
06784000,aifs,5,-0.9203,-0.1554,0.0599,1.3182,238
06803510,aifs,5,-0.0216,-0.4769,-0.0265,0.4905,238
06803530,aifs,5,-0.0607,-0.3044,0.0040,0.6803,238
06814000,aifs,5,-0.0369,-0.4748,0.0378,0.3052,238
06846500,aifs,5,-0.0093,-0.4711,-0.0577,1.3792,238
06847900,aifs,5,-0.0212,-0.3127,0.0571,1.3078,238
06853800,aifs,5,-0.2260,-0.4520,0.0224,1.6792,238
06876700,aifs,5,0.3826,0.2207,0.6728,0.4710,238
06878000,aifs,5,0.0552,-0.2408,0.3471,0.3321,238
06879650,aifs,5,0.0061,-0.2879,0.2282,0.3757,237
06885500,aifs,5,-0.0389,-0.4289,0.1327,0.2744,238
06888500,aifs,5,0.0239,-0.3083,0.2909,0.3204,238
06889200,aifs,5,0.0038,-0.2679,0.1775,0.4258,238
06889500,aifs,5,0.0583,-0.0987,0.2730,0.5533,238
06892000,aifs,5,-0.0450,-0.1476,0.2066,0.4243,238
06903400,aifs,5,0.0195,-0.3509,0.4204,0.1553,238
06906800,aifs,5,0.1411,-0.0248,0.4160,0.4543,238
06910800,aifs,5,0.0592,-0.0910,0.2893,0.5184,238
06911900,aifs,5,0.0708,-0.0868,0.3104,0.4781,238
06917000,aifs,5,0.1660,0.0169,0.4643,0.4239,238
06918460,aifs,5,0.2494,0.3427,0.5054,0.9398,238
06919500,aifs,5,-0.0648,0.0178,0.2824,0.4847,238
06921070,aifs,5,0.0366,-0.0590,0.2661,0.5996,238
06921200,aifs,5,-0.0334,-0.3434,0.1679,0.3076,238
06934000,aifs,5,0.0498,0.2694,0.4366,0.6720,237
07014500,aifs,5,0.0206,-0.1753,0.2550,0.5953,238
07056000,aifs,5,0.1073,0.2256,0.3942,0.7673,238
07057500,aifs,5,0.2965,0.3197,0.5994,0.8154,230
07060710,aifs,5,-0.0001,-0.3953,0.0258,1.0505,238
07066000,aifs,5,0.1212,0.0705,0.4853,0.7463,238
07067000,aifs,5,0.0248,0.2347,0.6910,0.5349,238
07068000,aifs,5,0.0699,0.1958,0.5441,0.7400,237
07071500,aifs,5,-0.2635,0.2587,0.4184,0.7784,238
07083000,aifs,5,-1.4540,-0.3794,0.8957,1.7193,238
07142300,aifs,5,-8.1344,-5.0552,-0.0549,6.9037,238
07145700,aifs,5,-0.0096,-0.5209,0.1165,0.1723,238
07148400,aifs,5,-0.2736,0.3918,0.7118,1.4010,238
07149000,aifs,5,0.1724,0.4929,0.7227,1.4244,238
07151500,aifs,5,0.0131,-0.3199,0.2135,0.4283,238
07167500,aifs,5,-0.1015,-0.3786,0.0127,1.6691,238
07180500,aifs,5,-0.0849,-0.2098,0.0548,0.6545,238
07184000,aifs,5,0.0315,-0.2823,0.2526,0.3188,236
07195800,aifs,5,-0.1829,0.2788,0.3206,0.8174,236
07196900,aifs,5,0.1117,0.0996,0.3394,0.9340,237
07197000,aifs,5,0.2055,0.4243,0.5048,0.9127,238
07208500,aifs,5,0.1059,0.5277,0.7381,1.0699,238
07226500,aifs,5,-0.0199,-0.5587,-0.0092,0.2403,236
07261000,aifs,5,0.2540,0.3082,0.5357,1.3328,236
07263295,aifs,5,-0.1076,-0.9035,0.3047,2.6869,236
07290650,aifs,5,0.1562,0.2603,0.4639,0.6766,238
07291000,aifs,5,-0.0110,0.0151,0.3640,0.4283,238
07292500,aifs,5,0.1764,0.2583,0.4409,0.8433,238
07295000,aifs,5,0.2550,0.2147,0.5230,0.6865,238
07299670,aifs,5,-0.1361,-0.2598,0.0730,1.6115,228
07301410,aifs,5,-0.3071,-0.2637,-0.0778,0.7200,227
07301500,aifs,5,-0.1814,-0.5721,0.0331,1.7706,200
07315200,aifs,5,-0.2007,-0.1066,0.0354,0.8355,161
07315700,aifs,5,-1.7202,-0.2795,0.0747,1.8009,218
07335700,aifs,5,0.0072,-0.1733,0.2711,0.4201,229
07340300,aifs,5,0.2702,0.3943,0.5536,0.7538,238
07346045,aifs,5,-0.4818,-0.0704,0.2773,0.3976,238
07359610,aifs,5,0.0380,0.1426,0.3865,1.4501,238
07362100,aifs,5,0.0192,0.1481,0.5733,1.7234,238
07362587,aifs,5,0.0987,-0.2018,0.4194,1.9146,236
07373000,aifs,5,-0.0583,-0.1027,0.2327,0.5652,234
07375000,aifs,5,0.1310,0.0904,0.4136,0.5392,238
07376000,aifs,5,0.1832,0.4314,0.5333,0.7412,238
08013000,aifs,5,0.5009,0.3381,0.8096,0.6518,238
08014500,aifs,5,0.2565,0.1345,0.6701,0.5657,238
08023080,aifs,5,-0.2731,-0.3614,0.0779,1.8947,238
08025500,aifs,5,0.1547,0.0863,0.4032,0.7999,238
08029500,aifs,5,-0.1204,-0.0467,0.1086,1.1176,238
08050800,aifs,5,0.0032,-0.2709,0.1209,0.6170,237
08066200,aifs,5,0.0174,-0.3324,0.1832,0.3634,238
08066300,aifs,5,-0.0374,-0.5132,0.0598,0.1853,238
08070000,aifs,5,-0.7566,0.2071,0.4870,1.3914,238
08070200,aifs,5,-0.0057,0.4374,0.4487,0.9439,238
08079600,aifs,5,-9.6690,-5.2358,0.4177,6.7157,194
08082700,aifs,5,-0.0124,-0.4783,-0.0358,0.5187,224
08086212,aifs,5,-0.0222,-0.2859,0.0348,1.2448,238
08086290,aifs,5,-0.3019,-0.8432,0.0511,2.5257,238
08101000,aifs,5,-1.4047,-0.0716,0.2514,1.6359,238
08103900,aifs,5,0.1374,0.0431,0.3864,0.7268,238
08104900,aifs,5,-0.0129,-0.1493,0.2122,0.4864,238
08109700,aifs,5,-0.0284,0.2672,0.3331,1.0749,222
08150800,aifs,5,0.1168,-0.1156,0.7544,0.4116,238
08155200,aifs,5,-0.3170,-0.7945,0.2411,2.5839,238
08158700,aifs,5,-4.2575,-7.5387,0.1506,9.4602,238
08158810,aifs,5,0.0243,-0.0067,0.2171,1.0296,238
08164000,aifs,5,-1.0573,-0.0086,0.3284,1.6417,238
08164300,aifs,5,0.0595,0.0546,0.2794,0.8313,235
08164600,aifs,5,-4.0537,-3.6645,0.4548,5.4236,238
08165300,aifs,5,0.2230,0.1235,0.8912,0.9036,238
08171300,aifs,5,-19.1024,-31.2312,0.5970,33.1257,238
08175000,aifs,5,0.1221,-0.2264,0.5931,0.1573,238
08176900,aifs,5,-8.3173,-5.7591,0.5133,7.3917,238
08178880,aifs,5,0.0283,-0.2830,0.2616,0.3218,238
08189500,aifs,5,0.4182,0.4406,0.6504,0.7885,238
08190000,aifs,5,0.1894,0.0689,0.5390,0.7739,238
08190500,aifs,5,0.7496,-0.0201,0.9642,1.9888,232
08194200,aifs,5,0.0577,-0.3019,0.4151,0.2591,238
08195000,aifs,5,0.2166,0.0275,0.7407,0.5664,238
08196000,aifs,5,-0.0275,0.1152,0.3304,1.4785,226
08198500,aifs,5,0.1538,-0.1372,0.7226,0.3330,238
08200000,aifs,5,0.0276,-0.0721,0.2491,0.5268,238
08202700,aifs,5,0.0336,-0.2391,0.2162,0.3373,237
08267500,aifs,5,-21.3196,-2.1961,0.6977,2.6203,238
08269000,aifs,5,-3.3798,-0.3421,0.7084,1.6936,238
08271000,aifs,5,-43.2728,-4.0819,0.7729,2.4458,238
08324000,aifs,5,0.1744,0.6004,0.7072,1.1211,238
08377900,aifs,5,-3.8283,-0.4490,0.4304,1.3090,238
08378500,aifs,5,-5.2613,-0.8623,0.6010,1.2948,230
08380500,aifs,5,-2.5477,-0.1285,0.4380,1.6082,238
09034900,aifs,5,0.1874,0.2351,0.8801,1.5683,234
09035900,aifs,5,0.5589,0.7516,0.8249,1.0850,204
09047700,aifs,5,-4.3944,-0.9332,0.8834,1.3939,236
09065500,aifs,5,0.7106,0.6424,0.9359,1.1370,238
09066000,aifs,5,-0.9122,0.1771,0.5875,1.1606,238
09066200,aifs,5,0.6987,0.6350,0.9251,1.2211,238
09066300,aifs,5,-0.3628,-0.0011,0.8038,1.7875,238
09081600,aifs,5,0.1099,0.5930,0.6208,1.0295,238
09107000,aifs,5,-1.1875,-0.0251,0.7133,1.2465,237
09210500,aifs,5,-1.4021,0.0990,0.7348,1.5418,211
09223000,aifs,5,-2.7442,-0.5398,0.8806,1.9735,177
09306242,aifs,5,-451.0311,-4.1202,0.8583,5.9642,236
09312600,aifs,5,-2.1505,-0.6251,0.4853,2.4021,238
09352900,aifs,5,-0.5343,0.3218,0.5900,1.2333,208
09378170,aifs,5,0.2549,0.2629,0.5415,1.3200,238
09378630,aifs,5,,,,,238
09386900,aifs,5,-1.7747,-0.1846,0.0129,1.5788,238
09404450,aifs,5,0.6843,0.7442,0.8518,0.8988,238
09430500,aifs,5,-0.9578,0.1578,0.6047,0.2721,238
09430600,aifs,5,0.1110,0.1267,0.5975,0.2990,238
09447800,aifs,5,-2.3732,-0.6353,0.0687,2.0606,238
09480000,aifs,5,-0.5351,-3.8290,-0.0349,5.6986,238
09484000,aifs,5,-0.7427,-0.4196,0.1361,2.1256,213
09484600,aifs,5,-0.1725,-1.0510,0.2108,2.8415,237
09492400,aifs,5,-0.6664,0.2967,0.7176,1.5652,236
09494000,aifs,5,0.4729,0.7133,0.7207,1.0071,238
09497800,aifs,5,-0.1401,-0.6431,-0.2345,1.6231,238
09497980,aifs,5,-0.3201,0.1627,0.1908,0.9672,210
09505200,aifs,5,0.5640,0.7031,0.7676,1.1618,238
09505350,aifs,5,0.5307,0.4092,0.7570,1.5340,238
09505800,aifs,5,0.4092,0.6542,0.7547,1.1977,238
09508300,aifs,5,-0.2438,0.2344,0.2790,0.7965,238
09510200,aifs,5,-2.2429,-1.0464,0.1027,2.7586,219
09512280,aifs,5,-0.0630,-0.9706,-0.1039,2.3662,238
09513780,aifs,5,-6.8516,-7.5306,0.1602,9.4885,237
10023000,aifs,5,-14.7588,-0.6529,0.0766,2.2281,238
10166430,aifs,5,-13320.3316,-89.9956,0.5584,72.4912,238
10172700,aifs,5,-29.6349,-0.2573,0.6444,2.0216,238
10172800,aifs,5,-9.6951,-0.8653,0.8080,2.3541,238
10173450,aifs,5,-0.3865,0.3931,0.4156,0.9949,238
10205030,aifs,5,-189.1678,-9.8449,-0.0202,2.3334,238
10234500,aifs,5,-0.0985,-0.2761,-0.0310,0.8532,234
10242000,aifs,5,-29.3545,-3.7035,0.4099,4.4909,238
10244950,aifs,5,-37.3469,-1.5315,0.7084,1.5631,238
10249300,aifs,5,-45.1156,-4.5834,0.5107,4.3282,237
10258000,aifs,5,,,,,66
10258500,aifs,5,0.0966,-0.1667,0.3866,0.4499,238
10259000,aifs,5,0.7582,0.6748,0.8991,1.0667,238
10259200,aifs,5,-11.7050,-5.7936,0.7722,7.0677,238
10263500,aifs,5,-0.4730,0.1318,0.8144,1.2565,238
10310500,aifs,5,-1.5032,0.1856,0.9118,1.7739,238
10316500,aifs,5,-0.3475,0.3305,0.6745,1.2394,238
10329500,aifs,5,0.1810,0.3917,0.8652,1.2144,238
10336645,aifs,5,0.5333,0.7012,0.7512,1.1296,224
10336660,aifs,5,0.5331,0.7232,0.7456,1.0285,238
10343500,aifs,5,0.6076,0.4774,0.8733,0.7840,238
10348850,aifs,5,-2.2409,0.0137,0.8215,1.7252,238
10396000,aifs,5,0.5843,0.7686,0.8399,1.1664,238
11098000,aifs,5,-0.0987,0.3417,0.6524,1.4450,238
11124500,aifs,5,-2.6167,-0.9465,0.9015,2.4012,238
11141280,aifs,5,0.5197,0.4393,0.7771,1.0547,238
11143000,aifs,5,0.5496,0.6044,0.7459,1.1358,238
11148900,aifs,5,0.4147,0.0990,0.8245,0.4260,238
11151300,aifs,5,0.3599,0.2201,0.8328,0.8387,238
11162500,aifs,5,0.5440,0.3351,0.8498,0.6340,238
11176400,aifs,5,0.1467,0.0060,0.4076,0.5143,144
11180500,aifs,5,-0.5539,-0.3731,0.7040,2.1420,238
11180960,aifs,5,-0.8408,-0.5633,0.4595,2.4200,238
11224500,aifs,5,-0.0243,-0.6786,-0.0312,0.1105,238
11253310,aifs,5,-0.0156,-0.4315,0.1293,0.3274,238
11264500,aifs,5,-0.6861,0.2002,0.2026,0.9700,238
11266500,aifs,5,-0.5648,0.2969,0.3146,1.1002,238
11274500,aifs,5,0.1364,0.2068,0.3953,0.7879,238
11274630,aifs,5,0.0824,0.3658,0.4242,0.9676,238
11284400,aifs,5,0.0310,-0.2594,0.2842,0.2338,238
11299600,aifs,5,0.0734,-0.0267,0.2944,0.5980,235
11381500,aifs,5,0.4323,0.3269,0.7734,0.9911,238
11383500,aifs,5,0.5144,0.4234,0.7857,1.0501,238
11451100,aifs,5,0.3887,0.3556,0.6551,0.9393,106
11468500,aifs,5,0.2296,0.1222,0.5901,0.7987,238
11473900,aifs,5,0.3479,0.2437,0.7147,0.8604,238
11475560,aifs,5,0.4054,0.3487,0.6809,0.8941,238
11476600,aifs,5,0.6065,0.5146,0.8280,1.0307,237
11478500,aifs,5,0.4402,0.3722,0.6905,1.2471,238
11480390,aifs,5,0.2718,0.1876,0.6015,0.8738,238
11481200,aifs,5,0.4588,0.4291,0.7031,1.0564,238
11482500,aifs,5,0.6390,0.5309,0.8260,1.2999,238
11522500,aifs,5,0.2330,0.4131,0.6624,1.4799,238
11523200,aifs,5,-0.3711,0.1207,0.6710,1.7396,238
11528700,aifs,5,0.4907,0.4452,0.7320,1.1012,238
11532500,aifs,5,0.7824,0.6765,0.9111,1.0574,238
12010000,aifs,5,0.6639,0.6130,0.8412,0.7367,238
12013500,aifs,5,0.8007,0.8739,0.8993,0.9283,238
12020000,aifs,5,0.4897,0.5979,0.7493,0.6921,238
12025000,aifs,5,0.6871,0.6890,0.9041,1.1577,238
12025700,aifs,5,0.6691,0.8191,0.8476,0.9250,238
12035000,aifs,5,0.8354,0.8263,0.9190,0.9030,238
12040500,aifs,5,0.6446,0.7506,0.8173,0.8540,238
12041200,aifs,5,0.6523,0.7700,0.8633,0.8637,238
12043000,aifs,5,0.7732,0.7063,0.8989,0.8175,238
12048000,aifs,5,0.4394,0.6120,0.8839,1.2517,238
12054000,aifs,5,0.2414,0.4431,0.8547,1.3365,238
12056500,aifs,5,0.3928,0.6290,0.8054,0.9109,238
12073500,aifs,5,0.4930,0.7357,0.7581,1.1021,237
12082500,aifs,5,0.4405,0.3811,0.7137,1.0008,232
12092000,aifs,5,0.2527,0.2689,0.5080,0.9661,238
12095000,aifs,5,0.6684,0.6253,0.8353,0.9055,238
12114500,aifs,5,0.5513,0.4628,0.8006,1.0475,238
12115000,aifs,5,0.5267,0.4558,0.7741,1.0216,238
12115500,aifs,5,0.5015,0.4527,0.7424,0.8946,238
12117000,aifs,5,0.6619,0.6283,0.8290,0.9946,238
12141300,aifs,5,0.3998,0.3864,0.6524,1.0744,238
12143600,aifs,5,0.4774,0.4360,0.7228,1.1838,234
12144000,aifs,5,0.5884,0.5568,0.7869,1.0076,237
12145500,aifs,5,0.7583,0.8035,0.8722,0.9222,238
12147600,aifs,5,0.4445,0.4770,0.6718,0.9244,238
12167000,aifs,5,0.7105,0.7234,0.8543,1.1952,238
12175500,aifs,5,0.0667,0.5694,0.6044,1.1250,238
12186000,aifs,5,0.5595,0.6348,0.7619,1.1590,235
12189500,aifs,5,0.6046,0.6757,0.8322,1.2646,237
12358500,aifs,5,0.6245,0.7981,0.8375,1.0514,238
12377150,aifs,5,0.5378,0.7635,0.7718,0.9381,238
12381400,aifs,5,0.3319,0.4956,0.8605,1.2311,205
12390700,aifs,5,0.4153,0.6225,0.6969,1.1817,238
12411000,aifs,5,0.7394,0.7247,0.8879,1.2463,227
12414500,aifs,5,0.6669,0.6932,0.8263,0.9110,238
12447390,aifs,5,-0.2126,-0.2496,0.2112,0.3583,238
12451000,aifs,5,0.4779,0.6776,0.8113,1.2219,238
12488500,aifs,5,0.5867,0.7159,0.7962,1.1620,238
13011500,aifs,5,0.7243,0.6093,0.9386,1.2988,238
13011900,aifs,5,0.7873,0.8055,0.9232,0.9628,238
13018300,aifs,5,-0.4956,-0.0249,0.9313,1.4834,238
13023000,aifs,5,0.5379,0.7665,0.8088,0.9062,196
13161500,aifs,5,0.6460,0.6701,0.8344,0.7867,238
13235000,aifs,5,0.5877,0.6571,0.7831,0.8898,236
13240000,aifs,5,0.7715,0.8563,0.8794,1.0036,159
13310700,aifs,5,0.5892,0.5044,0.9001,0.6749,238
13313000,aifs,5,0.6935,0.4849,0.9579,0.6443,238
13331500,aifs,5,0.4859,0.5368,0.8982,1.2157,238
13337000,aifs,5,0.6803,0.6977,0.8551,0.8304,238
13338500,aifs,5,0.8074,0.8681,0.9130,1.0944,238
13340000,aifs,5,0.4899,0.6262,0.7537,0.7918,238
13340600,aifs,5,0.6036,0.6166,0.8827,0.7097,238
14020000,aifs,5,0.3220,0.1846,0.7607,0.6359,238
14092750,aifs,5,0.5679,0.5536,0.7882,0.8834,238
14096850,aifs,5,-0.9854,0.4213,0.8676,0.4589,238
14137000,aifs,5,0.7137,0.6864,0.8555,1.0460,233
14138800,aifs,5,0.6021,0.6392,0.7785,0.9505,238
14138870,aifs,5,0.7037,0.7636,0.8431,0.8793,238
14138900,aifs,5,0.4413,0.4513,0.6751,0.9074,238
14139800,aifs,5,0.7308,0.7603,0.8587,0.8650,236
14141500,aifs,5,0.7535,0.8209,0.8704,0.9186,238
14154500,aifs,5,0.8087,0.7052,0.9204,1.0974,238
14158500,aifs,5,0.7652,0.6826,0.9183,1.0814,223
14158790,aifs,5,0.5994,0.5464,0.8024,1.0118,234
14166500,aifs,5,0.5246,0.4718,0.7584,0.9164,238
14182500,aifs,5,0.6698,0.7392,0.8220,0.8825,238
14185000,aifs,5,0.7289,0.7733,0.8551,1.0629,238
14185900,aifs,5,0.6574,0.7607,0.8125,1.0436,235
14187000,aifs,5,0.6408,0.6888,0.8033,1.0962,237
14216500,aifs,5,0.9008,0.9120,0.9511,1.0630,235
14222500,aifs,5,0.8370,0.7816,0.9232,1.0565,238
14236200,aifs,5,0.7645,0.8479,0.8793,0.9196,237
14301000,aifs,5,0.7661,0.7909,0.8764,0.9790,237
14303200,aifs,5,0.6219,0.5002,0.8569,0.9650,238
14305500,aifs,5,0.7471,0.7030,0.8765,0.9588,236
14306340,aifs,5,0.5840,0.4698,0.8192,0.7671,238
14306500,aifs,5,0.7416,0.6661,0.8827,0.9198,238
14308990,aifs,5,0.5187,0.3912,0.8275,0.9151,238
14309500,aifs,5,0.7556,0.7971,0.8696,0.9889,238
14316700,aifs,5,0.7495,0.6272,0.9047,1.0571,238
14325000,aifs,5,0.8556,0.9162,0.9257,0.9886,238
14362250,aifs,5,0.2508,0.0913,0.7406,0.4985,148
14400000,aifs,5,0.8701,0.7361,0.9456,0.8216,238
01013500,aifs,6,0.8916,0.8046,0.9555,0.8562,238
01022500,aifs,6,0.6227,0.7004,0.7904,1.0557,238
01030500,aifs,6,0.7579,0.8075,0.9059,1.0851,238
01031500,aifs,6,0.2806,0.6397,0.7070,1.1296,236
01047000,aifs,6,0.2270,0.6354,0.6554,1.0604,238
01052500,aifs,6,0.3830,0.4658,0.6348,0.7741,238
01054200,aifs,6,0.2276,0.2325,0.5227,0.5881,238
01055000,aifs,6,0.1393,0.5595,0.5620,1.0434,236
01057000,aifs,6,0.6241,0.8074,0.8086,0.9908,236
01073000,aifs,6,0.7467,0.8281,0.8872,1.1064,238
01078000,aifs,6,0.2792,0.3967,0.5813,0.7153,236
01118300,aifs,6,0.2741,0.4219,0.5722,0.7688,236
01121000,aifs,6,0.6941,0.7465,0.8408,1.1489,236
01123000,aifs,6,0.7473,0.6579,0.8898,0.8818,238
01134500,aifs,6,0.6573,0.7432,0.8201,0.8594,236
01137500,aifs,6,0.4086,0.5427,0.6635,0.8138,238
01139000,aifs,6,0.4906,0.7418,0.7460,0.9533,234
01139800,aifs,6,0.7197,0.8317,0.8617,1.0928,238
01142500,aifs,6,0.6354,0.7790,0.8105,0.9117,236
01144000,aifs,6,0.6683,0.8212,0.8539,0.9706,238
01169000,aifs,6,0.5444,0.6974,0.7456,1.0562,236
01170100,aifs,6,0.5988,0.7583,0.7837,0.9553,237
01181000,aifs,6,0.8235,0.8733,0.9100,1.0776,236
01187300,aifs,6,0.7383,0.6363,0.8916,1.0282,238
01195100,aifs,6,0.3222,0.3102,0.6062,0.7847,238
01333000,aifs,6,0.5606,0.6172,0.7538,0.8916,236
01350000,aifs,6,0.1285,0.0922,0.3817,0.6882,235
01350080,aifs,6,0.6528,0.5768,0.8373,0.7542,238
01350140,aifs,6,0.7257,0.6525,0.8780,0.7068,188
01365000,aifs,6,0.3526,0.3619,0.6159,0.7999,236
01411300,aifs,6,-0.0803,0.0558,0.2082,1.1724,229
01413500,aifs,6,0.3965,0.3788,0.6695,0.7706,236
01414500,aifs,6,0.0929,0.0557,0.4042,0.5833,236
01415000,aifs,6,0.3619,0.2336,0.8087,0.5658,193
01423000,aifs,6,0.4300,0.3594,0.7561,0.6827,238
01434025,aifs,6,0.1614,0.4527,0.5648,0.6847,238
01435000,aifs,6,0.3171,0.3356,0.5746,0.8293,237
01439500,aifs,6,0.5702,0.5315,0.8294,0.7451,236
01440000,aifs,6,0.5424,0.5298,0.7638,0.8445,238
01440400,aifs,6,0.7044,0.6771,0.8535,0.8919,212
01451800,aifs,6,0.3553,0.4144,0.5978,0.9438,236
01466500,aifs,6,-2.3799,-0.6436,0.8688,0.9921,236
01484100,aifs,6,-0.0710,0.4707,0.5352,1.2497,238
01485500,aifs,6,-3.6216,-0.7610,0.5486,2.1341,233
01486000,aifs,6,-0.5930,0.1566,0.6469,1.6896,238
01487000,aifs,6,0.5162,0.7526,0.7982,1.0445,238
01491000,aifs,6,0.7035,0.6040,0.8757,0.9775,238
01510000,aifs,6,0.6983,0.7136,0.8392,0.9672,238
01516500,aifs,6,0.2015,0.0927,0.6015,0.5294,238
01518862,aifs,6,0.2937,0.2794,0.6363,0.6050,238
01532000,aifs,6,0.5329,0.6199,0.7438,0.8416,236
01539000,aifs,6,0.5027,0.5273,0.7538,0.7876,220
01542810,aifs,6,0.3428,0.4592,0.6080,0.7989,236
01543000,aifs,6,0.4375,0.5995,0.7126,0.7601,238
01543500,aifs,6,0.5502,0.5689,0.7873,0.7542,236
01544500,aifs,6,0.4402,0.3765,0.8172,0.6133,238
01545600,aifs,6,0.4212,0.3126,0.8213,0.6117,238
01547700,aifs,6,0.0558,-0.0515,0.2730,0.7136,238
01548500,aifs,6,0.3558,0.2890,0.7636,0.5877,236
01549500,aifs,6,0.5205,0.4180,0.8288,0.6588,236
01550000,aifs,6,0.4258,0.3463,0.7921,0.6273,236
01552000,aifs,6,0.4567,0.4741,0.7276,0.7500,238
01552500,aifs,6,0.4941,0.5818,0.7313,0.7963,238
01557500,aifs,6,0.1354,0.2754,0.4194,0.8808,238
01567500,aifs,6,0.1496,0.1974,0.3947,0.9913,238
01568000,aifs,6,0.3164,0.3553,0.5658,1.0530,238
01580000,aifs,6,0.2169,0.3510,0.4998,0.8938,234
01583500,aifs,6,0.2528,0.3328,0.5553,0.8183,238
01586610,aifs,6,0.3668,0.3941,0.6817,0.7606,204
01591400,aifs,6,0.1793,0.2095,0.4267,0.9656,238
01596500,aifs,6,0.2125,0.1830,0.5014,0.6935,236
01605500,aifs,6,0.2321,0.4340,0.5281,1.1160,236
01606500,aifs,6,0.2932,0.3950,0.5763,0.7671,211
01613050,aifs,6,0.3074,0.3473,0.5554,0.9946,238
01620500,aifs,6,0.3063,0.2822,0.6510,0.5183,236
01632000,aifs,6,0.1485,0.3387,0.4511,0.8386,236
01632900,aifs,6,0.2529,0.5524,0.5763,0.9790,236
01634500,aifs,6,0.1669,0.2752,0.4329,0.9003,221
01638480,aifs,6,-0.6956,0.0269,0.3662,1.7383,233
01639500,aifs,6,0.3376,0.4152,0.5831,1.0583,238
01644000,aifs,6,-0.2678,0.1538,0.5959,1.7427,238
01658500,aifs,6,-0.2931,0.2320,0.2484,1.0239,207
01664000,aifs,6,0.2964,0.3673,0.5575,0.8715,238
01666500,aifs,6,0.5087,0.5205,0.7221,1.0001,223
01667500,aifs,6,0.4877,0.6218,0.7048,1.0579,216
01669000,aifs,6,0.4270,0.5649,0.6577,1.0056,213
01669520,aifs,6,-2.0241,-0.1947,0.6737,1.7761,236
02011400,aifs,6,0.1379,0.5256,0.5506,1.1406,238
02011460,aifs,6,0.2757,0.4631,0.5675,0.8107,238
02013000,aifs,6,0.1095,0.2737,0.3943,1.0712,238
02014000,aifs,6,-0.1107,0.4355,0.4360,0.9824,237
02015700,aifs,6,0.3890,0.6460,0.6635,1.0018,220
02016000,aifs,6,0.3919,0.5824,0.6501,0.8840,237
02017500,aifs,6,-0.0634,0.5204,0.5761,1.1050,236
02018000,aifs,6,0.3180,0.6087,0.6265,1.0541,231
02027000,aifs,6,0.5564,0.6529,0.7917,0.7412,218
02027500,aifs,6,0.5625,0.5190,0.8381,0.6135,221
02028500,aifs,6,0.4406,0.4483,0.7077,0.7978,213
02038850,aifs,6,-0.0124,0.0881,0.2927,0.7293,236
02046000,aifs,6,0.3109,0.3868,0.6252,1.4030,228
02051000,aifs,6,0.0079,0.0564,0.2416,0.8510,238
02051500,aifs,6,0.1800,0.3885,0.4765,1.0634,236
02053200,aifs,6,-0.6001,0.1757,0.4480,1.5531,210
02053800,aifs,6,0.1462,0.2519,0.4266,0.8538,219
02055100,aifs,6,0.3564,0.5553,0.6243,1.0892,236
02056900,aifs,6,0.3843,0.5053,0.6559,0.8171,212
02059500,aifs,6,0.0644,0.4476,0.5112,0.7750,207
02064000,aifs,6,0.1445,0.1690,0.4556,0.6673,226
02065500,aifs,6,0.2304,0.2968,0.6476,0.6094,236
02069700,aifs,6,0.1214,0.3031,0.4297,1.1231,210
02070000,aifs,6,-0.0240,0.1901,0.3008,1.1209,236
02074500,aifs,6,-0.0053,0.2709,0.3409,1.0215,238
02077200,aifs,6,-0.1118,0.4127,0.4190,1.0722,233
02081500,aifs,6,-0.2443,0.0078,0.1149,1.2291,238
02082950,aifs,6,-0.4035,0.2090,0.6269,1.5357,238
02092500,aifs,6,-4.4206,-0.9307,0.2181,2.3574,238
02096846,aifs,6,-0.4897,-0.0212,0.0561,1.2993,238
02102908,aifs,6,0.1994,0.2337,0.4676,0.8813,238
02108000,aifs,6,0.5465,0.7151,0.7668,1.1482,238
02111180,aifs,6,-0.0412,-0.0893,0.1209,0.9857,238
02111500,aifs,6,-0.1805,0.1611,0.2210,0.9507,236
02118500,aifs,6,-0.1372,0.3929,0.3973,1.0365,238
02128000,aifs,6,-0.0840,-0.3081,0.4959,2.1977,238
02137727,aifs,6,-0.1359,0.0795,0.1801,0.9532,238
02140991,aifs,6,-0.2860,0.0971,0.1550,1.0946,238
02143000,aifs,6,-0.6157,0.3731,0.4515,1.2553,238
02143040,aifs,6,-0.2803,0.4348,0.4606,0.9321,236
02149000,aifs,6,0.0599,0.1235,0.2997,0.9981,238
02152100,aifs,6,0.0311,0.3756,0.4131,1.0035,238
02177000,aifs,6,0.1472,0.2272,0.4081,1.0556,236
02178400,aifs,6,0.4411,0.5943,0.6762,0.9575,236
02193340,aifs,6,-0.4926,0.2653,0.3381,1.3041,238
02196000,aifs,6,0.0792,-0.1247,0.3566,0.4677,238
02198100,aifs,6,0.1900,0.1090,0.4975,1.2312,237
02202600,aifs,6,-0.6882,-0.1386,0.2363,1.8249,238
02212600,aifs,6,0.0384,0.1056,0.2772,0.9947,236
02215100,aifs,6,0.0120,-0.1269,0.2114,0.6753,238
02216180,aifs,6,-0.0677,-0.4610,-0.0623,0.4538,236
02221525,aifs,6,0.1710,0.2496,0.4291,1.0808,236
02231000,aifs,6,-2.4805,-0.4068,0.4524,1.8456,238
02231342,aifs,6,-1.4409,-0.1086,0.5412,1.7071,238
02235200,aifs,6,-0.2486,0.4380,0.4809,1.1885,237
02245500,aifs,6,-3.6051,-0.5783,0.5571,1.4101,238
02246000,aifs,6,-2.1500,-0.1439,0.4749,1.0242,236
02296500,aifs,6,0.3402,-0.1660,0.8723,2.1422,227
02297155,aifs,6,0.0442,-0.1439,0.6529,0.2657,237
02297310,aifs,6,0.4805,0.4864,0.7142,0.7321,228
02298123,aifs,6,0.3818,0.2203,0.7446,0.5136,238
02298608,aifs,6,0.2736,0.5811,0.6451,1.2216,238
02299950,aifs,6,0.1652,0.4208,0.5219,0.7359,238
02300700,aifs,6,0.3191,0.1520,0.6901,0.5375,238
02310947,aifs,6,-0.7444,-2.0540,-0.2951,3.6732,238
02312200,aifs,6,-19.8896,-4.2071,0.2768,6.1456,238
02314500,aifs,6,-0.2487,-0.3808,-0.0451,0.5718,238
02315500,aifs,6,-0.3296,-0.6564,-0.2880,0.4429,238
02324400,aifs,6,-0.2052,-1.0284,-0.5320,0.1148,238
02327100,aifs,6,-1.6241,-0.6575,0.6987,2.3897,236
02349900,aifs,6,0.1759,0.0807,0.4844,0.9114,238
02350900,aifs,6,0.2417,0.3993,0.7353,0.6587,238
02361000,aifs,6,0.4990,0.4984,0.8223,0.6830,238
02363000,aifs,6,0.2150,0.0040,0.8573,0.3657,236
02369800,aifs,6,0.1948,-0.0121,0.8501,0.4752,237
02371500,aifs,6,0.2080,0.0890,0.6439,0.7480,238
02372250,aifs,6,0.3154,0.1904,0.7626,0.7946,236
02374500,aifs,6,0.4705,0.3472,0.8021,0.7738,238
02381600,aifs,6,-0.0659,0.1593,0.2533,1.0144,237
02384540,aifs,6,0.0074,0.1286,0.3223,0.7652,238
02395120,aifs,6,-0.2588,0.4098,0.4142,0.9847,238
02408540,aifs,6,-0.2341,0.3527,0.3544,1.0074,238
02415000,aifs,6,0.0333,0.3492,0.3982,1.0033,228
02422500,aifs,6,-0.2452,0.4399,0.5314,1.2324,221
02427250,aifs,6,0.6562,0.6357,0.8156,1.2237,238
02430085,aifs,6,-0.1549,0.2135,0.2770,1.1761,238
02450250,aifs,6,0.2853,0.3395,0.5341,0.9964,236
02464000,aifs,6,0.3021,0.4889,0.5711,0.9574,238
02465493,aifs,6,0.4527,0.5965,0.6923,1.1245,235
02469800,aifs,6,0.5510,0.4686,0.7870,0.6293,236
02472000,aifs,6,0.4950,0.3081,0.8178,0.6313,238
02472500,aifs,6,0.2430,0.4986,0.6065,0.7043,238
02479155,aifs,6,0.4659,0.2483,0.8300,0.6248,238
02479300,aifs,6,0.3142,0.0690,0.7781,0.4656,238
02481000,aifs,6,0.2907,-0.0633,0.8428,0.2794,238
02481510,aifs,6,0.3269,0.0143,0.8699,0.3582,238
03010655,aifs,6,0.4497,0.4441,0.7597,0.6521,209
03011800,aifs,6,0.2264,0.4291,0.5623,0.7653,238
03015500,aifs,6,0.4429,0.7219,0.7307,0.9357,238
03021350,aifs,6,0.2582,0.5412,0.6041,0.7934,236
03026500,aifs,6,0.2714,0.4859,0.5737,0.8372,238
03028000,aifs,6,0.2806,0.5175,0.6721,0.6848,236
03049800,aifs,6,0.0131,-0.0014,0.2811,0.6453,236
03050000,aifs,6,0.0246,0.4156,0.4419,0.9122,236
03066000,aifs,6,0.3337,0.3827,0.6320,0.6900,238
03069500,aifs,6,0.2757,0.3839,0.5774,0.7097,236
03070500,aifs,6,0.2235,0.6381,0.6563,0.9770,236
03076600,aifs,6,0.1863,0.2464,0.5215,0.6351,238
03078000,aifs,6,0.0303,0.1174,0.3375,0.6688,238
03140000,aifs,6,0.0802,0.1533,0.3343,0.8450,236
03144000,aifs,6,-0.4292,0.1642,0.1778,0.9564,238
03159540,aifs,6,0.0551,0.2815,0.3760,0.8819,238
03161000,aifs,6,0.0287,0.1154,0.3276,0.8420,238
03164000,aifs,6,0.3624,0.5164,0.6755,0.8343,238
03165000,aifs,6,-0.0514,-0.0015,0.1848,0.8710,221
03170000,aifs,6,0.2718,0.3430,0.5626,0.8361,238
03173000,aifs,6,0.1373,0.4607,0.5078,0.8527,236
03180500,aifs,6,0.3358,0.4492,0.5907,0.8538,222
03182500,aifs,6,0.2891,0.5876,0.6053,0.9770,236
03186500,aifs,6,0.3736,0.5449,0.6305,0.8843,236
03187500,aifs,6,0.3709,0.6402,0.6752,0.8566,235
03213700,aifs,6,-0.0003,0.5086,0.5186,1.0953,238
03237280,aifs,6,0.1422,0.2222,0.4256,0.6985,238
03237500,aifs,6,-0.1079,0.3393,0.3596,1.0523,236
03241500,aifs,6,-0.0498,-0.0031,0.2168,0.6617,225
03280700,aifs,6,-0.4031,0.3994,0.4561,0.9012,213
03281100,aifs,6,-0.3330,0.4161,0.4681,0.8750,236
03281500,aifs,6,-0.1395,0.4755,0.5199,0.8523,223
03285000,aifs,6,-0.4415,0.0612,0.3542,1.6805,235
03291780,aifs,6,-0.1885,-0.0352,0.0892,0.8538,238
03300400,aifs,6,0.0174,0.1102,0.2716,0.8776,238
03340800,aifs,6,-0.5223,0.1652,0.1762,0.8942,190
03346000,aifs,6,-0.1206,-0.0419,0.2192,0.4764,238
03364500,aifs,6,-0.0577,-0.2158,0.1186,0.5242,238
03366500,aifs,6,-0.1679,0.0001,0.1466,0.7088,238
03368000,aifs,6,-0.0974,-0.1638,0.0933,0.5938,238
03384450,aifs,6,0.1036,-0.0941,0.3563,0.5481,238
03439000,aifs,6,-0.1975,-0.1605,0.0848,0.6765,236
03450000,aifs,6,-0.0015,-0.0717,0.2160,0.8070,238
03455500,aifs,6,-0.2502,0.1952,0.3063,0.7048,236
03456500,aifs,6,-0.2428,-0.0508,0.0861,0.8023,236
03460000,aifs,6,-0.3385,0.3263,0.5743,0.6148,238
03463300,aifs,6,-0.1207,0.1992,0.2700,0.8873,238
03471500,aifs,6,0.4758,0.5688,0.8398,0.6889,236
03473000,aifs,6,0.1800,0.4419,0.6337,0.6906,238
03479000,aifs,6,-0.0340,0.2817,0.3488,0.9000,236
03488000,aifs,6,0.3823,0.3861,0.6916,0.6931,238
03498500,aifs,6,-0.3885,0.2892,0.3290,0.7685,238
03500000,aifs,6,0.2178,0.6505,0.6865,0.8457,236
03504000,aifs,6,-0.3238,0.4274,0.4466,0.8627,236
03574500,aifs,6,0.1297,0.0369,0.4421,0.5670,238
03604000,aifs,6,-0.1013,-0.2527,0.0119,0.7621,236
04015330,aifs,6,0.2307,0.0651,0.5288,0.4760,197
04024430,aifs,6,0.5792,0.4443,0.8151,0.6175,238
04027000,aifs,6,0.4138,0.3657,0.6821,0.6727,238
04040500,aifs,6,0.8131,0.7375,0.9115,0.8630,238
04043050,aifs,6,0.7875,0.8012,0.8904,0.8875,182
04045500,aifs,6,0.8792,0.7831,0.9539,0.7964,234
04056500,aifs,6,0.5191,0.4308,0.8120,0.7085,229
04057510,aifs,6,0.8562,0.6530,0.9681,0.7544,158
04057800,aifs,6,0.7876,0.5883,0.9229,0.7054,238
04059500,aifs,6,0.8357,0.7433,0.9308,0.9534,238
04063700,aifs,6,0.6985,0.4316,0.9398,0.6005,238
04074950,aifs,6,0.6114,0.5132,0.9018,0.7401,238
04105700,aifs,6,0.5979,0.5686,0.8132,0.9164,238
04115265,aifs,6,0.5137,0.4286,0.7807,0.9479,238
04122200,aifs,6,0.5249,0.4839,0.7802,0.8434,238
04122500,aifs,6,0.7521,0.6974,0.8977,0.9053,236
04124000,aifs,6,0.7843,0.6991,0.9062,0.9994,238
04127997,aifs,6,0.4290,0.3873,0.7308,0.8937,201
04185000,aifs,6,0.5674,0.5629,0.7683,0.7969,215
04196800,aifs,6,0.3945,0.2807,0.6758,0.6206,238
04197100,aifs,6,0.3723,0.4072,0.6136,0.9023,238
04197170,aifs,6,-0.0797,0.0858,0.2308,0.7312,238
04213000,aifs,6,0.1374,0.5748,0.5754,1.0180,236
04213075,aifs,6,0.0746,0.2191,0.3652,0.8342,234
04216418,aifs,6,0.4500,0.6078,0.6780,0.9979,238
04221000,aifs,6,0.1620,0.2038,0.5871,0.5494,238
04224775,aifs,6,0.1822,0.1488,0.5643,0.5396,236
04256000,aifs,6,0.6574,0.7624,0.8529,1.1640,236
04296000,aifs,6,0.4756,0.6597,0.7112,0.8922,236
05057000,aifs,6,-1.1342,0.0709,0.6098,0.4977,160
05057200,aifs,6,0.5580,0.7119,0.7534,1.0096,237
05062500,aifs,6,0.7072,0.7158,0.8483,0.8909,199
05087500,aifs,6,0.4092,0.4418,0.6452,0.8729,238
05120500,aifs,6,-10.0055,-1.4891,-0.0629,3.1899,210
05123400,aifs,6,-0.3916,-0.6523,-0.0184,0.1576,238
05129115,aifs,6,-0.8334,-0.8962,-0.2632,0.0000,238
05131500,aifs,6,0.0506,-0.0465,0.6742,0.4106,142
05291000,aifs,6,-0.3413,0.2549,0.3252,0.6910,238
05362000,aifs,6,0.5794,0.5865,0.7794,0.7616,237
05393500,aifs,6,0.5244,0.5845,0.7363,0.7893,238
05399500,aifs,6,0.1321,0.2965,0.4456,0.7127,236
05408000,aifs,6,0.1537,0.1244,0.4671,0.8195,237
05412500,aifs,6,0.1370,0.2338,0.5641,0.6338,238
05413500,aifs,6,-0.0843,0.2561,0.4483,0.7481,208
05414000,aifs,6,0.0015,0.1805,0.7307,0.5934,204
05444000,aifs,6,0.0508,0.1870,0.4437,0.6380,236
05454000,aifs,6,0.2082,0.1967,0.5755,0.5817,238
05458000,aifs,6,-0.0168,-0.1001,0.2184,0.6275,238
05466500,aifs,6,0.1208,0.0637,0.3871,0.7048,236
05487980,aifs,6,-0.0089,-0.0555,0.2201,0.5830,236
05488200,aifs,6,0.1127,-0.1533,0.4369,0.3211,236
05489000,aifs,6,-0.0097,-0.3219,0.1657,0.3379,236
05495000,aifs,6,0.0763,0.1799,0.3360,0.9236,236
05495500,aifs,6,0.0682,-0.1207,0.3261,0.3992,232
05501000,aifs,6,0.0266,-0.2775,0.2300,0.3833,236
05503800,aifs,6,0.1259,0.0148,0.3699,0.6000,238
05507600,aifs,6,0.3567,0.4866,0.6091,0.8240,238
05508805,aifs,6,0.3216,0.5414,0.6235,1.2255,236
05514500,aifs,6,0.2714,0.1930,0.5582,0.7112,236
05525500,aifs,6,0.3680,0.4189,0.6087,0.9134,236
05556500,aifs,6,-0.0224,-0.1632,0.3315,0.4256,238
05584500,aifs,6,0.2064,0.0342,0.6593,0.4510,236
05585000,aifs,6,0.2660,0.1372,0.6577,0.4895,238
05591550,aifs,6,0.0020,0.0568,0.2633,0.7045,236
05592050,aifs,6,-0.0407,-0.0332,0.2118,0.6120,222
05592575,aifs,6,-0.0900,-0.0702,0.1699,0.5623,236
05593575,aifs,6,0.1680,0.4643,0.5276,1.2073,238
05593900,aifs,6,0.0178,-0.0334,0.2497,0.5850,236
05595730,aifs,6,0.2251,0.5010,0.5428,1.0487,238
06037500,aifs,6,-2.2668,0.3947,0.8571,1.2904,238
06043500,aifs,6,0.3819,0.3772,0.9623,1.3356,238
06154410,aifs,6,0.0159,-0.0193,0.2815,0.6717,238
06188000,aifs,6,0.8651,0.9024,0.9400,0.9845,238
06191500,aifs,6,0.7190,0.6664,0.9376,1.1200,238
06221400,aifs,6,0.8303,0.8728,0.9276,1.0432,238
06224000,aifs,6,0.7032,0.8441,0.8533,1.0527,238
06289000,aifs,6,0.3032,0.5842,0.6520,0.8428,238
06332515,aifs,6,0.2237,0.0948,0.6236,0.7001,118
06339100,aifs,6,-1.6826,-0.1149,0.2394,1.6198,174
06339500,aifs,6,-0.2046,0.0594,0.5450,0.2917,167
06344600,aifs,6,-1.8698,-1.4467,0.3141,3.3064,177
06350000,aifs,6,-2.3325,-0.4107,0.3917,2.1150,238
06352000,aifs,6,-0.0135,-0.1023,0.5103,1.3306,237
06353000,aifs,6,-0.0035,-0.1162,0.5109,0.8053,236
06354000,aifs,6,0.3533,0.3024,0.7918,0.4923,173
06360500,aifs,6,0.1195,0.1388,0.5273,1.5416,139
06404000,aifs,6,-1.5770,-0.2814,-0.2303,1.3576,205
06406000,aifs,6,-166.1765,-3.7708,0.8993,5.7244,180
06408700,aifs,6,-1639.8517,-4.0147,0.1941,1.5103,238
06409000,aifs,6,-1.2151,0.6396,0.8996,1.2493,193
06431500,aifs,6,-1.1177,0.4235,0.4381,1.0921,227
06440200,aifs,6,-0.0736,-0.6743,0.0308,0.0363,160
06441500,aifs,6,-0.7545,-1.2355,0.1900,2.8943,177
06447000,aifs,6,0.0264,-0.1047,0.2551,0.5261,140
06447500,aifs,6,-0.0913,-0.0501,0.5888,0.6919,238
06450500,aifs,6,0.0487,-0.1086,0.3416,1.0511,208
06452000,aifs,6,0.0064,-0.3073,0.1246,1.0035,175
06453600,aifs,6,-0.2922,-0.2069,0.3051,1.7255,235
06464500,aifs,6,-0.1817,0.1765,0.2385,1.0918,175
06477500,aifs,6,-14.1112,-3.0328,0.4113,3.7506,237
06479215,aifs,6,-0.1840,-0.2775,-0.0072,0.5746,238
06479438,aifs,6,-0.1447,-0.5329,0.0124,0.2220,238
06601000,aifs,6,-0.2581,-0.2670,-0.0855,0.8089,238
06614800,aifs,6,0.7821,0.6234,0.9372,1.3427,238
06622700,aifs,6,-0.2857,0.1659,0.7618,1.6126,238
06623800,aifs,6,0.8186,0.9063,0.9116,0.9768,238
06632400,aifs,6,-0.3228,0.3206,0.4588,1.3894,238
06784000,aifs,6,-0.8706,-0.2544,-0.0039,1.3115,238
06803510,aifs,6,0.0288,-0.2577,0.2730,0.5309,238
06803530,aifs,6,-0.0027,-0.1835,0.1399,0.7046,238
06814000,aifs,6,-0.0279,-0.4292,0.0772,0.3224,238
06846500,aifs,6,-0.0094,-0.4717,-0.0586,1.3790,238
06847900,aifs,6,-0.0212,-0.3177,0.0537,1.3058,238
06853800,aifs,6,-0.3840,-0.3958,-0.0215,1.7162,238
06876700,aifs,6,0.2284,0.0198,0.5875,0.3698,238
06878000,aifs,6,0.0498,-0.2283,0.3062,0.3646,238
06879650,aifs,6,0.0102,-0.3032,0.2977,0.3327,237
06885500,aifs,6,-0.0467,-0.4316,0.1037,0.2801,238
06888500,aifs,6,-0.0416,-0.4607,0.0473,0.3162,238
06889200,aifs,6,-0.0297,-0.2821,0.1203,0.4330,238
06889500,aifs,6,0.0500,-0.1166,0.2600,0.5399,238
06892000,aifs,6,-0.0043,-0.1727,0.2401,0.4026,238
06903400,aifs,6,-0.0253,-0.4448,0.2490,0.1417,238
06906800,aifs,6,0.2722,0.0689,0.6015,0.4618,238
06910800,aifs,6,0.0089,-0.2210,0.1969,0.4741,238
06911900,aifs,6,0.0006,-0.2012,0.1982,0.4418,238
06917000,aifs,6,0.1007,-0.0372,0.3891,0.4028,238
06918460,aifs,6,0.2643,0.3386,0.5174,0.9326,238
06919500,aifs,6,-0.0482,0.0220,0.2933,0.4842,238
06921070,aifs,6,0.0724,-0.0296,0.3143,0.6093,238
06921200,aifs,6,0.0103,-0.2771,0.2710,0.3151,238
06934000,aifs,6,0.0632,0.2110,0.4357,0.6384,237
07014500,aifs,6,0.0526,-0.1178,0.3237,0.6081,238
07056000,aifs,6,0.1199,0.2261,0.4017,0.7693,238
07057500,aifs,6,0.2550,0.2834,0.5609,0.8124,230
07060710,aifs,6,-0.0001,-0.3953,0.0259,1.0505,238
07066000,aifs,6,0.1972,0.1598,0.5564,0.7604,238
07067000,aifs,6,0.1219,0.2840,0.7577,0.5465,238
07068000,aifs,6,0.1506,0.2537,0.6132,0.7515,237
07071500,aifs,6,-0.0840,0.4106,0.5516,0.7882,238
07083000,aifs,6,-1.4728,-0.3837,0.8946,1.7280,238
07142300,aifs,6,-8.1552,-5.0142,-0.0822,6.8569,238
07145700,aifs,6,-0.0294,-0.6213,-0.0249,0.1631,238
07148400,aifs,6,-0.2580,0.4125,0.6877,1.3813,238
07149000,aifs,6,0.0195,0.4424,0.6284,1.4137,238
07151500,aifs,6,-0.0268,-0.4728,0.0149,0.4068,238
07167500,aifs,6,-0.0239,-0.3457,0.0657,1.5497,238
07180500,aifs,6,-0.0670,-0.2658,0.0343,0.6371,238
07184000,aifs,6,0.0029,-0.2876,0.1899,0.3342,236
07195800,aifs,6,0.2073,0.2940,0.4832,0.7929,236
07196900,aifs,6,0.0399,0.0713,0.2633,0.9858,237
07197000,aifs,6,0.3083,0.2960,0.5726,0.8921,238
07208500,aifs,6,0.1127,0.5302,0.7396,1.0700,238
07226500,aifs,6,-0.0149,-0.5369,0.0106,0.2654,236
07261000,aifs,6,0.2295,0.3121,0.5313,1.3755,236
07263295,aifs,6,-0.1698,-1.0045,0.2395,2.7628,236
07290650,aifs,6,0.0760,0.1935,0.3955,0.6593,238
07291000,aifs,6,-0.2355,-0.0080,0.2451,0.4248,238
07292500,aifs,6,-0.0907,0.2914,0.3405,0.8526,238
07295000,aifs,6,0.2102,0.2126,0.4778,0.6655,238
07299670,aifs,6,-0.2844,-0.3431,0.0109,1.7571,228
07301410,aifs,6,-0.2978,-0.2427,-0.0628,0.7332,227
07301500,aifs,6,-0.1813,-0.5713,0.0343,1.7706,200
07315200,aifs,6,-0.5539,-0.0344,0.0346,1.2970,161
07315700,aifs,6,-3.3484,-0.9448,0.0000,2.4672,218
07335700,aifs,6,-0.0233,-0.1623,0.2179,0.4581,229
07340300,aifs,6,0.1091,0.4063,0.4706,0.8321,238
07346045,aifs,6,-0.6515,0.0368,0.2421,0.4504,238
07359610,aifs,6,-0.3886,0.0734,0.2607,1.5418,238
07362100,aifs,6,-0.1145,0.1216,0.6223,1.7863,238
07362587,aifs,6,-0.2009,-0.3878,0.2294,2.0883,236
07373000,aifs,6,-0.1961,0.0380,0.2209,0.5887,234
07375000,aifs,6,0.2673,0.1361,0.5747,0.5273,238
07376000,aifs,6,0.1297,0.3353,0.4701,0.7206,238
08013000,aifs,6,0.4630,0.3043,0.7906,0.6352,238
08014500,aifs,6,0.2190,0.1063,0.6242,0.5592,238
08023080,aifs,6,-0.2744,-0.3779,0.0742,1.9132,238
08025500,aifs,6,0.2484,0.1700,0.5399,0.7891,238
08029500,aifs,6,-0.0247,0.1384,0.2689,1.1421,238
08050800,aifs,6,0.0205,-0.1499,0.1783,0.7014,237
08066200,aifs,6,0.0171,-0.3040,0.1806,0.3754,238
08066300,aifs,6,-0.0262,-0.5158,0.0979,0.1745,238
08070000,aifs,6,-0.9749,0.1592,0.3371,1.3708,238
08070200,aifs,6,-0.0912,0.3502,0.3722,0.9267,238
08079600,aifs,6,-9.5932,-5.2718,0.4289,6.7569,194
08082700,aifs,6,-0.0124,-0.4850,-0.0444,0.5254,224
08086212,aifs,6,-0.0723,-0.2221,0.0431,1.3276,238
08086290,aifs,6,-0.6777,-1.0715,0.0611,2.8422,238
08101000,aifs,6,-3.3297,-0.6293,0.2734,1.9988,238
08103900,aifs,6,0.0940,0.0436,0.3171,0.7894,238
08104900,aifs,6,-0.1333,-0.1127,0.1258,0.5607,238
08109700,aifs,6,-0.1061,0.1716,0.2467,1.0100,222
08150800,aifs,6,0.0239,-0.3465,0.2428,0.3936,238
08155200,aifs,6,-0.3358,-0.8296,0.2676,2.6452,238
08158700,aifs,6,-4.3320,-7.5697,0.1497,9.4897,238
08158810,aifs,6,0.0243,0.0192,0.2295,1.0619,238
08164000,aifs,6,-0.9981,0.0385,0.3223,1.5796,238
08164300,aifs,6,-0.0579,-0.0959,0.1200,0.7785,235
08164600,aifs,6,-2.8486,-2.8136,0.3925,4.6267,238
08165300,aifs,6,0.0719,-0.0820,0.4170,0.8646,238
08171300,aifs,6,-20.8658,-31.7074,0.3295,33.6046,238
08175000,aifs,6,0.0441,-0.3121,0.5401,0.1220,238
08176900,aifs,6,-6.7369,-5.0332,0.2967,6.7644,238
08178880,aifs,6,-0.0379,-0.4138,0.0968,0.2851,238
08189500,aifs,6,0.4484,0.2919,0.7271,0.6232,238
08190000,aifs,6,0.0745,-0.1048,0.2914,0.7178,238
08190500,aifs,6,0.7549,0.0191,0.9588,1.9534,232
08194200,aifs,6,0.0253,-0.3858,0.3240,0.2159,238
08195000,aifs,6,0.0875,-0.1496,0.4005,0.5241,238
08196000,aifs,6,0.0220,0.1344,0.3605,1.4746,226
08198500,aifs,6,0.0362,-0.2666,0.2085,0.3727,238
08200000,aifs,6,0.0083,-0.1600,0.2081,0.4597,238
08202700,aifs,6,-0.0108,-0.4635,0.0961,0.1676,237
08267500,aifs,6,-21.0897,-2.1751,0.6987,2.6141,238
08269000,aifs,6,-3.3966,-0.3459,0.7082,1.6944,238
08271000,aifs,6,-42.7806,-4.0504,0.7743,2.4392,238
08324000,aifs,6,0.1760,0.6013,0.7071,1.1194,238
08377900,aifs,6,-3.9000,-0.4616,0.4196,1.3037,238
08378500,aifs,6,-5.2442,-0.8603,0.6031,1.2951,230
08380500,aifs,6,-2.5693,-0.1340,0.4354,1.6047,238
09034900,aifs,6,0.1801,0.2302,0.8801,1.5711,234
09035900,aifs,6,0.5562,0.7489,0.8249,1.0872,204
09047700,aifs,6,-4.4635,-0.9462,0.8839,1.3975,236
09065500,aifs,6,0.7078,0.6372,0.9364,1.1400,238
09066000,aifs,6,-0.9236,0.1725,0.5877,1.1645,238
09066200,aifs,6,0.6902,0.6265,0.9244,1.2250,238
09066300,aifs,6,-0.3758,-0.0075,0.8034,1.7922,238
09081600,aifs,6,0.0979,0.5885,0.6211,1.0355,238
09107000,aifs,6,-1.2211,-0.0386,0.7155,1.2535,237
09210500,aifs,6,-1.4048,0.0978,0.7357,1.5426,211
09223000,aifs,6,-2.7229,-0.5346,0.8806,1.9711,177
09306242,aifs,6,-451.0499,-4.1202,0.8583,5.9643,236
09312600,aifs,6,-2.1499,-0.6213,0.4843,2.3965,238
09352900,aifs,6,-0.5257,0.3232,0.5936,1.2319,208
09378170,aifs,6,0.2549,0.2632,0.5414,1.3198,238
09378630,aifs,6,,,,,238
09386900,aifs,6,-1.8377,-0.1952,0.0127,1.5876,238
09404450,aifs,6,0.6872,0.7475,0.8547,0.8962,238
09430500,aifs,6,-1.0424,0.1285,0.5595,0.2672,238
09430600,aifs,6,0.1164,-0.0209,0.7175,0.2539,238
09447800,aifs,6,-2.3729,-0.6349,0.0693,2.0606,238
09480000,aifs,6,-0.4934,-3.6316,-0.0344,5.4934,238
09484000,aifs,6,-0.7197,-0.3615,0.1196,2.0364,213
09484600,aifs,6,-0.0516,-0.9445,0.3013,2.7551,237
09492400,aifs,6,-0.6114,0.3182,0.7062,1.5467,236
09494000,aifs,6,0.4395,0.7037,0.7073,1.0023,238
09497800,aifs,6,-0.1402,-0.6431,-0.2346,1.6230,238
09497980,aifs,6,-0.3798,0.1562,0.1766,0.9725,210
09505200,aifs,6,0.6423,0.7287,0.8065,1.1422,238
09505350,aifs,6,0.6312,0.4789,0.8064,1.4743,238
09505800,aifs,6,0.4839,0.6911,0.7773,1.1826,238
09508300,aifs,6,0.0108,0.2290,0.3534,0.7273,238
09510200,aifs,6,-2.3361,-1.0888,0.1021,2.7988,219
09512280,aifs,6,-0.0630,-0.9704,-0.1045,2.3654,238
09513780,aifs,6,-6.8527,-7.5310,0.1602,9.4889,237
10023000,aifs,6,-14.7405,-0.6513,0.0785,2.2275,238
10166430,aifs,6,-13307.7769,-89.9649,0.5589,72.4415,238
10172700,aifs,6,-29.8253,-0.2711,0.6433,2.0240,238
10172800,aifs,6,-9.6529,-0.8610,0.8084,2.3516,238
10173450,aifs,6,-0.3866,0.3931,0.4155,0.9949,238
10205030,aifs,6,-189.9360,-9.8611,-0.0200,2.3386,238
10234500,aifs,6,-0.0998,-0.2757,-0.0316,0.8530,234
10242000,aifs,6,-29.3827,-3.7062,0.4100,4.4905,238
10244950,aifs,6,-37.3318,-1.5312,0.7086,1.5630,238
10249300,aifs,6,-45.1254,-4.5843,0.5102,4.3272,237
10258000,aifs,6,,,,,66
10258500,aifs,6,0.1755,-0.0386,0.4741,0.4841,238
10259000,aifs,6,0.7596,0.6666,0.9029,1.0652,238
10259200,aifs,6,-7.1792,-5.4007,0.8439,6.9439,238
10263500,aifs,6,-0.3894,0.1622,0.8199,1.2523,238
10310500,aifs,6,-1.5260,0.1798,0.9108,1.7759,238
10316500,aifs,6,-0.3381,0.3340,0.6757,1.2370,238
10329500,aifs,6,0.2934,0.4547,0.8713,1.1998,238
10336645,aifs,6,0.5397,0.6969,0.7530,1.1321,224
10336660,aifs,6,0.5384,0.7211,0.7471,1.0273,238
10343500,aifs,6,0.6132,0.4854,0.8725,0.7869,238
10348850,aifs,6,-2.2448,0.0130,0.8206,1.7251,238
10396000,aifs,6,0.6184,0.7811,0.8506,1.1600,238
11098000,aifs,6,-0.0768,0.3916,0.6159,1.3943,238
11124500,aifs,6,-2.6263,-0.9361,0.8916,2.3929,238
11141280,aifs,6,0.3854,0.3099,0.6969,1.0254,238
11143000,aifs,6,0.4666,0.5389,0.6861,1.1077,238
11148900,aifs,6,0.3451,0.0249,0.8297,0.3853,238
11151300,aifs,6,0.0954,-0.0823,0.4397,0.6861,238
11162500,aifs,6,0.4210,0.2597,0.7527,0.6143,238
11176400,aifs,6,0.0003,-0.2178,0.1791,0.4621,144
11180500,aifs,6,-0.2291,0.0684,0.5524,1.7722,238
11180960,aifs,6,-0.9418,-0.5047,0.3687,2.3311,238
11224500,aifs,6,-0.0256,-0.7052,-0.0688,0.1064,238
11253310,aifs,6,-0.0210,-0.4530,0.1006,0.3210,238
11264500,aifs,6,-0.7283,0.1978,0.2019,0.9772,238
11266500,aifs,6,-0.6273,0.2874,0.3129,1.1079,238
11274500,aifs,6,-0.0507,-0.0990,0.1404,0.6687,238
11274630,aifs,6,-0.0687,0.0682,0.2040,0.8664,238
11284400,aifs,6,0.0235,-0.2652,0.2724,0.2324,238
11299600,aifs,6,-0.0168,-0.1341,0.1760,0.5392,235
11381500,aifs,6,0.4787,0.3474,0.8331,0.9906,238
11383500,aifs,6,0.5522,0.4342,0.8296,1.0452,238
11451100,aifs,6,0.5018,0.4454,0.7493,0.9575,106
11468500,aifs,6,0.3133,0.2012,0.7057,0.8232,238
11473900,aifs,6,0.4343,0.3020,0.8118,0.8755,238
11475560,aifs,6,0.4900,0.3959,0.7695,0.8929,238
11476600,aifs,6,0.7456,0.6051,0.9119,1.0588,237
11478500,aifs,6,0.7725,0.5432,0.9055,1.3405,238
11480390,aifs,6,0.4124,0.2964,0.7756,0.8944,238
11481200,aifs,6,0.6089,0.5405,0.8121,1.0863,238
11482500,aifs,6,0.7093,0.5718,0.8664,1.3109,238
11522500,aifs,6,0.2815,0.4273,0.6825,1.4759,238
11523200,aifs,6,-0.2552,0.1379,0.7086,1.7412,238
11528700,aifs,6,0.5557,0.4851,0.7849,1.1050,238
11532500,aifs,6,0.8783,0.7845,0.9478,1.0938,238
12010000,aifs,6,0.5296,0.4334,0.7949,0.6822,238
12013500,aifs,6,0.6250,0.6877,0.7951,0.8700,238
12020000,aifs,6,0.4211,0.3658,0.6992,0.6182,238
12025000,aifs,6,0.6171,0.7525,0.7918,1.0642,238
12025700,aifs,6,0.5988,0.5935,0.7881,0.8567,238
12035000,aifs,6,0.7550,0.7708,0.8757,0.8847,238
12040500,aifs,6,0.6077,0.6859,0.7931,0.8297,238
12041200,aifs,6,0.5865,0.7530,0.8286,0.8483,238
12043000,aifs,6,0.6886,0.6938,0.8461,0.8067,238
12048000,aifs,6,0.3922,0.5909,0.8756,1.2575,238
12054000,aifs,6,0.2066,0.4598,0.8290,1.3316,238
12056500,aifs,6,0.5417,0.7325,0.8197,0.8866,238
12073500,aifs,6,0.5194,0.7144,0.7511,1.0849,237
12082500,aifs,6,0.3703,0.3360,0.6399,0.9950,232
12092000,aifs,6,0.1683,0.1962,0.4165,0.9610,238
12095000,aifs,6,0.4955,0.4818,0.7237,0.8693,238
12114500,aifs,6,0.4979,0.4300,0.7560,1.0349,238
12115000,aifs,6,0.4803,0.4245,0.7357,1.0095,238
12115500,aifs,6,0.4201,0.3937,0.6743,0.8696,238
12117000,aifs,6,0.5784,0.5623,0.7758,0.9754,238
12141300,aifs,6,0.2907,0.3048,0.5446,1.0559,238
12143600,aifs,6,0.3852,0.3682,0.6445,1.1609,234
12144000,aifs,6,0.4930,0.4803,0.7195,0.9887,237
12145500,aifs,6,0.6876,0.6650,0.8399,0.8713,238
12147600,aifs,6,0.2524,0.3218,0.5066,0.9013,238
12167000,aifs,6,0.5683,0.6259,0.7649,1.1817,238
12175500,aifs,6,-0.0511,0.5204,0.5519,1.1258,238
12186000,aifs,6,0.4374,0.5423,0.6756,1.1462,235
12189500,aifs,6,0.5014,0.6179,0.7635,1.2555,237
12358500,aifs,6,0.6271,0.8017,0.8371,1.0469,238
12377150,aifs,6,0.5372,0.7627,0.7714,0.9364,238
12381400,aifs,6,0.3404,0.4992,0.8619,1.2296,205
12390700,aifs,6,0.4115,0.6209,0.6952,1.1828,238
12411000,aifs,6,0.7207,0.7158,0.8793,1.2525,227
12414500,aifs,6,0.6554,0.6884,0.8187,0.9114,238
12447390,aifs,6,-0.2125,-0.2499,0.2096,0.3594,238
12451000,aifs,6,0.4634,0.6753,0.8037,1.2203,238
12488500,aifs,6,0.5723,0.7091,0.7876,1.1611,238
13011500,aifs,6,0.7091,0.5908,0.9384,1.3099,238
13011900,aifs,6,0.7838,0.8008,0.9228,0.9656,238
13018300,aifs,6,-0.5336,-0.0387,0.9302,1.4881,238
13023000,aifs,6,0.5349,0.7655,0.8070,0.9086,196
13161500,aifs,6,0.6385,0.6657,0.8298,0.7873,238
13235000,aifs,6,0.5894,0.6559,0.7848,0.8885,236
13240000,aifs,6,0.7714,0.8588,0.8795,1.0021,159
13310700,aifs,6,0.5898,0.5044,0.9006,0.6749,238
13313000,aifs,6,0.6934,0.4847,0.9579,0.6442,238
13331500,aifs,6,0.4897,0.5357,0.9003,1.2163,238
13337000,aifs,6,0.6768,0.6958,0.8535,0.8286,238
13338500,aifs,6,0.8141,0.8740,0.9156,1.0884,238
13340000,aifs,6,0.4915,0.6256,0.7549,0.7910,238
13340600,aifs,6,0.5967,0.6126,0.8798,0.7083,238
14020000,aifs,6,0.3320,0.1796,0.8016,0.6217,238
14092750,aifs,6,0.7497,0.8006,0.8757,0.9065,238
14096850,aifs,6,-1.7123,0.1652,0.7410,0.4809,238
14137000,aifs,6,0.7467,0.6693,0.8862,1.0305,233
14138800,aifs,6,0.5655,0.5301,0.7725,0.8960,238
14138870,aifs,6,0.6684,0.6147,0.8376,0.8339,238
14138900,aifs,6,0.3183,0.3250,0.5752,0.8711,238
14139800,aifs,6,0.6947,0.6322,0.8511,0.8150,236
14141500,aifs,6,0.7280,0.6989,0.8627,0.8762,238
14154500,aifs,6,0.5951,0.7024,0.7782,1.1267,238
14158500,aifs,6,0.7763,0.6982,0.9227,1.0840,223
14158790,aifs,6,0.5611,0.6625,0.7500,1.0413,234
14166500,aifs,6,0.5180,0.4817,0.7458,0.9263,238
14182500,aifs,6,0.7287,0.7564,0.8573,0.8698,238
14185000,aifs,6,0.5259,0.7462,0.7873,1.1099,238
14185900,aifs,6,0.6041,0.7937,0.8077,1.0710,235
14187000,aifs,6,0.3927,0.6654,0.6959,1.1386,237
14216500,aifs,6,0.8377,0.8413,0.9174,1.0443,235
14222500,aifs,6,0.6413,0.5452,0.8466,0.9825,238
14236200,aifs,6,0.6495,0.5827,0.8335,0.8538,237
14301000,aifs,6,0.6716,0.6851,0.8238,0.9394,237
14303200,aifs,6,0.5535,0.4480,0.8157,0.9391,238
14305500,aifs,6,0.7101,0.6305,0.8683,0.9222,236
14306340,aifs,6,0.6042,0.4894,0.8289,0.7749,238
14306500,aifs,6,0.7544,0.6770,0.8894,0.9251,238
14308990,aifs,6,0.5424,0.4084,0.8423,0.9162,238
14309500,aifs,6,0.7406,0.7597,0.8626,0.9795,238
14316700,aifs,6,0.5606,0.6283,0.7508,1.0912,238
14325000,aifs,6,0.8238,0.9120,0.9129,0.9937,238
14362250,aifs,6,0.3184,0.1250,0.8366,0.5053,148
14400000,aifs,6,0.8577,0.7754,0.9312,0.8286,238
01013500,aifs,7,0.8911,0.8097,0.9544,0.8610,238
01022500,aifs,7,0.5949,0.7072,0.7779,1.1006,238
01030500,aifs,7,0.7216,0.7791,0.8956,1.1055,238
01031500,aifs,7,0.0997,0.5596,0.6510,1.1734,236
01047000,aifs,7,0.0760,0.5708,0.5909,1.0683,238
01052500,aifs,7,0.3637,0.4357,0.6187,0.7716,238
01054200,aifs,7,0.0728,0.1365,0.3933,0.5601,238
01055000,aifs,7,0.1402,0.5261,0.5339,1.0073,236
01057000,aifs,7,0.4225,0.7190,0.7468,1.0477,236
01073000,aifs,7,0.6142,0.6892,0.8669,1.1801,238
01078000,aifs,7,0.2554,0.4270,0.5656,0.7483,236
01118300,aifs,7,0.2356,0.4150,0.5477,0.7723,236
01121000,aifs,7,0.5929,0.7140,0.7929,1.1828,236
01123000,aifs,7,0.7108,0.6707,0.8574,0.9049,238
01134500,aifs,7,0.6397,0.7388,0.8089,0.8700,236
01137500,aifs,7,0.3416,0.5186,0.6222,0.8120,238
01139000,aifs,7,0.3395,0.6843,0.6932,0.9691,234
01139800,aifs,7,0.7122,0.8319,0.8570,1.0849,238
01142500,aifs,7,0.6005,0.7909,0.8032,0.9294,236
01144000,aifs,7,0.5921,0.7717,0.8342,0.9818,238
01169000,aifs,7,0.4126,0.6934,0.7132,1.1076,236
01170100,aifs,7,0.4414,0.7321,0.7427,0.9980,237
01181000,aifs,7,0.7025,0.7959,0.8635,1.1430,236
01187300,aifs,7,0.6131,0.6445,0.7864,1.1212,238
01195100,aifs,7,0.2764,0.3055,0.5490,0.8040,238
01333000,aifs,7,0.5475,0.6844,0.7461,0.9305,236
01350000,aifs,7,0.1029,0.1414,0.3585,0.7568,235
01350080,aifs,7,0.6520,0.6797,0.8172,0.8172,238
01350140,aifs,7,0.7034,0.7496,0.8619,0.7913,188
01365000,aifs,7,0.3237,0.3986,0.5800,0.8412,236
01411300,aifs,7,-0.0828,0.0575,0.2056,1.1632,229
01413500,aifs,7,0.3958,0.4240,0.6512,0.7981,236
01414500,aifs,7,0.0744,0.0862,0.3756,0.6145,236
01415000,aifs,7,0.3911,0.2783,0.7850,0.5836,193
01423000,aifs,7,0.4598,0.4177,0.7471,0.7052,238
01434025,aifs,7,0.1197,0.4693,0.5530,0.7207,238
01435000,aifs,7,0.2833,0.3535,0.5388,0.8666,237
01439500,aifs,7,0.5079,0.5536,0.7627,0.7670,236
01440000,aifs,7,0.4246,0.5667,0.6654,0.8876,238
01440400,aifs,7,0.5915,0.7012,0.7736,0.9240,212
01451800,aifs,7,0.2996,0.4222,0.5537,0.9679,236
01466500,aifs,7,-2.5929,-0.6976,0.8655,0.9906,236
01484100,aifs,7,-0.0384,0.4809,0.5431,1.2445,238
01485500,aifs,7,-2.3971,-0.4778,0.5884,2.0133,233
01486000,aifs,7,-0.3502,0.2350,0.6540,1.6541,238
01487000,aifs,7,0.5346,0.7678,0.7967,1.0337,238
01491000,aifs,7,0.6926,0.5553,0.8933,0.9660,238
01510000,aifs,7,0.6805,0.8090,0.8294,1.0105,238
01516500,aifs,7,0.2155,0.1898,0.5341,0.5933,238
01518862,aifs,7,0.2683,0.3656,0.5898,0.6549,238
01532000,aifs,7,0.3011,0.6571,0.6690,0.9229,236
01539000,aifs,7,0.2732,0.5826,0.6242,0.8395,220
01542810,aifs,7,0.1131,0.5151,0.5308,0.8962,236
01543000,aifs,7,0.2258,0.6097,0.6652,0.8275,238
01543500,aifs,7,0.4657,0.6500,0.7337,0.7957,236
01544500,aifs,7,0.4552,0.4604,0.7733,0.6438,238
01545600,aifs,7,0.4543,0.3862,0.7842,0.6388,238
01547700,aifs,7,-0.0013,0.0480,0.2381,0.8107,238
01548500,aifs,7,0.3838,0.3755,0.7236,0.6173,236
01549500,aifs,7,0.4743,0.5239,0.7374,0.7076,236
01550000,aifs,7,0.3977,0.4318,0.7059,0.6629,236
01552000,aifs,7,0.3758,0.5537,0.6624,0.7887,238
01552500,aifs,7,0.2763,0.6151,0.6444,0.8531,238
01557500,aifs,7,-0.0896,0.3070,0.3441,0.9161,238
01567500,aifs,7,0.0620,0.1999,0.3344,1.0228,238
01568000,aifs,7,0.2530,0.3901,0.5201,1.0803,238
01580000,aifs,7,0.1935,0.2732,0.4715,0.8844,234
01583500,aifs,7,0.2158,0.2657,0.5288,0.8101,238
01586610,aifs,7,0.2491,0.3225,0.5707,0.7664,204
01591400,aifs,7,0.1751,0.1548,0.4259,0.9466,238
01596500,aifs,7,0.1604,0.1379,0.4408,0.6947,236
01605500,aifs,7,0.2920,0.4266,0.5583,1.1053,236
01606500,aifs,7,0.3520,0.3554,0.6375,0.7411,211
01613050,aifs,7,0.2265,0.3122,0.4811,1.0225,238
01620500,aifs,7,0.3597,0.2859,0.7035,0.5119,236
01632000,aifs,7,0.2231,0.2616,0.4884,0.7785,236
01632900,aifs,7,0.2102,0.4931,0.5348,0.9488,236
01634500,aifs,7,0.1549,0.2264,0.4143,0.8707,221
01638480,aifs,7,-0.4455,0.0637,0.4124,1.7162,233
01639500,aifs,7,0.2268,0.3436,0.4899,1.0648,238
01644000,aifs,7,-0.2040,0.1588,0.5640,1.7045,238
01658500,aifs,7,-0.2403,0.1757,0.2146,0.9986,207
01664000,aifs,7,0.2881,0.2952,0.5666,0.8358,238
01666500,aifs,7,0.4323,0.4578,0.6636,0.9836,223
01667500,aifs,7,0.4443,0.5267,0.6674,1.0285,216
01669000,aifs,7,0.4404,0.5290,0.6642,0.9801,213
01669520,aifs,7,-1.5910,-0.0528,0.6495,1.7145,236
02011400,aifs,7,0.3155,0.5617,0.6136,1.1309,238
02011460,aifs,7,0.3763,0.4719,0.6277,0.8103,238
02013000,aifs,7,0.1735,0.3387,0.4557,1.0879,238
02014000,aifs,7,-0.0175,0.4663,0.4683,0.9966,237
02015700,aifs,7,0.5487,0.6757,0.7431,0.9902,220
02016000,aifs,7,0.5574,0.5843,0.7551,0.8731,237
02017500,aifs,7,0.1137,0.5747,0.6653,1.1307,236
02018000,aifs,7,0.3362,0.6581,0.6711,1.0933,231
02027000,aifs,7,0.5533,0.6630,0.7905,0.7490,218
02027500,aifs,7,0.5805,0.5124,0.8534,0.6113,221
02028500,aifs,7,0.4897,0.4858,0.7415,0.8054,213
02038850,aifs,7,0.1057,0.1882,0.4130,0.7344,236
02046000,aifs,7,0.2695,0.3610,0.5854,1.3790,228
02051000,aifs,7,0.0386,0.0297,0.2528,0.8467,238
02051500,aifs,7,0.1292,0.3407,0.4321,1.0557,236
02053200,aifs,7,-0.9537,0.1029,0.3533,1.5270,210
02053800,aifs,7,0.2531,0.3315,0.5242,0.8586,219
02055100,aifs,7,0.3789,0.5806,0.6440,1.0977,236
02056900,aifs,7,0.3904,0.5442,0.6607,0.8296,212
02059500,aifs,7,0.2983,0.5661,0.6449,0.7804,207
02064000,aifs,7,0.2377,0.2433,0.5445,0.6895,226
02065500,aifs,7,0.2352,0.2863,0.6585,0.6087,236
02069700,aifs,7,0.1007,0.3681,0.4547,1.1448,210
02070000,aifs,7,0.0465,0.3084,0.3966,1.1360,236
02074500,aifs,7,0.0008,0.3547,0.3937,1.0471,238
02077200,aifs,7,0.2691,0.5168,0.5663,1.0461,233
02081500,aifs,7,-0.1887,0.0330,0.1616,1.2847,238
02082950,aifs,7,-0.5553,0.1738,0.5789,1.5501,238
02092500,aifs,7,-4.0425,-0.8713,0.2130,2.3558,238
02096846,aifs,7,-0.4763,-0.0105,0.0963,1.3949,238
02102908,aifs,7,0.0713,0.1932,0.3434,0.9199,238
02108000,aifs,7,0.5331,0.7035,0.7597,1.1571,238
02111180,aifs,7,-0.1056,-0.0897,0.0805,0.9974,238
02111500,aifs,7,-0.2817,0.1609,0.1971,0.9603,236
02118500,aifs,7,-0.4711,0.3300,0.3396,1.0523,238
02128000,aifs,7,-0.3332,-0.4650,0.4665,2.3644,238
02137727,aifs,7,-0.1999,0.0590,0.1451,0.9531,238
02140991,aifs,7,-0.2185,0.0648,0.1504,1.0988,238
02143000,aifs,7,-1.4853,0.1546,0.3568,1.2761,238
02143040,aifs,7,-0.8865,0.2650,0.4236,0.9722,236
02149000,aifs,7,-0.0682,0.0843,0.2076,1.0067,238
02152100,aifs,7,-0.5342,0.2968,0.3041,1.0417,238
02177000,aifs,7,0.2396,0.2334,0.5031,1.0449,236
02178400,aifs,7,0.3420,0.5438,0.6121,0.9563,236
02193340,aifs,7,-1.6891,-0.0410,0.1483,1.4132,238
02196000,aifs,7,0.0169,-0.1668,0.2342,0.4774,238
02198100,aifs,7,-0.1247,-0.0740,0.1102,1.2439,237
02202600,aifs,7,-0.6527,-0.1458,0.2269,1.8169,238
02212600,aifs,7,-0.1904,0.0509,0.1414,1.0572,236
02215100,aifs,7,-0.0226,-0.1683,0.1513,0.6671,238
02216180,aifs,7,-0.0692,-0.4677,-0.0677,0.4487,236
02221525,aifs,7,-0.0355,0.2187,0.3046,1.0870,236
02231000,aifs,7,-2.5642,-0.4646,0.5188,1.8429,238
02231342,aifs,7,-1.8492,-0.1972,0.4782,1.7415,238
02235200,aifs,7,-0.1005,0.4800,0.5118,1.1731,237
02245500,aifs,7,-4.4402,-0.7598,0.5467,1.4410,238
02246000,aifs,7,-2.4630,-0.2306,0.4728,1.0736,236
02296500,aifs,7,0.3212,-0.1318,0.8609,2.1022,227
02297155,aifs,7,0.0311,-0.1564,0.6302,0.2578,237
02297310,aifs,7,0.4645,0.4665,0.7057,0.7138,228
02298123,aifs,7,0.3633,0.1979,0.7388,0.4917,238
02298608,aifs,7,0.2422,0.5750,0.6137,1.1714,238
02299950,aifs,7,0.0921,0.4044,0.4872,0.7458,238
02300700,aifs,7,0.3176,0.1531,0.6872,0.5423,238
02310947,aifs,7,-0.7446,-2.0544,-0.2953,3.6737,238
02312200,aifs,7,-19.8896,-4.2071,0.2768,6.1456,238
02314500,aifs,7,-0.1510,-0.2050,0.1733,0.5833,238
02315500,aifs,7,-0.3296,-0.6563,-0.2879,0.4429,238
02324400,aifs,7,-0.2052,-1.0284,-0.5320,0.1148,238
02327100,aifs,7,-1.9898,-0.6971,0.6292,2.3948,236
02349900,aifs,7,0.1175,0.0954,0.3454,0.9313,238
02350900,aifs,7,0.2039,0.3906,0.7017,0.6580,238
02361000,aifs,7,0.3623,0.5213,0.7066,0.7005,238
02363000,aifs,7,0.2017,0.0064,0.7994,0.3719,236
02369800,aifs,7,0.2043,0.0029,0.7266,0.4921,237
02371500,aifs,7,0.1905,0.0713,0.6181,0.7486,238
02372250,aifs,7,0.2966,0.1752,0.7446,0.7901,236
02374500,aifs,7,0.4297,0.3615,0.7193,0.7795,238
02381600,aifs,7,0.0661,0.0837,0.2900,0.9722,237
02384540,aifs,7,0.0756,0.0468,0.4116,0.7335,238
02395120,aifs,7,-0.5960,0.3195,0.3481,1.0065,238
02408540,aifs,7,-0.0547,0.2930,0.3403,0.9504,238
02415000,aifs,7,0.0440,0.2621,0.3563,0.9591,228
02422500,aifs,7,-0.3578,0.3965,0.4836,1.2464,221
02427250,aifs,7,0.4269,0.5550,0.6803,1.2643,238
02430085,aifs,7,-0.3958,0.1230,0.1740,1.2259,238
02450250,aifs,7,0.1415,0.1435,0.3786,0.9538,236
02464000,aifs,7,0.2502,0.3349,0.5056,0.8999,238
02465493,aifs,7,0.3362,0.4809,0.6012,1.1151,235
02469800,aifs,7,0.5497,0.4442,0.7945,0.6258,236
02472000,aifs,7,0.4056,0.2392,0.7601,0.6070,238
02472500,aifs,7,0.2936,0.4673,0.6173,0.6731,238
02479155,aifs,7,0.4259,0.2175,0.8323,0.6375,238
02479300,aifs,7,0.3161,0.0585,0.8084,0.4518,238
02481000,aifs,7,0.2763,-0.0595,0.8144,0.2947,238
02481510,aifs,7,0.3264,0.0184,0.8697,0.3664,238
03010655,aifs,7,0.3864,0.5301,0.6957,0.6980,209
03011800,aifs,7,0.1339,0.4529,0.5258,0.7898,238
03015500,aifs,7,0.2434,0.6457,0.6869,0.9793,238
03021350,aifs,7,0.1778,0.5512,0.5943,0.8083,236
03026500,aifs,7,0.1052,0.4893,0.5160,0.8713,238
03028000,aifs,7,0.1541,0.5236,0.6243,0.7095,236
03049800,aifs,7,0.1180,0.0812,0.4215,0.6218,236
03050000,aifs,7,0.1547,0.3803,0.4681,0.8758,236
03066000,aifs,7,0.3142,0.3637,0.6180,0.6848,238
03069500,aifs,7,0.2305,0.3388,0.5410,0.7011,236
03070500,aifs,7,0.0980,0.5857,0.6032,0.9878,236
03076600,aifs,7,0.1270,0.2009,0.4668,0.6318,238
03078000,aifs,7,-0.0194,0.0714,0.2847,0.6691,238
03140000,aifs,7,0.1873,0.2486,0.4427,0.8605,236
03144000,aifs,7,-0.4515,0.2259,0.2284,1.0093,238
03159540,aifs,7,0.0158,0.1988,0.3219,0.8343,238
03161000,aifs,7,-0.0251,0.1182,0.2855,0.8496,238
03164000,aifs,7,0.2278,0.5065,0.5881,0.8446,238
03165000,aifs,7,-0.1278,0.0262,0.1610,0.8733,221
03170000,aifs,7,0.2999,0.4105,0.5832,0.8451,238
03173000,aifs,7,0.2849,0.5619,0.6023,0.8759,236
03180500,aifs,7,0.3445,0.4399,0.5965,0.8457,222
03182500,aifs,7,0.4119,0.6096,0.6599,0.9640,236
03186500,aifs,7,0.3384,0.5190,0.6055,0.8827,236
03187500,aifs,7,0.3694,0.6327,0.6715,0.8517,235
03213700,aifs,7,0.0023,0.5164,0.5317,1.1115,238
03237280,aifs,7,0.1395,0.1836,0.4155,0.6790,238
03237500,aifs,7,0.0030,0.3335,0.3799,1.0033,236
03241500,aifs,7,-0.0900,-0.0159,0.1838,0.6732,225
03280700,aifs,7,-0.7444,0.2928,0.3809,0.8801,213
03281100,aifs,7,-0.5287,0.3670,0.4405,0.9382,236
03281500,aifs,7,-0.2591,0.4540,0.5084,0.9262,223
03285000,aifs,7,-0.7021,-0.0624,0.3621,1.8289,235
03291780,aifs,7,-0.1400,-0.0717,0.0860,0.8309,238
03300400,aifs,7,-0.0707,0.0422,0.1825,0.9422,238
03340800,aifs,7,-0.4201,0.2238,0.2322,0.9196,190
03346000,aifs,7,-0.1391,-0.0418,0.2062,0.4880,238
03364500,aifs,7,-0.0504,-0.2042,0.1329,0.5223,238
03366500,aifs,7,-0.1176,-0.0366,0.1454,0.6930,238
03368000,aifs,7,-0.0891,-0.2108,0.0691,0.5836,238
03384450,aifs,7,0.0588,-0.1328,0.2588,0.5851,238
03439000,aifs,7,-0.1871,-0.2533,0.0490,0.6544,236
03450000,aifs,7,-0.0058,-0.0817,0.2107,0.8014,238
03455500,aifs,7,-0.2362,0.1883,0.3051,0.7062,236
03456500,aifs,7,-0.2554,-0.0969,0.0546,0.7865,236
03460000,aifs,7,-0.4370,0.2741,0.5043,0.6118,238
03463300,aifs,7,-0.1456,0.1621,0.2427,0.8653,238
03471500,aifs,7,0.4504,0.5980,0.8081,0.7022,236
03473000,aifs,7,0.1162,0.4399,0.5885,0.7022,238
03479000,aifs,7,-0.1365,0.2888,0.3255,0.9037,236
03488000,aifs,7,0.4106,0.4709,0.6906,0.7221,238
03498500,aifs,7,-0.1460,0.2523,0.3466,0.7489,238
03500000,aifs,7,0.2527,0.5978,0.6813,0.8315,236
03504000,aifs,7,-0.1380,0.3741,0.4325,0.8446,236
03574500,aifs,7,0.1019,0.0481,0.3870,0.6011,238
03604000,aifs,7,-0.1168,-0.2353,0.0074,0.7772,236
04015330,aifs,7,0.3511,0.2280,0.6225,0.5514,197
04024430,aifs,7,0.6436,0.5037,0.8461,0.6475,238
04027000,aifs,7,0.4737,0.4257,0.7206,0.7034,238
04040500,aifs,7,0.8118,0.7592,0.9076,0.8794,238
04043050,aifs,7,0.7896,0.8164,0.8909,0.8995,182
04045500,aifs,7,0.8732,0.7874,0.9504,0.7987,234
04056500,aifs,7,0.5311,0.4354,0.8220,0.7095,229
04057510,aifs,7,0.8585,0.6608,0.9669,0.7588,158
04057800,aifs,7,0.7843,0.6011,0.9164,0.7128,238
04059500,aifs,7,0.8411,0.7461,0.9341,0.9595,238
04063700,aifs,7,0.6787,0.4090,0.9404,0.5949,238
04074950,aifs,7,0.6018,0.5108,0.8944,0.7399,238
04105700,aifs,7,0.5606,0.5433,0.7919,0.9088,238
04115265,aifs,7,0.4406,0.3758,0.7222,0.9270,238
04122200,aifs,7,0.4702,0.4385,0.7481,0.8322,238
04122500,aifs,7,0.7169,0.6652,0.8820,0.9001,236
04124000,aifs,7,0.7484,0.6625,0.8902,0.9919,238
04127997,aifs,7,0.3689,0.3562,0.6649,0.8942,201
04185000,aifs,7,0.5593,0.5489,0.7648,0.7890,215
04196800,aifs,7,0.2862,0.2505,0.5569,0.6400,238
04197100,aifs,7,0.3063,0.3974,0.5558,0.9290,238
04197170,aifs,7,-0.0198,0.1008,0.2659,0.7326,238
04213000,aifs,7,-0.0127,0.5326,0.5493,1.0599,236
04213075,aifs,7,0.0798,0.2541,0.3832,0.8360,234
04216418,aifs,7,0.3809,0.6294,0.6537,1.0168,238
04221000,aifs,7,0.1549,0.2798,0.5527,0.5857,238
04224775,aifs,7,0.1664,0.1971,0.5232,0.5624,236
04256000,aifs,7,0.5709,0.7118,0.8294,1.1816,236
04296000,aifs,7,0.4102,0.6444,0.6780,0.9046,236
05057000,aifs,7,-1.1190,0.0777,0.5685,0.5025,160
05057200,aifs,7,0.5165,0.7193,0.7374,1.0125,237
05062500,aifs,7,0.6281,0.7437,0.8000,0.9034,199
05087500,aifs,7,0.4023,0.4635,0.6367,0.8893,238
05120500,aifs,7,-10.0112,-1.4894,-0.0625,3.1906,210
05123400,aifs,7,-0.3916,-0.6523,-0.0184,0.1576,238
05129115,aifs,7,-0.8334,-0.8962,-0.2632,0.0000,238
05131500,aifs,7,0.0979,-0.0039,0.6558,0.4253,142
05291000,aifs,7,-0.2904,0.2950,0.3663,0.6940,238
05362000,aifs,7,0.5738,0.6161,0.7715,0.7878,237
05393500,aifs,7,0.5198,0.6136,0.7332,0.8105,238
05399500,aifs,7,-0.0060,0.3363,0.3931,0.8347,236
05408000,aifs,7,0.0811,0.0412,0.3656,0.8125,237
05412500,aifs,7,0.1154,0.2145,0.5441,0.6330,238
05413500,aifs,7,-0.1380,0.1300,0.3826,0.7435,208
05414000,aifs,7,-0.0934,0.1156,0.6760,0.5822,204
05444000,aifs,7,0.0633,0.1445,0.4666,0.6182,236
05454000,aifs,7,0.0940,0.0743,0.4901,0.5378,238
05458000,aifs,7,-0.0464,-0.1233,0.1704,0.6437,238
05466500,aifs,7,0.0616,-0.0194,0.3106,0.6719,236
05487980,aifs,7,-0.0363,-0.1294,0.1731,0.5331,236
05488200,aifs,7,0.0084,-0.2713,0.2355,0.3140,236
05489000,aifs,7,-0.0292,-0.3747,0.1200,0.3115,236
05495000,aifs,7,-0.2349,0.1613,0.2059,0.9662,236
05495500,aifs,7,-0.0414,-0.1208,0.1926,0.4854,232
05501000,aifs,7,0.0115,-0.2521,0.1825,0.4487,236
05503800,aifs,7,-0.0396,0.0241,0.2138,0.7157,238
05507600,aifs,7,-0.3655,0.3299,0.3367,1.0909,238
05508805,aifs,7,-0.3477,0.2186,0.4765,1.5430,236
05514500,aifs,7,0.0051,0.2303,0.3320,0.8436,236
05525500,aifs,7,0.3262,0.3797,0.5732,0.9020,236
05556500,aifs,7,-0.0672,-0.2194,0.2453,0.4181,238
05584500,aifs,7,0.1908,0.0208,0.6480,0.4506,236
05585000,aifs,7,0.2001,0.0731,0.6146,0.4644,238
05591550,aifs,7,-0.0269,0.0024,0.2131,0.7203,236
05592050,aifs,7,-0.1283,-0.0167,0.1594,0.6771,222
05592575,aifs,7,-0.0950,-0.0206,0.1795,0.6329,236
05593575,aifs,7,-0.0848,0.3713,0.4226,1.2392,238
05593900,aifs,7,-0.1734,0.0038,0.1480,0.6984,236
05595730,aifs,7,-0.2498,0.3712,0.4010,1.1871,238
06037500,aifs,7,-2.3113,0.3853,0.8569,1.2921,238
06043500,aifs,7,0.3705,0.3707,0.9625,1.3409,238
06154410,aifs,7,-0.6619,0.0625,0.1085,0.7263,238
06188000,aifs,7,0.8681,0.8950,0.9430,0.9957,238
06191500,aifs,7,0.7069,0.6520,0.9379,1.1273,238
06221400,aifs,7,0.8321,0.8732,0.9284,1.0450,238
06224000,aifs,7,0.6976,0.8411,0.8517,1.0566,238
06289000,aifs,7,0.3002,0.6022,0.6517,0.8549,238
06332515,aifs,7,0.2357,0.4245,0.5170,0.9375,118
06339100,aifs,7,-0.0537,0.3043,0.5086,1.4920,174
06339500,aifs,7,-0.0695,0.0955,0.6765,0.2837,167
06344600,aifs,7,-1.8460,-1.4208,0.4797,3.3536,177
06350000,aifs,7,-2.2248,-0.4350,0.4964,2.1599,238
06352000,aifs,7,-0.0137,-0.1027,0.5092,1.3306,237
06353000,aifs,7,-0.0035,-0.1165,0.5101,0.8053,236
06354000,aifs,7,0.3631,0.3016,0.8034,0.4916,173
06360500,aifs,7,0.1190,0.1384,0.5271,1.5421,139
06404000,aifs,7,-4.0107,-0.4658,-0.1366,1.4568,205
06406000,aifs,7,-166.2583,-3.7721,0.8991,5.7255,180
06408700,aifs,7,-1640.1102,-4.0187,0.1935,1.5104,238
06409000,aifs,7,-1.2289,0.6423,0.8984,1.2501,193
06431500,aifs,7,-1.2368,0.4044,0.4269,1.0940,227
06440200,aifs,7,-0.0438,-0.4529,0.5019,0.0386,160
06441500,aifs,7,-0.7543,-1.2351,0.1910,2.8943,177
06447000,aifs,7,-0.0652,-0.1039,0.1801,0.5230,140
06447500,aifs,7,-0.0928,-0.0582,0.5650,0.6931,238
06450500,aifs,7,0.0509,-0.1015,0.3601,1.0500,208
06452000,aifs,7,0.0062,-0.3096,0.1211,1.0035,175
06453600,aifs,7,-0.3014,-0.2300,0.2782,1.7189,235
06464500,aifs,7,0.0585,0.3435,0.4136,1.0831,175
06477500,aifs,7,-10.2485,-2.3421,0.1689,3.4751,237
06479215,aifs,7,-0.1583,-0.2758,0.0172,0.5586,238
06479438,aifs,7,-0.1438,-0.5360,0.0171,0.2174,238
06601000,aifs,7,-0.2622,-0.2300,-0.0606,0.8162,238
06614800,aifs,7,0.7796,0.6211,0.9366,1.3444,238
06622700,aifs,7,-0.2980,0.1600,0.7614,1.6165,238
06623800,aifs,7,0.8184,0.9065,0.9116,0.9794,238
06632400,aifs,7,-0.3274,0.3188,0.4584,1.3913,238
06784000,aifs,7,-0.8362,-0.3234,-0.0518,1.3063,238
06803510,aifs,7,0.1181,-0.0665,0.4400,0.6115,238
06803530,aifs,7,-0.0887,-0.2153,0.0257,0.7666,238
06814000,aifs,7,-0.1855,-0.2764,-0.0070,0.4901,238
06846500,aifs,7,-0.0096,-0.4728,-0.0601,1.3789,238
06847900,aifs,7,-0.0216,-0.3216,0.0501,1.3044,238
06853800,aifs,7,-1.0027,-0.3005,-0.0292,1.7762,238
06876700,aifs,7,0.0939,-0.1417,0.4708,0.3011,238
06878000,aifs,7,0.0302,-0.2083,0.2439,0.4188,238
06879650,aifs,7,0.0129,-0.2995,0.2917,0.3213,237
06885500,aifs,7,0.0191,-0.3002,0.3156,0.2886,238
06888500,aifs,7,-0.0243,-0.4421,0.1265,0.2981,238
06889200,aifs,7,-0.0281,-0.2005,0.1545,0.4741,238
06889500,aifs,7,0.0663,-0.1220,0.2884,0.5303,238
06892000,aifs,7,0.0119,-0.1952,0.2613,0.3869,238
06903400,aifs,7,-0.0307,-0.4595,0.2691,0.1201,238
06906800,aifs,7,0.1839,-0.0470,0.5149,0.3886,238
06910800,aifs,7,0.0143,-0.2674,0.2193,0.4316,238
06911900,aifs,7,0.0507,-0.2208,0.3107,0.3823,238
06917000,aifs,7,0.1194,-0.1036,0.4464,0.3394,238
06918460,aifs,7,0.2457,0.3264,0.5015,0.9189,238
06919500,aifs,7,-0.0179,0.0031,0.3135,0.4510,238
06921070,aifs,7,0.1010,-0.0264,0.3660,0.5787,238
06921200,aifs,7,0.0153,-0.2945,0.3330,0.2720,238
06934000,aifs,7,0.1829,0.2321,0.5457,0.6236,237
07014500,aifs,7,0.0699,-0.0889,0.3550,0.6198,238
07056000,aifs,7,0.0791,0.2515,0.3794,0.8286,238
07057500,aifs,7,0.1319,0.1485,0.4316,0.8078,230
07060710,aifs,7,-0.0001,-0.3953,0.0259,1.0505,238
07066000,aifs,7,0.1962,0.1742,0.5218,0.7788,238
07067000,aifs,7,0.1310,0.3325,0.7088,0.5647,238
07068000,aifs,7,0.2477,0.3450,0.6626,0.7681,237
07071500,aifs,7,-0.0353,0.4380,0.5642,0.7994,238
07083000,aifs,7,-1.5185,-0.3947,0.8921,1.7406,238
07142300,aifs,7,-8.1757,-4.9908,-0.0965,6.8298,238
07145700,aifs,7,-0.0288,-0.6786,-0.0572,0.1270,238
07148400,aifs,7,-0.2151,0.4337,0.6806,1.3677,238
07149000,aifs,7,-0.0108,0.4277,0.5967,1.4013,238
07151500,aifs,7,-0.0348,-0.5334,-0.0471,0.3840,238
07167500,aifs,7,-0.0140,-0.4021,0.0312,1.4965,238
07180500,aifs,7,-0.0052,-0.2296,0.1336,0.6149,238
07184000,aifs,7,-0.0608,-0.4661,0.0154,0.2863,236
07195800,aifs,7,-0.3719,0.2584,0.2748,0.8586,236
07196900,aifs,7,-0.0279,0.1804,0.2841,1.0911,237
07197000,aifs,7,-0.1605,0.3166,0.3326,0.9900,238
07208500,aifs,7,0.0995,0.5236,0.7387,1.0730,238
07226500,aifs,7,-0.0048,-0.5040,0.0730,0.2604,236
07261000,aifs,7,-0.1348,0.1842,0.4125,1.5552,236
07263295,aifs,7,-1.2274,-1.4727,0.1009,3.3028,236
07290650,aifs,7,-0.0366,0.0360,0.2684,0.6182,238
07291000,aifs,7,-0.2725,-0.2297,0.0864,0.3813,238
07292500,aifs,7,0.0440,0.1394,0.3120,0.8168,238
07295000,aifs,7,0.0725,-0.0040,0.3099,0.6341,238
07299670,aifs,7,-0.3001,-0.3534,0.0066,1.7756,228
07301410,aifs,7,-0.3095,-0.2419,-0.0695,0.7409,227
07301500,aifs,7,-0.1812,-0.5702,0.0360,1.7706,200
07315200,aifs,7,-1.0409,-0.2301,-0.0018,1.7137,161
07315700,aifs,7,-5.9905,-1.8390,-0.0309,3.2741,218
07335700,aifs,7,-0.0608,-0.0939,0.1933,0.5320,229
07340300,aifs,7,-0.2736,0.3646,0.3646,1.0009,238
07346045,aifs,7,-1.3205,0.0504,0.2077,0.5317,238
07359610,aifs,7,-0.4662,0.0061,0.2892,1.6902,238
07362100,aifs,7,-0.5781,-0.0231,0.5806,1.8664,238
07362587,aifs,7,-1.2988,-0.7292,0.1059,2.4710,236
07373000,aifs,7,-0.1506,-0.1923,0.1026,0.5646,234
07375000,aifs,7,0.2292,0.1149,0.5282,0.5414,238
07376000,aifs,7,0.1386,0.2895,0.4599,0.7015,238
08013000,aifs,7,0.4222,0.2669,0.7705,0.6168,238
08014500,aifs,7,0.2160,0.1003,0.6299,0.5534,238
08023080,aifs,7,-0.2308,-0.3720,0.0917,1.9079,238
08025500,aifs,7,0.0825,-0.0599,0.3040,0.7146,238
08029500,aifs,7,0.1238,0.0880,0.3580,1.1037,238
08050800,aifs,7,0.0202,-0.1195,0.1874,0.7125,237
08066200,aifs,7,0.0034,-0.3574,0.1386,0.3706,238
08066300,aifs,7,-0.0322,-0.5422,0.0700,0.1664,238
08070000,aifs,7,-1.0966,0.1194,0.3138,1.3948,238
08070200,aifs,7,-0.2500,0.2342,0.2603,0.9131,238
08079600,aifs,7,-6.6262,-3.7077,0.1385,5.3336,194
08082700,aifs,7,-0.0150,-0.4616,-0.0381,0.5499,224
08086212,aifs,7,0.0053,-0.2701,0.0882,1.1835,238
08086290,aifs,7,-0.1386,-0.9095,0.1403,2.6346,238
08101000,aifs,7,-3.5666,-0.6707,0.1987,2.0338,238
08103900,aifs,7,0.1071,0.0595,0.3367,0.7753,238
08104900,aifs,7,-0.1177,-0.2011,0.0842,0.5271,238
08109700,aifs,7,-0.0791,0.1196,0.2249,0.9561,222
08150800,aifs,7,0.0008,-0.4700,0.0763,0.3673,238
08155200,aifs,7,-0.2880,-0.8453,0.2879,2.6643,238
08158700,aifs,7,-3.9790,-7.4948,0.1704,9.4234,238
08158810,aifs,7,0.0131,0.0103,0.2174,1.0825,238
08164000,aifs,7,-0.8757,0.0801,0.2004,1.4294,238
08164300,aifs,7,-0.1364,-0.1389,0.0433,0.8063,235
08164600,aifs,7,-1.8372,-2.1143,0.2640,3.9760,238
08165300,aifs,7,0.0090,-0.3025,0.1240,0.8399,238
08171300,aifs,7,-20.9615,-31.7821,0.1850,33.6874,238
08175000,aifs,7,-0.1012,-0.4380,0.1104,0.1321,238
08176900,aifs,7,-13.1005,-5.6776,0.2022,7.0934,238
08178880,aifs,7,-0.0186,-0.3501,0.1526,0.3033,238
08189500,aifs,7,0.2522,0.0394,0.6190,0.4748,238
08190000,aifs,7,0.0088,-0.2538,0.1198,0.6708,238
08190500,aifs,7,0.6492,0.0515,0.9016,1.9265,232
08194200,aifs,7,0.0159,-0.4174,0.2970,0.1941,238
08195000,aifs,7,0.0341,-0.2738,0.2443,0.4937,238
08196000,aifs,7,0.0355,0.1214,0.3369,1.4069,226
08198500,aifs,7,0.0198,-0.3904,0.3020,0.2599,238
08200000,aifs,7,-0.0117,-0.2420,0.1622,0.4075,238
08202700,aifs,7,-0.0167,-0.6278,0.0112,0.0773,237
08267500,aifs,7,-20.8432,-2.1519,0.6998,2.6076,238
08269000,aifs,7,-3.4125,-0.3495,0.7083,1.6955,238
08271000,aifs,7,-42.2607,-4.0175,0.7754,2.4318,238
08324000,aifs,7,0.1609,0.5942,0.7052,1.1211,238
08377900,aifs,7,-3.9714,-0.4744,0.4102,1.2996,238
08378500,aifs,7,-5.2711,-0.8650,0.6039,1.2969,230
08380500,aifs,7,-2.6056,-0.1428,0.4332,1.6032,238
09034900,aifs,7,0.1711,0.2247,0.8800,1.5739,234
09035900,aifs,7,0.5536,0.7457,0.8253,1.0903,204
09047700,aifs,7,-4.5517,-0.9615,0.8833,1.4018,236
09065500,aifs,7,0.7127,0.6370,0.9383,1.1419,238
09066000,aifs,7,-0.9427,0.1632,0.5898,1.1723,238
09066200,aifs,7,0.6958,0.6256,0.9268,1.2274,238
09066300,aifs,7,-0.3984,-0.0184,0.8027,1.8002,238
09081600,aifs,7,0.0933,0.5866,0.6217,1.0391,238
09107000,aifs,7,-1.2441,-0.0486,0.7180,1.2590,237
09210500,aifs,7,-1.4076,0.0976,0.7351,1.5429,211
09223000,aifs,7,-2.7245,-0.5347,0.8805,1.9716,177
09306242,aifs,7,-451.0768,-4.1202,0.8583,5.9645,236
09312600,aifs,7,-2.1479,-0.6165,0.4821,2.3900,238
09352900,aifs,7,-0.5210,0.3234,0.5964,1.2321,208
09378170,aifs,7,0.2544,0.2634,0.5409,1.3195,238
09378630,aifs,7,,,,,238
09386900,aifs,7,-5.1082,-0.7426,0.0067,1.7315,238
09404450,aifs,7,0.7051,0.7618,0.8632,0.9001,238
09430500,aifs,7,-1.1653,0.0794,0.4919,0.2586,238
09430600,aifs,7,0.0809,-0.0612,0.7535,0.2385,238
09447800,aifs,7,-2.3727,-0.6345,0.0699,2.0606,238
09480000,aifs,7,-0.4416,-3.4411,-0.0219,5.2974,238
09484000,aifs,7,-0.5371,-0.2914,0.1586,1.9703,213
09484600,aifs,7,0.0504,-0.9520,0.4563,2.8516,237
09492400,aifs,7,-0.4927,0.3530,0.7134,1.5245,236
09494000,aifs,7,0.4008,0.6945,0.6951,1.0013,238
09497800,aifs,7,-0.1402,-0.6432,-0.2348,1.6230,238
09497980,aifs,7,-0.6588,0.1536,0.1539,0.9911,210
09505200,aifs,7,0.5913,0.6644,0.7699,1.0912,238
09505350,aifs,7,0.5038,0.5248,0.7151,1.3068,238
09505800,aifs,7,0.3251,0.6387,0.7084,1.1770,238
09508300,aifs,7,-0.9842,0.1853,0.2382,0.8696,238
09510200,aifs,7,-2.4115,-1.1288,0.1019,2.8380,219
09512280,aifs,7,-0.0630,-0.9706,-0.1044,2.3658,238
09513780,aifs,7,-6.8540,-7.5316,0.1602,9.4896,237
10023000,aifs,7,-14.8194,-0.6599,0.0781,2.2281,238
10166430,aifs,7,-13302.0574,-89.9595,0.5592,72.4076,238
10172700,aifs,7,-29.5860,-0.2521,0.6452,2.0210,238
10172800,aifs,7,-9.6814,-0.8651,0.8079,2.3526,238
10173450,aifs,7,-0.3905,0.3919,0.4145,0.9961,238
10205030,aifs,7,-191.2728,-9.8972,-0.0196,2.3451,238
10234500,aifs,7,-0.1017,-0.2745,-0.0324,0.8541,234
10242000,aifs,7,-29.4352,-3.7110,0.4102,4.4902,238
10244950,aifs,7,-37.3148,-1.5305,0.7094,1.5629,238
10249300,aifs,7,-45.1367,-4.5853,0.5098,4.3260,237
10258000,aifs,7,,,,,66
10258500,aifs,7,0.0291,-0.3062,0.2032,0.4191,238
10259000,aifs,7,0.7464,0.6358,0.9033,1.0574,238
10259200,aifs,7,-2.6196,-4.2202,0.6805,6.0963,238
10263500,aifs,7,-0.5831,0.1044,0.7978,1.2529,238
10310500,aifs,7,-1.6695,0.1330,0.9170,1.7908,238
10316500,aifs,7,-0.3257,0.3386,0.6773,1.2343,238
10329500,aifs,7,0.3719,0.4861,0.8846,1.1950,238
10336645,aifs,7,0.5385,0.7079,0.7619,1.1539,224
10336660,aifs,7,0.5321,0.7306,0.7484,1.0393,238
10343500,aifs,7,0.6220,0.5340,0.8468,0.8029,238
10348850,aifs,7,-2.2438,0.0130,0.8256,1.7281,238
10396000,aifs,7,0.6477,0.7911,0.8610,1.1552,238
11098000,aifs,7,-0.0297,0.4552,0.5636,1.2981,238
11124500,aifs,7,-2.5878,-0.9223,0.8894,2.3847,238
11141280,aifs,7,0.2494,0.1924,0.5383,1.0044,238
11143000,aifs,7,0.3910,0.5037,0.6304,1.0994,238
11148900,aifs,7,0.3150,0.1011,0.6256,0.4675,238
11151300,aifs,7,-0.0092,-0.3148,0.0474,0.6897,238
11162500,aifs,7,0.2294,0.2313,0.5089,0.6422,238
11176400,aifs,7,-0.2621,-0.1089,0.0660,0.5853,144
11180500,aifs,7,-2.3314,-0.7377,0.4071,2.3178,238
11180960,aifs,7,-2.4499,-0.8185,0.2381,2.4750,238
11224500,aifs,7,-0.0258,-0.6608,-0.0270,0.1184,238
11253310,aifs,7,-0.0586,-0.3277,0.0725,0.3918,238
11264500,aifs,7,-0.8764,0.1823,0.1968,0.9985,238
11266500,aifs,7,-0.7053,0.2740,0.3110,1.1183,238
11274500,aifs,7,-0.7772,0.0475,0.0504,0.9695,238
11274630,aifs,7,-1.0616,0.0836,0.0966,1.0803,238
11284400,aifs,7,-0.0941,-0.0172,0.2830,0.3648,238
11299600,aifs,7,-0.4418,0.0078,0.0807,0.7247,235
11381500,aifs,7,0.5784,0.4377,0.8634,1.0156,238
11383500,aifs,7,0.6560,0.5165,0.8822,1.0726,238
11451100,aifs,7,0.3713,0.6815,0.7176,1.1194,106
11468500,aifs,7,0.3744,0.3485,0.6354,0.9234,238
11473900,aifs,7,0.5050,0.3957,0.7983,0.9254,238
11475560,aifs,7,0.5050,0.5445,0.7139,0.9794,238
11476600,aifs,7,0.7050,0.7512,0.8526,1.1990,237
11478500,aifs,7,0.2798,0.3052,0.7410,1.6021,238
11480390,aifs,7,0.4774,0.4678,0.7075,1.0098,238
11481200,aifs,7,0.6352,0.6652,0.8057,1.2450,238
11482500,aifs,7,0.6923,0.5729,0.8633,1.4035,238
11522500,aifs,7,0.3487,0.4334,0.7336,1.4997,238
11523200,aifs,7,-0.1944,0.1165,0.7594,1.7636,238
11528700,aifs,7,0.5652,0.5314,0.7697,1.1478,238
11532500,aifs,7,0.8650,0.8378,0.9351,1.1486,238
12010000,aifs,7,0.4172,0.3402,0.7294,0.6533,238
12013500,aifs,7,0.4990,0.5501,0.7154,0.8293,238
12020000,aifs,7,0.2958,0.2392,0.6151,0.5796,238
12025000,aifs,7,0.4909,0.5431,0.7023,0.9974,238
12025700,aifs,7,0.4953,0.4496,0.7424,0.8211,238
12035000,aifs,7,0.7242,0.6960,0.8669,0.8536,238
12040500,aifs,7,0.5973,0.6444,0.7890,0.8058,238
12041200,aifs,7,0.5491,0.7295,0.7986,0.8198,238
12043000,aifs,7,0.6557,0.6383,0.8334,0.7801,238
12048000,aifs,7,0.3708,0.5988,0.8613,1.2568,238
12054000,aifs,7,0.3506,0.5375,0.8421,1.3142,238
12056500,aifs,7,0.6443,0.7596,0.8621,0.8696,238
12073500,aifs,7,0.4735,0.6521,0.7106,1.0731,237
12082500,aifs,7,0.2420,0.2157,0.5052,0.9849,232
12092000,aifs,7,0.0189,0.0064,0.2233,0.9541,238
12095000,aifs,7,0.4052,0.3663,0.6747,0.8378,238
12114500,aifs,7,0.4188,0.3761,0.6844,1.0204,238
12115000,aifs,7,0.3987,0.3677,0.6606,0.9955,238
12115500,aifs,7,0.3280,0.3157,0.5925,0.8433,238
12117000,aifs,7,0.4962,0.5035,0.7162,0.9582,238
12141300,aifs,7,0.1620,0.1914,0.4063,1.0457,238
12143600,aifs,7,0.2439,0.2571,0.5032,1.1422,234
12144000,aifs,7,0.3543,0.3799,0.6002,0.9760,237
12145500,aifs,7,0.6208,0.5630,0.8137,0.8300,238
12147600,aifs,7,0.1775,0.2698,0.4379,0.9000,238
12167000,aifs,7,0.5001,0.5819,0.7172,1.1652,238
12175500,aifs,7,-0.0922,0.5058,0.5406,1.1315,238
12186000,aifs,7,0.2590,0.4305,0.5434,1.1361,235
12189500,aifs,7,0.4235,0.5472,0.6976,1.2282,237
12358500,aifs,7,0.6268,0.8044,0.8354,1.0405,238
12377150,aifs,7,0.5382,0.7633,0.7723,0.9358,238
12381400,aifs,7,0.3467,0.5032,0.8622,1.2278,205
12390700,aifs,7,0.4022,0.6160,0.6898,1.1832,238
12411000,aifs,7,0.6833,0.7097,0.8570,1.2449,227
12414500,aifs,7,0.6429,0.6784,0.8115,0.9086,238
12447390,aifs,7,-0.2110,-0.2482,0.2113,0.3604,238
12451000,aifs,7,0.4450,0.6714,0.7951,1.2178,238
12488500,aifs,7,0.5269,0.6895,0.7601,1.1564,238
13011500,aifs,7,0.6926,0.5756,0.9365,1.3212,238
13011900,aifs,7,0.7775,0.7944,0.9216,0.9703,238
13018300,aifs,7,-0.5530,-0.0458,0.9300,1.4922,238
13023000,aifs,7,0.5290,0.7629,0.8041,0.9122,196
13161500,aifs,7,0.6480,0.6745,0.8342,0.7918,238
13235000,aifs,7,0.5902,0.6549,0.7855,0.8881,236
13240000,aifs,7,0.7756,0.8592,0.8817,0.9991,159
13310700,aifs,7,0.5908,0.5053,0.9006,0.6756,238
13313000,aifs,7,0.6939,0.4850,0.9581,0.6445,238
13331500,aifs,7,0.4850,0.5314,0.9005,1.2188,238
13337000,aifs,7,0.6721,0.6904,0.8522,0.8249,238
13338500,aifs,7,0.8091,0.8800,0.9104,1.0782,238
13340000,aifs,7,0.4862,0.6211,0.7525,0.7888,238
13340600,aifs,7,0.5844,0.6020,0.8770,0.7033,238
14020000,aifs,7,0.2914,0.1466,0.7797,0.6019,238
14092750,aifs,7,0.7861,0.8650,0.8993,0.9114,238
14096850,aifs,7,-1.5775,0.2232,0.7526,0.4743,238
14137000,aifs,7,0.5775,0.4820,0.8181,0.9831,233
14138800,aifs,7,0.3559,0.3101,0.6289,0.8160,238
14138870,aifs,7,0.4950,0.4205,0.7550,0.7797,238
14138900,aifs,7,0.1557,0.1589,0.4067,0.8338,238
14139800,aifs,7,0.4971,0.4321,0.7442,0.7533,236
14141500,aifs,7,0.5554,0.4879,0.7827,0.8165,238
14154500,aifs,7,0.4049,0.6361,0.6913,1.1827,238
14158500,aifs,7,0.7951,0.7147,0.9324,1.0859,223
14158790,aifs,7,0.5826,0.6909,0.7645,1.0343,234
14166500,aifs,7,0.5032,0.4882,0.7269,0.9425,238
14182500,aifs,7,0.5864,0.5614,0.7827,0.8115,238
14185000,aifs,7,0.5661,0.7684,0.7892,1.0940,238
14185900,aifs,7,0.5941,0.7489,0.7782,1.0231,235
14187000,aifs,7,0.3824,0.6505,0.6974,1.1750,237
14216500,aifs,7,0.7303,0.6879,0.8678,1.0142,235
14222500,aifs,7,0.4596,0.4152,0.7136,0.9453,238
14236200,aifs,7,0.4954,0.4169,0.7609,0.8055,237
14301000,aifs,7,0.5247,0.5358,0.7332,0.8934,237
14303200,aifs,7,0.4470,0.3762,0.7275,0.9158,238
14305500,aifs,7,0.5890,0.5313,0.7967,0.8906,236
14306340,aifs,7,0.6208,0.4872,0.8490,0.7815,238
14306500,aifs,7,0.7723,0.6683,0.9066,0.9259,238
14308990,aifs,7,0.6070,0.5370,0.8150,0.9863,238
14309500,aifs,7,0.9233,0.9242,0.9611,1.0492,238
14316700,aifs,7,0.3459,0.6035,0.6444,1.1401,238
14325000,aifs,7,0.8988,0.9208,0.9545,0.9971,238
14362250,aifs,7,0.4974,0.2610,0.8883,0.5548,148
14400000,aifs,7,0.8771,0.8282,0.9402,0.8402,238
01013500,aifs,8,0.8872,0.8109,0.9519,0.8633,238
01022500,aifs,8,0.5884,0.6792,0.7719,1.1014,238
01030500,aifs,8,0.6780,0.7442,0.8850,1.1290,238
01031500,aifs,8,0.3078,0.6448,0.6565,1.0905,236
01047000,aifs,8,0.1299,0.5496,0.5509,1.0077,238
01052500,aifs,8,0.3373,0.3901,0.5981,0.7580,238
01054200,aifs,8,0.1062,0.1172,0.4149,0.5425,238
01055000,aifs,8,0.1492,0.4824,0.5095,0.9558,236
01057000,aifs,8,0.5023,0.7450,0.7461,1.0109,236
01073000,aifs,8,0.6437,0.7417,0.8572,1.1672,238
01078000,aifs,8,0.2798,0.4249,0.5789,0.7462,236
01118300,aifs,8,0.2478,0.4115,0.5488,0.7871,236
01121000,aifs,8,0.6090,0.6980,0.7923,1.1648,236
01123000,aifs,8,0.6580,0.6269,0.8267,0.9108,238
01134500,aifs,8,0.6127,0.7139,0.7927,0.8612,236
01137500,aifs,8,0.2919,0.4914,0.5897,0.8105,238
01139000,aifs,8,0.3044,0.6694,0.6796,0.9686,234
01139800,aifs,8,0.7248,0.8400,0.8624,1.0770,238
01142500,aifs,8,0.6322,0.8015,0.8168,0.9243,236
01144000,aifs,8,0.6037,0.7824,0.8351,0.9773,238
01169000,aifs,8,0.4746,0.6535,0.7016,1.0475,236
01170100,aifs,8,0.5508,0.7166,0.7531,0.9449,237
01181000,aifs,8,0.7787,0.8230,0.8835,1.0684,236
01187300,aifs,8,0.5518,0.5538,0.7530,1.0513,238
01195100,aifs,8,0.2660,0.3095,0.5384,0.8029,238
01333000,aifs,8,0.5273,0.6380,0.7305,0.9137,236
01350000,aifs,8,0.1225,0.0890,0.3716,0.7080,235
01350080,aifs,8,0.6713,0.6101,0.8420,0.7843,238
01350140,aifs,8,0.7168,0.6827,0.8672,0.7404,188
01365000,aifs,8,0.3396,0.3596,0.6018,0.8060,236
01411300,aifs,8,-0.1009,0.0514,0.1919,1.1570,229
01413500,aifs,8,0.3934,0.3871,0.6613,0.7791,236
01414500,aifs,8,0.0856,0.0525,0.3890,0.5979,236
01415000,aifs,8,0.3576,0.2355,0.7970,0.5589,193
01423000,aifs,8,0.4314,0.3754,0.7434,0.6910,238
01434025,aifs,8,0.1456,0.4431,0.5583,0.6763,238
01435000,aifs,8,0.2909,0.2998,0.5541,0.8086,237
01439500,aifs,8,0.4762,0.5158,0.7480,0.7567,236
01440000,aifs,8,0.4415,0.5082,0.6782,0.8575,238
01440400,aifs,8,0.5725,0.6478,0.7639,0.8843,212
01451800,aifs,8,0.2314,0.3585,0.4958,0.9399,236
01466500,aifs,8,-3.0628,-0.8018,0.8512,0.9891,236
01484100,aifs,8,-0.0041,0.5008,0.5698,1.2486,238
01485500,aifs,8,-1.7038,-0.2837,0.5977,1.9322,233
01486000,aifs,8,-0.6019,0.1783,0.5554,1.6623,238
01487000,aifs,8,0.5321,0.7674,0.7947,1.0299,238
01491000,aifs,8,0.6729,0.5432,0.8813,0.9742,238
01510000,aifs,8,0.6745,0.7506,0.8214,0.9820,238
01516500,aifs,8,0.1671,0.0799,0.5307,0.5494,238
01518862,aifs,8,0.2827,0.3084,0.6057,0.6372,238
01532000,aifs,8,0.4623,0.6306,0.7009,0.8701,236
01539000,aifs,8,0.3308,0.5172,0.6309,0.7994,220
01542810,aifs,8,0.2347,0.4747,0.5441,0.8701,236
01543000,aifs,8,0.3225,0.6169,0.6699,0.8069,238
01543500,aifs,8,0.4572,0.6006,0.7194,0.7822,236
01544500,aifs,8,0.4633,0.4405,0.7902,0.6383,238
01545600,aifs,8,0.4588,0.3677,0.8060,0.6330,238
01547700,aifs,8,0.0324,-0.0304,0.2375,0.7673,238
01548500,aifs,8,0.3703,0.3433,0.7296,0.6056,236
01549500,aifs,8,0.4955,0.4366,0.7869,0.6750,236
01550000,aifs,8,0.3834,0.3525,0.7325,0.6331,236
01552000,aifs,8,0.3692,0.4741,0.6551,0.7568,238
01552500,aifs,8,0.3650,0.5390,0.6513,0.7917,238
01557500,aifs,8,-0.0418,0.2171,0.3087,0.8700,238
01567500,aifs,8,0.0665,0.1252,0.3053,0.9879,238
01568000,aifs,8,0.2412,0.3259,0.4964,1.0491,238
01580000,aifs,8,0.1704,0.2567,0.4564,0.8684,234
01583500,aifs,8,0.1387,0.2221,0.4561,0.7974,238
01586610,aifs,8,0.1940,0.2996,0.5269,0.7539,204
01591400,aifs,8,0.1207,0.1320,0.3584,0.9477,238
01596500,aifs,8,0.1346,0.1144,0.4139,0.6803,236
01605500,aifs,8,-1.1368,0.1788,0.3273,1.2085,236
01606500,aifs,8,0.1860,0.3752,0.5031,0.7800,211
01613050,aifs,8,0.1859,0.2788,0.4426,0.9997,238
01620500,aifs,8,0.2597,0.2688,0.6109,0.5207,236
01632000,aifs,8,-0.2431,0.2529,0.2844,0.8492,236
01632900,aifs,8,-1.4028,0.1272,0.3196,1.0260,236
01634500,aifs,8,-0.0164,0.1659,0.2849,0.8815,221
01638480,aifs,8,-0.8285,-0.0003,0.3056,1.7199,233
01639500,aifs,8,0.1427,0.2840,0.4165,1.0483,238
01644000,aifs,8,-0.4514,0.1089,0.4810,1.7228,238
01658500,aifs,8,-0.4560,0.2109,0.2183,1.0790,207
01664000,aifs,8,0.1511,0.3430,0.4558,0.8648,238
01666500,aifs,8,-0.4272,0.3557,0.3674,1.0383,223
01667500,aifs,8,-1.1004,0.2042,0.3624,1.0966,216
01669000,aifs,8,0.2585,0.5253,0.5647,0.9988,213
01669520,aifs,8,-1.2197,0.0710,0.6336,1.6682,236
02011400,aifs,8,-0.1772,0.4469,0.5096,1.2056,238
02011460,aifs,8,0.1866,0.4628,0.5233,0.8511,238
02013000,aifs,8,-0.0990,0.3483,0.3838,1.1694,238
02014000,aifs,8,-1.4716,0.1074,0.2926,1.0801,237
02015700,aifs,8,-0.4061,0.4047,0.4611,1.0581,220
02016000,aifs,8,-0.9648,0.2436,0.3958,0.9813,237
02017500,aifs,8,-0.8685,0.2274,0.5164,1.2034,236
02018000,aifs,8,-0.4973,0.3650,0.4888,1.1679,231
02027000,aifs,8,-0.6579,0.3144,0.4932,0.8286,218
02027500,aifs,8,0.3538,0.5238,0.7087,0.6404,221
02028500,aifs,8,-0.2758,0.3614,0.3801,0.8467,213
02038850,aifs,8,-0.5061,0.1239,0.1578,0.8002,236
02046000,aifs,8,0.0173,0.3482,0.5085,1.4199,228
02051000,aifs,8,-0.5215,0.0455,0.0682,1.0059,238
02051500,aifs,8,0.1043,0.3443,0.4246,1.0807,236
02053200,aifs,8,-1.5420,-0.0294,0.2756,1.5379,210
02053800,aifs,8,-0.5719,0.1926,0.1999,0.8947,219
02055100,aifs,8,-0.8143,0.2697,0.3630,1.1578,236
02056900,aifs,8,-0.6438,0.2661,0.2901,0.8664,212
02059500,aifs,8,-0.7068,0.2915,0.3644,0.8242,207
02064000,aifs,8,-0.2693,0.1703,0.2463,0.7291,226
02065500,aifs,8,0.0289,0.2938,0.4874,0.6214,236
02069700,aifs,8,-0.4347,0.2291,0.2550,1.1806,210
02070000,aifs,8,-0.5114,0.1425,0.1671,1.1630,236
02074500,aifs,8,-0.6227,0.1814,0.1862,1.0889,238
02077200,aifs,8,-0.2165,0.3426,0.3483,1.0484,233
02081500,aifs,8,-0.8055,-0.0225,0.0502,1.3732,238
02082950,aifs,8,-1.9156,-0.1826,0.4323,1.6347,238
02092500,aifs,8,-3.2698,-0.7535,0.2200,2.3489,238
02096846,aifs,8,-0.8589,-0.1625,-0.0343,1.5159,238
02102908,aifs,8,-0.1905,0.0825,0.1636,0.9512,238
02108000,aifs,8,0.5052,0.6827,0.7450,1.1706,238
02111180,aifs,8,-0.2759,-0.0863,0.0156,1.0145,238
02111500,aifs,8,-0.5874,0.0932,0.1022,0.9766,236
02118500,aifs,8,-2.5290,-0.1311,0.1323,1.1011,238
02128000,aifs,8,-1.6772,-0.6887,0.0695,2.3857,238
02137727,aifs,8,-0.5048,0.0601,0.0828,0.9719,238
02140991,aifs,8,-0.8027,0.0288,0.0407,1.1283,238
02143000,aifs,8,-4.2823,-0.4465,0.2028,1.3142,238
02143040,aifs,8,-2.8683,-0.2125,0.2222,1.0358,236
02149000,aifs,8,-0.2750,0.1108,0.1607,1.0331,238
02152100,aifs,8,-1.9652,-0.0182,0.1438,1.0921,238
02177000,aifs,8,0.2226,0.2621,0.4830,1.0584,236
02178400,aifs,8,0.2661,0.5128,0.5665,0.9588,236
02193340,aifs,8,-0.7581,0.0924,0.1355,1.2764,238
02196000,aifs,8,0.0291,-0.1654,0.2510,0.4854,238
02198100,aifs,8,-0.0714,-0.0104,0.1753,1.2303,237
02202600,aifs,8,-0.5100,-0.1786,0.2087,1.7927,238
02212600,aifs,8,-0.1110,-0.0547,0.1009,1.0129,236
02215100,aifs,8,0.1298,0.0248,0.4277,0.6513,238
02216180,aifs,8,-0.0702,-0.4724,-0.0707,0.4433,236
02221525,aifs,8,0.0601,0.2620,0.3662,1.0764,236
02231000,aifs,8,-2.1425,-0.4142,0.6130,1.8017,238
02231342,aifs,8,-2.4041,-0.3234,0.4240,1.7903,238
02235200,aifs,8,0.0213,0.5108,0.5387,1.1624,237
02245500,aifs,8,-4.8481,-0.8625,0.5629,1.4561,238
02246000,aifs,8,-2.6765,-0.3008,0.4887,1.0827,236
02296500,aifs,8,0.2646,-0.1166,0.8430,2.0768,227
02297155,aifs,8,0.0130,-0.1723,0.5543,0.2566,237
02297310,aifs,8,0.4162,0.4596,0.6717,0.6995,228
02298123,aifs,8,0.3474,0.1932,0.7164,0.4814,238
02298608,aifs,8,0.1387,0.5383,0.5622,1.1429,238
02299950,aifs,8,-0.1029,0.3460,0.3959,0.7766,238
02300700,aifs,8,0.2056,0.1148,0.5093,0.5622,238
02310947,aifs,8,-0.7447,-2.0545,-0.2953,3.6737,238
02312200,aifs,8,-19.8896,-4.2071,0.2768,6.1456,238
02314500,aifs,8,-0.0722,-0.0777,0.3143,0.5934,238
02315500,aifs,8,-0.3296,-0.6562,-0.2878,0.4428,238
02324400,aifs,8,-0.2052,-1.0284,-0.5320,0.1148,238
02327100,aifs,8,-2.3307,-0.7487,0.5751,2.4154,236
02349900,aifs,8,0.3346,0.2242,0.7381,0.8649,238
02350900,aifs,8,0.1189,0.3911,0.6316,0.6564,238
02361000,aifs,8,0.4949,0.5568,0.8024,0.6850,238
02363000,aifs,8,0.2135,0.0277,0.7365,0.3747,236
02369800,aifs,8,0.2032,-0.0117,0.8509,0.4650,237
02371500,aifs,8,0.1871,0.0678,0.6090,0.7493,238
02372250,aifs,8,0.2958,0.1759,0.7238,0.7818,236
02374500,aifs,8,0.4313,0.3327,0.7531,0.7485,238
02381600,aifs,8,-0.0310,-0.0365,0.1591,0.9690,237
02384540,aifs,8,-0.0369,-0.1057,0.2200,0.7300,238
02395120,aifs,8,-0.8539,0.2393,0.2803,1.0158,238
02408540,aifs,8,-0.0775,0.1084,0.2233,0.9116,238
02415000,aifs,8,0.0214,0.1000,0.2678,0.9294,228
02422500,aifs,8,-0.4747,0.2965,0.3294,1.2064,221
02427250,aifs,8,0.6041,0.5995,0.7832,1.1904,238
02430085,aifs,8,-0.4846,0.1053,0.1565,1.2586,238
02450250,aifs,8,-0.2042,0.0785,0.1549,1.0048,236
02464000,aifs,8,-0.0064,0.0891,0.2443,0.9136,238
02465493,aifs,8,0.1232,0.3296,0.4344,1.1097,235
02469800,aifs,8,0.4311,0.3193,0.7413,0.5767,236
02472000,aifs,8,0.3491,0.1782,0.7406,0.5715,238
02472500,aifs,8,0.2037,0.3150,0.5367,0.6085,238
02479155,aifs,8,0.1190,-0.0683,0.4090,0.5431,238
02479300,aifs,8,0.3006,0.0430,0.8030,0.4408,238
02481000,aifs,8,0.1733,-0.1405,0.6931,0.2606,238
02481510,aifs,8,0.2339,-0.0409,0.7725,0.3412,238
03010655,aifs,8,0.4105,0.5169,0.7075,0.6951,209
03011800,aifs,8,0.1756,0.4398,0.5361,0.7833,238
03015500,aifs,8,0.2046,0.6303,0.6745,0.9845,238
03021350,aifs,8,0.1385,0.5176,0.5606,0.8057,236
03026500,aifs,8,0.1759,0.4722,0.5254,0.8609,238
03028000,aifs,8,0.2188,0.5175,0.6378,0.7031,236
03049800,aifs,8,-0.0043,-0.0815,0.2689,0.5776,236
03050000,aifs,8,0.0779,0.3466,0.4192,0.8875,236
03066000,aifs,8,0.2189,0.3268,0.5426,0.6813,238
03069500,aifs,8,0.1396,0.3165,0.4770,0.7102,236
03070500,aifs,8,0.0047,0.5326,0.5386,0.9833,236
03076600,aifs,8,0.0769,0.1635,0.4205,0.6272,238
03078000,aifs,8,-0.0173,0.0713,0.2857,0.6697,238
03140000,aifs,8,0.1705,0.1981,0.4231,0.8137,236
03144000,aifs,8,-0.5710,0.1581,0.1617,0.9589,238
03159540,aifs,8,0.0256,0.1029,0.2884,0.7763,238
03161000,aifs,8,-0.2712,0.0615,0.1447,0.8632,238
03164000,aifs,8,-0.1653,0.3997,0.4184,0.8627,238
03165000,aifs,8,-0.4199,0.0082,0.0604,0.8980,221
03170000,aifs,8,-0.1689,0.2713,0.3121,0.8673,238
03173000,aifs,8,0.1578,0.5287,0.5470,0.9015,236
03180500,aifs,8,0.2885,0.4570,0.5619,0.8713,222
03182500,aifs,8,0.3040,0.6160,0.6247,0.9967,236
03186500,aifs,8,0.3181,0.5367,0.6018,0.8822,236
03187500,aifs,8,0.3437,0.6475,0.6737,0.8672,235
03213700,aifs,8,-0.1034,0.4912,0.5243,1.1349,238
03237280,aifs,8,0.0885,0.1109,0.3585,0.6569,238
03237500,aifs,8,-0.1113,0.2014,0.2644,0.9751,236
03241500,aifs,8,-0.2188,-0.0629,0.0988,0.6687,225
03280700,aifs,8,-0.9550,0.2347,0.3344,0.9025,213
03281100,aifs,8,-0.6413,0.3234,0.3790,0.9513,236
03281500,aifs,8,-0.3718,0.4196,0.4815,0.9611,223
03285000,aifs,8,-0.6639,-0.0214,0.3912,1.7918,235
03291780,aifs,8,-0.2345,-0.0290,0.0810,0.8301,238
03300400,aifs,8,-0.0264,0.0328,0.2019,0.9230,238
03340800,aifs,8,-0.6347,0.1836,0.1869,0.9269,190
03346000,aifs,8,-0.1980,-0.0667,0.1641,0.4910,238
03364500,aifs,8,-0.1478,-0.1827,0.0800,0.5276,238
03366500,aifs,8,-0.3279,-0.0504,0.0693,0.6791,238
03368000,aifs,8,-0.1662,-0.1785,0.0486,0.5888,238
03384450,aifs,8,-0.0801,-0.2278,0.0474,0.6242,238
03439000,aifs,8,-0.1953,-0.2325,0.0525,0.6579,236
03450000,aifs,8,-0.0277,-0.0608,0.1886,0.8126,238
03455500,aifs,8,-0.3822,0.1253,0.2211,0.7072,236
03456500,aifs,8,-0.3256,-0.0267,0.0776,0.8000,236
03460000,aifs,8,-0.5115,0.2336,0.4453,0.6123,238
03463300,aifs,8,-0.2409,0.1607,0.2146,0.8760,238
03471500,aifs,8,0.2880,0.5678,0.7062,0.7145,236
03473000,aifs,8,0.0103,0.3995,0.5164,0.7146,238
03479000,aifs,8,-0.5124,0.1647,0.1739,0.9243,236
03488000,aifs,8,0.3313,0.4444,0.6268,0.7383,238
03498500,aifs,8,-0.2178,0.1708,0.2716,0.7491,238
03500000,aifs,8,0.1533,0.5353,0.6183,0.8293,236
03504000,aifs,8,-0.0832,0.3434,0.4362,0.8434,236
03574500,aifs,8,-0.0174,-0.0246,0.2442,0.6157,238
03604000,aifs,8,-0.1523,-0.2410,-0.0227,0.7880,236
04015330,aifs,8,0.3010,0.2905,0.5640,0.6089,197
04024430,aifs,8,0.6312,0.6103,0.8143,0.7094,238
04027000,aifs,8,0.6071,0.5341,0.8064,0.7464,238
04040500,aifs,8,0.8211,0.7856,0.9106,0.8989,238
04043050,aifs,8,0.7787,0.8387,0.8850,0.9150,182
04045500,aifs,8,0.8686,0.7922,0.9476,0.8020,234
04056500,aifs,8,0.5443,0.4421,0.8314,0.7114,229
04057510,aifs,8,0.8638,0.6711,0.9671,0.7652,158
04057800,aifs,8,0.7877,0.6267,0.9117,0.7277,238
04059500,aifs,8,0.8513,0.7546,0.9392,0.9673,238
04063700,aifs,8,0.6717,0.3967,0.9454,0.5929,238
04074950,aifs,8,0.6008,0.5136,0.8918,0.7394,238
04105700,aifs,8,0.4907,0.5032,0.7428,0.9009,238
04115265,aifs,8,0.3180,0.2903,0.5936,0.9185,238
04122200,aifs,8,0.4097,0.3867,0.7110,0.8195,238
04122500,aifs,8,0.6738,0.6310,0.8605,0.8947,236
04124000,aifs,8,0.7180,0.6257,0.8795,0.9840,238
04127997,aifs,8,0.4170,0.3914,0.7122,0.8897,201
04185000,aifs,8,0.5450,0.5341,0.7561,0.7866,215
04196800,aifs,8,0.2396,0.2476,0.5100,0.6615,238
04197100,aifs,8,0.2616,0.4101,0.5269,0.9453,238
04197170,aifs,8,-0.2182,0.1003,0.1874,0.7754,238
04213000,aifs,8,-0.0779,0.5150,0.5440,1.0606,236
04213075,aifs,8,0.0350,0.2275,0.3498,0.8302,234
04216418,aifs,8,0.4182,0.5992,0.6596,0.9825,238
04221000,aifs,8,0.1698,0.2343,0.5722,0.5725,238
04224775,aifs,8,0.1607,0.1548,0.5315,0.5421,236
04256000,aifs,8,0.5357,0.6961,0.8189,1.1832,236
04296000,aifs,8,0.3854,0.6389,0.6653,0.9170,236
05057000,aifs,8,-1.1326,0.0868,0.4850,0.5082,160
05057200,aifs,8,0.5649,0.7410,0.7632,1.0025,237
05062500,aifs,8,0.6234,0.7240,0.7961,0.8958,199
05087500,aifs,8,0.3809,0.5252,0.6259,0.9115,238
05120500,aifs,8,-10.0206,-1.4900,-0.0626,3.1915,210
05123400,aifs,8,-0.3916,-0.6523,-0.0184,0.1576,238
05129115,aifs,8,-0.8334,-0.8962,-0.2632,0.0000,238
05131500,aifs,8,0.1504,0.0447,0.6673,0.4456,142
05291000,aifs,8,-0.0702,0.2955,0.4074,0.6771,238
05362000,aifs,8,0.6262,0.6990,0.8015,0.8296,237
05393500,aifs,8,0.5709,0.6925,0.7673,0.8524,238
05399500,aifs,8,0.0906,0.3573,0.4388,0.8127,236
05408000,aifs,8,0.0052,-0.0464,0.2531,0.7978,237
05412500,aifs,8,0.0399,0.1620,0.4650,0.6327,238
05413500,aifs,8,-0.1486,0.1347,0.3777,0.7415,208
05414000,aifs,8,-0.1735,0.0611,0.5820,0.5740,204
05444000,aifs,8,-0.0381,0.1621,0.3943,0.6091,236
05454000,aifs,8,0.1230,0.1802,0.4929,0.5648,238
05458000,aifs,8,-0.0739,-0.1522,0.1300,0.6439,238
05466500,aifs,8,0.0507,-0.0444,0.2995,0.6522,236
05487980,aifs,8,-0.0473,-0.0919,0.1817,0.5538,236
05488200,aifs,8,0.0334,-0.2263,0.2834,0.3137,236
05489000,aifs,8,-0.0208,-0.3245,0.1547,0.3160,236
05495000,aifs,8,-0.9080,0.1129,0.1194,1.0717,236
05495500,aifs,8,-0.0785,-0.2006,0.1366,0.4330,232
05501000,aifs,8,-0.0196,-0.3152,0.1132,0.4238,236
05503800,aifs,8,-0.0605,-0.0149,0.1792,0.7165,238
05507600,aifs,8,0.1723,0.3604,0.4664,0.8622,238
05508805,aifs,8,0.1930,0.4329,0.5393,1.2847,236
05514500,aifs,8,0.0524,0.1199,0.3074,0.7938,236
05525500,aifs,8,0.3372,0.3933,0.5827,0.8989,236
05556500,aifs,8,-0.0769,-0.2131,0.2226,0.4248,238
05584500,aifs,8,0.1472,0.0007,0.5333,0.4572,236
05585000,aifs,8,0.1295,0.0115,0.5399,0.4409,238
05591550,aifs,8,0.0144,-0.0390,0.2355,0.6660,236
05592050,aifs,8,-0.0133,-0.0632,0.2209,0.5904,222
05592575,aifs,8,-0.0598,-0.0968,0.1681,0.5667,236
05593575,aifs,8,-0.2074,0.3078,0.3635,1.2659,238
05593900,aifs,8,0.0620,-0.0567,0.2886,0.5555,236
05595730,aifs,8,-0.2987,0.3459,0.4034,1.2563,238
06037500,aifs,8,-2.3878,0.3647,0.8518,1.2938,238
06043500,aifs,8,0.3608,0.3675,0.9617,1.3454,238
06154410,aifs,8,-0.3865,0.0022,0.1027,0.6918,238
06188000,aifs,8,0.8614,0.8877,0.9409,1.0028,238
06191500,aifs,8,0.7007,0.6449,0.9382,1.1334,238
06221400,aifs,8,0.8378,0.8710,0.9317,1.0501,238
06224000,aifs,8,0.6954,0.8389,0.8522,1.0624,238
06289000,aifs,8,0.2942,0.6204,0.6540,0.8667,238
06332515,aifs,8,-0.2624,0.3244,0.3275,0.9972,118
06339100,aifs,8,-1.0417,-0.1411,0.6633,1.6939,174
06339500,aifs,8,-0.0944,0.0607,0.6845,0.2729,167
06344600,aifs,8,-2.8194,-1.5041,0.4836,3.4042,177
06350000,aifs,8,-3.2069,-0.6632,0.5036,2.2281,238
06352000,aifs,8,-0.0137,-0.1031,0.5080,1.3307,237
06353000,aifs,8,-0.0035,-0.1166,0.5098,0.8053,236
06354000,aifs,8,0.3841,0.2996,0.8296,0.4884,173
06360500,aifs,8,0.1179,0.1376,0.5265,1.5428,139
06404000,aifs,8,-4.5077,-0.5369,-0.1473,1.4378,205
06406000,aifs,8,-166.3347,-3.7735,0.8986,5.7265,180
06408700,aifs,8,-1640.9069,-4.0235,0.1924,1.5105,238
06409000,aifs,8,-1.2349,0.6436,0.8983,1.2505,193
06431500,aifs,8,-1.4279,0.3755,0.4139,1.0976,227
06440200,aifs,8,-0.0451,-0.5153,0.1560,0.0703,160
06441500,aifs,8,-0.8903,-1.2696,0.0497,2.9409,177
06447000,aifs,8,-0.1656,-0.2327,0.0525,0.4750,140
06447500,aifs,8,-0.0989,-0.1017,0.4333,0.6955,238
06450500,aifs,8,0.0543,-0.0906,0.3852,1.0490,208
06452000,aifs,8,0.0061,-0.3110,0.1190,1.0035,175
06453600,aifs,8,-0.3030,-0.2411,0.2656,1.7139,235
06464500,aifs,8,-0.0534,0.2731,0.3353,1.0817,175
06477500,aifs,8,-7.1439,-1.8232,0.0807,3.2263,237
06479215,aifs,8,-0.1346,-0.2714,0.0416,0.5503,238
06479438,aifs,8,-0.1435,-0.5447,0.0176,0.2121,238
06601000,aifs,8,-0.1949,-0.2609,-0.0514,0.8112,238
06614800,aifs,8,0.7780,0.6166,0.9371,1.3480,238
06622700,aifs,8,-0.3194,0.1505,0.7604,1.6217,238
06623800,aifs,8,0.8195,0.9073,0.9123,0.9825,238
06632400,aifs,8,-0.3389,0.3147,0.4565,1.3942,238
06784000,aifs,8,-0.8405,-0.3346,-0.0660,1.3056,238
06803510,aifs,8,0.0110,-0.3031,0.1482,0.5535,238
06803530,aifs,8,-0.0540,-0.3253,0.0006,0.6633,238
06814000,aifs,8,-0.2979,-0.1927,-0.0006,0.5490,238
06846500,aifs,8,-0.0096,-0.4730,-0.0605,1.3788,238
06847900,aifs,8,-0.0220,-0.3244,0.0471,1.3035,238
06853800,aifs,8,-0.6769,-0.3468,-0.0375,1.7647,238
06876700,aifs,8,0.0208,-0.2472,0.3970,0.2556,238
06878000,aifs,8,-0.1000,-0.2803,0.0593,0.4402,238
06879650,aifs,8,-0.0088,-0.3225,0.2044,0.3300,237
06885500,aifs,8,0.1328,-0.1351,0.5005,0.3220,238
06888500,aifs,8,-0.0461,-0.4445,0.0433,0.3267,238
06889200,aifs,8,-0.1656,-0.2144,0.0398,0.5263,238
06889500,aifs,8,-0.3857,-0.0815,0.0244,0.7023,238
06892000,aifs,8,-0.1090,-0.1544,0.1470,0.4579,238
06903400,aifs,8,-0.0101,-0.4147,0.3100,0.1333,238
06906800,aifs,8,0.0337,-0.1353,0.2735,0.4079,238
06910800,aifs,8,-0.1964,-0.2250,0.0145,0.5429,238
06911900,aifs,8,-0.1943,-0.2098,0.0283,0.5369,238
06917000,aifs,8,0.0408,-0.1524,0.3166,0.3523,238
06918460,aifs,8,0.1822,0.2655,0.4440,0.8797,238
06919500,aifs,8,-0.0265,-0.0251,0.3013,0.4330,238
06921070,aifs,8,-0.0518,-0.1160,0.1637,0.5876,238
06921200,aifs,8,-0.0258,-0.3351,0.1947,0.2884,238
06934000,aifs,8,0.2585,0.2705,0.6231,0.6202,237
07014500,aifs,8,0.0891,-0.0501,0.3715,0.6358,238
07056000,aifs,8,0.1001,0.2186,0.3820,0.7953,238
07057500,aifs,8,0.1194,0.1193,0.4314,0.7929,230
07060710,aifs,8,-0.0001,-0.3952,0.0260,1.0505,238
07066000,aifs,8,0.0949,0.1755,0.3869,0.7941,238
07067000,aifs,8,0.1309,0.3697,0.6841,0.5771,238
07068000,aifs,8,0.2571,0.3940,0.6335,0.7838,237
07071500,aifs,8,-0.1539,0.4202,0.5002,0.8021,238
07083000,aifs,8,-1.6167,-0.4207,0.8887,1.7645,238
07142300,aifs,8,-8.1913,-4.9832,-0.1006,6.8208,238
07145700,aifs,8,-0.0279,-0.6382,-0.0191,0.1390,238
07148400,aifs,8,-0.1329,0.4551,0.7051,1.3604,238
07149000,aifs,8,0.0236,0.4373,0.6041,1.3924,238
07151500,aifs,8,-0.0411,-0.5524,-0.0804,0.3836,238
07167500,aifs,8,-0.0242,-0.3657,0.0652,1.5894,238
07180500,aifs,8,-0.1471,-0.1110,0.0769,0.7063,238
07184000,aifs,8,-0.0354,-0.4108,0.0869,0.2953,236
07195800,aifs,8,-0.1320,0.1569,0.2556,0.7762,236
07196900,aifs,8,0.0159,-0.0037,0.2123,0.9381,237
07197000,aifs,8,0.1293,0.2230,0.3901,0.9041,238
07208500,aifs,8,0.0813,0.5161,0.7360,1.0762,238
07226500,aifs,8,-0.0193,-0.5557,-0.0164,0.2633,236
07261000,aifs,8,-0.0894,0.1538,0.3910,1.5521,236
07263295,aifs,8,-0.5542,-1.2536,0.1776,3.0820,236
07290650,aifs,8,-0.0956,-0.1649,0.1524,0.5358,238
07291000,aifs,8,-0.2330,-0.3614,0.0557,0.3123,238
07292500,aifs,8,-0.0567,0.0478,0.2145,0.7816,238
07295000,aifs,8,0.2128,0.1218,0.4957,0.6244,238
07299670,aifs,8,-0.2207,-0.3536,0.0206,1.7468,228
07301410,aifs,8,-0.3672,-0.2991,-0.1340,0.7352,227
07301500,aifs,8,-0.1809,-0.5673,0.0406,1.7706,200
07315200,aifs,8,-0.8266,-0.1223,-0.0178,1.4590,161
07315700,aifs,8,-8.2447,-2.3790,-0.0402,3.6950,218
07335700,aifs,8,-0.0501,-0.2322,0.1608,0.4470,229
07340300,aifs,8,0.0639,0.3479,0.4118,0.9128,238
07346045,aifs,8,-2.3252,-0.1104,0.1880,0.6257,238
07359610,aifs,8,-0.1527,0.0546,0.3466,1.6285,238
07362100,aifs,8,-0.8199,-0.1311,0.5671,1.9523,238
07362587,aifs,8,-0.0777,-0.3562,0.3013,2.0758,236
07373000,aifs,8,-0.1653,-0.2399,0.0742,0.5409,234
07375000,aifs,8,0.0215,-0.0858,0.2714,0.4981,238
07376000,aifs,8,0.1282,0.2415,0.4442,0.6737,238
08013000,aifs,8,0.3771,0.2253,0.7480,0.5980,238
08014500,aifs,8,0.1998,0.0812,0.6311,0.5542,238
08023080,aifs,8,-0.2386,-0.3864,0.1540,2.0185,238
08025500,aifs,8,0.0494,0.0106,0.2626,0.7656,238
08029500,aifs,8,-0.1859,0.0225,0.1339,1.1553,238
08050800,aifs,8,-0.0168,-0.3470,0.0502,0.5830,237
08066200,aifs,8,-0.0475,-0.3443,0.0417,0.4486,238
08066300,aifs,8,-0.0405,-0.5888,0.0152,0.1617,238
08070000,aifs,8,-1.0581,0.1006,0.3011,1.4493,238
08070200,aifs,8,-0.3089,0.1740,0.2043,0.9170,238
08079600,aifs,8,-7.0798,-4.3606,0.3202,5.9723,194
08082700,aifs,8,-0.0265,-0.4084,-0.0303,0.6014,224
08086212,aifs,8,0.0456,-0.1650,0.2505,1.1452,238
08086290,aifs,8,-0.0066,-0.8433,0.2375,2.5864,238
08101000,aifs,8,-4.4787,-0.9723,0.2875,2.2521,238
08103900,aifs,8,0.0774,-0.0149,0.2931,0.7236,238
08104900,aifs,8,-0.1478,-0.3255,0.0021,0.4543,238
08109700,aifs,8,0.0073,0.1148,0.2661,0.8952,222
08150800,aifs,8,0.0023,-0.4677,0.0939,0.3447,238
08155200,aifs,8,-0.4586,-0.8656,0.1456,2.6196,238
08158700,aifs,8,-3.8911,-7.3732,0.1580,9.3017,238
08158810,aifs,8,-0.0771,-0.0924,0.0956,1.0436,238
08164000,aifs,8,-1.7035,-0.0789,0.1411,1.4758,238
08164300,aifs,8,-0.2319,-0.0330,0.0738,0.8739,235
08164600,aifs,8,-4.9846,-2.9514,0.1592,4.6320,238
08165300,aifs,8,-0.0043,-0.3979,-0.0099,0.8278,238
08171300,aifs,8,-23.3546,-31.9457,0.1869,33.8249,238
08175000,aifs,8,-0.1932,-0.3965,0.0490,0.1769,238
08176900,aifs,8,-31.9947,-7.9130,0.1716,8.5769,238
08178880,aifs,8,-0.0419,-0.4318,0.0863,0.2713,238
08189500,aifs,8,0.1673,0.0444,0.4344,0.5100,238
08190000,aifs,8,-0.0132,-0.3241,0.0482,0.6320,238
08190500,aifs,8,0.5553,0.0799,0.8480,1.8974,232
08194200,aifs,8,0.0174,-0.4121,0.3354,0.1777,238
08195000,aifs,8,0.0121,-0.3502,0.1529,0.4652,238
08196000,aifs,8,0.0293,0.0882,0.3048,1.3639,226
08198500,aifs,8,0.0136,-0.4113,0.2905,0.2435,238
08200000,aifs,8,-0.0288,-0.3223,0.1155,0.3570,238
08202700,aifs,8,0.0023,-0.5819,0.1507,0.0625,237
08267500,aifs,8,-20.6406,-2.1320,0.7014,2.6031,238
08269000,aifs,8,-3.5168,-0.3693,0.7012,1.6985,238
08271000,aifs,8,-41.7862,-3.9844,0.7771,2.4268,238
08324000,aifs,8,0.1555,0.5913,0.7049,1.1213,238
08377900,aifs,8,-4.0473,-0.4877,0.4015,1.2969,238
08378500,aifs,8,-5.3985,-0.8845,0.6003,1.3014,230
08380500,aifs,8,-2.6659,-0.1566,0.4311,1.6053,238
09034900,aifs,8,0.1568,0.2136,0.8811,1.5798,234
09035900,aifs,8,0.5497,0.7407,0.8261,1.0945,204
09047700,aifs,8,-4.5688,-0.9597,0.8815,1.4045,236
09065500,aifs,8,0.7109,0.6292,0.9400,1.1471,238
09066000,aifs,8,-0.9667,0.1554,0.5881,1.1763,238
09066200,aifs,8,0.7071,0.6223,0.9322,1.2326,238
09066300,aifs,8,-0.4241,-0.0286,0.8006,1.8069,238
09081600,aifs,8,0.0870,0.5840,0.6217,1.0437,238
09107000,aifs,8,-1.2493,-0.0543,0.7228,1.2670,237
09210500,aifs,8,-1.4271,0.0937,0.7340,1.5457,211
09223000,aifs,8,-2.7623,-0.5427,0.8797,1.9763,177
09306242,aifs,8,-451.1110,-4.1202,0.8583,5.9647,236
09312600,aifs,8,-2.1435,-0.6130,0.4808,2.3860,238
09352900,aifs,8,-0.5106,0.3246,0.6013,1.2322,208
09378170,aifs,8,0.2543,0.2641,0.5406,1.3190,238
09378630,aifs,8,,,,,238
09386900,aifs,8,-10.4086,-1.5828,0.0040,1.9434,238
09404450,aifs,8,0.6959,0.8025,0.8527,0.9139,238
09430500,aifs,8,-1.2674,0.0329,0.4318,0.2513,238
09430600,aifs,8,0.0725,-0.0631,0.7335,0.2388,238
09447800,aifs,8,-2.3728,-0.6346,0.0699,2.0606,238
09480000,aifs,8,-0.4120,-3.2685,-0.0299,5.1140,238
09484000,aifs,8,-0.6492,-0.3579,0.1926,2.0915,213
09484600,aifs,8,-0.4297,-1.1279,0.3451,3.0246,237
09492400,aifs,8,-0.4347,0.3710,0.7150,1.5113,236
09494000,aifs,8,0.2962,0.6614,0.6647,1.0079,238
09497800,aifs,8,-0.1402,-0.6431,-0.2347,1.6230,238
09497980,aifs,8,-0.4198,0.1898,0.2003,0.9557,210
09505200,aifs,8,0.6322,0.6093,0.8091,1.0204,238
09505350,aifs,8,0.4906,0.5062,0.7047,1.1492,238
09505800,aifs,8,0.5228,0.7093,0.7417,1.0888,238
09508300,aifs,8,-0.0411,0.0555,0.2522,0.6321,238
09510200,aifs,8,-2.4349,-1.1512,0.1021,2.8620,219
09512280,aifs,8,-0.0633,-0.9718,-0.1057,2.3664,238
09513780,aifs,8,-6.8582,-7.5330,0.1594,9.4909,237
10023000,aifs,8,-14.9352,-0.6706,0.0770,2.2303,238
10166430,aifs,8,-13307.4659,-89.9905,0.5585,72.4049,238
10172700,aifs,8,-30.0063,-0.2860,0.6414,2.0262,238
10172800,aifs,8,-9.6821,-0.8635,0.8064,2.3528,238
10173450,aifs,8,-0.3992,0.3885,0.4111,1.0022,238
10205030,aifs,8,-194.5950,-9.9920,-0.0198,2.3590,238
10234500,aifs,8,-0.1037,-0.2740,-0.0339,0.8565,234
10242000,aifs,8,-29.5233,-3.7189,0.4104,4.4906,238
10244950,aifs,8,-37.3812,-1.5318,0.7103,1.5635,238
10249300,aifs,8,-45.1798,-4.5885,0.5092,4.3255,237
10258000,aifs,8,,,,,66
10258500,aifs,8,0.0169,-0.3527,0.1702,0.3998,238
10259000,aifs,8,0.7379,0.6301,0.8983,1.0548,238
10259200,aifs,8,-1.7059,-3.8234,0.6411,5.7570,238
10263500,aifs,8,-0.6113,0.0931,0.7976,1.2575,238
10310500,aifs,8,-1.9148,0.0589,0.9186,1.8127,238
10316500,aifs,8,-0.3221,0.3392,0.6785,1.2336,238
10329500,aifs,8,0.4022,0.4753,0.9020,1.2026,238
10336645,aifs,8,0.4370,0.6674,0.7446,1.2073,224
10336660,aifs,8,0.5314,0.7511,0.7613,1.0651,238
10343500,aifs,8,0.6049,0.5817,0.8078,0.8258,238
10348850,aifs,8,-2.2240,0.0163,0.8347,1.7314,238
10396000,aifs,8,0.6119,0.7793,0.8439,1.1557,238
11098000,aifs,8,0.0322,0.4828,0.5809,1.2811,238
11124500,aifs,8,-3.7456,-1.1587,0.8471,2.4619,238
11141280,aifs,8,-0.2727,0.3749,0.4051,1.1830,238
11143000,aifs,8,0.4071,0.5672,0.6537,1.1279,238
11148900,aifs,8,0.1532,0.3057,0.4655,0.6691,238
11151300,aifs,8,0.0539,0.2404,0.3707,1.2531,238
11162500,aifs,8,0.2619,0.3294,0.5387,0.6939,238
11176400,aifs,8,-0.7620,0.0315,0.0536,0.8076,144
11180500,aifs,8,-4.7990,-1.9156,0.5121,3.3075,238
11180960,aifs,8,-2.8298,-1.0350,0.3028,2.6777,238
11224500,aifs,8,-0.4063,-0.1891,0.0114,0.4447,238
11253310,aifs,8,-2.7870,-0.1925,0.0653,0.9169,238
11264500,aifs,8,-1.1346,0.1440,0.1879,1.0293,238
11266500,aifs,8,-0.8578,0.2426,0.3040,1.1365,238
11274500,aifs,8,-2.4382,-0.2685,0.0486,1.5779,238
11274630,aifs,8,-3.5915,-0.4370,0.0885,1.5212,238
11284400,aifs,8,-0.6606,0.1682,0.3044,0.5742,238
11299600,aifs,8,-0.9543,0.1615,0.1907,1.1166,235
11381500,aifs,8,0.5845,0.4921,0.8191,1.0279,238
11383500,aifs,8,0.6359,0.5502,0.8377,1.0820,238
11451100,aifs,8,-0.2568,0.3709,0.6715,1.1923,106
11468500,aifs,8,0.4308,0.4736,0.6591,0.9873,238
11473900,aifs,8,0.5883,0.4719,0.8389,0.9494,238
11475560,aifs,8,0.6515,0.7409,0.8078,1.0505,238
11476600,aifs,8,0.6231,0.6842,0.8387,1.2512,237
11478500,aifs,8,-0.0549,0.2103,0.6658,1.6248,238
11480390,aifs,8,0.5312,0.5653,0.7324,1.0485,238
11481200,aifs,8,0.4720,0.6178,0.7395,1.2796,238
11482500,aifs,8,0.5634,0.5007,0.8317,1.4583,238
11522500,aifs,8,0.3716,0.4383,0.7528,1.5026,238
11523200,aifs,8,-0.2277,0.1397,0.7223,1.7409,238
11528700,aifs,8,0.5295,0.5326,0.7367,1.1650,238
11532500,aifs,8,0.6728,0.7786,0.8414,1.1537,238
12010000,aifs,8,0.3930,0.3338,0.7032,0.6528,238
12013500,aifs,8,0.4450,0.5161,0.6771,0.8235,238
12020000,aifs,8,0.2772,0.2440,0.5907,0.5858,238
12025000,aifs,8,0.4238,0.5280,0.6518,1.0145,238
12025700,aifs,8,0.4441,0.4574,0.6838,0.8386,238
12035000,aifs,8,0.7130,0.6862,0.8618,0.8416,238
12040500,aifs,8,0.4916,0.6069,0.7270,0.7891,238
12041200,aifs,8,0.4624,0.6926,0.7614,0.8075,238
12043000,aifs,8,0.6477,0.6411,0.8279,0.7777,238
12048000,aifs,8,0.2478,0.5690,0.8214,1.2590,238
12054000,aifs,8,0.2074,0.4763,0.8178,1.3203,238
12056500,aifs,8,0.4637,0.6730,0.8107,0.8607,238
12073500,aifs,8,0.4016,0.6429,0.6782,1.0796,237
12082500,aifs,8,0.2097,0.1957,0.4622,0.9859,232
12092000,aifs,8,0.0086,0.1076,0.2612,0.9702,238
12095000,aifs,8,0.4274,0.3871,0.6910,0.8475,238
12114500,aifs,8,0.4063,0.3708,0.6697,1.0166,238
12115000,aifs,8,0.3820,0.3526,0.6461,0.9890,238
12115500,aifs,8,0.3371,0.3270,0.6000,0.8406,238
12117000,aifs,8,0.4734,0.4969,0.6961,0.9552,238
12141300,aifs,8,0.1726,0.2350,0.4244,1.0636,238
12143600,aifs,8,0.2011,0.2727,0.4653,1.1642,234
12144000,aifs,8,0.2961,0.3918,0.5464,0.9895,237
12145500,aifs,8,0.6086,0.5802,0.7974,0.8382,238
12147600,aifs,8,0.2054,0.3439,0.4749,0.9334,238
12167000,aifs,8,0.4898,0.5657,0.7098,1.1662,238
12175500,aifs,8,-0.1535,0.4829,0.5212,1.1404,238
12186000,aifs,8,0.1371,0.4027,0.4812,1.1609,235
12189500,aifs,8,0.2742,0.4930,0.6098,1.2414,237
12358500,aifs,8,0.6218,0.8063,0.8303,1.0317,238
12377150,aifs,8,0.5322,0.7603,0.7694,0.9349,238
12381400,aifs,8,0.3529,0.5102,0.8608,1.2241,205
12390700,aifs,8,0.3968,0.6125,0.6858,1.1820,238
12411000,aifs,8,0.6859,0.7092,0.8525,1.2285,227
12414500,aifs,8,0.6331,0.6688,0.8060,0.9060,238
12447390,aifs,8,-0.2088,-0.2443,0.2121,0.3631,238
12451000,aifs,8,0.4144,0.6611,0.7833,1.2201,238
12488500,aifs,8,0.4697,0.6653,0.7278,1.1556,238
13011500,aifs,8,0.6571,0.5499,0.9310,1.3368,238
13011900,aifs,8,0.7716,0.7881,0.9207,0.9762,238
13018300,aifs,8,-0.5368,-0.0420,0.9328,1.4957,238
13023000,aifs,8,0.5191,0.7581,0.8003,0.9174,196
13161500,aifs,8,0.6731,0.7191,0.8452,0.8069,238
13235000,aifs,8,0.5886,0.6562,0.7841,0.8889,236
13240000,aifs,8,0.7872,0.8591,0.8877,0.9955,159
13310700,aifs,8,0.5929,0.5104,0.8983,0.6779,238
13313000,aifs,8,0.6963,0.4871,0.9585,0.6463,238
13331500,aifs,8,0.4721,0.5239,0.8992,1.2229,238
13337000,aifs,8,0.6705,0.6908,0.8516,0.8235,238
13338500,aifs,8,0.7739,0.8634,0.8957,1.0815,238
13340000,aifs,8,0.4807,0.6228,0.7492,0.7894,238
13340600,aifs,8,0.5802,0.6003,0.8757,0.7012,238
14020000,aifs,8,0.2452,0.1112,0.7401,0.5852,238
14092750,aifs,8,0.7626,0.7134,0.8988,0.8869,238
14096850,aifs,8,-1.2032,0.3610,0.8088,0.4636,238
14137000,aifs,8,0.4454,0.3781,0.7248,0.9555,233
14138800,aifs,8,0.2148,0.1872,0.4775,0.7872,238
14138870,aifs,8,0.3563,0.3360,0.6304,0.7645,238
14138900,aifs,8,0.1050,0.1196,0.3496,0.8251,238
14139800,aifs,8,0.3596,0.3458,0.6280,0.7292,236
14141500,aifs,8,0.4183,0.3962,0.6748,0.7920,238
14154500,aifs,8,0.4010,0.6287,0.6820,1.1711,238
14158500,aifs,8,0.7949,0.7161,0.9314,1.0849,223
14158790,aifs,8,0.6233,0.6267,0.7972,1.0024,234
14166500,aifs,8,0.4519,0.4616,0.6823,0.9475,238
14182500,aifs,8,0.5143,0.4603,0.7504,0.7843,238
14185000,aifs,8,0.5952,0.7489,0.7800,1.0497,238
14185900,aifs,8,0.6017,0.6718,0.7759,0.9905,235
14187000,aifs,8,0.3117,0.6172,0.6602,1.1762,237
14216500,aifs,8,0.6406,0.6036,0.8184,0.9943,235
14222500,aifs,8,0.3711,0.3746,0.6208,0.9383,238
14236200,aifs,8,0.4501,0.4055,0.7107,0.8071,237
14301000,aifs,8,0.4348,0.4498,0.6691,0.8652,237
14303200,aifs,8,0.3824,0.3350,0.6599,0.9037,238
14305500,aifs,8,0.4432,0.4704,0.6732,0.8756,236
14306340,aifs,8,0.5548,0.4578,0.7954,0.7732,238
14306500,aifs,8,0.6938,0.6239,0.8578,0.9153,238
14308990,aifs,8,0.5725,0.5694,0.7678,1.0079,238
14309500,aifs,8,0.8810,0.8430,0.9419,1.0588,238
14316700,aifs,8,0.3751,0.5993,0.6505,1.1319,238
14325000,aifs,8,0.8344,0.9140,0.9159,1.0054,238
14362250,aifs,8,0.4420,0.2831,0.7767,0.5696,148
14400000,aifs,8,0.7959,0.8335,0.8989,0.8679,238
01013500,aifs,9,0.8881,0.8149,0.9518,0.8662,238
01022500,aifs,9,0.5099,0.6247,0.7193,1.0891,238
01030500,aifs,9,0.6510,0.7242,0.8787,1.1414,238
01031500,aifs,9,0.1185,0.5750,0.5937,1.1026,236
01047000,aifs,9,0.1504,0.5645,0.5654,1.0157,238
01052500,aifs,9,0.3431,0.4091,0.6047,0.7512,238
01054200,aifs,9,0.0496,0.0734,0.3518,0.5595,238
01055000,aifs,9,0.1307,0.4787,0.5014,0.9853,236
01057000,aifs,9,0.4809,0.7013,0.7178,0.9906,236
01073000,aifs,9,0.6151,0.7474,0.8305,1.1710,238
01078000,aifs,9,0.2760,0.3945,0.5740,0.7306,236
01118300,aifs,9,0.2099,0.3828,0.5205,0.7810,236
01121000,aifs,9,0.4947,0.6450,0.7197,1.1394,236
01123000,aifs,9,0.5674,0.5700,0.7654,0.8929,238
01134500,aifs,9,0.5619,0.7071,0.7658,0.8668,236
01137500,aifs,9,0.2814,0.4822,0.5821,0.8086,238
01139000,aifs,9,0.2118,0.6313,0.6438,0.9827,234
01139800,aifs,9,0.6841,0.8223,0.8460,1.0885,238
01142500,aifs,9,0.5278,0.7369,0.7546,0.9232,236
01144000,aifs,9,0.5599,0.7785,0.8065,0.9904,238
01169000,aifs,9,0.3451,0.5424,0.6081,1.0217,236
01170100,aifs,9,0.4467,0.6390,0.6863,0.9359,237
01181000,aifs,9,0.7001,0.7612,0.8371,1.0394,236
01187300,aifs,9,0.4836,0.4843,0.7081,0.9948,238
01195100,aifs,9,0.2146,0.2530,0.4975,0.7681,238
01333000,aifs,9,0.4498,0.5764,0.6776,0.9066,236
01350000,aifs,9,0.1175,0.0678,0.3671,0.6850,235
01350080,aifs,9,0.6779,0.6170,0.8453,0.7790,238
01350140,aifs,9,0.6634,0.6433,0.8395,0.7187,188
01365000,aifs,9,0.3095,0.3304,0.5765,0.7981,236
01411300,aifs,9,-0.1339,0.0316,0.1632,1.1484,229
01413500,aifs,9,0.3781,0.3742,0.6508,0.7673,236
01414500,aifs,9,0.0746,0.0297,0.3808,0.5834,236
01415000,aifs,9,0.3141,0.2064,0.7700,0.5424,193
01423000,aifs,9,0.3902,0.3420,0.7180,0.6797,238
01434025,aifs,9,0.1674,0.4141,0.5519,0.6594,238
01435000,aifs,9,0.2502,0.2434,0.5197,0.7858,237
01439500,aifs,9,0.4458,0.4892,0.7293,0.7530,236
01440000,aifs,9,0.3812,0.4789,0.6332,0.8537,238
01440400,aifs,9,0.5070,0.5935,0.7227,0.8648,212
01451800,aifs,9,0.1922,0.3261,0.4618,0.9371,236
01466500,aifs,9,-2.8174,-0.7465,0.8580,0.9870,236
01484100,aifs,9,-0.3137,0.4062,0.4818,1.2483,238
01485500,aifs,9,-1.9340,-0.2866,0.5150,1.9060,233
01486000,aifs,9,-0.9288,0.1146,0.4637,1.6454,238
01487000,aifs,9,0.3728,0.6909,0.7485,1.0393,238
01491000,aifs,9,0.5761,0.5328,0.7848,0.9823,238
01510000,aifs,9,0.6082,0.6854,0.7805,0.9530,238
01516500,aifs,9,0.0709,0.0168,0.3897,0.5520,238
01518862,aifs,9,0.1862,0.2416,0.5225,0.6282,238
01532000,aifs,9,0.2054,0.5422,0.5693,0.8834,236
01539000,aifs,9,0.2427,0.4623,0.5717,0.7940,220
01542810,aifs,9,0.1720,0.4030,0.4915,0.8422,236
01543000,aifs,9,0.2477,0.5566,0.6194,0.7839,238
01543500,aifs,9,0.3164,0.5385,0.6337,0.7838,236
01544500,aifs,9,0.4413,0.4411,0.7683,0.6418,238
01545600,aifs,9,0.4569,0.3746,0.7964,0.6386,238
01547700,aifs,9,-0.0078,-0.0387,0.1945,0.7812,238
01548500,aifs,9,0.3432,0.3233,0.7129,0.5998,236
01549500,aifs,9,0.3744,0.4194,0.6748,0.6874,236
01550000,aifs,9,0.2880,0.3333,0.6332,0.6431,236
01552000,aifs,9,0.2681,0.4455,0.5844,0.7643,238
01552500,aifs,9,0.2003,0.4737,0.5528,0.7982,238
01557500,aifs,9,-0.1082,0.1842,0.2656,0.8709,238
01567500,aifs,9,-0.1794,0.0722,0.1581,0.9964,238
01568000,aifs,9,0.0733,0.2404,0.3605,1.0555,238
01580000,aifs,9,-0.0171,0.2575,0.3449,0.8798,234
01583500,aifs,9,-0.0422,0.1796,0.3138,0.8070,238
01586610,aifs,9,-0.0320,0.2361,0.3620,0.7620,204
01591400,aifs,9,-0.5725,0.3183,0.3396,1.0077,238
01596500,aifs,9,0.1360,0.1508,0.4120,0.7057,236
01605500,aifs,9,-2.0458,-0.0656,0.3631,1.2508,236
01606500,aifs,9,-0.0436,0.3189,0.3837,0.8005,211
01613050,aifs,9,-0.1689,0.2436,0.2790,1.0406,238
01620500,aifs,9,0.2076,0.2568,0.5663,0.5286,236
01632000,aifs,9,-0.1060,0.2059,0.2825,0.8324,236
01632900,aifs,9,-1.6154,0.0679,0.3481,1.0288,236
01634500,aifs,9,-0.0183,0.2115,0.3094,0.8830,221
01638480,aifs,9,-1.7829,-0.1615,0.2783,1.7962,233
01639500,aifs,9,-0.0311,0.2420,0.3161,1.0460,238
01644000,aifs,9,-0.9854,0.0079,0.3716,1.7501,238
01658500,aifs,9,-0.3009,0.3296,0.3318,1.0468,207
01664000,aifs,9,0.0274,0.3322,0.3970,0.8790,238
01666500,aifs,9,0.1590,0.5089,0.5267,1.0176,223
01667500,aifs,9,-0.1323,0.4360,0.4394,1.0614,216
01669000,aifs,9,0.0987,0.5063,0.5137,1.0250,213
01669520,aifs,9,-1.3424,0.0552,0.5919,1.6661,236
02011400,aifs,9,-0.2257,0.4163,0.4700,1.2137,238
02011460,aifs,9,0.1289,0.4124,0.4803,0.8355,238
02013000,aifs,9,-0.1162,0.3534,0.3856,1.1708,238
02014000,aifs,9,-0.6147,0.3211,0.3626,1.0659,237
02015700,aifs,9,0.0806,0.5254,0.5273,1.0318,220
02016000,aifs,9,-0.0845,0.5101,0.5281,0.9844,237
02017500,aifs,9,-0.3254,0.3969,0.5951,1.1961,236
02018000,aifs,9,-0.3321,0.3982,0.5711,1.2093,231
02027000,aifs,9,-0.4041,0.3913,0.5537,0.8465,218
02027500,aifs,9,0.3864,0.5388,0.7188,0.6567,221
02028500,aifs,9,-0.1287,0.4633,0.4758,0.9041,213
02038850,aifs,9,0.0453,0.3622,0.4423,0.7838,236
02046000,aifs,9,-0.0941,0.3021,0.5016,1.4886,228
02051000,aifs,9,-0.3310,0.1942,0.2132,0.9887,238
02051500,aifs,9,-0.1377,0.2950,0.3333,1.1473,236
02053200,aifs,9,-2.5947,-0.2636,0.2199,1.5954,210
02053800,aifs,9,-0.4793,0.2738,0.2773,0.9315,219
02055100,aifs,9,0.0159,0.5011,0.5260,1.1553,236
02056900,aifs,9,-0.6645,0.3028,0.3493,0.8970,212
02059500,aifs,9,-0.1342,0.4911,0.5622,0.8497,207
02064000,aifs,9,0.0192,0.3096,0.4124,0.7398,226
02065500,aifs,9,-0.0008,0.3200,0.4709,0.6498,236
02069700,aifs,9,-0.7642,0.2613,0.3200,1.1942,210
02070000,aifs,9,-0.5295,0.3073,0.3447,1.1899,236
02074500,aifs,9,-0.3325,0.3941,0.4173,1.1130,238
02077200,aifs,9,0.3328,0.6543,0.7045,1.1489,233
02081500,aifs,9,-0.7156,-0.0093,0.1059,1.4641,238
02082950,aifs,9,-3.2266,-0.4928,0.3619,1.7409,238
02092500,aifs,9,-3.2494,-0.7743,0.2098,2.3891,238
02096846,aifs,9,-1.1520,-0.1123,0.0464,1.5632,238
02102908,aifs,9,-0.1737,0.0964,0.1777,0.9558,238
02108000,aifs,9,0.4158,0.6396,0.7029,1.1929,238
02111180,aifs,9,-0.9153,0.0005,0.0029,1.0559,238
02111500,aifs,9,-1.0088,0.0837,0.0890,0.9905,236
02118500,aifs,9,-18.6982,-2.5020,0.0610,1.2463,238
02128000,aifs,9,-1.7231,-0.7739,0.3116,2.5475,238
02137727,aifs,9,-0.9845,0.0363,0.0370,0.9762,238
02140991,aifs,9,-2.9881,-0.2375,0.0104,1.1771,238
02143000,aifs,9,-23.3761,-2.9401,0.0456,1.3971,238
02143040,aifs,9,-6.9509,-0.9674,0.1222,1.0641,236
02149000,aifs,9,-0.4928,0.0882,0.1073,1.0288,238
02152100,aifs,9,-6.9929,-0.9360,0.0434,1.1266,238
02177000,aifs,9,0.1604,0.1876,0.4117,1.0512,236
02178400,aifs,9,0.2414,0.4728,0.5422,0.9512,236
02193340,aifs,9,-0.4079,0.1773,0.2205,1.2349,238
02196000,aifs,9,0.0225,-0.2206,0.2493,0.4516,238
02198100,aifs,9,0.0080,-0.0461,0.2021,1.1804,237
02202600,aifs,9,-0.4043,-0.2405,0.1804,1.7681,238
02212600,aifs,9,-0.1392,-0.0649,0.0808,1.0100,236
02215100,aifs,9,0.2790,0.1343,0.7235,0.6218,238
02216180,aifs,9,-0.0686,-0.4727,-0.0659,0.4360,236
02221525,aifs,9,-0.0248,0.1639,0.2764,1.0743,236
02231000,aifs,9,-2.4061,-0.5133,0.6545,1.7839,238
02231342,aifs,9,-2.8994,-0.4462,0.3934,1.8664,238
02235200,aifs,9,0.1150,0.5296,0.5611,1.1552,237
02245500,aifs,9,-6.5052,-1.1332,0.4965,1.4570,238
02246000,aifs,9,-4.0283,-0.5945,0.4379,1.0949,236
02296500,aifs,9,-0.0202,-0.1975,0.7778,2.1258,227
02297155,aifs,9,-0.0137,-0.1877,0.4374,0.2675,237
02297310,aifs,9,0.3394,0.4137,0.6208,0.6739,228
02298123,aifs,9,0.3029,0.1811,0.6608,0.4811,238
02298608,aifs,9,0.0019,0.4771,0.4928,1.1242,238
02299950,aifs,9,-0.5043,0.2673,0.2871,0.8375,238
02300700,aifs,9,0.0949,0.0871,0.3783,0.5856,238
02310947,aifs,9,-0.7445,-2.0543,-0.2953,3.6735,238
02312200,aifs,9,-19.8896,-4.2071,0.2768,6.1456,238
02314500,aifs,9,-0.0037,0.0396,0.3929,0.6081,238
02315500,aifs,9,-0.3296,-0.6562,-0.2877,0.4428,238
02324400,aifs,9,-0.2052,-1.0284,-0.5320,0.1148,238
02327100,aifs,9,-3.8229,-1.0794,0.5434,2.5407,236
02349900,aifs,9,0.2338,0.1257,0.6295,0.8035,238
02350900,aifs,9,0.0924,0.3893,0.6262,0.6453,238
02361000,aifs,9,0.2692,0.4204,0.6584,0.6672,238
02363000,aifs,9,0.2207,0.0241,0.7604,0.3608,236
02369800,aifs,9,0.0847,-0.1308,0.4934,0.4639,237
02371500,aifs,9,0.1804,0.0602,0.6004,0.7472,238
02372250,aifs,9,0.2716,0.1547,0.6866,0.7681,236
02374500,aifs,9,0.2433,0.1909,0.5641,0.7300,238
02381600,aifs,9,0.0093,-0.0190,0.1993,0.9648,237
02384540,aifs,9,-0.0503,-0.1446,0.1984,0.7218,238
02395120,aifs,9,-0.8265,0.2016,0.2159,1.0113,238
02408540,aifs,9,-0.2000,0.1034,0.1786,0.9068,238
02415000,aifs,9,-0.1210,0.0688,0.1798,0.9283,228
02422500,aifs,9,-0.4947,0.3086,0.3534,1.2274,221
02427250,aifs,9,0.0431,0.1843,0.3200,1.0985,238
02430085,aifs,9,-0.1516,0.1098,0.2070,1.1728,238
02450250,aifs,9,0.1172,0.1199,0.3482,0.9698,236
02464000,aifs,9,0.1061,0.1241,0.3444,0.8542,238
02465493,aifs,9,-0.0222,0.2397,0.3239,1.0917,235
02469800,aifs,9,0.1503,0.1291,0.4890,0.5424,236
02472000,aifs,9,0.2281,0.0809,0.6122,0.5388,238
02472500,aifs,9,0.0049,0.1445,0.3718,0.5694,238
02479155,aifs,9,0.0917,-0.0850,0.3389,0.5557,238
02479300,aifs,9,0.2227,-0.0151,0.6972,0.4192,238
02481000,aifs,9,0.0784,-0.2413,0.4634,0.2410,238
02481510,aifs,9,0.1432,-0.1113,0.6124,0.3228,238
03010655,aifs,9,0.3896,0.4687,0.6999,0.6723,209
03011800,aifs,9,0.1180,0.3987,0.4957,0.7783,238
03015500,aifs,9,0.2196,0.6340,0.6540,0.9486,238
03021350,aifs,9,0.1565,0.4923,0.5594,0.7622,236
03026500,aifs,9,0.0846,0.4116,0.4645,0.8568,238
03028000,aifs,9,0.1240,0.4632,0.5774,0.7001,236
03049800,aifs,9,0.0323,-0.0096,0.3179,0.6004,236
03050000,aifs,9,-0.2332,0.3287,0.3367,0.9303,236
03066000,aifs,9,0.2047,0.3439,0.5311,0.6977,238
03069500,aifs,9,0.1186,0.2986,0.4577,0.7132,236
03070500,aifs,9,-0.1269,0.4966,0.5198,1.0193,236
03076600,aifs,9,0.0723,0.1524,0.4128,0.6291,238
03078000,aifs,9,-0.0264,0.0921,0.2848,0.6882,238
03140000,aifs,9,0.1854,0.2124,0.4377,0.8303,236
03144000,aifs,9,-0.3948,0.1805,0.1961,0.9387,238
03159540,aifs,9,-0.1258,0.1819,0.2574,0.8531,238
03161000,aifs,9,-1.2610,0.0510,0.0758,0.8972,238
03164000,aifs,9,-1.2876,0.1558,0.2926,0.8986,238
03165000,aifs,9,-1.1062,0.0542,0.0632,0.9371,221
03170000,aifs,9,-0.1388,0.3702,0.3878,0.8866,238
03173000,aifs,9,0.1262,0.5430,0.5502,0.9265,236
03180500,aifs,9,0.1912,0.3643,0.4810,0.8588,222
03182500,aifs,9,0.1803,0.5100,0.5326,0.9814,236
03186500,aifs,9,0.3262,0.4924,0.5957,0.8552,236
03187500,aifs,9,0.3678,0.6077,0.6601,0.8411,235
03213700,aifs,9,-0.2146,0.4435,0.4709,1.1287,238
03237280,aifs,9,-0.0176,0.0556,0.2686,0.6407,238
03237500,aifs,9,-0.3638,0.2088,0.2220,1.0495,236
03241500,aifs,9,-0.1428,0.0256,0.1816,0.6938,225
03280700,aifs,9,-0.8841,0.2303,0.2976,0.8532,213
03281100,aifs,9,-0.5591,0.3300,0.3756,0.8740,236
03281500,aifs,9,-0.4213,0.3915,0.4406,0.9109,223
03285000,aifs,9,-0.8114,-0.0404,0.3587,1.7784,235
03291780,aifs,9,-0.2258,-0.0574,0.0609,0.8494,238
03300400,aifs,9,-0.0646,0.0325,0.1828,0.8947,238
03340800,aifs,9,-0.7464,0.1689,0.1721,0.9493,190
03346000,aifs,9,-0.3182,-0.0986,0.0939,0.5097,238
03364500,aifs,9,-0.1154,-0.1331,0.1218,0.5566,238
03366500,aifs,9,-0.1519,-0.0521,0.1271,0.6651,238
03368000,aifs,9,-0.1824,-0.1605,0.0421,0.6348,238
03384450,aifs,9,0.1011,-0.0932,0.3534,0.5699,238
03439000,aifs,9,-0.2165,-0.2789,0.0087,0.6509,236
03450000,aifs,9,-0.1037,-0.0832,0.1201,0.8090,238
03455500,aifs,9,-0.3706,0.0922,0.2105,0.6875,236
03456500,aifs,9,-0.4010,-0.0993,0.0066,0.7867,236
03460000,aifs,9,-0.5592,0.2165,0.4320,0.6029,238
03463300,aifs,9,-0.5012,0.1045,0.1310,0.8620,238
03471500,aifs,9,-0.1184,0.4852,0.5685,0.7390,236
03473000,aifs,9,-0.5055,0.3137,0.3688,0.7391,238
03479000,aifs,9,-5.5471,-0.6972,0.0519,1.0048,236
03488000,aifs,9,0.2501,0.4575,0.5808,0.7493,238
03498500,aifs,9,-0.2232,0.1246,0.2561,0.7167,238
03500000,aifs,9,0.1453,0.5189,0.6153,0.8241,236
03504000,aifs,9,-0.1756,0.2926,0.3828,0.8354,236
03574500,aifs,9,-0.1095,-0.0625,0.1618,0.6231,238
03604000,aifs,9,-0.1443,-0.2577,-0.0269,0.7761,236
04015330,aifs,9,0.1978,0.1358,0.4688,0.5453,197
04024430,aifs,9,0.4205,0.5464,0.6878,0.7149,238
04027000,aifs,9,0.5639,0.5316,0.7706,0.7516,238
04040500,aifs,9,0.8260,0.8099,0.9114,0.9098,238
04043050,aifs,9,0.7878,0.8444,0.8906,0.9095,182
04045500,aifs,9,0.8655,0.7970,0.9459,0.8054,234
04056500,aifs,9,0.5631,0.4521,0.8442,0.7134,229
04057510,aifs,9,0.8766,0.6937,0.9682,0.7753,158
04057800,aifs,9,0.7903,0.6477,0.9082,0.7362,238
04059500,aifs,9,0.8558,0.7792,0.9368,0.9750,238
04063700,aifs,9,0.6850,0.4003,0.9550,0.5941,238
04074950,aifs,9,0.6080,0.5182,0.8964,0.7375,238
04105700,aifs,9,0.4187,0.4686,0.6857,0.8950,238
04115265,aifs,9,0.2581,0.2618,0.5198,0.9108,238
04122200,aifs,9,0.3426,0.3367,0.6563,0.8109,238
04122500,aifs,9,0.6351,0.6027,0.8396,0.8900,236
04124000,aifs,9,0.7142,0.6249,0.8768,0.9803,238
04127997,aifs,9,0.4918,0.4719,0.7535,0.8919,201
04185000,aifs,9,0.5389,0.5208,0.7539,0.7875,215
04196800,aifs,9,0.1665,0.2611,0.4540,0.6937,238
04197100,aifs,9,0.1138,0.3343,0.4215,0.9566,238
04197170,aifs,9,-0.3435,0.0621,0.1312,0.7753,238
04213000,aifs,9,-0.1253,0.4925,0.5112,1.0318,236
04213075,aifs,9,0.0058,0.1950,0.3253,0.8022,234
04216418,aifs,9,0.3677,0.5220,0.6162,0.9461,238
04221000,aifs,9,0.0625,0.1646,0.4778,0.5612,238
04224775,aifs,9,0.0972,0.0735,0.4845,0.5175,236
04256000,aifs,9,0.4930,0.6881,0.7978,1.1820,236
04296000,aifs,9,0.3356,0.6191,0.6417,0.9115,236
05057000,aifs,9,-1.1573,0.0943,0.4375,0.5115,160
05057200,aifs,9,0.5954,0.7443,0.7776,0.9967,237
05062500,aifs,9,0.5749,0.6815,0.7645,0.8985,199
05087500,aifs,9,0.2826,0.5281,0.5778,0.9285,238
05120500,aifs,9,-10.0369,-1.4911,-0.0630,3.1930,210
05123400,aifs,9,-0.3916,-0.6523,-0.0184,0.1576,238
05129115,aifs,9,-0.8334,-0.8962,-0.2632,0.0000,238
05131500,aifs,9,0.1327,0.0448,0.6004,0.4588,142
05291000,aifs,9,-0.3727,0.2363,0.3129,0.6733,238
05362000,aifs,9,0.5072,0.7125,0.7486,0.8664,237
05393500,aifs,9,0.4193,0.6672,0.6979,0.8715,238
05399500,aifs,9,-0.0365,0.3724,0.4066,0.8589,236
05408000,aifs,9,-0.0150,0.0174,0.2415,0.8161,237
05412500,aifs,9,-0.0622,0.1499,0.3707,0.6433,238
05413500,aifs,9,-0.3211,0.1091,0.2469,0.7522,208
05414000,aifs,9,-0.1614,0.0786,0.5721,0.5748,204
05444000,aifs,9,-0.0288,0.0772,0.3608,0.6226,236
05454000,aifs,9,-0.0528,0.1319,0.3518,0.5779,238
05458000,aifs,9,-0.1277,-0.1652,0.0787,0.6559,238
05466500,aifs,9,0.0766,-0.0030,0.3403,0.6518,236
05487980,aifs,9,-0.1370,-0.1905,0.0682,0.5412,236
05488200,aifs,9,-0.0828,-0.3356,0.0954,0.3054,236
05489000,aifs,9,-0.0510,-0.3467,0.1015,0.3224,236
05495000,aifs,9,-1.6812,0.0031,0.0956,1.1432,236
05495500,aifs,9,-0.0381,-0.1433,0.1958,0.4455,232
05501000,aifs,9,-0.1257,-0.1973,0.0707,0.5271,236
05503800,aifs,9,-0.4168,0.0639,0.1084,0.8429,238
05507600,aifs,9,-0.6866,0.2692,0.3290,1.1895,238
05508805,aifs,9,-0.7460,0.1014,0.4804,1.5851,236
05514500,aifs,9,-0.0526,0.0883,0.2308,0.8111,236
05525500,aifs,9,0.2839,0.4142,0.5421,0.9461,236
05556500,aifs,9,-0.1193,-0.2105,0.1524,0.4557,238
05584500,aifs,9,0.0524,-0.0330,0.3643,0.4704,236
05585000,aifs,9,0.0467,-0.0357,0.4112,0.4325,238
05591550,aifs,9,-0.1008,0.0373,0.1904,0.7466,236
05592050,aifs,9,-0.1223,0.0582,0.2091,0.6870,222
05592575,aifs,9,-0.2671,0.0347,0.1427,0.7026,236
05593575,aifs,9,-0.5438,0.1308,0.3316,1.5407,238
05593900,aifs,9,-0.1261,0.0422,0.1820,0.7416,236
05595730,aifs,9,-0.9357,0.0765,0.3360,1.5386,238
06037500,aifs,9,-2.4403,0.3492,0.8437,1.2941,238
06043500,aifs,9,0.3290,0.3596,0.9564,1.3532,238
06154410,aifs,9,-0.1039,-0.1223,0.1346,0.6538,238
06188000,aifs,9,0.8363,0.8774,0.9302,1.0087,238
06191500,aifs,9,0.7059,0.6496,0.9389,1.1374,238
06221400,aifs,9,0.8414,0.8660,0.9343,1.0573,238
06224000,aifs,9,0.6899,0.8340,0.8524,1.0708,238
06289000,aifs,9,0.2984,0.6225,0.6545,0.8709,238
06332515,aifs,9,0.2918,0.4075,0.5467,0.9253,118
06339100,aifs,9,0.0170,0.3282,0.5384,1.4879,174
06339500,aifs,9,-0.1203,0.0323,0.6892,0.2645,167
06344600,aifs,9,-1.5411,-1.3511,0.5540,3.2689,177
06350000,aifs,9,-3.6633,-0.7907,0.5473,2.2600,238
06352000,aifs,9,-0.0139,-0.1036,0.5067,1.3307,237
06353000,aifs,9,-0.0035,-0.1167,0.5095,0.8053,236
06354000,aifs,9,0.3976,0.2961,0.8491,0.4851,173
06360500,aifs,9,0.1170,0.1369,0.5259,1.5433,139
06404000,aifs,9,-9.7884,-1.3229,-0.0954,1.5351,205
06406000,aifs,9,-166.4238,-3.7749,0.8984,5.7278,180
06408700,aifs,9,-1644.5452,-4.0474,0.1846,1.5110,238
06409000,aifs,9,-1.2725,0.6494,0.8970,1.2529,193
06431500,aifs,9,-1.7427,0.3177,0.3936,1.1020,227
06440200,aifs,9,0.0526,-0.3476,0.4030,0.1036,160
06441500,aifs,9,-40.5966,-5.0445,-0.0314,3.9184,177
06447000,aifs,9,-0.0961,-0.2599,0.0788,0.4654,140
06447500,aifs,9,-0.1001,-0.1170,0.3800,0.6967,238
06450500,aifs,9,0.0576,-0.0793,0.4112,1.0481,208
06452000,aifs,9,0.0061,-0.3110,0.1190,1.0035,175
06453600,aifs,9,-0.3004,-0.2442,0.2629,1.7102,235
06464500,aifs,9,-0.2010,0.1919,0.2414,1.0779,175
06477500,aifs,9,-8.1542,-1.9030,0.0165,3.2020,237
06479215,aifs,9,-0.1190,-0.2461,0.0696,0.5543,238
06479438,aifs,9,-0.1458,-0.5587,0.0038,0.2099,238
06601000,aifs,9,-0.6153,-0.0388,-0.0012,0.8555,238
06614800,aifs,9,0.7772,0.6074,0.9392,1.3550,238
06622700,aifs,9,-0.3557,0.1393,0.7552,1.6264,238
06623800,aifs,9,0.8211,0.9085,0.9130,0.9845,238
06632400,aifs,9,-0.3565,0.3090,0.4526,1.3969,238
06784000,aifs,9,-0.8284,-0.3237,-0.0524,1.3047,238
06803510,aifs,9,-1.0620,-0.0182,-0.0014,0.8179,238
06803530,aifs,9,-0.1998,-0.2103,-0.0227,0.7263,238
06814000,aifs,9,-0.8972,-0.0726,-0.0039,0.6272,238
06846500,aifs,9,-0.0096,-0.4726,-0.0600,1.3788,238
06847900,aifs,9,-0.0226,-0.3267,0.0444,1.3028,238
06853800,aifs,9,-0.3608,-0.4445,-0.0342,1.7376,238
06876700,aifs,9,-0.0130,-0.3032,0.3869,0.2244,238
06878000,aifs,9,-0.2782,-0.2203,0.0107,0.4752,238
06879650,aifs,9,-0.0341,-0.2618,0.1756,0.3442,237
06885500,aifs,9,-0.0420,-0.3073,0.1496,0.3235,238
06888500,aifs,9,-0.0736,-0.3921,0.0421,0.3324,238
06889200,aifs,9,-0.1453,-0.2512,0.0384,0.4782,238
06889500,aifs,9,-0.3674,-0.1083,0.0209,0.6463,238
06892000,aifs,9,-0.3326,-0.1023,0.0770,0.5250,238
06903400,aifs,9,-0.0486,-0.4857,0.1492,0.1290,238
06906800,aifs,9,-0.0470,-0.1486,0.1798,0.4584,238
06910800,aifs,9,-0.3470,-0.1091,0.0555,0.5515,238
06911900,aifs,9,-0.3412,-0.1106,0.0705,0.5101,238
06917000,aifs,9,-0.0648,-0.1770,0.1940,0.3756,238
06918460,aifs,9,0.1300,0.2215,0.3945,0.8698,238
06919500,aifs,9,-0.0333,0.0199,0.3281,0.4223,238
06921070,aifs,9,-0.0700,-0.1440,0.1384,0.5736,238
06921200,aifs,9,-0.0542,-0.4038,0.1265,0.2678,238
06934000,aifs,9,0.2438,0.2849,0.6003,0.6243,237
07014500,aifs,9,0.0349,-0.1262,0.2622,0.6304,238
07056000,aifs,9,0.0869,0.2233,0.3766,0.7937,238
07057500,aifs,9,0.0416,0.0777,0.3283,0.7944,230
07060710,aifs,9,-0.0001,-0.3952,0.0261,1.0505,238
07066000,aifs,9,0.0605,0.1709,0.3561,0.8031,238
07067000,aifs,9,0.0239,0.3418,0.5970,0.5846,238
07068000,aifs,9,0.2074,0.3965,0.5769,0.7970,237
07071500,aifs,9,-0.3366,0.4431,0.4750,0.8143,238
07083000,aifs,9,-1.7379,-0.4557,0.8872,1.7918,238
07142300,aifs,9,-8.2138,-4.9854,-0.1032,6.8221,238
07145700,aifs,9,-0.0237,-0.6056,0.0183,0.1528,238
07148400,aifs,9,-0.8501,0.2387,0.5886,1.4016,238
07149000,aifs,9,-0.0651,0.4146,0.5771,1.4027,238
07151500,aifs,9,-0.0460,-0.5588,-0.1002,0.3912,238
07167500,aifs,9,-0.0163,-0.3561,0.0830,1.5896,238
07180500,aifs,9,-0.1292,-0.1559,0.0485,0.7333,238
07184000,aifs,9,-0.0609,-0.3795,0.0664,0.3137,236
07195800,aifs,9,0.0666,0.1377,0.3429,0.7557,236
07196900,aifs,9,-0.0330,0.0589,0.2103,0.9937,237
07197000,aifs,9,0.1768,0.1888,0.4270,0.8859,238
07208500,aifs,9,0.0444,0.5006,0.7308,1.0816,238
07226500,aifs,9,-0.0212,-0.4831,0.0090,0.3303,236
07261000,aifs,9,-0.4427,0.0593,0.3310,1.6613,236
07263295,aifs,9,-1.1210,-1.4143,0.1213,3.2486,236
07290650,aifs,9,-0.1608,-0.1275,0.1175,0.5720,238
07291000,aifs,9,-0.2141,-0.1594,0.1630,0.3880,238
07292500,aifs,9,0.0542,0.0972,0.3105,0.7693,238
07295000,aifs,9,0.0231,-0.0372,0.2562,0.6050,238
07299670,aifs,9,-0.2721,-0.3780,0.0040,1.7930,228
07301410,aifs,9,-0.3784,-0.3212,-0.1553,0.7332,227
07301500,aifs,9,-0.1808,-0.5659,0.0428,1.7707,200
07315200,aifs,9,-1.0967,-0.1043,-0.0440,1.3600,161
07315700,aifs,9,-6.3622,-2.0252,-0.0380,3.4673,218
07335700,aifs,9,-0.0585,-0.1636,0.1700,0.4921,229
07340300,aifs,9,-0.1343,0.3295,0.3475,0.9567,238
07346045,aifs,9,-3.1237,-0.2659,0.1662,0.7123,238
07359610,aifs,9,-0.3412,-0.0269,0.2510,1.6626,238
07362100,aifs,9,-0.7957,-0.1940,0.5532,2.0544,238
07362587,aifs,9,-0.5459,-0.4944,0.1597,2.2229,236
07373000,aifs,9,-0.0973,-0.1885,0.1594,0.5546,234
07375000,aifs,9,0.1072,-0.0307,0.3947,0.4707,238
07376000,aifs,9,0.0606,0.1378,0.3770,0.6307,238
08013000,aifs,9,0.3419,0.1916,0.7338,0.5869,238
08014500,aifs,9,0.1467,0.0434,0.5283,0.5633,238
08023080,aifs,9,-1.0951,-0.6989,0.0316,2.3958,238
08025500,aifs,9,-0.1279,0.0855,0.1867,0.9206,238
08029500,aifs,9,-0.2462,-0.0128,0.0936,1.1796,238
08050800,aifs,9,-0.0710,-0.1613,0.0835,0.7012,237
08066200,aifs,9,-0.1426,-0.2812,-0.0201,0.5796,238
08066300,aifs,9,-0.0421,-0.5553,0.0172,0.1907,238
08070000,aifs,9,-2.8465,-0.3518,0.1723,1.6763,238
08070200,aifs,9,-0.3230,0.1990,0.2185,0.9700,238
08079600,aifs,9,-5.2758,-3.6967,0.3912,5.3669,194
08082700,aifs,9,-0.0342,-0.3935,-0.0291,0.5995,224
08086212,aifs,9,0.0530,-0.2012,0.2351,1.4837,238
08086290,aifs,9,-0.1522,-1.7103,0.2346,3.5747,238
08101000,aifs,9,-6.8303,-1.5717,0.2384,2.7298,238
08103900,aifs,9,0.2246,0.1684,0.4955,0.8319,238
08104900,aifs,9,-0.1480,-0.1410,0.0866,0.5979,238
08109700,aifs,9,-0.0184,0.1804,0.2850,1.0303,222
08150800,aifs,9,-0.0075,-0.5210,-0.0094,0.3747,238
08155200,aifs,9,-0.9765,-1.1339,0.0788,2.9216,238
08158700,aifs,9,-4.6235,-8.2397,0.1292,10.1650,238
08158810,aifs,9,-0.2178,-0.0337,0.0911,1.2213,238
08164000,aifs,9,-3.1351,-0.4398,0.1383,1.7175,238
08164300,aifs,9,-0.2305,-0.0065,0.0879,0.9663,235
08164600,aifs,9,-7.3524,-4.0058,0.1413,5.6146,238
08165300,aifs,9,-0.0066,-0.4063,-0.0267,0.8342,238
08171300,aifs,9,-36.8099,-36.0431,0.0869,37.8289,238
08175000,aifs,9,-0.7579,-0.2161,0.0039,0.3202,238
08176900,aifs,9,-58.9746,-10.3098,0.0949,10.1766,238
08178880,aifs,9,-0.0525,-0.4640,0.0570,0.2534,238
08189500,aifs,9,-1.0419,0.0685,0.1157,0.7433,238
08190000,aifs,9,-0.0198,-0.3553,0.0212,0.6095,238
08190500,aifs,9,0.5293,0.1353,0.8179,1.8417,232
08194200,aifs,9,0.0045,-0.4670,0.1945,0.1855,238
08195000,aifs,9,0.0041,-0.3795,0.1111,0.4679,238
08196000,aifs,9,0.0650,0.0753,0.3177,1.3461,226
08198500,aifs,9,0.0037,-0.4685,0.1778,0.2509,238
08200000,aifs,9,-0.0325,-0.3720,0.0985,0.3116,238
08202700,aifs,9,-0.0283,-0.4516,0.0438,0.2583,237
08267500,aifs,9,-20.7430,-2.1343,0.7012,2.6103,238
08269000,aifs,9,-3.8110,-0.4249,0.6859,1.7100,238
08271000,aifs,9,-41.9637,-3.9873,0.7757,2.4328,238
08324000,aifs,9,0.1345,0.5815,0.7023,1.1250,238
08377900,aifs,9,-4.2046,-0.5184,0.3958,1.2998,238
08378500,aifs,9,-5.6638,-0.9260,0.5934,1.3095,230
08380500,aifs,9,-2.7442,-0.1726,0.4269,1.6121,238
09034900,aifs,9,0.1346,0.1975,0.8823,1.5881,234
09035900,aifs,9,0.5438,0.7327,0.8274,1.1001,204
09047700,aifs,9,-4.6400,-0.9721,0.8818,1.4086,236
09065500,aifs,9,0.6967,0.6114,0.9403,1.1550,238
09066000,aifs,9,-0.9701,0.1535,0.5887,1.1802,238
09066200,aifs,9,0.6989,0.6044,0.9347,1.2417,238
09066300,aifs,9,-0.4156,-0.0265,0.8012,1.8081,238
09081600,aifs,9,0.0893,0.5845,0.6240,1.0499,238
09107000,aifs,9,-1.2993,-0.0716,0.7246,1.2791,237
09210500,aifs,9,-1.4214,0.0958,0.7342,1.5458,211
09223000,aifs,9,-2.8232,-0.5544,0.8768,1.9821,177
09306242,aifs,9,-451.1528,-4.1202,0.8583,5.9649,236
09312600,aifs,9,-2.1472,-0.6151,0.4806,2.3885,238
09352900,aifs,9,-0.5019,0.3231,0.6080,1.2428,208
09378170,aifs,9,0.2549,0.2650,0.5409,1.3179,238
09378630,aifs,9,,,,,238
09386900,aifs,9,-19.9932,-2.7693,0.0019,2.2242,238
09404450,aifs,9,0.4949,0.7539,0.7780,0.9261,238
09430500,aifs,9,-1.3427,-0.0082,0.3837,0.2447,238
09430600,aifs,9,0.0627,-0.0748,0.7514,0.2332,238
09447800,aifs,9,-2.3735,-0.6356,0.0681,2.0607,238
09480000,aifs,9,-0.3755,-3.0639,-0.0336,4.8969,238
09484000,aifs,9,-0.8243,-0.4911,0.1533,2.2273,213
09484600,aifs,9,-0.7945,-1.2626,0.1814,3.1092,237
09492400,aifs,9,-0.4384,0.3707,0.7129,1.5117,236
09494000,aifs,9,-0.0185,0.5456,0.5931,1.0345,238
09497800,aifs,9,-0.1404,-0.6436,-0.2355,1.6230,238
09497980,aifs,9,-0.4078,0.0917,0.1219,0.9574,210
09505200,aifs,9,0.6809,0.7076,0.8275,1.0404,238
09505350,aifs,9,0.5814,0.6088,0.7637,1.1747,238
09505800,aifs,9,0.4948,0.7320,0.7446,1.0799,238
09508300,aifs,9,-0.2634,0.0141,0.1208,0.7345,238
09510200,aifs,9,-2.4264,-1.1612,0.1028,2.8749,219
09512280,aifs,9,-0.0630,-0.9714,-0.1042,2.3670,238
09513780,aifs,9,-6.8598,-7.5345,0.1601,9.4925,237
10023000,aifs,9,-15.1063,-0.6850,0.0738,2.2343,238
10166430,aifs,9,-13322.4846,-90.0599,0.5571,72.4203,238
10172700,aifs,9,-30.4577,-0.3220,0.6398,2.0319,238
10172800,aifs,9,-9.6486,-0.8581,0.8029,2.3500,238
10173450,aifs,9,-0.4576,0.3706,0.3979,1.0160,238
10205030,aifs,9,-198.3194,-10.1126,-0.0201,2.3695,238
10234500,aifs,9,-0.1068,-0.2707,-0.0345,0.8607,234
10242000,aifs,9,-29.6560,-3.7307,0.4104,4.4922,238
10244950,aifs,9,-37.5537,-1.5372,0.7120,1.5650,238
10249300,aifs,9,-45.3015,-4.5970,0.5085,4.3274,237
10258000,aifs,9,,,,,66
10258500,aifs,9,0.0242,-0.3341,0.2062,0.4020,238
10259000,aifs,9,0.7096,0.6531,0.8663,1.0611,238
10259200,aifs,9,-16.0419,-5.8717,0.5440,6.9580,238
10263500,aifs,9,-0.2619,0.2053,0.8320,1.2453,238
10310500,aifs,9,-1.7662,0.1079,0.9292,1.8092,238
10316500,aifs,9,-0.3152,0.3413,0.6799,1.2320,238
10329500,aifs,9,0.2391,0.4245,0.8681,1.2093,238
10336645,aifs,9,0.4785,0.6632,0.7788,1.2383,224
10336660,aifs,9,0.6027,0.7847,0.7982,1.0697,238
10343500,aifs,9,0.6144,0.5574,0.8255,0.8219,238
10348850,aifs,9,-2.1707,0.0290,0.8349,1.7265,238
10396000,aifs,9,0.6379,0.7849,0.8471,1.1445,238
11098000,aifs,9,-0.2371,0.3901,0.4615,1.2607,238
11124500,aifs,9,-3.2514,-1.0705,0.8699,2.4435,238
11141280,aifs,9,0.5128,0.5392,0.7223,1.0994,238
11143000,aifs,9,0.4689,0.5890,0.6911,1.1148,238
11148900,aifs,9,0.4750,0.2765,0.7479,0.5693,238
11151300,aifs,9,0.6288,0.4608,0.8987,1.0758,238
11162500,aifs,9,0.3854,0.3390,0.6483,0.6705,238
11176400,aifs,9,-0.2786,-0.0704,0.0655,0.6770,144
11180500,aifs,9,-3.0180,-1.7274,0.6903,3.2536,238
11180960,aifs,9,-1.7077,-0.8893,0.5051,2.6417,238
11224500,aifs,9,-0.0263,-0.6463,-0.0209,0.1268,238
11253310,aifs,9,-0.0249,-0.4028,0.0872,0.3527,238
11264500,aifs,9,-1.1486,0.1432,0.1908,1.0425,238
11266500,aifs,9,-1.0023,0.2106,0.2978,1.1525,238
11274500,aifs,9,-0.9502,0.0311,0.0628,1.2428,238
11274630,aifs,9,-1.4397,0.0156,0.0994,1.2587,238
11284400,aifs,9,-0.0434,-0.0375,0.3012,0.3379,238
11299600,aifs,9,0.2299,0.3487,0.4949,0.8589,235
11381500,aifs,9,0.6249,0.4842,0.8753,1.0155,238
11383500,aifs,9,0.6532,0.5331,0.8667,1.0688,238
11451100,aifs,9,0.1857,0.4038,0.8366,1.1946,106
11468500,aifs,9,0.7708,0.6381,0.9189,0.9834,238
11473900,aifs,9,0.7175,0.5083,0.9556,0.9423,238
11475560,aifs,9,0.9367,0.8379,0.9775,1.0215,238
11476600,aifs,9,0.8623,0.7773,0.9392,1.2079,237
11478500,aifs,9,0.9052,0.6179,0.9576,1.3744,238
11480390,aifs,9,0.7158,0.5204,0.9432,0.9494,238
11481200,aifs,9,0.8822,0.7699,0.9434,1.2216,238
11482500,aifs,9,0.7642,0.5055,0.9427,1.4411,238
11522500,aifs,9,0.4975,0.4668,0.8172,1.4965,238
11523200,aifs,9,-0.1709,0.1484,0.7419,1.7388,238
11528700,aifs,9,0.6740,0.5883,0.8488,1.1393,238
11532500,aifs,9,0.9284,0.8655,0.9653,1.1144,238
12010000,aifs,9,0.4274,0.4189,0.7006,0.6770,238
12013500,aifs,9,0.5089,0.5990,0.7222,0.8384,238
12020000,aifs,9,0.2006,0.3173,0.5228,0.6386,238
12025000,aifs,9,0.3781,0.6171,0.6513,1.0750,238
12025700,aifs,9,0.4140,0.6307,0.6709,0.9221,238
12035000,aifs,9,0.5953,0.6710,0.7838,0.8494,238
12040500,aifs,9,0.0940,0.5196,0.5459,0.8447,238
12041200,aifs,9,0.2410,0.6219,0.6729,0.8342,238
12043000,aifs,9,0.4456,0.6445,0.7105,0.8192,238
12048000,aifs,9,0.2847,0.6102,0.8094,1.2567,238
12054000,aifs,9,0.3760,0.5989,0.8078,1.3015,238
12056500,aifs,9,0.3978,0.6843,0.7238,0.8545,238
12073500,aifs,9,0.2915,0.6416,0.6544,1.0926,237
12082500,aifs,9,0.2192,0.2221,0.4700,0.9896,232
12092000,aifs,9,-0.0085,0.1105,0.2529,0.9722,238
12095000,aifs,9,0.4616,0.4824,0.6892,0.8918,238
12114500,aifs,9,0.3991,0.3616,0.6655,1.0112,238
12115000,aifs,9,0.3818,0.3507,0.6471,0.9868,238
12115500,aifs,9,0.3084,0.3061,0.5709,0.8420,238
12117000,aifs,9,0.4723,0.4912,0.6964,0.9548,238
12141300,aifs,9,0.1180,0.1821,0.3668,1.0686,238
12143600,aifs,9,0.1786,0.2484,0.4434,1.1704,234
12144000,aifs,9,0.2843,0.3731,0.5351,0.9913,237
12145500,aifs,9,0.4327,0.6384,0.6846,0.8911,238
12147600,aifs,9,0.0939,0.2169,0.3626,0.9215,238
12167000,aifs,9,0.2851,0.4192,0.5570,1.1660,238
12175500,aifs,9,-0.3950,0.3842,0.4176,1.1451,238
12186000,aifs,9,-0.0200,0.2906,0.3641,1.1569,235
12189500,aifs,9,0.0143,0.3512,0.4417,1.2438,237
12358500,aifs,9,0.6179,0.8084,0.8254,1.0228,238
12377150,aifs,9,0.5291,0.7588,0.7680,0.9342,238
12381400,aifs,9,0.3631,0.5183,0.8603,1.2196,205
12390700,aifs,9,0.3913,0.6086,0.6816,1.1805,238
12411000,aifs,9,0.6877,0.6991,0.8519,1.2256,227
12414500,aifs,9,0.6283,0.6641,0.8034,0.9046,238
12447390,aifs,9,-0.2090,-0.2443,0.2107,0.3640,238
12451000,aifs,9,0.3653,0.6450,0.7630,1.2248,238
12488500,aifs,9,0.4463,0.6605,0.7181,1.1585,238
13011500,aifs,9,0.6293,0.5357,0.9249,1.3453,238
13011900,aifs,9,0.7699,0.7859,0.9205,0.9815,238
13018300,aifs,9,-0.5134,-0.0346,0.9354,1.4993,238
13023000,aifs,9,0.5082,0.7526,0.7966,0.9221,196
13161500,aifs,9,0.5975,0.7308,0.8052,0.8251,238
13235000,aifs,9,0.5839,0.6606,0.7803,0.8904,236
13240000,aifs,9,0.8042,0.8651,0.8969,0.9967,159
13310700,aifs,9,0.5939,0.5190,0.8930,0.6808,238
13313000,aifs,9,0.6993,0.4896,0.9591,0.6481,238
13331500,aifs,9,0.4543,0.5140,0.8971,1.2282,238
13337000,aifs,9,0.6572,0.6941,0.8422,0.8246,238
13338500,aifs,9,0.7517,0.8544,0.8855,1.0820,238
13340000,aifs,9,0.4724,0.6229,0.7442,0.7904,238
13340600,aifs,9,0.5667,0.6049,0.8640,0.7031,238
14020000,aifs,9,0.2273,0.0990,0.7060,0.5763,238
14092750,aifs,9,0.5356,0.6106,0.7512,0.8807,238
14096850,aifs,9,-1.4623,0.2543,0.7638,0.4787,238
14137000,aifs,9,0.4148,0.4051,0.6618,0.9672,233
14138800,aifs,9,0.2463,0.2395,0.5066,0.8080,238
14138870,aifs,9,0.4143,0.4036,0.6699,0.7805,238
14138900,aifs,9,0.1735,0.1723,0.4271,0.8361,238
14139800,aifs,9,0.3907,0.3785,0.6508,0.7415,236
14141500,aifs,9,0.4483,0.4428,0.6895,0.8106,238
14154500,aifs,9,0.3062,0.6145,0.6634,1.1874,238
14158500,aifs,9,0.7849,0.7231,0.9227,1.0862,223
14158790,aifs,9,0.4850,0.6077,0.6983,0.9963,234
14166500,aifs,9,0.3699,0.4535,0.6088,0.9529,238
14182500,aifs,9,0.3755,0.5327,0.6353,0.8262,238
14185000,aifs,9,0.3818,0.6811,0.6851,1.0460,238
14185900,aifs,9,0.3929,0.6570,0.6708,1.0307,235
14187000,aifs,9,0.1772,0.5816,0.6464,1.1877,237
14216500,aifs,9,0.6288,0.6107,0.8058,0.9979,235
14222500,aifs,9,0.4177,0.4272,0.6566,0.9558,238
14236200,aifs,9,0.4826,0.5089,0.7059,0.8488,237
14301000,aifs,9,0.3820,0.4325,0.6232,0.8581,237
14303200,aifs,9,0.3377,0.3496,0.5902,0.9088,238
14305500,aifs,9,0.3199,0.5128,0.5918,0.8944,236
14306340,aifs,9,0.6307,0.5176,0.8385,0.7703,238
14306500,aifs,9,0.6546,0.6815,0.8132,0.9222,238
14308990,aifs,9,0.6781,0.5891,0.8590,0.9769,238
14309500,aifs,9,0.8983,0.8447,0.9532,1.0047,238
14316700,aifs,9,0.4994,0.6642,0.7224,1.1205,238
14325000,aifs,9,0.8314,0.8947,0.9238,0.9893,238
14362250,aifs,9,0.6215,0.3877,0.8829,0.5636,148
14400000,aifs,9,0.8325,0.8157,0.9163,0.8408,238
01013500,aifs,10,0.8871,0.8198,0.9505,0.8694,238
01022500,aifs,10,0.4159,0.5648,0.6541,1.0722,238
01030500,aifs,10,0.6266,0.7084,0.8729,1.1483,238
01031500,aifs,10,0.1806,0.5870,0.5922,1.0653,236
01047000,aifs,10,0.2258,0.5517,0.5687,0.9732,238
01052500,aifs,10,0.4050,0.4148,0.6571,0.7353,238
01054200,aifs,10,0.0311,0.0022,0.3358,0.4914,238
01055000,aifs,10,0.1830,0.4547,0.5078,0.9261,236
01057000,aifs,10,0.4165,0.6341,0.6699,0.9621,236
01073000,aifs,10,0.5563,0.7395,0.8026,1.1501,238
01078000,aifs,10,0.2157,0.3598,0.5335,0.7142,236
01118300,aifs,10,0.1687,0.3715,0.4986,0.7700,236
01121000,aifs,10,0.4194,0.6340,0.6826,1.1325,236
01123000,aifs,10,0.4899,0.5302,0.7093,0.8628,238
01134500,aifs,10,0.4858,0.6780,0.7254,0.8660,236
01137500,aifs,10,0.2410,0.4390,0.5523,0.7892,238
01139000,aifs,10,0.1757,0.6034,0.6071,0.9706,234
01139800,aifs,10,0.6636,0.8168,0.8318,1.0703,238
01142500,aifs,10,0.4779,0.7049,0.7263,0.9132,236
01144000,aifs,10,0.5479,0.7786,0.7874,0.9699,238
01169000,aifs,10,0.2107,0.4527,0.5146,0.9998,236
01170100,aifs,10,0.3732,0.5917,0.6405,0.9233,237
01181000,aifs,10,0.6298,0.7111,0.7937,1.0196,236
01187300,aifs,10,0.4422,0.4682,0.6709,0.9797,238
01195100,aifs,10,0.1388,0.1880,0.4186,0.7699,238
01333000,aifs,10,0.4171,0.5313,0.6538,0.8860,236
01350000,aifs,10,0.0927,0.0239,0.3352,0.6663,235
01350080,aifs,10,0.6189,0.5704,0.8114,0.7714,238
01350140,aifs,10,0.5517,0.5872,0.7740,0.7056,188
01365000,aifs,10,0.3001,0.3068,0.5729,0.7855,236
01411300,aifs,10,-0.1679,0.0177,0.1418,1.1539,229
01413500,aifs,10,0.3232,0.3098,0.6150,0.7453,236
01414500,aifs,10,0.0362,-0.0296,0.3416,0.5547,236
01415000,aifs,10,0.2523,0.1738,0.7047,0.5363,193
01423000,aifs,10,0.3204,0.2975,0.6576,0.6727,238
01434025,aifs,10,0.1012,0.3994,0.5322,0.6429,238
01435000,aifs,10,0.2446,0.2342,0.5156,0.7792,237
01439500,aifs,10,0.4129,0.4468,0.7156,0.7417,236
01440000,aifs,10,0.3776,0.4261,0.6353,0.8365,238
01440400,aifs,10,0.4813,0.5445,0.7096,0.8378,212
01451800,aifs,10,0.1435,0.2751,0.4160,0.9210,236
01466500,aifs,10,-3.1989,-0.8185,0.8385,0.9865,236
01484100,aifs,10,-0.3392,0.4048,0.4861,1.2396,238
01485500,aifs,10,-2.5676,-0.3958,0.4376,1.9030,233
01486000,aifs,10,-1.0415,0.0889,0.4664,1.6517,238
01487000,aifs,10,0.3584,0.6818,0.7474,1.0331,238
01491000,aifs,10,0.4582,0.5196,0.6780,0.9771,238
01510000,aifs,10,0.5622,0.6331,0.7510,0.9389,238
01516500,aifs,10,0.0578,0.0009,0.3731,0.5504,238
01518862,aifs,10,0.1284,0.2164,0.4692,0.6330,238
01532000,aifs,10,0.1185,0.4918,0.5197,0.8737,236
01539000,aifs,10,0.2241,0.4151,0.5510,0.7823,220
01542810,aifs,10,0.1564,0.3188,0.4551,0.8135,236
01543000,aifs,10,0.2457,0.4949,0.5927,0.7565,238
01543500,aifs,10,0.2983,0.4935,0.6141,0.7711,236
01544500,aifs,10,0.3739,0.4065,0.7215,0.6354,238
01545600,aifs,10,0.4142,0.3546,0.7620,0.6341,238
01547700,aifs,10,-0.0107,-0.0641,0.1848,0.7537,238
01548500,aifs,10,0.2881,0.2881,0.6710,0.5923,236
01549500,aifs,10,0.3515,0.3891,0.6632,0.6762,236
01550000,aifs,10,0.2417,0.2962,0.6011,0.6301,236
01552000,aifs,10,0.2144,0.3956,0.5448,0.7517,238
01552500,aifs,10,0.2138,0.4430,0.5535,0.7712,238
01557500,aifs,10,-0.2231,0.1573,0.2148,0.8777,238
01567500,aifs,10,-0.0292,0.1471,0.2614,1.0053,238
01568000,aifs,10,-0.0715,0.2135,0.2881,1.0786,238
01580000,aifs,10,-0.1838,0.1616,0.2296,0.8875,234
01583500,aifs,10,-0.1420,0.1768,0.2690,0.8182,238
01586610,aifs,10,-0.2240,0.1591,0.2449,0.7737,204
01591400,aifs,10,-0.4206,0.1991,0.2077,0.9672,238
01596500,aifs,10,-0.2924,0.0609,0.1509,0.7443,236
01605500,aifs,10,-7.0404,-1.0411,0.2130,1.3363,236
01606500,aifs,10,-2.6870,-0.1678,0.1793,0.9223,211
01613050,aifs,10,-0.5808,0.1531,0.1604,1.0916,238
01620500,aifs,10,0.0143,0.2228,0.4401,0.5421,236
01632000,aifs,10,-0.9615,0.1362,0.1544,0.9003,236
01632900,aifs,10,-0.8840,0.2430,0.2990,0.9954,236
01634500,aifs,10,-0.3163,0.1686,0.1990,0.9180,221
01638480,aifs,10,-2.6042,-0.3176,0.2594,1.8175,233
01639500,aifs,10,-0.2535,0.1915,0.2261,1.0660,238
01644000,aifs,10,-1.2181,-0.0456,0.3148,1.7604,238
01658500,aifs,10,-1.0341,0.1099,0.1325,1.1259,207
01664000,aifs,10,-0.1137,0.2902,0.3291,0.8996,238
01666500,aifs,10,-0.0100,0.3610,0.3936,1.0180,223
01667500,aifs,10,-0.2366,0.3679,0.3709,1.0578,216
01669000,aifs,10,0.2841,0.5088,0.5685,1.0123,213
01669520,aifs,10,-1.8049,-0.0429,0.5181,1.6767,236
02011400,aifs,10,-1.6602,0.0252,0.3360,1.2981,238
02011460,aifs,10,-0.7382,0.2533,0.2866,0.8871,238
02013000,aifs,10,-0.2981,0.2686,0.3007,1.1971,238
02014000,aifs,10,-0.5512,0.3019,0.3136,1.0467,237
02015700,aifs,10,-0.7368,0.2949,0.3599,1.0613,220
02016000,aifs,10,-0.9877,0.2322,0.4234,1.0672,237
02017500,aifs,10,-0.6334,0.3181,0.4909,1.1923,236
02018000,aifs,10,-0.3632,0.3921,0.5233,1.2249,231
02027000,aifs,10,0.1577,0.5837,0.6418,0.8240,218
02027500,aifs,10,0.4272,0.5210,0.7385,0.6458,221
02028500,aifs,10,0.1934,0.5085,0.5490,0.8736,213
02038850,aifs,10,-0.1380,0.2222,0.2935,0.8103,236
02046000,aifs,10,-0.1660,0.2232,0.4000,1.4782,228
02051000,aifs,10,-0.2165,0.0282,0.1167,0.9647,238
02051500,aifs,10,-0.1079,0.2869,0.3403,1.1834,236
02053200,aifs,10,-3.4223,-0.4359,0.1825,1.6411,210
02053800,aifs,10,0.0334,0.2784,0.3696,0.8845,219
02055100,aifs,10,0.1352,0.5326,0.5623,1.1569,236
02056900,aifs,10,0.1007,0.4521,0.4931,0.8687,212
02059500,aifs,10,0.1136,0.4975,0.5459,0.8032,207
02064000,aifs,10,0.1217,0.2128,0.4240,0.7211,226
02065500,aifs,10,0.1357,0.3226,0.5419,0.6439,236
02069700,aifs,10,0.2018,0.4812,0.5526,1.1599,210
02070000,aifs,10,0.0483,0.4273,0.4771,1.1779,236
02074500,aifs,10,0.1240,0.4864,0.5139,1.1092,238
02077200,aifs,10,-0.6446,0.2504,0.3498,1.3100,233
02081500,aifs,10,-0.5062,-0.0469,0.0761,1.4360,238
02082950,aifs,10,-2.3740,-0.3037,0.3696,1.7264,238
02092500,aifs,10,-3.6070,-0.8608,0.2143,2.4488,238
02096846,aifs,10,-0.8487,-0.1266,0.0175,1.5453,238
02102908,aifs,10,-0.1515,0.0123,0.1325,0.9239,238
02108000,aifs,10,0.2952,0.5897,0.6480,1.2067,238
02111180,aifs,10,-0.1695,-0.1192,0.0296,1.0030,238
02111500,aifs,10,-0.4928,0.1157,0.1301,0.9740,236
02118500,aifs,10,-0.4265,0.3013,0.3045,1.0647,238
02128000,aifs,10,-1.3767,-0.7432,0.1441,2.5080,238
02137727,aifs,10,-0.4729,0.0010,0.0395,0.9695,238
02140991,aifs,10,-0.5356,0.0094,0.0460,1.1186,238
02143000,aifs,10,-2.0159,0.0145,0.1965,1.2701,238
02143040,aifs,10,-1.6180,0.0539,0.1689,1.0001,236
02149000,aifs,10,-0.2009,-0.0510,0.0658,1.0125,238
02152100,aifs,10,-0.9502,0.0510,0.0531,1.0582,238
02177000,aifs,10,-0.1742,0.0693,0.1638,1.0659,236
02178400,aifs,10,-0.1556,0.3721,0.3783,0.9643,236
02193340,aifs,10,-1.0600,0.0480,0.1393,1.3765,238
02196000,aifs,10,-0.0544,-0.3391,0.0687,0.4478,238
02198100,aifs,10,-0.0889,-0.2001,0.0334,1.1831,237
02202600,aifs,10,-0.3438,-0.3026,0.1619,1.7522,238
02212600,aifs,10,-0.2127,-0.0122,0.0925,1.0948,236
02215100,aifs,10,0.0877,-0.0154,0.3600,0.6308,238
02216180,aifs,10,-0.0631,-0.4524,-0.0453,0.4440,236
02221525,aifs,10,-0.0599,0.1545,0.2589,1.0980,236
02231000,aifs,10,-2.6243,-0.4537,0.5494,1.7060,238
02231342,aifs,10,-3.2895,-0.5518,0.3805,1.9529,238
02235200,aifs,10,0.1732,0.5344,0.5729,1.1475,237
02245500,aifs,10,-7.2658,-1.1550,0.3570,1.4698,238
02246000,aifs,10,-2.8675,-0.2714,0.3712,1.0700,236
02296500,aifs,10,-0.7359,-0.3808,0.6758,2.2039,227
02297155,aifs,10,-0.0688,-0.1891,0.3126,0.2803,237
02297310,aifs,10,0.1234,0.3659,0.4987,0.6738,228
02298123,aifs,10,0.2322,0.1833,0.5692,0.4972,238
02298608,aifs,10,-0.3714,0.3696,0.3940,1.1329,238
02299950,aifs,10,-1.0007,0.1884,0.2417,0.8932,238
02300700,aifs,10,0.0521,0.1288,0.3572,0.6100,238
02310947,aifs,10,-0.7443,-2.0538,-0.2951,3.6731,238
02312200,aifs,10,-19.8896,-4.2071,0.2768,6.1456,238
02314500,aifs,10,-0.0535,0.0056,0.3302,0.6048,238
02315500,aifs,10,-0.3296,-0.6563,-0.2879,0.4428,238
02324400,aifs,10,-0.2052,-1.0284,-0.5320,0.1148,238
02327100,aifs,10,-12.2507,-2.2461,0.3399,2.6993,236
02349900,aifs,10,0.0679,-0.0232,0.2663,0.8752,238
02350900,aifs,10,0.1098,0.3794,0.6439,0.6411,238
02361000,aifs,10,-0.1215,0.2584,0.3737,0.7038,238
02363000,aifs,10,0.1485,-0.0203,0.6813,0.3596,236
02369800,aifs,10,-0.0018,-0.2749,0.1770,0.4853,237
02371500,aifs,10,0.1606,0.0375,0.5628,0.7490,238
02372250,aifs,10,0.2235,0.1115,0.6179,0.7698,236
02374500,aifs,10,0.0628,0.0338,0.3177,0.7409,238
02381600,aifs,10,-0.2239,-0.0815,0.0358,0.9893,237
02384540,aifs,10,-0.0011,0.0613,0.2907,0.7613,238
02395120,aifs,10,-2.8033,-0.1953,0.2088,1.1120,238
02408540,aifs,10,-0.0427,0.3018,0.3496,0.9427,238
02415000,aifs,10,-0.0277,0.2391,0.3153,0.9646,228
02422500,aifs,10,-0.7339,0.2701,0.3695,1.2806,221
02427250,aifs,10,-0.0995,0.0955,0.2104,1.1493,238
02430085,aifs,10,-0.1184,0.1529,0.2478,1.1823,238
02450250,aifs,10,0.0280,0.1159,0.2754,0.9829,236
02464000,aifs,10,0.1428,0.2316,0.4025,0.8813,238
02465493,aifs,10,-0.0084,0.2836,0.3542,1.0931,235
02469800,aifs,10,0.0110,0.0273,0.3367,0.5422,236
02472000,aifs,10,0.1124,-0.0253,0.4379,0.5201,238
02472500,aifs,10,-0.1517,0.0519,0.2600,0.5416,238
02479155,aifs,10,0.1964,0.0039,0.5659,0.5173,238
02479300,aifs,10,0.1242,-0.1112,0.5132,0.3979,238
02481000,aifs,10,0.0807,-0.2421,0.4731,0.2330,238
02481510,aifs,10,0.1083,-0.1486,0.5417,0.3095,238
03010655,aifs,10,0.3578,0.4138,0.6847,0.6575,209
03011800,aifs,10,0.1422,0.3850,0.5026,0.7700,238
03015500,aifs,10,0.2285,0.6113,0.6175,0.9308,238
03021350,aifs,10,0.1231,0.4318,0.5126,0.7545,236
03026500,aifs,10,0.1392,0.4015,0.4800,0.8450,238
03028000,aifs,10,0.1653,0.4546,0.5912,0.6928,236
03049800,aifs,10,-0.0062,-0.0452,0.2603,0.6130,236
03050000,aifs,10,-1.3918,0.1169,0.2293,0.9947,236
03066000,aifs,10,-0.3102,0.2608,0.3187,0.7251,238
03069500,aifs,10,-0.5447,0.1942,0.2370,0.7413,236
03070500,aifs,10,-0.9206,0.2551,0.3800,1.0352,236
03076600,aifs,10,-0.3296,0.1290,0.2315,0.6514,238
03078000,aifs,10,-0.4330,0.0487,0.1286,0.6979,238
03140000,aifs,10,0.1872,0.1892,0.4371,0.8486,236
03144000,aifs,10,-0.2709,0.1136,0.1644,0.9446,238
03159540,aifs,10,-0.3177,0.1137,0.1616,0.8687,238
03161000,aifs,10,-0.2542,0.0892,0.1676,0.8679,238
03164000,aifs,10,-0.4594,0.3534,0.3755,0.8822,238
03165000,aifs,10,-0.1964,0.0466,0.1458,0.8867,221
03170000,aifs,10,0.1675,0.3823,0.4865,0.8647,238
03173000,aifs,10,-0.1388,0.4601,0.4644,0.9654,236
03180500,aifs,10,-0.2017,0.2935,0.3166,0.8859,222
03182500,aifs,10,-0.8191,0.2571,0.3072,1.0568,236
03186500,aifs,10,0.0787,0.4504,0.4853,0.8591,236
03187500,aifs,10,-0.2666,0.4336,0.4736,0.8732,235
03213700,aifs,10,-0.5007,0.3588,0.4162,1.1486,238
03237280,aifs,10,-0.1743,0.1219,0.2241,0.7376,238
03237500,aifs,10,-0.5560,0.1562,0.1704,1.1388,236
03241500,aifs,10,-0.1410,-0.0789,0.1142,0.6859,225
03280700,aifs,10,-1.2904,0.1481,0.3983,1.0404,213
03281100,aifs,10,-1.6541,0.0589,0.3349,1.0570,236
03281500,aifs,10,-0.9163,0.2572,0.3935,0.9775,223
03285000,aifs,10,-1.6435,-0.3079,0.3169,1.9672,235
03291780,aifs,10,-0.1258,-0.1373,0.0445,0.8588,238
03300400,aifs,10,-0.3422,0.0328,0.0881,1.0336,238
03340800,aifs,10,-0.8001,0.1056,0.1074,0.9451,190
03346000,aifs,10,-0.3233,-0.0695,0.1031,0.5416,238
03364500,aifs,10,-0.0628,-0.2409,0.0938,0.5365,238
03366500,aifs,10,-0.1031,-0.1253,0.0954,0.6853,238
03368000,aifs,10,-0.0681,-0.2140,0.0754,0.6073,238
03384450,aifs,10,-0.1115,-0.1417,0.0593,0.7712,238
03439000,aifs,10,-0.2490,-0.2766,-0.0179,0.6577,236
03450000,aifs,10,-0.1054,-0.1281,0.0900,0.8108,238
03455500,aifs,10,-0.7529,0.0858,0.1335,0.7205,236
03456500,aifs,10,-0.3786,-0.1250,-0.0063,0.7839,236
03460000,aifs,10,-0.6143,0.2000,0.3863,0.6087,238
03463300,aifs,10,-0.3623,0.0807,0.1353,0.8486,238
03471500,aifs,10,0.1737,0.5463,0.6479,0.7253,236
03473000,aifs,10,-0.1483,0.3764,0.4545,0.7224,238
03479000,aifs,10,-0.3211,0.2378,0.2553,0.9131,236
03488000,aifs,10,0.1953,0.4136,0.5395,0.7458,238
03498500,aifs,10,-0.1504,0.2149,0.3294,0.7333,238
03500000,aifs,10,-0.1397,0.4449,0.4797,0.8322,236
03504000,aifs,10,-0.4051,0.2775,0.3065,0.8493,236
03574500,aifs,10,0.0712,0.0186,0.3450,0.6072,238
03604000,aifs,10,-0.1437,-0.2825,-0.0446,0.7730,236
04015330,aifs,10,0.2178,0.0597,0.5148,0.4990,197
04024430,aifs,10,0.3704,0.4494,0.6449,0.6793,238
04027000,aifs,10,0.4390,0.4341,0.6847,0.7278,238
04040500,aifs,10,0.8231,0.8041,0.9100,0.9058,238
04043050,aifs,10,0.7851,0.8145,0.8891,0.8859,182
04045500,aifs,10,0.8639,0.7989,0.9453,0.8067,234
04056500,aifs,10,0.5810,0.4593,0.8579,0.7134,229
04057510,aifs,10,0.8696,0.6864,0.9657,0.7698,158
04057800,aifs,10,0.7895,0.6512,0.9063,0.7321,238
04059500,aifs,10,0.8450,0.7686,0.9316,0.9677,238
04063700,aifs,10,0.6831,0.4013,0.9513,0.5917,238
04074950,aifs,10,0.5904,0.5082,0.8879,0.7341,238
04105700,aifs,10,0.4201,0.4704,0.6853,0.8969,238
04115265,aifs,10,0.3531,0.3186,0.6312,0.9147,238
04122200,aifs,10,0.2989,0.3089,0.6150,0.8039,238
04122500,aifs,10,0.6035,0.5851,0.8199,0.8860,236
04124000,aifs,10,0.7139,0.6234,0.8779,0.9750,238
04127997,aifs,10,0.4301,0.4071,0.7218,0.8856,201
04185000,aifs,10,0.5385,0.5372,0.7489,0.8096,215
04196800,aifs,10,0.0779,0.2424,0.3882,0.7411,238
04197100,aifs,10,0.2280,0.4277,0.5134,1.0388,238
04197170,aifs,10,0.0246,0.3594,0.4026,0.9558,238
04213000,aifs,10,-0.2223,0.4534,0.4723,1.0294,236
04213075,aifs,10,-0.0047,0.1994,0.3174,0.8294,234
04216418,aifs,10,0.2943,0.4982,0.5703,0.9584,238
04221000,aifs,10,0.0033,0.1414,0.4216,0.5656,238
04224775,aifs,10,0.0602,0.0733,0.4286,0.5310,236
04256000,aifs,10,0.4605,0.6945,0.7690,1.1671,236
04296000,aifs,10,0.3335,0.5998,0.6322,0.9044,236
05057000,aifs,10,-1.1730,0.0965,0.4184,0.5127,160
05057200,aifs,10,0.6033,0.7323,0.7798,0.9928,237
05062500,aifs,10,0.5456,0.6427,0.7444,0.8962,199
05087500,aifs,10,0.2402,0.4812,0.5420,0.9190,238
05120500,aifs,10,-10.0646,-1.4924,-0.0633,3.1955,210
05123400,aifs,10,-0.3916,-0.6523,-0.0184,0.1576,238
05129115,aifs,10,-0.8334,-0.8962,-0.2632,0.0000,238
05131500,aifs,10,0.0810,0.0265,0.4926,0.4698,142
05291000,aifs,10,-0.3891,0.1882,0.2687,0.6690,238
05362000,aifs,10,0.4455,0.6623,0.7078,0.8510,237
05393500,aifs,10,0.4152,0.6101,0.6759,0.8401,238
05399500,aifs,10,0.2363,0.4216,0.5355,0.7733,236
05408000,aifs,10,-0.0049,-0.0323,0.2455,0.7949,237
05412500,aifs,10,-0.1500,0.1175,0.3090,0.6402,238
05413500,aifs,10,-0.5127,-0.0453,0.0718,0.7561,208
05414000,aifs,10,-0.2004,0.0490,0.5413,0.5685,204
05444000,aifs,10,-0.1631,-0.0438,0.2009,0.6285,236
05454000,aifs,10,-0.2261,0.0748,0.2313,0.6121,238
05458000,aifs,10,-0.2302,-0.1259,0.0487,0.6824,238
05466500,aifs,10,0.1096,0.0264,0.3924,0.6478,236
05487980,aifs,10,-0.2761,-0.1746,0.0045,0.6064,236
05488200,aifs,10,-0.1668,-0.2886,0.0396,0.3842,236
05489000,aifs,10,-0.1302,-0.3503,0.0264,0.3397,236
05495000,aifs,10,-0.8720,0.1130,0.1174,1.0667,236
05495500,aifs,10,-0.0141,-0.2139,0.1968,0.3976,232
05501000,aifs,10,-0.0644,-0.3182,0.0569,0.4339,236
05503800,aifs,10,-0.1521,-0.0946,0.0967,0.6531,238
05507600,aifs,10,-0.7404,0.0665,0.0784,0.8634,238
05508805,aifs,10,-0.6190,0.1737,0.2474,1.3355,236
05514500,aifs,10,-0.0779,0.0344,0.1880,0.8025,236
05525500,aifs,10,0.1129,0.3463,0.4259,0.9882,236
05556500,aifs,10,-0.1196,-0.2272,0.1405,0.4588,238
05584500,aifs,10,-0.0121,-0.0672,0.2853,0.4747,236
05585000,aifs,10,-0.0116,-0.0621,0.3401,0.4242,238
05591550,aifs,10,-0.0581,0.0633,0.2238,0.7555,236
05592050,aifs,10,-0.1333,0.0459,0.1973,0.6853,222
05592575,aifs,10,-0.2433,-0.1359,0.0435,0.6150,236
05593575,aifs,10,-0.4709,0.0958,0.2599,1.5191,238
05593900,aifs,10,-0.1456,-0.1394,0.0715,0.6414,236
05595730,aifs,10,-0.5112,0.1493,0.3259,1.5095,238
06037500,aifs,10,-2.5420,0.3281,0.8333,1.2963,238
06043500,aifs,10,0.2877,0.3461,0.9513,1.3638,238
06154410,aifs,10,-0.1320,-0.1281,0.1140,0.6502,238
06188000,aifs,10,0.8285,0.8763,0.9264,1.0153,238
06191500,aifs,10,0.7199,0.6580,0.9420,1.1416,238
06221400,aifs,10,0.8414,0.8632,0.9347,1.0641,238
06224000,aifs,10,0.6851,0.8287,0.8521,1.0788,238
06289000,aifs,10,0.3012,0.6275,0.6553,0.8779,238
06332515,aifs,10,0.2767,0.3112,0.5275,0.9113,118
06339100,aifs,10,-0.1172,0.2762,0.4485,1.4681,174
06339500,aifs,10,-0.1194,0.0199,0.7172,0.2587,167
06344600,aifs,10,-1.5534,-1.3853,0.5713,3.2162,177
06350000,aifs,10,-3.6849,-0.8495,0.6145,2.2899,238
06352000,aifs,10,-0.0140,-0.1042,0.5053,1.3308,237
06353000,aifs,10,-0.0035,-0.1170,0.5089,0.8054,236
06354000,aifs,10,0.3955,0.3015,0.8391,0.4930,173
06360500,aifs,10,0.1160,0.1360,0.5252,1.5438,139
06404000,aifs,10,-6.5967,-0.8574,-0.1331,1.5546,205
06406000,aifs,10,-166.5265,-3.7765,0.8981,5.7292,180
06408700,aifs,10,-1649.9090,-4.1042,0.1743,1.5117,238
06409000,aifs,10,-1.3833,0.6629,0.8706,1.2575,193
06431500,aifs,10,-1.9111,0.2855,0.3795,1.1044,227
06440200,aifs,10,-0.1880,-0.0988,0.2323,0.2819,160
06441500,aifs,10,-68.0202,-7.1720,-0.0502,5.1418,177
06447000,aifs,10,-0.3233,-0.1544,0.0161,0.5836,140
06447500,aifs,10,-0.1003,-0.1312,0.3338,0.7012,238
06450500,aifs,10,0.0606,-0.0684,0.4371,1.0472,208
06452000,aifs,10,-0.0059,-0.3325,0.0194,1.0151,175
06453600,aifs,10,-0.2969,-0.2439,0.2640,1.7076,235
06464500,aifs,10,-0.2413,0.1089,0.1713,1.0654,175
06477500,aifs,10,-9.9556,-2.1746,0.0353,3.3261,237
06479215,aifs,10,-0.1110,-0.2238,0.0882,0.5602,238
06479438,aifs,10,-0.1490,-0.5663,-0.0169,0.2157,238
06601000,aifs,10,-0.4001,-0.1375,-0.0356,0.8267,238
06614800,aifs,10,0.7730,0.6021,0.9389,1.3586,238
06622700,aifs,10,-0.3764,0.1339,0.7508,1.6304,238
06623800,aifs,10,0.8216,0.9090,0.9133,0.9872,238
06632400,aifs,10,-0.3633,0.3065,0.4497,1.3972,238
06784000,aifs,10,-0.8456,-0.2843,-0.0359,1.3038,238
06803510,aifs,10,-0.0902,-0.3003,-0.0128,0.6255,238
06803530,aifs,10,-0.1237,-0.2680,-0.0337,0.7543,238
06814000,aifs,10,-0.4727,-0.1488,-0.0101,0.5645,238
06846500,aifs,10,-0.0095,-0.4721,-0.0594,1.3789,238
06847900,aifs,10,-0.0224,-0.3267,0.0445,1.3024,238
06853800,aifs,10,-0.5811,-0.3707,-0.0314,1.7719,238
06876700,aifs,10,-0.0535,-0.3750,0.2863,0.2066,238
06878000,aifs,10,-0.5188,-0.1482,0.0065,0.5019,238
06879650,aifs,10,0.1116,-0.1536,0.4711,0.3266,237
06885500,aifs,10,-0.1309,-0.3708,0.0211,0.3328,238
06888500,aifs,10,-0.0570,-0.4795,0.0143,0.2980,238
06889200,aifs,10,-0.1125,-0.3004,0.0200,0.4783,238
06889500,aifs,10,-0.5037,-0.0782,-0.0051,0.7486,238
06892000,aifs,10,-0.5128,-0.1576,-0.0013,0.5089,238
06903400,aifs,10,-0.0987,-0.5423,0.0210,0.1274,238
06906800,aifs,10,-0.0526,-0.2357,0.1424,0.4042,238
06910800,aifs,10,-0.1676,-0.2998,-0.0056,0.4713,238
06911900,aifs,10,-0.1479,-0.3376,-0.0121,0.4342,238
06917000,aifs,10,-0.1408,-0.3026,0.0681,0.3512,238
06918460,aifs,10,0.0833,0.1692,0.3456,0.8559,238
06919500,aifs,10,-0.0571,-0.0697,0.2814,0.3836,238
06921070,aifs,10,-0.0188,-0.2240,0.1593,0.5320,238
06921200,aifs,10,-0.0689,-0.4528,0.0819,0.2537,238
06934000,aifs,10,0.1451,0.2424,0.5097,0.6260,237
07014500,aifs,10,0.0172,-0.1481,0.2257,0.6277,238
07056000,aifs,10,-1.5040,0.0715,0.1688,0.9206,238
07057500,aifs,10,-0.1515,0.1971,0.2796,0.8097,230
07060710,aifs,10,-0.0001,-0.3951,0.0262,1.0505,238
07066000,aifs,10,0.0604,0.2338,0.3807,0.8057,238
07067000,aifs,10,-0.0250,0.3574,0.5658,0.5945,238
07068000,aifs,10,0.1666,0.4270,0.5475,0.8097,237
07071500,aifs,10,-0.2776,0.5056,0.5580,0.8238,238
07083000,aifs,10,-1.8639,-0.4919,0.8862,1.8196,238
07142300,aifs,10,-8.2461,-4.9932,-0.1071,6.8291,238
07145700,aifs,10,-0.0224,-0.5879,0.0281,0.1659,238
07148400,aifs,10,-1.1568,0.1633,0.5336,1.4190,238
07149000,aifs,10,-0.2550,0.3683,0.5398,1.4299,238
07151500,aifs,10,-0.0415,-0.5067,-0.0493,0.4069,238
07167500,aifs,10,-0.0661,-0.3797,0.0335,1.6553,238
07180500,aifs,10,-0.0839,-0.2330,0.0330,0.6805,238
07184000,aifs,10,-0.0189,-0.3572,0.1440,0.2886,236
07195800,aifs,10,-0.0304,0.1360,0.2818,0.7736,236
07196900,aifs,10,-0.3420,0.0941,0.1398,1.1126,237
07197000,aifs,10,-0.6693,0.2265,0.2308,0.9875,238
07208500,aifs,10,-0.0203,0.4701,0.7258,1.0911,238
07226500,aifs,10,-0.0181,-0.5002,-0.0003,0.3374,236
07261000,aifs,10,-2.1765,-0.3015,0.2043,1.8084,236
07263295,aifs,10,-2.8065,-1.7999,0.0594,3.5660,236
07290650,aifs,10,-0.1599,-0.1566,0.1017,0.5632,238
07291000,aifs,10,-0.1851,-0.2978,0.1182,0.3415,238
07292500,aifs,10,0.0006,0.0325,0.2504,0.7390,238
07295000,aifs,10,0.0442,-0.0601,0.2719,0.5956,238
07299670,aifs,10,-0.2187,-0.3356,0.0647,1.7972,228
07301410,aifs,10,-0.3596,-0.3139,-0.1437,0.7351,227
07301500,aifs,10,-0.1809,-0.5665,0.0419,1.7708,200
07315200,aifs,10,-1.6406,-0.1830,-0.0278,1.5306,161
07315700,aifs,10,-9.5222,-2.7281,-0.0440,4.0000,218
07335700,aifs,10,-0.1882,-0.0674,0.1356,0.5670,229
07340300,aifs,10,-0.8346,0.2694,0.3595,1.0899,238
07346045,aifs,10,-3.7538,-0.3916,0.1676,0.8152,238
07359610,aifs,10,-1.1080,-0.1043,0.3162,1.8067,238
07362100,aifs,10,-2.2671,-0.6006,0.4783,2.2755,238
07362587,aifs,10,-1.4787,-0.6852,0.0711,2.3892,236
07373000,aifs,10,-0.1170,-0.2457,0.1265,0.5295,234
07375000,aifs,10,0.0825,-0.0084,0.3635,0.4747,238
07376000,aifs,10,0.0181,0.0728,0.3328,0.6020,238
08013000,aifs,10,0.2715,0.1479,0.6463,0.5820,238
08014500,aifs,10,0.1536,0.0540,0.5289,0.5648,238
08023080,aifs,10,-1.8095,-0.9020,0.0983,2.6321,238
08025500,aifs,10,-0.2300,-0.0714,0.0485,0.8575,238
08029500,aifs,10,-0.2980,-0.0902,0.0179,1.1599,238
08050800,aifs,10,-2.5265,-0.1673,-0.0046,1.1074,237
08066200,aifs,10,-0.1005,-0.3365,-0.0177,0.5110,238
08066300,aifs,10,-0.0563,-0.5426,-0.0118,0.2120,238
08070000,aifs,10,-7.1073,-1.1761,0.0714,2.0270,238
08070200,aifs,10,-1.1101,0.0984,0.1262,1.1226,238
08079600,aifs,10,-6.2137,-3.2568,-0.0053,4.8881,194
08082700,aifs,10,-0.0355,-0.3827,-0.0369,0.6633,224
08086212,aifs,10,-0.0432,-0.2754,0.0841,1.5502,238
08086290,aifs,10,-0.6247,-1.7406,0.0952,3.5832,238
08101000,aifs,10,-10.5100,-2.2644,0.3181,3.0583,238
08103900,aifs,10,0.1779,0.1576,0.4251,0.8432,238
08104900,aifs,10,-0.1886,-0.1252,0.0866,0.5780,238
08109700,aifs,10,-0.0816,0.1822,0.2747,1.1808,222
08150800,aifs,10,-0.0088,-0.5133,-0.0105,0.3797,238
08155200,aifs,10,-0.7578,-1.0886,0.1418,2.8956,238
08158700,aifs,10,-4.7008,-8.8102,0.1993,10.7438,238
08158810,aifs,10,-0.1255,-0.0116,0.1358,1.1885,238
08164000,aifs,10,-3.7752,-0.6970,0.1100,2.0074,238
08164300,aifs,10,-0.1967,-0.0877,0.0413,1.0205,235
08164600,aifs,10,-10.4497,-4.7589,0.1629,6.2243,238
08165300,aifs,10,-0.0114,-0.3946,-0.0320,0.8410,238
08171300,aifs,10,-31.7051,-35.7057,0.1087,37.5413,238
08175000,aifs,10,-3.3419,-0.3636,0.0046,0.5700,238
08176900,aifs,10,-25.6509,-8.0586,0.2959,9.0456,238
08178880,aifs,10,-0.0558,-0.4787,0.0471,0.2428,238
08189500,aifs,10,-2.5032,-0.1320,0.1070,0.9357,238
08190000,aifs,10,-0.0228,-0.3763,0.0058,0.5909,238
08190500,aifs,10,0.5458,0.2256,0.8057,1.7493,232
08194200,aifs,10,-0.0324,-0.5130,0.0286,0.2153,238
08195000,aifs,10,0.0014,-0.3916,0.0974,0.4611,238
08196000,aifs,10,0.0706,0.0615,0.3045,1.2729,226
08198500,aifs,10,0.0003,-0.4928,0.1285,0.2543,238
08200000,aifs,10,-0.0342,-0.4070,0.0868,0.2829,238
08202700,aifs,10,-0.0645,-0.3713,0.0361,0.3393,237
08267500,aifs,10,-20.6200,-2.1141,0.7014,2.6119,238
08269000,aifs,10,-4.5965,-0.5718,0.6497,1.7344,238
08271000,aifs,10,-42.3812,-3.9994,0.7720,2.4444,238
08324000,aifs,10,0.0693,0.5516,0.6943,1.1335,238
08377900,aifs,10,-4.5199,-0.5789,0.3889,1.3097,238
08378500,aifs,10,-6.0092,-0.9803,0.5865,1.3203,230
08380500,aifs,10,-2.8471,-0.1943,0.4213,1.6178,238
09034900,aifs,10,0.1182,0.1840,0.8841,1.5956,234
09035900,aifs,10,0.5371,0.7250,0.8282,1.1059,204
09047700,aifs,10,-4.7774,-0.9926,0.8795,1.4159,236
09065500,aifs,10,0.6683,0.5820,0.9394,1.1672,238
09066000,aifs,10,-1.0210,0.1389,0.5829,1.1860,238
09066200,aifs,10,0.6912,0.5812,0.9393,1.2545,238
09066300,aifs,10,-0.4324,-0.0336,0.7990,1.8157,238
09081600,aifs,10,0.0764,0.5785,0.6265,1.0608,238
09107000,aifs,10,-1.3603,-0.0887,0.7235,1.2923,237
09210500,aifs,10,-1.4360,0.0925,0.7338,1.5479,211
09223000,aifs,10,-2.8728,-0.5631,0.8744,1.9881,177
09306242,aifs,10,-451.2024,-4.1203,0.8584,5.9652,236
09312600,aifs,10,-2.1640,-0.6213,0.4800,2.3942,238
09352900,aifs,10,-0.5071,0.3198,0.6079,1.2589,208
09378170,aifs,10,0.2546,0.2649,0.5409,1.3195,238
09378630,aifs,10,,,,,238
09386900,aifs,10,-35.8509,-4.3111,0.0004,2.7634,238
09404450,aifs,10,0.6475,0.8185,0.8335,0.9278,238
09430500,aifs,10,-1.4220,-0.0408,0.3348,0.2425,238
09430600,aifs,10,0.0565,-0.0387,0.6175,0.2613,238
09447800,aifs,10,-2.3741,-0.6363,0.0668,2.0607,238
09480000,aifs,10,-0.3368,-2.8373,-0.0334,4.6563,238
09484000,aifs,10,-0.9570,-0.5274,0.1016,2.2348,213
09484600,aifs,10,-0.2297,-1.0924,0.2289,2.9139,237
09492400,aifs,10,-0.5147,0.3508,0.6954,1.5102,236
09494000,aifs,10,-0.8822,0.2502,0.4915,1.0632,238
09497800,aifs,10,-0.1405,-0.6437,-0.2356,1.6230,238
09497980,aifs,10,-0.7692,0.0863,0.0872,1.0277,210
09505200,aifs,10,0.2719,0.6146,0.6846,1.1852,238
09505350,aifs,10,0.3009,0.4355,0.6688,1.4554,238
09505800,aifs,10,0.0240,0.5097,0.6665,1.1853,238
09508300,aifs,10,-1.3122,-0.0060,0.0158,0.8674,238
09510200,aifs,10,-2.3567,-1.1417,0.1036,2.8595,219
09512280,aifs,10,-0.0634,-0.9727,-0.1055,2.3680,238
09513780,aifs,10,-6.8634,-7.5360,0.1594,9.4938,237
10023000,aifs,10,-15.2898,-0.7042,0.0670,2.2369,238
10166430,aifs,10,-13343.3292,-90.1540,0.5554,72.4448,238
10172700,aifs,10,-30.2564,-0.2973,0.6477,2.0303,238
10172800,aifs,10,-9.5792,-0.8483,0.7997,2.3456,238
10173450,aifs,10,-0.5264,0.3512,0.3856,1.0253,238
10205030,aifs,10,-196.0430,-10.0412,-0.0193,2.3626,238
10234500,aifs,10,-0.1114,-0.2720,-0.0389,0.8622,234
10242000,aifs,10,-29.8385,-3.7466,0.4104,4.4954,238
10244950,aifs,10,-37.7673,-1.5471,0.7135,1.5665,238
10249300,aifs,10,-45.5201,-4.6117,0.5076,4.3327,237
10258000,aifs,10,,,,,66
10258500,aifs,10,0.0307,-0.3204,0.2515,0.3900,238
10259000,aifs,10,0.7723,0.6407,0.9234,1.0591,238
10259200,aifs,10,-3.7086,-4.8771,0.8333,6.6599,238
10263500,aifs,10,-0.0751,0.2711,0.8526,1.2412,238
10310500,aifs,10,-1.8370,0.1049,0.9042,1.8094,238
10316500,aifs,10,-0.3064,0.3443,0.6814,1.2300,238
10329500,aifs,10,0.2490,0.4389,0.8634,1.2041,238
10336645,aifs,10,0.5983,0.7156,0.8073,1.2078,224
10336660,aifs,10,0.6090,0.7726,0.7921,1.0476,238
10343500,aifs,10,0.6053,0.5479,0.8210,0.8227,238
10348850,aifs,10,-2.1895,0.0302,0.8254,1.7253,238
10396000,aifs,10,0.6721,0.7936,0.8571,1.1322,238
11098000,aifs,10,0.3750,0.5697,0.7732,1.2923,238
11124500,aifs,10,-2.6170,-0.9240,0.8846,2.3838,238
11141280,aifs,10,0.5524,0.6520,0.7473,1.1145,238
11143000,aifs,10,0.4904,0.5760,0.7025,1.0918,238
11148900,aifs,10,0.4823,0.2345,0.7809,0.5235,238
11151300,aifs,10,0.2824,0.3507,0.5322,1.0986,238
11162500,aifs,10,0.5271,0.3611,0.8023,0.6474,238
11176400,aifs,10,0.2489,0.3246,0.5186,0.6995,144
11180500,aifs,10,-3.3777,-1.7390,0.7520,3.1403,238
11180960,aifs,10,-2.4007,-1.0342,0.5039,2.6809,238
11224500,aifs,10,-0.0263,-0.6860,-0.0516,0.1106,238
11253310,aifs,10,-0.0034,-0.2934,0.1676,0.3688,238
11264500,aifs,10,-1.2312,0.1299,0.1911,1.0596,238
11266500,aifs,10,-1.2252,0.1579,0.2865,1.1769,238
11274500,aifs,10,0.2917,0.5106,0.5725,1.0173,238
11274630,aifs,10,0.1488,0.5351,0.5498,1.0999,238
11284400,aifs,10,0.0894,-0.2497,0.5086,0.2085,238
11299600,aifs,10,0.4176,0.3696,0.6685,0.7995,235
11381500,aifs,10,0.4842,0.3809,0.7879,1.0013,238
11383500,aifs,10,0.5412,0.4471,0.8008,1.0562,238
11451100,aifs,10,0.2177,0.5834,0.7142,1.1890,106
11468500,aifs,10,0.5700,0.4365,0.8488,0.9324,238
11473900,aifs,10,0.5360,0.4240,0.8145,0.9399,238
11475560,aifs,10,0.5813,0.5608,0.7782,0.9577,238
11476600,aifs,10,0.8408,0.7600,0.9268,1.2272,237
11478500,aifs,10,0.8026,0.5397,0.9268,1.3511,238
11480390,aifs,10,0.4669,0.3376,0.8149,0.9017,238
11481200,aifs,10,0.7304,0.7180,0.8640,1.2427,238
11482500,aifs,10,0.7357,0.5204,0.9203,1.4423,238
11522500,aifs,10,0.4212,0.4544,0.7798,1.4955,238
11523200,aifs,10,-0.2158,0.1440,0.7248,1.7376,238
11528700,aifs,10,0.6397,0.5483,0.8373,1.1192,238
11532500,aifs,10,0.9535,0.8676,0.9786,1.1305,238
12010000,aifs,10,0.3514,0.5764,0.6649,0.7583,238
12013500,aifs,10,0.4839,0.7225,0.7377,0.9125,238
12020000,aifs,10,0.2025,0.4840,0.5779,0.7218,238
12025000,aifs,10,0.3910,0.6519,0.7528,1.1914,238
12025700,aifs,10,0.3195,0.6527,0.7454,1.0557,238
12035000,aifs,10,0.0444,0.5559,0.5834,0.9042,238
12040500,aifs,10,-0.4741,0.3813,0.5329,0.9507,238
12041200,aifs,10,-0.6856,0.2510,0.6101,0.9222,238
12043000,aifs,10,0.1396,0.5887,0.6588,0.8716,238
12048000,aifs,10,0.3653,0.6430,0.8314,1.2628,238
12054000,aifs,10,0.2262,0.5424,0.7674,1.3342,238
12056500,aifs,10,-0.5829,0.3237,0.5677,0.9519,238
12073500,aifs,10,-0.1332,0.5078,0.5752,1.1175,237
12082500,aifs,10,0.1938,0.2022,0.4403,0.9979,232
12092000,aifs,10,-0.0008,0.0756,0.2393,0.9713,238
12095000,aifs,10,0.5771,0.6931,0.7614,0.9718,238
12114500,aifs,10,0.4122,0.3656,0.6826,1.0119,238
12115000,aifs,10,0.3979,0.3607,0.6643,0.9900,238
12115500,aifs,10,0.3507,0.3401,0.6114,0.8540,238
12117000,aifs,10,0.4357,0.5447,0.6613,0.9796,238
12141300,aifs,10,0.2062,0.2621,0.4599,1.0852,238
12143600,aifs,10,0.2424,0.2789,0.5039,1.1709,234
12144000,aifs,10,0.3265,0.3827,0.5717,0.9918,237
12145500,aifs,10,0.2751,0.6607,0.6860,0.9894,238
12147600,aifs,10,0.2333,0.3622,0.4962,0.9829,238
12167000,aifs,10,0.3092,0.4966,0.6063,1.2286,238
12175500,aifs,10,-0.3508,0.4124,0.4633,1.1711,238
12186000,aifs,10,-0.0441,0.3148,0.3784,1.1836,235
12189500,aifs,10,0.0013,0.3585,0.4479,1.2570,237
12358500,aifs,10,0.6127,0.8076,0.8213,1.0166,238
12377150,aifs,10,0.5213,0.7559,0.7646,0.9361,238
12381400,aifs,10,0.3711,0.5231,0.8609,1.2165,205
12390700,aifs,10,0.3921,0.6080,0.6812,1.1793,238
12411000,aifs,10,0.6872,0.7080,0.8532,1.2292,227
12414500,aifs,10,0.6344,0.6680,0.8072,0.9051,238
12447390,aifs,10,-0.2058,-0.2408,0.2138,0.3660,238
12451000,aifs,10,0.3478,0.6353,0.7591,1.2341,238
12488500,aifs,10,0.4431,0.6594,0.7167,1.1592,238
13011500,aifs,10,0.6354,0.5348,0.9269,1.3512,238
13011900,aifs,10,0.7735,0.7868,0.9219,0.9868,238
13018300,aifs,10,-0.4874,-0.0258,0.9377,1.5018,238
13023000,aifs,10,0.4974,0.7470,0.7928,0.9273,196
13161500,aifs,10,0.5788,0.7229,0.7919,0.8330,238
13235000,aifs,10,0.5831,0.6633,0.7794,0.8915,236
13240000,aifs,10,0.8014,0.8683,0.8955,0.9971,159
13310700,aifs,10,0.5939,0.5246,0.8887,0.6834,238
13313000,aifs,10,0.7032,0.4930,0.9598,0.6501,238
13331500,aifs,10,0.4332,0.4991,0.8965,1.2373,238
13337000,aifs,10,0.6438,0.7008,0.8326,0.8271,238
13338500,aifs,10,0.7394,0.8383,0.8844,1.0987,238
13340000,aifs,10,0.4667,0.6253,0.7400,0.7939,238
13340600,aifs,10,0.5582,0.6094,0.8567,0.7041,238
14020000,aifs,10,0.2538,0.1234,0.7135,0.5817,238
14092750,aifs,10,0.5871,0.7794,0.8196,0.8941,238
14096850,aifs,10,-3.9156,-0.4589,0.6073,0.5087,238
14137000,aifs,10,0.6006,0.6731,0.7752,1.0165,233
14138800,aifs,10,0.4099,0.5118,0.6436,0.8875,238
14138870,aifs,10,0.5256,0.6568,0.7388,0.8468,238
14138900,aifs,10,0.3657,0.4254,0.6086,0.8846,238
14139800,aifs,10,0.5823,0.6530,0.7725,0.8129,236
14141500,aifs,10,0.5938,0.7153,0.7781,0.8893,238
14154500,aifs,10,0.5796,0.7133,0.8034,1.2068,238
14158500,aifs,10,0.7714,0.7472,0.9088,1.0887,223
14158790,aifs,10,0.5834,0.6936,0.7648,0.9975,234
14166500,aifs,10,0.6068,0.6210,0.7850,0.9646,238
14182500,aifs,10,0.5604,0.7241,0.7643,0.8936,238
14185000,aifs,10,0.5450,0.7612,0.7938,1.0912,238
14185900,aifs,10,0.4816,0.7311,0.7606,1.1030,235
14187000,aifs,10,0.3578,0.6013,0.7679,1.2333,237
14216500,aifs,10,0.7697,0.7522,0.8836,1.0351,235
14222500,aifs,10,0.6816,0.6852,0.8312,1.0222,238
14236200,aifs,10,0.6163,0.7893,0.7998,0.9571,237
14301000,aifs,10,0.4765,0.5193,0.6949,0.8781,237
14303200,aifs,10,0.4839,0.4390,0.7294,0.9124,238
14305500,aifs,10,0.5993,0.6740,0.7760,0.9064,236
14306340,aifs,10,0.6639,0.5826,0.8403,0.7821,238
14306500,aifs,10,0.7877,0.7968,0.8901,0.9368,238
14308990,aifs,10,0.7572,0.6115,0.9205,0.9729,238
14309500,aifs,10,0.7307,0.8457,0.8587,0.9866,238
14316700,aifs,10,0.7056,0.7724,0.8459,1.1373,238
14325000,aifs,10,0.7356,0.8519,0.8798,0.9573,238
14362250,aifs,10,0.6343,0.3426,0.9428,0.5599,148
14400000,aifs,10,0.8619,0.8255,0.9319,0.8422,238
01013500,aifs,11,0.8854,0.8203,0.9495,0.8701,238
01022500,aifs,11,0.3505,0.5212,0.6068,1.0537,238
01030500,aifs,11,0.5992,0.6989,0.8638,1.1480,238
01031500,aifs,11,0.3838,0.6462,0.6621,1.0128,236
01047000,aifs,11,0.2762,0.5528,0.5857,0.9459,238
01052500,aifs,11,0.3773,0.3557,0.6458,0.7005,238
01054200,aifs,11,0.0670,0.0595,0.3677,0.5373,238
01055000,aifs,11,0.2115,0.4733,0.5277,0.9182,236
01057000,aifs,11,0.4279,0.6428,0.6776,0.9608,236
01073000,aifs,11,0.4995,0.6820,0.7994,1.1987,238
01078000,aifs,11,0.1968,0.3550,0.5205,0.7160,236
01118300,aifs,11,0.2064,0.4147,0.5278,0.7896,236
01121000,aifs,11,0.4486,0.6493,0.7052,1.1572,236
01123000,aifs,11,0.5414,0.5633,0.7457,0.8776,238
01134500,aifs,11,0.4974,0.6665,0.7309,0.8427,236
01137500,aifs,11,0.2825,0.4478,0.5773,0.7859,238
01139000,aifs,11,0.2745,0.6355,0.6393,0.9473,234
01139800,aifs,11,0.6877,0.8310,0.8473,1.0724,238
01142500,aifs,11,0.5263,0.7417,0.7585,0.9158,236
01144000,aifs,11,0.5093,0.7558,0.7867,0.9796,238
01169000,aifs,11,0.2901,0.5641,0.5950,1.0465,236
01170100,aifs,11,0.4418,0.6762,0.6952,0.9647,237
01181000,aifs,11,0.7033,0.7776,0.8399,1.0643,236
01187300,aifs,11,0.5095,0.5082,0.7265,1.0117,238
01195100,aifs,11,0.1379,0.2077,0.4213,0.7719,238
01333000,aifs,11,0.4075,0.5391,0.6482,0.8909,236
01350000,aifs,11,0.0776,0.0330,0.3124,0.7063,235
01350080,aifs,11,0.5530,0.5606,0.7592,0.8000,238
01350140,aifs,11,0.5047,0.6123,0.7417,0.7499,188
01365000,aifs,11,0.2836,0.3005,0.5539,0.7951,236
01411300,aifs,11,-0.1879,0.0111,0.1325,1.1655,229
01413500,aifs,11,0.3044,0.3099,0.5893,0.7570,236
01414500,aifs,11,0.0326,-0.0037,0.3278,0.5797,236
01415000,aifs,11,0.2301,0.1740,0.6572,0.5405,193
01423000,aifs,11,0.2723,0.2865,0.5990,0.6796,238
01434025,aifs,11,0.1457,0.3983,0.5376,0.6542,238
01435000,aifs,11,0.2348,0.2193,0.5075,0.7712,237
01439500,aifs,11,0.3801,0.4444,0.6824,0.7487,236
01440000,aifs,11,0.3258,0.4031,0.5912,0.8368,238
01440400,aifs,11,0.4599,0.5530,0.6911,0.8557,212
01451800,aifs,11,0.0840,0.3083,0.3974,0.9405,236
01466500,aifs,11,-3.0105,-0.7917,0.8560,0.9812,236
01484100,aifs,11,-0.4240,0.3771,0.4789,1.2668,238
01485500,aifs,11,-2.6457,-0.4087,0.4277,1.9032,233
01486000,aifs,11,-1.9802,-0.1585,0.3911,1.7980,238
01487000,aifs,11,0.3909,0.6874,0.7668,1.0407,238
01491000,aifs,11,0.4737,0.5265,0.6901,0.9802,238
01510000,aifs,11,0.5157,0.6142,0.7193,0.9457,238
01516500,aifs,11,0.0876,0.1051,0.3951,0.6054,238
01518862,aifs,11,0.1466,0.3189,0.4936,0.6802,238
01532000,aifs,11,0.0366,0.5173,0.5225,0.9291,236
01539000,aifs,11,0.1702,0.4380,0.5278,0.8001,220
01542810,aifs,11,-0.0093,0.3480,0.3936,0.8843,236
01543000,aifs,11,0.0259,0.4909,0.5265,0.8130,238
01543500,aifs,11,0.2459,0.5144,0.5892,0.8021,236
01544500,aifs,11,0.3416,0.4249,0.6803,0.6574,238
01545600,aifs,11,0.4123,0.3822,0.7351,0.6551,238
01547700,aifs,11,-0.0182,0.0185,0.2102,0.8215,238
01548500,aifs,11,0.2493,0.3060,0.6125,0.6140,236
01549500,aifs,11,0.3506,0.4557,0.6456,0.7200,236
01550000,aifs,11,0.2524,0.3466,0.5926,0.6616,236
01552000,aifs,11,0.1968,0.4252,0.5382,0.7739,238
01552500,aifs,11,0.1864,0.5008,0.5583,0.8136,238
01557500,aifs,11,-0.2798,0.2040,0.2335,0.9102,238
01567500,aifs,11,0.0134,0.1791,0.2990,1.0255,238
01568000,aifs,11,-0.1446,0.2488,0.2929,1.0964,238
01580000,aifs,11,-0.0938,0.1853,0.2698,0.9004,234
01583500,aifs,11,-0.0671,0.1662,0.2861,0.8305,238
01586610,aifs,11,-0.0937,0.1679,0.2838,0.7979,204
01591400,aifs,11,0.0201,0.1791,0.3040,0.9549,238
01596500,aifs,11,-0.1725,0.0801,0.1891,0.7794,236
01605500,aifs,11,-1.0594,0.1935,0.3623,1.2561,236
01606500,aifs,11,-0.4048,0.3090,0.3266,0.8484,211
01613050,aifs,11,-0.4208,0.2066,0.2220,1.1211,238
01620500,aifs,11,0.0428,0.2365,0.4506,0.5598,236
01632000,aifs,11,-0.2967,0.2157,0.2416,0.8878,236
01632900,aifs,11,-0.3024,0.3572,0.3576,0.9809,236
01634500,aifs,11,-0.2798,0.1379,0.1810,0.9360,221
01638480,aifs,11,-1.9235,-0.2126,0.2051,1.8256,233
01639500,aifs,11,-0.2133,0.2003,0.2464,1.1198,238
01644000,aifs,11,-1.1448,-0.0576,0.2840,1.7686,238
01658500,aifs,11,-1.5344,-0.0172,0.0802,1.3084,207
01664000,aifs,11,-0.0939,0.2952,0.3334,0.9307,238
01666500,aifs,11,-0.0814,0.3301,0.3595,1.0626,223
01667500,aifs,11,-0.3890,0.3672,0.3875,1.1157,216
01669000,aifs,11,0.1041,0.5171,0.5240,1.0449,213
01669520,aifs,11,-2.1375,-0.1251,0.5057,1.7103,236
02011400,aifs,11,-0.8614,0.2208,0.4271,1.3207,238
02011460,aifs,11,-0.4883,0.3229,0.3333,0.9499,238
02013000,aifs,11,-0.7891,0.1544,0.2112,1.2832,238
02014000,aifs,11,-1.1609,0.1590,0.2323,1.0897,237
02015700,aifs,11,-0.4517,0.3765,0.4316,1.1249,220
02016000,aifs,11,-0.4427,0.3923,0.4932,1.1070,237
02017500,aifs,11,-1.8592,-0.0180,0.3492,1.2591,236
02018000,aifs,11,-1.4817,0.0648,0.3665,1.3059,231
02027000,aifs,11,-0.2371,0.4587,0.5633,0.8919,218
02027500,aifs,11,0.3903,0.5488,0.7141,0.6753,221
02028500,aifs,11,-0.3117,0.3994,0.4116,0.9367,213
02038850,aifs,11,-0.8201,0.1426,0.1499,0.9092,236
02046000,aifs,11,-1.0904,-0.0018,0.2724,1.6337,228
02051000,aifs,11,-1.1886,-0.0166,0.0158,1.2330,238
02051500,aifs,11,-0.3896,0.1802,0.2303,1.2549,236
02053200,aifs,11,-3.4685,-0.4502,0.1525,1.6719,210
02053800,aifs,11,-0.2856,0.1990,0.2277,0.9200,219
02055100,aifs,11,-0.8283,0.2595,0.3999,1.2459,236
02056900,aifs,11,-0.4512,0.2707,0.2800,0.8845,212
02059500,aifs,11,-0.8357,0.2580,0.3289,0.8729,207
02064000,aifs,11,-0.3997,0.1274,0.1713,0.8041,226
02065500,aifs,11,-0.0281,0.2985,0.4308,0.6815,236
02069700,aifs,11,-0.3004,0.2672,0.3011,1.1822,210
02070000,aifs,11,-0.3170,0.3279,0.3572,1.1958,236
02074500,aifs,11,-0.5157,0.2838,0.3097,1.1750,238
02077200,aifs,11,-2.3459,-0.1691,0.1333,1.4391,233
02081500,aifs,11,-1.0638,-0.1101,0.5818,1.7227,238
02082950,aifs,11,-2.9236,-0.4369,0.2919,1.8257,238
02092500,aifs,11,-3.6815,-0.8950,0.2391,2.4834,238
02096846,aifs,11,-1.9206,-0.2690,0.1395,1.7835,238
02102908,aifs,11,-4.3615,-0.4880,0.0778,1.0327,238
02108000,aifs,11,0.2185,0.5521,0.6086,1.2134,238
02111180,aifs,11,-0.2450,-0.0838,0.0271,1.0155,238
02111500,aifs,11,-0.8165,0.0683,0.0687,0.9850,236
02118500,aifs,11,-1.1297,0.1658,0.2284,1.0826,238
02128000,aifs,11,-6.1806,-1.4480,-0.0022,2.7442,238
02137727,aifs,11,-0.5521,0.0289,0.0515,0.9648,238
02140991,aifs,11,-0.7374,0.0118,0.0287,1.1268,238
02143000,aifs,11,-2.3474,-0.0565,0.1783,1.2625,238
02143040,aifs,11,-2.5734,-0.1471,0.0838,0.9898,236
02149000,aifs,11,-0.3261,-0.0816,0.0051,1.0137,238
02152100,aifs,11,-1.2786,-0.0062,0.0034,1.0438,238
02177000,aifs,11,-0.2101,0.0376,0.1291,1.0571,236
02178400,aifs,11,-0.1001,0.3812,0.3924,0.9620,236
02193340,aifs,11,-0.9037,0.1193,0.1717,1.2723,238
02196000,aifs,11,-0.0934,-0.3414,0.0251,0.4497,238
02198100,aifs,11,0.0087,-0.0834,0.1864,1.1786,237
02202600,aifs,11,-0.3153,-0.3352,0.1646,1.7458,238
02212600,aifs,11,-0.1746,-0.0343,0.0876,0.9626,236
02215100,aifs,11,-0.0791,-0.1424,0.1175,0.6564,238
02216180,aifs,11,-0.0775,-0.4431,-0.0584,0.4566,236
02221525,aifs,11,-0.1205,0.1524,0.2349,1.0899,236
02231000,aifs,11,-3.5123,-0.5423,0.3933,1.6672,238
02231342,aifs,11,-3.5304,-0.5961,0.3474,1.9820,238
02235200,aifs,11,0.2115,0.5307,0.5791,1.1414,237
02245500,aifs,11,-8.4352,-1.2747,0.2574,1.5522,238
02246000,aifs,11,-3.4101,-0.3360,0.2298,1.1095,236
02296500,aifs,11,-1.8371,-0.6206,0.5783,2.2709,227
02297155,aifs,11,-0.1115,-0.1866,0.2670,0.2826,237
02297310,aifs,11,-0.5672,0.2688,0.3424,0.7182,228
02298123,aifs,11,0.1383,0.1908,0.4874,0.5114,238
02298608,aifs,11,-1.3293,0.1330,0.2938,1.1596,238
02299950,aifs,11,-1.2308,0.1589,0.2725,0.9162,238
02300700,aifs,11,-0.0558,0.1342,0.3070,0.6179,238
02310947,aifs,11,-0.7443,-2.0534,-0.2949,3.6727,238
02312200,aifs,11,-19.8896,-4.2071,0.2768,6.1456,238
02314500,aifs,11,-0.1240,-0.1083,0.2307,0.5924,238
02315500,aifs,11,-0.3297,-0.6564,-0.2881,0.4428,238
02324400,aifs,11,-0.2052,-1.0284,-0.5320,0.1148,238
02327100,aifs,11,-13.8649,-2.3736,0.2476,2.6910,236
02349900,aifs,11,0.0660,-0.0063,0.2656,0.8921,238
02350900,aifs,11,0.0439,0.3410,0.5813,0.6490,238
02361000,aifs,11,-0.3537,0.1902,0.2616,0.7227,238
02363000,aifs,11,0.0432,-0.0957,0.4824,0.3716,236
02369800,aifs,11,0.0350,-0.2108,0.2864,0.4840,237
02371500,aifs,11,0.0849,-0.0757,0.3605,0.7462,238
02372250,aifs,11,0.0982,-0.0375,0.3519,0.7786,236
02374500,aifs,11,0.0161,-0.0214,0.2540,0.7325,238
02381600,aifs,11,-0.0528,-0.0710,0.1255,0.9515,237
02384540,aifs,11,0.0083,0.0466,0.2977,0.7541,238
02395120,aifs,11,-1.0183,0.1865,0.2322,1.0333,238
02408540,aifs,11,0.1770,0.2824,0.4482,0.8787,238
02415000,aifs,11,0.1728,0.2103,0.4344,0.8746,228
02422500,aifs,11,-0.3252,0.3461,0.3785,1.2025,221
02427250,aifs,11,-0.0122,0.1087,0.2530,1.1071,238
02430085,aifs,11,-0.3950,0.0272,0.0921,1.2012,238
02450250,aifs,11,0.0253,0.1405,0.2856,0.9785,236
02464000,aifs,11,0.1856,0.2734,0.4462,0.8682,238
02465493,aifs,11,0.0966,0.2813,0.3927,1.0640,235
02469800,aifs,11,0.0976,0.0323,0.4568,0.5032,236
02472000,aifs,11,0.0775,-0.0697,0.3909,0.4992,238
02472500,aifs,11,0.0541,0.0851,0.4157,0.4876,238
02479155,aifs,11,0.1314,-0.0821,0.5605,0.4742,238
02479300,aifs,11,0.1151,-0.1306,0.5307,0.3734,238
02481000,aifs,11,0.0958,-0.2293,0.6171,0.2070,238
02481510,aifs,11,0.0976,-0.1679,0.5947,0.2835,238
03010655,aifs,11,0.2574,0.4187,0.6026,0.6845,209
03011800,aifs,11,0.0704,0.3962,0.4728,0.7918,238
03015500,aifs,11,-0.0174,0.5374,0.5568,0.9667,238
03021350,aifs,11,-0.0553,0.4012,0.4477,0.7801,236
03026500,aifs,11,0.0990,0.4437,0.4834,0.8782,238
03028000,aifs,11,0.0774,0.4686,0.5604,0.7161,236
03049800,aifs,11,-0.0729,-0.0530,0.1887,0.6480,236
03050000,aifs,11,-0.3617,0.2878,0.2901,0.9630,236
03066000,aifs,11,-0.1212,0.2724,0.3523,0.7373,238
03069500,aifs,11,-0.1840,0.2391,0.3096,0.7496,236
03070500,aifs,11,-0.4717,0.3877,0.4809,1.0728,236
03076600,aifs,11,-0.1230,0.1746,0.3089,0.6685,238
03078000,aifs,11,-0.1877,0.0834,0.2036,0.7198,238
03140000,aifs,11,-0.0253,0.1713,0.2799,0.9101,236
03144000,aifs,11,-0.5706,0.1140,0.1215,1.0164,238
03159540,aifs,11,-0.5671,0.0892,0.1037,0.9141,238
03161000,aifs,11,-0.2523,0.0756,0.1600,0.8632,238
03164000,aifs,11,-0.2184,0.3962,0.4100,0.8725,238
03165000,aifs,11,-0.4432,0.0124,0.0575,0.9147,221
03170000,aifs,11,-0.1791,0.2550,0.2947,0.8856,238
03173000,aifs,11,-0.7487,0.2817,0.3278,1.0139,236
03180500,aifs,11,-0.0591,0.3864,0.4028,0.9413,222
03182500,aifs,11,-0.4354,0.3765,0.4255,1.1263,236
03186500,aifs,11,0.0424,0.4598,0.4778,0.9012,236
03187500,aifs,11,0.0263,0.5266,0.5477,0.8737,235
03213700,aifs,11,-0.6087,0.3363,0.4465,1.1697,238
03237280,aifs,11,-0.2052,0.1089,0.2093,0.7263,238
03237500,aifs,11,-0.7479,0.1438,0.1539,1.1278,236
03241500,aifs,11,-0.3113,-0.0661,0.0518,0.7306,225
03280700,aifs,11,-2.3308,-0.1204,0.3183,1.1668,213
03281100,aifs,11,-3.2722,-0.3316,0.2729,1.2042,236
03281500,aifs,11,-2.0744,-0.0532,0.3296,1.1084,223
03285000,aifs,11,-2.2396,-0.4356,0.2682,2.0096,235
03291780,aifs,11,-0.1935,-0.1359,0.0150,0.8548,238
03300400,aifs,11,-0.4361,0.0002,0.0452,1.0442,238
03340800,aifs,11,-0.9996,0.0359,0.0379,0.9500,190
03346000,aifs,11,-0.4377,-0.1033,0.0322,0.5884,238
03364500,aifs,11,-0.1176,-0.2442,0.0474,0.5423,238
03366500,aifs,11,-0.1754,-0.1333,0.0558,0.6799,238
03368000,aifs,11,-0.2064,-0.2110,-0.0029,0.6223,238
03384450,aifs,11,-0.0059,-0.0283,0.2027,0.7266,238
03439000,aifs,11,-0.2807,-0.2709,-0.0311,0.6564,236
03450000,aifs,11,-0.1571,-0.1048,0.0727,0.8194,238
03455500,aifs,11,-0.6677,0.0863,0.1391,0.7231,236
03456500,aifs,11,-0.4086,-0.1371,-0.0211,0.7754,236
03460000,aifs,11,-0.6135,0.2130,0.3919,0.6101,238
03463300,aifs,11,-0.2996,0.0881,0.1582,0.8297,238
03471500,aifs,11,0.0570,0.5160,0.5955,0.7362,236
03473000,aifs,11,-0.1056,0.3925,0.4751,0.7221,238
03479000,aifs,11,-0.4169,0.1850,0.2016,0.9092,236
03488000,aifs,11,-0.1620,0.3218,0.3725,0.7726,238
03498500,aifs,11,-0.2285,0.2459,0.3175,0.7575,238
03500000,aifs,11,-0.1610,0.4430,0.4758,0.8310,236
03504000,aifs,11,-0.3691,0.3099,0.3405,0.8432,236
03574500,aifs,11,-0.0112,-0.0068,0.2557,0.6206,238
03604000,aifs,11,-0.1851,-0.2580,-0.0539,0.7900,236
04015330,aifs,11,0.2223,0.0567,0.5265,0.4979,197
04024430,aifs,11,0.4269,0.4775,0.6810,0.6944,238
04027000,aifs,11,0.3834,0.4151,0.6387,0.7320,238
04040500,aifs,11,0.8292,0.7888,0.9156,0.9074,238
04043050,aifs,11,0.7840,0.8082,0.8882,0.8895,182
04045500,aifs,11,0.8635,0.7995,0.9454,0.8070,234
04056500,aifs,11,0.5856,0.4574,0.8645,0.7108,229
04057510,aifs,11,0.8661,0.6715,0.9684,0.7647,158
04057800,aifs,11,0.7892,0.6194,0.9141,0.7193,238
04059500,aifs,11,0.8444,0.7470,0.9363,0.9618,238
04063700,aifs,11,0.6534,0.3828,0.9385,0.5838,238
04074950,aifs,11,0.5762,0.5008,0.8800,0.7323,238
04105700,aifs,11,0.4147,0.4719,0.6765,0.9016,238
04115265,aifs,11,0.2912,0.2710,0.5619,0.9228,238
04122200,aifs,11,0.3039,0.2973,0.6367,0.7951,238
04122500,aifs,11,0.5758,0.5684,0.8028,0.8821,236
04124000,aifs,11,0.6926,0.5800,0.8814,0.9663,238
04127997,aifs,11,0.3328,0.3250,0.6433,0.8813,201
04185000,aifs,11,0.4808,0.5653,0.7008,0.8455,215
04196800,aifs,11,0.0949,0.3022,0.4125,0.8095,238
04197100,aifs,11,0.1846,0.4328,0.4989,1.0901,238
04197170,aifs,11,-0.1724,0.1863,0.2426,0.8927,238
04213000,aifs,11,-0.3541,0.4125,0.4539,1.0843,236
04213075,aifs,11,-0.1374,0.1478,0.2328,0.8557,234
04216418,aifs,11,0.2651,0.5012,0.5583,0.9563,238
04221000,aifs,11,-0.0292,0.2068,0.4070,0.6035,238
04224775,aifs,11,-0.0214,0.0860,0.3525,0.5525,236
04256000,aifs,11,0.5025,0.7242,0.7790,1.1412,236
04296000,aifs,11,0.3611,0.5970,0.6436,0.8862,236
05057000,aifs,11,-1.1803,0.0925,0.4120,0.5125,160
05057200,aifs,11,0.6026,0.7052,0.7769,0.9918,237
05062500,aifs,11,0.5353,0.6208,0.7360,0.9060,199
05087500,aifs,11,0.2073,0.4179,0.5028,0.9083,238
05120500,aifs,11,-10.1085,-1.4943,-0.0642,3.1992,210
05123400,aifs,11,-0.3916,-0.6523,-0.0184,0.1576,238
05129115,aifs,11,-0.8334,-0.8962,-0.2632,0.0000,238
05131500,aifs,11,0.0981,0.0506,0.4959,0.4886,142
05291000,aifs,11,-0.3043,0.1695,0.2539,0.6970,238
05362000,aifs,11,0.4619,0.6280,0.7050,0.8291,237
05393500,aifs,11,0.4933,0.6263,0.7168,0.8380,238
05399500,aifs,11,0.2497,0.3667,0.5260,0.7564,236
05408000,aifs,11,-0.0135,-0.0695,0.2286,0.7891,237
05412500,aifs,11,-0.1054,0.0861,0.3265,0.6291,238
05413500,aifs,11,-0.3700,-0.0239,0.1432,0.7509,208
05414000,aifs,11,-0.2142,0.0339,0.5925,0.5621,204
05444000,aifs,11,-0.2618,-0.0499,0.1427,0.6336,236
05454000,aifs,11,-0.0713,0.2038,0.3678,0.6159,238
05458000,aifs,11,-0.2086,-0.1702,0.0287,0.6696,238
05466500,aifs,11,0.0657,-0.0088,0.3246,0.6496,236
05487980,aifs,11,-0.1719,-0.1204,0.0743,0.6404,236
05488200,aifs,11,-0.0063,-0.1662,0.2195,0.4138,236
05489000,aifs,11,-0.0626,-0.3583,0.0692,0.3504,236
05495000,aifs,11,-0.2142,0.1808,0.2239,1.0131,236
05495500,aifs,11,-0.0752,-0.1592,0.1633,0.4400,232
05501000,aifs,11,-0.0702,-0.2821,0.0658,0.4665,236
05503800,aifs,11,-0.1895,-0.0377,0.1057,0.7299,238
05507600,aifs,11,-1.5204,-0.0315,0.0496,1.2859,238
05508805,aifs,11,-1.0412,0.0186,0.1925,1.5163,236
05514500,aifs,11,-0.2764,0.0538,0.1231,0.8916,236
05525500,aifs,11,-0.0716,0.2339,0.2970,1.0231,236
05556500,aifs,11,-0.1705,-0.2095,0.1102,0.4621,238
05584500,aifs,11,-0.0136,-0.0978,0.2732,0.4732,236
05585000,aifs,11,-0.0744,-0.1050,0.2647,0.4246,238
05591550,aifs,11,-0.5656,0.0157,0.0477,0.8540,236
05592050,aifs,11,-0.6355,-0.0027,0.0278,0.8307,222
05592575,aifs,11,-0.6496,-0.0600,-0.0149,0.7789,236
05593575,aifs,11,-1.7987,-0.2644,0.0614,1.7518,238
05593900,aifs,11,-0.9416,-0.0166,-0.0114,0.9065,236
05595730,aifs,11,-2.7353,-0.4280,0.0905,1.8231,238
06037500,aifs,11,-2.6533,0.3009,0.8270,1.2990,238
06043500,aifs,11,0.2194,0.3266,0.9401,1.3729,238
06154410,aifs,11,-1.4653,-0.0203,0.0490,0.7217,238
06188000,aifs,11,0.8086,0.8609,0.9194,1.0304,238
06191500,aifs,11,0.7238,0.6617,0.9429,1.1495,238
06221400,aifs,11,0.8447,0.8622,0.9364,1.0700,238
06224000,aifs,11,0.6844,0.8251,0.8535,1.0861,238
06289000,aifs,11,0.2599,0.6248,0.6418,0.8916,238
06332515,aifs,11,-0.0655,0.2570,0.3134,1.0314,118
06339100,aifs,11,-0.6664,0.0644,0.3248,1.6281,174
06339500,aifs,11,-0.2881,0.0329,0.4685,0.2987,167
06344600,aifs,11,-2.1069,-1.5086,0.0867,3.2948,177
06350000,aifs,11,-3.4597,-0.7866,0.5994,2.2712,238
06352000,aifs,11,-0.0142,-0.1049,0.5038,1.3309,237
06353000,aifs,11,-0.0035,-0.1174,0.5082,0.8054,236
06354000,aifs,11,0.2854,0.3336,0.6976,0.5220,173
06360500,aifs,11,0.1129,0.1342,0.5222,1.5437,139
06404000,aifs,11,-7.7201,-1.0178,-0.1690,1.5845,205
06406000,aifs,11,-166.6484,-3.7784,0.8985,5.7309,180
06408700,aifs,11,-1652.4617,-4.1174,0.1784,1.5121,238
06409000,aifs,11,-1.4014,0.6700,0.8819,1.2598,193
06431500,aifs,11,-1.8279,0.3244,0.4185,1.1063,227
06440200,aifs,11,-0.6887,-0.0328,0.1097,0.4808,160
06441500,aifs,11,-91.6509,-8.4630,-0.0431,5.4157,177
06447000,aifs,11,-0.5160,-0.0872,0.0154,0.6333,140
06447500,aifs,11,-0.1208,-0.1602,0.2121,0.7072,238
06450500,aifs,11,0.0644,-0.0550,0.4681,1.0466,208
06452000,aifs,11,-0.0811,-0.2299,0.0005,1.0390,175
06453600,aifs,11,-0.2931,-0.2418,0.2671,1.7057,235
06464500,aifs,11,-0.3274,-0.0183,0.0561,1.0577,175
06477500,aifs,11,-33.8364,-4.5654,0.0985,3.8128,237
06479215,aifs,11,-0.1154,-0.1956,0.1020,0.5627,238
06479438,aifs,11,-0.1460,-0.5402,0.0072,0.2193,238
06601000,aifs,11,-0.3021,-0.0783,0.0379,0.8239,238
06614800,aifs,11,0.7672,0.5873,0.9404,1.3692,238
06622700,aifs,11,-0.4015,0.1250,0.7471,1.6379,238
06623800,aifs,11,0.8181,0.9064,0.9124,0.9936,238
06632400,aifs,11,-0.3630,0.3058,0.4484,1.3975,238
06784000,aifs,11,-0.7994,-0.3061,-0.0352,1.2998,238
06803510,aifs,11,-0.0270,-0.3972,-0.0071,0.5804,238
06803530,aifs,11,-0.0698,-0.2821,-0.0051,0.7537,238
06814000,aifs,11,0.0735,-0.0815,0.2993,0.5167,238
06846500,aifs,11,-0.0095,-0.4715,-0.0584,1.3793,238
06847900,aifs,11,-0.0224,-0.3271,0.0441,1.3022,238
06853800,aifs,11,-0.5188,-0.3741,-0.0302,1.7516,238
06876700,aifs,11,-0.0886,-0.4536,0.1791,0.1907,238
06878000,aifs,11,-0.2043,-0.2730,-0.0064,0.4800,238
06879650,aifs,11,-0.0189,-0.2535,0.1897,0.3625,237
06885500,aifs,11,-0.0657,-0.4094,0.0515,0.3356,238
06888500,aifs,11,-0.0603,-0.4554,0.0145,0.3233,238
06889200,aifs,11,-0.1200,-0.1706,0.0624,0.6380,238
06889500,aifs,11,-0.3010,-0.1039,0.0048,0.8354,238
06892000,aifs,11,-0.3995,-0.1910,-0.0081,0.5118,238
06903400,aifs,11,-0.0877,-0.5719,0.0184,0.1201,238
06906800,aifs,11,-0.1030,-0.1534,0.1381,0.4698,238
06910800,aifs,11,-0.1726,-0.2099,0.0383,0.5383,238
06911900,aifs,11,-0.1030,-0.1929,0.0919,0.5204,238
06917000,aifs,11,-0.0927,-0.2106,0.1591,0.3633,238
06918460,aifs,11,0.1347,0.2137,0.3991,0.8469,238
06919500,aifs,11,-0.1956,-0.1298,0.1689,0.3883,238
06921070,aifs,11,-0.0262,-0.0820,0.2040,0.5805,238
06921200,aifs,11,-0.0452,-0.3630,0.1466,0.2919,238
06934000,aifs,11,0.0783,0.1923,0.4490,0.6230,237
07014500,aifs,11,-0.0308,-0.2046,0.1309,0.6298,238
07056000,aifs,11,-2.2275,-0.0750,0.1231,1.0404,238
07057500,aifs,11,-1.0348,0.1742,0.2262,0.8669,230
07060710,aifs,11,-0.0001,-0.3951,0.0262,1.0505,238
07066000,aifs,11,-0.4890,0.2682,0.2814,0.8636,238
07067000,aifs,11,-0.2744,0.3314,0.4629,0.6111,238
07068000,aifs,11,0.0342,0.4845,0.5233,0.8262,237
07071500,aifs,11,-2.7979,-0.2672,0.4462,0.8623,238
07083000,aifs,11,-2.0204,-0.5303,0.8803,1.8430,238
07142300,aifs,11,-8.2767,-5.0049,-0.1091,6.8405,238
07145700,aifs,11,-0.0023,-0.4899,0.1794,0.1802,238
07148400,aifs,11,-1.0776,0.1750,0.5703,1.4445,238
07149000,aifs,11,-0.2196,0.3748,0.5699,1.4513,238
07151500,aifs,11,-0.0215,-0.4388,0.0519,0.4102,238
07167500,aifs,11,-0.0517,-0.3550,0.0573,1.6356,238
07180500,aifs,11,-0.1480,-0.2053,0.0046,0.7248,238
07184000,aifs,11,-0.0824,-0.4501,0.0060,0.2818,236
07195800,aifs,11,-1.0612,0.1582,0.2144,0.8483,236
07196900,aifs,11,-0.4732,0.1798,0.1973,1.1427,237
07197000,aifs,11,-1.1243,0.1359,0.1720,1.0251,238
07208500,aifs,11,-0.0755,0.4467,0.7202,1.0991,238
07226500,aifs,11,-0.0232,-0.5091,-0.0138,0.3259,236
07261000,aifs,11,-7.8535,-1.3483,0.1256,2.1095,236
07263295,aifs,11,-8.1771,-2.8140,0.0364,4.2324,236
07290650,aifs,11,-0.0497,-0.1587,0.2200,0.5036,238
07291000,aifs,11,-0.0321,-0.1594,0.4031,0.2989,238
07292500,aifs,11,0.0976,0.0076,0.3698,0.6843,238
07295000,aifs,11,0.0863,-0.0509,0.3431,0.5479,238
07299670,aifs,11,-0.3441,-0.3594,0.0458,1.8713,228
07301410,aifs,11,-0.3887,-0.3383,-0.1725,0.7318,227
07301500,aifs,11,-0.1813,-0.5698,0.0364,1.7709,200
07315200,aifs,11,-2.1043,-0.2308,0.0118,1.5740,161
07315700,aifs,11,-15.4025,-3.7548,-0.0359,4.7161,218
07335700,aifs,11,-0.2752,-0.0580,0.1010,0.6053,229
07340300,aifs,11,-1.1162,0.1903,0.3379,1.1423,238
07346045,aifs,11,-4.7715,-0.5960,0.1743,0.9410,238
07359610,aifs,11,-1.5483,-0.2178,0.3736,1.8701,238
07362100,aifs,11,-3.6493,-0.8849,0.3842,2.4029,238
07362587,aifs,11,-3.4253,-1.0801,0.0337,2.6500,236
07373000,aifs,11,-0.0568,-0.1954,0.2909,0.5137,234
07375000,aifs,11,0.0128,-0.1406,0.2688,0.4289,238
07376000,aifs,11,0.0389,0.0773,0.3607,0.5769,238
08013000,aifs,11,0.2190,0.1096,0.5772,0.5737,238
08014500,aifs,11,0.1233,0.0197,0.4991,0.5501,238
08023080,aifs,11,-1.1241,-0.6754,0.0887,2.4033,238
08025500,aifs,11,-0.2363,-0.1236,0.0124,0.8188,238
08029500,aifs,11,-0.1605,-0.2005,-0.0222,1.0809,238
08050800,aifs,11,-0.4963,-0.0656,-0.0130,0.8828,237
08066200,aifs,11,-0.0732,-0.4173,-0.0250,0.4081,238
08066300,aifs,11,-0.0599,-0.5610,-0.0298,0.2058,238
08070000,aifs,11,-7.7207,-1.3120,0.0833,2.1354,238
08070200,aifs,11,-2.0971,-0.0908,0.0827,1.2703,238
08079600,aifs,11,-5.2350,-2.9158,-0.0410,4.5867,194
08082700,aifs,11,-0.0395,-0.3745,-0.0317,0.6455,224
08086212,aifs,11,-0.0872,-0.3125,0.0081,1.4995,238
08086290,aifs,11,-0.5672,-1.3909,0.0103,3.1612,238
08101000,aifs,11,-7.5709,-1.6394,0.3093,2.6000,238
08103900,aifs,11,0.2108,0.1321,0.4847,0.7380,238
08104900,aifs,11,-0.0785,-0.2484,0.1220,0.4245,238
08109700,aifs,11,-0.1710,0.0972,0.1902,1.1782,222
08150800,aifs,11,-0.0070,-0.5684,-0.0201,0.3099,238
08155200,aifs,11,-0.5919,-0.9342,0.0889,2.6761,238
08158700,aifs,11,-4.8336,-8.8317,0.1662,10.7626,238
08158810,aifs,11,-0.0448,-0.0668,0.1315,1.0153,238
08164000,aifs,11,-3.2373,-0.6683,0.0565,2.0968,238
08164300,aifs,11,-0.0693,-0.0854,0.1064,0.9145,235
08164600,aifs,11,-5.6224,-4.0203,0.1351,5.7525,238
08165300,aifs,11,-0.0077,-0.4715,-0.0857,0.7848,238
08171300,aifs,11,-23.9774,-32.4908,0.0372,34.3774,238
08175000,aifs,11,-0.4669,-0.1278,0.0941,0.3761,238
08176900,aifs,11,-8.8461,-5.6036,0.2546,7.2621,238
08178880,aifs,11,-0.0585,-0.4923,0.0386,0.2326,238
08189500,aifs,11,-1.0985,0.1147,0.1399,0.9276,238
08190000,aifs,11,-0.0254,-0.4045,-0.0088,0.5509,238
08190500,aifs,11,0.4804,0.3095,0.7537,1.6442,232
08194200,aifs,11,-0.0583,-0.4830,0.0018,0.2470,238
08195000,aifs,11,-0.0070,-0.4470,0.0524,0.4180,238
08196000,aifs,11,0.0926,0.0566,0.3137,1.1658,226
08198500,aifs,11,-0.0031,-0.5199,0.1192,0.2262,238
08200000,aifs,11,-0.0358,-0.4366,0.0768,0.2584,238
08202700,aifs,11,-0.0202,-0.5872,0.0030,0.1427,237
08267500,aifs,11,-20.4354,-2.0911,0.6991,2.6085,238
08269000,aifs,11,-5.5910,-0.7475,0.6094,1.7596,238
08271000,aifs,11,-42.6022,-4.0017,0.7674,2.4511,238
08324000,aifs,11,0.0214,0.5306,0.6884,1.1406,238
08377900,aifs,11,-4.8670,-0.6434,0.3817,1.3206,238
08378500,aifs,11,-6.3437,-1.0315,0.5812,1.3314,230
08380500,aifs,11,-2.8827,-0.2024,0.4209,1.6196,238
09034900,aifs,11,0.0703,0.1509,0.8863,1.6133,234
09035900,aifs,11,0.5261,0.7135,0.8288,1.1139,204
09047700,aifs,11,-5.0118,-1.0356,0.8776,1.4233,236
09065500,aifs,11,0.5399,0.5063,0.9204,1.1890,238
09066000,aifs,11,-1.0628,0.1207,0.5860,1.1985,238
09066200,aifs,11,0.6502,0.5436,0.9364,1.2719,238
09066300,aifs,11,-0.4630,-0.0515,0.8005,1.8288,238
09081600,aifs,11,0.0694,0.5736,0.6324,1.0740,238
09107000,aifs,11,-1.4538,-0.1187,0.7242,1.3067,237
09210500,aifs,11,-1.4696,0.0830,0.7331,1.5509,211
09223000,aifs,11,-2.9036,-0.5684,0.8739,1.9946,177
09306242,aifs,11,-451.2567,-4.1204,0.8582,5.9655,236
09312600,aifs,11,-2.1753,-0.6273,0.4815,2.4004,238
09352900,aifs,11,-0.5268,0.3190,0.5966,1.2565,208
09378170,aifs,11,0.2495,0.2630,0.5368,1.3234,238
09378630,aifs,11,,,,,238
09386900,aifs,11,-34.0003,-4.2083,-0.0010,2.9302,238
09404450,aifs,11,0.6975,0.8459,0.8565,0.9454,238
09430500,aifs,11,-1.5280,-0.0552,0.2867,0.2487,238
09430600,aifs,11,0.0262,-0.0348,0.5537,0.2680,238
09447800,aifs,11,-2.3744,-0.6365,0.0665,2.0607,238
09480000,aifs,11,-0.3092,-2.6658,-0.0326,4.4732,238
09484000,aifs,11,-1.1604,-0.6424,0.1003,2.3686,213
09484600,aifs,11,-0.2548,-1.0777,0.2449,2.9131,237
09492400,aifs,11,-0.3944,0.3875,0.7047,1.4998,236
09494000,aifs,11,-0.5740,0.3453,0.5332,1.0707,238
09497800,aifs,11,-0.1407,-0.6440,-0.2361,1.6229,238
09497980,aifs,11,-1.3793,0.0559,0.1204,1.1714,210
09505200,aifs,11,0.2664,0.5425,0.6303,1.2682,238
09505350,aifs,11,0.3840,0.3191,0.6503,1.5530,238
09505800,aifs,11,-1.0652,0.0968,0.4513,1.4559,238
09508300,aifs,11,-6.2441,-0.9914,0.1342,1.7568,238
09510200,aifs,11,-2.3336,-1.1449,0.1042,2.8658,219
09512280,aifs,11,-0.0633,-0.9726,-0.1051,2.3682,238
09513780,aifs,11,-6.8663,-7.5372,0.1594,9.4951,237
10023000,aifs,11,-15.4355,-0.7179,0.0694,2.2394,238
10166430,aifs,11,-13376.0500,-90.2965,0.5536,72.4903,238
10172700,aifs,11,-30.6692,-0.3293,0.6435,2.0354,238
10172800,aifs,11,-9.6322,-0.8545,0.7964,2.3470,238
10173450,aifs,11,-0.5974,0.3318,0.3745,1.0329,238
10205030,aifs,11,-197.2407,-10.0744,-0.0191,2.3678,238
10234500,aifs,11,-0.1157,-0.2710,-0.0417,0.8656,234
10242000,aifs,11,-30.0739,-3.7670,0.4102,4.5009,238
10244950,aifs,11,-37.9069,-1.5535,0.7140,1.5675,238
10249300,aifs,11,-45.7919,-4.6296,0.5068,4.3403,237
10258000,aifs,11,,,,,66
10258500,aifs,11,-0.8970,0.1968,0.2228,1.0532,238
10259000,aifs,11,0.6819,0.7589,0.8376,1.0937,238
10259200,aifs,11,-93.3536,-13.4391,0.7946,12.1167,238
10263500,aifs,11,-0.0809,0.2626,0.8571,1.2491,238
10310500,aifs,11,-1.8803,0.0882,0.9185,1.8199,238
10316500,aifs,11,-0.2982,0.3469,0.6830,1.2282,238
10329500,aifs,11,0.3482,0.4901,0.8741,1.2003,238
10336645,aifs,11,0.3674,0.6124,0.6999,1.2453,224
10336660,aifs,11,0.4879,0.7186,0.7319,1.0637,238
10343500,aifs,11,0.6066,0.5582,0.8168,0.8298,238
10348850,aifs,11,-2.1717,0.0358,0.8271,1.7255,238
10396000,aifs,11,0.6801,0.7934,0.8554,1.1214,238
11098000,aifs,11,-0.0562,0.4374,0.6222,1.3204,238
11124500,aifs,11,-2.5661,-0.9048,0.8812,2.3712,238
11141280,aifs,11,0.2973,0.6038,0.6416,1.1655,238
11143000,aifs,11,0.4344,0.5442,0.6624,1.0853,238
11148900,aifs,11,0.3044,0.1856,0.5719,0.5620,238
11151300,aifs,11,-0.1303,0.1098,0.2076,1.1521,238
11162500,aifs,11,0.3421,0.3354,0.6071,0.6628,238
11176400,aifs,11,-0.0651,0.3884,0.4118,0.8695,144
11180500,aifs,11,-4.9351,-1.9956,0.5603,3.3518,238
11180960,aifs,11,-3.0879,-1.1364,0.3806,2.7350,238
11224500,aifs,11,-0.0124,-0.5569,0.1010,0.1339,238
11253310,aifs,11,-0.1475,-0.0850,0.1643,0.4670,238
11264500,aifs,11,-1.2380,0.1210,0.1781,1.0795,238
11266500,aifs,11,-1.2715,0.1441,0.2788,1.1948,238
11274500,aifs,11,-0.1565,0.4084,0.4833,1.2677,238
11274630,aifs,11,-0.4635,0.2906,0.5623,1.3424,238
11284400,aifs,11,0.0838,-0.1684,0.3566,0.2846,238
11299600,aifs,11,-0.0072,0.4165,0.4317,1.0319,235
11381500,aifs,11,0.6114,0.4737,0.8686,1.0098,238
11383500,aifs,11,0.6210,0.4909,0.8636,1.0571,238
11451100,aifs,11,0.5920,0.7459,0.7787,1.0595,106
11468500,aifs,11,0.3610,0.2760,0.6821,0.8781,238
11473900,aifs,11,0.3929,0.3176,0.6948,0.9083,238
11475560,aifs,11,0.4043,0.3898,0.6531,0.9004,238
11476600,aifs,11,0.5689,0.6856,0.7644,1.1621,237
11478500,aifs,11,0.3302,0.3660,0.5839,1.3113,238
11480390,aifs,11,0.3176,0.2517,0.6184,0.8920,238
11481200,aifs,11,0.2123,0.5123,0.5763,1.2250,238
11482500,aifs,11,0.5448,0.5523,0.8090,1.3986,238
11522500,aifs,11,0.2742,0.4249,0.7034,1.4909,238
11523200,aifs,11,-0.2951,0.1366,0.6983,1.7302,238
11528700,aifs,11,0.5236,0.4723,0.7556,1.0984,238
11532500,aifs,11,0.5216,0.6527,0.7265,1.0705,238
12010000,aifs,11,-0.1147,0.4462,0.4960,0.7830,238
12013500,aifs,11,-0.0618,0.5292,0.5889,0.9736,238
12020000,aifs,11,-0.3743,0.3744,0.4450,0.7818,238
12025000,aifs,11,-0.1447,0.4502,0.6135,1.2237,238
12025700,aifs,11,-0.0770,0.5211,0.5619,1.0476,238
12035000,aifs,11,-0.2674,0.4514,0.5689,0.9581,238
12040500,aifs,11,-0.2925,0.4305,0.5969,0.9998,238
12041200,aifs,11,-0.7744,0.1828,0.6449,0.9786,238
12043000,aifs,11,0.3056,0.6612,0.7083,0.9052,238
12048000,aifs,11,0.0952,0.4895,0.8189,1.2976,238
12054000,aifs,11,-0.3125,0.3220,0.7071,1.3869,238
12056500,aifs,11,-0.9310,0.1941,0.5592,1.0268,238
12073500,aifs,11,-0.4816,0.3886,0.5344,1.1332,237
12082500,aifs,11,0.2238,0.2916,0.4762,1.0226,232
12092000,aifs,11,0.0978,0.2953,0.3955,0.9979,238
12095000,aifs,11,0.6069,0.7477,0.7838,1.0075,238
12114500,aifs,11,0.4603,0.4104,0.7186,1.0299,238
12115000,aifs,11,0.4467,0.4072,0.7018,1.0076,238
12115500,aifs,11,0.3913,0.4084,0.6349,0.8930,238
12117000,aifs,11,0.5329,0.5878,0.7314,0.9904,238
12141300,aifs,11,0.3268,0.4097,0.5808,1.1456,238
12143600,aifs,11,0.3461,0.4048,0.6036,1.2152,234
12144000,aifs,11,0.4151,0.5036,0.6448,1.0259,237
12145500,aifs,11,0.2305,0.6355,0.6971,1.0108,238
12147600,aifs,11,0.2801,0.4905,0.5628,1.0768,238
12167000,aifs,11,0.1780,0.5001,0.6086,1.3109,238
12175500,aifs,11,-0.2516,0.4563,0.5339,1.1928,238
12186000,aifs,11,0.0133,0.4370,0.5002,1.2497,235
12189500,aifs,11,-0.0424,0.4435,0.5527,1.3303,237
12358500,aifs,11,0.6022,0.8036,0.8158,1.0125,238
12377150,aifs,11,0.5110,0.7508,0.7591,0.9366,238
12381400,aifs,11,0.3696,0.5231,0.8602,1.2162,205
12390700,aifs,11,0.3970,0.6111,0.6850,1.1810,238
12411000,aifs,11,0.6424,0.6935,0.8350,1.2482,227
12414500,aifs,11,0.6292,0.6742,0.8020,0.9112,238
12447390,aifs,11,-0.2018,-0.2361,0.2169,0.3692,238
12451000,aifs,11,0.3709,0.6337,0.7763,1.2479,238
12488500,aifs,11,0.4519,0.6667,0.7255,1.1655,238
13011500,aifs,11,0.6351,0.5262,0.9292,1.3622,238
13011900,aifs,11,0.7807,0.7901,0.9243,0.9916,238
13018300,aifs,11,-0.4811,-0.0243,0.9393,1.5055,238
13023000,aifs,11,0.4859,0.7416,0.7882,0.9341,196
13161500,aifs,11,0.5683,0.7157,0.7811,0.8450,238
13235000,aifs,11,0.5835,0.6645,0.7793,0.8927,236
13240000,aifs,11,0.8127,0.8775,0.9018,1.0002,159
13310700,aifs,11,0.5939,0.5313,0.8837,0.6869,238
13313000,aifs,11,0.7064,0.4970,0.9594,0.6522,238
13331500,aifs,11,0.4210,0.4821,0.9007,1.2491,238
13337000,aifs,11,0.6254,0.7112,0.8198,0.8331,238
13338500,aifs,11,0.7187,0.8212,0.8791,1.1113,238
13340000,aifs,11,0.4735,0.6356,0.7417,0.8021,238
13340600,aifs,11,0.5548,0.6187,0.8490,0.7106,238
14020000,aifs,11,0.2638,0.1418,0.6867,0.5927,238
14092750,aifs,11,0.2135,0.5665,0.5897,0.8857,238
14096850,aifs,11,-2.5812,-0.1380,0.6883,0.5023,238
14137000,aifs,11,0.4718,0.5316,0.6880,1.0158,233
14138800,aifs,11,0.2469,0.3613,0.5089,0.8896,238
14138870,aifs,11,0.4219,0.5178,0.6598,0.8363,238
14138900,aifs,11,0.1967,0.3069,0.4623,0.8911,238
14139800,aifs,11,0.3993,0.5349,0.6500,0.8157,236
14141500,aifs,11,0.4493,0.6041,0.6821,0.8938,238
14154500,aifs,11,0.5506,0.7124,0.7843,1.1898,238
14158500,aifs,11,0.7588,0.7468,0.8997,1.0877,223
14158790,aifs,11,0.5100,0.5593,0.7163,0.9767,234
14166500,aifs,11,0.4470,0.5047,0.6700,0.9498,238
14182500,aifs,11,0.4958,0.5062,0.7163,0.8391,238
14185000,aifs,11,0.6352,0.7626,0.8040,1.0820,238
14185900,aifs,11,0.4906,0.6809,0.7189,1.0826,235
14187000,aifs,11,0.5796,0.7314,0.7975,1.1764,237
14216500,aifs,11,0.7368,0.8125,0.8613,1.0661,235
14222500,aifs,11,0.4163,0.5436,0.6483,1.0200,238
14236200,aifs,11,0.2337,0.6169,0.6182,0.9682,237
14301000,aifs,11,0.4146,0.5089,0.6471,0.8925,237
14303200,aifs,11,0.3611,0.3265,0.6326,0.8852,238
14305500,aifs,11,0.3809,0.4096,0.6256,0.8496,236
14306340,aifs,11,0.4576,0.4303,0.7031,0.7542,238
14306500,aifs,11,0.5922,0.6515,0.7722,0.9183,238
14308990,aifs,11,0.6028,0.5505,0.8035,0.9585,238
14309500,aifs,11,0.3379,0.5079,0.5973,0.9113,238
14316700,aifs,11,0.6082,0.7212,0.7879,1.1272,238
14325000,aifs,11,0.3398,0.5696,0.6223,0.8787,238
14362250,aifs,11,0.4156,0.2833,0.7374,0.5576,148
14400000,aifs,11,0.6474,0.6059,0.8150,0.7756,238
01013500,aifs,12,0.8868,0.8172,0.9507,0.8685,238
01022500,aifs,12,0.3794,0.5307,0.6245,1.0420,238
01030500,aifs,12,0.6038,0.7130,0.8610,1.1338,238
01031500,aifs,12,0.4108,0.6167,0.6609,0.9897,236
01047000,aifs,12,0.2390,0.5286,0.5638,0.9245,238
01052500,aifs,12,0.3252,0.3002,0.6059,0.6913,238
01054200,aifs,12,0.0040,-0.0098,0.2990,0.5171,238
01055000,aifs,12,0.0955,0.3961,0.4492,0.9076,236
01057000,aifs,12,0.4241,0.6730,0.6871,0.9863,236
01073000,aifs,12,0.5155,0.6468,0.8273,1.2290,238
01078000,aifs,12,0.2011,0.3752,0.5231,0.7365,236
01118300,aifs,12,0.1654,0.4000,0.5025,0.7923,236
01121000,aifs,12,0.2333,0.5725,0.6294,1.2132,236
01123000,aifs,12,0.4122,0.5638,0.6526,0.9136,238
01134500,aifs,12,0.5417,0.6683,0.7516,0.8428,236
01137500,aifs,12,0.2473,0.4110,0.5506,0.7730,238
01139000,aifs,12,0.3375,0.6489,0.6560,0.9454,234
01139800,aifs,12,0.6743,0.8218,0.8348,1.0602,238
01142500,aifs,12,0.5793,0.7536,0.7799,0.9158,236
01144000,aifs,12,0.6178,0.8097,0.8220,0.9713,238
01169000,aifs,12,0.2119,0.4925,0.5355,1.0640,236
01170100,aifs,12,0.3680,0.6136,0.6429,0.9732,237
01181000,aifs,12,0.6183,0.7412,0.7949,1.1109,236
01187300,aifs,12,0.2509,0.4965,0.5574,1.1243,238
01195100,aifs,12,-0.0002,0.2082,0.3292,0.8116,238
01333000,aifs,12,0.4170,0.5648,0.6550,0.9212,236
01350000,aifs,12,0.0837,0.0499,0.3215,0.7145,235
01350080,aifs,12,0.5965,0.6293,0.7824,0.8201,238
01350140,aifs,12,0.5150,0.6233,0.7495,0.7510,188
01365000,aifs,12,0.2977,0.3133,0.5644,0.8135,236
01411300,aifs,12,-0.2414,0.0217,0.1309,1.2013,229
01413500,aifs,12,0.3298,0.3368,0.6103,0.7589,236
01414500,aifs,12,0.0306,-0.0025,0.3255,0.5806,236
01415000,aifs,12,0.2710,0.1958,0.7012,0.5515,193
01423000,aifs,12,0.3164,0.3109,0.6415,0.6817,238
01434025,aifs,12,0.1532,0.4184,0.5478,0.6653,238
01435000,aifs,12,0.2529,0.2623,0.5167,0.8103,237
01439500,aifs,12,-0.1234,0.3790,0.4233,0.7853,236
01440000,aifs,12,-1.0995,0.1912,0.2816,0.9336,238
01440400,aifs,12,-0.0745,0.4577,0.4657,0.9073,212
01451800,aifs,12,-1.3134,0.1198,0.2019,1.0703,236
01466500,aifs,12,-5.7883,-1.2714,0.7395,1.0024,236
01484100,aifs,12,-1.6830,0.0253,0.4028,1.3485,238
01485500,aifs,12,-3.6598,-0.6655,0.4001,2.0801,233
01486000,aifs,12,-3.5941,-0.5309,0.3888,1.9321,238
01487000,aifs,12,-0.8361,0.2088,0.5986,1.1064,238
01491000,aifs,12,0.4047,0.5690,0.6459,1.0281,238
01510000,aifs,12,0.5547,0.6808,0.7480,0.9523,238
01516500,aifs,12,0.0544,0.0507,0.3601,0.5841,238
01518862,aifs,12,0.2013,0.3279,0.5319,0.6702,238
01532000,aifs,12,0.0965,0.5054,0.5187,0.9128,236
01539000,aifs,12,0.1774,0.4105,0.5186,0.8008,220
01542810,aifs,12,-0.1260,0.3846,0.3934,0.9332,236
01543000,aifs,12,-0.1538,0.4664,0.4998,0.8596,238
01543500,aifs,12,0.0314,0.4769,0.5052,0.8386,236
01544500,aifs,12,0.3187,0.4382,0.6581,0.6695,238
01545600,aifs,12,0.3842,0.3916,0.6978,0.6672,238
01547700,aifs,12,-0.2398,0.0237,0.1135,0.8694,238
01548500,aifs,12,0.2291,0.3052,0.5925,0.6176,236
01549500,aifs,12,0.3463,0.4501,0.6427,0.7184,236
01550000,aifs,12,0.2602,0.3498,0.5976,0.6645,236
01552000,aifs,12,0.1947,0.4157,0.5342,0.7720,238
01552500,aifs,12,0.1016,0.4424,0.5017,0.8078,238
01557500,aifs,12,-0.5779,0.1299,0.1376,0.9312,238
01567500,aifs,12,-0.6147,0.1301,0.1373,1.0858,238
01568000,aifs,12,-1.4303,0.0765,0.1797,1.1944,238
01580000,aifs,12,-1.2502,0.0998,0.1405,0.9867,234
01583500,aifs,12,-0.7857,0.1691,0.1773,0.9102,238
01586610,aifs,12,-0.6738,0.1821,0.1923,0.8731,204
01591400,aifs,12,-2.1044,-0.0572,0.1009,1.0535,238
01596500,aifs,12,-0.4492,0.0815,0.1169,0.8568,236
01605500,aifs,12,-0.8774,0.2242,0.3102,1.2328,236
01606500,aifs,12,-0.7674,0.2337,0.2603,0.8943,211
01613050,aifs,12,-1.7564,-0.0135,0.1205,1.2477,238
01620500,aifs,12,-0.0194,0.2180,0.4086,0.5726,236
01632000,aifs,12,-1.0990,0.1280,0.1548,0.9953,236
01632900,aifs,12,-0.7119,0.2434,0.2563,1.0165,236
01634500,aifs,12,-0.5821,0.1515,0.1542,0.9945,221
01638480,aifs,12,-6.1416,-0.9811,0.1480,2.0566,233
01639500,aifs,12,-1.3986,0.0651,0.1561,1.2228,238
01644000,aifs,12,-2.7690,-0.3592,0.1803,1.8772,238
01658500,aifs,12,-2.2825,-0.1865,0.0407,1.4620,207
01664000,aifs,12,-0.5865,0.1914,0.1922,0.9688,238
01666500,aifs,12,-0.4033,0.2378,0.2481,1.0980,223
01667500,aifs,12,-1.5017,0.0824,0.2101,1.1584,216
01669000,aifs,12,-0.5651,0.3200,0.3515,1.1176,213
01669520,aifs,12,-3.5737,-0.4614,0.4883,1.8189,236
02011400,aifs,12,-1.8309,-0.0275,0.2991,1.3636,238
02011460,aifs,12,-0.7768,0.2451,0.2699,1.0095,238
02013000,aifs,12,-1.3235,0.0323,0.1388,1.3376,238
02014000,aifs,12,-2.5372,-0.1424,0.1786,1.1807,237
02015700,aifs,12,-1.0943,0.1905,0.3379,1.1875,220
02016000,aifs,12,-1.4546,0.1005,0.3283,1.1761,237
02017500,aifs,12,-2.8349,-0.2863,0.3616,1.3706,236
02018000,aifs,12,-2.6030,-0.2199,0.3064,1.4011,231
02027000,aifs,12,-0.5393,0.3589,0.5211,0.9181,218
02027500,aifs,12,0.2788,0.5406,0.6652,0.6906,221
02028500,aifs,12,-0.6701,0.3233,0.3963,1.0058,213
02038850,aifs,12,-0.7643,0.1549,0.1614,0.9059,236
02046000,aifs,12,-1.3321,-0.0835,0.2296,1.6933,228
02051000,aifs,12,-0.6632,0.0579,0.0725,1.1218,238
02051500,aifs,12,-1.1119,0.0454,0.1480,1.3871,236
02053200,aifs,12,-3.0851,-0.4030,0.1718,1.7273,210
02053800,aifs,12,-0.4697,0.2376,0.2396,0.9581,219
02055100,aifs,12,-0.9359,0.2301,0.4023,1.2556,236
02056900,aifs,12,-0.7372,0.2592,0.2892,0.9129,212
02059500,aifs,12,-1.2239,0.1699,0.3146,0.9181,207
02064000,aifs,12,-0.5109,0.1775,0.1965,0.8395,226
02065500,aifs,12,-0.2712,0.2932,0.3571,0.7197,236
02069700,aifs,12,-0.7340,0.1697,0.1958,1.2044,210
02070000,aifs,12,-0.9154,0.1400,0.1732,1.2058,236
02074500,aifs,12,-0.8978,0.1684,0.2043,1.1811,238
02077200,aifs,12,-1.5260,-0.0017,0.3411,1.4637,233
02081500,aifs,12,-0.9114,-0.0435,0.1889,1.6437,238
02082950,aifs,12,-4.7941,-0.8394,0.2631,1.9789,238
02092500,aifs,12,-4.3974,-1.0474,0.2100,2.5795,238
02096846,aifs,12,-1.1167,-0.1782,-0.0116,1.6036,238
02102908,aifs,12,-0.1268,0.1474,0.2294,0.9233,238
02108000,aifs,12,0.1224,0.5065,0.5657,1.2322,238
02111180,aifs,12,-0.3777,-0.0347,0.0298,1.0496,238
02111500,aifs,12,-0.9943,0.0669,0.0695,1.0032,236
02118500,aifs,12,-1.7264,0.0452,0.2164,1.1150,238
02128000,aifs,12,-1.4028,-0.7360,0.1404,2.4962,238
02137727,aifs,12,-0.8546,0.0522,0.0525,0.9909,238
02140991,aifs,12,-1.0415,0.0345,0.0476,1.1511,238
02143000,aifs,12,-3.4292,-0.2689,0.1434,1.2880,238
02143040,aifs,12,-2.7392,-0.1760,0.1099,1.0003,236
02149000,aifs,12,-0.4442,-0.0182,0.0292,1.0361,238
02152100,aifs,12,-1.3572,0.0016,0.0196,1.0521,238
02177000,aifs,12,-0.4114,0.0470,0.0921,1.0843,236
02178400,aifs,12,-0.4292,0.3332,0.3375,0.9772,236
02193340,aifs,12,-0.5735,0.2034,0.2497,1.2658,238
02196000,aifs,12,-0.0903,-0.3784,0.0159,0.4142,238
02198100,aifs,12,-0.0751,-0.2254,0.0201,1.1503,237
02202600,aifs,12,-0.3414,-0.3898,0.1047,1.7481,238
02212600,aifs,12,-0.0565,-0.0126,0.1590,0.9086,236
02215100,aifs,12,-0.1680,-0.2090,0.0142,0.6678,238
02216180,aifs,12,-0.0832,-0.4503,-0.0672,0.4493,236
02221525,aifs,12,-0.1245,0.1076,0.2023,1.0642,236
02231000,aifs,12,-4.1576,-0.6201,0.2958,1.6507,238
02231342,aifs,12,-2.5908,-0.4004,0.3364,1.9589,238
02235200,aifs,12,0.3085,0.5298,0.6120,1.1277,237
02245500,aifs,12,-6.9357,-1.0220,0.2454,1.4478,238
02246000,aifs,12,-3.9978,-0.4259,0.1140,1.0787,236
02296500,aifs,12,-1.1288,-0.3445,0.3610,2.1346,227
02297155,aifs,12,-0.1011,-0.2986,0.2966,0.2448,237
02297310,aifs,12,-0.0950,0.1603,0.3060,0.6497,228
02298123,aifs,12,0.0822,0.0657,0.4250,0.4806,238
02298608,aifs,12,-0.5046,0.2886,0.2964,1.0837,238
02299950,aifs,12,-0.5677,0.1945,0.2096,0.8452,238
02300700,aifs,12,0.0311,0.0276,0.3073,0.5810,238
02310947,aifs,12,-0.7443,-2.0533,-0.2947,3.6727,238
02312200,aifs,12,-19.8896,-4.2071,0.2768,6.1456,238
02314500,aifs,12,-0.1887,-0.2476,0.1032,0.5804,238
02315500,aifs,12,-0.3298,-0.6565,-0.2883,0.4429,238
02324400,aifs,12,-0.2052,-1.0284,-0.5320,0.1148,238
02327100,aifs,12,-9.7319,-1.8089,0.2326,2.5746,236
02349900,aifs,12,0.0330,-0.0951,0.2040,0.8201,238
02350900,aifs,12,-0.1659,0.2316,0.4123,0.6549,238
02361000,aifs,12,-0.4079,0.1272,0.2119,0.6991,238
02363000,aifs,12,-0.0621,-0.1994,0.2832,0.3735,236
02369800,aifs,12,0.0204,-0.2484,0.2714,0.4631,237
02371500,aifs,12,0.0429,-0.1549,0.2426,0.7403,238
02372250,aifs,12,0.0132,-0.1701,0.1580,0.7811,236
02374500,aifs,12,0.0430,-0.0256,0.2928,0.7180,238
02381600,aifs,12,-0.0503,0.1123,0.2320,0.9997,237
02384540,aifs,12,-0.1981,0.0160,0.1492,0.7817,238
02395120,aifs,12,-1.5858,0.0801,0.3152,1.1086,238
02408540,aifs,12,0.0080,0.2302,0.3320,0.8865,238
02415000,aifs,12,-0.0027,0.1959,0.3063,0.9086,228
02422500,aifs,12,-0.4746,0.3021,0.3418,1.2239,221
02427250,aifs,12,0.0551,0.1130,0.2927,1.0438,238
02430085,aifs,12,-0.4501,0.0824,0.1394,1.2525,238
02450250,aifs,12,-0.0669,0.0897,0.2116,0.9786,236
02464000,aifs,12,0.0824,0.1714,0.3413,0.8619,238
02465493,aifs,12,-0.0977,0.2194,0.2843,1.0754,235
02469800,aifs,12,0.1366,0.0422,0.5353,0.4851,236
02472000,aifs,12,0.0812,-0.0742,0.4094,0.4904,238
02472500,aifs,12,0.2069,0.2220,0.5634,0.4877,238
02479155,aifs,12,0.2045,0.0124,0.5669,0.5145,238
02479300,aifs,12,0.1376,-0.1114,0.6590,0.3550,238
02481000,aifs,12,0.0881,-0.2403,0.5576,0.2092,238
02481510,aifs,12,0.0948,-0.1716,0.5876,0.2812,238
03010655,aifs,12,0.2487,0.4358,0.5957,0.7001,209
03011800,aifs,12,0.0310,0.4027,0.4602,0.8084,238
03015500,aifs,12,-0.3203,0.4360,0.4882,1.0291,238
03021350,aifs,12,-0.2344,0.3592,0.3864,0.8157,236
03026500,aifs,12,0.0536,0.4552,0.4770,0.9008,238
03028000,aifs,12,0.0415,0.4796,0.5513,0.7399,236
03049800,aifs,12,-0.2066,-0.1037,0.0711,0.6954,236
03050000,aifs,12,-0.6454,0.2231,0.2257,1.0199,236
03066000,aifs,12,-0.2046,0.2241,0.2881,0.7734,238
03069500,aifs,12,-0.3077,0.2013,0.2488,0.7858,236
03070500,aifs,12,-1.2443,0.1584,0.3367,1.1633,236
03076600,aifs,12,-0.3395,0.1994,0.2606,0.7265,238
03078000,aifs,12,-0.4179,0.0732,0.1302,0.7753,238
03140000,aifs,12,-0.2127,0.1224,0.1832,1.0157,236
03144000,aifs,12,-1.2922,0.0270,0.0634,1.1736,238
03159540,aifs,12,-0.4571,0.1517,0.1642,0.9634,238
03161000,aifs,12,-0.4066,0.1745,0.1976,0.8887,238
03164000,aifs,12,-0.3676,0.4207,0.4737,0.9011,238
03165000,aifs,12,-0.6141,0.0258,0.0442,0.9307,221
03170000,aifs,12,-0.5218,0.2643,0.2707,0.9094,238
03173000,aifs,12,-1.0680,0.2061,0.3143,1.0752,236
03180500,aifs,12,-0.1347,0.3604,0.3698,0.9955,222
03182500,aifs,12,-0.6402,0.2954,0.3590,1.1828,236
03186500,aifs,12,-0.1420,0.3747,0.3819,0.9535,236
03187500,aifs,12,-0.3352,0.4099,0.4324,0.9513,235
03213700,aifs,12,-1.1549,0.1807,0.3697,1.2026,238
03237280,aifs,12,-0.1111,0.1129,0.2279,0.7839,238
03237500,aifs,12,-0.2689,0.2584,0.2924,1.1885,236
03241500,aifs,12,-0.4354,0.0285,0.0826,0.8135,225
03280700,aifs,12,-2.7449,-0.1944,0.2496,1.1035,213
03281100,aifs,12,-4.1914,-0.5515,0.3012,1.2448,236
03281500,aifs,12,-2.7246,-0.2176,0.3214,1.1536,223
03285000,aifs,12,-2.3130,-0.4655,0.2092,2.0404,235
03291780,aifs,12,-0.2891,-0.0752,0.0202,0.9689,238
03300400,aifs,12,-0.3052,0.0065,0.0765,1.0209,238
03340800,aifs,12,-1.5923,-0.0126,0.0314,1.0338,190
03346000,aifs,12,-0.5258,-0.0615,0.0385,0.6300,238
03364500,aifs,12,-0.1911,-0.1649,0.0470,0.6055,238
03366500,aifs,12,-0.2495,-0.0857,0.0535,0.7243,238
03368000,aifs,12,-0.1111,-0.1075,0.1000,0.6891,238
03384450,aifs,12,-0.0450,-0.2039,0.0868,0.6413,238
03439000,aifs,12,-0.3064,-0.2482,-0.0375,0.6753,236
03450000,aifs,12,-0.3216,-0.0010,0.0809,0.8523,238
03455500,aifs,12,-1.1645,0.0535,0.0958,0.7464,236
03456500,aifs,12,-0.6583,-0.0415,0.0015,0.8065,236
03460000,aifs,12,-0.7267,0.2988,0.4115,0.6252,238
03463300,aifs,12,-0.5058,0.0810,0.1134,0.8478,238
03471500,aifs,12,-0.1461,0.4677,0.6598,0.7718,236
03473000,aifs,12,-0.4826,0.3764,0.5480,0.7674,238
03479000,aifs,12,-2.7778,-0.1878,0.1968,0.9895,236
03488000,aifs,12,-1.3726,0.1270,0.3213,0.8498,238
03498500,aifs,12,-2.4792,-0.1493,0.3204,0.8638,238
03500000,aifs,12,-0.5561,0.3478,0.3755,0.8475,236
03504000,aifs,12,-0.6867,0.2625,0.2781,0.8584,236
03574500,aifs,12,-0.1138,-0.0197,0.1772,0.6534,238
03604000,aifs,12,-0.5023,-0.1282,-0.0579,0.8410,236
04015330,aifs,12,0.3101,0.0989,0.6761,0.4932,197
04024430,aifs,12,0.3408,0.5288,0.6388,0.7411,238
04027000,aifs,12,0.3810,0.4566,0.6363,0.7482,238
04040500,aifs,12,0.8381,0.7829,0.9228,0.9211,238
04043050,aifs,12,0.7832,0.8189,0.8869,0.9077,182
04045500,aifs,12,0.8642,0.8016,0.9460,0.8093,234
04056500,aifs,12,0.5884,0.4571,0.8677,0.7105,229
04057510,aifs,12,0.8700,0.6781,0.9693,0.7743,158
04057800,aifs,12,0.7888,0.5900,0.9248,0.7142,238
04059500,aifs,12,0.8437,0.7384,0.9382,0.9672,238
04063700,aifs,12,0.6186,0.3604,0.9253,0.5783,238
04074950,aifs,12,0.5773,0.5070,0.8753,0.7358,238
04105700,aifs,12,0.4036,0.4632,0.6682,0.9010,238
04115265,aifs,12,0.1852,0.1858,0.4368,0.9216,238
04122200,aifs,12,0.2715,0.2661,0.6129,0.7889,238
04122500,aifs,12,0.5396,0.5472,0.7786,0.8788,236
04124000,aifs,12,0.6497,0.5462,0.8598,0.9616,238
04127997,aifs,12,0.2942,0.3132,0.5873,0.8880,201
04185000,aifs,12,0.4355,0.5978,0.6749,0.8819,215
04196800,aifs,12,-0.0109,0.3399,0.3879,0.8756,238
04197100,aifs,12,0.0168,0.3759,0.4294,1.1891,238
04197170,aifs,12,-0.4840,0.1558,0.1672,1.0722,238
04213000,aifs,12,-0.6912,0.2991,0.3579,1.1083,236
04213075,aifs,12,-0.2156,0.1348,0.2000,0.8704,234
04216418,aifs,12,0.2367,0.4901,0.5419,0.9628,238
04221000,aifs,12,0.0146,0.2194,0.4334,0.6058,238
04224775,aifs,12,0.0467,0.0892,0.4095,0.5443,236
04256000,aifs,12,0.5929,0.7659,0.8117,1.1295,236
04296000,aifs,12,0.3260,0.5750,0.6206,0.8903,236
05057000,aifs,12,-1.1750,0.0881,0.4160,0.5124,160
05057200,aifs,12,0.5786,0.7100,0.7637,0.9949,237
05062500,aifs,12,0.5505,0.6069,0.7469,0.9063,199
05087500,aifs,12,0.1229,0.3578,0.4373,0.9367,238
05120500,aifs,12,-10.1699,-1.4962,-0.0650,3.2042,210
05123400,aifs,12,-0.3916,-0.6523,-0.0184,0.1576,238
05129115,aifs,12,-0.8334,-0.8962,-0.2632,0.0000,238
05131500,aifs,12,0.1619,0.1157,0.5468,0.5177,142
05291000,aifs,12,-0.9970,0.1459,0.2039,0.7646,238
05362000,aifs,12,0.4501,0.6306,0.7023,0.8234,237
05393500,aifs,12,0.5109,0.6500,0.7309,0.8383,238
05399500,aifs,12,-0.0042,0.2927,0.3694,0.8167,236
05408000,aifs,12,-0.0506,-0.0565,0.1848,0.8018,237
05412500,aifs,12,-0.1379,0.0901,0.3008,0.6395,238
05413500,aifs,12,-0.6520,-0.0127,0.0567,0.7702,208
05414000,aifs,12,-0.2558,0.0054,0.4074,0.5758,204
05444000,aifs,12,-0.4103,0.0416,0.1469,0.6724,236
05454000,aifs,12,-0.1557,0.1446,0.2925,0.6335,238
05458000,aifs,12,-0.1993,-0.1910,0.0163,0.6726,238
05466500,aifs,12,0.0624,-0.0104,0.3173,0.6574,236
05487980,aifs,12,-0.2577,-0.1384,0.0070,0.7388,236
05488200,aifs,12,-0.1367,-0.2798,0.0352,0.4503,236
05489000,aifs,12,-0.0897,-0.3821,0.0026,0.4042,236
05495000,aifs,12,-0.3478,0.1500,0.1811,1.1024,236
05495500,aifs,12,-0.0234,-0.0674,0.2144,0.5510,232
05501000,aifs,12,-0.0504,-0.2586,0.0768,0.5343,236
05503800,aifs,12,-0.1973,0.0913,0.1663,0.9628,238
05507600,aifs,12,-0.9877,-0.0074,0.1927,1.5711,238
05508805,aifs,12,-1.3343,-0.1759,0.2497,1.8185,236
05514500,aifs,12,-0.3051,0.0433,0.1038,1.0203,236
05525500,aifs,12,-0.1795,0.1864,0.2370,1.0506,236
05556500,aifs,12,-0.0950,-0.1864,0.1829,0.4646,238
05584500,aifs,12,0.0624,-0.0398,0.3710,0.4882,236
05585000,aifs,12,-0.0511,-0.0878,0.2815,0.4431,238
05591550,aifs,12,-0.3175,0.0563,0.1209,0.8459,236
05592050,aifs,12,-0.3937,-0.0693,0.0192,0.7723,222
05592575,aifs,12,-0.0198,0.0592,0.2555,0.6713,236
05593575,aifs,12,-0.6878,-0.0335,0.2372,1.6925,238
05593900,aifs,12,-0.3074,0.0289,0.1024,0.8427,236
05595730,aifs,12,-1.3900,-0.1174,0.1910,1.6758,238
06037500,aifs,12,-2.6916,0.2809,0.8256,1.2989,238
06043500,aifs,12,0.2190,0.3322,0.9377,1.3754,238
06154410,aifs,12,-1.3884,-0.0190,0.0426,0.7165,238
06188000,aifs,12,0.8258,0.8836,0.9230,1.0280,238
06191500,aifs,12,0.7332,0.6733,0.9432,1.1522,238
06221400,aifs,12,0.8385,0.8616,0.9334,1.0705,238
06224000,aifs,12,0.6816,0.8210,0.8539,1.0919,238
06289000,aifs,12,0.2210,0.6121,0.6252,0.9006,238
06332515,aifs,12,-0.1379,0.3034,0.3614,1.2467,118
06339100,aifs,12,-18.0270,-2.6953,0.0566,2.4803,174
06339500,aifs,12,-0.6664,0.0788,0.3235,0.3774,167
06344600,aifs,12,-4.1055,-1.6814,-0.0048,3.4555,177
06350000,aifs,12,-3.6333,-0.7813,0.5457,2.2523,238
06352000,aifs,12,-0.0145,-0.1056,0.5024,1.3311,237
06353000,aifs,12,-0.0036,-0.1175,0.5078,0.8055,236
06354000,aifs,12,-0.0372,0.3235,0.5033,0.5637,173
06360500,aifs,12,0.1134,0.1340,0.5227,1.5438,139
06404000,aifs,12,-91.8563,-7.5625,-0.0825,2.1651,205
06406000,aifs,12,-193.6890,-5.0459,0.2543,5.8513,180
06408700,aifs,12,-1657.4173,-4.1484,0.1833,1.5128,238
06409000,aifs,12,-1.5237,0.6825,0.8684,1.2657,193
06431500,aifs,12,-2.4676,0.1816,0.4388,1.1137,227
06440200,aifs,12,-1.0664,-0.1226,0.0089,0.4736,160
06441500,aifs,12,-47.4688,-5.8807,-0.0442,4.8514,177
06447000,aifs,12,-0.4315,-0.0375,0.0562,0.6863,140
06447500,aifs,12,-0.1359,-0.1603,0.1663,0.7146,238
06450500,aifs,12,0.0681,-0.0419,0.4999,1.0458,208
06452000,aifs,12,-0.0884,-0.2214,0.0015,1.0407,175
06453600,aifs,12,-0.2902,-0.2398,0.2696,1.7043,235
06464500,aifs,12,-0.5071,-0.0826,-0.0304,1.0631,175
06477500,aifs,12,-115.4178,-9.4834,0.0628,5.1768,237
06479215,aifs,12,-0.1184,-0.1678,0.1201,0.5579,238
06479438,aifs,12,-0.1456,-0.5349,0.0167,0.2152,238
06601000,aifs,12,-0.5217,-0.0991,-0.0341,0.8414,238
06614800,aifs,12,0.7572,0.5776,0.9388,1.3762,238
06622700,aifs,12,-0.4736,0.1033,0.7365,1.6488,238
06623800,aifs,12,0.8087,0.9006,0.9087,1.0007,238
06632400,aifs,12,-0.3828,0.2986,0.4437,1.4016,238
06784000,aifs,12,-0.8823,-0.2736,-0.0475,1.3041,238
06803510,aifs,12,-0.2878,-0.1222,-0.0058,0.8377,238
06803530,aifs,12,-0.2026,-0.2046,-0.0389,0.8485,238
06814000,aifs,12,-0.5888,0.3000,0.3179,0.9472,238
06846500,aifs,12,-0.0093,-0.4700,-0.0563,1.3796,238
06847900,aifs,12,-0.0220,-0.3261,0.0456,1.3021,238
06853800,aifs,12,-0.6259,-0.3753,-0.0339,1.7911,238
06876700,aifs,12,-0.1075,-0.5141,0.1133,0.1798,238
06878000,aifs,12,-0.3631,-0.1610,-0.0042,0.5896,238
06879650,aifs,12,-0.0158,-0.2335,0.1937,0.3845,237
06885500,aifs,12,-0.1715,-0.2810,0.0258,0.4278,238
06888500,aifs,12,-0.0501,-0.4444,0.0357,0.3282,238
06889200,aifs,12,-0.0931,-0.0497,0.1448,0.6972,238
06889500,aifs,12,-1.2031,0.0259,0.0417,1.1057,238
06892000,aifs,12,-0.3879,-0.0434,0.0805,0.6158,238
06903400,aifs,12,-0.0819,-0.5578,0.0247,0.1409,238
06906800,aifs,12,-0.1142,-0.0536,0.1458,0.6433,238
06910800,aifs,12,-0.1767,-0.1566,0.0586,0.5955,238
06911900,aifs,12,-0.1001,-0.1478,0.1124,0.5594,238
06917000,aifs,12,-0.1244,-0.1420,0.1479,0.4538,238
06918460,aifs,12,0.0347,0.1329,0.2988,0.8553,238
06919500,aifs,12,-0.2447,0.0272,0.2232,0.4923,238
06921070,aifs,12,-0.0212,-0.0127,0.2242,0.6521,238
06921200,aifs,12,-0.0507,-0.3695,0.1262,0.3068,238
06934000,aifs,12,-0.0079,0.1767,0.3818,0.6342,237
07014500,aifs,12,-0.0805,-0.1736,0.0928,0.6570,238
07056000,aifs,12,-0.0939,0.1760,0.2697,0.8148,238
07057500,aifs,12,0.0691,0.0471,0.3737,0.7839,230
07060710,aifs,12,-0.0001,-0.3951,0.0263,1.0505,238
07066000,aifs,12,-0.0821,0.1403,0.2603,0.8198,238
07067000,aifs,12,-0.2190,0.3409,0.4800,0.6112,238
07068000,aifs,12,-0.2291,0.4208,0.4463,0.8334,237
07071500,aifs,12,-0.3589,0.4750,0.5289,0.8269,238
07083000,aifs,12,-2.0462,-0.5336,0.8770,1.8430,238
07142300,aifs,12,-8.3127,-5.0200,-0.1105,6.8556,238
07145700,aifs,12,-0.0168,-0.5570,0.0693,0.1772,238
07148400,aifs,12,-0.7485,0.2580,0.6301,1.4407,238
07149000,aifs,12,-0.1474,0.3949,0.6097,1.4601,238
07151500,aifs,12,-0.0247,-0.4565,0.0338,0.4042,238
07167500,aifs,12,-0.1183,-0.4377,0.0171,1.8076,238
07180500,aifs,12,-0.1134,-0.2099,0.0099,0.7838,238
07184000,aifs,12,-0.0950,-0.3571,0.0365,0.3511,236
07195800,aifs,12,0.1192,0.2104,0.3996,0.7805,236
07196900,aifs,12,-0.0087,0.1502,0.2758,1.0897,237
07197000,aifs,12,0.0160,0.3094,0.3700,0.9818,238
07208500,aifs,12,-0.0894,0.4431,0.7174,1.1029,238
07226500,aifs,12,-0.0374,-0.4609,-0.0168,0.3752,236
07261000,aifs,12,-1.6625,-0.2330,0.1423,1.8018,236
07263295,aifs,12,-2.1792,-1.8613,0.0154,3.6658,236
07290650,aifs,12,-0.2306,-0.0917,0.1227,0.5468,238
07291000,aifs,12,-0.4699,-0.0876,0.1461,0.3802,238
07292500,aifs,12,-0.4657,0.1796,0.2146,0.7777,238
07295000,aifs,12,-0.1688,-0.0609,0.1271,0.6206,238
07299670,aifs,12,-0.3114,-0.3096,0.0727,1.8252,228
07301410,aifs,12,-0.4161,-0.3549,-0.1942,0.7297,227
07301500,aifs,12,-0.1816,-0.5720,0.0328,1.7710,200
07315200,aifs,12,-1.2606,-0.0403,0.0338,1.3533,161
07315700,aifs,12,-17.8442,-4.0752,-0.0370,4.9017,218
07335700,aifs,12,-0.1101,-0.2164,0.0850,0.5242,229
07340300,aifs,12,-0.4601,0.2019,0.2065,1.0099,238
07346045,aifs,12,-5.9375,-0.8129,0.1683,1.0403,238
07359610,aifs,12,-0.4753,0.0017,0.2891,1.6971,238
07362100,aifs,12,-5.0057,-1.0724,0.2612,2.4296,238
07362587,aifs,12,-1.1876,-0.6983,-0.0050,2.3690,236
07373000,aifs,12,-0.1088,-0.2718,0.1356,0.5207,234
07375000,aifs,12,0.1324,-0.0291,0.4421,0.4325,238
07376000,aifs,12,0.1088,0.1006,0.4368,0.5595,238
08013000,aifs,12,0.1729,0.0675,0.5213,0.5620,238
08014500,aifs,12,0.0556,-0.0554,0.3995,0.5353,238
08023080,aifs,12,-0.5676,-0.4986,0.0066,2.0821,238
08025500,aifs,12,-0.0894,-0.2686,-0.0005,0.6911,238
08029500,aifs,12,-0.0989,-0.2558,-0.0300,1.0566,238
08050800,aifs,12,-0.0439,-0.2741,0.0380,0.6674,237
08066200,aifs,12,-0.0420,-0.5169,-0.0338,0.3176,238
08066300,aifs,12,-0.0560,-0.5871,-0.0372,0.1888,238
08070000,aifs,12,-5.7372,-0.9346,0.0775,1.9373,238
08070200,aifs,12,-2.1995,-0.1116,0.0921,1.2980,238
08079600,aifs,12,-6.8232,-2.7444,-0.0287,4.2576,194
08082700,aifs,12,-0.0348,-0.3911,-0.0403,0.6518,224
08086212,aifs,12,-0.0410,-0.2416,0.0462,1.2704,238
08086290,aifs,12,-0.3916,-0.7474,0.0569,2.4345,238
08101000,aifs,12,-4.6399,-0.8659,0.1221,2.1043,238
08103900,aifs,12,0.3224,0.1935,0.6674,0.6998,238
08104900,aifs,12,-0.0698,-0.2865,0.1324,0.3702,238
08109700,aifs,12,-0.1602,0.0706,0.1671,1.1001,222
08150800,aifs,12,-0.0077,-0.5710,-0.0238,0.3044,238
08155200,aifs,12,-0.2156,-0.7258,0.2651,2.4981,238
08158700,aifs,12,-4.3192,-8.7024,0.2626,10.6432,238
08158810,aifs,12,0.0790,0.0051,0.2835,0.9342,238
08164000,aifs,12,-1.4004,-0.1936,0.1598,1.7791,238
08164300,aifs,12,-0.0667,-0.1753,0.0722,0.7202,235
08164600,aifs,12,-2.6395,-2.5432,0.1397,4.3722,238
08165300,aifs,12,-0.0082,-0.4735,-0.0894,0.7850,238
08171300,aifs,12,-17.7481,-29.7692,0.0096,31.6975,238
08175000,aifs,12,-0.0529,-0.2051,0.2224,0.2773,238
08176900,aifs,12,-3.5881,-3.9312,0.3706,5.7784,238
08178880,aifs,12,-0.0609,-0.5050,0.0309,0.2230,238
08189500,aifs,12,-0.3650,0.0582,0.1180,0.8084,238
08190000,aifs,12,-0.0263,-0.4227,-0.0173,0.5266,238
08190500,aifs,12,0.3866,0.3573,0.6872,1.5557,232
08194200,aifs,12,-0.0813,-0.4530,0.0021,0.2521,238
08195000,aifs,12,-0.0106,-0.4735,0.0299,0.3982,238
08196000,aifs,12,0.0886,0.0276,0.3017,1.1286,226
08198500,aifs,12,-0.0053,-0.5407,0.1064,0.2072,238
08200000,aifs,12,-0.0372,-0.4622,0.0683,0.2368,238
08202700,aifs,12,-0.0144,-0.6735,-0.0091,0.0570,237
08267500,aifs,12,-20.1040,-2.0557,0.6990,2.6009,238
08269000,aifs,12,-6.0617,-0.8218,0.5969,1.7802,238
08271000,aifs,12,-42.3442,-3.9776,0.7656,2.4499,238
08324000,aifs,12,-0.0365,0.5090,0.6766,1.1440,238
08377900,aifs,12,-5.1300,-0.6889,0.3733,1.3287,238
08378500,aifs,12,-6.5570,-1.0650,0.5827,1.3415,230
08380500,aifs,12,-2.9100,-0.2066,0.4173,1.6230,238
09034900,aifs,12,0.0436,0.1369,0.8854,1.6201,234
09035900,aifs,12,0.5011,0.6962,0.8252,1.1219,204
09047700,aifs,12,-5.3594,-1.0936,0.8702,1.4326,236
09065500,aifs,12,0.5205,0.4890,0.9202,1.2000,238
09066000,aifs,12,-1.1481,0.0938,0.5805,1.2087,238
09066200,aifs,12,0.6331,0.5355,0.9325,1.2776,238
09066300,aifs,12,-0.5098,-0.0679,0.7955,1.8402,238
09081600,aifs,12,0.0573,0.5675,0.6329,1.0822,238
09107000,aifs,12,-1.5552,-0.1463,0.7195,1.3141,237
09210500,aifs,12,-1.4327,0.0909,0.7375,1.5488,211
09223000,aifs,12,-2.9702,-0.5803,0.8705,2.0016,177
09306242,aifs,12,-451.3159,-4.1204,0.8583,5.9659,236
09312600,aifs,12,-2.1772,-0.6371,0.4888,2.4130,238
09352900,aifs,12,-0.5219,0.3200,0.5995,1.2465,208
09378170,aifs,12,0.2457,0.2619,0.5337,1.3255,238
09378630,aifs,12,,,,,238
09386900,aifs,12,-14.8044,-2.3125,-0.0011,2.5498,238
09404450,aifs,12,0.6816,0.8392,0.8483,0.9488,238
09430500,aifs,12,-1.6433,-0.0558,0.2583,0.2573,238
09430600,aifs,12,-0.7225,0.1037,0.3843,0.3840,238
09447800,aifs,12,-2.3748,-0.6371,0.0654,2.0607,238
09480000,aifs,12,-0.2821,-2.4879,-0.0320,4.2819,238
09484000,aifs,12,-1.6574,-0.7453,0.1078,2.4601,213
09484600,aifs,12,-0.2608,-1.1704,0.2891,3.0374,237
09492400,aifs,12,-0.4793,0.3668,0.6821,1.5035,236
09494000,aifs,12,-1.7852,-0.0029,0.4205,1.1185,238
09497800,aifs,12,-0.1409,-0.6445,-0.2369,1.6229,238
09497980,aifs,12,-11.5663,-1.7851,0.1610,1.7808,210
09505200,aifs,12,-3.0879,-0.3602,0.1544,1.5666,238
09505350,aifs,12,-3.1927,-0.7963,0.1638,2.2831,238
09505800,aifs,12,-6.3994,-1.0410,0.1771,1.8178,238
09508300,aifs,12,-35.5908,-4.4610,0.0232,3.0779,238
09510200,aifs,12,-307.9333,-17.4428,0.0208,9.2877,219
09512280,aifs,12,-57.1958,-8.6700,0.0078,8.0736,238
09513780,aifs,12,-925.1373,-32.4575,0.0740,17.4945,237
10023000,aifs,12,-15.4218,-0.7171,0.0720,2.2388,238
10166430,aifs,12,-13422.6053,-90.4972,0.5500,72.5565,238
10172700,aifs,12,-30.3075,-0.3013,0.6445,2.0308,238
10172800,aifs,12,-9.5336,-0.8419,0.7957,2.3417,238
10173450,aifs,12,-0.6446,0.3190,0.3677,1.0374,238
10205030,aifs,12,-202.7462,-10.2569,-0.0186,2.3817,238
10234500,aifs,12,-0.1196,-0.2723,-0.0454,0.8668,234
10242000,aifs,12,-30.3601,-3.7915,0.4101,4.5091,238
10244950,aifs,12,-38.0593,-1.5659,0.7125,1.5682,238
10249300,aifs,12,-46.0702,-4.6474,0.5057,4.3488,237
10258000,aifs,12,,,,,66
10258500,aifs,12,0.1557,0.0466,0.4005,0.6007,238
10259000,aifs,12,0.7683,0.6928,0.9034,1.0795,238
10259200,aifs,12,-14.1800,-7.2843,0.8191,8.5794,238
10263500,aifs,12,0.0399,0.3045,0.8729,1.2470,238
10310500,aifs,12,-1.9591,0.0739,0.9020,1.8208,238
10316500,aifs,12,-0.2854,0.3510,0.6853,1.2253,238
10329500,aifs,12,0.4302,0.5286,0.8860,1.1891,238
10336645,aifs,12,0.5051,0.6648,0.7781,1.2491,224
10336660,aifs,12,0.4601,0.7124,0.7229,1.0687,238
10343500,aifs,12,0.5811,0.5395,0.8022,0.8208,238
10348850,aifs,12,-2.2260,0.0265,0.8173,1.7264,238
10396000,aifs,12,0.6925,0.7938,0.8570,1.1110,238
11098000,aifs,12,0.1959,0.5561,0.6355,1.2424,238
11124500,aifs,12,-2.5249,-0.8919,0.8796,2.3666,238
11141280,aifs,12,0.2584,0.4728,0.5521,1.1307,238
11143000,aifs,12,0.4076,0.5807,0.6533,1.0891,238
11148900,aifs,12,0.2786,0.2132,0.5373,0.5864,238
11151300,aifs,12,0.4441,0.4491,0.6685,1.3278,238
11162500,aifs,12,0.2544,0.3446,0.5463,0.6551,238
11176400,aifs,12,-1.0348,0.2013,0.4624,1.1152,144
11180500,aifs,12,-10.2514,-2.6205,0.4290,3.4298,238
11180960,aifs,12,-11.7253,-2.3946,0.2317,3.0502,238
11224500,aifs,12,-0.0206,-0.6070,0.0407,0.1240,238
11253310,aifs,12,-0.0198,-0.2087,0.1653,0.4417,238
11264500,aifs,12,-1.1980,0.1292,0.1822,1.0813,238
11266500,aifs,12,-1.3007,0.1359,0.2747,1.2035,238
11274500,aifs,12,-0.8447,0.0436,0.5263,1.5936,238
11274630,aifs,12,-1.4856,-0.2157,0.6136,1.6244,238
11284400,aifs,12,0.1248,-0.0341,0.4025,0.3577,238
11299600,aifs,12,-0.2796,0.3375,0.3386,1.0203,235
11381500,aifs,12,0.3344,0.2783,0.6297,0.9881,238
11383500,aifs,12,0.3964,0.3504,0.6704,1.0305,238
11451100,aifs,12,-0.1870,0.2991,0.3156,1.0256,106
11468500,aifs,12,0.1498,0.0792,0.3966,0.8488,238
11473900,aifs,12,0.2749,0.1995,0.5865,0.8699,238
11475560,aifs,12,0.3048,0.2892,0.5650,0.8646,238
11476600,aifs,12,0.5401,0.5901,0.7368,1.0933,237
11478500,aifs,12,0.4969,0.4177,0.7324,1.2495,238
11480390,aifs,12,0.3102,0.2185,0.6532,0.8592,238
11481200,aifs,12,0.3536,0.4660,0.5998,1.1154,238
11482500,aifs,12,0.5217,0.5693,0.7508,1.3270,238
11522500,aifs,12,0.1049,0.3871,0.6020,1.4661,238
11523200,aifs,12,-0.4433,0.1462,0.6084,1.6938,238
11528700,aifs,12,0.3628,0.3577,0.6163,1.0715,238
11532500,aifs,12,0.5474,0.4998,0.7705,1.0010,238
12010000,aifs,12,-0.0388,0.4234,0.4815,0.7499,238
12013500,aifs,12,-0.2511,0.4614,0.5209,0.9631,238
12020000,aifs,12,-0.2670,0.3496,0.4001,0.7510,238
12025000,aifs,12,-0.4300,0.3734,0.5056,1.2106,238
12025700,aifs,12,-0.4262,0.3986,0.4604,1.0630,238
12035000,aifs,12,-0.4469,0.3796,0.5676,0.9748,238
12040500,aifs,12,-0.4648,0.3761,0.5598,0.9864,238
12041200,aifs,12,-0.9711,0.1421,0.6051,0.9761,238
12043000,aifs,12,0.0490,0.5583,0.6490,0.9173,238
12048000,aifs,12,-0.0044,0.4358,0.8151,1.3051,238
12054000,aifs,12,-0.1844,0.3840,0.7055,1.3624,238
12056500,aifs,12,-0.5376,0.3330,0.5840,1.0069,238
12073500,aifs,12,-0.3039,0.4495,0.5516,1.1295,237
12082500,aifs,12,0.3317,0.5263,0.6007,1.0640,232
12092000,aifs,12,0.1883,0.5530,0.5618,1.0264,238
12095000,aifs,12,0.4368,0.7264,0.7365,1.0425,238
12114500,aifs,12,0.5697,0.5050,0.7928,1.0484,238
12115000,aifs,12,0.5567,0.5100,0.7754,1.0287,238
12115500,aifs,12,0.5022,0.5241,0.7160,0.9113,238
12117000,aifs,12,0.6626,0.7087,0.8150,1.0086,238
12141300,aifs,12,0.4370,0.5146,0.6690,1.1515,238
12143600,aifs,12,0.4907,0.5322,0.7178,1.2498,234
12144000,aifs,12,0.5755,0.6686,0.7601,1.0469,237
12145500,aifs,12,0.2102,0.6122,0.7142,1.0155,238
12147600,aifs,12,0.3729,0.5144,0.6166,0.9969,238
12167000,aifs,12,0.2673,0.5435,0.6465,1.2879,238
12175500,aifs,12,-0.1038,0.5088,0.5928,1.1825,238
12186000,aifs,12,0.2528,0.5500,0.6193,1.2253,235
12189500,aifs,12,0.1542,0.5256,0.6580,1.3242,237
12358500,aifs,12,0.5970,0.8013,0.8133,1.0127,238
12377150,aifs,12,0.4938,0.7432,0.7509,0.9382,238
12381400,aifs,12,0.3680,0.5227,0.8598,1.2167,205
12390700,aifs,12,0.3931,0.6110,0.6851,1.1856,238
12411000,aifs,12,0.6469,0.6775,0.8464,1.2796,227
12414500,aifs,12,0.6318,0.6894,0.8012,0.9204,238
12447390,aifs,12,-0.1984,-0.2313,0.2216,0.3705,238
12451000,aifs,12,0.4155,0.6410,0.7999,1.2508,238
12488500,aifs,12,0.4755,0.6866,0.7491,1.1791,238
13011500,aifs,12,0.6282,0.5198,0.9283,1.3695,238
13011900,aifs,12,0.7902,0.7955,0.9273,0.9943,238
13018300,aifs,12,-0.4742,-0.0219,0.9402,1.5077,238
13023000,aifs,12,0.4710,0.7334,0.7841,0.9395,196
13161500,aifs,12,0.5821,0.7308,0.7883,0.8558,238
13235000,aifs,12,0.5839,0.6644,0.7794,0.8932,236
13240000,aifs,12,0.8190,0.8867,0.9055,1.0020,159
13310700,aifs,12,0.5941,0.5360,0.8805,0.6894,238
13313000,aifs,12,0.7073,0.5010,0.9571,0.6541,238
13331500,aifs,12,0.4065,0.4670,0.9031,1.2581,238
13337000,aifs,12,0.6257,0.7180,0.8185,0.8387,238
13338500,aifs,12,0.6812,0.7996,0.8666,1.1198,238
13340000,aifs,12,0.4808,0.6466,0.7436,0.8112,238
13340600,aifs,12,0.5633,0.6305,0.8476,0.7194,238
14020000,aifs,12,0.2189,0.1152,0.6096,0.5961,238
14092750,aifs,12,0.3573,0.4680,0.6235,0.8744,238
14096850,aifs,12,-1.8940,0.1389,0.6526,0.5018,238
14137000,aifs,12,0.3060,0.3757,0.5533,0.9958,233
14138800,aifs,12,0.0535,0.1834,0.3296,0.8588,238
14138870,aifs,12,0.2168,0.3681,0.5048,0.8128,238
14138900,aifs,12,-0.0354,0.1506,0.2672,0.8824,238
14139800,aifs,12,0.2028,0.3659,0.5002,0.7834,236
14141500,aifs,12,0.2662,0.4318,0.5441,0.8591,238
14154500,aifs,12,0.1198,0.5473,0.5875,1.1797,238
14158500,aifs,12,0.7341,0.7417,0.8841,1.0886,223
14158790,aifs,12,0.3640,0.5023,0.6092,0.9801,234
14166500,aifs,12,0.3177,0.3766,0.5649,0.9297,238
14182500,aifs,12,0.1736,0.4173,0.4948,0.8573,238
14185000,aifs,12,0.3118,0.6296,0.6433,1.0895,238
14185900,aifs,12,0.1692,0.5453,0.5577,1.0800,235
14187000,aifs,12,0.3019,0.6242,0.6641,1.1673,237
14216500,aifs,12,0.4654,0.7068,0.7224,1.0786,235
14222500,aifs,12,0.1766,0.4084,0.4812,1.0049,238
14236200,aifs,12,-0.0045,0.4926,0.4948,0.9535,237
14301000,aifs,12,0.2815,0.4477,0.5523,0.8936,237
14303200,aifs,12,0.3025,0.2830,0.5704,0.8719,238
14305500,aifs,12,0.2828,0.3608,0.5414,0.8380,236
14306340,aifs,12,0.3654,0.3617,0.6291,0.7428,238
14306500,aifs,12,0.5194,0.5769,0.7249,0.9026,238
14308990,aifs,12,0.4699,0.4488,0.7070,0.9520,238
14309500,aifs,12,0.5044,0.4891,0.7245,0.8788,238
14316700,aifs,12,0.3995,0.5822,0.6513,1.1051,238
14325000,aifs,12,0.2854,0.4340,0.5558,0.8363,238
14362250,aifs,12,0.3060,0.1772,0.6837,0.5426,148
14400000,aifs,12,0.5763,0.4631,0.7999,0.7351,238
01013500,aifs,13,0.8860,0.8126,0.9509,0.8657,238
01022500,aifs,13,0.4220,0.5387,0.6519,1.0323,238
01030500,aifs,13,0.6332,0.7462,0.8632,1.1102,238
01031500,aifs,13,0.3516,0.6121,0.6360,1.0037,236
01047000,aifs,13,0.1161,0.4722,0.4978,0.9256,238
01052500,aifs,13,0.2130,0.2414,0.4954,0.6969,238
01054200,aifs,13,-0.0137,-0.0165,0.2893,0.5018,238
01055000,aifs,13,-0.0507,0.3301,0.3681,0.9112,236
01057000,aifs,13,0.3611,0.6676,0.6696,0.9899,236
01073000,aifs,13,0.4376,0.6209,0.7952,1.2473,238
01078000,aifs,13,0.1881,0.3458,0.5099,0.7237,236
01118300,aifs,13,0.0429,0.3760,0.4410,0.8131,236
01121000,aifs,13,0.2377,0.5686,0.6149,1.1908,236
01123000,aifs,13,0.3350,0.5555,0.6105,0.9297,238
01134500,aifs,13,0.4689,0.6135,0.7045,0.8352,236
01137500,aifs,13,0.2302,0.3737,0.5354,0.7547,238
01139000,aifs,13,0.2559,0.5934,0.6046,0.9356,234
01139800,aifs,13,0.6636,0.8126,0.8266,1.0546,238
01142500,aifs,13,0.5075,0.7067,0.7383,0.9050,236
01144000,aifs,13,0.5923,0.7897,0.8004,0.9346,238
01169000,aifs,13,0.1404,0.4278,0.4774,1.0447,236
01170100,aifs,13,0.2706,0.5518,0.5824,0.9601,237
01181000,aifs,13,0.6049,0.7435,0.7882,1.1030,236
01187300,aifs,13,0.3290,0.4856,0.5871,1.0850,238
01195100,aifs,13,-0.1421,0.1851,0.2609,0.8326,238
01333000,aifs,13,0.3974,0.5495,0.6413,0.9168,236
01350000,aifs,13,0.0772,0.0477,0.3146,0.7134,235
01350080,aifs,13,0.5510,0.5703,0.7559,0.8055,238
01350140,aifs,13,0.4817,0.5924,0.7286,0.7387,188
01365000,aifs,13,0.2855,0.3145,0.5500,0.8199,236
01411300,aifs,13,-0.3259,0.0590,0.1454,1.2370,229
01413500,aifs,13,0.3052,0.3138,0.5906,0.7515,236
01414500,aifs,13,0.0345,-0.0054,0.3325,0.5738,236
01415000,aifs,13,0.2424,0.1724,0.6847,0.5397,193
01423000,aifs,13,0.2991,0.2964,0.6268,0.6814,238
01434025,aifs,13,0.1343,0.3938,0.5339,0.6486,238
01435000,aifs,13,0.2339,0.2324,0.5022,0.7826,237
01439500,aifs,13,0.0778,0.4152,0.4901,0.7852,236
01440000,aifs,13,-0.2341,0.3430,0.3530,0.8998,238
01440400,aifs,13,0.2765,0.5483,0.5895,0.9002,212
01451800,aifs,13,-0.2730,0.2808,0.2905,1.0338,236
01466500,aifs,13,-7.0770,-1.4995,0.7280,1.0124,236
01484100,aifs,13,-1.1558,0.1668,0.4302,1.3364,238
01485500,aifs,13,-5.7164,-1.0933,0.3959,2.2547,233
01486000,aifs,13,-3.0595,-0.4155,0.3925,1.9042,238
01487000,aifs,13,-0.7434,0.2296,0.6207,1.1186,238
01491000,aifs,13,0.1722,0.5579,0.5672,1.0751,238
01510000,aifs,13,0.5168,0.5895,0.7204,0.9333,238
01516500,aifs,13,0.0636,0.0474,0.3694,0.5820,238
01518862,aifs,13,0.1952,0.2595,0.5279,0.6369,238
01532000,aifs,13,-0.1818,0.4474,0.4552,0.9490,236
01539000,aifs,13,-0.0304,0.3969,0.4365,0.8312,220
01542810,aifs,13,-0.1441,0.3463,0.3619,0.9193,236
01543000,aifs,13,-0.1670,0.4492,0.4770,0.8528,238
01543500,aifs,13,0.1007,0.4972,0.5325,0.8317,236
01544500,aifs,13,0.2530,0.4216,0.6124,0.6733,238
01545600,aifs,13,0.3333,0.3829,0.6501,0.6734,238
01547700,aifs,13,-0.1316,0.0230,0.1507,0.8594,238
01548500,aifs,13,0.2087,0.3001,0.5740,0.6203,236
01549500,aifs,13,0.2883,0.4604,0.6044,0.7350,236
01550000,aifs,13,0.2115,0.3649,0.5586,0.6807,236
01552000,aifs,13,0.0414,0.4102,0.4697,0.7966,238
01552500,aifs,13,-0.0508,0.4373,0.4636,0.8368,238
01557500,aifs,13,-0.5578,0.2010,0.2042,0.9335,238
01567500,aifs,13,-0.3643,0.1201,0.1527,1.0670,238
01568000,aifs,13,-0.8394,0.1625,0.1854,1.1605,238
01580000,aifs,13,-0.3996,0.2020,0.2133,0.9487,234
01583500,aifs,13,-0.2475,0.1997,0.2443,0.8685,238
01586610,aifs,13,-0.3975,0.1565,0.1892,0.8487,204
01591400,aifs,13,-0.2528,0.1824,0.2171,0.9915,238
01596500,aifs,13,-0.3744,0.0772,0.1273,0.8419,236
01605500,aifs,13,-0.3927,0.3704,0.4303,1.2163,236
01606500,aifs,13,-0.2849,0.3406,0.3561,0.8584,211
01613050,aifs,13,-1.0446,0.1019,0.1417,1.2089,238
01620500,aifs,13,0.0187,0.2527,0.4415,0.5780,236
01632000,aifs,13,-0.3524,0.2577,0.2679,0.9093,236
01632900,aifs,13,-0.4784,0.3133,0.3179,1.0103,236
01634500,aifs,13,-0.3060,0.1610,0.1930,0.9437,221
01638480,aifs,13,-3.0976,-0.4625,0.2419,1.9673,233
01639500,aifs,13,-0.6070,0.1406,0.1613,1.1788,238
01644000,aifs,13,-1.7534,-0.1777,0.2435,1.8377,238
01658500,aifs,13,-1.4040,-0.0064,0.0356,1.1910,207
01664000,aifs,13,-0.2962,0.2531,0.2667,0.9424,238
01666500,aifs,13,-0.0741,0.2939,0.3352,1.0389,223
01667500,aifs,13,-0.8240,0.2287,0.2655,1.1242,216
01669000,aifs,13,-0.2767,0.3806,0.3883,1.0928,213
01669520,aifs,13,-5.5583,-0.8337,0.4240,1.8869,236
02011400,aifs,13,-0.7836,0.2277,0.4905,1.3417,238
02011460,aifs,13,-0.3441,0.3762,0.3816,0.9944,238
02013000,aifs,13,-0.4016,0.2901,0.3679,1.3122,238
02014000,aifs,13,-1.1061,0.1933,0.3497,1.1647,237
02015700,aifs,13,-0.4261,0.3860,0.4958,1.1766,220
02016000,aifs,13,-0.3237,0.4011,0.5938,1.1667,237
02017500,aifs,13,-1.6363,-0.0777,0.5476,1.3892,236
02018000,aifs,13,-1.0911,0.1218,0.4938,1.3713,231
02027000,aifs,13,-0.0895,0.5062,0.6164,0.9033,218
02027500,aifs,13,0.3640,0.5730,0.7106,0.6908,221
02028500,aifs,13,-0.3335,0.3938,0.4049,0.9621,213
02038850,aifs,13,-0.5150,0.1686,0.1844,0.8628,236
02046000,aifs,13,-0.5754,0.0912,0.3311,1.6126,228
02051000,aifs,13,-0.5232,0.0005,0.0310,0.9933,238
02051500,aifs,13,-0.8683,0.1040,0.2040,1.3902,236
02053200,aifs,13,-2.9303,-0.3859,0.1625,1.7547,210
02053800,aifs,13,0.0011,0.2918,0.3622,0.9012,219
02055100,aifs,13,-0.3918,0.3865,0.4985,1.2478,236
02056900,aifs,13,-0.5367,0.2808,0.2922,0.8944,212
02059500,aifs,13,-0.8884,0.2593,0.3668,0.9054,207
02064000,aifs,13,-0.2961,0.1810,0.2284,0.8104,226
02065500,aifs,13,-0.1443,0.3011,0.3962,0.6902,236
02069700,aifs,13,-0.5351,0.1696,0.1925,1.1728,210
02070000,aifs,13,-0.8176,0.1234,0.1437,1.1843,236
02074500,aifs,13,-0.6612,0.2070,0.2233,1.1499,238
02077200,aifs,13,-2.1535,-0.1607,0.2880,1.5220,233
02081500,aifs,13,-1.0618,-0.1056,0.0720,1.5959,238
02082950,aifs,13,-3.0063,-0.5075,0.3609,1.8953,238
02092500,aifs,13,-8.4179,-1.6611,0.1391,2.7662,238
02096846,aifs,13,-1.1581,-0.1255,0.0469,1.5894,238
02102908,aifs,13,-0.2540,0.0490,0.1239,0.9306,238
02108000,aifs,13,-0.0389,0.4523,0.5140,1.2513,238
02111180,aifs,13,-0.3576,-0.0686,0.0082,1.0452,238
02111500,aifs,13,-1.2902,0.0165,0.0308,1.0046,236
02118500,aifs,13,-1.6160,0.0629,0.1951,1.1091,238
02128000,aifs,13,-2.1742,-0.8425,0.1277,2.5481,238
02137727,aifs,13,-1.1714,-0.0233,-0.0214,1.0109,238
02140991,aifs,13,-1.3893,-0.0510,-0.0305,1.1626,238
02143000,aifs,13,-3.2693,-0.2306,0.1136,1.3068,238
02143040,aifs,13,-3.3090,-0.2880,0.0484,1.0442,236
02149000,aifs,13,-0.9033,-0.0532,-0.0459,1.0756,238
02152100,aifs,13,-1.9461,-0.0940,-0.0309,1.0859,238
02177000,aifs,13,-1.0155,0.0141,0.0208,1.1140,236
02178400,aifs,13,-0.8040,0.2321,0.2555,0.9936,236
02193340,aifs,13,-2.0685,-0.1281,0.1429,1.4729,238
02196000,aifs,13,-0.1374,-0.3198,-0.0027,0.4788,238
02198100,aifs,13,-0.1562,-0.3112,-0.0985,1.1464,237
02202600,aifs,13,-0.6946,-0.3480,0.0170,1.8138,238
02212600,aifs,13,-0.3383,-0.0087,0.0572,0.9951,236
02215100,aifs,13,-0.1987,-0.2354,-0.0212,0.6689,238
02216180,aifs,13,-0.0795,-0.4639,-0.0704,0.4370,236
02221525,aifs,13,-0.2069,0.1055,0.1765,1.0779,236
02231000,aifs,13,-4.2519,-0.5991,0.2370,1.6018,238
02231342,aifs,13,-2.8893,-0.4879,0.3235,2.0375,238
02235200,aifs,13,0.2861,0.5215,0.5996,1.1299,237
02245500,aifs,13,-5.9104,-0.8199,0.2046,1.3491,238
02246000,aifs,13,-2.5174,-0.1362,0.0871,0.9672,236
02296500,aifs,13,-1.4261,-0.4532,0.2843,2.2133,227
02297155,aifs,13,-0.1144,-0.2986,0.2417,0.2640,237
02297310,aifs,13,-0.1643,0.1710,0.2846,0.6740,228
02298123,aifs,13,0.0436,0.0476,0.3813,0.4923,238
02298608,aifs,13,-0.6829,0.2423,0.2594,1.1040,238
02299950,aifs,13,-0.8072,0.1694,0.1785,0.9208,238
02300700,aifs,13,0.0483,0.0512,0.3217,0.6083,238
02310947,aifs,13,-0.7447,-2.0535,-0.2946,3.6731,238
02312200,aifs,13,-19.8896,-4.2071,0.2768,6.1456,238
02314500,aifs,13,-0.2203,-0.2936,0.0420,0.5776,238
02315500,aifs,13,-0.3298,-0.6568,-0.2887,0.4429,238
02324400,aifs,13,-0.2052,-1.0284,-0.5320,0.1148,238
02327100,aifs,13,-5.7862,-1.1535,0.2361,2.3481,236
02349900,aifs,13,-0.0356,-0.2225,0.0635,0.7799,238
02350900,aifs,13,-0.3230,0.1308,0.2914,0.6510,238
02361000,aifs,13,-0.5235,0.0500,0.1352,0.6856,238
02363000,aifs,13,-0.1205,-0.2701,0.1805,0.3653,236
02369800,aifs,13,-0.0303,-0.3614,0.0917,0.4607,237
02371500,aifs,13,0.0342,-0.1746,0.2204,0.7309,238
02372250,aifs,13,0.0130,-0.1726,0.1583,0.7738,236
02374500,aifs,13,-0.0657,-0.1027,0.1471,0.7191,238
02381600,aifs,13,-0.4308,0.0045,0.0516,1.0731,237
02384540,aifs,13,-0.1237,0.0069,0.1677,0.8028,238
02395120,aifs,13,-3.8509,-0.3933,0.0951,1.1552,238
02408540,aifs,13,-0.4921,0.1655,0.1748,0.9341,238
02415000,aifs,13,-0.5352,0.1011,0.1152,0.9404,228
02422500,aifs,13,-1.4678,0.0644,0.1685,1.2379,221
02427250,aifs,13,-0.2707,0.0860,0.1463,1.0885,238
02430085,aifs,13,-0.4539,0.1155,0.1748,1.2797,238
02450250,aifs,13,-0.1792,0.0500,0.1431,1.0014,236
02464000,aifs,13,-0.0912,0.1073,0.2176,0.8824,238
02465493,aifs,13,-0.2248,0.2612,0.2863,1.0887,235
02469800,aifs,13,-0.0665,0.0225,0.2939,0.5167,236
02472000,aifs,13,0.1156,-0.0277,0.4526,0.4931,238
02472500,aifs,13,0.0044,0.1727,0.4280,0.4872,238
02479155,aifs,13,0.2899,0.1067,0.6484,0.5505,238
02479300,aifs,13,0.1086,-0.1436,0.5754,0.3502,238
02481000,aifs,13,0.0791,-0.2469,0.4428,0.2252,238
02481510,aifs,13,0.0768,-0.1890,0.4722,0.2879,238
03010655,aifs,13,0.2599,0.4045,0.6013,0.6832,209
03011800,aifs,13,0.0301,0.3945,0.4558,0.8050,238
03015500,aifs,13,-0.3477,0.4206,0.4590,1.0250,238
03021350,aifs,13,-0.2255,0.3222,0.3593,0.7887,236
03026500,aifs,13,0.0233,0.4232,0.4497,0.8955,238
03028000,aifs,13,0.0329,0.4678,0.5395,0.7399,236
03049800,aifs,13,-0.0191,-0.0226,0.2478,0.6370,236
03050000,aifs,13,-0.6262,0.2488,0.2536,0.9955,236
03066000,aifs,13,-0.1524,0.2255,0.3027,0.7659,238
03069500,aifs,13,-0.1888,0.2183,0.2871,0.7702,236
03070500,aifs,13,-1.0321,0.2161,0.3624,1.1456,236
03076600,aifs,13,-0.2748,0.1536,0.2409,0.7063,238
03078000,aifs,13,-0.3941,0.0685,0.1295,0.7789,238
03140000,aifs,13,0.1831,0.2201,0.4317,0.9050,236
03144000,aifs,13,-0.4138,0.1553,0.1722,1.0456,238
03159540,aifs,13,-0.3698,0.1258,0.1542,0.9674,238
03161000,aifs,13,-0.5459,0.0807,0.1036,0.8898,238
03164000,aifs,13,-0.5607,0.3431,0.3835,0.9071,238
03165000,aifs,13,-0.7690,-0.0035,0.0089,0.9010,221
03170000,aifs,13,-0.2649,0.2750,0.2941,0.8958,238
03173000,aifs,13,-0.5069,0.3753,0.4652,1.0767,236
03180500,aifs,13,0.0011,0.3950,0.4183,0.9797,222
03182500,aifs,13,-0.2587,0.4202,0.4549,1.1478,236
03186500,aifs,13,0.0896,0.4912,0.5034,0.9418,236
03187500,aifs,13,0.0562,0.5498,0.5648,0.9101,235
03213700,aifs,13,-1.2400,0.1544,0.3940,1.2114,238
03237280,aifs,13,-0.1270,0.0700,0.1994,0.7576,238
03237500,aifs,13,-0.3382,0.1842,0.2161,1.1522,236
03241500,aifs,13,-0.1852,-0.0240,0.1185,0.7470,225
03280700,aifs,13,-1.3130,0.1474,0.3610,1.0556,213
03281100,aifs,13,-2.2237,-0.1013,0.3326,1.1937,236
03281500,aifs,13,-2.1977,-0.0944,0.3493,1.1381,223
03285000,aifs,13,-1.2736,-0.2749,0.3652,2.0095,235
03291780,aifs,13,-0.1175,-0.0982,0.0739,0.8773,238
03300400,aifs,13,-0.2674,-0.0141,0.0713,1.0185,238
03340800,aifs,13,-0.2669,0.0952,0.1630,0.8423,190
03346000,aifs,13,-0.1914,0.0298,0.1991,0.5872,238
03364500,aifs,13,-0.0386,-0.2443,0.1260,0.5133,238
03366500,aifs,13,-0.0639,-0.0994,0.1372,0.6795,238
03368000,aifs,13,-0.0567,-0.1997,0.0932,0.6092,238
03384450,aifs,13,-0.0771,-0.2011,0.0490,0.7146,238
03439000,aifs,13,-0.4746,-0.1775,-0.0478,0.6967,236
03450000,aifs,13,-0.3039,-0.0552,0.0431,0.8632,238
03455500,aifs,13,-1.0780,0.0861,0.1238,0.7678,236
03456500,aifs,13,-0.6947,-0.0820,-0.0404,0.8207,236
03460000,aifs,13,-0.8479,0.2336,0.3301,0.6344,238
03463300,aifs,13,-0.6289,0.0243,0.0523,0.8451,238
03471500,aifs,13,0.1384,0.5807,0.6650,0.7616,236
03473000,aifs,13,-0.1936,0.4383,0.4961,0.7570,238
03479000,aifs,13,-0.7899,0.1647,0.1692,0.9504,236
03488000,aifs,13,0.0069,0.4246,0.4699,0.8025,238
03498500,aifs,13,-0.7609,0.1950,0.2203,0.8199,238
03500000,aifs,13,-0.8711,0.2607,0.3091,0.8605,236
03504000,aifs,13,-0.7023,0.2778,0.2972,0.8680,236
03574500,aifs,13,-0.2245,-0.0100,0.1317,0.6843,238
03604000,aifs,13,-0.3934,-0.1461,-0.0503,0.8477,236
04015330,aifs,13,0.2918,0.1253,0.5964,0.5089,197
04024430,aifs,13,0.3549,0.5604,0.6562,0.7514,238
04027000,aifs,13,0.5591,0.5082,0.7728,0.7423,238
04040500,aifs,13,0.8469,0.7947,0.9272,0.9418,238
04043050,aifs,13,0.7919,0.8361,0.8921,0.9097,182
04045500,aifs,13,0.8661,0.8044,0.9470,0.8123,234
04056500,aifs,13,0.5912,0.4615,0.8671,0.7127,229
04057510,aifs,13,0.8710,0.6960,0.9647,0.7890,158
04057800,aifs,13,0.7987,0.5881,0.9348,0.7217,238
04059500,aifs,13,0.8292,0.7381,0.9280,0.9739,238
04063700,aifs,13,0.5974,0.3472,0.9171,0.5771,238
04074950,aifs,13,0.5758,0.5086,0.8721,0.7372,238
04105700,aifs,13,0.4041,0.4628,0.6690,0.9005,238
04115265,aifs,13,0.1781,0.1890,0.4284,0.9201,238
04122200,aifs,13,0.2379,0.2375,0.5832,0.7818,238
04122500,aifs,13,0.4874,0.5174,0.7413,0.8748,236
04124000,aifs,13,0.6155,0.5292,0.8345,0.9595,238
04127997,aifs,13,0.2867,0.3138,0.5735,0.8929,201
04185000,aifs,13,0.3950,0.5984,0.6548,0.8925,215
04196800,aifs,13,-0.2182,0.2795,0.2985,0.9286,238
04197100,aifs,13,-0.0068,0.3199,0.3808,1.1562,238
04197170,aifs,13,-0.1184,0.0125,0.1520,0.8272,238
04213000,aifs,13,-0.7322,0.2806,0.3300,1.0945,236
04213075,aifs,13,-0.0606,0.1423,0.2620,0.8261,234
04216418,aifs,13,0.2941,0.4284,0.5556,0.8962,238
04221000,aifs,13,0.0219,0.1598,0.4325,0.5776,238
04224775,aifs,13,0.0396,0.0356,0.4138,0.5153,236
04256000,aifs,13,0.5954,0.7730,0.7999,1.1071,236
04296000,aifs,13,0.2764,0.5262,0.5827,0.8807,236
05057000,aifs,13,-1.1607,0.0850,0.4222,0.5135,160
05057200,aifs,13,0.4719,0.7034,0.7159,1.0165,237
05062500,aifs,13,0.5432,0.5757,0.7457,0.8928,199
05087500,aifs,13,0.0491,0.3321,0.3941,0.9805,238
05120500,aifs,13,-10.2487,-1.4982,-0.0665,3.2102,210
05123400,aifs,13,-0.3916,-0.6523,-0.0184,0.1576,238
05129115,aifs,13,-0.8334,-0.8962,-0.2632,0.0000,238
05131500,aifs,13,0.1715,0.1269,0.5520,0.5243,142
05291000,aifs,13,-0.5670,0.1955,0.2335,0.7559,238
05362000,aifs,13,0.5441,0.6539,0.7546,0.8104,237
05393500,aifs,13,0.4954,0.6048,0.7169,0.8187,238
05399500,aifs,13,0.0716,0.3173,0.4150,0.7864,236
05408000,aifs,13,0.0095,0.0651,0.2857,0.8074,237
05412500,aifs,13,-0.1608,0.1609,0.3182,0.6587,238
05413500,aifs,13,-0.6386,0.0638,0.1234,0.7649,208
05414000,aifs,13,-0.2324,0.0427,0.4266,0.5782,204
05444000,aifs,13,-0.3245,0.1085,0.2206,0.6655,236
05454000,aifs,13,-0.1345,0.0748,0.2804,0.5786,238
05458000,aifs,13,-0.2135,-0.1242,0.0514,0.6996,238
05466500,aifs,13,0.0235,-0.0558,0.2625,0.6456,236
05487980,aifs,13,-0.1133,-0.1207,0.1032,0.6325,236
05488200,aifs,13,-0.1019,-0.3321,0.0421,0.3930,236
05489000,aifs,13,-0.0602,-0.3756,0.0545,0.3622,236
05495000,aifs,13,-0.3640,0.1655,0.1921,1.1122,236
05495500,aifs,13,0.1219,-0.0572,0.3989,0.4382,232
05501000,aifs,13,-0.0278,-0.2815,0.1109,0.4546,236
05503800,aifs,13,-0.1939,0.0434,0.1432,0.8431,238
05507600,aifs,13,-1.2597,0.0672,0.1840,1.3213,238
05508805,aifs,13,-0.9318,0.0574,0.2757,1.5460,236
05514500,aifs,13,-0.1994,0.0893,0.1638,0.9883,236
05525500,aifs,13,-0.1133,0.1444,0.2271,1.0101,236
05556500,aifs,13,-0.0998,-0.2406,0.1783,0.4270,238
05584500,aifs,13,0.0624,-0.0529,0.3736,0.4877,236
05585000,aifs,13,-0.0085,-0.0711,0.3316,0.4416,238
05591550,aifs,13,-0.1013,-0.0179,0.1502,0.7710,236
05592050,aifs,13,-0.1872,-0.0476,0.1042,0.7211,222
05592575,aifs,13,0.0040,-0.0004,0.2433,0.6458,236
05593575,aifs,13,-0.4574,0.0174,0.2544,1.6386,238
05593900,aifs,13,-0.1869,-0.0492,0.0937,0.7573,236
05595730,aifs,13,-0.6755,-0.0208,0.2142,1.6501,238
06037500,aifs,13,-2.7277,0.2608,0.8297,1.2994,238
06043500,aifs,13,0.2643,0.3455,0.9467,1.3765,238
06154410,aifs,13,-0.4742,-0.0352,0.0546,0.6953,238
06188000,aifs,13,0.8240,0.8752,0.9238,1.0349,238
06191500,aifs,13,0.7169,0.6653,0.9395,1.1585,238
06221400,aifs,13,0.8371,0.8626,0.9325,1.0689,238
06224000,aifs,13,0.6789,0.8181,0.8537,1.0949,238
06289000,aifs,13,0.2017,0.6064,0.6172,0.9083,238
06332515,aifs,13,-0.3958,0.1325,0.6669,1.5750,118
06339100,aifs,13,-3.6110,-0.6773,0.1607,2.0426,174
06339500,aifs,13,-0.9841,0.0451,0.2491,0.4169,167
06344600,aifs,13,-4.8912,-1.8708,0.1568,3.6526,177
06350000,aifs,13,-5.4111,-1.0687,0.4329,2.3313,238
06352000,aifs,13,-0.0150,-0.1063,0.5013,1.3313,237
06353000,aifs,13,-0.0036,-0.1178,0.5073,0.8056,236
06354000,aifs,13,-0.3474,0.3057,0.4368,0.5997,173
06360500,aifs,13,-1.5002,-0.1029,0.2346,1.7027,139
06404000,aifs,13,-31.5279,-3.6416,-0.1094,1.9282,205
06406000,aifs,13,-177.9017,-4.1963,0.4341,5.8032,180
06408700,aifs,13,-1660.9076,-4.1616,0.1778,1.5134,238
06409000,aifs,13,-1.5861,0.6743,0.8525,1.2677,193
06431500,aifs,13,-5.4239,-0.4690,0.3508,1.1278,227
06440200,aifs,13,-0.3835,-0.3182,-0.0227,0.2920,160
06441500,aifs,13,-22.2526,-3.8543,-0.0498,4.2932,177
06447000,aifs,13,-0.3575,0.1024,0.1671,0.7474,140
06447500,aifs,13,-0.1669,-0.1590,0.1200,0.7221,238
06450500,aifs,13,0.0717,-0.0292,0.5317,1.0452,208
06452000,aifs,13,-0.0659,-0.2447,0.0017,1.0357,175
06453600,aifs,13,-0.2881,-0.2381,0.2714,1.7033,235
06464500,aifs,13,-0.6487,-0.1075,-0.0720,1.0633,175
06477500,aifs,13,-124.7461,-9.9089,0.0370,5.3453,237
06479215,aifs,13,-0.1218,-0.1561,0.1200,0.5699,238
06479438,aifs,13,-0.1503,-0.5234,-0.0023,0.2346,238
06601000,aifs,13,-0.5521,-0.1070,-0.0408,0.8176,238
06614800,aifs,13,0.7579,0.5738,0.9402,1.3792,238
06622700,aifs,13,-0.5210,0.0915,0.7273,1.6549,238
06623800,aifs,13,0.8047,0.8980,0.9071,1.0056,238
06632400,aifs,13,-0.4099,0.2895,0.4365,1.4052,238
06784000,aifs,13,-1.6056,-0.0923,-0.0371,1.3157,238
06803510,aifs,13,-1.3461,-0.0206,-0.0094,0.9986,238
06803530,aifs,13,-0.4552,-0.0215,0.0346,0.8386,238
06814000,aifs,13,-1.1252,0.0216,0.0283,0.9283,238
06846500,aifs,13,-0.0091,-0.4691,-0.0549,1.3801,238
06847900,aifs,13,-0.0219,-0.3256,0.0463,1.3021,238
06853800,aifs,13,-1.7643,-0.3869,-0.0321,1.9144,238
06876700,aifs,13,-0.1285,-0.5486,0.0226,0.1812,238
06878000,aifs,13,-0.9044,-0.0777,-0.0070,0.6214,238
06879650,aifs,13,-0.0507,-0.2644,0.1507,0.3592,237
06885500,aifs,13,-0.3005,-0.1139,0.1012,0.4563,238
06888500,aifs,13,-0.0750,-0.4417,0.0083,0.3205,238
06889200,aifs,13,-0.1602,-0.1225,0.0677,0.6789,238
06889500,aifs,13,-1.3849,0.0153,0.0407,0.9594,238
06892000,aifs,13,-0.8272,0.0751,0.1115,0.7439,238
06903400,aifs,13,-0.0771,-0.5341,0.0489,0.1439,238
06906800,aifs,13,-0.0552,0.0211,0.2330,0.6020,238
06910800,aifs,13,-0.3143,-0.1769,0.0009,0.5755,238
06911900,aifs,13,-0.2991,-0.1449,0.0345,0.5631,238
06917000,aifs,13,0.0229,-0.0233,0.2974,0.4835,238
06918460,aifs,13,0.0837,0.1541,0.3442,0.8328,238
06919500,aifs,13,-0.1345,0.1503,0.3145,0.5644,238
06921070,aifs,13,-0.0074,-0.0200,0.2336,0.6376,238
06921200,aifs,13,-0.0343,-0.3416,0.1804,0.2789,238
06934000,aifs,13,-0.0489,0.1890,0.3611,0.6489,237
07014500,aifs,13,-0.0189,-0.1841,0.1516,0.6419,238
07056000,aifs,13,-1.2353,0.1398,0.2144,0.9444,238
07057500,aifs,13,0.1154,0.1020,0.4366,0.7879,230
07060710,aifs,13,-0.0001,-0.3951,0.0262,1.0505,238
07066000,aifs,13,-0.1602,0.1342,0.2258,0.8305,238
07067000,aifs,13,-0.1659,0.2842,0.4583,0.6058,238
07068000,aifs,13,0.0109,0.4179,0.4745,0.8236,237
07071500,aifs,13,-0.1526,0.5239,0.5560,0.8306,238
07083000,aifs,13,-2.0458,-0.5316,0.8757,1.8480,238
07142300,aifs,13,-8.3506,-5.0377,-0.1107,6.8734,238
07145700,aifs,13,-0.0250,-0.5927,0.0143,0.1638,238
07148400,aifs,13,-1.4640,0.0675,0.5543,1.5060,238
07149000,aifs,13,-0.1787,0.3781,0.6125,1.4840,238
07151500,aifs,13,-0.0406,-0.5048,-0.0499,0.4147,238
07167500,aifs,13,-0.0931,-0.3977,0.0217,1.7120,238
07180500,aifs,13,-0.1708,-0.1569,0.0227,0.7606,238
07184000,aifs,13,-0.0394,-0.2549,0.1330,0.4034,236
07195800,aifs,13,-0.3924,0.1792,0.2065,0.8453,236
07196900,aifs,13,-0.5643,0.0393,0.0780,1.2087,237
07197000,aifs,13,-1.1417,0.1394,0.1883,1.0888,238
07208500,aifs,13,-0.0645,0.4524,0.7223,1.1062,238
07226500,aifs,13,-0.0462,-0.4342,-0.0163,0.4025,236
07261000,aifs,13,-8.6096,-1.4475,0.1292,2.0794,236
07263295,aifs,13,-6.4516,-2.3921,0.0318,3.9013,236
07290650,aifs,13,-0.1555,-0.1783,0.0989,0.5418,238
07291000,aifs,13,-0.2504,-0.3676,0.0367,0.3139,238
07292500,aifs,13,-0.0209,-0.1193,0.1747,0.6905,238
07295000,aifs,13,-0.0040,-0.1776,0.1916,0.5338,238
07299670,aifs,13,-0.2838,-0.3515,0.0783,1.8816,228
07301410,aifs,13,-0.4462,-0.3852,-0.2282,0.7277,227
07301500,aifs,13,-0.1818,-0.5734,0.0306,1.7711,200
07315200,aifs,13,-2.6147,-0.3179,-0.0251,1.5845,161
07315700,aifs,13,-14.0674,-3.4056,-0.0458,4.3917,218
07335700,aifs,13,-0.1670,-0.1100,0.1194,0.5502,229
07340300,aifs,13,-1.0069,0.1996,0.2604,1.0773,238
07346045,aifs,13,-6.2417,-0.8716,0.1756,1.0873,238
07359610,aifs,13,-3.2712,-0.5096,0.2371,1.8346,238
07362100,aifs,13,-4.6584,-0.9988,0.1769,2.4331,238
07362587,aifs,13,-2.4671,-0.8660,0.0469,2.5057,236
07373000,aifs,13,-0.1411,-0.2629,0.0782,0.5438,234
07375000,aifs,13,0.0201,-0.1126,0.2833,0.4348,238
07376000,aifs,13,0.1228,0.1301,0.4538,0.5587,238
08013000,aifs,13,0.1177,0.0093,0.4534,0.5442,238
08014500,aifs,13,-0.0135,-0.1413,0.2870,0.5136,238
08023080,aifs,13,-0.3942,-0.4458,0.0233,1.9858,238
08025500,aifs,13,-0.1087,-0.2546,-0.0050,0.6989,238
08029500,aifs,13,-0.0809,-0.2550,-0.0169,1.0504,238
08050800,aifs,13,-0.0871,-0.2977,-0.0200,0.6795,237
08066200,aifs,13,-0.0655,-0.4013,-0.0140,0.4326,238
08066300,aifs,13,-0.0471,-0.6000,-0.0194,0.1706,238
08070000,aifs,13,-3.5696,-0.4803,0.0173,1.6855,238
08070200,aifs,13,-1.7075,-0.0216,0.0740,1.2100,238
08079600,aifs,13,-7.0447,-3.6903,-0.0355,5.3106,194
08082700,aifs,13,-0.0252,-0.4345,-0.0451,0.5835,224
08086212,aifs,13,-0.1198,-0.2770,0.0221,1.5222,238
08086290,aifs,13,-0.6473,-1.4409,0.0078,3.2204,238
08101000,aifs,13,-13.2847,-2.3224,0.1178,2.7590,238
08103900,aifs,13,0.1285,0.1067,0.3700,0.7502,238
08104900,aifs,13,-0.1854,-0.1963,0.0745,0.4707,238
08109700,aifs,13,-0.2247,0.0791,0.1525,1.0858,222
08150800,aifs,13,-0.0188,-0.4868,-0.0116,0.3708,238
08155200,aifs,13,-0.8157,-0.9281,0.0301,2.6529,238
08158700,aifs,13,-5.2649,-8.9259,0.0870,10.8478,238
08158810,aifs,13,-0.1777,-0.0431,0.0822,1.0797,238
08164000,aifs,13,-0.9595,-0.0099,0.0759,1.4039,238
08164300,aifs,13,-0.1321,-0.2031,0.0135,0.7147,235
08164600,aifs,13,-2.5245,-2.3997,0.1794,4.2283,238
08165300,aifs,13,-0.0252,-0.3583,-0.0282,0.8252,238
08171300,aifs,13,-26.6575,-31.6249,0.0004,33.4732,238
08175000,aifs,13,-0.1289,-0.3743,0.0798,0.2230,238
08176900,aifs,13,-21.5942,-6.4342,0.0874,7.4687,238
08178880,aifs,13,-0.0629,-0.5171,0.0240,0.2136,238
08189500,aifs,13,-0.4567,0.0216,0.0772,0.7869,238
08190000,aifs,13,-0.0270,-0.4335,-0.0244,0.5175,238
08190500,aifs,13,0.2936,0.3446,0.6242,1.5245,232
08194200,aifs,13,-0.0302,-0.5464,0.0268,0.1772,238
08195000,aifs,13,-0.0146,-0.4733,0.0092,0.4127,238
08196000,aifs,13,0.0068,-0.0416,0.1925,1.1563,226
08198500,aifs,13,-0.0073,-0.5610,0.0586,0.2140,238
08200000,aifs,13,-0.0386,-0.4846,0.0607,0.2179,238
08202700,aifs,13,-0.0114,-0.7265,-0.0094,0.0159,237
08267500,aifs,13,-19.9582,-2.0415,0.6971,2.5956,238
08269000,aifs,13,-6.0661,-0.8176,0.6043,1.7928,238
08271000,aifs,13,-42.0240,-3.9558,0.7659,2.4458,238
08324000,aifs,13,-0.0063,0.5227,0.6791,1.1407,238
08377900,aifs,13,-5.3030,-0.7127,0.3597,1.3337,238
08378500,aifs,13,-6.5399,-1.0636,0.5896,1.3457,230
08380500,aifs,13,-2.9371,-0.2092,0.4136,1.6315,238
09034900,aifs,13,0.0247,0.1309,0.8822,1.6240,234
09035900,aifs,13,0.4879,0.6908,0.8211,1.1260,204
09047700,aifs,13,-5.6520,-1.1298,0.8584,1.4435,236
09065500,aifs,13,0.6060,0.5245,0.9366,1.2001,238
09066000,aifs,13,-1.2208,0.0765,0.5696,1.2158,238
09066200,aifs,13,0.6518,0.5474,0.9347,1.2779,238
09066300,aifs,13,-0.5777,-0.0877,0.7855,1.8536,238
09081600,aifs,13,0.0304,0.5561,0.6267,1.0911,238
09107000,aifs,13,-1.6404,-0.1688,0.7161,1.3227,237
09210500,aifs,13,-1.4142,0.0957,0.7382,1.5469,211
09223000,aifs,13,-3.1453,-0.6172,0.8659,2.0170,177
09306242,aifs,13,-451.3782,-4.1204,0.8584,5.9662,236
09312600,aifs,13,-2.2178,-0.6512,0.4901,2.4244,238
09352900,aifs,13,-0.5380,0.3093,0.6052,1.2539,208
09378170,aifs,13,0.2475,0.2620,0.5352,1.3246,238
09378630,aifs,13,,,,,238
09386900,aifs,13,-7.3951,-1.2833,0.0004,2.2447,238
09404450,aifs,13,0.6995,0.8380,0.8525,0.9409,238
09430500,aifs,13,-1.5026,0.0124,0.3334,0.2746,238
09430600,aifs,13,-0.5912,0.1591,0.4143,0.4274,238
09447800,aifs,13,-2.3755,-0.6383,0.0633,2.0607,238
09480000,aifs,13,-0.2599,-2.3435,-0.0312,4.1252,238
09484000,aifs,13,-1.1580,-0.5624,0.1774,2.3109,213
09484600,aifs,13,-0.7447,-1.4153,0.0253,3.2014,237
09492400,aifs,13,-0.4687,0.3697,0.6830,1.4987,236
09494000,aifs,13,-0.7526,0.2849,0.5199,1.0860,238
09497800,aifs,13,-0.1413,-0.6456,-0.2383,1.6229,238
09497980,aifs,13,-4.9642,-0.6746,0.1499,1.4564,210
09505200,aifs,13,-1.4961,-0.0089,0.1278,1.3692,238
09505350,aifs,13,-1.2826,-0.1637,0.1136,1.7140,238
09505800,aifs,13,-3.7568,-0.4693,0.0902,1.5578,238
09508300,aifs,13,-10.0610,-1.5029,0.0713,1.6268,238
09510200,aifs,13,-193.2929,-13.8515,0.0300,8.4553,219
09512280,aifs,13,-11.6682,-4.3124,0.0064,5.6483,238
09513780,aifs,13,-277.2437,-19.8655,0.0837,15.2787,237
10023000,aifs,13,-15.3669,-0.7200,0.0601,2.2341,238
10166430,aifs,13,-13485.9060,-90.7655,0.5464,72.6525,238
10172700,aifs,13,-29.7044,-0.2546,0.6490,2.0232,238
10172800,aifs,13,-9.6225,-0.8552,0.7941,2.3445,238
10173450,aifs,13,-0.6742,0.3108,0.3631,1.0421,238
10205030,aifs,13,-202.6613,-10.2182,-0.0194,2.3927,238
10234500,aifs,13,-0.1211,-0.2717,-0.0463,0.8686,234
10242000,aifs,13,-30.6880,-3.8196,0.4102,4.5199,238
10244950,aifs,13,-38.1877,-1.5769,0.7111,1.5687,238
10249300,aifs,13,-46.3329,-4.6639,0.5045,4.3574,237
10258000,aifs,13,,,,,66
10258500,aifs,13,-0.5816,0.1699,0.1834,0.8549,238
10259000,aifs,13,0.6774,0.6904,0.8359,1.0790,238
10259200,aifs,13,-15.2530,-6.6739,0.6426,7.9027,238
10263500,aifs,13,0.2777,0.4159,0.8918,1.2227,238
10310500,aifs,13,-1.8302,0.1226,0.8820,1.8044,238
10316500,aifs,13,-0.2834,0.3500,0.6874,1.2244,238
10329500,aifs,13,0.4654,0.5893,0.8691,1.1668,238
10336645,aifs,13,0.2290,0.5537,0.6174,1.2276,224
10336660,aifs,13,0.3775,0.6601,0.6711,1.0572,238
10343500,aifs,13,0.5584,0.4878,0.8082,0.8050,238
10348850,aifs,13,-2.3469,-0.0024,0.8054,1.7297,238
10396000,aifs,13,0.6510,0.7878,0.8350,1.1087,238
11098000,aifs,13,-0.1011,0.4577,0.5282,1.2322,238
11124500,aifs,13,-2.8950,-0.9683,0.8632,2.3885,238
11141280,aifs,13,-0.7291,0.2610,0.3101,1.1556,238
11143000,aifs,13,0.3197,0.4656,0.5751,1.0341,238
11148900,aifs,13,0.1401,0.0544,0.3972,0.5102,238
11151300,aifs,13,-0.4455,0.0318,0.0776,1.1544,238
11162500,aifs,13,0.2206,0.1538,0.5135,0.5945,238
11176400,aifs,13,-0.8450,0.1893,0.2136,0.8805,144
11180500,aifs,13,-3.0988,-1.1513,0.4472,2.6744,238
11180960,aifs,13,-4.2345,-1.2019,0.2383,2.6569,238
11224500,aifs,13,-0.1527,-0.3082,0.0629,0.2798,238
11253310,aifs,13,-1.1053,0.0139,0.0987,0.6290,238
11264500,aifs,13,-1.0940,0.1466,0.1857,1.0735,238
11266500,aifs,13,-1.2086,0.1573,0.2799,1.1986,238
11274500,aifs,13,-1.9400,-0.0905,0.2382,1.4322,238
11274630,aifs,13,-5.3899,-0.9001,0.2881,1.6902,238
11284400,aifs,13,-0.0840,-0.1279,0.2125,0.3517,238
11299600,aifs,13,-0.3259,0.2725,0.2782,0.9716,235
11381500,aifs,13,0.2577,0.1871,0.5725,0.9663,238
11383500,aifs,13,0.3030,0.2700,0.5765,1.0161,238
11451100,aifs,13,0.1327,0.2398,0.3947,0.9516,106
11468500,aifs,13,0.1163,0.0115,0.3535,0.8067,238
11473900,aifs,13,0.2848,0.1919,0.6326,0.8475,238
11475560,aifs,13,0.2872,0.2434,0.5595,0.8261,238
11476600,aifs,13,0.5302,0.5007,0.7508,1.0309,237
11478500,aifs,13,0.3432,0.3008,0.6108,1.1727,238
11480390,aifs,13,0.3050,0.2091,0.6563,0.8485,238
11481200,aifs,13,0.3862,0.4090,0.6271,1.0669,238
11482500,aifs,13,0.6190,0.5713,0.8015,1.2743,238
11522500,aifs,13,0.0353,0.3606,0.5518,1.4553,238
11523200,aifs,13,-0.4982,0.1498,0.5719,1.6742,238
11528700,aifs,13,0.3416,0.3319,0.5996,1.0551,238
11532500,aifs,13,0.4731,0.4686,0.7025,1.0116,238
12010000,aifs,13,0.0516,0.3964,0.4714,0.7547,238
12013500,aifs,13,-0.0658,0.5020,0.5094,0.9671,238
12020000,aifs,13,-0.5068,0.2784,0.3172,0.7823,238
12025000,aifs,13,-0.3663,0.3777,0.4673,1.2380,238
12025700,aifs,13,-0.3908,0.3874,0.4142,1.0767,238
12035000,aifs,13,-0.0193,0.5404,0.6239,0.9723,238
12040500,aifs,13,-0.5238,0.3740,0.4684,0.9914,238
12041200,aifs,13,-0.8643,0.2326,0.5385,0.9628,238
12043000,aifs,13,0.0041,0.5403,0.5644,0.9161,238
12048000,aifs,13,0.0073,0.4430,0.8219,1.3210,238
12054000,aifs,13,-0.3609,0.3399,0.6572,1.3857,238
12056500,aifs,13,-0.8810,0.2354,0.5220,1.0442,238
12073500,aifs,13,-0.3753,0.4276,0.5085,1.1510,237
12082500,aifs,13,0.0507,0.4363,0.4644,1.0971,232
12092000,aifs,13,-0.2093,0.4028,0.4049,1.0494,238
12095000,aifs,13,0.2857,0.6167,0.6261,1.0675,238
12114500,aifs,13,0.5488,0.5300,0.7588,1.0661,238
12115000,aifs,13,0.5470,0.5488,0.7508,1.0486,238
12115500,aifs,13,0.4519,0.4995,0.6757,0.9195,238
12117000,aifs,13,0.6124,0.6964,0.7828,1.0179,238
12141300,aifs,13,0.3652,0.4750,0.6151,1.1462,238
12143600,aifs,13,0.4443,0.5155,0.6871,1.2558,234
12144000,aifs,13,0.5260,0.6496,0.7288,1.0481,237
12145500,aifs,13,0.3163,0.6702,0.6729,1.0001,238
12147600,aifs,13,0.2539,0.4114,0.5218,0.9930,238
12167000,aifs,13,0.1457,0.4783,0.5730,1.2947,238
12175500,aifs,13,-0.1204,0.5033,0.5846,1.1784,238
12186000,aifs,13,0.1464,0.5006,0.5644,1.2315,235
12189500,aifs,13,0.0674,0.4932,0.6150,1.3260,237
12358500,aifs,13,0.6026,0.8038,0.8157,1.0145,238
12377150,aifs,13,0.4891,0.7418,0.7494,0.9391,238
12381400,aifs,13,0.3817,0.5256,0.8640,1.2175,205
12390700,aifs,13,0.4067,0.6208,0.6969,1.1923,238
12411000,aifs,13,0.6363,0.6503,0.8653,1.3173,227
12414500,aifs,13,0.6513,0.7163,0.8118,0.9288,238
12447390,aifs,13,-0.1953,-0.2284,0.2225,0.3740,238
12451000,aifs,13,0.4392,0.6428,0.8128,1.2559,238
12488500,aifs,13,0.5033,0.7020,0.7759,1.1954,238
13011500,aifs,13,0.6222,0.5088,0.9292,1.3822,238
13011900,aifs,13,0.7962,0.7967,0.9297,0.9982,238
13018300,aifs,13,-0.4958,-0.0279,0.9391,1.5136,238
13023000,aifs,13,0.4563,0.7226,0.7829,0.9449,196
13161500,aifs,13,0.5254,0.6952,0.7541,0.8536,238
13235000,aifs,13,0.5833,0.6658,0.7786,0.8947,236
13240000,aifs,13,0.8106,0.8844,0.9012,0.9974,159
13310700,aifs,13,0.5992,0.5394,0.8821,0.6917,238
13313000,aifs,13,0.7078,0.5057,0.9542,0.6562,238
13331500,aifs,13,0.3750,0.4507,0.9000,1.2675,238
13337000,aifs,13,0.6448,0.7227,0.8284,0.8422,238
13338500,aifs,13,0.6518,0.7777,0.8599,1.1323,238
13340000,aifs,13,0.4876,0.6563,0.7460,0.8187,238
13340600,aifs,13,0.5768,0.6412,0.8517,0.7251,238
14020000,aifs,13,0.1821,0.0875,0.5516,0.6007,238
14092750,aifs,13,0.2506,0.4701,0.5532,0.8937,238
14096850,aifs,13,-3.2599,-0.3253,0.6093,0.5479,238
14137000,aifs,13,0.1299,0.3261,0.4250,1.0240,233
14138800,aifs,13,-0.0707,0.1679,0.2611,0.8990,238
14138870,aifs,13,0.0626,0.3416,0.4179,0.8422,238
14138900,aifs,13,-0.0496,0.1494,0.2580,0.9069,238
14139800,aifs,13,0.0485,0.3130,0.4006,0.8192,236
14141500,aifs,13,0.1029,0.3890,0.4485,0.9023,238
14154500,aifs,13,0.1366,0.5200,0.6849,1.2730,238
14158500,aifs,13,0.7140,0.7450,0.8722,1.0923,223
14158790,aifs,13,0.3148,0.5864,0.6128,1.0323,234
14166500,aifs,13,0.2735,0.4127,0.5342,0.9785,238
14182500,aifs,13,-0.1632,0.4003,0.4027,0.9541,238
14185000,aifs,13,-0.0515,0.5007,0.6046,1.1924,238
14185900,aifs,13,-0.3510,0.3887,0.4349,1.1664,235
14187000,aifs,13,-0.0882,0.4477,0.6256,1.2800,237
14216500,aifs,13,0.2837,0.6208,0.6361,1.1019,235
14222500,aifs,13,0.0733,0.3548,0.4152,1.0346,238
14236200,aifs,13,0.0405,0.4542,0.4667,0.9710,237
14301000,aifs,13,0.1458,0.4037,0.4689,0.9293,237
14303200,aifs,13,0.2606,0.2898,0.5147,0.8965,238
14305500,aifs,13,-0.0544,0.3830,0.4016,0.9344,236
14306340,aifs,13,0.3134,0.4033,0.5769,0.7895,238
14306500,aifs,13,0.4194,0.5984,0.6619,0.9414,238
14308990,aifs,13,0.4683,0.4841,0.6926,0.9930,238
14309500,aifs,13,0.3156,0.4107,0.5652,0.8966,238
14316700,aifs,13,0.3201,0.6227,0.6752,1.1902,238
14325000,aifs,13,0.2171,0.4564,0.5275,0.8657,238
14362250,aifs,13,0.3282,0.1657,0.7553,0.5339,148
14400000,aifs,13,0.5747,0.5070,0.7804,0.7577,238
01013500,aifs,14,0.8843,0.8065,0.9508,0.8620,238
01022500,aifs,14,0.3934,0.5336,0.6331,1.0345,238
01030500,aifs,14,0.6489,0.7794,0.8587,1.0855,238
01031500,aifs,14,0.0050,0.5094,0.5097,1.0109,236
01047000,aifs,14,-0.0900,0.4315,0.4369,0.9304,238
01052500,aifs,14,0.1888,0.2141,0.4747,0.6805,238
01054200,aifs,14,0.0124,0.0079,0.3168,0.5079,238
01055000,aifs,14,-0.0513,0.3540,0.3848,0.9047,236
01057000,aifs,14,0.2109,0.6269,0.6337,1.0111,236
01073000,aifs,14,0.1222,0.4476,0.7545,1.3073,238
01078000,aifs,14,0.0401,0.3529,0.4488,0.7331,236
01118300,aifs,14,0.0167,0.3900,0.4437,0.8113,236
01121000,aifs,14,0.3282,0.6246,0.6839,1.2007,236
01123000,aifs,14,0.4402,0.6365,0.6827,0.9335,238
01134500,aifs,14,0.4427,0.5831,0.6900,0.8071,236
01137500,aifs,14,0.2062,0.3883,0.5269,0.7541,238
01139000,aifs,14,0.2538,0.6005,0.6102,0.9296,234
01139800,aifs,14,0.6602,0.8172,0.8274,1.0537,238
01142500,aifs,14,0.4617,0.7159,0.7282,0.9200,236
01144000,aifs,14,0.4524,0.7264,0.7698,0.9575,238
01169000,aifs,14,-0.3405,0.3987,0.4269,1.1088,236
01170100,aifs,14,-0.0195,0.5185,0.5228,1.0066,237
01181000,aifs,14,0.0390,0.4846,0.7090,1.1931,236
01187300,aifs,14,0.5584,0.6604,0.7506,1.1097,238
01195100,aifs,14,0.0437,0.2860,0.3841,0.8343,238
01333000,aifs,14,0.3997,0.6390,0.6650,0.9663,236
01350000,aifs,14,0.0016,0.0824,0.2586,0.7946,235
01350080,aifs,14,0.3380,0.5853,0.6306,0.8748,238
01350140,aifs,14,0.1642,0.5601,0.5991,0.8201,188
01365000,aifs,14,0.2277,0.3933,0.5094,0.8763,236
01411300,aifs,14,-0.3255,0.0749,0.1579,1.2385,229
01413500,aifs,14,0.2128,0.3299,0.4991,0.7946,236
01414500,aifs,14,0.0015,0.0631,0.3038,0.6314,236
01415000,aifs,14,0.2209,0.2273,0.5852,0.5826,193
01423000,aifs,14,0.2233,0.3350,0.5369,0.7203,238
01434025,aifs,14,-0.0760,0.4287,0.5102,0.7109,238
01435000,aifs,14,0.1649,0.3140,0.4506,0.8394,237
01439500,aifs,14,0.2507,0.4912,0.5867,0.7954,236
01440000,aifs,14,0.0158,0.4617,0.4721,0.9293,238
01440400,aifs,14,0.3672,0.6350,0.6576,0.9201,212
01451800,aifs,14,-0.1533,0.3708,0.3789,1.0631,236
01466500,aifs,14,-7.3977,-1.5481,0.7211,1.0148,236
01484100,aifs,14,-0.8830,0.2416,0.4456,1.3352,238
01485500,aifs,14,-6.0278,-1.1501,0.3870,2.2877,233
01486000,aifs,14,-2.1958,-0.2311,0.4128,1.8760,238
01487000,aifs,14,-0.0175,0.4942,0.7027,1.0840,238
01491000,aifs,14,0.3357,0.5740,0.6190,1.0819,238
01510000,aifs,14,0.4723,0.5856,0.6893,0.9498,238
01516500,aifs,14,-0.0340,0.0702,0.2978,0.6005,238
01518862,aifs,14,0.1468,0.3057,0.4946,0.6653,238
01532000,aifs,14,-0.3995,0.4067,0.4546,0.9869,236
01539000,aifs,14,-0.4566,0.3481,0.3754,0.8713,220
01542810,aifs,14,-0.0408,0.3547,0.3883,0.9007,236
01543000,aifs,14,-0.1198,0.4386,0.4650,0.8317,238
01543500,aifs,14,0.0115,0.4785,0.5061,0.8352,236
01544500,aifs,14,0.2154,0.4389,0.5924,0.6860,238
01545600,aifs,14,0.3016,0.3959,0.6191,0.6869,238
01547700,aifs,14,-0.1447,-0.0282,0.1157,0.8265,238
01548500,aifs,14,0.2107,0.3253,0.5720,0.6318,236
01549500,aifs,14,0.1489,0.4676,0.5429,0.7652,236
01550000,aifs,14,0.1011,0.3881,0.5060,0.7060,236
01552000,aifs,14,-0.1970,0.3956,0.4196,0.8315,238
01552500,aifs,14,-0.4951,0.3556,0.3987,0.8813,238
01557500,aifs,14,-0.4948,0.2164,0.2221,0.9165,238
01567500,aifs,14,-0.2994,0.1647,0.1982,1.0695,238
01568000,aifs,14,-0.2030,0.3369,0.3536,1.1220,238
01580000,aifs,14,-0.1868,0.2793,0.3042,0.9335,234
01583500,aifs,14,-0.0798,0.2656,0.3337,0.8540,238
01586610,aifs,14,-0.1325,0.2253,0.3004,0.8178,204
01591400,aifs,14,-0.1081,0.3268,0.3491,0.9887,238
01596500,aifs,14,-0.1282,0.1296,0.2299,0.8124,236
01605500,aifs,14,-2.9813,-0.3357,0.4103,1.3184,236
01606500,aifs,14,-0.3182,0.4215,0.4660,0.8872,211
01613050,aifs,14,-0.6447,0.1935,0.2187,1.1965,238
01620500,aifs,14,0.0515,0.3008,0.4759,0.5925,236
01632000,aifs,14,-0.1253,0.3606,0.3814,0.8751,236
01632900,aifs,14,-1.1998,0.1765,0.3082,1.0297,236
01634500,aifs,14,-0.1293,0.1689,0.2418,0.9116,221
01638480,aifs,14,-1.8057,-0.2148,0.3910,1.9076,233
01639500,aifs,14,-0.2044,0.2551,0.2914,1.1393,238
01644000,aifs,14,-1.1073,-0.0374,0.3542,1.7919,238
01658500,aifs,14,-1.1689,0.0414,0.0903,1.2542,207
01664000,aifs,14,0.0585,0.3905,0.4344,0.9200,238
01666500,aifs,14,-0.0202,0.3263,0.3697,1.0333,223
01667500,aifs,14,-0.5103,0.3368,0.3661,1.1154,216
01669000,aifs,14,0.0863,0.4782,0.4941,1.0554,213
01669520,aifs,14,-5.3413,-0.7842,0.4123,1.8802,236
02011400,aifs,14,-0.6931,0.2120,0.5740,1.3791,238
02011460,aifs,14,-0.3397,0.3960,0.4079,0.9951,238
02013000,aifs,14,-0.5428,0.2414,0.3945,1.4094,238
02014000,aifs,14,-0.8915,0.2460,0.4011,1.2037,237
02015700,aifs,14,-0.2614,0.4404,0.5565,1.1619,220
02016000,aifs,14,-0.4862,0.2605,0.6667,1.2374,237
02017500,aifs,14,-1.3232,-0.0380,0.6052,1.4622,236
02018000,aifs,14,-0.7346,0.1913,0.5609,1.4193,231
02027000,aifs,14,0.0566,0.5538,0.6678,0.9223,218
02027500,aifs,14,0.4258,0.6059,0.7412,0.7062,221
02028500,aifs,14,0.0355,0.5457,0.5512,0.9867,213
02038850,aifs,14,-0.2599,0.1745,0.2259,0.8370,236
02046000,aifs,14,-0.3513,0.1444,0.3681,1.5752,228
02051000,aifs,14,-0.2449,-0.0170,0.0756,0.9998,238
02051500,aifs,14,-0.7538,0.1264,0.2037,1.3521,236
02053200,aifs,14,-2.4453,-0.2912,0.1975,1.7350,210
02053800,aifs,14,0.0400,0.2906,0.3739,0.9148,219
02055100,aifs,14,-0.3683,0.3823,0.5115,1.2936,236
02056900,aifs,14,-0.2041,0.3260,0.3456,0.8763,212
02059500,aifs,14,-0.4376,0.3836,0.4363,0.8755,207
02064000,aifs,14,-0.1378,0.2006,0.2801,0.7957,226
02065500,aifs,14,0.0077,0.3148,0.4510,0.6855,236
02069700,aifs,14,-0.5255,0.1366,0.1681,1.1891,210
02070000,aifs,14,-0.5076,0.1397,0.1673,1.1739,236
02074500,aifs,14,-0.4032,0.2235,0.2446,1.1556,238
02077200,aifs,14,-0.9276,0.1386,0.3926,1.4628,233
02081500,aifs,14,-0.9926,-0.1311,0.0397,1.5976,238
02082950,aifs,14,-1.7078,-0.2433,0.4870,1.8309,238
02092500,aifs,14,-9.9632,-1.8748,0.1392,2.8125,238
02096846,aifs,14,-1.2227,-0.2433,-0.0357,1.6862,238
02102908,aifs,14,-0.2600,0.0431,0.1172,0.9393,238
02108000,aifs,14,-0.1549,0.4149,0.4779,1.2570,238
02111180,aifs,14,-0.5321,-0.0157,0.0221,1.1037,238
02111500,aifs,14,-1.2647,0.0485,0.0696,1.0457,236
02118500,aifs,14,-2.2765,-0.0728,0.2124,1.1641,238
02128000,aifs,14,-1.5434,-0.8633,0.1292,2.6332,238
02137727,aifs,14,-1.5259,-0.0439,-0.0206,1.0569,238
02140991,aifs,14,-1.9297,-0.0979,-0.0245,1.2106,238
02143000,aifs,14,-5.8317,-0.6760,0.0696,1.3741,238
02143040,aifs,14,-3.8625,-0.3897,0.0461,1.1079,236
02149000,aifs,14,-0.8901,-0.0649,-0.0534,1.1047,238
02152100,aifs,14,-2.2092,-0.1290,-0.0339,1.1358,238
02177000,aifs,14,-1.1307,0.0184,0.0310,1.1426,236
02178400,aifs,14,-1.0993,0.1765,0.2386,1.0178,236
02193340,aifs,14,-3.5744,-0.5070,0.2037,1.7220,238
02196000,aifs,14,-0.1031,-0.1754,0.0963,0.5578,238
02198100,aifs,14,-0.1898,-0.1546,0.0158,1.2089,237
02202600,aifs,14,-2.6712,-0.4577,0.0005,1.9568,238
02212600,aifs,14,-0.2441,0.1940,0.2528,1.2294,236
02215100,aifs,14,-0.2426,-0.2006,-0.0189,0.6901,238
02216180,aifs,14,-0.0783,-0.4667,-0.0695,0.4321,236
02221525,aifs,14,-0.0843,0.3419,0.3813,1.1574,236
02231000,aifs,14,-4.1946,-0.5637,0.1911,1.5738,238
02231342,aifs,14,-3.5116,-0.6365,0.2977,2.1378,238
02235200,aifs,14,0.1257,0.4832,0.5273,1.1407,237
02245500,aifs,14,-8.5869,-1.2443,0.1600,1.4571,238
02246000,aifs,14,-2.0268,-0.0238,0.1914,0.9913,236
02296500,aifs,14,-2.0066,-0.6351,0.2065,2.3483,227
02297155,aifs,14,-0.1207,-0.2723,0.2209,0.2829,237
02297310,aifs,14,-0.1948,0.2209,0.3018,0.7135,228
02298123,aifs,14,0.0208,0.0505,0.3545,0.5145,238
02298608,aifs,14,-1.0306,0.1655,0.2169,1.1461,238
02299950,aifs,14,-1.0415,0.1867,0.2393,1.0068,238
02300700,aifs,14,0.0080,0.0971,0.3078,0.6384,238
02310947,aifs,14,-0.7452,-2.0543,-0.2946,3.6740,238
02312200,aifs,14,-19.8896,-4.2071,0.2768,6.1456,238
02314500,aifs,14,-0.2570,-0.3643,-0.0408,0.5734,238
02315500,aifs,14,-0.3300,-0.6571,-0.2892,0.4430,238
02324400,aifs,14,-0.2052,-1.0283,-0.5319,0.1148,238
02327100,aifs,14,-4.0425,-0.8307,0.2359,2.2507,236
02349900,aifs,14,-0.0950,-0.1565,0.0513,0.8404,238
02350900,aifs,14,-0.4052,0.0807,0.2282,0.6521,238
02361000,aifs,14,-0.4828,0.1313,0.2044,0.6969,238
02363000,aifs,14,-0.1464,-0.2865,0.1350,0.3725,236
02369800,aifs,14,0.0181,-0.2533,0.2647,0.4679,237
02371500,aifs,14,0.0094,-0.2236,0.1456,0.7287,238
02372250,aifs,14,-0.0051,-0.1897,0.1221,0.7758,236
02374500,aifs,14,-0.0612,-0.0671,0.1644,0.7364,238
02381600,aifs,14,-0.5029,-0.0461,0.0027,1.1107,237
02384540,aifs,14,-0.0799,0.0733,0.2223,0.8232,238
02395120,aifs,14,-3.0287,-0.2414,0.1925,1.1920,238
02408540,aifs,14,-0.1557,0.3806,0.3846,0.9743,238
02415000,aifs,14,-0.2018,0.2852,0.3041,0.9510,228
02422500,aifs,14,-1.0580,0.1959,0.3423,1.2710,221
02427250,aifs,14,-0.1038,0.2522,0.3198,1.2048,238
02430085,aifs,14,-0.6829,0.1104,0.2045,1.3977,238
02450250,aifs,14,-0.0402,0.1802,0.2767,1.0484,236
02464000,aifs,14,0.0461,0.2321,0.3411,0.9793,238
02465493,aifs,14,0.0603,0.4060,0.4499,1.1100,235
02469800,aifs,14,0.1489,0.1818,0.4893,0.5459,236
02472000,aifs,14,0.1591,0.0158,0.5157,0.4994,238
02472500,aifs,14,0.0555,0.1266,0.4333,0.4835,238
02479155,aifs,14,0.1093,-0.0906,0.4147,0.5348,238
02479300,aifs,14,0.1239,-0.1281,0.5783,0.3540,238
02481000,aifs,14,0.1258,-0.1923,0.6256,0.2332,238
02481510,aifs,14,0.0975,-0.1678,0.5639,0.2872,238
03010655,aifs,14,0.2483,0.3919,0.5928,0.6802,209
03011800,aifs,14,0.0971,0.3900,0.4795,0.7889,238
03015500,aifs,14,0.1072,0.5612,0.5626,0.9704,238
03021350,aifs,14,0.1115,0.4318,0.5038,0.7716,236
03026500,aifs,14,0.1241,0.4330,0.4851,0.8744,238
03028000,aifs,14,0.1118,0.4661,0.5601,0.7277,236
03049800,aifs,14,-0.1420,-0.1521,0.0830,0.6500,236
03050000,aifs,14,-0.3971,0.3348,0.3371,0.9811,236
03066000,aifs,14,-0.0902,0.2935,0.3697,0.7517,238
03069500,aifs,14,-0.1732,0.2792,0.3396,0.7577,236
03070500,aifs,14,-0.6220,0.3313,0.4037,1.1037,236
03076600,aifs,14,-0.0995,0.1768,0.3184,0.6677,238
03078000,aifs,14,-0.2165,0.0640,0.1792,0.7272,238
03140000,aifs,14,0.0211,0.0810,0.2574,0.9086,236
03144000,aifs,14,-0.3474,0.0910,0.1307,1.0037,238
03159540,aifs,14,-0.3772,0.0838,0.1203,0.9665,238
03161000,aifs,14,-0.6400,0.1174,0.1245,0.9187,238
03164000,aifs,14,-0.8376,0.2751,0.3641,0.9390,238
03165000,aifs,14,-0.6837,0.0087,0.0219,0.9504,221
03170000,aifs,14,-0.0989,0.3058,0.3443,0.9029,238
03173000,aifs,14,-0.1931,0.4697,0.5375,1.1301,236
03180500,aifs,14,0.0655,0.4523,0.4698,0.9830,222
03182500,aifs,14,-0.2908,0.4254,0.4905,1.1594,236
03186500,aifs,14,0.0467,0.5127,0.5149,0.9583,236
03187500,aifs,14,-0.2241,0.4677,0.5726,0.9618,235
03213700,aifs,14,-0.8200,0.2627,0.4682,1.2404,238
03237280,aifs,14,-0.2842,0.0776,0.1445,0.8435,238
03237500,aifs,14,-0.7053,0.0237,0.0561,1.2256,236
03241500,aifs,14,-0.1078,-0.0320,0.1525,0.7186,225
03280700,aifs,14,-1.5305,0.0771,0.3668,1.1598,213
03281100,aifs,14,-1.5838,0.0337,0.3972,1.2773,236
03281500,aifs,14,-1.1409,0.1535,0.4773,1.1863,223
03285000,aifs,14,-1.6512,-0.4003,0.3063,2.0994,235
03291780,aifs,14,-0.2582,-0.1450,-0.0227,0.9750,238
03300400,aifs,14,-0.3906,-0.0518,0.0155,1.0855,238
03340800,aifs,14,-0.4389,0.0031,0.0576,0.8449,190
03346000,aifs,14,-0.0486,0.0044,0.2531,0.5525,238
03364500,aifs,14,-0.0969,-0.2914,0.0341,0.5258,238
03366500,aifs,14,-0.2038,-0.1223,0.0393,0.7387,238
03368000,aifs,14,-0.1786,-0.2331,-0.0241,0.6881,238
03384450,aifs,14,-0.0618,-0.2068,0.0584,0.7041,238
03439000,aifs,14,-0.4604,-0.1714,-0.0482,0.7203,236
03450000,aifs,14,-0.3518,-0.0326,0.0437,0.8887,238
03455500,aifs,14,-1.4367,0.0319,0.0879,0.8007,236
03456500,aifs,14,-0.8947,-0.0474,-0.0335,0.8640,236
03460000,aifs,14,-1.0261,0.1945,0.2721,0.6563,238
03463300,aifs,14,-0.7561,0.0032,0.0187,0.8758,238
03471500,aifs,14,-0.0634,0.5188,0.6140,0.7932,236
03473000,aifs,14,-0.2627,0.4237,0.4722,0.7877,238
03479000,aifs,14,-1.3193,0.0969,0.1520,1.0121,236
03488000,aifs,14,-0.2833,0.4120,0.4396,0.8676,238
03498500,aifs,14,-1.0266,0.1796,0.2319,0.8681,238
03500000,aifs,14,-0.9990,0.2452,0.3534,0.8881,236
03504000,aifs,14,-0.9553,0.2279,0.2742,0.8908,236
03574500,aifs,14,-0.0611,0.0851,0.2485,0.7156,238
03604000,aifs,14,-0.5140,-0.0739,-0.0214,0.8833,236
04015330,aifs,14,0.2257,0.0918,0.5101,0.5119,197
04024430,aifs,14,0.3935,0.5114,0.6622,0.7194,238
04027000,aifs,14,0.5087,0.4531,0.7449,0.7328,238
04040500,aifs,14,0.8432,0.7972,0.9248,0.9528,238
04043050,aifs,14,0.7572,0.8124,0.8727,0.9061,182
04045500,aifs,14,0.8725,0.8076,0.9499,0.8151,234
04056500,aifs,14,0.5906,0.4650,0.8634,0.7150,229
04057510,aifs,14,0.8731,0.6946,0.9666,0.7904,158
04057800,aifs,14,0.8099,0.6084,0.9363,0.7346,238
04059500,aifs,14,0.8100,0.7254,0.9176,0.9763,238
04063700,aifs,14,0.5774,0.3358,0.9084,0.5771,238
04074950,aifs,14,0.5592,0.4995,0.8622,0.7365,238
04105700,aifs,14,0.3578,0.4319,0.6291,0.9024,238
04115265,aifs,14,0.1803,0.1818,0.4295,0.9303,238
04122200,aifs,14,0.2126,0.2193,0.5570,0.7763,238
04122500,aifs,14,0.4345,0.4864,0.7018,0.8715,236
04124000,aifs,14,0.6038,0.5149,0.8319,0.9563,238
04127997,aifs,14,0.3105,0.3367,0.5958,0.8928,201
04185000,aifs,14,0.4234,0.5963,0.6674,0.8912,215
04196800,aifs,14,-0.0227,0.2521,0.3309,0.8731,238
04197100,aifs,14,0.0376,0.2094,0.3272,1.0631,238
04197170,aifs,14,-0.1343,-0.0841,0.0889,0.7707,238
04213000,aifs,14,-0.0902,0.4588,0.4598,1.0322,236
04213075,aifs,14,0.0289,0.2056,0.3365,0.8265,234
04216418,aifs,14,0.3008,0.4831,0.5718,0.9146,238
04221000,aifs,14,0.0138,0.2097,0.4344,0.5962,238
04224775,aifs,14,0.0768,0.1083,0.4462,0.5348,236
04256000,aifs,14,0.6090,0.7744,0.8006,1.0992,236
04296000,aifs,14,0.2264,0.5144,0.5622,0.8673,236
05057000,aifs,14,-1.1551,0.0935,0.4052,0.5186,160
05057200,aifs,14,0.4612,0.7142,0.7188,1.0205,237
05062500,aifs,14,0.5187,0.5640,0.7282,0.8876,199
05087500,aifs,14,-0.0107,0.3381,0.3788,0.9932,238
05120500,aifs,14,-10.3469,-1.5007,-0.0697,3.2170,210
05123400,aifs,14,-0.3916,-0.6523,-0.0184,0.1576,238
05129115,aifs,14,-0.8334,-0.8962,-0.2632,0.0000,238
05131500,aifs,14,0.1754,0.1155,0.5701,0.5178,142
05291000,aifs,14,-0.6934,0.1977,0.2205,0.8221,238
05362000,aifs,14,0.6149,0.6208,0.7985,0.7884,237
05393500,aifs,14,0.5181,0.5648,0.7307,0.7988,238
05399500,aifs,14,-0.0355,0.1843,0.3186,0.6984,236
05408000,aifs,14,-0.0303,-0.0491,0.2122,0.7937,237
05412500,aifs,14,-0.1125,0.1426,0.3365,0.6471,238
05413500,aifs,14,-0.4681,-0.0783,0.0824,0.7345,208
05414000,aifs,14,-0.2233,0.0274,0.5106,0.5678,204
05444000,aifs,14,-0.1106,-0.0352,0.2550,0.6151,236
05454000,aifs,14,-0.1402,-0.0551,0.2269,0.5300,238
05458000,aifs,14,-0.2060,-0.1136,0.0602,0.7062,238
05466500,aifs,14,-0.0053,-0.1236,0.2171,0.6179,236
05487980,aifs,14,-0.1519,-0.2607,0.0034,0.5546,236
05488200,aifs,14,-0.1057,-0.4330,-0.0002,0.3093,236
05489000,aifs,14,-0.0803,-0.4751,-0.0122,0.2949,236
05495000,aifs,14,-0.2634,0.0923,0.1499,1.0408,236
05495500,aifs,14,0.0152,-0.2502,0.2407,0.3635,232
05501000,aifs,14,-0.0399,-0.3556,0.0506,0.4521,236
05503800,aifs,14,-0.1889,-0.1116,0.0397,0.8095,238
05507600,aifs,14,-1.2024,-0.0087,0.0859,1.3864,238
05508805,aifs,14,-0.9039,-0.0104,0.1718,1.5678,236
05514500,aifs,14,-0.1544,0.1282,0.2034,1.0079,236
05525500,aifs,14,-0.0998,0.0179,0.1551,0.9230,236
05556500,aifs,14,-0.1434,-0.3668,0.0808,0.3941,238
05584500,aifs,14,0.0263,-0.1202,0.3371,0.4583,236
05585000,aifs,14,0.0079,-0.0862,0.3645,0.4237,238
05591550,aifs,14,-0.1365,-0.0138,0.1336,0.7918,236
05592050,aifs,14,-0.1368,-0.0082,0.1476,0.7364,222
05592575,aifs,14,-0.1236,-0.0305,0.1486,0.6785,236
05593575,aifs,14,-0.7894,-0.0727,0.1501,1.6535,238
05593900,aifs,14,-0.1299,0.0091,0.1538,0.7677,236
05595730,aifs,14,-0.9135,-0.0251,0.2348,1.6515,238
06037500,aifs,14,-2.7864,0.2276,0.8410,1.3011,238
06043500,aifs,14,0.2699,0.3374,0.9533,1.3797,238
06154410,aifs,14,-0.2793,-0.1034,0.0583,0.6671,238
06188000,aifs,14,0.8235,0.8526,0.9284,1.0474,238
06191500,aifs,14,0.6785,0.6384,0.9338,1.1687,238
06221400,aifs,14,0.8286,0.8588,0.9290,1.0703,238
06224000,aifs,14,0.6670,0.8110,0.8505,1.0969,238
06289000,aifs,14,0.1667,0.5937,0.6018,0.9214,238
06332515,aifs,14,-0.2539,0.1264,0.6612,1.6654,118
06339100,aifs,14,-22.7767,-3.7803,0.4888,3.2617,174
06339500,aifs,14,-1.1193,0.0336,0.2098,0.4630,167
06344600,aifs,14,-21.5397,-3.9171,0.3052,4.3955,177
06350000,aifs,14,-13.1527,-2.2094,0.3362,2.6712,238
06352000,aifs,14,-0.0154,-0.1071,0.4998,1.3315,237
06353000,aifs,14,-0.0036,-0.1181,0.5067,0.8056,236
06354000,aifs,14,-2.1944,-0.0893,0.3174,0.7696,173
06360500,aifs,14,-9.2855,-1.4558,0.1227,1.9372,139
06404000,aifs,14,-16.7918,-2.2095,-0.0909,1.8311,205
06406000,aifs,14,-173.2480,-3.9413,0.6575,5.7958,180
06408700,aifs,14,-1663.3195,-4.1607,0.1736,1.5137,238
06409000,aifs,14,-1.6416,0.6765,0.8505,1.2706,193
06431500,aifs,14,-7.5652,-0.8553,0.3267,1.1360,227
06440200,aifs,14,-0.1059,-0.6015,-0.0384,0.1070,160
06441500,aifs,14,-18.8313,-3.5698,-0.0482,4.2732,177
06447000,aifs,14,-0.2486,-0.0811,0.0838,0.6215,140
06447500,aifs,14,-0.1920,-0.1552,0.0959,0.7268,238
06450500,aifs,14,0.0748,-0.0223,0.5457,1.0450,208
06452000,aifs,14,-0.0601,-0.2520,0.0014,1.0344,175
06453600,aifs,14,-0.2877,-0.2376,0.2707,1.7025,235
06464500,aifs,14,-0.6730,-0.1367,-0.0998,1.0623,175
06477500,aifs,14,-80.1596,-7.7511,0.0582,4.9371,237
06479215,aifs,14,-0.1177,-0.1243,0.1375,0.5831,238
06479438,aifs,14,-0.1496,-0.5256,-0.0060,0.2376,238
06601000,aifs,14,-0.2190,-0.2078,-0.0163,0.7944,238
06614800,aifs,14,0.7460,0.5665,0.9371,1.3838,238
06622700,aifs,14,-0.5763,0.0777,0.7174,1.6608,238
06623800,aifs,14,0.8027,0.8959,0.9066,1.0110,238
06632400,aifs,14,-0.4377,0.2807,0.4291,1.4078,238
06784000,aifs,14,-1.8958,-0.0249,0.0299,1.3255,238
06803510,aifs,14,-0.3171,-0.1387,-0.0093,0.7248,238
06803530,aifs,14,-0.9071,-0.0215,-0.0086,0.8483,238
06814000,aifs,14,-0.0638,0.2983,0.3733,0.7414,238
06846500,aifs,14,-0.0088,-0.4670,-0.0518,1.3805,238
06847900,aifs,14,-0.0214,-0.3243,0.0480,1.3022,238
06853800,aifs,14,-2.5695,-0.4699,-0.0320,1.9492,238
06876700,aifs,14,-0.1280,-0.4942,0.0608,0.1825,238
06878000,aifs,14,-0.4483,-0.0509,0.0787,0.5661,238
06879650,aifs,14,0.0327,-0.1303,0.2818,0.4024,237
06885500,aifs,14,-0.2393,-0.2044,0.0664,0.4091,238
06888500,aifs,14,-0.0409,-0.3881,0.0792,0.3453,238
06889200,aifs,14,-0.1722,-0.1518,0.0333,0.7157,238
06889500,aifs,14,-0.6811,0.0255,0.0445,0.8591,238
06892000,aifs,14,-0.8280,0.1418,0.1699,0.8029,238
06903400,aifs,14,-0.0776,-0.5507,0.0426,0.1347,238
06906800,aifs,14,-0.2618,-0.0867,0.0567,0.6847,238
06910800,aifs,14,-0.1550,0.0140,0.1672,0.6769,238
06911900,aifs,14,-0.1072,0.0544,0.2136,0.6700,238
06917000,aifs,14,-0.1373,-0.0229,0.1825,0.5681,238
06918460,aifs,14,0.0656,0.1721,0.3384,0.8367,238
06919500,aifs,14,-0.1483,0.2507,0.3545,0.6504,238
06921070,aifs,14,-0.1106,0.0221,0.1820,0.7202,238
06921200,aifs,14,-0.0675,-0.3137,0.1174,0.3433,238
06934000,aifs,14,-0.0189,0.1981,0.3747,0.6588,237
07014500,aifs,14,-0.0105,-0.2070,0.1622,0.6253,238
07056000,aifs,14,0.0006,0.1120,0.2838,0.7537,238
07057500,aifs,14,0.1198,0.0950,0.4657,0.7776,230
07060710,aifs,14,-0.0001,-0.3952,0.0261,1.0505,238
07066000,aifs,14,-0.2509,0.0465,0.1381,0.8322,238
07067000,aifs,14,-0.2653,0.2128,0.3682,0.6189,238
07068000,aifs,14,0.0051,0.3323,0.4233,0.8259,237
07071500,aifs,14,-0.3479,0.3101,0.3616,0.8177,238
07083000,aifs,14,-2.1425,-0.5560,0.8735,1.8722,238
07142300,aifs,14,-8.3846,-5.0557,-0.1093,6.8916,238
07145700,aifs,14,-0.0122,-0.5187,0.0939,0.1874,238
07148400,aifs,14,-1.9023,-0.0381,0.5133,1.5306,238
07149000,aifs,14,-0.5579,0.2768,0.5332,1.5224,238
07151500,aifs,14,-0.0396,-0.4583,-0.0199,0.4408,238
07167500,aifs,14,-0.2768,-0.5037,0.0156,2.0254,238
07180500,aifs,14,-0.3054,-0.0863,0.0119,0.8859,238
07184000,aifs,14,-0.0185,-0.1888,0.1786,0.4373,236
07195800,aifs,14,-0.6333,0.1056,0.1214,0.8530,236
07196900,aifs,14,-0.0692,0.0779,0.2054,1.0729,237
07197000,aifs,14,-0.3208,0.2941,0.2980,1.0399,238
07208500,aifs,14,-0.0965,0.4423,0.7168,1.1130,238
07226500,aifs,14,-0.0334,-0.4698,-0.0243,0.3903,236
07261000,aifs,14,-1.2953,-0.1835,0.1328,1.7771,236
07263295,aifs,14,-0.7829,-1.5261,0.0532,3.3256,236
07290650,aifs,14,-0.2878,-0.2133,0.0092,0.5443,238
07291000,aifs,14,-0.3076,-0.3091,0.0373,0.3326,238
07292500,aifs,14,-0.0074,-0.1304,0.1870,0.6872,238
07295000,aifs,14,-0.0866,-0.2540,0.0544,0.5638,238
07299670,aifs,14,-0.2010,-0.3261,0.1214,1.8656,228
07301410,aifs,14,-0.4679,-0.4206,-0.2615,0.7173,227
07301500,aifs,14,-0.1824,-0.5787,0.0220,1.7713,200
07315200,aifs,14,-1.6200,-0.1319,-0.0239,1.4154,161
07315700,aifs,14,-11.2639,-2.8066,-0.0376,3.8966,218
07335700,aifs,14,-0.1144,-0.2344,0.0760,0.5083,229
07340300,aifs,14,-0.2940,0.2253,0.2429,0.9807,238
07346045,aifs,14,-5.8885,-0.8215,0.2023,1.1192,238
07359610,aifs,14,-0.4028,-0.0002,0.2768,1.6758,238
07362100,aifs,14,-5.1989,-1.1293,0.2020,2.5210,238
07362587,aifs,14,-0.4342,-0.5862,0.0520,2.2095,236
07373000,aifs,14,-0.1134,-0.2720,0.1250,0.5231,234
07375000,aifs,14,0.0108,-0.1748,0.2600,0.4239,238
07376000,aifs,14,0.0901,0.1097,0.4216,0.5560,238
08013000,aifs,14,0.0577,-0.0595,0.3673,0.5312,238
08014500,aifs,14,-0.0493,-0.1934,0.2188,0.5088,238
08023080,aifs,14,-0.5649,-0.5068,0.0110,2.0975,238
08025500,aifs,14,-0.1373,-0.2514,-0.0215,0.7072,238
08029500,aifs,14,-0.2604,-0.1764,-0.0381,1.1431,238
08050800,aifs,14,-0.0544,-0.3768,-0.0255,0.5789,237
08066200,aifs,14,-0.0832,-0.3845,-0.0308,0.4737,238
08066300,aifs,14,-0.0441,-0.5960,-0.0129,0.1777,238
08070000,aifs,14,-3.6807,-0.5015,0.0128,1.6938,238
08070200,aifs,14,-1.2481,0.0232,0.0491,1.1522,238
08079600,aifs,14,-6.1751,-3.6820,0.0326,5.3547,194
08082700,aifs,14,-0.0510,-0.3629,-0.0301,0.6216,224
08086212,aifs,14,-0.0479,-0.3037,0.0073,1.3358,238
08086290,aifs,14,-0.3271,-0.9870,0.0276,2.6819,238
08101000,aifs,14,-6.6633,-1.2714,0.0921,2.3266,238
08103900,aifs,14,0.1058,0.0098,0.3372,0.7207,238
08104900,aifs,14,-0.1893,-0.2724,0.0125,0.4738,238
08109700,aifs,14,-0.1538,0.1292,0.2044,1.0234,222
08150800,aifs,14,-0.0074,-0.5686,-0.0201,0.3043,238
08155200,aifs,14,-0.5289,-0.8997,0.0476,2.5944,238
08158700,aifs,14,-5.0546,-8.8197,0.1143,10.7449,238
08158810,aifs,14,-0.0854,-0.1574,0.0473,1.0242,238
08164000,aifs,14,-1.5263,-0.0861,0.0785,1.4847,238
08164300,aifs,14,-0.2384,-0.1670,-0.0219,0.8208,235
08164600,aifs,14,-8.5412,-3.8596,0.0726,5.3761,238
08165300,aifs,14,-0.0093,-0.4593,-0.0774,0.7836,238
08171300,aifs,14,-17.1764,-29.5960,0.0263,31.5284,238
08175000,aifs,14,-1.0187,-0.1753,-0.0063,0.3930,238
08176900,aifs,14,-15.3688,-6.2299,0.1479,7.5946,238
08178880,aifs,14,-0.0646,-0.5285,0.0179,0.2047,238
08189500,aifs,14,-0.9600,0.0760,0.0897,0.8593,238
08190000,aifs,14,-0.0261,-0.4495,-0.0279,0.4935,238
08190500,aifs,14,0.2469,0.3702,0.5758,1.4340,232
08194200,aifs,14,-0.0140,-0.5425,0.0937,0.1543,238
08195000,aifs,14,-0.0131,-0.5002,0.0088,0.3803,238
08196000,aifs,14,0.0487,-0.0683,0.2258,1.0795,226
08198500,aifs,14,-0.0100,-0.5963,0.0258,0.1954,238
08200000,aifs,14,-0.0399,-0.5049,0.0536,0.2009,238
08202700,aifs,14,-0.0238,-0.6281,-0.0071,0.0802,237
08267500,aifs,14,-19.8583,-2.0329,0.6953,2.5911,238
08269000,aifs,14,-5.8336,-0.7748,0.6147,1.7935,238
08271000,aifs,14,-42.6244,-3.9990,0.7609,2.4501,238
08324000,aifs,14,-0.0265,0.5150,0.6755,1.1436,238
08377900,aifs,14,-5.4380,-0.7267,0.3432,1.3382,238
08378500,aifs,14,-6.4682,-1.0517,0.5947,1.3481,230
08380500,aifs,14,-2.9721,-0.2151,0.4104,1.6358,238
09034900,aifs,14,0.0064,0.1213,0.8813,1.6303,234
09035900,aifs,14,0.4848,0.6935,0.8176,1.1285,204
09047700,aifs,14,-5.7469,-1.1415,0.8553,1.4476,236
09065500,aifs,14,0.6367,0.5323,0.9444,1.2074,238
09066000,aifs,14,-1.3440,0.0408,0.5604,1.2291,238
09066200,aifs,14,0.6455,0.5384,0.9349,1.2869,238
09066300,aifs,14,-0.6468,-0.1079,0.7768,1.8651,238
09081600,aifs,14,-0.0240,0.5340,0.6148,1.1031,238
09107000,aifs,14,-1.8422,-0.2204,0.7069,1.3388,237
09210500,aifs,14,-1.4079,0.0959,0.7399,1.5466,211
09223000,aifs,14,-3.2710,-0.6452,0.8655,2.0310,177
09306242,aifs,14,-451.4239,-4.1206,0.8585,5.9665,236
09312600,aifs,14,-2.2574,-0.6601,0.4870,2.4293,238
09352900,aifs,14,-0.6089,0.2809,0.6026,1.2754,208
09378170,aifs,14,0.2566,0.2660,0.5425,1.3177,238
09378630,aifs,14,,,,,238
09386900,aifs,14,-8.3787,-1.4914,-0.0027,2.4199,238
09404450,aifs,14,0.6912,0.8243,0.8444,0.9435,238
09430500,aifs,14,-1.6117,0.0349,0.3338,0.3084,238
09430600,aifs,14,-2.1720,-0.1350,0.2667,0.5301,238
09447800,aifs,14,-2.3762,-0.6393,0.0617,2.0608,238
09480000,aifs,14,-0.2774,-2.2664,-0.0282,4.0485,238
09484000,aifs,14,-2.4199,-1.0083,0.0514,2.6837,213
09484600,aifs,14,-1.3131,-1.8586,-0.0162,3.6716,237
09492400,aifs,14,-0.5974,0.3382,0.6501,1.5107,236
09494000,aifs,14,-0.9085,0.2362,0.5063,1.1218,238
09497800,aifs,14,-0.1412,-0.6453,-0.2379,1.6229,238
09497980,aifs,14,-10.1080,-1.6398,0.1910,1.9299,210
09505200,aifs,14,-1.2114,0.0593,0.3026,1.4649,238
09505350,aifs,14,-1.1248,-0.2586,0.2831,1.9689,238
09505800,aifs,14,-3.2121,-0.3606,0.1308,1.5200,238
09508300,aifs,14,-43.4049,-5.4986,0.3124,3.7360,238
09510200,aifs,14,-529.3975,-23.6556,0.0166,12.3813,219
09512280,aifs,14,-45.4632,-8.9069,0.0066,9.0609,238
09513780,aifs,14,-949.0087,-34.2431,0.0846,20.4991,237
10023000,aifs,14,-15.4939,-0.7350,0.0521,2.2352,238
10166430,aifs,14,-13574.8284,-91.1344,0.5433,72.7977,238
10172700,aifs,14,-30.2683,-0.3031,0.6380,2.0297,238
10172800,aifs,14,-9.7886,-0.8783,0.7904,2.3502,238
10173450,aifs,14,-0.6717,0.3125,0.3666,1.0463,238
10205030,aifs,14,-206.0595,-10.2997,-0.0211,2.4100,238
10234500,aifs,14,-0.1242,-0.2699,-0.0474,0.8712,234
10242000,aifs,14,-31.0496,-3.8503,0.4102,4.5326,238
10244950,aifs,14,-38.3432,-1.5875,0.7070,1.5693,238
10249300,aifs,14,-46.5821,-4.6792,0.5034,4.3661,237
10258000,aifs,14,,,,,66
10258500,aifs,14,-0.6559,0.1866,0.1887,0.9455,238
10259000,aifs,14,0.6795,0.6691,0.8408,1.0762,238
10259200,aifs,14,-9.7549,-6.1734,0.5594,7.7424,238
10263500,aifs,14,0.4064,0.4852,0.9026,1.2066,238
10310500,aifs,14,-2.0065,0.0949,0.8524,1.8147,238
10316500,aifs,14,-0.2900,0.3444,0.6896,1.2262,238
10329500,aifs,14,0.5359,0.6412,0.8741,1.1503,238
10336645,aifs,14,0.3451,0.5901,0.6601,1.2126,224
10336660,aifs,14,0.3961,0.6639,0.6772,1.0533,238
10343500,aifs,14,0.5445,0.5110,0.7807,0.8103,238
10348850,aifs,14,-2.3340,0.0033,0.8040,1.7292,238
10396000,aifs,14,0.6814,0.7939,0.8492,1.1057,238
11098000,aifs,14,-0.0530,0.4135,0.4348,1.1356,238
11124500,aifs,14,-2.3143,-0.8318,0.8789,2.3382,238
11141280,aifs,14,0.0813,0.1108,0.3117,1.0152,238
11143000,aifs,14,0.2465,0.3573,0.5041,0.9893,238
11148900,aifs,14,0.0920,-0.1564,0.3484,0.4055,238
11151300,aifs,14,-0.0327,-0.2837,0.0267,0.7325,238
11162500,aifs,14,0.1070,-0.0224,0.4056,0.5462,238
11176400,aifs,14,-0.0857,-0.0259,0.1871,0.6020,144
11180500,aifs,14,-1.4714,-0.3405,0.2471,2.0053,238
11180960,aifs,14,-1.1997,-0.5149,0.2379,2.2805,238
11224500,aifs,14,-0.0242,-0.6479,-0.0023,0.1136,238
11253310,aifs,14,-0.0244,-0.4283,0.0883,0.3263,238
11264500,aifs,14,-1.0988,0.1502,0.1931,1.0767,238
11266500,aifs,14,-1.1712,0.1664,0.2838,1.1964,238
11274500,aifs,14,-0.2901,0.1263,0.1743,0.8819,238
11274630,aifs,14,-1.2794,0.1081,0.2273,1.2332,238
11284400,aifs,14,-0.0073,-0.2190,0.2310,0.2959,238
11299600,aifs,14,-0.0323,-0.0627,0.1870,0.6164,235
11381500,aifs,14,0.3774,0.2890,0.7167,0.9715,238
11383500,aifs,14,0.3946,0.3598,0.6602,1.0303,238
11451100,aifs,14,0.4090,0.3928,0.6614,0.9298,106
11468500,aifs,14,0.2868,0.1883,0.6349,0.8200,238
11473900,aifs,14,0.3741,0.2554,0.7618,0.8523,238
11475560,aifs,14,0.4079,0.3174,0.7057,0.8167,238
11476600,aifs,14,0.6419,0.5583,0.8387,1.0460,237
11478500,aifs,14,0.7067,0.5319,0.8786,1.2661,238
11480390,aifs,14,0.5205,0.3741,0.8497,0.8947,238
11481200,aifs,14,0.3969,0.5294,0.6472,1.2130,238
11482500,aifs,14,0.6510,0.5972,0.8267,1.3419,238
11522500,aifs,14,0.0342,0.3553,0.5739,1.4837,238
11523200,aifs,14,-0.5007,0.1424,0.5857,1.6826,238
11528700,aifs,14,0.4746,0.4266,0.7249,1.0701,238
11532500,aifs,14,0.5848,0.6485,0.7678,1.1480,238
12010000,aifs,14,-1.0915,0.1663,0.2517,0.8149,238
12013500,aifs,14,-1.5359,0.0933,0.2920,1.0414,238
12020000,aifs,14,-3.2128,-0.2783,0.1594,0.8991,238
12025000,aifs,14,-1.2965,0.1150,0.2816,1.2686,238
12025700,aifs,14,-1.4982,0.0897,0.2294,1.1095,238
12035000,aifs,14,-0.4389,0.4009,0.4939,0.9803,238
12040500,aifs,14,-0.9939,0.2269,0.3193,0.9813,238
12041200,aifs,14,-1.5192,0.0867,0.3810,0.9605,238
12043000,aifs,14,-0.4240,0.3949,0.4491,0.9204,238
12048000,aifs,14,-0.4482,0.3599,0.6820,1.3284,238
12054000,aifs,14,-0.9762,0.1741,0.5446,1.4034,238
12056500,aifs,14,-2.2320,-0.1202,0.3963,1.0930,238
12073500,aifs,14,-2.2532,-0.0786,0.3213,1.1770,237
12082500,aifs,14,-0.2765,0.2744,0.2919,1.1037,232
12092000,aifs,14,-0.4984,0.1863,0.1911,1.0363,238
12095000,aifs,14,-0.4664,0.3460,0.3703,1.1023,238
12114500,aifs,14,0.4027,0.4426,0.6390,1.0614,238
12115000,aifs,14,0.3740,0.4413,0.6127,1.0444,238
12115500,aifs,14,0.2459,0.3481,0.5054,0.9063,238
12117000,aifs,14,-0.0367,0.4795,0.4812,1.0418,238
12141300,aifs,14,0.0823,0.2408,0.3714,1.1225,238
12143600,aifs,14,0.1700,0.3153,0.4670,1.2259,234
12144000,aifs,14,0.2587,0.4431,0.5345,1.0305,237
12145500,aifs,14,-0.4273,0.3961,0.4478,1.0485,238
12147600,aifs,14,0.0102,0.2223,0.3199,0.9826,238
12167000,aifs,14,-0.4014,0.2784,0.3507,1.3122,238
12175500,aifs,14,-0.2169,0.4592,0.5039,1.1604,238
12186000,aifs,14,-0.1111,0.3226,0.3770,1.2134,235
12189500,aifs,14,-0.2504,0.3487,0.4324,1.3193,237
12358500,aifs,14,0.6121,0.8078,0.8204,1.0161,238
12377150,aifs,14,0.4826,0.7407,0.7478,0.9426,238
12381400,aifs,14,0.3857,0.5246,0.8662,1.2186,205
12390700,aifs,14,0.4143,0.6281,0.7049,1.1972,238
12411000,aifs,14,0.5934,0.6196,0.8616,1.3340,227
12414500,aifs,14,0.6472,0.7285,0.8086,0.9341,238
12447390,aifs,14,-0.1930,-0.2268,0.2268,0.3736,238
12451000,aifs,14,0.4219,0.6452,0.7998,1.2502,238
12488500,aifs,14,0.4800,0.6903,0.7648,1.2002,238
13011500,aifs,14,0.6152,0.4868,0.9343,1.4010,238
13011900,aifs,14,0.7982,0.7960,0.9308,1.0041,238
13018300,aifs,14,-0.5591,-0.0491,0.9370,1.5248,238
13023000,aifs,14,0.4449,0.7127,0.7833,0.9487,196
13161500,aifs,14,0.5214,0.6872,0.7485,0.8587,238
13235000,aifs,14,0.5817,0.6691,0.7769,0.8972,236
13240000,aifs,14,0.8009,0.8833,0.8964,0.9964,159
13310700,aifs,14,0.6042,0.5460,0.8819,0.6949,238
13313000,aifs,14,0.7092,0.5103,0.9520,0.6580,238
13331500,aifs,14,0.3329,0.4339,0.8935,1.2787,238
13337000,aifs,14,0.6467,0.7219,0.8286,0.8449,238
13338500,aifs,14,0.6262,0.7682,0.8492,1.1364,238
13340000,aifs,14,0.5046,0.6674,0.7539,0.8256,238
13340600,aifs,14,0.5752,0.6439,0.8484,0.7286,238
14020000,aifs,14,0.1569,0.0695,0.5056,0.6077,238
14092750,aifs,14,0.1565,0.4396,0.5004,0.8950,238
14096850,aifs,14,-7.9481,-1.2159,0.4202,0.5905,238
14137000,aifs,14,-0.0089,0.3155,0.3666,1.0407,233
14138800,aifs,14,-0.1691,0.1646,0.2281,0.9014,238
14138870,aifs,14,-0.2429,0.2915,0.3136,0.8629,238
14138900,aifs,14,-0.1551,0.1632,0.2289,0.9304,238
14139800,aifs,14,-0.1613,0.2902,0.3270,0.8449,236
14141500,aifs,14,-0.1416,0.3547,0.3675,0.9324,238
14154500,aifs,14,-0.2024,0.3932,0.5763,1.3322,238
14158500,aifs,14,0.7021,0.7453,0.8659,1.0951,223
14158790,aifs,14,0.1016,0.5025,0.5145,1.0689,234
14166500,aifs,14,0.1321,0.4041,0.4617,1.0272,238
14182500,aifs,14,-0.2270,0.3450,0.3484,0.9763,238
14185000,aifs,14,-0.5520,0.3249,0.4683,1.2550,238
14185900,aifs,14,-0.5193,0.3145,0.3640,1.1970,235
14187000,aifs,14,-0.4081,0.3400,0.5080,1.3249,237
14216500,aifs,14,0.0453,0.5321,0.5539,1.1324,235
14222500,aifs,14,-0.2362,0.3059,0.3166,1.0614,238
14236200,aifs,14,-0.6113,0.2719,0.2804,0.9952,237
14301000,aifs,14,-0.2277,0.3522,0.3543,0.9892,237
14303200,aifs,14,0.1059,0.3177,0.4114,0.9393,238
14305500,aifs,14,-0.0971,0.3853,0.3952,0.9594,236
14306340,aifs,14,0.2574,0.3938,0.5348,0.8110,238
14306500,aifs,14,0.2954,0.5790,0.6029,0.9726,238
14308990,aifs,14,0.4562,0.5161,0.6766,1.0417,238
14309500,aifs,14,0.2660,0.4064,0.5284,0.9546,238
14316700,aifs,14,-0.0828,0.4493,0.5575,1.2852,238
14325000,aifs,14,0.2720,0.5238,0.5723,0.9225,238
14362250,aifs,14,0.3116,0.2068,0.6579,0.5698,148
14400000,aifs,14,0.4746,0.6789,0.7097,0.9368,238
