gauge_id,model,lead,nse,kge,corr,bias,n_days,rmse
01013500,ifs,1,0.5731,0.7210,0.7773,1.1564,239,3.6113
01022500,ifs,1,0.5754,0.6876,0.7608,1.0677,239,4.1099
01030500,ifs,1,0.6366,0.7423,0.7991,0.9717,239,3.2704
01031500,ifs,1,0.5243,0.6932,0.7350,1.0614,239,3.9357
01047000,ifs,1,0.5077,0.6870,0.7305,1.1095,239,4.3094
01052500,ifs,1,0.3002,0.5423,0.6279,1.2498,239,4.6853
01054200,ifs,1,0.5751,0.6956,0.7605,1.0361,239,4.7236
01055000,ifs,1,0.4274,0.6735,0.6894,1.0395,239,4.3617
01057000,ifs,1,0.3844,0.5644,0.6364,0.9170,239,4.7643
01073000,ifs,1,0.2224,0.5655,0.5770,1.0386,239,5.3492
01078000,ifs,1,0.4443,0.6875,0.7028,1.0599,239,4.6836
01118300,ifs,1,0.3952,0.5253,0.6362,0.8731,239,8.9847
01121000,ifs,1,0.4747,0.7085,0.7210,0.9495,239,5.9839
01123000,ifs,1,0.3853,0.6002,0.6543,0.8644,239,6.8061
01134500,ifs,1,0.5514,0.6611,0.7435,1.0132,239,4.3788
01137500,ifs,1,0.4978,0.6224,0.7151,1.1524,239,4.6596
01139000,ifs,1,0.5290,0.6487,0.7340,1.1340,239,4.2490
01139800,ifs,1,0.3575,0.5383,0.6140,0.9502,239,5.5476
01142500,ifs,1,0.4556,0.6553,0.7193,1.1934,239,4.2545
01144000,ifs,1,0.5257,0.6878,0.7329,1.0179,239,4.2750
01169000,ifs,1,0.6709,0.8069,0.8324,1.0926,239,3.9880
01170100,ifs,1,0.6886,0.7960,0.8460,1.1338,239,3.7821
01181000,ifs,1,0.2720,0.6216,0.7379,1.0879,239,6.4548
01187300,ifs,1,-0.1789,0.2635,0.7325,1.3974,239,7.1844
01195100,ifs,1,0.3866,0.6208,0.6652,0.8565,239,7.5314
01333000,ifs,1,0.3081,0.6097,0.6996,1.2218,239,5.8057
01350000,ifs,1,-0.0041,0.4203,0.4344,0.9870,239,10.1297
01350080,ifs,1,-0.2096,0.4368,0.4627,1.1265,239,8.6853
01350140,ifs,1,0.4424,0.6085,0.6745,0.9653,239,5.5891
01365000,ifs,1,0.4107,0.6434,0.6739,1.0799,239,6.4583
01411300,ifs,1,0.3857,0.3626,0.6327,0.7512,239,8.4622
01413500,ifs,1,0.4983,0.4585,0.7265,0.8093,239,6.7662
01414500,ifs,1,0.4529,0.5075,0.6745,0.9301,239,7.5237
01415000,ifs,1,0.7127,0.6831,0.8543,0.9314,239,4.2160
01423000,ifs,1,0.6730,0.6998,0.8229,0.9397,239,4.4483
01434025,ifs,1,0.4233,0.4994,0.6524,0.8771,239,8.1446
01435000,ifs,1,0.4318,0.5444,0.6592,0.9334,239,7.6125
01439500,ifs,1,0.5076,0.6418,0.7209,0.8736,239,5.3504
01440000,ifs,1,0.4432,0.6506,0.6909,0.9009,239,6.0228
01440400,ifs,1,0.5322,0.5447,0.7386,0.7606,239,5.7624
01451800,ifs,1,0.6287,0.7870,0.8019,0.9942,239,4.1658
01466500,ifs,1,0.4483,0.6145,0.6848,0.8736,239,5.3401
01484100,ifs,1,0.3823,0.5711,0.6345,0.9784,239,6.1236
01485500,ifs,1,0.2940,0.4579,0.5611,0.8936,239,7.8996
01486000,ifs,1,0.2806,0.4122,0.5431,0.8684,239,8.1928
01487000,ifs,1,0.1028,0.4279,0.4643,0.9814,239,7.8137
01491000,ifs,1,0.4173,0.6699,0.6840,1.0279,239,4.7307
01510000,ifs,1,0.6562,0.7187,0.8105,0.9590,239,4.2713
01516500,ifs,1,0.2778,0.6462,0.6482,0.9726,239,4.9254
01518862,ifs,1,0.4011,0.6381,0.6676,0.9299,239,4.7329
01532000,ifs,1,0.2701,0.5477,0.5794,0.9772,239,5.9561
01539000,ifs,1,0.2032,0.5844,0.5864,1.0127,239,6.4755
01542810,ifs,1,0.2943,0.6402,0.6408,0.9906,239,5.5389
01543000,ifs,1,0.3111,0.6671,0.6697,1.0103,239,5.2778
01543500,ifs,1,0.4641,0.6883,0.7105,0.9294,239,5.0088
01544500,ifs,1,0.4275,0.6866,0.7004,0.9238,239,4.7834
01545600,ifs,1,0.4229,0.6793,0.6920,0.9479,239,4.9137
01547700,ifs,1,0.1905,0.2480,0.4490,0.8028,239,9.6651
01548500,ifs,1,0.3508,0.6592,0.6698,0.9179,239,4.7567
01549500,ifs,1,0.4092,0.6144,0.6622,0.9254,239,5.0510
01550000,ifs,1,0.2840,0.5429,0.5828,0.9576,239,6.1988
01552000,ifs,1,0.2764,0.4557,0.5519,0.8880,239,7.1126
01552500,ifs,1,0.3348,0.6011,0.6258,0.9776,239,5.7177
01557500,ifs,1,0.4304,0.4936,0.6633,0.7932,239,7.1310
01567500,ifs,1,0.4590,0.5828,0.6850,0.8596,239,5.7354
01568000,ifs,1,0.5079,0.6495,0.7233,0.8688,239,4.8404
01580000,ifs,1,0.5202,0.7627,0.7633,1.0115,239,4.3142
01583500,ifs,1,0.4245,0.7159,0.7320,1.0692,239,4.6933
01586610,ifs,1,0.4066,0.7044,0.7060,1.0292,239,4.8228
01591400,ifs,1,0.3440,0.4831,0.6114,0.7676,239,6.5886
01596500,ifs,1,0.2432,0.4332,0.5245,0.9278,239,6.3686
01605500,ifs,1,0.4924,0.6346,0.7069,0.9455,239,4.7524
01606500,ifs,1,0.5500,0.6854,0.7458,0.9525,239,4.1574
01613050,ifs,1,0.3308,0.6343,0.6429,0.9644,239,5.4120
01620500,ifs,1,0.4866,0.6517,0.7235,1.1859,239,4.0582
01632000,ifs,1,0.5321,0.5901,0.7369,0.8033,239,4.8213
01632900,ifs,1,0.2257,0.4869,0.5424,0.8845,239,6.0492
01634500,ifs,1,0.4085,0.5948,0.6570,0.9110,239,5.3388
01638480,ifs,1,0.3674,0.6026,0.6436,0.9000,239,5.4744
01639500,ifs,1,0.4558,0.7222,0.7234,1.0195,239,4.5398
01644000,ifs,1,0.5678,0.7430,0.7690,0.9230,239,4.2253
01658500,ifs,1,0.2596,0.4719,0.5607,0.8081,239,6.2472
01664000,ifs,1,0.5126,0.6417,0.7242,0.8702,239,4.7717
01666500,ifs,1,0.3666,0.6452,0.6566,1.0017,239,5.4662
01667500,ifs,1,0.4473,0.6282,0.6844,0.9137,239,4.8743
01669000,ifs,1,0.3209,0.4967,0.5835,0.9489,239,6.6960
01669520,ifs,1,0.4087,0.5300,0.6425,0.9351,239,6.2051
02011400,ifs,1,0.4832,0.7054,0.7208,1.0305,239,4.2936
02011460,ifs,1,0.4077,0.6544,0.6770,1.0706,239,4.8916
02013000,ifs,1,0.3672,0.5788,0.6325,0.9216,239,5.0047
02014000,ifs,1,0.3821,0.6480,0.6624,0.9933,239,4.4250
02015700,ifs,1,0.5045,0.6773,0.7318,1.1470,239,4.3393
02016000,ifs,1,0.5499,0.7401,0.7676,1.1090,239,3.6331
02017500,ifs,1,0.2517,0.6182,0.6312,1.0984,239,4.3089
02018000,ifs,1,0.2929,0.6411,0.6722,1.1310,239,4.0039
02027000,ifs,1,0.3052,0.5296,0.6990,1.3474,239,4.3578
02027500,ifs,1,0.3069,0.5582,0.6851,1.3027,239,4.5175
02028500,ifs,1,0.3666,0.6396,0.6540,1.0211,239,4.5208
02038850,ifs,1,0.2858,0.6045,0.6150,0.9609,239,5.0044
02046000,ifs,1,0.3788,0.6107,0.6465,0.9543,239,5.4193
02051000,ifs,1,0.1592,0.4815,0.5136,0.9269,239,6.7357
02051500,ifs,1,0.1999,0.5672,0.5732,1.0221,239,5.9381
02053200,ifs,1,0.5533,0.7159,0.7523,1.0303,239,4.8682
02053800,ifs,1,0.3482,0.6409,0.6517,0.9519,239,4.3233
02055100,ifs,1,0.0002,0.3900,0.5638,1.4142,239,4.7941
02056900,ifs,1,0.3299,0.6090,0.6285,0.9660,239,4.8632
02059500,ifs,1,0.4008,0.6982,0.7197,1.0950,239,3.6095
02064000,ifs,1,0.4808,0.7131,0.7494,1.1370,239,3.5848
02065500,ifs,1,0.2981,0.6298,0.6594,1.1430,239,4.4272
02069700,ifs,1,0.5309,0.6428,0.7315,0.9092,239,4.8397
02070000,ifs,1,0.5255,0.5801,0.7280,0.8474,239,4.8104
02074500,ifs,1,0.4846,0.5733,0.6962,1.0176,239,5.3496
02077200,ifs,1,-0.0591,0.5031,0.6024,1.1651,239,5.7019
02081500,ifs,1,0.3297,0.6517,0.6748,1.1221,239,5.2019
02082950,ifs,1,0.2539,0.4957,0.6922,1.3731,239,4.7148
02092500,ifs,1,0.2032,0.5980,0.6116,1.1011,239,5.6026
02096846,ifs,1,0.2800,0.4264,0.5447,0.8898,239,7.6473
02102908,ifs,1,0.5407,0.5547,0.7406,0.7847,239,5.6216
02108000,ifs,1,0.2898,0.6262,0.6292,1.0165,239,5.4562
02111180,ifs,1,0.4994,0.5428,0.7116,0.8252,239,5.2752
02111500,ifs,1,0.4930,0.5929,0.7094,0.8258,239,5.2123
02118500,ifs,1,0.3975,0.6610,0.6819,0.9006,239,4.8485
02128000,ifs,1,0.2449,0.6308,0.6356,0.9513,239,5.7375
02137727,ifs,1,0.5176,0.5457,0.7245,0.8567,239,5.8076
02140991,ifs,1,0.5486,0.6029,0.7443,0.8466,239,4.8314
02143000,ifs,1,0.5335,0.6480,0.7362,0.8694,239,4.8276
02143040,ifs,1,0.4442,0.6293,0.6891,0.8628,239,5.2323
02149000,ifs,1,0.4691,0.3849,0.7153,0.6947,239,7.2898
02152100,ifs,1,0.4173,0.6710,0.6918,0.9044,239,5.1243
02177000,ifs,1,0.4248,0.5241,0.6554,0.8756,239,6.8199
02178400,ifs,1,0.3342,0.5477,0.6081,0.9128,239,6.2183
02193340,ifs,1,0.2047,0.4683,0.5192,1.0157,239,6.4842
02196000,ifs,1,0.3404,0.4258,0.5894,0.8279,239,6.4730
02198100,ifs,1,0.2990,0.3017,0.5568,0.7349,239,8.7597
02202600,ifs,1,-0.1512,0.3763,0.3808,1.0015,239,6.4426
02212600,ifs,1,0.2895,0.4567,0.5614,0.8614,239,7.2004
02215100,ifs,1,0.1347,0.2798,0.4225,0.8076,239,7.8752
02216180,ifs,1,0.2339,0.2068,0.4987,0.6878,239,8.7276
02221525,ifs,1,0.3768,0.5425,0.6294,0.8830,239,6.0019
02231000,ifs,1,0.5401,0.5607,0.7436,0.8267,239,4.5453
02231342,ifs,1,-0.0438,0.4424,0.4540,1.1016,239,6.9018
02235200,ifs,1,-0.1965,0.4431,0.4502,1.0338,239,7.5937
02245500,ifs,1,0.2100,0.4574,0.5166,1.0267,239,5.6657
02246000,ifs,1,0.3749,0.6181,0.6475,0.9655,239,4.6403
02296500,ifs,1,0.3464,0.5649,0.6160,0.9721,239,4.9299
02297155,ifs,1,0.2260,0.3292,0.4899,0.8625,239,7.3095
02297310,ifs,1,0.3128,0.3892,0.5698,0.8150,239,6.4844
02298123,ifs,1,0.1416,0.3185,0.4305,0.9170,239,6.6471
02298608,ifs,1,0.1587,0.2198,0.4314,0.7465,239,7.7573
02299950,ifs,1,0.1635,0.2725,0.4365,0.8230,239,7.2001
02300700,ifs,1,0.1662,0.1845,0.4226,0.7657,239,8.5425
02310947,ifs,1,0.2470,0.3689,0.5089,0.9219,239,6.6887
02312200,ifs,1,0.3041,0.3518,0.5532,0.8981,239,7.5849
02314500,ifs,1,0.3820,0.4188,0.6271,0.7903,239,6.0868
02315500,ifs,1,0.4699,0.4828,0.6981,0.7844,239,5.1491
02324400,ifs,1,0.3113,0.3751,0.5653,0.8007,239,8.6642
02327100,ifs,1,0.2727,0.3551,0.5404,0.7629,239,7.5507
02349900,ifs,1,0.1228,0.2251,0.4028,0.7538,239,8.8536
02350900,ifs,1,0.3756,0.4444,0.6224,0.7877,239,5.8827
02361000,ifs,1,0.4817,0.6225,0.7009,0.9100,239,5.1226
02363000,ifs,1,0.5068,0.5705,0.7145,0.8677,239,5.5203
02369800,ifs,1,0.4816,0.3815,0.7337,0.7017,239,9.2948
02371500,ifs,1,0.4598,0.4934,0.6823,0.8869,239,6.8587
02372250,ifs,1,0.4487,0.5154,0.6726,0.8587,239,6.7801
02374500,ifs,1,0.2926,0.4306,0.5642,0.7920,239,8.4290
02381600,ifs,1,0.2298,0.4586,0.5288,0.9102,239,8.8372
02384540,ifs,1,0.3640,0.5068,0.6140,0.8849,239,6.9947
02395120,ifs,1,0.3207,0.5413,0.5967,1.0332,239,6.1784
02408540,ifs,1,0.2792,0.5818,0.6029,0.9262,239,8.0364
02415000,ifs,1,0.2050,0.4582,0.5316,0.8164,239,9.0860
02422500,ifs,1,0.4635,0.7290,0.7465,1.0810,239,6.4101
02427250,ifs,1,0.2709,0.5738,0.5925,0.9856,239,6.5502
02430085,ifs,1,0.3952,0.5703,0.6425,0.9294,239,6.7120
02450250,ifs,1,0.3642,0.3915,0.6142,0.7384,239,7.7011
02464000,ifs,1,0.3451,0.4172,0.5910,0.8395,239,9.0947
02465493,ifs,1,0.4404,0.7042,0.7218,1.1005,239,6.3874
02469800,ifs,1,0.3749,0.6054,0.6422,0.9747,239,7.1645
02472000,ifs,1,0.5292,0.7413,0.7503,1.0139,239,7.1765
02472500,ifs,1,0.4451,0.6616,0.6931,0.9263,239,8.4994
02479155,ifs,1,0.4344,0.4719,0.6626,0.8791,239,9.9265
02479300,ifs,1,0.3742,0.2969,0.6467,0.7159,239,13.8559
02481000,ifs,1,0.3110,0.1682,0.6336,0.6075,239,17.4677
02481510,ifs,1,0.3922,0.2739,0.6795,0.6351,239,13.4875
03010655,ifs,1,0.4349,0.6410,0.6796,0.9625,239,4.9692
03011800,ifs,1,0.3656,0.5829,0.6307,0.9660,239,6.1599
03015500,ifs,1,0.2724,0.6312,0.6782,1.1480,239,5.4981
03021350,ifs,1,0.3365,0.6286,0.6494,1.1043,239,6.1170
03026500,ifs,1,0.3945,0.6111,0.6531,0.9543,239,5.6535
03028000,ifs,1,0.3730,0.6313,0.6517,1.0082,239,5.9467
03049800,ifs,1,0.4742,0.6172,0.6936,0.9574,239,6.4201
03050000,ifs,1,0.4237,0.5328,0.6529,0.9368,239,7.0036
03066000,ifs,1,0.3934,0.5404,0.6340,0.9626,239,6.3968
03069500,ifs,1,0.4407,0.5988,0.6712,0.9945,239,5.7717
03070500,ifs,1,0.2434,0.5908,0.6037,1.0876,239,6.6431
03076600,ifs,1,0.2286,0.3451,0.4981,0.8354,239,7.8905
03078000,ifs,1,0.2124,0.3449,0.4809,0.9059,239,7.8693
03140000,ifs,1,0.2598,0.5125,0.5602,0.9668,239,6.1201
03144000,ifs,1,0.2429,0.3601,0.5174,0.7887,239,7.5967
03159540,ifs,1,0.1317,0.3982,0.4653,0.8797,239,8.6615
03161000,ifs,1,0.3687,0.5462,0.6236,0.9190,239,5.4087
03164000,ifs,1,0.4301,0.6510,0.6836,0.9265,239,4.5037
03165000,ifs,1,0.5314,0.6541,0.7347,0.8858,239,4.8760
03170000,ifs,1,0.3175,0.6019,0.6240,0.9294,239,4.6125
03173000,ifs,1,0.3093,0.6284,0.6341,0.9785,239,4.1372
03180500,ifs,1,0.4720,0.6414,0.6970,1.0406,239,4.9452
03182500,ifs,1,0.4330,0.6630,0.6870,1.0435,239,4.6668
03186500,ifs,1,0.4115,0.6216,0.6626,0.9920,239,5.6893
03187500,ifs,1,0.4307,0.6295,0.6735,0.9985,239,5.5358
03213700,ifs,1,0.4379,0.6476,0.6847,1.0657,239,5.2916
03237280,ifs,1,0.2916,0.5260,0.5790,0.9543,239,6.5545
03237500,ifs,1,0.2277,0.5198,0.5516,0.9957,239,6.9150
03241500,ifs,1,0.2112,0.3785,0.4953,0.8515,239,8.8486
03280700,ifs,1,0.3215,0.5618,0.6046,1.0323,239,5.9589
03281100,ifs,1,0.1179,0.5324,0.5440,1.0968,239,6.5081
03281500,ifs,1,0.3497,0.6366,0.6578,1.1069,239,5.4067
03285000,ifs,1,0.4149,0.5885,0.6561,0.9506,239,6.8526
03291780,ifs,1,0.2331,0.3465,0.5008,0.8271,239,9.0296
03300400,ifs,1,0.3704,0.5962,0.6384,0.9433,239,7.6624
03340800,ifs,1,0.2475,0.4239,0.5256,0.8960,239,8.9835
03346000,ifs,1,0.3913,0.6150,0.6519,0.9992,239,6.8187
03364500,ifs,1,0.3272,0.3436,0.5785,0.7842,239,10.8445
03366500,ifs,1,0.1834,0.3533,0.4708,0.8548,239,9.1491
03368000,ifs,1,0.2237,0.2400,0.4905,0.6855,239,11.4880
03384450,ifs,1,0.1906,0.4222,0.4960,0.9187,239,8.5549
03439000,ifs,1,0.3622,0.4827,0.6155,0.8180,239,6.3599
03450000,ifs,1,0.2916,0.5344,0.5942,0.8475,239,5.5201
03455500,ifs,1,0.4243,0.5059,0.6652,0.7752,239,5.4814
03456500,ifs,1,0.3820,0.5753,0.6489,0.8371,239,5.3206
03460000,ifs,1,0.2439,0.5024,0.5532,0.9149,239,6.2518
03463300,ifs,1,0.5020,0.6072,0.7127,0.8831,239,5.6326
03471500,ifs,1,0.3106,0.6155,0.6265,1.0245,239,5.0573
03473000,ifs,1,0.2977,0.6117,0.6207,1.0010,239,5.2829
03479000,ifs,1,0.3795,0.6276,0.6530,0.9667,239,4.7304
03488000,ifs,1,0.4054,0.5905,0.6510,0.9803,239,4.7664
03498500,ifs,1,0.2357,0.5415,0.5653,0.9872,239,6.7107
03500000,ifs,1,0.3406,0.5542,0.6107,0.9490,239,6.0061
03504000,ifs,1,0.3197,0.4343,0.5845,0.7841,239,7.2078
03574500,ifs,1,0.4799,0.5193,0.6972,0.8301,239,6.7004
03604000,ifs,1,0.3608,0.3444,0.6187,0.6736,239,7.7862
04015330,ifs,1,0.0657,0.4057,0.4407,0.9912,239,6.3023
04024430,ifs,1,-0.1925,0.4355,0.4639,1.1461,239,5.4945
04027000,ifs,1,0.0504,0.3877,0.5995,1.4459,239,4.4242
04040500,ifs,1,0.2322,0.5376,0.5714,1.1189,239,4.6699
04043050,ifs,1,0.0281,0.5086,0.5170,1.0899,239,4.8034
04045500,ifs,1,0.1088,0.5243,0.5753,1.2110,239,4.8213
04056500,ifs,1,0.1499,0.5467,0.5956,1.2012,239,4.3930
04057510,ifs,1,0.1633,0.5408,0.5675,1.1492,239,5.1137
04057800,ifs,1,0.2654,0.5655,0.5997,1.1362,239,4.6195
04059500,ifs,1,-0.1528,0.4433,0.5514,1.2475,239,5.5743
04063700,ifs,1,0.3850,0.5223,0.7323,1.3859,239,3.7382
04074950,ifs,1,-0.0004,0.4839,0.5774,1.2593,239,5.2662
04105700,ifs,1,0.3221,0.3793,0.5724,0.8304,239,5.9342
04115265,ifs,1,0.1000,0.3745,0.4354,0.9581,239,6.8202
04122200,ifs,1,0.1177,0.5398,0.5759,1.1757,239,6.7679
04122500,ifs,1,0.3558,0.6443,0.7016,1.1834,239,5.4414
04124000,ifs,1,0.4467,0.5747,0.6748,0.8835,239,6.4101
04127997,ifs,1,0.4250,0.5776,0.6651,0.8644,239,5.8826
04185000,ifs,1,0.3894,0.5357,0.6367,0.8659,239,5.1398
04196800,ifs,1,0.4067,0.6221,0.6612,0.9721,239,5.4431
04197100,ifs,1,0.3674,0.4987,0.6109,0.9677,239,6.2896
04197170,ifs,1,0.4160,0.5850,0.6555,1.0365,239,5.4689
04213000,ifs,1,0.2534,0.6079,0.6353,1.1431,239,5.5319
04213075,ifs,1,0.1537,0.5057,0.5775,1.2559,239,6.6223
04216418,ifs,1,0.5510,0.7201,0.7517,0.9972,239,4.9670
04221000,ifs,1,0.4541,0.6565,0.6919,0.9905,239,4.5800
04224775,ifs,1,0.3348,0.5844,0.6285,1.1288,239,5.6177
04256000,ifs,1,0.2855,0.6250,0.7019,1.1755,239,5.0500
04296000,ifs,1,0.5896,0.6934,0.7715,1.1052,239,4.0000
05057000,ifs,1,0.3462,0.5752,0.7159,1.2967,239,3.0211
05057200,ifs,1,-0.5704,0.2587,0.4744,1.3840,239,4.3176
05062500,ifs,1,-0.1936,0.3565,0.4558,1.3350,239,4.8093
05087500,ifs,1,0.5646,0.6540,0.7515,0.9850,239,3.5103
05120500,ifs,1,0.2080,0.5142,0.6399,1.3172,239,3.5802
05123400,ifs,1,0.2587,0.6172,0.6502,1.1465,239,4.3303
05129115,ifs,1,0.0081,0.4271,0.5042,1.2867,239,4.4041
05131500,ifs,1,0.0858,0.4965,0.5636,1.2489,239,3.9738
05291000,ifs,1,0.3452,0.4612,0.5907,1.0387,239,5.5552
05362000,ifs,1,0.2426,0.5244,0.6657,1.3250,239,4.4776
05393500,ifs,1,0.1576,0.4988,0.5601,1.2335,239,5.1716
05399500,ifs,1,0.2107,0.5683,0.5796,1.0710,239,6.3045
05408000,ifs,1,0.2174,0.4898,0.5354,0.9410,239,7.9637
05412500,ifs,1,0.3103,0.6550,0.6766,1.1053,239,6.2844
05413500,ifs,1,0.3517,0.6648,0.6772,1.0903,239,6.9412
05414000,ifs,1,0.2954,0.6278,0.6508,1.1288,239,7.0905
05444000,ifs,1,0.1863,0.5443,0.6601,1.2647,239,6.5242
05454000,ifs,1,0.2899,0.5460,0.5899,0.9084,239,7.2910
05458000,ifs,1,0.2365,0.5605,0.5768,0.9649,239,6.8981
05466500,ifs,1,0.4341,0.5223,0.6658,0.8016,239,7.9399
05487980,ifs,1,-0.0227,0.3996,0.4233,0.8938,239,9.0987
05488200,ifs,1,0.1300,0.3967,0.4608,0.9067,239,10.1823
05489000,ifs,1,0.0704,0.3816,0.4421,0.8343,239,9.7523
05495000,ifs,1,0.0006,0.5112,0.5118,0.9924,239,7.3837
05495500,ifs,1,0.2911,0.4381,0.5618,0.8150,239,7.4626
05501000,ifs,1,0.1742,0.3659,0.4664,0.9016,239,9.1295
05503800,ifs,1,0.3355,0.5477,0.6051,1.0126,239,6.4358
05507600,ifs,1,0.0322,0.5247,0.5599,1.1575,239,6.4755
05508805,ifs,1,0.2756,0.6368,0.6540,1.1024,239,5.5127
05514500,ifs,1,0.1252,0.5666,0.5693,1.0462,239,6.6444
05525500,ifs,1,0.3383,0.5689,0.6164,0.9247,239,6.6372
05556500,ifs,1,0.2960,0.6434,0.6437,0.9975,239,7.5618
05584500,ifs,1,0.1893,0.3037,0.4631,0.7963,239,10.2449
05585000,ifs,1,0.2117,0.3500,0.4882,0.8245,239,9.2327
05591550,ifs,1,0.2839,0.5737,0.5962,0.9909,239,7.7056
05592050,ifs,1,0.2837,0.6013,0.6208,1.1059,239,6.4497
05592575,ifs,1,0.4558,0.5474,0.6801,0.8351,239,7.1673
05593575,ifs,1,0.0941,0.4924,0.5024,0.9875,239,7.8396
05593900,ifs,1,0.0893,0.5055,0.5118,1.0286,239,8.4095
05595730,ifs,1,0.0807,0.5019,0.5073,1.0086,239,7.5108
06037500,ifs,1,0.7715,0.7642,0.8819,0.9146,239,1.8657
06043500,ifs,1,0.8202,0.8916,0.9065,0.9960,239,1.6125
06154410,ifs,1,0.2570,0.4835,0.5477,1.0439,239,4.1833
06188000,ifs,1,0.7030,0.7870,0.8548,1.1557,239,1.6418
06191500,ifs,1,0.8160,0.8655,0.9044,1.0631,239,1.3094
06221400,ifs,1,0.2705,0.3580,0.7959,1.5047,239,2.5019
06224000,ifs,1,0.4028,0.4847,0.7764,1.4302,239,2.3928
06289000,ifs,1,0.2578,0.3384,0.7540,1.5686,239,2.4608
06332515,ifs,1,-0.5108,0.2825,0.4072,1.3376,239,4.0583
06339100,ifs,1,0.1688,0.4589,0.6867,1.3827,239,2.3874
06339500,ifs,1,0.4769,0.6119,0.7717,1.2979,239,2.2464
06344600,ifs,1,0.4003,0.6295,0.6797,1.1692,239,2.6698
06350000,ifs,1,0.3112,0.5898,0.7044,1.2568,239,2.4082
06352000,ifs,1,0.3940,0.5987,0.7695,1.2597,239,1.9407
06353000,ifs,1,0.3819,0.5881,0.7627,1.2743,239,2.1027
06354000,ifs,1,0.3958,0.6464,0.7282,1.2095,239,2.2645
06360500,ifs,1,0.2742,0.5881,0.7137,1.2277,239,2.1581
06404000,ifs,1,0.0286,0.4822,0.5536,1.2529,239,3.2925
06406000,ifs,1,0.0364,0.4964,0.5572,1.2290,239,3.0036
06408700,ifs,1,-0.1300,0.4206,0.5412,1.3087,239,3.0881
06409000,ifs,1,-0.3162,0.3468,0.5514,1.3508,239,3.2837
06431500,ifs,1,0.0498,0.4758,0.5418,1.2538,239,3.1634
06440200,ifs,1,0.3071,0.4918,0.5743,0.9643,239,3.5483
06441500,ifs,1,0.1355,0.5792,0.5854,1.0598,239,3.2497
06447000,ifs,1,0.3029,0.4641,0.5654,0.9376,239,2.8395
06447500,ifs,1,0.0684,0.3883,0.4316,1.0210,239,3.8364
06450500,ifs,1,0.1006,0.3922,0.4473,0.9166,239,4.3743
06452000,ifs,1,0.2785,0.5086,0.5665,0.9614,239,3.0877
06453600,ifs,1,-0.0520,0.3885,0.4034,1.0152,239,5.5182
06464500,ifs,1,0.2113,0.3801,0.4942,0.8602,239,5.4945
06477500,ifs,1,-0.1411,0.3736,0.4218,1.2400,239,5.3470
06479215,ifs,1,0.2911,0.4256,0.5483,1.0150,239,5.9079
06479438,ifs,1,0.1317,0.3450,0.4349,1.0589,239,6.0722
06601000,ifs,1,0.1028,0.3658,0.4325,0.9456,239,7.0995
06614800,ifs,1,0.6479,0.6303,0.8157,0.9310,239,3.1917
06622700,ifs,1,0.5548,0.7347,0.7582,1.0391,239,2.3811
06623800,ifs,1,0.5737,0.7170,0.7821,1.1760,239,2.5035
06632400,ifs,1,0.5761,0.7240,0.7891,1.1778,239,2.5281
06784000,ifs,1,0.1254,0.5944,0.6386,1.0723,239,5.1367
06803510,ifs,1,-0.2262,0.1249,0.1843,0.9182,239,9.1449
06803530,ifs,1,-0.2709,0.2328,0.2522,1.0230,239,7.9894
06814000,ifs,1,-0.2891,0.3117,0.3369,1.1817,239,8.6657
06846500,ifs,1,0.3809,0.4747,0.6298,0.7582,239,3.2830
06847900,ifs,1,-0.1516,0.3891,0.3917,1.0118,239,5.4486
06853800,ifs,1,-0.3637,0.2908,0.2931,1.0440,239,6.2871
06876700,ifs,1,-0.0383,0.1881,0.3009,0.7748,239,10.1291
06878000,ifs,1,0.0098,0.3988,0.4227,1.0213,239,7.9844
06879650,ifs,1,-0.0228,0.2548,0.3572,0.7346,239,9.7486
06885500,ifs,1,-0.0115,0.3586,0.3929,0.9472,239,8.8905
06888500,ifs,1,0.0615,0.2418,0.3724,0.7739,239,9.7304
06889200,ifs,1,0.0066,0.4092,0.4286,0.9986,239,9.0394
06889500,ifs,1,-0.0008,0.3951,0.4179,0.9813,239,8.7671
06892000,ifs,1,-0.0283,0.4011,0.4177,0.9538,239,9.4152
06903400,ifs,1,-0.1731,0.2775,0.3149,0.8421,239,10.2583
06906800,ifs,1,0.3730,0.4307,0.6242,0.7208,239,8.6974
06910800,ifs,1,0.2058,0.2594,0.4720,0.7262,239,8.5036
06911900,ifs,1,0.2108,0.2458,0.4768,0.6985,239,8.9531
06917000,ifs,1,0.4195,0.4370,0.6583,0.6940,239,8.3666
06918460,ifs,1,0.2825,0.3323,0.5440,0.7272,239,8.4840
06919500,ifs,1,0.2540,0.5189,0.5726,0.8502,239,8.2252
06921070,ifs,1,0.2454,0.2106,0.5185,0.6107,239,9.9140
06921200,ifs,1,0.2505,0.2574,0.5132,0.6895,239,10.4902
06934000,ifs,1,0.0971,0.2418,0.3932,0.7630,239,8.2576
07014500,ifs,1,0.1371,0.1260,0.3955,0.6660,239,10.8025
07056000,ifs,1,0.0298,0.2764,0.3701,0.8235,239,8.7943
07057500,ifs,1,0.0387,0.3123,0.3905,0.8443,239,8.1929
07060710,ifs,1,0.2027,0.2969,0.4695,0.7994,239,8.4085
07066000,ifs,1,0.0999,0.3584,0.4342,0.8682,239,7.8824
07067000,ifs,1,0.0656,0.3934,0.4388,0.9004,239,7.1040
07068000,ifs,1,0.0473,0.4263,0.4510,0.9392,239,6.7394
07071500,ifs,1,0.0297,0.4013,0.4312,0.9335,239,7.3164
07083000,ifs,1,0.4531,0.6132,0.7427,1.2876,239,2.1389
07142300,ifs,1,0.1052,0.0853,0.3619,0.6108,239,4.9556
07145700,ifs,1,0.0721,0.0213,0.3156,0.5750,239,11.2001
07148400,ifs,1,0.0209,0.3044,0.3896,0.7866,239,4.4137
07149000,ifs,1,0.0164,0.2944,0.3839,0.7784,239,4.1950
07151500,ifs,1,0.1320,0.1736,0.3987,0.6756,239,7.3309
07167500,ifs,1,0.0264,0.3263,0.4014,0.8026,239,7.7926
07180500,ifs,1,0.1874,0.3329,0.4760,0.7686,239,7.2602
07184000,ifs,1,0.3005,0.3901,0.5556,0.8127,239,10.8988
07195800,ifs,1,0.2591,0.3646,0.5195,0.8503,239,9.4727
07196900,ifs,1,0.1513,0.3236,0.4445,0.8327,239,8.9873
07197000,ifs,1,0.1746,0.3738,0.4772,0.8309,239,8.5341
07208500,ifs,1,0.6293,0.6826,0.7961,1.1520,239,1.5833
07226500,ifs,1,0.2687,0.4551,0.5452,0.9170,239,2.1054
07261000,ifs,1,0.3425,0.4679,0.5967,0.8360,239,7.0046
07263295,ifs,1,0.3951,0.5528,0.6384,0.9277,239,7.1358
07290650,ifs,1,0.2903,0.5519,0.5884,0.9740,239,8.1001
07291000,ifs,1,-0.8372,0.2776,0.4304,1.0517,239,13.1952
07292500,ifs,1,-1.3577,0.1293,0.3901,1.0586,239,15.0641
07295000,ifs,1,0.2683,0.5261,0.5714,0.9276,239,9.4681
07299670,ifs,1,0.0673,0.2811,0.3868,0.8232,239,4.4128
07301410,ifs,1,0.3938,0.4496,0.6283,0.8796,239,4.3532
07301500,ifs,1,0.3198,0.5913,0.6168,1.0370,239,2.6763
07315200,ifs,1,-0.1758,0.3097,0.3300,0.9060,239,7.3296
07315700,ifs,1,-0.1047,0.3672,0.3902,1.1324,239,6.2580
07335700,ifs,1,0.0775,0.1136,0.3617,0.5932,239,10.5397
07340300,ifs,1,0.2379,0.3798,0.5328,0.7122,239,7.2528
07346045,ifs,1,0.3091,0.6087,0.6297,1.1001,239,6.0194
07359610,ifs,1,0.2202,0.3257,0.5145,0.6636,239,8.1832
07362100,ifs,1,0.2470,0.5836,0.6001,1.0962,239,6.1531
07362587,ifs,1,0.3554,0.5113,0.6109,0.8681,239,8.2448
07373000,ifs,1,0.4515,0.5961,0.6769,0.9841,239,6.7532
07375000,ifs,1,0.2526,0.3767,0.5174,0.8645,239,11.7867
07376000,ifs,1,0.0353,0.5073,0.5078,1.0093,239,11.7321
08013000,ifs,1,0.5300,0.5393,0.7347,0.8534,239,6.9923
08014500,ifs,1,0.5224,0.6207,0.7244,0.9098,239,6.8458
08023080,ifs,1,0.4997,0.5807,0.7070,0.9759,239,6.5768
08025500,ifs,1,0.4568,0.4669,0.6825,0.8303,239,8.1168
08029500,ifs,1,0.4197,0.4680,0.6507,0.8469,239,8.7985
08050800,ifs,1,0.4322,0.3782,0.6727,0.6902,239,7.2094
08066200,ifs,1,0.3494,0.5694,0.6264,0.8709,239,11.1122
08066300,ifs,1,0.2625,0.3213,0.5156,0.8372,239,15.2506
08070000,ifs,1,0.3629,0.6537,0.6715,1.1039,239,7.2522
08070200,ifs,1,0.4296,0.6867,0.7012,1.0788,239,7.0213
08079600,ifs,1,0.2806,0.5317,0.5774,0.9427,239,2.5616
08082700,ifs,1,0.0647,0.3781,0.4255,1.0453,239,5.1358
08086212,ifs,1,0.0055,0.3687,0.4021,1.0008,239,6.1406
08086290,ifs,1,0.1602,0.4329,0.4861,0.9733,239,5.6169
08101000,ifs,1,0.1475,0.5149,0.5450,1.1519,239,5.6594
08103900,ifs,1,0.3816,0.3712,0.6264,0.7226,239,7.3129
08104900,ifs,1,0.2451,0.3708,0.5208,0.7675,239,9.1435
08109700,ifs,1,0.3365,0.4191,0.5827,0.8604,239,8.6565
08150800,ifs,1,0.4323,0.4669,0.6604,0.8284,239,8.0232
08155200,ifs,1,0.1855,0.3919,0.4801,0.9353,239,7.4828
08158700,ifs,1,0.1732,0.4465,0.4972,0.9840,239,7.0815
08158810,ifs,1,0.2403,0.4865,0.5434,0.9274,239,6.4574
08164000,ifs,1,0.4357,0.6800,0.7007,1.0912,239,5.5767
08164300,ifs,1,0.3970,0.5086,0.6332,0.9001,239,7.4974
08164600,ifs,1,0.4052,0.6426,0.6722,1.0852,239,5.7703
08165300,ifs,1,0.4114,0.5796,0.6517,1.0288,239,7.3294
08171300,ifs,1,0.2322,0.4470,0.5219,0.9893,239,7.3928
08175000,ifs,1,0.3945,0.5189,0.6353,0.8612,239,6.7807
08176900,ifs,1,0.4958,0.7136,0.7477,1.1353,239,4.9028
08178880,ifs,1,0.2259,0.4307,0.5137,1.0502,239,9.3940
08189500,ifs,1,0.1446,0.5534,0.5903,1.1736,239,6.8482
08190000,ifs,1,0.5274,0.4290,0.7689,0.7912,239,9.9377
08190500,ifs,1,0.5109,0.3737,0.7773,0.7351,239,9.6571
08194200,ifs,1,0.3039,0.3762,0.5547,0.8305,239,7.2297
08195000,ifs,1,0.5476,0.5244,0.7560,0.9052,239,8.7739
08196000,ifs,1,0.4812,0.4643,0.7099,0.9013,239,10.7576
08198500,ifs,1,0.3743,0.4977,0.6150,0.9823,239,9.9418
08200000,ifs,1,0.1646,0.3185,0.4413,0.9408,239,11.0530
08202700,ifs,1,0.2134,0.3316,0.4785,0.8814,239,11.4935
08267500,ifs,1,0.5792,0.6221,0.7631,0.9307,239,2.4657
08269000,ifs,1,0.5406,0.6952,0.7507,1.1378,239,1.9095
08271000,ifs,1,0.5706,0.5885,0.7602,0.8808,239,2.5934
08324000,ifs,1,0.2919,0.4491,0.6575,1.4313,239,1.9464
08377900,ifs,1,0.3779,0.5449,0.6384,1.1830,239,2.9875
08378500,ifs,1,0.4458,0.6153,0.6905,1.1725,239,2.4561
08380500,ifs,1,0.3580,0.5890,0.6520,1.1931,239,2.4713
09034900,ifs,1,0.5738,0.6067,0.7613,0.8999,239,2.5831
09035900,ifs,1,0.5408,0.7269,0.7627,1.1266,239,1.9806
09047700,ifs,1,0.3355,0.5636,0.7004,1.3115,239,2.2616
09065500,ifs,1,0.4823,0.6777,0.7252,1.1480,239,2.1469
09066000,ifs,1,0.5210,0.6931,0.7428,1.1360,239,1.7598
09066200,ifs,1,0.3541,0.6190,0.6745,1.1966,239,2.5391
09066300,ifs,1,0.4516,0.6665,0.7177,1.1716,239,2.2767
09081600,ifs,1,0.7581,0.7498,0.8748,1.0642,239,2.1427
09107000,ifs,1,0.5536,0.4007,0.8594,1.5385,239,1.6478
09210500,ifs,1,0.6389,0.7767,0.8233,1.1362,239,1.4007
09223000,ifs,1,0.5659,0.6926,0.8155,1.2177,239,1.8931
09306242,ifs,1,0.1505,0.3464,0.6373,1.5325,239,2.6061
09312600,ifs,1,0.5017,0.6752,0.7316,1.1559,239,2.1901
09352900,ifs,1,0.7146,0.7744,0.8481,1.1286,239,2.3607
09378170,ifs,1,0.5226,0.6101,0.7254,0.8650,239,2.4118
09378630,ifs,1,0.4922,0.5660,0.7044,0.8382,239,2.6184
09386900,ifs,1,-0.3625,0.1181,0.5710,1.6792,239,2.6577
09404450,ifs,1,0.6358,0.6975,0.8310,1.2461,239,1.7647
09430500,ifs,1,0.5357,0.7108,0.7530,1.1257,239,1.5591
09430600,ifs,1,0.4214,0.6279,0.6692,1.0263,239,2.1747
09447800,ifs,1,-0.3636,0.3655,0.4580,1.2562,239,1.9172
09480000,ifs,1,0.3400,0.6135,0.6367,1.0741,239,2.8222
09484000,ifs,1,-0.0816,0.4072,0.4312,1.1576,239,3.4760
09484600,ifs,1,0.3035,0.5659,0.6014,0.9335,239,2.5581
09492400,ifs,1,0.3395,0.5379,0.6039,0.9829,239,3.8593
09494000,ifs,1,0.3979,0.6591,0.6951,1.1508,239,2.6421
09497800,ifs,1,0.4408,0.6439,0.6823,0.9928,239,1.9871
09497980,ifs,1,0.2424,0.5360,0.5644,1.0112,239,2.7473
09505200,ifs,1,0.3738,0.6404,0.7010,1.1963,239,2.2834
09505350,ifs,1,0.4358,0.6675,0.6891,1.0317,239,2.2324
09505800,ifs,1,0.5246,0.6855,0.7368,1.1084,239,2.1460
09508300,ifs,1,0.1830,0.4124,0.5118,0.7579,239,2.7083
09510200,ifs,1,-0.0535,0.2355,0.3246,0.7783,239,3.0757
09512280,ifs,1,0.0640,0.3086,0.3875,0.9652,239,2.5865
09513780,ifs,1,0.0443,0.3212,0.3923,0.8803,239,2.2902
10023000,ifs,1,0.6065,0.7118,0.7813,1.0868,239,2.2534
10166430,ifs,1,0.5714,0.5945,0.7599,0.8391,239,2.3435
10172700,ifs,1,0.1103,0.5022,0.6185,1.2925,239,2.5770
10172800,ifs,1,0.5037,0.7132,0.7339,1.0697,239,2.5780
10173450,ifs,1,0.7833,0.7971,0.8874,1.1471,239,1.6937
10205030,ifs,1,0.6305,0.7519,0.8006,1.1014,239,1.8501
10234500,ifs,1,0.5759,0.6897,0.7611,0.9341,239,2.2846
10242000,ifs,1,0.7958,0.7326,0.9003,0.8682,239,1.7232
10244950,ifs,1,0.5679,0.6570,0.7537,0.9710,239,1.8784
10249300,ifs,1,0.3067,0.5485,0.6764,1.3107,239,1.8840
10258000,ifs,1,0.3251,0.2174,0.6400,1.6889,239,2.9245
10258500,ifs,1,0.0533,-0.0722,0.7089,1.9662,239,1.7729
10259000,ifs,1,0.3650,0.3347,0.6939,1.5902,239,2.2005
10259200,ifs,1,0.3542,0.2427,0.6924,1.6913,239,1.6123
10263500,ifs,1,0.6285,0.4203,0.8338,0.6319,239,3.6061
10310500,ifs,1,0.7759,0.8474,0.8865,1.1005,239,1.7218
10316500,ifs,1,0.5086,0.3636,0.7719,0.6756,239,2.6066
10329500,ifs,1,0.5750,0.5621,0.7668,0.8444,239,2.1355
10336645,ifs,1,0.7708,0.8307,0.8837,1.1213,239,3.9353
10336660,ifs,1,0.8081,0.8620,0.8990,1.0260,239,3.9206
10343500,ifs,1,0.8161,0.7325,0.9211,1.2392,239,2.3183
10348850,ifs,1,0.6834,0.4455,0.9073,0.7036,239,5.1315
10396000,ifs,1,0.7033,0.7145,0.8418,0.9281,239,1.8311
11098000,ifs,1,0.5404,0.3331,0.7802,0.5818,239,5.5435
11124500,ifs,1,0.6681,0.4862,0.8834,0.7815,239,3.9993
11141280,ifs,1,0.7943,0.6293,0.9124,0.7716,239,2.8630
11143000,ifs,1,0.6685,0.4743,0.8492,0.6547,239,5.8350
11148900,ifs,1,0.6938,0.8239,0.8386,0.9703,239,3.0267
11151300,ifs,1,0.7404,0.8274,0.8633,0.9193,239,1.9078
11162500,ifs,1,0.7067,0.6977,0.8441,0.8717,239,3.4400
11176400,ifs,1,0.3847,0.6501,0.7795,1.1037,239,2.6588
11180500,ifs,1,0.5663,0.7672,0.8028,1.0930,239,2.5141
11180960,ifs,1,0.4664,0.7337,0.7461,1.0659,239,3.3480
11224500,ifs,1,0.8077,0.8573,0.8989,0.9505,239,1.4297
11253310,ifs,1,0.8172,0.8911,0.9116,1.0566,239,1.1363
11264500,ifs,1,0.2743,0.1497,0.8692,1.6435,239,4.0495
11266500,ifs,1,0.4336,0.3309,0.8659,1.5107,239,3.8545
11274500,ifs,1,0.5846,0.7347,0.8466,1.0527,239,2.0863
11274630,ifs,1,0.6115,0.7090,0.8620,1.1252,239,1.8347
11284400,ifs,1,0.7677,0.5615,0.9458,1.3206,239,2.4472
11299600,ifs,1,0.6691,0.4889,0.9167,1.3889,239,2.8537
11381500,ifs,1,0.7215,0.6310,0.8681,0.8415,239,4.7821
11383500,ifs,1,0.7420,0.6609,0.8759,0.8508,239,4.6734
11451100,ifs,1,0.8002,0.7802,0.9086,1.1905,239,2.3200
11468500,ifs,1,0.6265,0.5568,0.9052,1.2680,239,4.0896
11473900,ifs,1,0.8260,0.9101,0.9124,1.0195,239,2.8705
11475560,ifs,1,0.6761,0.5559,0.8309,0.6851,239,7.4438
11476600,ifs,1,0.4325,0.5598,0.8137,1.2765,239,5.5460
11478500,ifs,1,0.7996,0.8932,0.9035,0.9679,239,3.3063
11480390,ifs,1,0.6549,0.8151,0.8492,1.0101,239,4.0848
11481200,ifs,1,0.7640,0.8254,0.8748,0.9240,239,3.8679
11482500,ifs,1,0.7927,0.7467,0.8948,0.8628,239,4.0612
11522500,ifs,1,0.7723,0.8560,0.8904,1.0881,239,2.8541
11523200,ifs,1,0.7889,0.8046,0.8890,0.8828,239,3.0270
11528700,ifs,1,0.7840,0.8633,0.8893,0.9258,239,2.8173
11532500,ifs,1,0.7653,0.6950,0.8837,0.8390,239,5.3661
12010000,ifs,1,0.6984,0.5497,0.8714,0.7371,239,6.2713
12013500,ifs,1,0.7696,0.7472,0.8815,0.8598,239,4.2984
12020000,ifs,1,0.7101,0.8024,0.8505,0.8804,239,4.0371
12025000,ifs,1,0.7932,0.7361,0.8977,0.8510,239,3.2831
12025700,ifs,1,0.7965,0.8287,0.9069,1.1319,239,2.9339
12035000,ifs,1,0.7382,0.6302,0.8743,0.7499,239,5.6690
12040500,ifs,1,0.8185,0.6953,0.9226,0.8225,239,5.4339
12041200,ifs,1,0.7594,0.5650,0.9163,0.7364,239,6.8748
12043000,ifs,1,0.7312,0.5687,0.8951,0.7566,239,5.7209
12048000,ifs,1,0.6206,0.6048,0.8310,1.3545,239,3.2303
12054000,ifs,1,0.7949,0.7327,0.9033,0.9280,239,4.0514
12056500,ifs,1,0.8503,0.7551,0.9337,0.8821,239,4.5947
12073500,ifs,1,0.6482,0.7803,0.8093,0.9934,239,3.3775
12082500,ifs,1,0.8975,0.9193,0.9483,0.9408,239,3.0716
12092000,ifs,1,0.8823,0.8578,0.9407,0.9068,239,3.3218
12095000,ifs,1,0.7189,0.8046,0.8795,1.1095,239,3.9212
12114500,ifs,1,0.7548,0.5359,0.9060,0.6631,239,5.7221
12115000,ifs,1,0.7636,0.5450,0.9103,0.6708,239,5.5899
12115500,ifs,1,0.7927,0.6397,0.9120,0.7619,239,5.2509
12117000,ifs,1,0.7888,0.6433,0.9105,0.7737,239,5.2448
12141300,ifs,1,0.7688,0.5417,0.9270,0.7032,239,6.4283
12143600,ifs,1,0.7937,0.5953,0.9311,0.7580,239,5.7042
12144000,ifs,1,0.8077,0.6372,0.9296,0.7920,239,5.1567
12145500,ifs,1,0.7865,0.5995,0.9198,0.7334,239,4.2863
12147600,ifs,1,0.7357,0.4949,0.9226,0.6785,239,8.4189
12167000,ifs,1,0.8512,0.7542,0.9333,0.8623,239,4.3381
12175500,ifs,1,0.8619,0.8423,0.9303,0.9235,239,2.9371
12186000,ifs,1,0.8805,0.7138,0.9591,0.8212,239,4.0291
12189500,ifs,1,0.9043,0.7821,0.9632,0.8813,239,3.0359
12358500,ifs,1,0.7239,0.6387,0.8677,0.7961,239,3.6387
12377150,ifs,1,0.5352,0.4716,0.7611,0.6195,239,4.5264
12381400,ifs,1,0.6763,0.5805,0.8428,0.7032,239,3.3985
12390700,ifs,1,0.7516,0.8464,0.8690,0.9687,239,2.2946
12411000,ifs,1,0.7048,0.5502,0.8732,0.7200,239,3.0006
12414500,ifs,1,0.8076,0.7888,0.9014,0.8627,239,2.4709
12447390,ifs,1,0.2972,0.5238,0.6647,1.3373,239,2.3254
12451000,ifs,1,0.8010,0.8010,0.9164,1.1488,239,2.4946
12488500,ifs,1,0.8665,0.9073,0.9318,0.9451,239,2.9547
13011500,ifs,1,0.7166,0.8439,0.8534,1.0357,239,1.9442
13011900,ifs,1,0.7475,0.8339,0.8667,1.0575,239,1.7681
13018300,ifs,1,0.6359,0.6970,0.7979,0.9554,239,2.2332
13023000,ifs,1,0.6381,0.7379,0.8360,1.1948,239,1.8466
13161500,ifs,1,0.7072,0.5406,0.8675,1.4394,239,1.1521
13235000,ifs,1,0.7876,0.8820,0.8903,1.0191,239,2.0200
13240000,ifs,1,0.8117,0.8615,0.9015,0.9443,239,2.4751
13310700,ifs,1,0.7998,0.8772,0.9015,1.0726,239,1.9546
13313000,ifs,1,0.7914,0.7043,0.9019,0.8379,239,2.3893
13331500,ifs,1,0.8156,0.8559,0.9039,0.9237,239,2.1556
13337000,ifs,1,0.8509,0.8647,0.9235,0.9107,239,2.3135
13338500,ifs,1,0.6471,0.7666,0.8135,1.1166,239,2.7332
13340000,ifs,1,0.8270,0.8908,0.9099,0.9922,239,2.1037
13340600,ifs,1,0.8393,0.7744,0.9215,0.8517,239,2.6991
14020000,ifs,1,0.7429,0.8197,0.8639,0.9186,239,2.4621
14092750,ifs,1,0.7007,0.7209,0.8843,1.2004,239,3.0866
14096850,ifs,1,0.4158,0.6321,0.7618,1.2298,239,2.6608
14137000,ifs,1,0.8698,0.8840,0.9330,0.9599,239,3.0954
14138800,ifs,1,0.8913,0.6950,0.9687,0.8031,239,3.8624
14138870,ifs,1,0.8861,0.7356,0.9604,0.8583,239,4.0941
14138900,ifs,1,0.8108,0.5619,0.9555,0.7304,239,6.2642
14139800,ifs,1,0.8853,0.7423,0.9561,0.8398,239,3.9942
14141500,ifs,1,0.9178,0.9014,0.9591,0.9675,239,2.8910
14154500,ifs,1,0.8104,0.9017,0.9094,0.9993,239,2.4425
14158500,ifs,1,0.8672,0.8642,0.9323,0.9052,239,2.5940
14158790,ifs,1,0.8620,0.6696,0.9529,0.7712,239,3.3842
14166500,ifs,1,0.7872,0.8396,0.8873,0.9753,239,2.9474
14182500,ifs,1,0.8000,0.8716,0.8957,0.9554,239,3.6452
14185000,ifs,1,0.8728,0.9192,0.9352,0.9599,239,2.5726
14185900,ifs,1,0.8528,0.7742,0.9294,0.8422,239,3.3261
14187000,ifs,1,0.7987,0.7944,0.8958,0.8828,239,3.3694
14216500,ifs,1,0.8970,0.8921,0.9512,0.9083,239,2.9987
14222500,ifs,1,0.7743,0.5297,0.9312,0.6902,239,7.1088
14236200,ifs,1,0.8906,0.8179,0.9496,0.9053,239,2.8524
14301000,ifs,1,0.8006,0.6445,0.9178,0.7783,239,4.0064
14303200,ifs,1,0.7138,0.5029,0.8869,0.6635,239,6.2410
14305500,ifs,1,0.6478,0.4786,0.8469,0.6845,239,8.2012
14306340,ifs,1,0.7688,0.7788,0.8784,0.8765,239,3.4180
14306500,ifs,1,0.7608,0.7772,0.8737,0.8811,239,3.7507
14308990,ifs,1,0.7168,0.8243,0.8580,1.1032,239,2.3984
14309500,ifs,1,0.6572,0.6687,0.8145,0.7825,239,3.9561
14316700,ifs,1,0.8219,0.8677,0.9251,0.9990,239,2.2464
14325000,ifs,1,0.6333,0.6326,0.8008,0.7620,239,5.1041
14362250,ifs,1,0.4609,0.6278,0.7830,1.2529,239,3.0656
14400000,ifs,1,0.6805,0.7196,0.8285,0.8163,239,6.4135
01013500,ifs,2,0.5119,0.7070,0.7387,1.1027,239,3.8612
01022500,ifs,2,0.5334,0.6978,0.7439,1.1043,239,4.3086
01030500,ifs,2,0.6026,0.7569,0.7840,1.0292,239,3.4200
01031500,ifs,2,0.4801,0.6734,0.7377,1.1932,239,4.1144
01047000,ifs,2,0.4022,0.6267,0.7159,1.2402,239,4.7487
01052500,ifs,2,0.2138,0.4816,0.6464,1.3749,239,4.9663
01054200,ifs,2,0.6284,0.7773,0.8087,1.1074,239,4.4173
01055000,ifs,2,0.4229,0.6828,0.7066,1.1184,239,4.3787
01057000,ifs,2,0.3992,0.6540,0.6720,1.0465,239,4.7068
01073000,ifs,2,-0.0064,0.5116,0.5389,1.1394,239,6.0856
01078000,ifs,2,0.4640,0.6199,0.6878,1.0012,239,4.5996
01118300,ifs,2,0.5085,0.5624,0.7151,0.8549,239,8.0997
01121000,ifs,2,0.3043,0.6715,0.6835,1.0135,239,6.8866
01123000,ifs,2,0.2610,0.6466,0.6520,0.9770,239,7.4625
01134500,ifs,2,0.4761,0.6617,0.7045,1.0526,239,4.7323
01137500,ifs,2,0.4795,0.6382,0.7173,1.1908,239,4.7437
01139000,ifs,2,0.4938,0.6340,0.7161,1.1609,239,4.4050
01139800,ifs,2,0.4366,0.5282,0.6634,0.8855,239,5.1951
01142500,ifs,2,0.5042,0.6508,0.7188,1.1013,239,4.0602
01144000,ifs,2,0.5498,0.6494,0.7419,0.9776,239,4.1648
01169000,ifs,2,0.3952,0.6741,0.6969,1.1195,239,5.4065
01170100,ifs,2,0.3661,0.6511,0.6915,1.1620,239,5.3961
01181000,ifs,2,0.1159,0.5709,0.6679,1.1283,239,7.1133
01187300,ifs,2,-0.8076,0.0135,0.7047,1.4453,239,8.8962
01195100,ifs,2,0.1151,0.5057,0.5286,0.8683,239,9.0461
01333000,ifs,2,0.2408,0.5605,0.5899,1.1314,239,6.0815
01350000,ifs,2,0.2906,0.4938,0.5673,1.0551,239,8.5145
01350080,ifs,2,0.2448,0.5286,0.5674,1.1010,239,6.8626
01350140,ifs,2,0.3779,0.5897,0.6388,1.0466,239,5.9036
01365000,ifs,2,0.2600,0.6102,0.6445,1.1564,239,7.2367
01411300,ifs,2,0.3882,0.4246,0.6260,0.8579,239,8.4451
01413500,ifs,2,0.4722,0.5602,0.6884,0.9075,239,6.9401
01414500,ifs,2,0.3847,0.5390,0.6282,0.9996,239,7.9786
01415000,ifs,2,0.4550,0.6480,0.6897,1.0002,239,5.8065
01423000,ifs,2,0.4515,0.6688,0.6948,1.0032,239,5.7615
01434025,ifs,2,0.4404,0.6136,0.6750,0.9505,239,8.0224
01435000,ifs,2,0.4053,0.6305,0.6631,1.0106,239,7.7877
01439500,ifs,2,0.4780,0.6792,0.7113,0.9359,239,5.5089
01440000,ifs,2,0.5040,0.6763,0.7229,0.9183,239,5.6841
01440400,ifs,2,0.4660,0.6102,0.6961,0.8456,239,6.1567
01451800,ifs,2,-0.0565,0.5213,0.5749,1.1019,239,7.0272
01466500,ifs,2,0.2959,0.6213,0.6267,0.9838,239,6.0326
01484100,ifs,2,0.3961,0.6080,0.6565,1.1006,239,6.0549
01485500,ifs,2,0.2153,0.3800,0.4970,0.8562,239,8.3282
01486000,ifs,2,0.1692,0.3952,0.4735,0.9453,239,8.8042
01487000,ifs,2,0.3714,0.5185,0.6164,0.9916,239,6.5404
01491000,ifs,2,0.3140,0.6041,0.6681,1.2146,239,5.1329
01510000,ifs,2,0.2790,0.6070,0.6141,1.0152,239,6.1854
01516500,ifs,2,0.2774,0.6412,0.6412,0.9990,239,4.9267
01518862,ifs,2,0.4546,0.6837,0.7028,0.9590,239,4.5167
01532000,ifs,2,0.0912,0.4894,0.5001,0.9780,239,6.6457
01539000,ifs,2,0.1462,0.5620,0.5639,1.0341,239,6.7029
01542810,ifs,2,0.1598,0.5610,0.5631,1.0156,239,6.0437
01543000,ifs,2,0.1877,0.6045,0.6075,1.0364,239,5.7312
01543500,ifs,2,0.3925,0.6661,0.6772,0.9481,239,5.3327
01544500,ifs,2,0.2840,0.5997,0.6116,0.9621,239,5.3492
01545600,ifs,2,0.2946,0.6014,0.6140,0.9888,239,5.4327
01547700,ifs,2,0.1786,0.2466,0.4390,0.8066,239,9.7359
01548500,ifs,2,0.3724,0.6514,0.6634,0.9530,239,4.6770
01549500,ifs,2,0.2142,0.5618,0.5718,1.0096,239,5.8253
01550000,ifs,2,0.0913,0.4675,0.4850,0.9984,239,6.9833
01552000,ifs,2,0.1461,0.4255,0.4803,0.9192,239,7.7267
01552500,ifs,2,0.1410,0.5432,0.5467,0.9917,239,6.4975
01557500,ifs,2,0.2939,0.4153,0.5599,0.8063,239,7.9399
01567500,ifs,2,0.3918,0.5621,0.6417,0.8890,239,6.0810
01568000,ifs,2,0.3333,0.6241,0.6392,0.9414,239,5.6344
01580000,ifs,2,0.3896,0.7036,0.7107,1.0412,239,4.8659
01583500,ifs,2,0.4094,0.7063,0.7083,1.0322,239,4.7547
01586610,ifs,2,0.3484,0.6604,0.6625,0.9906,239,5.0536
01591400,ifs,2,0.2993,0.5558,0.6010,0.8818,239,6.8097
01596500,ifs,2,0.1448,0.4591,0.4940,1.0073,239,6.7701
01605500,ifs,2,0.4361,0.5261,0.6655,0.8424,239,5.0090
01606500,ifs,2,0.5183,0.6629,0.7260,0.9367,239,4.3014
01613050,ifs,2,0.3520,0.6587,0.6625,0.9731,239,5.3254
01620500,ifs,2,0.4763,0.6402,0.6982,1.0000,239,4.0988
01632000,ifs,2,0.4730,0.5261,0.6980,0.7739,239,5.1167
01632900,ifs,2,0.3289,0.4130,0.5902,0.7461,239,5.6318
01634500,ifs,2,0.3099,0.5608,0.6015,0.9349,239,5.7665
01638480,ifs,2,0.3046,0.5790,0.6082,0.9322,239,5.7394
01639500,ifs,2,0.3520,0.6545,0.6589,0.9911,239,4.9542
01644000,ifs,2,0.3641,0.6261,0.6514,0.9169,239,5.1251
01658500,ifs,2,0.2450,0.5200,0.5640,0.8926,239,6.3086
01664000,ifs,2,0.4535,0.6095,0.6882,0.8594,239,5.0526
01666500,ifs,2,0.4674,0.6398,0.6992,0.8898,239,5.0124
01667500,ifs,2,0.4856,0.6114,0.7080,0.8349,239,4.7023
01669000,ifs,2,0.3276,0.5036,0.5886,0.9612,239,6.6626
01669520,ifs,2,0.3308,0.5393,0.6001,1.0006,239,6.6010
02011400,ifs,2,0.5166,0.6666,0.7263,0.9260,239,4.1526
02011460,ifs,2,0.4953,0.6525,0.7108,0.9720,239,4.5157
02013000,ifs,2,0.3703,0.5918,0.6365,0.9486,239,4.9921
02014000,ifs,2,0.3504,0.6014,0.6310,0.9875,239,4.5372
02015700,ifs,2,0.4268,0.6143,0.6678,1.0276,239,4.6674
02016000,ifs,2,0.4480,0.6755,0.6961,1.0131,239,4.0236
02017500,ifs,2,0.1757,0.5571,0.5664,1.0726,239,4.5224
02018000,ifs,2,0.2351,0.5961,0.6209,1.1393,239,4.1645
02027000,ifs,2,0.2986,0.5520,0.6903,1.3108,239,4.3785
02027500,ifs,2,0.3878,0.6289,0.7011,1.2197,239,4.2454
02028500,ifs,2,0.4288,0.6236,0.6747,0.9131,239,4.2929
02038850,ifs,2,0.3026,0.6411,0.6423,0.9844,239,4.9454
02046000,ifs,2,0.2509,0.5853,0.5943,1.0018,239,5.9513
02051000,ifs,2,0.2842,0.5487,0.5846,0.9834,239,6.2151
02051500,ifs,2,0.1566,0.5590,0.5693,1.0918,239,6.0967
02053200,ifs,2,0.2484,0.5945,0.6266,1.1580,239,6.3147
02053800,ifs,2,0.2086,0.5681,0.5751,0.9842,239,4.7637
02055100,ifs,2,-0.1353,0.2983,0.5002,1.4845,239,5.1086
02056900,ifs,2,0.3243,0.5863,0.6152,1.0064,239,4.8838
02059500,ifs,2,0.2190,0.6173,0.6528,1.1232,239,4.1207
02064000,ifs,2,0.2789,0.6052,0.6793,1.2087,239,4.2248
02065500,ifs,2,0.2612,0.6114,0.6645,1.1778,239,4.5422
02069700,ifs,2,0.3061,0.5417,0.5935,0.9170,239,5.8865
02070000,ifs,2,0.3616,0.5247,0.6188,0.8616,239,5.5801
02074500,ifs,2,0.4717,0.5843,0.6898,1.1058,239,5.4160
02077200,ifs,2,0.2464,0.6091,0.6144,1.0591,239,4.8097
02081500,ifs,2,0.2557,0.6008,0.6258,1.1388,239,5.4816
02082950,ifs,2,0.1945,0.4399,0.7091,1.4146,239,4.8989
02092500,ifs,2,0.1416,0.5297,0.5755,1.2026,239,5.8152
02096846,ifs,2,0.1487,0.3561,0.4464,0.9850,239,8.3157
02102908,ifs,2,0.4843,0.6923,0.7179,1.0596,239,5.9568
02108000,ifs,2,0.3022,0.6221,0.6373,1.0965,239,5.4084
02111180,ifs,2,0.0403,0.4440,0.4728,0.8575,239,7.3041
02111500,ifs,2,0.2090,0.3979,0.5176,0.7562,239,6.5104
02118500,ifs,2,0.1211,0.5416,0.5572,0.8819,239,5.8560
02128000,ifs,2,0.0481,0.5596,0.6105,1.1016,239,6.4418
02137727,ifs,2,0.5355,0.6167,0.7337,0.8854,239,5.6990
02140991,ifs,2,0.4128,0.6101,0.6649,0.8983,239,5.5101
02143000,ifs,2,0.3853,0.6894,0.6919,0.9609,239,5.5420
02143040,ifs,2,0.1760,0.5749,0.5798,0.9394,239,6.3708
02149000,ifs,2,0.4231,0.4616,0.6572,0.7619,239,7.5993
02152100,ifs,2,0.2066,0.6272,0.6362,0.9958,239,5.9794
02177000,ifs,2,0.2663,0.4725,0.5519,0.8949,239,7.7027
02178400,ifs,2,0.2336,0.5710,0.5844,0.9410,239,6.6717
02193340,ifs,2,0.2482,0.5069,0.5593,1.1133,239,6.3044
02196000,ifs,2,0.2870,0.5367,0.5811,0.9615,239,6.7301
02198100,ifs,2,0.2403,0.2727,0.4995,0.7622,239,9.1189
02202600,ifs,2,-0.1098,0.4001,0.4292,1.1812,239,6.3258
02212600,ifs,2,0.2407,0.4636,0.5328,0.9588,239,7.4438
02215100,ifs,2,-0.0609,0.3424,0.3697,1.0211,239,8.7199
02216180,ifs,2,0.1449,0.2987,0.4270,0.8771,239,9.2207
02221525,ifs,2,0.4264,0.6043,0.6648,1.0046,239,5.7585
02231000,ifs,2,0.4039,0.4611,0.6422,0.8398,239,5.1746
02231342,ifs,2,0.2823,0.4259,0.5434,0.9566,239,5.7229
02235200,ifs,2,0.1887,0.3287,0.4767,0.7940,239,6.2530
02245500,ifs,2,0.1410,0.3703,0.4490,0.9909,239,5.9078
02246000,ifs,2,0.1689,0.4569,0.5009,0.9781,239,5.3508
02296500,ifs,2,0.2118,0.4695,0.5289,0.8924,239,5.4137
02297155,ifs,2,0.0332,0.2014,0.3356,0.8070,239,8.1694
02297310,ifs,2,0.2599,0.3347,0.5311,0.7571,239,6.7294
02298123,ifs,2,0.0420,0.2323,0.3434,0.9032,239,7.0222
02298608,ifs,2,0.0776,0.1332,0.3538,0.7014,239,8.1226
02299950,ifs,2,0.0237,0.1353,0.3052,0.7656,239,7.7786
02300700,ifs,2,0.0719,0.1122,0.3255,0.7532,239,9.0127
02310947,ifs,2,0.2073,0.2905,0.4679,0.8604,239,6.8629
02312200,ifs,2,0.2530,0.3190,0.5058,0.9062,239,7.8582
02314500,ifs,2,0.2806,0.4372,0.5525,0.8532,239,6.5673
02315500,ifs,2,0.3207,0.4581,0.5839,0.8356,239,5.8287
02324400,ifs,2,0.2321,0.2503,0.4889,0.8055,239,9.1485
02327100,ifs,2,0.1456,0.3642,0.4604,0.8383,239,8.1838
02349900,ifs,2,-0.0202,0.2861,0.3473,0.9240,239,9.5481
02350900,ifs,2,0.1126,0.4512,0.4819,0.9473,239,7.0129
02361000,ifs,2,0.1835,0.4655,0.5126,0.9307,239,6.4294
02363000,ifs,2,0.2908,0.4735,0.5615,0.9375,239,6.6196
02369800,ifs,2,0.3385,0.3046,0.6003,0.7185,239,10.4995
02371500,ifs,2,0.2899,0.4062,0.5444,0.9500,239,7.8640
02372250,ifs,2,0.2835,0.4272,0.5468,0.9026,239,7.7292
02374500,ifs,2,0.2142,0.3507,0.4878,0.8535,239,8.8837
02381600,ifs,2,0.1497,0.3572,0.4502,0.9156,239,9.2854
02384540,ifs,2,0.3917,0.5376,0.6358,0.8919,239,6.8410
02395120,ifs,2,0.2052,0.4758,0.5263,1.0848,239,6.6830
02408540,ifs,2,0.1134,0.3794,0.4451,0.9195,239,8.9128
02415000,ifs,2,0.1764,0.3182,0.4596,0.8140,239,9.2479
02422500,ifs,2,0.2220,0.5627,0.5788,1.0791,239,7.7190
02427250,ifs,2,0.3345,0.5518,0.6060,0.9852,239,6.2581
02430085,ifs,2,0.1625,0.5093,0.5276,0.9870,239,7.8982
02450250,ifs,2,0.4315,0.4949,0.6647,0.7772,239,7.2818
02464000,ifs,2,0.3094,0.3355,0.5627,0.7724,239,9.3391
02465493,ifs,2,0.2344,0.5717,0.5825,0.9797,239,7.4707
02469800,ifs,2,0.3316,0.5342,0.6042,0.8905,239,7.4084
02472000,ifs,2,0.4438,0.5331,0.6709,0.8373,239,7.8007
02472500,ifs,2,0.0900,0.4778,0.5200,0.8044,239,10.8845
02479155,ifs,2,0.4222,0.3933,0.6642,0.7325,239,10.0331
02479300,ifs,2,0.4088,0.2435,0.7219,0.6062,239,13.4679
02481000,ifs,2,0.3638,0.1419,0.7454,0.5137,239,16.7855
02481510,ifs,2,0.3626,0.1749,0.7026,0.5246,239,13.8120
03010655,ifs,2,0.3872,0.6280,0.6553,0.9937,239,5.1745
03011800,ifs,2,0.3349,0.5437,0.6041,0.9610,239,6.3075
03015500,ifs,2,0.1611,0.5846,0.6168,1.1401,239,5.9036
03021350,ifs,2,0.2507,0.5962,0.6190,1.1314,239,6.5006
03026500,ifs,2,0.3574,0.5646,0.6220,0.9451,239,5.8241
03028000,ifs,2,0.2971,0.5870,0.6071,1.0198,239,6.2961
03049800,ifs,2,0.2501,0.4320,0.5279,0.9254,239,7.6671
03050000,ifs,2,0.3859,0.5079,0.6250,0.9423,239,7.2292
03066000,ifs,2,0.3559,0.5912,0.6346,1.0977,239,6.5912
03069500,ifs,2,0.4553,0.6519,0.6963,1.0976,239,5.6963
03070500,ifs,2,0.0969,0.5414,0.5526,1.1004,239,7.2580
03076600,ifs,2,0.1754,0.3637,0.4700,0.8683,239,8.1580
03078000,ifs,2,0.1394,0.3517,0.4416,0.9419,239,8.2261
03140000,ifs,2,0.0709,0.4318,0.4583,0.9717,239,6.8568
03144000,ifs,2,-0.0793,0.3487,0.3878,0.8276,239,9.0704
03159540,ifs,2,0.0917,0.3761,0.4372,0.9019,239,8.8585
03161000,ifs,2,-0.3824,0.3670,0.3759,0.9640,239,8.0039
03164000,ifs,2,0.2732,0.5742,0.5991,0.9110,239,5.0860
03165000,ifs,2,0.4133,0.4954,0.6492,0.8197,239,5.4559
03170000,ifs,2,0.2653,0.5842,0.5987,0.9508,239,4.7856
03173000,ifs,2,0.2859,0.6259,0.6283,1.0093,239,4.2068
03180500,ifs,2,0.4479,0.6091,0.6772,1.0185,239,5.0569
03182500,ifs,2,0.5140,0.6689,0.7234,0.9826,239,4.3205
03186500,ifs,2,0.4372,0.6256,0.6755,0.9892,239,5.5637
03187500,ifs,2,0.4293,0.6416,0.6769,1.0219,239,5.5427
03213700,ifs,2,0.3585,0.6281,0.6462,1.0265,239,5.6531
03237280,ifs,2,0.1163,0.4318,0.4737,0.9212,239,7.3212
03237500,ifs,2,0.1835,0.4749,0.5158,0.9527,239,7.1102
03241500,ifs,2,0.0837,0.3110,0.4072,0.8433,239,9.5368
03280700,ifs,2,-0.0188,0.4590,0.4620,1.0087,239,7.3015
03281100,ifs,2,-0.0785,0.4496,0.4504,1.0237,239,7.1964
03281500,ifs,2,0.0098,0.4876,0.4887,0.9982,239,6.6715
03285000,ifs,2,0.1401,0.3662,0.4606,0.8224,239,8.3071
03291780,ifs,2,0.1559,0.2440,0.4209,0.8193,239,9.4732
03300400,ifs,2,0.2700,0.3538,0.5370,0.7544,239,8.2507
03340800,ifs,2,0.0202,0.4362,0.4541,1.0798,239,10.2505
03346000,ifs,2,0.4104,0.6246,0.6631,0.9994,239,6.7112
03364500,ifs,2,0.2255,0.2367,0.4833,0.7574,239,11.6354
03366500,ifs,2,0.2127,0.2817,0.4723,0.8229,239,8.9835
03368000,ifs,2,0.2192,0.1920,0.4854,0.6766,239,11.5213
03384450,ifs,2,0.2943,0.3386,0.5482,0.7919,239,7.9884
03439000,ifs,2,0.3157,0.5030,0.5985,0.8066,239,6.5874
03450000,ifs,2,0.3644,0.4117,0.6235,0.7001,239,5.2289
03455500,ifs,2,0.3456,0.5283,0.6291,0.7752,239,5.8439
03456500,ifs,2,0.3927,0.5878,0.6594,0.8299,239,5.2742
03460000,ifs,2,0.2384,0.4908,0.5530,0.8603,239,6.2743
03463300,ifs,2,0.4479,0.5726,0.6796,0.8427,239,5.9309
03471500,ifs,2,0.3555,0.6315,0.6472,1.0318,239,4.8901
03473000,ifs,2,0.2076,0.5528,0.5648,0.9833,239,5.6119
03479000,ifs,2,-0.9556,0.2382,0.3307,1.0326,239,8.3977
03488000,ifs,2,0.3338,0.5812,0.6180,0.9507,239,5.0449
03498500,ifs,2,0.2167,0.5230,0.5539,0.9203,239,6.7935
03500000,ifs,2,0.1886,0.5432,0.5548,0.9791,239,6.6625
03504000,ifs,2,0.2482,0.4721,0.5575,0.8065,239,7.5772
03574500,ifs,2,0.3037,0.5034,0.5784,0.9189,239,7.7529
03604000,ifs,2,0.3014,0.4275,0.5676,0.8009,239,8.1396
04015330,ifs,2,0.1909,0.5049,0.5325,1.0073,239,5.8647
04024430,ifs,2,0.0918,0.5409,0.5858,1.1804,239,4.7949
04027000,ifs,2,0.2997,0.5622,0.6359,1.2368,239,3.7994
04040500,ifs,2,0.0716,0.4619,0.4905,1.1384,239,5.1351
04043050,ifs,2,-0.1195,0.4217,0.4226,1.0004,239,5.1552
04045500,ifs,2,0.2149,0.5457,0.6362,1.2663,239,4.5253
04056500,ifs,2,0.1861,0.5363,0.6387,1.2758,239,4.2984
04057510,ifs,2,0.0651,0.5005,0.5179,1.1262,239,5.4052
04057800,ifs,2,0.1091,0.5083,0.5206,1.0765,239,5.0872
04059500,ifs,2,0.2829,0.6037,0.6180,1.0795,239,4.3965
04063700,ifs,2,0.1290,0.5011,0.5955,1.2867,239,4.4486
04074950,ifs,2,0.1581,0.5420,0.5572,1.1033,239,4.8310
04105700,ifs,2,0.2046,0.4545,0.5136,0.9596,239,6.4280
04115265,ifs,2,0.2150,0.4948,0.5366,1.0528,239,6.3696
04122200,ifs,2,0.2436,0.5500,0.6161,1.2331,239,6.2666
04122500,ifs,2,0.3446,0.6254,0.6830,1.1984,239,5.4884
04124000,ifs,2,0.4193,0.5198,0.6545,0.8312,239,6.5669
04127997,ifs,2,0.3451,0.5829,0.6274,0.8977,239,6.2782
04185000,ifs,2,0.1774,0.4082,0.4929,0.8448,239,5.9660
04196800,ifs,2,0.1878,0.5431,0.5543,1.0077,239,6.3687
04197100,ifs,2,0.2797,0.4708,0.5543,0.9528,239,6.7111
04197170,ifs,2,0.2044,0.5067,0.5388,1.0466,239,6.3833
04213000,ifs,2,0.1600,0.5555,0.5872,1.1648,239,5.8676
04213075,ifs,2,0.1156,0.5043,0.5517,1.2100,239,6.7696
04216418,ifs,2,0.3904,0.6032,0.6488,0.9535,239,5.7871
04221000,ifs,2,0.4739,0.6935,0.7124,1.0169,239,4.4965
04224775,ifs,2,0.2957,0.5641,0.5971,1.0525,239,5.7805
04256000,ifs,2,0.1940,0.5908,0.6555,1.1793,239,5.3634
04296000,ifs,2,0.4012,0.6441,0.6862,1.1562,239,4.8318
05057000,ifs,2,0.3820,0.5816,0.7182,1.3021,239,2.9373
05057200,ifs,2,-0.0382,0.3317,0.6182,1.4932,239,3.5105
05062500,ifs,2,-0.1778,0.3600,0.4151,1.2597,239,4.7772
05087500,ifs,2,0.3292,0.5492,0.6037,1.0477,239,4.3575
05120500,ifs,2,0.3534,0.4572,0.7420,1.4508,239,3.2350
05123400,ifs,2,0.2135,0.5664,0.5878,1.1241,239,4.4602
05129115,ifs,2,0.0962,0.4644,0.5121,1.2021,239,4.2040
05131500,ifs,2,0.0851,0.4685,0.5026,1.1617,239,3.9753
05291000,ifs,2,0.1927,0.4957,0.6247,1.3313,239,6.1681
05362000,ifs,2,0.1137,0.4783,0.5608,1.2816,239,4.8437
05393500,ifs,2,0.0793,0.4545,0.4879,1.1466,239,5.4066
05399500,ifs,2,-0.0532,0.4327,0.4500,1.1308,239,7.2826
05408000,ifs,2,0.1374,0.4457,0.4880,1.0819,239,8.3610
05412500,ifs,2,0.2686,0.6335,0.6352,1.0351,239,6.4718
05413500,ifs,2,0.4511,0.6425,0.6865,1.0044,239,6.3868
05414000,ifs,2,0.3686,0.6271,0.6544,1.0942,239,6.7119
05444000,ifs,2,0.1758,0.5703,0.5891,1.1257,239,6.5664
05454000,ifs,2,0.1350,0.4405,0.4845,0.9183,239,8.0474
05458000,ifs,2,0.1029,0.4684,0.4886,0.9757,239,7.4775
05466500,ifs,2,0.4195,0.5759,0.6678,0.8138,239,8.0415
05487980,ifs,2,-0.0233,0.3772,0.4044,0.9213,239,9.1015
05488200,ifs,2,0.1735,0.3593,0.4620,0.9239,239,9.9242
05489000,ifs,2,0.0629,0.3573,0.4194,0.8788,239,9.7912
05495000,ifs,2,-0.2495,0.4464,0.4701,1.0376,239,8.2558
05495500,ifs,2,-0.5375,0.3529,0.4078,1.0864,239,10.9901
05501000,ifs,2,0.0905,0.4313,0.4640,0.9496,239,9.5812
05503800,ifs,2,0.0838,0.5242,0.5270,1.0398,239,7.5572
05507600,ifs,2,0.2096,0.5611,0.5845,1.1299,239,5.8517
05508805,ifs,2,0.3619,0.6531,0.6614,1.0391,239,5.1740
05514500,ifs,2,0.2462,0.5309,0.5631,1.0045,239,6.1679
05525500,ifs,2,0.0346,0.5156,0.6202,1.2202,239,8.0167
05556500,ifs,2,0.3449,0.5158,0.6066,0.8706,239,7.2945
05584500,ifs,2,-0.1106,0.3680,0.3832,0.9175,239,11.9913
05585000,ifs,2,-0.0885,0.4118,0.4175,0.9578,239,10.8493
05591550,ifs,2,0.2877,0.5223,0.5753,0.9730,239,7.6849
05592050,ifs,2,0.2687,0.5760,0.5983,1.0864,239,6.5170
05592575,ifs,2,0.4023,0.5646,0.6457,0.9151,239,7.5115
05593575,ifs,2,0.1764,0.4316,0.4935,0.9325,239,7.4750
05593900,ifs,2,0.2446,0.5483,0.5717,1.0226,239,7.6586
05595730,ifs,2,0.1225,0.4150,0.4651,0.9419,239,7.3380
06037500,ifs,2,0.6775,0.7592,0.8236,0.9574,239,2.2166
06043500,ifs,2,0.7636,0.8784,0.8805,1.0193,239,1.8490
06154410,ifs,2,0.0375,0.3627,0.4081,1.0391,239,4.7612
06188000,ifs,2,0.6152,0.7694,0.8082,1.1276,239,1.8688
06191500,ifs,2,0.7413,0.8338,0.8689,1.0976,239,1.5525
06221400,ifs,2,0.0620,0.2455,0.7480,1.5990,239,2.8369
06224000,ifs,2,0.2545,0.3868,0.7340,1.5114,239,2.6733
06289000,ifs,2,0.0521,0.2843,0.6852,1.5881,239,2.7809
06332515,ifs,2,-0.6235,0.1484,0.4432,1.5533,239,4.2069
06339100,ifs,2,-0.5082,0.1375,0.4914,1.6142,239,3.2158
06339500,ifs,2,0.1400,0.4189,0.6273,1.4331,239,2.8803
06344600,ifs,2,-0.2920,0.2608,0.4166,1.4461,239,3.9187
06350000,ifs,2,-0.0441,0.3773,0.6366,1.4170,239,2.9649
06352000,ifs,2,-0.0153,0.3484,0.6912,1.4395,239,2.5121
06353000,ifs,2,-0.1270,0.3199,0.6364,1.4631,239,2.8393
06354000,ifs,2,0.0055,0.3982,0.6304,1.4135,239,2.9052
06360500,ifs,2,0.1907,0.5115,0.6884,1.3160,239,2.2787
06404000,ifs,2,0.1242,0.5025,0.6134,1.2969,239,3.1263
06406000,ifs,2,-0.0610,0.4584,0.5632,1.2733,239,3.1518
06408700,ifs,2,-0.0517,0.4351,0.5764,1.3312,239,2.9792
06409000,ifs,2,-0.3705,0.2619,0.6066,1.4455,239,3.3507
06431500,ifs,2,0.1469,0.4948,0.5432,1.1990,239,2.9974
06440200,ifs,2,-0.0684,0.4978,0.5030,1.0180,239,4.4059
06441500,ifs,2,0.1657,0.6026,0.6072,1.0172,239,3.1924
06447000,ifs,2,-0.0427,0.4474,0.4715,1.1606,239,3.4727
06447500,ifs,2,-0.6919,0.2081,0.2502,1.2271,239,5.1702
06450500,ifs,2,-0.0281,0.4255,0.4365,1.0569,239,4.6768
06452000,ifs,2,0.1406,0.5443,0.5558,1.0956,239,3.3697
06453600,ifs,2,0.2897,0.5653,0.6080,1.1491,239,4.5342
06464500,ifs,2,0.2410,0.4167,0.5161,0.9752,239,5.3902
06477500,ifs,2,0.0439,0.4519,0.4957,1.2058,239,4.8944
06479215,ifs,2,0.1013,0.4097,0.5009,1.2920,239,6.6522
06479438,ifs,2,-0.0398,0.3219,0.4055,1.2905,239,6.6451
06601000,ifs,2,0.1778,0.4136,0.4853,1.0576,239,6.7963
06614800,ifs,2,0.6931,0.6726,0.8412,0.9111,239,2.9797
06622700,ifs,2,0.4977,0.7060,0.7329,1.0981,239,2.5293
06623800,ifs,2,0.5792,0.6788,0.7953,1.2475,239,2.4876
06632400,ifs,2,0.4543,0.6417,0.7630,1.2484,239,2.8683
06784000,ifs,2,0.0867,0.4943,0.5138,1.1214,239,5.2490
06803510,ifs,2,-0.2514,0.1706,0.2108,0.9315,239,9.2384
06803530,ifs,2,-0.2219,0.2474,0.2707,1.0023,239,7.8340
06814000,ifs,2,-0.5055,0.2417,0.2828,1.2425,239,9.3648
06846500,ifs,2,0.2072,0.3875,0.4997,0.8220,239,3.7151
06847900,ifs,2,-0.1291,0.1831,0.2576,0.8444,239,5.3950
06853800,ifs,2,-0.1708,0.2152,0.2722,0.8266,239,5.8253
06876700,ifs,2,-0.2374,0.0966,0.1886,0.7333,239,11.0577
06878000,ifs,2,-0.1198,0.2316,0.2925,0.8457,239,8.4907
06879650,ifs,2,-0.0268,0.2689,0.3634,0.7413,239,9.7676
06885500,ifs,2,-0.2477,0.3796,0.3803,1.0289,239,9.8740
06888500,ifs,2,0.0200,0.2221,0.3503,0.7416,239,9.9432
06889200,ifs,2,-0.3738,0.2540,0.2587,0.9686,239,10.6303
06889500,ifs,2,-0.5415,0.2596,0.2609,1.0121,239,10.8805
06892000,ifs,2,-0.3740,0.2862,0.2872,0.9947,239,10.8833
06903400,ifs,2,-0.2036,0.2960,0.3149,0.9117,239,10.3910
06906800,ifs,2,0.2372,0.3358,0.5126,0.7420,239,9.5934
06910800,ifs,2,0.1137,0.2130,0.4044,0.6810,239,8.9833
06911900,ifs,2,0.0788,0.1955,0.3799,0.6702,239,9.6728
06917000,ifs,2,0.0417,0.2149,0.3614,0.7196,239,10.7493
06918460,ifs,2,0.3667,0.5047,0.6133,0.9089,239,7.9705
06919500,ifs,2,0.0834,0.4135,0.4544,0.9128,239,9.1175
06921070,ifs,2,0.2777,0.3534,0.5404,0.7600,239,9.6991
06921200,ifs,2,0.2931,0.3504,0.5504,0.7586,239,10.1876
06934000,ifs,2,0.3543,0.4909,0.6058,0.8703,239,6.9831
07014500,ifs,2,0.1736,0.1327,0.4354,0.6498,239,10.5717
07056000,ifs,2,0.1125,0.3355,0.4252,0.8949,239,8.4112
07057500,ifs,2,0.1993,0.4772,0.5215,0.9725,239,7.4774
07060710,ifs,2,0.0785,0.2201,0.3580,0.8697,239,9.0397
07066000,ifs,2,0.2312,0.4507,0.5258,0.9150,239,7.2850
07067000,ifs,2,0.2853,0.4928,0.5669,0.9079,239,6.2129
07068000,ifs,2,0.2889,0.5202,0.5773,0.9251,239,5.8227
07071500,ifs,2,0.1600,0.4727,0.5088,0.9283,239,6.8073
07083000,ifs,2,0.4866,0.6065,0.7497,1.3033,239,2.0723
07142300,ifs,2,0.0937,0.3109,0.4180,0.7916,239,4.9873
07145700,ifs,2,0.2552,0.1273,0.5423,0.6053,239,10.0345
07148400,ifs,2,-0.0373,0.3789,0.4132,0.8465,239,4.5430
07149000,ifs,2,-0.0088,0.4233,0.4449,0.8820,239,4.2483
07151500,ifs,2,0.2577,0.2074,0.5191,0.6769,239,6.7796
07167500,ifs,2,0.0523,0.1811,0.3500,0.7099,239,7.6885
07180500,ifs,2,0.2486,0.2676,0.5121,0.6794,239,6.9813
07184000,ifs,2,0.2701,0.2848,0.5255,0.7404,239,11.1338
07195800,ifs,2,0.2510,0.3899,0.5187,0.8730,239,9.5247
07196900,ifs,2,0.2702,0.3751,0.5281,0.8721,239,8.3342
07197000,ifs,2,0.2625,0.3812,0.5270,0.8379,239,8.0670
07208500,ifs,2,0.4525,0.5625,0.7050,1.2969,239,1.9242
07226500,ifs,2,0.2708,0.4634,0.5469,0.9646,239,2.1024
07261000,ifs,2,0.3220,0.4564,0.5796,0.8607,239,7.1133
07263295,ifs,2,0.3751,0.4696,0.6143,0.9070,239,7.2528
07290650,ifs,2,0.2617,0.4311,0.5345,0.9112,239,8.2615
07291000,ifs,2,0.2409,0.4256,0.5223,0.9016,239,8.4819
07292500,ifs,2,0.3369,0.4547,0.5887,0.8646,239,7.9888
07295000,ifs,2,0.3084,0.3950,0.5619,0.8319,239,9.2051
07299670,ifs,2,-0.0355,0.1922,0.2976,0.8163,239,4.6497
07301410,ifs,2,0.0336,0.0548,0.2611,0.8085,239,5.4964
07301500,ifs,2,0.0098,0.3495,0.3923,1.0414,239,3.2291
07315200,ifs,2,0.0824,0.3711,0.4331,0.8811,239,6.4750
07315700,ifs,2,-0.2896,0.3058,0.3852,1.3202,239,6.7617
07335700,ifs,2,0.1626,0.1784,0.4328,0.6466,239,10.0416
07340300,ifs,2,0.2965,0.4759,0.5790,0.8027,239,6.9685
07346045,ifs,2,-0.1895,0.4390,0.4722,1.1538,239,7.8981
07359610,ifs,2,0.1157,0.3962,0.4758,0.7802,239,8.7146
07362100,ifs,2,0.1244,0.5628,0.5732,1.0921,239,6.6350
07362587,ifs,2,0.3177,0.4552,0.5792,0.8316,239,8.4824
07373000,ifs,2,0.2831,0.5243,0.5740,0.9807,239,7.7210
07375000,ifs,2,0.1884,0.2303,0.4525,0.7317,239,12.2820
07376000,ifs,2,0.2125,0.3728,0.4953,0.8387,239,10.6004
08013000,ifs,2,0.4765,0.5481,0.6922,0.8650,239,7.3792
08014500,ifs,2,0.3815,0.5580,0.6350,0.8924,239,7.7905
08023080,ifs,2,0.3231,0.5310,0.5941,0.9728,239,7.6499
08025500,ifs,2,0.4336,0.4427,0.6652,0.8165,239,8.2885
08029500,ifs,2,0.1627,0.3872,0.4728,0.8720,239,10.5694
08050800,ifs,2,0.2568,0.2829,0.5213,0.6707,239,8.2477
08066200,ifs,2,0.2743,0.2972,0.5304,0.7483,239,11.7355
08066300,ifs,2,0.2740,0.2445,0.5328,0.7580,239,15.1314
08070000,ifs,2,0.4216,0.6915,0.7035,1.0805,239,6.9101
08070200,ifs,2,0.4792,0.7161,0.7253,1.0411,239,6.7092
08079600,ifs,2,0.1811,0.5401,0.5775,1.1783,239,2.7330
08082700,ifs,2,-0.1392,0.3239,0.3488,1.1140,239,5.6681
08086212,ifs,2,0.0775,0.3926,0.4366,1.0060,239,5.9144
08086290,ifs,2,0.1425,0.4593,0.4934,1.0072,239,5.6756
08101000,ifs,2,0.1699,0.4982,0.5268,1.0802,239,5.5844
08103900,ifs,2,0.2926,0.3729,0.5527,0.7577,239,7.8215
08104900,ifs,2,0.1339,0.3252,0.4345,0.8494,239,9.7938
08109700,ifs,2,0.2707,0.5157,0.5669,1.0587,239,9.0759
08150800,ifs,2,0.2599,0.2185,0.5213,0.6508,239,9.1613
08155200,ifs,2,-0.3107,0.3326,0.3698,1.2169,239,9.4922
08158700,ifs,2,-0.1415,0.4089,0.4349,1.1732,239,8.3206
08158810,ifs,2,-0.3480,0.3787,0.4450,1.2133,239,8.6015
08164000,ifs,2,0.2941,0.5807,0.6206,1.1584,239,6.2376
08164300,ifs,2,0.2825,0.5693,0.5957,1.0602,239,8.1781
08164600,ifs,2,0.1028,0.4898,0.5707,1.2737,239,7.0867
08165300,ifs,2,0.1463,0.1678,0.4013,0.7236,239,8.8271
08171300,ifs,2,-0.0379,0.4056,0.4229,1.0875,239,8.5952
08175000,ifs,2,0.2606,0.5282,0.5676,0.9611,239,7.4932
08176900,ifs,2,0.2985,0.5805,0.6707,1.2550,239,5.7829
08178880,ifs,2,0.1188,0.2845,0.4065,0.8778,239,10.0226
08189500,ifs,2,-0.0235,0.4156,0.4441,1.1568,239,7.4911
08190000,ifs,2,0.2195,0.1216,0.4873,0.6381,239,12.7709
08190500,ifs,2,0.2320,0.1799,0.4903,0.7075,239,12.1013
08194200,ifs,2,0.0317,0.1457,0.3130,0.7438,239,8.5271
08195000,ifs,2,0.2258,0.1815,0.4832,0.7042,239,11.4769
08196000,ifs,2,0.2570,0.2253,0.5136,0.7328,239,12.8739
08198500,ifs,2,0.2014,0.2633,0.4605,0.7868,239,11.2316
08200000,ifs,2,0.1368,0.2747,0.4139,0.8612,239,11.2352
08202700,ifs,2,0.1999,0.2502,0.4576,0.7761,239,11.5917
08267500,ifs,2,0.4311,0.5032,0.6582,0.8762,239,2.8669
08269000,ifs,2,0.4293,0.6183,0.6735,1.0920,239,2.1284
08271000,ifs,2,0.4261,0.4717,0.6563,0.8290,239,2.9982
08324000,ifs,2,0.2388,0.3639,0.6609,1.5360,239,2.0181
08377900,ifs,2,0.2341,0.4459,0.5685,1.3078,239,3.3150
08378500,ifs,2,0.2823,0.5031,0.6146,1.2959,239,2.7950
08380500,ifs,2,0.2488,0.4798,0.6136,1.3428,239,2.6733
09034900,ifs,2,0.4483,0.5569,0.6731,0.8972,239,2.9389
09035900,ifs,2,0.4499,0.6930,0.7200,1.1233,239,2.1679
09047700,ifs,2,0.4485,0.5708,0.7548,1.3481,239,2.0604
09065500,ifs,2,0.5782,0.7262,0.7923,1.1784,239,1.9380
09066000,ifs,2,0.5837,0.7417,0.7800,1.1127,239,1.6405
09066200,ifs,2,0.4560,0.6436,0.7543,1.2496,239,2.3302
09066300,ifs,2,0.5115,0.6814,0.7704,1.2181,239,2.1487
09081600,ifs,2,0.7380,0.7899,0.8636,1.1453,239,2.2300
09107000,ifs,2,0.5256,0.4049,0.8546,1.5210,239,1.6988
09210500,ifs,2,0.5751,0.7309,0.7878,1.1650,239,1.5193
09223000,ifs,2,0.5895,0.7074,0.8081,1.2173,239,1.8410
09306242,ifs,2,0.1426,0.1614,0.6860,1.7516,239,2.6182
09312600,ifs,2,0.2037,0.5062,0.5839,1.2592,239,2.7685
09352900,ifs,2,0.7164,0.7331,0.8580,1.2238,239,2.3531
09378170,ifs,2,0.5538,0.6756,0.7488,0.8962,239,2.3317
09378630,ifs,2,0.5227,0.6286,0.7270,0.8665,239,2.5386
09386900,ifs,2,-0.7152,-0.0730,0.5421,1.8310,239,2.9819
09404450,ifs,2,0.6028,0.7286,0.8120,1.1916,239,1.8430
09430500,ifs,2,0.3683,0.6261,0.6775,1.1855,239,1.8185
09430600,ifs,2,0.3411,0.6015,0.6281,1.0258,239,2.3207
09447800,ifs,2,-0.3641,0.4039,0.4283,1.0169,239,1.9175
09480000,ifs,2,0.2607,0.4335,0.5372,0.8780,239,2.9869
09484000,ifs,2,0.1960,0.5161,0.5439,1.0781,239,2.9968
09484600,ifs,2,0.2845,0.5104,0.5788,0.8552,239,2.5928
09492400,ifs,2,0.4268,0.5459,0.6552,0.9924,239,3.5954
09494000,ifs,2,0.4897,0.6751,0.7283,1.1576,239,2.4322
09497800,ifs,2,0.4086,0.5984,0.6559,0.9432,239,2.0435
09497980,ifs,2,0.4208,0.6364,0.6714,0.9863,239,2.4022
09505200,ifs,2,0.3203,0.5536,0.7180,1.3140,239,2.3790
09505350,ifs,2,0.4367,0.6906,0.7072,1.0906,239,2.2307
09505800,ifs,2,0.3400,0.5628,0.6886,1.3044,239,2.5286
09508300,ifs,2,0.1804,0.5672,0.5701,1.0097,239,2.7125
09510200,ifs,2,0.1700,0.3262,0.4562,0.8195,239,2.7300
09512280,ifs,2,-0.1130,0.2867,0.3429,1.2122,239,2.8204
09513780,ifs,2,-0.1277,0.3263,0.3462,1.0448,239,2.4878
10023000,ifs,2,0.5896,0.7047,0.7722,1.1050,239,2.3015
10166430,ifs,2,0.5903,0.6036,0.7736,0.8863,239,2.2912
10172700,ifs,2,0.4961,0.7037,0.7424,1.1434,239,1.9394
10172800,ifs,2,0.4364,0.6692,0.7106,1.1565,239,2.7474
10173450,ifs,2,0.6364,0.7590,0.8012,1.0492,239,2.1941
10205030,ifs,2,0.4747,0.6896,0.7128,1.0521,239,2.2059
10234500,ifs,2,0.5729,0.6549,0.7597,0.8661,239,2.2925
10242000,ifs,2,0.6776,0.6068,0.8353,0.7744,239,2.1649
10244950,ifs,2,0.5559,0.6716,0.7470,1.0178,239,1.9042
10249300,ifs,2,-0.1924,0.3564,0.4750,1.3554,239,2.4707
10258000,ifs,2,0.2929,0.4068,0.6078,1.4273,239,2.9935
10258500,ifs,2,-0.0602,0.0310,0.6595,1.8365,239,1.8761
10259000,ifs,2,0.3186,0.4701,0.6604,1.4068,239,2.2794
10259200,ifs,2,0.1802,0.2626,0.6115,1.6254,239,1.8166
10263500,ifs,2,0.4716,0.3254,0.7128,0.6044,239,4.3010
10310500,ifs,2,0.6805,0.8209,0.8553,1.0686,239,2.0560
10316500,ifs,2,0.4362,0.4152,0.6727,0.7498,239,2.7920
10329500,ifs,2,0.5411,0.4998,0.7524,0.8203,239,2.2193
10336645,ifs,2,0.8900,0.9314,0.9437,1.0216,239,2.7264
10336660,ifs,2,0.8929,0.8654,0.9464,0.9334,239,2.9292
10343500,ifs,2,0.7954,0.8824,0.9028,1.0509,239,2.4451
10348850,ifs,2,0.7391,0.4452,0.9429,0.6608,239,4.6582
10396000,ifs,2,0.6048,0.7126,0.7791,0.9525,239,2.1135
11098000,ifs,2,0.5004,0.2973,0.7505,0.5604,239,5.7794
11124500,ifs,2,0.5928,0.3884,0.8424,0.6789,239,4.4297
11141280,ifs,2,0.7390,0.6509,0.8678,0.7888,239,3.2252
11143000,ifs,2,0.5638,0.4918,0.7568,0.6716,239,6.6929
11148900,ifs,2,0.6424,0.7976,0.8186,0.9114,239,3.2705
11151300,ifs,2,0.6092,0.7891,0.8021,0.9286,239,2.3405
11162500,ifs,2,0.5334,0.7400,0.7554,0.9292,239,4.3385
11176400,ifs,2,0.5070,0.7569,0.7628,0.9612,239,2.3800
11180500,ifs,2,0.4257,0.6559,0.7653,1.1918,239,2.8931
11180960,ifs,2,0.4383,0.7077,0.7340,1.1103,239,3.4350
11224500,ifs,2,0.7421,0.7807,0.8640,0.8462,239,1.6557
11253310,ifs,2,0.8280,0.8131,0.9113,0.8430,239,1.1022
11264500,ifs,2,0.1496,0.2096,0.8253,1.5514,239,4.3836
11266500,ifs,2,0.3211,0.3774,0.8236,1.4345,239,4.2200
11274500,ifs,2,0.5791,0.7891,0.8121,1.0039,239,2.1001
11274630,ifs,2,0.6648,0.8214,0.8276,0.9644,239,1.7044
11284400,ifs,2,0.8123,0.7533,0.9259,1.1941,239,2.1998
11299600,ifs,2,0.2548,0.3527,0.8074,1.4441,239,4.2823
11381500,ifs,2,0.5959,0.6289,0.7734,0.8493,239,5.7610
11383500,ifs,2,0.6173,0.6760,0.7864,0.8708,239,5.6920
11451100,ifs,2,0.8057,0.7571,0.9123,1.2167,239,2.2882
11468500,ifs,2,0.8085,0.8966,0.9061,1.0397,239,2.9281
11473900,ifs,2,0.7943,0.7973,0.8926,0.9215,239,3.1207
11475560,ifs,2,0.6194,0.4102,0.8255,0.6098,239,8.0686
11476600,ifs,2,0.5375,0.7442,0.8104,1.0737,239,5.0071
11478500,ifs,2,0.7664,0.8639,0.8804,0.9409,239,3.5696
11480390,ifs,2,0.6285,0.8139,0.8296,0.9905,239,4.2382
11481200,ifs,2,0.7353,0.7857,0.8577,0.9427,239,4.0962
11482500,ifs,2,0.7412,0.6908,0.8687,0.8545,239,4.5377
11522500,ifs,2,0.7345,0.8392,0.8620,1.0676,239,3.0820
11523200,ifs,2,0.7386,0.8016,0.8612,0.8941,239,3.3686
11528700,ifs,2,0.7541,0.8383,0.8713,0.9237,239,3.0062
11532500,ifs,2,0.7458,0.7220,0.8671,0.8584,239,5.5854
12010000,ifs,2,0.6128,0.4677,0.8261,0.6853,239,7.1055
12013500,ifs,2,0.7109,0.6412,0.8562,0.7949,239,4.8150
12020000,ifs,2,0.7153,0.6984,0.8509,0.8153,239,4.0009
12025000,ifs,2,0.7064,0.5777,0.8659,0.7435,239,3.9123
12025700,ifs,2,0.7379,0.8091,0.8592,0.9727,239,3.3296
12035000,ifs,2,0.7657,0.5690,0.9093,0.7020,239,5.3621
12040500,ifs,2,0.8104,0.6413,0.9276,0.7685,239,5.5530
12041200,ifs,2,0.7604,0.5300,0.9284,0.6990,239,6.8594
12043000,ifs,2,0.7604,0.6031,0.9052,0.7696,239,5.4011
12048000,ifs,2,0.6305,0.6525,0.8308,1.3015,239,3.1879
12054000,ifs,2,0.7831,0.7007,0.9006,0.8894,239,4.1668
12056500,ifs,2,0.8483,0.7335,0.9357,0.8620,239,4.6252
12073500,ifs,2,0.5878,0.7002,0.7687,0.9391,239,3.6560
12082500,ifs,2,0.8182,0.7498,0.9118,0.8535,239,4.0910
12092000,ifs,2,0.7964,0.6913,0.9077,0.8285,239,4.3695
12095000,ifs,2,0.6758,0.8250,0.8319,1.0266,239,4.2111
12114500,ifs,2,0.7045,0.4318,0.9180,0.6208,239,6.2815
12115000,ifs,2,0.7112,0.4398,0.9205,0.6280,239,6.1779
12115500,ifs,2,0.7296,0.5094,0.9123,0.7030,239,5.9972
12117000,ifs,2,0.7039,0.5215,0.8861,0.7148,239,6.2098
12141300,ifs,2,0.6856,0.4707,0.8899,0.6704,239,7.4955
12143600,ifs,2,0.6935,0.5137,0.8818,0.7200,239,6.9527
12144000,ifs,2,0.7033,0.5493,0.8774,0.7505,239,6.4053
12145500,ifs,2,0.6600,0.4802,0.8619,0.6724,239,5.4093
12147600,ifs,2,0.6435,0.4373,0.8671,0.6465,239,9.7772
12167000,ifs,2,0.8274,0.7040,0.9278,0.8415,239,4.6721
12175500,ifs,2,0.8479,0.8660,0.9212,0.9450,239,3.0828
12186000,ifs,2,0.8451,0.6608,0.9473,0.7849,239,4.5875
12189500,ifs,2,0.8884,0.7541,0.9574,0.8585,239,3.2775
12358500,ifs,2,0.6319,0.6171,0.8042,0.7882,239,4.2016
12377150,ifs,2,0.5006,0.4122,0.7458,0.6041,239,4.6919
12381400,ifs,2,0.5937,0.4959,0.8008,0.6803,239,3.8075
12390700,ifs,2,0.6477,0.7591,0.8066,0.9736,239,2.7326
12411000,ifs,2,0.6426,0.5647,0.8206,0.7562,239,3.3017
12414500,ifs,2,0.7340,0.7310,0.8603,0.8597,239,2.9053
12447390,ifs,2,0.4396,0.6028,0.7076,1.2608,239,2.0765
12451000,ifs,2,0.8506,0.8117,0.9395,1.1424,239,2.1618
12488500,ifs,2,0.8079,0.6774,0.9182,0.8230,239,3.5436
13011500,ifs,2,0.6714,0.7786,0.8558,1.1404,239,2.0936
13011900,ifs,2,0.6761,0.7727,0.8499,1.1642,239,2.0025
13018300,ifs,2,0.6018,0.7101,0.7772,0.9594,239,2.3351
13023000,ifs,2,0.5301,0.6817,0.8009,1.2200,239,2.1042
13161500,ifs,2,0.6407,0.4958,0.8415,1.4765,239,1.2763
13235000,ifs,2,0.7064,0.8270,0.8444,1.0108,239,2.3750
13240000,ifs,2,0.6935,0.7555,0.8350,0.8803,239,3.1575
13310700,ifs,2,0.7332,0.8476,0.8600,1.0005,239,2.2564
13313000,ifs,2,0.6907,0.6192,0.8452,0.7847,239,2.9093
13331500,ifs,2,0.7032,0.8244,0.8455,0.9333,239,2.7344
13337000,ifs,2,0.7964,0.8760,0.8970,0.9336,239,2.7029
13338500,ifs,2,0.6031,0.7671,0.7968,1.1093,239,2.8986
13340000,ifs,2,0.7535,0.8766,0.8784,1.0171,239,2.5111
13340600,ifs,2,0.8175,0.7738,0.9084,0.8556,239,2.8761
14020000,ifs,2,0.5930,0.7881,0.7932,0.9573,239,3.0977
14092750,ifs,2,0.6326,0.6807,0.8707,1.1979,239,3.4196
14096850,ifs,2,0.1193,0.4745,0.6996,1.3099,239,3.2671
14137000,ifs,2,0.8648,0.9128,0.9311,0.9539,239,3.1554
14138800,ifs,2,0.8675,0.7464,0.9396,0.8048,239,4.2630
14138870,ifs,2,0.8490,0.7802,0.9260,0.8434,239,4.7143
14138900,ifs,2,0.8103,0.6022,0.9305,0.7178,239,6.2720
14139800,ifs,2,0.8222,0.7748,0.9105,0.8253,239,4.9725
14141500,ifs,2,0.8365,0.9049,0.9199,0.9513,239,4.0780
14154500,ifs,2,0.7740,0.8810,0.8940,0.9877,239,2.6666
14158500,ifs,2,0.8004,0.8696,0.9013,0.9149,239,3.1804
14158790,ifs,2,0.8241,0.6659,0.9252,0.7529,239,3.8208
14166500,ifs,2,0.6998,0.7968,0.8380,0.9584,239,3.5005
14182500,ifs,2,0.7605,0.8341,0.8762,0.9019,239,3.9889
14185000,ifs,2,0.7938,0.8840,0.9018,0.9525,239,3.2748
14185900,ifs,2,0.8173,0.7800,0.9076,0.8287,239,3.7056
14187000,ifs,2,0.7261,0.8031,0.8576,0.8796,239,3.9303
14216500,ifs,2,0.8972,0.8647,0.9499,0.8744,239,2.9961
14222500,ifs,2,0.7758,0.5521,0.9194,0.6902,239,7.0858
14236200,ifs,2,0.8150,0.6630,0.9275,0.8078,239,3.7095
14301000,ifs,2,0.8202,0.6185,0.9351,0.7409,239,3.8042
14303200,ifs,2,0.7557,0.4944,0.9186,0.6356,239,5.7658
14305500,ifs,2,0.6343,0.4600,0.8387,0.6607,239,8.3563
14306340,ifs,2,0.7079,0.7405,0.8433,0.8584,239,3.8422
14306500,ifs,2,0.7279,0.7693,0.8548,0.8750,239,4.0009
14308990,ifs,2,0.6505,0.7872,0.8157,1.0838,239,2.6644
14309500,ifs,2,0.6391,0.6199,0.8047,0.7437,239,4.0588
14316700,ifs,2,0.7693,0.8659,0.8971,0.9901,239,2.5570
14325000,ifs,2,0.6253,0.5951,0.7975,0.7325,239,5.1591
14362250,ifs,2,0.4969,0.6561,0.7907,1.2329,239,2.9615
14400000,ifs,2,0.6713,0.6913,0.8227,0.7945,239,6.5055
01013500,ifs,3,0.2090,0.5511,0.5984,1.1988,239,4.9154
01022500,ifs,3,0.3868,0.6135,0.6536,1.0851,239,4.9392
01030500,ifs,3,0.3948,0.6630,0.6767,1.0602,239,4.2206
01031500,ifs,3,0.0925,0.5340,0.6015,1.2142,239,5.4358
01047000,ifs,3,0.0567,0.5261,0.5593,1.1634,239,5.9652
01052500,ifs,3,-0.3340,0.3232,0.4107,1.3170,239,6.4689
01054200,ifs,3,-0.3117,0.3850,0.4203,1.1703,239,8.2989
01055000,ifs,3,-0.0855,0.4902,0.5121,1.1094,239,6.0052
01057000,ifs,3,-0.0878,0.4903,0.5163,1.1180,239,6.3332
01073000,ifs,3,-0.4082,0.3277,0.4159,1.2870,239,7.1988
01078000,ifs,3,-0.3928,0.3280,0.3597,1.1885,239,7.4149
01118300,ifs,3,0.3426,0.4800,0.6001,0.8257,239,9.3673
01121000,ifs,3,0.3135,0.6540,0.6565,0.9583,239,6.8408
01123000,ifs,3,0.2251,0.6093,0.6224,0.9025,239,7.6418
01134500,ifs,3,0.0544,0.4700,0.4814,1.0473,239,6.3575
01137500,ifs,3,0.0818,0.4477,0.4927,1.1847,239,6.3004
01139000,ifs,3,0.1567,0.4651,0.5164,1.1636,239,5.6852
01139800,ifs,3,0.1212,0.4001,0.4569,0.9432,239,6.4882
01142500,ifs,3,-0.5637,0.2758,0.4527,1.3574,239,7.2102
01144000,ifs,3,-0.0870,0.4785,0.4993,1.1243,239,6.4717
01169000,ifs,3,0.3624,0.6118,0.7575,1.2214,239,5.5513
01170100,ifs,3,0.3619,0.5742,0.7709,1.2679,239,5.4141
01181000,ifs,3,0.1570,0.6052,0.6355,1.0766,239,6.9461
01187300,ifs,3,-0.2830,0.3425,0.6341,1.3094,239,7.4950
01195100,ifs,3,0.3193,0.5157,0.6009,0.8201,239,7.9342
01333000,ifs,3,0.1146,0.5064,0.5402,1.1732,239,6.5674
01350000,ifs,3,0.0697,0.3211,0.3958,0.9971,239,9.7499
01350080,ifs,3,0.0998,0.4014,0.4488,1.0213,239,7.4926
01350140,ifs,3,0.1086,0.4513,0.4794,1.0180,239,7.0669
01365000,ifs,3,0.1529,0.5276,0.5460,1.1066,239,7.7429
01411300,ifs,3,0.1811,0.3065,0.4531,0.8493,239,9.7706
01413500,ifs,3,0.1751,0.4250,0.4912,0.9141,239,8.6763
01414500,ifs,3,0.1792,0.4489,0.5008,1.0291,239,9.2155
01415000,ifs,3,0.2211,0.5788,0.5858,1.0408,239,6.9418
01423000,ifs,3,0.2439,0.5915,0.5972,1.0128,239,6.7648
01434025,ifs,3,0.2413,0.4542,0.5312,0.9237,239,9.3415
01435000,ifs,3,0.2189,0.4781,0.5291,0.9804,239,8.9253
01439500,ifs,3,0.3891,0.6321,0.6648,0.8962,239,5.9591
01440000,ifs,3,0.3678,0.6423,0.6637,0.9002,239,6.4173
01440400,ifs,3,0.3975,0.5487,0.6545,0.7901,239,6.5397
01451800,ifs,3,-0.2556,0.4461,0.4871,1.0920,239,7.6606
01466500,ifs,3,0.0659,0.4986,0.5032,0.9772,239,6.9483
01484100,ifs,3,0.0678,0.4367,0.4667,1.1054,239,7.5230
01485500,ifs,3,0.2387,0.4039,0.5140,0.9008,239,8.2030
01486000,ifs,3,0.1756,0.3865,0.4718,0.9824,239,8.7701
01487000,ifs,3,0.2279,0.4726,0.5344,1.0980,239,7.2484
01491000,ifs,3,0.1178,0.5141,0.5524,1.1879,239,5.8205
01510000,ifs,3,0.4263,0.5933,0.6638,0.9400,239,5.5176
01516500,ifs,3,0.2082,0.6255,0.6321,1.0093,239,5.1574
01518862,ifs,3,0.2492,0.5656,0.5847,0.9406,239,5.2993
01532000,ifs,3,0.0601,0.5125,0.5138,1.0071,239,6.7587
01539000,ifs,3,0.1021,0.5482,0.5483,0.9947,239,6.8741
01542810,ifs,3,0.0592,0.4920,0.4998,0.9390,239,6.3956
01543000,ifs,3,0.1121,0.5498,0.5520,0.9566,239,5.9920
01543500,ifs,3,0.2336,0.5877,0.5984,0.9226,239,5.9898
01544500,ifs,3,0.1010,0.5396,0.5408,0.9760,239,5.9942
01545600,ifs,3,0.1465,0.5675,0.5677,1.0064,239,5.9758
01547700,ifs,3,0.1432,0.3623,0.4495,0.9136,239,9.9437
01548500,ifs,3,0.1738,0.5758,0.5783,0.9594,239,5.3662
01549500,ifs,3,-0.0524,0.5068,0.5157,1.0493,239,6.7412
01550000,ifs,3,-0.0597,0.4621,0.4634,1.0346,239,7.5411
01552000,ifs,3,0.0156,0.3825,0.4164,0.9259,239,8.2962
01552500,ifs,3,-0.0677,0.4539,0.4545,0.9876,239,7.2439
01557500,ifs,3,0.1606,0.4364,0.5001,0.8455,239,8.6567
01567500,ifs,3,0.0733,0.4468,0.4758,0.8875,239,7.5062
01568000,ifs,3,0.1314,0.5400,0.5491,0.9182,239,6.4311
01580000,ifs,3,0.3005,0.6248,0.6299,0.9868,239,5.2088
01583500,ifs,3,0.2951,0.6228,0.6299,1.0502,239,5.1942
01586610,ifs,3,0.3358,0.6421,0.6493,1.0410,239,5.1022
01591400,ifs,3,0.4385,0.5334,0.6725,0.7873,239,6.0959
01596500,ifs,3,0.0280,0.3659,0.4088,0.9335,239,7.2174
01605500,ifs,3,0.3619,0.4158,0.6092,0.7930,239,5.3284
01606500,ifs,3,0.4069,0.5112,0.6447,0.8519,239,4.7729
01613050,ifs,3,-0.0003,0.4537,0.4615,0.9502,239,6.6166
01620500,ifs,3,0.4293,0.5932,0.6645,1.0400,239,4.2786
01632000,ifs,3,0.3932,0.4638,0.6398,0.7684,239,5.4905
01632900,ifs,3,0.2906,0.3994,0.5535,0.8130,239,5.7902
01634500,ifs,3,0.1395,0.4210,0.4788,0.8883,239,6.4394
01638480,ifs,3,0.2423,0.5531,0.5765,0.9316,239,5.9911
01639500,ifs,3,0.3118,0.6155,0.6262,0.9959,239,5.1053
01644000,ifs,3,0.3143,0.5752,0.6107,0.9203,239,5.3217
01658500,ifs,3,0.2231,0.4090,0.5196,0.8025,239,6.3994
01664000,ifs,3,0.2928,0.5224,0.5820,0.9025,239,5.7478
01666500,ifs,3,0.2529,0.4992,0.5552,0.9133,239,5.9365
01667500,ifs,3,0.3088,0.4929,0.5827,0.8652,239,5.4506
01669000,ifs,3,-0.0221,0.2905,0.3469,0.9749,239,8.2144
01669520,ifs,3,0.0223,0.2656,0.3500,0.9293,239,7.9789
02011400,ifs,3,0.4129,0.5579,0.6530,0.8810,239,4.5762
02011460,ifs,3,0.3888,0.5420,0.6338,0.9118,239,4.9690
02013000,ifs,3,0.2988,0.5082,0.5832,0.8666,239,5.2680
02014000,ifs,3,0.2923,0.5871,0.6078,0.9436,239,4.7358
02015700,ifs,3,0.3748,0.5162,0.6185,0.9612,239,4.8744
02016000,ifs,3,0.4562,0.6315,0.6864,0.9742,239,3.9935
02017500,ifs,3,0.1166,0.5581,0.5595,1.0353,239,4.6818
02018000,ifs,3,0.1522,0.5839,0.5906,1.0668,239,4.3843
02027000,ifs,3,0.4837,0.6878,0.7342,1.1585,239,3.7567
02027500,ifs,3,0.4487,0.6752,0.7089,1.1283,239,4.0289
02028500,ifs,3,0.3888,0.6105,0.6553,0.8962,239,4.4409
02038850,ifs,3,0.1506,0.4365,0.4913,0.8817,239,5.4577
02046000,ifs,3,0.0306,0.4413,0.4575,1.0571,239,6.7699
02051000,ifs,3,-0.0536,0.3994,0.4151,1.0802,239,7.5403
02051500,ifs,3,0.0669,0.4721,0.4963,1.1341,239,6.4126
02053200,ifs,3,0.2377,0.5246,0.5781,1.1834,239,6.3597
02053800,ifs,3,0.1742,0.5312,0.5472,0.9320,239,4.8662
02055100,ifs,3,-0.1811,0.3700,0.4566,1.3115,239,5.2106
02056900,ifs,3,0.2199,0.5771,0.5832,1.0152,239,5.2473
02059500,ifs,3,-0.0001,0.5344,0.5451,1.0418,239,4.6632
02064000,ifs,3,-0.0249,0.4710,0.4950,1.1572,239,5.0368
02065500,ifs,3,0.0739,0.4940,0.5137,1.1289,239,5.0855
02069700,ifs,3,0.3941,0.5249,0.6394,0.8358,239,5.5006
02070000,ifs,3,0.3259,0.4634,0.5898,0.8077,239,5.7338
02074500,ifs,3,0.3053,0.4870,0.5743,1.0901,239,6.2108
02077200,ifs,3,0.1830,0.5969,0.6182,1.1135,239,5.0080
02081500,ifs,3,0.2843,0.5786,0.6076,1.1129,239,5.3754
02082950,ifs,3,0.1874,0.4264,0.6454,1.4418,239,4.9205
02092500,ifs,3,0.0987,0.5310,0.5950,1.2183,239,5.9587
02096846,ifs,3,0.2983,0.4663,0.5623,1.0264,239,7.5499
02102908,ifs,3,0.3437,0.5216,0.6022,0.9525,239,6.7201
02108000,ifs,3,0.2984,0.6287,0.6383,1.0771,239,5.4230
02111180,ifs,3,0.3033,0.3400,0.5661,0.7206,239,6.2235
02111500,ifs,3,0.2635,0.2613,0.5404,0.6240,239,6.2821
02118500,ifs,3,0.1446,0.4517,0.5147,0.7955,239,5.7771
02128000,ifs,3,-0.3605,0.4047,0.5778,1.0889,239,7.7013
02137727,ifs,3,0.2851,0.4081,0.5503,0.8239,239,7.0697
02140991,ifs,3,0.3153,0.4320,0.5818,0.7733,239,5.9502
02143000,ifs,3,0.3013,0.4610,0.5771,0.8010,239,5.9081
02143040,ifs,3,0.1565,0.4231,0.5063,0.7745,239,6.4458
02149000,ifs,3,0.2238,0.2456,0.4929,0.6762,239,8.8147
02152100,ifs,3,0.1787,0.4632,0.5269,0.8129,239,6.0835
02177000,ifs,3,0.2176,0.3754,0.5027,0.8136,239,7.9545
02178400,ifs,3,0.0757,0.4047,0.4549,0.8551,239,7.3268
02193340,ifs,3,0.0461,0.4400,0.4597,1.0594,239,7.1012
02196000,ifs,3,0.1213,0.3472,0.4412,0.8374,239,7.4712
02198100,ifs,3,0.0983,0.2387,0.3827,0.8227,239,9.9347
02202600,ifs,3,-0.1060,0.4270,0.4375,1.1075,239,6.3148
02212600,ifs,3,-0.0915,0.3284,0.3539,1.0308,239,8.9247
02215100,ifs,3,0.0107,0.2677,0.3526,0.8667,239,8.4206
02216180,ifs,3,0.1171,0.2727,0.4038,0.8516,239,9.3690
02221525,ifs,3,0.0203,0.4292,0.4458,1.0346,239,7.5254
02231000,ifs,3,0.2193,0.3585,0.5052,0.7884,239,5.9218
02231342,ifs,3,0.1624,0.3736,0.4614,0.9495,239,6.1825
02235200,ifs,3,0.2004,0.3699,0.4917,0.8281,239,6.2078
02245500,ifs,3,0.0944,0.3499,0.4200,0.9951,239,6.0660
02246000,ifs,3,0.1086,0.3957,0.4536,0.9045,239,5.5414
02296500,ifs,3,0.1705,0.4008,0.4812,0.8947,239,5.5536
02297155,ifs,3,0.0158,0.2826,0.3589,0.9062,239,8.2426
02297310,ifs,3,0.0455,0.2927,0.3831,0.8465,239,7.6423
02298123,ifs,3,-0.0188,0.2102,0.3046,0.9148,239,7.2416
02298608,ifs,3,-0.1962,0.1592,0.2318,0.8025,239,9.2500
02299950,ifs,3,-0.3216,0.2045,0.2281,0.8976,239,9.0501
02300700,ifs,3,0.0849,0.1387,0.3369,0.8068,239,8.9495
02310947,ifs,3,0.0196,0.2025,0.3221,0.8594,239,7.6323
02312200,ifs,3,-0.0067,0.1717,0.2862,0.9474,239,9.1225
02314500,ifs,3,0.3053,0.3852,0.5628,0.8086,239,6.4535
02315500,ifs,3,0.3543,0.4353,0.6073,0.7949,239,5.6827
02324400,ifs,3,0.2603,0.2794,0.5204,0.7593,239,8.9794
02327100,ifs,3,-0.0943,0.2022,0.2944,0.7735,239,9.2618
02349900,ifs,3,0.0254,0.2040,0.3342,0.7955,239,9.3322
02350900,ifs,3,0.0032,0.2952,0.3677,0.8559,239,7.4327
02361000,ifs,3,0.1353,0.4079,0.4737,0.8651,239,6.6164
02363000,ifs,3,0.1814,0.4124,0.4928,0.8690,239,7.1122
02369800,ifs,3,0.1822,0.1230,0.4536,0.6275,239,11.6740
02371500,ifs,3,0.0884,0.2519,0.3779,0.8695,239,8.9102
02372250,ifs,3,0.0516,0.2774,0.3754,0.8540,239,8.8923
02374500,ifs,3,0.1305,0.2508,0.4147,0.7691,239,9.3450
02381600,ifs,3,0.0269,0.3577,0.4017,0.9694,239,9.9330
02384540,ifs,3,0.2603,0.4679,0.5462,0.9100,239,7.5438
02395120,ifs,3,0.1366,0.5066,0.5478,1.1895,239,6.9655
02408540,ifs,3,0.0191,0.3116,0.3771,0.8986,239,9.3746
02415000,ifs,3,0.0136,0.3047,0.3778,0.8454,239,10.1210
02422500,ifs,3,0.0436,0.3256,0.3895,0.9507,239,8.5582
02427250,ifs,3,-0.0616,0.4325,0.4362,0.9839,239,7.9039
02430085,ifs,3,0.3757,0.6436,0.6611,1.0607,239,6.8193
02450250,ifs,3,0.4437,0.5036,0.6733,0.7812,239,7.2034
02464000,ifs,3,0.2361,0.3772,0.5059,0.8819,239,9.8224
02465493,ifs,3,0.1692,0.4770,0.5111,1.0087,239,7.7823
02469800,ifs,3,0.0671,0.2784,0.3894,0.8072,239,8.7523
02472000,ifs,3,0.4733,0.6701,0.7068,0.9299,239,7.5909
02472500,ifs,3,0.3529,0.5505,0.6300,0.8151,239,9.1780
02479155,ifs,3,0.3831,0.3124,0.6506,0.7121,239,10.3671
02479300,ifs,3,0.4021,0.2004,0.7654,0.5764,239,13.5438
02481000,ifs,3,0.3373,0.1153,0.7451,0.5085,239,17.1308
02481510,ifs,3,0.3732,0.1805,0.7170,0.5280,239,13.6963
03010655,ifs,3,0.2236,0.5325,0.5582,0.9548,239,5.8245
03011800,ifs,3,0.1767,0.4471,0.5048,0.8929,239,7.0176
03015500,ifs,3,0.1396,0.5314,0.5392,1.0443,239,5.9788
03021350,ifs,3,0.1890,0.5501,0.5608,1.0463,239,6.7626
03026500,ifs,3,0.1652,0.4718,0.5141,0.8916,239,6.6382
03028000,ifs,3,0.1814,0.4685,0.5147,0.9158,239,6.7948
03049800,ifs,3,-0.0015,0.4112,0.4286,0.9828,239,8.8606
03050000,ifs,3,0.3330,0.4207,0.5823,0.8652,239,7.5341
03066000,ifs,3,0.2448,0.4582,0.5327,0.9596,239,7.1371
03069500,ifs,3,0.2857,0.5037,0.5674,0.9790,239,6.5228
03070500,ifs,3,-0.0565,0.4590,0.4600,1.0229,239,7.8502
03076600,ifs,3,0.0473,0.2908,0.3825,0.8444,239,8.7685
03078000,ifs,3,0.0461,0.3035,0.3805,0.9176,239,8.6605
03140000,ifs,3,-0.5423,0.3114,0.3286,1.0742,239,8.8340
03144000,ifs,3,-0.0326,0.3395,0.3860,0.8528,239,8.8722
03159540,ifs,3,0.0152,0.2359,0.3517,0.7739,239,9.2243
03161000,ifs,3,0.2408,0.3802,0.5196,0.8047,239,5.9314
03164000,ifs,3,0.2954,0.4965,0.5871,0.8100,239,5.0075
03165000,ifs,3,0.3301,0.4012,0.5909,0.7335,239,5.8298
03170000,ifs,3,0.2605,0.5538,0.5836,0.9163,239,4.8012
03173000,ifs,3,0.1645,0.5631,0.5734,0.9090,239,4.5504
03180500,ifs,3,0.3781,0.5108,0.6204,0.9400,239,5.3668
03182500,ifs,3,0.3935,0.5486,0.6382,0.9096,239,4.8267
03186500,ifs,3,0.2449,0.5302,0.5626,0.9778,239,6.4441
03187500,ifs,3,0.2361,0.5451,0.5673,1.0130,239,6.4129
03213700,ifs,3,0.3236,0.5695,0.6106,0.9312,239,5.8049
03237280,ifs,3,0.1419,0.4141,0.4755,0.8934,239,7.2141
03237500,ifs,3,0.1466,0.3964,0.4702,0.8790,239,7.2688
03241500,ifs,3,0.0652,0.2970,0.3959,0.8200,239,9.6330
03280700,ifs,3,0.1518,0.3628,0.4627,0.8350,239,6.6624
03281100,ifs,3,0.1742,0.4844,0.5197,0.9268,239,6.2972
03281500,ifs,3,0.2846,0.4945,0.5722,0.8638,239,5.6708
03285000,ifs,3,0.1463,0.2141,0.4191,0.7267,239,8.2772
03291780,ifs,3,0.2928,0.3914,0.5473,0.8725,239,8.6715
03300400,ifs,3,0.2124,0.2392,0.4796,0.7113,239,8.5702
03340800,ifs,3,0.1600,0.4145,0.4776,0.9645,239,9.4911
03346000,ifs,3,0.2328,0.5632,0.5771,1.0248,239,7.6553
03364500,ifs,3,0.3523,0.3700,0.6000,0.7813,239,10.6408
03366500,ifs,3,0.2710,0.3905,0.5316,0.8810,239,8.6445
03368000,ifs,3,0.2566,0.2489,0.5210,0.6903,239,11.2422
03384450,ifs,3,0.0942,0.2461,0.3924,0.7647,239,9.0503
03439000,ifs,3,0.2285,0.3987,0.5214,0.7924,239,6.9948
03450000,ifs,3,0.1645,0.4195,0.5117,0.7587,239,5.9947
03455500,ifs,3,0.2605,0.4312,0.5589,0.7524,239,6.2126
03456500,ifs,3,0.3551,0.5318,0.6284,0.8019,239,5.4352
03460000,ifs,3,0.0948,0.4563,0.4887,0.8769,239,6.8403
03463300,ifs,3,0.3282,0.5016,0.5980,0.8454,239,6.5422
03471500,ifs,3,0.2809,0.6036,0.6145,0.9469,239,5.1653
03473000,ifs,3,0.1761,0.5451,0.5575,0.9284,239,5.7222
03479000,ifs,3,0.1897,0.4597,0.5206,0.8586,239,5.4058
03488000,ifs,3,0.1874,0.5598,0.5681,0.9454,239,5.5719
03498500,ifs,3,0.0330,0.4670,0.4753,0.9629,239,7.5482
03500000,ifs,3,0.0706,0.3981,0.4450,0.8851,239,7.1304
03504000,ifs,3,0.0822,0.2968,0.4220,0.7346,239,8.3722
03574500,ifs,3,0.3047,0.4639,0.5690,0.8940,239,7.7473
03604000,ifs,3,0.2393,0.4110,0.5223,0.8446,239,8.4938
04015330,ifs,3,-0.0117,0.3569,0.3922,0.9407,239,6.5579
04024430,ifs,3,0.1970,0.5550,0.5834,1.1505,239,4.5088
04027000,ifs,3,-0.0632,0.3110,0.5479,1.5071,239,4.6813
04040500,ifs,3,-0.3646,0.3246,0.3947,1.2810,239,6.2256
04043050,ifs,3,-0.7960,0.2526,0.3322,1.1853,239,6.5296
04045500,ifs,3,0.0191,0.4292,0.6216,1.3753,239,5.0581
04056500,ifs,3,-0.0266,0.4185,0.5731,1.3678,239,4.8277
04057510,ifs,3,0.1342,0.5090,0.5482,1.1850,239,5.2018
04057800,ifs,3,0.0641,0.4869,0.5015,1.1002,239,5.2141
04059500,ifs,3,0.2615,0.5880,0.6110,1.1219,239,4.4615
04063700,ifs,3,-0.0489,0.4128,0.5548,1.3590,239,4.8819
04074950,ifs,3,-0.1808,0.4176,0.4823,1.2401,239,5.7213
04105700,ifs,3,0.1901,0.4113,0.4912,0.9201,239,6.4860
04115265,ifs,3,0.2069,0.4721,0.5250,1.0825,239,6.4023
04122200,ifs,3,0.2086,0.4897,0.5323,1.0589,239,6.4097
04122500,ifs,3,0.2396,0.5590,0.5814,1.0882,239,5.9120
04124000,ifs,3,0.4329,0.4748,0.6635,0.8163,239,6.4891
04127997,ifs,3,0.4051,0.4841,0.6442,0.7993,239,5.9838
04185000,ifs,3,-0.0970,0.3884,0.4009,0.9196,239,6.8893
04196800,ifs,3,-0.0036,0.4523,0.4582,0.9873,239,7.0796
04197100,ifs,3,-0.0127,0.3892,0.4113,1.0098,239,7.9575
04197170,ifs,3,-0.0160,0.4437,0.4553,1.0856,239,7.2135
04213000,ifs,3,-0.1867,0.4172,0.5279,1.2818,239,6.9741
04213075,ifs,3,-0.6473,0.2128,0.4454,1.4437,239,9.2392
04216418,ifs,3,0.1616,0.5830,0.5831,0.9928,239,6.7869
04221000,ifs,3,0.2629,0.5664,0.5866,0.9781,239,5.3220
04224775,ifs,3,0.1129,0.5080,0.5208,1.0745,239,6.4876
04256000,ifs,3,0.1152,0.5503,0.5610,1.0976,239,5.6197
04296000,ifs,3,0.0859,0.4644,0.4895,1.1069,239,5.9700
05057000,ifs,3,-0.1253,0.3337,0.5075,1.4364,239,3.9635
05057200,ifs,3,-0.6081,0.1986,0.4284,1.4747,239,4.3691
05062500,ifs,3,-0.5238,0.2695,0.3869,1.3451,239,5.4339
05087500,ifs,3,0.2162,0.5177,0.5847,1.2349,239,4.7102
05120500,ifs,3,-0.1497,0.3595,0.4945,1.3779,239,4.3135
05123400,ifs,3,0.0181,0.4454,0.4725,1.1525,239,4.9836
05129115,ifs,3,-0.4377,0.3096,0.3817,1.2752,239,5.3022
05131500,ifs,3,-0.6502,0.2503,0.3256,1.2685,239,5.3390
05291000,ifs,3,0.2826,0.4152,0.5472,1.1678,239,5.8144
05362000,ifs,3,-0.1988,0.3263,0.5369,1.4411,239,5.6331
05393500,ifs,3,0.0586,0.4551,0.5325,1.2799,239,5.4669
05399500,ifs,3,0.1263,0.4934,0.5240,1.1449,239,6.6331
05408000,ifs,3,0.0075,0.2366,0.3302,0.9032,239,8.9686
05412500,ifs,3,0.4495,0.6159,0.6814,0.9257,239,5.6144
05413500,ifs,3,0.3843,0.5920,0.6446,0.9161,239,6.7646
05414000,ifs,3,0.3306,0.5763,0.6133,0.9945,239,6.9112
05444000,ifs,3,0.0351,0.5097,0.5776,1.2197,239,7.1045
05454000,ifs,3,0.0953,0.4957,0.5062,0.9575,239,8.2297
05458000,ifs,3,0.2609,0.4797,0.5502,0.9164,239,6.7870
05466500,ifs,3,0.3407,0.5293,0.6224,0.7833,239,8.5698
05487980,ifs,3,0.0018,0.3296,0.3840,0.8825,239,8.9892
05488200,ifs,3,0.1099,0.3314,0.4210,0.9069,239,10.2994
05489000,ifs,3,-0.0368,0.3300,0.3776,0.8556,239,10.2992
05495000,ifs,3,-0.1582,0.4717,0.4935,1.0810,239,7.9485
05495500,ifs,3,0.1983,0.4340,0.5065,0.8933,239,7.9361
05501000,ifs,3,0.1842,0.3894,0.4783,0.9402,239,9.0743
05503800,ifs,3,0.0406,0.4675,0.4838,1.1049,239,7.7333
05507600,ifs,3,0.0204,0.4977,0.5410,1.1960,239,6.5146
05508805,ifs,3,0.3907,0.6848,0.6991,1.0934,239,5.0559
05514500,ifs,3,0.2726,0.5380,0.5756,1.0086,239,6.0589
05525500,ifs,3,0.3286,0.5345,0.5982,0.9608,239,6.6855
05556500,ifs,3,0.3030,0.6254,0.6323,0.9570,239,7.5242
05584500,ifs,3,0.1437,0.3080,0.4347,0.8283,239,10.5294
05585000,ifs,3,0.2101,0.3579,0.4882,0.8402,239,9.2422
05591550,ifs,3,-0.3628,0.3804,0.4012,1.1000,239,10.6299
05592050,ifs,3,-0.4760,0.3405,0.4312,1.2326,239,9.2584
05592575,ifs,3,0.2975,0.4269,0.5620,0.8220,239,8.1434
05593575,ifs,3,-0.1440,0.3617,0.3700,1.0228,239,8.8099
05593900,ifs,3,0.2834,0.4968,0.5642,0.9674,239,7.4593
05595730,ifs,3,-0.1435,0.3894,0.3925,1.0033,239,8.3766
06037500,ifs,3,0.6399,0.7259,0.8011,0.9280,239,2.3423
06043500,ifs,3,0.7215,0.8501,0.8563,0.9773,239,2.0069
06154410,ifs,3,-0.4450,0.3379,0.4484,1.2700,239,5.8340
06188000,ifs,3,0.5178,0.7470,0.7676,1.0959,239,2.0920
06191500,ifs,3,0.6747,0.8215,0.8340,1.0601,239,1.7410
06221400,ifs,3,0.1379,0.3754,0.7092,1.4882,239,2.7198
06224000,ifs,3,0.4237,0.5556,0.7359,1.3556,239,2.3504
06289000,ifs,3,-0.1227,0.2181,0.6876,1.5957,239,3.0266
06332515,ifs,3,-0.5358,0.1910,0.3337,1.4415,239,4.0917
06339100,ifs,3,-1.0136,-0.1996,0.5845,1.8770,239,3.7158
06339500,ifs,3,0.1680,0.3453,0.6895,1.5373,239,2.8330
06344600,ifs,3,-0.1945,0.2144,0.5420,1.6010,239,3.7680
06350000,ifs,3,0.1303,0.4082,0.7406,1.3830,239,2.7061
06352000,ifs,3,-0.4048,0.2026,0.6434,1.4822,239,2.9549
06353000,ifs,3,-0.3308,0.2029,0.6621,1.5071,239,3.0855
06354000,ifs,3,-0.0759,0.3464,0.6610,1.4311,239,3.0218
06360500,ifs,3,0.1721,0.5506,0.6750,1.2388,239,2.3049
06404000,ifs,3,-0.0986,0.3689,0.4794,1.3552,239,3.5014
06406000,ifs,3,-0.1169,0.3839,0.4786,1.3244,239,3.2338
06408700,ifs,3,-0.0790,0.4090,0.5488,1.3555,239,3.0177
06409000,ifs,3,-0.2668,0.3339,0.5514,1.4047,239,3.2214
06431500,ifs,3,-0.0727,0.4149,0.4916,1.2872,239,3.3612
06440200,ifs,3,0.1052,0.4461,0.4755,0.9777,239,4.0321
06441500,ifs,3,-0.1436,0.4606,0.4677,1.0537,239,3.7376
06447000,ifs,3,0.1296,0.4714,0.4980,1.0471,239,3.1728
06447500,ifs,3,-0.2282,0.2972,0.3096,1.0499,239,4.4050
06450500,ifs,3,0.0360,0.3940,0.4258,0.9813,239,4.5287
06452000,ifs,3,0.1136,0.4764,0.4967,1.0396,239,3.4224
06453600,ifs,3,0.0743,0.4455,0.4749,1.1121,239,5.1763
06464500,ifs,3,-0.1362,0.3062,0.3306,1.0546,239,6.5950
06477500,ifs,3,0.1369,0.4674,0.4965,1.0187,239,4.6503
06479215,ifs,3,0.1153,0.2897,0.4264,1.2658,239,6.5999
06479438,ifs,3,0.0303,0.2482,0.3659,1.2489,239,6.4172
06601000,ifs,3,0.0575,0.3058,0.3831,1.0087,239,7.2764
06614800,ifs,3,0.5299,0.5398,0.7365,0.9279,239,3.6878
06622700,ifs,3,0.4863,0.6718,0.7112,1.0410,239,2.5579
06623800,ifs,3,0.4434,0.6074,0.7114,1.2572,239,2.8608
06632400,ifs,3,0.5207,0.6814,0.7613,1.2105,239,2.6883
06784000,ifs,3,0.2088,0.5545,0.5670,0.9621,239,4.8856
06803510,ifs,3,-0.3401,0.1056,0.1525,0.8548,239,9.5603
06803530,ifs,3,-0.5785,0.1154,0.1235,0.9451,239,8.9040
06814000,ifs,3,-0.3079,0.1848,0.2129,0.9132,239,8.7286
06846500,ifs,3,0.1613,0.4828,0.5166,0.9097,239,3.8212
06847900,ifs,3,0.1628,0.4093,0.4758,0.9856,239,4.6457
06853800,ifs,3,-0.3209,0.2569,0.2660,0.9598,239,6.1877
06876700,ifs,3,-0.0223,-0.0587,0.2124,0.5676,239,10.0507
06878000,ifs,3,-0.0913,0.2268,0.2970,0.8454,239,8.3822
06879650,ifs,3,0.1969,0.2197,0.4680,0.6547,239,8.6384
06885500,ifs,3,-0.0360,0.2067,0.3153,0.7673,239,8.9975
06888500,ifs,3,0.1986,0.2327,0.4633,0.7004,239,8.9915
06889200,ifs,3,-0.0277,0.2521,0.3303,0.8618,239,9.1943
06889500,ifs,3,-0.0190,0.2652,0.3408,0.8642,239,8.8463
06892000,ifs,3,-0.3514,0.2054,0.2279,0.8729,239,10.7937
06903400,ifs,3,-0.1498,0.2102,0.2724,0.8335,239,10.1562
06906800,ifs,3,0.1688,0.3826,0.4883,0.7783,239,10.0144
06910800,ifs,3,0.1643,0.2582,0.4453,0.7141,239,8.7231
06911900,ifs,3,0.1260,0.1970,0.4054,0.6805,239,9.4214
06917000,ifs,3,0.3186,0.5586,0.6058,0.9094,239,9.0643
06918460,ifs,3,0.2323,0.3980,0.5104,0.8783,239,8.7755
06919500,ifs,3,0.2007,0.4767,0.5236,0.9349,239,8.5139
06921070,ifs,3,0.2300,0.3186,0.5029,0.7384,239,10.0146
06921200,ifs,3,0.2101,0.2836,0.4791,0.7400,239,10.7690
06934000,ifs,3,0.1892,0.3513,0.4757,0.8339,239,7.8251
07014500,ifs,3,0.1062,0.0679,0.3570,0.6449,239,10.9944
07056000,ifs,3,0.1456,0.2778,0.4288,0.7947,239,8.2529
07057500,ifs,3,-0.0861,0.3175,0.3516,0.9081,239,8.7083
07060710,ifs,3,0.0603,0.2288,0.3550,0.8458,239,9.1287
07066000,ifs,3,-0.0149,0.2972,0.3580,0.8942,239,8.3702
07067000,ifs,3,0.0593,0.3819,0.4283,0.9203,239,7.1279
07068000,ifs,3,0.0109,0.4041,0.4276,0.9515,239,6.8669
07071500,ifs,3,-0.1162,0.3592,0.3729,0.9505,239,7.8473
07083000,ifs,3,0.3826,0.5963,0.7027,1.2728,239,2.2725
07142300,ifs,3,0.0172,0.2644,0.3595,0.8139,239,5.1936
07145700,ifs,3,0.2632,0.2224,0.5219,0.7151,239,9.9802
07148400,ifs,3,-0.2252,0.3721,0.3727,1.0098,239,4.9375
07149000,ifs,3,-0.1099,0.3854,0.3927,0.9851,239,4.4561
07151500,ifs,3,0.0736,0.1690,0.3442,0.7673,239,7.5737
07167500,ifs,3,0.2721,0.6129,0.6175,0.9727,239,6.7383
07180500,ifs,3,0.1528,0.3740,0.4696,0.8169,239,7.4131
07184000,ifs,3,0.2485,0.3700,0.5096,0.9208,239,11.2969
07195800,ifs,3,0.1029,0.1828,0.3581,0.8675,239,10.4239
07196900,ifs,3,-0.0231,0.2384,0.3163,0.9588,239,9.8673
07197000,ifs,3,0.0407,0.3291,0.3901,0.9576,239,9.2005
07208500,ifs,3,0.3254,0.4768,0.6301,1.3400,239,2.1359
07226500,ifs,3,0.1975,0.3851,0.4821,0.9839,239,2.2055
07261000,ifs,3,0.1283,0.3547,0.4498,0.8230,239,8.0655
07263295,ifs,3,0.2500,0.4002,0.5227,0.8558,239,7.9457
07290650,ifs,3,0.1405,0.4454,0.4900,1.0936,239,8.9141
07291000,ifs,3,0.2133,0.4606,0.5191,1.0049,239,8.6344
07292500,ifs,3,0.2249,0.4746,0.5303,0.9669,239,8.6372
07295000,ifs,3,0.2197,0.4859,0.5327,0.9997,239,9.7778
07299670,ifs,3,-0.1369,0.1984,0.2598,0.8948,239,4.8720
07301410,ifs,3,-0.0073,0.1694,0.2837,1.0157,239,5.6116
07301500,ifs,3,-0.0929,0.3653,0.3928,1.1471,239,3.3924
07315200,ifs,3,0.1319,0.4124,0.4768,0.8462,239,6.2978
07315700,ifs,3,-0.2181,0.3038,0.3161,1.0503,239,6.5714
07335700,ifs,3,0.0964,0.1544,0.3772,0.6488,239,10.4312
07340300,ifs,3,0.1793,0.3531,0.4862,0.7455,239,7.5267
07346045,ifs,3,0.0373,0.5379,0.5411,1.0278,239,7.1053
07359610,ifs,3,0.1868,0.2294,0.4680,0.6422,239,8.3567
07362100,ifs,3,0.1611,0.5255,0.6082,1.2620,239,6.4946
07362587,ifs,3,0.2001,0.2892,0.4740,0.7394,239,9.1844
07373000,ifs,3,0.2434,0.5448,0.5692,0.9953,239,7.9317
07375000,ifs,3,0.0733,0.2150,0.3706,0.7471,239,13.1243
07376000,ifs,3,0.0708,0.3392,0.4174,0.8397,239,11.5147
08013000,ifs,3,0.2146,0.5037,0.5420,0.9301,239,9.0386
08014500,ifs,3,0.3058,0.5433,0.5944,0.9123,239,8.2538
08023080,ifs,3,0.4471,0.6311,0.6817,1.0167,239,6.9143
08025500,ifs,3,0.2928,0.4553,0.5587,0.9079,239,9.2614
08029500,ifs,3,0.0210,0.3850,0.4168,0.9682,239,11.4285
08050800,ifs,3,0.1374,0.3199,0.4481,0.7556,239,8.8855
08066200,ifs,3,0.1644,0.3549,0.4590,0.8784,239,12.5934
08066300,ifs,3,0.0975,0.1699,0.3510,0.8459,239,16.8713
08070000,ifs,3,0.1562,0.5681,0.6323,1.1920,239,8.3458
08070200,ifs,3,0.2097,0.6003,0.6293,1.1378,239,8.2650
08079600,ifs,3,0.2306,0.5541,0.6019,1.1968,239,2.6492
08082700,ifs,3,-0.1304,0.2001,0.2584,1.0357,239,5.6463
08086212,ifs,3,-0.1343,0.2020,0.2649,0.8755,239,6.5583
08086290,ifs,3,-0.2160,0.2766,0.2939,0.9824,239,6.7588
08101000,ifs,3,-0.0618,0.4529,0.4981,1.2120,239,6.3160
08103900,ifs,3,0.1798,0.3989,0.4909,0.8266,239,8.4224
08104900,ifs,3,0.1175,0.3552,0.4372,0.8874,239,9.8866
08109700,ifs,3,0.2218,0.4497,0.5206,1.0787,239,9.3750
08150800,ifs,3,0.0684,0.2645,0.3854,0.7803,239,10.2783
08155200,ifs,3,-0.2804,0.3487,0.3627,1.1344,239,9.3818
08158700,ifs,3,-0.2101,0.3695,0.3820,1.1225,239,8.5671
08158810,ifs,3,-0.3667,0.3787,0.4088,1.1320,239,8.6608
08164000,ifs,3,-0.1821,0.4091,0.4721,1.2447,239,8.0715
08164300,ifs,3,-0.0279,0.4249,0.4492,1.1480,239,9.7885
08164600,ifs,3,-0.1500,0.4058,0.4408,1.1997,239,8.0234
08165300,ifs,3,0.1432,0.3731,0.4566,0.8838,239,8.8430
08171300,ifs,3,-0.1056,0.3238,0.3503,1.0744,239,8.8712
08175000,ifs,3,-0.1140,0.3981,0.4162,1.1380,239,9.1974
08176900,ifs,3,-0.0639,0.4422,0.4987,1.2392,239,7.1216
08178880,ifs,3,0.1106,0.2317,0.3850,0.8280,239,10.0691
08189500,ifs,3,0.1504,0.4619,0.4972,0.9978,239,6.8248
08190000,ifs,3,0.1822,0.1573,0.4332,0.7017,239,13.0728
08190500,ifs,3,0.2495,0.2432,0.5032,0.7430,239,11.9626
08194200,ifs,3,0.1127,0.1581,0.3746,0.7023,239,8.1624
08195000,ifs,3,0.2101,0.1659,0.4657,0.7075,239,11.5928
08196000,ifs,3,0.1431,0.1013,0.3845,0.7211,239,13.8254
08198500,ifs,3,0.2133,0.1901,0.4685,0.7150,239,11.1475
08200000,ifs,3,0.0637,0.1508,0.3274,0.7864,239,11.7013
08202700,ifs,3,0.0953,0.1134,0.3424,0.7297,239,12.3260
08267500,ifs,3,0.3689,0.4232,0.6093,0.8802,239,3.0195
08269000,ifs,3,0.3471,0.5289,0.6101,1.1147,239,2.2765
08271000,ifs,3,0.3758,0.4011,0.6182,0.8319,239,3.1269
08324000,ifs,3,-0.1393,0.1456,0.5205,1.7010,239,2.4689
08377900,ifs,3,0.0689,0.3307,0.4704,1.3721,239,3.6550
08378500,ifs,3,0.0968,0.3778,0.5040,1.3524,239,3.1353
08380500,ifs,3,0.0312,0.3642,0.5106,1.4036,239,3.0358
09034900,ifs,3,0.4763,0.6084,0.6940,0.9445,239,2.8634
09035900,ifs,3,0.3998,0.6595,0.7142,1.1824,239,2.2644
09047700,ifs,3,0.3668,0.5774,0.7059,1.3015,239,2.2076
09065500,ifs,3,0.4178,0.6553,0.7175,1.1973,239,2.2767
09066000,ifs,3,0.2843,0.5625,0.7061,1.2909,239,2.1511
09066200,ifs,3,0.3473,0.6199,0.6803,1.2056,239,2.5525
09066300,ifs,3,0.4080,0.6526,0.7053,1.1837,239,2.3654
09081600,ifs,3,0.6210,0.7024,0.7900,1.1165,239,2.6820
09107000,ifs,3,0.3166,0.3361,0.7729,1.5751,239,2.0389
09210500,ifs,3,0.4365,0.6675,0.6920,1.0687,239,1.7498
09223000,ifs,3,0.5156,0.7268,0.7440,1.0707,239,1.9997
09306242,ifs,3,0.2242,0.2404,0.6528,1.6744,239,2.4904
09312600,ifs,3,0.3282,0.5674,0.6137,1.0961,239,2.5429
09352900,ifs,3,0.7185,0.7197,0.8531,1.2160,239,2.3442
09378170,ifs,3,0.5573,0.5535,0.7538,0.8216,239,2.3224
09378630,ifs,3,0.5383,0.5150,0.7445,0.7943,239,2.4969
09386900,ifs,3,-0.8473,-0.0801,0.4346,1.8247,239,3.0945
09404450,ifs,3,0.4716,0.6587,0.7646,1.2297,239,2.1257
09430500,ifs,3,0.3670,0.5504,0.7362,1.3455,239,1.8205
09430600,ifs,3,0.1539,0.5637,0.5984,1.1650,239,2.6297
09447800,ifs,3,-0.0887,0.4687,0.4770,1.0854,239,1.7130
09480000,ifs,3,0.2902,0.5124,0.5757,0.9134,239,2.9267
09484000,ifs,3,0.3056,0.5608,0.6013,1.0834,239,2.7852
09484600,ifs,3,0.3302,0.5908,0.6245,0.9069,239,2.5087
09492400,ifs,3,0.3114,0.5268,0.5888,1.0640,239,3.9405
09494000,ifs,3,0.3323,0.5982,0.6486,1.1831,239,2.7822
09497800,ifs,3,0.1898,0.5065,0.5332,0.9849,239,2.3919
09497980,ifs,3,0.3055,0.5434,0.5915,0.9529,239,2.6305
09505200,ifs,3,0.3865,0.6430,0.6860,1.1670,239,2.2601
09505350,ifs,3,0.4648,0.6360,0.6915,0.9943,239,2.1743
09505800,ifs,3,0.5121,0.6654,0.7325,1.1598,239,2.1742
09508300,ifs,3,0.3104,0.4608,0.5832,0.7797,239,2.4881
09510200,ifs,3,-0.1973,0.1990,0.2627,0.7815,239,3.2789
09512280,ifs,3,-0.3262,0.2431,0.2891,1.2495,239,3.0788
09513780,ifs,3,-0.7012,0.1975,0.3137,1.3626,239,3.0556
10023000,ifs,3,0.4096,0.5283,0.6424,0.9572,239,2.7604
10166430,ifs,3,0.5221,0.5911,0.7247,0.8597,239,2.4747
10172700,ifs,3,0.3876,0.6283,0.6570,1.0511,239,2.1380
10172800,ifs,3,0.4433,0.6693,0.7026,1.1213,239,2.7304
10173450,ifs,3,0.6477,0.7737,0.8099,1.0661,239,2.1597
10205030,ifs,3,0.4427,0.6598,0.6882,1.0061,239,2.2722
10234500,ifs,3,0.5874,0.7273,0.7724,0.9356,239,2.2533
10242000,ifs,3,0.6377,0.5976,0.8076,0.7849,239,2.2952
10244950,ifs,3,0.4416,0.5590,0.6680,0.9021,239,2.1353
10249300,ifs,3,-0.5793,0.1864,0.4175,1.5001,239,2.8434
10258000,ifs,3,0.4238,0.5085,0.6714,1.3222,239,2.7022
10258500,ifs,3,0.2911,0.2193,0.7900,1.6614,239,1.5341
10259000,ifs,3,0.4825,0.6102,0.7448,1.2945,239,1.9864
10259200,ifs,3,0.5246,0.4769,0.7607,1.4649,239,1.3833
10263500,ifs,3,0.5256,0.3787,0.7496,0.6267,239,4.0753
10310500,ifs,3,0.7432,0.7381,0.8636,0.8520,239,1.8434
10316500,ifs,3,0.4113,0.3919,0.6534,0.7374,239,2.8531
10329500,ifs,3,0.4249,0.4815,0.6536,0.8463,239,2.4843
10336645,ifs,3,0.8076,0.7391,0.9063,0.8699,239,3.6059
10336660,ifs,3,0.7843,0.6526,0.9027,0.7954,239,4.1564
10343500,ifs,3,0.7220,0.8134,0.8515,0.9397,239,2.8498
10348850,ifs,3,0.5828,0.2682,0.8916,0.5348,239,5.8899
10396000,ifs,3,0.4732,0.5788,0.6896,0.9171,239,2.4399
11098000,ifs,3,0.5175,0.3707,0.7515,0.6456,239,5.6796
11124500,ifs,3,0.5005,0.4256,0.7277,0.7484,239,4.9060
11141280,ifs,3,0.6541,0.6260,0.8125,0.8019,239,3.7126
11143000,ifs,3,0.6495,0.5491,0.8146,0.7026,239,6.0001
11148900,ifs,3,0.6395,0.7979,0.8134,0.9329,239,3.2840
11151300,ifs,3,0.5535,0.7766,0.7769,0.9884,239,2.5016
11162500,ifs,3,0.5915,0.7030,0.7745,0.8671,239,4.0597
11176400,ifs,3,0.3256,0.6262,0.7625,1.1080,239,2.7836
11180500,ifs,3,0.4318,0.7083,0.7584,1.0898,239,2.8779
11180960,ifs,3,0.4825,0.7469,0.7494,1.0177,239,3.2972
11224500,ifs,3,0.4624,0.7391,0.7420,1.0012,239,2.3904
11253310,ifs,3,0.5866,0.7969,0.8077,1.0121,239,1.7087
11264500,ifs,3,0.1996,0.2805,0.8060,1.5165,239,4.2525
11266500,ifs,3,0.3555,0.4492,0.8027,1.3949,239,4.1119
11274500,ifs,3,0.6029,0.7160,0.8510,1.1390,239,2.0398
11274630,ifs,3,0.5508,0.6886,0.8438,1.1134,239,1.9729
11284400,ifs,3,0.7170,0.7417,0.8807,1.1959,239,2.7010
11299600,ifs,3,0.3451,0.4900,0.7903,1.3437,239,4.0144
11381500,ifs,3,0.5284,0.4904,0.7346,0.7349,239,6.2232
11383500,ifs,3,0.4858,0.5176,0.6997,0.7627,239,6.5979
11451100,ifs,3,0.6556,0.7755,0.8486,1.1321,239,3.0460
11468500,ifs,3,0.7848,0.8435,0.8859,1.0055,239,3.1038
11473900,ifs,3,0.7207,0.6586,0.8567,0.8155,239,3.6367
11475560,ifs,3,0.5165,0.2847,0.7821,0.5457,239,9.0948
11476600,ifs,3,-0.0073,0.5274,0.6269,1.1314,239,7.3890
11478500,ifs,3,0.7111,0.7315,0.8442,0.8633,239,3.9696
11480390,ifs,3,0.6798,0.7271,0.8260,0.8471,239,3.9343
11481200,ifs,3,0.6824,0.7269,0.8273,0.8551,239,4.4869
11482500,ifs,3,0.7241,0.6205,0.8637,0.7689,239,4.6854
11522500,ifs,3,0.6623,0.7987,0.8203,1.0474,239,3.4761
11523200,ifs,3,0.5941,0.6922,0.7768,0.8416,239,4.1977
11528700,ifs,3,0.7126,0.6681,0.8493,0.8126,239,3.2500
11532500,ifs,3,0.7359,0.6465,0.8681,0.7856,239,5.6924
12010000,ifs,3,0.4992,0.4429,0.7290,0.6943,239,8.0813
12013500,ifs,3,0.5295,0.5917,0.7339,0.8055,239,6.1422
12020000,ifs,3,0.5146,0.6055,0.7307,0.7734,239,5.2241
12025000,ifs,3,0.5715,0.5862,0.7630,0.7723,239,4.7264
12025700,ifs,3,0.5464,0.7457,0.7576,1.0001,239,4.3804
12035000,ifs,3,0.7058,0.5524,0.8702,0.7095,239,6.0094
12040500,ifs,3,0.7512,0.6260,0.8884,0.7634,239,6.3617
12041200,ifs,3,0.6698,0.4830,0.8709,0.6747,239,8.0536
12043000,ifs,3,0.6383,0.5140,0.8326,0.7112,239,6.6372
12048000,ifs,3,0.5276,0.5866,0.7755,1.3472,239,3.6044
12054000,ifs,3,0.6903,0.6493,0.8446,0.9132,239,4.9784
12056500,ifs,3,0.7300,0.6643,0.8674,0.8453,239,6.1693
12073500,ifs,3,0.5480,0.6613,0.7420,0.9455,239,3.8287
12082500,ifs,3,0.7392,0.7076,0.8655,0.8369,239,4.8994
12092000,ifs,3,0.6927,0.6384,0.8434,0.8070,239,5.3675
12095000,ifs,3,0.6115,0.7689,0.7902,0.9863,239,4.6096
12114500,ifs,3,0.6193,0.4039,0.8521,0.6119,239,7.1297
12115000,ifs,3,0.6250,0.4115,0.8543,0.6189,239,7.0401
12115500,ifs,3,0.6546,0.4639,0.8661,0.6815,239,6.7787
12117000,ifs,3,0.6425,0.4860,0.8463,0.6988,239,6.8231
12141300,ifs,3,0.6063,0.4409,0.8294,0.6605,239,8.3876
12143600,ifs,3,0.6227,0.4886,0.8274,0.7114,239,7.7144
12144000,ifs,3,0.6287,0.5286,0.8195,0.7446,239,7.1649
12145500,ifs,3,0.5593,0.5110,0.7651,0.7075,239,6.1579
12147600,ifs,3,0.5699,0.3960,0.8172,0.6340,239,10.7392
12167000,ifs,3,0.7115,0.5830,0.8738,0.7764,239,6.0391
12175500,ifs,3,0.7807,0.7439,0.8897,0.8865,239,3.7013
12186000,ifs,3,0.7284,0.5566,0.8920,0.7259,239,6.0734
12189500,ifs,3,0.7865,0.6420,0.9134,0.7984,239,4.5338
12358500,ifs,3,0.6825,0.6857,0.8343,0.7756,239,3.9021
12377150,ifs,3,0.5878,0.4763,0.8000,0.6109,239,4.2626
12381400,ifs,3,0.6773,0.6068,0.8390,0.7074,239,3.3932
12390700,ifs,3,0.5503,0.6816,0.7476,0.9068,239,3.0875
12411000,ifs,3,0.5898,0.5429,0.7826,0.7390,239,3.5372
12414500,ifs,3,0.6737,0.6075,0.8339,0.7591,239,3.2180
12447390,ifs,3,0.4126,0.5902,0.6706,1.1919,239,2.1259
12451000,ifs,3,0.7362,0.8428,0.8670,1.0827,239,2.8724
12488500,ifs,3,0.7066,0.6837,0.8453,0.8261,239,4.3795
13011500,ifs,3,0.5158,0.7348,0.7461,1.0547,239,2.5414
13011900,ifs,3,0.6280,0.7546,0.7985,1.0816,239,2.1460
13018300,ifs,3,0.5862,0.6224,0.7687,0.8975,239,2.3806
13023000,ifs,3,0.4823,0.6892,0.7545,1.1876,239,2.2087
13161500,ifs,3,0.5157,0.4899,0.7593,1.4474,239,1.4819
13235000,ifs,3,0.5765,0.6724,0.7617,0.8927,239,2.8525
13240000,ifs,3,0.6172,0.5738,0.7970,0.7345,239,3.5288
13310700,ifs,3,0.6327,0.7003,0.7986,0.8577,239,2.6478
13313000,ifs,3,0.5270,0.4592,0.7477,0.6841,239,3.5980
13331500,ifs,3,0.5828,0.7256,0.7748,0.8815,239,3.2420
13337000,ifs,3,0.7561,0.7069,0.8765,0.8016,239,2.9585
13338500,ifs,3,0.4709,0.6702,0.7038,0.9663,239,3.3466
13340000,ifs,3,0.6944,0.7512,0.8359,0.8747,239,2.7960
13340600,ifs,3,0.7268,0.5918,0.8746,0.7237,239,3.5189
14020000,ifs,3,0.5205,0.7253,0.7501,0.8970,239,3.3623
14092750,ifs,3,0.4055,0.6267,0.7888,1.1825,239,4.3502
14096850,ifs,3,-0.0100,0.4449,0.6599,1.2997,239,3.4988
14137000,ifs,3,0.7364,0.8680,0.8712,0.9808,239,4.4053
14138800,ifs,3,0.8035,0.7859,0.8990,0.8427,239,5.1921
14138870,ifs,3,0.7895,0.8196,0.8903,0.8851,239,5.5667
14138900,ifs,3,0.7747,0.6471,0.8953,0.7532,239,6.8349
14139800,ifs,3,0.7506,0.8051,0.8713,0.8661,239,5.8889
14141500,ifs,3,0.7393,0.8609,0.8807,0.9948,239,5.1491
14154500,ifs,3,0.7182,0.8290,0.8540,0.9234,239,2.9778
14158500,ifs,3,0.6857,0.8224,0.8444,0.9145,239,3.9908
14158790,ifs,3,0.7636,0.6536,0.8864,0.7438,239,4.4296
14166500,ifs,3,0.5598,0.6795,0.7531,0.8876,239,4.2391
14182500,ifs,3,0.6461,0.8074,0.8232,0.9237,239,4.8487
14185000,ifs,3,0.7003,0.8470,0.8566,0.9634,239,3.9480
14185900,ifs,3,0.7310,0.7656,0.8605,0.8305,239,4.4956
14187000,ifs,3,0.6468,0.7508,0.8117,0.8688,239,4.4628
14216500,ifs,3,0.8325,0.8367,0.9155,0.8653,239,3.8243
14222500,ifs,3,0.7525,0.5296,0.9101,0.6809,239,7.4438
14236200,ifs,3,0.7458,0.6884,0.8728,0.8297,239,4.3485
14301000,ifs,3,0.7312,0.6433,0.8661,0.7661,239,4.6523
14303200,ifs,3,0.6751,0.4740,0.8577,0.6233,239,6.6501
14305500,ifs,3,0.5321,0.4257,0.7564,0.6582,239,9.4521
14306340,ifs,3,0.5603,0.6380,0.7569,0.7915,239,4.7141
14306500,ifs,3,0.5641,0.6772,0.7606,0.8349,239,5.0632
14308990,ifs,3,0.3833,0.6496,0.6672,1.0688,239,3.5394
14309500,ifs,3,0.6480,0.5495,0.8167,0.6837,239,4.0086
14316700,ifs,3,0.7064,0.8398,0.8591,0.9320,239,2.8845
14325000,ifs,3,0.5715,0.5719,0.7624,0.7369,239,5.5173
14362250,ifs,3,0.4700,0.6811,0.7085,1.0617,239,3.0396
14400000,ifs,3,0.6222,0.6517,0.7959,0.7528,239,6.9745
01013500,ifs,4,0.0947,0.4773,0.4991,1.1000,239,5.2586
01022500,ifs,4,0.0114,0.4419,0.4967,1.2394,239,6.2716
01030500,ifs,4,0.0544,0.4897,0.5144,1.1530,239,5.2756
01031500,ifs,4,-0.0555,0.4455,0.5070,1.2478,239,5.8623
01047000,ifs,4,-0.3010,0.3585,0.4893,1.3263,239,7.0055
01052500,ifs,4,-0.0367,0.3807,0.4507,1.2749,239,5.7027
01054200,ifs,4,-0.1223,0.4541,0.4903,1.1747,239,7.6763
01055000,ifs,4,-0.0401,0.4877,0.5342,1.1901,239,5.8784
01057000,ifs,4,-0.2987,0.4143,0.4481,1.1232,239,6.9201
01073000,ifs,4,-0.9740,0.0914,0.4793,1.4950,239,8.5232
01078000,ifs,4,-0.4892,0.3165,0.3609,1.1954,239,7.6672
01118300,ifs,4,-0.0311,0.3663,0.3929,0.9566,239,11.7315
01121000,ifs,4,0.2417,0.6146,0.6161,0.9687,239,7.1895
01123000,ifs,4,0.2735,0.6022,0.6123,0.9457,239,7.3993
01134500,ifs,4,-0.0002,0.4546,0.4711,1.1180,239,6.5387
01137500,ifs,4,-0.0767,0.3980,0.4623,1.2701,239,6.8223
01139000,ifs,4,-0.1798,0.3386,0.3888,1.2484,239,6.7246
01139800,ifs,4,-0.0261,0.3858,0.4062,0.9878,239,7.0111
01142500,ifs,4,-0.0888,0.4320,0.4746,1.2142,239,6.0167
01144000,ifs,4,-0.0145,0.4741,0.4830,1.0942,239,6.2522
01169000,ifs,4,-0.1886,0.3472,0.6781,1.3169,239,7.5794
01170100,ifs,4,-0.2101,0.3010,0.6938,1.3672,239,7.4555
01181000,ifs,4,0.1072,0.5853,0.6079,1.0632,239,7.1483
01187300,ifs,4,-0.6655,0.2385,0.5319,1.3421,239,8.5395
01195100,ifs,4,-0.0950,0.3833,0.3962,0.9285,239,10.0629
01333000,ifs,4,-0.0156,0.4658,0.4999,1.1877,239,7.0337
01350000,ifs,4,0.1898,0.4955,0.5279,1.0353,239,9.0989
01350080,ifs,4,0.0370,0.4752,0.4826,1.0457,239,7.7494
01350140,ifs,4,0.0801,0.4531,0.4740,0.9664,239,7.1790
01365000,ifs,4,0.1667,0.5711,0.5968,1.1435,239,7.6796
01411300,ifs,4,0.2974,0.3019,0.5511,0.8169,239,9.0501
01413500,ifs,4,0.2343,0.4661,0.5360,0.8863,239,8.3593
01414500,ifs,4,0.2971,0.5021,0.5722,0.9792,239,8.5279
01415000,ifs,4,0.2867,0.5641,0.5938,0.9507,239,6.6429
01423000,ifs,4,0.2534,0.5232,0.5651,0.9258,239,6.7222
01434025,ifs,4,0.3334,0.5441,0.6045,0.9375,239,8.7564
01435000,ifs,4,0.2982,0.5621,0.5954,0.9969,239,8.4604
01439500,ifs,4,-0.0055,0.4574,0.4657,0.9309,239,7.6455
01440000,ifs,4,0.0827,0.4721,0.4880,0.9499,239,7.7303
01440400,ifs,4,0.1138,0.3852,0.4697,0.7805,239,7.9313
01451800,ifs,4,0.1558,0.4660,0.5139,0.8526,239,6.2815
01466500,ifs,4,0.2186,0.4231,0.5110,0.8961,239,6.3552
01484100,ifs,4,0.1784,0.4952,0.5262,1.0673,239,7.0626
01485500,ifs,4,0.1793,0.4419,0.4992,0.9346,239,8.5171
01486000,ifs,4,0.0310,0.3861,0.4196,1.0135,239,9.5083
01487000,ifs,4,0.2059,0.4893,0.5336,1.0902,239,7.3509
01491000,ifs,4,0.1879,0.5568,0.5840,1.1500,239,5.5848
01510000,ifs,4,0.3988,0.5616,0.6419,0.9456,239,5.6483
01516500,ifs,4,0.2779,0.6034,0.6175,0.9170,239,4.9250
01518862,ifs,4,0.2167,0.5657,0.5779,0.9375,239,5.4127
01532000,ifs,4,0.0998,0.4065,0.4599,0.8739,239,6.6142
01539000,ifs,4,-0.0999,0.4236,0.4310,0.9154,239,7.6078
01542810,ifs,4,0.1473,0.4792,0.5197,0.8545,239,6.0886
01543000,ifs,4,0.1855,0.5436,0.5651,0.8839,239,5.7391
01543500,ifs,4,0.3208,0.5507,0.6156,0.8336,239,5.6387
01544500,ifs,4,0.2763,0.5764,0.6083,0.8688,239,5.3779
01545600,ifs,4,0.2411,0.5582,0.5847,0.8895,239,5.6349
01547700,ifs,4,0.0726,0.1199,0.3326,0.7187,239,10.3454
01548500,ifs,4,0.2983,0.5625,0.6095,0.8537,239,4.9452
01549500,ifs,4,0.1589,0.4468,0.5023,0.8635,239,6.0266
01550000,ifs,4,0.0761,0.3647,0.4310,0.8576,239,7.0412
01552000,ifs,4,0.1064,0.2690,0.4044,0.7995,239,7.9042
01552500,ifs,4,0.1168,0.4252,0.4788,0.8547,239,6.5885
01557500,ifs,4,0.2647,0.2944,0.5350,0.6907,239,8.1022
01567500,ifs,4,0.2600,0.3842,0.5334,0.7878,239,6.7077
01568000,ifs,4,0.2370,0.4239,0.5326,0.8027,239,6.0275
01580000,ifs,4,0.0341,0.4549,0.4740,0.8907,239,6.1211
01583500,ifs,4,-0.0005,0.4967,0.4968,0.9911,239,6.1884
01586610,ifs,4,0.1065,0.5274,0.5308,0.9754,239,5.9178
01591400,ifs,4,0.2120,0.5163,0.5575,0.8582,239,7.2213
01596500,ifs,4,-0.1247,0.3536,0.3670,0.9588,239,7.7637
01605500,ifs,4,0.2743,0.3913,0.5391,0.8306,239,5.6822
01606500,ifs,4,0.2949,0.4905,0.5721,0.8957,239,5.2041
01613050,ifs,4,0.2504,0.4499,0.5438,0.8350,239,5.7276
01620500,ifs,4,0.3391,0.5674,0.6164,1.0782,239,4.6043
01632000,ifs,4,0.1908,0.3678,0.4961,0.7676,239,6.3402
01632900,ifs,4,0.2190,0.4076,0.5153,0.8161,239,6.0754
01634500,ifs,4,0.1504,0.3870,0.4747,0.8263,239,6.3984
01638480,ifs,4,-0.3453,0.3953,0.4080,1.0008,239,7.9833
01639500,ifs,4,0.2070,0.5647,0.5738,0.9568,239,5.4805
01644000,ifs,4,0.1052,0.5058,0.5184,0.9221,239,6.0793
01658500,ifs,4,0.1749,0.4280,0.5006,0.8463,239,6.5948
01664000,ifs,4,0.2135,0.4541,0.5303,0.8337,239,6.0615
01666500,ifs,4,0.1456,0.4345,0.4915,0.8627,239,6.3485
01667500,ifs,4,0.2067,0.4666,0.5289,0.8630,239,5.8395
01669000,ifs,4,-0.1079,0.3459,0.3644,1.0508,239,8.5522
01669520,ifs,4,-0.1655,0.3419,0.3581,1.1040,239,8.7115
02011400,ifs,4,0.3180,0.5591,0.6025,0.9582,239,4.9325
02011460,ifs,4,0.3049,0.5070,0.5787,0.9436,239,5.2993
02013000,ifs,4,0.0972,0.4581,0.4848,0.9167,239,5.9775
02014000,ifs,4,0.0010,0.4774,0.4801,0.9665,239,5.6268
02015700,ifs,4,0.2793,0.4978,0.5628,1.0377,239,5.2333
02016000,ifs,4,0.2378,0.5693,0.5847,1.0649,239,4.7281
02017500,ifs,4,-0.2930,0.4123,0.4266,1.0582,239,5.6642
02018000,ifs,4,-0.2393,0.4439,0.4695,1.0799,239,5.3007
02027000,ifs,4,0.1934,0.5691,0.6209,1.1984,239,4.6956
02027500,ifs,4,0.2040,0.5808,0.6007,1.1276,239,4.8410
02028500,ifs,4,0.2841,0.5661,0.5985,0.9035,239,4.8061
02038850,ifs,4,-0.3509,0.3810,0.3888,0.9901,239,6.8827
02046000,ifs,4,-0.2198,0.3699,0.3707,0.9921,239,7.5941
02051000,ifs,4,-0.2174,0.3645,0.3660,0.9857,239,8.1052
02051500,ifs,4,-0.1228,0.4252,0.4257,1.0053,239,7.0342
02053200,ifs,4,0.0776,0.4789,0.4900,1.0025,239,6.9958
02053800,ifs,4,-0.2728,0.4049,0.4144,0.9306,239,6.0415
02055100,ifs,4,-0.4817,0.2940,0.3858,1.3037,239,5.8362
02056900,ifs,4,-0.4952,0.3361,0.3518,1.0384,239,7.2646
02059500,ifs,4,-0.4656,0.3823,0.4908,1.1178,239,5.6449
02064000,ifs,4,-0.6388,0.3027,0.4213,1.2215,239,6.3689
02065500,ifs,4,-0.6343,0.3098,0.3932,1.1752,239,6.7556
02069700,ifs,4,-0.0996,0.3791,0.4062,0.8394,239,7.4100
02070000,ifs,4,-0.1136,0.3930,0.4108,0.8675,239,7.3699
02074500,ifs,4,0.0017,0.4166,0.4403,1.1096,239,7.4455
02077200,ifs,4,0.0044,0.5030,0.5031,0.9932,239,5.5282
02081500,ifs,4,0.3110,0.6110,0.6243,0.9672,239,5.2740
02082950,ifs,4,0.1494,0.5641,0.6046,1.1718,239,5.0343
02092500,ifs,4,-0.0068,0.5115,0.5350,1.1306,239,6.2978
02096846,ifs,4,0.2891,0.3835,0.5433,0.8649,239,7.5990
02102908,ifs,4,0.1055,0.5087,0.5164,0.9746,239,7.8454
02108000,ifs,4,0.0695,0.5611,0.5937,1.1113,239,6.2453
02111180,ifs,4,0.1669,0.4162,0.4981,0.8112,239,6.8052
02111500,ifs,4,0.0342,0.3264,0.4160,0.7534,239,7.1939
02118500,ifs,4,0.1228,0.4821,0.5245,0.8179,239,5.8504
02128000,ifs,4,-0.2594,0.4513,0.5484,1.0988,239,7.4095
02137727,ifs,4,0.1954,0.4219,0.5028,0.8702,239,7.5004
02140991,ifs,4,0.1804,0.4466,0.5152,0.8288,239,6.5097
02143000,ifs,4,0.2628,0.4564,0.5626,0.7723,239,6.0689
02143040,ifs,4,0.2278,0.4381,0.5395,0.7761,239,6.1677
02149000,ifs,4,0.1826,0.2503,0.4582,0.7040,239,9.0451
02152100,ifs,4,0.2050,0.5140,0.5552,0.8541,239,5.9851
02177000,ifs,4,0.0626,0.2710,0.3866,0.7900,239,8.7068
02178400,ifs,4,0.0786,0.3959,0.4512,0.8505,239,7.3155
02193340,ifs,4,-0.2501,0.3051,0.3172,1.0909,239,8.1295
02196000,ifs,4,0.0775,0.3768,0.4357,0.8744,239,7.6552
02198100,ifs,4,0.0591,0.1397,0.3370,0.7014,239,10.1484
02202600,ifs,4,0.0268,0.3842,0.4175,0.9793,239,5.9236
02212600,ifs,4,0.0436,0.2958,0.3844,0.8356,239,8.3542
02215100,ifs,4,-0.2517,0.2284,0.2571,0.8964,239,9.4718
02216180,ifs,4,0.1389,0.2752,0.4215,0.8129,239,9.2530
02221525,ifs,4,0.0273,0.3651,0.4139,0.8767,239,7.4985
02231000,ifs,4,0.2598,0.3997,0.5390,0.7998,239,5.7662
02231342,ifs,4,-0.0822,0.3433,0.3656,0.9959,239,7.0277
02235200,ifs,4,0.0714,0.2799,0.3989,0.7836,239,6.6897
02245500,ifs,4,0.2067,0.3766,0.4875,0.9090,239,5.6774
02246000,ifs,4,0.1326,0.3828,0.4592,0.8772,239,5.4663
02296500,ifs,4,-0.0151,0.3768,0.4067,0.9171,239,6.1437
02297155,ifs,4,-0.0312,0.1884,0.2974,0.8263,239,8.4370
02297310,ifs,4,-0.1293,0.2479,0.3038,0.8384,239,8.3124
02298123,ifs,4,-0.0334,0.2604,0.3283,0.9179,239,7.2935
02298608,ifs,4,-0.0496,0.1765,0.2965,0.7603,239,8.6648
02299950,ifs,4,-0.1004,0.1568,0.2553,0.8133,239,8.2580
02300700,ifs,4,0.0079,0.1215,0.2801,0.8106,239,9.3184
02310947,ifs,4,-0.2937,0.1914,0.2184,0.9388,239,8.7672
02312200,ifs,4,-0.5668,0.1590,0.1618,1.0131,239,11.3807
02314500,ifs,4,0.1425,0.2747,0.4298,0.7865,239,7.1698
02315500,ifs,4,0.2379,0.3428,0.5147,0.7712,239,6.1738
02324400,ifs,4,0.2038,0.1861,0.4673,0.7201,239,9.3156
02327100,ifs,4,0.0280,0.1165,0.3177,0.6828,239,8.7287
02349900,ifs,4,-0.1790,0.1847,0.2487,0.8279,239,10.2640
02350900,ifs,4,0.0311,0.2912,0.3755,0.8529,239,7.3278
02361000,ifs,4,0.0293,0.3395,0.3941,0.9279,239,7.0101
02363000,ifs,4,0.0473,0.2954,0.3777,0.9049,239,7.6728
02369800,ifs,4,0.0106,0.0848,0.2787,0.7193,239,12.8406
02371500,ifs,4,0.0264,0.2221,0.3284,0.9362,239,9.2079
02372250,ifs,4,0.0696,0.2601,0.3730,0.8671,239,8.8076
02374500,ifs,4,0.0410,0.1939,0.3363,0.7963,239,9.8140
02381600,ifs,4,0.0935,0.3296,0.4141,0.8992,239,9.5870
02384540,ifs,4,0.0723,0.3395,0.4148,0.8655,239,8.4479
02395120,ifs,4,0.2076,0.5055,0.5809,1.2518,239,6.6729
02408540,ifs,4,-0.0677,0.2792,0.3282,0.9384,239,9.7809
02415000,ifs,4,0.0052,0.2705,0.3543,0.8501,239,10.1640
02422500,ifs,4,0.0620,0.3672,0.4187,1.0481,239,8.4755
02427250,ifs,4,0.0095,0.3994,0.4229,1.0157,239,7.6347
02430085,ifs,4,0.2467,0.5514,0.6475,1.2732,239,7.4905
02450250,ifs,4,0.3406,0.5568,0.6119,0.9421,239,7.8428
02464000,ifs,4,0.3665,0.4844,0.6090,0.9325,239,8.9451
02465493,ifs,4,0.1520,0.4363,0.4845,1.0017,239,7.8625
02469800,ifs,4,-0.2401,0.2314,0.2570,0.9492,239,10.0912
02472000,ifs,4,0.3442,0.4656,0.5914,0.9383,239,8.4700
02472500,ifs,4,0.2403,0.3652,0.5071,0.8655,239,9.9448
02479155,ifs,4,0.0884,0.1321,0.3393,0.7839,239,12.6018
02479300,ifs,4,0.1672,0.0444,0.4490,0.6030,239,15.9846
02481000,ifs,4,0.1582,-0.0200,0.4805,0.5152,239,19.3082
02481510,ifs,4,0.2101,0.0793,0.5205,0.5618,239,15.3756
03010655,ifs,4,0.1727,0.5065,0.5311,0.9367,239,6.0124
03011800,ifs,4,0.3127,0.5705,0.6059,0.9480,239,6.4117
03015500,ifs,4,0.0500,0.5357,0.5598,1.1314,239,6.2824
03021350,ifs,4,-0.1103,0.4611,0.4909,1.1590,239,7.9128
03026500,ifs,4,0.2595,0.5373,0.5752,0.9134,239,6.2522
03028000,ifs,4,0.1362,0.5225,0.5307,1.0027,239,6.9796
03049800,ifs,4,0.1618,0.4330,0.4875,0.9536,239,8.1061
03050000,ifs,4,0.2360,0.3741,0.5052,0.8904,239,8.0637
03066000,ifs,4,0.1567,0.4456,0.4911,1.0257,239,7.5422
03069500,ifs,4,0.1620,0.4597,0.5000,1.0205,239,7.0651
03070500,ifs,4,-0.2096,0.4040,0.4258,1.1533,239,8.3997
03076600,ifs,4,-0.0986,0.2701,0.3209,0.8707,239,9.4161
03078000,ifs,4,-0.0811,0.2819,0.3265,0.9371,239,9.2201
03140000,ifs,4,0.0558,0.4418,0.4636,0.9320,239,6.9120
03144000,ifs,4,0.1331,0.3717,0.4675,0.7896,239,8.1292
03159540,ifs,4,0.0343,0.2221,0.3472,0.8011,239,9.1342
03161000,ifs,4,0.0044,0.4188,0.4396,0.9141,239,6.7925
03164000,ifs,4,-0.0708,0.4388,0.4504,0.8905,239,6.1733
03165000,ifs,4,0.0363,0.3870,0.4440,0.8019,239,6.9923
03170000,ifs,4,-0.1165,0.4577,0.4686,0.9021,239,5.8995
03173000,ifs,4,-0.2097,0.4514,0.4641,1.0182,239,5.4754
03180500,ifs,4,0.2899,0.4783,0.5616,0.9595,239,5.7348
03182500,ifs,4,0.3314,0.5154,0.5958,0.9230,239,5.0677
03186500,ifs,4,0.2202,0.4613,0.5257,0.9177,239,6.5487
03187500,ifs,4,0.2164,0.4744,0.5279,0.9450,239,6.4950
03213700,ifs,4,0.1079,0.5074,0.5160,1.0303,239,6.6664
03237280,ifs,4,-0.1104,0.2889,0.3228,0.9667,239,8.2064
03237500,ifs,4,0.0861,0.3705,0.4297,0.9328,239,7.5223
03241500,ifs,4,0.1040,0.3186,0.4181,0.8532,239,9.4309
03280700,ifs,4,-0.2509,0.3591,0.3627,1.0647,239,8.0906
03281100,ifs,4,-0.2497,0.4150,0.4398,1.1341,239,7.7465
03281500,ifs,4,0.0282,0.5111,0.5199,1.0920,239,6.6092
03285000,ifs,4,0.0814,0.3354,0.4157,0.8663,239,8.5863
03291780,ifs,4,0.0805,0.2508,0.3750,0.8537,239,9.8873
03300400,ifs,4,0.2060,0.2940,0.4837,0.7275,239,8.6050
03340800,ifs,4,0.2831,0.4300,0.5448,0.9503,239,8.7684
03346000,ifs,4,0.0095,0.4634,0.4920,1.1700,239,8.6981
03364500,ifs,4,0.1747,0.1566,0.4297,0.7295,239,12.0116
03366500,ifs,4,0.0992,0.2882,0.3999,0.8684,239,9.6090
03368000,ifs,4,0.0671,0.0825,0.3245,0.6733,239,12.5939
03384450,ifs,4,0.1945,0.3433,0.4701,0.8905,239,8.5345
03439000,ifs,4,0.1689,0.3656,0.4873,0.7553,239,7.2598
03450000,ifs,4,-0.0014,0.4530,0.4735,0.8631,239,6.5630
03455500,ifs,4,0.1830,0.4096,0.5204,0.7370,239,6.5297
03456500,ifs,4,0.2217,0.4909,0.5597,0.7996,239,5.9706
03460000,ifs,4,-0.0195,0.4392,0.4546,0.8921,239,7.2595
03463300,ifs,4,0.2067,0.5400,0.5613,0.9191,239,7.1095
03471500,ifs,4,-0.0328,0.4907,0.4914,1.0207,239,6.1900
03473000,ifs,4,-0.1087,0.4858,0.4939,1.0248,239,6.6378
03479000,ifs,4,-0.0672,0.4601,0.4630,0.9445,239,6.2035
03488000,ifs,4,-0.1426,0.4531,0.4564,1.0341,239,6.6070
03498500,ifs,4,-0.0958,0.4311,0.4349,0.9431,239,8.0351
03500000,ifs,4,0.0549,0.3849,0.4344,0.8721,239,7.1904
03504000,ifs,4,0.1530,0.3247,0.4688,0.7261,239,8.0431
03574500,ifs,4,0.1251,0.4745,0.4983,1.0399,239,8.6907
03604000,ifs,4,0.0788,0.4164,0.4560,0.9023,239,9.3471
04015330,ifs,4,-0.0051,0.2653,0.3391,0.9394,239,6.5367
04024430,ifs,4,-0.9866,0.1749,0.2463,1.2046,239,7.0918
04027000,ifs,4,-0.7727,0.1172,0.2841,1.4814,239,6.0447
04040500,ifs,4,-0.3436,0.2820,0.2852,1.0240,239,6.1775
04043050,ifs,4,-0.1708,0.4233,0.4251,0.9581,239,5.2720
04045500,ifs,4,-0.1956,0.3669,0.4493,1.3055,239,5.5842
04056500,ifs,4,-0.1437,0.4066,0.4670,1.2546,239,5.0954
04057510,ifs,4,0.0252,0.4512,0.4675,1.0933,239,5.5194
04057800,ifs,4,-0.0573,0.3529,0.3779,0.9662,239,5.5422
04059500,ifs,4,0.2922,0.5711,0.5997,1.0596,239,4.3680
04063700,ifs,4,0.1824,0.4653,0.5222,1.1541,239,4.3101
04074950,ifs,4,0.1659,0.4788,0.5126,1.0522,239,4.8085
04105700,ifs,4,0.1177,0.3881,0.4513,0.9166,239,6.7699
04115265,ifs,4,-0.1534,0.3451,0.3571,1.0532,239,7.7211
04122200,ifs,4,0.2344,0.5902,0.5981,1.0612,239,6.3042
04122500,ifs,4,0.2238,0.6109,0.6269,1.1044,239,5.9728
04124000,ifs,4,0.4039,0.4616,0.6430,0.7839,239,6.6533
04127997,ifs,4,0.3126,0.5556,0.6032,0.9025,239,6.4322
04185000,ifs,4,-0.1210,0.4021,0.4089,0.9289,239,6.9643
04196800,ifs,4,0.0576,0.4971,0.5008,1.0122,239,6.8603
04197100,ifs,4,0.2162,0.4488,0.5179,0.9250,239,7.0007
04197170,ifs,4,0.2057,0.5088,0.5390,1.0030,239,6.3780
04213000,ifs,4,-0.1980,0.3795,0.5533,1.3596,239,7.0071
04213075,ifs,4,-0.1478,0.3773,0.4880,1.3436,239,7.7124
04216418,ifs,4,0.2856,0.6366,0.6386,1.0362,239,6.2650
04221000,ifs,4,0.2095,0.5655,0.5734,0.9882,239,5.5115
04224775,ifs,4,-0.0659,0.4651,0.4663,1.0366,239,7.1114
04256000,ifs,4,-0.0869,0.4815,0.5090,1.1395,239,6.2285
04296000,ifs,4,0.1479,0.4231,0.4783,1.0605,239,5.7640
05057000,ifs,4,0.0404,0.3962,0.4522,1.2050,239,3.6600
05057200,ifs,4,-0.2371,0.3267,0.3619,1.2118,239,3.8320
05062500,ifs,4,-0.3953,0.3308,0.3685,1.2009,239,5.1996
05087500,ifs,4,0.0065,0.4224,0.4448,1.1057,239,5.3029
05120500,ifs,4,0.1477,0.4911,0.5284,1.1543,239,3.7140
05123400,ifs,4,0.1835,0.3970,0.4802,0.9631,239,4.5447
05129115,ifs,4,-0.1151,0.3993,0.4250,1.1700,239,4.6696
05131500,ifs,4,-0.1777,0.4094,0.4433,1.1908,239,4.5102
05291000,ifs,4,-0.0613,0.2308,0.3658,1.3850,239,7.0723
05362000,ifs,4,-0.1073,0.3699,0.4526,1.3122,239,5.4139
05393500,ifs,4,-0.1394,0.3443,0.3982,1.2519,239,6.0145
05399500,ifs,4,0.3010,0.5389,0.5878,1.0435,239,5.9332
05408000,ifs,4,0.0398,0.3196,0.3903,0.8800,239,8.8211
05412500,ifs,4,0.4328,0.5905,0.6684,0.9054,239,5.6992
05413500,ifs,4,0.5397,0.6435,0.7358,0.9373,239,5.8490
05414000,ifs,4,0.4796,0.6288,0.6979,0.9973,239,6.0934
05444000,ifs,4,0.3319,0.5965,0.6252,1.0678,239,5.9120
05454000,ifs,4,0.2061,0.4992,0.5357,0.9494,239,7.7092
05458000,ifs,4,0.0936,0.4282,0.4620,0.9750,239,7.5162
05466500,ifs,4,0.2272,0.4192,0.5291,0.7786,239,9.2781
05487980,ifs,4,0.0046,0.3331,0.3960,0.8219,239,8.9766
05488200,ifs,4,0.0347,0.2736,0.3675,0.8415,239,10.7253
05489000,ifs,4,-0.0647,0.2978,0.3494,0.8557,239,10.4368
05495000,ifs,4,-0.0771,0.4832,0.4927,1.0800,239,7.6653
05495500,ifs,4,0.0363,0.4345,0.4531,0.9547,239,8.7006
05501000,ifs,4,0.0259,0.3329,0.3866,0.9902,239,9.9155
05503800,ifs,4,0.0567,0.4701,0.4885,1.1079,239,7.6680
05507600,ifs,4,0.0561,0.4800,0.5655,1.2780,239,6.3947
05508805,ifs,4,0.2459,0.5802,0.6512,1.2254,239,5.6248
05514500,ifs,4,-0.0947,0.3885,0.4142,1.1590,239,7.4326
05525500,ifs,4,0.2836,0.5533,0.5885,1.0613,239,6.9058
05556500,ifs,4,0.2929,0.5445,0.5957,0.8656,239,7.5784
05584500,ifs,4,0.1238,0.3001,0.4193,0.8446,239,10.6507
05585000,ifs,4,0.1590,0.3671,0.4600,0.8971,239,9.5366
05591550,ifs,4,-0.0703,0.3993,0.4208,1.1353,239,9.4205
05592050,ifs,4,-0.0502,0.4334,0.5031,1.2688,239,7.8095
05592575,ifs,4,0.1300,0.4989,0.5139,0.9782,239,9.0624
05593575,ifs,4,0.0575,0.4405,0.4667,1.1021,239,7.9965
05593900,ifs,4,-0.2038,0.3803,0.4099,1.1886,239,9.6683
05595730,ifs,4,0.1133,0.4757,0.4984,1.0702,239,7.3764
06037500,ifs,4,0.5061,0.6082,0.7137,0.9088,239,2.7431
06043500,ifs,4,0.5943,0.7607,0.7841,0.9316,239,2.4221
06154410,ifs,4,0.0424,0.3628,0.4089,1.0088,239,4.7491
06188000,ifs,4,0.3448,0.6439,0.6542,1.0605,239,2.4385
06191500,ifs,4,0.5102,0.7034,0.7296,0.9998,239,2.1364
06221400,ifs,4,0.1146,0.4538,0.6778,1.3746,239,2.7562
06224000,ifs,4,0.3110,0.5673,0.6835,1.2900,239,2.5701
06289000,ifs,4,0.0651,0.3122,0.7336,1.5145,239,2.7618
06332515,ifs,4,-0.1437,0.3528,0.5214,1.4083,239,3.5310
06339100,ifs,4,-0.3393,0.2125,0.5443,1.5593,239,3.0304
06339500,ifs,4,0.4497,0.5547,0.7662,1.3618,239,2.3040
06344600,ifs,4,-0.1567,0.3563,0.5130,1.3936,239,3.7079
06350000,ifs,4,0.2270,0.5712,0.6589,1.2382,239,2.5511
06352000,ifs,4,-0.8015,0.1806,0.4733,1.4150,239,3.3462
06353000,ifs,4,-0.5532,0.1675,0.5593,1.5328,239,3.3333
06354000,ifs,4,0.0549,0.4156,0.6601,1.4010,239,2.8321
06360500,ifs,4,-0.5391,0.2289,0.5071,1.4559,239,3.1426
06404000,ifs,4,0.0848,0.4447,0.5523,1.3285,239,3.1958
06406000,ifs,4,-0.0558,0.4047,0.5529,1.3700,239,3.1441
06408700,ifs,4,-0.3650,0.3119,0.4756,1.3878,239,3.3940
06409000,ifs,4,-0.2492,0.3188,0.5288,1.4382,239,3.1990
06431500,ifs,4,-0.2580,0.3663,0.4542,1.2983,239,3.6398
06440200,ifs,4,-0.0362,0.4417,0.4798,1.2026,239,4.3390
06441500,ifs,4,-0.2167,0.4358,0.5118,1.2013,239,3.8552
06447000,ifs,4,-0.4690,0.2623,0.4008,1.3905,239,4.1220
06447500,ifs,4,-0.8098,0.1216,0.2483,1.4214,239,5.3473
06450500,ifs,4,-0.2442,0.3612,0.3827,1.1643,239,5.1449
06452000,ifs,4,-0.1993,0.3990,0.4678,1.2585,239,3.9808
06453600,ifs,4,0.1932,0.4793,0.5269,1.1141,239,4.8326
06464500,ifs,4,0.1003,0.3895,0.4434,0.9543,239,5.8686
06477500,ifs,4,-0.2908,0.3131,0.3643,1.2600,239,5.6869
06479215,ifs,4,-0.0613,0.1857,0.3180,1.3398,239,7.2287
06479438,ifs,4,-0.0831,0.1986,0.3353,1.3823,239,6.7819
06601000,ifs,4,-0.0078,0.1624,0.2849,0.8793,239,7.5242
06614800,ifs,4,0.4393,0.4838,0.6661,0.8941,239,4.0277
06622700,ifs,4,0.4814,0.7022,0.7252,1.0919,239,2.5699
06623800,ifs,4,0.4781,0.6592,0.7104,1.1174,239,2.7702
06632400,ifs,4,0.2557,0.5705,0.6477,1.2428,239,3.3500
06784000,ifs,4,0.0996,0.3815,0.4385,0.9663,239,5.2120
06803510,ifs,4,-0.3264,0.0731,0.1246,0.9106,239,9.5110
06803530,ifs,4,-0.4420,0.0918,0.1165,0.9732,239,8.5102
06814000,ifs,4,-0.2839,0.2804,0.2885,0.9808,239,8.6482
06846500,ifs,4,0.1071,0.3907,0.4522,0.8813,239,3.9427
06847900,ifs,4,-0.3350,0.2356,0.2460,1.0151,239,5.8663
06853800,ifs,4,-0.0598,0.2586,0.3249,0.8582,239,5.5424
06876700,ifs,4,0.0274,-0.0774,0.2540,0.5204,239,9.8034
06878000,ifs,4,-0.1722,0.0136,0.1652,0.6624,239,8.6871
06879650,ifs,4,-0.0273,0.1278,0.3094,0.6163,239,9.7702
06885500,ifs,4,0.0241,0.2762,0.3719,0.7985,239,8.7324
06888500,ifs,4,-0.0437,0.1045,0.2704,0.6757,239,10.2612
06889200,ifs,4,-0.1993,0.2145,0.2554,0.9057,239,9.9321
06889500,ifs,4,-0.2371,0.2355,0.2616,0.9331,239,9.7472
06892000,ifs,4,-0.2621,0.1557,0.2104,0.8212,239,10.4307
06903400,ifs,4,-0.1753,0.2387,0.2898,0.8179,239,10.2683
06906800,ifs,4,0.0784,0.2593,0.4063,0.7017,239,10.5449
06910800,ifs,4,-0.0098,0.1314,0.3014,0.6772,239,9.5889
06911900,ifs,4,-0.0755,0.1039,0.2584,0.6734,239,10.4515
06917000,ifs,4,0.1840,0.2096,0.4570,0.6527,239,9.9195
06918460,ifs,4,-0.1355,0.3444,0.3587,1.0479,239,10.6727
06919500,ifs,4,0.1209,0.4439,0.4793,0.9609,239,8.9292
06921070,ifs,4,0.0633,0.2574,0.3822,0.7733,239,11.0452
06921200,ifs,4,0.1527,0.2735,0.4341,0.7736,239,11.1538
06934000,ifs,4,-0.1869,0.2718,0.2992,0.9102,239,9.4677
07014500,ifs,4,-0.0727,0.0606,0.2214,0.7198,239,12.0445
07056000,ifs,4,0.1272,0.3743,0.4477,0.9210,239,8.3414
07057500,ifs,4,-0.0424,0.3709,0.3935,0.9629,239,8.5314
07060710,ifs,4,0.0720,0.3413,0.4094,0.9272,239,9.0718
07066000,ifs,4,-0.0257,0.3697,0.3956,0.9779,239,8.4145
07067000,ifs,4,-0.0437,0.4109,0.4211,1.0067,239,7.5083
07068000,ifs,4,-0.0700,0.4325,0.4367,1.0444,239,7.1422
07071500,ifs,4,-0.0339,0.4373,0.4437,1.0372,239,7.5522
07083000,ifs,4,0.1936,0.5007,0.5783,1.2591,239,2.5971
07142300,ifs,4,0.0433,0.1609,0.3295,0.7325,239,5.1242
07145700,ifs,4,0.0979,0.0349,0.3301,0.6594,239,11.0436
07148400,ifs,4,-0.0543,0.2747,0.3359,0.8635,239,4.5802
07149000,ifs,4,0.0369,0.3813,0.4212,0.9239,239,4.1509
07151500,ifs,4,0.0604,0.1312,0.3195,0.7671,239,7.6273
07167500,ifs,4,0.1585,0.2467,0.4287,0.7702,239,7.2447
07180500,ifs,4,0.1637,0.1558,0.4240,0.6645,239,7.3651
07184000,ifs,4,0.3665,0.3992,0.6083,0.8447,239,10.3719
07195800,ifs,4,-0.4920,0.1624,0.1898,1.1944,239,13.4429
07196900,ifs,4,0.0317,0.3570,0.4106,1.1294,239,9.5998
07197000,ifs,4,-0.1807,0.3532,0.3707,1.1333,239,10.2074
07208500,ifs,4,0.2362,0.4216,0.6194,1.4331,239,2.2727
07226500,ifs,4,0.1517,0.4355,0.4930,1.1352,239,2.2676
07261000,ifs,4,0.2087,0.4605,0.5192,0.9329,239,7.6845
07263295,ifs,4,0.1320,0.4077,0.4631,0.9943,239,8.5478
07290650,ifs,4,-0.0790,0.3590,0.3791,1.0557,239,9.9875
07291000,ifs,4,0.2001,0.4310,0.5010,0.9890,239,8.7070
07292500,ifs,4,0.2387,0.4595,0.5297,0.9828,239,8.5602
07295000,ifs,4,0.2659,0.4427,0.5384,0.9482,239,9.4835
07299670,ifs,4,-0.2300,0.1939,0.2299,1.0044,239,5.0676
07301410,ifs,4,-0.0880,0.0869,0.2017,0.9446,239,5.8321
07301500,ifs,4,-0.0213,0.3700,0.4080,1.1434,239,3.2794
07315200,ifs,4,-0.1045,0.3249,0.3485,0.9833,239,7.1038
07315700,ifs,4,-0.4015,0.2351,0.3055,1.3205,239,7.0488
07335700,ifs,4,0.1110,0.1652,0.3790,0.7079,239,10.3463
07340300,ifs,4,0.0978,0.4245,0.4664,0.8984,239,7.8914
07346045,ifs,4,0.0463,0.4866,0.4942,1.0626,239,7.0719
07359610,ifs,4,0.0413,0.2520,0.3706,0.7722,239,9.0736
07362100,ifs,4,0.1667,0.5002,0.5959,1.2937,239,6.4729
07362587,ifs,4,0.2682,0.3494,0.5306,0.7725,239,8.7849
07373000,ifs,4,-1.1929,0.1185,0.3131,1.3312,239,13.5036
07375000,ifs,4,0.0780,0.1424,0.3370,0.7744,239,13.0910
07376000,ifs,4,0.1670,0.3085,0.4442,0.8689,239,10.9020
08013000,ifs,4,0.0852,0.5027,0.5224,1.1304,239,9.7551
08014500,ifs,4,-0.0871,0.4563,0.4665,1.1037,239,10.3285
08023080,ifs,4,0.1068,0.4852,0.5250,1.1862,239,8.7879
08025500,ifs,4,0.2731,0.5064,0.5633,1.0388,239,9.3898
08029500,ifs,4,-0.0060,0.3984,0.4199,1.0432,239,11.5851
08050800,ifs,4,0.1212,0.2771,0.4115,0.8165,239,8.9686
08066200,ifs,4,0.0940,0.1510,0.3533,0.7526,239,13.1131
08066300,ifs,4,-0.0317,-0.0259,0.1844,0.7465,239,18.0386
08070000,ifs,4,0.0639,0.4398,0.4613,1.0158,239,8.7907
08070200,ifs,4,0.0789,0.4277,0.4576,0.9781,239,8.9226
08079600,ifs,4,-0.4678,0.2608,0.3538,1.3395,239,3.6590
08082700,ifs,4,-0.2468,0.2192,0.2595,1.1679,239,5.9298
08086212,ifs,4,0.1062,0.3163,0.4140,0.8857,239,5.8216
08086290,ifs,4,0.0230,0.4218,0.4407,0.9829,239,6.0584
08101000,ifs,4,-0.6693,0.2178,0.3411,1.3602,239,7.9193
08103900,ifs,4,-0.0008,0.2948,0.3637,0.8688,239,9.3031
08104900,ifs,4,-0.0239,0.1507,0.2775,0.8229,239,10.6489
08109700,ifs,4,-0.0561,0.2262,0.2998,1.0824,239,10.9216
08150800,ifs,4,-0.1528,0.2393,0.2815,0.9222,239,11.4334
08155200,ifs,4,-0.5193,0.1992,0.2484,1.2764,239,10.2194
08158700,ifs,4,-0.3749,0.2321,0.2705,1.2307,239,9.1318
08158810,ifs,4,-0.6811,0.2205,0.2838,1.2679,239,9.6056
08164000,ifs,4,-0.3477,0.2588,0.3018,1.2453,239,8.6185
08164300,ifs,4,-0.0825,0.2496,0.3081,1.1029,239,10.0449
08164600,ifs,4,-0.0438,0.3322,0.3722,1.1042,239,7.6441
08165300,ifs,4,0.1073,0.2629,0.3931,0.8578,239,9.0264
08171300,ifs,4,-0.0708,0.2490,0.3067,1.0280,239,8.7302
08175000,ifs,4,-0.1817,0.2608,0.2897,1.0617,239,9.4726
08176900,ifs,4,-0.1766,0.3051,0.3370,1.1646,239,7.4894
08178880,ifs,4,0.0674,0.2497,0.3623,0.9161,239,10.3108
08189500,ifs,4,-0.1403,0.3091,0.3342,1.0833,239,7.9067
08190000,ifs,4,0.1743,0.1075,0.4255,0.6756,239,13.1359
08190500,ifs,4,0.2093,0.1378,0.4679,0.6785,239,12.2795
08194200,ifs,4,0.2010,0.1555,0.4579,0.6445,239,7.7460
08195000,ifs,4,0.1170,0.1447,0.3646,0.7683,239,12.2571
08196000,ifs,4,0.1239,0.1235,0.3648,0.7655,239,13.9794
08198500,ifs,4,0.1025,0.1933,0.3672,0.8058,239,11.9064
08200000,ifs,4,0.0101,0.1851,0.3050,0.8817,239,12.0313
08202700,ifs,4,0.0184,0.1464,0.2985,0.7960,239,12.8398
08267500,ifs,4,0.3744,0.5039,0.6166,0.9476,239,3.0064
08269000,ifs,4,0.2374,0.5148,0.5771,1.2026,239,2.4602
08271000,ifs,4,0.3771,0.4794,0.6171,0.8960,239,3.1236
08324000,ifs,4,-0.2648,0.1531,0.4779,1.6547,239,2.6014
08377900,ifs,4,-0.0354,0.2619,0.5213,1.5613,239,3.8542
08378500,ifs,4,0.0540,0.3657,0.5432,1.4401,239,3.2088
08380500,ifs,4,-0.4283,0.0570,0.5180,1.7588,239,3.6861
09034900,ifs,4,0.3396,0.4553,0.5911,0.8683,239,3.2154
09035900,ifs,4,0.2767,0.5836,0.6051,1.0870,239,2.4858
09047700,ifs,4,0.3061,0.5736,0.6362,1.2114,239,2.3111
09065500,ifs,4,0.2848,0.5834,0.6240,1.1674,239,2.5235
09066000,ifs,4,0.2915,0.5976,0.6270,1.1374,239,2.1404
09066200,ifs,4,0.1463,0.5183,0.5737,1.2239,239,2.9191
09066300,ifs,4,0.2117,0.5489,0.5923,1.1872,239,2.7296
09081600,ifs,4,0.6400,0.6651,0.8032,1.0495,239,2.6140
09107000,ifs,4,0.3014,0.4107,0.7193,1.5012,239,2.0615
09210500,ifs,4,0.2079,0.5272,0.5514,1.0525,239,2.0745
09223000,ifs,4,0.3424,0.6355,0.6470,1.0471,239,2.3300
09306242,ifs,4,-0.0326,0.1520,0.6016,1.7267,239,2.8733
09312600,ifs,4,0.3123,0.5302,0.5931,1.1012,239,2.5729
09352900,ifs,4,0.5838,0.6513,0.7673,1.1631,239,2.8507
09378170,ifs,4,0.4362,0.5166,0.6632,0.8510,239,2.6209
09378630,ifs,4,0.3920,0.4671,0.6300,0.8244,239,2.8652
09386900,ifs,4,-0.2919,0.2744,0.4547,1.4572,239,2.5879
09404450,ifs,4,0.3689,0.6657,0.6808,1.0985,239,2.3231
09430500,ifs,4,0.3252,0.5381,0.7287,1.3441,239,1.8796
09430600,ifs,4,-0.2141,0.3987,0.5438,1.3084,239,3.1501
09447800,ifs,4,-0.6910,0.2649,0.5120,1.2642,239,2.1349
09480000,ifs,4,0.0023,0.4184,0.4342,0.9880,239,3.4699
09484000,ifs,4,-0.2527,0.3488,0.3695,1.1627,239,3.7409
09484600,ifs,4,0.2948,0.4595,0.5668,0.8429,239,2.5741
09492400,ifs,4,0.3932,0.5801,0.6444,1.0740,239,3.6992
09494000,ifs,4,0.3904,0.6376,0.6859,1.1755,239,2.6584
09497800,ifs,4,0.2024,0.5734,0.5914,1.1193,239,2.3732
09497980,ifs,4,0.2576,0.4996,0.5581,0.9009,239,2.7196
09505200,ifs,4,0.2379,0.5216,0.5578,1.0603,239,2.5191
09505350,ifs,4,0.3264,0.4415,0.5782,0.8752,239,2.4394
09505800,ifs,4,0.3017,0.5510,0.5976,1.1042,239,2.6011
09508300,ifs,4,0.1180,0.3619,0.4655,0.7408,239,2.8140
09510200,ifs,4,-0.2760,0.2042,0.2369,0.8745,239,3.3850
09512280,ifs,4,-0.6310,0.1411,0.2043,1.3227,239,3.4142
09513780,ifs,4,-1.1273,0.0616,0.2005,1.4059,239,3.4169
10023000,ifs,4,0.2495,0.4555,0.5333,0.9834,239,3.1122
10166430,ifs,4,0.3051,0.5773,0.6064,0.9466,239,2.9839
10172700,ifs,4,-0.0342,0.4484,0.5351,1.2824,239,2.7785
10172800,ifs,4,0.2195,0.5591,0.6243,1.2292,239,3.2330
10173450,ifs,4,0.5545,0.6809,0.7470,0.9882,239,2.4288
10205030,ifs,4,0.4736,0.6124,0.6930,0.9438,239,2.2082
10234500,ifs,4,0.3311,0.6437,0.6536,0.9256,239,2.8692
10242000,ifs,4,0.4966,0.4305,0.7237,0.6915,239,2.7054
10244950,ifs,4,-0.0290,0.4990,0.5150,1.1125,239,2.8985
10249300,ifs,4,-0.2642,0.3826,0.4201,1.1959,239,2.5440
10258000,ifs,4,0.2667,0.5139,0.5776,1.1748,239,3.0483
10258500,ifs,4,0.1628,0.4395,0.6994,1.3902,239,1.6672
10259000,ifs,4,0.2902,0.6230,0.6322,1.0739,239,2.3264
10259200,ifs,4,0.3554,0.5391,0.6599,1.3050,239,1.6107
10263500,ifs,4,0.3614,0.2473,0.6094,0.5379,239,4.7283
10310500,ifs,4,0.6770,0.8286,0.8545,1.0317,239,2.0674
10316500,ifs,4,0.1576,0.3581,0.4681,0.7959,239,3.4131
10329500,ifs,4,0.3832,0.4834,0.6202,0.9411,239,2.5728
10336645,ifs,4,0.8300,0.8793,0.9112,0.9674,239,3.3891
10336660,ifs,4,0.8143,0.7904,0.9043,0.8834,239,3.8569
10343500,ifs,4,0.7468,0.8401,0.8673,0.9354,239,2.7199
10348850,ifs,4,0.6216,0.3472,0.8832,0.5999,239,5.6095
10396000,ifs,4,0.4635,0.5479,0.6857,0.8167,239,2.4622
11098000,ifs,4,0.5221,0.2920,0.7713,0.5389,239,5.6529
11124500,ifs,4,0.4272,0.3254,0.6694,0.6404,239,5.2539
11141280,ifs,4,0.6293,0.5642,0.7966,0.7075,239,3.8432
11143000,ifs,4,0.4036,0.2817,0.6456,0.5057,239,7.8266
11148900,ifs,4,0.4622,0.5201,0.7036,0.6458,239,4.0110
11151300,ifs,4,0.5356,0.5932,0.7524,0.6883,239,2.5514
11162500,ifs,4,0.5229,0.4757,0.7285,0.6707,239,4.3872
11176400,ifs,4,0.5156,0.5260,0.7266,0.6662,239,2.3590
11180500,ifs,4,0.3635,0.6912,0.6932,0.9968,239,3.0457
11180960,ifs,4,0.5071,0.5430,0.7144,0.7633,239,3.2179
11224500,ifs,4,0.5803,0.6297,0.7742,0.7238,239,2.1120
11253310,ifs,4,0.5442,0.7606,0.7903,0.9107,239,1.7942
11264500,ifs,4,-0.1471,0.1653,0.7635,1.5232,239,5.0910
11266500,ifs,4,0.0448,0.3230,0.7585,1.4140,239,5.0056
11274500,ifs,4,0.5721,0.5853,0.7679,0.6783,239,2.1175
11274630,ifs,4,0.5464,0.6169,0.7541,0.7276,239,1.9825
11284400,ifs,4,0.7541,0.7933,0.8940,1.1438,239,2.5179
11299600,ifs,4,0.4918,0.6072,0.8268,1.2365,239,3.5362
11381500,ifs,4,0.5716,0.4658,0.7730,0.6824,239,5.9311
11383500,ifs,4,0.5773,0.4584,0.7773,0.6635,239,5.9820
11451100,ifs,4,0.7282,0.7210,0.9106,1.1365,239,2.7061
11468500,ifs,4,0.5534,0.7053,0.8234,1.1590,239,4.4717
11473900,ifs,4,0.7067,0.8144,0.8438,0.9459,239,3.7268
11475560,ifs,4,0.5216,0.4019,0.7381,0.6267,239,9.0468
11476600,ifs,4,0.3919,0.7002,0.7291,1.0778,239,5.7411
11478500,ifs,4,0.6776,0.7462,0.8269,0.8481,239,4.1934
11480390,ifs,4,0.5809,0.7681,0.7849,0.9185,239,4.5011
11481200,ifs,4,0.5838,0.6934,0.7696,0.8607,239,5.1364
11482500,ifs,4,0.6467,0.5809,0.8138,0.7617,239,5.3017
11522500,ifs,4,0.6429,0.7923,0.8104,1.0443,239,3.5747
11523200,ifs,4,0.5608,0.7511,0.7772,0.8906,239,4.3665
11528700,ifs,4,0.6470,0.7366,0.8089,0.8602,239,3.6015
11532500,ifs,4,0.5418,0.4455,0.7541,0.6774,239,7.4982
12010000,ifs,4,0.5333,0.5596,0.7417,0.7297,239,7.8012
12013500,ifs,4,0.4795,0.6968,0.7376,0.8491,239,6.4609
12020000,ifs,4,0.3574,0.6773,0.7341,0.9080,239,6.0106
12025000,ifs,4,0.5205,0.7455,0.7662,0.9015,239,5.0000
12025700,ifs,4,0.2968,0.6103,0.7476,1.1516,239,5.4540
12035000,ifs,4,0.6269,0.6223,0.7992,0.7625,239,6.7667
12040500,ifs,4,0.7259,0.6868,0.8595,0.7930,239,6.6774
12041200,ifs,4,0.6908,0.5576,0.8589,0.7132,239,7.7930
12043000,ifs,4,0.6776,0.5834,0.8429,0.7395,239,6.2662
12048000,ifs,4,0.2812,0.4738,0.6985,1.4158,239,4.4463
12054000,ifs,4,0.6085,0.6840,0.7802,0.9673,239,5.5974
12056500,ifs,4,0.6767,0.7350,0.8236,0.9040,239,6.7515
12073500,ifs,4,0.3851,0.6754,0.6807,1.0423,239,4.4654
12082500,ifs,4,0.5617,0.7831,0.7970,0.9648,239,6.3520
12092000,ifs,4,0.5349,0.7427,0.7602,0.9137,239,6.6037
12095000,ifs,4,0.4427,0.7191,0.7521,1.0855,239,5.5208
12114500,ifs,4,0.5912,0.5686,0.7786,0.7253,239,7.3879
12115000,ifs,4,0.5921,0.5757,0.7785,0.7329,239,7.3424
12115500,ifs,4,0.6146,0.6133,0.7903,0.7844,239,7.1603
12117000,ifs,4,0.6101,0.6042,0.7886,0.7852,239,7.1254
12141300,ifs,4,0.5867,0.5445,0.7793,0.7357,239,8.5944
12143600,ifs,4,0.6277,0.6021,0.8013,0.7931,239,7.6632
12144000,ifs,4,0.6344,0.6392,0.8018,0.8277,239,7.1095
12145500,ifs,4,0.5812,0.5853,0.7710,0.7676,239,6.0034
12147600,ifs,4,0.5790,0.4888,0.7865,0.6989,239,10.6248
12167000,ifs,4,0.6259,0.6370,0.7964,0.8292,239,6.8773
12175500,ifs,4,0.5710,0.7747,0.7779,1.0009,239,5.1775
12186000,ifs,4,0.6140,0.6090,0.7918,0.7727,239,7.2411
12189500,ifs,4,0.6449,0.7203,0.8063,0.8724,239,5.8466
12358500,ifs,4,0.3613,0.5164,0.6318,0.7698,239,5.5347
12377150,ifs,4,0.4921,0.4870,0.7320,0.6234,239,4.7316
12381400,ifs,4,0.5819,0.6064,0.7810,0.7113,239,3.8624
12390700,ifs,4,0.3048,0.6654,0.6698,1.0237,239,3.8386
12411000,ifs,4,0.2706,0.5555,0.5923,0.8796,239,4.7170
12414500,ifs,4,0.5764,0.7519,0.7826,0.8859,239,3.6666
12447390,ifs,4,-0.2141,0.3707,0.4715,1.3193,239,3.0564
12451000,ifs,4,0.3645,0.5932,0.7673,1.2430,239,4.4583
12488500,ifs,4,0.5948,0.7858,0.8270,0.9866,239,5.1473
13011500,ifs,4,0.5435,0.7403,0.7546,0.9909,239,2.4674
13011900,ifs,4,0.5417,0.7080,0.7448,1.0110,239,2.3818
13018300,ifs,4,0.4891,0.5825,0.7030,0.8690,239,2.6451
13023000,ifs,4,0.5120,0.7172,0.7445,1.1068,239,2.1442
13161500,ifs,4,0.4587,0.5389,0.7221,1.3630,239,1.5667
13235000,ifs,4,0.5277,0.7079,0.7443,0.8990,239,3.0126
13240000,ifs,4,0.2606,0.5757,0.6068,0.8577,239,4.9043
13310700,ifs,4,0.3763,0.6300,0.6622,0.8820,239,3.4503
13313000,ifs,4,0.3542,0.3762,0.6165,0.6536,239,4.2041
13331500,ifs,4,0.6232,0.6288,0.7944,0.8361,239,3.0812
13337000,ifs,4,0.6936,0.7874,0.8464,0.8544,239,3.3161
13338500,ifs,4,0.3009,0.5973,0.6136,0.9810,239,3.8469
13340000,ifs,4,0.6339,0.7705,0.8056,0.9080,239,3.0602
13340600,ifs,4,0.7427,0.7739,0.8679,0.8294,239,3.4147
14020000,ifs,4,0.4739,0.5345,0.6924,0.8112,239,3.5220
14092750,ifs,4,0.3556,0.6727,0.6754,0.9583,239,4.5290
14096850,ifs,4,-0.0034,0.4290,0.4424,0.9493,239,3.4872
14137000,ifs,4,0.6035,0.7170,0.7838,0.8703,239,5.4029
14138800,ifs,4,0.6623,0.6969,0.8196,0.7991,239,6.8063
14138870,ifs,4,0.6561,0.7533,0.8177,0.8594,239,7.1151
14138900,ifs,4,0.6595,0.6028,0.8221,0.7314,239,8.4028
14139800,ifs,4,0.6427,0.7477,0.8144,0.8410,239,7.0488
14141500,ifs,4,0.6106,0.8047,0.8185,0.9623,239,6.2925
14154500,ifs,4,0.5868,0.6815,0.7756,0.8177,239,3.6058
14158500,ifs,4,0.5959,0.6694,0.7819,0.7936,239,4.5249
14158790,ifs,4,0.5946,0.5291,0.7874,0.6764,239,5.8008
14166500,ifs,4,0.5947,0.5850,0.7768,0.7812,239,4.0675
14182500,ifs,4,0.5800,0.6778,0.7728,0.8109,239,5.2823
14185000,ifs,4,0.6189,0.7412,0.8004,0.8508,239,4.4519
14185900,ifs,4,0.6041,0.6022,0.7872,0.7324,239,5.4544
14187000,ifs,4,0.5533,0.6272,0.7558,0.7696,239,5.0187
14216500,ifs,4,0.6251,0.7492,0.8622,0.9596,239,5.7208
14222500,ifs,4,0.7289,0.6823,0.8593,0.7575,239,7.7912
14236200,ifs,4,0.6090,0.8033,0.8120,0.9542,239,5.3936
14301000,ifs,4,0.6932,0.8113,0.8441,0.8964,239,4.9696
14303200,ifs,4,0.5911,0.4798,0.7879,0.6399,239,7.4602
14305500,ifs,4,0.5188,0.4532,0.7365,0.6666,239,9.5853
14306340,ifs,4,0.5706,0.5635,0.7633,0.7303,239,4.6583
14306500,ifs,4,0.5933,0.6277,0.7750,0.7914,239,4.8907
14308990,ifs,4,0.5450,0.6819,0.7427,0.9428,239,3.0401
14309500,ifs,4,0.4840,0.4248,0.7100,0.6649,239,4.8535
14316700,ifs,4,0.6277,0.7243,0.8020,0.8348,239,3.2482
14325000,ifs,4,0.4663,0.4250,0.6963,0.6518,239,6.1577
14362250,ifs,4,0.3535,0.6118,0.6365,1.0023,239,3.3572
14400000,ifs,4,0.5075,0.4123,0.7286,0.6231,239,7.9631
01013500,ifs,5,-0.1191,0.3549,0.3888,1.1814,239,5.8468
01022500,ifs,5,-0.1786,0.3939,0.4591,1.2636,239,6.8477
01030500,ifs,5,-0.2589,0.3217,0.3534,1.2019,239,6.0873
01031500,ifs,5,-1.0001,0.1087,0.2463,1.3977,239,8.0698
01047000,ifs,5,-1.1296,0.0973,0.2705,1.3974,239,8.9628
01052500,ifs,5,-0.6245,0.1501,0.2312,1.3607,239,7.1387
01054200,ifs,5,-0.6074,0.2783,0.4063,1.3046,239,9.1869
01055000,ifs,5,-0.5424,0.2826,0.3430,1.2484,239,7.1584
01057000,ifs,5,-0.4144,0.3153,0.3355,1.1546,239,7.2217
01073000,ifs,5,-0.5350,0.3204,0.3583,1.1453,239,7.5159
01078000,ifs,5,-0.5785,0.2977,0.3441,1.1800,239,7.8935
01118300,ifs,5,0.1750,0.4018,0.4868,0.8529,239,10.4939
01121000,ifs,5,0.1516,0.4181,0.4999,0.7826,239,7.6049
01123000,ifs,5,0.0664,0.4344,0.4793,0.8176,239,8.3876
01134500,ifs,5,-0.2680,0.3050,0.3160,1.0945,239,7.3620
01137500,ifs,5,-0.1645,0.3425,0.3870,1.2290,239,7.0951
01139000,ifs,5,-0.4612,0.2371,0.2815,1.2565,239,7.4838
01139800,ifs,5,-0.4950,0.2478,0.2509,1.0682,239,8.4625
01142500,ifs,5,-0.7042,0.2299,0.3467,1.3296,239,7.5273
01144000,ifs,5,-0.3184,0.3598,0.3737,1.1241,239,7.1272
01169000,ifs,5,0.1195,0.4733,0.5000,0.9133,239,6.5233
01170100,ifs,5,0.1275,0.4964,0.5133,0.9479,239,6.3307
01181000,ifs,5,0.1545,0.3367,0.4675,0.7506,239,6.9563
01187300,ifs,5,0.0492,0.4842,0.4909,0.9586,239,6.4520
01195100,ifs,5,0.2531,0.2844,0.5207,0.6867,239,8.3110
01333000,ifs,5,0.0656,0.3526,0.4127,0.9363,239,6.7469
01350000,ifs,5,0.0981,0.1863,0.3556,0.8771,239,9.6000
01350080,ifs,5,0.0714,0.2293,0.3554,0.9114,239,7.6097
01350140,ifs,5,0.0063,0.2243,0.3252,0.8814,239,7.4614
01365000,ifs,5,0.2244,0.4758,0.5300,1.0025,239,7.4089
01411300,ifs,5,0.2855,0.3537,0.5385,0.8355,239,9.1262
01413500,ifs,5,0.2366,0.2669,0.4958,0.7727,239,8.3463
01414500,ifs,5,0.3285,0.3918,0.5744,0.8962,239,8.3352
01415000,ifs,5,0.2262,0.3449,0.4947,0.8485,239,6.9189
01423000,ifs,5,0.2445,0.3726,0.5130,0.8573,239,6.7620
01434025,ifs,5,0.2930,0.3762,0.5481,0.8331,239,9.0173
01435000,ifs,5,0.2791,0.4056,0.5399,0.8850,239,8.5746
01439500,ifs,5,0.0891,0.4180,0.4601,0.8994,239,7.2771
01440000,ifs,5,0.1710,0.3332,0.4632,0.8080,239,7.3486
01440400,ifs,5,0.1627,0.3660,0.4779,0.7830,239,7.7096
01451800,ifs,5,-0.2364,0.4149,0.4211,1.0564,239,7.6021
01466500,ifs,5,0.2014,0.5000,0.5343,0.9547,239,6.4247
01484100,ifs,5,0.2876,0.5064,0.5692,1.0216,239,6.5764
01485500,ifs,5,0.0726,0.2567,0.3795,0.8093,239,9.0540
01486000,ifs,5,0.0260,0.2390,0.3462,0.8345,239,9.5328
01487000,ifs,5,0.1507,0.3973,0.4668,0.9424,239,7.6021
01491000,ifs,5,0.1526,0.5439,0.5625,1.1239,239,5.7046
01510000,ifs,5,0.1798,0.4510,0.5017,0.9884,239,6.5974
01516500,ifs,5,0.0203,0.5401,0.5704,1.1130,239,5.7367
01518862,ifs,5,-0.0370,0.4275,0.4362,0.9527,239,6.2278
01532000,ifs,5,0.2426,0.5701,0.5843,1.0391,239,6.0669
01539000,ifs,5,-0.0805,0.3721,0.3871,0.9685,239,7.5407
01542810,ifs,5,-0.1798,0.3679,0.3734,0.9440,239,7.1620
01543000,ifs,5,-0.1728,0.4113,0.4126,0.9607,239,6.8865
01543500,ifs,5,0.0249,0.4642,0.4762,0.9175,239,6.7565
01544500,ifs,5,-0.0080,0.4955,0.4955,0.9974,239,6.3470
01545600,ifs,5,-0.0009,0.5074,0.5102,1.0487,239,6.4713
01547700,ifs,5,0.0245,0.1838,0.3170,0.8315,239,10.6100
01548500,ifs,5,-0.0281,0.4675,0.4692,0.9735,239,5.9861
01549500,ifs,5,0.0610,0.4896,0.4991,1.0699,239,6.3677
01550000,ifs,5,0.0385,0.4316,0.4534,1.0708,239,7.1833
01552000,ifs,5,0.1047,0.3438,0.4250,0.9076,239,7.9116
01552500,ifs,5,-0.0137,0.3856,0.4105,0.9439,239,7.0583
01557500,ifs,5,0.0463,0.2464,0.3733,0.7597,239,9.2276
01567500,ifs,5,-0.2209,0.2580,0.2901,0.8561,239,8.6159
01568000,ifs,5,-0.1895,0.2969,0.3272,0.8455,239,7.5258
01580000,ifs,5,-0.5320,0.3459,0.3779,1.0337,239,7.7088
01583500,ifs,5,-0.2715,0.4152,0.4231,0.9837,239,6.9763
01586610,ifs,5,-0.1728,0.4445,0.4476,0.9918,239,6.7799
01591400,ifs,5,0.0014,0.3323,0.4157,0.7362,239,8.1293
01596500,ifs,5,-0.1624,0.2820,0.3068,0.9886,239,7.8925
01605500,ifs,5,-0.0613,0.3123,0.3585,0.8689,239,6.8716
01606500,ifs,5,-0.0274,0.3702,0.4014,0.8991,239,6.2820
01613050,ifs,5,-0.0421,0.3312,0.3827,0.8283,239,6.7533
01620500,ifs,5,0.0248,0.4493,0.4610,1.0391,239,5.5930
01632000,ifs,5,-0.0542,0.2991,0.3714,0.7692,239,7.2368
01632900,ifs,5,0.0723,0.3248,0.4254,0.7628,239,6.6215
01634500,ifs,5,0.0030,0.2960,0.3834,0.7720,239,6.9314
01638480,ifs,5,-0.1036,0.3384,0.3701,0.8576,239,7.2306
01639500,ifs,5,-0.3042,0.3976,0.4040,0.9941,239,7.0282
01644000,ifs,5,-0.0003,0.3716,0.4271,0.7948,239,6.4277
01658500,ifs,5,0.0297,0.3181,0.3971,0.8092,239,7.1516
01664000,ifs,5,0.0493,0.3153,0.4153,0.7522,239,6.6642
01666500,ifs,5,0.0268,0.3542,0.4205,0.8013,239,6.7754
01667500,ifs,5,0.0918,0.3961,0.4655,0.7976,239,6.2478
01669000,ifs,5,-0.1011,0.2614,0.3168,0.8508,239,8.5262
01669520,ifs,5,-0.1347,0.2563,0.3031,0.8678,239,8.5959
02011400,ifs,5,0.0026,0.4242,0.4419,0.9263,239,5.9648
02011460,ifs,5,-0.0516,0.3742,0.3958,0.9348,239,6.5179
02013000,ifs,5,0.0102,0.4127,0.4375,0.9050,239,6.2588
02014000,ifs,5,-0.0067,0.4742,0.4766,0.9703,239,5.6482
02015700,ifs,5,-0.1047,0.3572,0.3721,1.0270,239,6.4794
02016000,ifs,5,0.0652,0.5079,0.5106,1.0212,239,5.2361
02017500,ifs,5,-0.2051,0.4458,0.4626,1.0810,239,5.4681
02018000,ifs,5,-0.1075,0.4914,0.5129,1.0839,239,5.0109
02027000,ifs,5,-0.0225,0.4763,0.5780,1.2630,239,5.2866
02027500,ifs,5,0.0802,0.5325,0.5946,1.2052,239,5.2039
02028500,ifs,5,0.0522,0.5049,0.5072,0.9734,239,5.5300
02038850,ifs,5,-0.0022,0.4572,0.4696,0.9019,239,5.9282
02046000,ifs,5,-0.0809,0.4307,0.4330,0.9899,239,7.1486
02051000,ifs,5,0.0671,0.4073,0.4472,0.9019,239,7.0953
02051500,ifs,5,-0.1446,0.4131,0.4150,1.0406,239,7.1022
02053200,ifs,5,-0.0427,0.4362,0.4600,1.1570,239,7.4378
02053800,ifs,5,-0.0247,0.4553,0.4733,0.8650,239,5.4208
02055100,ifs,5,-0.2845,0.3500,0.4459,1.3144,239,5.4339
02056900,ifs,5,0.0483,0.4752,0.4923,0.8874,239,5.7958
02059500,ifs,5,-0.0906,0.5143,0.5610,1.0666,239,4.8694
02064000,ifs,5,-0.1709,0.4374,0.5373,1.2437,239,5.3836
02065500,ifs,5,-0.0483,0.5031,0.5319,1.1298,239,5.4106
02069700,ifs,5,-0.0017,0.3168,0.3899,0.7938,239,7.0725
02070000,ifs,5,0.0261,0.3127,0.4053,0.7518,239,6.8919
02074500,ifs,5,0.0336,0.3247,0.3870,0.9241,239,7.3254
02077200,ifs,5,-0.3039,0.4183,0.4546,1.1132,239,6.3265
02081500,ifs,5,-0.1279,0.4623,0.4846,1.1276,239,6.7480
02082950,ifs,5,-0.0805,0.3947,0.5562,1.3784,239,5.6739
02092500,ifs,5,-0.1359,0.4473,0.4932,1.1952,239,6.6893
02096846,ifs,5,0.0354,0.3199,0.3834,0.9511,239,8.8519
02102908,ifs,5,0.0349,0.5444,0.6104,1.1415,239,8.1492
02108000,ifs,5,0.2024,0.5913,0.5989,1.0781,239,5.7821
02111180,ifs,5,0.0749,0.3519,0.4386,0.7770,239,7.1714
02111500,ifs,5,-0.0268,0.2341,0.3520,0.7057,239,7.4174
02118500,ifs,5,0.0028,0.3906,0.4413,0.7951,239,6.2379
02128000,ifs,5,-0.1029,0.5013,0.5436,1.1019,239,6.9340
02137727,ifs,5,0.0417,0.3049,0.3873,0.8477,239,8.1855
02140991,ifs,5,0.0738,0.3996,0.4637,0.7934,239,6.9203
02143000,ifs,5,-0.0148,0.2940,0.3829,0.7469,239,7.1203
02143040,ifs,5,0.0143,0.3128,0.4059,0.7387,239,6.9681
02149000,ifs,5,-0.0222,0.0856,0.2759,0.6578,239,10.1152
02152100,ifs,5,-0.0504,0.3155,0.3817,0.7747,239,6.8800
02177000,ifs,5,-0.1272,0.2915,0.3364,0.8283,239,9.5475
02178400,ifs,5,-0.3080,0.2873,0.3054,0.8545,239,8.7160
02193340,ifs,5,-0.3652,0.2499,0.2552,1.0090,239,8.4954
02196000,ifs,5,-0.1670,0.2382,0.2810,0.8875,239,8.6100
02198100,ifs,5,0.0079,0.1422,0.3069,0.7189,239,10.4208
02202600,ifs,5,0.1028,0.3301,0.4210,0.8736,239,5.6876
02212600,ifs,5,-0.0264,0.1912,0.2982,0.8399,239,8.6544
02215100,ifs,5,0.0010,0.2769,0.3622,0.8148,239,8.4617
02216180,ifs,5,-0.0485,0.0523,0.2375,0.6793,239,10.2100
02221525,ifs,5,-0.0081,0.3267,0.3760,0.9178,239,7.6339
02231000,ifs,5,0.0967,0.3038,0.4184,0.7998,239,6.3697
02231342,ifs,5,-0.0550,0.3042,0.3457,0.9885,239,6.9388
02235200,ifs,5,-0.1239,0.2160,0.2965,0.7740,239,7.3597
02245500,ifs,5,0.1213,0.2581,0.4053,0.8255,239,5.9752
02246000,ifs,5,0.0888,0.3390,0.4269,0.8327,239,5.6025
02296500,ifs,5,-0.1023,0.2130,0.2950,0.8015,239,6.4021
02297155,ifs,5,-0.0565,0.0724,0.2325,0.7519,239,8.5400
02297310,ifs,5,-0.0502,0.0816,0.2530,0.7107,239,8.0159
02298123,ifs,5,-0.0842,0.0726,0.2121,0.7969,239,7.4705
02298608,ifs,5,-0.1341,-0.0301,0.1573,0.6614,239,9.0068
02299950,ifs,5,-0.1533,0.0250,0.1674,0.7286,239,8.4542
02300700,ifs,5,-0.0994,0.0120,0.1715,0.7634,239,9.8094
02310947,ifs,5,-0.0431,0.0763,0.2412,0.7512,239,7.8724
02312200,ifs,5,-0.1206,0.1178,0.2144,0.8736,239,9.6249
02314500,ifs,5,0.0576,0.3178,0.4038,0.8272,239,7.5163
02315500,ifs,5,0.1147,0.3491,0.4467,0.8053,239,6.6542
02324400,ifs,5,0.1794,0.2022,0.4424,0.7298,239,9.4573
02327100,ifs,5,-0.1097,0.0716,0.2152,0.7265,239,9.3265
02349900,ifs,5,-0.0421,0.2105,0.3186,0.7576,239,9.6497
02350900,ifs,5,-0.1575,0.2487,0.2987,0.8328,239,8.0094
02361000,ifs,5,-0.0047,0.2958,0.3619,0.8841,239,7.1317
02363000,ifs,5,-0.1067,0.2274,0.2851,0.9240,239,8.2695
02369800,ifs,5,0.0587,0.0908,0.3260,0.6578,239,12.5244
02371500,ifs,5,-0.0590,0.1742,0.2669,0.9280,239,9.6035
02372250,ifs,5,-0.0430,0.2393,0.3154,0.8833,239,9.3251
02374500,ifs,5,-0.0154,0.1372,0.2842,0.7677,239,10.0985
02381600,ifs,5,-0.2360,0.2189,0.2536,0.8869,239,11.1947
02384540,ifs,5,-0.1131,0.2886,0.3252,0.9148,239,9.2539
02395120,ifs,5,-0.5663,0.2260,0.2437,1.1617,239,9.3816
02408540,ifs,5,-0.1468,0.1247,0.2131,0.8509,239,10.1364
02415000,ifs,5,-0.0251,0.1611,0.2893,0.7909,239,10.3173
02422500,ifs,5,-0.2570,0.1662,0.2043,1.0054,239,9.8117
02427250,ifs,5,-0.2215,0.2755,0.2921,0.9936,239,8.4782
02430085,ifs,5,0.1413,0.4862,0.5257,1.1626,239,7.9976
02450250,ifs,5,-0.0342,0.3962,0.4119,1.0097,239,9.8217
02464000,ifs,5,0.1176,0.3128,0.4152,0.9234,239,10.5565
02465493,ifs,5,0.0152,0.3651,0.4025,0.9933,239,8.4731
02469800,ifs,5,-0.1432,0.2497,0.2907,0.9260,239,9.6887
02472000,ifs,5,-0.1176,0.3341,0.3549,0.9369,239,11.0573
02472500,ifs,5,0.1928,0.2843,0.4628,0.7870,239,10.2513
02479155,ifs,5,0.1924,0.1361,0.4581,0.6752,239,11.8615
02479300,ifs,5,0.1201,-0.0179,0.3855,0.5745,239,16.4299
02481000,ifs,5,0.0536,-0.1583,0.2991,0.4732,239,20.4718
02481510,ifs,5,0.1019,-0.0348,0.3745,0.5278,239,16.3946
03010655,ifs,5,-0.0863,0.3928,0.4013,0.9954,239,6.8896
03011800,ifs,5,-0.0277,0.3505,0.3846,0.9359,239,7.8404
03015500,ifs,5,-0.1860,0.3854,0.3889,1.0585,239,7.0195
03021350,ifs,5,-0.2687,0.3194,0.3255,1.0641,239,8.4584
03026500,ifs,5,-0.0648,0.3548,0.3799,0.9312,239,7.4971
03028000,ifs,5,-0.0793,0.3610,0.3790,0.9760,239,7.8019
03049800,ifs,5,0.1156,0.3956,0.4519,0.9582,239,8.3263
03050000,ifs,5,0.0202,0.2514,0.3478,0.8652,239,9.1318
03066000,ifs,5,0.0569,0.3490,0.4065,0.9624,239,7.9760
03069500,ifs,5,0.0254,0.3732,0.4102,0.9865,239,7.6194
03070500,ifs,5,-0.2566,0.3932,0.4050,1.1075,239,8.5617
03076600,ifs,5,-0.0961,0.2572,0.3095,0.9009,239,9.4056
03078000,ifs,5,-0.1260,0.2477,0.2909,0.9786,239,9.4096
03140000,ifs,5,-0.1011,0.3708,0.3825,1.0103,239,7.4644
03144000,ifs,5,0.1113,0.3329,0.4339,0.8189,239,8.2307
03159540,ifs,5,-0.1577,0.2104,0.2662,0.8667,239,10.0009
03161000,ifs,5,-0.0175,0.3985,0.4229,0.9002,239,6.8666
03164000,ifs,5,0.0300,0.4563,0.4748,0.8899,239,5.8756
03165000,ifs,5,0.1314,0.3745,0.4691,0.7838,239,6.6386
03170000,ifs,5,0.0115,0.4576,0.4807,0.8539,239,5.5511
03173000,ifs,5,-0.0540,0.5130,0.5220,0.9966,239,5.1110
03180500,ifs,5,-0.0899,0.3284,0.3544,0.9641,239,7.1047
03182500,ifs,5,-0.0795,0.3847,0.3974,0.9553,239,6.4395
03186500,ifs,5,-0.0938,0.3711,0.3847,0.9596,239,7.7562
03187500,ifs,5,-0.1059,0.3907,0.3972,0.9964,239,7.7159
03213700,ifs,5,0.0646,0.5178,0.5279,1.0974,239,6.8265
03237280,ifs,5,-0.0833,0.3410,0.3670,0.9243,239,8.1058
03237500,ifs,5,0.0027,0.3461,0.3924,0.9021,239,7.8581
03241500,ifs,5,0.1424,0.2828,0.4290,0.7998,239,9.2263
03280700,ifs,5,-0.2999,0.3280,0.3416,1.1335,239,8.2476
03281100,ifs,5,-0.2976,0.3794,0.4200,1.1959,239,7.8936
03281500,ifs,5,-0.2871,0.3879,0.4478,1.2260,239,7.6062
03285000,ifs,5,-0.0555,0.3721,0.3916,1.0330,239,9.2037
03291780,ifs,5,0.1270,0.2768,0.4131,0.8332,239,9.6341
03300400,ifs,5,-0.0172,0.4009,0.4186,0.9770,239,9.7399
03340800,ifs,5,0.0806,0.2620,0.3787,0.8683,239,9.9295
03346000,ifs,5,0.2367,0.4927,0.5427,0.9675,239,7.6359
03364500,ifs,5,0.2079,0.1820,0.4676,0.7273,239,11.7669
03366500,ifs,5,0.2029,0.3211,0.4716,0.8548,239,9.0394
03368000,ifs,5,0.2384,0.2026,0.5063,0.6761,239,11.3788
03384450,ifs,5,0.3203,0.4424,0.5727,0.9092,239,7.8394
03439000,ifs,5,-0.2038,0.3200,0.3459,0.8382,239,8.7372
03450000,ifs,5,-0.0742,0.3194,0.3682,0.8244,239,6.7974
03455500,ifs,5,-0.1130,0.3677,0.4072,0.7941,239,7.6215
03456500,ifs,5,-0.0171,0.4379,0.4607,0.8561,239,6.8254
03460000,ifs,5,-0.0572,0.4212,0.4307,0.9302,239,7.3925
03463300,ifs,5,0.0113,0.3816,0.4193,0.8858,239,7.9368
03471500,ifs,5,-0.0422,0.4892,0.4910,1.0360,239,6.2181
03473000,ifs,5,0.0408,0.5115,0.5119,0.9971,239,6.1740
03479000,ifs,5,-0.1109,0.4410,0.4432,0.9505,239,6.3295
03488000,ifs,5,0.0332,0.5105,0.5107,0.9975,239,6.0776
03498500,ifs,5,-0.0655,0.4561,0.4574,1.0325,239,7.9231
03500000,ifs,5,-0.3076,0.3017,0.3117,0.8950,239,8.4577
03504000,ifs,5,-0.1535,0.2458,0.3191,0.7396,239,9.3860
03574500,ifs,5,0.0237,0.4180,0.4388,1.0332,239,9.1803
03604000,ifs,5,0.1264,0.3189,0.4302,0.8413,239,9.1022
04015330,ifs,5,-0.0378,0.3401,0.3736,1.0298,239,6.6419
04024430,ifs,5,-0.6230,0.2842,0.3645,1.2375,239,6.4099
04027000,ifs,5,-0.3111,0.2371,0.3077,1.3132,239,5.1985
04040500,ifs,5,-0.3632,0.1694,0.1893,1.0237,239,6.2224
04043050,ifs,5,-0.2925,0.2506,0.2705,0.8853,239,5.5393
04045500,ifs,5,-0.5121,0.2673,0.3743,1.3423,239,6.2802
04056500,ifs,5,-0.6357,0.2362,0.3248,1.3123,239,6.0938
04057510,ifs,5,-0.3447,0.2923,0.3187,1.1905,239,6.4826
04057800,ifs,5,-0.2971,0.2542,0.2674,1.0605,239,6.1386
04059500,ifs,5,-0.3163,0.2919,0.3096,1.1487,239,5.9565
04063700,ifs,5,-0.4151,0.2521,0.3160,1.3016,239,5.6705
04074950,ifs,5,-0.3766,0.2506,0.2584,1.0759,239,6.1775
04105700,ifs,5,-0.2535,0.3162,0.3214,1.0227,239,8.0694
04115265,ifs,5,0.1819,0.4712,0.5124,0.9786,239,6.5025
04122200,ifs,5,0.2758,0.6148,0.6194,0.9719,239,6.1318
04122500,ifs,5,0.1265,0.4790,0.5019,0.9507,239,6.3363
04124000,ifs,5,0.1456,0.2833,0.4361,0.7721,239,7.9652
04127997,ifs,5,0.2620,0.4762,0.5606,0.8250,239,6.6649
04185000,ifs,5,-0.3017,0.3555,0.3573,1.0469,239,7.5046
04196800,ifs,5,0.1544,0.4278,0.4828,0.9434,239,6.4984
04197100,ifs,5,0.0731,0.3349,0.4044,0.9748,239,7.6132
04197170,ifs,5,0.0758,0.4035,0.4434,1.0455,239,6.8798
04213000,ifs,5,-0.3150,0.3409,0.3838,1.2281,239,7.3415
04213075,ifs,5,-0.2503,0.2841,0.3107,1.1620,239,8.0491
04216418,ifs,5,-0.0021,0.4515,0.4579,0.9865,239,7.4200
04221000,ifs,5,-0.0304,0.4433,0.4481,1.0154,239,6.2925
04224775,ifs,5,-0.0572,0.3649,0.3885,1.0702,239,7.0823
04256000,ifs,5,-0.3374,0.3396,0.3558,1.1418,239,6.9088
04296000,ifs,5,-0.3810,0.2495,0.2776,1.1965,239,7.3379
05057000,ifs,5,-0.1368,0.3105,0.5164,1.4749,239,3.9837
05057200,ifs,5,-1.0873,-0.0078,0.3250,1.6382,239,4.9776
05062500,ifs,5,-1.0152,0.1073,0.1592,1.2435,239,6.2489
05087500,ifs,5,-0.5372,0.2274,0.2636,1.2305,239,6.5962
05120500,ifs,5,-0.3457,0.1627,0.4797,1.6223,239,4.6668
05123400,ifs,5,0.1318,0.4226,0.4705,1.0021,239,4.6862
05129115,ifs,5,-0.5107,0.2629,0.3121,1.2508,239,5.4352
05131500,ifs,5,-0.3335,0.3346,0.3605,1.1800,239,4.7993
05291000,ifs,5,-0.2704,0.0686,0.1547,1.2436,239,7.7375
05362000,ifs,5,-0.4373,0.2223,0.3098,1.3576,239,6.1681
05393500,ifs,5,-0.2693,0.2465,0.2789,1.1713,239,6.3481
05399500,ifs,5,-0.3048,0.2588,0.2715,1.0755,239,8.1060
05408000,ifs,5,-0.0699,0.0658,0.2231,0.7329,239,9.3115
05412500,ifs,5,-0.0515,0.4587,0.4610,0.9573,239,7.7599
05413500,ifs,5,-0.0162,0.4132,0.4288,0.9488,239,8.6904
05414000,ifs,5,-0.1350,0.3598,0.3694,1.0092,239,8.9992
05444000,ifs,5,0.0114,0.3950,0.4284,0.8822,239,7.1915
05454000,ifs,5,0.1488,0.3173,0.4616,0.7176,239,7.9829
05458000,ifs,5,-0.6129,0.2940,0.3134,1.0495,239,10.0260
05466500,ifs,5,0.2857,0.2152,0.5621,0.6133,239,8.9198
05487980,ifs,5,0.0020,0.2190,0.3312,0.7989,239,8.9883
05488200,ifs,5,0.0503,0.1877,0.3391,0.7789,239,10.6383
05489000,ifs,5,0.1137,0.2253,0.3968,0.7462,239,9.5223
05495000,ifs,5,0.0086,0.3200,0.3821,0.8677,239,7.3540
05495500,ifs,5,-0.0491,0.2132,0.3123,0.7821,239,9.0779
05501000,ifs,5,-0.0008,0.1241,0.2781,0.7941,239,10.0505
05503800,ifs,5,-0.0625,0.2317,0.3024,0.9031,239,8.1381
05507600,ifs,5,-0.1984,0.3155,0.3264,1.0084,239,7.2057
05508805,ifs,5,-0.0048,0.3767,0.4079,0.9254,239,6.4926
05514500,ifs,5,-0.2569,0.2848,0.2971,0.9371,239,7.9643
05525500,ifs,5,0.1584,0.4545,0.4959,0.9892,239,7.4851
05556500,ifs,5,-0.0085,0.2913,0.3731,0.7865,239,9.0507
05584500,ifs,5,0.0841,0.1465,0.3537,0.7002,239,10.8896
05585000,ifs,5,0.0457,0.1944,0.3463,0.7458,239,10.1584
05591550,ifs,5,0.1569,0.4394,0.4887,1.0444,239,8.3608
05592050,ifs,5,0.0310,0.4150,0.4563,1.1734,239,7.5017
05592575,ifs,5,0.0615,0.3506,0.4138,0.8927,239,9.4126
05593575,ifs,5,-0.1227,0.3106,0.3354,0.9650,239,8.7272
05593900,ifs,5,-0.1819,0.3135,0.3277,0.9667,239,9.5798
05595730,ifs,5,-0.1217,0.3329,0.3510,1.0067,239,8.2964
06037500,ifs,5,0.3710,0.5239,0.6257,0.8485,239,3.0955
06043500,ifs,5,0.3061,0.6161,0.6348,0.8969,239,3.1679
06154410,ifs,5,-0.0375,0.3130,0.3597,1.0886,239,4.9433
06188000,ifs,5,0.1881,0.5827,0.5903,1.0784,239,2.7145
06191500,ifs,5,0.3101,0.6285,0.6344,1.0215,239,2.5356
06221400,ifs,5,-0.5571,0.1752,0.5479,1.5379,239,3.6552
06224000,ifs,5,-0.1336,0.3890,0.5537,1.3695,239,3.2966
06289000,ifs,5,-0.3757,0.1579,0.6100,1.6193,239,3.3502
06332515,ifs,5,-1.8717,-0.3867,0.3657,1.9831,239,5.5951
06339100,ifs,5,-2.5672,-0.7158,0.4044,2.2662,239,4.9457
06339500,ifs,5,-1.4060,-0.2880,0.4585,1.9486,239,4.8177
06344600,ifs,5,-1.1349,-0.2040,0.3386,1.9146,239,5.0373
06350000,ifs,5,-1.1446,-0.0271,0.4114,1.6560,239,4.2493
06352000,ifs,5,-2.3105,-0.4279,0.3527,1.9350,239,4.5361
06353000,ifs,5,-1.0488,-0.1151,0.4557,1.8198,239,3.8284
06354000,ifs,5,-0.6616,0.0428,0.4833,1.7080,239,3.7553
06360500,ifs,5,-1.0321,0.0275,0.4193,1.6078,239,3.6110
06404000,ifs,5,0.3529,0.6427,0.6942,1.1792,239,2.6873
06406000,ifs,5,0.2824,0.6348,0.6571,1.1190,239,2.5921
06408700,ifs,5,-0.2147,0.4430,0.4726,1.1217,239,3.2017
06409000,ifs,5,-0.1127,0.4841,0.5613,1.1722,239,3.0192
06431500,ifs,5,-0.1369,0.4221,0.4254,1.0610,239,3.4602
06440200,ifs,5,-0.4111,0.2749,0.2767,0.9560,239,5.0635
06441500,ifs,5,-0.4026,0.3705,0.3920,1.0890,239,4.1392
06447000,ifs,5,0.0055,0.3157,0.3728,0.9247,239,3.3916
06447500,ifs,5,-0.2392,0.1974,0.2317,0.9531,239,4.4247
06450500,ifs,5,-0.3132,0.2017,0.2241,0.9286,239,5.2855
06452000,ifs,5,-0.1212,0.3319,0.3512,0.9612,239,3.8489
06453600,ifs,5,0.0330,0.4231,0.4478,1.0845,239,5.2906
06464500,ifs,5,-0.1002,0.1565,0.2528,0.8175,239,6.4896
06477500,ifs,5,-0.6641,0.2224,0.2545,1.1945,239,6.4570
06479215,ifs,5,-0.2268,0.0695,0.1633,1.2294,239,7.7720
06479438,ifs,5,-0.3337,0.0694,0.1661,1.3373,239,7.5258
06601000,ifs,5,-0.1195,0.1705,0.2435,0.9356,239,7.9302
06614800,ifs,5,0.3021,0.4116,0.5578,0.8725,239,4.4934
06622700,ifs,5,0.2419,0.5375,0.5656,0.9664,239,3.1074
06623800,ifs,5,0.1705,0.4819,0.5275,1.1488,239,3.4924
06632400,ifs,5,0.2313,0.5396,0.5652,1.0595,239,3.4043
06784000,ifs,5,0.1363,0.4318,0.4786,0.9388,239,5.1047
06803510,ifs,5,-0.5828,0.0649,0.0801,0.9293,239,10.3899
06803530,ifs,5,-0.7676,0.0855,0.0861,1.0043,239,9.4222
06814000,ifs,5,-0.2057,0.2065,0.2475,0.9145,239,8.3807
06846500,ifs,5,0.1172,0.1393,0.3810,0.6778,239,3.9203
06847900,ifs,5,-0.0610,0.0679,0.2316,0.7133,239,5.2297
06853800,ifs,5,-0.0793,0.2440,0.3044,0.9096,239,5.5932
06876700,ifs,5,-0.0388,-0.0335,0.2008,0.6277,239,10.1314
06878000,ifs,5,-0.0075,0.1617,0.3018,0.7565,239,8.0537
06879650,ifs,5,-0.0587,0.1898,0.3128,0.7004,239,9.9182
06885500,ifs,5,-0.0138,0.2708,0.3459,0.8637,239,8.9006
06888500,ifs,5,0.1035,0.2315,0.3951,0.7354,239,9.5101
06889200,ifs,5,-0.0557,0.3055,0.3510,0.9032,239,9.3186
06889500,ifs,5,-0.1786,0.3385,0.3492,0.9425,239,9.5138
06892000,ifs,5,-0.1976,0.2995,0.3183,0.9132,239,10.1607
06903400,ifs,5,-0.0846,0.1368,0.2478,0.8061,239,9.8638
06906800,ifs,5,-0.0377,0.1291,0.2847,0.6985,239,11.1894
06910800,ifs,5,0.0338,0.1207,0.3145,0.6901,239,9.3796
06911900,ifs,5,0.0269,0.1175,0.3129,0.6733,239,9.9415
06917000,ifs,5,-0.0383,0.1075,0.2647,0.7235,239,11.1892
06918460,ifs,5,0.0352,0.3106,0.3772,0.9916,239,9.8378
06919500,ifs,5,0.1034,0.3505,0.4255,0.9407,239,9.0173
06921070,ifs,5,0.0844,0.2134,0.3659,0.8091,239,10.9201
06921200,ifs,5,0.1269,0.1953,0.3899,0.7747,239,11.3222
06934000,ifs,5,0.1434,0.4321,0.4805,1.0481,239,8.0431
07014500,ifs,5,0.1623,0.2387,0.4249,0.8063,239,10.6440
07056000,ifs,5,-0.0290,0.2752,0.3352,0.9939,239,9.0570
07057500,ifs,5,-0.1814,0.3534,0.3715,1.1371,239,9.0823
07060710,ifs,5,0.0461,0.2899,0.3704,0.9808,239,9.1973
07066000,ifs,5,-0.3393,0.2364,0.2523,1.1052,239,9.6151
07067000,ifs,5,-0.3312,0.2910,0.3055,1.1350,239,8.4794
07068000,ifs,5,-0.3878,0.2921,0.3114,1.1642,239,8.1342
07071500,ifs,5,-0.4028,0.2700,0.2846,1.1433,239,8.7972
07083000,ifs,5,-0.0102,0.4151,0.4425,1.1400,239,2.9068
07142300,ifs,5,-0.3878,0.0804,0.1158,0.9670,239,6.1716
07145700,ifs,5,-0.0638,-0.1037,0.1433,0.6183,239,11.9922
07148400,ifs,5,-0.0667,0.2308,0.3099,0.8254,239,4.6071
07149000,ifs,5,-0.2130,0.2204,0.2584,0.8909,239,4.6585
07151500,ifs,5,-0.1083,-0.0038,0.1633,0.7187,239,8.2841
07167500,ifs,5,-0.0451,0.1401,0.2597,0.8453,239,8.0739
07180500,ifs,5,-0.0624,-0.0195,0.1938,0.6453,239,8.3015
07184000,ifs,5,0.1318,0.2216,0.3904,0.8843,239,12.1426
07195800,ifs,5,-0.3250,0.2009,0.2440,1.2180,239,12.6683
07196900,ifs,5,-0.2063,0.2818,0.3263,1.2186,239,10.7145
07197000,ifs,5,-0.2258,0.2914,0.3248,1.1883,239,10.4004
07208500,ifs,5,0.1699,0.3993,0.6025,1.4504,239,2.3693
07226500,ifs,5,-0.1487,0.3196,0.3577,1.1895,239,2.6387
07261000,ifs,5,0.0658,0.4318,0.4565,0.9915,239,8.3497
07263295,ifs,5,-0.0573,0.4562,0.5246,1.2465,239,9.4342
07290650,ifs,5,0.0195,0.4046,0.4320,1.0787,239,9.5208
07291000,ifs,5,-0.0659,0.3673,0.3864,1.0362,239,10.0505
07292500,ifs,5,0.0241,0.4292,0.4460,1.0182,239,9.6918
07295000,ifs,5,0.1243,0.3707,0.4421,1.0042,239,10.3580
07299670,ifs,5,-0.0605,0.3071,0.3462,0.9940,239,4.7054
07301410,ifs,5,0.0180,0.1105,0.2705,0.8850,239,5.5405
07301500,ifs,5,0.0125,0.3397,0.3929,1.1160,239,3.2246
07315200,ifs,5,-0.0883,0.2754,0.3296,0.8487,239,7.0516
07315700,ifs,5,-0.7019,0.1966,0.2430,1.2446,239,7.7676
07335700,ifs,5,0.0310,0.2920,0.3805,0.8153,239,10.8022
07340300,ifs,5,0.0056,0.4207,0.4413,0.9125,239,8.2851
07346045,ifs,5,-0.5176,0.2972,0.3720,1.2621,239,8.9210
07359610,ifs,5,0.1951,0.4059,0.5072,0.7919,239,8.3138
07362100,ifs,5,-0.0594,0.3924,0.5025,1.3457,239,7.2983
07362587,ifs,5,0.2356,0.5056,0.5478,0.9748,239,8.9784
07373000,ifs,5,0.0761,0.4290,0.4689,1.1404,239,8.7651
07375000,ifs,5,0.0564,0.1353,0.3191,0.7788,239,13.2435
07376000,ifs,5,0.0238,0.2246,0.3362,0.8496,239,11.8018
08013000,ifs,5,0.1080,0.4303,0.4676,1.0328,239,9.6326
08014500,ifs,5,0.1406,0.4594,0.4930,0.9849,239,9.1835
08023080,ifs,5,-0.6151,0.2221,0.3175,1.3390,239,11.8170
08025500,ifs,5,-1.4297,0.0826,0.2392,1.2341,239,17.1666
08029500,ifs,5,-0.4693,0.2581,0.2581,0.9975,239,14.0007
08050800,ifs,5,0.0388,0.4252,0.4463,0.9827,239,9.3796
08066200,ifs,5,-0.0747,0.1580,0.2557,0.8717,239,14.2817
08066300,ifs,5,-0.0574,0.0426,0.2009,0.8069,239,18.2612
08070000,ifs,5,0.2145,0.4904,0.5330,1.0149,239,8.0522
08070200,ifs,5,0.2252,0.4778,0.5315,0.9771,239,8.1834
08079600,ifs,5,-0.1101,0.3854,0.4935,1.3391,239,3.1821
08082700,ifs,5,-0.1538,0.3046,0.3762,1.2948,239,5.7043
08086212,ifs,5,0.1605,0.4948,0.5201,1.0534,239,5.6420
08086290,ifs,5,-0.0303,0.4267,0.4444,1.1170,239,6.2214
08101000,ifs,5,-0.2192,0.3446,0.4320,1.3216,239,6.7679
08103900,ifs,5,0.0963,0.3180,0.4119,0.8713,239,8.8404
08104900,ifs,5,0.1316,0.2450,0.4044,0.8169,239,9.8068
08109700,ifs,5,-0.0066,0.2611,0.3347,1.0199,239,10.6623
08150800,ifs,5,0.0704,0.1235,0.3313,0.7143,239,10.2675
08155200,ifs,5,-0.1118,0.2430,0.2913,0.9815,239,8.7422
08158700,ifs,5,-0.1074,0.2790,0.3164,1.0195,239,8.1953
08158810,ifs,5,-0.1486,0.3013,0.3236,0.9756,239,7.9398
08164000,ifs,5,0.0934,0.4700,0.5117,1.1886,239,7.0689
08164300,ifs,5,0.1661,0.4339,0.4887,1.0279,239,8.8166
08164600,ifs,5,-0.2918,0.3115,0.3481,1.2213,239,8.5035
08165300,ifs,5,0.1457,0.2029,0.4029,0.7891,239,8.8300
08171300,ifs,5,0.0509,0.2632,0.3589,0.9702,239,8.2194
08175000,ifs,5,0.0236,0.4245,0.4448,1.0617,239,8.6108
08176900,ifs,5,-0.2648,0.3282,0.3993,1.2978,239,7.7648
08178880,ifs,5,0.0221,0.1488,0.2932,0.8712,239,10.5583
08189500,ifs,5,-0.2527,0.3039,0.3313,1.1808,239,8.2874
08190000,ifs,5,0.1312,0.0153,0.3751,0.6280,239,13.4742
08190500,ifs,5,0.1183,0.0100,0.3545,0.6280,239,12.9664
08194200,ifs,5,0.0107,0.2630,0.3436,0.9363,239,8.6191
08195000,ifs,5,0.1486,0.1111,0.3916,0.7371,239,12.0357
08196000,ifs,5,0.0835,0.0444,0.3088,0.7304,239,14.2981
08198500,ifs,5,0.0920,0.0927,0.3331,0.7270,239,11.9759
08200000,ifs,5,0.0396,0.1242,0.2956,0.8273,239,11.8511
08202700,ifs,5,0.0458,0.0588,0.2868,0.7073,239,12.6593
08267500,ifs,5,0.3165,0.4361,0.5718,0.8622,239,3.1426
08269000,ifs,5,0.1807,0.4989,0.5383,1.1391,239,2.5501
08271000,ifs,5,0.3250,0.4121,0.5773,0.8153,239,3.2516
08324000,ifs,5,-0.1584,0.1354,0.5630,1.7226,239,2.4895
08377900,ifs,5,-0.0489,0.2866,0.4796,1.4869,239,3.8793
08378500,ifs,5,0.0411,0.3602,0.5410,1.4458,239,3.2307
08380500,ifs,5,-0.3003,0.1830,0.4868,1.6126,239,3.5171
09034900,ifs,5,0.0672,0.2382,0.3782,0.7651,239,3.8214
09035900,ifs,5,-0.0714,0.3638,0.3832,0.9578,239,3.0254
09047700,ifs,5,-0.0647,0.4557,0.4723,1.1334,239,2.8628
09065500,ifs,5,-0.1223,0.4241,0.4312,1.0883,239,3.1611
09066000,ifs,5,-0.0556,0.4489,0.4528,1.0540,239,2.6125
09066200,ifs,5,-0.2843,0.3714,0.3897,1.1436,239,3.5804
09066300,ifs,5,-0.1416,0.4166,0.4254,1.1002,239,3.2849
09081600,ifs,5,0.4844,0.5503,0.6967,0.9459,239,3.1282
09107000,ifs,5,0.1045,0.4519,0.6029,1.3676,239,2.3340
09210500,ifs,5,-0.1370,0.4931,0.5354,1.0829,239,2.4855
09223000,ifs,5,0.1934,0.6004,0.6015,0.9728,239,2.5805
09306242,ifs,5,0.0131,0.3346,0.5296,1.4702,239,2.8090
09312600,ifs,5,0.2426,0.5184,0.5597,1.0824,239,2.7000
09352900,ifs,5,0.4551,0.5750,0.6774,1.0717,239,3.2619
09378170,ifs,5,0.5833,0.4743,0.7925,0.7165,239,2.2532
09378630,ifs,5,0.4997,0.4172,0.7307,0.6938,239,2.5990
09386900,ifs,5,-1.9444,-0.3453,0.2459,1.9241,239,3.9069
09404450,ifs,5,0.1906,0.5697,0.5935,1.1409,239,2.6308
09430500,ifs,5,0.1201,0.5271,0.6089,1.2492,239,2.1463
09430600,ifs,5,-0.1164,0.4449,0.4700,1.1585,239,3.0207
09447800,ifs,5,-0.6283,0.2807,0.3001,1.0766,239,2.0950
09480000,ifs,5,-0.0783,0.4406,0.4440,1.0529,239,3.6073
09484000,ifs,5,-0.5720,0.2722,0.3398,1.2589,239,4.1905
09484600,ifs,5,0.0894,0.4825,0.5012,0.9035,239,2.9250
09492400,ifs,5,0.2408,0.4810,0.5397,1.0408,239,4.1376
09494000,ifs,5,0.1929,0.5441,0.5807,1.1726,239,3.0589
09497800,ifs,5,0.1700,0.4764,0.5111,1.0104,239,2.4209
09497980,ifs,5,0.2947,0.5485,0.5883,0.9902,239,2.6508
09505200,ifs,5,0.0595,0.4960,0.5406,1.2065,239,2.7984
09505350,ifs,5,0.2134,0.5286,0.5526,1.0348,239,2.6359
09505800,ifs,5,0.1991,0.5224,0.5679,1.1838,239,2.7856
09508300,ifs,5,-0.1246,0.3343,0.3655,0.8453,239,3.1774
09510200,ifs,5,-0.0595,0.1762,0.2801,0.8088,239,3.0845
09512280,ifs,5,-0.5982,0.1265,0.1969,1.3435,239,3.3798
09513780,ifs,5,-0.5466,0.1939,0.2292,1.2358,239,2.9134
10023000,ifs,5,0.2712,0.4731,0.5514,0.9365,239,3.0668
10166430,ifs,5,-0.2826,0.4262,0.4428,0.9747,239,4.0540
10172700,ifs,5,0.2002,0.5377,0.5653,1.1274,239,2.4435
10172800,ifs,5,0.1233,0.5213,0.5283,1.0258,239,3.4266
10173450,ifs,5,0.3684,0.6218,0.6567,1.1255,239,2.8918
10205030,ifs,5,0.2532,0.5166,0.5598,0.9591,239,2.6303
10234500,ifs,5,0.2856,0.5608,0.5915,0.9580,239,2.9651
10242000,ifs,5,0.5024,0.5636,0.7118,0.8307,239,2.6898
10244950,ifs,5,0.2800,0.4465,0.5545,0.8452,239,2.4246
10249300,ifs,5,-0.4271,0.3291,0.4066,1.2620,239,2.7030
10258000,ifs,5,0.2003,0.2820,0.5656,1.5629,239,3.1834
10258500,ifs,5,-0.1747,-0.1196,0.6917,1.9603,239,1.9749
10259000,ifs,5,0.1102,0.3603,0.5915,1.4865,239,2.6048
10259200,ifs,5,0.3392,0.1114,0.7400,1.8306,239,1.6309
10263500,ifs,5,0.4968,0.3502,0.7276,0.6057,239,4.1973
10310500,ifs,5,0.5303,0.5826,0.7298,0.8242,239,2.4928
10316500,ifs,5,0.0663,0.3697,0.4439,0.7841,239,3.5932
10329500,ifs,5,0.0850,0.2630,0.3857,0.8249,239,3.1337
10336645,ifs,5,0.6134,0.5637,0.7944,0.7988,239,5.1115
10336660,ifs,5,0.6235,0.5006,0.8161,0.7299,239,5.4918
10343500,ifs,5,0.6124,0.5720,0.7894,0.7738,239,3.3654
10348850,ifs,5,0.4230,0.1617,0.7749,0.4916,239,6.9271
10396000,ifs,5,0.1128,0.4385,0.4853,0.8519,239,3.1664
11098000,ifs,5,0.5905,0.4271,0.8008,0.6610,239,5.2326
11124500,ifs,5,0.5711,0.5597,0.7630,0.8512,239,4.5465
11141280,ifs,5,0.7315,0.7140,0.8580,0.8600,239,3.2708
11143000,ifs,5,0.4204,0.3067,0.6592,0.5497,239,7.7150
11148900,ifs,5,0.6748,0.7220,0.8250,0.8140,239,3.1188
11151300,ifs,5,0.7018,0.7288,0.8384,0.8459,239,2.0443
11162500,ifs,5,0.3405,0.5043,0.6064,0.8121,239,5.1582
11176400,ifs,5,0.5394,0.6700,0.7417,0.8701,239,2.3004
11180500,ifs,5,0.5652,0.6992,0.7560,0.9397,239,2.5175
11180960,ifs,5,0.3668,0.4479,0.6111,0.7796,239,3.6471
11224500,ifs,5,0.7317,0.6674,0.8641,0.8336,239,1.6887
11253310,ifs,5,0.5265,0.7256,0.7446,1.0474,239,1.8286
11264500,ifs,5,0.4662,0.5873,0.7950,1.3012,239,3.4730
11266500,ifs,5,0.5356,0.6910,0.7908,1.2110,239,3.4903
11274500,ifs,5,0.5840,0.7505,0.7766,0.9302,239,2.0878
11274630,ifs,5,0.4444,0.7178,0.7190,0.9767,239,2.1941
11284400,ifs,5,0.6918,0.7852,0.8372,1.1204,239,2.8188
11299600,ifs,5,0.5155,0.6831,0.7493,1.1895,239,3.4529
11381500,ifs,5,0.2499,0.3484,0.5151,0.7793,239,7.8486
11383500,ifs,5,0.2703,0.3740,0.5334,0.7900,239,7.8598
11451100,ifs,5,0.1437,0.6062,0.6348,1.0310,239,4.8033
11468500,ifs,5,0.3803,0.5351,0.6302,0.8598,239,5.2674
11473900,ifs,5,0.3756,0.4004,0.6175,0.7095,239,5.4373
11475560,ifs,5,0.2795,0.1592,0.5441,0.5219,239,11.1023
11476600,ifs,5,0.3131,0.6531,0.6607,1.0711,239,6.1018
11478500,ifs,5,0.4953,0.5284,0.7064,0.7809,239,5.2465
11480390,ifs,5,0.3786,0.4564,0.6215,0.7688,239,5.4813
11481200,ifs,5,0.5322,0.5376,0.7332,0.7736,239,5.4457
11482500,ifs,5,0.5278,0.4822,0.7372,0.7397,239,6.1293
11522500,ifs,5,0.4814,0.6084,0.6962,0.9806,239,4.3076
11523200,ifs,5,0.3687,0.5117,0.6273,0.7848,239,5.2351
11528700,ifs,5,0.4047,0.4210,0.6409,0.7190,239,4.6772
11532500,ifs,5,0.5740,0.4975,0.7735,0.7330,239,7.2302
12010000,ifs,5,0.3578,0.5915,0.6496,0.8219,239,9.1512
12013500,ifs,5,0.2171,0.6330,0.6493,0.9615,239,7.9236
12020000,ifs,5,0.2975,0.6670,0.7050,0.9696,239,6.2844
12025000,ifs,5,0.4006,0.7126,0.7216,0.9781,239,5.5902
12025700,ifs,5,0.0878,0.4867,0.7190,1.2236,239,6.2121
12035000,ifs,5,0.4684,0.6129,0.7058,0.7968,239,8.0777
12040500,ifs,5,0.5203,0.6910,0.7407,0.8678,239,8.8333
12041200,ifs,5,0.4809,0.5578,0.7047,0.7723,239,10.0977
12043000,ifs,5,0.5005,0.5952,0.7155,0.8207,239,7.7995
12048000,ifs,5,-0.1560,0.3345,0.5588,1.4501,239,5.6387
12054000,ifs,5,0.4554,0.6585,0.6935,0.9701,239,6.6018
12056500,ifs,5,0.4784,0.6959,0.7182,0.9304,239,8.5755
12073500,ifs,5,0.1714,0.5993,0.6113,1.0767,239,5.1836
12082500,ifs,5,0.5605,0.7643,0.7845,0.9058,239,6.3607
12092000,ifs,5,0.5176,0.7119,0.7480,0.8718,239,6.7255
12095000,ifs,5,0.3000,0.6646,0.7062,1.0575,239,6.1877
12114500,ifs,5,0.5051,0.5126,0.7274,0.6631,239,8.1286
12115000,ifs,5,0.5168,0.5236,0.7345,0.6705,239,7.9911
12115500,ifs,5,0.5390,0.5550,0.7441,0.7255,239,7.8310
12117000,ifs,5,0.5251,0.5497,0.7345,0.7400,239,7.8644
12141300,ifs,5,0.5328,0.5405,0.7411,0.7208,239,9.1373
12143600,ifs,5,0.5747,0.5879,0.7653,0.7662,239,8.1906
12144000,ifs,5,0.5726,0.6190,0.7622,0.8000,239,7.6874
12145500,ifs,5,0.4818,0.5613,0.7079,0.7556,239,6.6780
12147600,ifs,5,0.5730,0.4715,0.7862,0.6843,239,10.7003
12167000,ifs,5,0.5913,0.6844,0.7730,0.8703,239,7.1884
12175500,ifs,5,0.5547,0.7749,0.7766,1.0270,239,5.2747
12186000,ifs,5,0.6161,0.6681,0.7885,0.8435,239,7.2211
12189500,ifs,5,0.6068,0.7418,0.7852,0.9269,239,6.1522
12358500,ifs,5,0.2977,0.4712,0.5928,0.7414,239,5.8033
12377150,ifs,5,0.4771,0.3818,0.7360,0.5440,239,4.8010
12381400,ifs,5,0.5957,0.5178,0.7969,0.6375,239,3.7978
12390700,ifs,5,0.2443,0.6386,0.6707,0.9152,239,4.0024
12411000,ifs,5,0.2567,0.5266,0.5954,0.7797,239,4.7617
12414500,ifs,5,0.5597,0.6242,0.7612,0.7556,239,3.7380
12447390,ifs,5,-0.1139,0.3487,0.5242,1.4261,239,2.9275
12451000,ifs,5,0.3253,0.5514,0.7643,1.2813,239,4.5937
12488500,ifs,5,0.5899,0.7716,0.8008,0.8908,239,5.1778
13011500,ifs,5,0.3390,0.5781,0.6192,0.9416,239,2.9692
13011900,ifs,5,0.2667,0.5754,0.5936,1.0435,239,3.0128
13018300,ifs,5,0.2654,0.4879,0.5560,0.9108,239,3.1719
13023000,ifs,5,0.0684,0.5297,0.5436,1.1122,239,2.9628
13161500,ifs,5,0.0402,0.3773,0.5352,1.4143,239,2.0861
13235000,ifs,5,0.4355,0.4761,0.6712,0.7204,239,3.2933
13240000,ifs,5,0.3173,0.3705,0.5892,0.6578,239,4.7126
13310700,ifs,5,0.2541,0.4558,0.5606,0.7644,239,3.7733
13313000,ifs,5,0.2548,0.2561,0.5410,0.5843,239,4.5159
13331500,ifs,5,0.6343,0.6123,0.8040,0.7406,239,3.0355
13337000,ifs,5,0.6234,0.6792,0.8003,0.7813,239,3.6763
13338500,ifs,5,0.3038,0.5584,0.6029,0.8888,239,3.8389
13340000,ifs,5,0.5741,0.6550,0.7655,0.8145,239,3.3008
13340600,ifs,5,0.6530,0.5794,0.8224,0.7188,239,3.9658
14020000,ifs,5,0.5179,0.7059,0.7437,0.8765,239,3.3715
14092750,ifs,5,0.3258,0.6603,0.7362,1.0766,239,4.6324
14096850,ifs,5,0.0200,0.5154,0.6531,1.1772,239,3.4464
14137000,ifs,5,0.5329,0.7434,0.7613,0.9097,239,5.8641
14138800,ifs,5,0.6085,0.6655,0.7874,0.7935,239,7.3282
14138870,ifs,5,0.6114,0.7102,0.7888,0.8502,239,7.5633
14138900,ifs,5,0.5903,0.5565,0.7788,0.7236,239,9.2180
14139800,ifs,5,0.6159,0.7148,0.7948,0.8320,239,7.3092
14141500,ifs,5,0.5591,0.7824,0.7869,0.9697,239,6.6962
14154500,ifs,5,0.3364,0.6840,0.7168,0.9751,239,4.5695
14158500,ifs,5,0.5498,0.7475,0.7812,0.8757,239,4.7762
14158790,ifs,5,0.5952,0.6104,0.7825,0.7305,239,5.7965
14166500,ifs,5,0.4395,0.7150,0.7158,0.9825,239,4.7833
14182500,ifs,5,0.3723,0.6987,0.7224,0.9562,239,6.4578
14185000,ifs,5,0.4471,0.7272,0.7632,0.9650,239,5.3627
14185900,ifs,5,0.5057,0.7049,0.7524,0.8401,239,6.0943
14187000,ifs,5,0.5022,0.7318,0.7655,0.8797,239,5.2982
14216500,ifs,5,0.5612,0.7623,0.8117,0.9224,239,6.1892
14222500,ifs,5,0.5692,0.5523,0.7627,0.7303,239,9.8209
14236200,ifs,5,0.5476,0.7709,0.7741,0.9618,239,5.8015
14301000,ifs,5,0.6412,0.7037,0.8031,0.8610,239,5.3745
14303200,ifs,5,0.4959,0.4055,0.7259,0.6209,239,8.2828
14305500,ifs,5,0.3549,0.3695,0.6120,0.6527,239,11.0984
14306340,ifs,5,0.3971,0.6578,0.6830,0.8845,239,5.5199
14306500,ifs,5,0.4195,0.6435,0.6841,0.8699,239,5.8434
14308990,ifs,5,0.3662,0.6113,0.6410,1.0173,239,3.5881
14309500,ifs,5,0.6237,0.5747,0.7972,0.7138,239,4.1447
14316700,ifs,5,0.3258,0.6758,0.7237,1.0183,239,4.3712
14325000,ifs,5,0.4755,0.5844,0.7115,0.7373,239,6.1040
14362250,ifs,5,0.4205,0.6187,0.6667,1.0465,239,3.1785
14400000,ifs,5,0.5474,0.6123,0.7504,0.7474,239,7.6342
01013500,ifs,6,-0.4065,0.2977,0.3939,1.3312,239,6.5546
01022500,ifs,6,-1.4367,-0.0091,0.2932,1.5108,239,9.8461
01030500,ifs,6,-0.7853,0.1800,0.3155,1.3849,239,7.2490
01031500,ifs,6,-0.7049,0.1640,0.3743,1.4852,239,7.4505
01047000,ifs,6,-0.7366,0.1904,0.3268,1.3869,239,8.0937
01052500,ifs,6,-0.8692,0.0744,0.2200,1.4759,239,7.6574
01054200,ifs,6,-0.6107,0.1866,0.2448,1.2974,239,9.1963
01055000,ifs,6,-0.7989,0.1793,0.2728,1.3278,239,7.7308
01057000,ifs,6,-0.7683,0.1776,0.2447,1.2912,239,8.0746
01073000,ifs,6,-0.8083,0.1221,0.1377,1.1585,239,8.1575
01078000,ifs,6,-0.8484,0.1110,0.1531,1.2581,239,8.5417
01118300,ifs,6,-0.9365,0.1229,0.1294,0.9891,239,16.0773
01121000,ifs,6,-0.4985,0.2730,0.2753,0.9522,239,10.1070
01123000,ifs,6,-0.6072,0.2195,0.2284,0.8893,239,11.0051
01134500,ifs,6,-0.8626,0.1340,0.2272,1.3536,239,8.9228
01137500,ifs,6,-0.7664,0.0887,0.1596,1.3508,239,8.7385
01139000,ifs,6,-1.0313,-0.0052,0.1022,1.4399,239,8.8238
01139800,ifs,6,-0.5783,0.1335,0.1440,1.1056,239,8.6952
01142500,ifs,6,-0.9857,0.0773,0.1294,1.2806,239,8.1253
01144000,ifs,6,-0.7350,0.1510,0.1719,1.1825,239,8.1760
01169000,ifs,6,-0.3893,0.3116,0.3548,1.2308,239,8.1944
01170100,ifs,6,-0.3882,0.3104,0.3755,1.2775,239,7.9853
01181000,ifs,6,-0.2055,0.3032,0.3158,0.9862,239,8.3064
01187300,ifs,6,-0.5920,0.2671,0.3195,1.2296,239,8.3488
01195100,ifs,6,-0.3505,0.1440,0.1795,0.8664,239,11.1751
01333000,ifs,6,-0.4632,0.2692,0.3477,1.3144,239,8.4427
01350000,ifs,6,-0.0407,0.2123,0.2945,1.0325,239,10.3126
01350080,ifs,6,-0.2084,0.2222,0.2564,1.0583,239,8.6809
01350140,ifs,6,-0.3072,0.2497,0.2632,1.0683,239,8.5578
01365000,ifs,6,-0.1677,0.3373,0.3590,1.1359,239,9.0909
01411300,ifs,6,-0.3476,0.0320,0.0858,0.9934,239,12.5337
01413500,ifs,6,0.0610,0.3221,0.3946,0.9383,239,9.2567
01414500,ifs,6,0.1071,0.3504,0.4266,1.0530,239,9.6115
01415000,ifs,6,0.0969,0.4940,0.5079,1.0733,239,7.4744
01423000,ifs,6,0.0752,0.4962,0.5051,1.0611,239,7.4811
01434025,ifs,6,0.0046,0.2827,0.3526,0.9374,239,10.6996
01435000,ifs,6,-0.0260,0.3039,0.3535,0.9960,239,10.2293
01439500,ifs,6,0.0058,0.3943,0.4210,0.9357,239,7.6022
01440000,ifs,6,0.1596,0.4396,0.4916,0.9262,239,7.3991
01440400,ifs,6,-0.0550,0.2974,0.3553,0.8360,239,8.6539
01451800,ifs,6,-0.3800,0.2985,0.2994,1.0306,239,8.0313
01466500,ifs,6,-0.6067,0.1725,0.1730,0.9959,239,9.1128
01484100,ifs,6,-0.2897,0.0955,0.1460,0.9701,239,8.8486
01485500,ifs,6,-0.1305,0.1163,0.2092,0.8798,239,9.9964
01486000,ifs,6,-0.0978,0.1164,0.2207,0.8790,239,10.1206
01487000,ifs,6,-0.2265,0.1037,0.1676,0.9477,239,9.1356
01491000,ifs,6,-0.6220,0.1517,0.1632,1.1354,239,7.8924
01510000,ifs,6,0.0526,0.4629,0.4752,1.0330,239,7.0903
01516500,ifs,6,-0.0896,0.3428,0.3691,0.9064,239,6.0498
01518862,ifs,6,-0.0214,0.3174,0.3722,0.8694,239,6.1810
01532000,ifs,6,-0.1352,0.2284,0.2767,0.9474,239,7.4277
01539000,ifs,6,-0.2163,0.3486,0.3523,1.0240,239,8.0002
01542810,ifs,6,-0.1204,0.2967,0.3337,0.8787,239,6.9793
01543000,ifs,6,-0.1204,0.3410,0.3637,0.8965,239,6.7308
01543500,ifs,6,-0.0703,0.2978,0.3523,0.8368,239,7.0787
01544500,ifs,6,-0.1331,0.2894,0.3274,0.8683,239,6.7295
01545600,ifs,6,-0.1271,0.2904,0.3259,0.8929,239,6.8672
01547700,ifs,6,-0.0690,0.0042,0.1818,0.7528,239,11.1068
01548500,ifs,6,-0.0849,0.3030,0.3513,0.8430,239,6.1492
01549500,ifs,6,-0.1047,0.2519,0.3076,0.8682,239,6.9068
01550000,ifs,6,-0.1069,0.1995,0.2713,0.8766,239,7.7071
01552000,ifs,6,-0.1221,0.1366,0.2275,0.8620,239,8.8572
01552500,ifs,6,-0.2350,0.2724,0.2883,0.9693,239,7.7909
01557500,ifs,6,-0.0425,0.0610,0.2481,0.6829,239,9.6478
01567500,ifs,6,0.0572,0.1766,0.3497,0.7276,239,7.5711
01568000,ifs,6,-0.0421,0.2098,0.3186,0.7603,239,7.0441
01580000,ifs,6,-0.7710,0.1925,0.2040,1.0869,239,8.2882
01583500,ifs,6,-0.4350,0.2278,0.2317,0.9671,239,7.4111
01586610,ifs,6,-0.4187,0.1693,0.1835,0.9496,239,7.4570
01591400,ifs,6,-0.0967,0.0961,0.2383,0.7104,239,8.5192
01596500,ifs,6,-0.3556,0.0656,0.1156,0.8861,239,8.5235
01605500,ifs,6,-0.1533,0.2256,0.2719,0.9251,239,7.1632
01606500,ifs,6,-0.1519,0.2280,0.2760,0.9009,239,6.6517
01613050,ifs,6,-0.0909,0.1288,0.2574,0.7324,239,6.9097
01620500,ifs,6,-0.0114,0.3548,0.3900,1.0412,239,5.6960
01632000,ifs,6,-0.0187,0.1632,0.3163,0.6991,239,7.1139
01632900,ifs,6,0.0596,0.1797,0.3614,0.6932,239,6.6664
01634500,ifs,6,-0.1216,0.0614,0.2212,0.6588,239,7.3516
01638480,ifs,6,-0.2021,0.0313,0.1577,0.7141,239,7.5463
01639500,ifs,6,-0.5363,0.1389,0.1476,0.9395,239,7.6280
01644000,ifs,6,-0.2104,0.1057,0.2106,0.7104,239,7.0708
01658500,ifs,6,-0.0468,0.1100,0.2689,0.7034,239,7.4284
01664000,ifs,6,-0.0376,0.1039,0.2857,0.6526,239,6.9622
01666500,ifs,6,0.0309,0.1460,0.3350,0.6761,239,6.7612
01667500,ifs,6,0.0406,0.1923,0.3565,0.7030,239,6.4216
01669000,ifs,6,-0.1420,0.0874,0.1878,0.8662,239,8.6829
01669520,ifs,6,-0.1070,0.1936,0.2623,0.9353,239,8.4900
02011400,ifs,6,-0.1454,0.3449,0.3563,1.0100,239,6.3922
02011460,ifs,6,-0.1955,0.3081,0.3222,1.0466,239,6.9497
02013000,ifs,6,-0.0962,0.3456,0.3646,1.0041,239,6.5866
02014000,ifs,6,-0.0951,0.4023,0.4091,1.0418,239,5.8910
02015700,ifs,6,-0.0819,0.3365,0.3680,1.1116,239,6.4122
02016000,ifs,6,-0.0875,0.4094,0.4214,1.0984,239,5.6475
02017500,ifs,6,-0.2540,0.3841,0.4068,1.1581,239,5.5779
02018000,ifs,6,-0.2405,0.3980,0.4232,1.1594,239,5.3033
02027000,ifs,6,-0.1399,0.4002,0.4223,1.1604,239,5.5820
02027500,ifs,6,-0.0804,0.4180,0.4337,1.1238,239,5.6401
02028500,ifs,6,-0.1333,0.3283,0.3489,0.9252,239,6.0469
02038850,ifs,6,-0.2583,0.3003,0.3097,0.9380,239,6.6426
02046000,ifs,6,-0.1482,0.2673,0.3042,0.9007,239,7.3678
02051000,ifs,6,-0.0294,0.2546,0.3327,0.8523,239,7.4532
02051500,ifs,6,-0.0637,0.3154,0.3519,0.9538,239,6.8467
02053200,ifs,6,0.0250,0.3599,0.4122,1.1401,239,7.1925
02053800,ifs,6,-0.0259,0.4419,0.4497,0.9433,239,5.4239
02055100,ifs,6,-0.4691,0.2177,0.3252,1.3901,239,5.8114
02056900,ifs,6,-0.2153,0.3425,0.3468,1.0134,239,6.5494
02059500,ifs,6,-0.2124,0.4164,0.4250,1.0861,239,5.1342
02064000,ifs,6,-0.3304,0.3185,0.3383,1.1628,239,5.7385
02065500,ifs,6,-0.2875,0.3262,0.3349,1.1023,239,5.9961
02069700,ifs,6,-0.1821,0.2335,0.2749,0.8844,239,7.6828
02070000,ifs,6,-0.1225,0.2540,0.3073,0.8485,239,7.3990
02074500,ifs,6,-0.0987,0.2470,0.2993,1.0674,239,7.8108
02077200,ifs,6,-0.3511,0.3597,0.3661,1.0659,239,6.4400
02081500,ifs,6,-0.1653,0.3606,0.3772,1.1262,239,6.8591
02082950,ifs,6,-0.2320,0.3089,0.4890,1.4395,239,6.0587
02092500,ifs,6,-0.3411,0.3296,0.3477,1.1528,239,7.2685
02096846,ifs,6,0.0041,0.2735,0.3455,0.9878,239,8.9943
02102908,ifs,6,-0.1220,0.2297,0.2832,0.9126,239,8.7866
02108000,ifs,6,-0.1706,0.4039,0.4141,1.1097,239,7.0049
02111180,ifs,6,0.0739,0.2502,0.3882,0.7562,239,7.1753
02111500,ifs,6,0.0398,0.2105,0.3649,0.7000,239,7.1730
02118500,ifs,6,0.0684,0.2918,0.4114,0.7403,239,6.0290
02128000,ifs,6,0.0780,0.4165,0.4565,0.8958,239,6.3399
02137727,ifs,6,-0.0100,0.1667,0.3017,0.7771,239,8.4034
02140991,ifs,6,0.1026,0.3191,0.4298,0.7836,239,6.8120
02143000,ifs,6,0.1105,0.3040,0.4325,0.7483,239,6.6664
02143040,ifs,6,-0.0503,0.2074,0.3274,0.7068,239,7.1928
02149000,ifs,6,-0.0577,-0.0141,0.2129,0.6092,239,10.2894
02152100,ifs,6,-0.0919,0.1836,0.3002,0.7022,239,7.0145
02177000,ifs,6,0.0077,0.2300,0.3518,0.7430,239,8.9579
02178400,ifs,6,-0.0633,0.3407,0.3872,0.8173,239,7.8586
02193340,ifs,6,-0.1408,0.3949,0.3979,0.9778,239,7.7660
02196000,ifs,6,-0.0687,0.3153,0.3653,0.8274,239,8.2395
02198100,ifs,6,0.1001,0.1296,0.3812,0.6064,239,9.9250
02202600,ifs,6,-0.1053,0.2193,0.2874,0.8554,239,6.3129
02212600,ifs,6,-0.0658,0.3725,0.3936,0.9155,239,8.8190
02215100,ifs,6,0.0297,0.2113,0.3403,0.7938,239,8.3392
02216180,ifs,6,0.0227,0.0411,0.2722,0.6803,239,9.8573
02221525,ifs,6,-0.1175,0.4022,0.4092,0.9290,239,8.0373
02231000,ifs,6,-0.0354,0.2309,0.3361,0.7591,239,6.8196
02231342,ifs,6,-0.8956,0.0862,0.0912,1.0860,239,9.3009
02235200,ifs,6,-0.5227,0.1797,0.1965,0.8461,239,8.5664
02245500,ifs,6,-0.0659,0.1970,0.2865,0.8505,239,6.5809
02246000,ifs,6,-0.1097,0.2732,0.3238,0.8518,239,6.1828
02296500,ifs,6,-0.0655,0.2665,0.3342,0.8322,239,6.2943
02297155,ifs,6,-0.1345,0.1141,0.2094,0.8594,239,8.8498
02297310,ifs,6,-0.2437,0.1056,0.1766,0.8344,239,8.7232
02298123,ifs,6,-0.1958,0.0991,0.1809,0.8577,239,7.8456
02298608,ifs,6,-0.2433,0.0488,0.1411,0.8006,239,9.4301
02299950,ifs,6,-0.2737,0.0815,0.1445,0.8894,239,8.8848
02300700,ifs,6,-0.0130,0.1085,0.2585,0.8370,239,9.4161
02310947,ifs,6,-0.1991,0.1059,0.1796,0.9020,239,8.4407
02312200,ifs,6,-0.1277,0.0816,0.1872,0.8859,239,9.6553
02314500,ifs,6,0.0995,0.1597,0.3777,0.6992,239,7.3474
02315500,ifs,6,0.1233,0.2209,0.4189,0.6998,239,6.6215
02324400,ifs,6,0.1295,0.1754,0.3997,0.7028,239,9.7410
02327100,ifs,6,-0.1312,0.0385,0.1947,0.6901,239,9.4165
02349900,ifs,6,0.0756,0.1892,0.3645,0.7307,239,9.0886
02350900,ifs,6,0.0140,0.3106,0.3834,0.8359,239,7.3923
02361000,ifs,6,-0.1381,0.2729,0.3086,0.9193,239,7.5904
02363000,ifs,6,-0.1551,0.2796,0.3075,0.9555,239,8.4485
02369800,ifs,6,-0.0440,-0.0979,0.1841,0.5719,239,13.1897
02371500,ifs,6,-0.0550,0.1905,0.2800,0.9019,239,9.5851
02372250,ifs,6,-0.0297,0.2156,0.3106,0.8452,239,9.2656
02374500,ifs,6,-0.0083,0.1052,0.2770,0.7332,239,10.0631
02381600,ifs,6,-0.0704,0.1920,0.2945,0.7711,239,10.4181
02384540,ifs,6,-0.2237,0.2515,0.2849,0.8550,239,9.7025
02395120,ifs,6,-0.0179,0.4338,0.4422,0.9842,239,7.5629
02408540,ifs,6,-0.0110,0.2808,0.3590,0.8238,239,9.5177
02415000,ifs,6,0.0361,0.2756,0.3839,0.7630,239,10.0049
02422500,ifs,6,0.0010,0.4429,0.4534,0.9488,239,8.7469
02427250,ifs,6,-0.0053,0.3293,0.3794,0.9066,239,7.6915
02430085,ifs,6,-0.1210,0.2917,0.3225,1.0353,239,9.1376
02450250,ifs,6,0.1654,0.3343,0.4606,0.8087,239,8.8231
02464000,ifs,6,0.0504,0.1993,0.3394,0.8197,239,10.9513
02465493,ifs,6,-0.0265,0.3916,0.4133,0.9265,239,8.6507
02469800,ifs,6,-0.1091,0.2196,0.2909,0.8262,239,9.5433
02472000,ifs,6,0.0389,0.2926,0.3764,0.8697,239,10.2541
02472500,ifs,6,0.0801,0.2802,0.4006,0.7797,239,10.9434
02479155,ifs,6,0.1382,0.2253,0.4061,0.7906,239,12.2532
02479300,ifs,6,0.0222,-0.0120,0.2515,0.6542,239,17.3204
02481000,ifs,6,-0.0025,-0.1094,0.2016,0.5833,239,21.0702
02481510,ifs,6,-0.0105,-0.0198,0.2393,0.6065,239,17.3906
03010655,ifs,6,-0.0374,0.2963,0.3530,0.8811,239,6.7326
03011800,ifs,6,-0.0229,0.2013,0.3085,0.8260,239,7.8220
03015500,ifs,6,-0.2097,0.3226,0.3308,1.0099,239,7.0894
03021350,ifs,6,-0.1739,0.3189,0.3323,0.9921,239,8.1362
03026500,ifs,6,-0.0730,0.2077,0.2945,0.8270,239,7.5259
03028000,ifs,6,-0.0732,0.2241,0.2967,0.8838,239,7.7800
03049800,ifs,6,-0.0777,0.2056,0.2873,0.8530,239,9.1915
03050000,ifs,6,-0.1389,0.1721,0.2389,0.9361,239,9.8451
03066000,ifs,6,-0.1331,0.1694,0.2422,0.8938,239,8.7426
03069500,ifs,6,-0.1337,0.2241,0.2741,0.9513,239,8.2174
03070500,ifs,6,-0.3886,0.2215,0.2291,0.9818,239,9.0001
03076600,ifs,6,-0.2505,0.0458,0.1352,0.8085,239,10.0461
03078000,ifs,6,-0.2659,0.0463,0.1212,0.8834,239,9.9768
03140000,ifs,6,-0.1390,0.2887,0.3196,0.9189,239,7.5917
03144000,ifs,6,-0.1804,0.0037,0.1558,0.6780,239,9.4858
03159540,ifs,6,-0.1525,0.1248,0.2169,0.8155,239,9.9787
03161000,ifs,6,-0.0356,0.2574,0.3328,0.8537,239,6.9276
03164000,ifs,6,-0.0251,0.3279,0.3768,0.8774,239,6.0403
03165000,ifs,6,0.1137,0.3171,0.4294,0.8045,239,6.7059
03170000,ifs,6,-0.0808,0.3878,0.4025,0.9192,239,5.8044
03173000,ifs,6,-0.1562,0.4146,0.4148,1.0057,239,5.3530
03180500,ifs,6,-0.3177,0.2165,0.2346,1.0624,239,7.8122
03182500,ifs,6,-0.3215,0.2783,0.2860,1.0685,239,7.1249
03186500,ifs,6,-0.4177,0.2622,0.2659,1.0635,239,8.8302
03187500,ifs,6,-0.4772,0.2494,0.2565,1.1024,239,8.9175
03213700,ifs,6,-0.0949,0.3310,0.3580,1.0781,239,7.3854
03237280,ifs,6,-0.2295,0.2609,0.2799,0.9809,239,8.6352
03237500,ifs,6,0.0198,0.3609,0.4076,0.8902,239,7.7901
03241500,ifs,6,0.0684,0.1915,0.3612,0.7318,239,9.6165
03280700,ifs,6,-0.2948,0.2217,0.2474,1.1197,239,8.2316
03281100,ifs,6,-0.2257,0.3224,0.3431,1.1481,239,7.6719
03281500,ifs,6,-0.3304,0.2810,0.3108,1.2001,239,7.7332
03285000,ifs,6,-0.0517,0.2447,0.3106,0.9522,239,9.1872
03291780,ifs,6,0.0456,0.2109,0.3445,0.8086,239,10.0733
03300400,ifs,6,0.0361,0.2354,0.3461,0.8607,239,9.4811
03340800,ifs,6,-0.0037,0.2552,0.3476,0.8135,239,10.3747
03346000,ifs,6,0.2347,0.4825,0.5468,0.8597,239,7.6459
03364500,ifs,6,0.0891,0.1451,0.3591,0.6940,239,12.6187
03366500,ifs,6,0.0752,0.2805,0.3853,0.8667,239,9.7364
03368000,ifs,6,0.0589,0.1465,0.3395,0.7050,239,12.6494
03384450,ifs,6,0.0301,0.3217,0.3829,0.9456,239,9.3648
03439000,ifs,6,0.0858,0.2342,0.4047,0.6863,239,7.6142
03450000,ifs,6,0.0127,0.1829,0.3417,0.6940,239,6.5168
03455500,ifs,6,0.0937,0.2813,0.4375,0.6754,239,6.8774
03456500,ifs,6,0.0086,0.3317,0.4073,0.7786,239,6.7388
03460000,ifs,6,-0.0484,0.3194,0.3652,0.8798,239,7.3617
03463300,ifs,6,0.0586,0.3121,0.4007,0.8308,239,7.7447
03471500,ifs,6,-0.1921,0.3429,0.3552,1.0954,239,6.6503
03473000,ifs,6,-0.0534,0.4048,0.4157,1.0317,239,6.4703
03479000,ifs,6,-0.2266,0.2656,0.2897,0.8973,239,6.6509
03488000,ifs,6,-0.1256,0.3873,0.3949,1.0600,239,6.5579
03498500,ifs,6,-0.1967,0.2849,0.3041,0.9575,239,8.3969
03500000,ifs,6,-0.0818,0.3272,0.3693,0.8392,239,7.6928
03504000,ifs,6,-0.0079,0.2527,0.3726,0.7022,239,8.7735
03574500,ifs,6,0.1842,0.3928,0.4802,0.9320,239,8.3919
03604000,ifs,6,-0.0780,0.3400,0.3650,0.9628,239,10.1113
04015330,ifs,6,-0.2756,0.2791,0.3267,1.2501,239,7.3638
04024430,ifs,6,-0.5982,0.2281,0.3454,1.3678,239,6.3608
04027000,ifs,6,-1.1828,-0.0205,0.2214,1.5846,239,6.7075
04040500,ifs,6,-0.7236,0.1397,0.1429,1.0731,239,6.9967
04043050,ifs,6,-0.6270,0.1576,0.1634,0.9059,239,6.2149
04045500,ifs,6,-1.5721,0.0277,0.2184,1.3176,239,8.1906
04056500,ifs,6,-1.3726,0.0937,0.2283,1.2278,239,7.3391
04057510,ifs,6,-0.9977,0.1732,0.2091,1.0752,239,7.9013
04057800,ifs,6,-0.9172,0.1448,0.1587,1.0831,239,7.4629
04059500,ifs,6,-1.0044,0.1763,0.2374,1.1639,239,7.3504
04063700,ifs,6,-1.6048,-0.0313,0.1591,1.4202,239,7.6931
04074950,ifs,6,-1.3607,0.0535,0.1104,1.1618,239,8.0897
04105700,ifs,6,0.0744,0.3340,0.4158,0.8423,239,6.9341
04115265,ifs,6,0.2273,0.4670,0.5377,0.8528,239,6.3195
04122200,ifs,6,-0.0027,0.3760,0.4071,0.9348,239,7.2149
04122500,ifs,6,-0.2866,0.2348,0.2576,0.8920,239,7.6902
04124000,ifs,6,-0.0317,0.0837,0.2680,0.6748,239,8.7529
04127997,ifs,6,-0.0207,0.2809,0.3648,0.7804,239,7.8382
04185000,ifs,6,0.1127,0.3474,0.4487,0.7833,239,6.1962
04196800,ifs,6,-0.0486,0.2381,0.3245,0.8070,239,7.2363
04197100,ifs,6,-0.0237,0.1391,0.2768,0.7941,239,8.0008
04197170,ifs,6,-0.0258,0.1763,0.2929,0.8214,239,7.2482
04213000,ifs,6,-0.4510,0.2718,0.2860,1.1424,239,7.7118
04213075,ifs,6,-0.3039,0.2644,0.2796,1.1061,239,8.2200
04216418,ifs,6,-0.1484,0.3962,0.3995,0.9571,239,7.9435
04221000,ifs,6,-0.0216,0.3138,0.3658,0.9034,239,6.2657
04224775,ifs,6,-0.0679,0.3147,0.3493,1.0025,239,7.1183
04256000,ifs,6,-0.6290,0.2691,0.3095,1.1839,239,7.6250
04296000,ifs,6,-0.8539,0.0699,0.1389,1.3468,239,8.5018
05057000,ifs,6,-0.4357,0.1945,0.3036,1.4046,239,4.4769
05057200,ifs,6,-0.8881,0.0345,0.1106,1.3726,239,4.7341
05062500,ifs,6,-0.4461,0.1924,0.2601,1.3221,239,5.2935
05087500,ifs,6,-0.5898,0.1604,0.1857,1.2028,239,6.7081
05120500,ifs,6,-0.3396,0.1823,0.4123,1.5598,239,4.6563
05123400,ifs,6,-0.5174,0.2235,0.2486,1.1957,239,6.1954
05129115,ifs,6,-0.3692,0.2451,0.3641,1.4036,239,5.1744
05131500,ifs,6,-0.4627,0.2285,0.3389,1.3896,239,5.0264
05291000,ifs,6,-0.2761,0.0603,0.1640,1.3155,239,7.7548
05362000,ifs,6,-1.6051,-0.0975,0.1335,1.5506,239,8.3040
05393500,ifs,6,-1.2790,0.0094,0.1077,1.3604,239,8.5063
05399500,ifs,6,-0.6800,0.1027,0.1172,1.1518,239,9.1981
05408000,ifs,6,-0.0886,-0.0739,0.1491,0.6368,239,9.3925
05412500,ifs,6,-0.1155,0.1307,0.2509,0.7232,239,7.9925
05413500,ifs,6,0.0697,0.2193,0.3728,0.7391,239,8.3151
05414000,ifs,6,0.1049,0.2234,0.3909,0.7494,239,7.9920
05444000,ifs,6,-0.1327,0.2893,0.3216,0.9147,239,7.6977
05454000,ifs,6,0.0303,0.3065,0.3947,0.7852,239,8.5202
05458000,ifs,6,-0.1909,0.0074,0.1389,0.7324,239,8.6151
05466500,ifs,6,0.2005,0.3211,0.4890,0.7193,239,9.4372
05487980,ifs,6,-0.0565,0.4101,0.4210,0.9409,239,9.2478
05488200,ifs,6,0.1586,0.3972,0.4754,0.8732,239,10.0138
05489000,ifs,6,-0.2350,0.3373,0.3462,0.9094,239,11.2406
05495000,ifs,6,-0.9807,0.2196,0.3558,1.1719,239,10.3947
05495500,ifs,6,-0.1924,0.3984,0.3991,1.0276,239,9.6783
05501000,ifs,6,-0.3630,0.2817,0.2886,1.0885,239,11.7293
05503800,ifs,6,-0.5289,0.2874,0.3187,1.1778,239,9.7622
05507600,ifs,6,-0.4745,0.3502,0.4345,1.2067,239,7.9926
05508805,ifs,6,-0.4074,0.3858,0.5023,1.1820,239,7.6840
05514500,ifs,6,-0.2138,0.3742,0.3757,0.9661,239,7.8266
05525500,ifs,6,0.0603,0.3898,0.4407,0.8579,239,7.9092
05556500,ifs,6,0.0716,0.3200,0.4216,0.7626,239,8.6839
05584500,ifs,6,0.0515,0.4065,0.4376,0.9801,239,11.0819
05585000,ifs,6,0.1051,0.4525,0.4790,1.0033,239,9.8374
05591550,ifs,6,0.1778,0.3760,0.4778,0.8474,239,8.2569
05592050,ifs,6,0.0827,0.5000,0.5062,1.0142,239,7.2987
05592575,ifs,6,0.2388,0.4062,0.5260,0.8010,239,8.4769
05593575,ifs,6,-0.0975,0.2983,0.3322,0.9631,239,8.6288
05593900,ifs,6,0.0225,0.3438,0.4036,0.8466,239,8.7124
05595730,ifs,6,-0.1299,0.3349,0.3512,1.0129,239,8.3268
06037500,ifs,6,0.3253,0.5325,0.5992,0.9094,239,3.2059
06043500,ifs,6,0.1606,0.5272,0.5434,0.9192,239,3.4841
06154410,ifs,6,0.1179,0.4741,0.5296,1.2234,239,4.5583
06188000,ifs,6,-0.0482,0.4767,0.4869,1.1013,239,3.0844
06191500,ifs,6,0.1464,0.5430,0.5493,1.0497,239,2.8204
06221400,ifs,6,-0.4487,0.2559,0.4512,1.4490,239,3.5257
06224000,ifs,6,-0.1386,0.3629,0.4627,1.3406,239,3.3038
06289000,ifs,6,-0.8375,0.1108,0.4388,1.5509,239,3.8720
06332515,ifs,6,-2.0482,-0.3687,0.2926,1.9232,239,5.7645
06339100,ifs,6,-2.2258,-0.3437,0.1475,1.8361,239,4.7030
06339500,ifs,6,-1.1259,-0.0074,0.2039,1.5574,239,4.5286
06344600,ifs,6,-1.0561,-0.0160,0.1048,1.4634,239,4.9435
06350000,ifs,6,-0.9193,0.1607,0.2984,1.3559,239,4.0199
06352000,ifs,6,-0.9683,0.1587,0.3202,1.3567,239,3.4977
06353000,ifs,6,-0.3634,0.3548,0.4041,1.2136,239,3.1230
06354000,ifs,6,-0.2315,0.3778,0.4098,1.1934,239,3.2329
06360500,ifs,6,-0.5972,0.2778,0.2929,1.0867,239,3.2014
06404000,ifs,6,-0.3082,0.3097,0.3665,1.2732,239,3.8208
06406000,ifs,6,-0.3857,0.3154,0.3610,1.2350,239,3.6019
06408700,ifs,6,-0.4673,0.2379,0.2433,1.0849,239,3.5189
06409000,ifs,6,-0.4383,0.2844,0.2952,1.1224,239,3.4326
06431500,ifs,6,-0.3897,0.2189,0.2276,1.0418,239,3.8256
06440200,ifs,6,-0.0564,0.2700,0.3347,0.8457,239,4.3812
06441500,ifs,6,-0.3157,0.3833,0.3872,1.0032,239,4.0089
06447000,ifs,6,-0.2418,0.2415,0.2637,0.9635,239,3.7899
06447500,ifs,6,-0.2716,0.1311,0.1768,0.9478,239,4.4823
06450500,ifs,6,-0.0976,0.1536,0.2463,0.8609,239,4.8324
06452000,ifs,6,-0.1005,0.2879,0.3260,0.9334,239,3.8133
06453600,ifs,6,-0.0859,0.3315,0.3567,0.9925,239,5.6064
06464500,ifs,6,0.1391,0.2678,0.4149,0.8409,239,5.7408
06477500,ifs,6,-0.2291,0.1517,0.2000,0.9768,239,5.5493
06479215,ifs,6,-0.2242,0.0580,0.1489,1.1889,239,7.7637
06479438,ifs,6,-0.2412,0.0804,0.1630,1.2035,239,7.2600
06601000,ifs,6,-0.3417,0.1317,0.1795,1.1895,239,8.6815
06614800,ifs,6,0.0834,0.3055,0.3976,0.9057,239,5.1495
06622700,ifs,6,0.0441,0.3807,0.4212,0.9501,239,3.4891
06623800,ifs,6,0.1284,0.4182,0.4683,1.0497,239,3.5800
06632400,ifs,6,0.1585,0.4925,0.5217,1.0902,239,3.5619
06784000,ifs,6,-0.1773,0.0856,0.1777,0.8462,239,5.9596
06803510,ifs,6,-0.3677,0.1566,0.1789,1.0390,239,9.6581
06803530,ifs,6,-0.4836,0.1700,0.1861,1.1320,239,8.6321
06814000,ifs,6,-0.4671,0.2210,0.2301,1.1080,239,9.2444
06846500,ifs,6,-0.0331,0.2537,0.3350,0.8244,239,4.2411
06847900,ifs,6,-0.2653,0.1571,0.2120,0.8138,239,5.7110
06853800,ifs,6,-0.0137,0.2962,0.3546,0.9344,239,5.4205
06876700,ifs,6,-0.0791,-0.1733,0.1126,0.5405,239,10.3262
06878000,ifs,6,-0.1017,0.1635,0.2555,0.8272,239,8.4218
06879650,ifs,6,-0.0556,0.2218,0.3093,0.8156,239,9.9039
06885500,ifs,6,-0.2556,0.2715,0.2857,0.9496,239,9.9052
06888500,ifs,6,0.0054,0.2377,0.3369,0.8372,239,10.0169
06889200,ifs,6,0.0007,0.3273,0.3768,0.9471,239,9.0665
06889500,ifs,6,0.0562,0.3633,0.4151,0.9425,239,8.5137
06892000,ifs,6,0.0507,0.2873,0.3763,0.8853,239,9.0463
06903400,ifs,6,-0.3352,0.2487,0.2574,0.9674,239,10.9444
06906800,ifs,6,-0.0622,0.1220,0.2681,0.7077,239,11.3207
06910800,ifs,6,-0.0637,0.1934,0.2927,0.7932,239,9.8413
06911900,ifs,6,-0.0523,0.2111,0.3121,0.7695,239,10.3379
06917000,ifs,6,-0.2574,0.1184,0.1948,0.7628,239,12.3131
06918460,ifs,6,-0.1455,0.1763,0.2524,0.8202,239,10.7193
06919500,ifs,6,-0.1371,0.1798,0.2642,0.7814,239,10.1551
06921070,ifs,6,-0.1134,0.1063,0.2430,0.6899,239,12.0423
06921200,ifs,6,-0.0822,0.0653,0.2273,0.6892,239,12.6054
06934000,ifs,6,-0.1493,0.2575,0.2931,0.9536,239,9.3165
07014500,ifs,6,0.0054,0.1263,0.2843,0.7843,239,11.5978
07056000,ifs,6,-0.1929,0.1927,0.2370,1.0064,239,9.7518
07057500,ifs,6,-0.2084,0.1921,0.2334,1.0220,239,9.1857
07060710,ifs,6,-0.2280,0.1493,0.2013,1.0821,239,10.4356
07066000,ifs,6,-0.1700,0.3068,0.3361,1.1468,239,8.9870
07067000,ifs,6,-0.2100,0.3158,0.3457,1.1812,239,8.0843
07068000,ifs,6,-0.2264,0.3386,0.3796,1.2283,239,7.6463
07071500,ifs,6,-0.2599,0.2900,0.3213,1.1920,239,8.3370
07083000,ifs,6,-0.1015,0.3787,0.4291,1.2401,239,3.0354
07142300,ifs,6,-0.1599,0.0544,0.1617,0.8456,239,5.6421
07145700,ifs,6,0.0051,0.0891,0.2620,0.7906,239,11.5977
07148400,ifs,6,-0.1865,0.3247,0.3426,1.1115,239,4.8589
07149000,ifs,6,-0.4057,0.2000,0.2104,1.0479,239,5.0148
07151500,ifs,6,-0.0819,0.1726,0.2608,0.8851,239,8.1849
07167500,ifs,6,-0.5025,0.1315,0.1434,0.9480,239,9.6808
07180500,ifs,6,-0.1228,0.1349,0.2286,0.8379,239,8.5341
07184000,ifs,6,-0.0511,0.1341,0.2623,0.7821,239,13.3606
07195800,ifs,6,-0.1821,0.1354,0.2003,0.9917,239,11.9657
07196900,ifs,6,-0.4156,0.1609,0.1864,1.1460,239,11.6071
07197000,ifs,6,-0.4427,0.1975,0.2106,1.1114,239,11.2829
07208500,ifs,6,-0.1191,0.2954,0.5450,1.5165,239,2.7510
07226500,ifs,6,-0.9748,0.1835,0.2896,1.2503,239,3.4597
07261000,ifs,6,-0.1647,0.2624,0.2933,1.0452,239,9.3231
07263295,ifs,6,-0.1489,0.2971,0.3374,1.1768,239,9.8343
07290650,ifs,6,0.0250,0.3059,0.3736,0.9243,239,9.4942
07291000,ifs,6,-0.0495,0.3009,0.3480,0.9225,239,9.9730
07292500,ifs,6,-0.0543,0.3050,0.3501,0.9138,239,10.0737
07295000,ifs,6,-0.0086,0.2681,0.3433,0.8895,239,11.1160
07299670,ifs,6,-0.4536,0.1185,0.1402,1.0905,239,5.5091
07301410,ifs,6,0.0848,0.3472,0.4276,1.1736,239,5.3489
07301500,ifs,6,-0.1764,0.3563,0.4623,1.3453,239,3.5196
07315200,ifs,6,-0.0068,0.3757,0.4046,1.0430,239,6.7824
07315700,ifs,6,-0.6066,0.1380,0.2485,1.4187,239,7.5472
07335700,ifs,6,-0.0443,0.1200,0.2530,0.8114,239,11.2140
07340300,ifs,6,-0.3510,0.2716,0.2758,1.0322,239,9.6570
07346045,ifs,6,-0.8749,0.1580,0.2703,1.3487,239,9.9157
07359610,ifs,6,-0.2140,0.2521,0.2771,0.9455,239,10.2107
07362100,ifs,6,-0.6982,0.1098,0.4565,1.5922,239,9.2402
07362587,ifs,6,0.0060,0.2691,0.3448,0.9492,239,10.2380
07373000,ifs,6,-0.1028,0.2473,0.2963,1.0025,239,9.5761
07375000,ifs,6,0.0033,0.1120,0.2804,0.7587,239,13.6106
07376000,ifs,6,0.0451,0.1082,0.3061,0.7445,239,11.6723
08013000,ifs,6,-0.0252,0.1932,0.2970,0.8605,239,10.3269
08014500,ifs,6,0.0537,0.3578,0.4173,0.8754,239,9.6363
08023080,ifs,6,0.0218,0.4170,0.5794,1.3837,239,9.1964
08025500,ifs,6,0.1711,0.2186,0.4259,0.8115,239,10.0266
08029500,ifs,6,0.0253,0.1283,0.3053,0.7317,239,11.4037
08050800,ifs,6,0.1738,0.3727,0.4685,0.9066,239,8.6961
08066200,ifs,6,-0.0814,0.0120,0.1976,0.6701,239,14.3261
08066300,ifs,6,0.0040,-0.1342,0.1862,0.5936,239,17.7231
08070000,ifs,6,-0.2214,0.2567,0.2924,0.8357,239,10.0411
08070200,ifs,6,-0.1550,0.2508,0.3066,0.7994,239,9.9915
08079600,ifs,6,-0.5363,0.1847,0.2757,1.3709,239,3.7434
08082700,ifs,6,-0.5102,0.1395,0.1832,1.2581,239,6.5263
08086212,ifs,6,-0.3827,0.2607,0.2887,1.1990,239,7.2408
08086290,ifs,6,-0.6865,0.1861,0.2619,1.3192,239,7.9596
08101000,ifs,6,-0.4887,0.2652,0.3183,1.2619,239,7.4786
08103900,ifs,6,0.1796,0.3282,0.4590,0.8560,239,8.4231
08104900,ifs,6,0.1143,0.2108,0.3862,0.7732,239,9.9044
08109700,ifs,6,0.0886,0.2648,0.3795,0.9198,239,10.1456
08150800,ifs,6,0.1050,0.1271,0.3675,0.6554,239,10.0745
08155200,ifs,6,-0.4865,0.2131,0.2192,1.0843,239,10.1087
08158700,ifs,6,-0.3339,0.2362,0.2471,1.0323,239,8.9945
08158810,ifs,6,-0.6222,0.2501,0.2613,1.0910,239,9.4359
08164000,ifs,6,-0.0441,0.3243,0.3613,0.9989,239,7.5861
08164300,ifs,6,0.1143,0.2413,0.3905,0.8358,239,9.0860
08164600,ifs,6,-0.3623,0.2846,0.2897,1.0734,239,8.7328
08165300,ifs,6,0.1251,0.0902,0.3739,0.6504,239,8.9358
08171300,ifs,6,-0.1281,0.2521,0.2934,0.9767,239,8.9610
08175000,ifs,6,0.2138,0.4310,0.5114,0.8970,239,7.7267
08176900,ifs,6,0.0659,0.4609,0.4801,1.0840,239,6.6729
08178880,ifs,6,0.0473,-0.0055,0.2697,0.6617,239,10.4210
08189500,ifs,6,-0.0881,0.1748,0.2576,0.9153,239,7.7239
08190000,ifs,6,0.1428,-0.0028,0.3992,0.5682,239,13.3839
08190500,ifs,6,0.1785,0.0538,0.4430,0.6048,239,12.5162
08194200,ifs,6,-0.0150,0.1305,0.2723,0.8040,239,8.7302
08195000,ifs,6,0.1410,-0.0161,0.4049,0.5637,239,12.0893
08196000,ifs,6,0.1360,-0.0192,0.3954,0.5875,239,13.8821
08198500,ifs,6,0.1429,0.0146,0.3996,0.5803,239,11.6356
08200000,ifs,6,0.0702,-0.0327,0.2903,0.6231,239,11.6604
08202700,ifs,6,0.1141,-0.0120,0.3573,0.5817,239,12.1975
08267500,ifs,6,0.1426,0.4210,0.4755,1.0650,239,3.5196
08269000,ifs,6,-0.0064,0.3866,0.5082,1.3665,239,2.8262
08271000,ifs,6,0.1623,0.4142,0.4778,1.0075,239,3.6224
08324000,ifs,6,-0.6119,0.0675,0.3664,1.6581,239,2.9367
08377900,ifs,6,0.0616,0.3514,0.5091,1.4161,239,3.6694
08378500,ifs,6,0.0966,0.3896,0.5167,1.3590,239,3.1358
08380500,ifs,6,-0.1545,0.2841,0.5172,1.5131,239,3.3140
09034900,ifs,6,0.1538,0.2396,0.4310,0.7518,239,3.6398
09035900,ifs,6,0.0871,0.3854,0.4376,0.9412,239,2.7926
09047700,ifs,6,-0.1218,0.3790,0.4103,1.1853,239,2.9385
09065500,ifs,6,-0.0951,0.3525,0.3708,1.0414,239,3.1226
09066000,ifs,6,0.0151,0.4201,0.4438,1.0969,239,2.5235
09066200,ifs,6,-0.2565,0.2907,0.3017,1.0589,239,3.5414
09066300,ifs,6,-0.1872,0.3091,0.3237,1.0378,239,3.3498
09081600,ifs,6,0.2856,0.4139,0.5426,0.9633,239,3.6822
09107000,ifs,6,0.0471,0.3996,0.5151,1.3514,239,2.4076
09210500,ifs,6,0.0161,0.4526,0.4635,1.0579,239,2.3122
09223000,ifs,6,0.0223,0.4836,0.5001,1.1269,239,2.8410
09306242,ifs,6,-0.3278,0.1404,0.3372,1.5469,239,3.2582
09312600,ifs,6,-0.0314,0.3313,0.3755,1.1117,239,3.1508
09352900,ifs,6,0.2492,0.4889,0.5684,1.2123,239,3.8288
09378170,ifs,6,0.2231,0.3877,0.5095,0.8093,239,3.0767
09378630,ifs,6,0.2269,0.3607,0.5061,0.7823,239,3.2308
09386900,ifs,6,-0.9202,0.0344,0.2972,1.6010,239,3.1550
09404450,ifs,6,-0.4056,0.3751,0.4370,1.1751,239,3.4668
09430500,ifs,6,0.1058,0.5039,0.5751,1.2543,239,2.1636
09430600,ifs,6,-0.1198,0.4176,0.4664,1.2304,239,3.0253
09447800,ifs,6,-0.9589,0.1795,0.2798,1.2630,239,2.2978
09480000,ifs,6,0.0684,0.4487,0.4688,1.0376,239,3.3529
09484000,ifs,6,-0.2830,0.2593,0.2902,1.1828,239,3.7858
09484600,ifs,6,0.1832,0.3262,0.4663,0.8092,239,2.7702
09492400,ifs,6,0.1669,0.4562,0.5038,1.0888,239,4.3345
09494000,ifs,6,-0.0133,0.4609,0.5176,1.2380,239,3.4275
09497800,ifs,6,-0.1713,0.4312,0.4534,1.1433,239,2.8759
09497980,ifs,6,0.1484,0.5310,0.5402,1.0438,239,2.9128
09505200,ifs,6,0.1481,0.5428,0.5659,1.1416,239,2.6634
09505350,ifs,6,0.2318,0.5306,0.5585,0.9858,239,2.6050
09505800,ifs,6,0.3095,0.6168,0.6427,1.1331,239,2.5864
09508300,ifs,6,-0.1868,0.4532,0.4625,1.0319,239,3.2640
09510200,ifs,6,-0.5300,0.2154,0.2183,1.0629,239,3.7065
09512280,ifs,6,-0.8063,0.0411,0.2256,1.5469,239,3.5930
09513780,ifs,6,-1.0618,0.0121,0.2336,1.5560,239,3.3639
10023000,ifs,6,0.3460,0.4220,0.5921,0.8421,239,2.9053
10166430,ifs,6,0.1950,0.2955,0.4721,0.7503,239,3.2116
10172700,ifs,6,0.0315,0.3816,0.4171,0.9790,239,2.6888
10172800,ifs,6,0.1576,0.4116,0.4828,0.8674,239,3.3589
10173450,ifs,6,0.1779,0.5680,0.5834,1.1134,239,3.2992
10205030,ifs,6,0.1191,0.4031,0.4564,0.9722,239,2.8567
10234500,ifs,6,0.3580,0.5414,0.6236,0.8472,239,2.8107
10242000,ifs,6,0.3904,0.5535,0.6427,0.8462,239,2.9770
10244950,ifs,6,0.1220,0.4169,0.4644,0.9820,239,2.6774
10249300,ifs,6,-0.1699,0.4075,0.4330,1.1694,239,2.4473
10258000,ifs,6,0.2227,0.4565,0.5403,1.2110,239,3.1385
10258500,ifs,6,-0.5099,0.0777,0.5270,1.6785,239,2.2390
10259000,ifs,6,0.0167,0.4895,0.5103,1.1444,239,2.7383
10259200,ifs,6,-0.3214,0.0170,0.4430,1.7955,239,2.3063
10263500,ifs,6,0.3714,0.1260,0.6683,0.4444,239,4.6911
10310500,ifs,6,0.5028,0.5602,0.7144,0.7563,239,2.5648
10316500,ifs,6,0.2274,0.1549,0.5039,0.5736,239,3.2685
10329500,ifs,6,0.2428,0.3166,0.5057,0.7620,239,2.8506
10336645,ifs,6,0.6151,0.5709,0.7904,0.7575,239,5.1004
10336660,ifs,6,0.5991,0.4963,0.7885,0.6924,239,5.6667
10343500,ifs,6,0.4448,0.5254,0.6806,0.7158,239,4.0275
10348850,ifs,6,0.4205,0.1288,0.7843,0.4438,239,6.9417
10396000,ifs,6,0.2101,0.4775,0.5275,0.9326,239,2.9878
11098000,ifs,6,0.4317,0.1757,0.7137,0.4551,239,6.1640
11124500,ifs,6,0.3687,0.3675,0.6091,0.7307,239,5.5155
11141280,ifs,6,0.5461,0.5135,0.7415,0.7004,239,4.2527
11143000,ifs,6,0.3821,0.1004,0.6837,0.3830,239,7.9662
11148900,ifs,6,0.5835,0.3366,0.8121,0.5479,239,3.5299
11151300,ifs,6,0.6321,0.4633,0.8087,0.6122,239,2.2709
11162500,ifs,6,0.3938,0.3168,0.6389,0.6152,239,4.9454
11176400,ifs,6,0.4504,0.4481,0.6766,0.6626,239,2.5127
11180500,ifs,6,0.3625,0.5665,0.6283,0.8895,239,3.0481
11180960,ifs,6,0.2947,0.3813,0.5569,0.7279,239,3.8492
11224500,ifs,6,0.5006,0.6122,0.7153,0.8137,239,2.3039
11253310,ifs,6,0.3256,0.6462,0.6538,0.9324,239,2.1824
11264500,ifs,6,-0.1411,0.4539,0.6298,1.1746,239,5.0777
11266500,ifs,6,-0.0295,0.5265,0.6204,1.1033,239,5.1968
11274500,ifs,6,0.5359,0.5574,0.7371,0.7098,239,2.2053
11274630,ifs,6,0.4498,0.5429,0.6809,0.7539,239,2.1834
11284400,ifs,6,0.4279,0.7111,0.7437,1.0914,239,3.8404
11299600,ifs,6,0.3450,0.6545,0.7205,1.1505,239,4.0149
11381500,ifs,6,0.4072,0.3179,0.6519,0.6021,239,6.9771
11383500,ifs,6,0.3437,0.3150,0.5946,0.6180,239,7.4544
11451100,ifs,6,0.4402,0.6310,0.6992,0.8044,239,3.8836
11468500,ifs,6,0.4400,0.5359,0.6714,0.7766,239,5.0072
11473900,ifs,6,0.4391,0.4630,0.6676,0.7020,239,5.1534
11475560,ifs,6,0.4291,0.1683,0.7235,0.4459,239,9.8827
11476600,ifs,6,0.4112,0.7010,0.7040,0.9581,239,5.6491
11478500,ifs,6,0.4352,0.5418,0.6724,0.7625,239,5.5504
11480390,ifs,6,0.4282,0.5050,0.6633,0.7385,239,5.2580
11481200,ifs,6,0.4271,0.6560,0.6848,0.9198,239,6.0261
11482500,ifs,6,0.5191,0.5576,0.7234,0.7797,239,6.1858
11522500,ifs,6,0.5291,0.7381,0.7519,0.9394,239,4.1050
11523200,ifs,6,0.2218,0.4388,0.5621,0.6815,239,5.8121
11528700,ifs,6,0.4143,0.4879,0.6575,0.7013,239,4.6396
11532500,ifs,6,0.5052,0.4756,0.7190,0.7349,239,7.7916
12010000,ifs,6,0.3596,0.3161,0.6277,0.6333,239,9.1385
12013500,ifs,6,0.4133,0.4545,0.6549,0.7373,239,6.8591
12020000,ifs,6,0.4623,0.4928,0.6928,0.7157,239,5.4983
12025000,ifs,6,0.4626,0.5100,0.6876,0.7759,239,5.2933
12025700,ifs,6,0.4239,0.6288,0.6713,0.9553,239,4.9367
12035000,ifs,6,0.3082,0.3863,0.5849,0.6689,239,9.2148
12040500,ifs,6,0.4339,0.5397,0.6771,0.7585,239,9.5960
12041200,ifs,6,0.3935,0.4031,0.6493,0.6593,239,10.9142
12043000,ifs,6,0.3717,0.4231,0.6304,0.6928,239,8.7469
12048000,ifs,6,0.0987,0.4650,0.5192,1.2209,239,4.9788
12054000,ifs,6,0.3582,0.4411,0.6039,0.8351,239,7.1672
12056500,ifs,6,0.3697,0.4969,0.6264,0.7796,239,9.4267
12073500,ifs,6,-0.0800,0.3725,0.3895,0.9348,239,5.9182
12082500,ifs,6,0.5030,0.5683,0.7134,0.8297,239,6.7643
12092000,ifs,6,0.4595,0.5151,0.6833,0.8075,239,7.1186
12095000,ifs,6,0.3556,0.6260,0.6442,1.0242,239,5.9365
12114500,ifs,6,0.4977,0.3674,0.7506,0.6311,239,8.1897
12115000,ifs,6,0.4959,0.3727,0.7467,0.6388,239,8.1625
12115500,ifs,6,0.4584,0.3947,0.7035,0.7045,239,8.4880
12117000,ifs,6,0.4427,0.4095,0.6850,0.7277,239,8.5189
12141300,ifs,6,0.4870,0.4381,0.7197,0.7322,239,9.5750
12143600,ifs,6,0.4799,0.4611,0.7071,0.7787,239,9.0571
12144000,ifs,6,0.4832,0.4888,0.7044,0.8089,239,8.4531
12145500,ifs,6,0.4124,0.4520,0.6535,0.7492,239,7.1107
12147600,ifs,6,0.5362,0.4540,0.7610,0.7078,239,11.1521
12167000,ifs,6,0.4845,0.5898,0.7014,0.8590,239,8.0729
12175500,ifs,6,0.4481,0.6956,0.7057,0.9680,239,5.8721
12186000,ifs,6,0.5302,0.5786,0.7343,0.8027,239,7.9879
12189500,ifs,6,0.4817,0.6518,0.7070,0.9101,239,7.0639
12358500,ifs,6,0.1979,0.2895,0.5043,0.6312,239,6.2022
12377150,ifs,6,0.3483,0.2552,0.6547,0.5043,239,5.3596
12381400,ifs,6,0.4769,0.3741,0.7356,0.5843,239,4.3198
12390700,ifs,6,0.1064,0.4794,0.5139,0.8402,239,4.3522
12411000,ifs,6,0.2066,0.3516,0.5030,0.7342,239,4.9194
12414500,ifs,6,0.4066,0.5206,0.6575,0.7551,239,4.3397
12447390,ifs,6,-0.1391,0.3014,0.4037,1.3585,239,2.9605
12451000,ifs,6,0.1762,0.5742,0.6597,1.1987,239,5.0760
12488500,ifs,6,0.5398,0.5297,0.7427,0.7842,239,5.4854
13011500,ifs,6,0.1066,0.5092,0.5295,1.1269,239,3.4520
13011900,ifs,6,0.1053,0.4975,0.5228,1.1391,239,3.3279
13018300,ifs,6,0.1477,0.3890,0.4666,0.8847,239,3.4164
13023000,ifs,6,-0.0912,0.4149,0.4443,1.1814,239,3.2066
13161500,ifs,6,0.0358,0.4208,0.4968,1.2817,239,2.0908
13235000,ifs,6,0.2731,0.5784,0.5986,0.9338,239,3.7372
13240000,ifs,6,0.1379,0.4747,0.5238,0.8114,239,5.2958
13310700,ifs,6,0.2708,0.5997,0.6146,0.9107,239,3.7307
13313000,ifs,6,0.2798,0.4161,0.5672,0.7186,239,4.4396
13331500,ifs,6,0.4305,0.6135,0.6799,0.8477,239,3.7879
13337000,ifs,6,0.5650,0.6623,0.7633,0.8063,239,3.9510
13338500,ifs,6,0.1404,0.5534,0.5554,1.0240,239,4.2656
13340000,ifs,6,0.4694,0.6783,0.7116,0.9009,239,3.6842
13340600,ifs,6,0.5369,0.5625,0.7434,0.7341,239,4.5812
14020000,ifs,6,0.5103,0.7279,0.7403,0.9535,239,3.3980
14092750,ifs,6,0.1732,0.4242,0.8118,1.2076,239,5.1301
14096850,ifs,6,-0.4328,0.1485,0.7157,1.4294,239,4.1671
14137000,ifs,6,0.6383,0.8197,0.8217,0.9771,239,5.1600
14138800,ifs,6,0.6724,0.6742,0.8244,0.8150,239,6.7036
14138870,ifs,6,0.6704,0.7035,0.8208,0.8758,239,6.9657
14138900,ifs,6,0.6560,0.5532,0.8327,0.7453,239,8.4464
14139800,ifs,6,0.6504,0.7025,0.8092,0.8570,239,6.9729
14141500,ifs,6,0.6463,0.8022,0.8132,0.9948,239,5.9973
14154500,ifs,6,0.3908,0.6997,0.7031,1.0379,239,4.3780
14158500,ifs,6,0.3872,0.7078,0.7279,0.9858,239,5.5722
14158790,ifs,6,0.5457,0.6672,0.7502,0.8341,239,6.1406
14166500,ifs,6,0.4320,0.6314,0.6788,0.9069,239,4.8152
14182500,ifs,6,0.4200,0.7146,0.7205,0.9537,239,6.2074
14185000,ifs,6,0.3269,0.6826,0.7010,1.0022,239,5.9166
14185900,ifs,6,0.4873,0.7028,0.7386,0.8616,239,6.2069
14187000,ifs,6,0.3584,0.6445,0.6641,0.8960,239,6.0150
14216500,ifs,6,0.6004,0.6627,0.7797,0.8219,239,5.9062
14222500,ifs,6,0.5789,0.4409,0.8024,0.6882,239,9.7107
14236200,ifs,6,0.5389,0.5842,0.7375,0.8491,239,5.8573
14301000,ifs,6,0.5675,0.5092,0.7690,0.7330,239,5.9005
14303200,ifs,6,0.5540,0.4573,0.7641,0.6470,239,7.7911
14305500,ifs,6,0.4207,0.3659,0.6675,0.6413,239,10.5175
14306340,ifs,6,0.3986,0.6144,0.6711,0.8325,239,5.5129
14306500,ifs,6,0.4591,0.6306,0.6972,0.8510,239,5.6402
14308990,ifs,6,0.4806,0.6931,0.7449,1.1703,239,3.2481
14309500,ifs,6,0.5582,0.5679,0.7529,0.7389,239,4.4911
14316700,ifs,6,0.3259,0.6657,0.7068,1.1058,239,4.3708
14325000,ifs,6,0.4503,0.5582,0.6822,0.7898,239,6.2489
14362250,ifs,6,0.1522,0.5285,0.6746,1.2614,239,3.8446
14400000,ifs,6,0.4348,0.4750,0.6675,0.7151,239,8.5307
01013500,ifs,7,-0.3853,0.2861,0.3677,1.3232,239,6.5052
01022500,ifs,7,-0.5886,0.2454,0.2950,1.2453,239,7.9500
01030500,ifs,7,-0.5329,0.2638,0.2968,1.2035,239,6.7170
01031500,ifs,7,-0.7437,0.1843,0.3184,1.3896,239,7.5348
01047000,ifs,7,-0.5302,0.2695,0.3738,1.3307,239,7.5976
01052500,ifs,7,-0.6169,0.1398,0.1826,1.2669,239,7.1220
01054200,ifs,7,-0.4006,0.1877,0.2130,1.1593,239,8.5756
01055000,ifs,7,-0.4761,0.2863,0.3089,1.1676,239,7.0028
01057000,ifs,7,-0.4031,0.2212,0.2362,1.1236,239,7.1926
01073000,ifs,7,-0.4838,0.2070,0.2188,1.1253,239,7.3894
01078000,ifs,7,-0.4280,0.1933,0.2096,1.1221,239,7.5078
01118300,ifs,7,-0.1712,0.1371,0.2105,0.8807,239,12.5032
01121000,ifs,7,-0.0956,0.3303,0.3566,0.9316,239,8.6419
01123000,ifs,7,-0.1560,0.2918,0.3282,0.8459,239,9.3335
01134500,ifs,7,-0.4172,0.1932,0.2058,1.0799,239,7.7832
01137500,ifs,7,-0.4683,0.1109,0.1530,1.2219,239,7.9670
01139000,ifs,7,-0.5289,0.1118,0.1381,1.1739,239,7.6552
01139800,ifs,7,-0.3886,0.1510,0.1716,0.9619,239,8.1559
01142500,ifs,7,-0.4417,0.1871,0.2105,1.1677,239,6.9233
01144000,ifs,7,-0.3074,0.2267,0.2422,1.0215,239,7.0973
01169000,ifs,7,-0.7253,0.1993,0.2433,1.2307,239,9.1316
01170100,ifs,7,-0.7832,0.1793,0.2429,1.2777,239,9.0504
01181000,ifs,7,-0.2514,0.3543,0.3567,1.0489,239,8.4630
01187300,ifs,7,-0.5094,0.2876,0.3341,1.2252,239,8.1293
01195100,ifs,7,-0.0279,0.2330,0.3268,0.8091,239,9.7494
01333000,ifs,7,-0.2304,0.2818,0.3107,1.1605,239,7.7421
01350000,ifs,7,-0.0371,0.1661,0.2687,0.9977,239,10.2946
01350080,ifs,7,-0.0978,0.2268,0.2848,1.0293,239,8.2739
01350140,ifs,7,-0.2178,0.2159,0.2483,1.0058,239,8.2602
01365000,ifs,7,-0.0729,0.3394,0.3706,1.1017,239,8.7138
01411300,ifs,7,-0.1182,0.0571,0.1776,0.8561,239,11.4173
01413500,ifs,7,0.0129,0.2169,0.3220,0.9011,239,9.4911
01414500,ifs,7,-0.0002,0.2240,0.3165,0.9782,239,10.1728
01415000,ifs,7,-0.0441,0.2989,0.3452,0.9942,239,8.0370
01423000,ifs,7,-0.0125,0.2933,0.3525,0.9503,239,7.8279
01434025,ifs,7,0.0050,0.2435,0.3320,0.9166,239,10.6977
01435000,ifs,7,0.0026,0.2803,0.3491,0.9734,239,10.0858
01439500,ifs,7,-0.2691,0.2111,0.2435,0.8761,239,8.5894
01440000,ifs,7,-0.1246,0.2329,0.2951,0.8305,239,8.5593
01440400,ifs,7,-0.2461,0.1401,0.2089,0.7882,239,9.4051
01451800,ifs,7,-0.3508,0.2798,0.2827,1.0211,239,7.9460
01466500,ifs,7,-0.2654,0.2080,0.2342,0.9699,239,8.0873
01484100,ifs,7,-0.2324,0.1869,0.2254,1.0464,239,8.6497
01485500,ifs,7,-0.5023,0.2084,0.2119,0.9439,239,11.5235
01486000,ifs,7,-0.3197,0.2366,0.2501,0.9448,239,11.0961
01487000,ifs,7,-0.1953,0.1776,0.2264,1.0325,239,9.0188
01491000,ifs,7,-0.4836,0.2045,0.2255,1.1754,239,7.5483
01510000,ifs,7,-0.0958,0.2918,0.3304,0.9254,239,7.6257
01516500,ifs,7,-0.1879,0.3294,0.3392,0.9716,239,6.3169
01518862,ifs,7,-0.3039,0.2327,0.2623,0.8365,239,6.9837
01532000,ifs,7,-0.1028,0.2819,0.3203,0.9551,239,7.3208
01539000,ifs,7,-0.4359,0.2374,0.2396,1.0011,239,8.6926
01542810,ifs,7,-0.3580,0.2657,0.2758,0.8989,239,7.6838
01543000,ifs,7,-0.4291,0.2744,0.2807,0.9049,239,7.6018
01543500,ifs,7,-0.3556,0.2398,0.2602,0.8531,239,7.9663
01544500,ifs,7,-0.2747,0.2612,0.2820,0.8802,239,7.1377
01545600,ifs,7,-0.3178,0.2454,0.2595,0.9200,239,7.4254
01547700,ifs,7,-0.0821,0.0386,0.1951,0.7615,239,11.1750
01548500,ifs,7,-0.2551,0.2870,0.3056,0.8797,239,6.6139
01549500,ifs,7,-0.2520,0.3022,0.3097,1.0168,239,7.3527
01550000,ifs,7,-0.2134,0.2722,0.2913,1.0286,239,8.0693
01552000,ifs,7,-0.0980,0.2195,0.2858,0.8855,239,8.7617
01552500,ifs,7,-0.2780,0.2562,0.2716,0.9356,239,7.9254
01557500,ifs,7,-0.0404,0.1123,0.2706,0.7165,239,9.6377
01567500,ifs,7,-0.2683,0.1115,0.1708,0.8608,239,8.7814
01568000,ifs,7,-0.3263,0.2018,0.2246,0.9039,239,7.9469
01580000,ifs,7,-0.3869,0.1223,0.1555,0.8786,239,7.3347
01583500,ifs,7,-0.3813,0.1503,0.1721,0.9588,239,7.2714
01586610,ifs,7,-0.3802,0.1616,0.1817,0.9500,239,7.3552
01591400,ifs,7,-0.1353,0.1096,0.2265,0.7404,239,8.6677
01596500,ifs,7,-0.2253,0.0819,0.1611,0.8512,239,8.1034
01605500,ifs,7,-0.4079,0.1061,0.1457,0.8334,239,7.9147
01606500,ifs,7,-0.4478,0.1345,0.1578,0.8782,239,7.4575
01613050,ifs,7,-0.3749,0.0662,0.1221,0.8167,239,7.7573
01620500,ifs,7,-0.4363,0.1970,0.2042,1.0217,239,6.7876
01632000,ifs,7,-0.2648,0.0401,0.1558,0.6864,239,7.9266
01632900,ifs,7,-0.1886,0.0390,0.1865,0.6470,239,7.4948
01634500,ifs,7,-0.2246,-0.0286,0.1162,0.6815,239,7.6818
01638480,ifs,7,-0.1389,0.0910,0.2121,0.7450,239,7.3453
01639500,ifs,7,-0.2643,0.1462,0.1938,0.8915,239,6.9199
01644000,ifs,7,-0.3589,0.0597,0.1347,0.7437,239,7.4920
01658500,ifs,7,-0.2681,0.1935,0.2315,0.8661,239,8.1758
01664000,ifs,7,-0.3270,0.0850,0.1584,0.7530,239,7.8734
01666500,ifs,7,-0.3518,0.1331,0.1821,0.7988,239,7.9854
01667500,ifs,7,-0.3128,0.1780,0.2194,0.8218,239,7.5119
01669000,ifs,7,-0.1862,0.1557,0.2163,0.9139,239,8.8495
01669520,ifs,7,-0.1720,0.1610,0.2230,0.9226,239,8.7360
02011400,ifs,7,-0.4481,0.1608,0.1814,0.8670,239,7.1873
02011460,ifs,7,-0.4194,0.1477,0.1717,0.8795,239,7.5726
02013000,ifs,7,-0.4630,0.1369,0.1560,0.8957,239,7.6093
02014000,ifs,7,-0.8088,0.1530,0.1558,1.0020,239,7.5712
02015700,ifs,7,-0.4325,0.1504,0.1658,0.9604,239,7.3784
02016000,ifs,7,-0.5184,0.1879,0.1911,0.9679,239,6.6732
02017500,ifs,7,-1.2442,0.1069,0.1631,1.1173,239,7.4621
02018000,ifs,7,-1.0699,0.1422,0.1858,1.1339,239,6.8506
02027000,ifs,7,-0.5595,0.2193,0.2451,1.1971,239,6.5288
02027500,ifs,7,-0.4158,0.2479,0.2604,1.1284,239,6.4564
02028500,ifs,7,-0.6052,0.1316,0.1374,0.9320,239,7.1966
02038850,ifs,7,-0.2440,0.3259,0.3307,0.9716,239,6.6046
02046000,ifs,7,-0.2687,0.2235,0.2452,0.9796,239,7.7451
02051000,ifs,7,-0.0319,0.3091,0.3606,0.8933,239,7.4621
02051500,ifs,7,-0.0279,0.3371,0.3755,0.9406,239,6.7304
02053200,ifs,7,-0.0065,0.2938,0.3555,0.9330,239,7.3077
02053800,ifs,7,-0.1415,0.2924,0.3272,0.8730,239,5.7212
02055100,ifs,7,-1.1905,0.0307,0.1811,1.4413,239,7.0961
02056900,ifs,7,-0.1555,0.3211,0.3416,0.9086,239,6.3863
02059500,ifs,7,-0.3860,0.3586,0.3660,1.0440,239,5.4895
02064000,ifs,7,-0.6718,0.2584,0.3971,1.3123,239,6.4327
02065500,ifs,7,-0.7439,0.2474,0.4000,1.2985,239,6.9785
02069700,ifs,7,-0.3129,0.2228,0.2496,0.8548,239,8.0967
02070000,ifs,7,-0.2488,0.2337,0.2732,0.8202,239,7.8044
02074500,ifs,7,-0.3057,0.2203,0.2401,1.0746,239,8.5148
02077200,ifs,7,-0.3604,0.2802,0.2836,1.0465,239,6.4621
02081500,ifs,7,-0.0413,0.3519,0.3801,0.9889,239,6.4838
02082950,ifs,7,-0.1872,0.3544,0.3879,1.2019,239,5.9474
02092500,ifs,7,-0.1726,0.3297,0.3432,1.0623,239,6.7966
02096846,ifs,7,0.0263,0.2608,0.3538,0.8705,239,8.8932
02102908,ifs,7,-0.0259,0.1272,0.2770,0.7460,239,8.4019
02108000,ifs,7,-0.0256,0.3606,0.3899,0.9699,239,6.5566
02111180,ifs,7,0.0067,0.2114,0.3323,0.7862,239,7.4311
02111500,ifs,7,-0.1001,0.1674,0.2736,0.7525,239,7.6779
02118500,ifs,7,-0.0885,0.2890,0.3520,0.7850,239,6.5169
02128000,ifs,7,-0.0390,0.2632,0.3418,0.8109,239,6.7300
02137727,ifs,7,0.0053,0.1695,0.3086,0.7860,239,8.3394
02140991,ifs,7,0.0146,0.2084,0.3369,0.7729,239,7.1379
02143000,ifs,7,-0.1685,0.1551,0.2456,0.7527,239,7.6406
02143040,ifs,7,-0.2028,0.1973,0.2601,0.7893,239,7.6974
02149000,ifs,7,-0.0034,0.0214,0.2637,0.6113,239,10.0220
02152100,ifs,7,-0.2800,0.2336,0.2680,0.8248,239,7.5948
02177000,ifs,7,-0.1982,0.1573,0.2314,0.7915,239,9.8433
02178400,ifs,7,-0.2614,0.2384,0.2733,0.8309,239,8.5595
02193340,ifs,7,-0.1752,0.2524,0.2849,0.9393,239,7.8822
02196000,ifs,7,-0.0886,0.1414,0.2600,0.7513,239,8.3156
02198100,ifs,7,0.0030,0.0695,0.2720,0.6898,239,10.4468
02202600,ifs,7,-0.7406,0.1212,0.1233,1.0600,239,7.9220
02212600,ifs,7,-0.1957,0.1598,0.2384,0.7680,239,9.3411
02215100,ifs,7,-0.1710,0.1199,0.2110,0.7969,239,9.1612
02216180,ifs,7,-0.0199,0.0691,0.2482,0.7408,239,10.0699
02221525,ifs,7,-0.2020,0.2749,0.3105,0.8315,239,8.3357
02231000,ifs,7,-0.4191,0.2096,0.2239,0.8841,239,7.9840
02231342,ifs,7,-0.2486,0.1925,0.2261,0.9587,239,7.5485
02235200,ifs,7,-0.1177,0.2832,0.3366,0.8113,239,7.3392
02245500,ifs,7,-0.3937,0.3053,0.3054,1.0120,239,7.5251
02246000,ifs,7,-0.8213,0.2082,0.2258,0.9527,239,7.9209
02296500,ifs,7,-0.2164,0.3190,0.3358,0.8835,239,6.7253
02297155,ifs,7,-0.4072,0.0217,0.0766,0.8476,239,9.8561
02297310,ifs,7,-0.4117,0.0522,0.1097,0.7915,239,9.2940
02298123,ifs,7,-0.3379,0.1107,0.1518,0.9047,239,8.2988
02298608,ifs,7,-0.4027,-0.0033,0.0723,0.7649,239,10.0165
02299950,ifs,7,-0.5237,0.0041,0.0424,0.8618,239,9.7177
02300700,ifs,7,-0.3712,0.0470,0.0990,0.8785,239,10.9552
02310947,ifs,7,-0.3010,0.1610,0.2039,0.8461,239,8.7920
02312200,ifs,7,-0.0640,0.1529,0.2569,0.8737,239,9.3788
02314500,ifs,7,0.0841,0.2043,0.3698,0.7740,239,7.4099
02315500,ifs,7,0.0408,0.2413,0.3638,0.7909,239,6.9260
02324400,ifs,7,0.0511,0.0751,0.3120,0.6725,239,10.1702
02327100,ifs,7,-0.1237,-0.0421,0.1648,0.6218,239,9.3853
02349900,ifs,7,-0.0913,0.0877,0.2350,0.7088,239,9.8750
02350900,ifs,7,-0.2828,0.1429,0.2036,0.7893,239,8.4315
02361000,ifs,7,-0.2452,0.0897,0.1748,0.7757,239,7.9398
02363000,ifs,7,-0.2482,0.0920,0.1709,0.7980,239,8.7821
02369800,ifs,7,-0.0473,-0.1394,0.1763,0.5182,239,13.2108
02371500,ifs,7,-0.1478,0.0280,0.1628,0.7588,239,9.9979
02372250,ifs,7,-0.1589,0.0397,0.1802,0.7024,239,9.8300
02374500,ifs,7,-0.1209,-0.0645,0.1432,0.6335,239,10.6105
02381600,ifs,7,-0.9749,0.0882,0.0966,0.9131,239,14.1507
02384540,ifs,7,-0.4185,0.1381,0.1698,0.8379,239,10.4465
02395120,ifs,7,-2.9806,-0.2444,0.0614,1.2209,239,14.9560
02408540,ifs,7,-0.3648,0.2327,0.2549,0.8422,239,11.0581
02415000,ifs,7,-0.0355,0.3504,0.4102,0.7724,239,10.3699
02422500,ifs,7,-0.8484,0.2098,0.2400,1.1019,239,11.8978
02427250,ifs,7,-0.1615,0.1938,0.2565,0.8477,239,8.2675
02430085,ifs,7,-0.5750,0.0975,0.1264,1.1990,239,10.8310
02450250,ifs,7,-0.4507,0.1987,0.2042,0.9998,239,11.6325
02464000,ifs,7,-0.6194,0.1458,0.1480,1.0327,239,14.3014
02465493,ifs,7,-0.8423,0.2169,0.2581,1.1372,239,11.5889
02469800,ifs,7,-0.1506,0.1855,0.2552,0.8360,239,9.7204
02472000,ifs,7,0.0474,0.1482,0.3180,0.7939,239,10.2084
02472500,ifs,7,0.0066,0.0646,0.2677,0.7158,239,11.3719
02479155,ifs,7,-0.0224,-0.0071,0.2077,0.7265,239,13.3461
02479300,ifs,7,0.0461,-0.0659,0.2651,0.6073,239,17.1072
02481000,ifs,7,0.0311,-0.1205,0.2438,0.5468,239,20.7145
02481510,ifs,7,0.0229,-0.1012,0.2533,0.5371,239,17.1010
03010655,ifs,7,-0.2105,0.2351,0.2800,0.8260,239,7.2730
03011800,ifs,7,-0.2008,0.2081,0.2595,0.8380,239,8.4749
03015500,ifs,7,-0.4556,0.3135,0.3173,1.0340,239,7.7767
03021350,ifs,7,-0.2821,0.2668,0.2778,0.9715,239,8.5031
03026500,ifs,7,-0.2364,0.2160,0.2586,0.8388,239,8.0786
03028000,ifs,7,-0.2288,0.2386,0.2725,0.8678,239,8.3246
03049800,ifs,7,-0.2316,0.1759,0.2273,0.8514,239,9.8258
03050000,ifs,7,-0.2559,0.1075,0.1733,0.8430,239,10.3386
03066000,ifs,7,-0.2985,0.1153,0.1622,0.9104,239,9.3587
03069500,ifs,7,-0.3411,0.1598,0.1866,0.9387,239,8.9379
03070500,ifs,7,-0.3215,0.2157,0.2354,0.9152,239,8.7798
03076600,ifs,7,-0.1618,0.0333,0.1657,0.7462,239,9.6832
03078000,ifs,7,-0.1542,0.0485,0.1657,0.8104,239,9.5265
03140000,ifs,7,-0.2394,0.2535,0.2734,0.9604,239,7.9192
03144000,ifs,7,-0.2613,0.0960,0.1749,0.7789,239,9.8053
03159540,ifs,7,-0.1748,0.0938,0.2028,0.7451,239,10.0745
03161000,ifs,7,-0.0096,0.3017,0.3628,0.8934,239,6.8401
03164000,ifs,7,-0.0358,0.3026,0.3593,0.8666,239,6.0716
03165000,ifs,7,-0.0791,0.2229,0.3029,0.8198,239,7.3994
03170000,ifs,7,-0.0988,0.3151,0.3515,0.8752,239,5.8525
03173000,ifs,7,-0.4389,0.2848,0.2854,0.9727,239,5.9717
03180500,ifs,7,-0.4289,0.1421,0.1610,0.9315,239,8.1349
03182500,ifs,7,-0.3997,0.1902,0.2084,0.8879,239,7.3326
03186500,ifs,7,-0.3613,0.1956,0.2192,0.8720,239,8.6527
03187500,ifs,7,-0.3830,0.2149,0.2290,0.9047,239,8.6286
03213700,ifs,7,-0.4372,0.2017,0.2089,1.0435,239,8.4616
03237280,ifs,7,-0.4649,0.1070,0.1274,0.9372,239,9.4258
03237500,ifs,7,-0.3251,0.1772,0.2064,0.8932,239,9.0575
03241500,ifs,7,-0.2004,0.0021,0.1397,0.7019,239,10.9160
03280700,ifs,7,-0.5652,0.1634,0.1786,1.1496,239,9.0502
03281100,ifs,7,-0.9279,0.1205,0.1532,1.2029,239,9.6216
03281500,ifs,7,-0.8206,0.1461,0.1746,1.1984,239,9.0464
03285000,ifs,7,-0.1981,0.1641,0.2195,0.9113,239,9.8057
03291780,ifs,7,-0.2368,0.0513,0.1429,0.8029,239,11.4670
03300400,ifs,7,-0.2031,0.1915,0.2380,0.9077,239,10.5922
03340800,ifs,7,-0.1768,-0.0799,0.0931,0.6845,239,11.2340
03346000,ifs,7,-0.2129,0.0553,0.1587,0.7703,239,9.6252
03364500,ifs,7,-0.1024,-0.0924,0.1312,0.6318,239,13.8821
03366500,ifs,7,-0.1202,0.1666,0.2465,0.8695,239,10.7157
03368000,ifs,7,-0.1312,-0.0697,0.1311,0.6408,239,13.8681
03384450,ifs,7,-0.1587,0.1405,0.2183,0.8635,239,10.2360
03439000,ifs,7,-0.1429,0.1938,0.2809,0.7503,239,8.5135
03450000,ifs,7,-0.0342,0.1651,0.3032,0.7264,239,6.6697
03455500,ifs,7,-0.1564,0.2102,0.2999,0.7157,239,7.7689
03456500,ifs,7,-0.0132,0.2288,0.3453,0.7463,239,6.8123
03460000,ifs,7,-0.1156,0.2897,0.3280,0.8924,239,7.5939
03463300,ifs,7,-0.0150,0.2449,0.3351,0.8366,239,8.0416
03471500,ifs,7,-0.2394,0.3098,0.3171,1.0089,239,6.7811
03473000,ifs,7,-0.1209,0.3361,0.3547,0.9552,239,6.6742
03479000,ifs,7,-0.1444,0.3044,0.3302,0.9173,239,6.4242
03488000,ifs,7,-0.1804,0.3551,0.3607,0.9771,239,6.7156
03498500,ifs,7,-0.3768,0.2496,0.2543,1.0206,239,9.0067
03500000,ifs,7,-0.2777,0.2314,0.2609,0.8576,239,8.3603
03504000,ifs,7,-0.1834,0.1583,0.2556,0.7127,239,9.5068
03574500,ifs,7,-0.2786,0.2398,0.2562,1.0028,239,10.5057
03604000,ifs,7,-0.2890,0.1282,0.1784,0.8644,239,11.0564
04015330,ifs,7,-0.7036,0.0996,0.1112,1.1369,239,8.5100
04024430,ifs,7,-0.9739,0.0490,0.0704,1.1926,239,7.0691
04027000,ifs,7,-1.7288,-0.2704,0.0563,1.7823,239,7.4996
04040500,ifs,7,-0.9901,0.1064,0.1628,1.2665,239,7.5184
04043050,ifs,7,-1.0257,0.1027,0.1173,1.0865,239,6.9346
04045500,ifs,7,-0.4109,0.2559,0.2627,1.0888,239,6.0664
04056500,ifs,7,-0.4746,0.2847,0.3014,1.1454,239,5.7858
04057510,ifs,7,-0.1165,0.3501,0.3646,1.0123,239,5.9069
04057800,ifs,7,-0.6830,0.2370,0.3024,1.2549,239,6.9923
04059500,ifs,7,-0.2695,0.3487,0.3614,1.1273,239,5.8496
04063700,ifs,7,-0.6935,0.1668,0.2768,1.3895,239,6.2032
04074950,ifs,7,-0.5925,0.1524,0.1642,1.1313,239,6.6444
04105700,ifs,7,-0.2873,0.1403,0.1816,0.9288,239,8.1775
04115265,ifs,7,-0.3423,0.1801,0.2006,0.9796,239,8.3292
04122200,ifs,7,-0.5220,0.1130,0.1246,1.0158,239,8.8891
04122500,ifs,7,-0.5897,0.1031,0.1105,1.0149,239,8.5479
04124000,ifs,7,0.0394,0.1234,0.3225,0.6931,239,8.4456
04127997,ifs,7,0.1094,0.2100,0.4063,0.6768,239,7.3213
04185000,ifs,7,0.1245,0.3109,0.4381,0.7732,239,6.1546
04196800,ifs,7,-0.0684,0.2718,0.3344,0.8400,239,7.3045
04197100,ifs,7,-0.0988,0.1277,0.2354,0.8207,239,8.2889
04197170,ifs,7,-0.1356,0.1767,0.2485,0.8725,239,7.6260
04213000,ifs,7,-0.4733,0.2519,0.2639,1.1337,239,7.7709
04213075,ifs,7,-0.4584,0.1640,0.1779,1.0884,239,8.6933
04216418,ifs,7,-0.1895,0.1676,0.2466,0.7708,239,8.0841
04221000,ifs,7,-0.2631,0.2173,0.2539,0.8459,239,6.9669
04224775,ifs,7,-0.1255,0.2112,0.2740,0.8751,239,7.3076
04256000,ifs,7,-0.5427,0.2147,0.2191,1.0823,239,7.4204
04296000,ifs,7,-0.3551,0.1273,0.1576,1.0270,239,7.2686
05057000,ifs,7,-1.5742,-0.1634,0.2090,1.7235,239,5.9946
05057200,ifs,7,-1.6598,-0.1463,0.1719,1.6535,239,5.6189
05062500,ifs,7,-1.3042,0.0296,0.1489,1.3636,239,6.6819
05087500,ifs,7,-0.6412,0.0640,0.0806,1.1321,239,6.8156
05120500,ifs,7,-0.9793,-0.0608,0.3435,1.7523,239,5.6597
05123400,ifs,7,-0.3998,0.3078,0.3582,1.2467,239,5.9503
05129115,ifs,7,-1.5194,-0.0305,0.0690,1.3281,239,7.0188
05131500,ifs,7,-1.6461,-0.0480,0.0503,1.2984,239,6.7606
05291000,ifs,7,-0.3582,-0.0203,0.0477,1.1000,239,8.0003
05362000,ifs,7,-1.4102,-0.0959,0.0935,1.5568,239,7.9874
05393500,ifs,7,-0.9419,0.0135,0.1030,1.4053,239,7.8519
05399500,ifs,7,-0.4453,0.0136,0.0536,0.9776,239,8.5313
05408000,ifs,7,-0.3121,0.0182,0.0892,0.8806,239,10.3117
05412500,ifs,7,-0.3402,0.1082,0.1588,0.8282,239,8.7606
05413500,ifs,7,-0.3242,0.0524,0.1136,0.8684,239,9.9203
05414000,ifs,7,-0.2497,0.0622,0.1372,0.8774,239,9.4432
05444000,ifs,7,-0.3176,0.2962,0.3088,1.1226,239,8.3022
05454000,ifs,7,-0.3783,0.2967,0.2984,1.0440,239,10.1579
05458000,ifs,7,-0.3940,0.0527,0.1052,0.8322,239,9.3210
05466500,ifs,7,0.1711,0.2674,0.4494,0.7397,239,9.6092
05487980,ifs,7,-0.1778,0.1571,0.2239,0.8680,239,9.7644
05488200,ifs,7,-0.0829,0.0539,0.2040,0.7608,239,11.3601
05489000,ifs,7,-0.2191,0.0916,0.1687,0.8553,239,11.1680
05495000,ifs,7,-0.3400,0.2781,0.2822,1.0321,239,8.5498
05495500,ifs,7,-0.0438,0.2155,0.3013,0.8775,239,9.0553
05501000,ifs,7,-0.3020,0.0679,0.1241,0.9384,239,11.4635
05503800,ifs,7,-0.5258,0.1723,0.1913,1.1654,239,9.7522
05507600,ifs,7,-0.6352,0.1934,0.2446,1.2739,239,8.4168
05508805,ifs,7,-0.7224,0.1953,0.2280,1.2022,239,8.5007
05514500,ifs,7,-0.6211,0.1872,0.2132,1.2025,239,9.0448
05525500,ifs,7,-0.0525,0.2397,0.3181,0.8401,239,8.3704
05556500,ifs,7,-0.3737,0.3260,0.3276,0.9594,239,10.5629
05584500,ifs,7,0.0093,0.2019,0.3140,0.8801,239,11.3257
05585000,ifs,7,0.0280,0.2240,0.3329,0.8923,239,10.2523
05591550,ifs,7,-0.1662,0.0893,0.1916,0.7941,239,9.8332
05592050,ifs,7,-0.1833,0.2269,0.2638,0.9651,239,8.2898
05592575,ifs,7,-0.0680,0.1872,0.2947,0.7592,239,10.0407
05593575,ifs,7,-0.2185,0.1802,0.2252,0.9246,239,9.0921
05593900,ifs,7,0.0268,0.2966,0.3770,0.8478,239,8.6930
05595730,ifs,7,-0.3410,0.1439,0.1735,0.9497,239,9.0713
06037500,ifs,7,0.0689,0.2810,0.3922,0.8077,239,3.7662
06043500,ifs,7,0.1265,0.3849,0.4602,0.8566,239,3.5543
06154410,ifs,7,-0.5820,0.1812,0.2078,1.2069,239,6.1042
06188000,ifs,7,-0.2098,0.3096,0.3203,1.0030,239,3.3137
06191500,ifs,7,-0.0766,0.3530,0.3741,0.9709,239,3.1673
06221400,ifs,7,-1.4920,-0.0471,0.2487,1.5649,239,4.6241
06224000,ifs,7,-0.8933,0.1064,0.2493,1.4396,239,4.2603
06289000,ifs,7,-1.3058,-0.0248,0.3596,1.6102,239,4.3374
06332515,ifs,7,-1.7188,-0.2601,0.3598,1.8368,239,5.4441
06339100,ifs,7,-1.9433,-0.3204,0.4957,1.7668,239,4.4924
06339500,ifs,7,-1.2074,-0.0522,0.4609,1.6486,239,4.6146
06344600,ifs,7,-0.4010,0.2024,0.5863,1.5266,239,4.0807
06350000,ifs,7,-1.1215,0.0950,0.2466,1.3834,239,4.2263
06352000,ifs,7,-2.3521,-0.2066,0.1693,1.5301,239,4.5646
06353000,ifs,7,-1.4122,-0.0067,0.2235,1.4873,239,4.1541
06354000,ifs,7,-1.1275,0.0694,0.2682,1.4579,239,4.2492
06360500,ifs,7,-0.8366,0.1154,0.1315,1.1592,239,3.4329
06404000,ifs,7,-0.4485,0.0885,0.1213,1.1358,239,4.0205
06406000,ifs,7,-0.4646,0.0886,0.1143,1.0888,239,3.7031
06408700,ifs,7,-0.7416,0.1660,0.2047,1.2377,239,3.8338
06409000,ifs,7,-0.6979,0.1488,0.1929,1.2674,239,3.7295
06431500,ifs,7,-0.6939,0.1357,0.1490,1.1510,239,4.2237
06440200,ifs,7,-0.0507,0.0148,0.2201,0.6470,239,4.3692
06441500,ifs,7,-0.1997,0.0930,0.1991,0.7246,239,3.8281
06447000,ifs,7,-0.2701,0.0802,0.1484,0.8513,239,3.8328
06447500,ifs,7,-0.4515,0.0612,0.0956,0.8906,239,4.7888
06450500,ifs,7,-0.3084,-0.0256,0.0824,0.7231,239,5.2760
06452000,ifs,7,-0.2557,0.0748,0.1565,0.7954,239,4.0734
06453600,ifs,7,-0.2237,0.0216,0.1285,0.7816,239,5.9516
06464500,ifs,7,-0.1944,-0.1410,0.0506,0.6399,239,6.7619
06477500,ifs,7,-0.3018,0.0508,0.1172,0.8677,239,5.7111
06479215,ifs,7,-0.3443,0.0025,0.0774,1.1824,239,8.1358
06479438,ifs,7,-0.2997,0.0337,0.1089,1.1671,239,7.4292
06601000,ifs,7,-0.4636,-0.0040,0.0364,0.9867,239,9.0675
06614800,ifs,7,-0.0752,0.2962,0.3394,1.0887,239,5.5772
06622700,ifs,7,-0.3434,0.2291,0.2418,1.0615,239,4.1364
06623800,ifs,7,-0.5414,0.1892,0.2900,1.3868,239,4.7608
06632400,ifs,7,-0.7091,0.1565,0.2628,1.3896,239,5.0763
06784000,ifs,7,-0.2835,0.0548,0.1291,0.8323,239,6.2227
06803510,ifs,7,-0.4861,0.0216,0.0563,1.0825,239,10.0677
06803530,ifs,7,-0.5797,0.0864,0.1133,1.1845,239,8.9073
06814000,ifs,7,-0.2944,0.1950,0.2288,1.1390,239,8.6832
06846500,ifs,7,-0.1755,0.2300,0.2796,0.8406,239,4.5239
06847900,ifs,7,-0.2237,0.1414,0.2059,0.8340,239,5.6164
06853800,ifs,7,-0.5302,0.1516,0.1574,0.9880,239,6.6599
06876700,ifs,7,0.0354,0.0551,0.2775,0.7115,239,9.7628
06878000,ifs,7,0.0933,0.2447,0.3823,0.8199,239,7.6401
06879650,ifs,7,0.0465,0.1904,0.3555,0.6966,239,9.4125
06885500,ifs,7,-0.0714,0.2289,0.3010,0.8716,239,9.1498
06888500,ifs,7,0.1249,0.2453,0.4104,0.7487,239,9.3959
06889200,ifs,7,-0.0570,0.2610,0.3234,0.8904,239,9.3244
06889500,ifs,7,-0.0115,0.2945,0.3583,0.8857,239,8.8139
06892000,ifs,7,0.0416,0.2271,0.3546,0.7834,239,9.0898
06903400,ifs,7,-0.2682,0.1235,0.1745,0.9087,239,10.6661
06906800,ifs,7,-0.0047,0.2545,0.3553,0.7708,239,11.0102
06910800,ifs,7,0.0727,0.2095,0.3712,0.7258,239,9.1885
06911900,ifs,7,0.1126,0.2001,0.3980,0.6822,239,9.4933
06917000,ifs,7,-0.3745,0.0472,0.1339,0.6921,239,12.8737
06918460,ifs,7,-0.1301,0.1201,0.2184,0.8266,239,10.6472
06919500,ifs,7,-0.1610,0.1597,0.2380,0.8136,239,10.2613
06921070,ifs,7,-0.0092,0.1279,0.2932,0.7096,239,11.4646
06921200,ifs,7,0.0126,0.1398,0.3047,0.7305,239,12.0406
06934000,ifs,7,-0.1700,0.1543,0.2204,0.9054,239,9.3997
07014500,ifs,7,-0.1935,-0.0445,0.0889,0.7958,239,12.7046
07056000,ifs,7,-0.1353,0.0768,0.1885,0.8241,239,9.5134
07057500,ifs,7,-0.2723,0.1413,0.1833,1.0275,239,9.4254
07060710,ifs,7,-0.2049,0.0885,0.1626,0.9521,239,10.3368
07066000,ifs,7,-0.4132,0.0713,0.1082,1.0958,239,9.8766
07067000,ifs,7,-0.4426,0.0946,0.1220,1.0885,239,8.8272
07068000,ifs,7,-0.4808,0.1022,0.1251,1.1057,239,8.4021
07071500,ifs,7,-0.4534,0.1181,0.1407,1.0978,239,8.9542
07083000,ifs,7,-0.2294,0.3055,0.4587,1.4253,239,3.2067
07142300,ifs,7,-0.3501,0.0893,0.1290,1.0163,239,6.0873
07145700,ifs,7,-0.1439,-0.1377,0.0471,0.7640,239,12.4357
07148400,ifs,7,-0.2930,0.2765,0.2879,1.0806,239,5.0722
07149000,ifs,7,-0.6226,0.1974,0.2334,1.2320,239,5.3879
07151500,ifs,7,-0.3299,0.0402,0.0961,1.0268,239,9.0745
07167500,ifs,7,-0.4840,0.0082,0.0447,0.9355,239,9.6210
07180500,ifs,7,-0.4481,0.0858,0.1122,0.9387,239,9.6918
07184000,ifs,7,-0.0660,0.0215,0.1884,0.7790,239,13.4549
07195800,ifs,7,0.0423,0.2479,0.3472,0.9825,239,10.7700
07196900,ifs,7,0.0766,0.3255,0.4023,1.0613,239,9.3743
07197000,ifs,7,0.0484,0.3321,0.3937,1.0173,239,9.1635
07208500,ifs,7,-0.4258,0.2426,0.4831,1.4845,239,3.1052
07226500,ifs,7,-1.4247,0.0322,0.3096,1.4174,239,3.8337
07261000,ifs,7,-0.2011,0.1822,0.2314,0.9124,239,9.4676
07263295,ifs,7,-0.1257,0.2293,0.2788,1.0269,239,9.7343
07290650,ifs,7,-0.1108,0.1719,0.2467,0.9459,239,10.1336
07291000,ifs,7,-0.1457,0.1382,0.2161,0.9109,239,10.4203
07292500,ifs,7,-0.0581,0.1524,0.2603,0.8611,239,10.0919
07295000,ifs,7,0.0475,0.1354,0.3103,0.8023,239,10.8027
07299670,ifs,7,-0.9772,0.0025,0.0637,1.3405,239,6.4250
07301410,ifs,7,-0.4285,0.1153,0.1546,1.1945,239,6.6826
07301500,ifs,7,-1.2308,0.0386,0.1796,1.4041,239,4.8467
07315200,ifs,7,-0.4083,0.2615,0.3093,1.2611,239,8.0216
07315700,ifs,7,-1.8733,-0.2406,0.1383,1.7441,239,10.0930
07335700,ifs,7,-0.2278,0.1477,0.2007,0.9127,239,12.1591
07340300,ifs,7,-0.6215,0.2078,0.2232,1.1501,239,10.5797
07346045,ifs,7,-1.0204,0.0603,0.4006,1.5538,239,10.2932
07359610,ifs,7,-0.3813,0.2939,0.2943,1.0121,239,10.8915
07362100,ifs,7,-1.1380,-0.1295,0.4837,1.7929,239,10.3681
07362587,ifs,7,0.0090,0.2211,0.3285,0.8435,239,10.2227
07373000,ifs,7,-0.1904,0.1183,0.1876,0.9439,239,9.9489
07375000,ifs,7,-0.0767,-0.0586,0.1516,0.6948,239,14.1467
07376000,ifs,7,-0.0241,0.0807,0.2476,0.7689,239,12.0883
08013000,ifs,7,-0.0816,0.0857,0.2144,0.8266,239,10.6070
08014500,ifs,7,-0.0052,0.1190,0.2760,0.7838,239,9.9318
08023080,ifs,7,-0.4108,0.2570,0.3273,1.3131,239,11.0444
08025500,ifs,7,-0.1211,0.1015,0.2037,0.8706,239,11.6611
08029500,ifs,7,0.0006,0.0384,0.2483,0.7153,239,11.5470
08050800,ifs,7,-0.2407,0.2080,0.2421,1.0898,239,10.6565
08066200,ifs,7,-0.0865,-0.0026,0.1732,0.7278,239,14.3598
08066300,ifs,7,-0.0037,-0.0643,0.1897,0.7113,239,17.7919
08070000,ifs,7,0.1590,0.4247,0.4824,0.9540,239,8.3320
08070200,ifs,7,0.1805,0.4052,0.4850,0.9110,239,8.4160
08079600,ifs,7,-1.0687,-0.0268,0.2217,1.6165,239,4.3439
08082700,ifs,7,-1.0699,-0.1098,0.2307,1.7524,239,7.6406
08086212,ifs,7,-0.3568,0.1821,0.2234,1.2139,239,7.1726
08086290,ifs,7,-0.9103,0.0536,0.1419,1.3866,239,8.4713
08101000,ifs,7,-0.9674,0.0234,0.3311,1.6214,239,8.5974
08103900,ifs,7,-0.1705,0.2627,0.2949,1.0840,239,10.0613
08104900,ifs,7,-0.5042,0.1766,0.1900,1.1269,239,12.9071
08109700,ifs,7,-0.1092,0.2436,0.3054,1.1691,239,11.1925
08150800,ifs,7,-0.1300,0.1939,0.2607,0.8749,239,11.3197
08155200,ifs,7,-0.8038,0.0625,0.1881,1.4593,239,11.1354
08158700,ifs,7,-0.7197,0.1032,0.2002,1.4010,239,10.2129
08158810,ifs,7,-0.9771,0.0775,0.2346,1.4569,239,10.4171
08164000,ifs,7,-0.0526,0.2990,0.3487,1.1075,239,7.6167
08164300,ifs,7,0.0459,0.2428,0.3462,0.9933,239,9.4306
08164600,ifs,7,-0.0582,0.2982,0.3474,1.1143,239,7.6964
08165300,ifs,7,-0.3763,0.1368,0.1613,1.0036,239,11.2080
08171300,ifs,7,-0.4681,0.1588,0.2219,1.3126,239,10.2222
08175000,ifs,7,-0.0749,0.2857,0.3328,1.0929,239,9.0343
08176900,ifs,7,-0.1726,0.2972,0.3410,1.2090,239,7.4767
08178880,ifs,7,-0.5924,0.0443,0.0669,1.1287,239,13.4731
08189500,ifs,7,-0.1942,0.1545,0.2117,1.0591,239,8.0917
08190000,ifs,7,-0.0242,0.0330,0.2181,0.7687,239,14.6298
08190500,ifs,7,0.0203,0.0742,0.2634,0.7905,239,13.6682
08194200,ifs,7,0.0002,0.0612,0.2457,0.7845,239,8.6646
08195000,ifs,7,-0.1583,0.0436,0.1507,0.8861,239,14.0388
08196000,ifs,7,-0.1701,-0.0084,0.1109,0.8895,239,16.1554
08198500,ifs,7,-0.5243,0.0856,0.1012,1.0151,239,15.5167
08200000,ifs,7,-0.4385,0.0242,0.0651,1.0729,239,14.5036
08202700,ifs,7,-0.3693,0.0488,0.0947,0.9726,239,15.1647
08267500,ifs,7,0.1049,0.3173,0.4089,0.9919,239,3.5961
08269000,ifs,7,0.0716,0.4096,0.4837,1.2564,239,2.7145
08271000,ifs,7,0.1404,0.3174,0.4279,0.9372,239,3.6693
08324000,ifs,7,-0.4586,0.1051,0.4163,1.6582,239,2.7936
08377900,ifs,7,0.0194,0.3817,0.5366,1.4084,239,3.7509
08378500,ifs,7,0.0735,0.3971,0.5556,1.4074,239,3.1756
08380500,ifs,7,-0.3185,0.2845,0.5403,1.4620,239,3.5416
09034900,ifs,7,-0.1528,0.2912,0.3158,1.0318,239,4.2482
09035900,ifs,7,-0.5427,0.2520,0.3197,1.2918,239,3.6303
09047700,ifs,7,-0.4219,0.2358,0.3838,1.4399,239,3.3083
09065500,ifs,7,-0.5556,0.2443,0.3166,1.3028,239,3.7216
09066000,ifs,7,-0.3058,0.3371,0.3840,1.2406,239,2.9056
09066200,ifs,7,-0.8465,0.1467,0.2606,1.3773,239,4.2931
09066300,ifs,7,-0.6995,0.1999,0.2926,1.3369,239,4.0079
09081600,ifs,7,0.2649,0.4716,0.5473,1.0520,239,3.7351
09107000,ifs,7,-0.5460,0.1256,0.4759,1.6261,239,3.0667
09210500,ifs,7,-0.9386,0.1670,0.2450,1.2602,239,3.2455
09223000,ifs,7,-0.2223,0.3201,0.3323,1.0889,239,3.1766
09306242,ifs,7,-0.9027,-0.1595,0.2714,1.8762,239,3.9003
09312600,ifs,7,-0.3561,0.2132,0.2826,1.3157,239,3.6130
09352900,ifs,7,0.0823,0.3916,0.4566,1.1908,239,4.2329
09378170,ifs,7,0.1285,0.2960,0.4297,0.7781,239,3.2587
09378630,ifs,7,0.0752,0.2326,0.3786,0.7530,239,3.5337
09386900,ifs,7,-0.9014,-0.0114,0.3334,1.6954,239,3.1396
09404450,ifs,7,0.0719,0.3765,0.4262,1.0268,239,2.8170
09430500,ifs,7,-0.1601,0.4271,0.4729,1.2086,239,2.4644
09430600,ifs,7,-0.4622,0.3021,0.3499,1.2305,239,3.4569
09447800,ifs,7,-1.2800,0.0494,0.2238,1.4104,239,2.4790
09480000,ifs,7,-0.0498,0.4573,0.4890,1.1814,239,3.5594
09484000,ifs,7,-0.3536,0.2338,0.2502,1.1163,239,3.8886
09484600,ifs,7,-0.0133,0.3718,0.4011,0.9476,239,3.0855
09492400,ifs,7,-0.0479,0.3946,0.4125,1.0804,239,4.8612
09494000,ifs,7,-0.4180,0.3278,0.4100,1.2768,239,4.0545
09497800,ifs,7,-0.2502,0.3060,0.3153,1.0627,239,2.9712
09497980,ifs,7,0.0357,0.4078,0.4343,1.0141,239,3.0996
09505200,ifs,7,-0.2489,0.3517,0.4061,1.2565,239,3.2247
09505350,ifs,7,-0.0280,0.3639,0.3910,1.0113,239,3.0134
09505800,ifs,7,0.0575,0.4270,0.4756,1.1974,239,3.0219
09508300,ifs,7,0.1834,0.3351,0.4740,0.7738,239,2.7076
09510200,ifs,7,0.0195,0.1721,0.3212,0.7420,239,2.9672
09512280,ifs,7,-0.0172,0.1732,0.2814,0.9724,239,2.6963
09513780,ifs,7,0.0599,0.2075,0.3401,0.8916,239,2.2714
10023000,ifs,7,-0.1254,0.3176,0.3398,1.0320,239,3.8110
10166430,ifs,7,-0.1058,0.2947,0.3359,0.8708,239,3.7642
10172700,ifs,7,-0.3802,0.2715,0.3098,1.2329,239,3.2098
10172800,ifs,7,-0.0360,0.3601,0.3867,1.0044,239,3.7249
10173450,ifs,7,0.2281,0.4453,0.5212,1.0673,239,3.1968
10205030,ifs,7,-0.1129,0.3362,0.3808,1.2072,239,3.2110
10234500,ifs,7,0.2805,0.5101,0.5693,0.9328,239,2.9757
10242000,ifs,7,0.2121,0.3809,0.4970,0.8450,239,3.3847
10244950,ifs,7,-0.4489,0.2248,0.2382,1.1337,239,3.4395
10249300,ifs,7,-1.2425,-0.0114,0.2284,1.5515,239,3.3882
10258000,ifs,7,0.4403,0.4893,0.6642,1.1755,239,2.6632
10258500,ifs,7,0.5029,0.6447,0.7561,1.2579,239,1.2847
10259000,ifs,7,0.5196,0.6225,0.7213,0.9755,239,1.9139
10259200,ifs,7,0.4715,0.5347,0.6946,1.2816,239,1.4585
10263500,ifs,7,0.4340,0.1958,0.7238,0.4956,239,4.4514
10310500,ifs,7,-0.7436,0.2879,0.3802,1.1389,239,4.8030
10316500,ifs,7,-0.0101,0.1480,0.3000,0.7252,239,3.7373
10329500,ifs,7,0.1044,0.2978,0.4101,0.8337,239,3.1001
10336645,ifs,7,0.0056,0.4707,0.4808,0.9077,239,8.1980
10336660,ifs,7,0.0824,0.4500,0.4902,0.8285,239,8.5735
10343500,ifs,7,-0.7972,0.2767,0.3501,1.0726,239,7.2465
10348850,ifs,7,0.1603,0.2225,0.4407,0.6353,239,8.3566
10396000,ifs,7,0.0453,0.2907,0.3899,0.7874,239,3.2848
11098000,ifs,7,0.4597,0.2420,0.7183,0.5076,239,6.0103
11124500,ifs,7,0.1526,0.4281,0.4824,0.9356,239,6.3904
11141280,ifs,7,0.2356,0.4745,0.5688,0.7336,239,5.5190
11143000,ifs,7,-0.1130,0.3208,0.4043,0.6824,239,10.6915
11148900,ifs,7,-0.1516,0.4852,0.5123,0.9457,239,5.8692
11151300,ifs,7,0.0170,0.5377,0.5433,0.9887,239,3.7120
11162500,ifs,7,-0.1117,0.3786,0.4037,0.8414,239,6.6972
11176400,ifs,7,-0.2333,0.4167,0.4203,0.9787,239,3.7642
11180500,ifs,7,-0.3259,0.3820,0.3867,1.0017,239,4.3960
11180960,ifs,7,-0.5850,0.2797,0.2882,0.9676,239,5.7703
11224500,ifs,7,-0.0056,0.5108,0.5257,1.1058,239,3.2693
11253310,ifs,7,0.2375,0.5574,0.5858,1.1272,239,2.3206
11264500,ifs,7,-1.9002,-0.2567,0.3952,1.7415,239,8.0950
11266500,ifs,7,-1.3796,-0.0589,0.3995,1.6038,239,7.9006
11274500,ifs,7,0.1750,0.5446,0.5623,0.8911,239,2.9403
11274630,ifs,7,0.0696,0.5093,0.5120,0.9849,239,2.8395
11284400,ifs,7,0.0744,0.5349,0.5420,1.0800,239,4.8849
11299600,ifs,7,-0.0910,0.4976,0.5157,1.0719,239,5.1813
11381500,ifs,7,-0.1122,0.1920,0.3035,0.6774,239,9.5570
11383500,ifs,7,-0.1870,0.1798,0.2777,0.6762,239,10.0249
11451100,ifs,7,-0.4964,0.3453,0.3690,1.0595,239,6.3495
11468500,ifs,7,-0.3353,0.3274,0.3282,1.0323,239,7.7322
11473900,ifs,7,0.0541,0.3445,0.4214,0.7960,239,6.6925
11475560,ifs,7,0.2124,0.1378,0.4724,0.5572,239,11.6073
11476600,ifs,7,-0.0564,0.4623,0.5029,1.1970,239,7.5672
11478500,ifs,7,0.0959,0.4612,0.4856,0.9234,239,7.0222
11480390,ifs,7,0.1198,0.4911,0.5138,0.8947,239,6.5236
11481200,ifs,7,0.2386,0.5575,0.5772,0.9395,239,6.9476
11482500,ifs,7,0.3268,0.5109,0.5989,0.8392,239,7.3188
11522500,ifs,7,0.3055,0.6011,0.6188,0.9442,239,4.9848
11523200,ifs,7,-0.2552,0.3845,0.4021,0.8611,239,7.3815
11528700,ifs,7,0.0972,0.5155,0.5285,0.8983,239,5.7600
11532500,ifs,7,0.3458,0.3449,0.5964,0.6706,239,8.9595
12010000,ifs,7,0.3514,0.3211,0.6221,0.6008,239,9.1970
12013500,ifs,7,0.3103,0.4484,0.6001,0.6962,239,7.4372
12020000,ifs,7,0.2308,0.4265,0.5582,0.6913,239,6.5760
12025000,ifs,7,0.2687,0.3904,0.5550,0.7072,239,6.1745
12025700,ifs,7,0.2288,0.5006,0.5541,0.8569,239,5.7118
12035000,ifs,7,0.1734,0.3599,0.5210,0.6331,239,10.0724
12040500,ifs,7,0.3355,0.5133,0.6270,0.7383,239,10.3962
12041200,ifs,7,0.3281,0.4144,0.6074,0.6644,239,11.4874
12043000,ifs,7,0.3367,0.4895,0.6192,0.7327,239,8.9876
12048000,ifs,7,-0.2864,0.3870,0.4968,1.2747,239,5.9482
12054000,ifs,7,0.2194,0.5304,0.5615,0.8955,239,7.9044
12056500,ifs,7,0.1990,0.4520,0.5395,0.7596,239,10.6270
12073500,ifs,7,-0.0042,0.5035,0.5184,0.8859,239,5.7065
12082500,ifs,7,0.2867,0.4656,0.5707,0.8055,239,8.1034
12092000,ifs,7,0.2921,0.4317,0.5661,0.7833,239,8.1465
12095000,ifs,7,0.1903,0.5571,0.5641,0.9928,239,6.6547
12114500,ifs,7,0.3226,0.2895,0.5924,0.6206,239,9.5106
12115000,ifs,7,0.3239,0.2953,0.5925,0.6274,239,9.4525
12115500,ifs,7,0.3133,0.3252,0.5757,0.6921,239,9.5577
12117000,ifs,7,0.3128,0.3411,0.5763,0.7007,239,9.4595
12141300,ifs,7,0.3456,0.3258,0.6110,0.6430,239,10.8139
12143600,ifs,7,0.3512,0.3559,0.6087,0.6912,239,10.1157
12144000,ifs,7,0.3514,0.3865,0.6058,0.7242,239,9.4700
12145500,ifs,7,0.3093,0.3805,0.5831,0.6827,239,7.7098
12147600,ifs,7,0.3310,0.2993,0.6043,0.6126,239,13.3941
12167000,ifs,7,0.2783,0.4097,0.5574,0.7546,239,9.5525
12175500,ifs,7,0.3333,0.5874,0.6294,0.8704,239,6.4543
12186000,ifs,7,0.2919,0.4200,0.5753,0.7206,239,9.8071
12189500,ifs,7,0.3381,0.5008,0.6113,0.7872,239,7.9823
12358500,ifs,7,0.2619,0.4077,0.5555,0.7263,239,5.9497
12377150,ifs,7,0.2087,0.3707,0.5424,0.6405,239,5.9058
12381400,ifs,7,0.2297,0.4319,0.5639,0.6893,239,5.2422
12390700,ifs,7,0.0829,0.5119,0.5227,0.9073,239,4.4090
12411000,ifs,7,0.1231,0.4199,0.4951,0.7722,239,5.1719
12414500,ifs,7,0.1711,0.4599,0.5194,0.8282,239,5.1288
12447390,ifs,7,-0.4814,0.2096,0.4090,1.4876,239,3.3761
12451000,ifs,7,0.1927,0.6161,0.6530,1.0939,239,5.0249
12488500,ifs,7,0.3659,0.4293,0.6123,0.7701,239,6.4387
13011500,ifs,7,-0.0679,0.4152,0.4240,1.0626,239,3.7742
13011900,ifs,7,-0.1930,0.3783,0.3890,1.1113,239,3.8430
13018300,ifs,7,0.0282,0.3122,0.3806,0.8983,239,3.6482
13023000,ifs,7,-0.1729,0.3520,0.3730,1.1461,239,3.3244
13161500,ifs,7,-0.1173,0.2870,0.4275,1.4227,239,2.2507
13235000,ifs,7,0.0509,0.4282,0.4670,0.8386,239,4.2704
13240000,ifs,7,0.3059,0.5029,0.5950,0.7978,239,4.7518
13310700,ifs,7,0.1778,0.5565,0.5700,0.9028,239,3.9616
13313000,ifs,7,0.2673,0.4006,0.5593,0.7016,239,4.4779
13331500,ifs,7,0.0739,0.4693,0.4833,0.9694,239,4.8303
13337000,ifs,7,0.4926,0.6088,0.7134,0.8181,239,4.2671
13338500,ifs,7,0.2371,0.5991,0.6085,1.0818,239,4.0185
13340000,ifs,7,0.4773,0.6694,0.7087,0.9258,239,3.6566
13340600,ifs,7,0.3513,0.4684,0.6133,0.7606,239,5.4221
14020000,ifs,7,0.0991,0.4682,0.4876,0.9744,239,4.6088
14092750,ifs,7,-0.0914,0.4935,0.6268,1.1200,239,5.8941
14096850,ifs,7,0.0602,0.5252,0.6629,1.1892,239,3.3750
14137000,ifs,7,0.2696,0.5589,0.5862,0.9463,239,7.3327
14138800,ifs,7,0.3752,0.4906,0.6233,0.8200,239,9.2580
14138870,ifs,7,0.3608,0.5264,0.6159,0.8944,239,9.7001
14138900,ifs,7,0.3613,0.4097,0.6100,0.7611,239,11.5092
14139800,ifs,7,0.3575,0.5349,0.6184,0.8752,239,9.4524
14141500,ifs,7,0.3151,0.5931,0.6153,1.0043,239,8.3452
14154500,ifs,7,-0.0647,0.4475,0.4573,0.8982,239,5.7878
14158500,ifs,7,0.0118,0.5451,0.5623,0.9505,239,7.0757
14158790,ifs,7,0.1996,0.4951,0.5654,0.7657,239,8.1507
14166500,ifs,7,0.2132,0.3694,0.5052,0.7608,239,5.6670
14182500,ifs,7,0.1771,0.5144,0.5489,0.8541,239,7.3942
14185000,ifs,7,0.0433,0.5556,0.5721,0.9411,239,7.0538
14185900,ifs,7,0.2092,0.5349,0.5811,0.8110,239,7.7088
14187000,ifs,7,0.1173,0.5064,0.5426,0.8199,239,7.0551
14216500,ifs,7,0.3008,0.5316,0.6014,0.8178,239,7.8126
14222500,ifs,7,0.3077,0.2764,0.5727,0.6718,239,12.4503
14236200,ifs,7,0.3367,0.4464,0.5937,0.7997,239,7.0249
14301000,ifs,7,0.4098,0.3526,0.6624,0.6678,239,6.8929
14303200,ifs,7,0.3062,0.1658,0.6062,0.5101,239,9.7174
14305500,ifs,7,0.2638,0.2058,0.5398,0.5892,239,11.8566
14306340,ifs,7,0.3055,0.3767,0.5764,0.6779,239,5.9241
14306500,ifs,7,0.2425,0.3674,0.5295,0.7160,239,6.6747
14308990,ifs,7,0.3437,0.4933,0.6012,0.8528,239,3.6512
14309500,ifs,7,0.3735,0.2930,0.6327,0.5783,239,5.3478
14316700,ifs,7,-0.0161,0.4948,0.5055,0.8993,239,5.3662
14325000,ifs,7,0.2830,0.2693,0.5559,0.5837,239,7.1368
14362250,ifs,7,0.3448,0.5297,0.6112,0.8604,239,3.3796
14400000,ifs,7,0.2389,0.2439,0.5108,0.6039,239,9.8996
01013500,ifs,8,-0.5881,0.1706,0.2217,1.2866,239,6.9650
01022500,ifs,8,-0.7577,0.1325,0.1457,1.1484,239,8.3623
01030500,ifs,8,-0.8094,0.0984,0.1044,1.1033,239,7.2977
01031500,ifs,8,-0.6684,0.0979,0.1209,1.1943,239,7.3702
01047000,ifs,8,-0.7613,0.1255,0.1436,1.1756,239,8.1512
01052500,ifs,8,-0.9551,-0.0350,-0.0106,1.2198,239,7.8314
01054200,ifs,8,-1.5166,-0.0307,0.0056,1.1340,239,11.4950
01055000,ifs,8,-1.5157,-0.0068,0.0414,1.1455,239,9.1421
01057000,ifs,8,-1.1389,0.0193,0.0247,1.0472,239,8.8808
01073000,ifs,8,-0.6274,0.1732,0.1788,1.0958,239,7.7387
01078000,ifs,8,-0.5638,0.1034,0.1142,1.0574,239,7.8567
01118300,ifs,8,-0.1962,0.0356,0.1577,0.7269,239,12.6359
01121000,ifs,8,-0.2208,0.1262,0.2132,0.7475,239,9.1223
01123000,ifs,8,-0.3464,0.1491,0.2102,0.7367,239,10.0729
01134500,ifs,8,-0.8154,-0.0236,-0.0148,1.0728,239,8.8091
01137500,ifs,8,-0.8430,-0.0388,-0.0165,1.1875,239,8.9261
01139000,ifs,8,-0.6733,0.0183,0.0455,1.1846,239,8.0085
01139800,ifs,8,-0.4591,0.0221,0.0622,0.9011,239,8.3604
01142500,ifs,8,-0.8109,0.1100,0.1402,1.2255,239,7.7593
01144000,ifs,8,-0.6167,0.1110,0.1162,1.0329,239,7.8925
01169000,ifs,8,-0.2402,0.3629,0.3784,1.1397,239,7.7421
01170100,ifs,8,-0.2714,0.3537,0.3806,1.1832,239,7.6419
01181000,ifs,8,-0.2405,0.2105,0.2437,0.9151,239,8.4262
01187300,ifs,8,-0.6125,0.1665,0.1742,1.1102,239,8.4023
01195100,ifs,8,-0.3323,-0.0802,0.0520,0.6546,239,11.0997
01333000,ifs,8,-0.2633,0.2189,0.2438,1.0529,239,7.8450
01350000,ifs,8,-0.2016,0.0194,0.1182,0.9068,239,11.0808
01350080,ifs,8,-0.2239,0.1376,0.1919,0.9557,239,8.7365
01350140,ifs,8,-0.3262,0.1390,0.1717,0.9636,239,8.6200
01365000,ifs,8,-0.3236,0.0988,0.1411,1.0017,239,9.6787
01411300,ifs,8,-0.2689,0.0734,0.1383,0.9010,239,12.1623
01413500,ifs,8,-0.1811,0.0248,0.1376,0.8265,239,10.3818
01414500,ifs,8,-0.2576,0.0072,0.0924,0.9129,239,11.4066
01415000,ifs,8,-0.2256,0.1426,0.1955,0.9459,239,8.7076
01423000,ifs,8,-0.3290,0.1317,0.1663,0.9472,239,8.9686
01434025,ifs,8,-0.1931,0.0219,0.1300,0.8376,239,11.7141
01435000,ifs,8,-0.2155,0.0498,0.1367,0.8890,239,11.1341
01439500,ifs,8,-0.6246,0.0621,0.0759,0.9081,239,9.7182
01440000,ifs,8,-0.4604,0.0591,0.0932,0.8855,239,9.7536
01440400,ifs,8,-0.6105,0.0454,0.0693,0.8492,239,10.6923
01451800,ifs,8,-0.9765,0.0851,0.0891,1.0246,239,9.6115
01466500,ifs,8,-0.8549,0.0982,0.1018,1.0730,239,9.7915
01484100,ifs,8,-0.5132,0.0698,0.0943,1.1048,239,9.5847
01485500,ifs,8,-0.2796,0.0032,0.0929,0.8245,239,10.6353
01486000,ifs,8,0.0417,0.3067,0.3837,0.8801,239,9.4557
01487000,ifs,8,-0.3830,0.0495,0.0927,0.9681,239,9.7012
01491000,ifs,8,-0.7358,0.1502,0.1801,1.2170,239,8.1646
01510000,ifs,8,-0.2639,0.2370,0.2606,0.9094,239,8.1897
01516500,ifs,8,-1.0920,0.0596,0.0665,1.0011,239,8.3830
01518862,ifs,8,-0.8613,0.1227,0.1250,0.9822,239,8.3438
01532000,ifs,8,-0.9950,0.0191,0.0202,1.0418,239,9.8466
01539000,ifs,8,-1.2689,0.0230,0.0398,1.0691,239,10.9268
01542810,ifs,8,-0.5161,0.1800,0.1877,0.9142,239,8.1187
01543000,ifs,8,-0.5802,0.2009,0.2039,0.9310,239,7.9935
01543500,ifs,8,-0.4804,0.1789,0.1950,0.8654,239,8.3249
01544500,ifs,8,-0.6680,0.1467,0.1475,0.9683,239,8.1647
01545600,ifs,8,-0.7598,0.1126,0.1128,1.0159,239,8.5808
01547700,ifs,8,-0.2911,-0.1229,0.0080,0.7447,239,12.2063
01548500,ifs,8,-0.7589,0.1129,0.1142,0.9515,239,7.8297
01549500,ifs,8,-0.8345,0.0501,0.0512,1.0290,239,8.9004
01550000,ifs,8,-0.8050,0.0424,0.0455,1.0529,239,9.8420
01552000,ifs,8,-0.6728,0.0088,0.0222,0.9608,239,10.8146
01552500,ifs,8,-1.0770,0.0191,0.0210,1.0142,239,10.1034
01557500,ifs,8,-0.2622,-0.0196,0.1147,0.6699,239,10.6154
01567500,ifs,8,-0.1870,0.0686,0.1875,0.7185,239,8.4954
01568000,ifs,8,-0.3119,0.0539,0.1421,0.7325,239,7.9035
01580000,ifs,8,-0.7738,0.0325,0.0361,0.9926,239,8.2948
01583500,ifs,8,-0.4892,0.0346,0.0661,0.9221,239,7.5500
01586610,ifs,8,-0.4187,0.0280,0.0750,0.8850,239,7.4570
01591400,ifs,8,-0.1843,-0.0437,0.1199,0.6753,239,8.8530
01596500,ifs,8,-0.3397,0.0712,0.1192,0.9312,239,8.4731
01605500,ifs,8,-0.4664,0.1015,0.1324,0.8459,239,8.0774
01606500,ifs,8,-0.3404,0.1125,0.1579,0.8588,239,7.1753
01613050,ifs,8,-0.3138,0.0938,0.1597,0.7908,239,7.5830
01620500,ifs,8,-0.5535,0.1403,0.1461,1.0264,239,7.0591
01632000,ifs,8,-0.2884,0.0609,0.1506,0.7441,239,8.0002
01632900,ifs,8,-0.2061,0.0173,0.1564,0.6776,239,7.5499
01634500,ifs,8,-0.2033,-0.0003,0.1310,0.7316,239,7.6146
01638480,ifs,8,-0.2550,-0.0506,0.0865,0.6950,239,7.7107
01639500,ifs,8,-0.4865,0.0189,0.0563,0.8921,239,7.5033
01644000,ifs,8,-0.3857,-0.0270,0.0603,0.7470,239,7.5654
01658500,ifs,8,-0.2767,-0.0442,0.0894,0.6775,239,8.2035
01664000,ifs,8,-0.2337,0.0167,0.1401,0.7086,239,7.5918
01666500,ifs,8,-0.2155,0.0686,0.1771,0.7310,239,7.5722
01667500,ifs,8,-0.1635,0.0751,0.2076,0.6912,239,7.0717
01669000,ifs,8,-0.3295,-0.0208,0.0631,0.8200,239,9.3688
01669520,ifs,8,-0.2979,-0.0019,0.0877,0.8026,239,9.1931
02011400,ifs,8,-0.6901,0.1273,0.1323,0.9110,239,7.7646
02011460,ifs,8,-0.6267,0.1300,0.1344,0.9409,239,8.1068
02013000,ifs,8,-0.6117,0.1008,0.1115,0.9045,239,7.9867
02014000,ifs,8,-0.6367,0.1534,0.1561,0.9400,239,7.2020
02015700,ifs,8,-0.6696,0.1017,0.1045,1.0009,239,7.9656
02016000,ifs,8,-0.7682,0.1389,0.1400,0.9658,239,7.2014
02017500,ifs,8,-0.8970,0.1241,0.1293,1.0440,239,6.8606
02018000,ifs,8,-0.9541,0.1294,0.1414,1.0668,239,6.6562
02027000,ifs,8,-0.4729,0.1644,0.1745,1.0566,239,6.3451
02027500,ifs,8,-0.4214,0.1446,0.1616,0.9921,239,6.4691
02028500,ifs,8,-0.1281,0.2202,0.2881,0.8173,239,6.0331
02038850,ifs,8,-0.4425,0.0106,0.0654,0.8204,239,7.1121
02046000,ifs,8,-0.2612,0.1032,0.1700,0.8336,239,7.7221
02051000,ifs,8,-0.1929,0.0183,0.1365,0.7798,239,8.0231
02051500,ifs,8,-0.2495,0.1100,0.1734,0.8640,239,7.4206
02053200,ifs,8,-0.1484,0.1702,0.2396,0.8788,239,7.8058
02053800,ifs,8,-0.5311,0.1231,0.1399,0.8789,239,6.6260
02055100,ifs,8,-1.3225,0.0014,0.0957,1.3485,239,7.3068
02056900,ifs,8,-0.6838,0.0659,0.0739,0.9258,239,7.7093
02059500,ifs,8,-0.7248,0.1126,0.1170,0.9148,239,6.1239
02064000,ifs,8,-0.5708,0.0518,0.0679,1.0096,239,6.2355
02065500,ifs,8,-0.4034,0.0544,0.0953,0.9200,239,6.2603
02069700,ifs,8,-0.4276,0.0618,0.1005,0.8831,239,8.4432
02070000,ifs,8,-0.5492,0.0260,0.0546,0.8848,239,8.6925
02074500,ifs,8,-0.5925,-0.0264,0.0070,1.1311,239,9.4036
02077200,ifs,8,-0.7116,0.1067,0.1091,1.0518,239,7.2485
02081500,ifs,8,-0.3458,0.1495,0.1760,0.9852,239,7.3710
02082950,ifs,8,-0.4641,0.2442,0.2513,1.1006,239,6.6049
02092500,ifs,8,-0.6660,0.1555,0.1661,1.1331,239,8.1012
02096846,ifs,8,-0.2635,0.0068,0.0918,0.8936,239,10.1309
02102908,ifs,8,-0.2348,0.0404,0.1369,0.7944,239,9.2179
02108000,ifs,8,-0.4512,0.1705,0.1799,1.0002,239,7.7993
02111180,ifs,8,-0.2107,0.0921,0.1811,0.7955,239,8.2039
02111500,ifs,8,-0.3018,0.1146,0.1730,0.8157,239,8.3522
02118500,ifs,8,-0.5253,0.1801,0.1859,0.9288,239,7.7146
02128000,ifs,8,-0.2450,0.1066,0.1770,0.8283,239,7.3671
02137727,ifs,8,-0.1667,0.0084,0.1407,0.7727,239,9.0316
02140991,ifs,8,-0.1895,0.1684,0.2414,0.7931,239,7.8425
02143000,ifs,8,-0.4292,0.0676,0.1119,0.8304,239,8.4501
02143040,ifs,8,-0.4018,0.0611,0.1193,0.7843,239,8.3098
02149000,ifs,8,-0.1682,-0.1183,0.0851,0.6261,239,10.8133
02152100,ifs,8,-0.5501,0.0395,0.0750,0.8190,239,8.3576
02177000,ifs,8,-0.6184,0.0986,0.1165,0.8464,239,11.4401
02178400,ifs,8,-1.0324,0.0758,0.0918,0.8688,239,10.8647
02193340,ifs,8,-0.3435,0.3467,0.4023,1.2410,239,8.4277
02196000,ifs,8,-0.1911,0.2349,0.2688,0.9441,239,8.6985
02198100,ifs,8,-0.2741,0.2116,0.2457,0.8561,239,11.8095
02202600,ifs,8,-0.5861,0.2024,0.2051,1.0655,239,7.5622
02212600,ifs,8,-0.0667,0.2724,0.3389,0.8161,239,8.8225
02215100,ifs,8,-0.4146,0.0650,0.1188,0.7912,239,10.0691
02216180,ifs,8,-0.1722,0.0166,0.1563,0.7108,239,10.7955
02221525,ifs,8,-0.0886,0.3051,0.3485,0.8605,239,7.9327
02231000,ifs,8,-0.3431,0.1285,0.1775,0.8137,239,7.7671
02231342,ifs,8,-0.7442,0.1298,0.1301,1.0245,239,8.9217
02235200,ifs,8,-0.0622,0.1904,0.3134,0.7154,239,7.1547
02245500,ifs,8,-0.0650,0.2471,0.3114,0.9051,239,6.5782
02246000,ifs,8,-0.3218,0.1791,0.2108,0.8757,239,6.7480
02296500,ifs,8,-1.1402,0.1425,0.1871,0.9660,239,8.9206
02297155,ifs,8,-0.5927,0.0939,0.1061,0.9111,239,10.4854
02297310,ifs,8,-0.6093,0.1226,0.1383,0.8517,239,9.9228
02298123,ifs,8,-1.1663,0.0818,0.1007,1.0105,239,10.5598
02298608,ifs,8,-0.4509,0.1147,0.1510,0.8139,239,10.1873
02299950,ifs,8,-0.5330,0.1392,0.1504,0.9107,239,9.7472
02300700,ifs,8,-0.2181,0.1020,0.1772,0.8508,239,10.3253
02310947,ifs,8,-0.1998,0.0505,0.1622,0.7596,239,8.4431
02312200,ifs,8,-0.1705,0.0251,0.1450,0.8038,239,9.8366
02314500,ifs,8,-0.2346,0.1451,0.2072,0.8326,239,8.6032
02315500,ifs,8,-0.2675,0.1837,0.2303,0.8287,239,7.9619
02324400,ifs,8,-0.1034,0.1621,0.2586,0.8035,239,10.9669
02327100,ifs,8,-0.4472,0.0826,0.1221,0.8283,239,10.6510
02349900,ifs,8,-0.3160,0.0420,0.1333,0.7244,239,10.8440
02350900,ifs,8,-0.3686,0.1295,0.1856,0.7589,239,8.7092
02361000,ifs,8,-0.3642,0.1727,0.2025,0.8549,239,8.3103
02363000,ifs,8,-0.3699,0.1280,0.1658,0.8535,239,9.2004
02369800,ifs,8,-0.1044,0.0161,0.1830,0.7092,239,13.5664
02371500,ifs,8,-0.2065,0.0976,0.1782,0.8422,239,10.2505
02372250,ifs,8,-0.1952,0.1151,0.2025,0.7893,239,9.9825
02374500,ifs,8,-0.2373,0.0186,0.1289,0.7526,239,11.1477
02381600,ifs,8,-0.8279,0.0835,0.0892,0.8973,239,13.6141
02384540,ifs,8,-0.6383,0.0863,0.1006,0.8709,239,11.2265
02395120,ifs,8,-0.4763,0.1597,0.1694,0.9568,239,9.1081
02408540,ifs,8,-0.0284,0.2130,0.3204,0.7792,239,9.5992
02415000,ifs,8,0.1299,0.2118,0.4192,0.6715,239,9.5058
02422500,ifs,8,-0.2422,0.1756,0.2177,0.9133,239,9.7538
02427250,ifs,8,-0.2795,0.2308,0.2538,0.9061,239,8.6774
02430085,ifs,8,-1.1737,0.0227,0.0536,1.2030,239,12.7242
02450250,ifs,8,-0.4541,0.0932,0.1325,0.8123,239,11.6460
02464000,ifs,8,-0.4222,0.1459,0.1628,0.9762,239,13.4024
02465493,ifs,8,-0.8594,0.1402,0.1493,1.0893,239,11.6426
02469800,ifs,8,-0.2614,0.1079,0.1697,0.8612,239,10.1774
02472000,ifs,8,-0.2147,0.1223,0.1904,0.8673,239,11.5276
02472500,ifs,8,-0.2702,0.0207,0.1102,0.8143,239,12.8594
02479155,ifs,8,-0.1841,-0.0717,0.0840,0.7371,239,14.3627
02479300,ifs,8,-0.1276,-0.1666,0.0632,0.6432,239,18.6000
02481000,ifs,8,-0.1132,-0.2053,0.0573,0.5933,239,22.2026
02481510,ifs,8,-0.1321,-0.1632,0.0784,0.5999,239,18.4071
03010655,ifs,8,-0.5908,0.1959,0.1960,0.9908,239,8.3373
03011800,ifs,8,-0.3540,0.3119,0.3121,1.0007,239,8.9993
03015500,ifs,8,-1.1266,0.1460,0.2251,1.1899,239,9.3995
03021350,ifs,8,-0.8198,0.1939,0.2172,1.1256,239,10.1304
03026500,ifs,8,-0.4918,0.2571,0.2573,0.9859,239,8.8737
03028000,ifs,8,-0.4959,0.2678,0.2691,1.0366,239,9.1851
03049800,ifs,8,-0.4045,0.0720,0.1137,0.8710,239,10.4928
03050000,ifs,8,-0.1374,0.0964,0.2010,0.8295,239,9.8388
03066000,ifs,8,-0.2089,0.0610,0.1480,0.8779,239,9.0302
03069500,ifs,8,-0.2472,0.1059,0.1673,0.9016,239,8.6193
03070500,ifs,8,-0.3689,0.2405,0.2468,1.0111,239,8.9359
03076600,ifs,8,-0.1749,0.0179,0.1408,0.7949,239,9.7378
03078000,ifs,8,-0.1827,0.0141,0.1257,0.8592,239,9.6436
03140000,ifs,8,-0.7701,0.1560,0.1575,0.9891,239,9.4642
03144000,ifs,8,-0.5028,0.0912,0.1268,0.8050,239,10.7029
03159540,ifs,8,-0.3248,0.1768,0.2034,0.9222,239,10.6983
03161000,ifs,8,-0.2459,0.0891,0.1623,0.8437,239,7.5984
03164000,ifs,8,-0.2722,0.0995,0.1680,0.8181,239,6.7289
03165000,ifs,8,-0.2793,0.0375,0.1256,0.7858,239,8.0564
03170000,ifs,8,-0.4386,0.1225,0.1503,0.8666,239,6.6966
03173000,ifs,8,-0.8736,0.1850,0.2009,1.0341,239,6.8143
03180500,ifs,8,-0.3476,0.1357,0.1664,0.9446,239,7.9004
03182500,ifs,8,-0.5098,0.1552,0.1638,0.9394,239,7.6154
03186500,ifs,8,-0.3956,0.1755,0.1927,0.9266,239,8.7609
03187500,ifs,8,-0.4096,0.1778,0.1918,0.9449,239,8.7111
03213700,ifs,8,-0.3677,0.2636,0.2691,1.0580,239,8.2546
03237280,ifs,8,-0.4610,0.1809,0.1920,1.0857,239,9.4134
03237500,ifs,8,-0.3351,0.1514,0.1798,0.9601,239,9.0917
03241500,ifs,8,-0.0643,0.2095,0.3032,0.7939,239,10.2785
03280700,ifs,8,-0.4985,0.1289,0.1417,1.0539,239,8.8554
03281100,ifs,8,-0.6733,0.1701,0.1847,1.1530,239,8.9637
03281500,ifs,8,-0.7067,0.1549,0.1676,1.1446,239,8.7588
03285000,ifs,8,-0.3810,0.1388,0.1626,1.0270,239,10.5275
03291780,ifs,8,0.0151,0.3134,0.3721,0.9786,239,10.2332
03300400,ifs,8,-0.3628,0.1859,0.2029,1.0354,239,11.2735
03340800,ifs,8,-0.1531,0.0502,0.1654,0.8188,239,11.1203
03346000,ifs,8,-0.1674,0.2456,0.2807,0.9565,239,9.4431
03364500,ifs,8,0.1114,0.2547,0.3971,0.8174,239,12.4636
03366500,ifs,8,-0.0844,0.3286,0.3566,1.0542,239,10.5432
03368000,ifs,8,-0.0184,0.1927,0.3047,0.8213,239,13.1587
03384450,ifs,8,-0.5192,0.1698,0.1860,1.1461,239,11.7206
03439000,ifs,8,-0.4941,0.0568,0.1155,0.7303,239,9.7338
03450000,ifs,8,-0.2729,0.0536,0.1479,0.7468,239,7.3993
03455500,ifs,8,-0.4839,0.0342,0.1089,0.6914,239,8.8002
03456500,ifs,8,-0.2118,0.0833,0.1916,0.7250,239,7.4503
03460000,ifs,8,-0.2684,0.0560,0.1468,0.7679,239,8.0974
03463300,ifs,8,-0.2437,0.0243,0.1240,0.7961,239,8.9018
03471500,ifs,8,-0.2729,0.3095,0.3148,0.9607,239,6.8719
03473000,ifs,8,-0.1654,0.3178,0.3359,0.9266,239,6.8054
03479000,ifs,8,-0.3858,0.0972,0.1384,0.8592,239,7.0694
03488000,ifs,8,-0.2417,0.3019,0.3114,0.9578,239,6.8877
03498500,ifs,8,-0.5087,0.0079,0.0520,0.8306,239,9.4281
03500000,ifs,8,-0.9894,0.0807,0.0893,0.9097,239,10.4322
03504000,ifs,8,-0.7981,0.0405,0.0757,0.7452,239,11.7184
03574500,ifs,8,-0.7588,0.0559,0.0669,0.8701,239,12.3218
03604000,ifs,8,-0.3094,0.0178,0.1010,0.7990,239,11.1437
04015330,ifs,8,-0.5205,0.0888,0.1087,0.9023,239,8.0398
04024430,ifs,8,-0.4015,0.2026,0.2121,0.9731,239,5.9566
04027000,ifs,8,-1.0439,-0.0021,0.0466,1.3023,239,6.4907
04040500,ifs,8,-0.6714,0.0353,0.0453,0.9671,239,6.8901
04043050,ifs,8,-0.6013,0.1715,0.1802,0.8833,239,6.1656
04045500,ifs,8,-0.5456,0.0981,0.1096,1.0035,239,6.3492
04056500,ifs,8,-0.3993,0.1869,0.1989,0.9857,239,5.6362
04057510,ifs,8,-0.5463,0.1465,0.1520,0.9756,239,6.9517
04057800,ifs,8,-0.5424,0.0177,0.0499,0.8723,239,6.6937
04059500,ifs,8,-0.8564,0.0875,0.0879,1.0215,239,7.0738
04063700,ifs,8,-0.9443,0.1084,0.1288,1.1571,239,6.6466
04074950,ifs,8,-0.6590,0.1612,0.1613,1.0090,239,6.7816
04105700,ifs,8,-0.5293,0.1547,0.1600,0.9961,239,8.9129
04115265,ifs,8,-0.4305,0.1540,0.1693,0.9547,239,8.5985
04122200,ifs,8,-0.2375,0.2311,0.2583,0.9325,239,8.0153
04122500,ifs,8,-0.4273,0.1945,0.2035,0.9569,239,8.0997
04124000,ifs,8,-0.2840,0.0903,0.1754,0.7330,239,9.7646
04127997,ifs,8,-0.6679,0.1440,0.1583,0.8445,239,10.0195
04185000,ifs,8,-0.7364,0.1174,0.1200,0.9337,239,8.6677
04196800,ifs,8,-0.5139,0.2219,0.2227,1.0207,239,8.6948
04197100,ifs,8,-0.4654,0.1423,0.1554,0.9646,239,9.5726
04197170,ifs,8,-0.4569,0.1840,0.1911,1.0130,239,8.6379
04213000,ifs,8,-1.4192,0.0410,0.1136,1.2016,239,9.9575
04213075,ifs,8,-1.1066,0.0727,0.1230,1.2448,239,10.4481
04216418,ifs,8,-0.6413,0.1206,0.1268,0.9180,239,9.4963
04221000,ifs,8,-0.7664,0.1639,0.1672,1.0458,239,8.2389
04224775,ifs,8,-0.7982,0.1660,0.1837,1.1428,239,9.2366
04256000,ifs,8,-0.8662,0.1284,0.1408,1.1236,239,8.1612
04296000,ifs,8,-0.6054,0.0167,0.0377,1.0834,239,7.9115
05057000,ifs,8,-0.0262,0.3471,0.3959,1.1688,239,3.7850
05057200,ifs,8,-0.5067,0.1914,0.2344,1.2593,239,4.2291
05062500,ifs,8,-0.5731,0.0310,0.0501,1.0116,239,5.5210
05087500,ifs,8,-0.9979,0.0477,0.0556,1.1095,239,7.5200
05120500,ifs,8,0.0555,0.4585,0.4821,1.1230,239,3.9096
05123400,ifs,8,-0.2725,0.2510,0.2729,1.1134,239,5.6735
05129115,ifs,8,-0.8437,0.0626,0.0709,1.1244,239,6.0042
05131500,ifs,8,-1.1212,0.0541,0.0868,1.1991,239,6.0531
05291000,ifs,8,-0.2622,-0.0156,0.0780,1.1312,239,7.7124
05362000,ifs,8,-0.6828,0.1325,0.1604,1.2182,239,6.6741
05393500,ifs,8,-0.5130,0.1527,0.1691,1.1352,239,6.9307
05399500,ifs,8,-0.4282,0.0719,0.1027,0.9683,239,8.4806
05408000,ifs,8,-0.1404,-0.0121,0.1400,0.7485,239,9.6136
05412500,ifs,8,-0.3069,-0.0314,0.0748,0.7434,239,8.6511
05413500,ifs,8,-0.2059,-0.0321,0.1069,0.7270,239,9.4666
05414000,ifs,8,-0.1943,-0.0120,0.1117,0.7968,239,9.2312
05444000,ifs,8,-0.6145,0.1770,0.1903,1.1469,239,9.1903
05454000,ifs,8,-0.3223,0.0863,0.1401,0.8639,239,9.9496
05458000,ifs,8,-0.3176,-0.0435,0.0580,0.7656,239,9.0619
05466500,ifs,8,-0.5113,0.1274,0.1402,0.9296,239,12.9749
05487980,ifs,8,-0.4831,0.0956,0.1141,1.0064,239,10.9572
05488200,ifs,8,-0.3656,0.0146,0.0695,0.9606,239,12.7571
05489000,ifs,8,-0.4888,0.0662,0.0896,0.9713,239,12.3413
05495000,ifs,8,-0.6555,0.1969,0.2226,1.1930,239,9.5029
05495500,ifs,8,-0.2675,0.2573,0.2725,0.9564,239,9.9785
05501000,ifs,8,-0.3328,0.1261,0.1601,0.9974,239,11.5985
05503800,ifs,8,-0.5646,0.1797,0.1898,1.1229,239,9.8755
05507600,ifs,8,-0.6470,0.1873,0.2094,1.1847,239,8.4473
05508805,ifs,8,-0.6430,0.1995,0.2040,1.0787,239,8.3023
05514500,ifs,8,-0.2983,0.2288,0.2452,0.9771,239,8.0944
05525500,ifs,8,-0.2463,0.0865,0.1579,0.8586,239,9.1084
05556500,ifs,8,-0.4629,0.1917,0.1984,1.0468,239,10.9005
05584500,ifs,8,-0.1396,0.1387,0.2158,0.9512,239,12.1470
05585000,ifs,8,-0.1617,0.1629,0.2252,0.9581,239,11.2084
05591550,ifs,8,-0.1104,0.1436,0.2358,0.8605,239,9.5951
05592050,ifs,8,-0.2146,0.2405,0.2700,1.0772,239,8.3985
05592575,ifs,8,-0.2332,0.1260,0.1870,0.8796,239,10.7893
05593575,ifs,8,-0.4705,0.1074,0.1253,1.0014,239,9.9882
05593900,ifs,8,-0.2125,0.1449,0.2041,0.8929,239,9.7032
05595730,ifs,8,-0.3875,0.1072,0.1365,0.9816,239,9.2272
06037500,ifs,8,-0.0190,0.4148,0.4316,1.0751,239,3.9398
06043500,ifs,8,-0.1315,0.3981,0.4011,1.0129,239,4.0452
06154410,ifs,8,-0.2874,0.1606,0.1959,1.0581,239,5.5066
06188000,ifs,8,-0.6829,0.2159,0.2891,1.2967,239,3.9082
06191500,ifs,8,-0.2473,0.3684,0.4044,1.2076,239,3.4093
06221400,ifs,8,-2.1265,-0.3087,0.1873,1.8364,239,5.1795
06224000,ifs,8,-1.7395,-0.2331,0.1194,1.7686,239,5.1246
06289000,ifs,8,-1.8604,-0.3427,0.2294,1.9667,239,4.8309
06332515,ifs,8,-1.1536,0.0369,0.2988,1.5251,239,4.8453
06339100,ifs,8,-1.5132,-0.0946,0.2453,1.6318,239,4.1512
06339500,ifs,8,-0.8844,0.0996,0.1359,1.2396,239,4.2637
06344600,ifs,8,-0.5963,0.1967,0.3597,1.4418,239,4.3558
06350000,ifs,8,-1.9632,-0.0894,0.1052,1.3653,239,4.9948
06352000,ifs,8,-1.8105,-0.0636,0.1273,1.3867,239,4.1795
06353000,ifs,8,-1.6519,-0.0232,0.1134,1.3216,239,4.3555
06354000,ifs,8,-1.1767,0.0651,0.1189,1.2351,239,4.2981
06360500,ifs,8,-1.5703,-0.0026,0.1411,1.3343,239,4.0611
06404000,ifs,8,-1.7133,-0.0954,0.1692,1.5378,239,5.5026
06406000,ifs,8,-1.7482,-0.0803,0.1400,1.4703,239,5.0726
06408700,ifs,8,-2.2322,-0.2221,0.0873,1.5949,239,5.2227
06409000,ifs,8,-2.6008,-0.2960,0.1710,1.6417,239,5.4312
06431500,ifs,8,-1.4416,-0.0725,0.0759,1.4793,239,5.0709
06440200,ifs,8,-0.9579,0.0268,0.0340,1.1171,239,5.9644
06441500,ifs,8,-1.2019,0.0422,0.0549,1.0278,239,5.1862
06447000,ifs,8,-0.6302,0.1175,0.1407,1.1931,239,4.3422
06447500,ifs,8,-0.7550,-0.0063,0.0124,1.1510,239,5.2657
06450500,ifs,8,-0.6880,-0.0178,-0.0027,0.9795,239,5.9926
06452000,ifs,8,-0.8412,0.0670,0.0710,1.0852,239,4.9324
06453600,ifs,8,-0.7965,0.0368,0.0394,1.0225,239,7.2112
06464500,ifs,8,-0.3849,-0.0404,0.0297,0.8654,239,7.2812
06477500,ifs,8,-0.5812,0.1130,0.1238,1.0904,239,6.2941
06479215,ifs,8,-0.1690,0.0238,0.1312,1.0816,239,7.5866
06479438,ifs,8,-0.1533,0.0115,0.1289,1.0852,239,6.9983
06601000,ifs,8,-0.3927,-0.0236,0.0342,1.0276,239,8.8451
06614800,ifs,8,0.0445,0.2905,0.3843,1.1771,239,5.2577
06622700,ifs,8,-0.5823,0.1697,0.1909,1.1844,239,4.4892
06623800,ifs,8,-0.4931,0.1283,0.3161,1.5387,239,4.6855
06632400,ifs,8,-0.8681,0.0348,0.1596,1.4676,239,5.3071
06784000,ifs,8,-0.6279,0.1668,0.1749,1.1151,239,7.0081
06803510,ifs,8,-0.9321,0.0305,0.0418,1.1472,239,11.4792
06803530,ifs,8,-1.2998,-0.0120,0.0407,1.2688,239,10.7475
06814000,ifs,8,-0.5571,0.0406,0.0633,1.0871,239,9.5239
06846500,ifs,8,0.0571,0.4288,0.4526,1.0014,239,4.0516
06847900,ifs,8,0.0278,0.4267,0.4453,0.9709,239,5.0061
06853800,ifs,8,-0.8493,0.1418,0.1704,1.1930,239,7.3214
06876700,ifs,8,-0.1122,0.0294,0.1668,0.8166,239,10.4830
06878000,ifs,8,-0.3117,0.0439,0.1037,0.9496,239,9.1895
06879650,ifs,8,-0.3370,0.0011,0.0883,0.7615,239,11.1456
06885500,ifs,8,-0.4427,0.0332,0.0711,0.9343,239,10.6175
06888500,ifs,8,-0.2987,-0.0132,0.0790,0.8017,239,11.4463
06889200,ifs,8,-0.3807,0.0258,0.0762,0.9349,239,10.6571
06889500,ifs,8,-0.4311,0.0623,0.0949,0.9600,239,10.4836
06892000,ifs,8,-0.3906,0.1533,0.1729,0.9704,239,10.9490
06903400,ifs,8,-0.6059,0.0869,0.0959,1.0453,239,12.0026
06906800,ifs,8,-0.1387,0.1433,0.2497,0.7333,239,11.7214
06910800,ifs,8,-0.3622,0.0608,0.1173,0.8306,239,11.1368
06911900,ifs,8,-0.3777,0.0161,0.0871,0.7842,239,11.8288
06917000,ifs,8,-0.1874,0.2279,0.2681,0.8991,239,11.9658
06918460,ifs,8,-0.1044,0.2055,0.2705,0.9385,239,10.5254
06919500,ifs,8,-0.1020,0.1954,0.2715,0.8630,239,9.9971
06921070,ifs,8,-0.0267,0.1467,0.2817,0.7792,239,11.5638
06921200,ifs,8,0.0093,0.1576,0.3045,0.7746,239,12.0603
06934000,ifs,8,-0.3814,0.1404,0.1637,1.0225,239,10.2138
07014500,ifs,8,-0.2684,-0.0249,0.0727,0.8430,239,13.0969
07056000,ifs,8,-0.2356,0.2912,0.3147,1.1440,239,9.9246
07057500,ifs,8,-0.6299,0.1933,0.2148,1.1819,239,10.6681
07060710,ifs,8,0.0618,0.3930,0.4651,1.2445,239,9.1213
07066000,ifs,8,-0.6946,0.0969,0.1125,1.1598,239,10.8154
07067000,ifs,8,-0.8909,0.0811,0.1056,1.2042,239,10.1060
07068000,ifs,8,-1.0034,0.0807,0.1254,1.2521,239,9.7731
07071500,ifs,8,-0.8394,0.1554,0.1956,1.2235,239,10.0735
07083000,ifs,8,-0.4901,0.0839,0.3501,1.6414,239,3.5304
07142300,ifs,8,-0.2593,0.1515,0.1946,1.0577,239,5.8789
07145700,ifs,8,0.0063,0.0467,0.2407,0.7926,239,11.5906
07148400,ifs,8,-0.3770,0.1022,0.1349,1.0402,239,5.2343
07149000,ifs,8,-0.6129,0.1549,0.1666,1.1357,239,5.3717
07151500,ifs,8,0.0994,0.2184,0.3677,0.8875,239,7.4675
07167500,ifs,8,-0.2994,0.2456,0.2584,1.0238,239,9.0028
07180500,ifs,8,-0.4440,0.0655,0.0951,0.9738,239,9.6782
07184000,ifs,8,0.1187,0.1729,0.3727,0.7963,239,12.2338
07195800,ifs,8,-0.3705,0.0526,0.1130,1.1934,239,12.8839
07196900,ifs,8,-0.5005,0.0932,0.1527,1.2954,239,11.9499
07197000,ifs,8,-0.5709,0.1152,0.1608,1.2706,239,11.7734
07208500,ifs,8,-0.4805,0.1403,0.3589,1.5638,239,3.1642
07226500,ifs,8,-0.3961,0.2798,0.3301,1.2621,239,2.9090
07261000,ifs,8,-0.9494,0.0558,0.1813,1.4431,239,12.0613
07263295,ifs,8,-0.4772,0.1743,0.2635,1.3731,239,11.1512
07290650,ifs,8,-0.3993,0.1071,0.1359,1.0558,239,11.3740
07291000,ifs,8,-0.4255,0.0485,0.0844,0.9780,239,11.6233
07292500,ifs,8,-0.3979,0.0526,0.0928,0.9562,239,11.5996
07295000,ifs,8,-0.4250,0.0056,0.0512,0.9611,239,13.2133
07299670,ifs,8,-1.0263,-0.0437,0.0655,1.4592,239,6.5043
07301410,ifs,8,0.0734,0.2122,0.3483,1.0896,239,5.3821
07301500,ifs,8,-0.4358,0.1602,0.2905,1.4493,239,3.8883
07315200,ifs,8,-1.5220,-0.0313,0.1422,1.4323,239,10.7346
07315700,ifs,8,-3.3660,-0.6158,0.1443,1.9809,239,12.4414
07335700,ifs,8,-0.1373,0.3372,0.3520,0.9730,239,11.7024
07340300,ifs,8,-0.2159,0.3385,0.3543,1.1286,239,9.1616
07346045,ifs,8,-1.5390,-0.0978,0.1129,1.5499,239,11.5388
07359610,ifs,8,-0.3396,0.2353,0.2491,1.0834,239,10.7257
07362100,ifs,8,-1.0815,-0.1635,0.3061,1.8697,239,10.2301
07362587,ifs,8,-0.3140,0.2244,0.2614,1.2016,239,11.7715
07373000,ifs,8,-0.5476,0.1511,0.1748,1.1869,239,11.3439
07375000,ifs,8,-0.5647,-0.0046,0.0299,0.8595,239,17.0536
07376000,ifs,8,-0.8504,0.0412,0.0426,0.9593,239,16.2490
08013000,ifs,8,-0.4475,0.1431,0.1605,1.0804,239,12.2709
08014500,ifs,8,-0.3279,0.1837,0.2063,1.0458,239,11.4152
08023080,ifs,8,-0.9917,-0.0128,0.2154,1.6035,239,13.1224
08025500,ifs,8,-0.3027,0.1681,0.2086,1.1537,239,12.5700
08029500,ifs,8,-0.6170,0.1424,0.1452,1.0415,239,14.6877
08050800,ifs,8,-0.2591,0.1285,0.1773,0.9547,239,10.7352
08066200,ifs,8,-0.2181,0.0760,0.1581,0.8534,239,15.2044
08066300,ifs,8,-0.1453,-0.0332,0.1119,0.8134,239,19.0050
08070000,ifs,8,-0.1493,0.3153,0.3334,1.0061,239,9.7404
08070200,ifs,8,-0.1580,0.2850,0.3102,0.9703,239,10.0047
08079600,ifs,8,-2.1054,-0.2999,0.0663,1.7535,239,5.3222
08082700,ifs,8,-0.8724,-0.0491,0.1974,1.6618,239,7.2669
08086212,ifs,8,-0.3292,0.1897,0.2354,1.2236,239,7.0993
08086290,ifs,8,-0.4907,0.1724,0.2391,1.3243,239,7.4834
08101000,ifs,8,-0.6727,0.1782,0.2328,1.2835,239,7.9273
08103900,ifs,8,-0.6699,0.1840,0.1844,1.0026,239,12.0175
08104900,ifs,8,-0.6515,0.1195,0.1223,0.9651,239,13.5243
08109700,ifs,8,-0.4463,0.0661,0.1003,1.1106,239,12.7806
08150800,ifs,8,-0.2058,0.0597,0.1535,0.8253,239,11.6934
08155200,ifs,8,-1.0785,0.0574,0.0827,1.1785,239,11.9533
08158700,ifs,8,-1.1621,0.0710,0.1081,1.1776,239,11.4513
08158810,ifs,8,-1.1814,0.1153,0.1809,1.1811,239,10.9419
08164000,ifs,8,-0.5132,0.2435,0.2859,1.2440,239,9.1324
08164300,ifs,8,-0.4701,0.1348,0.1547,1.1165,239,11.7060
08164600,ifs,8,-0.5195,0.2552,0.2876,1.2085,239,9.2228
08165300,ifs,8,-0.1700,-0.0179,0.1250,0.7409,239,10.3337
08171300,ifs,8,-1.0753,0.1007,0.1238,1.1136,239,12.1540
08175000,ifs,8,-1.6030,0.0571,0.2414,1.1842,239,14.0590
08176900,ifs,8,-0.7800,0.2088,0.2934,1.2807,239,9.2116
08178880,ifs,8,-0.1434,-0.0813,0.0841,0.7843,239,11.4169
08189500,ifs,8,-0.7881,0.2106,0.2524,1.1847,239,9.9012
08190000,ifs,8,0.0081,-0.1586,0.1849,0.5563,239,14.3975
08190500,ifs,8,0.0305,-0.1310,0.2252,0.5361,239,13.5965
08194200,ifs,8,-0.0653,0.1551,0.2632,0.8221,239,8.9437
08195000,ifs,8,-0.0710,-0.1311,0.1075,0.6801,239,13.4994
08196000,ifs,8,-0.0625,-0.1522,0.0974,0.6878,239,15.3947
08198500,ifs,8,-0.0991,-0.1167,0.0947,0.7103,239,13.1764
08200000,ifs,8,-0.1252,-0.0786,0.0947,0.7807,239,12.8274
08202700,ifs,8,-0.1269,-0.0362,0.1212,0.7891,239,13.7572
08267500,ifs,8,-0.0096,0.2981,0.3596,1.0993,239,3.8193
08269000,ifs,8,-0.2280,0.2747,0.3725,1.3616,239,3.1219
08271000,ifs,8,0.0257,0.3024,0.3699,1.0392,239,3.9066
08324000,ifs,8,-0.6795,-0.0271,0.3363,1.7653,239,2.9976
08377900,ifs,8,-0.3054,0.1969,0.3215,1.4249,239,4.3276
08378500,ifs,8,-0.2841,0.2025,0.3133,1.3948,239,3.7385
08380500,ifs,8,-0.8395,0.1161,0.2557,1.4383,239,4.1832
09034900,ifs,8,0.0161,0.3651,0.4280,1.2115,239,3.9246
09035900,ifs,8,-0.3434,0.2277,0.4375,1.5167,239,3.3877
09047700,ifs,8,-0.4676,0.1224,0.3752,1.6097,239,3.3611
09065500,ifs,8,-0.6154,0.1106,0.3572,1.5930,239,3.7924
09066000,ifs,8,-0.5285,0.1531,0.3474,1.5298,239,3.1436
09066200,ifs,8,-0.8754,0.0043,0.3107,1.6790,239,4.3266
09066300,ifs,8,-0.7670,0.0559,0.3211,1.6254,239,4.0867
09081600,ifs,8,0.2284,0.4027,0.5592,1.3593,239,3.8267
09107000,ifs,8,-0.3740,0.0048,0.4919,1.8343,239,2.8910
09210500,ifs,8,-0.6634,0.1535,0.2041,1.2864,239,3.0063
09223000,ifs,8,-0.7683,0.1757,0.2931,1.3731,239,3.8208
09306242,ifs,8,-1.0845,-0.2723,0.1155,1.9070,239,4.0824
09312600,ifs,8,-0.3220,0.1954,0.2383,1.2103,239,3.5673
09352900,ifs,8,-0.1103,0.2322,0.4307,1.5113,239,4.6560
09378170,ifs,8,-0.1664,0.1117,0.1981,0.8503,239,3.7698
09378630,ifs,8,-0.1893,0.0597,0.1598,0.8194,239,4.0073
09386900,ifs,8,-0.6177,0.0629,0.4209,1.6822,239,2.8959
09404450,ifs,8,-0.1467,0.2995,0.3318,1.1318,239,3.1313
09430500,ifs,8,-0.3296,0.3436,0.3806,1.2084,239,2.6384
09430600,ifs,8,-0.3983,0.3161,0.4163,1.3205,239,3.3806
09447800,ifs,8,-2.4044,-0.2788,0.3846,1.5715,239,3.0293
09480000,ifs,8,-0.3650,0.2893,0.3225,1.2147,239,4.0586
09484000,ifs,8,-0.5479,0.1705,0.2512,1.3562,239,4.1583
09484600,ifs,8,0.0916,0.5028,0.5103,1.0332,239,2.9214
09492400,ifs,8,0.0222,0.3742,0.4146,1.0928,239,4.6958
09494000,ifs,8,-0.2105,0.3564,0.4568,1.3343,239,3.7461
09497800,ifs,8,-0.1840,0.3684,0.4436,1.2946,239,2.8915
09497980,ifs,8,0.1840,0.5471,0.5809,1.1684,239,2.8512
09505200,ifs,8,-0.2108,0.2781,0.5111,1.5017,239,3.1752
09505350,ifs,8,0.1744,0.4893,0.5384,1.1778,239,2.7006
09505800,ifs,8,0.1378,0.4251,0.5795,1.3920,239,2.8902
09508300,ifs,8,0.2029,0.4692,0.5217,0.9215,239,2.6750
09510200,ifs,8,0.2069,0.5392,0.5620,1.0928,239,2.6686
09512280,ifs,8,0.0032,0.3259,0.4172,1.2907,239,2.6691
09513780,ifs,8,-0.1374,0.3387,0.4066,1.2879,239,2.4984
10023000,ifs,8,-0.0512,0.2350,0.3041,0.9793,239,3.6832
10166430,ifs,8,-0.6202,0.2384,0.2455,0.9229,239,4.5563
10172700,ifs,8,-0.3228,0.2612,0.2762,1.1147,239,3.1423
10172800,ifs,8,-0.3303,0.2599,0.2692,1.0660,239,4.2210
10173450,ifs,8,0.0737,0.3798,0.4337,1.1043,239,3.5020
10205030,ifs,8,-0.4755,0.1917,0.2136,1.1741,239,3.6973
10234500,ifs,8,0.1696,0.3985,0.4788,0.8943,239,3.1968
10242000,ifs,8,0.1134,0.3300,0.4335,0.8104,239,3.5903
10244950,ifs,8,-0.0893,0.2522,0.3031,0.9947,239,2.9822
10249300,ifs,8,-1.4658,-0.0098,0.2350,1.4740,239,3.5529
10258000,ifs,8,0.2728,0.1922,0.6495,1.7276,239,3.0357
10258500,ifs,8,0.0568,-0.0500,0.6979,1.9475,239,1.7696
10259000,ifs,8,0.4213,0.4556,0.7048,1.4565,239,2.1007
10259200,ifs,8,-0.1992,-0.1708,0.5732,2.0531,239,2.1970
10263500,ifs,8,0.5035,0.4958,0.7122,0.7483,239,4.1691
10310500,ifs,8,-0.0625,0.5123,0.6360,1.0589,239,3.7494
10316500,ifs,8,0.2051,0.2124,0.4792,0.6198,239,3.3153
10329500,ifs,8,0.1966,0.4126,0.5000,0.8576,239,2.9363
10336645,ifs,8,0.1774,0.6161,0.6311,1.0325,239,7.4562
10336660,ifs,8,0.2517,0.6293,0.6341,0.9446,239,7.7421
10343500,ifs,8,-0.2024,0.4676,0.5216,1.1029,239,5.9272
10348850,ifs,8,0.4080,0.3703,0.6460,0.6099,239,7.0167
10396000,ifs,8,-0.1003,0.3706,0.3954,0.8570,239,3.5263
11098000,ifs,8,0.4602,0.5040,0.6797,0.7730,239,6.0078
11124500,ifs,8,0.3154,0.3988,0.5636,0.8708,239,5.7439
11141280,ifs,8,0.4541,0.6863,0.7028,0.9761,239,4.6641
11143000,ifs,8,0.3728,0.5563,0.6388,0.8136,239,8.0258
11148900,ifs,8,0.3006,0.6316,0.6347,0.9839,239,4.5741
11151300,ifs,8,0.2944,0.6470,0.6849,1.1220,239,3.1450
11162500,ifs,8,0.3317,0.5814,0.6183,0.9308,239,5.1925
11176400,ifs,8,0.2870,0.6349,0.6782,1.1454,239,2.8620
11180500,ifs,8,0.1373,0.5149,0.6547,1.2824,239,3.5460
11180960,ifs,8,0.1454,0.5695,0.5993,1.1454,239,4.2371
11224500,ifs,8,0.1537,0.5660,0.6818,1.1738,239,2.9992
11253310,ifs,8,-0.2208,0.3542,0.6328,1.3271,239,2.9362
11264500,ifs,8,-1.8652,-0.2306,0.5136,1.5908,239,8.0461
11266500,ifs,8,-1.3421,-0.0269,0.5132,1.4675,239,7.8382
11274500,ifs,8,0.2855,0.6458,0.6683,1.1035,239,2.7362
11274630,ifs,8,0.2588,0.6353,0.6371,1.0309,239,2.5343
11284400,ifs,8,-0.2308,0.4380,0.4886,1.1564,239,5.6329
11299600,ifs,8,-0.1134,0.4870,0.5478,1.1504,239,5.2345
11381500,ifs,8,0.1861,0.3920,0.4893,0.8324,239,8.1755
11383500,ifs,8,0.1826,0.4234,0.4988,0.8573,239,8.3187
11451100,ifs,8,0.0491,0.5314,0.6063,1.1902,239,5.0617
11468500,ifs,8,0.2410,0.5885,0.6086,1.1227,239,5.8297
11473900,ifs,8,0.3798,0.6473,0.6614,0.9938,239,5.4189
11475560,ifs,8,0.3999,0.3059,0.6485,0.6238,239,10.1322
11476600,ifs,8,0.2322,0.6048,0.6059,1.0124,239,6.4513
11478500,ifs,8,0.4377,0.6824,0.6980,0.9433,239,5.5381
11480390,ifs,8,0.3994,0.6764,0.6822,1.0047,239,5.3885
11481200,ifs,8,0.3690,0.5570,0.6310,0.8621,239,6.3246
11482500,ifs,8,0.4116,0.4782,0.6480,0.7536,239,6.8421
11522500,ifs,8,0.2302,0.5557,0.5716,1.0074,239,5.2484
11523200,ifs,8,-0.0927,0.4864,0.5043,0.9026,239,6.8872
11528700,ifs,8,0.2613,0.6175,0.6201,0.9656,239,5.2102
11532500,ifs,8,0.3610,0.4146,0.6102,0.7113,239,8.8550
12010000,ifs,8,0.1892,0.4432,0.5446,0.7199,239,10.2828
12013500,ifs,8,0.0853,0.5144,0.5524,0.8123,239,8.5644
12020000,ifs,8,0.1598,0.5267,0.5824,0.7774,239,6.8728
12025000,ifs,8,0.1589,0.5101,0.5518,0.8170,239,6.6220
12025700,ifs,8,-0.1764,0.4875,0.5352,1.0134,239,7.0545
12035000,ifs,8,0.1938,0.3952,0.5435,0.6469,239,9.9474
12040500,ifs,8,0.2516,0.4379,0.5669,0.7106,239,11.0333
12041200,ifs,8,0.2796,0.3542,0.5710,0.6314,239,11.8952
12043000,ifs,8,0.3309,0.4084,0.6028,0.6860,239,9.0266
12048000,ifs,8,-0.1737,0.4096,0.5836,1.3036,239,5.6817
12054000,ifs,8,0.1992,0.5391,0.5589,0.9195,239,8.0057
12056500,ifs,8,0.2425,0.4963,0.5698,0.7905,239,10.3340
12073500,ifs,8,-0.1071,0.4630,0.4678,0.9394,239,5.9919
12082500,ifs,8,0.1255,0.5401,0.5569,0.8780,239,8.9722
12092000,ifs,8,0.1250,0.4925,0.5256,0.8449,239,9.0575
12095000,ifs,8,-0.0701,0.5100,0.5265,1.0508,239,7.6504
12114500,ifs,8,0.1499,0.3270,0.4842,0.6592,239,10.6540
12115000,ifs,8,0.1429,0.3303,0.4806,0.6670,239,10.6427
12115500,ifs,8,0.1276,0.3871,0.4803,0.7580,239,10.7728
12117000,ifs,8,0.1079,0.4001,0.4777,0.7753,239,10.7781
12141300,ifs,8,0.0758,0.3667,0.4616,0.7260,239,12.8512
12143600,ifs,8,0.0939,0.3977,0.4724,0.7739,239,11.9547
12144000,ifs,8,0.0752,0.4190,0.4730,0.8079,239,11.3078
12145500,ifs,8,0.0854,0.4022,0.4839,0.7390,239,8.8716
12147600,ifs,8,0.1119,0.2742,0.4451,0.6507,239,15.4315
12167000,ifs,8,0.1292,0.4357,0.4870,0.8626,239,10.4929
12175500,ifs,8,-0.1159,0.4618,0.4641,1.0305,239,8.3499
12186000,ifs,8,0.0418,0.4086,0.4641,0.7874,239,11.4083
12189500,ifs,8,-0.0151,0.4616,0.4724,0.9015,239,9.8855
12358500,ifs,8,0.1535,0.4001,0.5004,0.7478,239,6.3715
12377150,ifs,8,0.0415,0.1864,0.4248,0.5156,239,6.4999
12381400,ifs,8,0.0846,0.2911,0.4532,0.6315,239,5.7148
12390700,ifs,8,-0.1005,0.4504,0.4505,0.9892,239,4.8297
12411000,ifs,8,0.1082,0.4313,0.4805,0.8502,239,5.2156
12414500,ifs,8,0.1363,0.4612,0.5104,0.8293,239,5.2353
12447390,ifs,8,-0.8038,0.1259,0.3772,1.5163,239,3.7254
12451000,ifs,8,-0.7546,0.2533,0.4495,1.2795,239,7.4082
12488500,ifs,8,0.1296,0.5429,0.5669,0.8540,239,7.5437
13011500,ifs,8,0.1083,0.5243,0.5450,1.1365,239,3.4488
13011900,ifs,8,-0.1412,0.4129,0.4646,1.2360,239,3.7585
13018300,ifs,8,0.0989,0.4050,0.4508,1.0318,239,3.5131
13023000,ifs,8,-0.6569,0.2230,0.3434,1.3619,239,3.9512
13161500,ifs,8,0.2487,0.5164,0.5800,1.2001,239,1.8457
13235000,ifs,8,0.1506,0.4606,0.5024,0.8979,239,4.0399
13240000,ifs,8,0.0133,0.4678,0.4805,0.8989,239,5.6655
13310700,ifs,8,-0.0556,0.4481,0.4505,0.9684,239,4.4887
13313000,ifs,8,0.0981,0.3190,0.4416,0.7225,239,4.9680
13331500,ifs,8,-0.2001,0.3406,0.3469,0.9763,239,5.4985
13337000,ifs,8,0.2289,0.5215,0.5709,0.8316,239,5.2607
13338500,ifs,8,-0.1414,0.4081,0.4135,1.0749,239,4.9154
13340000,ifs,8,0.1648,0.5230,0.5417,0.9160,239,4.6221
13340600,ifs,8,0.2793,0.4718,0.5767,0.7714,239,5.7152
14020000,ifs,8,-0.1463,0.3150,0.3344,0.9627,239,5.1985
14092750,ifs,8,-0.3649,0.4097,0.4787,1.1238,239,6.5914
14096850,ifs,8,-0.7355,0.2568,0.3283,1.2036,239,4.5863
14137000,ifs,8,0.1299,0.4967,0.5160,0.9250,239,8.0035
14138800,ifs,8,0.2408,0.4391,0.5448,0.7760,239,10.2056
14138870,ifs,8,0.1647,0.4463,0.5072,0.8413,239,11.0888
14138900,ifs,8,0.2448,0.3631,0.5303,0.7160,239,12.5146
14139800,ifs,8,0.1356,0.4414,0.4993,0.8233,239,10.9643
14141500,ifs,8,0.0705,0.5008,0.5070,0.9508,239,9.7219
14154500,ifs,8,0.0521,0.5073,0.5118,0.9416,239,5.4612
14158500,ifs,8,-0.0516,0.4788,0.4868,0.9118,239,7.2993
14158790,ifs,8,0.0531,0.3718,0.4497,0.7570,239,8.8652
14166500,ifs,8,0.0424,0.4132,0.4496,0.8670,239,6.2521
14182500,ifs,8,0.0809,0.5196,0.5257,0.9315,239,7.8145
14185000,ifs,8,-0.1005,0.4903,0.4981,1.0025,239,7.5656
14185900,ifs,8,0.1076,0.5071,0.5288,0.8687,239,8.1889
14187000,ifs,8,-0.0146,0.4655,0.4743,0.9111,239,7.5639
14216500,ifs,8,0.2708,0.6075,0.6391,0.8456,239,7.9780
14222500,ifs,8,0.4020,0.4652,0.6471,0.7203,239,11.5711
14236200,ifs,8,0.2436,0.5701,0.5937,0.8849,239,7.5016
14301000,ifs,8,0.3441,0.4694,0.6114,0.7413,239,7.2665
14303200,ifs,8,0.3779,0.3568,0.6339,0.6092,239,9.2014
14305500,ifs,8,0.2637,0.3191,0.5410,0.6479,239,11.8577
14306340,ifs,8,0.1030,0.4375,0.4965,0.7884,239,6.7326
14306500,ifs,8,0.0483,0.4450,0.4780,0.8420,239,7.4816
14308990,ifs,8,0.0727,0.4405,0.4636,0.9965,239,4.3401
14309500,ifs,8,0.2170,0.4427,0.5470,0.7316,239,5.9786
14316700,ifs,8,-0.0277,0.5049,0.5068,0.9840,239,5.3968
14325000,ifs,8,0.2237,0.4569,0.5507,0.7556,239,7.4260
14362250,ifs,8,-0.1218,0.3126,0.3383,0.9386,239,4.4224
14400000,ifs,8,0.1912,0.3552,0.5011,0.6981,239,10.2050
01013500,ifs,9,-1.4619,-0.0692,0.0843,1.4782,239,8.6720
01022500,ifs,9,-0.8620,0.0576,0.0785,1.1972,239,8.6070
01030500,ifs,9,-1.0862,0.0311,0.0542,1.1885,239,7.8361
01031500,ifs,9,-0.8707,0.0531,0.0876,1.2525,239,7.8043
01047000,ifs,9,-0.8602,0.0675,0.1067,1.2656,239,8.3767
01052500,ifs,9,-1.2849,-0.0496,0.0526,1.4196,239,8.4662
01054200,ifs,9,-0.7852,0.0716,0.0851,1.1555,239,9.6817
01055000,ifs,9,-1.0052,0.0703,0.1070,1.2347,239,8.1619
01057000,ifs,9,-0.8256,0.0993,0.1123,1.1502,239,8.2046
01073000,ifs,9,-1.0217,0.0292,0.0462,1.1722,239,8.6254
01078000,ifs,9,-0.8900,0.0362,0.0478,1.1489,239,8.6375
01118300,ifs,9,-0.2487,0.0555,0.1349,0.8567,239,12.9103
01121000,ifs,9,-0.4301,0.0390,0.0940,0.7991,239,9.8736
01123000,ifs,9,-0.4579,0.0387,0.0919,0.7864,239,10.4817
01134500,ifs,9,-0.9964,0.0450,0.0743,1.2240,239,9.2377
01137500,ifs,9,-1.1423,0.0116,0.0659,1.2973,239,9.6235
01139000,ifs,9,-0.9885,0.0180,0.0810,1.3395,239,8.7304
01139800,ifs,9,-1.0494,0.0443,0.0505,1.0785,239,9.9081
01142500,ifs,9,-1.5393,-0.0476,0.0906,1.4114,239,9.1883
01144000,ifs,9,-1.2050,0.0563,0.0943,1.1824,239,9.2172
01169000,ifs,9,-0.7344,0.1031,0.1080,1.0890,239,9.1557
01170100,ifs,9,-0.7602,0.1086,0.1182,1.1305,239,8.9919
01181000,ifs,9,-0.3794,0.1110,0.1460,0.8935,239,8.8854
01187300,ifs,9,-0.7422,0.0710,0.0736,1.0330,239,8.7339
01195100,ifs,9,-0.3126,0.0869,0.1555,0.7827,239,11.0172
01333000,ifs,9,-0.3483,0.2017,0.2198,1.0751,239,8.1046
01350000,ifs,9,-0.1452,0.1116,0.1968,0.9408,239,10.8179
01350080,ifs,9,-0.3113,0.1492,0.1814,1.0039,239,9.0429
01350140,ifs,9,-0.4889,0.1112,0.1263,1.0112,239,9.1335
01365000,ifs,9,-0.4027,0.1881,0.2094,1.1363,239,9.9635
01411300,ifs,9,-0.2966,0.0185,0.0887,0.9411,239,12.2943
01413500,ifs,9,-0.2333,0.0871,0.1604,0.8688,239,10.6089
01414500,ifs,9,-0.2005,0.1178,0.1833,0.9754,239,11.1449
01415000,ifs,9,-0.4386,0.1131,0.1343,0.9693,239,9.4337
01423000,ifs,9,-0.4961,0.0654,0.0886,0.9534,239,9.5157
01434025,ifs,9,-0.1898,0.1372,0.2010,0.9384,239,11.6982
01435000,ifs,9,-0.2089,0.1692,0.2169,0.9967,239,11.1035
01439500,ifs,9,-0.7865,0.0466,0.0489,1.0185,239,10.1910
01440000,ifs,9,-0.5118,0.0876,0.1043,0.9841,239,9.9239
01440400,ifs,9,-0.7552,0.0174,0.0261,0.9231,239,11.1622
01451800,ifs,9,-1.9514,-0.1007,0.0125,1.2714,239,11.7452
01466500,ifs,9,-0.8026,0.0751,0.0785,1.0759,239,9.6525
01484100,ifs,9,-0.5453,0.0573,0.0884,1.1693,239,9.6858
01485500,ifs,9,-0.3132,0.0366,0.1020,0.8884,239,10.7737
01486000,ifs,9,-0.2808,0.0343,0.1050,0.9280,239,10.9315
01487000,ifs,9,-0.4085,0.0691,0.1131,1.1504,239,9.7903
01491000,ifs,9,-0.8517,0.0543,0.1080,1.3128,239,8.4329
01510000,ifs,9,-0.5661,0.0779,0.0910,0.9676,239,9.1161
01516500,ifs,9,-0.5977,0.0794,0.0931,0.9097,239,7.3259
01518862,ifs,9,-0.4301,0.1681,0.1830,0.9240,239,7.3138
01532000,ifs,9,-0.7028,0.0086,0.0198,0.9550,239,9.0971
01539000,ifs,9,-1.1145,-0.0069,-0.0038,1.0594,239,10.5485
01542810,ifs,9,-0.5758,0.0842,0.0987,0.9134,239,8.2770
01543000,ifs,9,-0.6734,0.0938,0.0993,0.9350,239,8.2260
01543500,ifs,9,-0.6557,0.0615,0.0719,0.9243,239,8.8041
01544500,ifs,9,-0.6578,0.0847,0.0911,0.9460,239,8.1397
01545600,ifs,9,-0.6670,0.0726,0.0783,0.9880,239,8.3516
01547700,ifs,9,-0.6113,-0.0596,-0.0300,0.9760,239,13.6362
01548500,ifs,9,-0.5788,0.1156,0.1262,0.9123,239,7.4180
01549500,ifs,9,-0.7406,0.0502,0.0540,0.9847,239,8.6697
01550000,ifs,9,-0.7511,0.0091,0.0160,0.9928,239,9.6938
01552000,ifs,9,-0.5880,-0.0302,0.0009,0.9070,239,10.5368
01552500,ifs,9,-0.8689,-0.0011,0.0013,0.9839,239,9.5838
01557500,ifs,9,-0.6224,0.0527,0.0676,0.9106,239,12.0354
01567500,ifs,9,-1.0169,0.0012,0.0020,1.0389,239,11.0739
01568000,ifs,9,-1.2004,0.0327,0.0441,1.0472,239,10.2358
01580000,ifs,9,-0.9785,0.0728,0.0780,1.0691,239,8.7603
01583500,ifs,9,-0.9120,0.0886,0.1041,1.1557,239,8.5548
01586610,ifs,9,-0.7075,0.1383,0.1421,1.0809,239,8.1809
01591400,ifs,9,-0.2661,0.2551,0.2744,0.9102,239,9.1535
01596500,ifs,9,-0.1563,0.2575,0.2927,1.0646,239,7.8718
01605500,ifs,9,-0.2411,0.2473,0.2676,1.0037,239,7.4309
01606500,ifs,9,-0.2006,0.3344,0.3430,1.0514,239,6.7909
01613050,ifs,9,-0.6939,0.1477,0.1488,1.0427,239,8.6101
01620500,ifs,9,-0.5088,0.2235,0.2481,1.1939,239,6.9569
01632000,ifs,9,-0.0958,0.2717,0.3304,0.8244,239,7.3782
01632900,ifs,9,-0.1603,0.1949,0.2611,0.8253,239,7.4052
01634500,ifs,9,-0.3017,0.2024,0.2253,0.9451,239,7.9199
01638480,ifs,9,-0.4880,0.1815,0.1865,0.9987,239,8.3959
01639500,ifs,9,-0.7370,0.1135,0.1149,1.0467,239,8.1110
01644000,ifs,9,-0.4533,0.1655,0.1766,0.9531,239,7.7477
01658500,ifs,9,-0.4082,0.1429,0.1663,0.9048,239,8.6157
01664000,ifs,9,-0.2852,0.1986,0.2320,0.8712,239,7.7485
01666500,ifs,9,-0.3248,0.2161,0.2364,0.9030,239,7.9052
01667500,ifs,9,-0.3723,0.2228,0.2367,0.9044,239,7.6803
01669000,ifs,9,-0.3314,0.0350,0.0917,0.9877,239,9.3754
01669520,ifs,9,-0.4324,0.0561,0.0902,1.0503,239,9.6576
02011400,ifs,9,-0.2858,0.2738,0.2829,1.0198,239,6.7726
02011460,ifs,9,-0.2412,0.2841,0.2982,1.0600,239,7.0812
02013000,ifs,9,-0.2288,0.3261,0.3318,1.0144,239,6.9738
02014000,ifs,9,-0.3331,0.3430,0.3445,1.0406,239,6.4999
02015700,ifs,9,-0.3091,0.2286,0.2557,1.1504,239,7.0535
02016000,ifs,9,-0.3379,0.2810,0.2915,1.1068,239,6.2640
02017500,ifs,9,-0.7838,0.2312,0.2676,1.1363,239,6.6527
02018000,ifs,9,-0.6737,0.2666,0.3013,1.1409,239,6.1601
02027000,ifs,9,-0.4355,0.2675,0.3005,1.2166,239,6.2639
02027500,ifs,9,-0.3420,0.2860,0.3049,1.1584,239,6.2858
02028500,ifs,9,-0.4395,0.2385,0.2405,1.0108,239,6.8151
02038850,ifs,9,-0.2334,0.1919,0.2307,0.9227,239,6.5765
02046000,ifs,9,-0.3138,0.0825,0.1385,0.8684,239,7.8815
02051000,ifs,9,-0.0800,0.2209,0.2921,0.8838,239,7.6342
02051500,ifs,9,-0.2076,0.1400,0.1982,0.9409,239,7.2953
02053200,ifs,9,-0.3880,0.1335,0.1582,1.0493,239,8.5816
02053800,ifs,9,-0.4163,0.1695,0.1841,0.9464,239,6.3729
02055100,ifs,9,-1.0981,0.0469,0.1467,1.3779,239,6.9448
02056900,ifs,9,-0.3045,0.2857,0.2909,0.9967,239,6.7856
02059500,ifs,9,-0.4220,0.2959,0.2980,1.0529,239,5.5604
02064000,ifs,9,-0.3711,0.2474,0.2737,1.1870,239,5.8257
02065500,ifs,9,-0.3730,0.2336,0.2562,1.1638,239,6.1920
02069700,ifs,9,-0.1779,0.0882,0.1797,0.8449,239,7.6693
02070000,ifs,9,-0.1627,0.0428,0.1641,0.7793,239,7.5306
02074500,ifs,9,-0.1562,0.0684,0.1633,0.9822,239,8.0125
02077200,ifs,9,-0.5232,0.1751,0.1860,1.1146,239,6.8380
02081500,ifs,9,-0.4865,0.0394,0.0695,1.0643,239,7.7468
02082950,ifs,9,-0.5292,0.1673,0.2153,1.2766,239,6.7501
02092500,ifs,9,-0.9990,0.0783,0.1467,1.3159,239,8.8740
02096846,ifs,9,-0.3473,0.0510,0.1015,1.0544,239,10.4612
02102908,ifs,9,-0.2162,0.1348,0.1913,0.9723,239,9.1481
02108000,ifs,9,-0.6646,0.1203,0.1370,1.1657,239,8.3532
02111180,ifs,9,-0.3083,0.0459,0.1213,0.8069,239,8.5281
02111500,ifs,9,-0.3813,-0.0542,0.0497,0.7019,239,8.6032
02118500,ifs,9,-0.5623,0.0650,0.0860,0.8862,239,7.8077
02128000,ifs,9,-0.4335,0.0840,0.1119,0.9602,239,7.9051
02137727,ifs,9,-0.3080,-0.0949,0.0187,0.7828,239,9.5632
02140991,ifs,9,-0.4596,-0.0176,0.0506,0.7630,239,8.6875
02143000,ifs,9,-0.3385,0.0280,0.1078,0.7698,239,8.1777
02143040,ifs,9,-0.2718,0.0531,0.1455,0.7540,239,7.9151
02149000,ifs,9,-0.1576,-0.1588,0.0663,0.6069,239,10.7644
02152100,ifs,9,-0.3747,0.0578,0.1194,0.7944,239,7.8707
02177000,ifs,9,-0.3461,-0.0614,0.0297,0.8123,239,10.4333
02178400,ifs,9,-0.6528,0.0528,0.0636,0.9334,239,9.7977
02193340,ifs,9,-0.3634,0.2255,0.2357,1.0446,239,8.4897
02196000,ifs,9,-0.0835,0.0910,0.2271,0.7661,239,8.2961
02198100,ifs,9,-0.1627,0.1146,0.2195,0.7457,239,11.2816
02202600,ifs,9,-0.9953,0.1181,0.1414,1.1373,239,8.4818
02212600,ifs,9,-0.0140,0.2571,0.3633,0.7298,239,8.6019
02215100,ifs,9,-0.3293,-0.0360,0.0733,0.7103,239,9.7607
02216180,ifs,9,-0.2160,-0.0674,0.0907,0.6719,239,10.9953
02221525,ifs,9,-0.2003,0.1867,0.2591,0.7602,239,8.3300
02231000,ifs,9,-0.8260,0.0919,0.1259,0.7558,239,9.0565
02231342,ifs,9,-0.5777,0.1404,0.1446,1.0231,239,8.4852
02235200,ifs,9,-0.3574,0.1034,0.1797,0.7113,239,8.0880
02245500,ifs,9,-0.9996,0.0964,0.1054,0.9364,239,9.0137
02246000,ifs,9,-0.9570,0.0919,0.1057,0.8684,239,8.2108
02296500,ifs,9,-0.2997,0.1750,0.2149,0.8499,239,6.9517
02297155,ifs,9,-0.4731,-0.0477,0.0093,0.8514,239,10.0843
02297310,ifs,9,-0.4299,-0.0488,0.0281,0.7802,239,9.3536
02298123,ifs,9,-0.4904,0.0640,0.0895,0.9316,239,8.7588
02298608,ifs,9,-0.4047,-0.0673,0.0206,0.7675,239,10.0236
02299950,ifs,9,-0.4990,-0.0280,0.0178,0.8784,239,9.6385
02300700,ifs,9,-0.3099,0.0141,0.0870,0.8789,239,10.7075
02310947,ifs,9,-0.2474,0.0552,0.1425,0.8101,239,8.6089
02312200,ifs,9,-0.2047,0.0242,0.1265,0.8494,239,9.9796
02314500,ifs,9,-0.1736,0.0905,0.2126,0.7017,239,8.3876
02315500,ifs,9,-0.3672,0.1225,0.1914,0.7186,239,8.2689
02324400,ifs,9,-0.1025,0.1073,0.2441,0.7065,239,10.9623
02327100,ifs,9,-0.5388,-0.0308,0.0329,0.7395,239,10.9827
02349900,ifs,9,-0.2269,-0.0990,0.0777,0.6266,239,10.4706
02350900,ifs,9,-0.5074,0.0159,0.0640,0.7990,239,9.1399
02361000,ifs,9,-0.6062,0.0700,0.0816,0.9463,239,9.0175
02363000,ifs,9,-0.4733,0.0399,0.0730,0.9186,239,9.5414
02369800,ifs,9,-0.1658,-0.0772,0.1067,0.6583,239,13.9384
02371500,ifs,9,-0.3261,-0.0172,0.0615,0.8605,239,10.7465
02372250,ifs,9,-0.3259,-0.0318,0.0646,0.7696,239,10.5144
02374500,ifs,9,-0.4120,-0.0791,0.0079,0.7710,239,11.9086
02381600,ifs,9,-0.7480,-0.0024,0.0081,0.9321,239,13.3129
02384540,ifs,9,-0.9027,-0.0325,-0.0295,0.9950,239,12.0986
02395120,ifs,9,-0.8784,0.0040,0.0069,1.0511,239,10.2738
02408540,ifs,9,-0.1440,0.2825,0.3208,0.8619,239,10.1240
02415000,ifs,9,-0.1402,0.1526,0.2513,0.7526,239,10.8813
02422500,ifs,9,-0.2312,0.2418,0.2657,0.9609,239,9.7103
02427250,ifs,9,-0.4141,0.1217,0.1468,0.9243,239,9.1223
02430085,ifs,9,-0.7031,0.0504,0.0626,1.1167,239,11.2629
02450250,ifs,9,-0.2850,0.0120,0.0975,0.8313,239,10.9480
02464000,ifs,9,-0.1084,0.1373,0.2320,0.8638,239,11.8315
02465493,ifs,9,-0.4467,0.2760,0.2770,1.0374,239,10.2697
02469800,ifs,9,-0.1970,0.0859,0.1799,0.7982,239,9.9142
02472000,ifs,9,-0.3273,-0.0049,0.0824,0.7819,239,12.0500
02472500,ifs,9,-0.3726,-0.0539,0.0505,0.7057,239,13.3675
02479155,ifs,9,-0.1726,-0.0665,0.0964,0.7172,239,14.2927
02479300,ifs,9,-0.1243,-0.1831,0.0703,0.5836,239,18.5721
02481000,ifs,9,-0.1232,-0.2465,0.0424,0.5281,239,22.3024
02481510,ifs,9,-0.1246,-0.1503,0.1056,0.5565,239,18.3467
03010655,ifs,9,-0.4708,0.1479,0.1611,0.9369,239,8.0167
03011800,ifs,9,-0.4278,0.0332,0.0776,0.8856,239,9.2412
03015500,ifs,9,-0.6855,0.0795,0.0842,0.9591,239,8.3682
03021350,ifs,9,-0.6518,0.0239,0.0371,0.9590,239,9.6513
03026500,ifs,9,-0.4843,0.0579,0.0878,0.8990,239,8.8514
03028000,ifs,9,-0.4903,0.0293,0.0635,0.9014,239,9.1678
03049800,ifs,9,-0.6123,0.0297,0.0453,0.9712,239,11.2422
03050000,ifs,9,-0.1940,0.2422,0.2743,1.0663,239,10.0804
03066000,ifs,9,-0.2481,0.2381,0.2660,1.1097,239,9.1752
03069500,ifs,9,-0.2743,0.2700,0.2918,1.1362,239,8.7123
03070500,ifs,9,-0.5521,0.1549,0.1613,1.0680,239,9.5150
03076600,ifs,9,-0.1449,0.1461,0.2221,0.9071,239,9.6126
03078000,ifs,9,-0.1512,0.1465,0.2165,0.9897,239,9.5142
03140000,ifs,9,-0.6463,0.1233,0.1263,1.0413,239,9.1272
03144000,ifs,9,-0.3587,0.1249,0.1703,0.8210,239,10.1771
03159540,ifs,9,-0.4138,0.0832,0.1185,0.8946,239,11.0522
03161000,ifs,9,-0.4538,0.0553,0.0879,0.9235,239,8.2078
03164000,ifs,9,-0.4704,0.0223,0.0642,0.8684,239,7.2339
03165000,ifs,9,-0.1480,0.0589,0.1821,0.7717,239,7.6318
03170000,ifs,9,-0.2683,0.2039,0.2336,0.9189,239,6.2878
03173000,ifs,9,-0.6148,0.2353,0.2374,0.9999,239,6.3261
03180500,ifs,9,-0.2775,0.2680,0.2902,1.1389,239,7.6920
03182500,ifs,9,-0.2513,0.3064,0.3192,1.0983,239,6.9329
03186500,ifs,9,-0.2990,0.2393,0.2578,1.0909,239,8.4524
03187500,ifs,9,-0.3203,0.2352,0.2543,1.1108,239,8.4307
03213700,ifs,9,-0.4604,0.2151,0.2266,1.1193,239,8.5298
03237280,ifs,9,-0.4752,0.2051,0.2190,1.1350,239,9.4589
03237500,ifs,9,-0.5853,0.1526,0.1555,1.0310,239,9.9072
03241500,ifs,9,-0.2637,0.0541,0.1445,0.7692,239,11.1998
03280700,ifs,9,-0.6447,0.0538,0.0677,1.0990,239,9.2773
03281100,ifs,9,-0.7911,0.0956,0.1160,1.1909,239,9.2741
03281500,ifs,9,-0.6330,0.1564,0.1730,1.1656,239,8.5676
03285000,ifs,9,-0.5895,0.1087,0.1162,1.0435,239,11.2944
03291780,ifs,9,-0.3152,0.0435,0.1044,0.9171,239,11.8253
03300400,ifs,9,-0.3798,0.1466,0.1705,0.9382,239,11.3437
03340800,ifs,9,-0.4513,-0.0319,0.0285,0.8280,239,12.4756
03346000,ifs,9,-0.4900,0.0582,0.0857,0.9166,239,10.6682
03364500,ifs,9,-0.2689,-0.0743,0.0480,0.7642,239,14.8936
03366500,ifs,9,-0.2592,0.1056,0.1604,0.9609,239,11.3609
03368000,ifs,9,-0.1186,0.0300,0.1760,0.7554,239,13.7904
03384450,ifs,9,-0.5118,0.0466,0.0706,0.9709,239,11.6920
03439000,ifs,9,-0.2961,-0.0233,0.0884,0.7287,239,9.0660
03450000,ifs,9,-0.4137,-0.0584,0.0357,0.7214,239,7.7980
03455500,ifs,9,-0.4007,-0.0671,0.0410,0.6881,239,8.5500
03456500,ifs,9,-0.4303,0.0156,0.0782,0.7871,239,8.0941
03460000,ifs,9,-0.4671,0.0393,0.0746,0.9049,239,8.7086
03463300,ifs,9,-0.5010,-0.0441,0.0089,0.8426,239,9.7791
03471500,ifs,9,-0.5851,0.1450,0.1509,1.0716,239,7.6687
03473000,ifs,9,-0.5717,0.1062,0.1145,1.0059,239,7.9032
03479000,ifs,9,-0.6603,0.0659,0.0729,0.9753,239,7.7377
03488000,ifs,9,-0.2691,0.2074,0.2333,0.9671,239,6.9633
03498500,ifs,9,-0.9346,-0.0129,-0.0067,1.1037,239,10.6763
03500000,ifs,9,-0.5968,0.0152,0.0359,0.9392,239,9.3463
03504000,ifs,9,-0.5213,-0.0114,0.0387,0.8031,239,10.7789
03574500,ifs,9,-0.5855,0.0042,0.0265,0.9733,239,11.6988
03604000,ifs,9,-0.2539,0.0429,0.1312,0.8117,239,10.9052
04015330,ifs,9,-0.2880,-0.0891,0.0369,0.7342,239,7.3994
04024430,ifs,9,-0.8402,0.0395,0.0477,1.1199,239,6.8256
04027000,ifs,9,-1.4443,-0.0709,0.0467,1.4265,239,7.0979
04040500,ifs,9,-0.7057,0.0331,0.0412,1.0406,239,6.9603
04043050,ifs,9,-0.9172,0.0351,0.0431,0.8761,239,6.7463
04045500,ifs,9,-1.0617,0.0100,0.0628,1.3074,239,7.3331
04056500,ifs,9,-1.2813,-0.0219,0.0654,1.3689,239,7.1965
04057510,ifs,9,-0.8752,0.0751,0.1118,1.2534,239,7.6552
04057800,ifs,9,-0.8624,-0.0099,-0.0041,1.0767,239,7.3555
04059500,ifs,9,-0.9940,0.0170,0.0697,1.3120,239,7.3313
04063700,ifs,9,-1.4018,-0.0879,0.0805,1.5263,239,7.3874
04074950,ifs,9,-1.1541,0.0509,0.1223,1.3039,239,7.7275
04105700,ifs,9,-0.5370,0.1927,0.1960,0.9434,239,8.9352
04115265,ifs,9,-0.3238,0.2553,0.2670,0.9216,239,8.2717
04122200,ifs,9,-0.3654,0.2320,0.2410,0.9565,239,8.4194
04122500,ifs,9,-0.3756,0.2361,0.2425,0.9942,239,7.9515
04124000,ifs,9,-0.4085,0.0913,0.1258,0.8946,239,10.2271
04127997,ifs,9,-0.2528,0.1971,0.2315,0.9146,239,8.6835
04185000,ifs,9,-0.5362,0.1001,0.1319,0.8022,239,8.1527
04196800,ifs,9,-0.3112,0.1271,0.1787,0.8294,239,8.0919
04197100,ifs,9,-0.2441,0.1412,0.1997,0.8471,239,8.8202
04197170,ifs,9,-0.2700,0.2021,0.2342,0.8945,239,8.0647
04213000,ifs,9,-0.7168,0.0512,0.0593,1.0825,239,8.3885
04213075,ifs,9,-0.6892,0.0389,0.0554,1.1347,239,9.3560
04216418,ifs,9,-0.4227,0.0230,0.0773,0.8334,239,8.8413
04221000,ifs,9,-0.4638,0.1589,0.1701,0.9525,239,7.5000
04224775,ifs,9,-0.4234,0.0934,0.1227,0.9258,239,8.2180
04256000,ifs,9,-1.2005,0.0632,0.0850,1.0829,239,8.8621
04296000,ifs,9,-0.7490,0.0601,0.0796,1.1822,239,8.2579
05057000,ifs,9,-0.5699,0.1591,0.2567,1.3911,239,4.6814
05057200,ifs,9,-0.9373,0.0362,0.1999,1.5099,239,4.7954
05062500,ifs,9,-0.8759,0.0791,0.1010,1.1958,239,6.0290
05087500,ifs,9,-0.2586,0.1586,0.2032,1.1019,239,5.9685
05120500,ifs,9,-0.7485,0.1421,0.3292,1.4778,239,5.3196
05123400,ifs,9,-0.2113,0.2860,0.3035,1.0582,239,5.5353
05129115,ifs,9,-0.4313,-0.0304,0.0225,0.9426,239,5.2904
05131500,ifs,9,-0.4679,0.0175,0.0529,1.0087,239,5.0354
05291000,ifs,9,-0.8501,-0.1256,0.0653,1.6268,239,9.3375
05362000,ifs,9,-1.1998,0.0024,0.1140,1.4113,239,7.6309
05393500,ifs,9,-1.0356,0.0366,0.0938,1.3083,239,8.0391
05399500,ifs,9,-0.4399,0.1402,0.1572,1.0524,239,8.5153
05408000,ifs,9,-0.2044,0.0787,0.1678,0.8243,239,9.8794
05412500,ifs,9,-0.2658,0.1454,0.1974,0.8533,239,8.5139
05413500,ifs,9,-0.2119,0.0670,0.1573,0.8263,239,9.4903
05414000,ifs,9,-0.2287,0.1116,0.1735,0.9307,239,9.3634
05444000,ifs,9,-0.6352,0.1366,0.1391,1.0401,239,9.2489
05454000,ifs,9,-0.5941,0.0955,0.1037,0.9729,239,10.9244
05458000,ifs,9,-0.2830,0.1324,0.1771,0.9200,239,8.9422
05466500,ifs,9,-0.3137,0.0598,0.1291,0.8129,239,12.0967
05487980,ifs,9,-0.2596,0.1067,0.1761,0.8115,239,10.0979
05488200,ifs,9,-0.1635,0.0318,0.1527,0.7932,239,11.7752
05489000,ifs,9,-0.2570,-0.0299,0.0886,0.7431,239,11.3401
05495000,ifs,9,-0.4411,0.1284,0.1495,0.9146,239,8.8663
05495500,ifs,9,-0.3412,0.0497,0.1178,0.8003,239,10.2645
05501000,ifs,9,-0.2297,0.0118,0.1228,0.7636,239,11.1410
05503800,ifs,9,-0.3158,0.1623,0.1963,0.8916,239,9.0564
05507600,ifs,9,-0.5827,0.1579,0.1607,1.0345,239,8.2806
05508805,ifs,9,-0.6672,0.1205,0.1231,0.9569,239,8.3633
05514500,ifs,9,-0.4837,0.1300,0.1448,0.9338,239,8.6530
05525500,ifs,9,-0.4933,0.0794,0.1016,0.9328,239,9.9704
05556500,ifs,9,-0.5016,0.1361,0.1493,0.9204,239,11.0436
05584500,ifs,9,-0.2279,-0.0416,0.0857,0.7575,239,12.6084
05585000,ifs,9,-0.2738,-0.0233,0.0835,0.7698,239,11.7364
05591550,ifs,9,-0.5705,0.0320,0.0539,0.9222,239,11.4113
05592050,ifs,9,-0.7910,0.0390,0.0427,1.0506,239,10.1987
05592575,ifs,9,-0.4611,-0.0405,0.0302,0.7676,239,11.7440
05593575,ifs,9,-0.6233,0.0737,0.0821,1.0112,239,10.4943
05593900,ifs,9,-0.5498,-0.0415,0.0107,0.7944,239,10.9701
05595730,ifs,9,-0.6574,0.1091,0.1153,1.0815,239,10.0847
06037500,ifs,9,-0.2806,0.2424,0.2607,1.0696,239,4.4169
06043500,ifs,9,-0.4214,0.2218,0.2273,1.0353,239,4.5338
06154410,ifs,9,-0.3025,0.0040,0.0779,0.9179,239,5.5388
06188000,ifs,9,-1.2378,0.0655,0.2073,1.3809,239,4.5067
06191500,ifs,9,-0.7002,0.1988,0.2574,1.2767,239,3.9804
06221400,ifs,9,-1.4686,-0.1558,0.1920,1.7446,239,4.6023
06224000,ifs,9,-1.1822,-0.0742,0.1864,1.6572,239,4.5738
06289000,ifs,9,-4.6152,-0.9328,0.2681,2.1727,239,6.7686
06332515,ifs,9,-1.8778,-0.2695,0.1153,1.7820,239,5.6011
06339100,ifs,9,-1.5091,-0.1924,0.2495,1.7988,239,4.1478
06339500,ifs,9,-0.9526,0.0282,0.2265,1.5501,239,4.3401
06344600,ifs,9,-1.2167,-0.1026,0.2407,1.7203,239,5.1329
06350000,ifs,9,-1.5725,-0.0738,0.0965,1.4701,239,4.6539
06352000,ifs,9,-2.4264,-0.2695,0.1225,1.6348,239,4.6148
06353000,ifs,9,-1.6598,-0.1026,0.1370,1.5483,239,4.3620
06354000,ifs,9,-1.2686,-0.0193,0.1082,1.4389,239,4.3878
06360500,ifs,9,-2.1896,-0.2457,0.0205,1.6023,239,4.5240
06404000,ifs,9,-2.3669,-0.3385,0.2970,1.7808,239,6.1297
06406000,ifs,9,-2.0855,-0.2553,0.2977,1.7333,239,5.3748
06408700,ifs,9,-2.4393,-0.2717,0.1068,1.6416,239,5.3875
06409000,ifs,9,-2.5414,-0.2994,0.1621,1.6734,239,5.3862
06431500,ifs,9,-2.2617,-0.2455,0.0817,1.6293,239,5.8609
06440200,ifs,9,-0.6809,0.0422,0.0628,1.1631,239,5.5265
06441500,ifs,9,-1.0729,0.0302,0.0446,1.1458,239,5.0320
06447000,ifs,9,-0.4458,0.0639,0.0973,1.0947,239,4.0893
06447500,ifs,9,-0.4664,-0.0220,0.0216,1.0126,239,4.8133
06450500,ifs,9,-0.3741,-0.0598,0.0171,0.8653,239,5.4068
06452000,ifs,9,-0.4454,0.0344,0.0699,1.0113,239,4.3701
06453600,ifs,9,-0.5807,0.0149,0.0365,1.0417,239,6.7642
06464500,ifs,9,-0.3223,-0.0848,0.0185,0.8014,239,7.1147
06477500,ifs,9,-0.8899,0.0005,0.0213,1.1990,239,6.8812
06479215,ifs,9,-0.7835,-0.1248,0.0638,1.6204,239,9.3709
06479438,ifs,9,-0.9022,-0.1425,0.0723,1.6668,239,8.9877
06601000,ifs,9,-0.6923,0.0389,0.0646,1.1954,239,9.7502
06614800,ifs,9,-0.6133,0.0055,0.0513,1.2437,239,6.8318
06622700,ifs,9,-0.8189,0.1518,0.1782,1.1866,239,4.8131
06623800,ifs,9,-1.1537,0.0068,0.1468,1.4632,239,5.6273
06632400,ifs,9,-0.8209,0.0407,0.1199,1.3813,239,5.2396
06784000,ifs,9,-0.0348,0.2291,0.3112,0.8906,239,5.5874
06803510,ifs,9,-0.2318,-0.0352,0.0853,0.7778,239,9.1657
06803530,ifs,9,-0.2910,0.0240,0.0998,0.8686,239,8.0524
06814000,ifs,9,-0.1732,-0.0755,0.0960,0.6857,239,8.2669
06846500,ifs,9,-0.1879,0.1770,0.2302,0.9195,239,4.5477
06847900,ifs,9,-0.1852,0.0913,0.1746,0.8853,239,5.5274
06853800,ifs,9,-0.2711,0.0224,0.1088,0.8281,239,6.0698
06876700,ifs,9,-0.2081,-0.2280,-0.0145,0.6108,239,10.9258
06878000,ifs,9,-0.2874,-0.1733,-0.0133,0.6662,239,9.1042
06879650,ifs,9,-0.3157,-0.0558,0.0713,0.6669,239,11.0566
06885500,ifs,9,-0.1911,-0.1888,0.0365,0.5751,239,9.6473
06888500,ifs,9,-0.3074,-0.1580,-0.0060,0.6620,239,11.4844
06889200,ifs,9,-0.2788,-0.1271,0.0240,0.6734,239,10.2562
06889500,ifs,9,-0.3429,-0.0863,0.0251,0.7310,239,10.1555
06892000,ifs,9,-0.2197,-0.0416,0.1023,0.6942,239,10.2542
06903400,ifs,9,-0.3595,0.0511,0.1178,0.7855,239,11.0435
06906800,ifs,9,-0.3602,-0.0101,0.1063,0.6402,239,12.8108
06910800,ifs,9,-0.4825,-0.1433,-0.0351,0.6633,239,11.6182
06911900,ifs,9,-0.5256,-0.1470,-0.0397,0.6408,239,12.4477
06917000,ifs,9,-0.0771,-0.0292,0.2053,0.5686,239,11.3961
06918460,ifs,9,-0.3899,0.1159,0.1457,0.9225,239,11.8078
06919500,ifs,9,-0.2612,0.1375,0.1940,0.8415,239,10.6949
06921070,ifs,9,-0.2255,0.1015,0.1806,0.8117,239,12.6337
06921200,ifs,9,-0.1755,0.0708,0.1765,0.7893,239,13.1374
06934000,ifs,9,-0.7894,0.0713,0.0720,1.0038,239,11.6246
07014500,ifs,9,-0.4389,-0.0190,0.0402,0.8334,239,13.9497
07056000,ifs,9,-0.5342,0.0642,0.0828,0.9623,239,11.0589
07057500,ifs,9,-0.9397,0.1141,0.1331,1.1461,239,11.6377
07060710,ifs,9,-0.2686,0.0811,0.1404,0.9657,239,10.6066
07066000,ifs,9,-1.0449,0.0917,0.1117,1.1292,239,11.8809
07067000,ifs,9,-1.2519,0.0656,0.1159,1.1865,239,11.0287
07068000,ifs,9,-1.2518,0.0779,0.1483,1.2246,239,10.3612
07071500,ifs,9,-0.8549,0.1606,0.1819,1.1428,239,10.1159
07083000,ifs,9,-1.3610,-0.2297,0.1621,1.8585,239,4.4439
07142300,ifs,9,-0.2005,0.0712,0.1554,0.8946,239,5.7401
07145700,ifs,9,-0.0718,-0.1188,0.1082,0.7128,239,12.0377
07148400,ifs,9,-0.2082,0.3677,0.3829,1.1362,239,4.9031
07149000,ifs,9,-0.4872,0.2122,0.2231,1.1225,239,5.1582
07151500,ifs,9,-0.0313,0.1392,0.2615,0.8764,239,7.9910
07167500,ifs,9,-0.2978,0.0867,0.1507,0.8244,239,8.9973
07180500,ifs,9,-0.3674,-0.0917,0.0011,0.8073,239,9.4180
07184000,ifs,9,-0.0336,0.0530,0.2262,0.7623,239,13.2486
07195800,ifs,9,-0.6526,0.0655,0.0769,1.0930,239,14.1476
07196900,ifs,9,-0.6803,0.1165,0.1401,1.2010,239,12.6457
07197000,ifs,9,-0.8915,0.0866,0.1074,1.1858,239,12.9192
07208500,ifs,9,-0.9110,-0.1120,0.2634,1.8111,239,3.5949
07226500,ifs,9,-0.6237,0.0727,0.2339,1.5211,239,3.1371
07261000,ifs,9,-0.6339,0.0966,0.1047,1.0772,239,11.0423
07263295,ifs,9,-0.2936,0.0526,0.1141,0.9540,239,10.4349
07290650,ifs,9,-0.8317,0.0885,0.0885,1.0014,239,13.0132
07291000,ifs,9,-0.3174,0.1275,0.1671,0.9170,239,11.1738
07292500,ifs,9,-0.2732,0.1263,0.1756,0.9085,239,11.0699
07295000,ifs,9,-0.6091,0.1190,0.1244,0.9542,239,14.0409
07299670,ifs,9,-2.1742,-0.4524,0.0870,1.9943,239,8.1408
07301410,ifs,9,0.0346,0.1782,0.3244,1.2181,239,5.4935
07301500,ifs,9,-0.4193,0.1035,0.2768,1.5285,239,3.8660
07315200,ifs,9,-1.0844,-0.0578,0.0965,1.5355,239,9.7589
07315700,ifs,9,-2.8368,-0.6704,0.1578,2.1972,239,11.6629
07335700,ifs,9,-0.3215,-0.0025,0.0863,0.7756,239,12.6145
07340300,ifs,9,-0.3354,0.1672,0.1942,0.9234,239,9.6009
07346045,ifs,9,-0.6977,0.1443,0.1722,1.2157,239,9.4354
07359610,ifs,9,-0.2376,0.1718,0.2264,0.8283,239,10.3095
07362100,ifs,9,-0.5863,0.1784,0.2486,1.3292,239,8.9307
07362587,ifs,9,-0.2688,0.0166,0.1044,0.8330,239,11.5671
07373000,ifs,9,-1.0176,0.0703,0.0938,1.1795,239,12.9526
07375000,ifs,9,-0.1986,-0.0811,0.0745,0.7242,239,14.9263
07376000,ifs,9,-0.5880,0.0815,0.0974,0.8908,239,15.0527
08013000,ifs,9,-0.1524,0.1700,0.2322,0.9683,239,10.9486
08014500,ifs,9,-0.0992,0.2228,0.2836,0.9317,239,10.3856
08023080,ifs,9,-0.4450,0.1184,0.1756,1.2791,239,11.1773
08025500,ifs,9,-0.2088,0.1811,0.2314,1.1157,239,12.1085
08029500,ifs,9,-0.2412,0.0895,0.1534,0.9568,239,12.8685
08050800,ifs,9,-0.2402,0.1354,0.1859,0.9738,239,10.6547
08066200,ifs,9,-0.2145,0.0391,0.1379,0.8164,239,15.1818
08066300,ifs,9,-0.0568,0.0105,0.1823,0.8059,239,18.2561
08070000,ifs,9,-0.2817,0.2930,0.3013,1.0607,239,10.2860
08070200,ifs,9,-0.2360,0.3042,0.3136,1.0348,239,10.3359
08079600,ifs,9,-1.6883,-0.5088,0.2094,2.1948,239,4.9519
08082700,ifs,9,-1.6598,-0.4843,0.0856,2.1179,239,8.6611
08086212,ifs,9,-1.4341,-0.2113,0.1706,1.8079,239,9.6070
08086290,ifs,9,-1.4591,-0.1651,0.1827,1.7367,239,9.6115
08101000,ifs,9,-0.8599,0.0291,0.2234,1.5610,239,8.3593
08103900,ifs,9,-0.8487,0.1585,0.2041,1.2320,239,12.6444
08104900,ifs,9,-1.1447,0.1098,0.1543,1.1493,239,15.4122
08109700,ifs,9,-0.7689,0.1233,0.2215,1.3852,239,14.1344
08150800,ifs,9,-0.2319,0.2304,0.2618,1.1043,239,11.8192
08155200,ifs,9,-3.7763,-0.6819,0.2104,1.9487,239,18.1198
08158700,ifs,9,-2.9173,-0.4754,0.2311,1.8466,239,15.4139
08158810,ifs,9,-4.9377,-0.8912,0.2408,1.9464,239,18.0525
08164000,ifs,9,-0.1246,0.3597,0.4403,1.3109,239,7.8730
08164300,ifs,9,-0.0879,0.2876,0.3629,1.2660,239,10.0701
08164600,ifs,9,-0.2607,0.2847,0.3104,1.1645,239,8.4006
08165300,ifs,9,-0.1452,0.0829,0.1768,0.9699,239,10.2235
08171300,ifs,9,-1.3213,-0.0590,0.2830,1.6368,239,12.8540
08175000,ifs,9,-0.0613,0.4320,0.4753,1.2176,239,8.9771
08176900,ifs,9,-0.1438,0.3654,0.3956,1.1839,239,7.3841
08178880,ifs,9,-0.2568,0.0178,0.1001,1.0870,239,11.9695
08189500,ifs,9,0.1483,0.3563,0.4469,1.0397,239,6.8334
08190000,ifs,9,-0.0834,-0.1243,0.0915,0.7468,239,15.0463
08190500,ifs,9,-0.1099,-0.1245,0.0661,0.8156,239,14.5481
08194200,ifs,9,-0.0410,0.1187,0.2514,0.8209,239,8.8412
08195000,ifs,9,-0.1330,-0.0970,0.0706,0.8390,239,13.8846
08196000,ifs,9,-0.1152,-0.1091,0.0689,0.8606,239,15.7721
08198500,ifs,9,-0.1658,-0.0279,0.0961,0.9414,239,13.5699
08200000,ifs,9,-0.2081,0.0254,0.1187,1.0702,239,13.2915
08202700,ifs,9,-0.0974,0.0425,0.1695,0.9687,239,13.5757
08267500,ifs,9,-0.4377,0.1221,0.2381,1.4291,239,4.5576
08269000,ifs,9,-0.9591,-0.0999,0.2241,1.7585,239,3.9433
08271000,ifs,9,-0.3811,0.1547,0.2393,1.3509,239,4.6511
08324000,ifs,9,-1.3257,-0.2977,0.1303,1.9369,239,3.5275
08377900,ifs,9,-0.3816,0.0647,0.3321,1.6544,239,4.4522
08378500,ifs,9,-0.6529,-0.0112,0.2400,1.6662,239,4.2416
08380500,ifs,9,-0.8946,-0.0793,0.2839,1.7793,239,4.2453
09034900,ifs,9,-0.6595,0.0535,0.0968,1.2662,239,5.0971
09035900,ifs,9,-1.3756,-0.1048,0.0900,1.5852,239,4.5049
09047700,ifs,9,-2.1368,-0.3913,0.1085,1.9483,239,4.9138
09065500,ifs,9,-1.3769,-0.0933,0.1476,1.6223,239,4.6003
09066000,ifs,9,-1.3963,-0.1270,0.1677,1.6966,239,3.9362
09066200,ifs,9,-1.4733,-0.1220,0.1494,1.6546,239,4.9686
09066300,ifs,9,-1.3691,-0.0882,0.1510,1.6166,239,4.7321
09081600,ifs,9,-0.3913,0.1162,0.2055,1.3569,239,5.1386
09107000,ifs,9,-1.2336,-0.2718,0.2322,1.9723,239,3.6861
09210500,ifs,9,-0.6928,0.1713,0.2611,1.3562,239,3.0328
09223000,ifs,9,-0.3782,0.2597,0.3172,1.2859,239,3.3730
09306242,ifs,9,-2.1010,-0.4929,0.0202,2.0424,239,4.9792
09312600,ifs,9,-0.8168,-0.0324,0.0122,1.2861,239,4.1819
09352900,ifs,9,-0.7364,0.0127,0.1966,1.5717,239,5.8226
09378170,ifs,9,-0.7222,0.0505,0.0552,1.0170,239,4.5808
09378630,ifs,9,-0.6388,0.0516,0.0617,0.9815,239,4.7040
09386900,ifs,9,-2.0025,-0.4839,0.1277,2.0945,239,3.9452
09404450,ifs,9,-0.5705,0.1957,0.2592,1.3093,239,3.6645
09430500,ifs,9,-0.6540,0.1992,0.2450,1.2547,239,2.9427
09430600,ifs,9,-0.9403,0.1285,0.2352,1.3568,239,3.9822
09447800,ifs,9,-1.6084,-0.0524,0.1665,1.4775,239,2.6516
09480000,ifs,9,-0.2056,0.3707,0.4043,1.2030,239,3.8143
09484000,ifs,9,-0.8640,0.0979,0.3004,1.5064,239,4.5632
09484600,ifs,9,0.1330,0.5043,0.5186,1.0345,239,2.8541
09492400,ifs,9,-0.3467,0.2118,0.2736,1.2925,239,5.5109
09494000,ifs,9,-0.8858,0.0739,0.2813,1.5359,239,4.6757
09497800,ifs,9,-1.3388,-0.0589,0.2149,1.6079,239,4.0638
09497980,ifs,9,-0.8324,0.0924,0.3519,1.5569,239,4.2726
09505200,ifs,9,-1.6006,-0.3769,0.3420,2.0518,239,4.6534
09505350,ifs,9,-0.8991,-0.0180,0.3542,1.7114,239,4.0958
09505800,ifs,9,-1.0645,-0.1121,0.3066,1.7985,239,4.4724
09508300,ifs,9,-2.1724,-0.2498,0.2135,1.6899,239,5.3366
09510200,ifs,9,-2.3559,-0.4122,0.1839,1.9071,239,5.4895
09512280,ifs,9,-3.5266,-1.1270,0.1456,2.6744,239,5.6879
09513780,ifs,9,-4.6798,-1.2926,0.1660,2.6956,239,5.5832
10023000,ifs,9,-0.4694,0.1281,0.1511,1.1313,239,4.3546
10166430,ifs,9,-0.5259,0.1338,0.1433,0.9500,239,4.4218
10172700,ifs,9,-0.6580,0.0631,0.1031,1.2572,239,3.5180
10172800,ifs,9,-0.9104,0.0823,0.1461,1.3200,239,5.0582
10173450,ifs,9,-0.1141,0.3217,0.3554,1.1408,239,3.8407
10205030,ifs,9,-0.6943,0.0761,0.0991,1.1940,239,3.9619
10234500,ifs,9,-0.0298,0.2854,0.3451,0.9083,239,3.5600
10242000,ifs,9,0.0334,0.2877,0.3708,0.8760,239,3.7488
10244950,ifs,9,-0.6931,0.2287,0.3050,1.2780,239,3.7181
10249300,ifs,9,-1.9343,-0.2799,0.2709,1.8179,239,3.8758
10258000,ifs,9,-0.0624,0.1602,0.4733,1.6541,239,3.6691
10258500,ifs,9,-1.2690,-0.5724,0.5639,2.2765,239,2.7447
10259000,ifs,9,-0.5121,0.0322,0.5025,1.7434,239,3.3956
10259200,ifs,9,-0.1762,-0.0505,0.5361,1.9204,239,2.1759
10263500,ifs,9,-0.6277,0.1329,0.1541,0.8135,239,7.5486
10310500,ifs,9,-0.1891,0.4057,0.4057,1.0073,239,3.9663
10316500,ifs,9,-0.0063,0.2788,0.3554,0.8466,239,3.7303
10329500,ifs,9,-0.0738,0.1737,0.2771,0.7896,239,3.3947
10336645,ifs,9,-0.0114,0.5102,0.5225,1.0943,239,8.2674
10336660,ifs,9,0.1280,0.5553,0.5557,1.0019,239,8.3574
10343500,ifs,9,-0.2532,0.3855,0.3968,1.1116,239,6.0512
10348850,ifs,9,0.1892,0.2258,0.4591,0.6426,239,8.2113
10396000,ifs,9,-0.4518,0.1456,0.1748,0.8237,239,4.0505
11098000,ifs,9,-0.3105,0.0802,0.1747,0.6754,239,9.3603
11124500,ifs,9,-0.4081,0.0730,0.1065,1.0238,239,8.2376
11141280,ifs,9,-0.0669,0.3958,0.4084,1.0572,239,6.5203
11143000,ifs,9,0.1855,0.1808,0.4509,0.5933,239,9.1463
11148900,ifs,9,-0.1531,0.2790,0.3125,0.8901,239,5.8731
11151300,ifs,9,-0.2920,0.2711,0.2798,1.0097,239,4.2557
11162500,ifs,9,0.2553,0.3174,0.5214,0.6907,239,5.4811
11176400,ifs,9,0.1838,0.2525,0.4594,0.6683,239,3.0623
11180500,ifs,9,-0.0180,0.3439,0.4005,0.8031,239,3.8520
11180960,ifs,9,0.1083,0.1953,0.3987,0.6362,239,4.3281
11224500,ifs,9,-0.8005,0.1770,0.1992,1.1509,239,4.3747
11253310,ifs,9,-1.0004,0.0766,0.2625,1.4724,239,3.7586
11264500,ifs,9,-1.7107,-0.1498,0.3604,1.6443,239,7.8262
11266500,ifs,9,-1.2520,0.0169,0.3786,1.5259,239,7.6859
11274500,ifs,9,0.0474,0.2177,0.3664,0.6995,239,3.1594
11274630,ifs,9,0.1037,0.1723,0.3817,0.6554,239,2.7868
11284400,ifs,9,0.0226,0.4274,0.6455,1.3613,239,5.0197
11299600,ifs,9,0.2500,0.5061,0.7516,1.2947,239,4.2960
11381500,ifs,9,0.2088,0.2194,0.4739,0.6335,239,8.0608
11383500,ifs,9,0.1781,0.2431,0.4542,0.6634,239,8.3419
11451100,ifs,9,0.0732,0.1806,0.3649,0.6767,239,4.9971
11468500,ifs,9,0.1101,0.3170,0.4265,0.7961,239,6.3123
11473900,ifs,9,0.1909,0.1987,0.4533,0.6429,239,6.1895
11475560,ifs,9,0.2317,-0.0151,0.5505,0.3902,239,11.4645
11476600,ifs,9,0.0084,0.3968,0.4237,0.9279,239,7.3312
11478500,ifs,9,0.2667,0.3328,0.5314,0.7055,239,6.3241
11480390,ifs,9,0.2494,0.2916,0.5123,0.6867,239,6.0241
11481200,ifs,9,0.3529,0.4645,0.6019,0.8275,239,6.4049
11482500,ifs,9,0.3427,0.3468,0.5912,0.7220,239,7.2319
11522500,ifs,9,0.3541,0.4482,0.5992,0.8450,239,4.8072
11523200,ifs,9,0.1444,0.2233,0.4389,0.6179,239,6.0942
11528700,ifs,9,0.2520,0.2655,0.5132,0.6629,239,5.2431
11532500,ifs,9,0.2907,0.2938,0.5485,0.6714,239,9.3293
12010000,ifs,9,0.0369,0.3122,0.4267,0.6909,239,11.2070
12013500,ifs,9,-0.0627,0.4048,0.4432,0.7973,239,9.2316
12020000,ifs,9,-0.0611,0.3723,0.4402,0.7252,239,7.7239
12025000,ifs,9,-0.0505,0.3238,0.3967,0.7413,239,7.4005
12025700,ifs,9,-0.0754,0.4387,0.4498,0.8917,239,6.7449
12035000,ifs,9,-0.3042,0.3232,0.3687,0.7571,239,12.6519
12040500,ifs,9,-0.2326,0.4337,0.4773,0.8432,239,14.1597
12041200,ifs,9,-0.1034,0.3965,0.4499,0.7522,239,14.7215
12043000,ifs,9,-0.4138,0.3811,0.4350,0.8569,239,13.1215
12048000,ifs,9,-0.7626,0.1950,0.4950,1.3994,239,6.9625
12054000,ifs,9,-0.0794,0.4655,0.4662,0.9750,239,9.2945
12056500,ifs,9,-0.1692,0.3833,0.4014,0.8542,239,12.8391
12073500,ifs,9,-0.4476,0.3460,0.3634,0.9157,239,6.8516
12082500,ifs,9,-0.0205,0.3796,0.4223,0.8216,239,9.6924
12092000,ifs,9,-0.0162,0.3175,0.3881,0.7869,239,9.7609
12095000,ifs,9,-0.2260,0.3734,0.3740,0.9805,239,8.1885
12114500,ifs,9,0.0690,0.1594,0.3831,0.5937,239,11.1493
12115000,ifs,9,0.0730,0.1680,0.3871,0.6009,239,11.0685
12115500,ifs,9,0.0583,0.2054,0.3814,0.6588,239,11.1924
12117000,ifs,9,0.0527,0.2132,0.3818,0.6666,239,11.1069
12141300,ifs,9,0.0697,0.2610,0.4078,0.6903,239,12.8939
12143600,ifs,9,0.0625,0.2694,0.4008,0.7214,239,12.1602
12144000,ifs,9,0.0571,0.2848,0.4021,0.7426,239,11.4177
12145500,ifs,9,0.0298,0.2087,0.3795,0.6372,239,9.1372
12147600,ifs,9,-0.0106,0.2270,0.3615,0.6788,239,16.4620
12167000,ifs,9,0.0445,0.3752,0.4304,0.8416,239,10.9910
12175500,ifs,9,-0.4688,0.3685,0.4220,1.1197,239,9.5798
12186000,ifs,9,0.0013,0.3567,0.4108,0.8238,239,11.6468
12189500,ifs,9,-0.0423,0.4221,0.4330,0.9315,239,10.0173
12358500,ifs,9,-0.2416,0.1780,0.2424,0.7709,239,7.7165
12377150,ifs,9,-0.0414,0.1248,0.3357,0.5543,239,6.7752
12381400,ifs,9,-0.0899,0.2318,0.3404,0.6865,239,6.2357
12390700,ifs,9,-0.3580,0.2412,0.2614,0.8511,239,5.3651
12411000,ifs,9,-0.2767,0.0534,0.1552,0.7097,239,6.2405
12414500,ifs,9,-0.1550,0.2402,0.3020,0.7872,239,6.0542
12447390,ifs,9,-2.4998,-0.3839,0.2032,1.8316,239,5.1892
12451000,ifs,9,-1.3103,0.0487,0.4143,1.4251,239,8.5006
12488500,ifs,9,0.0252,0.3557,0.4206,0.7986,239,7.9832
13011500,ifs,9,-0.5020,0.2010,0.2189,1.1624,239,4.4760
13011900,ifs,9,-0.5258,0.2202,0.2605,1.2466,239,4.3460
13018300,ifs,9,-0.6235,0.1729,0.1816,1.1197,239,4.7154
13023000,ifs,9,-0.3786,0.3127,0.4216,1.3409,239,3.6042
13161500,ifs,9,-0.5589,0.1258,0.2079,1.3689,239,2.6586
13235000,ifs,9,-0.4159,0.2449,0.2487,0.9538,239,5.2158
13240000,ifs,9,-0.1360,0.2168,0.2861,0.8040,239,6.0789
13310700,ifs,9,-0.3635,0.2710,0.2756,0.9467,239,5.1015
13313000,ifs,9,-0.2263,0.1985,0.2603,0.7716,239,5.7930
13331500,ifs,9,-0.4664,0.1105,0.1308,0.9280,239,6.0781
13337000,ifs,9,0.0070,0.4351,0.4585,0.8700,239,5.9696
13338500,ifs,9,-0.2554,0.2381,0.2583,1.0003,239,5.1550
13340000,ifs,9,-0.0560,0.3747,0.3971,0.9151,239,5.1974
13340600,ifs,9,0.0181,0.3605,0.4234,0.7958,239,6.6709
14020000,ifs,9,-0.0983,0.2092,0.2791,0.8837,239,5.0886
14092750,ifs,9,-0.1677,0.3571,0.3672,0.9235,239,6.0965
14096850,ifs,9,-0.0870,0.2885,0.3307,0.9181,239,3.6296
14137000,ifs,9,0.0128,0.3808,0.4217,0.8660,239,8.5253
14138800,ifs,9,-0.0263,0.2687,0.3694,0.7229,239,11.8656
14138870,ifs,9,-0.0620,0.3020,0.3699,0.7719,239,12.5036
14138900,ifs,9,0.0271,0.2176,0.3750,0.6569,239,14.2045
14139800,ifs,9,-0.0880,0.3011,0.3683,0.7553,239,12.3007
14141500,ifs,9,-0.1566,0.3686,0.3849,0.8739,239,10.8449
14154500,ifs,9,-0.2294,0.3012,0.3247,0.8509,239,6.2194
14158500,ifs,9,-0.0266,0.3155,0.3937,0.7505,239,7.2121
14158790,ifs,9,0.0317,0.2446,0.3915,0.6647,239,8.9649
14166500,ifs,9,0.1393,0.3377,0.4811,0.6658,239,5.9273
14182500,ifs,9,0.1217,0.3640,0.4709,0.7376,239,7.6388
14185000,ifs,9,-0.0672,0.3448,0.3967,0.7864,239,7.4503
14185900,ifs,9,0.0381,0.2954,0.4185,0.6840,239,8.5018
14187000,ifs,9,-0.0802,0.2613,0.3495,0.7265,239,7.8047
14216500,ifs,9,-0.1001,0.3806,0.4118,0.8210,239,9.7995
14222500,ifs,9,0.0736,0.2621,0.4188,0.6530,239,14.4022
14236200,ifs,9,0.0239,0.3684,0.4335,0.7812,239,8.5219
14301000,ifs,9,0.0966,0.3346,0.4597,0.6848,239,8.5279
14303200,ifs,9,0.0957,0.1596,0.4216,0.5125,239,11.0944
14305500,ifs,9,0.2371,0.2583,0.5220,0.5831,239,12.0701
14306340,ifs,9,0.1460,0.3187,0.4951,0.6062,239,6.5695
14306500,ifs,9,0.1151,0.3199,0.4673,0.6542,239,7.2142
14308990,ifs,9,0.0332,0.3822,0.4196,0.9393,239,4.4314
14309500,ifs,9,0.2857,0.3697,0.5719,0.6270,239,5.7104
14316700,ifs,9,-0.2112,0.3252,0.3456,0.8574,239,5.8588
14325000,ifs,9,0.0820,0.2856,0.4442,0.6250,239,8.0755
14362250,ifs,9,0.2127,0.4778,0.5273,0.9543,239,3.7049
14400000,ifs,9,0.1305,0.2416,0.4343,0.6412,239,10.5811
01013500,ifs,10,-1.3470,-0.0809,0.0761,1.5187,239,8.4671
01022500,ifs,10,-1.3702,0.0038,0.1647,1.4291,239,9.7108
01030500,ifs,10,-1.5989,-0.0688,0.1066,1.4684,239,8.7461
01031500,ifs,10,-1.5294,-0.1213,0.0573,1.5429,239,9.0749
01047000,ifs,10,-1.4494,-0.1203,0.0288,1.5168,239,9.6124
01052500,ifs,10,-1.6438,-0.1319,0.0506,1.5355,239,9.1070
01054200,ifs,10,-1.2656,-0.0356,0.0187,1.3016,239,10.9069
01055000,ifs,10,-1.5081,-0.0616,0.0238,1.3411,239,9.1283
01057000,ifs,10,-1.3832,-0.0438,0.0079,1.2717,239,9.3742
01073000,ifs,10,-0.7747,-0.0002,0.0062,1.0016,239,8.0815
01078000,ifs,10,-0.9840,-0.0195,-0.0190,1.0153,239,8.8496
01118300,ifs,10,-0.2235,-0.1421,0.0359,0.6553,239,12.7792
01121000,ifs,10,-0.5138,-0.0366,0.0404,0.7022,239,10.1582
01123000,ifs,10,-0.4435,-0.0500,0.0492,0.6702,239,10.4298
01134500,ifs,10,-1.3399,-0.0442,-0.0023,1.2525,239,10.0011
01137500,ifs,10,-1.4485,-0.0683,0.0377,1.4058,239,10.2883
01139000,ifs,10,-1.0011,-0.0174,0.0141,1.2509,239,8.7580
01139800,ifs,10,-0.7114,0.0070,0.0174,0.9658,239,9.0543
01142500,ifs,10,-0.9903,0.0285,0.0476,1.1876,239,8.1346
01144000,ifs,10,-0.7288,0.0094,0.0178,0.9921,239,8.1615
01169000,ifs,10,-0.5473,-0.0873,-0.0292,0.8079,239,8.6477
01170100,ifs,10,-0.5662,-0.0734,-0.0248,0.8385,239,8.4818
01181000,ifs,10,-0.4432,-0.0881,0.0070,0.7140,239,9.0883
01187300,ifs,10,-0.5855,0.0488,0.0708,0.8785,239,8.3319
01195100,ifs,10,-0.4276,-0.1403,-0.0132,0.6354,239,11.4898
01333000,ifs,10,-0.5239,-0.0685,-0.0196,0.8830,239,8.6160
01350000,ifs,10,-0.2326,-0.1326,0.0184,0.7498,239,11.2231
01350080,ifs,10,-0.4042,-0.0258,0.0360,0.8791,239,9.3580
01350140,ifs,10,-0.5473,-0.0422,0.0073,0.8141,239,9.3109
01365000,ifs,10,-0.4082,0.0108,0.0681,0.8432,239,9.9832
01411300,ifs,10,-0.1877,-0.1164,0.0539,0.7143,239,11.7666
01413500,ifs,10,-0.2552,-0.1129,0.0432,0.6761,239,10.7027
01414500,ifs,10,-0.2269,-0.0901,0.0534,0.7450,239,11.2667
01415000,ifs,10,-0.4161,-0.0162,0.0555,0.7816,239,9.3599
01423000,ifs,10,-0.4372,-0.0217,0.0496,0.7703,239,9.3263
01434025,ifs,10,-0.2419,-0.0853,0.0636,0.6937,239,11.9513
01435000,ifs,10,-0.2744,-0.0613,0.0619,0.7371,239,11.4005
01439500,ifs,10,-0.3466,0.0798,0.1472,0.7674,239,8.8477
01440000,ifs,10,-0.2609,0.0950,0.1761,0.7674,239,9.0630
01440400,ifs,10,-0.3420,-0.0151,0.0962,0.6773,239,9.7602
01451800,ifs,10,-0.4755,0.0505,0.1091,0.7422,239,8.3046
01466500,ifs,10,-0.5239,0.0166,0.0521,0.8657,239,8.8751
01484100,ifs,10,-0.3807,-0.0731,0.0089,0.8343,239,9.1553
01485500,ifs,10,-0.1882,-0.0475,0.1069,0.7024,239,10.2483
01486000,ifs,10,-0.1699,-0.0166,0.1236,0.7569,239,10.4474
01487000,ifs,10,-0.4102,-0.0737,-0.0010,0.8599,239,9.7958
01491000,ifs,10,-0.6302,-0.0278,-0.0035,0.9288,239,7.9123
01510000,ifs,10,-0.5443,0.0548,0.0829,0.8567,239,9.0526
01516500,ifs,10,-0.5108,0.0642,0.1026,0.8074,239,7.1240
01518862,ifs,10,-0.4242,0.1044,0.1437,0.8251,239,7.2987
01532000,ifs,10,-0.3554,0.0001,0.0833,0.7674,239,8.1161
01539000,ifs,10,-0.7603,0.0043,0.0275,0.8144,239,9.6245
01542810,ifs,10,-0.5912,0.0834,0.1091,0.8212,239,8.3174
01543000,ifs,10,-0.7081,0.0871,0.1039,0.8342,239,8.3108
01543500,ifs,10,-0.6014,0.0534,0.0898,0.7807,239,8.6585
01544500,ifs,10,-0.5253,0.0402,0.0810,0.8055,239,7.8077
01545600,ifs,10,-0.4548,0.0589,0.1037,0.8163,239,7.8018
01547700,ifs,10,-0.0282,-0.0570,0.1959,0.6349,239,10.8930
01548500,ifs,10,-0.5036,0.0861,0.1200,0.8190,239,7.2390
01549500,ifs,10,-0.4200,0.0325,0.0907,0.7984,239,7.8305
01550000,ifs,10,-0.4017,-0.0218,0.0549,0.7757,239,8.6730
01552000,ifs,10,-0.2661,-0.0757,0.0643,0.6939,239,9.4083
01552500,ifs,10,-0.4692,-0.0021,0.0625,0.7601,239,8.4974
01557500,ifs,10,-0.1527,-0.1007,0.1197,0.5900,239,10.1448
01567500,ifs,10,-0.3786,-0.0652,0.0478,0.6769,239,9.1555
01568000,ifs,10,-0.4428,-0.0439,0.0496,0.6896,239,8.2885
01580000,ifs,10,-0.2524,0.1364,0.2099,0.7648,239,6.9698
01583500,ifs,10,-0.4297,0.0400,0.0952,0.7976,239,7.3975
01586610,ifs,10,-0.4134,0.0545,0.1088,0.8009,239,7.4430
01591400,ifs,10,-0.2712,-0.1068,0.0591,0.6217,239,9.1721
01596500,ifs,10,-0.2419,0.0191,0.1204,0.7932,239,8.1582
01605500,ifs,10,-0.3648,0.1232,0.1628,0.8537,239,7.7924
01606500,ifs,10,-0.3390,0.1684,0.1982,0.8865,239,7.1718
01613050,ifs,10,-0.2982,0.0700,0.1586,0.7284,239,7.5378
01620500,ifs,10,-0.3494,0.2174,0.2309,1.0530,239,6.5793
01632000,ifs,10,-0.3225,0.0862,0.1711,0.7123,239,8.1053
01632900,ifs,10,-0.2450,0.0313,0.1582,0.6678,239,7.6705
01634500,ifs,10,-0.2471,0.0589,0.1729,0.6864,239,7.7521
01638480,ifs,10,-0.3713,-0.0744,0.0392,0.6887,239,8.0600
01639500,ifs,10,-0.3656,0.0889,0.1445,0.7992,239,7.1919
01644000,ifs,10,-0.2710,0.0504,0.1628,0.6807,239,7.2455
01658500,ifs,10,-0.2335,0.0533,0.1670,0.7040,239,8.0636
01664000,ifs,10,-0.2287,0.1376,0.2425,0.6697,239,7.5763
01666500,ifs,10,-0.2484,0.0862,0.1888,0.7030,239,7.6738
01667500,ifs,10,-0.1896,0.0954,0.2148,0.6890,239,7.1505
01669000,ifs,10,-0.2996,0.0093,0.0948,0.8086,239,9.2629
01669520,ifs,10,-0.2214,0.0646,0.1557,0.8075,239,8.9179
02011400,ifs,10,-0.4806,0.1028,0.1241,0.9113,239,7.2674
02011460,ifs,10,-0.4983,0.0813,0.1037,0.9182,239,7.7803
02013000,ifs,10,-0.4952,0.1475,0.1579,0.9458,239,7.6926
02014000,ifs,10,-0.7031,0.1775,0.1790,1.0322,239,7.3467
02015700,ifs,10,-0.4608,0.1140,0.1322,1.0279,239,7.4508
02016000,ifs,10,-0.4928,0.1464,0.1560,1.0265,239,6.6168
02017500,ifs,10,-1.1525,0.1232,0.1901,1.1918,239,7.3081
02018000,ifs,10,-1.0650,0.1417,0.2014,1.1930,239,6.8424
02027000,ifs,10,-0.6902,0.1444,0.1792,1.2407,239,6.7969
02027500,ifs,10,-0.5748,0.1663,0.1884,1.1874,239,6.8094
02028500,ifs,10,-0.2727,0.2638,0.2771,0.9549,239,6.4082
02038850,ifs,10,-0.5243,0.1433,0.1528,0.9319,239,7.3111
02046000,ifs,10,-0.3951,0.1478,0.1791,0.8475,239,8.1215
02051000,ifs,10,-0.3216,0.1054,0.1549,0.8631,239,8.4448
02051500,ifs,10,-0.3179,0.1143,0.1608,0.8767,239,7.6211
02053200,ifs,10,-0.4191,0.0804,0.1114,0.9525,239,8.6770
02053800,ifs,10,-0.7006,0.1778,0.1793,1.0341,239,6.9832
02055100,ifs,10,-1.2404,-0.0132,0.1352,1.4698,239,7.1765
02056900,ifs,10,-0.6163,0.2043,0.2103,1.0956,239,7.5531
02059500,ifs,10,-0.9363,0.1138,0.1234,1.0855,239,6.4885
02064000,ifs,10,-0.7407,0.1611,0.1808,1.1717,239,6.5639
02065500,ifs,10,-0.4876,0.2027,0.2073,1.0557,239,6.4453
02069700,ifs,10,-0.1825,0.3405,0.3482,0.9955,239,7.6841
02070000,ifs,10,-0.2015,0.2974,0.3126,0.9637,239,7.6550
02074500,ifs,10,-0.0812,0.2368,0.3064,1.1551,239,7.7484
02077200,ifs,10,-0.4494,0.1947,0.2134,1.1493,239,6.6703
02081500,ifs,10,-0.4113,0.1328,0.1541,1.0419,239,7.5483
02082950,ifs,10,-0.7987,0.0616,0.0756,1.1582,239,7.3208
02092500,ifs,10,-1.1240,0.0560,0.1673,1.3822,239,9.1473
02096846,ifs,10,-0.3435,0.0435,0.0969,1.0603,239,10.4467
02102908,ifs,10,-0.7939,0.0177,0.0252,1.0868,239,11.1105
02108000,ifs,10,-1.0286,0.1009,0.1640,1.2751,239,9.2215
02111180,ifs,10,-0.7799,0.1709,0.1763,1.0557,239,9.9473
02111500,ifs,10,-0.6198,0.1682,0.1712,0.9327,239,9.3165
02118500,ifs,10,-0.6211,0.2032,0.2053,1.0532,239,7.9532
02128000,ifs,10,-0.6713,0.1265,0.1340,1.1081,239,8.5357
02137727,ifs,10,-0.5599,0.1695,0.1721,1.0267,239,10.4435
02140991,ifs,10,-1.2025,0.0925,0.1385,1.1519,239,10.6717
02143000,ifs,10,-0.3286,0.3259,0.3261,1.0066,239,8.1473
02143040,ifs,10,-0.5536,0.1903,0.1913,0.9949,239,8.7480
02149000,ifs,10,-0.3812,0.0566,0.1080,0.8501,239,11.7580
02152100,ifs,10,-0.7133,0.1966,0.2022,1.0635,239,8.7867
02177000,ifs,10,-0.5608,0.0618,0.0775,0.9829,239,11.2347
02178400,ifs,10,-0.9110,0.0334,0.0335,0.9906,239,10.5354
02193340,ifs,10,-0.6569,0.1031,0.1077,1.0513,239,9.3590
02196000,ifs,10,-0.3874,0.1160,0.1460,0.9236,239,9.3879
02198100,ifs,10,-0.6621,-0.0136,0.0161,0.8282,239,13.4885
02202600,ifs,10,-1.0389,0.0617,0.0842,1.1758,239,8.5740
02212600,ifs,10,-0.2579,0.0306,0.1174,0.8355,239,9.5807
02215100,ifs,10,-0.7065,0.0588,0.0779,0.8294,239,11.0593
02216180,ifs,10,-0.6489,-0.0127,0.0383,0.7269,239,12.8039
02221525,ifs,10,-0.4211,0.0511,0.0916,0.8982,239,9.0637
02231000,ifs,10,-0.6363,0.1108,0.1185,0.9122,239,8.5731
02231342,ifs,10,-0.5152,0.0737,0.0971,0.8987,239,8.3156
02235200,ifs,10,-0.5198,0.1365,0.1617,0.8223,239,8.5584
02245500,ifs,10,-0.6211,0.1292,0.1320,0.9931,239,8.1160
02246000,ifs,10,-0.6146,0.1609,0.1625,0.9640,239,7.4578
02296500,ifs,10,-0.5147,0.2676,0.2705,0.9468,239,7.5046
02297155,ifs,10,-0.4287,0.0954,0.1226,0.9405,239,9.9310
02297310,ifs,10,-0.5334,0.0852,0.1049,0.8990,239,9.6862
02298123,ifs,10,-0.5420,0.1130,0.1244,0.9423,239,8.9092
02298608,ifs,10,-0.4651,0.0350,0.0778,0.8490,239,10.2369
02299950,ifs,10,-0.5688,0.0481,0.0662,0.9470,239,9.8604
02300700,ifs,10,-0.3137,0.0675,0.1218,0.9296,239,10.7228
02310947,ifs,10,-0.4205,0.0170,0.0621,0.9359,239,9.1870
02312200,ifs,10,-0.4248,0.0272,0.0682,0.9614,239,10.8530
02314500,ifs,10,-0.2983,0.0971,0.1540,0.8604,239,8.8222
02315500,ifs,10,-0.4123,0.1077,0.1405,0.8772,239,8.4043
02324400,ifs,10,-0.3142,-0.0067,0.0827,0.7903,239,11.9686
02327100,ifs,10,-0.7100,-0.0056,0.0163,0.8489,239,11.5777
02349900,ifs,10,-0.5387,0.0426,0.0876,0.7720,239,11.7258
02350900,ifs,10,-0.4638,0.0642,0.1085,0.8063,239,9.0069
02361000,ifs,10,-0.5860,0.0801,0.0958,0.8970,239,8.9605
02363000,ifs,10,-0.3521,0.0076,0.0785,0.8324,239,9.1404
02369800,ifs,10,-0.2911,-0.0498,0.0901,0.6422,239,14.6684
02371500,ifs,10,-0.2675,-0.0478,0.0602,0.8145,239,10.5064
02372250,ifs,10,-0.3089,-0.0278,0.0685,0.7881,239,10.4467
02374500,ifs,10,-0.3102,-0.0254,0.0765,0.7533,239,11.4714
02381600,ifs,10,-0.6072,0.0016,0.0257,0.9040,239,12.7656
02384540,ifs,10,-0.4529,0.0387,0.0784,0.8807,239,10.5723
02395120,ifs,10,-0.7970,0.0671,0.0711,1.0787,239,10.0487
02408540,ifs,10,-0.2183,0.0150,0.1275,0.7746,239,10.4476
02415000,ifs,10,-0.1467,-0.0119,0.1494,0.7016,239,10.9125
02422500,ifs,10,-0.3842,0.0572,0.0988,0.9572,239,10.2960
02427250,ifs,10,-0.4648,-0.0013,0.0445,0.8811,239,9.2844
02430085,ifs,10,-0.3931,0.2470,0.2629,1.1416,239,10.1862
02450250,ifs,10,-0.2575,0.2335,0.2571,0.9295,239,10.8303
02464000,ifs,10,-0.2914,0.2531,0.2651,0.9986,239,12.7711
02465493,ifs,10,-0.9557,0.1494,0.1713,1.1012,239,11.9403
02469800,ifs,10,-0.2245,0.1811,0.2281,0.8862,239,10.0274
02472000,ifs,10,-0.4770,0.1762,0.1869,0.9116,239,12.7117
02472500,ifs,10,-0.3730,0.1238,0.1633,0.8440,239,13.3693
02479155,ifs,10,-0.5634,0.0790,0.0948,0.9185,239,16.5036
02479300,ifs,10,-0.3102,0.0094,0.1000,0.7644,239,20.0494
02481000,ifs,10,-0.1425,-0.1072,0.1029,0.6227,239,22.4933
02481510,ifs,10,-0.0995,-0.0503,0.1666,0.6168,239,18.1407
03010655,ifs,10,-0.5471,0.1029,0.1215,0.8754,239,8.2220
03011800,ifs,10,-0.4289,0.0585,0.1040,0.8358,239,9.2448
03015500,ifs,10,-0.4176,0.1335,0.1585,0.8962,239,7.6745
03021350,ifs,10,-0.3186,0.0811,0.1404,0.8431,239,8.6233
03026500,ifs,10,-0.4669,0.0832,0.1183,0.8400,239,8.7994
03028000,ifs,10,-0.4726,0.0754,0.1087,0.8561,239,9.1132
03049800,ifs,10,-0.3652,0.0402,0.0993,0.8440,239,10.3451
03050000,ifs,10,-0.2799,-0.0208,0.0795,0.8024,239,10.4369
03066000,ifs,10,-0.3408,0.0472,0.1048,0.8837,239,9.5101
03069500,ifs,10,-0.3200,0.0845,0.1356,0.9021,239,8.8673
03070500,ifs,10,-0.5604,-0.0305,0.0169,0.8084,239,9.5405
03076600,ifs,10,-0.1850,-0.0736,0.0989,0.6798,239,9.7796
03078000,ifs,10,-0.1487,-0.0329,0.1255,0.7422,239,9.5037
03140000,ifs,10,-0.9514,0.0162,0.0278,0.8491,239,9.9370
03144000,ifs,10,-0.6409,-0.0237,0.0322,0.7182,239,11.1841
03159540,ifs,10,-0.3818,-0.0768,0.0272,0.7206,239,10.9264
03161000,ifs,10,-0.9853,0.1383,0.1695,1.1501,239,9.5916
03164000,ifs,10,-0.7021,0.2051,0.2111,1.0632,239,7.7832
03165000,ifs,10,-0.2500,0.3189,0.3245,0.9643,239,7.9637
03170000,ifs,10,-0.6428,0.1872,0.1879,1.0314,239,7.1561
03173000,ifs,10,-1.4570,0.0402,0.0925,1.0789,239,7.8034
03180500,ifs,10,-0.4036,0.0336,0.0790,0.9218,239,8.0626
03182500,ifs,10,-0.4736,0.0563,0.0879,0.8995,239,7.5235
03186500,ifs,10,-0.5717,0.0271,0.0517,0.8987,239,9.2972
03187500,ifs,10,-0.6166,0.0318,0.0484,0.9345,239,9.3288
03213700,ifs,10,-0.5965,0.1135,0.1201,1.0452,239,8.9184
03237280,ifs,10,-1.0459,-0.0010,-0.0004,1.0251,239,11.1393
03237500,ifs,10,-0.9268,0.0264,0.0279,0.9469,239,10.9223
03241500,ifs,10,-0.5587,-0.0096,0.0360,0.7965,239,12.4389
03280700,ifs,10,-0.5882,0.1003,0.1091,1.0475,239,9.1166
03281100,ifs,10,-0.8052,0.0647,0.0702,1.0966,239,9.3105
03281500,ifs,10,-0.7947,0.0672,0.0720,1.0875,239,8.9819
03285000,ifs,10,-0.4213,-0.0051,0.0496,0.8732,239,10.6803
03291780,ifs,10,-0.7402,-0.0065,0.0032,0.9729,239,13.6024
03300400,ifs,10,-0.4773,0.0298,0.0727,0.8400,239,11.7373
03340800,ifs,10,-0.4979,-0.0251,0.0238,0.8467,239,12.6743
03346000,ifs,10,-0.9624,0.0194,0.0197,0.9739,239,12.2431
03364500,ifs,10,-0.3562,-0.0594,0.0433,0.7301,239,15.3975
03366500,ifs,10,-0.6655,0.0202,0.0324,0.9690,239,13.0660
03368000,ifs,10,-0.4593,-0.0423,0.0312,0.7562,239,15.7515
03384450,ifs,10,-0.7393,0.0389,0.0437,0.9912,239,12.5408
03439000,ifs,10,-0.8962,0.0738,0.0753,0.9528,239,10.9659
03450000,ifs,10,-0.4445,0.2119,0.2234,0.8890,239,7.8825
03455500,ifs,10,-1.0525,0.0639,0.0730,0.9166,239,10.3498
03456500,ifs,10,-1.2098,0.0719,0.0941,0.9602,239,10.0608
03460000,ifs,10,-0.4959,0.2251,0.2263,0.9734,239,8.7934
03463300,ifs,10,-0.6431,0.2404,0.2468,1.0487,239,10.2316
03471500,ifs,10,-0.7516,0.1699,0.1842,1.1378,239,8.0612
03473000,ifs,10,-0.7315,0.1701,0.1791,1.1110,239,8.2953
03479000,ifs,10,-1.1156,0.1327,0.1928,1.1794,239,8.7347
03488000,ifs,10,-1.1595,0.0374,0.0508,1.0966,239,9.0833
03498500,ifs,10,-0.5045,0.1488,0.1567,1.0002,239,9.4150
03500000,ifs,10,-0.8881,0.0256,0.0269,1.0419,239,10.1629
03504000,ifs,10,-0.6955,-0.0072,0.0164,0.8470,239,11.3792
03574500,ifs,10,-0.5031,0.1603,0.1668,1.0081,239,11.3908
03604000,ifs,10,-0.5102,0.1493,0.1614,0.9056,239,11.9678
04015330,ifs,10,-0.5303,0.1187,0.1516,1.2128,239,8.0656
04024430,ifs,10,-1.5749,-0.0902,0.0774,1.4854,239,8.0738
04027000,ifs,10,-1.3857,-0.1522,0.0409,1.6087,239,7.0124
04040500,ifs,10,-1.0912,-0.0380,-0.0210,1.1865,239,7.7070
04043050,ifs,10,-0.6822,0.1889,0.1932,0.9265,239,6.3193
04045500,ifs,10,-0.7339,0.0018,0.0183,1.1289,239,6.7248
04056500,ifs,10,-0.9103,-0.0062,0.0121,1.1874,239,6.5855
04057510,ifs,10,-0.6596,0.0314,0.0468,1.0986,239,7.2017
04057800,ifs,10,-0.9445,-0.0512,-0.0426,1.1142,239,7.5159
04059500,ifs,10,-0.7706,0.0214,0.0298,1.0874,239,6.9085
04063700,ifs,10,-1.3159,-0.0139,0.0870,1.3781,239,7.2541
04074950,ifs,10,-1.6921,-0.0819,0.0128,1.3200,239,8.6388
04105700,ifs,10,-0.5242,0.0855,0.1020,0.9562,239,8.8980
04115265,ifs,10,-0.4732,0.0150,0.0503,0.9756,239,8.7259
04122200,ifs,10,-0.5631,0.0838,0.0970,1.0506,239,9.0082
04122500,ifs,10,-0.6038,0.1321,0.1415,1.1063,239,8.5857
04124000,ifs,10,-0.3990,0.0568,0.1053,0.8496,239,10.1924
04127997,ifs,10,-0.3309,-0.0374,0.0580,0.7765,239,8.9501
04185000,ifs,10,-0.4172,0.2242,0.2335,0.9114,239,7.8306
04196800,ifs,10,-0.8048,0.0934,0.0950,0.9457,239,9.4936
04197100,ifs,10,-0.5065,0.1276,0.1395,0.9536,239,9.7057
04197170,ifs,10,-0.5787,0.1885,0.1893,1.0245,239,8.9917
04213000,ifs,10,-0.5083,0.0969,0.1126,0.9744,239,7.8626
04213075,ifs,10,-0.4856,0.1147,0.1296,0.9991,239,8.7741
04216418,ifs,10,-0.4395,0.0683,0.1085,0.8495,239,8.8932
04221000,ifs,10,-0.4820,0.1198,0.1403,0.8899,239,7.5466
04224775,ifs,10,-0.4356,0.0979,0.1228,0.9570,239,8.2531
04256000,ifs,10,-1.1534,0.1030,0.1449,1.1508,239,8.7667
04296000,ifs,10,-1.0368,0.0026,0.0469,1.2885,239,8.9114
05057000,ifs,10,-1.0013,0.0244,0.2368,1.5565,239,5.2856
05057200,ifs,10,-1.4662,-0.1481,0.2103,1.7261,239,5.4106
05062500,ifs,10,-1.1346,-0.0280,0.0223,1.3071,239,6.4312
05087500,ifs,10,-0.9337,0.0175,0.0635,1.2960,239,7.3982
05120500,ifs,10,-0.7365,0.0485,0.3890,1.6635,239,5.3012
05123400,ifs,10,-0.2379,0.3092,0.3319,1.1561,239,5.5958
05129115,ifs,10,-0.9409,0.0672,0.1353,1.3337,239,6.1605
05131500,ifs,10,-1.0938,0.0508,0.1737,1.4128,239,6.0138
05291000,ifs,10,-0.3796,-0.0681,0.0272,1.2555,239,8.0631
05362000,ifs,10,-2.6817,-0.3534,-0.0402,1.6456,239,9.8719
05393500,ifs,10,-1.9972,-0.1897,-0.0212,1.4780,239,9.7549
05399500,ifs,10,-1.4991,-0.0802,-0.0211,1.2915,239,11.2185
05408000,ifs,10,-0.4457,0.0750,0.1027,1.0335,239,10.8241
05412500,ifs,10,-1.0439,-0.0458,-0.0348,1.1508,239,10.8187
05413500,ifs,10,-0.6636,0.0308,0.0426,1.0494,239,11.1191
05414000,ifs,10,-0.6005,0.0656,0.0815,1.0991,239,10.6865
05444000,ifs,10,-0.8465,0.1392,0.1703,1.2050,239,9.8282
05454000,ifs,10,-0.7251,0.0505,0.0550,1.0037,239,11.3645
05458000,ifs,10,-0.8348,-0.0555,-0.0418,1.1109,239,10.6935
05466500,ifs,10,-0.2939,0.0519,0.1318,0.7882,239,12.0052
05487980,ifs,10,-0.3500,0.0877,0.1322,0.8984,239,10.4539
05488200,ifs,10,-0.3399,0.0092,0.0749,0.8937,239,12.6363
05489000,ifs,10,-0.3685,0.0231,0.0859,0.8374,239,11.8326
05495000,ifs,10,-0.2619,0.1672,0.2146,0.8515,239,8.2969
05495500,ifs,10,-0.3331,0.0551,0.1130,0.8757,239,10.2335
05501000,ifs,10,-0.3817,0.0353,0.0907,0.8530,239,11.8091
05503800,ifs,10,-0.6149,0.0528,0.0677,0.9184,239,10.0330
05507600,ifs,10,-0.7991,0.0286,0.0325,1.0470,239,8.8288
05508805,ifs,10,-1.0039,0.0400,0.0417,1.0366,239,9.1691
05514500,ifs,10,-0.6885,0.0659,0.0710,1.0177,239,9.2310
05525500,ifs,10,-0.3701,0.0656,0.1147,0.8691,239,9.5501
05556500,ifs,10,-0.2195,0.2355,0.2624,0.9840,239,9.9526
05584500,ifs,10,-0.1011,0.0143,0.1659,0.7917,239,11.9399
05585000,ifs,10,-0.1405,0.0445,0.1635,0.8355,239,11.1054
05591550,ifs,10,-0.5780,0.0432,0.0639,0.9061,239,11.4384
05592050,ifs,10,-0.9033,0.0767,0.0867,1.1296,239,10.5135
05592575,ifs,10,-0.8571,0.0223,0.0263,0.9263,239,13.2403
05593575,ifs,10,-0.9258,-0.0139,-0.0117,0.9553,239,11.4303
05593900,ifs,10,-0.9561,0.0285,0.0288,1.0231,239,12.3246
05595730,ifs,10,-0.9105,0.0292,0.0305,0.9526,239,10.8275
06037500,ifs,10,-0.4455,0.1150,0.1345,1.0098,239,4.6925
06043500,ifs,10,-0.3669,0.1162,0.1506,0.9096,239,4.4460
06154410,ifs,10,-0.6936,0.0738,0.0853,1.1227,239,6.3160
06188000,ifs,10,-0.9065,0.1003,0.1389,1.2447,239,4.1597
06191500,ifs,10,-0.7495,0.1307,0.1497,1.1791,239,4.0377
06221400,ifs,10,-1.1840,-0.0450,0.1591,1.5809,239,4.3290
06224000,ifs,10,-0.9579,-0.0093,0.1564,1.5423,239,4.3324
06289000,ifs,10,-2.9480,-0.5208,0.0702,1.9656,239,5.6755
06332515,ifs,10,-2.3512,-0.2583,0.1216,1.6281,239,6.0442
06339100,ifs,10,-2.5956,-0.4666,0.0437,1.9224,239,4.9653
06339500,ifs,10,-1.8515,-0.2550,0.1644,1.7885,239,5.2448
06344600,ifs,10,-2.2470,-0.4219,-0.0049,1.8905,239,6.2123
06350000,ifs,10,-3.1838,-0.5428,0.0824,1.9213,239,5.9351
06352000,ifs,10,-2.7371,-0.4776,0.0805,1.9276,239,4.8195
06353000,ifs,10,-2.5399,-0.4248,0.0577,1.8769,239,5.0322
06354000,ifs,10,-2.2011,-0.3400,0.0595,1.8083,239,5.2122
06360500,ifs,10,-3.6111,-0.6833,0.1201,2.0544,239,5.4394
06404000,ifs,10,-1.8241,-0.2211,0.1575,1.7415,239,5.6139
06406000,ifs,10,-1.9586,-0.2147,0.1538,1.6917,239,5.2631
06408700,ifs,10,-2.5915,-0.3500,0.1338,1.7599,239,5.5054
06409000,ifs,10,-2.8629,-0.4613,0.1453,1.8864,239,5.6254
06431500,ifs,10,-1.9066,-0.1722,0.1560,1.6308,239,5.5327
06440200,ifs,10,-0.7212,0.1658,0.2311,1.3059,239,5.5923
06441500,ifs,10,-0.8047,0.1581,0.2712,1.3731,239,4.6952
06447000,ifs,10,-1.2034,0.0054,0.1633,1.4718,239,5.0482
06447500,ifs,10,-1.0566,0.0096,0.1228,1.4358,239,5.7003
06450500,ifs,10,-0.8660,0.0705,0.1183,1.2900,239,6.3006
06452000,ifs,10,-0.8598,0.1111,0.2254,1.4033,239,4.9572
06453600,ifs,10,-0.8319,0.0360,0.0793,1.2855,239,7.2819
06464500,ifs,10,-0.6888,0.0790,0.1083,1.2229,239,8.0404
06477500,ifs,10,-0.9131,0.0727,0.1427,1.3385,239,6.9232
06479215,ifs,10,-0.2616,-0.0398,0.0677,1.1919,239,7.8814
06479438,ifs,10,-0.2944,0.0009,0.1111,1.3037,239,7.4140
06601000,ifs,10,-0.3235,0.1245,0.1721,1.1603,239,8.6224
06614800,ifs,10,-0.5553,0.0162,0.0510,1.1577,239,6.7079
06622700,ifs,10,-1.1281,0.0813,0.1412,1.2534,239,5.2061
06623800,ifs,10,-0.8824,0.0053,0.1479,1.5085,239,5.2610
06632400,ifs,10,-1.4890,-0.0698,0.1229,1.5177,239,6.1259
06784000,ifs,10,-0.0698,0.1241,0.2410,0.8396,239,5.6811
06803510,ifs,10,-0.5423,0.0100,0.0372,1.0465,239,10.2562
06803530,ifs,10,-0.7013,0.0322,0.0474,1.1269,239,9.2439
06814000,ifs,10,-0.5409,0.1695,0.1820,1.1296,239,9.4741
06846500,ifs,10,-0.4310,0.1624,0.1767,0.9435,239,4.9913
06847900,ifs,10,-0.3921,0.0639,0.1019,1.0105,239,5.9904
06853800,ifs,10,-1.2132,0.0400,0.0573,1.0854,239,8.0093
06876700,ifs,10,-0.1327,-0.0498,0.1148,0.7575,239,10.5793
06878000,ifs,10,-0.1257,0.2009,0.2629,0.9139,239,8.5131
06879650,ifs,10,-0.1125,0.3995,0.4265,0.8254,239,10.1670
06885500,ifs,10,-0.1870,0.2950,0.3133,0.9538,239,9.6307
06888500,ifs,10,0.0853,0.4358,0.4753,0.8597,239,9.6061
06889200,ifs,10,-0.1499,0.2124,0.2668,0.8870,239,9.7253
06889500,ifs,10,-0.0932,0.3114,0.3438,0.9315,239,9.1627
06892000,ifs,10,0.0447,0.2451,0.3665,0.7777,239,9.0749
06903400,ifs,10,-0.2358,0.1033,0.1723,0.8600,239,10.5291
06906800,ifs,10,-0.2519,-0.0951,0.0843,0.5883,239,12.2898
06910800,ifs,10,0.0035,0.4610,0.4741,0.8966,239,9.5255
06911900,ifs,10,0.0227,0.4646,0.4843,0.8680,239,9.9630
06917000,ifs,10,-0.3716,0.0853,0.1536,0.7369,239,12.8604
06918460,ifs,10,-0.3512,0.1061,0.1529,0.8423,239,11.6421
06919500,ifs,10,-0.2519,0.0919,0.1781,0.7549,239,10.6554
06921070,ifs,10,-0.2302,-0.0286,0.1141,0.6754,239,12.6578
06921200,ifs,10,-0.0830,-0.0488,0.1777,0.6023,239,12.6098
06934000,ifs,10,-0.5436,0.0389,0.0658,0.8871,239,10.7967
07014500,ifs,10,-0.4668,-0.0941,-0.0237,0.8231,239,14.0840
07056000,ifs,10,-0.9301,0.0728,0.0852,1.1417,239,12.4041
07057500,ifs,10,-0.9222,0.1211,0.1521,1.1972,239,11.5854
07060710,ifs,10,-0.5871,0.0995,0.1110,1.0849,239,11.8636
07066000,ifs,10,-0.8519,0.0281,0.0431,1.1663,239,11.3063
07067000,ifs,10,-1.1484,0.0075,0.0350,1.2076,239,10.7723
07068000,ifs,10,-1.3387,-0.0108,0.0435,1.2619,239,10.5591
07071500,ifs,10,-1.3503,-0.0056,0.0644,1.2946,239,11.3868
07083000,ifs,10,-1.3050,-0.1933,0.1278,1.7847,239,4.3910
07142300,ifs,10,-0.3209,0.2135,0.2595,1.2357,239,6.0211
07145700,ifs,10,0.0115,-0.0326,0.2196,0.6958,239,11.5604
07148400,ifs,10,-0.9006,0.1189,0.2177,1.3616,239,6.1496
07149000,ifs,10,-0.6414,0.2022,0.2674,1.2980,239,5.4190
07151500,ifs,10,0.0236,0.1878,0.3112,0.9043,239,7.7753
07167500,ifs,10,-0.5295,0.0881,0.1062,0.9131,239,9.7673
07180500,ifs,10,-0.4525,0.1880,0.1995,0.9071,239,9.7064
07184000,ifs,10,0.0413,0.1470,0.3220,0.7300,239,12.7598
07195800,ifs,10,-0.3587,0.1764,0.1992,1.0890,239,12.8282
07196900,ifs,10,-0.7935,0.1845,0.2517,1.2741,239,13.0649
07197000,ifs,10,-0.6526,0.2422,0.2792,1.1940,239,12.0759
07208500,ifs,10,-0.5521,-0.0259,0.2280,1.6737,239,3.2397
07226500,ifs,10,-0.8393,-0.0357,0.0492,1.4084,239,3.3390
07261000,ifs,10,-0.6237,0.1382,0.1427,1.0685,239,11.0077
07263295,ifs,10,-0.4571,0.0519,0.0839,0.9342,239,11.0749
07290650,ifs,10,-0.4980,0.1986,0.2013,1.0093,239,11.7682
07291000,ifs,10,-0.3299,0.2355,0.2487,0.9352,239,11.2265
07292500,ifs,10,-0.2970,0.2684,0.2787,0.9463,239,11.1729
07295000,ifs,10,-0.4069,0.2146,0.2215,1.0052,239,13.1291
07299670,ifs,10,-1.5770,-0.1871,0.0868,1.6829,239,7.3351
07301410,ifs,10,-0.6442,-0.0621,0.1514,1.6372,239,7.1692
07301500,ifs,10,-1.9586,-0.3549,0.2060,1.9246,239,5.5816
07315200,ifs,10,-1.0075,0.0774,0.2665,1.4774,239,9.5772
07315700,ifs,10,-1.6460,-0.3314,0.1229,1.9282,239,9.6854
07335700,ifs,10,-0.0893,0.1426,0.2407,0.8758,239,11.4527
07340300,ifs,10,-0.2765,0.2417,0.2580,1.0038,239,9.3869
07346045,ifs,10,-1.5399,-0.0618,0.1542,1.5106,239,11.5409
07359610,ifs,10,-0.3940,0.1689,0.1857,0.9554,239,10.9414
07362100,ifs,10,-0.9551,0.0389,0.1396,1.4127,239,9.9146
07362587,ifs,10,-0.4231,0.0497,0.0879,0.9262,239,12.2502
07373000,ifs,10,-0.6447,0.1421,0.1707,1.2193,239,11.6944
07375000,ifs,10,-0.1434,0.0905,0.1982,0.8021,239,14.5782
07376000,ifs,10,-0.3052,0.2061,0.2272,0.9537,239,13.6468
08013000,ifs,10,-0.3057,0.1336,0.1711,0.9709,239,11.6543
08014500,ifs,10,-0.3443,0.2484,0.2558,0.9879,239,11.4852
08023080,ifs,10,-0.6632,0.0428,0.0671,1.1789,239,11.9916
08025500,ifs,10,-0.3743,0.1353,0.1605,1.0051,239,12.9106
08029500,ifs,10,-0.4193,0.2058,0.2132,0.9759,239,13.7607
08050800,ifs,10,-0.4555,0.2162,0.2938,1.3393,239,11.5425
08066200,ifs,10,-0.1958,0.0009,0.1232,0.7759,239,15.0646
08066300,ifs,10,-0.1929,-0.0527,0.0804,0.8106,239,19.3960
08070000,ifs,10,-0.5561,0.1956,0.2002,1.0812,239,11.3337
08070200,ifs,10,-0.4904,0.1923,0.1968,1.0387,239,11.3501
08079600,ifs,10,-0.9732,-0.0084,0.1210,1.4833,239,4.2424
08082700,ifs,10,-1.3728,-0.2183,0.0448,1.7290,239,8.1805
08086212,ifs,10,-0.8341,0.0656,0.2141,1.4855,239,8.3393
08086290,ifs,10,-1.1347,-0.0671,0.1716,1.6310,239,8.9552
08101000,ifs,10,-1.4869,-0.1510,0.2334,1.7316,239,9.6660
08103900,ifs,10,-1.0414,0.1066,0.1783,1.2807,239,13.2871
08104900,ifs,10,-0.2225,0.2276,0.2582,1.0672,239,11.6362
08109700,ifs,10,-0.1620,0.1113,0.1933,1.0932,239,11.4560
08150800,ifs,10,-0.3281,0.1489,0.1784,1.0138,239,12.2720
08155200,ifs,10,-0.4858,0.1024,0.1602,1.2888,239,10.1062
08158700,ifs,10,-0.5267,0.0770,0.1258,1.2594,239,9.6226
08158810,ifs,10,-0.6523,0.1210,0.1669,1.2798,239,9.5228
08164000,ifs,10,-0.8569,0.0540,0.1231,1.3513,239,10.1165
08164300,ifs,10,-0.6107,0.0727,0.1036,1.2098,239,12.2529
08164600,ifs,10,-0.4788,0.1715,0.2113,1.2438,239,9.0984
08165300,ifs,10,-0.3303,0.1376,0.1695,0.9809,239,11.0189
08171300,ifs,10,-0.5208,0.0514,0.0840,1.1557,239,10.4042
08175000,ifs,10,-0.4721,0.1621,0.1843,1.1597,239,10.5729
08176900,ifs,10,-0.5787,0.1479,0.1874,1.2541,239,8.6751
08178880,ifs,10,-0.2812,0.0498,0.1144,1.0295,239,12.0852
08189500,ifs,10,-0.2180,0.2645,0.3033,1.1872,239,8.1717
08190000,ifs,10,-0.1440,-0.0426,0.1060,0.8126,239,15.4613
08190500,ifs,10,-0.1105,-0.0597,0.1119,0.7952,239,14.5519
08194200,ifs,10,-0.1406,-0.0000,0.1308,0.8588,239,9.2545
08195000,ifs,10,-0.1846,0.0194,0.1233,0.9105,239,14.1970
08196000,ifs,10,-0.1761,-0.0359,0.0871,0.9304,239,16.1968
08198500,ifs,10,-0.1768,0.0022,0.1143,0.9103,239,13.6340
08200000,ifs,10,-0.2510,0.0261,0.1049,1.0235,239,13.5258
08202700,ifs,10,-0.1718,0.0281,0.1312,0.9631,239,14.0283
08267500,ifs,10,-0.3429,0.0704,0.2505,1.5307,239,4.4049
08269000,ifs,10,-0.8430,-0.1701,0.1997,1.8506,239,3.8247
08271000,ifs,10,-0.3241,0.0946,0.2331,1.4482,239,4.5541
08324000,ifs,10,-1.6158,-0.4510,0.1798,2.1364,239,3.7410
08377900,ifs,10,-0.4811,0.0245,0.2558,1.6285,239,4.6097
08378500,ifs,10,-0.6432,-0.0411,0.2607,1.7318,239,4.2291
08380500,ifs,10,-0.9566,-0.0652,0.1856,1.6727,239,4.3143
09034900,ifs,10,-0.5351,0.0705,0.0928,1.1070,239,4.9023
09035900,ifs,10,-1.1103,-0.0008,0.0846,1.3860,239,4.2459
09047700,ifs,10,-1.1342,-0.1049,0.0815,1.6053,239,4.0532
09065500,ifs,10,-1.2893,-0.0610,0.1023,1.5255,239,4.5147
09066000,ifs,10,-1.3957,-0.1030,0.0954,1.5836,239,3.9357
09066200,ifs,10,-1.3299,-0.0697,0.1234,1.5605,239,4.8224
09066300,ifs,10,-1.1337,-0.0035,0.1615,1.5110,239,4.4908
09081600,ifs,10,-0.2700,0.1416,0.2341,1.3264,239,4.9094
09107000,ifs,10,-1.2724,-0.2699,0.1520,1.9194,239,3.7180
09210500,ifs,10,-0.4080,0.1158,0.1421,1.0629,239,2.7659
09223000,ifs,10,-0.3363,0.1405,0.1705,1.0034,239,3.3214
09306242,ifs,10,-1.1649,-0.3247,0.1740,2.0137,239,4.1603
09312600,ifs,10,-0.5406,0.0771,0.1007,1.1327,239,3.8509
09352900,ifs,10,-0.7122,-0.0756,0.1187,1.6133,239,5.7818
09378170,ifs,10,-0.4315,0.2010,0.2217,1.1583,239,4.1763
09378630,ifs,10,-0.3173,0.2353,0.2555,1.1197,239,4.2174
09386900,ifs,10,-1.6753,-0.4270,0.1649,2.0820,239,3.7240
09404450,ifs,10,-0.4692,0.1778,0.3981,1.5343,239,3.5444
09430500,ifs,10,-1.0311,0.1042,0.1704,1.2795,239,3.2610
09430600,ifs,10,-1.2231,0.0468,0.1075,1.2596,239,4.2625
09447800,ifs,10,-1.2311,0.0240,0.1049,1.3268,239,2.4523
09480000,ifs,10,-0.3383,0.2947,0.2967,0.9818,239,4.0188
09484000,ifs,10,-0.1089,0.3317,0.3547,1.0643,239,3.5196
09484600,ifs,10,-0.2233,0.2109,0.2625,0.8054,239,3.3902
09492400,ifs,10,-0.4188,0.1651,0.1837,1.0986,239,5.6565
09494000,ifs,10,-0.6809,0.1636,0.2218,1.2996,239,4.4143
09497800,ifs,10,-0.5054,0.2158,0.2891,1.3278,239,3.2603
09497980,ifs,10,-0.3982,0.2791,0.3513,1.3080,239,3.7322
09505200,ifs,10,-0.3238,0.2128,0.4493,1.5427,239,3.3201
09505350,ifs,10,0.0716,0.4202,0.4904,1.2546,239,2.8638
09505800,ifs,10,0.0327,0.3873,0.4916,1.3353,239,3.0613
09508300,ifs,10,0.0956,0.5367,0.5553,1.1293,239,2.8494
09510200,ifs,10,-0.0686,0.4423,0.5231,1.2699,239,3.0977
09512280,ifs,10,0.1394,0.2979,0.5942,1.5715,239,2.4801
09513780,ifs,10,-0.0639,0.1771,0.6433,1.6709,239,2.4163
10023000,ifs,10,-0.1907,0.0857,0.1700,0.8784,239,3.9200
10166430,ifs,10,-0.4622,0.0774,0.1056,0.9093,239,4.3285
10172700,ifs,10,-0.4132,0.1721,0.2036,1.1880,239,3.2479
10172800,ifs,10,-0.5655,0.1578,0.1611,1.0261,239,4.5789
10173450,ifs,10,-0.1955,0.3081,0.4216,1.3794,239,3.9784
10205030,ifs,10,-0.5053,0.1632,0.1849,1.1696,239,3.7344
10234500,ifs,10,-0.3657,0.1982,0.2138,1.0608,239,4.0996
10242000,ifs,10,-0.0453,0.3680,0.3907,1.0330,239,3.8984
10244950,ifs,10,-0.4261,0.2156,0.2215,1.0336,239,3.4123
10249300,ifs,10,-2.0882,-0.1196,0.1355,1.4113,239,3.9761
10258000,ifs,10,0.0127,0.2037,0.4555,1.5701,239,3.5371
10258500,ifs,10,-0.4168,-0.1321,0.5554,1.9638,239,2.1689
10259000,ifs,10,0.1600,0.4282,0.5465,1.3378,239,2.5309
10259200,ifs,10,-0.8466,-0.4765,0.4358,2.2932,239,2.7263
10263500,ifs,10,0.1641,-0.0314,0.4209,0.3619,239,5.4096
10310500,ifs,10,-0.3285,0.4214,0.4605,1.0743,239,4.1925
10316500,ifs,10,-0.1420,0.0654,0.2123,0.6632,239,3.9738
10329500,ifs,10,-0.0172,-0.0352,0.2333,0.5579,239,3.3040
10336645,ifs,10,0.2409,0.6060,0.6112,1.0588,239,7.1628
10336660,ifs,10,0.2844,0.5962,0.6092,0.9673,239,7.5709
10343500,ifs,10,-0.1521,0.4761,0.5230,1.1282,239,5.8021
10348850,ifs,10,0.2767,0.2930,0.5365,0.6498,239,7.7554
10396000,ifs,10,-0.0132,0.0396,0.2675,0.6062,239,3.3839
11098000,ifs,10,0.2239,-0.0588,0.5121,0.3148,239,7.2034
11124500,ifs,10,0.1485,0.0560,0.3929,0.5514,239,6.4057
11141280,ifs,10,0.2186,0.1558,0.4773,0.5406,239,5.5800
11143000,ifs,10,0.1545,0.1846,0.4321,0.5870,239,9.3186
11148900,ifs,10,0.1526,0.3469,0.4640,0.7655,239,5.0348
11151300,ifs,10,0.2398,0.2632,0.5018,0.6485,239,3.2644
11162500,ifs,10,0.1457,0.4138,0.4798,0.8610,239,5.8709
11176400,ifs,10,0.1244,0.5083,0.5198,0.9618,239,3.1716
11180500,ifs,10,-0.0935,0.4095,0.4291,1.1441,239,3.9922
11180960,ifs,10,-0.0393,0.3538,0.3841,0.9344,239,4.6724
11224500,ifs,10,0.1489,0.1099,0.3980,0.6250,239,3.0078
11253310,ifs,10,0.0223,-0.0461,0.2431,0.5744,239,2.6276
11264500,ifs,10,-0.8327,0.1872,0.3323,1.3545,239,6.4351
11266500,ifs,10,-0.6661,0.2432,0.3157,1.2630,239,6.6109
11274500,ifs,10,0.1077,0.4598,0.4903,0.8968,239,3.0578
11274630,ifs,10,0.1318,0.4081,0.4692,0.8834,239,2.7428
11284400,ifs,10,-0.2106,0.2678,0.2905,0.9294,239,5.5865
11299600,ifs,10,-0.0758,0.2683,0.3194,0.9293,239,5.1452
11381500,ifs,10,0.3416,0.3430,0.5912,0.6671,239,7.3532
11383500,ifs,10,0.3524,0.3862,0.6004,0.6983,239,7.4045
11451100,ifs,10,-0.0253,0.5143,0.5566,1.1458,239,5.2560
11468500,ifs,10,0.2139,0.5894,0.6155,1.1428,239,5.9328
11473900,ifs,10,0.3210,0.6168,0.6308,0.9555,239,5.6700
11475560,ifs,10,0.3952,0.3273,0.6393,0.6430,239,10.1716
11476600,ifs,10,-0.2100,0.4097,0.4922,1.2539,239,8.0984
11478500,ifs,10,0.1410,0.5540,0.5600,0.9314,239,6.8449
11480390,ifs,10,0.2378,0.6204,0.6210,0.9799,239,6.0706
11481200,ifs,10,0.1190,0.5553,0.5592,0.9415,239,7.4730
11482500,ifs,10,0.1436,0.4628,0.5111,0.8349,239,8.2550
11522500,ifs,10,0.1498,0.5863,0.5877,1.0166,239,5.5154
11523200,ifs,10,-0.0053,0.4684,0.4840,0.8752,239,6.6061
11528700,ifs,10,0.2927,0.6557,0.6603,0.9592,239,5.0983
11532500,ifs,10,0.0700,0.3740,0.4492,0.7749,239,10.6825
12010000,ifs,10,-0.0057,0.3227,0.4068,0.7401,239,11.4519
12013500,ifs,10,-0.0627,0.3829,0.4228,0.8031,239,9.2315
12020000,ifs,10,-0.0904,0.2931,0.3786,0.7024,239,7.8296
12025000,ifs,10,-0.0289,0.3271,0.3965,0.7669,239,7.3240
12025700,ifs,10,-0.2341,0.4067,0.4103,0.9524,239,7.2255
12035000,ifs,10,-0.2900,0.2568,0.2973,0.7778,239,12.5830
12040500,ifs,10,-0.2337,0.3459,0.3622,0.8599,239,14.1661
12041200,ifs,10,-0.1216,0.2997,0.3582,0.7666,239,14.8421
12043000,ifs,10,-0.0840,0.3397,0.3853,0.8053,239,11.4895
12048000,ifs,10,-1.1329,0.0535,0.2059,1.4369,239,7.6591
12054000,ifs,10,-0.2901,0.2760,0.2840,1.0034,239,10.1614
12056500,ifs,10,-0.2757,0.3219,0.3281,0.9264,239,13.4111
12073500,ifs,10,-0.4913,0.2328,0.2339,0.9697,239,6.9543
12082500,ifs,10,-0.0079,0.3797,0.4288,0.8042,239,9.6323
12092000,ifs,10,0.0135,0.3210,0.4051,0.7595,239,9.6170
12095000,ifs,10,-0.1276,0.4021,0.4080,0.9330,239,7.8531
12114500,ifs,10,0.0749,0.1997,0.4019,0.6075,239,11.1139
12115000,ifs,10,0.0698,0.2030,0.3988,0.6146,239,11.0873
12115500,ifs,10,-0.0039,0.2199,0.3612,0.6695,239,11.5560
12117000,ifs,10,0.0017,0.2290,0.3621,0.6945,239,11.4016
12141300,ifs,10,0.0428,0.2508,0.3910,0.6915,239,13.0788
12143600,ifs,10,0.0661,0.2766,0.4031,0.7339,239,12.1368
12144000,ifs,10,0.0595,0.2945,0.4027,0.7672,239,11.4035
12145500,ifs,10,0.0319,0.1934,0.3612,0.6721,239,9.1274
12147600,ifs,10,-0.0090,0.2133,0.3551,0.6740,239,16.4486
12167000,ifs,10,-0.2368,0.2718,0.2939,0.8901,239,12.5050
12175500,ifs,10,-0.4324,0.3328,0.3402,1.0583,239,9.4602
12186000,ifs,10,-0.1293,0.3135,0.3567,0.8092,239,12.3850
12189500,ifs,10,-0.2337,0.3447,0.3512,0.9247,239,10.8981
12358500,ifs,10,-0.2201,0.1167,0.2111,0.7318,239,7.6494
12377150,ifs,10,-0.2013,-0.0145,0.1846,0.5458,239,7.2767
12381400,ifs,10,-0.1380,0.0568,0.2300,0.6145,239,6.3718
12390700,ifs,10,-0.6441,0.1987,0.2026,0.9262,239,5.9034
12411000,ifs,10,-0.4128,0.0704,0.1285,0.7679,239,6.5647
12414500,ifs,10,-0.3073,0.1663,0.2164,0.7939,239,6.4409
12447390,ifs,10,-1.1748,-0.0159,0.1542,1.5125,239,4.0906
12451000,ifs,10,-1.0523,0.1590,0.3538,1.3241,239,8.0120
12488500,ifs,10,0.0220,0.3829,0.4455,0.7703,239,7.9964
13011500,ifs,10,-0.5712,0.1544,0.1648,1.1156,239,4.5779
13011900,ifs,10,-0.7068,0.1130,0.1442,1.2328,239,4.5965
13018300,ifs,10,-0.3810,0.1246,0.1517,1.0350,239,4.3490
13023000,ifs,10,-0.7444,0.0767,0.1034,1.2177,239,4.0542
13161500,ifs,10,-0.2860,0.2699,0.2984,1.1798,239,2.4147
13235000,ifs,10,-0.0431,0.1953,0.3089,0.7573,239,4.4769
13240000,ifs,10,-0.0196,0.1624,0.3192,0.6754,239,5.7591
13310700,ifs,10,-0.1016,0.1822,0.2770,0.7801,239,4.5854
13313000,ifs,10,-0.0303,0.0815,0.2782,0.6380,239,5.3100
13331500,ifs,10,-0.0090,0.1985,0.3166,0.7937,239,5.0419
13337000,ifs,10,-0.2064,0.2555,0.2970,0.8211,239,6.5798
13338500,ifs,10,-0.2167,0.2116,0.2481,0.9272,239,5.0750
13340000,ifs,10,-0.1481,0.2664,0.3092,0.8583,239,5.4193
13340600,ifs,10,-0.1667,0.2141,0.2847,0.7690,239,7.2717
14020000,ifs,10,-0.0696,0.2001,0.2953,0.7931,239,5.0217
14092750,ifs,10,-0.4539,0.3622,0.3816,0.9873,239,6.8027
14096850,ifs,10,-0.2603,0.3779,0.3781,0.9900,239,3.9083
14137000,ifs,10,-0.0245,0.3026,0.3752,0.7911,239,8.6847
14138800,ifs,10,0.0009,0.2145,0.3598,0.6687,239,11.7074
14138870,ifs,10,-0.0178,0.2259,0.3493,0.7061,239,12.2407
14138900,ifs,10,0.0408,0.1378,0.3547,0.6009,239,14.1044
14139800,ifs,10,-0.0492,0.2199,0.3402,0.6909,239,12.0794
14141500,ifs,10,-0.1391,0.2843,0.3345,0.8014,239,10.7627
14154500,ifs,10,-0.3330,0.3756,0.3952,0.8754,239,6.4762
14158500,ifs,10,-0.2904,0.3378,0.3626,0.8205,239,8.0859
14158790,ifs,10,-0.0030,0.2623,0.3860,0.6790,239,9.1242
14166500,ifs,10,-0.1196,0.2639,0.3368,0.7430,239,6.7603
14182500,ifs,10,-0.0941,0.2807,0.3538,0.7490,239,8.5260
14185000,ifs,10,-0.2071,0.3446,0.3732,0.8137,239,7.9237
14185900,ifs,10,-0.0819,0.2600,0.3562,0.7006,239,9.0168
14187000,ifs,10,-0.1571,0.2994,0.3641,0.7284,239,8.0777
14216500,ifs,10,-0.1861,0.3707,0.3999,0.8115,239,10.1754
14222500,ifs,10,-0.0257,0.1478,0.3281,0.6036,239,15.1545
14236200,ifs,10,-0.0769,0.3243,0.3758,0.8015,239,8.9508
14301000,ifs,10,0.0479,0.1552,0.3573,0.6292,239,8.7548
14303200,ifs,10,0.0571,0.0802,0.3621,0.5102,239,11.3285
14305500,ifs,10,-0.0023,0.1107,0.3235,0.5785,239,13.8344
14306340,ifs,10,-0.1868,0.1845,0.2821,0.6806,239,7.7444
14306500,ifs,10,-0.1933,0.1758,0.2696,0.6949,239,8.3778
14308990,ifs,10,-0.1066,0.4687,0.4708,0.9815,239,4.7411
14309500,ifs,10,-0.0929,0.4274,0.4764,0.7710,239,7.0633
14316700,ifs,10,-0.3540,0.3623,0.3827,0.8661,239,6.1945
14325000,ifs,10,-0.2435,0.2555,0.3204,0.7132,239,9.3988
14362250,ifs,10,0.0149,0.5542,0.5971,1.0595,239,4.1441
14400000,ifs,10,-0.2790,0.2095,0.2748,0.7171,239,12.8329
01013500,ifs,11,-1.4437,-0.0580,-0.0095,1.2560,239,8.6399
01022500,ifs,11,-1.3802,-0.0042,0.0633,1.2762,239,9.7312
01030500,ifs,11,-1.3049,-0.0203,-0.0029,1.1275,239,8.2366
01031500,ifs,11,-1.5739,-0.0542,0.0062,1.2407,239,9.1544
01047000,ifs,11,-1.4321,-0.0825,-0.0384,1.2648,239,9.5783
01052500,ifs,11,-1.1297,-0.0552,-0.0164,1.2808,239,8.1737
01054200,ifs,11,-0.9309,-0.0569,-0.0480,1.1090,239,10.0690
01055000,ifs,11,-1.1894,-0.0574,-0.0525,1.0943,239,8.5285
01057000,ifs,11,-0.9524,-0.0685,-0.0649,0.9913,239,8.4847
01073000,ifs,11,-0.9479,0.0027,0.0057,1.0742,239,8.4667
01078000,ifs,11,-0.9882,-0.0168,-0.0134,1.0812,239,8.8589
01118300,ifs,11,-0.3941,-0.0498,0.0275,0.8118,239,13.6411
01121000,ifs,11,-0.5397,0.0070,0.0562,0.7778,239,10.2447
01123000,ifs,11,-0.5198,-0.0223,0.0392,0.7534,239,10.7017
01134500,ifs,11,-0.8096,0.0232,0.0294,1.0843,239,8.7950
01137500,ifs,11,-0.9773,-0.0423,-0.0204,1.2095,239,9.2454
01139000,ifs,11,-0.9532,-0.0645,-0.0528,1.1372,239,8.6525
01139800,ifs,11,-0.7960,-0.0497,-0.0362,0.9141,239,9.2755
01142500,ifs,11,-1.5422,-0.0958,-0.0510,1.2481,239,9.1936
01144000,ifs,11,-1.0420,-0.0271,-0.0267,1.0277,239,8.8700
01169000,ifs,11,-1.0215,-0.0039,0.0051,1.1335,239,9.8844
01170100,ifs,11,-1.0842,-0.0143,0.0020,1.1768,239,9.7845
01181000,ifs,11,-0.5660,0.0205,0.0544,0.8351,239,9.4674
01187300,ifs,11,-0.5969,0.0810,0.0927,0.9333,239,8.3617
01195100,ifs,11,-0.3724,-0.0988,0.0205,0.6811,239,11.2654
01333000,ifs,11,-0.6394,0.0601,0.0693,1.0266,239,8.9366
01350000,ifs,11,-0.1966,-0.0272,0.0975,0.8121,239,11.0582
01350080,ifs,11,-0.3765,0.0543,0.1001,0.9194,239,9.2650
01350140,ifs,11,-0.4458,0.0990,0.1242,0.9240,239,9.0001
01365000,ifs,11,-0.5277,0.0100,0.0383,0.9838,239,10.3982
01411300,ifs,11,-0.2605,-0.1124,0.0218,0.7619,239,12.1218
01413500,ifs,11,-0.2671,-0.0417,0.0730,0.7665,239,10.7532
01414500,ifs,11,-0.3132,-0.0327,0.0510,0.8791,239,11.6562
01415000,ifs,11,-0.4436,0.0532,0.0897,0.8985,239,9.4501
01423000,ifs,11,-0.4633,0.0345,0.0764,0.8570,239,9.4108
01434025,ifs,11,-0.3265,-0.0520,0.0393,0.8267,239,12.3517
01435000,ifs,11,-0.3701,-0.0325,0.0380,0.8777,239,11.8210
01439500,ifs,11,-0.4420,0.0654,0.1087,0.8281,239,9.1557
01440000,ifs,11,-0.4646,0.0698,0.1098,0.8237,239,9.7679
01440400,ifs,11,-0.4025,0.0029,0.0806,0.7466,239,9.9778
01451800,ifs,11,-0.7283,0.0620,0.0693,0.9107,239,8.9879
01466500,ifs,11,-0.7241,0.0345,0.0452,0.9008,239,9.4401
01484100,ifs,11,-0.6025,0.0444,0.0585,1.0138,239,9.8635
01485500,ifs,11,-0.3433,-0.0683,0.0282,0.7890,239,10.8967
01486000,ifs,11,-0.2622,-0.0193,0.0812,0.8220,239,10.8519
01487000,ifs,11,-0.5267,-0.0067,0.0247,1.0144,239,10.1925
01491000,ifs,11,-1.0606,0.0168,0.0283,1.1385,239,8.8958
01510000,ifs,11,-0.5356,0.0188,0.0535,0.8579,239,9.0269
01516500,ifs,11,-0.7399,0.0898,0.0928,0.9400,239,7.6450
01518862,ifs,11,-0.5480,0.0924,0.1097,0.8982,239,7.6093
01532000,ifs,11,-0.5065,0.0281,0.0617,0.8854,239,8.5565
01539000,ifs,11,-0.7268,0.0449,0.0524,0.9270,239,9.5327
01542810,ifs,11,-1.0518,0.0470,0.0501,0.9927,239,9.4449
01543000,ifs,11,-1.2280,0.0325,0.0448,1.0105,239,9.4916
01543500,ifs,11,-0.9503,0.0639,0.0662,0.9512,239,9.5552
01544500,ifs,11,-0.9488,0.0276,0.0280,0.9741,239,8.8252
01545600,ifs,11,-0.9364,0.0389,0.0389,1.0063,239,9.0011
01547700,ifs,11,-0.3460,-0.0168,0.0559,0.8716,239,12.4632
01548500,ifs,11,-0.8126,0.0470,0.0511,0.9253,239,7.9483
01549500,ifs,11,-0.9463,0.0395,0.0396,1.0064,239,9.1674
01550000,ifs,11,-0.7493,0.0291,0.0347,0.9681,239,9.6888
01552000,ifs,11,-0.3953,-0.0083,0.0563,0.8392,239,9.8770
01552500,ifs,11,-0.6573,0.0414,0.0556,0.9036,239,9.0252
01557500,ifs,11,-0.2523,0.0750,0.1658,0.7570,239,10.5738
01567500,ifs,11,-0.3664,0.0443,0.1055,0.8211,239,9.1149
01568000,ifs,11,-0.4065,0.0500,0.1035,0.8183,239,8.1834
01580000,ifs,11,-0.7402,0.0897,0.0948,0.9127,239,8.2158
01583500,ifs,11,-0.7720,0.1556,0.1582,0.9575,239,8.2357
01586610,ifs,11,-0.6787,0.1005,0.1101,0.8841,239,8.1116
01591400,ifs,11,-0.3831,0.1362,0.1820,0.7887,239,9.5671
01596500,ifs,11,-0.2595,0.0870,0.1474,0.9508,239,8.2158
01605500,ifs,11,-0.4985,0.0453,0.0713,0.9695,239,8.1652
01606500,ifs,11,-0.5054,0.0733,0.0930,0.9948,239,7.6042
01613050,ifs,11,-0.4866,0.0075,0.0510,0.8572,239,8.0662
01620500,ifs,11,-0.6005,0.0705,0.0907,1.1404,239,7.1653
01632000,ifs,11,-0.4139,0.0697,0.1168,0.8275,239,8.3808
01632900,ifs,11,-0.3602,0.0391,0.1049,0.8081,239,8.0175
01634500,ifs,11,-0.5023,0.0599,0.0923,0.8537,239,8.5082
01638480,ifs,11,-0.4999,0.1343,0.1499,0.8994,239,8.4295
01639500,ifs,11,-0.5186,0.1024,0.1203,0.9044,239,7.5840
01644000,ifs,11,-0.4720,0.2133,0.2237,0.8849,239,7.7975
01658500,ifs,11,-0.3747,0.1490,0.1815,0.8563,239,8.5126
01664000,ifs,11,-0.3691,0.1986,0.2245,0.8474,239,7.9974
01666500,ifs,11,-0.4124,0.1864,0.2009,0.9163,239,8.1623
01667500,ifs,11,-0.4037,0.1703,0.1902,0.8969,239,7.7676
01669000,ifs,11,-0.4968,0.0309,0.0595,0.9866,239,9.9408
01669520,ifs,11,-0.3843,0.0352,0.0818,0.9576,239,9.4942
02011400,ifs,11,-0.5180,0.0314,0.0570,0.9952,239,7.3588
02011460,ifs,11,-0.4643,0.0254,0.0597,1.0028,239,7.6913
02013000,ifs,11,-0.6259,0.0122,0.0287,0.9867,239,8.0218
02014000,ifs,11,-1.0458,-0.0091,-0.0058,1.0808,239,8.0520
02015700,ifs,11,-0.5306,0.0101,0.0428,1.1064,239,7.6268
02016000,ifs,11,-0.6516,0.0351,0.0518,1.1092,239,6.9598
02017500,ifs,11,-1.6803,-0.0680,-0.0076,1.2113,239,8.1550
02018000,ifs,11,-1.7944,-0.1021,-0.0136,1.2939,239,7.9597
02027000,ifs,11,-1.0746,0.0147,0.1268,1.4294,239,7.5303
02027500,ifs,11,-0.9986,0.0335,0.1202,1.3839,239,7.6709
02028500,ifs,11,-0.5717,0.1633,0.1662,1.0342,239,7.1211
02038850,ifs,11,-1.0227,0.0125,0.0299,1.1807,239,8.4220
02046000,ifs,11,-0.5577,0.0663,0.0817,1.0245,239,8.5820
02051000,ifs,11,-0.5075,0.1328,0.1511,1.1285,239,9.0194
02051500,ifs,11,-0.5346,0.1416,0.1660,1.1829,239,8.2238
02053200,ifs,11,-0.5275,0.1610,0.1688,1.0752,239,9.0024
02053800,ifs,11,-1.3613,0.0192,0.0667,1.1939,239,8.2287
02055100,ifs,11,-2.1178,-0.2930,0.0060,1.7048,239,8.4660
02056900,ifs,11,-1.6831,-0.0833,0.0676,1.4249,239,9.7317
02059500,ifs,11,-2.0076,-0.1507,0.0290,1.4442,239,8.0865
02064000,ifs,11,-1.9352,-0.1750,0.0345,1.5311,239,8.5237
02065500,ifs,11,-1.5751,-0.0782,0.0501,1.4169,239,8.4799
02069700,ifs,11,-1.5606,-0.0211,0.0562,1.2461,239,11.3075
02070000,ifs,11,-1.9602,-0.0925,0.0332,1.2739,239,12.0157
02074500,ifs,11,-1.6390,-0.2265,0.0148,1.6759,239,12.1053
02077200,ifs,11,-2.1146,-0.2060,0.0311,1.5464,239,9.7780
02081500,ifs,11,-1.2528,-0.0125,0.0713,1.3592,239,9.5367
02082950,ifs,11,-1.4265,-0.1055,0.1208,1.6008,239,8.5028
02092500,ifs,11,-0.5698,0.0958,0.1136,1.1271,239,7.8639
02096846,ifs,11,-0.5118,-0.0017,0.0428,1.1688,239,11.0815
02102908,ifs,11,-0.4181,0.0364,0.0771,1.0532,239,9.8785
02108000,ifs,11,-0.5460,0.0976,0.1127,1.0848,239,8.0503
02111180,ifs,11,-1.0770,0.1223,0.1524,1.1092,239,10.7454
02111500,ifs,11,-1.1133,0.0184,0.0226,1.0468,239,10.6413
02118500,ifs,11,-1.5803,-0.0440,0.0134,1.2133,239,10.0340
02128000,ifs,11,-0.7694,0.0529,0.0777,1.2106,239,8.7826
02137727,ifs,11,-0.9963,0.0673,0.0766,1.1068,239,11.8141
02140991,ifs,11,-1.6524,0.0283,0.1556,1.1753,239,11.7111
02143000,ifs,11,-1.1514,0.0852,0.1261,1.1781,239,10.3675
02143040,ifs,11,-1.3343,0.0552,0.1165,1.1920,239,10.7231
02149000,ifs,11,-0.5535,0.1248,0.1330,0.9564,239,12.4697
02152100,ifs,11,-1.5405,0.0236,0.1389,1.2567,239,10.6994
02177000,ifs,11,-0.8710,0.0736,0.0780,1.0890,239,12.3007
02178400,ifs,11,-1.3562,0.0251,0.0560,1.1026,239,11.6981
02193340,ifs,11,-0.7290,0.1576,0.1661,1.1142,239,9.5607
02196000,ifs,11,-0.4435,0.2010,0.2075,1.0361,239,9.5758
02198100,ifs,11,-0.3535,0.0545,0.1130,0.8385,239,12.1717
02202600,ifs,11,-1.0269,0.0914,0.1159,1.1620,239,8.5487
02212600,ifs,11,-0.4123,-0.0018,0.0547,0.8651,239,10.1517
02215100,ifs,11,-0.4017,0.1514,0.1699,0.9740,239,10.0230
02216180,ifs,11,-0.2590,0.1510,0.1950,0.9309,239,11.1884
02221525,ifs,11,-0.4659,0.0981,0.1212,0.9202,239,9.2053
02231000,ifs,11,-0.5645,0.0572,0.0888,0.8198,239,8.3830
02231342,ifs,11,-1.0090,0.0566,0.0608,1.0584,239,9.5750
02235200,ifs,11,-0.3616,0.1512,0.1859,0.8534,239,8.1006
02245500,ifs,11,-0.2447,0.1762,0.2157,0.9434,239,7.1116
02246000,ifs,11,-0.4280,0.1141,0.1435,0.8773,239,7.0137
02296500,ifs,11,-0.5778,0.2124,0.2125,0.9836,239,7.6594
02297155,ifs,11,-0.5505,0.0477,0.0665,0.9976,239,10.3458
02297310,ifs,11,-0.7339,0.0166,0.0242,0.9707,239,10.3001
02298123,ifs,11,-0.7733,0.0700,0.0733,1.0634,239,9.5542
02298608,ifs,11,-0.5686,-0.0413,-0.0045,0.8933,239,10.5924
02299950,ifs,11,-0.5360,0.0012,0.0302,0.9702,239,9.7567
02300700,ifs,11,-0.2582,0.1157,0.1675,0.9772,239,10.4937
02310947,ifs,11,-0.3156,0.0857,0.1332,0.9758,239,8.8411
02312200,ifs,11,-0.2403,0.0189,0.1045,0.9341,239,10.1257
02314500,ifs,11,-0.3841,0.0121,0.0818,0.7954,239,9.1091
02315500,ifs,11,-0.4181,0.0449,0.1076,0.7685,239,8.4215
02324400,ifs,11,-0.0858,0.0218,0.1868,0.7499,239,10.8789
02327100,ifs,11,-0.2809,-0.0094,0.1048,0.7200,239,10.0203
02349900,ifs,11,-0.3494,0.0819,0.1304,0.8753,239,10.9808
02350900,ifs,11,-0.3861,0.1716,0.1909,0.9227,239,8.7645
02361000,ifs,11,-0.5015,0.1696,0.1765,0.9503,239,8.7186
02363000,ifs,11,-0.3461,0.1428,0.1725,0.9390,239,9.1200
02369800,ifs,11,-0.1972,-0.1007,0.0712,0.6821,239,14.1244
02371500,ifs,11,-0.2289,0.0668,0.1438,0.9025,239,10.3453
02372250,ifs,11,-0.2603,0.0566,0.1389,0.8158,239,10.2509
02374500,ifs,11,-0.4618,-0.0039,0.0480,0.8377,239,12.1170
02381600,ifs,11,-0.7248,0.0067,0.0165,0.9567,239,13.2244
02384540,ifs,11,-0.5972,0.0278,0.0468,0.9342,239,11.0849
02395120,ifs,11,-1.1252,-0.0047,0.0216,1.2140,239,10.9279
02408540,ifs,11,-0.5736,0.1063,0.1145,0.9826,239,11.8738
02415000,ifs,11,-0.4681,0.0450,0.0799,0.8939,239,12.3472
02422500,ifs,11,-1.0301,0.0869,0.1135,1.1745,239,12.4689
02427250,ifs,11,-0.5501,0.1283,0.1354,0.9985,239,9.5508
02430085,ifs,11,-0.4446,0.1489,0.1702,1.1237,239,10.3731
02450250,ifs,11,-0.2782,0.0096,0.0917,0.8788,239,10.9188
02464000,ifs,11,-0.1894,-0.0227,0.0986,0.8490,239,12.2561
02465493,ifs,11,-0.6796,0.1112,0.1196,1.1113,239,11.0654
02469800,ifs,11,-0.6141,0.1133,0.1185,0.9630,239,11.5128
02472000,ifs,11,-0.3492,0.0316,0.0945,0.8527,239,12.1489
02472500,ifs,11,-0.4323,-0.0969,-0.0090,0.7632,239,13.6549
02479155,ifs,11,-0.2410,-0.0445,0.0877,0.7203,239,14.7039
02479300,ifs,11,-0.0925,-0.1322,0.1221,0.5879,239,18.3079
02481000,ifs,11,-0.0502,-0.1857,0.1369,0.5225,239,21.5661
02481510,ifs,11,-0.0350,-0.1209,0.1899,0.5348,239,17.6001
03010655,ifs,11,-0.6061,0.0607,0.0765,0.9041,239,8.3775
03011800,ifs,11,-0.7563,0.0458,0.0497,0.9671,239,10.2495
03015500,ifs,11,-1.1654,0.0277,0.0390,1.0894,239,9.4849
03021350,ifs,11,-0.9331,0.0315,0.0318,1.0260,239,10.4410
03026500,ifs,11,-0.7956,0.0608,0.0624,0.9655,239,9.7356
03028000,ifs,11,-0.8885,0.0722,0.0726,1.0170,239,10.3202
03049800,ifs,11,-0.3762,0.1534,0.1751,0.9672,239,10.3865
03050000,ifs,11,-0.2706,0.0316,0.1074,0.9061,239,10.3987
03066000,ifs,11,-0.4162,0.0340,0.0748,1.0331,239,9.7738
03069500,ifs,11,-0.4177,0.0612,0.0961,1.0363,239,9.1894
03070500,ifs,11,-0.7077,0.1556,0.1603,1.0873,239,9.9807
03076600,ifs,11,-0.1976,0.0571,0.1561,0.8212,239,9.8311
03078000,ifs,11,-0.1831,0.0639,0.1568,0.8863,239,9.6451
03140000,ifs,11,-0.6570,0.0591,0.0669,1.0190,239,9.1567
03144000,ifs,11,-0.3693,0.0476,0.1114,0.8001,239,10.2165
03159540,ifs,11,-0.1424,0.1309,0.2172,0.8633,239,9.9347
03161000,ifs,11,-1.2768,0.0776,0.1279,1.1457,239,10.2718
03164000,ifs,11,-1.1113,0.0781,0.0909,1.0345,239,8.6684
03165000,ifs,11,-0.7477,0.1436,0.1451,1.0456,239,9.4165
03170000,ifs,11,-1.2971,0.0572,0.1073,1.1751,239,8.4619
03173000,ifs,11,-1.3657,0.0139,0.0395,1.0820,239,7.6570
03180500,ifs,11,-0.4343,0.0385,0.0750,1.0179,239,8.1504
03182500,ifs,11,-0.4536,0.0525,0.0830,1.0062,239,7.4725
03186500,ifs,11,-0.4465,0.0738,0.1011,1.0083,239,8.9194
03187500,ifs,11,-0.5041,0.0664,0.0884,1.0425,239,8.9985
03213700,ifs,11,-0.7822,-0.0033,0.0083,1.1066,239,9.4226
03237280,ifs,11,-0.5736,0.0543,0.0697,1.0093,239,9.7692
03237500,ifs,11,-0.4004,0.1558,0.1733,0.9898,239,9.3114
03241500,ifs,11,-0.3586,0.0165,0.0765,0.8948,239,11.6127
03280700,ifs,11,-0.6551,0.0145,0.0295,1.0586,239,9.3064
03281100,ifs,11,-0.6841,0.0922,0.0973,1.0643,239,8.9926
03281500,ifs,11,-0.6454,0.0894,0.0955,1.0448,239,8.6000
03285000,ifs,11,-0.5830,0.0704,0.0829,1.0285,239,11.2713
03291780,ifs,11,-0.2673,0.0931,0.1494,0.9649,239,11.6077
03300400,ifs,11,-0.4700,0.0476,0.0781,0.9430,239,11.7086
03340800,ifs,11,-0.2249,0.0166,0.1156,0.8429,239,11.4612
03346000,ifs,11,-0.3266,0.1097,0.1513,0.9254,239,10.0663
03364500,ifs,11,-0.1179,0.0340,0.1710,0.7974,239,13.9795
03366500,ifs,11,-0.1840,0.1958,0.2413,1.0037,239,11.0165
03368000,ifs,11,0.0098,0.1346,0.2950,0.7640,239,12.9751
03384450,ifs,11,-0.3799,0.2162,0.2457,1.1911,239,11.1704
03439000,ifs,11,-1.2057,0.0558,0.0751,1.0733,239,11.8269
03450000,ifs,11,-1.2214,0.0512,0.0674,1.0006,239,9.7749
03455500,ifs,11,-1.3087,0.0627,0.0946,1.0047,239,10.9769
03456500,ifs,11,-1.6550,0.0052,0.0780,1.0738,239,11.0278
03460000,ifs,11,-1.0727,0.0641,0.0716,1.0451,239,10.3508
03463300,ifs,11,-0.9873,0.1124,0.1306,1.1223,239,11.2524
03471500,ifs,11,-1.1209,0.0139,0.0184,1.0533,239,8.8705
03473000,ifs,11,-0.9541,0.0687,0.0702,1.0198,239,8.8124
03479000,ifs,11,-1.2503,0.0809,0.1167,1.0835,239,9.0084
03488000,ifs,11,-1.0093,0.0110,0.0111,1.0000,239,8.7617
03498500,ifs,11,-0.7755,0.0478,0.0512,1.0427,239,10.2279
03500000,ifs,11,-1.3010,0.0359,0.0727,1.1555,239,11.2192
03504000,ifs,11,-0.9871,0.0452,0.0484,0.9347,239,12.3191
03574500,ifs,11,-0.3911,0.0316,0.0786,0.9393,239,10.9582
03604000,ifs,11,-0.3192,0.1669,0.1985,0.9004,239,11.1855
04015330,ifs,11,-0.9092,0.0099,0.1707,1.5271,239,9.0090
04024430,ifs,11,-1.1738,-0.0361,0.1473,1.5468,239,7.4183
04027000,ifs,11,-1.2418,-0.1214,0.0753,1.6128,239,6.7976
04040500,ifs,11,-0.5819,0.0348,0.0525,0.9804,239,6.7030
04043050,ifs,11,-0.3642,0.2935,0.2943,1.0022,239,5.6908
04045500,ifs,11,-0.4502,0.1212,0.1435,1.0960,239,6.1502
04056500,ifs,11,-0.6431,0.1706,0.1971,1.2072,239,6.1076
04057510,ifs,11,-0.4575,0.1660,0.1846,1.1306,239,6.7489
04057800,ifs,11,-0.6233,0.0314,0.0455,0.9845,239,6.8671
04059500,ifs,11,-0.7341,0.1283,0.1432,1.1603,239,6.8369
04063700,ifs,11,-1.2374,0.0294,0.1754,1.4234,239,7.1300
04074950,ifs,11,-0.7184,0.1361,0.1556,1.1822,239,6.9019
04105700,ifs,11,-0.4746,0.0644,0.0900,0.9713,239,8.7521
04115265,ifs,11,-0.2593,0.1890,0.2212,0.9652,239,8.0676
04122200,ifs,11,-0.5096,0.1635,0.1696,1.0280,239,8.8527
04122500,ifs,11,-0.5381,0.1730,0.1763,1.0262,239,8.4080
04124000,ifs,11,-0.1271,0.0540,0.1940,0.7341,239,9.1485
04127997,ifs,11,-0.1582,0.0916,0.1977,0.7866,239,8.3493
04185000,ifs,11,-0.8350,0.0681,0.0683,0.9959,239,8.9105
04196800,ifs,11,-0.5499,0.0192,0.0454,0.9252,239,8.7978
04197100,ifs,11,-0.5339,-0.0107,0.0206,0.9764,239,9.7935
04197170,ifs,11,-0.6402,0.0272,0.0424,1.0686,239,9.1652
04213000,ifs,11,-1.6130,-0.0647,-0.0083,1.2266,239,10.3488
04213075,ifs,11,-0.9880,0.0180,0.0388,1.1989,239,10.1497
04216418,ifs,11,-0.9222,0.0456,0.0537,0.8766,239,10.2767
04221000,ifs,11,-0.4889,0.1197,0.1367,0.9198,239,7.5640
04224775,ifs,11,-0.3884,0.1704,0.1881,0.9463,239,8.1162
04256000,ifs,11,-1.0794,-0.0145,-0.0074,1.1157,239,8.6149
04296000,ifs,11,-0.9052,-0.0453,-0.0344,1.1249,239,8.6187
05057000,ifs,11,-1.6210,-0.2261,0.1917,1.8083,239,6.0488
05057200,ifs,11,-4.1477,-0.7417,0.1038,2.0007,239,7.8169
05062500,ifs,11,-1.6127,-0.2272,0.0986,1.7613,239,7.1152
05087500,ifs,11,-2.8581,-0.4327,0.0623,1.7985,239,10.4500
05120500,ifs,11,-1.2797,-0.1158,0.3112,1.7504,239,6.0741
05123400,ifs,11,-0.5272,0.1896,0.3554,1.4688,239,6.2154
05129115,ifs,11,-1.1976,-0.0417,0.0912,1.4796,239,6.5554
05131500,ifs,11,-1.0787,-0.0248,0.1058,1.4838,239,5.9922
05291000,ifs,11,-1.2159,-0.2317,-0.0045,1.7078,239,10.2190
05362000,ifs,11,-0.9783,0.0161,0.1561,1.4866,239,7.2364
05393500,ifs,11,-0.7246,0.0902,0.1693,1.3702,239,7.3996
05399500,ifs,11,-0.6185,0.1019,0.1227,1.1728,239,9.0282
05408000,ifs,11,-0.3448,0.1305,0.1625,1.0486,239,10.4396
05412500,ifs,11,-0.5054,0.1613,0.1677,1.0193,239,9.2849
05413500,ifs,11,-0.4413,0.1782,0.1881,1.0369,239,10.3498
05414000,ifs,11,-0.3833,0.1601,0.1797,1.0414,239,9.9352
05444000,ifs,11,-0.3533,0.1385,0.1672,1.0464,239,8.4141
05454000,ifs,11,-0.2043,0.0662,0.1648,0.7903,239,9.4952
05458000,ifs,11,-0.6655,0.0597,0.0682,1.0552,239,10.1883
05466500,ifs,11,-0.1524,-0.0741,0.1172,0.6463,239,11.3301
05487980,ifs,11,-0.3310,-0.0083,0.0748,0.8039,239,10.3802
05488200,ifs,11,-0.1727,-0.0937,0.0712,0.7403,239,11.8215
05489000,ifs,11,-0.2051,-0.0758,0.0713,0.7452,239,11.1036
05495000,ifs,11,-0.5860,0.0292,0.0511,0.9079,239,9.3014
05495500,ifs,11,-0.3323,0.0710,0.1290,0.8450,239,10.2305
05501000,ifs,11,-0.1949,0.0788,0.1625,0.8934,239,10.9819
05503800,ifs,11,-0.3202,0.1514,0.1816,0.9906,239,9.0715
05507600,ifs,11,-0.7616,0.1803,0.2401,1.2745,239,8.7362
05508805,ifs,11,-0.9077,0.1585,0.1945,1.1805,239,8.9463
05514500,ifs,11,-0.7725,0.1594,0.1847,1.1888,239,9.4579
05525500,ifs,11,-0.4833,0.0311,0.0629,0.9418,239,9.9371
05556500,ifs,11,-0.1341,0.0924,0.2092,0.7676,239,9.5976
05584500,ifs,11,-0.1400,-0.0501,0.1161,0.7364,239,12.1489
05585000,ifs,11,-0.1748,-0.0073,0.1246,0.7782,239,11.2714
05591550,ifs,11,-0.1870,0.1276,0.1985,0.8929,239,9.9208
05592050,ifs,11,-0.1520,0.2825,0.3099,1.0399,239,8.1795
05592575,ifs,11,-0.1648,0.1165,0.2114,0.7906,239,10.4857
05593575,ifs,11,-0.4113,0.2938,0.3032,1.1146,239,9.7851
05593900,ifs,11,-0.1623,0.2153,0.2695,0.8579,239,9.5003
05595730,ifs,11,-0.4184,0.3054,0.3246,1.1561,239,9.3295
06037500,ifs,11,-0.1353,0.2995,0.3245,0.9874,239,4.1587
06043500,ifs,11,-0.1950,0.3143,0.3261,0.9776,239,4.1572
06154410,ifs,11,-0.9173,0.0260,0.0671,1.2791,239,6.7201
06188000,ifs,11,-0.4888,0.2593,0.2987,1.2338,239,3.6759
06191500,ifs,11,-0.3044,0.3157,0.3304,1.1372,239,3.4864
06221400,ifs,11,-0.9642,0.0787,0.3022,1.5249,239,4.1053
06224000,ifs,11,-0.7974,0.0946,0.2753,1.5128,239,4.1510
06289000,ifs,11,-2.8410,-0.4935,0.2046,1.9502,239,5.5981
06332515,ifs,11,-2.8779,-0.4554,0.0117,1.8184,239,6.5019
06339100,ifs,11,-4.8469,-0.9202,0.0471,2.1466,239,6.3317
06339500,ifs,11,-2.4174,-0.3027,0.0994,1.6929,239,5.7417
06344600,ifs,11,-2.2027,-0.3476,0.0285,1.7938,239,6.1698
06350000,ifs,11,-1.0576,0.0826,0.1586,1.3114,239,4.1622
06352000,ifs,11,-2.1049,-0.1888,0.1095,1.5686,239,4.3930
06353000,ifs,11,-1.7249,-0.1451,0.1738,1.6368,239,4.4151
06354000,ifs,11,-1.3073,-0.0324,0.1965,1.5553,239,4.4251
06360500,ifs,11,-1.7603,-0.2095,0.1413,1.7287,239,4.2085
06404000,ifs,11,-1.3095,-0.1182,0.1483,1.6735,239,5.0767
06406000,ifs,11,-1.3358,-0.1019,0.1615,1.6514,239,4.6765
06408700,ifs,11,-1.7785,-0.2124,0.2117,1.7701,239,4.8424
06409000,ifs,11,-1.6776,-0.1666,0.2026,1.7126,239,4.6835
06431500,ifs,11,-1.7864,-0.2148,0.1458,1.7406,239,5.4171
06440200,ifs,11,-0.8823,0.0153,0.0295,1.1635,239,5.8482
06441500,ifs,11,-1.4105,0.0136,0.0622,1.1772,239,5.4263
06447000,ifs,11,-1.1201,-0.0085,0.0905,1.4121,239,4.9519
06447500,ifs,11,-1.8637,-0.1984,-0.0297,1.5207,239,6.7263
06450500,ifs,11,-1.3676,-0.0552,-0.0094,1.2648,239,7.0972
06452000,ifs,11,-1.3463,-0.0313,0.0499,1.3460,239,5.5679
06453600,ifs,11,-1.2718,-0.0900,0.0041,1.4258,239,8.1093
06464500,ifs,11,-0.7423,-0.0223,0.0054,1.1938,239,8.1668
06477500,ifs,11,-0.8469,0.0223,0.1671,1.5047,239,6.8024
06479215,ifs,11,-1.1200,-0.2436,-0.0123,1.7217,239,10.2168
06479438,ifs,11,-1.2229,-0.2928,0.0020,1.8169,239,9.7158
06601000,ifs,11,-0.6764,-0.0684,0.0717,1.5154,239,9.7041
06614800,ifs,11,-0.3791,-0.0631,0.0068,1.0312,239,6.3164
06622700,ifs,11,-0.8475,0.0921,0.1034,1.1403,239,4.8508
06623800,ifs,11,-0.9760,0.0127,0.0757,1.3428,239,5.3902
06632400,ifs,11,-1.1039,0.0147,0.0768,1.3226,239,5.6321
06784000,ifs,11,-0.6912,0.0688,0.0986,1.2234,239,7.1429
06803510,ifs,11,-0.5116,0.0334,0.0682,1.1416,239,10.1535
06803530,ifs,11,-0.6179,0.0425,0.0826,1.2408,239,9.0146
06814000,ifs,11,-0.3396,0.0597,0.1085,0.9921,239,8.8338
06846500,ifs,11,-0.6148,0.0970,0.1049,1.0577,239,5.3022
06847900,ifs,11,-0.9352,0.0369,0.1002,1.3371,239,7.0629
06853800,ifs,11,-1.2365,0.0116,0.0986,1.3482,239,8.0514
06876700,ifs,11,-0.4001,-0.0481,0.0214,0.8571,239,11.7620
06878000,ifs,11,-0.4738,0.1166,0.1327,1.0232,239,9.7408
06879650,ifs,11,-0.2026,0.1212,0.1985,0.8229,239,10.5706
06885500,ifs,11,-0.3064,0.0552,0.1174,0.8885,239,10.1035
06888500,ifs,11,-0.3342,0.0663,0.1215,0.8718,239,11.6018
06889200,ifs,11,-0.3379,-0.0349,0.0444,0.8670,239,10.4905
06889500,ifs,11,-0.4182,-0.0091,0.0437,0.9089,239,10.4363
06892000,ifs,11,-0.3822,-0.0235,0.0503,0.8141,239,10.9161
06903400,ifs,11,-0.3352,-0.0721,0.0273,0.7880,239,10.9445
06906800,ifs,11,-0.1511,0.0497,0.1906,0.6975,239,11.7849
06910800,ifs,11,-0.6968,0.0421,0.0515,0.9282,239,12.4297
06911900,ifs,11,-0.6426,0.0007,0.0263,0.8570,239,12.9164
06917000,ifs,11,-0.4972,0.0177,0.0528,0.9022,239,13.4361
06918460,ifs,11,-0.3374,0.0937,0.1365,0.9358,239,11.5825
06919500,ifs,11,-0.6030,0.1803,0.1874,1.1067,239,12.0572
06921070,ifs,11,-0.0710,0.1335,0.2604,0.7555,239,11.8106
06921200,ifs,11,-0.1743,0.1074,0.1974,0.8178,239,13.1307
06934000,ifs,11,-0.2546,0.1698,0.2075,0.9893,239,9.7338
07014500,ifs,11,-0.1960,0.0582,0.1484,0.8885,239,12.7177
07056000,ifs,11,-0.4312,0.1306,0.1550,1.1114,239,10.6814
07057500,ifs,11,-0.2853,0.2074,0.2302,1.0182,239,9.4735
07060710,ifs,11,-0.4327,0.1518,0.2094,1.2881,239,11.2718
07066000,ifs,11,-0.3228,0.1936,0.2215,1.1234,239,9.5555
07067000,ifs,11,-0.4553,0.2084,0.2445,1.2322,239,8.8659
07068000,ifs,11,-0.6199,0.1677,0.2279,1.3086,239,8.7880
07071500,ifs,11,-0.6057,0.1584,0.1984,1.2564,239,9.4118
07083000,ifs,11,-0.8854,-0.1047,0.1575,1.7125,239,3.9712
07142300,ifs,11,-0.8854,0.0194,0.1116,1.4118,239,7.1935
07145700,ifs,11,0.0013,0.0904,0.2511,0.8800,239,11.6198
07148400,ifs,11,-0.8979,0.1597,0.3946,1.4131,239,6.1451
07149000,ifs,11,-1.1281,0.0626,0.3051,1.4889,239,6.1704
07151500,ifs,11,-0.0330,0.2813,0.3454,1.1311,239,7.9978
07167500,ifs,11,-0.4322,0.0201,0.0607,0.9938,239,9.4516
07180500,ifs,11,-0.5385,0.1240,0.1337,1.0495,239,9.9899
07184000,ifs,11,-0.2076,0.0699,0.1480,1.0029,239,14.3203
07195800,ifs,11,-0.2522,0.1262,0.1768,1.0378,239,12.3153
07196900,ifs,11,-0.3402,0.1223,0.1636,1.1299,239,11.2936
07197000,ifs,11,-0.3548,0.1533,0.1812,1.0874,239,10.9337
07208500,ifs,11,-1.3089,-0.2716,0.2498,1.9674,239,3.9514
07226500,ifs,11,-0.9236,0.0042,0.1456,1.5010,239,3.4146
07261000,ifs,11,-0.9342,0.0667,0.1830,1.4244,239,12.0143
07263295,ifs,11,-1.3660,-0.1081,0.0410,1.5194,239,14.1124
07290650,ifs,11,-0.3886,-0.0111,0.0463,0.9344,239,11.3303
07291000,ifs,11,-0.2954,-0.0070,0.0766,0.8631,239,11.0800
07292500,ifs,11,-0.3109,-0.0048,0.0771,0.8409,239,11.2329
07295000,ifs,11,-0.2376,-0.0715,0.0584,0.7732,239,12.3135
07299670,ifs,11,-1.6759,-0.1575,0.0853,1.6045,239,7.4746
07301410,ifs,11,-0.2940,-0.1066,0.0025,1.1460,239,6.3601
07301500,ifs,11,-0.8135,-0.0551,0.0837,1.5226,239,4.3699
07315200,ifs,11,-1.4397,-0.0203,0.0948,1.3695,239,10.5578
07315700,ifs,11,-2.2190,-0.3733,0.0960,1.8676,239,10.6828
07335700,ifs,11,-0.5398,0.0564,0.0773,1.0721,239,13.6168
07340300,ifs,11,-1.1904,0.0422,0.1333,1.3411,239,12.2963
07346045,ifs,11,-1.3707,-0.0334,0.0684,1.3825,239,11.1500
07359610,ifs,11,-1.0379,0.1021,0.1655,1.2705,239,13.2290
07362100,ifs,11,-1.1851,-0.0260,0.0795,1.4243,239,10.4815
07362587,ifs,11,-0.9441,0.0245,0.0588,1.2549,239,14.3182
07373000,ifs,11,-0.6571,0.1501,0.1579,1.1130,239,11.7383
07375000,ifs,11,-0.1475,-0.0321,0.1361,0.6922,239,14.6046
07376000,ifs,11,-0.0741,0.0744,0.2180,0.7815,239,12.3798
08013000,ifs,11,-0.3494,0.1066,0.1454,0.9161,239,11.8477
08014500,ifs,11,-0.8450,0.1600,0.1660,1.0076,239,13.4555
08023080,ifs,11,-0.4416,0.1310,0.1570,1.1357,239,11.1644
08025500,ifs,11,-0.3241,-0.0211,0.0546,0.9058,239,12.6729
08029500,ifs,11,-0.2189,0.1173,0.1839,0.8833,239,12.7519
08050800,ifs,11,-0.7613,0.0949,0.1224,1.2214,239,12.6972
08066200,ifs,11,-0.5353,-0.0302,0.0134,0.8511,239,17.0700
08066300,ifs,11,-0.2062,-0.0544,0.0795,0.7769,239,19.5037
08070000,ifs,11,-0.6437,0.0402,0.0514,0.9808,239,11.6485
08070200,ifs,11,-0.6029,0.0384,0.0540,0.9599,239,11.7705
08079600,ifs,11,-1.4975,-0.1411,0.0678,1.5958,239,4.7729
08082700,ifs,11,-1.6244,-0.3010,0.0565,1.8394,239,8.6032
08086212,ifs,11,-0.5543,0.2174,0.3184,1.3652,239,7.6770
08086290,ifs,11,-1.1136,0.0675,0.2246,1.4254,239,8.9107
08101000,ifs,11,-2.5272,-0.2582,0.1018,1.5562,239,11.5116
08103900,ifs,11,-0.5100,0.1340,0.1435,0.9948,239,11.4277
08104900,ifs,11,-0.4087,0.0762,0.1109,0.9297,239,12.4906
08109700,ifs,11,-0.7281,-0.0358,-0.0161,1.1169,239,13.9708
08150800,ifs,11,-0.4481,0.1113,0.1313,0.9814,239,12.8144
08155200,ifs,11,-1.1907,-0.0179,-0.0020,1.1559,239,12.2715
08158700,ifs,11,-1.2975,-0.0231,0.0026,1.1800,239,11.8044
08158810,ifs,11,-1.5703,-0.0474,-0.0056,1.1586,239,11.8773
08164000,ifs,11,-0.8903,0.0883,0.1044,1.1627,239,10.2070
08164300,ifs,11,-0.5769,0.0106,0.0325,1.0070,239,12.1239
08164600,ifs,11,-0.9605,0.0834,0.1049,1.1764,239,10.4758
08165300,ifs,11,-0.2738,0.0293,0.1067,0.8802,239,10.7822
08171300,ifs,11,-1.2781,-0.0145,0.0166,1.2024,239,12.7339
08175000,ifs,11,-1.2178,0.0470,0.0763,1.1487,239,12.9773
08176900,ifs,11,-1.3557,0.0488,0.1407,1.2652,239,10.5972
08178880,ifs,11,-0.3608,-0.0111,0.0504,0.9840,239,12.4547
08189500,ifs,11,-0.9315,0.1951,0.2748,1.2139,239,10.2908
08190000,ifs,11,-0.1083,-0.0465,0.1260,0.7666,239,15.2182
08190500,ifs,11,-0.0660,0.0478,0.1954,0.8418,239,14.2576
08194200,ifs,11,-0.0793,0.3694,0.4011,0.8367,239,9.0025
08195000,ifs,11,-0.1521,-0.0382,0.0999,0.8639,239,14.0009
08196000,ifs,11,-0.1446,-0.0171,0.1138,0.9053,239,15.9781
08198500,ifs,11,-0.2243,0.0127,0.1050,0.9281,239,13.9062
08200000,ifs,11,-0.2822,-0.0421,0.0481,0.9335,239,13.6931
08202700,ifs,11,-0.1628,0.0135,0.1292,0.8823,239,13.9744
08267500,ifs,11,-0.8196,-0.0300,0.1561,1.5886,239,5.1273
08269000,ifs,11,-1.3925,-0.2860,0.2029,1.9519,239,4.3577
08271000,ifs,11,-0.7002,0.0351,0.1766,1.5029,239,5.1606
08324000,ifs,11,-1.8507,-0.5846,0.1680,2.2766,239,3.9054
08377900,ifs,11,-1.2282,-0.2473,0.1008,1.8500,239,5.6541
08378500,ifs,11,-1.3380,-0.2943,0.0995,1.9097,239,5.0445
08380500,ifs,11,-1.7518,-0.2944,0.1515,1.8790,239,5.1164
09034900,ifs,11,-0.3703,0.0580,0.1030,1.0633,239,4.6318
09035900,ifs,11,-0.6769,0.0926,0.1556,1.3312,239,3.7849
09047700,ifs,11,-0.7667,0.0180,0.1911,1.5552,239,3.6877
09065500,ifs,11,-0.7611,0.0826,0.2044,1.4515,239,3.9599
09066000,ifs,11,-0.7401,0.0701,0.1756,1.4296,239,3.3542
09066200,ifs,11,-0.9573,0.0220,0.1811,1.5156,239,4.4200
09066300,ifs,11,-0.8344,0.0666,0.2074,1.4802,239,4.1639
09081600,ifs,11,-0.1435,0.1763,0.2897,1.3340,239,4.6584
09107000,ifs,11,-0.7156,-0.0720,0.2458,1.7590,239,3.2305
09210500,ifs,11,-1.1354,0.0399,0.1256,1.3500,239,3.4062
09223000,ifs,11,-0.9903,0.0836,0.1628,1.3371,239,4.0535
09306242,ifs,11,-1.5614,-0.3030,-0.0162,1.7894,239,4.5253
09312600,ifs,11,-0.5133,0.1722,0.2190,1.2713,239,3.8167
09352900,ifs,11,-0.7551,-0.0528,0.1612,1.6362,239,5.8538
09378170,ifs,11,-0.3973,0.1618,0.1867,1.1276,239,4.1262
09378630,ifs,11,-0.2944,0.1905,0.2196,1.0890,239,4.1806
09386900,ifs,11,-1.6605,-0.3549,0.0586,1.9256,239,3.7137
09404450,ifs,11,-0.3717,0.2797,0.3424,1.2918,239,3.4248
09430500,ifs,11,-0.9480,0.1367,0.2600,1.3678,239,3.1935
09430600,ifs,11,-0.9766,0.1464,0.2269,1.2781,239,4.0193
09447800,ifs,11,-1.2145,0.0874,0.2632,1.3763,239,2.4432
09480000,ifs,11,-0.0515,0.3662,0.3891,0.9497,239,3.5622
09484000,ifs,11,-0.5147,0.2361,0.2528,1.1584,239,4.1135
09484600,ifs,11,-0.2465,0.2730,0.2912,0.9101,239,3.4222
09492400,ifs,11,-0.2915,0.1393,0.1778,0.9776,239,5.3968
09494000,ifs,11,-0.5707,0.1593,0.1757,1.1570,239,4.2673
09497800,ifs,11,-0.3857,0.1443,0.1682,1.0680,239,3.1281
09497980,ifs,11,-0.3033,0.1641,0.1941,0.9890,239,3.6034
09505200,ifs,11,-0.2684,0.2722,0.3099,1.2122,239,3.2498
09505350,ifs,11,-0.0745,0.2886,0.3306,1.0066,239,3.0808
09505800,ifs,11,-0.0673,0.2960,0.3432,1.1099,239,3.2157
09508300,ifs,11,-0.1883,0.1880,0.2593,0.7713,239,3.2661
09510200,ifs,11,-0.1616,0.0962,0.2014,0.7667,239,3.2297
09512280,ifs,11,-0.0997,0.2243,0.2849,1.0782,239,2.8035
09513780,ifs,11,-0.1909,0.3116,0.3277,1.0770,239,2.5566
10023000,ifs,11,-0.2009,0.1664,0.2184,0.9385,239,3.9368
10166430,ifs,11,-0.5563,0.1155,0.1267,0.9233,239,4.4656
10172700,ifs,11,-0.6194,0.1378,0.1677,1.2230,239,3.4768
10172800,ifs,11,-0.6122,0.1487,0.1537,1.0777,239,4.6467
10173450,ifs,11,-0.0690,0.4008,0.4412,1.2101,239,3.7622
10205030,ifs,11,-0.7978,0.1207,0.2286,1.3999,239,4.0811
10234500,ifs,11,-0.0793,0.3475,0.3696,1.0279,239,3.6445
10242000,ifs,11,0.0391,0.4098,0.4386,0.9366,239,3.7378
10244950,ifs,11,-0.5136,0.1975,0.2006,1.0445,239,3.5155
10249300,ifs,11,-1.0191,0.1057,0.1448,1.2050,239,3.2150
10258000,ifs,11,0.4868,0.5560,0.7140,1.3082,239,2.5502
10258500,ifs,11,0.0075,0.0655,0.7309,1.7756,239,1.8153
10259000,ifs,11,0.4242,0.6147,0.7385,1.2702,239,2.0953
10259200,ifs,11,0.1313,0.1216,0.6083,1.7819,239,1.8700
10263500,ifs,11,0.2466,0.2067,0.5060,0.5592,239,5.1355
10310500,ifs,11,-1.5419,0.0734,0.2263,1.1484,239,5.7992
10316500,ifs,11,0.0378,0.1662,0.3431,0.6786,239,3.6475
10329500,ifs,11,-0.3168,0.0588,0.1337,0.7759,239,3.7591
10336645,ifs,11,-0.5743,0.3192,0.3544,1.1015,239,10.3150
10336660,ifs,11,-0.3529,0.3831,0.3919,1.0063,239,10.4102
10343500,ifs,11,-0.9752,0.2068,0.2600,1.0499,239,7.5970
10348850,ifs,11,-0.0980,0.1434,0.2835,0.6418,239,9.5556
10396000,ifs,11,-0.1101,0.0499,0.2116,0.6692,239,3.5420
11098000,ifs,11,0.1089,0.1360,0.3848,0.5739,239,7.7186
11124500,ifs,11,-0.0097,0.1936,0.3103,0.7977,239,6.9754
11141280,ifs,11,0.1157,0.2993,0.4309,0.7328,239,5.9362
11143000,ifs,11,-0.0413,-0.0664,0.2190,0.4795,239,10.3412
11148900,ifs,11,0.0949,0.2188,0.3963,0.6635,239,5.2034
11151300,ifs,11,-0.0740,0.2924,0.3532,0.7968,239,3.8801
11162500,ifs,11,0.0017,0.1765,0.3301,0.6759,239,6.3463
11176400,ifs,11,-0.4327,0.1793,0.1984,0.8665,239,4.0571
11180500,ifs,11,-0.5569,0.1763,0.1782,1.0121,239,4.7636
11180960,ifs,11,-0.3431,0.1174,0.1695,0.8004,239,5.3117
11224500,ifs,11,0.0638,0.2828,0.4059,0.7132,239,3.1545
11253310,ifs,11,0.0319,0.4120,0.4383,0.9353,239,2.6147
11264500,ifs,11,-2.1953,-0.1749,0.2189,1.5159,239,8.4969
11266500,ifs,11,-1.7696,-0.0503,0.2181,1.4203,239,8.5236
11274500,ifs,11,-0.2800,0.1381,0.2018,0.7746,239,3.6624
11274630,ifs,11,-0.4127,0.1324,0.1616,0.8637,239,3.4988
11284400,ifs,11,-0.5103,0.2797,0.2872,1.0867,239,6.2399
11299600,ifs,11,-0.3438,0.3651,0.4080,1.1949,239,5.7504
11381500,ifs,11,-0.1046,-0.0151,0.1871,0.5962,239,9.5242
11383500,ifs,11,-0.1671,0.0021,0.1647,0.6339,239,9.9402
11451100,ifs,11,-0.7757,0.1601,0.1632,0.9569,239,6.9169
11468500,ifs,11,-0.7702,0.1280,0.1847,1.2992,239,8.9029
11473900,ifs,11,-0.5267,0.1493,0.1566,0.9544,239,8.5023
11475560,ifs,11,-0.1226,0.0406,0.1917,0.6930,239,13.8577
11476600,ifs,11,-0.7948,0.1693,0.2302,1.2750,239,9.8632
11478500,ifs,11,-0.5806,0.1700,0.1715,1.0115,239,9.2848
11480390,ifs,11,-0.5283,0.1324,0.1448,0.9101,239,8.5958
11481200,ifs,11,-0.4128,0.2533,0.2554,1.0177,239,9.4634
11482500,ifs,11,-0.2851,0.2293,0.2517,0.9060,239,10.1118
11522500,ifs,11,-0.5306,0.2379,0.2455,1.1066,239,7.4003
11523200,ifs,11,-0.7463,0.1052,0.1100,0.9094,239,8.7068
11528700,ifs,11,-0.6323,0.1510,0.1534,0.9469,239,7.7450
11532500,ifs,11,-0.1752,0.1861,0.2564,0.7916,239,12.0086
12010000,ifs,11,-0.1400,0.0608,0.2110,0.6704,239,12.1928
12013500,ifs,11,-0.2847,0.1284,0.1910,0.7939,239,10.1502
12020000,ifs,11,-0.3216,0.1618,0.2121,0.7869,239,8.6198
12025000,ifs,11,-0.1342,0.2285,0.2967,0.7936,239,7.6896
12025700,ifs,11,-0.2310,0.3361,0.3401,0.9839,239,7.2162
12035000,ifs,11,-0.2689,0.0754,0.1765,0.6984,239,12.4796
12040500,ifs,11,-0.2908,0.2215,0.2588,0.8154,239,14.4902
12041200,ifs,11,-0.2539,0.1578,0.2313,0.7428,239,15.6931
12043000,ifs,11,-0.3405,0.2185,0.2511,0.8123,239,12.7768
12048000,ifs,11,-1.3947,-0.0055,0.1219,1.3898,239,8.1157
12054000,ifs,11,-0.4967,0.1229,0.1358,0.9694,239,10.9447
12056500,ifs,11,-0.4677,0.1629,0.1804,0.8739,239,14.3851
12073500,ifs,11,-0.7178,0.1337,0.1339,0.9818,239,7.4637
12082500,ifs,11,-0.3043,0.1638,0.2057,0.8439,239,10.9575
12092000,ifs,11,-0.2142,0.1635,0.2285,0.8108,239,10.6694
12095000,ifs,11,-0.3297,0.2822,0.2859,0.9994,239,8.5279
12114500,ifs,11,-0.1042,0.0098,0.2113,0.5991,239,12.1421
12115000,ifs,11,-0.1006,0.0177,0.2156,0.6062,239,12.0604
12115500,ifs,11,-0.0866,0.0675,0.2325,0.6772,239,12.0227
12117000,ifs,11,-0.0849,0.1006,0.2449,0.7157,239,11.8862
12141300,ifs,11,-0.0761,0.0739,0.2422,0.6758,239,13.8670
12143600,ifs,11,-0.0789,0.0974,0.2429,0.7241,239,13.0452
12144000,ifs,11,-0.0898,0.1285,0.2492,0.7661,239,12.2752
12145500,ifs,11,-0.1483,0.1210,0.2319,0.7367,239,9.9408
12147600,ifs,11,-0.0623,0.0729,0.2535,0.6565,239,16.8780
12167000,ifs,11,-0.2217,0.1341,0.2028,0.8278,239,12.4284
12175500,ifs,11,-0.4016,0.2101,0.2181,0.9874,239,9.3579
12186000,ifs,11,-0.2924,0.0909,0.1634,0.7823,239,13.2493
12189500,ifs,11,-0.3199,0.1333,0.1762,0.8681,239,11.2724
12358500,ifs,11,-0.2585,-0.1194,0.0578,0.6185,239,7.7688
12377150,ifs,11,-0.0775,-0.0517,0.2512,0.4661,239,6.8916
12381400,ifs,11,-0.0459,-0.0489,0.2543,0.5034,239,6.1085
12390700,ifs,11,-0.4586,-0.0028,0.0672,0.7427,239,5.5602
12411000,ifs,11,-0.3731,-0.0334,0.0761,0.6729,239,6.4719
12414500,ifs,11,-0.3060,0.0251,0.1338,0.6838,239,6.4379
12447390,ifs,11,-1.3584,-0.1318,0.0245,1.5475,239,4.2598
12451000,ifs,11,-0.8576,0.1267,0.1632,1.2297,239,7.6225
12488500,ifs,11,-0.2823,0.0482,0.1324,0.7835,239,9.1562
13011500,ifs,11,-0.1041,0.3896,0.4004,1.0741,239,3.8375
13011900,ifs,11,-0.1597,0.3769,0.4055,1.1835,239,3.7890
13018300,ifs,11,-0.1369,0.2977,0.3229,1.0124,239,3.9459
13023000,ifs,11,-0.9305,0.1366,0.2540,1.3663,239,4.2650
13161500,ifs,11,-0.4385,0.2085,0.2511,1.2519,239,2.5539
13235000,ifs,11,-0.2800,0.1754,0.2133,0.8840,239,4.9592
13240000,ifs,11,-0.3327,0.0710,0.1438,0.7630,239,6.5842
13310700,ifs,11,-0.3990,0.1321,0.1611,0.8829,239,5.1676
13313000,ifs,11,-0.1502,0.0575,0.2048,0.6697,239,5.6104
13331500,ifs,11,-0.3014,0.1044,0.1642,0.8215,239,5.7261
13337000,ifs,11,-0.0768,0.2044,0.3091,0.7387,239,6.2165
13338500,ifs,11,-0.4131,0.1768,0.1894,0.9703,239,5.4693
13340000,ifs,11,-0.1964,0.2071,0.2615,0.8267,239,5.5322
13340600,ifs,11,-0.1165,0.0887,0.2409,0.6598,239,7.1136
14020000,ifs,11,-0.1904,0.1403,0.2171,0.8111,239,5.2977
14092750,ifs,11,-1.0902,0.1097,0.1332,1.0836,239,8.1567
14096850,ifs,11,-0.7684,0.0730,0.0775,1.0811,239,4.6295
14137000,ifs,11,-0.4567,0.1686,0.1835,0.8963,239,10.3559
14138800,ifs,11,-0.2803,0.0846,0.1705,0.7379,239,13.2530
14138870,ifs,11,-0.2689,0.1354,0.1980,0.8004,239,13.6671
14138900,ifs,11,-0.1517,0.0695,0.2086,0.6812,239,15.4548
14139800,ifs,11,-0.3101,0.1283,0.1882,0.7832,239,13.4982
14141500,ifs,11,-0.4425,0.1808,0.1933,0.9156,239,12.1114
14154500,ifs,11,-1.2089,0.0685,0.0924,1.0768,239,8.3366
14158500,ifs,11,-0.7330,0.1562,0.1603,0.9231,239,9.3705
14158790,ifs,11,-0.4228,0.1154,0.1686,0.7498,239,10.8673
14166500,ifs,11,-0.4048,0.1864,0.1995,0.9447,239,7.5725
14182500,ifs,11,-0.5761,0.1549,0.1617,0.9132,239,10.2329
14185000,ifs,11,-0.7965,0.1495,0.1520,0.9685,239,9.6663
14185900,ifs,11,-0.4966,0.1448,0.1687,0.8324,239,10.6049
14187000,ifs,11,-0.7067,0.1194,0.1246,0.9082,239,9.8102
14216500,ifs,11,-0.3115,0.1934,0.2313,0.8238,239,10.6997
14222500,ifs,11,-0.1000,0.0593,0.2233,0.6667,239,15.6942
14236200,ifs,11,-0.1496,0.2566,0.3035,0.8467,239,9.2482
14301000,ifs,11,-0.1432,0.1329,0.2342,0.7640,239,9.5934
14303200,ifs,11,-0.0792,0.0848,0.2544,0.6436,239,12.1199
14305500,ifs,11,-0.0154,0.1466,0.3146,0.6569,239,13.9248
14306340,ifs,11,-0.2066,0.2625,0.2952,0.8599,239,7.8086
14306500,ifs,11,-0.2017,0.2634,0.2953,0.8691,239,8.4072
14308990,ifs,11,-0.6776,0.1124,0.1142,1.0169,239,5.8375
14309500,ifs,11,-0.5375,0.2094,0.2295,0.8231,239,8.3779
14316700,ifs,11,-1.3473,0.0593,0.0982,1.0510,239,8.1561
14325000,ifs,11,-0.2837,0.2375,0.2775,0.7919,239,9.5495
14362250,ifs,11,-0.7554,0.1263,0.1265,1.0176,239,5.5319
14400000,ifs,11,-0.2639,0.1467,0.2175,0.7499,239,12.7570
01013500,ifs,12,-0.7975,-0.0159,0.0022,1.1573,239,7.4100
01022500,ifs,12,-0.4930,0.1239,0.1380,1.0542,239,7.7072
01030500,ifs,12,-0.8736,0.0076,0.0128,1.0859,239,7.4262
01031500,ifs,12,-0.8773,0.0753,0.1008,1.2122,239,7.8181
01047000,ifs,12,-0.7615,0.1417,0.1649,1.1921,239,8.1516
01052500,ifs,12,-0.6018,0.1779,0.2188,1.2556,239,7.0886
01054200,ifs,12,-0.6271,0.2239,0.2740,1.2535,239,9.2430
01055000,ifs,12,-0.9701,0.1097,0.1397,1.1887,239,8.0903
01057000,ifs,12,-0.6530,0.1993,0.2227,1.1834,239,7.8070
01073000,ifs,12,-1.1660,0.0298,0.0714,1.2382,239,8.9281
01078000,ifs,12,-1.0241,0.1344,0.1748,1.1693,239,8.9386
01118300,ifs,12,-0.2194,0.0966,0.1679,0.8960,239,12.7577
01121000,ifs,12,-0.4082,0.1712,0.1911,0.8906,239,9.7975
01123000,ifs,12,-0.5946,0.1209,0.1305,0.9051,239,10.9620
01134500,ifs,12,-0.4613,0.2042,0.2090,1.0344,239,7.9033
01137500,ifs,12,-0.7898,0.1292,0.1722,1.2615,239,8.7962
01139000,ifs,12,-0.6916,0.1662,0.1901,1.1945,239,8.0523
01139800,ifs,12,-0.6076,0.1454,0.1475,1.0033,239,8.7754
01142500,ifs,12,-1.1559,0.0610,0.0918,1.1694,239,8.4663
01144000,ifs,12,-0.8792,0.0997,0.1009,1.0151,239,8.5090
01169000,ifs,12,-1.2913,0.0447,0.0980,1.2095,239,10.5233
01170100,ifs,12,-1.3495,0.0322,0.1055,1.2555,239,10.3886
01181000,ifs,12,-0.4381,0.1176,0.1429,0.8945,239,9.0724
01187300,ifs,12,-0.7427,0.1364,0.1424,1.1009,239,8.7349
01195100,ifs,12,-0.2009,0.1505,0.2225,0.8072,239,10.5383
01333000,ifs,12,-1.1806,0.0609,0.1122,1.2324,239,10.3068
01350000,ifs,12,-0.3486,0.0133,0.0744,0.9158,239,11.7393
01350080,ifs,12,-0.3856,-0.0039,0.0533,0.9199,239,9.2955
01350140,ifs,12,-0.4529,-0.0357,0.0179,0.8917,239,9.0223
01365000,ifs,12,-0.5975,0.0998,0.1091,1.0659,239,10.6330
01411300,ifs,12,-0.2290,0.0352,0.1211,0.9043,239,11.9694
01413500,ifs,12,-0.2653,0.0097,0.1037,0.8115,239,10.7453
01414500,ifs,12,-0.3012,0.0797,0.1320,0.9623,239,11.6026
01415000,ifs,12,-0.3549,0.0235,0.0842,0.8799,239,9.1554
01423000,ifs,12,-0.3965,-0.0015,0.0597,0.8528,239,9.1935
01434025,ifs,12,-0.3630,0.0730,0.1197,0.8871,239,12.5205
01435000,ifs,12,-0.4245,0.0838,0.1138,0.9414,239,12.0532
01439500,ifs,12,-0.8375,0.1026,0.1034,1.0305,239,10.3355
01440000,ifs,12,-0.5331,0.1384,0.1455,0.9923,239,9.9936
01440400,ifs,12,-0.7422,0.0848,0.0898,0.9160,239,11.1209
01451800,ifs,12,-2.5656,-0.1689,0.1048,1.2598,239,12.9096
01466500,ifs,12,-0.3799,0.1594,0.1788,0.9929,239,8.4452
01484100,ifs,12,-0.5280,0.1055,0.1386,1.2060,239,9.6315
01485500,ifs,12,-0.3494,-0.0454,0.0293,0.9187,239,10.9213
01486000,ifs,12,-0.3432,-0.0052,0.0587,0.9871,239,11.1944
01487000,ifs,12,-0.5323,0.0639,0.0952,1.1685,239,10.2115
01491000,ifs,12,-1.0425,0.0018,0.0937,1.4046,239,8.8567
01510000,ifs,12,-0.5765,-0.0523,-0.0119,0.8654,239,9.1463
01516500,ifs,12,-1.3278,0.0082,0.0253,1.0446,239,8.8428
01518862,ifs,12,-0.8011,0.0494,0.0531,0.9325,239,8.2076
01532000,ifs,12,-0.9393,0.0141,0.0192,1.0998,239,9.7082
01539000,ifs,12,-1.8702,-0.0727,0.0235,1.2177,239,12.2897
01542810,ifs,12,-0.8922,0.0673,0.0674,1.0107,239,9.0701
01543000,ifs,12,-0.9897,0.0445,0.0456,1.0203,239,8.9698
01543500,ifs,12,-0.8620,0.0230,0.0255,0.9485,239,9.3365
01544500,ifs,12,-1.1821,0.0236,0.0312,1.0256,239,9.3387
01545600,ifs,12,-1.1115,0.0468,0.0562,1.0745,239,9.3993
01547700,ifs,12,-0.8404,0.0194,0.0225,0.9528,239,14.5734
01548500,ifs,12,-1.3749,0.0074,0.0288,1.0382,239,9.0980
01549500,ifs,12,-1.5068,-0.0064,0.0516,1.1921,239,10.4042
01550000,ifs,12,-1.1934,0.0091,0.0338,1.1818,239,10.8494
01552000,ifs,12,-0.8306,0.0059,0.0105,1.0552,239,11.3130
01552500,ifs,12,-1.6377,-0.0430,0.0104,1.1608,239,11.3857
01557500,ifs,12,-0.4740,-0.0135,0.0389,0.8345,239,11.4717
01567500,ifs,12,-2.3335,-0.1349,0.0043,1.1214,239,14.2366
01568000,ifs,12,-2.0132,-0.0821,0.0140,1.1107,239,11.9780
01580000,ifs,12,-1.6690,-0.0151,0.1795,1.3666,239,10.1748
01583500,ifs,12,-1.7258,-0.0665,0.0573,1.3418,239,10.2144
01586610,ifs,12,-1.8532,-0.0851,0.0317,1.3004,239,10.5751
01591400,ifs,12,-1.0340,0.0339,0.0414,1.1045,239,11.6020
01596500,ifs,12,-0.7922,0.0266,0.0387,1.1342,239,9.8004
01605500,ifs,12,-0.6254,0.0575,0.0679,1.0197,239,8.5040
01606500,ifs,12,-0.6619,0.0743,0.0829,1.0757,239,7.9898
01613050,ifs,12,-1.0968,0.0143,0.0189,1.0691,239,9.5796
01620500,ifs,12,-0.9497,0.0538,0.1057,1.2991,239,7.9083
01632000,ifs,12,-0.4449,0.0607,0.1016,0.8483,239,8.4724
01632900,ifs,12,-0.3490,0.0035,0.0792,0.8121,239,7.9846
01634500,ifs,12,-0.5393,0.0078,0.0377,0.9202,239,8.6124
01638480,ifs,12,-0.7895,0.0741,0.0760,1.0493,239,9.2074
01639500,ifs,12,-1.4535,0.0079,0.0771,1.2322,239,9.6397
01644000,ifs,12,-0.8275,0.1451,0.1502,1.0595,239,8.6881
01658500,ifs,12,-0.6398,0.1072,0.1122,1.0498,239,9.2972
01664000,ifs,12,-0.4077,0.1996,0.2105,0.9412,239,8.1093
01666500,ifs,12,-0.3664,0.2146,0.2253,0.9889,239,8.0284
01667500,ifs,12,-0.3676,0.2010,0.2142,0.9777,239,7.6669
01669000,ifs,12,-0.3462,0.0559,0.1057,1.0580,239,9.4273
01669520,ifs,12,-0.4367,0.0044,0.0503,1.0811,239,9.6722
02011400,ifs,12,-0.8002,0.0910,0.1000,1.1277,239,8.0136
02011460,ifs,12,-0.7729,0.0642,0.0789,1.1596,239,8.4633
02013000,ifs,12,-0.4419,0.1609,0.1745,1.0580,239,7.5542
02014000,ifs,12,-0.6702,0.1038,0.1103,1.0861,239,7.2752
02015700,ifs,12,-0.8875,0.0464,0.0864,1.2719,239,8.4694
02016000,ifs,12,-0.9678,0.0713,0.1092,1.2456,239,7.5969
02017500,ifs,12,-1.0374,0.0278,0.0455,1.1746,239,7.1099
02018000,ifs,12,-1.0477,0.0527,0.0823,1.2112,239,6.8137
02027000,ifs,12,-1.6617,-0.1037,0.1632,1.5702,239,8.5295
02027500,ifs,12,-1.3371,-0.0152,0.1692,1.4887,239,8.2952
02028500,ifs,12,-1.2574,0.0768,0.1450,1.2187,239,8.5344
02038850,ifs,12,-1.4194,0.0350,0.0991,1.1856,239,9.2108
02046000,ifs,12,-1.2076,0.0282,0.0550,1.1673,239,10.2164
02051000,ifs,12,-0.7353,0.0820,0.0928,1.1327,239,9.6769
02051500,ifs,12,-1.1819,0.0182,0.0567,1.2326,239,9.8061
02053200,ifs,12,-0.5880,0.0241,0.0508,1.1344,239,9.1790
02053800,ifs,12,-2.0912,-0.0835,0.0585,1.1870,239,9.4151
02055100,ifs,12,-1.0387,-0.0502,0.0652,1.4738,239,6.8458
02056900,ifs,12,-2.0208,-0.0631,0.0813,1.1834,239,10.3258
02059500,ifs,12,-1.7674,-0.0463,0.1158,1.3464,239,7.7569
02064000,ifs,12,-1.5750,-0.0758,0.0647,1.4333,239,7.9835
02065500,ifs,12,-1.4477,-0.0274,0.0989,1.3959,239,8.2676
02069700,ifs,12,-0.7929,0.0722,0.0762,1.0808,239,9.4618
02070000,ifs,12,-1.0154,0.0153,0.0191,1.0819,239,9.9143
02074500,ifs,12,-1.2780,-0.0656,0.0410,1.4347,239,11.2470
02077200,ifs,12,-0.8095,0.0348,0.0570,1.2010,239,7.4529
02081500,ifs,12,-0.9222,-0.0470,-0.0070,1.2815,239,8.8092
02082950,ifs,12,-1.8259,-0.2038,0.0176,1.6029,239,9.1759
02092500,ifs,12,-1.4453,-0.0755,0.0266,1.4034,239,9.8149
02096846,ifs,12,-0.4109,-0.0770,-0.0092,1.0757,239,10.7053
02102908,ifs,12,-0.4494,0.0017,0.0439,1.0398,239,9.9867
02108000,ifs,12,-1.2827,-0.0113,0.0507,1.3008,239,9.7819
02111180,ifs,12,-0.6880,0.0121,0.0247,1.0589,239,9.6870
02111500,ifs,12,-0.9668,0.0114,0.0114,1.0003,239,10.2661
02118500,ifs,12,-0.9930,0.0252,0.0429,1.1813,239,8.8185
02128000,ifs,12,-0.7552,0.0047,0.0168,1.1026,239,8.7473
02137727,ifs,12,-0.4728,-0.0551,-0.0057,1.0232,239,10.1475
02140991,ifs,12,-0.7138,-0.0021,0.0110,1.0712,239,9.4136
02143000,ifs,12,-0.5761,-0.0056,0.0193,0.9783,239,8.8739
02143040,ifs,12,-0.5234,0.0139,0.0419,0.9955,239,8.6627
02149000,ifs,12,-0.2729,-0.1188,0.0082,0.7955,239,11.2878
02152100,ifs,12,-0.6386,0.0199,0.0367,1.0756,239,8.5928
02177000,ifs,12,-0.4778,0.0404,0.0712,1.0564,239,10.9318
02178400,ifs,12,-0.7972,0.0602,0.0737,1.1556,239,10.2168
02193340,ifs,12,-0.5559,0.1187,0.1271,1.0352,239,9.0693
02196000,ifs,12,-0.3475,0.0925,0.1386,0.8773,239,9.2519
02198100,ifs,12,-0.2993,-0.0246,0.0672,0.8240,239,11.9258
02202600,ifs,12,-0.6254,0.2233,0.2377,1.1357,239,7.6554
02212600,ifs,12,-0.2850,0.0654,0.1333,0.8578,239,9.6834
02215100,ifs,12,-0.1422,0.1400,0.2326,0.7996,239,9.0478
02216180,ifs,12,-0.1623,0.0353,0.1586,0.7784,239,10.7499
02221525,ifs,12,-0.2494,0.1380,0.1926,0.8756,239,8.4984
02231000,ifs,12,-0.3570,0.1250,0.1708,0.8229,239,7.8072
02231342,ifs,12,-0.6752,0.0899,0.0937,1.0251,239,8.7436
02235200,ifs,12,-0.2128,0.0308,0.1615,0.6988,239,7.6451
02245500,ifs,12,-0.2731,0.1937,0.2217,1.0028,239,7.1922
02246000,ifs,12,-0.1481,0.3445,0.3581,0.9372,239,6.2890
02296500,ifs,12,-0.6374,0.0331,0.0549,0.8614,239,7.8029
02297155,ifs,12,-0.2712,0.0193,0.1053,0.8418,239,9.3675
02297310,ifs,12,-0.3949,-0.0238,0.0514,0.7986,239,9.2383
02298123,ifs,12,-0.5068,0.0303,0.0598,0.9307,239,8.8068
02298608,ifs,12,-0.2814,-0.0473,0.0710,0.7454,239,9.5735
02299950,ifs,12,-0.2486,0.0133,0.1104,0.8192,239,8.7966
02300700,ifs,12,-0.2384,-0.0940,0.0376,0.7992,239,10.4111
02310947,ifs,12,-0.3199,-0.0807,0.0222,0.8100,239,8.8556
02312200,ifs,12,-0.2772,-0.0073,0.0817,0.8578,239,10.2755
02314500,ifs,12,-0.5036,0.0313,0.0651,0.8817,239,9.4940
02315500,ifs,12,-0.5805,0.0631,0.0862,0.8586,239,8.8907
02324400,ifs,12,-0.9635,0.0145,0.0241,0.8633,239,14.6294
02327100,ifs,12,-3.1663,-0.2677,0.0051,1.0460,239,18.0717
02349900,ifs,12,-0.1448,0.1105,0.2228,0.7454,239,10.1142
02350900,ifs,12,-0.4261,0.1429,0.1764,0.8191,239,8.8902
02361000,ifs,12,-0.6884,0.1109,0.1126,0.9796,239,9.2453
02363000,ifs,12,-0.5102,0.1258,0.1379,0.9470,239,9.6602
02369800,ifs,12,-0.1588,0.0270,0.1471,0.8242,239,13.8962
02371500,ifs,12,-0.2893,0.0817,0.1378,0.9283,239,10.5962
02372250,ifs,12,-0.2805,0.0881,0.1479,0.8870,239,10.3325
02374500,ifs,12,-0.2339,0.0681,0.1412,0.9345,239,11.1323
02381600,ifs,12,-0.5870,0.0326,0.0500,1.0136,239,12.6850
02384540,ifs,12,-0.5340,0.0791,0.0960,1.0530,239,10.8635
02395120,ifs,12,-0.5554,0.1128,0.1419,1.1998,239,9.3490
02408540,ifs,12,-0.1632,0.1909,0.2478,0.8980,239,10.2086
02415000,ifs,12,-0.1971,0.0862,0.1769,0.8165,239,11.1494
02422500,ifs,12,-0.3772,0.2398,0.2653,1.1822,239,10.2699
02427250,ifs,12,-0.3484,0.1686,0.1916,1.0473,239,8.9079
02430085,ifs,12,-0.9367,0.0963,0.2518,1.4483,239,12.0105
02450250,ifs,12,-0.3522,0.2273,0.2412,1.0833,239,11.2305
02464000,ifs,12,-0.2994,0.1116,0.1571,1.0601,239,12.8104
02465493,ifs,12,-0.7002,0.1699,0.2287,1.2941,239,11.1330
02469800,ifs,12,-0.3050,0.2046,0.2251,1.0154,239,10.3517
02472000,ifs,12,-0.1768,0.2176,0.2595,1.0529,239,11.3464
02472500,ifs,12,-0.1660,0.0760,0.1695,0.8966,239,12.3206
02479155,ifs,12,-0.1709,0.1019,0.1817,0.9532,239,14.2822
02479300,ifs,12,-0.0533,0.0147,0.1914,0.7817,239,17.9766
02481000,ifs,12,-0.0718,-0.1036,0.1270,0.6846,239,21.7865
02481510,ifs,12,-0.0828,-0.0155,0.1728,0.7094,239,18.0020
03010655,ifs,12,-0.7520,0.0861,0.0875,0.9690,239,8.7497
03011800,ifs,12,-0.6301,0.0465,0.0584,0.9619,239,9.8743
03015500,ifs,12,-0.6604,0.0260,0.0375,1.0076,239,8.3056
03021350,ifs,12,-0.5607,0.0100,0.0345,0.9654,239,9.3814
03026500,ifs,12,-0.6848,0.0589,0.0656,0.9593,239,9.4302
03028000,ifs,12,-0.6173,0.0707,0.0799,0.9939,239,9.5505
03049800,ifs,12,-0.5984,-0.0657,-0.0314,0.9271,239,11.1936
03050000,ifs,12,-0.3648,0.0591,0.1048,1.0622,239,10.7774
03066000,ifs,12,-0.5062,0.1200,0.1469,1.1712,239,10.0795
03069500,ifs,12,-0.5130,0.1272,0.1558,1.1873,239,9.4934
03070500,ifs,12,-0.9484,0.0350,0.0490,1.1627,239,10.6609
03076600,ifs,12,-0.4172,0.0009,0.0500,0.9372,239,10.6946
03078000,ifs,12,-0.4047,0.0148,0.0616,1.0170,239,10.5095
03140000,ifs,12,-0.5271,0.0551,0.0754,1.0135,239,8.7906
03144000,ifs,12,-0.4455,0.0366,0.0786,0.8750,239,10.4972
03159540,ifs,12,-0.5384,0.0857,0.1001,0.9770,239,11.5288
03161000,ifs,12,-0.8855,-0.0002,0.0159,1.1721,239,9.3475
03164000,ifs,12,-1.0042,0.0081,0.0131,1.0986,239,8.4456
03165000,ifs,12,-0.5640,-0.0069,0.0196,0.9922,239,8.9080
03170000,ifs,12,-1.9132,-0.0429,0.0856,1.1793,239,9.5294
03173000,ifs,12,-1.0504,0.0891,0.1045,1.1005,239,7.1285
03180500,ifs,12,-0.5586,0.0690,0.0996,1.1812,239,8.4962
03182500,ifs,12,-0.6373,0.0914,0.1101,1.1604,239,7.9306
03186500,ifs,12,-0.5523,0.1546,0.1808,1.1993,239,9.2399
03187500,ifs,12,-0.6000,0.1583,0.2013,1.2655,239,9.2808
03213700,ifs,12,-0.6649,0.1113,0.1430,1.2320,239,9.1074
03237280,ifs,12,-0.7516,0.0410,0.0544,1.1387,239,10.3069
03237500,ifs,12,-0.9830,0.0417,0.0543,1.1480,239,11.0802
03241500,ifs,12,-0.2751,0.0003,0.0862,0.8732,239,11.2505
03280700,ifs,12,-0.6548,0.0830,0.1320,1.2896,239,9.3057
03281100,ifs,12,-0.6922,0.1343,0.1981,1.3237,239,9.0143
03281500,ifs,12,-0.6827,0.1204,0.1786,1.3145,239,8.6972
03285000,ifs,12,-0.4002,0.0522,0.0937,1.0728,239,10.6005
03291780,ifs,12,-0.2173,0.0982,0.1650,0.9864,239,11.3766
03300400,ifs,12,-0.4386,0.1110,0.1340,1.0622,239,11.5825
03340800,ifs,12,-0.3576,0.0198,0.0763,0.9357,239,12.0658
03346000,ifs,12,-0.4781,0.0451,0.0739,0.9713,239,10.6255
03364500,ifs,12,-0.1941,-0.0521,0.0773,0.8394,239,14.4481
03366500,ifs,12,-0.3606,0.0615,0.1080,1.0730,239,11.8098
03368000,ifs,12,-0.2401,0.0339,0.1198,0.8745,239,14.5205
03384450,ifs,12,-0.7675,0.0227,0.0447,1.1894,239,12.6421
03439000,ifs,12,-0.6236,0.0470,0.0621,1.0831,239,10.1470
03450000,ifs,12,-0.5484,-0.0385,-0.0044,0.9914,239,8.1609
03455500,ifs,12,-0.6277,0.0797,0.0873,1.0250,239,9.2168
03456500,ifs,12,-0.5816,0.0581,0.0724,0.9789,239,8.5114
03460000,ifs,12,-0.5281,0.0300,0.0563,1.0620,239,8.8877
03463300,ifs,12,-0.7127,-0.0241,-0.0063,1.0967,239,10.4460
03471500,ifs,12,-0.8777,0.0863,0.1109,1.2054,239,8.3466
03473000,ifs,12,-0.8270,0.0782,0.1003,1.2006,239,8.5212
03479000,ifs,12,-1.1653,-0.0169,0.0120,1.2255,239,8.8365
03488000,ifs,12,-0.6645,0.1472,0.1662,1.1788,239,7.9745
03498500,ifs,12,-0.7983,0.0905,0.1244,1.2452,239,10.2932
03500000,ifs,12,-0.7203,0.0739,0.0942,1.1847,239,9.7008
03504000,ifs,12,-0.5492,0.0731,0.0880,0.9907,239,10.8772
03574500,ifs,12,-0.3066,0.2733,0.3220,1.2574,239,10.6202
03604000,ifs,12,-0.2279,0.2748,0.2942,1.0803,239,10.7913
04015330,ifs,12,-0.7842,0.0557,0.1031,1.2954,239,8.7089
04024430,ifs,12,-1.0936,-0.0456,0.0158,1.3494,239,7.2803
04027000,ifs,12,-1.2679,-0.1299,0.0680,1.6162,239,6.8370
04040500,ifs,12,-1.3030,0.0162,0.0743,1.2570,239,8.0877
04043050,ifs,12,-1.2235,0.0836,0.1519,1.2269,239,7.2653
04045500,ifs,12,-0.8193,0.0128,0.0492,1.2606,239,6.8884
04056500,ifs,12,-0.7437,0.0276,0.0435,1.1463,239,6.2916
04057510,ifs,12,-0.7572,0.0087,0.0153,1.0033,239,7.4106
04057800,ifs,12,-0.7596,0.0755,0.0767,1.0040,239,7.1496
04059500,ifs,12,-0.8379,0.0438,0.0449,1.0271,239,7.0385
04063700,ifs,12,-1.5414,-0.0488,0.0390,1.3182,239,7.5989
04074950,ifs,12,-0.9938,0.0704,0.0827,1.1264,239,7.4345
04105700,ifs,12,-0.7284,0.1138,0.1160,1.0575,239,9.4755
04115265,ifs,12,-0.6541,0.1844,0.2159,1.2191,239,9.2463
04122200,ifs,12,-0.6793,0.1606,0.1858,1.2024,239,9.3370
04122500,ifs,12,-0.8362,0.1150,0.1370,1.1874,239,9.1868
04124000,ifs,12,-0.6260,0.0148,0.0424,0.8411,239,10.9882
04127997,ifs,12,-0.4886,0.0890,0.1099,0.9368,239,9.4654
04185000,ifs,12,-0.7172,0.0865,0.0885,1.0036,239,8.6197
04196800,ifs,12,-0.7178,0.0252,0.0328,1.0197,239,9.2619
04197100,ifs,12,-0.3520,0.0184,0.0750,0.9725,239,9.1945
04197170,ifs,12,-0.4399,0.0791,0.1085,1.0687,239,8.5874
04213000,ifs,12,-0.7000,0.0194,0.0351,1.1174,239,8.3472
04213075,ifs,12,-1.5164,-0.0628,0.0053,1.2967,239,11.4193
04216418,ifs,12,-0.6419,0.0048,0.0217,0.9576,239,9.4981
04221000,ifs,12,-0.7754,0.0645,0.0664,0.9683,239,8.2599
04224775,ifs,12,-0.7174,0.0419,0.0482,1.0383,239,9.0269
04256000,ifs,12,-1.1023,-0.0377,-0.0358,0.9379,239,8.6621
04296000,ifs,12,-0.3765,0.1376,0.1621,0.9814,239,7.3260
05057000,ifs,12,-1.2567,-0.1349,-0.0346,1.4608,239,5.6128
05057200,ifs,12,-1.2913,-0.0785,0.0146,1.4152,239,5.2152
05062500,ifs,12,-0.6981,0.0932,0.1216,1.2219,239,5.7362
05087500,ifs,12,-0.4609,0.0696,0.1308,1.2763,239,6.4303
05120500,ifs,12,-0.9365,-0.0398,0.0032,1.2940,239,5.5982
05123400,ifs,12,-0.3036,0.1078,0.1536,1.0637,239,5.7423
05129115,ifs,12,-2.4740,-0.2741,0.0231,1.5795,239,8.2420
05131500,ifs,12,-1.9800,-0.2045,0.0349,1.5863,239,7.1745
05291000,ifs,12,-0.2468,0.0441,0.1397,1.2301,239,7.6655
05362000,ifs,12,-1.2487,-0.0579,0.0570,1.4517,239,7.7151
05393500,ifs,12,-1.0411,0.0054,0.0656,1.3314,239,8.0500
05399500,ifs,12,-0.5306,0.1040,0.1164,0.9757,239,8.7796
05408000,ifs,12,-0.7485,-0.0042,0.0044,0.9812,239,11.9036
05412500,ifs,12,-0.8784,-0.0400,-0.0315,1.0937,239,10.3713
05413500,ifs,12,-0.7551,-0.0151,-0.0014,1.0989,239,11.4208
05414000,ifs,12,-0.6446,0.0267,0.0489,1.1440,239,10.8328
05444000,ifs,12,-1.4717,-0.1137,0.0465,1.5215,239,11.3710
05454000,ifs,12,-0.6320,0.0035,0.0218,1.0503,239,11.0535
05458000,ifs,12,-0.8790,-0.0366,-0.0190,1.1703,239,10.8217
05466500,ifs,12,-0.4548,-0.0297,0.0224,0.8905,239,12.7298
05487980,ifs,12,-0.6439,-0.0836,-0.0526,0.9353,239,11.5358
05488200,ifs,12,-0.4642,-0.1062,-0.0424,0.9155,239,13.2093
05489000,ifs,12,-0.5271,-0.1022,-0.0469,0.8731,239,12.4991
05495000,ifs,12,-0.9046,-0.0056,0.0092,1.1663,239,10.1929
05495500,ifs,12,-0.7759,-0.0173,-0.0066,1.0764,239,11.8111
05501000,ifs,12,-0.5324,-0.0352,0.0011,1.0349,239,12.4368
05503800,ifs,12,-0.8200,0.0227,0.0448,1.2000,239,10.6510
05507600,ifs,12,-1.0771,-0.0491,-0.0272,1.2132,239,9.4862
05508805,ifs,12,-1.6195,-0.1132,-0.0605,1.2666,239,10.4832
05514500,ifs,12,-0.8462,-0.0133,-0.0021,1.1247,239,9.6524
05525500,ifs,12,-0.6797,0.0601,0.0696,1.0830,239,10.5744
05556500,ifs,12,-0.8386,0.0857,0.1141,1.2238,239,12.2202
05584500,ifs,12,-0.4526,-0.0592,-0.0053,1.0248,239,13.7140
05585000,ifs,12,-0.5372,-0.0483,-0.0091,1.0648,239,12.8929
05591550,ifs,12,-0.4643,-0.0426,0.0079,0.9242,239,11.0186
05592050,ifs,12,-0.7446,0.0021,0.0156,1.1084,239,10.0658
05592575,ifs,12,-0.4936,0.0286,0.0600,0.9324,239,11.8742
05593575,ifs,12,-0.6135,0.1062,0.1132,1.0578,239,10.4625
05593900,ifs,12,-0.7207,0.0224,0.0301,1.0213,239,11.5591
05595730,ifs,12,-0.6806,0.0577,0.0650,1.0465,239,10.1551
06037500,ifs,12,-0.8433,0.0098,0.0146,0.9297,239,5.2991
06043500,ifs,12,-0.6101,0.0502,0.0673,0.9020,239,4.8255
06154410,ifs,12,-0.2745,-0.1264,0.0017,0.7929,239,5.4790
06188000,ifs,12,-1.2442,0.0140,0.0290,1.0940,239,4.5131
06191500,ifs,12,-1.1491,0.0231,0.0300,1.0561,239,4.4751
06221400,ifs,12,-1.6102,-0.0848,0.0066,1.3475,239,4.7325
06224000,ifs,12,-1.2119,-0.0439,-0.0072,1.2601,239,4.6048
06289000,ifs,12,-1.8171,-0.1559,0.0451,1.5387,239,4.7942
06332515,ifs,12,-1.3917,-0.0954,0.0313,1.4701,239,5.1062
06339100,ifs,12,-2.5405,-0.3636,-0.0135,1.7207,239,4.9271
06339500,ifs,12,-1.7062,-0.1553,-0.0288,1.4526,239,5.1095
06344600,ifs,12,-1.5097,-0.1843,-0.0006,1.5963,239,5.4617
06350000,ifs,12,-2.8983,-0.3527,-0.0363,1.5764,239,5.7290
06352000,ifs,12,-4.8898,-0.7305,-0.0015,1.7638,239,6.0504
06353000,ifs,12,-3.8142,-0.5482,-0.0256,1.7258,239,5.8684
06354000,ifs,12,-2.5796,-0.3208,-0.0254,1.6146,239,5.5118
06360500,ifs,12,-3.3098,-0.4175,-0.0138,1.5999,239,5.2587
06404000,ifs,12,-2.2247,-0.2648,0.0757,1.6718,239,5.9988
06406000,ifs,12,-2.4593,-0.2801,0.0758,1.6304,239,5.6911
06408700,ifs,12,-2.2676,-0.2810,0.0406,1.6804,239,5.2512
06409000,ifs,12,-2.7707,-0.3567,0.0175,1.6738,239,5.5579
06431500,ifs,12,-1.9730,-0.2273,0.0290,1.6339,239,5.5955
06440200,ifs,12,-0.5452,-0.0218,0.0114,1.0640,239,5.2987
06441500,ifs,12,-1.0648,0.0226,0.0438,1.1885,239,5.0221
06447000,ifs,12,-0.8771,-0.0269,0.0006,1.2261,239,4.6596
06447500,ifs,12,-0.7994,-0.0196,0.0035,1.1884,239,5.3318
06450500,ifs,12,-0.7632,0.0591,0.0691,1.1249,239,6.1247
06452000,ifs,12,-1.0521,0.0013,0.0307,1.2346,239,5.2072
06453600,ifs,12,-1.1761,-0.0081,0.0389,1.2795,239,7.9367
06464500,ifs,12,-0.7112,0.0513,0.0644,1.1281,239,8.0936
06477500,ifs,12,-1.1928,0.0003,0.1277,1.4375,239,7.4122
06479215,ifs,12,-0.1917,0.0441,0.1490,1.1924,239,7.6601
06479438,ifs,12,-0.2032,0.0635,0.1764,1.2827,239,7.1480
06601000,ifs,12,-0.7136,-0.0492,-0.0289,1.0901,239,9.8112
06614800,ifs,12,-0.3000,0.0785,0.1309,1.0068,239,6.1326
06622700,ifs,12,-0.6387,0.0669,0.0753,1.0258,239,4.5684
06623800,ifs,12,-0.6158,0.0674,0.1105,1.2593,239,4.8742
06632400,ifs,12,-0.7798,0.0328,0.0449,1.1341,239,5.1802
06784000,ifs,12,-0.3861,0.0267,0.0841,0.8470,239,6.4667
06803510,ifs,12,-0.7186,0.0885,0.1079,1.1825,239,10.8266
06803530,ifs,12,-0.9359,0.0543,0.0897,1.2497,239,9.8605
06814000,ifs,12,-0.4479,-0.0118,0.0329,0.9847,239,9.1837
06846500,ifs,12,-0.1355,0.2135,0.2807,0.8184,239,4.4463
06847900,ifs,12,-0.1670,0.0360,0.1580,0.7717,239,5.4847
06853800,ifs,12,-0.3924,0.2622,0.2736,1.1213,239,6.3529
06876700,ifs,12,-0.1332,-0.0736,0.1006,0.7455,239,10.5818
06878000,ifs,12,-0.4277,-0.0909,-0.0249,0.9523,239,9.5875
06879650,ifs,12,-0.6994,-0.0535,-0.0312,0.9080,239,12.5659
06885500,ifs,12,-0.3382,-0.1224,-0.0098,0.7719,239,10.2258
06888500,ifs,12,-0.5311,-0.0429,-0.0047,0.9568,239,12.4283
06889200,ifs,12,-0.4379,-0.0742,-0.0043,0.8381,239,10.8756
06889500,ifs,12,-0.5407,-0.0456,-0.0054,0.9042,239,10.8777
06892000,ifs,12,-0.7631,0.0144,0.0207,1.0365,239,12.3286
06903400,ifs,12,-0.5504,-0.0923,-0.0439,0.8891,239,11.7932
06906800,ifs,12,-0.4323,-0.0988,-0.0121,0.7714,239,13.1459
06910800,ifs,12,-0.5362,-0.0046,0.0256,0.9640,239,11.8267
06911900,ifs,12,-0.4801,0.0107,0.0470,0.9410,239,12.2605
06917000,ifs,12,-0.4896,-0.0077,0.0370,0.8650,239,13.4021
06918460,ifs,12,-0.5581,0.0069,0.0358,0.9028,239,12.5020
06919500,ifs,12,-0.5661,0.0538,0.0705,0.9663,239,11.9180
06921070,ifs,12,-0.5192,-0.0312,0.0186,0.8251,239,14.0665
06921200,ifs,12,-0.3621,-0.0428,0.0378,0.8259,239,14.1417
06934000,ifs,12,-0.5638,0.0555,0.0717,1.0035,239,10.8671
07014500,ifs,12,-0.3302,-0.0477,0.0375,0.8584,239,13.4123
07056000,ifs,12,-0.5088,0.1094,0.1264,1.0863,239,10.9672
07057500,ifs,12,-0.7816,0.0735,0.0877,1.1598,239,11.1536
07060710,ifs,12,-0.5517,0.0661,0.0961,1.1748,239,11.7304
07066000,ifs,12,-0.7912,0.0469,0.0712,1.2102,239,11.1193
07067000,ifs,12,-1.0100,0.0312,0.0701,1.2623,239,10.4193
07068000,ifs,12,-1.1093,0.0186,0.0750,1.3040,239,10.0280
07071500,ifs,12,-0.9921,0.0353,0.0718,1.2548,239,10.4832
07083000,ifs,12,-0.8636,-0.0033,0.2115,1.6083,239,3.9481
07142300,ifs,12,-0.7759,-0.0059,0.0867,1.4198,239,6.9815
07145700,ifs,12,-0.3136,-0.0559,0.0284,0.9574,239,13.3264
07148400,ifs,12,-1.1836,-0.0039,0.0828,1.3726,239,6.5914
07149000,ifs,12,-1.2516,-0.0537,0.0710,1.4638,239,6.3468
07151500,ifs,12,-0.4028,-0.0002,0.0536,1.0929,239,9.3198
07167500,ifs,12,-2.1467,-0.1914,0.0064,1.4673,239,14.0098
07180500,ifs,12,-1.6725,-0.1118,-0.0056,1.3818,239,13.1662
07184000,ifs,12,-0.5019,-0.0246,0.0176,1.0966,239,15.9705
07195800,ifs,12,-0.4699,0.0329,0.0674,1.0766,239,13.3430
07196900,ifs,12,-0.8370,0.0362,0.0887,1.3139,239,13.2222
07197000,ifs,12,-0.8370,0.0586,0.0829,1.2125,239,12.7320
07208500,ifs,12,-1.3968,-0.2480,0.1675,1.8802,239,4.0260
07226500,ifs,12,-2.2820,-0.2874,0.0366,1.6691,239,4.4602
07261000,ifs,12,-1.0081,0.0776,0.1670,1.3551,239,12.2417
07263295,ifs,12,-0.4961,0.1356,0.1658,1.1959,239,11.2221
07290650,ifs,12,-0.2767,0.1855,0.2187,1.0881,239,10.8643
07291000,ifs,12,-0.3833,0.2135,0.2366,1.1579,239,11.4499
07292500,ifs,12,-0.2739,0.2384,0.2629,1.1148,239,11.0733
07295000,ifs,12,-0.3069,0.1915,0.2208,1.1119,239,12.6538
07299670,ifs,12,-1.1088,0.0029,0.0335,1.2301,239,6.6354
07301410,ifs,12,-0.2903,-0.1379,-0.0261,1.0699,239,6.3511
07301500,ifs,12,-0.9319,-0.0905,-0.0201,1.3807,239,4.5103
07315200,ifs,12,-0.6450,0.1393,0.1485,0.8792,239,8.6695
07315700,ifs,12,-2.0030,-0.1585,0.1489,1.5507,239,10.3182
07335700,ifs,12,-0.2222,0.1137,0.1757,0.9473,239,12.1316
07340300,ifs,12,-0.7006,0.1422,0.1517,1.1276,239,10.8348
07346045,ifs,12,-0.6820,0.2194,0.2762,1.2557,239,9.3918
07359610,ifs,12,-0.5853,0.1206,0.1271,1.0451,239,11.6681
07362100,ifs,12,-0.8095,0.0818,0.2069,1.4483,239,9.5383
07362587,ifs,12,-0.6683,0.0867,0.0995,1.1306,239,13.2638
07373000,ifs,12,-0.5565,0.1301,0.1573,1.1985,239,11.3767
07375000,ifs,12,-0.1286,0.1173,0.2077,0.9120,239,14.4838
07376000,ifs,12,-0.2166,0.1559,0.2057,1.0002,239,13.1755
08013000,ifs,12,-0.3759,0.0862,0.1222,1.0230,239,11.9636
08014500,ifs,12,-0.5422,0.1090,0.1216,1.0692,239,12.3017
08023080,ifs,12,-0.5433,0.0950,0.1342,1.2343,239,11.5513
08025500,ifs,12,-0.4095,0.0726,0.1070,1.0543,239,13.0750
08029500,ifs,12,-0.2439,0.0375,0.1246,0.8459,239,12.8823
08050800,ifs,12,-0.3912,0.1152,0.1475,0.8923,239,11.2843
08066200,ifs,12,-0.1524,0.0932,0.1933,0.8238,239,14.7886
08066300,ifs,12,-0.0996,-0.0106,0.1445,0.8330,239,18.6220
08070000,ifs,12,-0.5790,0.2728,0.3066,1.1807,239,11.4170
08070200,ifs,12,-0.5400,0.2784,0.2963,1.1341,239,11.5372
08079600,ifs,12,-1.2728,-0.0905,-0.0223,1.3661,239,4.5532
08082700,ifs,12,-0.6255,0.0515,0.0695,1.1229,239,6.7707
08086212,ifs,12,-0.7221,0.0920,0.0955,1.0619,239,8.0807
08086290,ifs,12,-1.2443,0.0277,0.0491,1.1176,239,9.1822
08101000,ifs,12,-0.4263,0.2177,0.2229,1.0219,239,7.3201
08103900,ifs,12,-0.0682,0.1388,0.2594,0.7787,239,9.6117
08104900,ifs,12,-0.1901,0.1348,0.2050,0.8681,239,11.4807
08109700,ifs,12,-0.3478,0.1966,0.2216,1.1308,239,12.3378
08150800,ifs,12,-0.1212,-0.1293,0.0936,0.6307,239,11.2758
08155200,ifs,12,-0.3612,0.1385,0.1654,1.0295,239,9.6731
08158700,ifs,12,-0.3827,0.1277,0.1536,1.0264,239,9.1575
08158810,ifs,12,-0.4325,0.2008,0.2079,1.0285,239,8.8671
08164000,ifs,12,-1.0541,0.1366,0.2407,1.2910,239,10.6401
08164300,ifs,12,-0.6002,0.1333,0.1441,1.1182,239,12.2130
08164600,ifs,12,-0.5856,0.2785,0.3214,1.1949,239,9.4211
08165300,ifs,12,-0.1618,-0.0857,0.0835,0.7257,239,10.2974
08171300,ifs,12,-0.3727,0.1082,0.1395,0.9970,239,9.8845
08175000,ifs,12,-0.3515,0.1882,0.2056,1.0056,239,10.1304
08176900,ifs,12,-0.8913,0.1776,0.2317,1.2134,239,9.4954
08178880,ifs,12,-0.2458,-0.0782,0.0443,0.8086,239,11.9170
08189500,ifs,12,-0.3275,0.2106,0.2280,1.0527,239,8.5313
08190000,ifs,12,-0.0752,-0.2447,0.0588,0.5550,239,14.9893
08190500,ifs,12,-0.0812,-0.2306,0.0570,0.5786,239,14.3586
08194200,ifs,12,0.2457,0.1803,0.5073,0.6211,239,7.5259
08195000,ifs,12,-0.1365,-0.1426,0.0568,0.7114,239,13.9058
08196000,ifs,12,-0.1444,-0.1709,0.0382,0.6822,239,15.9766
08198500,ifs,12,-0.2172,-0.1103,0.0432,0.7303,239,13.8661
08200000,ifs,12,-0.1722,-0.0590,0.0909,0.7639,239,13.0925
08202700,ifs,12,-0.1507,-0.1020,0.0840,0.6896,239,13.9015
08267500,ifs,12,-0.7158,0.0082,0.1260,1.4674,239,4.9789
08269000,ifs,12,-1.3259,-0.2190,0.1295,1.8192,239,4.2966
08271000,ifs,12,-0.6493,0.0414,0.1269,1.3893,239,5.0827
08324000,ifs,12,-1.2971,-0.2351,0.1894,1.8872,239,3.5057
08377900,ifs,12,-0.8020,-0.0374,0.1667,1.6164,239,5.0847
08378500,ifs,12,-0.7441,-0.0156,0.1909,1.6130,239,4.3570
08380500,ifs,12,-1.3686,-0.1239,0.1624,1.6844,239,4.7468
09034900,ifs,12,-0.4466,0.0945,0.1178,0.9922,239,4.7589
09035900,ifs,12,-0.9661,0.0635,0.0988,1.2421,239,4.0982
09047700,ifs,12,-1.0069,0.0005,0.1071,1.4398,239,3.9304
09065500,ifs,12,-0.6980,0.1285,0.1661,1.2532,239,3.8882
09066000,ifs,12,-0.7215,0.0986,0.1763,1.3655,239,3.3362
09066200,ifs,12,-0.7988,0.1264,0.1676,1.2561,239,4.2373
09066300,ifs,12,-0.7487,0.1314,0.1662,1.2404,239,4.0655
09081600,ifs,12,-0.1096,0.2101,0.2838,1.1729,239,4.5890
09107000,ifs,12,-0.6558,0.0251,0.2804,1.6514,239,3.1737
09210500,ifs,12,-0.9274,0.0064,0.0072,1.0274,239,3.2361
09223000,ifs,12,-0.9529,0.0090,0.0095,0.9728,239,4.0152
09306242,ifs,12,-1.7139,-0.4312,-0.0014,1.9877,239,4.6581
09312600,ifs,12,-0.6851,0.0307,0.0522,1.1625,239,4.0274
09352900,ifs,12,-0.4751,0.0707,0.2486,1.5446,239,5.3666
09378170,ifs,12,-0.5662,0.1802,0.1858,1.0868,239,4.3684
09378630,ifs,12,-0.5052,0.1760,0.1818,1.0496,239,4.5082
09386900,ifs,12,-0.7835,-0.0377,0.2325,1.6891,239,3.0406
09404450,ifs,12,-0.5935,0.2104,0.2331,1.1846,239,3.6913
09430500,ifs,12,-0.6847,0.1697,0.3224,1.4447,239,2.9698
09430600,ifs,12,-0.7527,0.1557,0.2348,1.3365,239,3.7849
09447800,ifs,12,-2.1821,-0.1600,0.1261,1.4772,239,2.9287
09480000,ifs,12,-0.4935,0.2444,0.2697,1.1932,239,4.2455
09484000,ifs,12,-0.5183,0.2390,0.4423,1.4403,239,4.1183
09484600,ifs,12,-0.3717,0.3236,0.3244,1.0307,239,3.5899
09492400,ifs,12,-0.3995,0.2111,0.2404,1.1938,239,5.6178
09494000,ifs,12,-0.7902,0.1456,0.2688,1.4043,239,4.5556
09497800,ifs,12,-0.9304,0.1924,0.3243,1.2880,239,3.6921
09497980,ifs,12,-0.4581,0.3340,0.4372,1.2664,239,3.8114
09505200,ifs,12,-0.5171,0.2704,0.5140,1.3823,239,3.5541
09505350,ifs,12,-0.1932,0.4588,0.5165,1.1483,239,3.2465
09505800,ifs,12,-0.3653,0.3460,0.5147,1.3194,239,3.6371
09508300,ifs,12,-0.6610,0.3276,0.4783,1.0488,239,3.8615
09510200,ifs,12,-1.1346,0.1510,0.4212,1.2590,239,4.3781
09512280,ifs,12,-1.5444,-0.2232,0.3668,1.8196,239,4.2644
09513780,ifs,12,-2.2180,-0.4132,0.3602,1.9044,239,4.2025
10023000,ifs,12,-0.3035,-0.0342,0.0736,0.7407,239,4.1015
10166430,ifs,12,-0.2738,0.0617,0.1423,0.7968,239,4.0401
10172700,ifs,12,-0.6248,0.1381,0.1475,1.1166,239,3.4826
10172800,ifs,12,-0.4416,0.1166,0.1416,0.8948,239,4.3939
10173450,ifs,12,-0.3448,0.2523,0.2648,1.1000,239,4.2196
10205030,ifs,12,-0.3184,0.1657,0.1929,1.0122,239,3.4949
10234500,ifs,12,-0.1729,0.1535,0.2321,0.8061,239,3.7993
10242000,ifs,12,-0.1470,0.2343,0.2936,0.8132,239,4.0837
10244950,ifs,12,-0.1201,0.1632,0.2529,0.8067,239,3.0241
10249300,ifs,12,-0.5704,0.1975,0.1982,0.9728,239,2.8353
10258000,ifs,12,0.3680,0.4679,0.6425,1.3628,239,2.8298
10258500,ifs,12,-1.1190,-0.7697,0.5363,2.5590,239,2.6524
10259000,ifs,12,0.1747,0.3086,0.5922,1.5583,239,2.5086
10259200,ifs,12,-2.3705,-1.0733,0.4097,2.7282,239,3.6833
10263500,ifs,12,0.2486,0.2044,0.5091,0.5431,239,5.1288
10310500,ifs,12,-3.6971,-0.3722,0.0335,1.1875,239,7.8832
10316500,ifs,12,-0.0798,-0.1379,0.1619,0.4872,239,3.8640
10329500,ifs,12,-0.3782,0.0862,0.1403,0.7952,239,3.8458
10336645,ifs,12,-0.9599,0.0932,0.0977,1.0379,239,11.5089
10336660,ifs,12,-0.7570,0.1179,0.1195,0.9476,239,11.8635
10343500,ifs,12,-1.7268,-0.0209,0.0512,1.0897,239,8.9260
10348850,ifs,12,-0.4660,-0.0221,0.0746,0.6415,239,11.0415
10396000,ifs,12,-0.3922,0.0495,0.1093,0.7933,239,3.9666
11098000,ifs,12,0.2878,0.1633,0.5454,0.5084,239,6.9003
11124500,ifs,12,0.0756,0.0311,0.3204,0.5552,239,6.6746
11141280,ifs,12,0.0047,0.0412,0.2777,0.5740,239,6.2979
11143000,ifs,12,-0.2995,-0.1087,0.0858,0.4950,239,11.5524
11148900,ifs,12,-0.5942,0.1337,0.1460,0.8723,239,6.9056
11151300,ifs,12,-0.5629,0.0985,0.1270,0.8056,239,4.6805
11162500,ifs,12,-0.4712,0.0813,0.1254,0.7833,239,7.7041
11176400,ifs,12,-0.6032,0.2045,0.2086,0.9198,239,4.2917
11180500,ifs,12,-0.5593,0.1028,0.1161,0.9135,239,4.7673
11180960,ifs,12,-0.2884,0.0615,0.1396,0.7856,239,5.2025
11224500,ifs,12,-0.2170,0.1683,0.2269,0.8314,239,3.5967
11253310,ifs,12,-0.4885,0.2257,0.2391,1.1418,239,3.2422
11264500,ifs,12,-1.4559,0.0483,0.1333,1.1860,239,7.4493
11266500,ifs,12,-1.1477,0.1041,0.1401,1.1216,239,7.5059
11274500,ifs,12,-0.6044,0.2392,0.2416,0.9774,239,4.1002
11274630,ifs,12,-0.5591,0.2277,0.2282,1.0260,239,3.6756
11284400,ifs,12,-0.4739,0.2331,0.2341,0.9975,239,6.1642
11299600,ifs,12,-0.1310,0.2681,0.3105,0.8784,239,5.2756
11381500,ifs,12,-0.4214,0.0273,0.0863,0.7927,239,10.8040
11383500,ifs,12,-0.4824,0.0365,0.0824,0.8050,239,11.2030
11451100,ifs,12,-2.3870,-0.1334,0.0649,1.1938,239,9.5528
11468500,ifs,12,-0.8331,0.1191,0.1275,1.1115,239,9.0594
11473900,ifs,12,-0.7509,0.0952,0.0974,0.9443,239,9.1051
11475560,ifs,12,-0.3215,-0.0546,0.0728,0.6510,239,15.0353
11476600,ifs,12,-1.6920,-0.0652,0.0702,1.3657,239,12.0795
11478500,ifs,12,-0.8390,0.1005,0.1024,1.0542,239,10.0150
11480390,ifs,12,-0.6597,0.0893,0.0954,0.9410,239,8.9578
11481200,ifs,12,-0.6222,0.1468,0.1781,1.2287,239,10.1405
11482500,ifs,12,-0.3992,0.1758,0.1916,1.0612,239,10.5514
11522500,ifs,12,-0.7753,0.0983,0.1436,1.2802,239,7.9701
11523200,ifs,12,-1.1672,0.0565,0.0719,0.9299,239,9.6995
11528700,ifs,12,-0.7266,0.0971,0.0998,0.9433,239,7.9657
11532500,ifs,12,-0.4984,0.1342,0.1514,1.1151,239,13.5597
12010000,ifs,12,-0.4344,0.0885,0.1332,0.8020,239,13.6768
12013500,ifs,12,-0.7403,0.0910,0.0943,0.9331,239,11.8135
12020000,ifs,12,-0.8038,0.0341,0.0412,0.9004,239,10.0703
12025000,ifs,12,-0.6256,0.0327,0.0494,0.9176,239,9.2059
12025700,ifs,12,-0.8399,0.0393,0.0421,1.0596,239,8.8221
12035000,ifs,12,-0.4301,0.1101,0.1615,0.7568,239,13.2488
12040500,ifs,12,-0.6532,0.1617,0.1663,0.9125,239,16.3986
12041200,ifs,12,-0.5844,0.1657,0.1766,0.8716,239,17.6404
12043000,ifs,12,-0.7003,0.1678,0.1710,0.9315,239,14.3894
12048000,ifs,12,-2.6094,-0.3254,0.0849,1.6818,239,9.9635
12054000,ifs,12,-1.1489,0.0775,0.1126,1.1678,239,13.1144
12056500,ifs,12,-0.8136,0.1937,0.2068,1.0594,239,15.9905
12073500,ifs,12,-0.9223,0.0729,0.0774,1.0816,239,7.8955
12082500,ifs,12,-0.6585,0.0940,0.0980,1.0094,239,12.3561
12092000,ifs,12,-0.4840,0.0761,0.0995,0.9413,239,11.7953
12095000,ifs,12,-0.6979,0.1039,0.1155,1.1370,239,9.6367
12114500,ifs,12,-0.1702,0.0132,0.1627,0.6839,239,12.5001
12115000,ifs,12,-0.1742,0.0164,0.1615,0.6918,239,12.4569
12115500,ifs,12,-0.2338,0.0597,0.1569,0.7671,239,12.8111
12117000,ifs,12,-0.2663,0.0652,0.1498,0.7829,239,12.8414
12141300,ifs,12,-0.2238,0.0260,0.1401,0.7464,239,14.7885
12143600,ifs,12,-0.2320,0.0446,0.1416,0.7931,239,13.9401
12144000,ifs,12,-0.2590,0.0634,0.1423,0.8283,239,13.1938
12145500,ifs,12,-0.3293,0.0507,0.1281,0.7673,239,10.6955
12147600,ifs,12,-0.1931,0.0323,0.1602,0.7203,239,17.8865
12167000,ifs,12,-0.4182,0.1303,0.1504,1.0129,239,13.3907
12175500,ifs,12,-0.9904,0.0773,0.1068,1.2068,239,11.1516
12186000,ifs,12,-0.5954,0.0737,0.0844,0.9832,239,14.7205
12189500,ifs,12,-0.7214,0.0846,0.0924,1.1058,239,12.8734
12358500,ifs,12,-0.3829,-0.1579,-0.0045,0.6052,239,8.1437
12377150,ifs,12,-0.1257,-0.0559,0.2142,0.4837,239,7.0439
12381400,ifs,12,-0.1569,-0.0122,0.1946,0.5636,239,6.4244
12390700,ifs,12,-0.8555,0.0111,0.0184,0.8953,239,6.2714
12411000,ifs,12,-0.5608,-0.0035,0.0436,0.7837,239,6.9001
12414500,ifs,12,-0.4995,0.0022,0.0550,0.7910,239,6.8982
12447390,ifs,12,-2.1958,-0.3764,-0.0053,1.8284,239,4.9587
12451000,ifs,12,-1.7769,-0.1282,0.1098,1.5469,239,9.3197
12488500,ifs,12,-0.4938,0.0637,0.0866,0.9919,239,9.8824
13011500,ifs,12,-1.1258,0.0416,0.0502,1.0623,239,5.3249
13011900,ifs,12,-1.2350,0.0427,0.0706,1.1402,239,5.2600
13018300,ifs,12,-1.0322,0.0052,0.0057,1.0216,239,5.2756
13023000,ifs,12,-1.6110,-0.0377,0.0157,1.1687,239,4.9601
13161500,ifs,12,-1.1758,-0.0804,-0.0424,1.2817,239,3.1409
13235000,ifs,12,-0.9048,-0.0058,-0.0019,0.9280,239,6.0497
13240000,ifs,12,-0.5249,-0.0121,0.0384,0.7971,239,7.0430
13310700,ifs,12,-0.6637,0.0284,0.0420,0.9240,239,5.6352
13313000,ifs,12,-0.3643,-0.0368,0.0647,0.7121,239,6.1103
13331500,ifs,12,-0.6713,0.0307,0.0408,1.0163,239,6.4890
13337000,ifs,12,-0.4388,0.1124,0.1500,0.8158,239,7.1857
13338500,ifs,12,-0.8865,-0.0122,-0.0098,1.0062,239,6.3192
13340000,ifs,12,-0.6887,0.0765,0.0839,0.9177,239,6.5725
13340600,ifs,12,-0.3086,0.0636,0.1445,0.7565,239,7.7012
14020000,ifs,12,-0.6405,0.0629,0.0729,1.0580,239,6.2191
14092750,ifs,12,-1.6590,-0.0948,0.0334,1.4103,239,9.1998
14096850,ifs,12,-1.3279,-0.0955,0.0192,1.4604,239,5.3116
14137000,ifs,12,-0.6665,0.0112,0.0247,1.0363,239,11.0765
14138800,ifs,12,-0.5337,-0.0236,0.0171,0.8696,239,14.5056
14138870,ifs,12,-0.6157,-0.0208,0.0042,0.9256,239,15.4222
14138900,ifs,12,-0.4376,-0.0679,0.0088,0.7877,239,17.2668
14139800,ifs,12,-0.6433,-0.0123,0.0100,0.9057,239,15.1173
14141500,ifs,12,-0.8443,0.0077,0.0119,1.0587,239,13.6946
14154500,ifs,12,-0.9382,0.1144,0.1322,1.1397,239,7.8091
14158500,ifs,12,-1.1275,0.0594,0.0922,1.1920,239,10.3824
14158790,ifs,12,-0.6939,0.0631,0.0695,0.9449,239,11.8573
14166500,ifs,12,-0.8808,0.0960,0.1436,1.2758,239,8.7620
14182500,ifs,12,-0.8490,0.0840,0.0891,1.0956,239,11.0835
14185000,ifs,12,-1.0790,0.0604,0.0809,1.1534,239,10.3987
14185900,ifs,12,-0.7756,0.0743,0.0752,0.9972,239,11.5511
14187000,ifs,12,-0.8651,0.0932,0.0968,1.0742,239,10.2555
14216500,ifs,12,-0.9931,0.0944,0.1123,1.1388,239,13.1902
14222500,ifs,12,-0.3467,-0.0397,0.0502,0.7862,239,17.3652
14236200,ifs,12,-0.5324,0.0802,0.0986,0.9233,239,10.6774
14301000,ifs,12,-0.5944,0.0643,0.0765,0.9770,239,11.3297
14303200,ifs,12,-0.4048,0.0087,0.0726,0.8058,239,13.8277
14305500,ifs,12,-0.2791,0.0317,0.1232,0.7718,239,15.6283
14306340,ifs,12,-0.9421,0.0878,0.0999,1.1277,239,9.9067
14306500,ifs,12,-0.8420,0.0981,0.1063,1.1176,239,10.4087
14308990,ifs,12,-0.7363,0.0985,0.1099,1.1409,239,5.9388
14309500,ifs,12,-0.7299,0.1917,0.1982,1.0702,239,8.8866
14316700,ifs,12,-1.2324,0.0628,0.1046,1.1717,239,7.9540
14325000,ifs,12,-0.8415,0.1593,0.1765,1.1293,239,11.4376
14362250,ifs,12,-1.1691,0.0325,0.1006,1.3061,239,6.1494
14400000,ifs,12,-0.8860,0.0714,0.0863,1.1630,239,15.5832
01013500,ifs,13,-1.5493,-0.0519,-0.0119,1.1715,239,8.8246
01022500,ifs,13,-0.9276,0.1435,0.1900,1.2228,239,8.7574
01030500,ifs,13,-1.0011,0.0433,0.0444,0.9931,239,7.6747
01031500,ifs,13,-1.5163,-0.0199,0.0367,1.2045,239,9.0514
01047000,ifs,13,-1.2539,0.0150,0.0474,1.1887,239,9.2208
01052500,ifs,13,-0.9279,0.0344,0.0412,1.1148,239,7.7768
01054200,ifs,13,-0.7767,0.0363,0.0399,0.9728,239,9.6587
01055000,ifs,13,-1.0685,0.0284,0.0306,1.0133,239,8.2897
01057000,ifs,13,-0.9201,0.0663,0.0669,0.9850,239,8.4142
01073000,ifs,13,-1.3747,-0.0095,0.0113,1.0895,239,9.3482
01078000,ifs,13,-0.8705,0.0048,0.0066,0.9900,239,8.5927
01118300,ifs,13,-0.2123,0.0347,0.1565,0.7090,239,12.7203
01121000,ifs,13,-0.2343,0.1715,0.2399,0.7645,239,9.1727
01123000,ifs,13,-0.1907,0.1061,0.2218,0.6869,239,9.4724
01134500,ifs,13,-0.9405,0.0237,0.0237,1.0007,239,9.1074
01137500,ifs,13,-0.6654,0.0378,0.0476,1.0188,239,8.4850
01139000,ifs,13,-0.9132,0.0360,0.0405,1.0928,239,8.5635
01139800,ifs,13,-0.5853,0.0413,0.0645,0.8780,239,8.7142
01142500,ifs,13,-1.1019,0.0470,0.0637,1.1369,239,8.3597
01144000,ifs,13,-0.7150,0.0669,0.0720,0.9432,239,8.1288
01169000,ifs,13,-0.7298,0.1104,0.1111,1.0219,239,9.1435
01170100,ifs,13,-0.7612,0.1156,0.1177,1.0606,239,8.9943
01181000,ifs,13,-0.6726,0.1500,0.1512,0.9567,239,9.7842
01187300,ifs,13,-0.9650,0.1520,0.1820,1.1338,239,9.2754
01195100,ifs,13,-0.3401,-0.0224,0.0798,0.7151,239,11.1321
01333000,ifs,13,-0.7203,0.0582,0.0645,1.0671,239,9.1545
01350000,ifs,13,-0.4006,-0.0387,0.0285,0.8593,239,11.9637
01350080,ifs,13,-0.6181,-0.0068,0.0154,0.9321,239,10.0454
01350140,ifs,13,-0.8601,-0.0046,-0.0004,0.9454,239,10.2086
01365000,ifs,13,-0.6238,0.0415,0.0545,0.9680,239,10.7201
01411300,ifs,13,-0.1639,0.0184,0.1397,0.8178,239,11.6484
01413500,ifs,13,-0.3958,-0.0515,0.0323,0.7754,239,11.2861
01414500,ifs,13,-0.3430,-0.0429,0.0400,0.8424,239,11.7878
01415000,ifs,13,-0.4746,0.0482,0.0894,0.8324,239,9.5511
01423000,ifs,13,-0.5076,0.0457,0.0829,0.8332,239,9.5520
01434025,ifs,13,-0.3719,-0.0399,0.0421,0.7995,239,12.5616
01435000,ifs,13,-0.4176,-0.0154,0.0449,0.8492,239,12.0240
01439500,ifs,13,-0.9288,0.0844,0.0861,0.9818,239,10.5892
01440000,ifs,13,-0.6558,0.0377,0.0530,0.8981,239,10.3857
01440400,ifs,13,-0.6864,0.0826,0.0981,0.8478,239,10.9414
01451800,ifs,13,-0.9911,0.0972,0.1055,1.0607,239,9.6470
01466500,ifs,13,-0.6275,0.1527,0.1539,1.0219,239,9.1716
01484100,ifs,13,-0.3144,0.2045,0.2282,1.0959,239,8.9330
01485500,ifs,13,-0.1809,0.0903,0.1744,0.8949,239,10.2166
01486000,ifs,13,-0.2048,0.0841,0.1590,0.9689,239,10.6023
01487000,ifs,13,-0.2891,0.1381,0.1781,1.0445,239,9.3658
01491000,ifs,13,-0.5741,0.2129,0.2324,1.1730,239,7.7750
01510000,ifs,13,-0.9733,0.0147,0.0153,0.9650,239,10.2331
01516500,ifs,13,-0.7523,0.1020,0.1137,0.8564,239,7.6723
01518862,ifs,13,-0.6000,0.0521,0.0801,0.8247,239,7.7359
01532000,ifs,13,-0.5678,0.0670,0.0873,0.8849,239,8.7291
01539000,ifs,13,-0.9016,0.0954,0.0969,0.9904,239,10.0035
01542810,ifs,13,-0.5178,0.1074,0.1276,0.8784,239,8.1234
01543000,ifs,13,-0.5636,0.1247,0.1367,0.8988,239,7.9515
01543500,ifs,13,-0.4747,0.0840,0.1156,0.8563,239,8.3089
01544500,ifs,13,-0.4634,0.1148,0.1426,0.8553,239,7.6475
01545600,ifs,13,-0.4549,0.1110,0.1369,0.8819,239,7.8023
01547700,ifs,13,-0.1390,0.0168,0.1494,0.8089,239,11.4649
01548500,ifs,13,-0.5520,0.1086,0.1296,0.8503,239,7.3546
01549500,ifs,13,-0.4688,0.1327,0.1503,0.9119,239,7.9638
01550000,ifs,13,-0.4085,0.1075,0.1364,0.9204,239,8.6941
01552000,ifs,13,-0.3754,0.0594,0.1118,0.8473,239,9.8061
01552500,ifs,13,-0.6567,0.1240,0.1280,0.9348,239,9.0235
01557500,ifs,13,-0.1415,0.0514,0.1867,0.7370,239,10.0951
01567500,ifs,13,-0.5355,0.0821,0.0992,0.9336,239,9.6623
01568000,ifs,13,-0.7522,0.1422,0.1426,1.0125,239,9.1341
01580000,ifs,13,-0.9340,0.1391,0.1606,1.1317,239,8.6614
01583500,ifs,13,-0.6587,0.2133,0.2174,1.0567,239,7.9681
01586610,ifs,13,-1.0100,0.1036,0.1167,1.0844,239,8.8760
01591400,ifs,13,-0.4392,0.1104,0.1446,0.8357,239,9.7592
01596500,ifs,13,-0.4735,0.0880,0.1102,1.0510,239,8.8863
01605500,ifs,13,-0.3374,0.2031,0.2195,1.0183,239,7.7139
01606500,ifs,13,-0.3850,0.2557,0.2633,1.0845,239,7.2938
01613050,ifs,13,-0.5780,0.0779,0.0917,0.9320,239,8.3103
01620500,ifs,13,-0.4605,0.2201,0.2507,1.2141,239,6.8446
01632000,ifs,13,-0.3351,0.1495,0.1930,0.8251,239,8.1439
01632900,ifs,13,-0.2830,0.0827,0.1625,0.7659,239,7.7869
01634500,ifs,13,-0.5047,0.1369,0.1516,0.9004,239,8.5152
01638480,ifs,13,-0.5308,0.1190,0.1322,0.9193,239,8.5157
01639500,ifs,13,-0.8989,0.1338,0.1437,1.0814,239,8.4806
01644000,ifs,13,-0.6411,0.1650,0.1673,0.9400,239,8.2331
01658500,ifs,13,-0.6345,0.1349,0.1417,0.9043,239,9.2822
01664000,ifs,13,-0.4327,0.1931,0.2086,0.8816,239,8.1811
01666500,ifs,13,-0.5540,0.2031,0.2038,0.9783,239,8.5618
01667500,ifs,13,-0.5484,0.1907,0.1928,0.9588,239,8.1581
01669000,ifs,13,-0.5909,0.0795,0.0978,1.1296,239,10.2485
01669520,ifs,13,-0.6397,0.0345,0.0553,1.1379,239,10.3329
02011400,ifs,13,-0.5093,0.1976,0.2039,1.0835,239,7.3375
02011460,ifs,13,-0.4036,0.2097,0.2245,1.1111,239,7.5302
02013000,ifs,13,-0.6233,0.1019,0.1087,1.0559,239,8.0153
02014000,ifs,13,-0.8399,0.0975,0.1066,1.1250,239,7.6360
02015700,ifs,13,-0.4629,0.1753,0.2103,1.2225,239,7.4563
02016000,ifs,13,-0.7541,0.1461,0.1718,1.2016,239,7.1724
02017500,ifs,13,-1.1200,0.0632,0.1134,1.2505,239,7.2526
02018000,ifs,13,-1.3057,0.0338,0.1165,1.2967,239,7.2303
02027000,ifs,13,-1.0053,0.0932,0.1614,1.3009,239,7.4035
02027500,ifs,13,-0.8540,0.1201,0.1593,1.2430,239,7.3882
02028500,ifs,13,-0.8183,0.1449,0.1538,1.1008,239,7.6594
02038850,ifs,13,-1.0743,0.0473,0.0544,1.0709,239,8.5287
02046000,ifs,13,-0.8765,0.0030,0.0054,1.0368,239,9.4191
02051000,ifs,13,-0.9434,0.0034,0.0107,1.1192,239,10.2406
02051500,ifs,13,-0.9656,0.0089,0.0276,1.1914,239,9.3073
02053200,ifs,13,-1.5747,-0.0601,0.0466,1.3581,239,11.6878
02053800,ifs,13,-1.7436,-0.0472,0.0211,1.1523,239,8.8698
02055100,ifs,13,-1.5793,-0.1363,0.0936,1.6008,239,7.7002
02056900,ifs,13,-1.8146,-0.0738,0.0226,1.2545,239,9.9672
02059500,ifs,13,-1.4081,0.0052,0.0715,1.2512,239,7.2358
02064000,ifs,13,-1.7434,-0.1005,0.0404,1.4095,239,8.2405
02065500,ifs,13,-2.1301,-0.1394,0.0418,1.3693,239,9.3493
02069700,ifs,13,-1.5143,-0.0523,-0.0274,1.1035,239,11.2048
02070000,ifs,13,-1.4631,-0.0357,-0.0136,1.0845,239,10.9604
02074500,ifs,13,-0.9014,-0.0535,-0.0015,1.3221,239,10.2751
02077200,ifs,13,-1.5365,-0.0581,0.0353,1.3436,239,8.8240
02081500,ifs,13,-1.2118,-0.0291,0.0239,1.3038,239,9.4495
02082950,ifs,13,-1.4414,-0.1232,0.0898,1.6004,239,8.5289
02092500,ifs,13,-1.3774,-0.0001,0.1252,1.3861,239,9.6776
02096846,ifs,13,-0.6281,-0.0397,0.0048,1.2195,239,11.4998
02102908,ifs,13,-0.5831,0.0926,0.1190,1.1863,239,10.4374
02108000,ifs,13,-1.3664,0.0386,0.1529,1.3201,239,9.9597
02111180,ifs,13,-0.8026,0.0814,0.0866,1.0970,239,10.0104
02111500,ifs,13,-1.1375,0.0341,0.0418,1.0557,239,10.7021
02118500,ifs,13,-0.9316,0.0652,0.0707,1.0944,239,8.6816
02128000,ifs,13,-0.9397,0.0659,0.1322,1.3307,239,9.1956
02137727,ifs,13,-0.5895,0.0971,0.1172,1.1545,239,10.5421
02140991,ifs,13,-0.8054,0.1144,0.1265,1.1423,239,9.6618
02143000,ifs,13,-0.5194,0.0653,0.0847,0.9993,239,8.7129
02143040,ifs,13,-0.6304,0.0864,0.0928,1.0092,239,8.9617
02149000,ifs,13,-0.2541,0.1035,0.1625,0.9171,239,11.2039
02152100,ifs,13,-0.7625,0.1045,0.1073,1.0696,239,8.9119
02177000,ifs,13,-1.1211,0.0258,0.0515,1.1941,239,13.0969
02178400,ifs,13,-1.6209,-0.0251,0.0532,1.2249,239,12.3378
02193340,ifs,13,-0.6391,0.1083,0.1881,1.3685,239,9.3086
02196000,ifs,13,-0.6332,0.0726,0.0917,1.1516,239,10.1855
02198100,ifs,13,-0.2828,0.1052,0.1660,0.8371,239,11.8497
02202600,ifs,13,-0.7960,0.1175,0.1528,1.2416,239,8.0470
02212600,ifs,13,-0.5521,0.0667,0.0847,1.0712,239,10.6423
02215100,ifs,13,-0.5602,0.0676,0.0854,0.9184,239,10.5746
02216180,ifs,13,-0.7287,0.0417,0.0490,0.9318,239,13.1100
02221525,ifs,13,-0.6438,0.1105,0.1221,1.1258,239,9.7479
02231000,ifs,13,-1.1394,0.0797,0.0949,1.0127,239,9.8029
02231342,ifs,13,-0.6118,-0.0487,-0.0137,0.8694,239,8.5764
02235200,ifs,13,-0.7695,0.0759,0.0906,0.8388,239,9.2347
02245500,ifs,13,-1.2685,0.0218,0.0398,1.0849,239,9.6007
02246000,ifs,13,-1.8140,-0.0374,0.0394,1.0646,239,9.8457
02296500,ifs,13,-0.7422,0.0103,0.0431,0.7706,239,8.0486
02297155,ifs,13,-0.4925,-0.1013,-0.0250,0.7715,239,10.1503
02297310,ifs,13,-0.5107,-0.0791,-0.0021,0.7379,239,9.6142
02298123,ifs,13,-0.4630,-0.0052,0.0528,0.8026,239,8.6780
02298608,ifs,13,-0.5060,-0.1166,-0.0310,0.7304,239,10.3788
02299950,ifs,13,-0.6024,-0.0725,-0.0279,0.8323,239,9.9653
02300700,ifs,13,-0.5096,-0.0446,0.0048,0.8575,239,11.4947
02310947,ifs,13,-0.4018,0.0009,0.0644,0.8258,239,9.1263
02312200,ifs,13,-0.3635,-0.0646,0.0221,0.8178,239,10.6167
02314500,ifs,13,-1.0102,0.1189,0.1326,1.0506,239,10.9776
02315500,ifs,13,-1.1629,0.0968,0.1215,1.0366,239,10.4006
02324400,ifs,13,-0.6842,0.0631,0.0707,0.9343,239,13.5490
02327100,ifs,13,-1.2170,-0.0015,0.0054,1.0446,239,13.1827
02349900,ifs,13,-0.3639,0.0354,0.0991,0.8208,239,11.0397
02350900,ifs,13,-0.3131,0.1171,0.1637,0.8799,239,8.5307
02361000,ifs,13,-0.4531,0.0513,0.0843,0.9318,239,8.5770
02363000,ifs,13,-0.2607,0.1336,0.1816,0.9364,239,8.8262
02369800,ifs,13,-0.0015,0.0323,0.2427,0.7280,239,12.9187
02371500,ifs,13,-0.1868,0.0757,0.1613,0.9135,239,10.1665
02372250,ifs,13,-0.2098,0.1104,0.1830,0.8693,239,10.0435
02374500,ifs,13,-0.2858,0.1737,0.2062,0.9399,239,11.3638
02381600,ifs,13,-0.5990,0.1024,0.1098,1.0378,239,12.7329
02384540,ifs,13,-1.0681,0.0507,0.0614,1.1058,239,12.6137
02395120,ifs,13,-0.8811,0.1200,0.1746,1.2796,239,10.2812
02408540,ifs,13,-0.6292,0.0534,0.0645,1.0368,239,12.0818
02415000,ifs,13,-0.5924,0.0244,0.0434,0.9533,239,12.8594
02422500,ifs,13,-0.7469,0.0997,0.1103,1.1364,239,11.5666
02427250,ifs,13,-0.6737,0.1531,0.1745,1.1893,239,9.9242
02430085,ifs,13,-0.8763,0.0660,0.0880,1.1997,239,11.8218
02450250,ifs,13,-0.4838,0.0367,0.0681,0.9310,239,11.7644
02464000,ifs,13,-0.4379,0.1674,0.1836,1.0979,239,13.4761
02465493,ifs,13,-0.8777,0.0972,0.1117,1.1524,239,11.6999
02469800,ifs,13,-0.6854,0.1705,0.1740,1.0736,239,11.7644
02472000,ifs,13,-0.3109,0.0161,0.1019,0.7831,239,11.9754
02472500,ifs,13,-0.2233,-0.0086,0.1212,0.7170,239,12.6195
02479155,ifs,13,-0.0496,0.0738,0.2344,0.7485,239,13.5223
02479300,ifs,13,-0.0726,-0.1689,0.1065,0.6024,239,18.1400
02481000,ifs,13,-0.0786,-0.2385,0.0708,0.5510,239,21.8548
02481510,ifs,13,-0.0973,-0.1657,0.1095,0.5608,239,18.1226
03010655,ifs,13,-0.5060,0.0278,0.0665,0.8458,239,8.1122
03011800,ifs,13,-0.4802,-0.0126,0.0347,0.8660,239,9.4092
03015500,ifs,13,-0.7722,-0.0153,-0.0069,0.9763,239,8.5806
03021350,ifs,13,-0.6955,-0.0575,-0.0371,0.9589,239,9.7781
03026500,ifs,13,-0.5118,-0.0054,0.0376,0.8516,239,8.9332
03028000,ifs,13,-0.5842,-0.0135,0.0146,0.9171,239,9.4523
03049800,ifs,13,-0.3319,0.0351,0.1020,0.8458,239,10.2181
03050000,ifs,13,-0.2612,0.2010,0.2293,0.9932,239,10.3603
03066000,ifs,13,-0.3660,0.1773,0.2009,1.1070,239,9.5989
03069500,ifs,13,-0.4241,0.2170,0.2340,1.1421,239,9.2102
03070500,ifs,13,-0.7678,0.1089,0.1128,1.0830,239,10.1547
03076600,ifs,13,-0.3872,0.0112,0.0681,0.8812,239,10.5809
03078000,ifs,13,-0.3821,0.0179,0.0689,0.9584,239,10.4247
03140000,ifs,13,-0.5142,0.0736,0.0937,0.9449,239,8.7532
03144000,ifs,13,-0.4410,-0.0210,0.0417,0.8136,239,10.4807
03159540,ifs,13,-0.3877,0.0845,0.1216,0.9192,239,10.9494
03161000,ifs,13,-0.9061,0.0684,0.0854,1.1735,239,9.3985
03164000,ifs,13,-1.1795,0.0362,0.0485,1.0736,239,8.8074
03165000,ifs,13,-1.2708,0.0156,0.0313,1.0743,239,10.7337
03170000,ifs,13,-1.7487,-0.0440,0.0194,1.1112,239,9.2565
03173000,ifs,13,-1.2752,0.0200,0.0413,1.1116,239,7.5091
03180500,ifs,13,-0.3651,0.2542,0.2767,1.1702,239,7.9512
03182500,ifs,13,-0.3758,0.2550,0.2682,1.1230,239,7.2698
03186500,ifs,13,-0.4180,0.2158,0.2258,1.0856,239,8.8310
03187500,ifs,13,-0.4600,0.2142,0.2259,1.1197,239,8.8655
03213700,ifs,13,-0.6139,0.1016,0.1199,1.1559,239,8.9669
03237280,ifs,13,-0.5773,0.1725,0.1972,1.1992,239,9.7808
03237500,ifs,13,-0.9416,0.0563,0.0717,1.1644,239,10.9640
03241500,ifs,13,-0.2689,-0.0309,0.0708,0.8258,239,11.2228
03280700,ifs,13,-0.6781,0.0515,0.0762,1.1894,239,9.3708
03281100,ifs,13,-0.8561,0.0619,0.1101,1.2952,239,9.4407
03281500,ifs,13,-0.8707,0.0498,0.1053,1.3184,239,9.1701
03285000,ifs,13,-0.6476,0.0512,0.0730,1.1616,239,11.4989
03291780,ifs,13,-0.5633,-0.0005,0.0251,0.9814,239,12.8923
03300400,ifs,13,-0.6230,0.0582,0.0693,1.0408,239,12.3029
03340800,ifs,13,-0.5497,-0.0178,0.0146,0.9281,239,12.8916
03346000,ifs,13,-0.7763,0.0084,0.0141,0.9812,239,11.6483
03364500,ifs,13,-0.1863,-0.1079,0.0632,0.7076,239,14.4003
03366500,ifs,13,-0.5891,0.0105,0.0312,1.0137,239,12.7629
03368000,ifs,13,-0.2449,0.0086,0.1126,0.7861,239,14.5480
03384450,ifs,13,-0.7354,-0.0099,0.0003,1.0135,239,12.5268
03439000,ifs,13,-1.9391,-0.0699,0.0262,1.1501,239,13.6524
03450000,ifs,13,-0.6733,0.1186,0.1225,1.0668,239,8.4838
03455500,ifs,13,-1.9826,-0.0647,0.0352,1.0803,239,12.4765
03456500,ifs,13,-1.1279,0.0696,0.0851,1.0786,239,9.8726
03460000,ifs,13,-1.4158,-0.0322,0.0039,1.1936,239,11.1749
03463300,ifs,13,-0.9098,0.0670,0.0869,1.1877,239,11.0308
03471500,ifs,13,-1.9176,-0.0925,-0.0189,1.1523,239,10.4040
03473000,ifs,13,-1.4484,-0.0270,-0.0029,1.0954,239,9.8644
03479000,ifs,13,-1.0122,0.0713,0.0995,1.2022,239,8.5184
03488000,ifs,13,-0.8152,0.0175,0.0213,1.0417,239,8.3278
03498500,ifs,13,-1.0918,0.0698,0.0964,1.1690,239,11.1016
03500000,ifs,13,-1.7503,-0.0632,0.0397,1.2856,239,12.2658
03504000,ifs,13,-1.1993,0.0297,0.0403,1.0461,239,12.9601
03574500,ifs,13,-0.7478,0.0471,0.0531,1.0700,239,12.2829
03604000,ifs,13,-0.3246,0.1234,0.1650,0.8909,239,11.2085
04015330,ifs,13,-0.9049,-0.0990,-0.0685,1.2283,239,8.9988
04024430,ifs,13,-1.2444,-0.0862,-0.0152,1.3757,239,7.5379
04027000,ifs,13,-2.5118,-0.5020,-0.0095,1.9805,239,8.5079
04040500,ifs,13,-1.5285,-0.0421,0.0803,1.3825,239,8.4745
04043050,ifs,13,-1.5396,-0.0464,0.0351,1.3041,239,7.7647
04045500,ifs,13,-1.4647,-0.0570,0.0169,1.3207,239,8.0178
04056500,ifs,13,-2.2872,-0.1917,0.0047,1.4185,239,8.6387
04057510,ifs,13,-1.2414,0.0325,0.0682,1.1869,239,8.3694
04057800,ifs,13,-1.5169,-0.0374,0.0648,1.3443,239,8.5508
04059500,ifs,13,-1.3144,0.0059,0.0850,1.3165,239,7.8983
04063700,ifs,13,-1.6128,-0.1578,0.1145,1.6527,239,7.7050
04074950,ifs,13,-1.7507,-0.0850,0.0486,1.3754,239,8.7324
04105700,ifs,13,-0.4833,0.0453,0.0733,1.0287,239,8.7780
04115265,ifs,13,-0.5196,0.0265,0.0532,0.9669,239,8.8622
04122200,ifs,13,-0.9343,0.0144,0.0216,1.1183,239,10.0209
04122500,ifs,13,-1.0004,0.0159,0.0192,1.0772,239,9.5887
04124000,ifs,13,-0.5407,-0.0749,-0.0175,0.8059,239,10.6960
04127997,ifs,13,-0.6093,-0.0819,-0.0351,0.8194,239,9.8417
04185000,ifs,13,-0.5264,0.2028,0.2058,1.0564,239,8.1267
04196800,ifs,13,-0.6641,0.0201,0.0327,0.9624,239,9.1161
04197100,ifs,13,-0.7088,0.0124,0.0236,1.0616,239,10.3368
04197170,ifs,13,-0.8649,0.0448,0.0587,1.1616,239,9.7726
04213000,ifs,13,-0.8611,0.0183,0.0236,1.0896,239,8.7337
04213075,ifs,13,-0.8545,-0.0329,-0.0234,1.0978,239,9.8031
04216418,ifs,13,-0.7095,-0.0325,-0.0013,0.8102,239,9.6917
04221000,ifs,13,-0.6982,-0.0004,0.0194,0.8675,239,8.0781
04224775,ifs,13,-1.0126,-0.0010,-0.0003,0.9656,239,9.7719
04256000,ifs,13,-1.5822,-0.0149,0.0278,1.0574,239,9.6001
04296000,ifs,13,-1.0594,-0.0042,-0.0000,1.0871,239,8.9607
05057000,ifs,13,-1.1898,-0.1016,-0.0692,1.2647,239,5.5290
05057200,ifs,13,-1.7047,-0.1594,-0.0622,1.4003,239,5.6662
05062500,ifs,13,-1.5682,-0.0900,0.0590,1.4613,239,7.0543
05087500,ifs,13,-0.9421,-0.0731,-0.0591,1.1482,239,7.4141
05120500,ifs,13,-0.8750,-0.0788,-0.0494,1.2219,239,5.5087
05123400,ifs,13,-0.7561,-0.0011,0.0077,0.9502,239,6.6649
05129115,ifs,13,-1.5089,-0.1335,-0.0764,1.3234,239,7.0043
05131500,ifs,13,-1.7959,-0.1575,-0.0593,1.3792,239,6.9493
05291000,ifs,13,-0.4921,-0.1300,-0.0326,1.3141,239,8.3854
05362000,ifs,13,-2.4120,-0.4251,0.0904,1.9175,239,9.5035
05393500,ifs,13,-2.2061,-0.2952,0.0813,1.7358,239,10.0891
05399500,ifs,13,-0.7351,0.0403,0.0793,1.2628,239,9.3478
05408000,ifs,13,-0.5077,0.0603,0.0847,1.0778,239,11.0536
05412500,ifs,13,-0.8555,-0.0083,-0.0050,1.0159,239,10.3080
05413500,ifs,13,-0.9272,0.0268,0.0348,1.1245,239,11.9677
05414000,ifs,13,-0.6673,0.0786,0.0940,1.1446,239,10.9074
05444000,ifs,13,-1.0858,-0.0287,-0.0046,1.2189,239,10.4457
05454000,ifs,13,-0.5959,0.0717,0.0830,0.9670,239,10.9306
05458000,ifs,13,-0.7499,0.0152,0.0279,1.1160,239,10.4432
05466500,ifs,13,-0.3152,-0.0956,0.0201,0.7579,239,12.1038
05487980,ifs,13,-0.3373,-0.0660,0.0298,0.7994,239,10.4045
05488200,ifs,13,-0.2202,-0.1419,0.0152,0.7525,239,12.0586
05489000,ifs,13,-0.2251,-0.0609,0.0800,0.7220,239,11.1952
05495000,ifs,13,-0.3964,0.0304,0.0785,0.9108,239,8.7279
05495500,ifs,13,-0.1940,-0.0095,0.1186,0.7685,239,9.6848
05501000,ifs,13,-0.3184,-0.0327,0.0507,0.8684,239,11.5357
05503800,ifs,13,-0.5654,0.0163,0.0402,0.9412,239,9.8781
05507600,ifs,13,-1.9541,-0.0610,0.0366,1.0940,239,11.3130
05508805,ifs,13,-1.1517,0.0424,0.0506,0.9979,239,9.5012
05514500,ifs,13,-0.9952,-0.0142,-0.0113,0.9245,239,10.0344
05525500,ifs,13,-0.6831,-0.0067,0.0073,0.9802,239,10.5851
05556500,ifs,13,-0.5011,-0.1033,-0.0376,0.8260,239,11.0419
05584500,ifs,13,-0.0707,-0.0700,0.1467,0.6920,239,11.7737
05585000,ifs,13,-0.1091,-0.0594,0.1260,0.7280,239,10.9515
05591550,ifs,13,-0.8748,0.0330,0.0371,1.0853,239,12.4679
05592050,ifs,13,-1.0214,-0.0224,0.0035,1.2285,239,10.8349
05592575,ifs,13,-0.5380,-0.0660,-0.0101,0.8071,239,12.0494
05593575,ifs,13,-0.9859,-0.0364,-0.0349,1.0350,239,11.6072
05593900,ifs,13,-0.7337,-0.0230,-0.0110,0.9788,239,11.6028
05595730,ifs,13,-1.3756,-0.0754,-0.0625,1.1241,239,12.0736
06037500,ifs,13,-0.6911,-0.0109,0.0050,0.9293,239,5.0755
06043500,ifs,13,-0.4772,-0.0047,0.0473,0.8245,239,4.6219
06154410,ifs,13,-0.4629,-0.0846,-0.0271,0.9623,239,5.8700
06188000,ifs,13,-0.9768,0.0086,0.0120,1.0817,239,4.2358
06191500,ifs,13,-0.9359,0.0010,0.0023,1.0415,239,4.2474
06221400,ifs,13,-1.8653,-0.1332,0.0254,1.4420,239,4.9584
06224000,ifs,13,-1.2307,-0.0228,0.0360,1.3134,239,4.6243
06289000,ifs,13,-2.5170,-0.2670,-0.0021,1.5347,239,5.3568
06332515,ifs,13,-1.3022,-0.1284,0.0216,1.5419,239,5.0097
06339100,ifs,13,-2.2206,-0.3236,0.1566,1.8049,239,4.6992
06339500,ifs,13,-1.6295,-0.1483,0.0634,1.5799,239,5.0365
06344600,ifs,13,-1.3617,-0.1333,0.0635,1.6002,239,5.2981
06350000,ifs,13,-1.9264,-0.1299,0.0994,1.4876,239,4.9638
06352000,ifs,13,-2.8227,-0.3922,0.0862,1.7461,239,4.8744
06353000,ifs,13,-1.7161,-0.1353,0.0519,1.5204,239,4.4080
06354000,ifs,13,-1.4022,-0.0677,0.0480,1.4304,239,4.5152
06360500,ifs,13,-1.1247,-0.0018,0.2451,1.5829,239,3.6923
06404000,ifs,13,-1.5421,-0.0828,0.1206,1.5269,239,5.3262
06406000,ifs,13,-1.9064,-0.1313,0.1027,1.5037,239,5.2165
06408700,ifs,13,-1.8066,-0.1206,0.0129,1.4059,239,4.8668
06409000,ifs,13,-1.9718,-0.1409,0.0706,1.4789,239,4.9341
06431500,ifs,13,-1.5084,-0.0718,0.0243,1.3729,239,5.1397
06440200,ifs,13,-0.8119,0.1364,0.1457,1.1125,239,5.7377
06441500,ifs,13,-1.0677,0.0510,0.0882,1.2336,239,5.0256
06447000,ifs,13,-0.7510,0.1371,0.1595,1.1913,239,4.5003
06447500,ifs,13,-0.9083,0.0800,0.1036,1.1982,239,5.4908
06450500,ifs,13,-0.4193,0.0855,0.1145,0.9840,239,5.4949
06452000,ifs,13,-0.6788,0.0737,0.0838,1.1032,239,4.7098
06453600,ifs,13,-0.4859,0.0275,0.0598,1.0610,239,6.5583
06464500,ifs,13,-0.2350,-0.0676,0.0525,0.8327,239,6.8757
06477500,ifs,13,-0.8581,-0.0385,-0.0193,1.1750,239,6.8231
06479215,ifs,13,-0.3662,-0.0851,0.0202,1.2732,239,8.2018
06479438,ifs,13,-0.3650,-0.0267,0.0679,1.2786,239,7.6135
06601000,ifs,13,-0.7185,0.0210,0.0324,1.0886,239,9.8252
06614800,ifs,13,-0.3150,-0.0570,0.0266,0.9783,239,6.1680
06622700,ifs,13,-0.5613,0.0383,0.0578,0.9738,239,4.4593
06623800,ifs,13,-0.8319,0.0236,0.0649,1.2795,239,5.1899
06632400,ifs,13,-0.5976,0.0568,0.0837,1.1720,239,4.9078
06784000,ifs,13,-0.3568,0.1282,0.1606,0.9198,239,6.3980
06803510,ifs,13,-0.3236,-0.0902,0.0081,0.8454,239,9.5010
06803530,ifs,13,-0.4760,-0.0707,-0.0170,0.9290,239,8.6101
06814000,ifs,13,-0.2987,0.1501,0.1844,0.9861,239,8.6978
06846500,ifs,13,-0.8903,-0.0223,-0.0180,0.9432,239,5.7368
06847900,ifs,13,-0.6226,-0.0881,-0.0520,0.9063,239,6.4674
06853800,ifs,13,-0.4522,0.0895,0.1129,0.9939,239,6.4879
06876700,ifs,13,-0.2410,-0.0719,0.0609,0.7460,239,11.0735
06878000,ifs,13,-0.2025,-0.0525,0.0921,0.7277,239,8.7987
06879650,ifs,13,-0.2758,-0.0016,0.1149,0.6986,239,10.8877
06885500,ifs,13,-0.1459,0.1304,0.2209,0.8211,239,9.4625
06888500,ifs,13,-0.2154,0.0356,0.1432,0.7685,239,11.0732
06889200,ifs,13,-0.2376,-0.0003,0.1003,0.8359,239,10.0895
06889500,ifs,13,-0.2551,0.0098,0.1004,0.8545,239,9.8178
06892000,ifs,13,-0.2669,-0.0033,0.0865,0.8638,239,10.4508
06903400,ifs,13,-0.2418,-0.0299,0.0882,0.7681,239,10.5548
06906800,ifs,13,-0.2121,-0.0941,0.0839,0.6349,239,12.0930
06910800,ifs,13,-0.1615,0.0646,0.1855,0.7427,239,10.2836
06911900,ifs,13,-0.2036,0.0049,0.1364,0.7138,239,11.0563
06917000,ifs,13,0.0216,0.1300,0.3168,0.6770,239,10.8618
06918460,ifs,13,-0.5633,-0.1059,-0.0570,0.8886,239,12.5228
06919500,ifs,13,-0.4627,-0.0339,0.0231,0.8413,239,11.5175
06921070,ifs,13,-0.3350,-0.1969,-0.0432,0.6600,239,13.1862
06921200,ifs,13,-0.3147,-0.2025,-0.0512,0.6960,239,13.8935
06934000,ifs,13,-0.6141,-0.0701,-0.0362,0.9129,239,11.0407
07014500,ifs,13,-0.4456,-0.1230,-0.0371,0.7847,239,13.9823
07056000,ifs,13,-0.2789,0.0510,0.1158,0.9736,239,10.0969
07057500,ifs,13,-0.7656,0.0045,0.0160,1.1035,239,11.1032
07060710,ifs,13,-0.2016,0.1308,0.1944,1.0774,239,10.3227
07066000,ifs,13,-0.7448,0.0004,0.0153,1.1205,239,10.9745
07067000,ifs,13,-0.9751,0.0037,0.0207,1.1829,239,10.3287
07068000,ifs,13,-1.0987,0.0125,0.0457,1.2378,239,10.0028
07071500,ifs,13,-0.9038,0.0555,0.0770,1.1985,239,10.2482
07083000,ifs,13,-0.7282,0.0083,0.1937,1.5768,239,3.8020
07142300,ifs,13,-0.9346,-0.0746,-0.0650,1.1054,239,7.2867
07145700,ifs,13,-0.1255,-0.1175,0.0802,0.7083,239,12.3353
07148400,ifs,13,-1.0768,-0.0287,-0.0253,1.0820,239,6.4283
07149000,ifs,13,-1.7558,-0.0716,-0.0018,1.2038,239,7.0215
07151500,ifs,13,-0.2910,-0.0088,0.0759,0.8633,239,8.9407
07167500,ifs,13,-0.4500,0.1408,0.1567,1.0562,239,9.5101
07180500,ifs,13,-0.1477,0.2180,0.2673,0.9333,239,8.6283
07184000,ifs,13,-0.1259,-0.0459,0.1259,0.7292,239,13.8276
07195800,ifs,13,-0.4703,-0.0477,0.0004,0.9907,239,13.3446
07196900,ifs,13,-0.6646,-0.0046,0.0109,1.0272,239,12.5866
07197000,ifs,13,-0.6366,0.0332,0.0459,0.9774,239,12.0174
07208500,ifs,13,-0.7043,-0.0980,0.1667,1.7141,239,3.3949
07226500,ifs,13,-0.8400,0.0207,0.0814,1.3393,239,3.3396
07261000,ifs,13,-1.2419,0.0448,0.1051,1.2510,239,12.9347
07263295,ifs,13,-1.0879,0.1074,0.1373,1.1300,239,13.2572
07290650,ifs,13,-0.4219,0.0199,0.0748,0.8297,239,11.4655
07291000,ifs,13,-0.4118,0.0265,0.0842,0.8147,239,11.5672
07292500,ifs,13,-0.3777,0.0463,0.1054,0.8181,239,11.5154
07295000,ifs,13,-0.3898,0.0596,0.1092,0.8475,239,13.0488
07299670,ifs,13,-1.0060,0.0770,0.1316,1.2796,239,6.4717
07301410,ifs,13,-0.3154,0.1032,0.1795,1.2765,239,6.4125
07301500,ifs,13,-1.3700,-0.0793,0.1083,1.5438,239,4.9956
07315200,ifs,13,-1.1513,-0.0412,-0.0392,1.0543,239,9.9142
07315700,ifs,13,-0.9828,-0.0192,0.0135,1.2561,239,8.3843
07335700,ifs,13,-0.4594,0.0285,0.0650,0.9297,239,13.2565
07340300,ifs,13,-1.1444,0.0523,0.0986,1.2394,239,12.1667
07346045,ifs,13,-1.3241,0.0503,0.1925,1.3560,239,11.0399
07359610,ifs,13,-0.4155,0.2806,0.2823,1.0470,239,11.0254
07362100,ifs,13,-0.6734,0.1910,0.2895,1.3569,239,9.1726
07362587,ifs,13,-0.8132,0.1273,0.1282,0.9894,239,13.8276
07373000,ifs,13,-0.7653,0.0920,0.0974,1.0962,239,12.1156
07375000,ifs,13,0.0167,0.0544,0.2686,0.7080,239,13.5190
07376000,ifs,13,-0.0718,0.1186,0.2393,0.8224,239,12.3665
08013000,ifs,13,-0.7571,0.0153,0.0218,0.9672,239,13.5196
08014500,ifs,13,-0.7485,0.0395,0.0441,0.9730,239,13.0986
08023080,ifs,13,-0.5445,0.1568,0.1628,1.0579,239,11.5559
08025500,ifs,13,-0.3165,0.0634,0.1215,0.8867,239,12.6364
08029500,ifs,13,-0.3485,-0.1061,0.0087,0.7295,239,13.4129
08050800,ifs,13,-0.6314,0.0383,0.0506,1.0110,239,12.2197
08066200,ifs,13,-0.3836,-0.0249,0.0561,0.7699,239,16.2047
08066300,ifs,13,-0.3185,-0.1380,-0.0103,0.7327,239,20.3914
08070000,ifs,13,-1.2124,0.0666,0.0866,0.9774,239,13.5142
08070200,ifs,13,-1.1428,0.0647,0.0794,0.9324,239,13.6093
08079600,ifs,13,-1.0409,-0.0654,0.0681,1.5103,239,4.3147
08082700,ifs,13,-0.9702,-0.0283,0.0255,1.3280,239,7.4542
08086212,ifs,13,-1.3063,-0.0170,0.0089,1.1715,239,9.3514
08086290,ifs,13,-1.4014,-0.0562,-0.0043,1.2752,239,9.4980
08101000,ifs,13,-0.6190,0.1083,0.1167,1.0841,239,7.7992
08103900,ifs,13,-0.2605,-0.0569,0.0963,0.6244,239,10.4409
08104900,ifs,13,-0.1492,-0.0452,0.1361,0.6461,239,11.2819
08109700,ifs,13,-0.0480,0.1095,0.2458,0.8011,239,10.8795
08150800,ifs,13,-0.2055,-0.2261,-0.0091,0.6023,239,11.6918
08155200,ifs,13,-0.1054,0.0968,0.2100,0.8376,239,8.7169
08158700,ifs,13,-0.1337,0.0235,0.1615,0.7726,239,8.2923
08158810,ifs,13,-0.1477,0.1630,0.2385,0.8478,239,7.9367
08164000,ifs,13,-0.4129,0.1183,0.1459,0.9035,239,8.8246
08164300,ifs,13,-0.1364,0.0828,0.1967,0.7903,239,10.2922
08164600,ifs,13,-0.4077,0.1715,0.1877,0.9291,239,8.8770
08165300,ifs,13,-0.7590,-0.0495,-0.0177,0.7907,239,12.6707
08171300,ifs,13,-0.0880,-0.0785,0.1359,0.6707,239,8.8000
08175000,ifs,13,-0.5268,-0.0211,0.0410,0.7416,239,10.7675
08176900,ifs,13,-0.8837,0.1007,0.1024,0.9713,239,9.4762
08178880,ifs,13,-0.1661,-0.2222,-0.0025,0.6526,239,11.5296
08189500,ifs,13,-0.6353,0.0927,0.1004,0.9315,239,9.4688
08190000,ifs,13,-0.5985,-0.1153,-0.0191,0.6226,239,18.2765
08190500,ifs,13,-0.4498,-0.1446,-0.0191,0.6176,239,16.6268
08194200,ifs,13,-0.1579,-0.0424,0.1219,0.6927,239,9.3246
08195000,ifs,13,-0.3552,-0.1528,-0.0158,0.6598,239,15.1847
08196000,ifs,13,-0.1319,-0.2653,-0.0028,0.5882,239,15.8896
08198500,ifs,13,-0.1474,-0.2678,-0.0091,0.5808,239,13.4626
08200000,ifs,13,-0.1248,-0.2772,-0.0056,0.5869,239,12.8251
08202700,ifs,13,-0.1316,-0.2958,-0.0121,0.5480,239,13.7855
08267500,ifs,13,-0.5490,0.0022,0.0856,1.3564,239,4.7307
08269000,ifs,13,-0.8718,-0.0998,0.1256,1.6665,239,3.8545
08271000,ifs,13,-0.4889,0.0265,0.0928,1.2840,239,4.8292
08324000,ifs,13,-1.4791,-0.3766,0.0876,2.0036,239,3.6420
08377900,ifs,13,-0.7238,-0.0899,0.1837,1.7222,239,4.9731
08378500,ifs,13,-0.7577,-0.0961,0.1583,1.7021,239,4.3740
08380500,ifs,13,-1.0249,-0.1305,0.2030,1.7817,239,4.3889
09034900,ifs,13,-0.3092,0.0984,0.1437,1.0133,239,4.5272
09035900,ifs,13,-0.6958,0.0974,0.1388,1.2686,239,3.8061
09047700,ifs,13,-0.9510,-0.0091,0.0918,1.4375,239,3.8753
09065500,ifs,13,-0.7262,0.0831,0.1509,1.3460,239,3.9204
09066000,ifs,13,-0.8936,0.0392,0.1320,1.4072,239,3.4990
09066200,ifs,13,-0.7932,0.0788,0.1588,1.3729,239,4.2307
09066300,ifs,13,-0.6880,0.1100,0.1750,1.3338,239,3.9943
09081600,ifs,13,-0.2410,0.1537,0.2285,1.2533,239,4.8531
09107000,ifs,13,-0.7244,-0.0741,0.2452,1.7611,239,3.2388
09210500,ifs,13,-1.0934,0.0456,0.0567,1.1023,239,3.3726
09223000,ifs,13,-0.6414,0.0556,0.0650,0.9770,239,3.6811
09306242,ifs,13,-1.0383,-0.1840,0.0910,1.7542,239,4.0369
09312600,ifs,13,-0.7195,0.0466,0.1109,1.3413,239,4.0683
09352900,ifs,13,-0.3270,0.1023,0.2372,1.4424,239,5.0901
09378170,ifs,13,-0.1601,0.0700,0.1796,0.7971,239,3.7597
09378630,ifs,13,-0.1567,0.0382,0.1640,0.7690,239,3.9519
09386900,ifs,13,-2.0277,-0.4305,0.0171,1.9599,239,3.9617
09404450,ifs,13,-0.5068,0.1978,0.2255,1.2066,239,3.5894
09430500,ifs,13,-0.9087,0.0725,0.3021,1.5526,239,3.1612
09430600,ifs,13,-1.2806,0.0197,0.2140,1.4757,239,4.3174
09447800,ifs,13,-2.3779,-0.2591,0.1901,1.6402,239,3.0175
09480000,ifs,13,-0.2827,0.2893,0.3086,1.1439,239,3.9344
09484000,ifs,13,-0.4732,0.2459,0.3186,1.3159,239,4.0567
09484600,ifs,13,-0.1428,0.3453,0.3570,0.9984,239,3.2767
09492400,ifs,13,-0.4072,0.2269,0.2536,1.1905,239,5.6333
09494000,ifs,13,-0.6840,0.1800,0.2648,1.3431,239,4.4185
09497800,ifs,13,-0.6071,0.1638,0.1902,1.2079,239,3.3687
09497980,ifs,13,-0.3685,0.2149,0.2343,1.1279,239,3.6924
09505200,ifs,13,-0.5283,0.2004,0.2825,1.3490,239,3.5673
09505350,ifs,13,-0.2799,0.2597,0.2876,1.1668,239,3.3624
09505800,ifs,13,-0.3282,0.2391,0.2913,1.2673,239,3.5873
09508300,ifs,13,-0.3557,0.2278,0.2383,1.0423,239,3.4886
09510200,ifs,13,-0.4376,0.1567,0.1720,1.0678,239,3.5929
09512280,ifs,13,-0.2031,0.1715,0.3378,1.4860,239,2.9323
09513780,ifs,13,-0.5476,0.1011,0.3018,1.5589,239,2.9144
10023000,ifs,13,-0.6034,0.0353,0.0507,1.0189,239,4.5490
10166430,ifs,13,-0.4853,0.1471,0.1602,1.0794,239,4.3625
10172700,ifs,13,-0.8630,0.0725,0.1257,1.3043,239,3.7292
10172800,ifs,13,-1.3215,-0.0047,0.0776,1.3304,239,5.5759
10173450,ifs,13,-0.2642,0.2390,0.2797,1.2014,239,4.0911
10205030,ifs,13,-0.3120,0.1780,0.2119,1.1313,239,3.4864
10234500,ifs,13,-0.3129,0.2644,0.2759,1.0816,239,4.0196
10242000,ifs,13,-0.1667,0.1930,0.2480,0.9017,239,4.1186
10244950,ifs,13,-0.2108,0.0559,0.1535,0.8012,239,3.1442
10249300,ifs,13,-0.7980,0.1371,0.1472,1.1213,239,3.0339
10258000,ifs,13,-0.3722,0.0066,0.1832,1.5339,239,4.1699
10258500,ifs,13,-0.4248,-0.0326,0.2532,1.7109,239,2.1750
10259000,ifs,13,-0.2338,0.1330,0.2316,1.3258,239,3.0673
10259200,ifs,13,-0.2822,-0.0709,0.2231,1.7063,239,2.2718
10263500,ifs,13,-0.0666,-0.2240,0.1132,0.4321,239,6.1106
10310500,ifs,13,-0.1938,0.3437,0.3502,0.9698,239,3.9742
10316500,ifs,13,-0.0164,0.0809,0.2702,0.6770,239,3.7489
10329500,ifs,13,-0.3009,-0.0671,0.0448,0.7590,239,3.7364
10336645,ifs,13,-0.3393,0.2914,0.2939,0.9740,239,9.5138
10336660,ifs,13,-0.2374,0.2864,0.3052,0.8904,239,9.9559
10343500,ifs,13,-0.2320,0.3182,0.3249,1.0126,239,5.9999
10348850,ifs,13,0.0295,0.0200,0.2841,0.5732,239,8.9838
10396000,ifs,13,-0.3807,-0.0686,0.0149,0.8170,239,3.9502
11098000,ifs,13,-0.0604,-0.2928,0.0907,0.3726,239,8.4199
11124500,ifs,13,-0.0885,-0.1335,0.1019,0.6361,239,7.2426
11141280,ifs,13,-0.6940,-0.0268,0.0036,0.8139,239,8.2161
11143000,ifs,13,-0.3096,-0.1214,0.0579,0.5355,239,11.5974
11148900,ifs,13,-0.8323,0.0241,0.0360,0.8571,239,7.4034
11151300,ifs,13,-0.5673,0.0561,0.0918,0.7916,239,4.6872
11162500,ifs,13,-0.3603,0.0434,0.1242,0.7227,239,7.4080
11176400,ifs,13,-0.4425,0.0373,0.1024,0.7368,239,4.0709
11180500,ifs,13,-0.5185,0.1336,0.1509,0.8714,239,4.7045
11180960,ifs,13,-0.3948,0.0258,0.1026,0.7277,239,5.4130
11224500,ifs,13,-0.3831,-0.0003,0.0906,0.6980,239,3.8342
11253310,ifs,13,-0.4775,0.0060,0.0766,0.7131,239,3.2302
11264500,ifs,13,-1.5737,-0.0100,0.1698,1.3805,239,7.6258
11266500,ifs,13,-1.3091,0.0627,0.1659,1.2840,239,7.7828
11274500,ifs,13,-0.6259,0.0236,0.0675,0.7471,239,4.1276
11274630,ifs,13,-0.4776,-0.0153,0.0623,0.6992,239,3.5782
11284400,ifs,13,-1.1372,0.1209,0.1573,1.0863,239,7.4228
11299600,ifs,13,-1.0283,0.0908,0.1009,1.0627,239,7.0648
11381500,ifs,13,-0.2390,0.0199,0.1322,0.7295,239,10.0871
11383500,ifs,13,-0.2820,0.0434,0.1339,0.7529,239,10.4183
11451100,ifs,13,-0.5017,0.2393,0.2403,1.0363,239,6.3608
11468500,ifs,13,-0.5446,0.1847,0.2403,1.2955,239,8.3162
11473900,ifs,13,-0.3347,0.2120,0.2268,0.9965,239,7.9496
11475560,ifs,13,-0.1929,0.0541,0.1652,0.7519,239,14.2851
11476600,ifs,13,-1.6586,-0.1283,0.1076,1.5687,239,12.0043
11478500,ifs,13,-1.0493,0.0723,0.1162,1.2416,239,10.5722
11480390,ifs,13,-0.8130,0.1350,0.1496,1.1455,239,9.3622
11481200,ifs,13,-1.7209,-0.1206,0.0670,1.4961,239,13.1333
11482500,ifs,13,-1.0580,0.0553,0.0907,1.2258,239,12.7964
11522500,ifs,13,-1.4035,-0.0146,0.1122,1.3913,239,9.2734
11523200,ifs,13,-0.6333,0.0488,0.0699,0.8518,239,8.4203
11528700,ifs,13,-0.7656,0.1307,0.1360,1.0935,239,8.0552
11532500,ifs,13,-1.0469,0.0489,0.0662,1.1564,239,15.8481
12010000,ifs,13,-0.2248,0.0654,0.1875,0.6732,239,12.6379
12013500,ifs,13,-0.4476,0.1362,0.1702,0.8092,239,10.7744
12020000,ifs,13,-0.4448,0.1325,0.1734,0.7804,239,9.0125
12025000,ifs,13,-0.3737,0.1104,0.1599,0.8009,239,8.4626
12025700,ifs,13,-0.6459,0.1442,0.1454,1.0237,239,8.3442
12035000,ifs,13,-0.1644,0.0850,0.2336,0.6250,239,11.9545
12040500,ifs,13,-0.2538,0.1348,0.2237,0.7067,239,14.2811
12041200,ifs,13,-0.1941,0.0774,0.2195,0.6291,239,15.3142
12043000,ifs,13,-0.2343,0.0961,0.2036,0.6899,239,12.2599
12048000,ifs,13,-0.7688,0.1257,0.1754,1.2839,239,6.9749
12054000,ifs,13,-0.2725,0.1595,0.1988,0.9271,239,10.0919
12056500,ifs,13,-0.2967,0.1731,0.2248,0.7864,239,13.5209
12073500,ifs,13,-0.4283,0.1064,0.1363,0.8822,239,6.8059
12082500,ifs,13,-0.6908,0.1043,0.1060,0.9929,239,12.4759
12092000,ifs,13,-0.5474,0.0749,0.0922,0.9276,239,12.0448
12095000,ifs,13,-0.7544,0.1118,0.1187,1.1109,239,9.7955
12114500,ifs,13,-0.2148,-0.0170,0.1324,0.6617,239,12.7359
12115000,ifs,13,-0.2202,-0.0147,0.1302,0.6692,239,12.6987
12115500,ifs,13,-0.2186,0.0238,0.1455,0.7205,239,12.7322
12117000,ifs,13,-0.2491,0.0479,0.1487,0.7477,239,12.7540
12141300,ifs,13,-0.2561,0.0421,0.1467,0.7299,239,14.9822
12143600,ifs,13,-0.2665,0.0579,0.1453,0.7774,239,14.1337
12144000,ifs,13,-0.2914,0.0821,0.1503,0.8172,239,13.3625
12145500,ifs,13,-0.3387,0.0964,0.1575,0.7879,239,10.7330
12147600,ifs,13,-0.1858,0.0204,0.1653,0.6773,239,17.8318
12167000,ifs,13,-0.1726,0.1949,0.2584,0.8243,239,12.1759
12175500,ifs,13,-0.3206,0.2546,0.2637,0.9681,239,9.0837
12186000,ifs,13,-0.2204,0.1343,0.2103,0.7892,239,12.8751
12189500,ifs,13,-0.2293,0.2029,0.2446,0.8740,239,10.8788
12358500,ifs,13,-0.2083,-0.0149,0.1326,0.6826,239,7.6122
12377150,ifs,13,-0.3044,-0.1363,0.0634,0.5329,239,7.5827
12381400,ifs,13,-0.2991,-0.1313,0.0474,0.5877,239,6.8078
12390700,ifs,13,-0.6835,0.0594,0.0673,0.9375,239,5.9736
12411000,ifs,13,-0.5434,0.0256,0.0584,0.8557,239,6.8614
12414500,ifs,13,-0.5900,-0.0024,0.0311,0.8433,239,7.1032
12447390,ifs,13,-1.1018,-0.1318,0.0714,1.6398,239,4.0213
12451000,ifs,13,-0.5778,0.2447,0.2743,1.1943,239,7.0250
12488500,ifs,13,-0.5501,0.0642,0.0830,0.9261,239,10.0670
13011500,ifs,13,-0.8575,0.0321,0.0349,1.0618,239,4.9775
13011900,ifs,13,-0.8137,0.0056,0.0109,1.0533,239,4.7383
13018300,ifs,13,-0.5228,0.0245,0.0523,0.9402,239,4.5668
13023000,ifs,13,-0.9667,0.0280,0.0360,1.1227,239,4.3047
13161500,ifs,13,-0.4856,-0.0481,0.0036,1.1238,239,2.5953
13235000,ifs,13,-0.9480,0.0072,0.0101,0.9253,239,6.1180
13240000,ifs,13,-0.7059,-0.0080,0.0167,0.8334,239,7.4493
13310700,ifs,13,-0.8930,0.0407,0.0420,0.9517,239,6.0109
13313000,ifs,13,-0.5124,-0.0061,0.0570,0.7392,239,6.4335
13331500,ifs,13,-0.5504,-0.0331,0.0021,0.9245,239,6.2498
13337000,ifs,13,-0.3881,-0.0096,0.0690,0.7681,239,7.0580
13338500,ifs,13,-0.4237,0.0435,0.0806,0.9877,239,5.4898
13340000,ifs,13,-0.4221,0.0016,0.0571,0.8551,239,6.0315
13340600,ifs,13,-0.4631,-0.0247,0.0449,0.7591,239,8.1431
14020000,ifs,13,-0.6821,0.0727,0.0846,1.1209,239,6.2974
14092750,ifs,13,-1.8598,-0.1017,0.0541,1.3900,239,9.5409
14096850,ifs,13,-1.2611,-0.0686,0.0210,1.4059,239,5.2349
14137000,ifs,13,-0.6483,0.1026,0.1064,0.9929,239,11.0158
14138800,ifs,13,-0.3699,0.0176,0.0927,0.7724,239,13.7090
14138870,ifs,13,-0.2981,0.0405,0.1237,0.7819,239,13.8237
14138900,ifs,13,-0.2011,-0.0302,0.1261,0.6654,239,15.7826
14139800,ifs,13,-0.3140,0.0485,0.1299,0.7651,239,13.5180
14141500,ifs,13,-0.4381,0.1038,0.1319,0.8933,239,12.0927
14154500,ifs,13,-1.6078,-0.0112,0.0604,1.1806,239,9.0581
14158500,ifs,13,-1.3782,0.0413,0.0933,1.1578,239,10.9770
14158790,ifs,13,-0.8041,0.0893,0.0922,0.9284,239,12.2368
14166500,ifs,13,-0.6599,0.1306,0.1330,1.0477,239,8.2312
14182500,ifs,13,-0.7907,0.1123,0.1123,1.0027,239,10.9073
14185000,ifs,13,-1.2149,0.0554,0.0786,1.0989,239,10.7330
14185900,ifs,13,-0.7600,0.0926,0.0960,0.9265,239,11.5002
14187000,ifs,13,-1.1781,0.0527,0.0661,1.0400,239,11.0826
14216500,ifs,13,-0.8182,0.1245,0.1257,1.0248,239,12.5982
14222500,ifs,13,-0.2248,-0.0218,0.1208,0.6757,239,16.5605
14236200,ifs,13,-0.3591,0.1266,0.1648,0.8647,239,10.0555
14301000,ifs,13,-0.2499,0.0878,0.1746,0.7592,239,10.0313
14303200,ifs,13,-0.2489,-0.0079,0.1314,0.6489,239,13.0376
14305500,ifs,13,-0.1503,0.0330,0.1912,0.6508,239,14.8207
14306340,ifs,13,-0.5138,0.1353,0.1503,0.8914,239,8.7463
14306500,ifs,13,-0.4484,0.1714,0.1852,0.9103,239,9.2299
14308990,ifs,13,-1.9075,-0.1087,0.0578,1.3916,239,7.6850
14309500,ifs,13,-1.1628,0.0803,0.1000,1.0494,239,9.9365
14316700,ifs,13,-2.1086,-0.0981,0.0579,1.2474,239,9.3860
14325000,ifs,13,-0.9228,0.0868,0.0884,0.9972,239,11.6873
14362250,ifs,13,-2.3556,-0.2884,0.0873,1.6731,239,7.6486
14400000,ifs,13,-1.0135,0.0503,0.0543,1.0608,239,16.1013
01013500,ifs,14,-0.8808,-0.0257,-0.0077,1.1766,239,7.5798
01022500,ifs,14,-0.9141,0.0604,0.0947,1.2466,239,8.7266
01030500,ifs,14,-1.1477,-0.0533,-0.0351,1.1923,239,7.9509
01031500,ifs,14,-0.9120,-0.0457,-0.0167,1.2351,239,7.8901
01047000,ifs,14,-0.7905,-0.0120,0.0162,1.2152,239,8.2183
01052500,ifs,14,-1.3736,-0.0725,-0.0016,1.3499,239,8.6289
01054200,ifs,14,-0.5644,-0.0056,0.0212,1.0385,239,9.0630
01055000,ifs,14,-0.9161,-0.0105,-0.0015,1.1259,239,7.9785
01057000,ifs,14,-0.7104,0.0208,0.0302,1.0476,239,7.9415
01073000,ifs,14,-0.9038,-0.0001,0.0243,1.2172,239,8.3701
01078000,ifs,14,-0.6496,0.0412,0.0633,1.1566,239,8.0694
01118300,ifs,14,-0.2146,0.0363,0.1388,0.7991,239,12.7327
01121000,ifs,14,-0.3837,0.0634,0.1158,0.8317,239,9.7121
01123000,ifs,14,-0.2838,0.0488,0.1327,0.7856,239,9.8361
01134500,ifs,14,-1.0140,0.0124,0.0278,1.1710,239,9.2785
01137500,ifs,14,-0.8467,-0.0341,-0.0032,1.2339,239,8.9348
01139000,ifs,14,-0.8180,0.0037,0.0244,1.1875,239,8.3476
01139800,ifs,14,-0.5092,0.0356,0.0637,0.9320,239,8.5026
01142500,ifs,14,-1.0533,-0.0066,0.0416,1.3024,239,8.2624
01144000,ifs,14,-0.7191,0.0284,0.0381,1.0771,239,8.1384
01169000,ifs,14,-0.4743,0.0701,0.0957,1.0569,239,8.4413
01170100,ifs,14,-0.5325,0.0541,0.0783,1.0969,239,8.3902
01181000,ifs,14,-0.3791,0.1910,0.2048,0.9751,239,8.8843
01187300,ifs,14,-0.9060,0.1380,0.1610,1.1546,239,9.1352
01195100,ifs,14,-0.4770,-0.0208,0.0397,0.7880,239,11.6870
01333000,ifs,14,-0.4542,0.0952,0.1250,1.1271,239,8.4167
01350000,ifs,14,-0.1533,-0.0472,0.0941,0.8592,239,10.8561
01350080,ifs,14,-0.3134,0.0195,0.0842,0.9802,239,9.0501
01350140,ifs,14,-0.4739,0.0358,0.0669,0.9726,239,9.0873
01365000,ifs,14,-0.3713,0.0529,0.0990,1.0654,239,9.8514
01411300,ifs,14,-0.2085,0.0069,0.1112,0.8623,239,11.8694
01413500,ifs,14,-0.1867,-0.0239,0.1024,0.8222,239,10.4063
01414500,ifs,14,-0.1991,0.0131,0.1115,0.9749,239,11.1382
01415000,ifs,14,-0.3636,0.0632,0.1075,0.9526,239,9.1846
01423000,ifs,14,-0.4473,0.0504,0.0836,0.9448,239,9.3592
01434025,ifs,14,-0.1915,0.0081,0.1145,0.8972,239,11.7064
01435000,ifs,14,-0.2383,0.0149,0.1013,0.9516,239,11.2379
01439500,ifs,14,-0.7192,-0.0310,-0.0161,0.9537,239,9.9972
01440000,ifs,14,-0.6934,-0.0559,-0.0352,0.9497,239,10.5029
01440400,ifs,14,-0.5668,-0.0424,0.0007,0.8407,239,10.5461
01451800,ifs,14,-1.4286,-0.0523,-0.0223,1.1829,239,10.6543
01466500,ifs,14,-1.1470,-0.0207,-0.0130,1.1113,239,10.5342
01484100,ifs,14,-0.4321,0.0318,0.0715,1.0609,239,9.3242
01485500,ifs,14,-0.2234,0.0129,0.1155,0.8252,239,10.3990
01486000,ifs,14,-0.2381,0.0016,0.0966,0.8788,239,10.7477
01487000,ifs,14,-0.2721,-0.0085,0.0762,0.9247,239,9.3040
01491000,ifs,14,-0.7884,0.0298,0.0477,1.1734,239,8.2875
01510000,ifs,14,-0.5359,0.0742,0.0904,0.9881,239,9.0280
01516500,ifs,14,-1.1624,-0.0472,-0.0464,1.0246,239,8.5229
01518862,ifs,14,-0.9417,-0.0221,-0.0208,1.0006,239,8.5220
01532000,ifs,14,-0.8252,-0.0201,-0.0145,0.9881,239,9.4182
01539000,ifs,14,-1.0922,-0.0103,-0.0052,1.0935,239,10.4928
01542810,ifs,14,-1.1678,0.0659,0.0804,1.0034,239,9.7082
01543000,ifs,14,-1.1781,0.0661,0.0818,1.0002,239,9.3849
01543500,ifs,14,-0.9762,0.0576,0.0601,0.9530,239,9.6186
01544500,ifs,14,-0.9233,-0.0197,-0.0179,0.9802,239,8.7673
01545600,ifs,14,-0.9490,-0.0240,-0.0228,1.0085,239,9.0304
01547700,ifs,14,-0.4481,-0.1214,-0.0422,0.8237,239,12.9275
01548500,ifs,14,-1.0397,-0.0442,-0.0438,0.9793,239,8.4315
01549500,ifs,14,-1.0340,-0.0427,-0.0422,1.0178,239,9.3718
01550000,ifs,14,-0.8571,-0.0366,-0.0313,0.9950,239,9.9830
01552000,ifs,14,-0.6792,-0.0340,-0.0139,0.9303,239,10.8351
01552500,ifs,14,-0.9098,0.0080,0.0088,1.0173,239,9.6883
01557500,ifs,14,-0.6253,-0.0912,-0.0418,0.7998,239,12.0460
01567500,ifs,14,-0.8592,-0.0813,-0.0690,0.9164,239,10.6323
01568000,ifs,14,-1.0995,-0.0656,-0.0646,0.9574,239,9.9983
01580000,ifs,14,-1.0734,-0.0143,-0.0126,1.0542,239,8.9680
01583500,ifs,14,-1.2979,-0.0344,-0.0095,1.1864,239,9.3785
01586610,ifs,14,-1.4162,-0.0509,-0.0117,1.2244,239,9.7316
01591400,ifs,14,-0.5890,-0.0077,0.0223,0.8788,239,10.2546
01596500,ifs,14,-0.6578,-0.0358,-0.0073,1.1368,239,9.4257
01605500,ifs,14,-0.6043,0.0833,0.0924,1.0325,239,8.4487
01606500,ifs,14,-0.5565,0.1259,0.1360,1.0783,239,7.7323
01613050,ifs,14,-1.0891,-0.0734,-0.0707,1.0720,239,9.5621
01620500,ifs,14,-1.0535,0.0364,0.0841,1.2796,239,8.1161
01632000,ifs,14,-0.3303,0.1174,0.1654,0.8456,239,8.1292
01632900,ifs,14,-0.3749,0.0779,0.1275,0.8398,239,8.0608
01634500,ifs,14,-0.4435,0.0760,0.1042,0.9540,239,8.3402
01638480,ifs,14,-0.8698,0.0561,0.0642,1.1234,239,9.4115
01639500,ifs,14,-1.2779,-0.0369,-0.0138,1.1858,239,9.2883
01644000,ifs,14,-0.6547,0.0869,0.0927,1.0438,239,8.2672
01658500,ifs,14,-0.7027,0.0347,0.0424,0.9732,239,9.4738
01664000,ifs,14,-0.4979,0.0953,0.1162,0.9079,239,8.3652
01666500,ifs,14,-0.6573,0.0941,0.0996,0.9461,239,8.8417
01667500,ifs,14,-0.7019,0.0762,0.0817,0.9357,239,8.5530
01669000,ifs,14,-0.3375,0.0745,0.1200,0.9939,239,9.3968
01669520,ifs,14,-0.3616,0.1039,0.1388,1.0397,239,9.4159
02011400,ifs,14,-0.6966,0.1217,0.1297,1.1148,239,7.7797
02011460,ifs,14,-0.6176,0.1010,0.1141,1.1203,239,8.0841
02013000,ifs,14,-0.8367,0.0904,0.0998,1.1295,239,8.5261
02014000,ifs,14,-1.0076,0.0779,0.0997,1.1699,239,7.9764
02015700,ifs,14,-0.6621,0.0842,0.1116,1.2101,239,7.9477
02016000,ifs,14,-0.9134,0.0811,0.1161,1.2409,239,7.4911
02017500,ifs,14,-1.3246,0.0374,0.1145,1.2714,239,7.5945
02018000,ifs,14,-1.3411,0.0323,0.1222,1.2993,239,7.2855
02027000,ifs,14,-1.1885,0.0008,0.1032,1.4001,239,7.7344
02027500,ifs,14,-1.0038,0.0475,0.1222,1.3498,239,7.6809
02028500,ifs,14,-0.8920,0.0712,0.0749,1.0797,239,7.8132
02038850,ifs,14,-1.0058,0.0226,0.0296,1.1127,239,8.3867
02046000,ifs,14,-0.8991,0.0511,0.0514,0.9742,239,9.4756
02051000,ifs,14,-0.4072,0.1782,0.1909,1.0128,239,8.7141
02051500,ifs,14,-0.5585,0.1833,0.1886,1.0835,239,8.2874
02053200,ifs,14,-0.6888,-0.0093,0.0050,0.9619,239,9.4659
02053800,ifs,14,-0.8476,0.0757,0.0758,0.9863,239,7.2789
02055100,ifs,14,-1.3565,-0.0984,0.1364,1.6177,239,7.3601
02056900,ifs,14,-1.1188,0.0418,0.0527,1.0924,239,8.6480
02059500,ifs,14,-1.4675,0.0048,0.0748,1.2332,239,7.3245
02064000,ifs,14,-2.2463,-0.1779,0.0104,1.3979,239,8.9640
02065500,ifs,14,-1.6840,-0.0312,0.0981,1.3091,239,8.6574
02069700,ifs,14,-0.5995,0.0420,0.0590,0.9289,239,8.9370
02070000,ifs,14,-0.5060,0.0773,0.1015,0.8943,239,8.5704
02074500,ifs,14,-0.5897,0.0528,0.0798,1.1674,239,9.3952
02077200,ifs,14,-1.1363,-0.0096,-0.0021,1.1055,239,8.0980
02081500,ifs,14,-0.9866,0.0132,0.0171,1.0872,239,8.9556
02082950,ifs,14,-1.2364,-0.0127,0.0524,1.3203,239,8.1631
02092500,ifs,14,-0.8054,0.0110,0.0168,1.0637,239,8.4334
02096846,ifs,14,-0.5650,-0.0243,0.0069,0.9323,239,11.2750
02102908,ifs,14,-0.6612,0.0692,0.0759,0.9701,239,10.6918
02108000,ifs,14,-0.7516,-0.0033,0.0049,0.9988,239,8.5688
02111180,ifs,14,-1.0428,-0.0502,-0.0487,0.9515,239,10.6565
02111500,ifs,14,-0.9312,-0.0536,-0.0372,0.8301,239,10.1727
02118500,ifs,14,-0.6978,0.0286,0.0476,0.8500,239,8.1392
02128000,ifs,14,-0.9951,0.0222,0.0224,0.9992,239,9.3259
02137727,ifs,14,-0.2880,0.0448,0.1120,0.9141,239,9.4897
02140991,ifs,14,-0.8807,-0.0443,-0.0387,0.9573,239,9.8614
02143000,ifs,14,-0.5447,-0.0025,0.0438,0.7969,239,8.7851
02143040,ifs,14,-0.7537,0.0018,0.0259,0.8120,239,9.2944
02149000,ifs,14,-0.1225,-0.0014,0.1629,0.7123,239,10.5998
02152100,ifs,14,-1.0054,0.0364,0.0427,0.8996,239,9.5062
02177000,ifs,14,-0.5705,0.0482,0.0651,0.9756,239,11.2695
02178400,ifs,14,-0.9570,0.0261,0.0285,1.0677,239,10.6612
02193340,ifs,14,-0.2600,0.2388,0.2612,1.0765,239,8.1617
02196000,ifs,14,-0.3785,0.1054,0.1381,0.9391,239,9.3575
02198100,ifs,14,-0.3080,-0.0900,0.0274,0.7521,239,11.9657
02202600,ifs,14,-0.8934,-0.0281,-0.0248,1.0238,239,8.2624
02212600,ifs,14,-0.3307,0.0506,0.1118,0.8613,239,9.8543
02215100,ifs,14,-0.3579,0.0821,0.1301,0.8660,239,9.8652
02216180,ifs,14,-0.2638,-0.1317,0.0128,0.7313,239,11.2095
02221525,ifs,14,-0.3844,0.1138,0.1442,0.9330,239,8.9458
02231000,ifs,14,-0.4797,0.0701,0.1134,0.7978,239,8.1526
02231342,ifs,14,-0.5138,0.0677,0.0903,0.9215,239,8.3117
02235200,ifs,14,-0.1755,0.0709,0.2023,0.6958,239,7.5267
02245500,ifs,14,-0.3216,0.0910,0.1465,0.8475,239,7.3279
02246000,ifs,14,-0.4682,0.1166,0.1507,0.8144,239,7.1118
02296500,ifs,14,-0.4644,0.0781,0.1217,0.8013,239,7.3791
02297155,ifs,14,-0.3388,-0.0986,0.0215,0.7185,239,9.6135
02297310,ifs,14,-0.3580,-0.0755,0.0439,0.6884,239,9.1152
02298123,ifs,14,-0.3568,0.0436,0.1051,0.8355,239,8.3572
02298608,ifs,14,-0.2991,-0.1248,0.0326,0.6466,239,9.6397
02299950,ifs,14,-0.3034,-0.0739,0.0515,0.7131,239,8.9877
02300700,ifs,14,-0.2921,-0.0957,0.0323,0.7314,239,10.6343
02310947,ifs,14,-0.2604,-0.0754,0.0559,0.7427,239,8.6538
02312200,ifs,14,-0.2600,-0.1193,0.0214,0.7453,239,10.2059
02314500,ifs,14,-0.1675,0.1294,0.2277,0.7569,239,8.3659
02315500,ifs,14,-0.3040,0.0961,0.1724,0.7525,239,8.0757
02324400,ifs,14,-0.1855,0.0846,0.1953,0.7335,239,11.3672
02327100,ifs,14,-0.3868,0.0933,0.1500,0.7736,239,10.4263
02349900,ifs,14,-0.2458,0.0298,0.1316,0.7676,239,10.5510
02350900,ifs,14,-0.3774,0.0257,0.0991,0.7674,239,8.7370
02361000,ifs,14,-0.2778,0.1361,0.1921,0.8284,239,8.0431
02363000,ifs,14,-0.2503,0.0374,0.1326,0.7871,239,8.7896
02369800,ifs,14,-0.2297,-0.1207,0.0520,0.6529,239,14.3153
02371500,ifs,14,-0.2228,-0.0078,0.1056,0.7966,239,10.3194
02372250,ifs,14,-0.2673,-0.0117,0.0984,0.7525,239,10.2794
02374500,ifs,14,-0.2510,-0.0981,0.0490,0.7056,239,11.2090
02381600,ifs,14,-1.2457,0.0215,0.0359,1.0688,239,15.0897
02384540,ifs,14,-0.6747,0.0582,0.0709,1.1121,239,11.3505
02395120,ifs,14,-0.8949,0.0451,0.0724,1.2261,239,10.3190
02408540,ifs,14,-0.3874,0.0205,0.0920,0.7703,239,11.1494
02415000,ifs,14,-0.2662,-0.0336,0.0950,0.6967,239,11.4668
02422500,ifs,14,-0.3569,0.0152,0.0771,0.8818,239,10.1942
02427250,ifs,14,-0.4092,-0.0302,0.0400,0.8146,239,9.1065
02430085,ifs,14,-0.7613,0.0322,0.0489,1.1604,239,11.4537
02450250,ifs,14,-0.6610,0.0081,0.0236,0.9380,239,12.4469
02464000,ifs,14,-0.3664,0.0759,0.1169,0.9473,239,13.1366
02465493,ifs,14,-0.2891,0.0106,0.0951,0.8326,239,9.6942
02469800,ifs,14,-0.4939,0.0283,0.0713,0.8259,239,11.0758
02472000,ifs,14,-0.0443,0.0915,0.2560,0.7130,239,10.6887
02472500,ifs,14,-0.0843,-0.0333,0.1782,0.6456,239,11.8808
02479155,ifs,14,-0.0036,0.0965,0.2671,0.7667,239,13.2226
02479300,ifs,14,0.0956,0.0985,0.3488,0.6811,239,16.6578
02481000,ifs,14,0.1344,0.0684,0.3882,0.6309,239,19.5784
02481510,ifs,14,0.0210,0.0675,0.2937,0.6443,239,17.1172
03010655,ifs,14,-0.7592,-0.0135,-0.0039,0.9577,239,8.7676
03011800,ifs,14,-0.7219,-0.0318,-0.0171,0.9561,239,10.1484
03015500,ifs,14,-0.9999,0.0211,0.0263,1.0974,239,9.1153
03021350,ifs,14,-0.7061,0.0701,0.0773,1.0837,239,9.8087
03026500,ifs,14,-0.7901,-0.0034,0.0032,0.9619,239,9.7206
03028000,ifs,14,-0.7444,-0.0057,0.0033,0.9893,239,9.9187
03049800,ifs,14,-0.9078,-0.0218,-0.0186,1.0450,239,12.2293
03050000,ifs,14,-0.4626,-0.0098,0.0322,1.0244,239,11.1568
03066000,ifs,14,-0.5767,-0.0182,0.0177,1.1440,239,10.3128
03069500,ifs,14,-0.5726,0.0077,0.0392,1.1372,239,9.6783
03070500,ifs,14,-0.9024,0.0318,0.0426,1.1444,239,10.5343
03076600,ifs,14,-0.4948,-0.0648,-0.0164,0.9478,239,10.9837
03078000,ifs,14,-0.5108,-0.0694,-0.0234,1.0354,239,10.8995
03140000,ifs,14,-0.8609,0.0429,0.0442,1.0426,239,9.7037
03144000,ifs,14,-0.5588,0.0020,0.0343,0.8767,239,10.9007
03159540,ifs,14,-0.3606,-0.0095,0.0554,0.9057,239,10.8420
03161000,ifs,14,-1.2886,-0.0433,-0.0386,1.0169,239,10.2982
03164000,ifs,14,-1.0618,-0.0214,-0.0209,0.9704,239,8.5661
03165000,ifs,14,-0.6549,-0.0097,0.0120,0.8958,239,9.1633
03170000,ifs,14,-0.8520,0.0255,0.0281,0.9488,239,7.5981
03173000,ifs,14,-1.4154,-0.0074,0.0244,1.1349,239,7.7371
03180500,ifs,14,-0.6160,0.0495,0.0759,1.1725,239,8.6513
03182500,ifs,14,-0.6888,0.0844,0.0979,1.1406,239,8.0543
03186500,ifs,14,-0.7142,0.0385,0.0513,1.1168,239,9.7096
03187500,ifs,14,-0.8002,0.0103,0.0254,1.1502,239,9.8445
03213700,ifs,14,-1.2092,-0.0040,0.0324,1.2366,239,10.4909
03237280,ifs,14,-0.5790,0.0538,0.0727,1.0923,239,9.7860
03237500,ifs,14,-0.5268,0.0120,0.0410,0.9514,239,9.7225
03241500,ifs,14,-0.4959,-0.0879,-0.0241,0.8258,239,12.1855
03280700,ifs,14,-1.5117,-0.0315,0.0191,1.2044,239,11.4646
03281100,ifs,14,-1.2728,-0.0066,0.0236,1.1951,239,10.4469
03281500,ifs,14,-1.1923,0.0184,0.0504,1.2066,239,9.9270
03285000,ifs,14,-0.4499,0.0344,0.0736,0.8991,239,10.7870
03291780,ifs,14,-0.4436,0.0161,0.0629,0.8693,239,12.3891
03300400,ifs,14,-0.2912,0.0758,0.1368,0.8837,239,10.9734
03340800,ifs,14,-0.3215,-0.1001,0.0204,0.7306,239,11.9046
03346000,ifs,14,-0.5379,-0.0166,0.0248,0.8487,239,10.8384
03364500,ifs,14,-0.2507,-0.0689,0.0561,0.7722,239,14.7863
03366500,ifs,14,-0.4451,0.0550,0.0902,0.9059,239,12.1709
03368000,ifs,14,-0.3230,-0.0036,0.0918,0.7433,239,14.9975
03384450,ifs,14,-1.2909,-0.0948,-0.0539,1.2856,239,14.3929
03439000,ifs,14,-0.5113,0.0354,0.0639,0.9211,239,9.7900
03450000,ifs,14,-0.6416,-0.0783,-0.0369,0.8268,239,8.4030
03455500,ifs,14,-0.6589,0.0196,0.0380,0.8873,239,9.3046
03456500,ifs,14,-0.5153,0.0444,0.0746,0.8809,239,8.3312
03460000,ifs,14,-0.8429,-0.0310,-0.0254,0.9886,239,9.7604
03463300,ifs,14,-0.6039,0.0307,0.0466,1.0020,239,10.1090
03471500,ifs,14,-1.0504,0.0025,0.0061,1.0796,239,8.7219
03473000,ifs,14,-1.1353,-0.0284,-0.0262,1.0548,239,9.2120
03479000,ifs,14,-1.7407,-0.0836,-0.0490,1.0203,239,9.9415
03488000,ifs,14,-1.3147,-0.0228,0.0001,1.1604,239,9.4039
03498500,ifs,14,-0.9732,-0.0466,-0.0440,1.0470,239,10.7822
03500000,ifs,14,-0.9162,0.0049,0.0083,1.0743,239,10.2384
03504000,ifs,14,-0.6769,0.0227,0.0366,0.9152,239,11.3168
03574500,ifs,14,-0.7798,-0.0295,-0.0176,1.0784,239,12.3951
03604000,ifs,14,-0.5396,0.0131,0.0406,0.9418,239,12.0837
04015330,ifs,14,-0.4721,-0.0463,0.0043,0.9119,239,7.9107
04024430,ifs,14,-0.6506,0.0608,0.0688,0.9913,239,6.4643
04027000,ifs,14,-1.3041,-0.0852,-0.0109,1.3759,239,6.8913
04040500,ifs,14,-1.1169,0.1508,0.2098,1.1226,239,7.7542
04043050,ifs,14,-1.2529,0.0552,0.0773,0.9606,239,7.3132
04045500,ifs,14,-1.5029,-0.0570,0.0022,1.2686,239,8.0797
04056500,ifs,14,-1.3291,0.0072,0.0505,1.2094,239,7.2715
04057510,ifs,14,-1.1536,0.0022,0.0167,1.1447,239,8.2038
04057800,ifs,14,-0.9826,0.1427,0.1608,1.0603,239,7.5891
04059500,ifs,14,-1.4849,-0.0062,0.0664,1.2481,239,8.1842
04063700,ifs,14,-1.2600,-0.0721,-0.0028,1.3629,239,7.1660
04074950,ifs,14,-1.0933,-0.0435,-0.0363,1.1226,239,7.6177
04105700,ifs,14,-1.1738,0.0445,0.0707,1.1596,239,10.6264
04115265,ifs,14,-0.9763,0.0620,0.0893,1.2105,239,10.1067
04122200,ifs,14,-0.7117,0.1350,0.1672,1.2330,239,9.4268
04122500,ifs,14,-0.6724,0.1391,0.1430,1.0783,239,8.7674
04124000,ifs,14,-0.3158,0.0380,0.1164,0.7902,239,9.8847
04127997,ifs,14,-0.2748,0.0812,0.1588,0.7871,239,8.7593
04185000,ifs,14,-1.0171,0.0624,0.0667,1.0451,239,9.3421
04196800,ifs,14,-0.8195,0.0370,0.0404,1.0605,239,9.5322
04197100,ifs,14,-0.2999,0.1321,0.1707,0.9967,239,9.0157
04197170,ifs,14,-0.4420,0.1344,0.1535,1.0742,239,8.5934
04213000,ifs,14,-1.0756,0.0455,0.0947,1.2750,239,9.2235
04213075,ifs,14,-1.1113,0.0090,0.0758,1.3370,239,10.4598
04216418,ifs,14,-0.5545,0.0456,0.0717,0.8755,239,9.2417
04221000,ifs,14,-0.8374,-0.0071,-0.0030,1.0231,239,8.4028
04224775,ifs,14,-0.5401,0.0446,0.0652,0.9936,239,8.5483
04256000,ifs,14,-0.7432,0.1308,0.1359,1.0931,239,7.8877
04296000,ifs,14,-0.9778,0.0048,0.0288,1.2172,239,8.7815
05057000,ifs,14,-1.7148,-0.1430,-0.0421,1.3910,239,6.1562
05057200,ifs,14,-2.0231,-0.2360,-0.0064,1.5967,239,5.9904
05062500,ifs,14,-1.4977,-0.0262,0.1115,1.3928,239,6.9568
05087500,ifs,14,-1.1091,-0.0354,0.0100,1.2976,239,7.7264
05120500,ifs,14,-2.4820,-0.2158,0.0354,1.4273,239,7.5068
05123400,ifs,14,-1.6744,-0.0291,0.0325,1.1287,239,8.2249
05129115,ifs,14,-1.3328,0.0101,0.0688,1.2535,239,6.7539
05131500,ifs,14,-1.2453,0.0133,0.0614,1.2497,239,6.2276
05291000,ifs,14,-0.9509,-0.0900,-0.0355,1.3343,239,9.5885
05362000,ifs,14,-1.4425,-0.0928,-0.0161,1.3614,239,8.0408
05393500,ifs,14,-1.0054,-0.0206,0.0078,1.2390,239,7.9794
05399500,ifs,14,-0.9489,-0.0786,-0.0742,0.9997,239,9.9067
05408000,ifs,14,-0.6007,-0.0824,-0.0327,0.8068,239,11.3897
05412500,ifs,14,-0.8299,0.0014,0.0163,0.8449,239,10.2366
05413500,ifs,14,-0.7290,-0.0525,-0.0270,0.8504,239,11.3355
05414000,ifs,14,-0.7579,-0.0238,-0.0117,0.9326,239,11.1996
05444000,ifs,14,-1.0327,-0.0102,-0.0102,1.0019,239,10.3119
05454000,ifs,14,-0.8446,-0.0387,-0.0143,0.7991,239,11.7513
05458000,ifs,14,-0.7227,0.0100,0.0259,0.8748,239,10.3618
05466500,ifs,14,-0.2152,-0.1508,0.0573,0.5758,239,11.6348
05487980,ifs,14,-0.4622,-0.1277,-0.0299,0.7124,239,10.8797
05488200,ifs,14,-0.4402,-0.1445,-0.0419,0.7218,239,13.1009
05489000,ifs,14,-0.4018,-0.1881,-0.0503,0.6450,239,11.9755
05495000,ifs,14,-0.3575,-0.0741,0.0467,0.6713,239,8.6054
05495500,ifs,14,-0.2113,-0.1232,0.0769,0.5839,239,9.7548
05501000,ifs,14,-0.3474,-0.1017,0.0178,0.7030,239,11.6616
05503800,ifs,14,-0.5261,0.0161,0.0511,0.8671,239,9.7531
05507600,ifs,14,-0.3902,0.1450,0.1717,0.8917,239,7.7609
05508805,ifs,14,-0.5952,0.1730,0.1767,0.9297,239,8.1807
05514500,ifs,14,-0.5781,0.1469,0.1533,0.9237,239,8.9240
05525500,ifs,14,-0.4701,-0.0361,0.0200,0.8429,239,9.8926
05556500,ifs,14,-0.3137,-0.0757,0.0476,0.7043,239,10.3298
05584500,ifs,14,-0.1372,-0.1761,0.0818,0.5379,239,12.1338
05585000,ifs,14,-0.1338,-0.1510,0.0937,0.5649,239,11.0727
05591550,ifs,14,-0.4987,-0.0964,-0.0343,0.8461,239,11.1475
05592050,ifs,14,-0.8963,-0.0244,-0.0216,0.9867,239,10.4942
05592575,ifs,14,-0.4159,0.0481,0.0988,0.8266,239,11.5610
05593575,ifs,14,-0.9735,-0.0103,-0.0037,1.1132,239,11.5710
05593900,ifs,14,-0.5707,0.0470,0.0707,0.8773,239,11.0440
05595730,ifs,14,-0.9938,-0.0040,0.0024,1.1131,239,11.0610
06037500,ifs,14,-0.8141,-0.0563,-0.0463,1.0210,239,5.2569
06043500,ifs,14,-0.8844,-0.0978,-0.0876,0.9580,239,5.2203
06154410,ifs,14,-0.6231,-0.1033,-0.0623,1.1222,239,6.1830
06188000,ifs,14,-1.3908,-0.1177,-0.0940,1.2134,239,4.6582
06191500,ifs,14,-1.4520,-0.1117,-0.0923,1.1735,239,4.7801
06221400,ifs,14,-2.3055,-0.2847,-0.0545,1.5913,239,5.3257
06224000,ifs,14,-1.6857,-0.1672,-0.0279,1.4934,239,5.0740
06289000,ifs,14,-2.3760,-0.3388,0.1977,1.8145,239,5.2483
06332515,ifs,14,-1.9473,-0.2064,0.1333,1.6600,239,5.6683
06339100,ifs,14,-4.4463,-0.7348,-0.0246,1.9164,239,6.1109
06339500,ifs,14,-2.8322,-0.3434,-0.0126,1.5899,239,6.0802
06344600,ifs,14,-2.2258,-0.3176,-0.0455,1.6755,239,6.1919
06350000,ifs,14,-2.2552,-0.2048,-0.0323,1.4167,239,5.2352
06352000,ifs,14,-2.5660,-0.2616,0.0051,1.4999,239,4.7079
06353000,ifs,14,-2.5168,-0.2455,-0.0152,1.4547,239,5.0157
06354000,ifs,14,-1.9194,-0.1356,-0.0106,1.3658,239,4.9776
06360500,ifs,14,-1.8135,-0.1233,-0.0354,1.3103,239,4.2489
06404000,ifs,14,-0.8226,0.0895,0.1893,1.4022,239,4.5098
06406000,ifs,14,-0.9824,0.0724,0.1846,1.4049,239,4.3083
06408700,ifs,14,-1.1411,-0.0322,0.0811,1.4525,239,4.2508
06409000,ifs,14,-1.2723,-0.0402,0.1134,1.4974,239,4.3145
06431500,ifs,14,-0.8706,0.0095,0.0793,1.3654,239,4.4385
06440200,ifs,14,-0.6235,-0.0763,-0.0401,0.8821,239,5.4313
06441500,ifs,14,-0.7111,-0.0427,-0.0246,0.9319,239,4.5718
06447000,ifs,14,-0.6357,0.0023,0.0278,1.1385,239,4.3496
06447500,ifs,14,-0.6494,0.0146,0.0353,1.1224,239,5.1047
06450500,ifs,14,-0.2844,-0.0294,0.0608,0.8803,239,5.2274
06452000,ifs,14,-0.3979,0.0163,0.0639,0.9999,239,4.2977
06453600,ifs,14,-0.6881,-0.0069,0.0123,1.1137,239,6.9903
06464500,ifs,14,-0.1455,-0.0220,0.1143,0.8591,239,6.6221
06477500,ifs,14,-1.3442,-0.0774,-0.0187,1.3235,239,7.6638
06479215,ifs,14,-0.9030,-0.0640,-0.0240,1.2789,239,9.6798
06479438,ifs,14,-0.9099,-0.0709,-0.0196,1.3204,239,9.0058
06601000,ifs,14,-0.3197,-0.0454,0.0420,0.8558,239,8.6100
06614800,ifs,14,-0.2472,-0.0544,0.0485,1.0430,239,6.0069
06622700,ifs,14,-0.5096,-0.0806,-0.0325,1.0194,239,4.3848
06623800,ifs,14,-0.5927,-0.0468,0.0276,1.3217,239,4.8392
06632400,ifs,14,-0.7678,-0.0702,0.0012,1.3591,239,5.1626
06784000,ifs,14,-0.5041,0.1168,0.1296,0.9822,239,6.7362
06803510,ifs,14,-0.5522,-0.1060,-0.0473,0.8173,239,10.2891
06803530,ifs,14,-0.8180,-0.0810,-0.0653,0.9080,239,9.5557
06814000,ifs,14,-0.1900,-0.0887,0.0809,0.6819,239,8.3260
06846500,ifs,14,-0.6612,-0.0439,-0.0174,0.8885,239,5.3778
06847900,ifs,14,-0.3149,-0.0927,0.0143,0.8021,239,5.8220
06853800,ifs,14,-0.5084,-0.0899,-0.0226,0.7901,239,6.6121
06876700,ifs,14,-0.1190,-0.3094,0.0162,0.4612,239,10.5152
06878000,ifs,14,-0.0990,-0.2391,0.0770,0.4860,239,8.4115
06879650,ifs,14,-0.1976,-0.2864,-0.0028,0.4666,239,10.5486
06885500,ifs,14,-0.2028,-0.1804,0.0384,0.5738,239,9.6948
06888500,ifs,14,-0.1519,-0.2990,-0.0067,0.5037,239,10.7800
06889200,ifs,14,-0.1890,-0.1995,0.0210,0.6006,239,9.8897
06889500,ifs,14,-0.1668,-0.1982,0.0350,0.5923,239,9.4663
06892000,ifs,14,-0.2181,-0.1268,0.0476,0.6631,239,10.2476
06903400,ifs,14,-0.3259,-0.1686,-0.0191,0.6614,239,10.9061
06906800,ifs,14,-0.0874,-0.1140,0.1641,0.5258,239,11.4538
06910800,ifs,14,-0.2287,-0.2233,-0.0050,0.5729,239,10.5769
06911900,ifs,14,-0.2109,-0.2484,-0.0003,0.5216,239,11.0898
06917000,ifs,14,-0.0256,-0.2169,0.1950,0.4073,239,11.1205
06918460,ifs,14,-0.3398,-0.0084,0.0704,0.8190,239,11.5929
06919500,ifs,14,-0.3062,0.0597,0.1374,0.7754,239,10.8843
06921070,ifs,14,-0.2419,-0.1180,0.0544,0.6353,239,12.7178
06921200,ifs,14,-0.2040,-0.1062,0.0750,0.6372,239,13.2953
06934000,ifs,14,-0.5062,0.0386,0.0674,0.9178,239,10.6653
07014500,ifs,14,-0.3367,-0.1232,-0.0106,0.7760,239,13.4450
07056000,ifs,14,-0.4048,0.1315,0.1547,1.0581,239,10.5822
07057500,ifs,14,-0.7367,0.0911,0.1159,1.2098,239,11.0122
07060710,ifs,14,-0.7093,0.0712,0.1446,1.3617,239,12.3118
07066000,ifs,14,-0.7323,0.0475,0.0678,1.1803,239,10.9352
07067000,ifs,14,-0.9485,0.0171,0.0429,1.2235,239,10.2588
07068000,ifs,14,-1.1369,-0.0000,0.0492,1.2900,239,10.0933
07071500,ifs,14,-1.1135,0.0224,0.0775,1.2971,239,10.7980
07083000,ifs,14,-1.0328,-0.1580,0.1440,1.7728,239,4.1235
07142300,ifs,14,-0.7431,-0.0515,-0.0349,1.0692,239,6.9167
07145700,ifs,14,-0.1698,-0.2166,-0.0103,0.6946,239,12.5757
07148400,ifs,14,-1.4081,-0.0950,-0.0588,1.2490,239,6.9221
07149000,ifs,14,-1.2746,-0.0563,-0.0398,1.1636,239,6.3792
07151500,ifs,14,-0.4125,-0.0849,-0.0151,0.9149,239,9.3519
07167500,ifs,14,-0.1886,0.0022,0.1409,0.7066,239,8.6105
07180500,ifs,14,-0.3108,-0.0479,0.0580,0.7540,239,9.2210
07184000,ifs,14,-0.1375,-0.1232,0.0910,0.6264,239,13.8987
07195800,ifs,14,-0.4006,0.0118,0.0609,1.0512,239,13.0244
07196900,ifs,14,-0.3803,0.0863,0.1239,1.0772,239,11.4612
07197000,ifs,14,-0.4185,0.0932,0.1208,1.0224,239,11.1880
07208500,ifs,14,-1.3386,-0.3056,0.1892,1.9836,239,3.9768
07226500,ifs,14,-1.4046,-0.1657,0.1024,1.6936,239,3.8178
07261000,ifs,14,-0.9538,0.0361,0.0913,1.3150,239,12.0751
07263295,ifs,14,-0.5181,0.1124,0.1555,1.2484,239,11.3044
07290650,ifs,14,-0.1589,0.0468,0.1703,0.7656,239,10.3508
07291000,ifs,14,-0.0778,0.2000,0.2945,0.7847,239,10.1067
07292500,ifs,14,-0.0989,0.2287,0.2991,0.8293,239,10.2846
07295000,ifs,14,-0.2375,0.0940,0.1657,0.8565,239,12.3132
07299670,ifs,14,-0.4601,0.1306,0.1656,1.2012,239,5.5213
07301410,ifs,14,-0.4705,-0.1335,0.0391,1.5302,239,6.7801
07301500,ifs,14,-1.0631,-0.2362,0.1290,1.8670,239,4.6609
07315200,ifs,14,-0.2856,0.2718,0.2842,1.0743,239,7.6642
07315700,ifs,14,-0.7639,0.0416,0.0797,1.2634,239,7.9080
07335700,ifs,14,-0.3187,0.0316,0.0984,0.8745,239,12.6012
07340300,ifs,14,-0.8632,0.1436,0.1707,1.1820,239,11.3407
07346045,ifs,14,-1.3378,-0.0093,0.0644,1.3106,239,11.0723
07359610,ifs,14,-0.6345,0.1763,0.1828,1.1034,239,11.8477
07362100,ifs,14,-0.9889,0.0530,0.2421,1.5110,239,9.9999
07362587,ifs,14,-0.5539,0.0854,0.0991,1.0472,239,12.8007
07373000,ifs,14,-0.2307,0.2008,0.2359,0.9528,239,10.1159
07375000,ifs,14,-0.2620,0.0974,0.1560,0.9194,239,15.3156
07376000,ifs,14,-0.2211,0.2008,0.2398,0.9196,239,13.1996
08013000,ifs,14,-0.1620,0.1308,0.2072,0.8997,239,10.9941
08014500,ifs,14,-0.3918,0.1778,0.1935,0.9492,239,11.6865
08023080,ifs,14,-0.3734,0.2180,0.2397,1.1489,239,10.8968
08025500,ifs,14,-0.1457,0.1253,0.2139,0.8465,239,11.7880
08029500,ifs,14,-0.3840,0.0331,0.0852,0.8841,239,13.5882
08050800,ifs,14,-0.3371,0.0782,0.1232,0.9741,239,11.0630
08066200,ifs,14,-0.2329,-0.0258,0.0971,0.7499,239,15.2967
08066300,ifs,14,-0.1401,-0.1509,0.0447,0.7366,239,18.9620
08070000,ifs,14,-0.5581,0.0279,0.0502,0.9515,239,11.3410
08070200,ifs,14,-0.4779,0.0102,0.0493,0.9053,239,11.3023
08079600,ifs,14,-3.2170,-0.6205,0.1127,2.0302,239,6.2020
08082700,ifs,14,-0.6641,0.0204,0.1817,1.5385,239,6.8508
08086212,ifs,14,-0.4045,0.1108,0.1466,1.1464,239,7.2977
08086290,ifs,14,-0.3922,0.1349,0.1709,1.1669,239,7.2319
08101000,ifs,14,-0.5546,0.1222,0.1410,1.1489,239,7.6423
08103900,ifs,14,-0.3255,-0.0208,0.0664,0.8032,239,10.7066
08104900,ifs,14,-0.1441,0.0096,0.1509,0.7567,239,11.2568
08109700,ifs,14,-0.4266,-0.0728,-0.0109,0.9694,239,12.6935
08150800,ifs,14,-0.2715,-0.1900,-0.0249,0.6783,239,12.0080
08155200,ifs,14,-0.1447,0.3129,0.3327,1.0229,239,8.8705
08158700,ifs,14,-0.0116,0.2809,0.3449,0.9602,239,7.8329
08158810,ifs,14,-0.4028,0.2854,0.2863,1.0316,239,8.7746
08164000,ifs,14,-0.4288,0.0311,0.0699,0.9957,239,8.8740
08164300,ifs,14,-0.2894,-0.1047,0.0071,0.8398,239,10.9632
08164600,ifs,14,-0.6712,0.0501,0.0619,1.0925,239,9.6721
08165300,ifs,14,-0.2179,-0.2428,-0.0475,0.6805,239,10.5431
08171300,ifs,14,0.0301,0.1762,0.3099,0.8888,239,8.3088
08175000,ifs,14,-0.3340,-0.0810,0.0112,0.8573,239,10.0648
08176900,ifs,14,-0.6399,0.0467,0.0609,1.0902,239,8.8418
08178880,ifs,14,-0.2467,-0.2051,-0.0490,0.7868,239,11.9211
08189500,ifs,14,-0.2470,0.0644,0.1360,0.9172,239,8.2686
08190000,ifs,14,-0.1414,-0.3075,-0.0480,0.6149,239,15.4439
08190500,ifs,14,-0.1528,-0.2786,-0.0426,0.6594,239,14.8268
08194200,ifs,14,-0.1826,-0.0767,0.0730,0.7714,239,9.4236
08195000,ifs,14,-0.1403,-0.3234,-0.0585,0.6108,239,13.9293
08196000,ifs,14,-0.1334,-0.3085,-0.0490,0.6328,239,15.8999
08198500,ifs,14,-0.1714,-0.2612,-0.0379,0.6636,239,13.6026
08200000,ifs,14,-0.2157,-0.2134,-0.0403,0.7645,239,13.3336
08202700,ifs,14,-0.1397,-0.2325,0.0006,0.6620,239,13.8348
08267500,ifs,14,-0.4514,0.0186,0.0946,1.2961,239,4.5792
08269000,ifs,14,-0.8936,-0.1024,0.1202,1.6635,239,3.8768
08271000,ifs,14,-0.4107,0.0300,0.0939,1.2237,239,4.7007
08324000,ifs,14,-1.5124,-0.5618,0.1727,2.2912,239,3.6663
08377900,ifs,14,-0.7408,-0.1723,0.1639,1.8212,239,4.9975
08378500,ifs,14,-0.8747,-0.1948,0.1835,1.8703,239,4.5171
08380500,ifs,14,-1.0990,-0.1870,0.1577,1.8217,239,4.4685
09034900,ifs,14,-0.2509,0.2270,0.2552,1.0935,239,4.4253
09035900,ifs,14,-0.7250,0.1500,0.2414,1.3690,239,3.8387
09047700,ifs,14,-1.3304,-0.1966,0.0990,1.7647,239,4.2354
09065500,ifs,14,-0.7429,0.0774,0.2006,1.4575,239,3.9393
09066000,ifs,14,-0.9766,-0.0192,0.1757,1.5850,239,3.5749
09066200,ifs,14,-0.7824,0.0802,0.2098,1.4623,239,4.2179
09066300,ifs,14,-0.6862,0.1153,0.2283,1.4285,239,3.9922
09081600,ifs,14,-0.3054,-0.0835,0.0241,1.1968,239,4.9774
09107000,ifs,14,-0.8651,-0.1730,0.1128,1.7673,239,3.3684
09210500,ifs,14,-1.7198,-0.1026,0.0347,1.4165,239,3.8442
09223000,ifs,14,-1.0955,0.0311,0.0666,1.2355,239,4.1592
09306242,ifs,14,-1.2282,-0.3529,-0.0398,1.8651,239,4.2207
09312600,ifs,14,-0.5290,0.0493,0.1037,1.2680,239,3.8364
09352900,ifs,14,-0.6414,-0.1703,0.0595,1.6724,239,5.6611
09378170,ifs,14,-0.5268,0.0196,0.0462,0.9867,239,4.3132
09378630,ifs,14,-0.5015,-0.0049,0.0307,0.9520,239,4.5026
09386900,ifs,14,-1.6115,-0.4266,0.1629,2.0905,239,3.6794
09404450,ifs,14,-0.7496,0.1332,0.1738,1.2569,239,3.8678
09430500,ifs,14,-1.4454,-0.0714,0.2611,1.6341,239,3.5781
09430600,ifs,14,-1.5723,-0.0499,0.2264,1.5283,239,4.5851
09447800,ifs,14,-4.1003,-0.7176,0.1781,1.9492,239,3.7078
09480000,ifs,14,-1.4637,-0.0678,0.1105,1.5033,239,5.4527
09484000,ifs,14,-1.5900,-0.1340,0.1361,1.6258,239,5.3789
09484600,ifs,14,-1.0268,0.0693,0.1397,1.3195,239,4.3638
09492400,ifs,14,-0.4369,0.2230,0.3217,1.3770,239,5.6924
09494000,ifs,14,-1.0775,0.0012,0.3184,1.6324,239,4.9076
09497800,ifs,14,-2.3359,-0.2975,0.1478,1.7249,239,4.8534
09497980,ifs,14,-1.8908,-0.1625,0.2209,1.6273,239,5.3666
09505200,ifs,14,-1.6170,-0.1595,0.2415,1.7132,239,4.6680
09505350,ifs,14,-1.1938,0.0481,0.2231,1.4417,239,4.4021
09505800,ifs,14,-1.9679,-0.1916,0.2065,1.6512,239,5.3624
09508300,ifs,14,-3.9140,-0.4791,0.1553,1.4337,239,6.6419
09510200,ifs,14,-4.7625,-0.7410,0.0880,1.7785,239,7.1933
09512280,ifs,14,-8.6367,-1.6852,0.0436,2.5615,239,8.2991
09513780,ifs,14,-13.1179,-2.2588,0.0372,2.6533,239,8.8024
10023000,ifs,14,-0.3903,0.0265,0.0757,1.0772,239,4.2359
10166430,ifs,14,-0.5040,-0.0538,-0.0021,0.8604,239,4.3900
10172700,ifs,14,-0.9661,-0.0457,-0.0106,1.2666,239,3.8309
10172800,ifs,14,-0.8331,-0.0593,-0.0471,1.0882,239,4.9548
10173450,ifs,14,-0.3750,0.1689,0.2061,1.1933,239,4.2667
10205030,ifs,14,-0.6083,0.0421,0.0702,1.1748,239,3.8601
10234500,ifs,14,-0.2812,0.2107,0.2346,1.0504,239,3.9708
10242000,ifs,14,-0.2437,0.1031,0.1675,0.8841,239,4.2523
10244950,ifs,14,-0.5477,0.1037,0.1176,1.0835,239,3.5548
10249300,ifs,14,-0.7472,0.1392,0.1710,1.2265,239,2.9907
10258000,ifs,14,-0.5415,0.0804,0.2714,1.5588,239,4.4196
10258500,ifs,14,-2.8260,-0.9325,0.3103,2.5004,239,3.5641
10259000,ifs,14,-1.0437,0.0008,0.3004,1.6153,239,3.9477
10259200,ifs,14,-2.3289,-0.9775,0.2459,2.6574,239,3.6605
10263500,ifs,14,0.1148,0.0526,0.3701,0.5091,239,5.5668
10310500,ifs,14,-1.3155,0.0115,0.0279,1.0382,239,5.5349
10316500,ifs,14,-0.5104,0.0970,0.1175,0.8940,239,4.5700
10329500,ifs,14,-0.4828,-0.0461,0.0037,0.8987,239,3.9890
10336645,ifs,14,-0.9842,0.0208,0.0235,0.9284,239,11.5802
10336660,ifs,14,-0.8227,0.0211,0.0350,0.8462,239,12.0830
10343500,ifs,14,-2.0841,-0.1021,0.0034,1.1479,239,9.4929
10348850,ifs,14,-0.3909,-0.0949,0.0313,0.6282,239,10.7547
10396000,ifs,14,-1.1545,0.0223,0.0491,1.1918,239,4.9345
11098000,ifs,14,0.1445,-0.0555,0.3955,0.4268,239,7.5629
11124500,ifs,14,0.1386,-0.0197,0.3798,0.5046,239,6.4428
11141280,ifs,14,0.1630,-0.1356,0.4773,0.3201,239,5.7754
11143000,ifs,14,0.0377,-0.2200,0.2508,0.3351,239,9.9415
11148900,ifs,14,0.1328,0.0054,0.3824,0.4737,239,5.0932
11151300,ifs,14,0.1088,-0.0967,0.3496,0.4261,239,3.5344
11162500,ifs,14,-0.0603,-0.1102,0.1622,0.5419,239,6.5405
11176400,ifs,14,-0.1681,-0.0260,0.1492,0.6142,239,3.6634
11180500,ifs,14,-0.2538,-0.0158,0.1018,0.7269,239,4.2747
11180960,ifs,14,-0.2224,-0.0821,0.0871,0.6218,239,5.0675
11224500,ifs,14,0.1309,0.0053,0.3761,0.5019,239,3.0393
11253310,ifs,14,-0.0311,-0.0252,0.2132,0.5991,239,2.6985
11264500,ifs,14,-0.5632,0.0598,0.0789,1.0878,239,5.9432
11266500,ifs,14,-0.5264,0.0536,0.0747,1.0329,239,6.3277
11274500,ifs,14,-0.0852,-0.0548,0.1884,0.5283,239,3.3721
11274630,ifs,14,-0.1840,0.0306,0.1656,0.6854,239,3.2030
11284400,ifs,14,-0.4585,0.0072,0.0620,0.8041,239,6.1320
11299600,ifs,14,-0.4722,-0.0038,0.0655,0.7291,239,6.0190
11381500,ifs,14,-0.5926,-0.0914,-0.0200,0.7063,239,11.4365
11383500,ifs,14,-0.6856,-0.0812,-0.0262,0.7252,239,11.9460
11451100,ifs,14,-3.4735,-0.3914,-0.0126,1.4380,239,10.9785
11468500,ifs,14,-3.0736,-0.3547,-0.0009,1.5236,239,13.5053
11473900,ifs,14,-2.5301,-0.2154,-0.0134,1.3457,239,12.9285
11475560,ifs,14,-1.1134,-0.0083,-0.0050,0.9366,239,19.0140
11476600,ifs,14,-3.8579,-0.5455,-0.0014,1.6886,239,16.2270
11478500,ifs,14,-2.5671,-0.2157,0.0080,1.3534,239,13.9485
11480390,ifs,14,-2.9101,-0.2989,-0.0122,1.4317,239,13.7493
11481200,ifs,14,-1.7531,-0.1193,0.0876,1.5048,239,13.2106
11482500,ifs,14,-1.4147,0.0049,0.0857,1.2800,239,13.8610
11522500,ifs,14,-3.4113,-0.4667,0.0257,1.6768,239,12.5633
11523200,ifs,14,-2.3126,-0.1408,-0.0211,1.0960,239,11.9916
11528700,ifs,14,-2.4578,-0.1834,-0.0064,1.2727,239,11.2727
11532500,ifs,14,-1.2524,0.0735,0.1365,1.2098,239,16.6248
12010000,ifs,14,-0.0440,0.0541,0.2622,0.6198,239,11.6679
12013500,ifs,14,-0.1226,0.1226,0.2502,0.7001,239,9.4880
12020000,ifs,14,-0.1964,0.0517,0.1912,0.6536,239,8.2012
12025000,ifs,14,-0.2261,-0.0150,0.1326,0.6551,239,7.9952
12025700,ifs,14,-0.3925,0.0544,0.1090,0.8195,239,7.6751
12035000,ifs,14,0.1278,0.2401,0.4508,0.6017,239,10.3468
12040500,ifs,14,0.0139,0.3305,0.4230,0.7220,239,12.6646
12041200,ifs,14,0.0313,0.2783,0.4152,0.6580,239,13.7932
12043000,ifs,14,0.0107,0.2700,0.3951,0.6827,239,10.9763
12048000,ifs,14,-0.8315,0.2028,0.2599,1.2155,239,7.0974
12054000,ifs,14,-0.0935,0.3215,0.3592,0.8589,239,9.3553
12056500,ifs,14,-0.0748,0.3852,0.4247,0.7973,239,12.3097
12073500,ifs,14,-0.1089,0.2014,0.2879,0.7758,239,5.9967
12082500,ifs,14,-0.3398,0.0835,0.1440,0.8035,239,11.1056
12092000,ifs,14,-0.2741,0.0227,0.1232,0.7484,239,10.9294
12095000,ifs,14,-0.4461,0.0920,0.1187,0.9218,239,8.8935
12114500,ifs,14,-0.1646,-0.1225,0.1051,0.5665,239,12.4700
12115000,ifs,14,-0.1642,-0.1172,0.1068,0.5728,239,12.4037
12115500,ifs,14,-0.1680,-0.0535,0.1290,0.6403,239,12.4647
12117000,ifs,14,-0.1596,-0.0187,0.1495,0.6684,239,12.2887
12141300,ifs,14,-0.1404,-0.0733,0.1413,0.5979,239,14.2758
12143600,ifs,14,-0.1460,-0.0533,0.1370,0.6457,239,13.4445
12144000,ifs,14,-0.1509,-0.0195,0.1470,0.6866,239,12.6146
12145500,ifs,14,-0.1342,0.0287,0.1882,0.6832,239,9.8792
12147600,ifs,14,-0.1192,-0.0774,0.1607,0.5659,239,17.3235
12167000,ifs,14,-0.1688,0.1455,0.2342,0.7746,239,12.1565
12175500,ifs,14,-0.2482,0.2123,0.2517,0.8488,239,8.8312
12186000,ifs,14,-0.1846,0.0704,0.1978,0.6902,239,12.6845
12189500,ifs,14,-0.2058,0.1378,0.2193,0.7749,239,10.7743
12358500,ifs,14,-0.2851,-0.1319,0.0338,0.6365,239,7.8506
12377150,ifs,14,-0.4260,-0.2176,-0.0322,0.5205,239,7.9281
12381400,ifs,14,-0.3964,-0.1888,-0.0220,0.5754,239,7.0583
12390700,ifs,14,-0.6138,0.0495,0.0693,0.8746,239,5.8486
12411000,ifs,14,-0.3025,-0.0515,0.0674,0.7163,239,6.3033
12414500,ifs,14,-0.4546,0.0044,0.0704,0.7572,239,6.7942
12447390,ifs,14,-0.6862,0.0230,0.0414,1.1358,239,3.6019
12451000,ifs,14,-0.4503,0.2565,0.2577,1.0340,239,6.7352
12488500,ifs,14,-0.1661,-0.0449,0.1249,0.6715,239,8.7316
13011500,ifs,14,-1.5024,-0.0761,-0.0559,1.1192,239,5.7773
13011900,ifs,14,-1.3805,-0.0837,-0.0633,1.1783,239,5.4285
13018300,ifs,14,-0.9826,-0.0898,-0.0833,1.0775,239,5.2108
13023000,ifs,14,-1.2420,-0.0634,-0.0461,1.1798,239,4.5962
13161500,ifs,14,-1.9837,-0.2745,-0.0149,1.6734,239,3.6781
13235000,ifs,14,-1.6070,-0.0799,-0.0505,1.1245,239,7.0776
13240000,ifs,14,-0.9805,-0.0168,-0.0083,0.8705,239,8.0265
13310700,ifs,14,-1.4478,-0.0336,-0.0141,1.0649,239,6.8354
13313000,ifs,14,-1.0391,-0.0352,-0.0242,0.8498,239,7.4703
13331500,ifs,14,-0.8030,0.0150,0.0194,1.0400,239,6.7398
13337000,ifs,14,-0.5314,-0.0604,0.0079,0.7447,239,7.4133
13338500,ifs,14,-1.0870,-0.0244,-0.0241,1.0141,239,6.6466
13340000,ifs,14,-0.7243,-0.0247,-0.0030,0.8586,239,6.6414
13340600,ifs,14,-0.3994,-0.0868,0.0276,0.6727,239,7.9640
14020000,ifs,14,-0.5623,0.0884,0.0998,0.9982,239,6.0690
14092750,ifs,14,-2.1051,-0.0859,0.1262,1.2867,239,9.9416
14096850,ifs,14,-2.2141,-0.1643,0.0420,1.4027,239,6.2414
14137000,ifs,14,-0.5107,0.1363,0.1558,0.8590,239,10.5459
14138800,ifs,14,-0.2861,0.0319,0.1465,0.6717,239,13.2828
14138870,ifs,14,-0.2614,0.0536,0.1604,0.7024,239,13.6270
14138900,ifs,14,-0.1614,-0.0147,0.1719,0.5978,239,15.5196
14139800,ifs,14,-0.2959,0.0488,0.1532,0.6874,239,13.4249
14141500,ifs,14,-0.3966,0.1135,0.1589,0.8018,239,11.9173
14154500,ifs,14,-2.0985,-0.0724,0.2014,1.2800,239,9.8737
14158500,ifs,14,-1.5684,0.0663,0.1972,1.1096,239,11.4074
14158790,ifs,14,-0.9596,0.1639,0.1883,0.9234,239,12.7533
14166500,ifs,14,-0.8962,0.1772,0.1942,1.0446,239,8.7977
14182500,ifs,14,-0.7936,0.1784,0.1897,0.9084,239,10.9164
14185000,ifs,14,-1.3207,0.1219,0.2094,1.0614,239,10.9864
14185900,ifs,14,-0.7730,0.1782,0.1934,0.8721,239,11.5425
14187000,ifs,14,-1.0862,0.1678,0.2175,0.9750,239,10.8462
14216500,ifs,14,-0.3785,0.1879,0.2181,0.8258,239,10.9694
14222500,ifs,14,-0.1169,-0.0527,0.1692,0.5771,239,15.8140
14236200,ifs,14,-0.1912,0.0664,0.1839,0.7220,239,9.4140
14301000,ifs,14,-0.1614,-0.0445,0.1378,0.6361,239,9.6694
14303200,ifs,14,-0.2045,-0.1079,0.1042,0.5458,239,12.8037
14305500,ifs,14,-0.2238,-0.0760,0.1123,0.5715,239,15.2871
14306340,ifs,14,-0.7777,0.1355,0.1497,0.8498,239,9.4783
14306500,ifs,14,-0.6584,0.1147,0.1355,0.8145,239,9.8765
14308990,ifs,14,-3.2806,-0.4060,0.0953,1.5939,239,9.3247
14309500,ifs,14,-1.9109,-0.0212,0.2079,1.2262,239,11.5277
14316700,ifs,14,-2.9282,-0.2721,0.1770,1.3889,239,10.5511
14325000,ifs,14,-1.6484,0.0547,0.2100,1.0946,239,13.7165
14362250,ifs,14,-5.0750,-0.8523,0.0262,1.9441,239,10.2912
14400000,ifs,14,-1.5118,0.0584,0.1621,1.1532,239,17.9837
01013500,aifs,1,0.6374,0.7291,0.8068,1.1590,239,3.3280
01022500,aifs,1,0.6064,0.6805,0.7789,1.0430,239,3.9573
01030500,aifs,1,0.6960,0.7613,0.8345,1.0366,239,2.9912
01031500,aifs,1,0.6350,0.6970,0.7985,1.1146,239,3.4472
01047000,aifs,1,0.5730,0.6478,0.7579,1.0855,239,4.0135
01052500,aifs,1,0.4167,0.5434,0.6927,1.3180,239,4.2777
01054200,aifs,1,0.6280,0.6677,0.7944,1.0497,239,4.4197
01055000,aifs,1,0.5584,0.6756,0.7502,1.0732,239,3.8302
01057000,aifs,1,0.5145,0.6599,0.7222,1.0259,239,4.2310
01073000,aifs,1,0.4720,0.6704,0.7118,1.1175,239,4.4079
01078000,aifs,1,0.6006,0.7277,0.7829,1.1141,239,3.9704
01118300,aifs,1,0.4498,0.4464,0.6805,0.8223,239,8.5694
01121000,aifs,1,0.6411,0.6994,0.8022,0.8906,239,4.9465
01123000,aifs,1,0.5864,0.6479,0.7680,0.8698,239,5.5828
01134500,aifs,1,0.5812,0.6579,0.7647,1.1150,239,4.2312
01137500,aifs,1,0.5785,0.6628,0.7669,1.1652,239,4.2685
01139000,aifs,1,0.5102,0.5670,0.7359,1.3086,239,4.3327
01139800,aifs,1,0.5104,0.6419,0.7190,1.0768,239,4.8428
01142500,aifs,1,0.5339,0.6208,0.7657,1.2929,239,3.9367
01144000,aifs,1,0.6098,0.7251,0.7875,1.1163,239,3.8772
01169000,aifs,1,0.7375,0.7939,0.8654,1.1480,239,3.5616
01170100,aifs,1,0.7523,0.7709,0.8768,1.1915,239,3.3729
01181000,aifs,1,0.6302,0.8004,0.8200,1.0836,239,4.6007
01187300,aifs,1,0.4896,0.6111,0.8116,1.2720,239,4.7272
01195100,aifs,1,0.4944,0.5635,0.7060,0.8436,239,6.8381
01333000,aifs,1,0.5550,0.6826,0.7795,1.2279,239,4.6559
01350000,aifs,1,0.3790,0.4576,0.6157,1.0104,239,7.9659
01350080,aifs,1,0.4081,0.5573,0.6483,1.1022,239,6.0758
01350140,aifs,1,0.5091,0.5852,0.7137,1.0301,239,5.2445
01365000,aifs,1,0.4532,0.5810,0.6788,1.1083,239,6.2210
01411300,aifs,1,0.4100,0.3686,0.6621,0.7966,239,8.2931
01413500,aifs,1,0.4921,0.4915,0.7134,0.9214,239,6.8083
01414500,aifs,1,0.4426,0.4692,0.6710,1.0090,239,7.5944
01415000,aifs,1,0.6331,0.6093,0.8098,0.9774,239,4.7643
01423000,aifs,1,0.6366,0.6022,0.8142,0.9280,239,4.6895
01434025,aifs,1,0.4489,0.4681,0.6770,0.9226,239,7.9617
01435000,aifs,1,0.4437,0.4960,0.6678,0.9798,239,7.5322
01439500,aifs,1,0.5858,0.6212,0.7688,0.8665,239,4.9071
01440000,aifs,1,0.6128,0.6277,0.7876,0.8844,239,5.0223
01440400,aifs,1,0.5730,0.5343,0.7724,0.7792,239,5.5058
01451800,aifs,1,0.5654,0.7002,0.7556,0.9709,239,4.5069
01466500,aifs,1,0.5470,0.6536,0.7411,0.9353,239,4.8387
01484100,aifs,1,0.5656,0.6203,0.7532,1.0307,239,5.1356
01485500,aifs,1,0.4652,0.4988,0.6858,0.8703,239,6.8755
01486000,aifs,1,0.4577,0.4805,0.6820,0.8907,239,7.1131
01487000,aifs,1,0.5496,0.5929,0.7438,1.0194,239,5.5361
01491000,aifs,1,0.5814,0.6957,0.7733,1.1666,239,4.0095
01510000,aifs,1,0.6494,0.6887,0.8075,0.9968,239,4.3136
01516500,aifs,1,0.6262,0.7087,0.7928,0.9182,239,3.5436
01518862,aifs,1,0.5686,0.6632,0.7560,0.9130,239,4.0172
01532000,aifs,1,0.4990,0.5696,0.7075,0.9188,239,4.9346
01539000,aifs,1,0.5139,0.5834,0.7200,0.8669,239,5.0576
01542810,aifs,1,0.5075,0.6419,0.7171,0.9331,239,4.6275
01543000,aifs,1,0.5629,0.6910,0.7546,0.9323,239,4.2043
01543500,aifs,1,0.6062,0.6644,0.7811,0.8911,239,4.2938
01544500,aifs,1,0.5844,0.6942,0.7664,0.9426,239,4.0757
01545600,aifs,1,0.5844,0.6907,0.7653,0.9766,239,4.1703
01547700,aifs,1,0.3359,0.3129,0.5950,0.8097,239,8.7542
01548500,aifs,1,0.5953,0.7159,0.7749,0.9385,239,3.7558
01549500,aifs,1,0.5879,0.6711,0.7669,0.9645,239,4.2185
01550000,aifs,1,0.5061,0.5718,0.7124,0.9312,239,5.1484
01552000,aifs,1,0.4457,0.4789,0.6724,0.8730,239,6.2253
01552500,aifs,1,0.5279,0.6128,0.7285,0.9006,239,4.8168
01557500,aifs,1,0.4800,0.4104,0.7258,0.7455,239,6.8135
01567500,aifs,1,0.5404,0.5328,0.7454,0.8265,239,5.2861
01568000,aifs,1,0.6022,0.6153,0.7818,0.8400,239,4.3523
01580000,aifs,1,0.6540,0.7789,0.8120,1.0133,239,3.6632
01583500,aifs,1,0.6414,0.7655,0.8054,1.0650,239,3.7051
01586610,aifs,1,0.5986,0.7300,0.7771,1.0227,239,3.9663
01591400,aifs,1,0.5574,0.5349,0.7586,0.8028,239,5.4123
01596500,aifs,1,0.3566,0.4683,0.6003,0.9380,239,5.8719
01605500,aifs,1,0.5091,0.5414,0.7182,0.8793,239,4.6734
01606500,aifs,1,0.5808,0.6206,0.7652,0.9021,239,4.0128
01613050,aifs,1,0.4983,0.5508,0.7112,0.8234,239,4.6860
01620500,aifs,1,0.6015,0.6685,0.7758,0.9981,239,3.5755
01632000,aifs,1,0.5120,0.4294,0.7494,0.6621,239,4.9234
01632900,aifs,1,0.4562,0.4305,0.6927,0.7086,239,5.0695
01634500,aifs,1,0.4882,0.4951,0.7088,0.7665,239,4.9660
01638480,aifs,1,0.5592,0.5988,0.7514,0.8521,239,4.5695
01639500,aifs,1,0.6030,0.7326,0.7796,1.0094,239,3.8775
01644000,aifs,1,0.6537,0.6445,0.8154,0.8258,239,3.7823
01658500,aifs,1,0.5481,0.5189,0.7541,0.7858,239,4.8805
01664000,aifs,1,0.5668,0.5209,0.7702,0.7341,239,4.4986
01666500,aifs,1,0.5362,0.5019,0.7486,0.7376,239,4.6774
01667500,aifs,1,0.5522,0.5351,0.7555,0.7605,239,4.3870
01669000,aifs,1,0.4565,0.4966,0.6788,0.9144,239,5.9899
01669520,aifs,1,0.5189,0.5493,0.7247,0.9398,239,5.5970
02011400,aifs,1,0.5548,0.6395,0.7456,0.9317,239,3.9851
02011460,aifs,1,0.5260,0.6159,0.7254,0.9796,239,4.3761
02013000,aifs,1,0.4621,0.5200,0.6847,0.8309,239,4.6138
02014000,aifs,1,0.5386,0.6111,0.7371,0.8651,239,3.8241
02015700,aifs,1,0.5470,0.6087,0.7403,1.0081,239,4.1493
02016000,aifs,1,0.5836,0.6956,0.7650,0.9953,239,3.4948
02017500,aifs,1,0.5251,0.6789,0.7317,0.9523,239,3.4328
02018000,aifs,1,0.5720,0.7352,0.7649,0.9850,239,3.1153
02027000,aifs,1,0.5170,0.6835,0.7367,1.1340,239,3.6336
02027500,aifs,1,0.5420,0.6914,0.7436,1.0698,239,3.6720
02028500,aifs,1,0.5544,0.6587,0.7471,0.9063,239,3.7918
02038850,aifs,1,0.4753,0.5965,0.6936,0.9019,239,4.2893
02046000,aifs,1,0.4523,0.5858,0.6779,0.9127,239,5.0886
02051000,aifs,1,0.5216,0.5478,0.7268,0.8772,239,5.0807
02051500,aifs,1,0.4528,0.6004,0.6786,0.9644,239,4.9109
02053200,aifs,1,0.5059,0.6712,0.7216,1.0701,239,5.1200
02053800,aifs,1,0.5237,0.5891,0.7300,0.8193,239,3.6956
02055100,aifs,1,0.3977,0.5982,0.6754,1.2149,239,3.7209
02056900,aifs,1,0.5265,0.5524,0.7318,0.8127,239,4.0883
02059500,aifs,1,0.5560,0.7443,0.7609,0.9785,239,3.1071
02064000,aifs,1,0.5845,0.7203,0.7784,1.1454,239,3.2070
02065500,aifs,1,0.6023,0.7274,0.7803,1.0714,239,3.3327
02069700,aifs,1,0.5110,0.4980,0.7267,0.8021,239,4.9414
02070000,aifs,1,0.5239,0.4986,0.7375,0.7850,239,4.8189
02074500,aifs,1,0.5376,0.5294,0.7472,0.9895,239,5.0671
02077200,aifs,1,0.3344,0.6342,0.6468,1.0693,239,4.5202
02081500,aifs,1,0.4492,0.6492,0.6892,1.0591,239,4.7156
02082950,aifs,1,0.4346,0.5826,0.7434,1.3234,239,4.1043
02092500,aifs,1,0.4635,0.6632,0.7386,1.2121,239,4.5973
02096846,aifs,1,0.3188,0.4005,0.5659,0.9204,239,7.4385
02102908,aifs,1,0.6359,0.6413,0.8032,0.9089,239,5.0051
02108000,aifs,1,0.5417,0.7405,0.7599,1.0823,239,4.3832
02111180,aifs,1,0.4429,0.4416,0.6778,0.7658,239,5.5652
02111500,aifs,1,0.4661,0.4751,0.6918,0.7910,239,5.3488
02118500,aifs,1,0.4795,0.6110,0.6995,0.8840,239,4.5066
02128000,aifs,1,0.4905,0.6664,0.7123,0.9447,239,4.7130
02137727,aifs,1,0.5190,0.4211,0.7603,0.7251,239,5.7992
02140991,aifs,1,0.5043,0.5105,0.7196,0.8086,239,5.0625
02143000,aifs,1,0.5550,0.5562,0.7529,0.8163,239,4.7154
02143040,aifs,1,0.5168,0.5659,0.7239,0.8181,239,4.8785
02149000,aifs,1,0.4420,0.3143,0.7199,0.6497,239,7.4732
02152100,aifs,1,0.5743,0.6175,0.7616,0.8423,239,4.3800
02177000,aifs,1,0.4914,0.5241,0.7057,0.8477,239,6.4134
02178400,aifs,1,0.5050,0.6138,0.7146,0.8890,239,5.3621
02193340,aifs,1,0.4382,0.5887,0.6693,1.0654,239,5.4495
02196000,aifs,1,0.5365,0.5192,0.7456,0.8534,239,5.4259
02198100,aifs,1,0.3327,0.2606,0.6065,0.6693,239,8.5465
02202600,aifs,1,0.3632,0.5166,0.6113,0.9788,239,4.7918
02212600,aifs,1,0.5065,0.5521,0.7142,0.9072,239,6.0009
02215100,aifs,1,0.3285,0.3645,0.5803,0.7882,239,6.9375
02216180,aifs,1,0.3090,0.2670,0.5759,0.7359,239,8.2885
02221525,aifs,1,0.5873,0.6511,0.7670,0.9471,239,4.8842
02231000,aifs,1,0.5505,0.5451,0.7546,0.8419,239,4.4932
02231342,aifs,1,0.3363,0.4512,0.5831,1.0186,239,5.5036
02235200,aifs,1,0.3932,0.4482,0.6321,0.8652,239,5.4079
02245500,aifs,1,0.3634,0.4851,0.6061,1.0072,239,5.0860
02246000,aifs,1,0.4964,0.5956,0.7057,0.9423,239,4.1651
02296500,aifs,1,0.4523,0.4814,0.6837,0.8238,239,4.5126
02297155,aifs,1,0.3308,0.2981,0.6002,0.7760,239,6.7969
02297310,aifs,1,0.3862,0.3239,0.6661,0.7166,239,6.1282
02298123,aifs,1,0.2425,0.2839,0.5025,0.8131,239,6.2445
02298608,aifs,1,0.2411,0.2117,0.5204,0.6988,239,7.3679
02299950,aifs,1,0.2586,0.2744,0.5185,0.8017,239,6.7786
02300700,aifs,1,0.2780,0.2501,0.5443,0.8160,239,7.9492
02310947,aifs,1,0.3722,0.3869,0.6184,0.8838,239,6.1074
02312200,aifs,1,0.2765,0.2649,0.5369,0.8453,239,7.7335
02314500,aifs,1,0.4557,0.4216,0.6978,0.7749,239,5.7120
02315500,aifs,1,0.5068,0.4838,0.7308,0.7840,239,4.9663
02324400,aifs,1,0.3467,0.2875,0.6206,0.7242,239,8.4387
02327100,aifs,1,0.3754,0.3843,0.6258,0.7739,239,6.9970
02349900,aifs,1,0.2739,0.2725,0.5376,0.7150,239,8.0552
02350900,aifs,1,0.4164,0.4949,0.6516,0.8253,239,5.6872
02361000,aifs,1,0.4940,0.5781,0.7057,0.8774,239,5.0611
02363000,aifs,1,0.5020,0.5581,0.7109,0.8854,239,5.5472
02369800,aifs,1,0.3754,0.2639,0.6703,0.6619,239,10.2022
02371500,aifs,1,0.4397,0.4515,0.6710,0.8471,239,6.9852
02372250,aifs,1,0.4461,0.4605,0.6762,0.7973,239,6.7956
02374500,aifs,1,0.3522,0.3949,0.6005,0.7843,239,8.0662
02381600,aifs,1,0.3530,0.4255,0.5973,0.8600,239,8.0993
02384540,aifs,1,0.4228,0.5082,0.6521,0.8958,239,6.6640
02395120,aifs,1,0.4169,0.5964,0.6646,1.1246,239,5.7239
02408540,aifs,1,0.3550,0.4798,0.6031,0.8876,239,7.6019
02415000,aifs,1,0.3334,0.4095,0.5846,0.8099,239,8.3200
02422500,aifs,1,0.4356,0.5928,0.6673,1.0073,239,6.5742
02427250,aifs,1,0.3949,0.5916,0.6471,0.9512,239,5.9674
02430085,aifs,1,0.5470,0.6108,0.7402,0.9722,239,5.8090
02450250,aifs,1,0.5581,0.5331,0.7596,0.7995,239,6.4198
02464000,aifs,1,0.4876,0.4731,0.7121,0.8537,239,8.0446
02465493,aifs,1,0.5951,0.6805,0.7715,0.9990,239,5.4330
02469800,aifs,1,0.5231,0.6061,0.7250,0.8906,239,6.2577
02472000,aifs,1,0.6146,0.6447,0.7868,0.8829,239,6.4933
02472500,aifs,1,0.5067,0.5806,0.7160,0.8294,239,8.0138
02479155,aifs,1,0.5475,0.4511,0.7828,0.7953,239,8.8792
02479300,aifs,1,0.4772,0.2717,0.8215,0.6341,239,12.6647
02481000,aifs,1,0.3937,0.1675,0.8043,0.5540,239,16.3863
02481510,aifs,1,0.4637,0.2458,0.8098,0.5765,239,12.6699
03010655,aifs,1,0.5255,0.6279,0.7270,0.9188,239,4.5534
03011800,aifs,1,0.4608,0.5462,0.6804,0.9098,239,5.6792
03015500,aifs,1,0.5236,0.7140,0.7438,1.0881,239,4.4491
03021350,aifs,1,0.5202,0.6555,0.7247,1.0259,239,5.2019
03026500,aifs,1,0.5003,0.5939,0.7089,0.9190,239,5.1356
03028000,aifs,1,0.5066,0.5940,0.7128,0.9300,239,5.2751
03049800,aifs,1,0.5175,0.5648,0.7217,0.9431,239,6.1499
03050000,aifs,1,0.4235,0.4535,0.6567,0.8798,239,7.0044
03066000,aifs,1,0.4278,0.4505,0.6620,0.8448,239,6.2126
03069500,aifs,1,0.4911,0.5300,0.7052,0.8933,239,5.5058
03070500,aifs,1,0.4951,0.6464,0.7094,0.9869,239,5.4270
03076600,aifs,1,0.3368,0.3965,0.5849,0.8502,239,7.3160
03078000,aifs,1,0.3135,0.3956,0.5616,0.9258,239,7.3471
03140000,aifs,1,0.3804,0.5053,0.6218,0.9212,239,5.5995
03144000,aifs,1,0.3354,0.3576,0.5911,0.7628,239,7.1179
03159540,aifs,1,0.2433,0.3324,0.5073,0.8131,239,8.0857
03161000,aifs,1,0.3992,0.4713,0.6386,0.8177,239,5.2765
03164000,aifs,1,0.5083,0.5656,0.7198,0.8170,239,4.1834
03165000,aifs,1,0.5456,0.4695,0.7662,0.7380,239,4.8013
03170000,aifs,1,0.5164,0.5566,0.7263,0.7975,239,3.8825
03173000,aifs,1,0.4820,0.6053,0.7059,0.8369,239,3.5831
03180500,aifs,1,0.5200,0.6087,0.7213,1.0278,239,4.7151
03182500,aifs,1,0.5454,0.6562,0.7395,1.0220,239,4.1789
03186500,aifs,1,0.4674,0.5423,0.6873,0.8748,239,5.4120
03187500,aifs,1,0.4642,0.5506,0.6840,0.8950,239,5.3709
03213700,aifs,1,0.4976,0.5544,0.7080,0.8970,239,5.0028
03237280,aifs,1,0.3565,0.4830,0.6023,0.9348,239,6.2473
03237500,aifs,1,0.3649,0.4846,0.6085,0.9246,239,6.2707
03241500,aifs,1,0.3929,0.3702,0.6446,0.8007,239,7.7629
03280700,aifs,1,0.4614,0.5742,0.6803,1.0080,239,5.3091
03281100,aifs,1,0.3922,0.5725,0.6397,1.0044,239,5.4026
03281500,aifs,1,0.5087,0.6397,0.7160,0.9897,239,4.6994
03285000,aifs,1,0.4832,0.5039,0.7015,0.8896,239,6.4401
03291780,aifs,1,0.4587,0.4292,0.6989,0.8637,239,7.5862
03300400,aifs,1,0.4590,0.4396,0.6931,0.8060,239,7.1028
03340800,aifs,1,0.4473,0.4555,0.6778,0.8774,239,7.6988
03346000,aifs,1,0.4893,0.5579,0.7004,0.9222,239,6.2460
03364500,aifs,1,0.4073,0.3087,0.6937,0.7350,239,10.1789
03366500,aifs,1,0.4603,0.4271,0.7005,0.8430,239,7.4380
03368000,aifs,1,0.3897,0.2699,0.6891,0.6706,239,10.1860
03384450,aifs,1,0.4383,0.4846,0.6644,0.9186,239,7.1267
03439000,aifs,1,0.4945,0.5008,0.7147,0.7742,239,5.6619
03450000,aifs,1,0.4545,0.4992,0.6807,0.8190,239,4.8438
03455500,aifs,1,0.4930,0.5460,0.7121,0.7879,239,5.1439
03456500,aifs,1,0.4496,0.4695,0.6885,0.7174,239,5.0210
03460000,aifs,1,0.3459,0.4592,0.6029,0.8127,239,5.8148
03463300,aifs,1,0.4503,0.3833,0.7063,0.6788,239,5.9180
03471500,aifs,1,0.4068,0.5252,0.6466,0.8548,239,4.6911
03473000,aifs,1,0.3711,0.5040,0.6224,0.8460,239,4.9995
03479000,aifs,1,0.4114,0.5524,0.6546,0.8530,239,4.6071
03488000,aifs,1,0.3995,0.5296,0.6399,0.8865,239,4.7898
03498500,aifs,1,0.3817,0.5164,0.6265,0.8889,239,6.0355
03500000,aifs,1,0.4863,0.6277,0.7030,0.9345,239,5.3009
03504000,aifs,1,0.4242,0.4675,0.6627,0.7618,239,6.6315
03574500,aifs,1,0.5585,0.5727,0.7537,0.8947,239,6.1735
03604000,aifs,1,0.5230,0.5186,0.7327,0.7937,239,6.7260
04015330,aifs,1,0.4314,0.5334,0.6574,0.9700,239,4.9165
04024430,aifs,1,0.4761,0.6737,0.7162,1.1273,239,3.6419
04027000,aifs,1,0.4282,0.5400,0.6958,1.3275,239,3.4329
04040500,aifs,1,0.3732,0.5419,0.6227,1.0326,239,4.2194
04043050,aifs,1,0.3720,0.5618,0.6268,0.9866,239,3.8610
04045500,aifs,1,0.4637,0.6349,0.6998,1.1420,239,3.7402
04056500,aifs,1,0.3623,0.6031,0.6645,1.2001,239,3.8048
04057510,aifs,1,0.3616,0.5782,0.6283,1.0566,239,4.4666
04057800,aifs,1,0.4758,0.6194,0.6947,1.0352,239,3.9025
04059500,aifs,1,0.4800,0.6637,0.7080,1.0737,239,3.7439
04063700,aifs,1,0.4072,0.5692,0.6925,1.2942,239,3.6700
04074950,aifs,1,0.3669,0.6129,0.6525,1.1291,239,4.1893
04105700,aifs,1,0.4372,0.5165,0.6614,0.9595,239,5.4070
04115265,aifs,1,0.4390,0.5144,0.6627,0.9791,239,5.3849
04122200,aifs,1,0.5251,0.6190,0.7256,1.0747,239,4.9652
04122500,aifs,1,0.5665,0.6723,0.7550,1.0856,239,4.4638
04124000,aifs,1,0.5512,0.4996,0.7645,0.8041,239,5.7730
04127997,aifs,1,0.5645,0.5879,0.7562,0.8713,239,5.1197
04185000,aifs,1,0.4445,0.5355,0.6698,0.8819,239,4.9026
04196800,aifs,1,0.4484,0.5340,0.6710,0.9165,239,5.2484
04197100,aifs,1,0.3877,0.4436,0.6243,0.9133,239,6.1874
04197170,aifs,1,0.4176,0.5117,0.6466,0.9761,239,5.4611
04213000,aifs,1,0.5201,0.6794,0.7350,1.1168,239,4.4348
04213075,aifs,1,0.4929,0.6152,0.7084,1.1230,239,5.1260
04216418,aifs,1,0.6651,0.6888,0.8189,0.9087,239,4.2898
04221000,aifs,1,0.5655,0.6731,0.7532,0.9581,239,4.0862
04224775,aifs,1,0.5609,0.6399,0.7490,0.9952,239,4.5644
04256000,aifs,1,0.5673,0.7340,0.7718,1.1148,239,3.9297
04296000,aifs,1,0.5411,0.5930,0.7592,1.3021,239,4.2297
05057000,aifs,1,0.5135,0.6254,0.7610,1.2884,239,2.6060
05057200,aifs,1,0.2650,0.5072,0.6483,1.3446,239,2.9538
05062500,aifs,1,0.1136,0.4845,0.5348,1.2141,239,4.1443
05087500,aifs,1,0.5084,0.5891,0.7134,1.0710,239,3.7302
05120500,aifs,1,0.5282,0.6416,0.7576,1.2596,239,2.7633
05123400,aifs,1,0.4876,0.6876,0.7190,1.0785,239,3.6002
05129115,aifs,1,0.3544,0.5609,0.6396,1.2060,239,3.5531
05131500,aifs,1,0.3933,0.6176,0.6816,1.2013,239,3.2372
05291000,aifs,1,0.4417,0.4541,0.6689,1.1900,239,5.1293
05362000,aifs,1,0.3519,0.5645,0.6431,1.2163,239,4.1420
05393500,aifs,1,0.2815,0.5045,0.5755,1.1466,239,4.7762
05399500,aifs,1,0.3359,0.4927,0.5902,0.9847,239,5.7832
05408000,aifs,1,0.3645,0.4818,0.6069,0.9488,239,7.1763
05412500,aifs,1,0.6486,0.7377,0.8056,1.0073,239,4.4860
05413500,aifs,1,0.6602,0.6733,0.8173,0.9837,239,5.0251
05414000,aifs,1,0.6237,0.6634,0.7917,1.0325,239,5.1819
05444000,aifs,1,0.5411,0.6361,0.7614,1.2654,239,4.8996
05454000,aifs,1,0.4404,0.6056,0.6724,1.0091,239,6.4727
05458000,aifs,1,0.3817,0.5614,0.6319,0.9641,239,6.2078
05466500,aifs,1,0.5974,0.5603,0.7877,0.8420,239,6.6965
05487980,aifs,1,0.3340,0.5019,0.5922,0.9442,239,7.3424
05488200,aifs,1,0.3474,0.4237,0.5903,0.9092,239,8.8189
05489000,aifs,1,0.3388,0.4387,0.5860,0.8835,239,8.2248
05495000,aifs,1,0.4271,0.6057,0.6657,0.9786,239,5.5902
05495500,aifs,1,0.4664,0.4904,0.6883,0.8635,239,6.4744
05501000,aifs,1,0.2964,0.3345,0.5465,0.8632,239,8.4274
05503800,aifs,1,0.3770,0.5102,0.6185,1.0081,239,6.2316
05507600,aifs,1,0.5058,0.6546,0.7201,1.1018,239,4.6274
05508805,aifs,1,0.5796,0.7084,0.7647,1.0463,239,4.1998
05514500,aifs,1,0.4125,0.5883,0.6539,1.0085,239,5.4452
05525500,aifs,1,0.4694,0.6206,0.6910,0.9836,239,5.9434
05556500,aifs,1,0.4835,0.5965,0.6967,0.9632,239,6.4768
05584500,aifs,1,0.4206,0.3890,0.6682,0.8234,239,8.6612
05585000,aifs,1,0.4477,0.4333,0.6834,0.8509,239,7.7282
05591550,aifs,1,0.4251,0.4904,0.6529,0.9242,239,6.9042
05592050,aifs,1,0.4347,0.5689,0.6635,1.0492,239,5.7298
05592575,aifs,1,0.4065,0.4406,0.6427,0.8234,239,7.4849
05593575,aifs,1,0.2522,0.4464,0.5318,0.9682,239,7.1225
05593900,aifs,1,0.3670,0.4626,0.6086,0.8927,239,7.0107
05595730,aifs,1,0.3057,0.5067,0.5777,0.9964,239,6.5274
06037500,aifs,1,0.8341,0.8274,0.9151,1.0976,239,1.5896
06043500,aifs,1,0.8357,0.8785,0.9167,1.0823,239,1.5413
06154410,aifs,1,0.3043,0.4716,0.5695,0.9084,239,4.0479
06188000,aifs,1,0.7073,0.7479,0.8671,1.2111,239,1.6298
06191500,aifs,1,0.8204,0.7823,0.9200,1.2002,239,1.2938
06221400,aifs,1,0.6270,0.7345,0.8098,1.1789,239,1.7889
06224000,aifs,1,0.6340,0.7244,0.8036,1.1543,239,1.8731
06289000,aifs,1,0.6352,0.6503,0.8359,1.3068,239,1.7253
06332515,aifs,1,0.2508,0.4640,0.6305,1.3882,239,2.8579
06339100,aifs,1,0.4479,0.4992,0.7652,1.4304,239,1.9457
06339500,aifs,1,0.6505,0.6892,0.8230,1.2522,239,1.8363
06344600,aifs,1,0.5046,0.6054,0.7130,1.1250,239,2.4266
06350000,aifs,1,0.7079,0.8198,0.8451,1.0485,239,1.5682
06352000,aifs,1,0.5716,0.7267,0.8112,1.1725,239,1.6317
06353000,aifs,1,0.5262,0.6676,0.8029,1.2321,239,1.8411
06354000,aifs,1,0.5901,0.7363,0.8041,1.1738,239,1.8652
06360500,aifs,1,0.3980,0.5833,0.7648,1.2933,239,1.9654
06404000,aifs,1,0.4067,0.5608,0.6573,1.1847,239,2.5731
06406000,aifs,1,0.3785,0.5847,0.6523,1.1751,239,2.4122
06408700,aifs,1,0.3634,0.5819,0.6385,1.1337,239,2.3178
06409000,aifs,1,0.3646,0.5804,0.6401,1.1448,239,2.2814
06431500,aifs,1,0.4340,0.5876,0.6696,1.1084,239,2.4415
06440200,aifs,1,0.4288,0.5515,0.6573,1.0405,239,3.2216
06441500,aifs,1,0.3770,0.6425,0.6683,1.1121,239,2.7587
06447000,aifs,1,0.3532,0.5590,0.6171,1.0275,239,2.7352
06447500,aifs,1,0.0064,0.3458,0.3917,1.0832,239,3.9620
06450500,aifs,1,0.1877,0.3940,0.4807,0.9759,239,4.1570
06452000,aifs,1,0.3395,0.5486,0.6075,1.0299,239,2.9542
06453600,aifs,1,0.2591,0.4502,0.5364,0.9788,239,4.6309
06464500,aifs,1,0.2941,0.3576,0.5435,0.8977,239,5.1984
06477500,aifs,1,0.0547,0.4114,0.4531,1.1451,239,4.8667
06479215,aifs,1,0.3912,0.4051,0.6290,1.2105,239,5.4750
06479438,aifs,1,0.2968,0.3648,0.5519,1.2374,239,5.4646
06601000,aifs,1,0.1918,0.3107,0.4550,0.9887,239,6.7380
06614800,aifs,1,0.5828,0.4182,0.8427,0.7341,239,3.4743
06622700,aifs,1,0.6866,0.6332,0.8413,0.8157,239,1.9980
06623800,aifs,1,0.7293,0.6855,0.8643,0.8791,239,1.9952
06632400,aifs,1,0.7190,0.6738,0.8608,0.9168,239,2.0585
06784000,aifs,1,0.4821,0.5373,0.6959,0.9230,239,3.9529
06803510,aifs,1,0.0871,0.2145,0.3563,0.9344,239,7.8905
06803530,aifs,1,0.0775,0.2928,0.3852,1.0232,239,6.8067
06814000,aifs,1,0.3113,0.4599,0.5682,0.9987,239,6.3338
06846500,aifs,1,0.4398,0.4930,0.6676,0.7972,239,3.1231
06847900,aifs,1,0.2920,0.4346,0.5556,0.8661,239,4.2721
06853800,aifs,1,0.0644,0.3642,0.4168,1.0175,239,5.2076
06876700,aifs,1,0.2699,0.2473,0.5274,0.7246,239,8.4938
06878000,aifs,1,0.1854,0.3405,0.4639,0.8881,239,7.2419
06879650,aifs,1,0.2975,0.3243,0.5541,0.7372,239,8.0790
06885500,aifs,1,0.3230,0.3861,0.5714,0.8397,239,7.2735
06888500,aifs,1,0.2129,0.2817,0.4731,0.8018,239,8.9109
06889200,aifs,1,0.2429,0.3716,0.5074,0.8997,239,7.8913
06889500,aifs,1,0.2231,0.3793,0.4966,0.9148,239,7.7242
06892000,aifs,1,0.2235,0.3576,0.4919,0.8919,239,8.1819
06903400,aifs,1,0.2082,0.3939,0.4925,0.9292,239,8.4279
06906800,aifs,1,0.4132,0.3767,0.6616,0.7152,239,8.4143
06910800,aifs,1,0.2037,0.3065,0.4717,0.8129,239,8.5148
06911900,aifs,1,0.1902,0.2685,0.4561,0.7788,239,9.0689
06917000,aifs,1,0.3231,0.3383,0.5773,0.7390,239,9.0345
06918460,aifs,1,0.4135,0.4048,0.6545,0.7946,239,7.6701
06919500,aifs,1,0.3923,0.4679,0.6295,0.8493,239,7.4238
06921070,aifs,1,0.3661,0.2906,0.6365,0.6712,239,9.0860
06921200,aifs,1,0.3239,0.2811,0.5876,0.7214,239,9.9629
06934000,aifs,1,0.3428,0.4135,0.5908,0.8221,239,7.0449
07014500,aifs,1,0.2589,0.2295,0.5223,0.7024,239,10.0113
07056000,aifs,1,0.2316,0.3222,0.4944,0.8214,239,7.8267
07057500,aifs,1,0.3303,0.4227,0.5793,0.8638,239,6.8385
07060710,aifs,1,0.2876,0.3406,0.5383,0.8636,239,7.9482
07066000,aifs,1,0.3340,0.4268,0.5821,0.8696,239,6.7806
07067000,aifs,1,0.3847,0.5224,0.6275,0.9094,239,5.7650
07068000,aifs,1,0.3930,0.5614,0.6388,0.9405,239,5.3794
07071500,aifs,1,0.3217,0.4788,0.5815,0.9066,239,6.1170
07083000,aifs,1,0.6826,0.6979,0.8334,1.2190,239,1.6295
07142300,aifs,1,0.1720,0.2382,0.4341,0.7729,239,4.7672
07145700,aifs,1,0.2723,0.2169,0.5374,0.7342,239,9.9186
07148400,aifs,1,0.0289,0.2683,0.3602,0.8593,239,4.3957
07149000,aifs,1,0.0841,0.4269,0.4604,0.9371,239,4.0480
07151500,aifs,1,0.2732,0.3583,0.5291,0.8332,239,6.7085
07167500,aifs,1,0.2947,0.4485,0.5560,0.9623,239,6.6325
07180500,aifs,1,0.2372,0.3903,0.5093,0.8942,239,7.0339
07184000,aifs,1,0.3483,0.3184,0.6072,0.8104,239,10.5201
07195800,aifs,1,0.3292,0.3439,0.5788,0.8739,239,9.0137
07196900,aifs,1,0.3329,0.4339,0.5788,0.9617,239,7.9680
07197000,aifs,1,0.3557,0.4594,0.5991,0.9144,239,7.5404
07208500,aifs,1,0.6083,0.6783,0.7802,1.0418,239,1.6275
07226500,aifs,1,0.4265,0.4697,0.6568,0.7941,239,1.8645
07261000,aifs,1,0.4883,0.5206,0.7028,0.8774,239,6.1793
07263295,aifs,1,0.4891,0.5146,0.7043,0.8970,239,6.5578
07290650,aifs,1,0.3360,0.5509,0.6066,0.9746,239,7.8353
07291000,aifs,1,0.3404,0.5959,0.6256,0.9705,239,7.9065
07292500,aifs,1,0.3340,0.6047,0.6281,0.9559,239,8.0062
07295000,aifs,1,0.3963,0.5732,0.6431,0.9453,239,8.6001
07299670,aifs,1,0.1958,0.2565,0.4528,0.8143,239,4.0976
07301410,aifs,1,0.2948,0.2107,0.5765,0.7291,239,4.6953
07301500,aifs,1,0.4572,0.5030,0.6782,0.8820,239,2.3906
07315200,aifs,1,0.2907,0.4334,0.5535,0.8817,239,5.6927
07315700,aifs,1,0.1740,0.4464,0.5091,1.1553,239,5.4113
07335700,aifs,1,0.2849,0.2740,0.5456,0.6964,239,9.2798
07340300,aifs,1,0.5036,0.5445,0.7135,0.8334,239,5.8535
07346045,aifs,1,0.4741,0.6179,0.6934,0.9680,239,5.2515
07359610,aifs,1,0.4611,0.4271,0.6946,0.7268,239,6.8031
07362100,aifs,1,0.4748,0.6450,0.7000,1.0629,239,5.1389
07362587,aifs,1,0.4181,0.3981,0.6598,0.7756,239,7.8332
07373000,aifs,1,0.6130,0.6152,0.7909,0.9544,239,5.6728
07375000,aifs,1,0.2835,0.3668,0.5387,0.8436,239,11.5403
07376000,aifs,1,0.3204,0.5073,0.5878,0.9179,239,9.8470
08013000,aifs,1,0.6382,0.5705,0.8253,0.8944,239,6.1347
08014500,aifs,1,0.6522,0.6183,0.8211,0.8966,239,5.8422
08023080,aifs,1,0.5308,0.5899,0.7295,1.0013,239,6.3695
08025500,aifs,1,0.6086,0.5268,0.8159,0.8831,239,6.8904
08029500,aifs,1,0.4588,0.4783,0.6837,0.8855,239,8.4969
08050800,aifs,1,0.4061,0.4346,0.6411,0.8201,239,7.3731
08066200,aifs,1,0.4810,0.5072,0.6975,0.8393,239,9.9245
08066300,aifs,1,0.3479,0.3498,0.5982,0.8745,239,14.3405
08070000,aifs,1,0.5464,0.7056,0.7487,1.0712,239,6.1193
08070200,aifs,1,0.5833,0.7177,0.7679,1.0444,239,6.0011
08079600,aifs,1,0.3029,0.4213,0.5597,0.8593,239,2.5216
08082700,aifs,1,0.2676,0.4120,0.5307,1.0447,239,4.5448
08086212,aifs,1,0.2166,0.3854,0.4930,0.9574,239,5.4502
08086290,aifs,1,0.2842,0.4492,0.5496,0.9917,239,5.1857
08101000,aifs,1,0.4596,0.6039,0.6869,1.1202,239,4.5059
08103900,aifs,1,0.4170,0.4405,0.6504,0.8413,239,7.1005
08104900,aifs,1,0.4155,0.4082,0.6546,0.8130,239,8.0458
08109700,aifs,1,0.3887,0.4415,0.6246,0.9538,239,8.3090
08150800,aifs,1,0.6156,0.5527,0.8026,0.8176,239,6.6025
08155200,aifs,1,0.3851,0.5521,0.6344,1.1014,239,6.5013
08158700,aifs,1,0.4279,0.6058,0.6718,1.1227,239,5.8906
08158810,aifs,1,0.4360,0.6391,0.6828,1.0907,239,5.5636
08164000,aifs,1,0.6517,0.7038,0.8089,1.1403,239,4.3813
08164300,aifs,1,0.5858,0.6080,0.7704,1.0071,239,6.2136
08164600,aifs,1,0.4722,0.5914,0.6928,1.1359,239,5.4357
08165300,aifs,1,0.6725,0.7170,0.8210,1.0186,239,5.4676
08171300,aifs,1,0.5066,0.6277,0.7151,1.0912,239,5.9262
08175000,aifs,1,0.5074,0.6002,0.7125,0.9767,239,6.1157
08176900,aifs,1,0.6477,0.7082,0.8070,1.1465,239,4.0979
08178880,aifs,1,0.4942,0.5658,0.7033,1.0131,239,7.5935
08189500,aifs,1,0.5470,0.6312,0.7404,1.0991,239,4.9839
08190000,aifs,1,0.5821,0.4287,0.8426,0.8008,239,9.3454
08190500,aifs,1,0.5229,0.3985,0.7940,0.8062,239,9.5380
08194200,aifs,1,0.4122,0.3471,0.6670,0.7465,239,6.6439
08195000,aifs,1,0.6423,0.5246,0.8533,0.8891,239,7.8014
08196000,aifs,1,0.5176,0.4170,0.7793,0.8495,239,10.3733
08198500,aifs,1,0.5388,0.4978,0.7567,0.8863,239,8.5350
08200000,aifs,1,0.3177,0.4036,0.5647,0.9450,239,9.9888
08202700,aifs,1,0.3420,0.3710,0.5875,0.8575,239,10.5120
08267500,aifs,1,0.5606,0.3722,0.8331,0.6768,239,2.5197
08269000,aifs,1,0.6135,0.5968,0.7939,0.8856,239,1.7516
08271000,aifs,1,0.5408,0.3365,0.8309,0.6399,239,2.6820
08324000,aifs,1,0.5876,0.6090,0.7706,0.8604,239,1.4855
08377900,aifs,1,0.3954,0.3708,0.6466,0.7899,239,2.9452
08378500,aifs,1,0.4981,0.4941,0.7172,0.8581,239,2.3373
08380500,aifs,1,0.4750,0.4538,0.7053,0.8140,239,2.2348
09034900,aifs,1,0.6318,0.5164,0.8385,0.7992,239,2.4010
09035900,aifs,1,0.7111,0.7464,0.8444,1.0005,239,1.5710
09047700,aifs,1,0.6833,0.7291,0.8275,1.0385,239,1.5614
09065500,aifs,1,0.6730,0.7126,0.8217,0.9873,239,1.7063
09066000,aifs,1,0.6276,0.7285,0.8069,1.1768,239,1.5516
09066200,aifs,1,0.6405,0.6637,0.8040,0.9493,239,1.8942
09066300,aifs,1,0.6515,0.6836,0.8096,0.9594,239,1.8150
09081600,aifs,1,0.6982,0.6736,0.8462,1.0208,239,2.3933
09107000,aifs,1,0.6561,0.5130,0.8530,1.4632,239,1.4463
09210500,aifs,1,0.6586,0.7983,0.8174,1.0124,239,1.3620
09223000,aifs,1,0.7181,0.8013,0.8479,1.0228,239,1.5254
09306242,aifs,1,0.6517,0.7737,0.8108,1.0460,239,1.6687
09312600,aifs,1,0.5941,0.7037,0.7737,1.0892,239,1.9766
09352900,aifs,1,0.8025,0.7853,0.9001,0.9650,239,1.9636
09378170,aifs,1,0.4811,0.2913,0.7486,0.5383,239,2.5144
09378630,aifs,1,0.4497,0.2542,0.7316,0.5179,239,2.7259
09386900,aifs,1,0.5577,0.6195,0.7475,0.9647,239,1.5141
09404450,aifs,1,0.6157,0.6970,0.7849,0.9569,239,1.8126
09430500,aifs,1,0.6677,0.6742,0.8222,0.8756,239,1.3190
09430600,aifs,1,0.4254,0.4841,0.6612,0.7808,239,2.1671
09447800,aifs,1,0.3136,0.6656,0.6671,1.0123,239,1.3602
09480000,aifs,1,0.4181,0.4065,0.6583,0.7061,239,2.6500
09484000,aifs,1,0.2852,0.4555,0.5590,0.8546,239,2.8258
09484600,aifs,1,0.4016,0.4511,0.6429,0.7363,239,2.3712
09492400,aifs,1,0.4778,0.4078,0.7189,0.7078,239,3.4315
09494000,aifs,1,0.5747,0.6348,0.7609,0.8571,239,2.2206
09497800,aifs,1,0.3653,0.6530,0.6610,0.9825,239,2.1170
09497980,aifs,1,0.3874,0.5795,0.6494,0.8473,239,2.4704
09505200,aifs,1,0.6460,0.7856,0.8176,1.1061,239,1.7168
09505350,aifs,1,0.5977,0.7586,0.7860,1.0828,239,1.8851
09505800,aifs,1,0.6435,0.7837,0.8115,1.0799,239,1.8584
09508300,aifs,1,0.3991,0.6277,0.6658,0.8964,239,2.3226
09510200,aifs,1,0.1836,0.3798,0.4822,0.8388,239,2.7075
09512280,aifs,1,0.1014,0.3828,0.4439,1.1021,239,2.5343
09513780,aifs,1,0.1297,0.4521,0.4884,1.0731,239,2.1855
10023000,aifs,1,0.7671,0.7701,0.8789,1.0330,239,1.7336
10166430,aifs,1,0.6429,0.5208,0.8251,0.6976,239,2.1391
10172700,aifs,1,0.6233,0.6629,0.7923,0.8208,239,1.6768
10172800,aifs,1,0.6496,0.4162,0.8649,0.6037,239,2.1662
10173450,aifs,1,0.5937,0.5506,0.7839,0.7936,239,2.3193
10205030,aifs,1,0.6595,0.6062,0.8262,0.8225,239,1.7760
10234500,aifs,1,0.5924,0.5536,0.7824,0.7864,239,2.2398
10242000,aifs,1,0.6341,0.4861,0.8335,0.7030,239,2.3066
10244950,aifs,1,0.7423,0.7233,0.8668,0.9007,239,1.4505
10249300,aifs,1,0.5859,0.7269,0.7708,1.0492,239,1.4560
10258000,aifs,1,0.6316,0.6815,0.7955,0.9561,239,2.1607
10258500,aifs,1,0.5327,0.5225,0.8216,1.3983,239,1.2455
10259000,aifs,1,0.6401,0.7019,0.8002,0.9263,239,1.6566
10259200,aifs,1,0.5295,0.4457,0.8098,1.4963,239,1.3762
10263500,aifs,1,0.5891,0.3353,0.8484,0.5963,239,3.7927
10310500,aifs,1,0.7207,0.6140,0.9031,1.3163,239,1.9221
10316500,aifs,1,0.4661,0.2562,0.7837,0.5691,239,2.7171
10329500,aifs,1,0.5324,0.4546,0.7524,0.7439,239,2.2401
10336645,aifs,1,0.8364,0.7836,0.9195,1.2009,239,3.3253
10336660,aifs,1,0.8703,0.8614,0.9333,1.0970,239,3.2233
10343500,aifs,1,0.7739,0.7627,0.8977,1.2028,239,2.5705
10348850,aifs,1,0.7073,0.4037,0.9366,0.6328,239,4.9338
10396000,aifs,1,0.6817,0.5085,0.8602,0.6860,239,1.8966
11098000,aifs,1,0.4540,0.1944,0.7592,0.4945,239,6.0418
11124500,aifs,1,0.6152,0.4666,0.8353,0.7654,239,4.3061
11141280,aifs,1,0.7660,0.5040,0.9255,0.6776,239,3.0535
11143000,aifs,1,0.5296,0.3142,0.7589,0.5208,239,6.9509
11148900,aifs,1,0.6797,0.7396,0.8280,0.8344,239,3.0952
11151300,aifs,1,0.7420,0.7970,0.8630,0.8801,239,1.9016
11162500,aifs,1,0.6958,0.6242,0.8424,0.7813,239,3.5031
11176400,aifs,1,0.3638,0.6105,0.7806,1.1679,239,2.7036
11180500,aifs,1,0.5674,0.7336,0.8061,1.1585,239,2.5109
11180960,aifs,1,0.6509,0.7795,0.8107,0.9723,239,2.7079
11224500,aifs,1,0.7744,0.6691,0.8860,0.7679,239,1.5486
11253310,aifs,1,0.8364,0.6899,0.9249,0.7814,239,1.0748
11264500,aifs,1,0.2118,0.0001,0.8896,1.7761,239,4.2201
11266500,aifs,1,0.3498,0.1333,0.8865,1.6837,239,4.1299
11274500,aifs,1,0.5192,0.6988,0.8267,1.0842,239,2.2446
11274630,aifs,1,0.4316,0.5475,0.8393,1.2232,239,2.2194
11284400,aifs,1,0.8296,0.6074,0.9530,1.3196,239,2.0958
11299600,aifs,1,0.7386,0.5239,0.9313,1.3790,239,2.5365
11381500,aifs,1,0.6855,0.6811,0.8340,0.9391,239,5.0824
11383500,aifs,1,0.6964,0.6900,0.8405,0.9397,239,5.0701
11451100,aifs,1,0.8436,0.8135,0.9265,1.1665,239,2.0525
11468500,aifs,1,0.8449,0.8335,0.9278,1.1417,239,2.6355
11473900,aifs,1,0.8342,0.8531,0.9139,0.9873,239,2.8018
11475560,aifs,1,0.6179,0.4008,0.8354,0.6201,239,8.0844
11476600,aifs,1,0.6445,0.8114,0.8259,1.0699,239,4.3894
11478500,aifs,1,0.8114,0.8706,0.9010,0.9724,239,3.2071
11480390,aifs,1,0.7609,0.8339,0.8725,0.9981,239,3.4003
11481200,aifs,1,0.7320,0.7146,0.8589,0.8605,239,4.1214
11482500,aifs,1,0.7245,0.6344,0.8627,0.7876,239,4.6824
11522500,aifs,1,0.8262,0.8992,0.9102,1.0173,239,2.4939
11523200,aifs,1,0.7649,0.7862,0.8754,0.8838,239,3.1947
11528700,aifs,1,0.7972,0.8846,0.8949,1.0165,239,2.7297
11532500,aifs,1,0.7312,0.6420,0.8671,0.7966,239,5.7434
12010000,aifs,1,0.7242,0.5262,0.8955,0.6887,239,5.9967
12013500,aifs,1,0.7975,0.7392,0.8996,0.8368,239,4.0301
12020000,aifs,1,0.8294,0.8727,0.9119,0.9273,239,3.0972
12025000,aifs,1,0.8206,0.8322,0.9072,0.8920,239,3.0585
12025700,aifs,1,0.8338,0.8185,0.9292,1.1412,239,2.6513
12035000,aifs,1,0.7999,0.6542,0.9139,0.7684,239,4.9553
12040500,aifs,1,0.8243,0.6642,0.9316,0.7839,239,5.3462
12041200,aifs,1,0.7706,0.5434,0.9310,0.7076,239,6.7127
12043000,aifs,1,0.8069,0.5964,0.9418,0.7520,239,4.8498
12048000,aifs,1,0.4931,0.4583,0.7958,1.4914,239,3.7339
12054000,aifs,1,0.7529,0.7235,0.8765,0.9911,239,4.4472
12056500,aifs,1,0.8008,0.6975,0.9121,0.8616,239,5.2994
12073500,aifs,1,0.7518,0.8165,0.8676,1.0588,239,2.8369
12082500,aifs,1,0.9114,0.9356,0.9563,1.0466,239,2.8566
12092000,aifs,1,0.9031,0.9175,0.9505,0.9922,239,3.0143
12095000,aifs,1,0.8305,0.7777,0.9303,1.1874,239,3.0449
12114500,aifs,1,0.8368,0.6100,0.9564,0.7572,239,4.6681
12115000,aifs,1,0.8435,0.6182,0.9591,0.7645,239,4.5475
12115500,aifs,1,0.8621,0.6505,0.9653,0.7986,239,4.2834
12117000,aifs,1,0.8586,0.6496,0.9610,0.7848,239,4.2910
12141300,aifs,1,0.8153,0.5657,0.9552,0.7200,239,5.7451
12143600,aifs,1,0.8387,0.6279,0.9548,0.7805,239,5.0444
12144000,aifs,1,0.8590,0.6763,0.9557,0.8148,239,4.4147
12145500,aifs,1,0.8682,0.7206,0.9487,0.8199,239,3.3677
12147600,aifs,1,0.7240,0.4578,0.9287,0.6458,239,8.6034
12167000,aifs,1,0.8543,0.7205,0.9449,0.8711,239,4.2924
12175500,aifs,1,0.8913,0.9079,0.9443,1.0166,239,2.6058
12186000,aifs,1,0.8979,0.7493,0.9637,0.8475,239,3.7244
12189500,aifs,1,0.9245,0.8899,0.9636,0.9666,239,2.6962
12358500,aifs,1,0.8098,0.7395,0.9117,0.9056,239,3.0201
12377150,aifs,1,0.6923,0.5341,0.8691,0.6804,239,3.6829
12381400,aifs,1,0.7479,0.6251,0.8857,0.7420,239,2.9991
12390700,aifs,1,0.8002,0.8709,0.8987,1.0767,239,2.0577
12411000,aifs,1,0.7695,0.8131,0.8774,0.9944,239,2.6514
12414500,aifs,1,0.8562,0.9097,0.9265,1.0418,239,2.1360
12447390,aifs,1,0.3723,0.3313,0.7597,1.6050,239,2.1977
12451000,aifs,1,0.7586,0.5829,0.9339,1.3366,239,2.7476
12488500,aifs,1,0.9256,0.9349,0.9622,1.0413,239,2.2057
13011500,aifs,1,0.8099,0.7458,0.9104,1.2367,239,1.5925
13011900,aifs,1,0.7960,0.8115,0.8945,1.1219,239,1.5892
13018300,aifs,1,0.7133,0.7660,0.8477,1.1346,239,1.9817
13023000,aifs,1,0.7252,0.8194,0.8578,1.0983,239,1.6091
13161500,aifs,1,0.7498,0.6469,0.8732,1.3163,239,1.0651
13235000,aifs,1,0.8243,0.8568,0.9083,1.0635,239,1.8375
13240000,aifs,1,0.8020,0.7322,0.9060,0.8795,239,2.5381
13310700,aifs,1,0.8401,0.8437,0.9235,1.1351,239,1.7468
13313000,aifs,1,0.8133,0.7648,0.9092,0.9148,239,2.2603
13331500,aifs,1,0.7842,0.6450,0.9105,0.8082,239,2.3316
13337000,aifs,1,0.8806,0.9350,0.9393,0.9893,239,2.0698
13338500,aifs,1,0.6985,0.6922,0.8659,1.2712,239,2.5265
13340000,aifs,1,0.8529,0.8895,0.9280,1.0832,239,1.9400
13340600,aifs,1,0.8889,0.8667,0.9447,0.9460,239,2.2438
14020000,aifs,1,0.7688,0.7016,0.8865,0.8486,239,2.3348
14092750,aifs,1,0.8186,0.9078,0.9100,1.0188,239,2.4029
14096850,aifs,1,0.4534,0.5673,0.7744,1.3412,239,2.5739
14137000,aifs,1,0.8649,0.8895,0.9303,0.9433,239,3.1539
14138800,aifs,1,0.8461,0.6214,0.9531,0.7378,239,4.5956
14138870,aifs,1,0.8653,0.6604,0.9585,0.7752,239,4.4531
14138900,aifs,1,0.7965,0.4967,0.9636,0.6597,239,6.4971
14139800,aifs,1,0.8487,0.6622,0.9439,0.7586,239,4.5876
14141500,aifs,1,0.8907,0.8353,0.9466,0.8858,239,3.3345
14154500,aifs,1,0.8534,0.8756,0.9347,1.0770,239,2.1478
14158500,aifs,1,0.8940,0.9125,0.9459,0.9462,239,2.3175
14158790,aifs,1,0.8399,0.5963,0.9575,0.7202,239,3.6450
14166500,aifs,1,0.8036,0.8600,0.8965,0.9955,239,2.8317
14182500,aifs,1,0.7649,0.8489,0.8903,1.0903,239,3.9521
14185000,aifs,1,0.8755,0.8424,0.9473,1.1224,239,2.5446
14185900,aifs,1,0.8955,0.9304,0.9465,0.9804,239,2.8022
14187000,aifs,1,0.8529,0.9186,0.9252,1.0238,239,2.8797
14216500,aifs,1,0.9216,0.9421,0.9630,1.0229,239,2.6158
14222500,aifs,1,0.7747,0.5065,0.9467,0.6883,239,7.1026
14236200,aifs,1,0.9335,0.9418,0.9663,0.9791,239,2.2239
14301000,aifs,1,0.7903,0.6361,0.9169,0.7996,239,4.1086
14303200,aifs,1,0.6541,0.4190,0.8809,0.6366,239,6.8611
14305500,aifs,1,0.5802,0.3657,0.8333,0.6045,239,8.9537
14306340,aifs,1,0.7573,0.7294,0.8740,0.8322,239,3.5019
14306500,aifs,1,0.7391,0.7373,0.8624,0.8617,239,3.9170
14308990,aifs,1,0.7704,0.8167,0.8954,1.1351,239,2.1597
14309500,aifs,1,0.7610,0.7844,0.8734,0.8831,239,3.3028
14316700,aifs,1,0.8579,0.8515,0.9423,1.0780,239,2.0070
14325000,aifs,1,0.6722,0.6557,0.8243,0.7859,239,4.8257
14362250,aifs,1,0.7040,0.6985,0.8728,1.2539,239,2.2718
14400000,aifs,1,0.6551,0.6382,0.8132,0.7817,239,6.6642
01013500,aifs,2,0.6253,0.7005,0.8008,1.1941,239,3.3830
01022500,aifs,2,0.5863,0.6778,0.7674,1.0947,239,4.0570
01030500,aifs,2,0.6248,0.7340,0.7930,1.0664,239,3.3233
01031500,aifs,2,0.6209,0.6817,0.7895,1.1117,239,3.5134
01047000,aifs,2,0.5675,0.6226,0.7545,1.0453,239,4.0391
01052500,aifs,2,0.4355,0.5586,0.6798,1.2257,239,4.2083
01054200,aifs,2,0.6351,0.6630,0.8001,1.0142,239,4.3772
01055000,aifs,2,0.5772,0.6582,0.7598,1.0211,239,3.7478
01057000,aifs,2,0.5549,0.6743,0.7466,1.0127,239,4.0512
01073000,aifs,2,0.4041,0.6406,0.6853,1.1597,239,4.6830
01078000,aifs,2,0.5619,0.7090,0.7599,1.1072,239,4.1587
01118300,aifs,2,0.4826,0.4489,0.7121,0.8070,239,8.3104
01121000,aifs,2,0.6113,0.6732,0.7849,0.8540,239,5.1477
01123000,aifs,2,0.5860,0.6386,0.7687,0.8433,239,5.5853
01134500,aifs,2,0.5859,0.6333,0.7672,1.0480,239,4.2072
01137500,aifs,2,0.5791,0.6624,0.7635,1.1145,239,4.2657
01139000,aifs,2,0.5823,0.6150,0.7711,1.2400,239,4.0011
01139800,aifs,2,0.5253,0.6307,0.7255,1.0276,239,4.7688
01142500,aifs,2,0.5651,0.6540,0.7675,1.2245,239,3.8025
01144000,aifs,2,0.5920,0.6998,0.7714,1.0635,239,3.9650
01169000,aifs,2,0.7320,0.7924,0.8572,1.0984,239,3.5987
01170100,aifs,2,0.7458,0.7863,0.8668,1.1400,239,3.4169
01181000,aifs,2,0.6844,0.7951,0.8293,1.0075,239,4.2502
01187300,aifs,2,0.6306,0.7488,0.8267,1.1768,239,4.0219
01195100,aifs,2,0.4327,0.5013,0.6620,0.8185,239,7.2432
01333000,aifs,2,0.6178,0.6708,0.7890,1.1525,239,4.3151
01350000,aifs,2,0.3942,0.4140,0.6346,0.9623,239,7.8679
01350080,aifs,2,0.4429,0.5067,0.6664,1.0549,239,5.8941
01350140,aifs,2,0.4437,0.5117,0.6665,1.0073,239,5.5830
01365000,aifs,2,0.4359,0.5612,0.6639,1.0725,239,6.3185
01411300,aifs,2,0.3615,0.3543,0.6116,0.8246,239,8.6271
01413500,aifs,2,0.4440,0.4510,0.6763,0.8993,239,7.1229
01414500,aifs,2,0.3978,0.4409,0.6331,0.9881,239,7.8932
01415000,aifs,2,0.5507,0.5739,0.7476,0.9664,239,5.2721
01423000,aifs,2,0.5430,0.5643,0.7428,0.9217,239,5.2591
01434025,aifs,2,0.4241,0.4412,0.6584,0.8974,239,8.1389
01435000,aifs,2,0.4212,0.4709,0.6508,0.9525,239,7.6833
01439500,aifs,2,0.5883,0.6121,0.7716,0.8549,239,4.8922
01440000,aifs,2,0.6013,0.6083,0.7815,0.8684,239,5.0966
01440400,aifs,2,0.5706,0.5226,0.7730,0.7667,239,5.5212
01451800,aifs,2,0.5487,0.6852,0.7446,0.9675,239,4.5929
01466500,aifs,2,0.4733,0.6209,0.6936,0.9617,239,5.2174
01484100,aifs,2,0.5408,0.6168,0.7357,1.0592,239,5.2799
01485500,aifs,2,0.4738,0.5053,0.6924,0.8854,239,6.8201
01486000,aifs,2,0.4804,0.4975,0.7000,0.9090,239,6.9627
01487000,aifs,2,0.5594,0.6018,0.7503,1.0440,239,5.4754
01491000,aifs,2,0.4981,0.6543,0.7329,1.2018,239,4.3904
01510000,aifs,2,0.5559,0.6280,0.7458,0.9898,239,4.8545
01516500,aifs,2,0.6074,0.7232,0.7820,0.9450,239,3.6316
01518862,aifs,2,0.6094,0.6977,0.7819,0.9267,239,3.8222
01532000,aifs,2,0.4648,0.5708,0.6831,0.9400,239,5.1002
01539000,aifs,2,0.5067,0.5843,0.7147,0.8731,239,5.0952
01542810,aifs,2,0.4624,0.6323,0.6903,0.9557,239,4.8347
01543000,aifs,2,0.5147,0.6811,0.7270,0.9550,239,4.4300
01543500,aifs,2,0.5812,0.6688,0.7643,0.9108,239,4.4280
01544500,aifs,2,0.5505,0.6911,0.7465,0.9659,239,4.2386
01545600,aifs,2,0.5522,0.6854,0.7462,1.0018,239,4.3287
01547700,aifs,2,0.3305,0.3186,0.5868,0.8269,239,8.7901
01548500,aifs,2,0.5875,0.7283,0.7717,0.9606,239,3.7916
01549500,aifs,2,0.5660,0.6727,0.7530,0.9904,239,4.3291
01550000,aifs,2,0.4922,0.5775,0.7018,0.9552,239,5.2205
01552000,aifs,2,0.4253,0.4799,0.6545,0.8888,239,6.3389
01552500,aifs,2,0.5010,0.6096,0.7104,0.9131,239,4.9524
01557500,aifs,2,0.4590,0.4021,0.7061,0.7462,239,6.9499
01567500,aifs,2,0.4861,0.5100,0.7033,0.8338,239,5.5896
01568000,aifs,2,0.5368,0.5890,0.7365,0.8458,239,4.6965
01580000,aifs,2,0.5607,0.7232,0.7569,0.9973,239,4.1281
01583500,aifs,2,0.5616,0.7238,0.7590,1.0550,239,4.0963
01586610,aifs,2,0.5180,0.6861,0.7287,1.0151,239,4.3467
01591400,aifs,2,0.4979,0.5134,0.7128,0.8047,239,5.7643
01596500,aifs,2,0.2781,0.4129,0.5386,0.9322,239,6.2197
01605500,aifs,2,0.4985,0.5371,0.7097,0.9120,239,4.7237
01606500,aifs,2,0.5617,0.6058,0.7520,0.9303,239,4.1029
01613050,aifs,2,0.4583,0.5216,0.6829,0.8172,239,4.8692
01620500,aifs,2,0.5739,0.6525,0.7577,1.0375,239,3.6972
01632000,aifs,2,0.4939,0.4202,0.7361,0.6777,239,5.0141
01632900,aifs,2,0.4361,0.4201,0.6765,0.7196,239,5.1624
01634500,aifs,2,0.4551,0.4610,0.6858,0.7607,239,5.1240
01638480,aifs,2,0.5140,0.5669,0.7205,0.8419,239,4.7984
01639500,aifs,2,0.5561,0.7050,0.7512,0.9998,239,4.1001
01644000,aifs,2,0.5989,0.6127,0.7801,0.8158,239,4.0703
01658500,aifs,2,0.5348,0.5299,0.7407,0.8002,239,4.9520
01664000,aifs,2,0.5133,0.4958,0.7314,0.7314,239,4.7682
01666500,aifs,2,0.5044,0.4901,0.7243,0.7421,239,4.8350
01667500,aifs,2,0.5288,0.5312,0.7375,0.7690,239,4.5004
01669000,aifs,2,0.5059,0.5409,0.7151,0.9585,239,5.7117
01669520,aifs,2,0.5133,0.5564,0.7191,0.9804,239,5.6296
02011400,aifs,2,0.5436,0.6448,0.7377,0.9787,239,4.0350
02011460,aifs,2,0.5236,0.6147,0.7237,1.0207,239,4.3873
02013000,aifs,2,0.4193,0.5412,0.6525,0.9008,239,4.7940
02014000,aifs,2,0.4551,0.6176,0.6840,0.9413,239,4.1556
02015700,aifs,2,0.5337,0.6007,0.7312,1.0541,239,4.2095
02016000,aifs,2,0.5533,0.6866,0.7479,1.0520,239,3.6194
02017500,aifs,2,0.4029,0.6491,0.6706,1.0393,239,3.8489
02018000,aifs,2,0.4403,0.6869,0.7027,1.0704,239,3.5624
02027000,aifs,2,0.5078,0.6600,0.7383,1.1984,239,3.6680
02027500,aifs,2,0.5349,0.6828,0.7443,1.1353,239,3.7004
02028500,aifs,2,0.5233,0.6666,0.7287,0.9483,239,3.9217
02038850,aifs,2,0.4717,0.6088,0.6912,0.9468,239,4.3041
02046000,aifs,2,0.4364,0.5624,0.6635,0.9600,239,5.1622
02051000,aifs,2,0.4545,0.5016,0.6766,0.9133,239,5.4256
02051500,aifs,2,0.4400,0.5628,0.6654,1.0039,239,4.9679
02053200,aifs,2,0.4103,0.5997,0.6643,1.1387,239,5.5937
02053800,aifs,2,0.4599,0.6044,0.6885,0.8776,239,3.9354
02055100,aifs,2,0.2406,0.4946,0.6079,1.3139,239,4.1781
02056900,aifs,2,0.4765,0.5634,0.6941,0.8584,239,4.2984
02059500,aifs,2,0.4751,0.7138,0.7234,1.0448,239,3.3782
02064000,aifs,2,0.5548,0.6735,0.7644,1.2080,239,3.3195
02065500,aifs,2,0.5466,0.6807,0.7478,1.1231,239,3.5582
02069700,aifs,2,0.4514,0.4770,0.6780,0.8318,239,5.2339
02070000,aifs,2,0.4427,0.4721,0.6714,0.8153,239,5.2133
02074500,aifs,2,0.4155,0.4639,0.6464,1.0323,239,5.6972
02077200,aifs,2,0.3084,0.5841,0.6168,1.1096,239,4.6077
02081500,aifs,2,0.4316,0.5980,0.6695,1.0968,239,4.7903
02082950,aifs,2,0.4052,0.5298,0.7135,1.3729,239,4.2099
02092500,aifs,2,0.4576,0.6325,0.7305,1.2493,239,4.6224
02096846,aifs,2,0.3226,0.3877,0.5681,0.9563,239,7.4179
02102908,aifs,2,0.6252,0.6675,0.7924,0.9669,239,5.0786
02108000,aifs,2,0.5342,0.7167,0.7542,1.1232,239,4.4186
02111180,aifs,2,0.4448,0.4444,0.6788,0.7898,239,5.5556
02111500,aifs,2,0.4218,0.4488,0.6564,0.8080,239,5.5664
02118500,aifs,2,0.4306,0.5805,0.6651,0.9084,239,4.7136
02128000,aifs,2,0.4567,0.6577,0.6933,0.9949,239,4.8668
02137727,aifs,2,0.5035,0.4272,0.7444,0.7621,239,5.8917
02140991,aifs,2,0.4778,0.5091,0.6970,0.8431,239,5.1965
02143000,aifs,2,0.5351,0.5705,0.7355,0.8579,239,4.8194
02143040,aifs,2,0.4860,0.5764,0.7008,0.8623,239,5.0317
02149000,aifs,2,0.4410,0.3325,0.7129,0.6863,239,7.4799
02152100,aifs,2,0.5591,0.6384,0.7496,0.8915,239,4.4574
02177000,aifs,2,0.3973,0.4439,0.6344,0.8449,239,6.9814
02178400,aifs,2,0.4011,0.5231,0.6398,0.8843,239,5.8978
02193340,aifs,2,0.3625,0.5369,0.6193,1.1056,239,5.8054
02196000,aifs,2,0.4954,0.5397,0.7065,0.9155,239,5.6617
02198100,aifs,2,0.3358,0.3015,0.5973,0.7383,239,8.5267
02202600,aifs,2,0.2464,0.4802,0.5452,1.0940,239,5.2125
02212600,aifs,2,0.4458,0.5234,0.6681,0.9501,239,6.3592
02215100,aifs,2,0.3096,0.4124,0.5629,0.8730,239,7.0342
02216180,aifs,2,0.3117,0.3172,0.5658,0.8133,239,8.2726
02221525,aifs,2,0.4944,0.6043,0.7040,0.9855,239,5.4064
02231000,aifs,2,0.4859,0.5044,0.7061,0.8654,239,4.8054
02231342,aifs,2,0.3535,0.4278,0.5945,1.0026,239,5.4319
02235200,aifs,2,0.3846,0.4343,0.6243,0.8892,239,5.4458
02245500,aifs,2,0.3211,0.4426,0.5720,1.0462,239,5.2521
02246000,aifs,2,0.4223,0.5405,0.6519,0.9720,239,4.4610
02296500,aifs,2,0.4486,0.4607,0.6847,0.8119,239,4.5278
02297155,aifs,2,0.3033,0.2737,0.5738,0.7745,239,6.9348
02297310,aifs,2,0.3378,0.2895,0.6205,0.7126,239,6.3652
02298123,aifs,2,0.1985,0.2387,0.4593,0.8041,239,6.4230
02298608,aifs,2,0.2211,0.1920,0.4993,0.6999,239,7.4643
02299950,aifs,2,0.2392,0.2548,0.4988,0.8062,239,6.8665
02300700,aifs,2,0.2566,0.2336,0.5199,0.8338,239,8.0661
02310947,aifs,2,0.3109,0.3420,0.5610,0.9036,239,6.3988
02312200,aifs,2,0.2384,0.2418,0.4927,0.8842,239,7.9347
02314500,aifs,2,0.4168,0.3873,0.6689,0.7969,239,5.9127
02315500,aifs,2,0.4537,0.4417,0.6915,0.8064,239,5.2269
02324400,aifs,2,0.2787,0.2335,0.5523,0.7535,239,8.8667
02327100,aifs,2,0.3265,0.3390,0.5818,0.8145,239,7.2659
02349900,aifs,2,0.2798,0.3315,0.5370,0.7914,239,8.0224
02350900,aifs,2,0.3572,0.5172,0.6108,0.9098,239,5.9688
02361000,aifs,2,0.4359,0.5798,0.6662,0.9444,239,5.3440
02363000,aifs,2,0.4738,0.5695,0.6888,0.9587,239,5.7023
02369800,aifs,2,0.3902,0.2794,0.6844,0.6810,239,10.0806
02371500,aifs,2,0.4276,0.4662,0.6573,0.9140,239,7.0604
02372250,aifs,2,0.4253,0.4701,0.6561,0.8538,239,6.9220
02374500,aifs,2,0.3890,0.4125,0.6306,0.8103,239,7.8334
02381600,aifs,2,0.2912,0.3283,0.5451,0.8151,239,8.4775
02384540,aifs,2,0.3425,0.4167,0.5887,0.8647,239,7.1124
02395120,aifs,2,0.4001,0.5410,0.6387,1.0614,239,5.8060
02408540,aifs,2,0.3615,0.4648,0.6040,0.9166,239,7.5636
02415000,aifs,2,0.3400,0.3921,0.5877,0.8283,239,8.2787
02422500,aifs,2,0.4195,0.5686,0.6545,1.0512,239,6.6678
02427250,aifs,2,0.4168,0.5954,0.6578,0.9937,239,5.8582
02430085,aifs,2,0.4556,0.4951,0.6783,0.9178,239,6.3678
02450250,aifs,2,0.4826,0.4259,0.7193,0.7436,239,6.9470
02464000,aifs,2,0.4384,0.4147,0.6790,0.8239,239,8.4221
02465493,aifs,2,0.5146,0.6235,0.7182,1.0176,239,5.9486
02469800,aifs,2,0.5047,0.5852,0.7114,0.9132,239,6.3776
02472000,aifs,2,0.5557,0.5840,0.7495,0.8963,239,6.9720
02472500,aifs,2,0.4961,0.5319,0.7087,0.8367,239,8.0995
02479155,aifs,2,0.5241,0.4322,0.7667,0.7889,239,9.1053
02479300,aifs,2,0.4784,0.2680,0.8280,0.6305,239,12.6506
02481000,aifs,2,0.4026,0.1677,0.8233,0.5510,239,16.2651
02481510,aifs,2,0.4500,0.2386,0.7968,0.5747,239,12.8298
03010655,aifs,2,0.5294,0.6379,0.7299,0.9253,239,4.5346
03011800,aifs,2,0.4648,0.5576,0.6831,0.9243,239,5.6578
03015500,aifs,2,0.4592,0.6783,0.7079,1.0952,239,4.7399
03021350,aifs,2,0.4725,0.6232,0.6932,1.0202,239,5.4542
03026500,aifs,2,0.4902,0.5998,0.7021,0.9350,239,5.1873
03028000,aifs,2,0.5119,0.6049,0.7162,0.9447,239,5.2468
03049800,aifs,2,0.4554,0.5210,0.6759,0.9343,239,6.5336
03050000,aifs,2,0.4245,0.4504,0.6578,0.9006,239,6.9987
03066000,aifs,2,0.4371,0.4469,0.6714,0.8583,239,6.1619
03069500,aifs,2,0.4930,0.5223,0.7076,0.9121,239,5.4956
03070500,aifs,2,0.4273,0.6001,0.6646,0.9761,239,5.7797
03076600,aifs,2,0.2599,0.3420,0.5188,0.8446,239,7.7288
03078000,aifs,2,0.2337,0.3372,0.4928,0.9190,239,7.7623
03140000,aifs,2,0.3251,0.4984,0.5862,0.9531,239,5.8438
03144000,aifs,2,0.3249,0.3827,0.5790,0.7948,239,7.1739
03159540,aifs,2,0.2572,0.3493,0.5171,0.8485,239,8.0112
03161000,aifs,2,0.4020,0.4687,0.6388,0.8433,239,5.2641
03164000,aifs,2,0.4887,0.5553,0.7041,0.8450,239,4.2658
03165000,aifs,2,0.5084,0.4559,0.7365,0.7603,239,4.9943
03170000,aifs,2,0.4829,0.5822,0.7009,0.8500,239,4.0147
03173000,aifs,2,0.4534,0.6460,0.6928,0.9121,239,3.6805
03180500,aifs,2,0.5128,0.5937,0.7167,1.0584,239,4.7502
03182500,aifs,2,0.5408,0.6476,0.7369,1.0591,239,4.2001
03186500,aifs,2,0.4542,0.5429,0.6762,0.9061,239,5.4790
03187500,aifs,2,0.4552,0.5532,0.6763,0.9282,239,5.4158
03213700,aifs,2,0.5163,0.6139,0.7188,0.9815,239,4.9091
03237280,aifs,2,0.3163,0.4665,0.5729,0.9698,239,6.4396
03237500,aifs,2,0.3417,0.4874,0.5931,0.9561,239,6.3844
03241500,aifs,2,0.3563,0.3741,0.6041,0.8208,239,7.9934
03280700,aifs,2,0.3636,0.5489,0.6210,1.0694,239,5.7708
03281100,aifs,2,0.3022,0.5481,0.5926,1.0543,239,5.7885
03281500,aifs,2,0.4095,0.6144,0.6607,1.0494,239,5.1522
03285000,aifs,2,0.3811,0.4654,0.6183,0.9242,239,7.0478
03291780,aifs,2,0.4401,0.4362,0.6765,0.8954,239,7.7157
03300400,aifs,2,0.3546,0.3930,0.6007,0.8237,239,7.7580
03340800,aifs,2,0.3813,0.4002,0.6238,0.8583,239,8.1452
03346000,aifs,2,0.4985,0.5290,0.7106,0.8964,239,6.1891
03364500,aifs,2,0.3762,0.2930,0.6587,0.7392,239,10.4425
03366500,aifs,2,0.4387,0.4328,0.6757,0.8774,239,7.5853
03368000,aifs,2,0.3751,0.2746,0.6657,0.6932,239,10.3078
03384450,aifs,2,0.3870,0.4375,0.6239,0.8989,239,7.4454
03439000,aifs,2,0.4334,0.4598,0.6682,0.7863,239,5.9945
03450000,aifs,2,0.4506,0.4946,0.6764,0.8508,239,4.8612
03455500,aifs,2,0.4271,0.5004,0.6636,0.7995,239,5.4681
03456500,aifs,2,0.4112,0.4452,0.6577,0.7356,239,5.1932
03460000,aifs,2,0.3454,0.4543,0.5994,0.8317,239,5.8171
03463300,aifs,2,0.4325,0.3840,0.6877,0.7118,239,6.0132
03471500,aifs,2,0.3978,0.5286,0.6382,0.8943,239,4.7265
03473000,aifs,2,0.3608,0.5017,0.6122,0.8804,239,5.0402
03479000,aifs,2,0.4265,0.5569,0.6610,0.8834,239,4.5477
03488000,aifs,2,0.4004,0.5614,0.6427,0.9451,239,4.7863
03498500,aifs,2,0.3417,0.4900,0.5970,0.8956,239,6.2277
03500000,aifs,2,0.3608,0.5237,0.6130,0.9317,239,5.9132
03504000,aifs,2,0.3439,0.3952,0.5997,0.7577,239,7.0787
03574500,aifs,2,0.4688,0.4793,0.6932,0.8691,239,6.7717
03604000,aifs,2,0.4477,0.3978,0.6929,0.7339,239,7.2377
04015330,aifs,2,0.3459,0.4518,0.5915,0.9098,239,5.2732
04024430,aifs,2,0.3392,0.6041,0.6315,1.0714,239,4.0902
04027000,aifs,2,0.1742,0.4425,0.5555,1.3207,239,4.1255
04040500,aifs,2,0.2739,0.5019,0.5635,1.0676,239,4.5412
04043050,aifs,2,0.3617,0.5748,0.6259,1.0212,239,3.8927
04045500,aifs,2,0.4101,0.5797,0.6610,1.1587,239,3.9226
04056500,aifs,2,0.3429,0.5749,0.6451,1.2101,239,3.8624
04057510,aifs,2,0.3236,0.5500,0.6027,1.0667,239,4.5977
04057800,aifs,2,0.4341,0.6070,0.6715,1.0723,239,4.0545
04059500,aifs,2,0.3413,0.5886,0.6273,1.0920,239,4.2137
04063700,aifs,2,0.2722,0.5164,0.6059,1.2598,239,4.0667
04074950,aifs,2,0.2734,0.5441,0.5813,1.0686,239,4.4881
04105700,aifs,2,0.3813,0.5005,0.6200,1.0004,239,5.6689
04115265,aifs,2,0.4148,0.5253,0.6454,1.0279,239,5.4998
04122200,aifs,2,0.4986,0.6116,0.7098,1.1084,239,5.1021
04122500,aifs,2,0.5088,0.6431,0.7199,1.1048,239,4.7515
04124000,aifs,2,0.5011,0.4497,0.7321,0.7767,239,6.0863
04127997,aifs,2,0.4973,0.4997,0.7149,0.8271,239,5.5008
04185000,aifs,2,0.4552,0.5277,0.6776,0.8731,239,4.8551
04196800,aifs,2,0.4540,0.5372,0.6754,0.9071,239,5.2217
04197100,aifs,2,0.3355,0.4188,0.5809,0.9157,239,6.4459
04197170,aifs,2,0.3433,0.4714,0.5909,0.9719,239,5.7990
04213000,aifs,2,0.4551,0.6400,0.6973,1.1340,239,4.7257
04213075,aifs,2,0.4026,0.5615,0.6495,1.1328,239,5.5639
04216418,aifs,2,0.5681,0.5788,0.7621,0.8500,239,4.8711
04221000,aifs,2,0.6133,0.7034,0.7835,0.9624,239,3.8551
04224775,aifs,2,0.5467,0.6104,0.7402,0.9599,239,4.6375
04256000,aifs,2,0.5132,0.6759,0.7277,1.0831,239,4.1682
04296000,aifs,2,0.5550,0.6119,0.7538,1.2176,239,4.1653
05057000,aifs,2,0.5181,0.6163,0.7685,1.3058,239,2.5938
05057200,aifs,2,0.2335,0.4676,0.6317,1.3843,239,3.0164
05062500,aifs,2,0.1289,0.4518,0.5003,1.1617,239,4.1084
05087500,aifs,2,0.3608,0.4726,0.6028,1.0192,239,4.2536
05120500,aifs,2,0.3510,0.5562,0.6891,1.3158,239,3.2408
05123400,aifs,2,0.4589,0.6768,0.7060,1.0918,239,3.6998
05129115,aifs,2,0.3132,0.5292,0.5984,1.1448,239,3.6646
05131500,aifs,2,0.3057,0.5670,0.6128,1.1434,239,3.4630
05291000,aifs,2,0.3506,0.3842,0.5941,1.1558,239,5.5321
05362000,aifs,2,0.2640,0.5168,0.5769,1.1608,239,4.4140
05393500,aifs,2,0.2224,0.4549,0.5243,1.0924,239,4.9688
05399500,aifs,2,0.2356,0.3784,0.5045,0.9054,239,6.2045
05408000,aifs,2,0.3355,0.3583,0.5837,0.8568,239,7.3384
05412500,aifs,2,0.5360,0.5937,0.7335,0.9232,239,5.1546
05413500,aifs,2,0.5736,0.5574,0.7708,0.9129,239,5.6294
05414000,aifs,2,0.5223,0.5473,0.7282,0.9623,239,5.8386
05444000,aifs,2,0.5497,0.6489,0.7524,1.2015,239,4.8536
05454000,aifs,2,0.3709,0.5411,0.6221,0.9386,239,6.8627
05458000,aifs,2,0.3246,0.4387,0.5760,0.8901,239,6.4881
05466500,aifs,2,0.6088,0.5136,0.8115,0.7892,239,6.6009
05487980,aifs,2,0.2228,0.4062,0.5073,0.8875,239,7.9320
05488200,aifs,2,0.2623,0.3424,0.5179,0.8525,239,9.3759
05489000,aifs,2,0.2391,0.3523,0.5049,0.8360,239,8.8229
05495000,aifs,2,0.3465,0.5524,0.6125,0.9542,239,5.9708
05495500,aifs,2,0.4395,0.4765,0.6668,0.8561,239,6.6353
05501000,aifs,2,0.3007,0.3260,0.5517,0.8485,239,8.4012
05503800,aifs,2,0.3822,0.4886,0.6195,0.9861,239,6.2055
05507600,aifs,2,0.5327,0.6426,0.7317,1.0715,239,4.4995
05508805,aifs,2,0.5791,0.6862,0.7618,1.0240,239,4.2024
05514500,aifs,2,0.4911,0.6029,0.7017,0.9880,239,5.0678
05525500,aifs,2,0.5151,0.5929,0.7180,0.9538,239,5.6815
05556500,aifs,2,0.5088,0.5791,0.7140,0.9353,239,6.3161
05584500,aifs,2,0.4010,0.3662,0.6531,0.8031,239,8.8063
05585000,aifs,2,0.4293,0.4119,0.6699,0.8313,239,7.8561
05591550,aifs,2,0.3560,0.4353,0.5979,0.9117,239,7.3074
05592050,aifs,2,0.3978,0.5393,0.6365,1.0426,239,5.9136
05592575,aifs,2,0.4228,0.4071,0.6641,0.7816,239,7.3818
05593575,aifs,2,0.3280,0.4391,0.5772,0.9178,239,6.7518
05593900,aifs,2,0.3528,0.4348,0.5967,0.8772,239,7.0889
05595730,aifs,2,0.3537,0.4784,0.5997,0.9354,239,6.2976
06037500,aifs,2,0.8013,0.8035,0.8983,1.1466,239,1.7399
06043500,aifs,2,0.8211,0.8346,0.9111,1.1368,239,1.6086
06154410,aifs,2,0.3322,0.4541,0.5815,0.9343,239,3.9660
06188000,aifs,2,0.6456,0.6674,0.8595,1.2783,239,1.7936
06191500,aifs,2,0.7710,0.7145,0.9084,1.2564,239,1.4609
06221400,aifs,2,0.5504,0.6833,0.7787,1.2261,239,1.9640
06224000,aifs,2,0.5729,0.6843,0.7772,1.2101,239,2.0235
06289000,aifs,2,0.5800,0.6013,0.8166,1.3501,239,1.8512
06332515,aifs,2,0.1670,0.3938,0.5681,1.4208,239,3.0135
06339100,aifs,2,0.1210,0.3241,0.6418,1.5551,239,2.4550
06339500,aifs,2,0.4180,0.5455,0.7192,1.3573,239,2.3696
06344600,aifs,2,0.2173,0.4505,0.5525,1.2738,239,3.0501
06350000,aifs,2,0.4044,0.6341,0.7311,1.2350,239,2.2393
06352000,aifs,2,-0.0159,0.3975,0.6522,1.3931,239,2.5128
06353000,aifs,2,0.0442,0.4025,0.6686,1.4106,239,2.6148
06354000,aifs,2,0.2432,0.5257,0.6838,1.3252,239,2.5343
06360500,aifs,2,0.1388,0.4175,0.7168,1.4071,239,2.3507
06404000,aifs,2,0.3510,0.5247,0.6245,1.2126,239,2.6913
06406000,aifs,2,0.3261,0.5544,0.6241,1.1949,239,2.5118
06408700,aifs,2,0.3174,0.5431,0.6131,1.1806,239,2.4002
06409000,aifs,2,0.3414,0.5518,0.6268,1.1851,239,2.3227
06431500,aifs,2,0.3646,0.5380,0.6278,1.1643,239,2.5868
06440200,aifs,2,0.3506,0.4871,0.5985,0.9544,239,3.4350
06441500,aifs,2,0.3443,0.6280,0.6427,1.0404,239,2.8302
06447000,aifs,2,0.2771,0.5003,0.5622,0.9866,239,2.8916
06447500,aifs,2,-0.0115,0.2899,0.3496,0.9943,239,3.9975
06450500,aifs,2,0.1558,0.3271,0.4430,0.8867,239,4.2380
06452000,aifs,2,0.2798,0.5025,0.5645,0.9715,239,3.0849
06453600,aifs,2,0.2812,0.4557,0.5502,0.9597,239,4.5613
06464500,aifs,2,0.1982,0.2957,0.4604,0.8616,239,5.5400
06477500,aifs,2,0.1479,0.4520,0.4988,1.1205,239,4.6206
06479215,aifs,2,0.3326,0.3488,0.5799,1.1893,239,5.7323
06479438,aifs,2,0.2917,0.3349,0.5436,1.2232,239,5.4843
06601000,aifs,2,0.1684,0.2923,0.4341,0.9739,239,6.8350
06614800,aifs,2,0.5536,0.4096,0.8202,0.7554,239,3.5938
06622700,aifs,2,0.6562,0.6577,0.8157,0.8679,239,2.0927
06623800,aifs,2,0.7198,0.7246,0.8523,0.9426,239,2.0299
06632400,aifs,2,0.6658,0.6714,0.8216,0.9552,239,2.2447
06784000,aifs,2,0.4292,0.4929,0.6565,0.8972,239,4.1498
06803510,aifs,2,0.0485,0.1908,0.3249,0.9133,239,8.0557
06803530,aifs,2,0.0485,0.2796,0.3659,0.9976,239,6.9130
06814000,aifs,2,0.1737,0.3625,0.4614,0.9868,239,6.9377
06846500,aifs,2,0.4617,0.5685,0.6842,0.8565,239,3.0612
06847900,aifs,2,0.3142,0.4762,0.5769,0.8969,239,4.2045
06853800,aifs,2,0.0744,0.3781,0.4290,1.0526,239,5.1797
06876700,aifs,2,0.2375,0.1983,0.4970,0.6927,239,8.6803
06878000,aifs,2,0.0815,0.2630,0.3808,0.8536,239,7.6899
06879650,aifs,2,0.2787,0.3056,0.5395,0.7085,239,8.1864
06885500,aifs,2,0.2311,0.3288,0.4940,0.8337,239,7.7514
06888500,aifs,2,0.1995,0.2654,0.4624,0.7713,239,8.9864
06889200,aifs,2,0.1260,0.2869,0.4124,0.8702,239,8.4789
06889500,aifs,2,0.1279,0.3077,0.4211,0.8814,239,8.1839
06892000,aifs,2,0.1501,0.2936,0.4299,0.8552,239,8.5599
06903400,aifs,2,0.1116,0.3069,0.4129,0.8803,239,8.9272
06906800,aifs,2,0.3664,0.3008,0.6360,0.6856,239,8.7433
06910800,aifs,2,0.1961,0.2989,0.4667,0.7931,239,8.5556
06911900,aifs,2,0.1800,0.2580,0.4484,0.7594,239,9.1262
06917000,aifs,2,0.2541,0.2758,0.5145,0.7340,239,9.4838
06918460,aifs,2,0.3732,0.3983,0.6165,0.8070,239,7.9297
06919500,aifs,2,0.2529,0.3863,0.5219,0.8460,239,8.2315
06921070,aifs,2,0.3364,0.3026,0.5974,0.7013,239,9.2969
06921200,aifs,2,0.2890,0.2738,0.5483,0.7411,239,10.2169
06934000,aifs,2,0.3315,0.4256,0.5803,0.8702,239,7.1054
07014500,aifs,2,0.2516,0.2191,0.5150,0.7250,239,10.0604
07056000,aifs,2,0.2660,0.3444,0.5223,0.8424,239,7.6495
07057500,aifs,2,0.3886,0.5272,0.6287,0.9678,239,6.5339
07060710,aifs,2,0.3528,0.4063,0.5950,0.9090,239,7.5761
07066000,aifs,2,0.3669,0.4965,0.6102,0.9674,239,6.6108
07067000,aifs,2,0.4064,0.5689,0.6464,0.9981,239,5.6622
07068000,aifs,2,0.4188,0.6078,0.6624,1.0334,239,5.2639
07071500,aifs,2,0.3629,0.5583,0.6213,1.0097,239,5.9284
07083000,aifs,2,0.6394,0.6696,0.8108,1.2439,239,1.7367
07142300,aifs,2,0.1995,0.2125,0.4539,0.7547,239,4.6871
07145700,aifs,2,0.2982,0.2085,0.5815,0.7079,239,9.7403
07148400,aifs,2,0.0652,0.2284,0.3589,0.8332,239,4.3128
07149000,aifs,2,0.1712,0.3945,0.4775,0.8950,239,3.8506
07151500,aifs,2,0.3338,0.3283,0.5848,0.7870,239,6.4224
07167500,aifs,2,0.3248,0.4514,0.5761,0.9362,239,6.4897
07180500,aifs,2,0.2776,0.4102,0.5399,0.8803,239,6.8452
07184000,aifs,2,0.2939,0.2522,0.5590,0.7702,239,10.9505
07195800,aifs,2,0.3229,0.3250,0.5756,0.8534,239,9.0558
07196900,aifs,2,0.3223,0.3982,0.5683,0.9431,239,8.0310
07197000,aifs,2,0.3578,0.4261,0.5995,0.8894,239,7.5280
07208500,aifs,2,0.5831,0.6312,0.7653,0.9741,239,1.6790
07226500,aifs,2,0.4041,0.4024,0.6435,0.7529,239,1.9005
07261000,aifs,2,0.4089,0.4887,0.6409,0.8940,239,6.6416
07263295,aifs,2,0.4367,0.4579,0.6666,0.8718,239,6.8857
07290650,aifs,2,0.4184,0.5536,0.6508,0.9921,239,7.3328
07291000,aifs,2,0.4741,0.5930,0.6902,0.9721,239,7.0601
07292500,aifs,2,0.4965,0.6086,0.7061,0.9513,239,6.9617
07295000,aifs,2,0.4955,0.5533,0.7052,0.9347,239,7.8622
07299670,aifs,2,0.1926,0.3018,0.4563,0.8869,239,4.1057
07301410,aifs,2,0.2452,0.1862,0.5140,0.7834,239,4.8575
07301500,aifs,2,0.4274,0.5022,0.6540,0.9572,239,2.4554
07315200,aifs,2,0.2024,0.3884,0.4875,0.9295,239,6.0368
07315700,aifs,2,0.0931,0.3757,0.4578,1.2282,239,5.6702
07335700,aifs,2,0.3091,0.2749,0.5714,0.7000,239,9.1211
07340300,aifs,2,0.4673,0.5140,0.6871,0.8434,239,6.0641
07346045,aifs,2,0.4150,0.5797,0.6534,1.0000,239,5.5388
07359610,aifs,2,0.4036,0.3760,0.6512,0.7200,239,7.1569
07362100,aifs,2,0.3883,0.5743,0.6397,1.0647,239,5.5457
07362587,aifs,2,0.3631,0.3341,0.6179,0.7477,239,8.1952
07373000,aifs,2,0.5929,0.6653,0.7702,1.0374,239,5.8184
07375000,aifs,2,0.2382,0.3250,0.4993,0.8267,239,11.8993
07376000,aifs,2,0.3188,0.4523,0.5749,0.8879,239,9.8588
08013000,aifs,2,0.6498,0.6440,0.8146,0.9673,239,6.0352
08014500,aifs,2,0.6830,0.6852,0.8321,0.9608,239,5.5777
08023080,aifs,2,0.5095,0.5567,0.7160,1.0280,239,6.5123
08025500,aifs,2,0.6092,0.5721,0.7997,0.9398,239,6.8848
08029500,aifs,2,0.4138,0.4975,0.6438,0.9339,239,8.8432
08050800,aifs,2,0.3473,0.3776,0.5929,0.8201,239,7.7294
08066200,aifs,2,0.4103,0.4548,0.6428,0.8827,239,10.5790
08066300,aifs,2,0.3176,0.3222,0.5707,0.9073,239,14.6707
08070000,aifs,2,0.5375,0.7028,0.7582,1.1624,239,6.1786
08070200,aifs,2,0.5801,0.7296,0.7759,1.1255,239,6.0245
08079600,aifs,2,0.2937,0.4615,0.5610,0.9055,239,2.5382
08082700,aifs,2,0.1945,0.3515,0.4698,1.0580,239,4.7663
08086212,aifs,2,0.1100,0.3472,0.4252,1.0157,239,5.8092
08086290,aifs,2,0.2191,0.4385,0.5140,1.0610,239,5.4165
08101000,aifs,2,0.3472,0.5351,0.6227,1.1965,239,4.9525
08103900,aifs,2,0.4283,0.4447,0.6609,0.8752,239,7.0316
08104900,aifs,2,0.3377,0.3743,0.5836,0.8535,239,8.5644
08109700,aifs,2,0.4153,0.4990,0.6446,1.0435,239,8.1264
08150800,aifs,2,0.4561,0.3879,0.7039,0.7661,239,7.8538
08155200,aifs,2,0.2389,0.4739,0.5455,1.1519,239,7.2332
08158700,aifs,2,0.2557,0.5117,0.5716,1.1642,239,6.7190
08158810,aifs,2,0.3038,0.5711,0.6138,1.1422,239,6.1815
08164000,aifs,2,0.5373,0.6540,0.7426,1.1721,239,5.0502
08164300,aifs,2,0.5289,0.6017,0.7276,1.0527,239,6.6265
08164600,aifs,2,0.3818,0.5545,0.6381,1.1511,239,5.8828
08165300,aifs,2,0.5706,0.5696,0.7653,0.9462,239,6.2605
08171300,aifs,2,0.3385,0.5310,0.6058,1.1094,239,6.8617
08175000,aifs,2,0.4442,0.5686,0.6687,1.0030,239,6.4966
08176900,aifs,2,0.5338,0.6532,0.7406,1.1710,239,4.7143
08178880,aifs,2,0.4274,0.4801,0.6552,0.9623,239,8.0791
08189500,aifs,2,0.3679,0.5305,0.6181,1.0680,239,5.8871
08190000,aifs,2,0.4995,0.3717,0.7789,0.7767,239,10.2273
08190500,aifs,2,0.4672,0.3683,0.7404,0.8010,239,10.0795
08194200,aifs,2,0.3145,0.2234,0.5908,0.6745,239,7.1746
08195000,aifs,2,0.5390,0.4415,0.7867,0.8480,239,8.8560
08196000,aifs,2,0.4687,0.3769,0.7402,0.8237,239,10.8865
08198500,aifs,2,0.4693,0.4332,0.7065,0.8507,239,9.1557
08200000,aifs,2,0.2993,0.3573,0.5477,0.9061,239,10.1229
08202700,aifs,2,0.3224,0.3382,0.5716,0.8303,239,10.6680
08267500,aifs,2,0.5205,0.3174,0.8188,0.6274,239,2.6321
08269000,aifs,2,0.5965,0.5380,0.7933,0.8214,239,1.7897
08271000,aifs,2,0.5052,0.2848,0.8215,0.5932,239,2.7840
08324000,aifs,2,0.5132,0.5747,0.7197,0.8337,239,1.6138
08377900,aifs,2,0.3638,0.3444,0.6186,0.7657,239,3.0212
08378500,aifs,2,0.4619,0.4706,0.6885,0.8320,239,2.4200
08380500,aifs,2,0.4542,0.4328,0.6900,0.7910,239,2.2785
09034900,aifs,2,0.6059,0.5261,0.8102,0.8234,239,2.4838
09035900,aifs,2,0.6488,0.7312,0.8057,1.0308,239,1.7321
09047700,aifs,2,0.6097,0.7026,0.7818,1.0585,239,1.7334
09065500,aifs,2,0.6198,0.7077,0.7875,1.0250,239,1.8398
09066000,aifs,2,0.5593,0.6890,0.7761,1.2105,239,1.6881
09066200,aifs,2,0.5942,0.6657,0.7710,0.9901,239,2.0127
09066300,aifs,2,0.6008,0.6835,0.7751,1.0023,239,1.9425
09081600,aifs,2,0.6768,0.6836,0.8270,1.0820,239,2.4768
09107000,aifs,2,0.6222,0.4720,0.8425,1.5019,239,1.5161
09210500,aifs,2,0.6500,0.7878,0.8132,1.0551,239,1.3789
09223000,aifs,2,0.6981,0.7788,0.8361,1.0452,239,1.5788
09306242,aifs,2,0.5858,0.7333,0.7901,1.1632,239,1.8197
09312600,aifs,2,0.4905,0.6437,0.7098,1.0986,239,2.2146
09352900,aifs,2,0.7923,0.8247,0.8905,0.9820,239,2.0139
09378170,aifs,2,0.4861,0.3391,0.7324,0.5715,239,2.5022
09378630,aifs,2,0.4586,0.3004,0.7183,0.5499,239,2.7036
09386900,aifs,2,0.5262,0.5725,0.7274,0.9106,239,1.5673
09404450,aifs,2,0.5621,0.6791,0.7518,0.9454,239,1.9349
09430500,aifs,2,0.5958,0.6141,0.7780,0.8345,239,1.4548
09430600,aifs,2,0.3958,0.4374,0.6417,0.7427,239,2.2222
09447800,aifs,2,0.3229,0.6601,0.6627,0.9579,239,1.3510
09480000,aifs,2,0.4103,0.3437,0.6634,0.6488,239,2.6677
09484000,aifs,2,0.3226,0.4421,0.5809,0.8132,239,2.7508
09484600,aifs,2,0.4660,0.4091,0.7001,0.6680,239,2.2399
09492400,aifs,2,0.4547,0.3752,0.7057,0.6783,239,3.5067
09494000,aifs,2,0.5483,0.5920,0.7451,0.8190,239,2.2885
09497800,aifs,2,0.3726,0.6277,0.6537,0.9248,239,2.1049
09497980,aifs,2,0.4179,0.5454,0.6608,0.7988,239,2.4081
09505200,aifs,2,0.6633,0.7934,0.8195,1.0444,239,1.6744
09505350,aifs,2,0.6149,0.7511,0.7885,1.0205,239,1.8442
09505800,aifs,2,0.6478,0.7690,0.8076,1.0202,239,1.8474
09508300,aifs,2,0.4243,0.5754,0.6649,0.8483,239,2.2734
09510200,aifs,2,0.1992,0.3247,0.4743,0.8012,239,2.6815
09512280,aifs,2,0.0797,0.3083,0.3961,1.0831,239,2.5646
09513780,aifs,2,0.1247,0.3899,0.4536,1.0702,239,2.1918
10023000,aifs,2,0.7497,0.7621,0.8679,1.0663,239,1.7973
10166430,aifs,2,0.6335,0.5657,0.8101,0.7568,239,2.1672
10172700,aifs,2,0.5652,0.6365,0.7539,0.8560,239,1.8015
10172800,aifs,2,0.6854,0.4756,0.8789,0.6650,239,2.0526
10173450,aifs,2,0.5472,0.5392,0.7476,0.7912,239,2.4486
10205030,aifs,2,0.6571,0.6071,0.8252,0.8398,239,1.7824
10234500,aifs,2,0.5915,0.5725,0.7785,0.8082,239,2.2420
10242000,aifs,2,0.5944,0.4772,0.8001,0.7028,239,2.4283
10244950,aifs,2,0.6762,0.6729,0.8278,0.9021,239,1.6259
10249300,aifs,2,0.5547,0.7175,0.7615,1.1252,239,1.5098
10258000,aifs,2,0.5937,0.6547,0.7709,0.9377,239,2.2691
10258500,aifs,2,0.5025,0.5313,0.8043,1.3863,239,1.2852
10259000,aifs,2,0.6053,0.6739,0.7781,0.9115,239,1.7348
10259200,aifs,2,0.4879,0.4435,0.7902,1.4924,239,1.4358
10263500,aifs,2,0.4992,0.2982,0.7582,0.5785,239,4.1873
10310500,aifs,2,0.7735,0.7012,0.9085,1.2553,239,1.7311
10316500,aifs,2,0.4740,0.3427,0.7402,0.6633,239,2.6968
10329500,aifs,2,0.4927,0.4757,0.7121,0.8021,239,2.3333
10336645,aifs,2,0.8780,0.8384,0.9377,1.1333,239,2.8717
10336660,aifs,2,0.8965,0.8520,0.9508,1.0352,239,2.8791
10343500,aifs,2,0.7777,0.8091,0.8920,1.1562,239,2.5487
10348850,aifs,2,0.6814,0.3609,0.9360,0.5998,239,5.1476
10396000,aifs,2,0.6178,0.4805,0.8174,0.6913,239,2.0783
11098000,aifs,2,0.3666,0.1595,0.6485,0.4875,239,6.5076
11124500,aifs,2,0.3930,0.3280,0.6425,0.7135,239,5.4084
11141280,aifs,2,0.6666,0.4743,0.8506,0.6689,239,3.6447
11143000,aifs,2,0.4868,0.2444,0.7469,0.4866,239,7.2601
11148900,aifs,2,0.6290,0.6378,0.7943,0.7828,239,3.3314
11151300,aifs,2,0.6544,0.6783,0.8097,0.8255,239,2.2009
11162500,aifs,2,0.5234,0.6291,0.7320,0.8058,239,4.3850
11176400,aifs,2,0.3441,0.6324,0.7480,1.1654,239,2.7451
11180500,aifs,2,0.2939,0.5961,0.7271,1.2119,239,3.2080
11180960,aifs,2,0.4460,0.7212,0.7217,1.0155,239,3.4115
11224500,aifs,2,0.6750,0.5774,0.8304,0.7307,239,1.8586
11253310,aifs,2,0.7401,0.6166,0.8728,0.7562,239,1.3549
11264500,aifs,2,0.2385,0.0758,0.8552,1.7452,239,4.1481
11266500,aifs,2,0.3659,0.2003,0.8555,1.6561,239,4.0785
11274500,aifs,2,0.5318,0.7622,0.7929,1.0534,239,2.2149
11274630,aifs,2,0.4713,0.6490,0.8050,1.1879,239,2.1405
11284400,aifs,2,0.8004,0.6736,0.9184,1.2947,239,2.2685
11299600,aifs,2,0.7116,0.6373,0.8799,1.3207,239,2.6641
11381500,aifs,2,0.5918,0.6918,0.7697,0.9976,239,5.7901
11383500,aifs,2,0.6046,0.7035,0.7780,0.9973,239,5.7858
11451100,aifs,2,0.8044,0.8503,0.9010,1.1109,239,2.2959
11468500,aifs,2,0.8062,0.8523,0.9024,1.1103,239,2.9454
11473900,aifs,2,0.7812,0.7812,0.8865,0.9518,239,3.2188
11475560,aifs,2,0.5747,0.3586,0.8153,0.6048,239,8.5300
11476600,aifs,2,0.6362,0.7849,0.8054,1.0386,239,4.4405
11478500,aifs,2,0.7722,0.8005,0.8794,0.9488,239,3.5247
11480390,aifs,2,0.7174,0.7580,0.8477,0.9641,239,3.6963
11481200,aifs,2,0.7162,0.6777,0.8529,0.8495,239,4.2415
11482500,aifs,2,0.6998,0.6000,0.8522,0.7762,239,4.8871
11522500,aifs,2,0.8009,0.8717,0.8956,1.0207,239,2.6690
11523200,aifs,2,0.7562,0.7343,0.8731,0.8673,239,3.2529
11528700,aifs,2,0.7590,0.8261,0.8713,0.9961,239,2.9763
11532500,aifs,2,0.7088,0.6044,0.8564,0.7647,239,5.9772
12010000,aifs,2,0.7033,0.4991,0.8911,0.6805,239,6.2207
12013500,aifs,2,0.7811,0.7043,0.8941,0.8246,239,4.1900
12020000,aifs,2,0.8204,0.8421,0.9066,0.9147,239,3.1773
12025000,aifs,2,0.8042,0.8079,0.8983,0.8912,239,3.1948
12025700,aifs,2,0.8126,0.8258,0.9138,1.1430,239,2.8158
12035000,aifs,2,0.7988,0.6255,0.9205,0.7516,239,4.9695
12040500,aifs,2,0.8114,0.6420,0.9273,0.7640,239,5.5385
12041200,aifs,2,0.7545,0.5149,0.9291,0.6853,239,6.9441
12043000,aifs,2,0.7945,0.5689,0.9411,0.7275,239,5.0021
12048000,aifs,2,0.5058,0.5157,0.7774,1.4292,239,3.6867
12054000,aifs,2,0.7410,0.6733,0.8793,0.9460,239,4.5533
12056500,aifs,2,0.7895,0.6567,0.9137,0.8328,239,5.4479
12073500,aifs,2,0.7635,0.7789,0.8757,1.0131,239,2.7695
12082500,aifs,2,0.8773,0.9258,0.9379,1.0371,239,3.3608
12092000,aifs,2,0.8710,0.8845,0.9337,0.9820,239,3.4776
12095000,aifs,2,0.7957,0.7955,0.9080,1.1731,239,3.3426
12114500,aifs,2,0.8085,0.5756,0.9487,0.7406,239,5.0564
12115000,aifs,2,0.8143,0.5835,0.9507,0.7478,239,4.9539
12115500,aifs,2,0.8249,0.6164,0.9502,0.7828,239,4.8259
12117000,aifs,2,0.8156,0.6176,0.9407,0.7710,239,4.9003
12141300,aifs,2,0.7847,0.5333,0.9456,0.7034,239,6.2033
12143600,aifs,2,0.8022,0.5944,0.9397,0.7640,239,5.5852
12144000,aifs,2,0.8200,0.6418,0.9382,0.7986,239,4.9880
12145500,aifs,2,0.8155,0.6880,0.9209,0.8106,239,3.9843
12147600,aifs,2,0.6971,0.4305,0.9211,0.6322,239,9.0128
12167000,aifs,2,0.8595,0.7292,0.9469,0.8816,239,4.2151
12175500,aifs,2,0.8885,0.8846,0.9437,0.9920,239,2.6389
12186000,aifs,2,0.8908,0.7182,0.9661,0.8324,239,3.8521
12189500,aifs,2,0.9214,0.8645,0.9640,0.9541,239,2.7515
12358500,aifs,2,0.7968,0.7545,0.9003,0.9207,239,3.1217
12377150,aifs,2,0.6557,0.5510,0.8372,0.7223,239,3.8955
12381400,aifs,2,0.7295,0.6595,0.8675,0.7960,239,3.1067
12390700,aifs,2,0.7633,0.8325,0.8787,1.1073,239,2.2397
12411000,aifs,2,0.7183,0.7956,0.8480,1.0389,239,2.9316
12414500,aifs,2,0.8145,0.8745,0.9047,1.0704,239,2.4265
12447390,aifs,2,0.4222,0.3978,0.7500,1.5438,239,2.1084
12451000,aifs,2,0.8045,0.6469,0.9387,1.2951,239,2.4728
12488500,aifs,2,0.8967,0.8986,0.9475,1.0123,239,2.5992
13011500,aifs,2,0.7700,0.7050,0.8936,1.2749,239,1.7513
13011900,aifs,2,0.7513,0.7849,0.8725,1.1572,239,1.7544
13018300,aifs,2,0.6672,0.7295,0.8235,1.1725,239,2.1348
13023000,aifs,2,0.6844,0.7864,0.8349,1.1165,239,1.7245
13161500,aifs,2,0.5485,0.4747,0.7808,1.4763,239,1.4307
13235000,aifs,2,0.7512,0.8172,0.8671,1.0443,239,2.1863
13240000,aifs,2,0.7277,0.6607,0.8667,0.8421,239,2.9763
13310700,aifs,2,0.7661,0.8424,0.8804,1.0966,239,2.1129
13313000,aifs,2,0.7264,0.7042,0.8589,0.8879,239,2.7366
13331500,aifs,2,0.7348,0.6052,0.8846,0.7928,239,2.5847
13337000,aifs,2,0.8505,0.9156,0.9232,0.9943,239,2.3167
13338500,aifs,2,0.6297,0.6880,0.8258,1.2578,239,2.7999
13340000,aifs,2,0.8123,0.8759,0.9060,1.0804,239,2.1911
13340600,aifs,2,0.8575,0.8649,0.9268,0.9634,239,2.5414
14020000,aifs,2,0.7314,0.6638,0.8672,0.8361,239,2.5167
14092750,aifs,2,0.8410,0.9091,0.9190,0.9656,239,2.2494
14096850,aifs,2,0.4962,0.6135,0.7881,1.2966,239,2.4710
14137000,aifs,2,0.8684,0.8806,0.9329,0.9127,239,3.1127
14138800,aifs,2,0.8428,0.6193,0.9464,0.7154,239,4.6436
14138870,aifs,2,0.8569,0.6580,0.9489,0.7517,239,4.5899
14138900,aifs,2,0.7968,0.4952,0.9568,0.6397,239,6.4911
14139800,aifs,2,0.8282,0.6564,0.9279,0.7356,239,4.8884
14141500,aifs,2,0.8640,0.8249,0.9318,0.8595,239,3.7186
14154500,aifs,2,0.8330,0.8756,0.9251,1.0671,239,2.2923
14158500,aifs,2,0.8884,0.8710,0.9436,0.9055,239,2.3783
14158790,aifs,2,0.8203,0.5605,0.9537,0.6903,239,3.8620
14166500,aifs,2,0.7752,0.8110,0.8809,0.9577,239,3.0292
14182500,aifs,2,0.7702,0.8743,0.8902,1.0483,239,3.9074
14185000,aifs,2,0.8748,0.8804,0.9438,1.0845,239,2.5515
14185900,aifs,2,0.8967,0.9033,0.9473,0.9434,239,2.7865
14187000,aifs,2,0.8560,0.9167,0.9259,0.9949,239,2.8500
14216500,aifs,2,0.8987,0.9432,0.9512,0.9966,239,2.9733
14222500,aifs,2,0.7731,0.5060,0.9390,0.6708,239,7.1279
14236200,aifs,2,0.9088,0.9122,0.9537,0.9747,239,2.6044
14301000,aifs,2,0.8099,0.6340,0.9309,0.7892,239,3.9121
14303200,aifs,2,0.6828,0.4273,0.8997,0.6290,239,6.5703
14305500,aifs,2,0.5712,0.3547,0.8256,0.5878,239,9.0492
14306340,aifs,2,0.7365,0.6886,0.8643,0.8045,239,3.6493
14306500,aifs,2,0.7093,0.7019,0.8458,0.8351,239,4.1348
14308990,aifs,2,0.7560,0.8263,0.8838,1.1238,239,2.2265
14309500,aifs,2,0.7224,0.7543,0.8517,0.8538,239,3.5596
14316700,aifs,2,0.8288,0.8511,0.9292,1.0666,239,2.2024
14325000,aifs,2,0.6387,0.6258,0.8045,0.7561,239,5.0664
14362250,aifs,2,0.6964,0.7160,0.8597,1.2411,239,2.3006
14400000,aifs,2,0.6208,0.5965,0.7929,0.7432,239,6.9874
01013500,aifs,3,0.4962,0.6641,0.7246,1.1497,239,3.9230
01022500,aifs,3,0.4630,0.6073,0.6936,1.1559,239,4.6223
01030500,aifs,3,0.5801,0.7163,0.7689,1.0923,239,3.5157
01031500,aifs,3,0.4494,0.5942,0.6831,1.1506,239,4.2339
01047000,aifs,3,0.4725,0.5974,0.6918,1.0936,239,4.4609
01052500,aifs,3,0.4084,0.5672,0.6745,1.2438,239,4.3079
01054200,aifs,3,0.6145,0.6757,0.7844,1.0239,239,4.4991
01055000,aifs,3,0.4842,0.6599,0.7085,1.0651,239,4.1395
01057000,aifs,3,0.4390,0.6581,0.6887,1.0645,239,4.5480
01073000,aifs,3,0.2902,0.5554,0.6093,1.1774,239,5.1109
01078000,aifs,3,0.3927,0.5997,0.6500,1.0717,239,4.8960
01118300,aifs,3,0.4303,0.3853,0.6783,0.7816,239,8.7204
01121000,aifs,3,0.5548,0.5905,0.7494,0.8300,239,5.5089
01123000,aifs,3,0.5260,0.5521,0.7309,0.8141,239,5.9763
01134500,aifs,3,0.5183,0.6086,0.7203,1.0404,239,4.5374
01137500,aifs,3,0.4884,0.6216,0.7051,1.1000,239,4.7028
01139000,aifs,3,0.4620,0.5566,0.6889,1.2020,239,4.5409
01139800,aifs,3,0.4242,0.5310,0.6522,0.9837,239,5.2518
01142500,aifs,3,0.4594,0.5923,0.6929,1.1844,239,4.2396
01144000,aifs,3,0.4966,0.6131,0.7062,1.0270,239,4.4040
01169000,aifs,3,0.6407,0.7364,0.8026,1.0849,239,4.1672
01170100,aifs,3,0.6558,0.7397,0.8136,1.1260,239,3.9761
01181000,aifs,3,0.6212,0.7494,0.7913,0.9888,239,4.6565
01187300,aifs,3,0.5843,0.7489,0.7925,1.1411,239,4.2661
01195100,aifs,3,0.3210,0.3845,0.5748,0.7770,239,7.9241
01333000,aifs,3,0.5326,0.6474,0.7377,1.1524,239,4.7717
01350000,aifs,3,0.4045,0.4246,0.6426,0.9356,239,7.8008
01350080,aifs,3,0.4082,0.5205,0.6407,1.0459,239,6.0751
01350140,aifs,3,0.4087,0.5169,0.6404,0.9978,239,5.7557
01365000,aifs,3,0.4625,0.5528,0.6802,1.0185,239,6.1677
01411300,aifs,3,0.2704,0.2848,0.5236,0.8390,239,9.2223
01413500,aifs,3,0.4422,0.4357,0.6783,0.8656,239,7.1345
01414500,aifs,3,0.4279,0.4344,0.6648,0.9423,239,7.6935
01415000,aifs,3,0.5211,0.5486,0.7270,0.9335,239,5.4430
01423000,aifs,3,0.5197,0.5429,0.7269,0.8948,239,5.3918
01434025,aifs,3,0.4412,0.4203,0.6821,0.8522,239,8.0167
01435000,aifs,3,0.4367,0.4506,0.6689,0.9046,239,7.5798
01439500,aifs,3,0.4841,0.5187,0.7016,0.8171,239,5.4767
01440000,aifs,3,0.4884,0.5085,0.7054,0.8251,239,5.7729
01440400,aifs,3,0.4557,0.4336,0.6920,0.7352,239,6.2157
01451800,aifs,3,0.4454,0.6063,0.6763,0.9440,239,5.0915
01466500,aifs,3,0.3985,0.5538,0.6392,0.9714,239,5.5757
01484100,aifs,3,0.4566,0.5608,0.6773,1.0830,239,5.7438
01485500,aifs,3,0.3793,0.4353,0.6174,0.8930,239,7.4071
01486000,aifs,3,0.3612,0.4184,0.6019,0.9184,239,7.7201
01487000,aifs,3,0.4939,0.5584,0.7036,1.0700,239,5.8685
01491000,aifs,3,0.4113,0.5947,0.6825,1.2302,239,4.7547
01510000,aifs,3,0.5557,0.6358,0.7455,0.9882,239,4.8555
01516500,aifs,3,0.5224,0.6395,0.7268,0.9067,239,4.0056
01518862,aifs,3,0.5754,0.6315,0.7612,0.8859,239,3.9849
01532000,aifs,3,0.3535,0.4745,0.6007,0.9014,239,5.6054
01539000,aifs,3,0.3801,0.4872,0.6245,0.8446,239,5.7115
01542810,aifs,3,0.4942,0.6035,0.7056,0.9187,239,4.6893
01543000,aifs,3,0.5591,0.6575,0.7498,0.9187,239,4.2225
01543500,aifs,3,0.5843,0.6230,0.7686,0.8785,239,4.4114
01544500,aifs,3,0.5594,0.6480,0.7490,0.9299,239,4.1963
01545600,aifs,3,0.5487,0.6394,0.7410,0.9659,239,4.3455
01547700,aifs,3,0.2784,0.2502,0.5418,0.7984,239,9.1255
01548500,aifs,3,0.5664,0.6711,0.7549,0.9222,239,3.8874
01549500,aifs,3,0.4888,0.5947,0.7001,0.9563,239,4.6985
01550000,aifs,3,0.3793,0.4813,0.6182,0.9217,239,5.7715
01552000,aifs,3,0.2887,0.3696,0.5431,0.8559,239,7.0521
01552500,aifs,3,0.3623,0.5018,0.6127,0.8808,239,5.5984
01557500,aifs,3,0.3769,0.3263,0.6433,0.7244,239,7.4586
01567500,aifs,3,0.3858,0.4170,0.6276,0.8125,239,6.1111
01568000,aifs,3,0.4608,0.5118,0.6839,0.8295,239,5.0672
01580000,aifs,3,0.4691,0.6636,0.7005,1.0095,239,4.5380
01583500,aifs,3,0.5019,0.6745,0.7207,1.0717,239,4.3664
01586610,aifs,3,0.5100,0.6582,0.7195,1.0274,239,4.3825
01591400,aifs,3,0.5051,0.4998,0.7213,0.8138,239,5.7229
01596500,aifs,3,0.2580,0.3812,0.5182,0.9362,239,6.3061
01605500,aifs,3,0.4518,0.5043,0.6744,0.9117,239,4.9388
01606500,aifs,3,0.4937,0.5713,0.7034,0.9385,239,4.4099
01613050,aifs,3,0.4358,0.4826,0.6662,0.8207,239,4.9694
01620500,aifs,3,0.5428,0.6101,0.7372,1.0180,239,3.8298
01632000,aifs,3,0.4323,0.3834,0.6877,0.6802,239,5.3107
01632900,aifs,3,0.3904,0.3711,0.6433,0.7089,239,5.3675
01634500,aifs,3,0.4519,0.4470,0.6850,0.7735,239,5.1392
01638480,aifs,3,0.4807,0.5306,0.6968,0.8543,239,4.9601
01639500,aifs,3,0.4760,0.6375,0.6975,1.0035,239,4.4549
01644000,aifs,3,0.4985,0.5494,0.7112,0.8254,239,4.5513
01658500,aifs,3,0.4599,0.4758,0.6862,0.7958,239,5.3357
01664000,aifs,3,0.4105,0.4254,0.6552,0.7272,239,5.2477
01666500,aifs,3,0.4028,0.4110,0.6494,0.7260,239,5.3075
01667500,aifs,3,0.4233,0.4444,0.6627,0.7457,239,4.9789
01669000,aifs,3,0.3296,0.4286,0.5763,0.9383,239,6.6527
01669520,aifs,3,0.3702,0.4614,0.6090,0.9601,239,6.4041
02011400,aifs,3,0.5108,0.6033,0.7151,0.9567,239,4.1775
02011460,aifs,3,0.5078,0.5961,0.7126,1.0132,239,4.4593
02013000,aifs,3,0.3659,0.4658,0.6108,0.8599,239,5.0097
02014000,aifs,3,0.3859,0.5249,0.6306,0.8884,239,4.4116
02015700,aifs,3,0.4996,0.5627,0.7076,1.0327,239,4.3611
02016000,aifs,3,0.5242,0.6386,0.7252,1.0115,239,3.7356
02017500,aifs,3,0.3451,0.5702,0.6172,0.9777,239,4.0309
02018000,aifs,3,0.3846,0.6164,0.6497,1.0001,239,3.7355
02027000,aifs,3,0.4940,0.6399,0.7117,1.1084,239,3.7189
02027500,aifs,3,0.4666,0.6140,0.6890,1.0490,239,3.9630
02028500,aifs,3,0.4799,0.5766,0.6957,0.8836,239,4.0965
02038850,aifs,3,0.3229,0.4709,0.5831,0.8706,239,4.8728
02046000,aifs,3,0.3968,0.4959,0.6331,0.8866,239,5.3403
02051000,aifs,3,0.3720,0.4236,0.6130,0.8437,239,5.8215
02051500,aifs,3,0.4225,0.5218,0.6513,0.9282,239,5.0450
02053200,aifs,3,0.3620,0.5452,0.6186,1.0633,239,5.8183
02053800,aifs,3,0.4019,0.5192,0.6467,0.8158,239,4.1414
02055100,aifs,3,0.2111,0.4811,0.5531,1.2155,239,4.2587
02056900,aifs,3,0.3986,0.4723,0.6396,0.7927,239,4.6075
02059500,aifs,3,0.4386,0.6525,0.6851,0.9578,239,3.4937
02064000,aifs,3,0.3896,0.6076,0.6555,1.1135,239,3.8871
02065500,aifs,3,0.4101,0.6001,0.6563,1.0374,239,4.0587
02069700,aifs,3,0.3930,0.4180,0.6347,0.7834,239,5.5056
02070000,aifs,3,0.3818,0.4061,0.6270,0.7598,239,5.4909
02074500,aifs,3,0.3501,0.4081,0.5921,0.9543,239,6.0075
02077200,aifs,3,0.3010,0.5745,0.6036,1.0512,239,4.6320
02081500,aifs,3,0.3372,0.5352,0.6025,1.0398,239,5.1727
02082950,aifs,3,0.3521,0.5466,0.6631,1.2963,239,4.3937
02092500,aifs,3,0.3708,0.5832,0.6748,1.2544,239,4.9788
02096846,aifs,3,0.2729,0.3409,0.5237,0.9226,239,7.6850
02102908,aifs,3,0.5841,0.6249,0.7666,0.9689,239,5.3495
02108000,aifs,3,0.4516,0.6574,0.7017,1.1315,239,4.7944
02111180,aifs,3,0.3859,0.4018,0.6318,0.7697,239,5.8428
02111500,aifs,3,0.3978,0.4177,0.6394,0.7827,239,5.6808
02118500,aifs,3,0.4460,0.5584,0.6736,0.8661,239,4.6495
02128000,aifs,3,0.4578,0.6269,0.6861,0.9758,239,4.8619
02137727,aifs,3,0.4213,0.3867,0.6705,0.7656,239,6.3608
02140991,aifs,3,0.4283,0.4749,0.6597,0.8307,239,5.4371
02143000,aifs,3,0.5058,0.5218,0.7182,0.8272,239,4.9688
02143040,aifs,3,0.4752,0.5253,0.6940,0.8297,239,5.0843
02149000,aifs,3,0.3985,0.2984,0.6783,0.6800,239,7.7596
02152100,aifs,3,0.5518,0.5927,0.7464,0.8649,239,4.4941
02177000,aifs,3,0.3926,0.4773,0.6284,0.9002,239,7.0085
02178400,aifs,3,0.4163,0.5692,0.6532,0.9421,239,5.8226
02193340,aifs,3,0.4531,0.5539,0.6757,1.1119,239,5.3768
02196000,aifs,3,0.4917,0.5078,0.7086,0.9174,239,5.6821
02198100,aifs,3,0.3490,0.3282,0.6056,0.7832,239,8.4416
02202600,aifs,3,0.2058,0.4686,0.5349,1.1701,239,5.3512
02212600,aifs,3,0.4535,0.5174,0.6742,0.9667,239,6.3150
02215100,aifs,3,0.3157,0.4053,0.5651,0.8991,239,7.0033
02216180,aifs,3,0.3120,0.3187,0.5656,0.8479,239,8.2710
02221525,aifs,3,0.5057,0.5954,0.7111,1.0037,239,5.3457
02231000,aifs,3,0.4198,0.4849,0.6502,0.9105,239,5.1052
02231342,aifs,3,0.2405,0.3691,0.5030,1.0360,239,5.8872
02235200,aifs,3,0.3117,0.4025,0.5617,0.9193,239,5.7595
02245500,aifs,3,0.2200,0.3769,0.4948,1.0879,239,5.6297
02246000,aifs,3,0.2967,0.4701,0.5623,1.0164,239,4.9223
02296500,aifs,3,0.3319,0.4157,0.5848,0.8474,239,4.9843
02297155,aifs,3,0.2258,0.2404,0.4839,0.8146,239,7.3104
02297310,aifs,3,0.2577,0.2621,0.5274,0.7497,239,6.7392
02298123,aifs,3,0.1671,0.2280,0.4261,0.8372,239,6.5477
02298608,aifs,3,0.1479,0.1609,0.4116,0.7382,239,7.8069
02299950,aifs,3,0.1507,0.2146,0.4075,0.8505,239,7.2550
02300700,aifs,3,0.1872,0.1998,0.4357,0.8801,239,8.4344
02310947,aifs,3,0.1882,0.2655,0.4426,0.9395,239,6.9449
02312200,aifs,3,0.1695,0.1962,0.4148,0.9226,239,8.2860
02314500,aifs,3,0.4124,0.4030,0.6582,0.8396,239,5.9354
02315500,aifs,3,0.4427,0.4572,0.6757,0.8506,239,5.2793
02324400,aifs,3,0.2765,0.2440,0.5448,0.7918,239,8.8803
02327100,aifs,3,0.3102,0.3433,0.5632,0.8410,239,7.3534
02349900,aifs,3,0.2839,0.3262,0.5387,0.8127,239,7.9995
02350900,aifs,3,0.3440,0.4994,0.5985,0.9222,239,6.0296
02361000,aifs,3,0.4028,0.5626,0.6442,0.9465,239,5.4983
02363000,aifs,3,0.4540,0.5613,0.6750,0.9514,239,5.8086
02369800,aifs,3,0.3809,0.2719,0.6732,0.6686,239,10.1570
02371500,aifs,3,0.3847,0.4449,0.6217,0.8994,239,7.3201
02372250,aifs,3,0.3792,0.4461,0.6200,0.8361,239,7.1946
02374500,aifs,3,0.3132,0.3750,0.5676,0.7909,239,8.3056
02381600,aifs,3,0.3048,0.3720,0.5547,0.8786,239,8.3958
02384540,aifs,3,0.3506,0.4535,0.5948,0.9275,239,7.0680
02395120,aifs,3,0.4186,0.5601,0.6582,1.1443,239,5.7160
02408540,aifs,3,0.2762,0.3873,0.5323,0.9270,239,8.0530
02415000,aifs,3,0.2966,0.3496,0.5489,0.8425,239,8.5467
02422500,aifs,3,0.3206,0.4751,0.5778,1.0455,239,7.2135
02427250,aifs,3,0.3578,0.5723,0.6235,0.9717,239,6.1475
02430085,aifs,3,0.4398,0.5475,0.6646,1.0548,239,6.4593
02450250,aifs,3,0.4623,0.4749,0.6880,0.8319,239,7.0821
02464000,aifs,3,0.3920,0.4015,0.6345,0.8749,239,8.7626
02465493,aifs,3,0.4610,0.5622,0.6795,1.0305,239,6.2682
02469800,aifs,3,0.3821,0.5431,0.6310,0.9005,239,7.1231
02472000,aifs,3,0.5210,0.5282,0.7303,0.8859,239,7.2387
02472500,aifs,3,0.4002,0.4541,0.6372,0.8224,239,8.8365
02479155,aifs,3,0.5003,0.4446,0.7324,0.7933,239,9.3304
02479300,aifs,3,0.4615,0.2750,0.7904,0.6394,239,12.8539
02481000,aifs,3,0.3900,0.1744,0.7852,0.5625,239,16.4354
02481510,aifs,3,0.4339,0.2447,0.7636,0.5849,239,13.0169
03010655,aifs,3,0.5301,0.5937,0.7307,0.8885,239,4.5315
03011800,aifs,3,0.4702,0.5221,0.6889,0.8874,239,5.6296
03015500,aifs,3,0.4713,0.6732,0.7056,1.0470,239,4.6868
03021350,aifs,3,0.4377,0.5883,0.6678,0.9775,239,5.6310
03026500,aifs,3,0.4909,0.5594,0.7028,0.8974,239,5.1841
03028000,aifs,3,0.4801,0.5519,0.6946,0.9086,239,5.4151
03049800,aifs,3,0.4003,0.4666,0.6341,0.9121,239,6.8566
03050000,aifs,3,0.3691,0.4320,0.6090,0.9191,239,7.3275
03066000,aifs,3,0.3868,0.4210,0.6275,0.8679,239,6.4314
03069500,aifs,3,0.4298,0.4972,0.6570,0.9265,239,5.8279
03070500,aifs,3,0.4229,0.5728,0.6568,0.9683,239,5.8022
03076600,aifs,3,0.2437,0.3144,0.5023,0.8434,239,7.8128
03078000,aifs,3,0.2211,0.3104,0.4782,0.9177,239,7.8259
03140000,aifs,3,0.3232,0.4747,0.5808,0.9218,239,5.8523
03144000,aifs,3,0.3312,0.3668,0.5868,0.7652,239,7.1400
03159540,aifs,3,0.2302,0.3172,0.4940,0.8204,239,8.1552
03161000,aifs,3,0.3529,0.4374,0.6015,0.8271,239,5.4760
03164000,aifs,3,0.4596,0.5298,0.6850,0.8211,239,4.3853
03165000,aifs,3,0.4567,0.4111,0.6987,0.7284,239,5.2504
03170000,aifs,3,0.4231,0.5041,0.6604,0.7947,239,4.2405
03173000,aifs,3,0.3989,0.5638,0.6505,0.8554,239,3.8596
03180500,aifs,3,0.4528,0.5680,0.6757,1.0739,239,5.0342
03182500,aifs,3,0.4831,0.6184,0.6998,1.0647,239,4.4558
03186500,aifs,3,0.3879,0.5173,0.6289,0.9176,239,5.8021
03187500,aifs,3,0.3896,0.5285,0.6305,0.9418,239,5.7323
03213700,aifs,3,0.4260,0.5435,0.6547,0.9660,239,5.3477
03237280,aifs,3,0.2609,0.4402,0.5343,0.9756,239,6.6952
03237500,aifs,3,0.3180,0.4743,0.5764,0.9460,239,6.4983
03241500,aifs,3,0.3044,0.3189,0.5603,0.7806,239,8.3096
03280700,aifs,3,0.3273,0.5190,0.5941,1.0677,239,5.9331
03281100,aifs,3,0.3430,0.5613,0.6146,1.0583,239,5.6169
03281500,aifs,3,0.3933,0.5982,0.6489,1.0566,239,5.2221
03285000,aifs,3,0.3283,0.4427,0.5766,0.9617,239,7.3422
03291780,aifs,3,0.4145,0.4151,0.6552,0.8799,239,7.8898
03300400,aifs,3,0.3260,0.3862,0.5742,0.8591,239,7.9279
03340800,aifs,3,0.3388,0.3520,0.5889,0.8259,239,8.4207
03346000,aifs,3,0.4435,0.4734,0.6710,0.8675,239,6.5200
03364500,aifs,3,0.3374,0.2522,0.6250,0.7137,239,10.7620
03366500,aifs,3,0.3981,0.4079,0.6395,0.8688,239,7.8547
03368000,aifs,3,0.3352,0.2459,0.6231,0.6823,239,10.6314
03384450,aifs,3,0.3288,0.3909,0.5742,0.9182,239,7.7907
03439000,aifs,3,0.4261,0.4837,0.6590,0.8221,239,6.0326
03450000,aifs,3,0.3845,0.4739,0.6244,0.8699,239,5.1451
03455500,aifs,3,0.4128,0.5238,0.6524,0.8356,239,5.5360
03456500,aifs,3,0.3807,0.4445,0.6317,0.7599,239,5.3262
03460000,aifs,3,0.3611,0.4760,0.6105,0.8548,239,5.7467
03463300,aifs,3,0.3888,0.3697,0.6461,0.7199,239,6.2406
03471500,aifs,3,0.3706,0.5020,0.6192,0.8687,239,4.8324
03473000,aifs,3,0.3336,0.4836,0.5942,0.8627,239,5.1464
03479000,aifs,3,0.3686,0.5287,0.6234,0.8745,239,4.7719
03488000,aifs,3,0.3457,0.5069,0.6019,0.9134,239,4.9997
03498500,aifs,3,0.3511,0.4924,0.6024,0.9048,239,6.1830
03500000,aifs,3,0.3571,0.5559,0.6177,0.9923,239,5.9304
03504000,aifs,3,0.3545,0.4395,0.6054,0.8067,239,7.0212
03574500,aifs,3,0.4578,0.5022,0.6793,0.9398,239,6.8415
03604000,aifs,3,0.4352,0.4565,0.6667,0.8257,239,7.3186
04015330,aifs,3,0.3139,0.4331,0.5664,0.9193,239,5.4005
04024430,aifs,3,0.2691,0.5688,0.5996,1.1219,239,4.3016
04027000,aifs,3,0.0269,0.3639,0.4917,1.3758,239,4.4784
04040500,aifs,3,0.1474,0.4506,0.4942,1.0844,239,4.9212
04043050,aifs,3,0.2053,0.4601,0.5156,1.0050,239,4.3436
04045500,aifs,3,0.4340,0.5892,0.6728,1.1400,239,3.8424
04056500,aifs,3,0.3947,0.5953,0.6686,1.1975,239,3.7069
04057510,aifs,3,0.3097,0.5367,0.5920,1.0692,239,4.6448
04057800,aifs,3,0.2894,0.5493,0.5909,1.0871,239,4.5436
04059500,aifs,3,0.3086,0.5905,0.6203,1.1088,239,4.3170
04063700,aifs,3,0.1508,0.4618,0.5658,1.3150,239,4.3927
04074950,aifs,3,0.1285,0.4761,0.5092,1.1254,239,4.9153
04105700,aifs,3,0.3563,0.4641,0.5988,0.9787,239,5.7824
04115265,aifs,3,0.3663,0.5001,0.6105,1.0379,239,5.7232
04122200,aifs,3,0.4621,0.5892,0.6840,1.0838,239,5.2842
04122500,aifs,3,0.4640,0.6209,0.6909,1.0897,239,4.9634
04124000,aifs,3,0.4499,0.4296,0.6866,0.7743,239,6.3914
04127997,aifs,3,0.5104,0.4960,0.7276,0.8153,239,5.4283
04185000,aifs,3,0.3896,0.4744,0.6292,0.8508,239,5.1392
04196800,aifs,3,0.3401,0.4625,0.5919,0.8764,239,5.7406
04197100,aifs,3,0.2796,0.3638,0.5334,0.8844,239,6.7118
04197170,aifs,3,0.2916,0.4217,0.5489,0.9376,239,6.0233
04213000,aifs,3,0.4669,0.6419,0.6967,1.0783,239,4.6745
04213075,aifs,3,0.3886,0.5516,0.6356,1.0839,239,5.6287
04216418,aifs,3,0.5423,0.5824,0.7418,0.8512,239,5.0150
04221000,aifs,3,0.5709,0.6398,0.7568,0.9238,239,4.0606
04224775,aifs,3,0.5244,0.5861,0.7253,0.9403,239,4.7502
04256000,aifs,3,0.5018,0.6785,0.7300,1.1333,239,4.2167
04296000,aifs,3,0.5123,0.5925,0.7242,1.1979,239,4.3608
05057000,aifs,3,0.2295,0.5096,0.6090,1.2944,239,3.2797
05057200,aifs,3,0.1724,0.4386,0.5647,1.3464,239,3.1344
05062500,aifs,3,0.0559,0.4041,0.4482,1.1415,239,4.2771
05087500,aifs,3,0.2804,0.4146,0.5392,1.0272,239,4.5130
05120500,aifs,3,0.0412,0.4246,0.5311,1.3334,239,3.9392
05123400,aifs,3,0.1403,0.4821,0.5104,1.0880,239,4.6632
05129115,aifs,3,0.3154,0.5503,0.6070,1.1377,239,3.6589
05131500,aifs,3,0.2828,0.5672,0.6030,1.1256,239,3.5197
05291000,aifs,3,0.3440,0.3659,0.5903,1.1179,239,5.5600
05362000,aifs,3,0.2079,0.4778,0.5520,1.2222,239,4.5789
05393500,aifs,3,0.1971,0.4438,0.5167,1.1571,239,5.0488
05399500,aifs,3,0.1753,0.3502,0.4587,0.9445,239,6.4444
05408000,aifs,3,0.2560,0.3237,0.5100,0.8705,239,7.7647
05412500,aifs,3,0.4337,0.5490,0.6611,0.9289,239,5.6947
05413500,aifs,3,0.4916,0.5308,0.7044,0.9203,239,6.1466
05414000,aifs,3,0.4585,0.5277,0.6775,0.9738,239,6.2161
05444000,aifs,3,0.5315,0.6527,0.7395,1.1687,239,4.9507
05454000,aifs,3,0.3998,0.4934,0.6350,0.8793,239,6.7034
05458000,aifs,3,0.3293,0.4237,0.5774,0.8893,239,6.4651
05466500,aifs,3,0.5406,0.4271,0.7789,0.7329,239,7.1536
05487980,aifs,3,0.2416,0.3609,0.5088,0.8366,239,7.8355
05488200,aifs,3,0.2779,0.2981,0.5314,0.7995,239,9.2766
05489000,aifs,3,0.2467,0.2936,0.5047,0.7794,239,8.7790
05495000,aifs,3,0.3562,0.4916,0.6059,0.8872,239,5.9264
05495500,aifs,3,0.4076,0.4103,0.6477,0.8029,239,6.8216
05501000,aifs,3,0.2785,0.2747,0.5347,0.7965,239,8.5337
05503800,aifs,3,0.3627,0.4470,0.6032,0.9252,239,6.3029
05507600,aifs,3,0.4979,0.5895,0.7057,0.9982,239,4.6642
05508805,aifs,3,0.5235,0.6047,0.7238,0.9540,239,4.4713
05514500,aifs,3,0.4186,0.5040,0.6482,0.9134,239,5.4169
05525500,aifs,3,0.4299,0.4978,0.6574,0.8892,239,6.1602
05556500,aifs,3,0.5025,0.5369,0.7127,0.8742,239,6.3568
05584500,aifs,3,0.3845,0.3183,0.6517,0.7522,239,8.9268
05585000,aifs,3,0.4057,0.3590,0.6608,0.7796,239,8.0164
05591550,aifs,3,0.3465,0.3891,0.5917,0.8581,239,7.3613
05592050,aifs,3,0.3688,0.4801,0.6093,0.9738,239,6.0547
05592575,aifs,3,0.3524,0.3323,0.6089,0.7440,239,7.8189
05593575,aifs,3,0.2012,0.3436,0.4741,0.8953,239,7.3615
05593900,aifs,3,0.3151,0.3522,0.5663,0.8157,239,7.2927
05595730,aifs,3,0.2425,0.4028,0.5144,0.9285,239,6.8177
06037500,aifs,3,0.6965,0.7573,0.8382,1.1340,239,2.1502
06043500,aifs,3,0.7287,0.8047,0.8641,1.1382,239,1.9808
06154410,aifs,3,0.3539,0.4747,0.5992,0.9339,239,3.9010
06188000,aifs,3,0.6171,0.6880,0.8301,1.2567,239,1.8641
06191500,aifs,3,0.7096,0.7206,0.8712,1.2446,239,1.6450
06221400,aifs,3,0.5301,0.6666,0.7580,1.2202,239,2.0080
06224000,aifs,3,0.5268,0.6528,0.7434,1.1971,239,2.1298
06289000,aifs,3,0.5383,0.5896,0.7958,1.3528,239,1.9408
06332515,aifs,3,-0.1477,0.3022,0.4420,1.4188,239,3.5372
06339100,aifs,3,-0.2548,0.2376,0.5136,1.5498,239,2.9332
06339500,aifs,3,0.3328,0.5088,0.6966,1.3813,239,2.5370
06344600,aifs,3,0.0945,0.4190,0.4951,1.2586,239,3.2806
06350000,aifs,3,0.4093,0.6491,0.7228,1.2096,239,2.2300
06352000,aifs,3,-0.0548,0.4257,0.5913,1.3440,239,2.5605
06353000,aifs,3,-0.0065,0.4180,0.6099,1.3802,239,2.6833
06354000,aifs,3,0.2405,0.5361,0.6664,1.3064,239,2.5388
06360500,aifs,3,0.2640,0.5241,0.6869,1.3374,239,2.1732
06404000,aifs,3,0.1980,0.4392,0.5315,1.2384,239,2.9917
06406000,aifs,3,0.1707,0.4623,0.5322,1.2215,239,2.7865
06408700,aifs,3,0.1605,0.4655,0.5262,1.1985,239,2.6617
06409000,aifs,3,0.1808,0.4761,0.5393,1.2035,239,2.5906
06431500,aifs,3,0.2270,0.4619,0.5416,1.1818,239,2.8531
06440200,aifs,3,0.2583,0.4318,0.5304,0.9672,239,3.6709
06441500,aifs,3,0.3271,0.5916,0.6189,1.0239,239,2.8671
06447000,aifs,3,0.1441,0.4485,0.4885,1.0284,239,3.1463
06447500,aifs,3,-0.1011,0.2571,0.3036,1.0301,239,4.1709
06450500,aifs,3,0.0475,0.2731,0.3658,0.9049,239,4.5017
06452000,aifs,3,0.1535,0.4416,0.4877,0.9919,239,3.3444
06453600,aifs,3,0.2562,0.3983,0.5205,0.9468,239,4.6399
06464500,aifs,3,0.1599,0.2386,0.4178,0.8586,239,5.6708
06477500,aifs,3,0.1486,0.4131,0.4780,1.1155,239,4.6186
06479215,aifs,3,0.3301,0.3413,0.5789,1.1585,239,5.7431
06479438,aifs,3,0.2995,0.3362,0.5494,1.1945,239,5.4542
06601000,aifs,3,0.1711,0.2899,0.4352,0.9837,239,6.8235
06614800,aifs,3,0.5119,0.3848,0.7830,0.7355,239,3.7576
06622700,aifs,3,0.5850,0.6309,0.7673,0.8905,239,2.2990
06623800,aifs,3,0.6885,0.7035,0.8333,0.9515,239,2.1401
06632400,aifs,3,0.6363,0.6523,0.8026,0.9740,239,2.3417
06784000,aifs,3,0.3573,0.3951,0.6014,0.8471,239,4.4032
06803510,aifs,3,0.0034,0.1992,0.3051,0.9564,239,8.2445
06803530,aifs,3,-0.0187,0.2787,0.3416,1.0465,239,7.1530
06814000,aifs,3,0.1102,0.3423,0.4249,0.9285,239,7.1995
06846500,aifs,3,0.4573,0.5545,0.6796,0.8611,239,3.0738
06847900,aifs,3,0.3568,0.4723,0.6021,0.8948,239,4.0719
06853800,aifs,3,0.1423,0.3600,0.4451,1.0081,239,4.9859
06876700,aifs,3,0.2159,0.1420,0.4810,0.6734,239,8.8020
06878000,aifs,3,0.1573,0.2544,0.4257,0.8052,239,7.3659
06879650,aifs,3,0.2997,0.2405,0.5691,0.6516,239,8.0668
06885500,aifs,3,0.1692,0.2604,0.4419,0.7593,239,8.0569
06888500,aifs,3,0.2596,0.2246,0.5221,0.7090,239,8.6423
06889200,aifs,3,0.1465,0.2166,0.4098,0.7792,239,8.3790
06889500,aifs,3,0.1762,0.2442,0.4385,0.7879,239,7.9541
06892000,aifs,3,0.1774,0.2091,0.4362,0.7501,239,8.4212
06903400,aifs,3,0.1141,0.2474,0.3946,0.8253,239,8.9145
06906800,aifs,3,0.3357,0.2443,0.6210,0.6293,239,8.9524
06910800,aifs,3,0.2349,0.2399,0.4936,0.7379,239,8.3462
06911900,aifs,3,0.2220,0.2033,0.4830,0.7025,239,8.8893
06917000,aifs,3,0.3026,0.2808,0.5638,0.7268,239,9.1703
06918460,aifs,3,0.2695,0.3234,0.5254,0.8062,239,8.5602
06919500,aifs,3,0.2925,0.3662,0.5469,0.8290,239,8.0104
06921070,aifs,3,0.2352,0.2003,0.5034,0.6680,239,9.9806
06921200,aifs,3,0.2200,0.1745,0.4846,0.6928,239,10.7016
06934000,aifs,3,0.2274,0.3297,0.4929,0.8296,239,7.6384
07014500,aifs,3,0.1578,0.1344,0.4127,0.6992,239,10.6724
07056000,aifs,3,0.2710,0.3814,0.5296,0.8820,239,7.6231
07057500,aifs,3,0.2296,0.4476,0.5217,0.9547,239,7.3346
07060710,aifs,3,0.2685,0.3878,0.5261,0.9493,239,8.0545
07066000,aifs,3,0.2437,0.4313,0.5229,0.9502,239,7.2255
07067000,aifs,3,0.2744,0.5000,0.5609,0.9806,239,6.2605
07068000,aifs,3,0.2772,0.5415,0.5790,1.0202,239,5.8701
07071500,aifs,3,0.2289,0.5066,0.5456,1.0048,239,6.5221
07083000,aifs,3,0.5469,0.6565,0.7572,1.2143,239,1.9467
07142300,aifs,3,0.1674,0.2211,0.4260,0.7755,239,4.7803
07145700,aifs,3,0.2462,0.1741,0.5166,0.7246,239,10.0951
07148400,aifs,3,0.0220,0.2735,0.3590,0.8724,239,4.4113
07149000,aifs,3,0.1779,0.4207,0.4900,0.9184,239,3.8350
07151500,aifs,3,0.2537,0.2662,0.5069,0.8025,239,6.7978
07167500,aifs,3,0.2502,0.4096,0.5196,0.9578,239,6.8389
07180500,aifs,3,0.2682,0.3470,0.5228,0.8603,239,6.8895
07184000,aifs,3,0.2550,0.2498,0.5103,0.8354,239,11.2477
07195800,aifs,3,0.2522,0.2927,0.5034,0.8901,239,9.5169
07196900,aifs,3,0.2668,0.3679,0.5209,0.9801,239,8.3532
07197000,aifs,3,0.2771,0.3867,0.5326,0.9272,239,7.9870
07208500,aifs,3,0.5408,0.6092,0.7358,0.9875,239,1.7622
07226500,aifs,3,0.3907,0.5023,0.6311,0.8492,239,1.9218
07261000,aifs,3,0.3691,0.4637,0.6090,0.9270,239,6.8619
07263295,aifs,3,0.3834,0.4114,0.6236,0.9035,239,7.2044
07290650,aifs,3,0.3769,0.4816,0.6154,0.9620,239,7.5896
07291000,aifs,3,0.4152,0.4982,0.6449,0.9358,239,7.4445
07292500,aifs,3,0.4429,0.5146,0.6665,0.9164,239,7.3225
07295000,aifs,3,0.4513,0.4787,0.6769,0.9036,239,8.1992
07299670,aifs,3,0.1067,0.2749,0.3922,0.9437,239,4.3186
07301410,aifs,3,0.1946,0.1296,0.4539,0.7833,239,5.0177
07301500,aifs,3,0.3458,0.4380,0.5887,0.9844,239,2.6247
07315200,aifs,3,0.1811,0.3306,0.4590,0.8761,239,6.1169
07315700,aifs,3,0.0512,0.3603,0.4299,1.2001,239,5.7999
07335700,aifs,3,0.2641,0.2320,0.5282,0.7081,239,9.4132
07340300,aifs,3,0.4326,0.4737,0.6615,0.8583,239,6.2583
07346045,aifs,3,0.3662,0.5574,0.6226,1.0133,239,5.7653
07359610,aifs,3,0.3992,0.3648,0.6508,0.7446,239,7.1827
07362100,aifs,3,0.2926,0.5649,0.6073,1.1422,239,5.9640
07362587,aifs,3,0.3138,0.2951,0.5726,0.7767,239,8.5068
07373000,aifs,3,0.5854,0.6287,0.7672,1.0074,239,5.8718
07375000,aifs,3,0.2142,0.2877,0.4745,0.8197,239,12.0856
07376000,aifs,3,0.3308,0.4006,0.5781,0.8624,239,9.7716
08013000,aifs,3,0.6129,0.5831,0.7991,0.9342,239,6.3459
08014500,aifs,3,0.6276,0.6220,0.8011,0.9366,239,6.0455
08023080,aifs,3,0.5565,0.5740,0.7525,1.0055,239,6.1926
08025500,aifs,3,0.5920,0.5255,0.8007,0.8982,239,7.0347
08029500,aifs,3,0.3752,0.4197,0.6150,0.8816,239,9.1298
08050800,aifs,3,0.3549,0.3624,0.6023,0.8102,239,7.6841
08066200,aifs,3,0.3024,0.3110,0.5554,0.8065,239,11.5065
08066300,aifs,3,0.1807,0.1612,0.4278,0.8315,239,16.0748
08070000,aifs,3,0.5150,0.6440,0.7216,1.0739,239,6.3272
08070200,aifs,3,0.5332,0.6472,0.7317,1.0438,239,6.3521
08079600,aifs,3,0.2799,0.4928,0.5607,1.0001,239,2.5629
08082700,aifs,3,0.1423,0.3082,0.4251,1.0624,239,4.9182
08086212,aifs,3,0.1860,0.3353,0.4591,0.9591,239,5.5556
08086290,aifs,3,0.2398,0.3855,0.5062,0.9883,239,5.3441
08101000,aifs,3,0.3704,0.5623,0.6416,1.1889,239,4.8635
08103900,aifs,3,0.3993,0.4712,0.6329,0.8910,239,7.2076
08104900,aifs,3,0.3066,0.3747,0.5562,0.8588,239,8.7633
08109700,aifs,3,0.3889,0.4530,0.6240,1.0169,239,8.3075
08150800,aifs,3,0.5180,0.4357,0.7497,0.7657,239,7.3934
08155200,aifs,3,0.2409,0.4526,0.5341,1.1245,239,7.2235
08158700,aifs,3,0.2847,0.5037,0.5744,1.1337,239,6.5868
08158810,aifs,3,0.3046,0.5505,0.5997,1.1146,239,6.1778
08164000,aifs,3,0.4510,0.6146,0.7004,1.2132,239,5.5009
08164300,aifs,3,0.4410,0.5362,0.6647,1.0634,239,7.2184
08164600,aifs,3,0.2949,0.5339,0.6061,1.2094,239,6.2825
08165300,aifs,3,0.5429,0.5586,0.7433,0.9308,239,6.4587
08171300,aifs,3,0.4020,0.5338,0.6391,1.0767,239,6.5240
08175000,aifs,3,0.3941,0.5316,0.6325,1.0122,239,6.7831
08176900,aifs,3,0.4922,0.6394,0.7270,1.2146,239,4.9201
08178880,aifs,3,0.4546,0.4836,0.6791,0.9430,239,7.8851
08189500,aifs,3,0.3805,0.5581,0.6342,1.1087,239,5.8281
08190000,aifs,3,0.5456,0.3767,0.8340,0.7555,239,9.7445
08190500,aifs,3,0.5017,0.3715,0.7847,0.7833,239,9.7474
08194200,aifs,3,0.2528,0.2083,0.5124,0.7025,239,7.4906
08195000,aifs,3,0.5833,0.4453,0.8355,0.8262,239,8.4204
08196000,aifs,3,0.5083,0.3811,0.7899,0.8006,239,10.4721
08198500,aifs,3,0.5251,0.4425,0.7652,0.8296,239,8.6611
08200000,aifs,3,0.3328,0.3611,0.5796,0.8843,239,9.8778
08202700,aifs,3,0.3608,0.3414,0.6129,0.8072,239,10.3607
08267500,aifs,3,0.4778,0.2946,0.7831,0.6260,239,2.7467
08269000,aifs,3,0.5406,0.5051,0.7523,0.8215,239,1.9096
08271000,aifs,3,0.4587,0.2616,0.7801,0.5919,239,2.9119
08324000,aifs,3,0.4257,0.5189,0.6589,0.8190,239,1.7529
08377900,aifs,3,0.3281,0.3395,0.5816,0.7782,239,3.1048
08378500,aifs,3,0.4104,0.4563,0.6449,0.8397,239,2.5332
08380500,aifs,3,0.3957,0.4348,0.6346,0.8157,239,2.3977
09034900,aifs,3,0.5499,0.4888,0.7681,0.7836,239,2.6545
09035900,aifs,3,0.5837,0.6982,0.7654,0.9810,239,1.8858
09047700,aifs,3,0.5200,0.6691,0.7266,1.0190,239,1.9221
09065500,aifs,3,0.5741,0.6799,0.7585,0.9818,239,1.9472
09066000,aifs,3,0.5001,0.6908,0.7422,1.1633,239,1.7978
09066200,aifs,3,0.5535,0.6338,0.7445,0.9468,239,2.1111
09066300,aifs,3,0.5595,0.6512,0.7484,0.9589,239,2.0404
09081600,aifs,3,0.6351,0.6596,0.8001,1.0698,239,2.6315
09107000,aifs,3,0.5433,0.4747,0.8061,1.4848,239,1.6668
09210500,aifs,3,0.5036,0.6949,0.7253,1.0432,239,1.6424
09223000,aifs,3,0.5737,0.7078,0.7613,1.0384,239,1.8759
09306242,aifs,3,0.5418,0.7133,0.7583,1.1398,239,1.9141
09312600,aifs,3,0.5030,0.6068,0.7111,1.0893,239,2.1872
09352900,aifs,3,0.7818,0.7759,0.8873,0.9357,239,2.0642
09378170,aifs,3,0.4497,0.2852,0.7188,0.5504,239,2.5894
09378630,aifs,3,0.4143,0.2454,0.6962,0.5296,239,2.8121
09386900,aifs,3,0.4652,0.4972,0.6860,0.8607,239,1.6650
09404450,aifs,3,0.4877,0.6296,0.7035,0.9434,239,2.0929
09430500,aifs,3,0.5795,0.6161,0.7662,0.8363,239,1.4838
09430600,aifs,3,0.3675,0.4309,0.6203,0.7451,239,2.2736
09447800,aifs,3,0.2834,0.6071,0.6278,0.8819,239,1.3898
09480000,aifs,3,0.3674,0.2815,0.6363,0.6137,239,2.7630
09484000,aifs,3,0.2892,0.3776,0.5519,0.7592,239,2.8179
09484600,aifs,3,0.4277,0.3504,0.6780,0.6350,239,2.3188
09492400,aifs,3,0.4179,0.3292,0.6828,0.6454,239,3.6232
09494000,aifs,3,0.4850,0.5244,0.7040,0.7753,239,2.4435
09497800,aifs,3,0.3069,0.5492,0.6045,0.8546,239,2.2124
09497980,aifs,3,0.3719,0.4718,0.6270,0.7390,239,2.5015
09505200,aifs,3,0.6140,0.7343,0.7858,0.9755,239,1.7927
09505350,aifs,3,0.5874,0.6928,0.7676,0.9500,239,1.9090
09505800,aifs,3,0.6025,0.7066,0.7773,0.9542,239,1.9624
09508300,aifs,3,0.3773,0.4858,0.6269,0.7761,239,2.3644
09510200,aifs,3,0.1678,0.2622,0.4418,0.7418,239,2.7336
09512280,aifs,3,0.0789,0.2745,0.3769,0.9962,239,2.5658
09513780,aifs,3,0.1055,0.3461,0.4227,0.9857,239,2.2157
10023000,aifs,3,0.5760,0.6774,0.7596,1.0337,239,2.3393
10166430,aifs,3,0.5611,0.5874,0.7533,0.8080,239,2.3713
10172700,aifs,3,0.5231,0.6629,0.7283,0.9367,239,1.8867
10172800,aifs,3,0.6449,0.5231,0.8283,0.7130,239,2.1808
10173450,aifs,3,0.5084,0.5104,0.7205,0.7899,239,2.5512
10205030,aifs,3,0.6567,0.5914,0.8294,0.8340,239,1.7833
10234500,aifs,3,0.5663,0.5533,0.7620,0.8127,239,2.3104
10242000,aifs,3,0.5478,0.4584,0.7645,0.7083,239,2.5640
10244950,aifs,3,0.5606,0.6657,0.7495,0.9652,239,1.8941
10249300,aifs,3,0.3717,0.6222,0.6591,1.1329,239,1.7934
10258000,aifs,3,0.6412,0.6928,0.8012,0.9322,239,2.1322
10258500,aifs,3,0.5750,0.5302,0.8400,1.3958,239,1.1879
10259000,aifs,3,0.6599,0.7093,0.8126,0.9086,239,1.6104
10259200,aifs,3,0.5536,0.4300,0.8224,1.5162,239,1.3404
10263500,aifs,3,0.4968,0.2556,0.7666,0.5243,239,4.1973
10310500,aifs,3,0.7635,0.6775,0.9058,1.2787,239,1.7689
10316500,aifs,3,0.3799,0.3037,0.6456,0.6760,239,2.9283
10329500,aifs,3,0.4193,0.4329,0.6530,0.8121,239,2.4963
10336645,aifs,3,0.8711,0.8325,0.9341,1.1426,239,2.9510
10336660,aifs,3,0.8781,0.8525,0.9395,1.0435,239,3.1253
10343500,aifs,3,0.8154,0.8216,0.9069,1.1509,239,2.3223
10348850,aifs,3,0.6619,0.3593,0.9217,0.6079,239,5.3024
10396000,aifs,3,0.5223,0.4454,0.7424,0.6948,239,2.3235
11098000,aifs,3,0.3990,0.1580,0.6873,0.4616,239,6.3390
11124500,aifs,3,0.4018,0.3854,0.6399,0.7684,239,5.3692
11141280,aifs,3,0.6653,0.5091,0.8417,0.7047,239,3.6519
11143000,aifs,3,0.4619,0.1846,0.7536,0.4481,239,7.4341
11148900,aifs,3,0.6227,0.5921,0.7920,0.7576,239,3.3595
11151300,aifs,3,0.6458,0.6285,0.8067,0.8073,239,2.2282
11162500,aifs,3,0.5603,0.5491,0.7517,0.7398,239,4.2119
11176400,aifs,3,0.5687,0.7769,0.7793,1.0229,239,2.2261
11180500,aifs,3,0.5202,0.7494,0.7562,1.0554,239,2.6444
11180960,aifs,3,0.5518,0.6625,0.7462,0.8821,239,3.0684
11224500,aifs,3,0.6423,0.5355,0.8152,0.7226,239,1.9499
11253310,aifs,3,0.6934,0.5493,0.8555,0.7341,239,1.4715
11264500,aifs,3,0.0991,0.0169,0.8364,1.7755,239,4.5119
11266500,aifs,3,0.2409,0.1434,0.8352,1.6866,239,4.4624
11274500,aifs,3,0.6171,0.7647,0.7939,0.9333,239,2.0032
11274630,aifs,3,0.5861,0.7827,0.7894,1.0501,239,1.8938
11284400,aifs,3,0.7679,0.6361,0.9079,1.3260,239,2.4460
11299600,aifs,3,0.5895,0.6136,0.8225,1.3257,239,3.1782
11381500,aifs,3,0.5143,0.6418,0.7202,0.9419,239,6.3153
11383500,aifs,3,0.5448,0.6584,0.7398,0.9369,239,6.2080
11451100,aifs,3,0.6299,0.8069,0.8212,1.0657,239,3.1579
11468500,aifs,3,0.7895,0.8568,0.8893,1.0521,239,3.0702
11473900,aifs,3,0.7321,0.7359,0.8582,0.9128,239,3.5617
11475560,aifs,3,0.5555,0.3099,0.8210,0.5689,239,8.7203
11476600,aifs,3,0.6256,0.7554,0.7946,0.9735,239,4.5049
11478500,aifs,3,0.7687,0.7509,0.8806,0.9046,239,3.5516
11480390,aifs,3,0.7104,0.7202,0.8457,0.9261,239,3.7419
11481200,aifs,3,0.7347,0.6728,0.8668,0.8426,239,4.1006
11482500,aifs,3,0.7167,0.5898,0.8679,0.7674,239,4.7482
11522500,aifs,3,0.8220,0.8606,0.9067,1.0255,239,2.5237
11523200,aifs,3,0.7222,0.7411,0.8511,0.8820,239,3.4726
11528700,aifs,3,0.7655,0.7990,0.8755,0.9619,239,2.9356
11532500,aifs,3,0.7108,0.6155,0.8563,0.7759,239,5.9566
12010000,aifs,3,0.6104,0.4743,0.8162,0.6626,239,7.1281
12013500,aifs,3,0.6430,0.6723,0.8069,0.8111,239,5.3505
12020000,aifs,3,0.6990,0.8150,0.8440,0.9127,239,4.1134
12025000,aifs,3,0.7546,0.8170,0.8709,0.9019,239,3.5766
12025700,aifs,3,0.7277,0.7767,0.8841,1.1591,239,3.3942
12035000,aifs,3,0.7516,0.6015,0.8920,0.7396,239,5.5219
12040500,aifs,3,0.7797,0.6431,0.9040,0.7646,239,5.9860
12041200,aifs,3,0.7324,0.5264,0.9049,0.6925,239,7.2499
12043000,aifs,3,0.7859,0.6031,0.9211,0.7466,239,5.1056
12048000,aifs,3,0.4098,0.4537,0.7478,1.4793,239,4.0288
12054000,aifs,3,0.6882,0.6779,0.8375,0.9739,239,4.9954
12056500,aifs,3,0.7466,0.6526,0.8825,0.8372,239,5.9774
12073500,aifs,3,0.6503,0.7572,0.8085,1.0549,239,3.3674
12082500,aifs,3,0.8398,0.9148,0.9186,1.0172,239,3.8402
12092000,aifs,3,0.8315,0.8723,0.9120,0.9679,239,3.9751
12095000,aifs,3,0.7507,0.7861,0.8899,1.1656,239,3.6925
12114500,aifs,3,0.7672,0.5618,0.9190,0.7258,239,5.5750
12115000,aifs,3,0.7765,0.5701,0.9238,0.7328,239,5.4350
12115500,aifs,3,0.8017,0.6048,0.9349,0.7696,239,5.1355
12117000,aifs,3,0.7955,0.6029,0.9295,0.7588,239,5.1609
12141300,aifs,3,0.7426,0.5077,0.9217,0.6879,239,6.7827
12143600,aifs,3,0.7834,0.5704,0.9336,0.7474,239,5.8445
12144000,aifs,3,0.8029,0.6174,0.9328,0.7822,239,5.2199
12145500,aifs,3,0.7919,0.6737,0.9075,0.8030,239,4.2317
12147600,aifs,3,0.6419,0.3942,0.8919,0.6162,239,9.7990
12167000,aifs,3,0.7986,0.6665,0.9211,0.8604,239,5.0467
12175500,aifs,3,0.8100,0.8146,0.9019,0.9805,239,3.4450
12186000,aifs,3,0.8057,0.6641,0.9217,0.8128,239,5.1377
12189500,aifs,3,0.8407,0.7965,0.9228,0.9340,239,3.9165
12358500,aifs,3,0.7884,0.7488,0.8958,0.9265,239,3.1852
12377150,aifs,3,0.6873,0.6362,0.8417,0.7620,239,3.7124
12381400,aifs,3,0.7480,0.7470,0.8692,0.8409,239,2.9986
12390700,aifs,3,0.7402,0.8079,0.8751,1.1446,239,2.3466
12411000,aifs,3,0.6728,0.7761,0.8221,1.0477,239,3.1593
12414500,aifs,3,0.7954,0.8670,0.8977,1.0847,239,2.5480
12447390,aifs,3,0.2838,0.3030,0.6838,1.6194,239,2.3474
12451000,aifs,3,0.7070,0.6632,0.8855,1.2874,239,3.0271
12488500,aifs,3,0.8796,0.9036,0.9379,0.9939,239,2.8059
13011500,aifs,3,0.7076,0.6821,0.8612,1.2849,239,1.9750
13011900,aifs,3,0.6990,0.7537,0.8440,1.1711,239,1.9304
13018300,aifs,3,0.5887,0.6864,0.7824,1.2034,239,2.3732
13023000,aifs,3,0.5811,0.7300,0.7828,1.1502,239,1.9866
13161500,aifs,3,0.4630,0.4177,0.7376,1.5184,239,1.5604
13235000,aifs,3,0.6468,0.7684,0.8080,1.0530,239,2.6050
13240000,aifs,3,0.6918,0.6741,0.8381,0.8489,239,3.1662
13310700,aifs,3,0.6792,0.8105,0.8383,1.0978,239,2.4747
13313000,aifs,3,0.6531,0.6851,0.8106,0.8855,239,3.0811
13331500,aifs,3,0.6460,0.5951,0.8166,0.8004,239,2.9866
13337000,aifs,3,0.8307,0.9116,0.9153,1.0254,239,2.4648
13338500,aifs,3,0.5595,0.6413,0.8047,1.2926,239,3.0536
13340000,aifs,3,0.7754,0.8428,0.8921,1.1116,239,2.3972
13340600,aifs,3,0.8471,0.8886,0.9204,0.9837,239,2.6322
14020000,aifs,3,0.7089,0.6640,0.8507,0.8373,239,2.6197
14092750,aifs,3,0.7577,0.8766,0.8794,0.9744,239,2.7773
14096850,aifs,3,0.3666,0.5657,0.7439,1.3098,239,2.7707
14137000,aifs,3,0.7978,0.8513,0.8953,0.9110,239,3.8578
14138800,aifs,3,0.8055,0.5926,0.9293,0.7083,239,5.1660
14138870,aifs,3,0.8409,0.6301,0.9471,0.7444,239,4.8389
14138900,aifs,3,0.7707,0.4709,0.9507,0.6335,239,6.8960
14139800,aifs,3,0.8199,0.6302,0.9297,0.7284,239,5.0049
14141500,aifs,3,0.8529,0.7963,0.9271,0.8516,239,3.8674
14154500,aifs,3,0.7374,0.8154,0.8886,1.0940,239,2.8746
14158500,aifs,3,0.8364,0.8751,0.9166,0.9150,239,2.8789
14158790,aifs,3,0.8034,0.5790,0.9331,0.6979,239,4.0401
14166500,aifs,3,0.7320,0.8286,0.8572,0.9758,239,3.3075
14182500,aifs,3,0.6567,0.8160,0.8424,1.0634,239,4.7760
14185000,aifs,3,0.7970,0.8286,0.9146,1.1024,239,3.2497
14185900,aifs,3,0.8340,0.9029,0.9156,0.9577,239,3.5314
14187000,aifs,3,0.7882,0.8933,0.8947,1.0167,239,3.4555
14216500,aifs,3,0.8830,0.9351,0.9410,0.9750,239,3.1959
14222500,aifs,3,0.7162,0.4638,0.9156,0.6607,239,7.9717
14236200,aifs,3,0.8669,0.9033,0.9312,0.9705,239,3.1468
14301000,aifs,3,0.7364,0.5971,0.8862,0.7767,239,4.6065
14303200,aifs,3,0.5950,0.3982,0.8290,0.6214,239,7.4246
14305500,aifs,3,0.5279,0.3391,0.7846,0.5784,239,9.4949
14306340,aifs,3,0.7070,0.7152,0.8440,0.8181,239,3.8479
14306500,aifs,3,0.6719,0.7185,0.8227,0.8398,239,4.3929
14308990,aifs,3,0.7162,0.7696,0.8704,1.1792,239,2.4012
14309500,aifs,3,0.7035,0.7760,0.8418,0.8784,239,3.6789
14316700,aifs,3,0.7455,0.8024,0.8981,1.0926,239,2.6858
14325000,aifs,3,0.6104,0.6450,0.7864,0.7805,239,5.2605
14362250,aifs,3,0.6529,0.6281,0.8473,1.3289,239,2.4598
14400000,aifs,3,0.5892,0.6075,0.7718,0.7610,239,7.2725
01013500,aifs,4,0.4039,0.5945,0.7090,1.2823,239,4.2673
01022500,aifs,4,0.2589,0.5021,0.6134,1.3058,239,5.4300
01030500,aifs,4,0.4205,0.6321,0.6935,1.1874,239,4.1299
01031500,aifs,4,0.2856,0.5240,0.6166,1.2641,239,4.8229
01047000,aifs,4,0.4032,0.5941,0.6720,1.2026,239,4.7448
01052500,aifs,4,0.3049,0.5075,0.6373,1.3210,239,4.6696
01054200,aifs,4,0.4989,0.6203,0.7095,1.0767,239,5.1294
01055000,aifs,4,0.3802,0.6311,0.6712,1.1500,239,4.5379
01057000,aifs,4,0.3072,0.5943,0.6301,1.1474,239,5.0542
01073000,aifs,4,0.2415,0.5207,0.5814,1.2005,239,5.2832
01078000,aifs,4,0.2554,0.5048,0.5576,1.0768,239,5.4215
01118300,aifs,4,0.2820,0.3424,0.5382,0.7879,239,9.7899
01121000,aifs,4,0.3493,0.5292,0.6178,0.8345,239,6.6598
01123000,aifs,4,0.3045,0.4881,0.5846,0.8211,239,7.2393
01134500,aifs,4,0.3619,0.5369,0.6189,1.0978,239,5.2226
01137500,aifs,4,0.3937,0.5618,0.6467,1.1453,239,5.1194
01139000,aifs,4,0.2614,0.4459,0.5675,1.2702,239,5.3208
01139800,aifs,4,0.2881,0.4577,0.5543,1.0246,239,5.8399
01142500,aifs,4,0.2887,0.5000,0.5950,1.2340,239,4.8630
01144000,aifs,4,0.3612,0.5450,0.6183,1.0624,239,4.9612
01169000,aifs,4,0.5960,0.7276,0.7770,1.0692,239,4.4185
01170100,aifs,4,0.6086,0.7330,0.7872,1.1097,239,4.2403
01181000,aifs,4,0.5523,0.7136,0.7517,0.9594,239,5.0621
01187300,aifs,4,0.4122,0.6888,0.7110,1.1146,239,5.0732
01195100,aifs,4,0.1453,0.3207,0.4498,0.7748,239,8.8905
01333000,aifs,4,0.5778,0.6730,0.7638,1.1262,239,4.5350
01350000,aifs,4,0.3560,0.4052,0.5980,0.9171,239,8.1122
01350080,aifs,4,0.3645,0.5042,0.6097,1.0130,239,6.2953
01350140,aifs,4,0.3726,0.4948,0.6137,0.9705,239,5.9289
01365000,aifs,4,0.3875,0.5208,0.6269,1.0212,239,6.5838
01411300,aifs,4,0.1560,0.1609,0.4021,0.8049,239,9.9192
01413500,aifs,4,0.3998,0.4143,0.6399,0.8588,239,7.4007
01414500,aifs,4,0.3763,0.4045,0.6179,0.9470,239,8.0327
01415000,aifs,4,0.4994,0.5273,0.7120,0.9282,239,5.5648
01423000,aifs,4,0.4879,0.5126,0.7047,0.8901,239,5.5673
01434025,aifs,4,0.3788,0.3928,0.6228,0.8551,239,8.4523
01435000,aifs,4,0.3744,0.4229,0.6138,0.9076,239,7.9877
01439500,aifs,4,0.4079,0.4935,0.6443,0.8335,239,5.8668
01440000,aifs,4,0.4117,0.4777,0.6454,0.8412,239,6.1904
01440400,aifs,4,0.3972,0.4207,0.6415,0.7508,239,6.5414
01451800,aifs,4,0.4366,0.6108,0.6723,0.9568,239,5.1318
01466500,aifs,4,0.3533,0.4905,0.6017,0.9297,239,5.7815
01484100,aifs,4,0.3096,0.4135,0.5591,1.0145,239,6.4742
01485500,aifs,4,0.2641,0.3004,0.5171,0.8410,239,8.0655
01486000,aifs,4,0.2710,0.2971,0.5232,0.8597,239,8.2468
01487000,aifs,4,0.3531,0.4171,0.5943,1.0039,239,6.6350
01491000,aifs,4,0.3107,0.5060,0.5885,1.1449,239,5.1450
01510000,aifs,4,0.4637,0.5694,0.6816,0.9875,239,5.3348
01516500,aifs,4,0.4988,0.6636,0.7157,0.9468,239,4.1032
01518862,aifs,4,0.4866,0.6216,0.7029,0.9226,239,4.3822
01532000,aifs,4,0.4155,0.5377,0.6480,0.9348,239,5.3298
01539000,aifs,4,0.3550,0.5068,0.6103,0.8724,239,5.8260
01542810,aifs,4,0.3618,0.5744,0.6271,0.9468,239,5.2673
01543000,aifs,4,0.3983,0.6170,0.6573,0.9444,239,4.9325
01543500,aifs,4,0.4553,0.6050,0.6847,0.8983,239,5.0497
01544500,aifs,4,0.4819,0.6562,0.7049,0.9692,239,4.5505
01545600,aifs,4,0.4790,0.6488,0.7014,1.0060,239,4.6688
01547700,aifs,4,0.2461,0.2518,0.5011,0.8154,239,9.3278
01548500,aifs,4,0.4837,0.6730,0.7102,0.9639,239,4.2420
01549500,aifs,4,0.4990,0.6398,0.7104,0.9948,239,4.6513
01550000,aifs,4,0.4438,0.5530,0.6675,0.9571,239,5.4635
01552000,aifs,4,0.3559,0.4398,0.5993,0.8844,239,6.7108
01552500,aifs,4,0.3708,0.5419,0.6242,0.9102,239,5.5608
01557500,aifs,4,0.3481,0.3307,0.6082,0.7287,239,7.6290
01567500,aifs,4,0.4142,0.4422,0.6502,0.8148,239,5.9679
01568000,aifs,4,0.4642,0.5157,0.6866,0.8250,239,5.0508
01580000,aifs,4,0.4430,0.6106,0.6756,0.9559,239,4.6480
01583500,aifs,4,0.4829,0.6292,0.6998,1.0074,239,4.4490
01586610,aifs,4,0.4717,0.6032,0.6899,0.9733,239,4.5503
01591400,aifs,4,0.4655,0.4348,0.6999,0.7675,239,5.9477
01596500,aifs,4,0.2655,0.3871,0.5245,0.9378,239,6.2738
01605500,aifs,4,0.4243,0.5053,0.6520,0.9381,239,5.0609
01606500,aifs,4,0.4463,0.5594,0.6697,0.9602,239,4.6117
01613050,aifs,4,0.3989,0.4611,0.6387,0.8066,239,5.1291
01620500,aifs,4,0.5125,0.6058,0.7163,1.0463,239,3.9545
01632000,aifs,4,0.3661,0.3581,0.6289,0.6852,239,5.6117
01632900,aifs,4,0.3562,0.3548,0.6133,0.7081,239,5.5159
01634500,aifs,4,0.3891,0.4037,0.6353,0.7538,239,5.4256
01638480,aifs,4,0.4082,0.4658,0.6442,0.8173,239,5.2950
01639500,aifs,4,0.4418,0.5910,0.6709,0.9618,239,4.5978
01644000,aifs,4,0.4338,0.4888,0.6665,0.7898,239,4.8361
01658500,aifs,4,0.4020,0.4081,0.6451,0.7574,239,5.6144
01664000,aifs,4,0.3505,0.3707,0.6104,0.6997,239,5.5083
01666500,aifs,4,0.3314,0.3550,0.5931,0.7055,239,5.6160
01667500,aifs,4,0.3498,0.3889,0.6064,0.7268,239,5.2863
01669000,aifs,4,0.2323,0.3358,0.4919,0.9020,239,7.1193
01669520,aifs,4,0.2617,0.3660,0.5181,0.9250,239,6.9334
02011400,aifs,4,0.4494,0.5892,0.6745,0.9989,239,4.4320
02011460,aifs,4,0.4529,0.5781,0.6760,1.0506,239,4.7013
02013000,aifs,4,0.2863,0.4560,0.5553,0.9156,239,5.3147
02014000,aifs,4,0.3331,0.5346,0.6008,0.9499,239,4.5974
02015700,aifs,4,0.4569,0.5511,0.6769,1.0725,239,4.5430
02016000,aifs,4,0.4726,0.6253,0.6948,1.0621,239,3.9330
02017500,aifs,4,0.2969,0.5753,0.6024,1.0462,239,4.1768
02018000,aifs,4,0.3325,0.6122,0.6339,1.0723,239,3.8902
02027000,aifs,4,0.4451,0.6110,0.6852,1.1502,239,3.8946
02027500,aifs,4,0.4280,0.5977,0.6677,1.0964,239,4.1039
02028500,aifs,4,0.4153,0.5484,0.6510,0.9006,239,4.3436
02038850,aifs,4,0.2941,0.4606,0.5632,0.8826,239,4.9754
02046000,aifs,4,0.3628,0.4721,0.6082,0.8697,239,5.4887
02051000,aifs,4,0.3451,0.4096,0.5910,0.8380,239,5.9449
02051500,aifs,4,0.3908,0.5022,0.6283,0.9137,239,5.1816
02053200,aifs,4,0.3313,0.4760,0.5839,1.0049,239,5.9563
02053800,aifs,4,0.3829,0.5400,0.6346,0.8635,239,4.2066
02055100,aifs,4,0.1998,0.4590,0.5683,1.3089,239,4.2889
02056900,aifs,4,0.3905,0.4896,0.6321,0.8342,239,4.6384
02059500,aifs,4,0.4383,0.6749,0.6927,1.0236,239,3.4948
02064000,aifs,4,0.3270,0.5788,0.6254,1.1432,239,4.0815
02065500,aifs,4,0.3383,0.5676,0.6144,1.0516,239,4.2987
02069700,aifs,4,0.3572,0.4062,0.6035,0.8074,239,5.6656
02070000,aifs,4,0.3478,0.3936,0.5973,0.7818,239,5.6399
02074500,aifs,4,0.3062,0.3818,0.5538,0.9783,239,6.2067
02077200,aifs,4,0.3043,0.5641,0.5990,1.0319,239,4.6211
02081500,aifs,4,0.3567,0.5258,0.6095,1.0003,239,5.0960
02082950,aifs,4,0.3992,0.5756,0.6686,1.2294,239,4.2310
02092500,aifs,4,0.2374,0.5339,0.5914,1.2068,239,5.4810
02096846,aifs,4,0.2322,0.2920,0.4849,0.8908,239,7.8974
02102908,aifs,4,0.3786,0.4582,0.6163,0.9116,239,6.5393
02108000,aifs,4,0.3829,0.6101,0.6505,1.0817,239,5.0860
02111180,aifs,4,0.3934,0.4209,0.6356,0.7880,239,5.8072
02111500,aifs,4,0.4174,0.4423,0.6534,0.8028,239,5.5874
02118500,aifs,4,0.4362,0.5641,0.6664,0.8946,239,4.6902
02128000,aifs,4,0.4684,0.5890,0.6868,0.9439,239,4.8141
02137727,aifs,4,0.3471,0.3835,0.5961,0.8003,239,6.7564
02140991,aifs,4,0.4400,0.4998,0.6672,0.8502,239,5.3812
02143000,aifs,4,0.4420,0.5149,0.6678,0.8608,239,5.2800
02143040,aifs,4,0.4329,0.5348,0.6619,0.8759,239,5.2853
02149000,aifs,4,0.3406,0.3010,0.6035,0.7186,239,8.1241
02152100,aifs,4,0.4818,0.5939,0.6969,0.9139,239,4.8323
02177000,aifs,4,0.3265,0.5057,0.5885,0.9669,239,7.3799
02178400,aifs,4,0.2949,0.5719,0.5988,1.0036,239,6.3992
02193340,aifs,4,0.4575,0.5870,0.6908,1.1961,239,5.3552
02196000,aifs,4,0.4260,0.5438,0.6544,1.0028,239,6.0383
02198100,aifs,4,0.3652,0.3499,0.6181,0.8006,239,8.3361
02202600,aifs,4,0.2167,0.4530,0.5291,1.1569,239,5.3143
02212600,aifs,4,0.4431,0.5574,0.6670,1.0121,239,6.3750
02215100,aifs,4,0.3350,0.4148,0.5806,0.9079,239,6.9036
02216180,aifs,4,0.2745,0.2683,0.5324,0.8285,239,8.4929
02221525,aifs,4,0.5183,0.6498,0.7235,1.0540,239,5.2772
02231000,aifs,4,0.3880,0.4917,0.6246,0.9496,239,5.2431
02231342,aifs,4,0.2153,0.3637,0.4870,1.0695,239,5.9840
02235200,aifs,4,0.2830,0.4115,0.5402,0.9805,239,5.8783
02245500,aifs,4,0.2620,0.4129,0.5354,1.1474,239,5.4759
02246000,aifs,4,0.3080,0.4960,0.5778,1.0686,239,4.8825
02296500,aifs,4,0.3046,0.4096,0.5607,0.8785,239,5.0850
02297155,aifs,4,0.2012,0.2294,0.4557,0.8422,239,7.4259
02297310,aifs,4,0.2219,0.2444,0.4874,0.7737,239,6.9000
02298123,aifs,4,0.1519,0.2182,0.4086,0.8620,239,6.6073
02298608,aifs,4,0.1236,0.1471,0.3819,0.7615,239,7.9175
02299950,aifs,4,0.1033,0.1833,0.3594,0.8782,239,7.4545
02300700,aifs,4,0.1019,0.1362,0.3397,0.9137,239,8.8659
02310947,aifs,4,0.1812,0.2886,0.4416,1.0037,239,6.9747
02312200,aifs,4,0.1512,0.2117,0.3992,0.9940,239,8.3769
02314500,aifs,4,0.3860,0.4077,0.6289,0.8617,239,6.0670
02315500,aifs,4,0.4442,0.4791,0.6725,0.8743,239,5.2722
02324400,aifs,4,0.2871,0.2619,0.5526,0.8095,239,8.8150
02327100,aifs,4,0.2116,0.2816,0.4695,0.8640,239,7.8615
02349900,aifs,4,0.3011,0.3400,0.5538,0.8247,239,7.9024
02350900,aifs,4,0.3699,0.5275,0.6180,0.9540,239,5.9095
02361000,aifs,4,0.4125,0.5672,0.6495,0.9872,239,5.4537
02363000,aifs,4,0.4983,0.5950,0.7060,1.0025,239,5.5680
02369800,aifs,4,0.4131,0.2977,0.7095,0.7025,239,9.8899
02371500,aifs,4,0.4307,0.4858,0.6576,0.9513,239,7.0415
02372250,aifs,4,0.4227,0.4925,0.6521,0.8867,239,6.9376
02374500,aifs,4,0.3897,0.4343,0.6284,0.8398,239,7.8291
02381600,aifs,4,0.1458,0.3119,0.4304,0.9083,239,9.3063
02384540,aifs,4,0.1406,0.3874,0.4570,0.9683,239,8.1313
02395120,aifs,4,0.1864,0.4598,0.5225,1.1652,239,6.7616
02408540,aifs,4,0.1051,0.3525,0.4257,0.9797,239,8.9544
02415000,aifs,4,0.1562,0.3250,0.4429,0.8856,239,9.3608
02422500,aifs,4,0.1655,0.4564,0.5068,1.1188,239,7.9941
02427250,aifs,4,0.3308,0.5864,0.6187,1.0431,239,6.2753
02430085,aifs,4,0.4144,0.5076,0.6439,1.0155,239,6.6046
02450250,aifs,4,0.3331,0.3979,0.5839,0.8063,239,7.8870
02464000,aifs,4,0.2840,0.3229,0.5354,0.8638,239,9.5093
02465493,aifs,4,0.3053,0.5084,0.5803,1.0739,239,7.1163
02469800,aifs,4,0.3966,0.5959,0.6486,0.9660,239,7.0393
02472000,aifs,4,0.3875,0.5185,0.6271,0.9488,239,8.1856
02472500,aifs,4,0.2497,0.4320,0.5308,0.8820,239,9.8834
02479155,aifs,4,0.4887,0.4440,0.7231,0.8251,239,9.4380
02479300,aifs,4,0.4147,0.2671,0.7320,0.6674,239,13.4006
02481000,aifs,4,0.3449,0.1648,0.7156,0.5868,239,17.0320
02481510,aifs,4,0.3980,0.2460,0.7135,0.6161,239,13.4235
03010655,aifs,4,0.4496,0.5778,0.6755,0.9153,239,4.9043
03011800,aifs,4,0.4190,0.5167,0.6498,0.9066,239,5.8949
03015500,aifs,4,0.3880,0.6199,0.6552,1.0670,239,5.0423
03021350,aifs,4,0.3964,0.5487,0.6368,0.9940,239,5.8342
03026500,aifs,4,0.4153,0.5449,0.6498,0.9186,239,5.5554
03028000,aifs,4,0.4071,0.5358,0.6431,0.9246,239,5.7826
03049800,aifs,4,0.3488,0.4611,0.5948,0.9199,239,7.1447
03050000,aifs,4,0.3161,0.4099,0.5646,0.9396,239,7.6292
03066000,aifs,4,0.3653,0.4137,0.6079,0.8808,239,6.5433
03069500,aifs,4,0.3763,0.4760,0.6150,0.9455,239,6.0953
03070500,aifs,4,0.4235,0.5756,0.6575,0.9765,239,5.7988
03076600,aifs,4,0.2560,0.3249,0.5132,0.8489,239,7.7488
03078000,aifs,4,0.2181,0.3109,0.4757,0.9235,239,7.8408
03140000,aifs,4,0.2834,0.4612,0.5555,0.9124,239,6.0217
03144000,aifs,4,0.3269,0.3586,0.5844,0.7512,239,7.1632
03159540,aifs,4,0.2127,0.2997,0.4762,0.8318,239,8.2475
03161000,aifs,4,0.3690,0.4627,0.6139,0.8454,239,5.4074
03164000,aifs,4,0.4305,0.5382,0.6639,0.8471,239,4.5020
03165000,aifs,4,0.4355,0.4222,0.6749,0.7573,239,5.3515
03170000,aifs,4,0.4097,0.5241,0.6497,0.8369,239,4.2896
03173000,aifs,4,0.4050,0.6110,0.6611,0.9083,239,3.8401
03180500,aifs,4,0.3869,0.5383,0.6331,1.1021,239,5.3286
03182500,aifs,4,0.4547,0.6091,0.6846,1.0983,239,4.5769
03186500,aifs,4,0.3724,0.5210,0.6187,0.9443,239,5.8749
03187500,aifs,4,0.3680,0.5278,0.6167,0.9695,239,5.8328
03213700,aifs,4,0.3738,0.5332,0.6207,0.9969,239,5.5853
03237280,aifs,4,0.1982,0.3918,0.4848,0.9907,239,6.9735
03237500,aifs,4,0.2556,0.4243,0.5270,0.9597,239,6.7886
03241500,aifs,4,0.3106,0.3104,0.5680,0.7791,239,8.2722
03280700,aifs,4,0.2001,0.4465,0.5110,1.0842,239,6.4700
03281100,aifs,4,0.2199,0.4828,0.5337,1.0660,239,6.1203
03281500,aifs,4,0.2646,0.5117,0.5632,1.0610,239,5.7495
03285000,aifs,4,0.3056,0.3929,0.5545,0.9452,239,7.4652
03291780,aifs,4,0.3521,0.3901,0.5961,0.8970,239,8.2999
03300400,aifs,4,0.3447,0.3778,0.5917,0.8546,239,7.8174
03340800,aifs,4,0.2750,0.2905,0.5308,0.7963,239,8.8177
03346000,aifs,4,0.3844,0.4223,0.6250,0.8289,239,6.8573
03364500,aifs,4,0.2731,0.2011,0.5530,0.7009,239,11.2725
03366500,aifs,4,0.3369,0.3870,0.5823,0.8886,239,8.2444
03368000,aifs,4,0.2774,0.2186,0.5522,0.6932,239,11.0840
03384450,aifs,4,0.2393,0.3160,0.4944,0.8880,239,8.2937
03439000,aifs,4,0.4247,0.5484,0.6590,0.8732,239,6.0402
03450000,aifs,4,0.3126,0.4757,0.5762,0.9038,239,5.4376
03455500,aifs,4,0.4228,0.5976,0.6678,0.8838,239,5.4883
03456500,aifs,4,0.3605,0.5004,0.6213,0.8051,239,5.4121
03460000,aifs,4,0.3107,0.5016,0.5838,0.8946,239,5.9690
03463300,aifs,4,0.3340,0.3741,0.5929,0.7460,239,6.5142
03471500,aifs,4,0.3298,0.5019,0.5929,0.9013,239,4.9865
03473000,aifs,4,0.2948,0.4798,0.5695,0.8893,239,5.2938
03479000,aifs,4,0.3743,0.5504,0.6302,0.8922,239,4.7501
03488000,aifs,4,0.3231,0.5234,0.5924,0.9540,239,5.0855
03498500,aifs,4,0.2204,0.4750,0.5292,0.9541,239,6.7775
03500000,aifs,4,0.2321,0.5494,0.5709,1.0594,239,6.4814
03504000,aifs,4,0.2770,0.4694,0.5604,0.8587,239,7.4306
03574500,aifs,4,0.2368,0.4212,0.5161,0.9477,239,8.1165
03604000,aifs,4,0.3960,0.4169,0.6370,0.8024,239,7.5688
04015330,aifs,4,0.2240,0.3753,0.4954,0.9242,239,5.7436
04024430,aifs,4,0.1771,0.5044,0.5390,1.1288,239,4.5642
04027000,aifs,4,-0.0378,0.3288,0.4586,1.3907,239,4.6249
04040500,aifs,4,0.0792,0.3915,0.4406,1.0877,239,5.1140
04043050,aifs,4,0.1457,0.4044,0.4669,1.0233,239,4.5034
04045500,aifs,4,0.0855,0.4078,0.4879,1.2629,239,4.8840
04056500,aifs,4,0.0953,0.4366,0.5223,1.2882,239,4.5319
04057510,aifs,4,0.1759,0.4564,0.5105,1.1206,239,5.0750
04057800,aifs,4,0.2121,0.4821,0.5327,1.0927,239,4.7842
04059500,aifs,4,0.2529,0.5405,0.5789,1.1195,239,4.4876
04063700,aifs,4,0.1230,0.4476,0.5387,1.2956,239,4.4638
04074950,aifs,4,0.1176,0.4657,0.4966,1.1026,239,4.9460
04105700,aifs,4,0.3148,0.4457,0.5690,0.9293,239,5.9661
04115265,aifs,4,0.3700,0.4950,0.6118,0.9859,239,5.7061
04122200,aifs,4,0.4530,0.5696,0.6754,1.0640,239,5.3290
04122500,aifs,4,0.3808,0.5547,0.6318,1.0803,239,5.3350
04124000,aifs,4,0.4186,0.4023,0.6629,0.7940,239,6.5709
04127997,aifs,4,0.4629,0.4899,0.6861,0.8844,239,5.6858
04185000,aifs,4,0.3638,0.4624,0.6114,0.8343,239,5.2465
04196800,aifs,4,0.3605,0.4780,0.6079,0.8727,239,5.6513
04197100,aifs,4,0.2642,0.3667,0.5219,0.8911,239,6.7830
04197170,aifs,4,0.2866,0.4316,0.5476,0.9461,239,6.0445
04213000,aifs,4,0.4229,0.6011,0.6663,1.0935,239,4.8635
04213075,aifs,4,0.3401,0.4966,0.5968,1.0964,239,5.8476
04216418,aifs,4,0.4039,0.5016,0.6410,0.8679,239,5.7227
04221000,aifs,4,0.5004,0.6276,0.7103,0.9545,239,4.3816
04224775,aifs,4,0.3871,0.5092,0.6253,0.9613,239,5.3925
04256000,aifs,4,0.3438,0.5940,0.6387,1.1388,239,4.8396
04296000,aifs,4,0.3072,0.4935,0.6098,1.2717,239,5.1972
05057000,aifs,4,0.1723,0.4742,0.5555,1.2665,239,3.3991
05057200,aifs,4,-0.0006,0.3836,0.4837,1.3333,239,3.4463
05062500,aifs,4,0.0142,0.3736,0.4201,1.1524,239,4.3705
05087500,aifs,4,0.2465,0.3912,0.5120,1.0214,239,4.6180
05120500,aifs,4,0.2214,0.4820,0.5821,1.2924,239,3.5498
05123400,aifs,4,0.2920,0.5264,0.5803,1.0653,239,4.2319
05129115,aifs,4,0.2286,0.4472,0.5262,1.1167,239,3.8837
05131500,aifs,4,0.1975,0.4638,0.5217,1.1203,239,3.7230
05291000,aifs,4,0.3376,0.3505,0.5873,1.0708,239,5.5871
05362000,aifs,4,0.0720,0.4103,0.4757,1.2294,239,4.9562
05393500,aifs,4,0.0712,0.3794,0.4408,1.1631,239,5.4303
05399500,aifs,4,0.1919,0.3622,0.4719,0.9474,239,6.3794
05408000,aifs,4,0.1949,0.2622,0.4513,0.8551,239,8.0775
05412500,aifs,4,0.3752,0.4699,0.6149,0.9026,239,5.9814
05413500,aifs,4,0.4008,0.4322,0.6375,0.8833,239,6.6729
05414000,aifs,4,0.3725,0.4290,0.6114,0.9307,239,6.6912
05444000,aifs,4,0.4153,0.5694,0.6561,1.1198,239,5.5305
05454000,aifs,4,0.4051,0.4555,0.6392,0.8593,239,6.6737
05458000,aifs,4,0.2374,0.3605,0.5011,0.9023,239,6.8942
05466500,aifs,4,0.4699,0.3970,0.7155,0.7373,239,7.6843
05487980,aifs,4,0.2360,0.3163,0.4994,0.7904,239,7.8643
05488200,aifs,4,0.2354,0.2331,0.4918,0.7570,239,9.5454
05489000,aifs,4,0.2317,0.2569,0.4907,0.7476,239,8.8654
05495000,aifs,4,0.3970,0.5519,0.6409,0.9022,239,5.7352
05495500,aifs,4,0.3572,0.4540,0.6021,0.8625,239,7.1061
05501000,aifs,4,0.2247,0.3097,0.4829,0.8645,239,8.8462
05503800,aifs,4,0.2889,0.4794,0.5607,1.0024,239,6.6577
05507600,aifs,4,0.3561,0.5725,0.6250,1.0727,239,5.2815
05508805,aifs,4,0.3578,0.5875,0.6288,1.0280,239,5.1905
05514500,aifs,4,0.2942,0.4841,0.5654,0.9656,239,5.9681
05525500,aifs,4,0.3349,0.4829,0.5889,0.9301,239,6.6542
05556500,aifs,4,0.3815,0.4478,0.6203,0.8600,239,7.0877
05584500,aifs,4,0.3855,0.3633,0.6352,0.7967,239,8.9198
05585000,aifs,4,0.3976,0.4087,0.6375,0.8327,239,8.0712
05591550,aifs,4,0.3296,0.3876,0.5774,0.8450,239,7.4557
05592050,aifs,4,0.2820,0.4573,0.5507,0.9774,239,6.4573
05592575,aifs,4,0.2939,0.2887,0.5551,0.7217,239,8.1644
05593575,aifs,4,0.1824,0.3360,0.4612,0.8856,239,7.4477
05593900,aifs,4,0.2676,0.3378,0.5252,0.8148,239,7.5415
05595730,aifs,4,0.1904,0.3725,0.4769,0.9097,239,7.0482
06037500,aifs,4,0.6596,0.7510,0.8168,1.1191,239,2.2772
06043500,aifs,4,0.6439,0.7744,0.8150,1.1161,239,2.2693
06154410,aifs,4,0.3008,0.4176,0.5551,0.9088,239,4.0581
06188000,aifs,4,0.5405,0.6886,0.7826,1.2224,239,2.0421
06191500,aifs,4,0.6336,0.7231,0.8274,1.2161,239,1.8479
06221400,aifs,4,0.5368,0.6876,0.7525,1.1637,239,1.9936
06224000,aifs,4,0.5448,0.6693,0.7471,1.1424,239,2.0890
06289000,aifs,4,0.4582,0.6005,0.7284,1.2895,239,2.1025
06332515,aifs,4,0.0261,0.3596,0.4899,1.3817,239,3.2584
06339100,aifs,4,-0.1807,0.2506,0.5169,1.5513,239,2.8452
06339500,aifs,4,0.2890,0.4938,0.6562,1.3715,239,2.6189
06344600,aifs,4,0.1512,0.4266,0.5230,1.2862,239,3.1762
06350000,aifs,4,0.2773,0.5665,0.6726,1.2737,239,2.4667
06352000,aifs,4,-0.2152,0.3218,0.5703,1.4425,239,2.7483
06353000,aifs,4,-0.3057,0.2611,0.5502,1.5022,239,3.0562
06354000,aifs,4,-0.0030,0.3933,0.6038,1.4202,239,2.9175
06360500,aifs,4,-0.0516,0.3271,0.6244,1.4960,239,2.5976
06404000,aifs,4,0.1647,0.4258,0.5436,1.3264,239,3.0530
06406000,aifs,4,0.0940,0.4338,0.5326,1.3149,239,2.9125
06408700,aifs,4,0.1033,0.4496,0.5249,1.2654,239,2.7510
06409000,aifs,4,0.1681,0.4727,0.5614,1.2814,239,2.6105
06431500,aifs,4,0.1506,0.4433,0.5205,1.2390,239,2.9909
06440200,aifs,4,0.1274,0.4010,0.4600,1.0662,239,3.9817
06441500,aifs,4,0.1466,0.5383,0.5568,1.1224,239,3.2287
06447000,aifs,4,0.0078,0.4269,0.4505,1.1200,239,3.3876
06447500,aifs,4,-0.0993,0.3008,0.3418,1.1320,239,4.1676
06450500,aifs,4,0.0191,0.2980,0.3649,0.9688,239,4.5680
06452000,aifs,4,0.0509,0.4279,0.4522,1.0521,239,3.5413
06453600,aifs,4,0.3513,0.4439,0.5945,0.9130,239,4.3332
06464500,aifs,4,0.1437,0.2389,0.4063,0.8582,239,5.7253
06477500,aifs,4,0.1592,0.4194,0.4808,1.0634,239,4.5898
06479215,aifs,4,0.3480,0.3478,0.5995,1.1019,239,5.6660
06479438,aifs,4,0.3468,0.3655,0.5929,1.1379,239,5.2668
06601000,aifs,4,0.1206,0.2043,0.3749,0.9199,239,7.0287
06614800,aifs,4,0.4693,0.3669,0.7371,0.7194,239,3.9183
06622700,aifs,4,0.5403,0.6654,0.7405,0.8977,239,2.4196
06623800,aifs,4,0.6215,0.7155,0.7888,0.9719,239,2.3591
06632400,aifs,4,0.6119,0.6952,0.7824,0.9730,239,2.4190
06784000,aifs,4,0.2741,0.3974,0.5349,0.8826,239,4.6798
06803510,aifs,4,0.0311,0.1364,0.2945,0.8489,239,8.1290
06803530,aifs,4,0.0127,0.2155,0.3192,0.9289,239,7.0418
06814000,aifs,4,0.0668,0.2545,0.3661,0.8922,239,7.3731
06846500,aifs,4,0.4113,0.5258,0.6469,0.8635,239,3.2013
06847900,aifs,4,0.2540,0.4345,0.5303,0.9277,239,4.3851
06853800,aifs,4,0.0196,0.2904,0.3608,0.9733,239,5.3308
06876700,aifs,4,0.2557,0.1582,0.5359,0.6526,239,8.5756
06878000,aifs,4,0.1387,0.2108,0.4000,0.7972,239,7.4464
06879650,aifs,4,0.2490,0.2296,0.5133,0.6747,239,8.3535
06885500,aifs,4,0.1527,0.2190,0.4195,0.7471,239,8.1366
06888500,aifs,4,0.2278,0.2304,0.4854,0.7371,239,8.8260
06889200,aifs,4,0.1180,0.2256,0.3903,0.8073,239,8.5175
06889500,aifs,4,0.1417,0.2633,0.4170,0.8246,239,8.1188
06892000,aifs,4,0.1120,0.2338,0.3900,0.8088,239,8.7493
06903400,aifs,4,0.1452,0.2368,0.4148,0.7861,239,8.7567
06906800,aifs,4,0.2683,0.2570,0.5360,0.6759,239,9.3956
06910800,aifs,4,0.1766,0.2374,0.4393,0.7696,239,8.6584
06911900,aifs,4,0.1875,0.2172,0.4479,0.7344,239,9.0842
06917000,aifs,4,0.2010,0.2293,0.4625,0.7359,239,9.8156
06918460,aifs,4,0.1687,0.2601,0.4343,0.8214,239,9.1316
06919500,aifs,4,0.2040,0.3269,0.4753,0.8424,239,8.4964
06921070,aifs,4,0.1488,0.1603,0.4112,0.6920,239,10.5291
06921200,aifs,4,0.1381,0.1449,0.3923,0.7202,239,11.2490
06934000,aifs,4,0.1600,0.3280,0.4473,0.8706,239,7.9648
07014500,aifs,4,0.1238,0.1415,0.3769,0.7352,239,10.8854
07056000,aifs,4,0.1900,0.3215,0.4628,0.8613,239,8.0355
07057500,aifs,4,0.2390,0.4186,0.5163,0.9521,239,7.2893
07060710,aifs,4,0.2636,0.3382,0.5164,0.8972,239,8.0810
07066000,aifs,4,0.2419,0.4135,0.5160,0.9575,239,7.2341
07067000,aifs,4,0.2579,0.4853,0.5480,0.9959,239,6.3311
07068000,aifs,4,0.2749,0.5275,0.5723,1.0291,239,5.8796
07071500,aifs,4,0.2942,0.5031,0.5710,0.9912,239,6.2399
07083000,aifs,4,0.4670,0.6010,0.6908,1.1156,239,2.1114
07142300,aifs,4,0.1142,0.2187,0.3820,0.8309,239,4.9305
07145700,aifs,4,0.2028,0.1499,0.4594,0.7532,239,10.3814
07148400,aifs,4,0.0692,0.3252,0.3996,0.9325,239,4.3036
07149000,aifs,4,0.1690,0.4403,0.4926,0.9876,239,3.8558
07151500,aifs,4,0.2060,0.2474,0.4580,0.8463,239,7.0114
07167500,aifs,4,0.1962,0.3691,0.4758,0.9844,239,7.0808
07180500,aifs,4,0.2061,0.3173,0.4698,0.8885,239,7.1762
07184000,aifs,4,0.1688,0.1818,0.4154,0.8362,239,11.8807
07195800,aifs,4,0.1510,0.2625,0.4144,0.9341,239,10.1402
07196900,aifs,4,0.1260,0.3269,0.4235,1.0318,239,9.1204
07197000,aifs,4,0.1372,0.3556,0.4410,0.9795,239,8.7255
07208500,aifs,4,0.4907,0.5748,0.7005,0.9796,239,1.8559
07226500,aifs,4,0.2936,0.4198,0.5558,0.8332,239,2.0692
07261000,aifs,4,0.3998,0.5142,0.6350,0.9317,239,6.6927
07263295,aifs,4,0.4069,0.4981,0.6383,0.9550,239,7.0655
07290650,aifs,4,0.2504,0.4264,0.5246,1.0403,239,8.3247
07291000,aifs,4,0.2687,0.4477,0.5405,1.0136,239,8.3252
07292500,aifs,4,0.2711,0.4530,0.5434,0.9898,239,8.3760
07295000,aifs,4,0.2944,0.4122,0.5482,0.9671,239,9.2979
07299670,aifs,4,0.0944,0.2493,0.3749,0.9393,239,4.3482
07301410,aifs,4,0.1527,0.1121,0.3931,0.8119,239,5.1465
07301500,aifs,4,0.2704,0.4095,0.5314,1.0018,239,2.7718
07315200,aifs,4,0.1621,0.3704,0.4591,0.9663,239,6.1873
07315700,aifs,4,-0.0782,0.3002,0.3824,1.2913,239,6.1827
07335700,aifs,4,0.2805,0.2645,0.5409,0.7302,239,9.3080
07340300,aifs,4,0.3533,0.4667,0.5998,0.8894,239,6.6813
07346045,aifs,4,0.3004,0.5561,0.5968,1.0767,239,6.0571
07359610,aifs,4,0.3602,0.3978,0.6064,0.7889,239,7.4126
07362100,aifs,4,0.3148,0.5378,0.6148,1.2094,239,5.8695
07362587,aifs,4,0.3666,0.3960,0.6098,0.8295,239,8.1729
07373000,aifs,4,0.5204,0.6050,0.7218,1.0654,239,6.3151
07375000,aifs,4,0.1410,0.2672,0.4122,0.8882,239,12.6359
07376000,aifs,4,0.1910,0.3493,0.4677,0.9327,239,10.7438
08013000,aifs,4,0.5551,0.5850,0.7493,0.9811,239,6.8028
08014500,aifs,4,0.5793,0.6292,0.7626,0.9706,239,6.4250
08023080,aifs,4,0.4566,0.5368,0.6767,1.1066,239,6.8541
08025500,aifs,4,0.5481,0.5347,0.7553,0.9588,239,7.4037
08029500,aifs,4,0.2971,0.3979,0.5493,0.9145,239,9.6839
08050800,aifs,4,0.3475,0.3950,0.5911,0.8786,239,7.7284
08066200,aifs,4,0.1855,0.2126,0.4387,0.7950,239,12.4330
08066300,aifs,4,0.1121,0.0957,0.3433,0.8261,239,16.7344
08070000,aifs,4,0.3493,0.5310,0.6076,1.0473,239,7.3292
08070200,aifs,4,0.3740,0.5382,0.6220,1.0198,239,7.3559
08079600,aifs,4,0.1050,0.4313,0.4697,1.0745,239,2.8572
08082700,aifs,4,0.0458,0.2597,0.3707,1.2052,239,5.1877
08086212,aifs,4,0.1478,0.3444,0.4429,1.0721,239,5.6845
08086290,aifs,4,0.2138,0.4091,0.5032,1.1077,239,5.4346
08101000,aifs,4,0.2104,0.4692,0.5570,1.2568,239,5.4465
08103900,aifs,4,0.3947,0.4695,0.6287,0.9288,239,7.2354
08104900,aifs,4,0.2764,0.3619,0.5293,0.8983,239,8.9521
08109700,aifs,4,0.3157,0.4155,0.5646,1.0707,239,8.7912
08150800,aifs,4,0.5187,0.4841,0.7356,0.8183,239,7.3878
08155200,aifs,4,0.2290,0.4426,0.5336,1.1914,239,7.2802
08158700,aifs,4,0.2620,0.4877,0.5688,1.1992,239,6.6901
08158810,aifs,4,0.2648,0.5241,0.5848,1.1821,239,6.3525
08164000,aifs,4,0.3958,0.5554,0.6602,1.2392,239,5.7705
08164300,aifs,4,0.4757,0.5455,0.6904,1.0940,239,6.9907
08164600,aifs,4,0.2772,0.4886,0.5820,1.2308,239,6.3608
08165300,aifs,4,0.5491,0.6191,0.7413,0.9881,239,6.4150
08171300,aifs,4,0.3682,0.5229,0.6205,1.1327,239,6.7059
08175000,aifs,4,0.4082,0.5289,0.6415,1.0403,239,6.7034
08176900,aifs,4,0.4554,0.5856,0.6933,1.2224,239,5.0953
08178880,aifs,4,0.3795,0.4735,0.6165,0.9759,239,8.4105
08189500,aifs,4,0.3948,0.5241,0.6346,1.1111,239,5.7605
08190000,aifs,4,0.5443,0.4460,0.7841,0.8212,239,9.7580
08190500,aifs,4,0.5054,0.4441,0.7445,0.8635,239,9.7116
08194200,aifs,4,0.3021,0.2196,0.5770,0.6914,239,7.2392
08195000,aifs,4,0.5673,0.4952,0.7879,0.8765,239,8.5801
08196000,aifs,4,0.4735,0.4107,0.7238,0.8479,239,10.8373
08198500,aifs,4,0.4424,0.4387,0.6756,0.8617,239,9.3852
08200000,aifs,4,0.2410,0.3256,0.4958,0.9106,239,10.5351
08202700,aifs,4,0.2720,0.3103,0.5235,0.8335,239,11.0576
08267500,aifs,4,0.4409,0.2949,0.7360,0.6522,239,2.8421
08269000,aifs,4,0.4890,0.4909,0.7088,0.8469,239,2.0139
08271000,aifs,4,0.4261,0.2632,0.7358,0.6167,239,2.9983
08324000,aifs,4,0.3988,0.5485,0.6426,0.8810,239,1.7935
08377900,aifs,4,0.3490,0.3613,0.5988,0.8052,239,3.0561
08378500,aifs,4,0.4236,0.4753,0.6537,0.8728,239,2.5048
08380500,aifs,4,0.3911,0.4444,0.6291,0.8455,239,2.4068
09034900,aifs,4,0.4370,0.3731,0.6955,0.7154,239,2.9689
09035900,aifs,4,0.4776,0.5720,0.6938,0.8957,239,2.1126
09047700,aifs,4,0.3769,0.5190,0.6219,0.9239,239,2.1900
09065500,aifs,4,0.4492,0.5540,0.6733,0.9020,239,2.2146
09066000,aifs,4,0.4113,0.6254,0.6661,1.0637,239,1.9509
09066200,aifs,4,0.4324,0.5135,0.6609,0.8719,239,2.3803
09066300,aifs,4,0.4514,0.5388,0.6747,0.8838,239,2.2771
09081600,aifs,4,0.5928,0.5837,0.7820,0.9893,239,2.7798
09107000,aifs,4,0.5410,0.5573,0.7651,1.3636,239,1.6710
09210500,aifs,4,0.5387,0.6488,0.7350,0.9657,239,1.5832
09223000,aifs,4,0.5687,0.6603,0.7544,0.9675,239,1.8869
09306242,aifs,4,0.4654,0.6568,0.7018,1.1002,239,2.0673
09312600,aifs,4,0.4294,0.5661,0.6600,1.0527,239,2.3436
09352900,aifs,4,0.7239,0.6383,0.8726,0.8759,239,2.3219
09378170,aifs,4,0.3856,0.2139,0.6834,0.5263,239,2.7360
09378630,aifs,4,0.3491,0.1749,0.6561,0.5065,239,2.9645
09386900,aifs,4,0.4162,0.5171,0.6464,0.9303,239,1.7397
09404450,aifs,4,0.3728,0.5220,0.6219,0.8814,239,2.3158
09430500,aifs,4,0.5008,0.7038,0.7297,0.9271,239,1.6166
09430600,aifs,4,0.2997,0.4835,0.5843,0.8038,239,2.3924
09447800,aifs,4,0.1629,0.5966,0.6032,0.9479,239,1.5022
09480000,aifs,4,0.3690,0.3031,0.6316,0.6377,239,2.7596
09484000,aifs,4,0.1999,0.3324,0.4823,0.7736,239,2.9897
09484600,aifs,4,0.3836,0.3545,0.6349,0.6656,239,2.4065
09492400,aifs,4,0.3983,0.3093,0.6695,0.6436,239,3.6837
09494000,aifs,4,0.4798,0.5018,0.7012,0.7687,239,2.4558
09497800,aifs,4,0.2754,0.4895,0.5728,0.8148,239,2.2621
09497980,aifs,4,0.3275,0.4046,0.5912,0.7031,239,2.5884
09505200,aifs,4,0.5182,0.6438,0.7229,0.9395,239,2.0029
09505350,aifs,4,0.4871,0.6037,0.7005,0.9176,239,2.1286
09505800,aifs,4,0.5496,0.6307,0.7420,0.9147,239,2.0889
09508300,aifs,4,0.3379,0.4071,0.5931,0.7288,239,2.4381
09510200,aifs,4,0.0811,0.1586,0.3549,0.6998,239,2.8725
09512280,aifs,4,0.0391,0.1982,0.3218,0.9476,239,2.6206
09513780,aifs,4,0.0549,0.2627,0.3613,0.9432,239,2.2775
10023000,aifs,4,0.5744,0.6083,0.7611,0.9361,239,2.3435
10166430,aifs,4,0.5235,0.5031,0.7336,0.7436,239,2.4710
10172700,aifs,4,0.4296,0.5791,0.6638,0.9087,239,2.0635
10172800,aifs,4,0.5807,0.4418,0.7971,0.6616,239,2.3698
10173450,aifs,4,0.4124,0.4196,0.6509,0.7489,239,2.7893
10205030,aifs,4,0.6005,0.5465,0.7938,0.8145,239,1.9238
10234500,aifs,4,0.4889,0.4877,0.7085,0.7827,239,2.5081
10242000,aifs,4,0.4361,0.3603,0.6849,0.6625,239,2.8634
10244950,aifs,4,0.5459,0.6567,0.7398,1.0171,239,1.9254
10249300,aifs,4,0.4731,0.6393,0.6985,1.0760,239,1.6424
10258000,aifs,4,0.5637,0.6521,0.7512,0.9172,239,2.3513
10258500,aifs,4,0.5166,0.5708,0.8054,1.3453,239,1.2668
10259000,aifs,4,0.5885,0.6544,0.7674,0.8770,239,1.7714
10259200,aifs,4,0.4845,0.4606,0.7864,1.4735,239,1.4404
10263500,aifs,4,0.4508,0.2284,0.7255,0.5169,239,4.3847
10310500,aifs,4,0.5667,0.5526,0.8688,1.3102,239,2.3944
10316500,aifs,4,0.3106,0.2894,0.5709,0.6880,239,3.0875
10329500,aifs,4,0.2886,0.3236,0.5410,0.7970,239,2.7630
10336645,aifs,4,0.8352,0.8250,0.9198,1.1547,239,3.3374
10336660,aifs,4,0.8535,0.8895,0.9241,1.0542,239,3.4253
10343500,aifs,4,0.8039,0.8181,0.9116,1.1415,239,2.3940
10348850,aifs,4,0.6918,0.4131,0.9027,0.6184,239,5.0623
10396000,aifs,4,0.3176,0.2817,0.5801,0.6486,239,2.7771
11098000,aifs,4,0.4262,0.1761,0.7160,0.4698,239,6.1939
11124500,aifs,4,0.4723,0.4093,0.7050,0.7528,239,5.0430
11141280,aifs,4,0.7300,0.5093,0.8935,0.6855,239,3.2800
11143000,aifs,4,0.4053,0.1655,0.6838,0.4398,239,7.8154
11148900,aifs,4,0.5878,0.5577,0.7692,0.7229,239,3.5116
11151300,aifs,4,0.6484,0.6304,0.8076,0.7925,239,2.2199
11162500,aifs,4,0.3592,0.4971,0.6231,0.7487,239,5.0844
11176400,aifs,4,0.3264,0.6768,0.6922,1.0536,239,2.7818
11180500,aifs,4,0.1731,0.6029,0.6332,1.1054,239,3.4715
11180960,aifs,4,0.2982,0.6012,0.6203,0.9140,239,3.8396
11224500,aifs,4,0.6750,0.5409,0.8375,0.7077,239,1.8587
11253310,aifs,4,0.7338,0.5585,0.8821,0.7215,239,1.3712
11264500,aifs,4,-0.5160,-0.2287,0.7703,1.9093,239,5.8527
11266500,aifs,4,-0.2718,-0.0791,0.7707,1.8101,239,5.7759
11274500,aifs,4,0.4834,0.7326,0.7371,0.9549,239,2.3267
11274630,aifs,4,0.4199,0.7120,0.7365,1.0779,239,2.2421
11284400,aifs,4,0.6854,0.5809,0.8810,1.3640,239,2.8480
11299600,aifs,4,0.5408,0.6110,0.8021,1.3148,239,3.3614
11381500,aifs,4,0.5012,0.5891,0.7095,0.8683,239,6.4000
11383500,aifs,4,0.5389,0.6069,0.7351,0.8591,239,6.2480
11451100,aifs,4,0.5340,0.7471,0.7548,0.9732,239,3.5432
11468500,aifs,4,0.7217,0.7609,0.8503,0.9789,239,3.5301
11473900,aifs,4,0.6361,0.6250,0.8032,0.8559,239,4.1507
11475560,aifs,4,0.4802,0.2312,0.7874,0.5299,239,9.4294
11476600,aifs,4,0.5942,0.6706,0.7711,0.9233,239,4.6902
11478500,aifs,4,0.6872,0.6435,0.8392,0.8591,239,4.1302
11480390,aifs,4,0.6151,0.6161,0.7900,0.8839,239,4.3138
11481200,aifs,4,0.6677,0.5554,0.8423,0.7797,239,4.5899
11482500,aifs,4,0.6499,0.4831,0.8476,0.7110,239,5.2782
11522500,aifs,4,0.7315,0.7591,0.8567,0.9706,239,3.0993
11523200,aifs,4,0.5994,0.6543,0.7756,0.8551,239,4.1700
11528700,aifs,4,0.6528,0.6943,0.8090,0.9232,239,3.5720
11532500,aifs,4,0.7066,0.5151,0.8804,0.7052,239,6.0005
12010000,aifs,4,0.6407,0.5380,0.8226,0.7024,239,6.8448
12013500,aifs,4,0.6423,0.7320,0.8074,0.8579,239,5.3561
12020000,aifs,4,0.6163,0.8097,0.8154,0.9704,239,4.6443
12025000,aifs,4,0.6317,0.8102,0.8141,0.9634,239,4.3818
12025700,aifs,4,0.5748,0.6784,0.8302,1.2257,239,4.2410
12035000,aifs,4,0.7387,0.6345,0.8744,0.7576,239,5.6631
12040500,aifs,4,0.7662,0.6445,0.8937,0.7635,239,6.1665
12041200,aifs,4,0.7294,0.5195,0.9048,0.6861,239,7.2901
12043000,aifs,4,0.7714,0.5858,0.9159,0.7371,239,5.2759
12048000,aifs,4,0.4612,0.4700,0.7725,1.4726,239,3.8496
12054000,aifs,4,0.7121,0.6933,0.8524,0.9689,239,4.8000
12056500,aifs,4,0.7553,0.6665,0.8850,0.8371,239,5.8738
12073500,aifs,4,0.5737,0.7272,0.7662,1.0706,239,3.7179
12082500,aifs,4,0.6933,0.8334,0.8521,1.0703,239,5.3137
12092000,aifs,4,0.6669,0.8148,0.8249,1.0136,239,5.5881
12095000,aifs,4,0.5978,0.7109,0.8206,1.2128,239,4.6902
12114500,aifs,4,0.6994,0.5704,0.8645,0.7567,239,6.3354
12115000,aifs,4,0.7027,0.5778,0.8652,0.7640,239,6.2687
12115500,aifs,4,0.7148,0.6048,0.8700,0.8009,239,6.1592
12117000,aifs,4,0.7056,0.6022,0.8629,0.7906,239,6.1913
12141300,aifs,4,0.6901,0.5255,0.8725,0.7200,239,7.4414
12143600,aifs,4,0.7163,0.5846,0.8771,0.7822,239,6.6896
12144000,aifs,4,0.7304,0.6294,0.8761,0.8184,239,6.1056
12145500,aifs,4,0.7167,0.6775,0.8554,0.8398,239,4.9377
12147600,aifs,4,0.6171,0.4237,0.8513,0.6494,239,10.1335
12167000,aifs,4,0.7165,0.6931,0.8544,0.9035,239,5.9869
12175500,aifs,4,0.7420,0.8276,0.8622,1.0211,239,4.0152
12186000,aifs,4,0.7373,0.7051,0.8657,0.8566,239,5.9735
12189500,aifs,4,0.7484,0.8188,0.8653,0.9805,239,4.9219
12358500,aifs,4,0.5945,0.7112,0.7743,0.9271,239,4.4097
12377150,aifs,4,0.6756,0.6360,0.8337,0.7614,239,3.7811
12381400,aifs,4,0.6584,0.7133,0.8167,0.8380,239,3.4910
12390700,aifs,4,0.3673,0.6425,0.7211,1.1998,239,3.6622
12411000,aifs,4,0.2899,0.6179,0.6400,1.1267,239,4.6540
12414500,aifs,4,0.5595,0.7443,0.7955,1.1421,239,3.7388
12447390,aifs,4,0.0796,0.2326,0.5996,1.6509,239,2.6611
12451000,aifs,4,0.5872,0.5718,0.8579,1.3431,239,3.5932
12488500,aifs,4,0.7836,0.8796,0.8896,1.0418,239,3.7612
13011500,aifs,4,0.6379,0.6925,0.8202,1.2459,239,2.1976
13011900,aifs,4,0.6493,0.7457,0.8129,1.1349,239,2.0837
13018300,aifs,4,0.5979,0.7073,0.7791,1.1254,239,2.3468
13023000,aifs,4,0.6124,0.7532,0.7893,1.0609,239,1.9110
13161500,aifs,4,0.2686,0.3752,0.6236,1.4935,239,1.8210
13235000,aifs,4,0.5562,0.7227,0.7551,1.0258,239,2.9200
13240000,aifs,4,0.6520,0.6495,0.8132,0.8448,239,3.3644
13310700,aifs,4,0.5901,0.7698,0.7900,1.0891,239,2.7971
13313000,aifs,4,0.5774,0.6412,0.7621,0.8727,239,3.4008
13331500,aifs,4,0.6182,0.6018,0.7946,0.8276,239,3.1014
13337000,aifs,4,0.7278,0.8572,0.8674,1.0481,239,3.1255
13338500,aifs,4,0.4931,0.6143,0.7752,1.3047,239,3.2758
13340000,aifs,4,0.6936,0.8001,0.8554,1.1321,239,2.7998
13340600,aifs,4,0.7349,0.8559,0.8629,1.0207,239,3.4663
14020000,aifs,4,0.6118,0.6321,0.7856,0.8523,239,3.0252
14092750,aifs,4,0.6735,0.8089,0.8323,0.9147,239,3.2235
14096850,aifs,4,0.2991,0.5953,0.6804,1.2357,239,2.9146
14137000,aifs,4,0.7852,0.8275,0.8878,0.8968,239,3.9765
14138800,aifs,4,0.7599,0.6047,0.8925,0.7164,239,5.7387
14138870,aifs,4,0.7829,0.6516,0.9003,0.7566,239,5.6539
14138900,aifs,4,0.7393,0.4929,0.9117,0.6439,239,7.3523
14139800,aifs,4,0.7657,0.6500,0.8881,0.7404,239,5.7082
14141500,aifs,4,0.7942,0.8137,0.8938,0.8669,239,4.5742
14154500,aifs,4,0.7254,0.8328,0.8808,1.0540,239,2.9392
14158500,aifs,4,0.7783,0.8138,0.8867,0.8613,239,3.3516
14158790,aifs,4,0.7242,0.5403,0.8814,0.6601,239,4.7845
14166500,aifs,4,0.6906,0.7964,0.8342,0.9334,239,3.5535
14182500,aifs,4,0.7449,0.8734,0.8753,1.0048,239,4.1167
14185000,aifs,4,0.7514,0.8507,0.8904,1.0403,239,3.5961
14185900,aifs,4,0.8046,0.8506,0.8996,0.9014,239,3.8320
14187000,aifs,4,0.7396,0.8652,0.8711,0.9617,239,3.8323
14216500,aifs,4,0.7595,0.8456,0.8966,1.0427,239,4.5814
14222500,aifs,4,0.7469,0.5463,0.9020,0.7012,239,7.5288
14236200,aifs,4,0.7432,0.8685,0.8733,1.0332,239,4.3707
14301000,aifs,4,0.7234,0.7282,0.8531,0.8610,239,4.7185
14303200,aifs,4,0.5902,0.4752,0.7928,0.6731,239,7.4681
14305500,aifs,4,0.5380,0.3780,0.7754,0.6018,239,9.3923
14306340,aifs,4,0.6546,0.6757,0.8140,0.7884,239,4.1777
14306500,aifs,4,0.5952,0.6757,0.7780,0.8199,239,4.8793
14308990,aifs,4,0.6881,0.7981,0.8445,1.1287,239,2.5169
14309500,aifs,4,0.7262,0.7262,0.8545,0.8233,239,3.5353
14316700,aifs,4,0.7381,0.8338,0.8882,1.0497,239,2.7241
14325000,aifs,4,0.6322,0.5948,0.8022,0.7222,239,5.1113
14362250,aifs,4,0.5784,0.6506,0.7916,1.2804,239,2.7111
14400000,aifs,4,0.6317,0.5414,0.8057,0.6922,239,6.8861
01013500,aifs,5,0.2299,0.4591,0.6496,1.4097,239,4.8503
01022500,aifs,5,0.1487,0.4569,0.5812,1.3456,239,5.8197
01030500,aifs,5,0.1030,0.4652,0.5842,1.3337,239,5.1383
01031500,aifs,5,0.1858,0.4593,0.5672,1.3113,239,5.1487
01047000,aifs,5,0.2164,0.4613,0.5382,1.1880,239,5.4368
01052500,aifs,5,0.0735,0.3651,0.4718,1.3062,239,5.3912
01054200,aifs,5,-0.0364,0.3123,0.3563,1.0325,239,7.3770
01055000,aifs,5,0.1083,0.4382,0.4776,1.1020,239,5.4430
01057000,aifs,5,-0.0366,0.4020,0.4201,1.0840,239,6.1824
01073000,aifs,5,-0.3896,0.2699,0.2853,1.1458,239,7.1511
01078000,aifs,5,-0.2601,0.2824,0.2954,1.0701,239,7.0528
01118300,aifs,5,0.2144,0.1683,0.4783,0.6910,239,10.2401
01121000,aifs,5,0.3129,0.3271,0.5735,0.7279,239,6.8438
01123000,aifs,5,0.2628,0.2846,0.5288,0.7116,239,7.4534
01134500,aifs,5,0.0732,0.3467,0.4144,1.0914,239,6.2942
01137500,aifs,5,-0.0069,0.3430,0.3914,1.1254,239,6.5975
01139000,aifs,5,-0.0814,0.2682,0.3544,1.2753,239,6.4381
01139800,aifs,5,-0.0760,0.2790,0.3248,1.0397,239,7.1792
01142500,aifs,5,-0.1544,0.3089,0.3728,1.2717,239,6.1953
01144000,aifs,5,-0.0093,0.3807,0.4113,1.0919,239,6.2359
01169000,aifs,5,0.3478,0.4991,0.5986,1.0196,239,5.6145
01170100,aifs,5,0.3383,0.5039,0.5952,1.0581,239,5.5132
01181000,aifs,5,0.3802,0.4707,0.6193,0.8917,239,5.9560
01187300,aifs,5,0.3887,0.5448,0.6316,1.0096,239,5.1732
01195100,aifs,5,0.2519,0.2211,0.5202,0.6690,239,8.3176
01333000,aifs,5,0.2775,0.4330,0.5459,1.1135,239,5.9328
01350000,aifs,5,0.1893,0.2290,0.4383,0.9079,239,9.1018
01350080,aifs,5,0.1918,0.3329,0.4616,1.0280,239,7.0992
01350140,aifs,5,0.1955,0.3487,0.4685,0.9998,239,6.7137
01365000,aifs,5,0.2047,0.3435,0.4726,0.9941,239,7.5024
01411300,aifs,5,0.1406,0.1187,0.3835,0.7689,239,10.0092
01413500,aifs,5,0.2325,0.2676,0.4859,0.8555,239,8.3691
01414500,aifs,5,0.2030,0.2459,0.4527,0.9245,239,9.0809
01415000,aifs,5,0.3102,0.3948,0.5587,0.9348,239,6.5327
01423000,aifs,5,0.3254,0.4024,0.5729,0.8986,239,6.3898
01434025,aifs,5,0.2204,0.2410,0.4740,0.8348,239,9.4691
01435000,aifs,5,0.2110,0.2633,0.4636,0.8859,239,8.9704
01439500,aifs,5,0.2794,0.3554,0.5402,0.7943,239,6.4721
01440000,aifs,5,0.2929,0.3474,0.5486,0.8019,239,6.7867
01440400,aifs,5,0.2849,0.2988,0.5506,0.7133,239,7.1246
01451800,aifs,5,0.3105,0.4767,0.5750,0.9050,239,5.6771
01466500,aifs,5,0.2546,0.3982,0.5209,0.9171,239,6.2070
01484100,aifs,5,0.1373,0.2698,0.4075,0.9503,239,7.2371
01485500,aifs,5,0.0959,0.1253,0.3469,0.7504,239,8.9395
01486000,aifs,5,0.1157,0.1347,0.3626,0.7712,239,9.0832
01487000,aifs,5,0.1581,0.2530,0.4170,0.9208,239,7.5690
01491000,aifs,5,0.1934,0.4235,0.4983,1.0882,239,5.5656
01510000,aifs,5,0.2865,0.4673,0.5565,1.0389,239,6.1532
01516500,aifs,5,0.3890,0.5594,0.6369,0.9307,239,4.5304
01518862,aifs,5,0.3505,0.5236,0.6077,0.9283,239,4.9289
01532000,aifs,5,0.3764,0.4648,0.6153,0.9131,239,5.5050
01539000,aifs,5,0.2903,0.4029,0.5529,0.8289,239,6.1112
01542810,aifs,5,0.2286,0.4690,0.5313,0.9323,239,5.7913
01543000,aifs,5,0.2726,0.5174,0.5696,0.9295,239,5.4235
01543500,aifs,5,0.3373,0.5082,0.6006,0.8820,239,5.5701
01544500,aifs,5,0.3586,0.5509,0.6182,0.9493,239,5.0629
01545600,aifs,5,0.3578,0.5439,0.6148,0.9828,239,5.1837
01547700,aifs,5,0.1900,0.1880,0.4419,0.7954,239,9.6686
01548500,aifs,5,0.3589,0.5674,0.6234,0.9490,239,4.7270
01549500,aifs,5,0.4078,0.5469,0.6435,0.9711,239,5.0570
01550000,aifs,5,0.3925,0.4796,0.6274,0.9335,239,5.7099
01552000,aifs,5,0.3374,0.3788,0.5848,0.8567,239,6.8061
01552500,aifs,5,0.3241,0.4522,0.5801,0.8746,239,5.7635
01557500,aifs,5,0.2750,0.2670,0.5421,0.7150,239,8.0453
01567500,aifs,5,0.3839,0.4133,0.6267,0.7993,239,6.1204
01568000,aifs,5,0.4123,0.4797,0.6487,0.8110,239,5.2899
01580000,aifs,5,0.3536,0.5509,0.6160,0.9428,239,5.0074
01583500,aifs,5,0.4125,0.5867,0.6536,0.9988,239,4.7420
01586610,aifs,5,0.4204,0.5718,0.6552,0.9654,239,4.7665
01591400,aifs,5,0.3810,0.3840,0.6288,0.7580,239,6.4005
01596500,aifs,5,0.1757,0.3219,0.4513,0.9056,239,6.6465
01605500,aifs,5,0.3181,0.4243,0.5700,0.8865,239,5.5083
01606500,aifs,5,0.3293,0.4761,0.5856,0.9090,239,5.0756
01613050,aifs,5,0.3193,0.4236,0.5789,0.8027,239,5.4580
01620500,aifs,5,0.4208,0.5459,0.6513,0.9842,239,4.3104
01632000,aifs,5,0.3064,0.3015,0.5843,0.6441,239,5.8702
01632900,aifs,5,0.2998,0.3021,0.5682,0.6738,239,5.7525
01634500,aifs,5,0.3136,0.3498,0.5744,0.7270,239,5.7511
01638480,aifs,5,0.2714,0.3873,0.5388,0.8074,239,5.8750
01639500,aifs,5,0.4582,0.5979,0.6816,0.9561,239,4.5299
01644000,aifs,5,0.3268,0.4233,0.5874,0.7740,239,5.2732
01658500,aifs,5,0.3001,0.3283,0.5606,0.7305,239,6.0742
01664000,aifs,5,0.3036,0.3303,0.5738,0.6788,239,5.7039
01666500,aifs,5,0.3204,0.3322,0.5868,0.6813,239,5.6618
01667500,aifs,5,0.3242,0.3580,0.5879,0.7024,239,5.3894
01669000,aifs,5,0.1394,0.2232,0.4025,0.8200,239,7.5377
01669520,aifs,5,0.1160,0.2203,0.3840,0.8355,239,7.5868
02011400,aifs,5,0.3622,0.5260,0.6134,0.9525,239,4.7699
02011460,aifs,5,0.3525,0.5126,0.6041,1.0036,239,5.1146
02013000,aifs,5,0.2090,0.3910,0.4960,0.8816,239,5.5950
02014000,aifs,5,0.2278,0.4537,0.5259,0.9141,239,4.9470
02015700,aifs,5,0.3931,0.5073,0.6288,1.0157,239,4.8027
02016000,aifs,5,0.3849,0.5702,0.6354,1.0099,239,4.2474
02017500,aifs,5,0.1520,0.4758,0.5053,1.0092,239,4.5869
02018000,aifs,5,0.1905,0.5222,0.5427,1.0294,239,4.2840
02027000,aifs,5,0.2812,0.5369,0.5844,1.1066,239,4.4325
02027500,aifs,5,0.2965,0.5320,0.5838,1.0543,239,4.5512
02028500,aifs,5,0.2888,0.4682,0.5647,0.8643,239,4.7904
02038850,aifs,5,0.1189,0.3362,0.4342,0.8449,239,5.5586
02046000,aifs,5,0.2023,0.3281,0.4788,0.8090,239,6.1413
02051000,aifs,5,0.2985,0.3355,0.5527,0.7860,239,6.1524
02051500,aifs,5,0.2408,0.3654,0.5077,0.8603,239,5.7843
02053200,aifs,5,0.2272,0.3982,0.5033,0.9505,239,6.4031
02053800,aifs,5,0.2077,0.4102,0.5100,0.8278,239,4.7666
02055100,aifs,5,0.0162,0.3834,0.4504,1.2475,239,4.7555
02056900,aifs,5,0.2722,0.3878,0.5420,0.7906,239,5.0683
02059500,aifs,5,0.2779,0.5743,0.5951,0.9738,239,3.9625
02064000,aifs,5,0.1320,0.4643,0.4983,1.0938,239,4.6353
02065500,aifs,5,0.2179,0.4740,0.5267,0.9980,239,4.6735
02069700,aifs,5,0.1964,0.2722,0.4641,0.7755,239,6.3347
02070000,aifs,5,0.1863,0.2586,0.4576,0.7468,239,6.2995
02074500,aifs,5,0.1354,0.2326,0.3942,0.9317,239,6.9291
02077200,aifs,5,0.1260,0.4188,0.4666,1.0078,239,5.1798
02081500,aifs,5,0.2302,0.4118,0.5087,0.9791,239,5.5746
02082950,aifs,5,0.2172,0.4789,0.5475,1.1900,239,4.8293
02092500,aifs,5,0.2528,0.4933,0.5655,1.1805,239,5.4256
02096846,aifs,5,0.1938,0.2422,0.4448,0.8862,239,8.0921
02102908,aifs,5,0.3439,0.4277,0.5875,0.9273,239,6.7190
02108000,aifs,5,0.3690,0.5508,0.6244,1.0745,239,5.1429
02111180,aifs,5,0.3377,0.3843,0.5895,0.7868,239,6.0676
02111500,aifs,5,0.2504,0.3359,0.5148,0.7967,239,6.3377
02118500,aifs,5,0.2574,0.4406,0.5377,0.8840,239,5.3828
02128000,aifs,5,0.3297,0.5007,0.5894,0.9478,239,5.4057
02137727,aifs,5,0.3241,0.3905,0.5765,0.8073,239,6.8745
02140991,aifs,5,0.3584,0.4636,0.6058,0.8532,239,5.7598
02143000,aifs,5,0.2968,0.4496,0.5632,0.8667,239,5.9274
02143040,aifs,5,0.3241,0.4936,0.5888,0.8819,239,5.7703
02149000,aifs,5,0.3085,0.3033,0.5672,0.7289,239,8.3198
02152100,aifs,5,0.3672,0.5556,0.6251,0.9223,239,5.3399
02177000,aifs,5,0.3782,0.5257,0.6228,0.9434,239,7.0911
02178400,aifs,5,0.3112,0.5652,0.6023,0.9620,239,6.3248
02193340,aifs,5,0.3966,0.5605,0.6459,1.1375,239,5.6478
02196000,aifs,5,0.3372,0.4712,0.5872,0.9546,239,6.4889
02198100,aifs,5,0.2653,0.2755,0.5222,0.7849,239,8.9676
02202600,aifs,5,0.2309,0.4739,0.5508,1.1923,239,5.2660
02212600,aifs,5,0.3140,0.4575,0.5699,0.9566,239,7.0752
02215100,aifs,5,0.2967,0.3689,0.5478,0.8795,239,7.1000
02216180,aifs,5,0.2460,0.2584,0.5004,0.8388,239,8.6581
02221525,aifs,5,0.2872,0.5018,0.5672,0.9972,239,6.4191
02231000,aifs,5,0.3416,0.4550,0.5898,0.9137,239,5.4383
02231342,aifs,5,0.1940,0.3463,0.4699,1.0859,239,6.0650
02235200,aifs,5,0.2933,0.4156,0.5482,0.9656,239,5.8361
02245500,aifs,5,0.2136,0.3913,0.4966,1.0953,239,5.6526
02246000,aifs,5,0.2330,0.4533,0.5248,1.0199,239,5.1401
02296500,aifs,5,0.2645,0.3805,0.5263,0.8921,239,5.2296
02297155,aifs,5,0.1624,0.1943,0.4135,0.8489,239,7.6038
02297310,aifs,5,0.1952,0.2242,0.4585,0.7852,239,7.0174
02298123,aifs,5,0.1117,0.1970,0.3692,0.8905,239,6.7621
02298608,aifs,5,0.0925,0.1176,0.3453,0.7697,239,8.0568
02299950,aifs,5,0.0952,0.1681,0.3477,0.8836,239,7.4882
02300700,aifs,5,0.1502,0.1668,0.3921,0.9101,239,8.6241
02310947,aifs,5,0.1339,0.2504,0.3977,0.9951,239,7.1737
02312200,aifs,5,0.1148,0.1826,0.3619,0.9858,239,8.5546
02314500,aifs,5,0.3531,0.3845,0.6005,0.8487,239,6.2275
02315500,aifs,5,0.3839,0.4401,0.6247,0.8567,239,5.5511
02324400,aifs,5,0.2615,0.2383,0.5259,0.7860,239,8.9721
02327100,aifs,5,0.1466,0.2380,0.4114,0.8461,239,8.1792
02349900,aifs,5,0.2754,0.2988,0.5321,0.7960,239,8.0464
02350900,aifs,5,0.3500,0.4864,0.5995,0.9197,239,6.0021
02361000,aifs,5,0.4117,0.5580,0.6475,0.9773,239,5.4574
02363000,aifs,5,0.4998,0.5841,0.7070,0.9890,239,5.5593
02369800,aifs,5,0.4305,0.3160,0.7216,0.7145,239,9.7420
02371500,aifs,5,0.4566,0.4969,0.6789,0.9460,239,6.8794
02372250,aifs,5,0.4610,0.5181,0.6812,0.8869,239,6.7036
02374500,aifs,5,0.3973,0.4690,0.6337,0.8496,239,7.7802
02381600,aifs,5,0.1772,0.3111,0.4522,0.8592,239,9.1342
02384540,aifs,5,0.2006,0.3807,0.4863,0.8964,239,7.8421
02395120,aifs,5,0.2575,0.5017,0.5606,1.1137,239,6.4592
02408540,aifs,5,0.1871,0.3717,0.4734,0.9339,239,8.5344
02415000,aifs,5,0.2286,0.3372,0.4947,0.8406,239,8.9503
02422500,aifs,5,0.2287,0.4786,0.5359,1.0788,239,7.6858
02427250,aifs,5,0.3001,0.6016,0.6169,1.0434,239,6.4179
02430085,aifs,5,0.4115,0.5132,0.6422,1.0307,239,6.6207
02450250,aifs,5,0.3457,0.3949,0.5944,0.7993,239,7.8123
02464000,aifs,5,0.2923,0.3233,0.5439,0.8504,239,9.4543
02465493,aifs,5,0.2406,0.4465,0.5258,1.0221,239,7.4407
02469800,aifs,5,0.3532,0.6081,0.6360,0.9560,239,7.2881
02472000,aifs,5,0.2641,0.3739,0.5230,0.8918,239,8.9724
02472500,aifs,5,0.1729,0.3078,0.4492,0.8537,239,10.3768
02479155,aifs,5,0.5089,0.4965,0.7265,0.8662,239,9.2496
02479300,aifs,5,0.4415,0.3149,0.7347,0.7109,239,13.0897
02481000,aifs,5,0.3831,0.2207,0.7246,0.6342,239,16.5286
02481510,aifs,5,0.4028,0.2779,0.6989,0.6569,239,13.3691
03010655,aifs,5,0.2982,0.4804,0.5685,0.9226,239,5.5377
03011800,aifs,5,0.2845,0.4284,0.5479,0.9046,239,6.5421
03015500,aifs,5,0.2233,0.5206,0.5546,1.0790,239,5.6805
03021350,aifs,5,0.1828,0.4103,0.4848,1.0091,239,6.7884
03026500,aifs,5,0.2738,0.4510,0.5473,0.9157,239,6.1913
03028000,aifs,5,0.2953,0.4579,0.5607,0.9209,239,6.3043
03049800,aifs,5,0.2834,0.4057,0.5418,0.9087,239,7.4947
03050000,aifs,5,0.2032,0.3333,0.4714,0.9154,239,8.2348
03066000,aifs,5,0.2552,0.3375,0.5146,0.8468,239,7.0879
03069500,aifs,5,0.2656,0.4025,0.5296,0.9118,239,6.6141
03070500,aifs,5,0.2782,0.4890,0.5597,0.9539,239,6.4885
03076600,aifs,5,0.1469,0.2420,0.4157,0.8216,239,8.2976
03078000,aifs,5,0.1257,0.2379,0.3922,0.8935,239,8.2913
03140000,aifs,5,0.1781,0.3736,0.4716,0.9055,239,6.4490
03144000,aifs,5,0.2270,0.2927,0.4965,0.7540,239,7.6764
03159540,aifs,5,0.1378,0.2675,0.4149,0.8470,239,8.6309
03161000,aifs,5,0.2923,0.4084,0.5536,0.8441,239,5.7266
03164000,aifs,5,0.2818,0.4383,0.5556,0.8413,239,5.0558
03165000,aifs,5,0.2487,0.2977,0.5148,0.7426,239,6.1741
03170000,aifs,5,0.2506,0.4036,0.5329,0.8040,239,4.8333
03173000,aifs,5,0.2362,0.4929,0.5491,0.8883,239,4.3509
03180500,aifs,5,0.2377,0.4501,0.5272,1.0589,239,5.9419
03182500,aifs,5,0.3129,0.5284,0.5897,1.0553,239,5.1376
03186500,aifs,5,0.2909,0.4656,0.5605,0.9212,239,6.2450
03187500,aifs,5,0.2745,0.4663,0.5505,0.9483,239,6.2494
03213700,aifs,5,0.2963,0.4700,0.5620,0.9899,239,5.9210
03237280,aifs,5,0.0989,0.3550,0.4243,1.0100,239,7.3927
03237500,aifs,5,0.2099,0.4146,0.4996,0.9647,239,6.9940
03241500,aifs,5,0.1933,0.2298,0.4543,0.7633,239,8.9483
03280700,aifs,5,0.1488,0.3828,0.4602,1.0702,239,6.6741
03281100,aifs,5,0.2036,0.4504,0.5128,1.0661,239,6.1842
03281500,aifs,5,0.2233,0.4749,0.5320,1.0739,239,5.9087
03285000,aifs,5,0.2449,0.3730,0.5065,0.9774,239,7.7845
03291780,aifs,5,0.2629,0.3188,0.5162,0.8591,239,8.8527
03300400,aifs,5,0.2953,0.3688,0.5470,0.8745,239,8.1068
03340800,aifs,5,0.1152,0.1906,0.3787,0.7905,239,9.7408
03346000,aifs,5,0.1946,0.3552,0.4783,0.8498,239,7.8436
03364500,aifs,5,0.1618,0.1186,0.4184,0.6859,239,12.1048
03366500,aifs,5,0.2788,0.3336,0.5317,0.8502,239,8.5979
03368000,aifs,5,0.2222,0.1653,0.4939,0.6633,239,11.4993
03384450,aifs,5,0.2291,0.3696,0.4961,0.9462,239,8.3489
03439000,aifs,5,0.3898,0.5291,0.6364,0.8582,239,6.2204
03450000,aifs,5,0.3051,0.4836,0.5747,0.8995,239,5.4672
03455500,aifs,5,0.3801,0.5722,0.6427,0.8645,239,5.6877
03456500,aifs,5,0.3592,0.5099,0.6243,0.7977,239,5.4176
03460000,aifs,5,0.3066,0.4894,0.5812,0.8650,239,5.9870
03463300,aifs,5,0.3020,0.3697,0.5673,0.7479,239,6.6686
03471500,aifs,5,0.2216,0.4096,0.5084,0.8922,239,5.3740
03473000,aifs,5,0.1824,0.3823,0.4797,0.8824,239,5.7004
03479000,aifs,5,0.2967,0.5002,0.5768,0.8928,239,5.0361
03488000,aifs,5,0.2346,0.4338,0.5200,0.9375,239,5.4078
03498500,aifs,5,0.2076,0.4342,0.5103,0.9012,239,6.8326
03500000,aifs,5,0.2334,0.5414,0.5648,1.0218,239,6.4756
03504000,aifs,5,0.2523,0.4323,0.5406,0.8217,239,7.5569
03574500,aifs,5,0.2395,0.3841,0.5092,0.8957,239,8.1026
03604000,aifs,5,0.3559,0.3830,0.6042,0.7923,239,7.8155
04015330,aifs,5,0.1748,0.3033,0.4449,0.8947,239,5.9228
04024430,aifs,5,0.0765,0.4585,0.4855,1.1201,239,4.8351
04027000,aifs,5,-0.1281,0.2928,0.3853,1.3330,239,4.8221
04040500,aifs,5,0.0535,0.3066,0.3819,0.9943,239,5.1850
04043050,aifs,5,0.0890,0.2897,0.3904,0.9399,239,4.6506
04045500,aifs,5,0.2486,0.4290,0.5260,1.0731,239,4.4269
04056500,aifs,5,0.1801,0.4192,0.4921,1.1002,239,4.3143
04057510,aifs,5,0.1307,0.3376,0.4302,0.9760,239,5.2122
04057800,aifs,5,0.1023,0.3361,0.4168,0.9741,239,5.1066
04059500,aifs,5,0.1455,0.4241,0.4761,0.9986,239,4.7993
04063700,aifs,5,0.0137,0.4101,0.4576,1.2052,239,4.7339
04074950,aifs,5,0.0801,0.4439,0.4693,1.0543,239,5.0498
04105700,aifs,5,0.1472,0.3865,0.4592,1.0218,239,6.6556
04115265,aifs,5,0.2764,0.4449,0.5443,1.0301,239,6.1156
04122200,aifs,5,0.3629,0.5119,0.6113,1.0646,239,5.7512
04122500,aifs,5,0.2771,0.4765,0.5550,1.0533,239,5.7645
04124000,aifs,5,0.3046,0.3021,0.5655,0.7484,239,7.1860
04127997,aifs,5,0.3067,0.3754,0.5599,0.8311,239,6.4599
04185000,aifs,5,0.1889,0.3891,0.4860,0.8753,239,5.9241
04196800,aifs,5,0.1471,0.3441,0.4493,0.8588,239,6.5262
04197100,aifs,5,0.1092,0.2446,0.3859,0.8759,239,7.4634
04197170,aifs,5,0.1213,0.3112,0.4160,0.9302,239,6.7082
04213000,aifs,5,0.1798,0.4438,0.5043,1.1066,239,5.7979
04213075,aifs,5,0.1677,0.3749,0.4695,1.1189,239,6.5671
04216418,aifs,5,0.2543,0.4129,0.5264,0.9019,239,6.4009
04221000,aifs,5,0.3480,0.5297,0.6062,0.9698,239,5.0054
04224775,aifs,5,0.2512,0.4275,0.5248,1.0060,239,5.9607
04256000,aifs,5,0.2625,0.5108,0.5902,1.2220,239,5.1304
04296000,aifs,5,0.0597,0.3448,0.4487,1.2898,239,6.0548
05057000,aifs,5,0.1717,0.4522,0.5695,1.3334,239,3.4004
05057200,aifs,5,-0.0819,0.3328,0.4937,1.4325,239,3.5836
05062500,aifs,5,-0.1745,0.3011,0.3681,1.2858,239,4.7704
05087500,aifs,5,0.0648,0.3415,0.4160,1.1586,239,5.1450
05120500,aifs,5,0.1579,0.4417,0.5491,1.3174,239,3.6916
05123400,aifs,5,0.2670,0.4779,0.5524,1.0855,239,4.3058
05129115,aifs,5,0.0102,0.3921,0.4484,1.2231,239,4.3995
05131500,aifs,5,-0.0744,0.3836,0.4406,1.2536,239,4.3080
05291000,aifs,5,0.2117,0.3039,0.4692,1.0875,239,6.0950
05362000,aifs,5,-0.0150,0.3930,0.4456,1.2254,239,5.1834
05393500,aifs,5,-0.0012,0.3583,0.4047,1.1419,239,5.6379
05399500,aifs,5,0.0626,0.3000,0.3832,0.9492,239,6.8707
05408000,aifs,5,0.1027,0.2137,0.3729,0.8379,239,8.5275
05412500,aifs,5,0.2972,0.4247,0.5567,0.8737,239,6.3440
05413500,aifs,5,0.2788,0.3394,0.5316,0.8547,239,7.3213
05414000,aifs,5,0.2690,0.3460,0.5218,0.9000,239,7.2221
05444000,aifs,5,0.2495,0.4161,0.5207,1.0261,239,6.2660
05454000,aifs,5,0.3083,0.3448,0.5608,0.7999,239,7.1960
05458000,aifs,5,0.1625,0.2926,0.4382,0.8457,239,7.2248
05466500,aifs,5,0.3442,0.2404,0.6354,0.6488,239,8.5468
05487980,aifs,5,0.2085,0.2376,0.4710,0.7263,239,8.0048
05488200,aifs,5,0.1963,0.1532,0.4550,0.6932,239,9.7865
05489000,aifs,5,0.2221,0.1870,0.4857,0.6833,239,8.9207
05495000,aifs,5,0.4093,0.4346,0.6463,0.8107,239,5.6763
05495500,aifs,5,0.3859,0.3552,0.6401,0.7834,239,6.9455
05501000,aifs,5,0.2664,0.2550,0.5241,0.8043,239,8.6050
05503800,aifs,5,0.2937,0.3958,0.5457,0.9439,239,6.6352
05507600,aifs,5,0.2517,0.4668,0.5392,1.0454,239,5.6939
05508805,aifs,5,0.2590,0.4726,0.5438,0.9924,239,5.5757
05514500,aifs,5,0.1880,0.4077,0.4868,0.9570,239,6.4014
05525500,aifs,5,0.1430,0.2700,0.4182,0.8501,239,7.5531
05556500,aifs,5,0.2867,0.3001,0.5442,0.7677,239,7.6115
05584500,aifs,5,0.3489,0.2447,0.6494,0.7095,239,9.1818
05585000,aifs,5,0.3708,0.2900,0.6528,0.7471,239,8.2484
05591550,aifs,5,0.2026,0.3039,0.4689,0.8324,239,8.1313
05592050,aifs,5,0.1714,0.3717,0.4647,0.9503,239,6.9369
05592575,aifs,5,0.1897,0.2662,0.4611,0.7467,239,8.7459
05593575,aifs,5,0.0880,0.3495,0.4191,0.9383,239,7.8659
05593900,aifs,5,0.1619,0.2819,0.4378,0.8144,239,8.0673
05595730,aifs,5,0.0612,0.3697,0.4192,0.9685,239,7.5899
06037500,aifs,5,0.6060,0.7215,0.7803,1.0320,239,2.4499
06043500,aifs,5,0.6512,0.7344,0.8070,0.9870,239,2.2461
06154410,aifs,5,0.2827,0.3710,0.5359,0.8857,239,4.1103
06188000,aifs,5,0.4874,0.6976,0.7430,1.1580,239,2.1569
06191500,aifs,5,0.5827,0.7409,0.7899,1.1493,239,1.9719
06221400,aifs,5,0.3713,0.6186,0.6635,1.1572,239,2.3227
06224000,aifs,5,0.4189,0.6227,0.6766,1.1377,239,2.3602
06289000,aifs,5,0.4094,0.5938,0.7592,1.2958,239,2.1952
06332515,aifs,5,-0.1790,0.2948,0.4421,1.4297,239,3.5851
06339100,aifs,5,-0.5683,0.1525,0.4601,1.5699,239,3.2792
06339500,aifs,5,0.1264,0.4430,0.6458,1.3968,239,2.9030
06344600,aifs,5,-0.1455,0.3509,0.4191,1.2889,239,3.6899
06350000,aifs,5,0.1280,0.5247,0.6585,1.2621,239,2.7095
06352000,aifs,5,-0.5873,0.2365,0.4990,1.4177,239,3.1409
06353000,aifs,5,-0.2968,0.2768,0.5995,1.4614,239,3.0458
06354000,aifs,5,0.0543,0.4135,0.6787,1.3912,239,2.8330
06360500,aifs,5,-0.1994,0.3460,0.5608,1.4107,239,2.7742
06404000,aifs,5,0.1558,0.4707,0.5833,1.3263,239,3.0693
06406000,aifs,5,0.0612,0.4656,0.5718,1.3121,239,2.9648
06408700,aifs,5,-0.1294,0.4023,0.4436,1.2183,239,3.0873
06409000,aifs,5,-0.0316,0.4416,0.5028,1.2532,239,2.9071
06431500,aifs,5,-0.0536,0.3978,0.4328,1.1839,239,3.3310
06440200,aifs,5,0.1727,0.4403,0.4939,0.9942,239,3.8772
06441500,aifs,5,0.2165,0.5544,0.5677,1.0150,239,3.0936
06447000,aifs,5,0.1270,0.4789,0.5005,0.9890,239,3.1776
06447500,aifs,5,-0.0662,0.3077,0.3453,0.9771,239,4.1043
06450500,aifs,5,0.0087,0.2281,0.3342,0.8291,239,4.5923
06452000,aifs,5,0.1212,0.4137,0.4659,0.9144,239,3.4076
06453600,aifs,5,0.3222,0.3375,0.5739,0.7764,239,4.4294
06464500,aifs,5,0.1680,0.1513,0.4218,0.7028,239,5.6435
06477500,aifs,5,0.2943,0.4749,0.5631,0.9505,239,4.2050
06479215,aifs,5,0.1568,0.2572,0.4190,1.1206,239,6.4434
06479438,aifs,5,0.1070,0.2452,0.3859,1.1493,239,6.1580
06601000,aifs,5,0.0579,0.1295,0.3065,0.8637,239,7.2749
06614800,aifs,5,0.4365,0.3528,0.7040,0.7191,239,4.0374
06622700,aifs,5,0.4416,0.5223,0.6723,0.8043,239,2.6667
06623800,aifs,5,0.5740,0.6304,0.7593,0.9047,239,2.5026
06632400,aifs,5,0.5177,0.5812,0.7213,0.8904,239,2.6966
06784000,aifs,5,0.2202,0.4070,0.5045,0.9102,239,4.8504
06803510,aifs,5,-0.0237,0.0802,0.2370,0.8321,239,8.3558
06803530,aifs,5,-0.0439,0.1608,0.2662,0.9071,239,7.2410
06814000,aifs,5,0.1152,0.2868,0.4030,0.9188,239,7.1793
06846500,aifs,5,0.2188,0.3439,0.4929,0.8083,239,3.6878
06847900,aifs,5,0.1093,0.2641,0.3927,0.8825,239,4.7918
06853800,aifs,5,0.0456,0.3308,0.3933,1.0549,239,5.2597
06876700,aifs,5,0.2477,0.1950,0.5123,0.7292,239,8.6216
06878000,aifs,5,0.2209,0.3172,0.4805,0.8821,239,7.0825
06879650,aifs,5,0.2653,0.2693,0.5255,0.7169,239,8.2623
06885500,aifs,5,0.1608,0.2302,0.4248,0.7756,239,8.0979
06888500,aifs,5,0.2622,0.2762,0.5176,0.7746,239,8.6273
06889200,aifs,5,0.1973,0.2753,0.4582,0.8225,239,8.1259
06889500,aifs,5,0.2444,0.3268,0.5029,0.8395,239,7.6178
06892000,aifs,5,0.1729,0.2488,0.4358,0.8021,239,8.4441
06903400,aifs,5,0.1302,0.1611,0.3891,0.7238,239,8.8335
06906800,aifs,5,0.2002,0.2041,0.4693,0.6745,239,9.8235
06910800,aifs,5,0.1849,0.2677,0.4497,0.7995,239,8.6150
06911900,aifs,5,0.1851,0.2366,0.4467,0.7606,239,9.0977
06917000,aifs,5,0.1729,0.2069,0.4348,0.7344,239,9.9862
06918460,aifs,5,0.1359,0.2926,0.4193,0.8814,239,9.3104
06919500,aifs,5,0.1312,0.2928,0.4176,0.8741,239,8.8766
06921070,aifs,5,0.1125,0.1783,0.3809,0.7360,239,10.7512
06921200,aifs,5,0.1289,0.1675,0.3852,0.7569,239,11.3091
06934000,aifs,5,0.0919,0.3293,0.4131,0.9013,239,8.2812
07014500,aifs,5,0.0806,0.1497,0.3452,0.7484,239,11.1506
07056000,aifs,5,0.1067,0.2984,0.4025,0.9430,239,8.4385
07057500,aifs,5,0.0405,0.3555,0.4043,1.0205,239,8.1853
07060710,aifs,5,0.2053,0.3164,0.4658,0.9782,239,8.3951
07066000,aifs,5,0.0503,0.3526,0.4057,1.0141,239,8.0966
07067000,aifs,5,0.0653,0.4287,0.4558,1.0467,239,7.1051
07068000,aifs,5,0.0471,0.4509,0.4701,1.0874,239,6.7402
07071500,aifs,5,0.0491,0.4169,0.4457,1.0663,239,7.2429
07083000,aifs,5,0.3421,0.5269,0.6095,1.1343,239,2.3458
07142300,aifs,5,0.0210,0.2000,0.3142,0.9415,239,5.1835
07145700,aifs,5,-0.0595,-0.0088,0.1658,0.8328,239,11.9681
07148400,aifs,5,-0.0044,0.2915,0.3528,0.9963,239,4.4704
07149000,aifs,5,-0.1121,0.3113,0.3414,1.0876,239,4.4604
07151500,aifs,5,-0.0801,0.1109,0.2198,0.9416,239,8.1779
07167500,aifs,5,-0.1714,0.2140,0.2574,1.0365,239,8.5478
07180500,aifs,5,-0.0816,0.2082,0.2782,0.9625,239,8.3759
07184000,aifs,5,0.1844,0.1990,0.4325,0.8461,239,11.7688
07195800,aifs,5,0.1634,0.3029,0.4342,0.9990,239,10.0663
07196900,aifs,5,0.0661,0.3138,0.3959,1.1119,239,9.4275
07197000,aifs,5,0.1116,0.3684,0.4371,1.0516,239,8.8539
07208500,aifs,5,0.3141,0.5305,0.5895,1.0068,239,2.1538
07226500,aifs,5,0.1286,0.5098,0.5207,1.0136,239,2.2983
07261000,aifs,5,0.2614,0.4255,0.5300,0.9952,239,7.4241
07263295,aifs,5,0.3730,0.4895,0.6137,1.0540,239,7.2651
07290650,aifs,5,0.2244,0.3995,0.5017,1.0325,239,8.4677
07291000,aifs,5,0.2163,0.4004,0.4974,1.0169,239,8.6184
07292500,aifs,5,0.2440,0.4215,0.5191,0.9996,239,8.5301
07295000,aifs,5,0.2919,0.4065,0.5452,0.9935,239,9.3143
07299670,aifs,5,-0.1330,0.1969,0.2568,1.0653,239,4.8637
07301410,aifs,5,0.0865,0.1459,0.3290,0.9337,239,5.3440
07301500,aifs,5,-0.0360,0.3485,0.3901,1.1438,239,3.3029
07315200,aifs,5,0.0636,0.3350,0.4008,1.0171,239,6.5407
07315700,aifs,5,-0.2737,0.2018,0.3088,1.3872,239,6.7198
07335700,aifs,5,0.2714,0.3480,0.5264,0.8484,239,9.3669
07340300,aifs,5,0.3392,0.5481,0.6074,1.0365,239,6.7539
07346045,aifs,5,0.1551,0.4873,0.5474,1.2262,239,6.6565
07359610,aifs,5,0.2943,0.4537,0.5587,0.9199,239,7.7847
07362100,aifs,5,0.2203,0.4479,0.5849,1.3522,239,6.2610
07362587,aifs,5,0.3244,0.4168,0.5714,0.9320,239,8.4408
07373000,aifs,5,0.5024,0.5971,0.7107,1.1094,239,6.4322
07375000,aifs,5,0.1957,0.2727,0.4510,0.9088,239,12.2266
07376000,aifs,5,0.2274,0.3416,0.4879,0.9493,239,10.4992
08013000,aifs,5,0.5122,0.5615,0.7177,1.0014,239,7.1232
08014500,aifs,5,0.5183,0.5882,0.7203,0.9861,239,6.8754
08023080,aifs,5,0.3010,0.4452,0.5639,1.1384,239,7.7738
08025500,aifs,5,0.5108,0.5120,0.7264,0.9726,239,7.7031
08029500,aifs,5,0.2669,0.3798,0.5241,0.9310,239,9.8894
08050800,aifs,5,0.3410,0.4346,0.5849,0.9718,239,7.7667
08066200,aifs,5,0.1185,0.1819,0.3732,0.8224,239,12.9341
08066300,aifs,5,0.0192,0.0687,0.2518,0.8762,239,17.5875
08070000,aifs,5,0.2703,0.5064,0.5650,1.0875,239,7.7610
08070200,aifs,5,0.2731,0.5120,0.5668,1.0641,239,7.9263
08079600,aifs,5,-0.1720,0.3361,0.3689,1.1902,239,3.2696
08082700,aifs,5,-0.0673,0.2080,0.3113,1.2632,239,5.4864
08086212,aifs,5,0.1130,0.3543,0.4322,1.0783,239,5.7993
08086290,aifs,5,0.0981,0.3668,0.4350,1.1078,239,5.8208
08101000,aifs,5,0.1708,0.4452,0.5247,1.2357,239,5.5815
08103900,aifs,5,0.3409,0.3886,0.5854,0.8860,239,7.5499
08104900,aifs,5,0.2727,0.3079,0.5243,0.8522,239,8.9748
08109700,aifs,5,0.2934,0.3765,0.5428,1.0353,239,8.9335
08150800,aifs,5,0.3995,0.3351,0.6621,0.7650,239,8.2523
08155200,aifs,5,0.1888,0.3832,0.4835,1.1352,239,7.4672
08158700,aifs,5,0.2000,0.4178,0.5039,1.1435,239,6.9658
08158810,aifs,5,0.2319,0.4724,0.5391,1.1271,239,6.4926
08164000,aifs,5,0.4239,0.5727,0.6696,1.1933,239,5.6349
08164300,aifs,5,0.4260,0.5048,0.6530,1.0605,239,7.3146
08164600,aifs,5,0.3160,0.5146,0.5989,1.1817,239,6.1880
08165300,aifs,5,0.4845,0.4830,0.7081,0.9270,239,6.8594
08171300,aifs,5,0.2636,0.4220,0.5325,1.0847,239,7.2397
08175000,aifs,5,0.3797,0.4841,0.6173,1.0055,239,6.8633
08176900,aifs,5,0.4581,0.5917,0.6905,1.1872,239,5.0828
08178880,aifs,5,0.3292,0.3630,0.5760,0.9239,239,8.7443
08189500,aifs,5,0.4644,0.5653,0.6832,1.1013,239,5.4191
08190000,aifs,5,0.4103,0.3216,0.6899,0.7766,239,11.1006
08190500,aifs,5,0.3758,0.3433,0.6325,0.8341,239,10.9098
08194200,aifs,5,0.1978,0.1611,0.4515,0.7128,239,7.7612
08195000,aifs,5,0.4266,0.3530,0.6980,0.8225,239,9.8770
08196000,aifs,5,0.3261,0.2655,0.6020,0.7947,239,12.2599
08198500,aifs,5,0.3303,0.3031,0.5895,0.8133,239,10.2854
08200000,aifs,5,0.2193,0.2420,0.4697,0.8672,239,10.6848
08202700,aifs,5,0.2160,0.2095,0.4685,0.7932,239,11.4744
08267500,aifs,5,0.2862,0.2070,0.5651,0.6421,239,3.2113
08269000,aifs,5,0.3131,0.3971,0.5655,0.8387,239,2.3350
08271000,aifs,5,0.2697,0.1738,0.5561,0.6071,239,3.3822
08324000,aifs,5,0.1842,0.4450,0.5061,0.8932,239,2.0892
08377900,aifs,5,0.2221,0.3466,0.4930,0.8377,239,3.3408
08378500,aifs,5,0.2814,0.4551,0.5531,0.9024,239,2.7967
08380500,aifs,5,0.2973,0.5010,0.5755,0.9056,239,2.5855
09034900,aifs,5,0.3242,0.3214,0.5879,0.7226,239,3.2526
09035900,aifs,5,0.3277,0.4994,0.5908,0.9046,239,2.3966
09047700,aifs,5,0.2880,0.4875,0.5642,0.9453,239,2.3410
09065500,aifs,5,0.3139,0.4789,0.5771,0.9142,239,2.4716
09066000,aifs,5,0.2650,0.5423,0.5790,1.0826,239,2.1799
09066200,aifs,5,0.2958,0.4365,0.5585,0.8819,239,2.6512
09066300,aifs,5,0.3128,0.4620,0.5737,0.8941,239,2.5485
09081600,aifs,5,0.5352,0.5416,0.7413,1.0063,239,2.9701
09107000,aifs,5,0.3979,0.4859,0.6861,1.3937,239,1.9137
09210500,aifs,5,0.2525,0.6251,0.6301,1.0599,239,2.0153
09223000,aifs,5,0.4400,0.6722,0.6922,1.0241,239,2.1501
09306242,aifs,5,0.4023,0.6195,0.6602,1.0652,239,2.1859
09312600,aifs,5,0.3183,0.5082,0.5845,1.0068,239,2.5616
09352900,aifs,5,0.5969,0.5832,0.7830,0.8807,239,2.8053
09378170,aifs,5,0.3794,0.1928,0.6902,0.5119,239,2.7499
09378630,aifs,5,0.3399,0.1535,0.6587,0.4926,239,2.9854
09386900,aifs,5,0.2845,0.4520,0.5520,0.9313,239,1.9259
09404450,aifs,5,0.2372,0.5146,0.5527,0.9710,239,2.5539
09430500,aifs,5,0.1752,0.5574,0.5667,0.9269,239,2.0780
09430600,aifs,5,0.1050,0.4296,0.4858,0.8153,239,2.7045
09447800,aifs,5,-0.2543,0.4596,0.5325,1.0546,239,1.8387
09480000,aifs,5,0.2419,0.2313,0.5120,0.6396,239,3.0247
09484000,aifs,5,0.0348,0.2791,0.3745,0.8156,239,3.2837
09484600,aifs,5,0.2534,0.3027,0.5245,0.6804,239,2.6485
09492400,aifs,5,0.3092,0.2933,0.5759,0.6659,239,3.9469
09494000,aifs,5,0.3640,0.4889,0.6192,0.8002,239,2.7154
09497800,aifs,5,0.1553,0.4793,0.5192,0.8646,239,2.4423
09497980,aifs,5,0.2315,0.4057,0.5330,0.7410,239,2.7670
09505200,aifs,5,0.4726,0.6240,0.6942,0.9419,239,2.0957
09505350,aifs,5,0.4552,0.5892,0.6796,0.9182,239,2.1936
09505800,aifs,5,0.5024,0.6175,0.7110,0.9252,239,2.1957
09508300,aifs,5,0.2504,0.3956,0.5356,0.7487,239,2.5941
09510200,aifs,5,-0.1011,0.1295,0.2441,0.7614,239,3.1444
09512280,aifs,5,-0.1050,0.1516,0.2344,1.0013,239,2.8103
09513780,aifs,5,-0.0782,0.2260,0.2897,0.9964,239,2.4326
10023000,aifs,5,0.5110,0.6182,0.7158,0.9540,239,2.5121
10166430,aifs,5,0.4183,0.3924,0.6611,0.7055,239,2.7301
10172700,aifs,5,0.2979,0.4490,0.5619,0.8804,239,2.2893
10172800,aifs,5,0.4427,0.3392,0.7002,0.6377,239,2.7319
10173450,aifs,5,0.3093,0.4287,0.5696,0.8199,239,3.0241
10205030,aifs,5,0.5313,0.5425,0.7357,0.8260,239,2.0838
10234500,aifs,5,0.3564,0.4689,0.6053,0.8440,239,2.8143
10242000,aifs,5,0.3536,0.3792,0.6034,0.7325,239,3.0656
10244950,aifs,5,0.2988,0.5382,0.5882,1.0712,239,2.3927
10249300,aifs,5,0.1776,0.5187,0.5532,1.1535,239,2.0518
10258000,aifs,5,0.4011,0.4927,0.6347,0.8728,239,2.7549
10258500,aifs,5,0.3329,0.5906,0.6649,1.2351,239,1.4882
10259000,aifs,5,0.3871,0.4590,0.6239,0.8104,239,2.1619
10259200,aifs,5,0.3101,0.4931,0.6526,1.3689,239,1.6664
10263500,aifs,5,0.4552,0.2171,0.7443,0.5139,239,4.3673
10310500,aifs,5,0.6016,0.6648,0.8528,1.2234,239,2.2958
10316500,aifs,5,0.2709,0.3310,0.5312,0.7588,239,3.1752
10329500,aifs,5,0.1792,0.2952,0.4504,0.8263,239,2.9678
10336645,aifs,5,0.8120,0.8566,0.9013,1.0541,239,3.5643
10336660,aifs,5,0.8008,0.8083,0.8965,0.9621,239,3.9945
10343500,aifs,5,0.7665,0.8614,0.8774,0.9949,239,2.6121
10348850,aifs,5,0.6315,0.3331,0.8852,0.5620,239,5.5360
10396000,aifs,5,0.1905,0.2058,0.4626,0.6400,239,3.0247
11098000,aifs,5,0.4750,0.1825,0.7864,0.4656,239,5.9246
11124500,aifs,5,0.5136,0.3316,0.7828,0.6524,239,4.8415
11141280,aifs,5,0.7114,0.4496,0.9034,0.6501,239,3.3914
11143000,aifs,5,0.3612,0.1248,0.6529,0.4316,239,8.1000
11148900,aifs,5,0.5687,0.5177,0.7593,0.7163,239,3.5919
11151300,aifs,5,0.6118,0.5532,0.7906,0.7612,239,2.3327
11162500,aifs,5,0.3669,0.3812,0.6124,0.6682,239,5.0539
11176400,aifs,5,0.4195,0.6479,0.6764,0.9500,239,2.5824
11180500,aifs,5,0.3433,0.6152,0.6356,0.9631,239,3.0937
11180960,aifs,5,0.3687,0.4814,0.6180,0.7864,239,3.6416
11224500,aifs,5,0.6293,0.4660,0.8245,0.6817,239,1.9850
11253310,aifs,5,0.6510,0.4791,0.8490,0.7157,239,1.5699
11264500,aifs,5,-0.7328,-0.2445,0.6994,1.9258,239,6.2573
11266500,aifs,5,-0.4782,-0.0937,0.6966,1.8237,239,6.2270
11274500,aifs,5,0.4874,0.6284,0.7061,0.8784,239,2.3176
11274630,aifs,5,0.4395,0.6649,0.6888,0.9988,239,2.2038
11284400,aifs,5,0.5422,0.5884,0.7977,1.3460,239,3.4353
11299600,aifs,5,0.4414,0.6144,0.7227,1.2680,239,3.7075
11381500,aifs,5,0.5514,0.4163,0.7841,0.7058,239,6.0698
11383500,aifs,5,0.5720,0.4155,0.8039,0.6924,239,6.0199
11451100,aifs,5,0.4596,0.6086,0.6914,0.8388,239,3.8157
11468500,aifs,5,0.5869,0.6133,0.7685,0.8787,239,4.3009
11473900,aifs,5,0.4954,0.4728,0.7105,0.7532,239,4.8882
11475560,aifs,5,0.3806,0.1361,0.7153,0.4766,239,10.2934
11476600,aifs,5,0.4999,0.5625,0.7078,0.8769,239,5.2063
11478500,aifs,5,0.5747,0.5440,0.7681,0.8112,239,4.8161
11480390,aifs,5,0.4805,0.4952,0.6969,0.8105,239,5.0118
11481200,aifs,5,0.5854,0.5136,0.7856,0.7894,239,5.1267
11482500,aifs,5,0.5778,0.4501,0.7963,0.7194,239,5.7962
11522500,aifs,5,0.6870,0.6825,0.8349,0.9361,239,3.3465
11523200,aifs,5,0.5806,0.5245,0.7750,0.7624,239,4.2668
11528700,aifs,5,0.5241,0.5797,0.7251,0.8537,239,4.1819
11532500,aifs,5,0.6704,0.5712,0.8386,0.7792,239,6.3599
12010000,aifs,5,0.5297,0.4732,0.7477,0.6805,239,7.8310
12013500,aifs,5,0.5476,0.6500,0.7488,0.8260,239,6.0236
12020000,aifs,5,0.6004,0.7751,0.7924,0.9262,239,4.7399
12025000,aifs,5,0.5856,0.7531,0.7791,0.9231,239,4.6480
12025700,aifs,5,0.5316,0.7075,0.7941,1.1831,239,4.4512
12035000,aifs,5,0.6169,0.6079,0.7936,0.7507,239,6.8574
12040500,aifs,5,0.6385,0.6131,0.8092,0.7573,239,7.6685
12041200,aifs,5,0.6331,0.5059,0.8274,0.6837,239,8.4891
12043000,aifs,5,0.6705,0.5616,0.8433,0.7296,239,6.3347
12048000,aifs,5,0.3471,0.4549,0.7256,1.4608,239,4.2375
12054000,aifs,5,0.6430,0.6820,0.8036,0.9616,239,5.3456
12056500,aifs,5,0.6654,0.6619,0.8206,0.8377,239,6.8681
12073500,aifs,5,0.4059,0.6471,0.6706,1.0383,239,4.3892
12082500,aifs,5,0.6356,0.8111,0.8180,1.0504,239,5.7915
12092000,aifs,5,0.5828,0.7588,0.7756,0.9901,239,6.2542
12095000,aifs,5,0.4819,0.6966,0.7560,1.1748,239,5.3231
12114500,aifs,5,0.6025,0.5152,0.7991,0.7330,239,7.2851
12115000,aifs,5,0.6109,0.5240,0.8041,0.7401,239,7.1705
12115500,aifs,5,0.6233,0.5497,0.8096,0.7741,239,7.0785
12117000,aifs,5,0.6103,0.5448,0.8001,0.7639,239,7.1234
12141300,aifs,5,0.6103,0.4821,0.8178,0.7009,239,8.3447
12143600,aifs,5,0.6266,0.5345,0.8169,0.7596,239,7.6749
12144000,aifs,5,0.6397,0.5761,0.8172,0.7942,239,7.0579
12145500,aifs,5,0.6158,0.6123,0.7922,0.8110,239,5.7496
12147600,aifs,5,0.5598,0.3932,0.8085,0.6351,239,10.8641
12167000,aifs,5,0.6443,0.6719,0.8056,0.8936,239,6.7066
12175500,aifs,5,0.6904,0.8199,0.8361,1.0228,239,4.3984
12186000,aifs,5,0.6596,0.6725,0.8165,0.8472,239,6.7995
12189500,aifs,5,0.6615,0.7836,0.8165,0.9747,239,5.7086
12358500,aifs,5,0.5043,0.6235,0.7154,0.8884,239,4.8755
12377150,aifs,5,0.5796,0.5232,0.7829,0.6997,239,4.3046
12381400,aifs,5,0.5949,0.6141,0.7810,0.7701,239,3.8015
12390700,aifs,5,0.3675,0.6428,0.7383,1.1915,239,3.6615
12411000,aifs,5,0.3184,0.6309,0.6783,1.1750,239,4.5597
12414500,aifs,5,0.5575,0.7568,0.7941,1.1152,239,3.7473
12447390,aifs,5,0.0083,0.2086,0.5721,1.6608,239,2.7623
12451000,aifs,5,0.4825,0.5443,0.8218,1.3483,239,4.0232
12488500,aifs,5,0.7659,0.8628,0.8776,1.0226,239,3.9119
13011500,aifs,5,0.5544,0.6800,0.7646,1.1958,239,2.4381
13011900,aifs,5,0.5396,0.6871,0.7440,1.0995,239,2.3873
13018300,aifs,5,0.4617,0.6261,0.6921,1.1024,239,2.7153
13023000,aifs,5,0.4643,0.6844,0.7093,1.0750,239,2.2467
13161500,aifs,5,-0.1900,0.1625,0.4785,1.6495,239,2.3228
13235000,aifs,5,0.5493,0.6436,0.7422,0.9249,239,2.9428
13240000,aifs,5,0.5913,0.5427,0.7838,0.7571,239,3.6462
13310700,aifs,5,0.5963,0.7434,0.7781,0.9784,239,2.7760
13313000,aifs,5,0.5509,0.5481,0.7511,0.7847,239,3.5056
13331500,aifs,5,0.5345,0.5347,0.7390,0.7931,239,3.4246
13337000,aifs,5,0.7204,0.8381,0.8543,0.9518,239,3.1678
13338500,aifs,5,0.5679,0.7094,0.7746,1.1717,239,3.0242
13340000,aifs,5,0.7068,0.8274,0.8448,1.0192,239,2.7384
13340600,aifs,5,0.7277,0.8208,0.8551,0.9471,239,3.5132
14020000,aifs,5,0.5769,0.6235,0.7618,0.8519,239,3.1585
14092750,aifs,5,0.5904,0.7339,0.8472,1.0809,239,3.6108
14096850,aifs,5,-0.0058,0.2858,0.7141,1.5072,239,3.4915
14137000,aifs,5,0.7186,0.8398,0.8770,1.0134,239,4.5516
14138800,aifs,5,0.7750,0.7144,0.8861,0.7887,239,5.5564
14138870,aifs,5,0.7946,0.7508,0.8954,0.8243,239,5.4993
14138900,aifs,5,0.7744,0.5823,0.9085,0.7015,239,6.8406
14139800,aifs,5,0.7645,0.7432,0.8788,0.8066,239,5.7230
14141500,aifs,5,0.7539,0.8655,0.8805,0.9433,239,5.0026
14154500,aifs,5,0.4864,0.6448,0.8206,1.1842,239,4.0198
14158500,aifs,5,0.6280,0.7968,0.8425,0.9984,239,4.3412
14158790,aifs,5,0.7102,0.6627,0.8508,0.7546,239,4.9044
14166500,aifs,5,0.6714,0.8192,0.8422,1.0812,239,3.6622
14182500,aifs,5,0.4838,0.6481,0.8224,1.1654,239,5.8561
14185000,aifs,5,0.5227,0.6225,0.8496,1.1944,239,4.9823
14185900,aifs,5,0.6905,0.8045,0.8738,1.0420,239,4.8226
14187000,aifs,5,0.6091,0.7530,0.8440,1.1023,239,4.6952
14216500,aifs,5,0.7500,0.8547,0.8875,1.0444,239,4.6715
14222500,aifs,5,0.7231,0.5642,0.8795,0.7259,239,7.8741
14236200,aifs,5,0.6758,0.8275,0.8321,1.0049,239,4.9115
14301000,aifs,5,0.7176,0.6863,0.8534,0.8419,239,4.7685
14303200,aifs,5,0.6822,0.5367,0.8535,0.7074,239,6.5769
14305500,aifs,5,0.6289,0.4696,0.8272,0.6571,239,8.4180
14306340,aifs,5,0.6945,0.8128,0.8420,0.9092,239,3.9294
14306500,aifs,5,0.6694,0.8105,0.8286,0.9317,239,4.4095
14308990,aifs,5,0.5218,0.6528,0.7928,1.2570,239,3.1167
14309500,aifs,5,0.7468,0.8550,0.8692,0.9510,239,3.3995
14316700,aifs,5,0.5127,0.6521,0.8326,1.1740,239,3.7163
14325000,aifs,5,0.6247,0.7322,0.8008,0.8428,239,5.1631
14362250,aifs,5,0.5967,0.5817,0.8135,1.3719,239,2.6517
14400000,aifs,5,0.7105,0.6639,0.8478,0.7860,239,6.1052
01013500,aifs,6,-0.1493,0.3094,0.4662,1.4366,239,5.9253
01022500,aifs,6,-0.1878,0.2735,0.5117,1.5182,239,6.8744
01030500,aifs,6,-0.5505,0.2117,0.4166,1.4763,239,6.7555
01031500,aifs,6,-0.6262,0.1173,0.4369,1.6102,239,7.2765
01047000,aifs,6,-0.3764,0.2417,0.4198,1.4696,239,7.2056
01052500,aifs,6,-0.2353,0.2319,0.4093,1.4909,239,6.2251
01054200,aifs,6,-0.1047,0.3283,0.3833,1.2346,239,7.6159
01055000,aifs,6,-0.3274,0.3006,0.3968,1.3466,239,6.6406
01057000,aifs,6,-0.4372,0.2627,0.3497,1.3377,239,7.2795
01073000,aifs,6,-0.2380,0.3207,0.4050,1.3269,239,6.7498
01078000,aifs,6,-0.2919,0.2950,0.3462,1.2627,239,7.1412
01118300,aifs,6,0.0923,0.1300,0.3452,0.7519,239,11.0073
01121000,aifs,6,0.1494,0.3343,0.4500,0.8290,239,7.6145
01123000,aifs,6,0.1096,0.2799,0.4109,0.8002,239,8.1912
01134500,aifs,6,-0.0681,0.3196,0.3858,1.2423,239,6.7570
01137500,aifs,6,-0.1696,0.2810,0.3572,1.2997,239,7.1108
01139000,aifs,6,-0.2556,0.1841,0.3236,1.4432,239,6.9372
01139800,aifs,6,-0.1637,0.2701,0.3149,1.1769,239,7.4662
01142500,aifs,6,-0.3018,0.2355,0.3460,1.3943,239,6.5788
01144000,aifs,6,-0.1927,0.3111,0.3508,1.2090,239,6.7789
01169000,aifs,6,-0.0698,0.3912,0.4227,1.1738,239,7.1907
01170100,aifs,6,-0.0864,0.3850,0.4282,1.2183,239,7.0643
01181000,aifs,6,0.0541,0.4042,0.4368,1.0155,239,7.3579
01187300,aifs,6,0.0712,0.4515,0.4830,1.1390,239,6.3768
01195100,aifs,6,0.2047,0.2407,0.4693,0.7272,239,8.5757
01333000,aifs,6,-0.0279,0.3575,0.4193,1.2355,239,7.0765
01350000,aifs,6,0.1359,0.2376,0.3952,0.9664,239,9.3968
01350080,aifs,6,0.0818,0.3168,0.4023,1.0947,239,7.5670
01350140,aifs,6,0.0505,0.3175,0.3880,1.0577,239,7.2936
01365000,aifs,6,0.1009,0.3313,0.4151,1.0583,239,7.9770
01411300,aifs,6,0.0936,0.0517,0.3245,0.7334,239,10.2789
01413500,aifs,6,0.1846,0.2876,0.4465,0.9054,239,8.6263
01414500,aifs,6,0.1488,0.2567,0.4099,0.9820,239,9.3845
01415000,aifs,6,0.2056,0.3910,0.4884,0.9876,239,7.0105
01423000,aifs,6,0.2037,0.3909,0.4885,0.9480,239,6.9420
01434025,aifs,6,0.1581,0.2475,0.4175,0.8875,239,9.8403
01435000,aifs,6,0.1436,0.2690,0.4115,0.9419,239,9.3455
01439500,aifs,6,0.1997,0.3454,0.4812,0.8269,239,6.8209
01440000,aifs,6,0.2477,0.3589,0.5129,0.8390,239,7.0006
01440400,aifs,6,0.2045,0.2840,0.4795,0.7409,239,7.5148
01451800,aifs,6,0.2359,0.4399,0.5247,0.9074,239,5.9763
01466500,aifs,6,0.1656,0.3045,0.4437,0.8543,239,6.5673
01484100,aifs,6,0.1222,0.2256,0.3837,0.9128,239,7.3002
01485500,aifs,6,0.0743,0.1313,0.3257,0.8026,239,9.0459
01486000,aifs,6,0.0945,0.1319,0.3394,0.8143,239,9.1912
01487000,aifs,6,0.1258,0.2113,0.3812,0.9176,239,7.7128
01491000,aifs,6,0.0493,0.2980,0.3762,1.0321,239,6.0423
01510000,aifs,6,0.1353,0.4427,0.4843,1.0612,239,6.7740
01516500,aifs,6,0.2454,0.5105,0.5543,0.9591,239,5.0347
01518862,aifs,6,0.1608,0.4452,0.4941,0.9384,239,5.6024
01532000,aifs,6,0.2978,0.4493,0.5585,0.9477,239,5.8417
01539000,aifs,6,0.2087,0.3680,0.4910,0.8530,239,6.4531
01542810,aifs,6,-0.0230,0.3471,0.3822,0.9581,239,6.6692
01543000,aifs,6,0.0038,0.3931,0.4184,0.9584,239,6.3468
01543500,aifs,6,0.1195,0.4098,0.4642,0.9099,239,6.4204
01544500,aifs,6,0.1742,0.4620,0.5057,0.9647,239,5.7449
01545600,aifs,6,0.1706,0.4457,0.4957,0.9967,239,5.8910
01547700,aifs,6,0.1355,0.1264,0.3787,0.7852,239,9.9884
01548500,aifs,6,0.1612,0.4819,0.5120,0.9665,239,5.4069
01549500,aifs,6,0.2901,0.4861,0.5635,0.9838,239,5.5367
01550000,aifs,6,0.3170,0.4440,0.5695,0.9490,239,6.0542
01552000,aifs,6,0.2713,0.3540,0.5260,0.8808,239,7.1376
01552500,aifs,6,0.2384,0.4175,0.5190,0.8995,239,6.1181
01557500,aifs,6,0.2040,0.2044,0.4718,0.7060,239,8.4301
01567500,aifs,6,0.2991,0.2997,0.5597,0.7473,239,6.5282
01568000,aifs,6,0.3081,0.3387,0.5682,0.7477,239,5.7396
01580000,aifs,6,0.1870,0.3816,0.4827,0.8679,239,5.6158
01583500,aifs,6,0.2194,0.3999,0.5017,0.9131,239,5.4661
01586610,aifs,6,0.1963,0.3540,0.4760,0.8813,239,5.6125
01591400,aifs,6,0.2496,0.2438,0.5172,0.6957,239,7.0468
01596500,aifs,6,0.1176,0.2377,0.3898,0.8621,239,6.8767
01605500,aifs,6,0.2486,0.3958,0.5179,0.8997,239,5.7819
01606500,aifs,6,0.2736,0.4504,0.5469,0.9152,239,5.2822
01613050,aifs,6,0.2198,0.2687,0.4916,0.7248,239,5.8434
01620500,aifs,6,0.3195,0.5005,0.5829,0.9902,239,4.6722
01632000,aifs,6,0.2946,0.2916,0.5755,0.6353,239,5.9198
01632900,aifs,6,0.2947,0.2922,0.5654,0.6600,239,5.7733
01634500,aifs,6,0.2723,0.2817,0.5424,0.6812,239,5.9216
01638480,aifs,6,0.1681,0.2360,0.4416,0.7320,239,6.2778
01639500,aifs,6,0.2208,0.3666,0.4953,0.8697,239,5.4325
01644000,aifs,6,0.2375,0.3088,0.5137,0.7154,239,5.6121
01658500,aifs,6,0.1478,0.2119,0.4258,0.6990,239,6.7025
01664000,aifs,6,0.2143,0.2521,0.5000,0.6460,239,6.0583
01666500,aifs,6,0.2121,0.2575,0.4953,0.6606,239,6.0965
01667500,aifs,6,0.2196,0.2881,0.5028,0.6840,239,5.7916
01669000,aifs,6,0.0254,0.1248,0.2893,0.8207,239,8.0215
01669520,aifs,6,0.0313,0.1357,0.2958,0.8380,239,7.9423
02011400,aifs,6,0.2504,0.4802,0.5429,0.9800,239,5.1712
02011460,aifs,6,0.2385,0.4599,0.5300,1.0302,239,5.5466
02013000,aifs,6,0.1409,0.3885,0.4591,0.9372,239,5.8309
02014000,aifs,6,0.1301,0.4413,0.4800,0.9798,239,5.2505
02015700,aifs,6,0.2969,0.4655,0.5615,1.0352,239,5.1692
02016000,aifs,6,0.3283,0.5548,0.6050,1.0391,239,4.4383
02017500,aifs,6,0.0366,0.4517,0.4694,1.0905,239,4.8892
02018000,aifs,6,0.0662,0.4874,0.5040,1.1111,239,4.6014
02027000,aifs,6,0.2434,0.5076,0.5595,1.1241,239,4.5477
02027500,aifs,6,0.2749,0.5139,0.5692,1.0766,239,4.6205
02028500,aifs,6,0.2313,0.4305,0.5233,0.8641,239,4.9803
02038850,aifs,6,0.1084,0.3265,0.4221,0.8687,239,5.5916
02046000,aifs,6,0.1265,0.2711,0.4124,0.8223,239,6.4264
02051000,aifs,6,0.1767,0.2696,0.4428,0.8202,239,6.6653
02051500,aifs,6,0.1068,0.2856,0.4003,0.8910,239,6.2741
02053200,aifs,6,0.1991,0.3485,0.4720,0.9361,239,6.5186
02053800,aifs,6,0.0287,0.3740,0.4156,0.9145,239,5.2777
02055100,aifs,6,0.0307,0.3846,0.4942,1.3442,239,4.7204
02056900,aifs,6,0.0922,0.3533,0.4277,0.8808,239,5.6604
02059500,aifs,6,0.1551,0.5345,0.5442,1.0484,239,4.2860
02064000,aifs,6,-0.0002,0.3901,0.4274,1.1474,239,4.9756
02065500,aifs,6,0.0969,0.4097,0.4532,1.0453,239,5.0219
02069700,aifs,6,0.0308,0.2216,0.3368,0.8586,239,6.9566
02070000,aifs,6,-0.0001,0.2004,0.3156,0.8307,239,6.9841
02074500,aifs,6,0.0156,0.1873,0.3040,1.0228,239,7.3935
02077200,aifs,6,-0.0736,0.3259,0.3580,1.0679,239,5.7406
02081500,aifs,6,0.0689,0.3232,0.3967,1.0203,239,6.1309
02082950,aifs,6,0.1126,0.4057,0.4757,1.1988,239,5.1420
02092500,aifs,6,0.1214,0.4321,0.5049,1.2374,239,5.8832
02096846,aifs,6,0.0662,0.1508,0.3173,0.9214,239,8.7094
02102908,aifs,6,0.1540,0.2655,0.4173,0.9382,239,7.6298
02108000,aifs,6,0.2155,0.4722,0.5322,1.1193,239,5.7344
02111180,aifs,6,0.1208,0.2666,0.4061,0.8362,239,6.9912
02111500,aifs,6,0.0876,0.2525,0.3799,0.8534,239,6.9922
02118500,aifs,6,0.0694,0.3495,0.4128,0.9312,239,6.0257
02128000,aifs,6,0.1409,0.3454,0.4388,0.9599,239,6.1196
02137727,aifs,6,0.1286,0.2381,0.4013,0.8230,239,7.8055
02140991,aifs,6,0.1533,0.3348,0.4452,0.8879,239,6.6168
02143000,aifs,6,0.2090,0.3735,0.4893,0.8845,239,6.2866
02143040,aifs,6,0.2440,0.4066,0.5195,0.8849,239,6.1025
02149000,aifs,6,0.1779,0.1863,0.4367,0.7332,239,9.0710
02152100,aifs,6,0.2512,0.4436,0.5323,0.9251,239,5.8089
02177000,aifs,6,0.2634,0.4628,0.5426,0.9844,239,7.7178
02178400,aifs,6,0.1660,0.5018,0.5240,1.0152,239,6.9597
02193340,aifs,6,0.2091,0.4264,0.5112,1.1379,239,6.4661
02196000,aifs,6,0.3291,0.4235,0.5755,0.9406,239,6.5281
02198100,aifs,6,0.1269,0.0954,0.3782,0.6885,239,9.7761
02202600,aifs,6,0.1020,0.3363,0.4167,1.0214,239,5.6901
02212600,aifs,6,0.1792,0.3724,0.4691,0.9448,239,7.7395
02215100,aifs,6,0.2027,0.2786,0.4658,0.8107,239,7.5593
02216180,aifs,6,0.1490,0.1433,0.3994,0.7528,239,9.1984
02221525,aifs,6,0.1509,0.4163,0.4743,0.9921,239,7.0060
02231000,aifs,6,0.2088,0.3953,0.4953,0.9096,239,5.9615
02231342,aifs,6,0.1709,0.3342,0.4516,1.0719,239,6.1512
02235200,aifs,6,0.2409,0.3737,0.5050,0.9469,239,6.0484
02245500,aifs,6,0.1835,0.3919,0.4814,1.0920,239,5.7597
02246000,aifs,6,0.1871,0.4461,0.5023,1.0163,239,5.2918
02296500,aifs,6,0.2042,0.3786,0.4868,0.9152,239,5.4395
02297155,aifs,6,0.0856,0.1741,0.3427,0.8886,239,7.9450
02297310,aifs,6,0.1085,0.2056,0.3786,0.8236,239,7.3857
02298123,aifs,6,0.1209,0.2437,0.3900,0.9152,239,6.7270
02298608,aifs,6,0.0706,0.1463,0.3318,0.8102,239,8.1534
02299950,aifs,6,0.0332,0.1686,0.3056,0.9296,239,7.7405
02300700,aifs,6,0.1187,0.1765,0.3639,0.9518,239,8.7828
02310947,aifs,6,0.0989,0.2330,0.3694,1.0000,239,7.3172
02312200,aifs,6,0.0705,0.1563,0.3205,0.9861,239,8.7657
02314500,aifs,6,0.2551,0.3310,0.5151,0.8303,239,6.6827
02315500,aifs,6,0.2778,0.3890,0.5413,0.8421,239,6.0097
02324400,aifs,6,0.2450,0.2265,0.5078,0.7756,239,9.0714
02327100,aifs,6,0.0692,0.1825,0.3412,0.8393,239,8.5421
02349900,aifs,6,0.1776,0.2054,0.4402,0.7371,239,8.5726
02350900,aifs,6,0.1909,0.3704,0.4807,0.8659,239,6.6964
02361000,aifs,6,0.2009,0.4261,0.5012,0.9363,239,6.3605
02363000,aifs,6,0.3117,0.4726,0.5721,0.9522,239,6.5216
02369800,aifs,6,0.2934,0.2447,0.5652,0.7159,239,10.8514
02371500,aifs,6,0.2774,0.3828,0.5327,0.9178,239,7.9330
02372250,aifs,6,0.2820,0.4031,0.5429,0.8671,239,7.7372
02374500,aifs,6,0.2083,0.3417,0.4812,0.8564,239,8.9172
02381600,aifs,6,0.0447,0.2731,0.3622,0.9454,239,9.8420
02384540,aifs,6,0.0102,0.3485,0.3910,1.0102,239,8.7262
02395120,aifs,6,0.0253,0.3868,0.4505,1.2339,239,7.4009
02408540,aifs,6,0.0562,0.3475,0.4047,0.9976,239,9.1957
02415000,aifs,6,0.1018,0.3167,0.4112,0.9019,239,9.6579
02422500,aifs,6,0.1010,0.4429,0.4892,1.1683,239,8.2974
02427250,aifs,6,0.1871,0.5136,0.5380,1.0517,239,6.9162
02430085,aifs,6,-0.0271,0.3304,0.4053,1.2572,239,8.7466
02450250,aifs,6,0.0619,0.3675,0.4177,1.0045,239,9.3540
02464000,aifs,6,0.0956,0.3130,0.4044,1.0654,239,10.6874
02465493,aifs,6,0.1009,0.4400,0.5001,1.2195,239,8.0961
02469800,aifs,6,0.2456,0.5342,0.5647,1.0194,239,7.8704
02472000,aifs,6,0.2271,0.4079,0.5069,0.9403,239,9.1953
02472500,aifs,6,0.1595,0.3208,0.4451,0.8642,239,10.4602
02479155,aifs,6,0.4497,0.4531,0.6811,0.8929,239,9.7915
02479300,aifs,6,0.3877,0.2877,0.6800,0.7297,239,13.7059
02481000,aifs,6,0.3252,0.1933,0.6494,0.6514,239,17.2874
02481510,aifs,6,0.3656,0.2596,0.6593,0.6682,239,13.7794
03010655,aifs,6,0.0880,0.3844,0.4377,0.9357,239,6.3129
03011800,aifs,6,0.0847,0.3427,0.4147,0.9348,239,7.3991
03015500,aifs,6,-0.0098,0.4155,0.4361,1.0963,239,6.4770
03021350,aifs,6,0.0271,0.3361,0.3889,1.0137,239,7.4070
03026500,aifs,6,0.0300,0.3411,0.3941,0.9453,239,7.1556
03028000,aifs,6,0.0444,0.3481,0.4021,0.9567,239,7.3413
03049800,aifs,6,0.0869,0.3131,0.3999,0.9533,239,8.4602
03050000,aifs,6,0.0723,0.2547,0.3660,0.9416,239,8.8854
03066000,aifs,6,0.2042,0.2936,0.4685,0.8405,239,7.3264
03069500,aifs,6,0.1671,0.3398,0.4521,0.9201,239,7.0434
03070500,aifs,6,0.1535,0.4021,0.4698,0.9530,239,7.0271
03076600,aifs,6,0.1036,0.1874,0.3700,0.8038,239,8.5057
03078000,aifs,6,0.0666,0.1687,0.3293,0.8721,239,8.5668
03140000,aifs,6,-0.0141,0.2714,0.3425,0.9024,239,7.1634
03144000,aifs,6,0.0533,0.1742,0.3466,0.7345,239,8.4952
03159540,aifs,6,0.0186,0.1617,0.3049,0.8242,239,9.2081
03161000,aifs,6,0.0424,0.2730,0.3645,0.9001,239,6.6617
03164000,aifs,6,0.0256,0.3227,0.3850,0.9085,239,5.8888
03165000,aifs,6,0.1169,0.2547,0.4030,0.8085,239,6.6936
03170000,aifs,6,-0.0047,0.3205,0.3761,0.8903,239,5.5962
03173000,aifs,6,-0.0191,0.4030,0.4200,0.9688,239,5.0256
03180500,aifs,6,0.1153,0.3847,0.4490,1.0841,239,6.4010
03182500,aifs,6,0.1908,0.4696,0.5187,1.0864,239,5.5754
03186500,aifs,6,0.1979,0.4284,0.4999,0.9566,239,6.6419
03187500,aifs,6,0.1623,0.4169,0.4791,0.9863,239,6.7154
03213700,aifs,6,0.0301,0.3573,0.4059,1.0852,239,6.9512
03237280,aifs,6,-0.0190,0.2471,0.3224,0.9758,239,7.8613
03237500,aifs,6,0.0197,0.2578,0.3460,0.9140,239,7.7907
03241500,aifs,6,0.0521,0.0897,0.3085,0.7187,239,9.7002
03280700,aifs,6,-0.1202,0.2904,0.3411,1.1911,239,7.6563
03281100,aifs,6,-0.0185,0.3842,0.4270,1.1813,239,6.9934
03281500,aifs,6,-0.0160,0.3919,0.4333,1.1817,239,6.7580
03285000,aifs,6,0.1300,0.3299,0.4271,1.0443,239,8.3557
03291780,aifs,6,0.1176,0.1867,0.3756,0.8180,239,9.6860
03300400,aifs,6,0.1893,0.3167,0.4577,0.9088,239,8.6949
03340800,aifs,6,0.0785,0.1150,0.3338,0.7328,239,9.9409
03346000,aifs,6,0.2332,0.3471,0.5025,0.8188,239,7.6531
03364500,aifs,6,0.0832,0.0194,0.3218,0.6503,239,12.6598
03366500,aifs,6,0.1136,0.1925,0.3754,0.8135,239,9.5322
03368000,aifs,6,0.0732,0.0231,0.3182,0.6331,239,12.5530
03384450,aifs,6,0.1889,0.3544,0.4671,0.9606,239,8.5640
03439000,aifs,6,0.2588,0.4510,0.5417,0.8882,239,6.8560
03450000,aifs,6,0.0749,0.3264,0.4025,0.9344,239,6.3080
03455500,aifs,6,0.2632,0.5083,0.5651,0.8970,239,6.2013
03456500,aifs,6,0.2177,0.4155,0.5179,0.8234,239,5.9862
03460000,aifs,6,0.0647,0.3557,0.4159,0.9153,239,6.9531
03463300,aifs,6,0.1446,0.2578,0.4286,0.7702,239,7.3825
03471500,aifs,6,-0.0424,0.2929,0.3424,0.9720,239,6.2188
03473000,aifs,6,-0.0525,0.2835,0.3341,0.9602,239,6.4676
03479000,aifs,6,0.0225,0.3548,0.3999,0.9448,239,5.9373
03488000,aifs,6,-0.0499,0.3126,0.3527,1.0262,239,6.3335
03498500,aifs,6,-0.0965,0.3003,0.3331,0.9900,239,8.0377
03500000,aifs,6,0.1259,0.4893,0.5103,1.0741,239,6.9151
03504000,aifs,6,0.1709,0.4122,0.4890,0.8685,239,7.9573
03574500,aifs,6,0.0360,0.3674,0.4120,1.0677,239,9.1224
03604000,aifs,6,0.2744,0.4259,0.5394,0.9317,239,8.2954
04015330,aifs,6,0.0179,0.2214,0.3246,0.9289,239,6.4614
04024430,aifs,6,-0.0769,0.3535,0.3811,1.1118,239,5.2214
04027000,aifs,6,-0.2509,0.1807,0.2545,1.2784,239,5.0777
04040500,aifs,6,-0.1609,0.0887,0.1777,0.9226,239,5.7421
04043050,aifs,6,-0.1274,0.1351,0.2214,0.8952,239,5.1733
04045500,aifs,6,-0.1170,0.1793,0.2482,1.0063,239,5.3976
04056500,aifs,6,-0.1503,0.1617,0.2269,1.0110,239,5.1103
04057510,aifs,6,-0.0514,0.1129,0.2372,0.8873,239,5.7322
04057800,aifs,6,-0.0610,0.1399,0.2483,0.8948,239,5.5518
04059500,aifs,6,-0.1191,0.1100,0.2077,0.8972,239,5.4922
04063700,aifs,6,-0.1361,0.1801,0.2447,1.0607,239,5.0808
04074950,aifs,6,-0.1014,0.1537,0.2408,0.9063,239,5.5257
04105700,aifs,6,0.1347,0.3687,0.4471,0.9408,239,6.7042
04115265,aifs,6,0.2010,0.3764,0.4818,0.9482,239,6.4264
04122200,aifs,6,0.1745,0.3610,0.4617,0.9616,239,6.5465
04122500,aifs,6,0.0500,0.2882,0.3723,0.9439,239,6.6080
04124000,aifs,6,0.0985,0.1032,0.3625,0.6657,239,8.1820
04127997,aifs,6,0.1650,0.1747,0.4288,0.7155,239,7.0894
04185000,aifs,6,0.1988,0.4003,0.4991,0.8438,239,5.8879
04196800,aifs,6,0.0594,0.2910,0.3865,0.8512,239,6.8534
04197100,aifs,6,0.0154,0.2046,0.3185,0.8818,239,7.8466
04197170,aifs,6,-0.0100,0.2511,0.3295,0.9365,239,7.1919
04213000,aifs,6,-0.0085,0.3702,0.4083,1.1214,239,6.4290
04213075,aifs,6,0.0312,0.3181,0.3872,1.1221,239,7.0855
04216418,aifs,6,0.1730,0.3441,0.4653,0.8419,239,6.7408
04221000,aifs,6,0.1337,0.4307,0.4757,0.9733,239,5.7698
04224775,aifs,6,0.1537,0.3750,0.4571,0.9708,239,6.3366
04256000,aifs,6,-0.0877,0.4126,0.4529,1.2129,239,6.2308
04296000,aifs,6,-0.1594,0.2567,0.3832,1.4024,239,6.7235
05057000,aifs,6,-0.0918,0.3666,0.4654,1.3397,239,3.9040
05057200,aifs,6,-0.5469,0.1901,0.3036,1.4039,239,4.2851
05062500,aifs,6,-0.4488,0.2118,0.2505,1.2405,239,5.2984
05087500,aifs,6,-0.3451,0.1144,0.1562,1.1260,239,6.1703
05120500,aifs,6,0.0532,0.4066,0.4950,1.3013,239,3.9145
05123400,aifs,6,0.0133,0.3706,0.4093,1.0863,239,4.9959
05129115,aifs,6,-0.0885,0.3701,0.4742,1.3465,239,4.6135
05131500,aifs,6,-0.1998,0.3524,0.4790,1.3671,239,4.5524
05291000,aifs,6,0.0299,0.0932,0.2664,0.9591,239,6.7614
05362000,aifs,6,-0.1392,0.2285,0.2788,1.0941,239,5.4913
05393500,aifs,6,-0.0958,0.1819,0.2567,1.0172,239,5.8984
05399500,aifs,6,-0.1233,0.0372,0.1684,0.8160,239,7.5210
05408000,aifs,6,-0.0179,0.0072,0.2185,0.7228,239,9.0825
05412500,aifs,6,0.0716,0.2267,0.3689,0.7887,239,7.2915
05413500,aifs,6,0.0643,0.1673,0.3395,0.7728,239,8.3389
05414000,aifs,6,0.0569,0.1789,0.3341,0.8138,239,8.2033
05444000,aifs,6,0.1592,0.4035,0.4720,1.0266,239,6.6319
05454000,aifs,6,0.2638,0.2953,0.5221,0.7661,239,7.4238
05458000,aifs,6,0.0197,0.1357,0.2978,0.7812,239,7.8165
05466500,aifs,6,0.2563,0.2087,0.5271,0.6603,239,9.1018
05487980,aifs,6,0.1564,0.1976,0.4189,0.7342,239,8.2639
05488200,aifs,6,0.1840,0.1334,0.4417,0.6885,239,9.8613
05489000,aifs,6,0.1209,0.1133,0.3741,0.6872,239,9.4837
05495000,aifs,6,0.2930,0.4079,0.5533,0.8397,239,6.2103
05495500,aifs,6,0.3198,0.3509,0.5715,0.7905,239,7.3097
05501000,aifs,6,0.1294,0.1571,0.3790,0.7819,239,9.3743
05503800,aifs,6,0.1773,0.3183,0.4510,0.9016,239,7.1611
05507600,aifs,6,0.2923,0.4732,0.5613,0.9603,239,5.5373
05508805,aifs,6,0.2623,0.4583,0.5427,0.9250,239,5.5633
05514500,aifs,6,0.3249,0.4557,0.5795,0.8890,239,5.8371
05525500,aifs,6,0.1666,0.2630,0.4377,0.7944,239,7.4485
05556500,aifs,6,0.2624,0.3140,0.5214,0.7799,239,7.7404
05584500,aifs,6,0.3111,0.2492,0.5831,0.7231,239,9.4439
05585000,aifs,6,0.3294,0.2958,0.5901,0.7554,239,8.5160
05591550,aifs,6,0.2409,0.3181,0.5017,0.8110,239,7.9336
05592050,aifs,6,0.1959,0.3885,0.4841,0.9334,239,6.8335
05592575,aifs,6,0.2339,0.2772,0.4987,0.7341,239,8.5041
05593575,aifs,6,0.1418,0.3486,0.4425,0.9202,239,7.6303
05593900,aifs,6,0.1914,0.2932,0.4622,0.7992,239,7.9238
05595730,aifs,6,0.0981,0.3617,0.4285,0.9505,239,7.4393
06037500,aifs,6,0.5042,0.6900,0.7377,1.1469,239,2.7484
06043500,aifs,6,0.5089,0.7142,0.7377,1.0810,239,2.6649
06154410,aifs,6,0.2274,0.2135,0.4860,0.7095,239,4.2659
06188000,aifs,6,0.3942,0.6212,0.7389,1.2566,239,2.3449
06191500,aifs,6,0.4252,0.6298,0.7512,1.2583,239,2.3143
06221400,aifs,6,0.1843,0.5107,0.5729,1.2292,239,2.6455
06224000,aifs,6,0.1699,0.4736,0.5324,1.1948,239,2.8210
06289000,aifs,6,-0.0775,0.4153,0.5219,1.3242,239,2.9650
06332515,aifs,6,-0.1281,0.3192,0.3974,1.3072,239,3.5069
06339100,aifs,6,-0.2754,0.3069,0.4174,1.3679,239,2.9572
06339500,aifs,6,-0.0349,0.4114,0.4431,1.1729,239,3.1597
06344600,aifs,6,0.1027,0.3854,0.4460,1.1031,239,3.2657
06350000,aifs,6,0.1103,0.4455,0.4763,0.9961,239,2.7369
06352000,aifs,6,0.0055,0.4466,0.4622,1.1002,239,2.4862
06353000,aifs,6,-0.0212,0.4412,0.4529,1.0872,239,2.7028
06354000,aifs,6,0.0832,0.4755,0.4896,1.0378,239,2.7894
06360500,aifs,6,-0.1523,0.3823,0.3990,1.1355,239,2.7191
06404000,aifs,6,-0.0345,0.3682,0.4202,1.2150,239,3.3978
06406000,aifs,6,-0.1034,0.3863,0.4218,1.1984,239,3.2141
06408700,aifs,6,-0.2104,0.2861,0.3096,1.1159,239,3.1960
06409000,aifs,6,-0.1665,0.3226,0.3482,1.1406,239,3.0913
06431500,aifs,6,-0.1329,0.2678,0.3067,1.0873,239,3.4542
06440200,aifs,6,0.0062,0.2811,0.3534,0.9174,239,4.2493
06441500,aifs,6,0.0796,0.3709,0.4330,0.8751,239,3.3530
06447000,aifs,6,-0.1357,0.3251,0.3431,0.9807,239,3.6243
06447500,aifs,6,-0.1986,0.2278,0.2610,0.9760,239,4.3517
06450500,aifs,6,-0.1150,0.1563,0.2469,0.8265,239,4.8704
06452000,aifs,6,-0.0707,0.2888,0.3374,0.8928,239,3.7613
06453600,aifs,6,0.2392,0.3109,0.5007,0.7848,239,4.6929
06464500,aifs,6,0.1304,0.1657,0.3880,0.7301,239,5.7697
06477500,aifs,6,0.2086,0.3517,0.4855,0.8378,239,4.4529
06479215,aifs,6,0.0128,0.0692,0.2434,0.9687,239,6.9717
06479438,aifs,6,0.0103,0.0987,0.2561,0.9915,239,6.4830
06601000,aifs,6,-0.0693,0.1121,0.2257,0.9255,239,7.7503
06614800,aifs,6,0.3610,0.3185,0.6279,0.7583,239,4.2996
06622700,aifs,6,0.2948,0.4603,0.5624,0.8988,239,2.9970
06623800,aifs,6,0.3368,0.5195,0.5972,0.9895,239,3.1227
06632400,aifs,6,0.3419,0.4804,0.5916,0.9668,239,3.1500
06784000,aifs,6,-0.0404,0.1376,0.2611,0.8405,239,5.6026
06803510,aifs,6,-0.0534,0.0898,0.2213,0.8999,239,8.4760
06803530,aifs,6,-0.0582,0.1821,0.2699,0.9825,239,7.2905
06814000,aifs,6,-0.0909,0.1641,0.2473,0.9741,239,7.9718
06846500,aifs,6,0.1704,0.2834,0.4483,0.7761,239,3.8004
06847900,aifs,6,0.0781,0.1431,0.3341,0.7880,239,4.8750
06853800,aifs,6,-0.1389,0.1546,0.2263,0.9575,239,5.7455
06876700,aifs,6,0.1611,0.0666,0.4179,0.6344,239,9.1046
06878000,aifs,6,0.1288,0.2301,0.3960,0.8304,239,7.4894
06879650,aifs,6,0.1548,0.1906,0.4213,0.6961,239,8.8621
06885500,aifs,6,0.0793,0.2089,0.3595,0.8166,239,8.4820
06888500,aifs,6,0.1669,0.2041,0.4251,0.7524,239,9.1676
06889200,aifs,6,0.1200,0.2577,0.3989,0.8535,239,8.5078
06889500,aifs,6,0.1686,0.3052,0.4443,0.8614,239,7.9907
06892000,aifs,6,0.1330,0.2410,0.4044,0.8180,239,8.6453
06903400,aifs,6,0.0399,0.0978,0.2978,0.7381,239,9.2807
06906800,aifs,6,0.2857,0.2467,0.5583,0.6343,239,9.2832
06910800,aifs,6,0.1080,0.1868,0.3763,0.7578,239,9.0118
06911900,aifs,6,0.1027,0.1558,0.3662,0.7259,239,9.5466
06917000,aifs,6,0.1889,0.1960,0.4530,0.6886,239,9.8897
06918460,aifs,6,0.1021,0.2879,0.3972,0.9140,239,9.4904
06919500,aifs,6,0.2146,0.3689,0.4914,0.8751,239,8.4399
06921070,aifs,6,0.1131,0.1968,0.3837,0.7620,239,10.7478
06921200,aifs,6,0.1655,0.2070,0.4235,0.7691,239,11.0690
06934000,aifs,6,0.1205,0.3541,0.4348,0.9311,239,8.1498
07014500,aifs,6,0.0732,0.1257,0.3293,0.7560,239,11.1952
07056000,aifs,6,0.0609,0.3124,0.3879,1.0122,239,8.6525
07057500,aifs,6,0.0283,0.3695,0.4116,1.0744,239,8.2370
07060710,aifs,6,0.1350,0.3126,0.4239,1.0808,239,8.7585
07066000,aifs,6,-0.0142,0.3286,0.3737,1.0592,239,8.3670
07067000,aifs,6,-0.0446,0.3748,0.3997,1.0894,239,7.5116
07068000,aifs,6,-0.0503,0.4059,0.4286,1.1343,239,7.0763
07071500,aifs,6,-0.0132,0.3984,0.4259,1.1182,239,7.4763
07083000,aifs,6,0.1619,0.4492,0.5338,1.2595,239,2.6476
07142300,aifs,6,-0.1367,0.0948,0.1888,0.9361,239,5.5855
07145700,aifs,6,-0.0458,-0.0347,0.1588,0.8293,239,11.8906
07148400,aifs,6,-0.2105,0.2168,0.2529,1.0716,239,4.9078
07149000,aifs,6,-0.3831,0.1864,0.2090,1.1300,239,4.9743
07151500,aifs,6,-0.1266,0.0602,0.1693,0.9524,239,8.3521
07167500,aifs,6,-0.0092,0.2260,0.3145,0.9571,239,7.9341
07180500,aifs,6,-0.0558,0.1365,0.2498,0.8752,239,8.2754
07184000,aifs,6,0.1212,0.1504,0.3652,0.8269,239,12.2161
07195800,aifs,6,0.0425,0.2621,0.3561,1.0668,239,10.7692
07196900,aifs,6,-0.0018,0.3093,0.3782,1.1734,239,9.7643
07197000,aifs,6,0.0058,0.3484,0.3960,1.1116,239,9.3666
07208500,aifs,6,0.2547,0.4721,0.5446,1.0828,239,2.2450
07226500,aifs,6,-0.0630,0.4081,0.4172,1.0386,239,2.5384
07261000,aifs,6,0.1999,0.4072,0.4943,1.0845,239,7.7270
07263295,aifs,6,0.1615,0.3589,0.4587,1.1147,239,8.4015
07290650,aifs,6,0.1775,0.3834,0.4714,1.0156,239,8.7202
07291000,aifs,6,0.1659,0.3814,0.4650,0.9946,239,8.8912
07292500,aifs,6,0.2019,0.4086,0.4932,0.9745,239,8.7648
07295000,aifs,6,0.3054,0.4241,0.5580,0.9559,239,9.2253
07299670,aifs,6,-0.2752,0.1671,0.2285,1.2390,239,5.1598
07301410,aifs,6,0.0208,0.1743,0.3025,1.0920,239,5.5327
07301500,aifs,6,-0.3107,0.2484,0.3347,1.3488,239,3.7151
07315200,aifs,6,-0.0815,0.2989,0.3434,1.1245,239,7.0293
07315700,aifs,6,-0.3967,0.1122,0.3065,1.5541,239,7.0369
07335700,aifs,6,0.1697,0.2865,0.4380,0.8730,239,9.9991
07340300,aifs,6,0.2015,0.4786,0.5255,1.0744,239,7.4242
07346045,aifs,6,-0.0851,0.3360,0.4882,1.4218,239,7.5434
07359610,aifs,6,0.2002,0.4108,0.4937,0.9575,239,8.2876
07362100,aifs,6,-0.0015,0.3156,0.4867,1.4494,239,7.0961
07362587,aifs,6,0.1511,0.3121,0.4303,0.9844,239,9.4617
07373000,aifs,6,0.3925,0.5334,0.6328,1.0623,239,7.1073
07375000,aifs,6,0.2930,0.3380,0.5429,0.8903,239,11.4636
07376000,aifs,6,0.3128,0.4007,0.5615,0.9186,239,9.9019
08013000,aifs,6,0.4800,0.5280,0.6950,0.9559,239,7.3548
08014500,aifs,6,0.4347,0.5281,0.6601,0.9377,239,7.4483
08023080,aifs,6,0.3817,0.5102,0.6288,1.1725,239,7.3117
08025500,aifs,6,0.4517,0.4881,0.6758,0.9556,239,8.1551
08029500,aifs,6,0.1728,0.3059,0.4443,0.8980,239,10.5051
08050800,aifs,6,0.1457,0.3640,0.4508,1.0794,239,8.8428
08066200,aifs,6,0.0513,0.1391,0.3116,0.8162,239,13.4185
08066300,aifs,6,0.0045,0.0124,0.2180,0.8331,239,17.7188
08070000,aifs,6,-0.0074,0.3686,0.4019,1.0742,239,9.1191
08070200,aifs,6,0.0206,0.3807,0.4145,1.0439,239,9.2006
08079600,aifs,6,-0.1917,0.3203,0.3645,1.2308,239,3.2970
08082700,aifs,6,-0.2476,0.1393,0.2306,1.3119,239,5.9318
08086212,aifs,6,-0.0085,0.3184,0.3691,1.0597,239,6.1837
08086290,aifs,6,-0.0397,0.3321,0.3729,1.1033,239,6.2497
08101000,aifs,6,0.0743,0.3858,0.5182,1.3761,239,5.8974
08103900,aifs,6,0.2468,0.3912,0.5121,0.9908,239,8.0706
08104900,aifs,6,0.1262,0.2589,0.3968,0.9472,239,9.8374
08109700,aifs,6,0.2077,0.3237,0.4716,1.0996,239,9.4599
08150800,aifs,6,0.3132,0.3028,0.5682,0.8014,239,8.8251
08155200,aifs,6,0.0388,0.2939,0.3910,1.2239,239,8.1288
08158700,aifs,6,0.0600,0.3334,0.4218,1.2257,239,7.5505
08158810,aifs,6,0.0872,0.3915,0.4630,1.2151,239,7.0779
08164000,aifs,6,0.1981,0.4209,0.5088,1.1743,239,6.6481
08164300,aifs,6,0.3367,0.4177,0.5807,1.0404,239,7.8630
08164600,aifs,6,0.1099,0.3558,0.4403,1.1606,239,7.0587
08165300,aifs,6,0.3933,0.4141,0.6332,0.9316,239,7.4413
08171300,aifs,6,0.1396,0.3444,0.4455,1.1491,239,7.8259
08175000,aifs,6,0.2427,0.3881,0.5087,1.0170,239,7.5833
08176900,aifs,6,0.2266,0.4367,0.5270,1.1697,239,6.0719
08178880,aifs,6,0.2232,0.2785,0.4740,0.9431,239,9.4103
08189500,aifs,6,0.2322,0.3770,0.5002,1.0582,239,6.4879
08190000,aifs,6,0.3979,0.2754,0.7120,0.7406,239,11.2171
08190500,aifs,6,0.3485,0.2698,0.6312,0.7671,239,11.1456
08194200,aifs,6,0.1327,0.0940,0.3752,0.6984,239,8.0700
08195000,aifs,6,0.3859,0.3080,0.6724,0.8145,239,10.2221
08196000,aifs,6,0.3105,0.2292,0.6040,0.7793,239,12.4018
08198500,aifs,6,0.2837,0.2568,0.5449,0.8199,239,10.6373
08200000,aifs,6,0.2042,0.2212,0.4530,0.8866,239,10.7875
08202700,aifs,6,0.2121,0.1944,0.4649,0.8047,239,11.5034
08267500,aifs,6,0.2424,0.2137,0.5059,0.7150,239,3.3084
08269000,aifs,6,0.2558,0.3901,0.5191,0.9264,239,2.4303
08271000,aifs,6,0.2355,0.1856,0.5047,0.6760,239,3.4605
08324000,aifs,6,0.1114,0.3704,0.4387,0.9353,239,2.1805
08377900,aifs,6,0.1438,0.2604,0.4147,0.8551,239,3.5050
08378500,aifs,6,0.1959,0.3715,0.4785,0.9247,239,2.9585
08380500,aifs,6,0.2539,0.4185,0.5264,0.9140,239,2.6641
09034900,aifs,6,0.3210,0.3783,0.5747,0.8071,239,3.2604
09035900,aifs,6,0.2904,0.5348,0.5810,1.0105,239,2.4620
09047700,aifs,6,0.1758,0.4749,0.5138,1.0554,239,2.5189
09065500,aifs,6,0.2157,0.4872,0.5323,1.0304,239,2.6426
09066000,aifs,6,0.0989,0.4803,0.5286,1.2102,239,2.4138
09066200,aifs,6,0.2200,0.4592,0.5212,0.9979,239,2.7902
09066300,aifs,6,0.2287,0.4806,0.5339,1.0149,239,2.7001
09081600,aifs,6,0.4447,0.5143,0.6682,1.1157,239,3.2464
09107000,aifs,6,0.1237,0.3214,0.5926,1.5426,239,2.3088
09210500,aifs,6,0.2111,0.5019,0.5404,1.0741,239,2.0704
09223000,aifs,6,0.2180,0.5020,0.5443,1.0915,239,2.5409
09306242,aifs,6,0.3180,0.5158,0.5940,1.1376,239,2.3352
09312600,aifs,6,0.3636,0.4856,0.6063,1.0117,239,2.4750
09352900,aifs,6,0.5151,0.5474,0.7218,0.9165,239,3.0768
09378170,aifs,6,0.2581,0.1453,0.5460,0.5380,239,3.0065
09378630,aifs,6,0.2308,0.1069,0.5217,0.5176,239,3.2228
09386900,aifs,6,0.1436,0.4016,0.4645,0.9871,239,2.1070
09404450,aifs,6,0.2679,0.4419,0.5454,0.8563,239,2.5020
09430500,aifs,6,0.2455,0.4943,0.5560,0.8656,239,1.9875
09430600,aifs,6,0.1751,0.3689,0.4876,0.7711,239,2.5965
09447800,aifs,6,-0.1702,0.4773,0.5005,1.0398,239,1.7760
09480000,aifs,6,0.3391,0.2338,0.6222,0.5942,239,2.8242
09484000,aifs,6,0.1970,0.3085,0.4725,0.7752,239,2.9950
09484600,aifs,6,0.3718,0.2906,0.6389,0.6306,239,2.4295
09492400,aifs,6,0.2268,0.2770,0.5043,0.6726,239,4.1757
09494000,aifs,6,0.2016,0.4477,0.5270,0.8087,239,3.0424
09497800,aifs,6,-0.1514,0.3935,0.4059,0.8826,239,2.8514
09497980,aifs,6,0.0458,0.3697,0.4461,0.7547,239,3.0833
09505200,aifs,6,0.3428,0.5797,0.6216,0.9340,239,2.3394
09505350,aifs,6,0.3257,0.5421,0.6021,0.9105,239,2.4406
09505800,aifs,6,0.3673,0.5773,0.6316,0.9232,239,2.4759
09508300,aifs,6,0.1630,0.3799,0.4906,0.7447,239,2.7412
09510200,aifs,6,-0.1111,0.1446,0.2553,0.7396,239,3.1587
09512280,aifs,6,-0.0956,0.1719,0.2513,0.9511,239,2.7983
09513780,aifs,6,-0.0925,0.2243,0.2858,0.9409,239,2.4487
10023000,aifs,6,0.3646,0.5142,0.6116,1.0171,239,2.8635
10166430,aifs,6,0.4062,0.4413,0.6454,0.7449,239,2.7584
10172700,aifs,6,0.3158,0.4800,0.5804,0.8775,239,2.2600
10172800,aifs,6,0.4279,0.3616,0.6765,0.6552,239,2.7680
10173450,aifs,6,0.3023,0.3484,0.5605,0.7369,239,3.0394
10205030,aifs,6,0.4937,0.4700,0.7170,0.7792,239,2.1658
10234500,aifs,6,0.3830,0.4246,0.6263,0.7712,239,2.7555
10242000,aifs,6,0.3330,0.2975,0.5944,0.6542,239,3.1141
10244950,aifs,6,0.4816,0.5868,0.6951,0.9418,239,2.0573
10249300,aifs,6,0.4023,0.5942,0.6504,1.0123,239,1.7492
10258000,aifs,6,0.5202,0.5992,0.7213,0.9343,239,2.4658
10258500,aifs,6,0.5681,0.6202,0.7921,1.3164,239,1.1975
10259000,aifs,6,0.5446,0.5770,0.7397,0.8707,239,1.8635
10259200,aifs,6,0.5435,0.5026,0.7814,1.4457,239,1.3555
10263500,aifs,6,0.3444,0.1630,0.6262,0.5197,239,4.7906
10310500,aifs,6,0.5437,0.7086,0.8116,1.1661,239,2.4569
10316500,aifs,6,0.2357,0.2647,0.4991,0.7125,239,3.2510
10329500,aifs,6,0.3113,0.3235,0.5628,0.7920,239,2.7185
10336645,aifs,6,0.7900,0.8412,0.8888,1.0064,239,3.7676
10336660,aifs,6,0.7733,0.7705,0.8817,0.9187,239,4.2615
10343500,aifs,6,0.7299,0.8559,0.8607,0.9886,239,2.8091
10348850,aifs,6,0.5766,0.3101,0.8358,0.5488,239,5.9340
10396000,aifs,6,0.2788,0.2534,0.5453,0.6328,239,2.8550
11098000,aifs,6,0.3574,0.0996,0.6779,0.4391,239,6.5548
11124500,aifs,6,0.3897,0.2560,0.6681,0.6466,239,5.4234
11141280,aifs,6,0.5744,0.3537,0.8201,0.6125,239,4.1180
11143000,aifs,6,0.3514,0.0980,0.6595,0.4167,239,8.1618
11148900,aifs,6,0.4982,0.4340,0.7142,0.6855,239,3.8743
11151300,aifs,6,0.4587,0.3812,0.6922,0.6881,239,2.7546
11162500,aifs,6,0.4744,0.4243,0.6956,0.6638,239,4.6050
11176400,aifs,6,0.4093,0.6690,0.6824,0.9530,239,2.6051
11180500,aifs,6,0.4826,0.6914,0.7165,0.9455,239,2.7460
11180960,aifs,6,0.4735,0.5286,0.6912,0.7672,239,3.3258
11224500,aifs,6,0.4439,0.3116,0.6967,0.6279,239,2.4312
11253310,aifs,6,0.4448,0.3640,0.6852,0.6952,239,1.9802
11264500,aifs,6,-0.3794,0.0518,0.6838,1.6756,239,5.5828
11266500,aifs,6,-0.1764,0.1756,0.6895,1.5933,239,5.5552
11274500,aifs,6,0.3840,0.5914,0.6483,0.8711,239,2.5407
11274630,aifs,6,0.3690,0.6669,0.6704,1.0165,239,2.3383
11284400,aifs,6,0.4943,0.6329,0.7727,1.2749,239,3.6106
11299600,aifs,6,0.3757,0.6247,0.6999,1.2228,239,3.9195
11381500,aifs,6,0.6513,0.5244,0.8380,0.7627,239,5.3514
11383500,aifs,6,0.6577,0.5157,0.8445,0.7456,239,5.3832
11451100,aifs,6,0.6882,0.7500,0.8302,0.8975,239,2.8984
11468500,aifs,6,0.6337,0.7512,0.7981,1.0085,239,4.0496
11473900,aifs,6,0.6681,0.6385,0.8241,0.8422,239,3.9642
11475560,aifs,6,0.5440,0.2850,0.8267,0.5547,239,8.8319
11476600,aifs,6,0.6321,0.7836,0.8026,1.0158,239,4.4655
11478500,aifs,6,0.6741,0.7485,0.8215,0.9228,239,4.2158
11480390,aifs,6,0.6610,0.6947,0.8143,0.9076,239,4.0483
11481200,aifs,6,0.7030,0.6679,0.8450,0.8459,239,4.3388
11482500,aifs,6,0.7006,0.5897,0.8548,0.7669,239,4.8808
11522500,aifs,6,0.7103,0.8333,0.8473,1.0173,239,3.2198
11523200,aifs,6,0.6185,0.7242,0.7920,0.8684,239,4.0694
11528700,aifs,6,0.6766,0.7726,0.8236,0.9542,239,3.4475
11532500,aifs,6,0.6886,0.5638,0.8501,0.7407,239,6.1815
12010000,aifs,6,0.3981,0.3195,0.6676,0.6272,239,8.8595
12013500,aifs,6,0.4250,0.4584,0.6629,0.7458,239,6.7903
12020000,aifs,6,0.4332,0.5350,0.6679,0.8067,239,5.6450
12025000,aifs,6,0.4097,0.4926,0.6483,0.7973,239,5.5475
12025700,aifs,6,0.3732,0.6059,0.6427,1.0482,239,5.1492
12035000,aifs,6,0.5603,0.5143,0.7637,0.7188,239,7.3461
12040500,aifs,6,0.5436,0.5627,0.7462,0.7711,239,8.6163
12041200,aifs,6,0.5531,0.4704,0.7714,0.6968,239,9.3683
12043000,aifs,6,0.5620,0.5457,0.7619,0.7581,239,7.3031
12048000,aifs,6,0.1710,0.3664,0.6314,1.5128,239,4.7750
12054000,aifs,6,0.5753,0.6231,0.7602,0.9875,239,5.8303
12056500,aifs,6,0.6154,0.5931,0.7943,0.8308,239,7.3638
12073500,aifs,6,0.4186,0.6010,0.6604,1.0284,239,4.3421
12082500,aifs,6,0.4827,0.6233,0.6997,0.9464,239,6.9008
12092000,aifs,6,0.4350,0.5510,0.6635,0.8995,239,7.2783
12095000,aifs,6,0.3334,0.5838,0.6219,1.0875,239,6.0380
12114500,aifs,6,0.4118,0.3216,0.6823,0.6676,239,8.8618
12115000,aifs,6,0.4122,0.3267,0.6805,0.6745,239,8.8141
12115500,aifs,6,0.4053,0.3565,0.6615,0.7189,239,8.8946
12117000,aifs,6,0.4121,0.3744,0.6643,0.7227,239,8.7497
12141300,aifs,6,0.4229,0.3289,0.6942,0.6636,239,10.1551
12143600,aifs,6,0.4258,0.3688,0.6807,0.7218,239,9.5169
12144000,aifs,6,0.4368,0.4051,0.6804,0.7570,239,8.8246
12145500,aifs,6,0.4309,0.4552,0.6656,0.7863,239,6.9980
12147600,aifs,6,0.4069,0.2853,0.7002,0.6230,239,12.6114
12167000,aifs,6,0.5857,0.6152,0.7691,0.9327,239,7.2378
12175500,aifs,6,0.6433,0.7322,0.8023,1.0114,239,4.7210
12186000,aifs,6,0.6122,0.5758,0.7973,0.8326,239,7.2573
12189500,aifs,6,0.6482,0.7031,0.8057,0.9687,239,5.8195
12358500,aifs,6,0.4353,0.5037,0.6664,0.8178,239,5.2041
12377150,aifs,6,0.4407,0.4432,0.6854,0.6884,239,4.9651
12381400,aifs,6,0.4519,0.5115,0.6858,0.7539,239,4.4219
12390700,aifs,6,0.1686,0.5248,0.5401,1.0474,239,4.1979
12411000,aifs,6,0.2339,0.5474,0.5700,1.0560,239,4.8342
12414500,aifs,6,0.3437,0.5898,0.6237,0.9970,239,4.5637
12447390,aifs,6,0.0817,0.1498,0.6280,1.7562,239,2.6582
12451000,aifs,6,0.6030,0.6442,0.8251,1.3016,239,3.5238
12488500,aifs,6,0.5204,0.5304,0.7282,0.8571,239,5.5994
13011500,aifs,6,0.3117,0.5423,0.6893,1.3314,239,3.0300
13011900,aifs,6,0.3223,0.6002,0.6657,1.2191,239,2.8963
13018300,aifs,6,0.2521,0.5414,0.6147,1.2437,239,3.2004
13023000,aifs,6,0.2152,0.5544,0.6029,1.2003,239,2.7193
13161500,aifs,6,-0.1329,0.1281,0.4746,1.6953,239,2.2665
13235000,aifs,6,0.4199,0.6630,0.6819,1.0334,239,3.3387
13240000,aifs,6,0.5171,0.5712,0.7236,0.8195,239,3.9636
13310700,aifs,6,0.4437,0.6999,0.7110,1.0688,239,3.2586
13313000,aifs,6,0.4732,0.5959,0.6948,0.8663,239,3.7971
13331500,aifs,6,0.4549,0.5584,0.6790,0.8598,239,3.7059
13337000,aifs,6,0.5528,0.7123,0.7518,0.9569,239,4.0060
13338500,aifs,6,0.2758,0.5628,0.6614,1.2731,239,3.9154
13340000,aifs,6,0.5042,0.7252,0.7397,1.0685,239,3.5615
13340600,aifs,6,0.5195,0.6221,0.7234,0.8997,239,4.6664
14020000,aifs,6,0.5299,0.6218,0.7299,0.8858,239,3.3292
14092750,aifs,6,0.5428,0.7279,0.8300,1.0052,239,3.8149
14096850,aifs,6,0.0790,0.4354,0.7093,1.3325,239,3.3409
14137000,aifs,6,0.7463,0.7983,0.8652,0.9026,239,4.3216
14138800,aifs,6,0.6904,0.5190,0.8692,0.6961,239,6.5173
14138870,aifs,6,0.6952,0.5501,0.8658,0.7334,239,6.6980
14138900,aifs,6,0.6379,0.4068,0.8735,0.6242,239,8.6657
14139800,aifs,6,0.6921,0.5528,0.8605,0.7177,239,6.5434
14141500,aifs,6,0.7323,0.7025,0.8617,0.8393,239,5.2175
14154500,aifs,6,0.1412,0.5611,0.6823,1.1761,239,5.1980
14158500,aifs,6,0.3881,0.6924,0.7558,0.9639,239,5.5681
14158790,aifs,6,0.5405,0.6307,0.7575,0.7419,239,6.1755
14166500,aifs,6,0.4283,0.7139,0.7206,1.0580,239,4.8307
14182500,aifs,6,0.4988,0.7236,0.7950,1.0982,239,5.7706
14185000,aifs,6,0.2945,0.5772,0.7710,1.1685,239,6.0575
14185900,aifs,6,0.5672,0.7757,0.8151,1.0048,239,5.7030
14187000,aifs,6,0.3382,0.6599,0.7429,1.0910,239,6.1089
14216500,aifs,6,0.6744,0.7248,0.8222,0.9133,239,5.3312
14222500,aifs,6,0.5854,0.3801,0.8438,0.6432,239,9.6355
14236200,aifs,6,0.5221,0.6020,0.7242,0.8922,239,5.9628
14301000,aifs,6,0.5378,0.4616,0.7576,0.7302,239,6.1000
14303200,aifs,6,0.5483,0.3707,0.7987,0.6217,239,7.8411
14305500,aifs,6,0.4921,0.3311,0.7531,0.5923,239,9.8482
14306340,aifs,6,0.5552,0.7307,0.7658,0.8835,239,4.7413
14306500,aifs,6,0.5569,0.7248,0.7624,0.8921,239,5.1052
14308990,aifs,6,0.5175,0.6748,0.7762,1.2289,239,3.1307
14309500,aifs,6,0.6768,0.7737,0.8281,0.8813,239,3.8412
14316700,aifs,6,0.1908,0.5783,0.7023,1.1677,239,4.7888
14325000,aifs,6,0.5220,0.6217,0.7370,0.7706,239,5.8270
14362250,aifs,6,0.5300,0.5501,0.8020,1.3864,239,2.8623
14400000,aifs,6,0.6105,0.5573,0.7887,0.7133,239,7.0822
01013500,aifs,7,-0.4667,0.2031,0.3641,1.4682,239,6.6936
01022500,aifs,7,-0.2343,0.2818,0.4297,1.4336,239,7.0077
01030500,aifs,7,-0.5453,0.2104,0.3485,1.4248,239,6.7441
01031500,aifs,7,-0.1629,0.3118,0.4212,1.3717,239,6.1534
01047000,aifs,7,0.0072,0.3809,0.4392,1.2212,239,6.1197
01052500,aifs,7,-0.0870,0.2754,0.3770,1.3268,239,5.8394
01054200,aifs,7,-0.0677,0.2652,0.3195,1.0655,239,7.4876
01055000,aifs,7,-0.0580,0.3578,0.3898,1.1251,239,5.9288
01057000,aifs,7,-0.1852,0.3090,0.3315,1.1189,239,6.6106
01073000,aifs,7,-0.1550,0.3160,0.3718,1.2524,239,6.5196
01078000,aifs,7,-0.1737,0.2782,0.3209,1.1855,239,6.8066
01118300,aifs,7,0.0843,0.1094,0.3308,0.7590,239,11.0552
01121000,aifs,7,0.0938,0.2949,0.4024,0.8559,239,7.8596
01123000,aifs,7,0.0999,0.2657,0.3964,0.8217,239,8.2358
01134500,aifs,7,0.0238,0.2978,0.3731,1.1206,239,6.4597
01137500,aifs,7,-0.0208,0.3041,0.3720,1.1809,239,6.6430
01139000,aifs,7,-0.1139,0.2104,0.3184,1.3189,239,6.5341
01139800,aifs,7,-0.0385,0.2599,0.3269,1.0903,239,7.0532
01142500,aifs,7,-0.1180,0.2756,0.3667,1.3155,239,6.0969
01144000,aifs,7,-0.0429,0.3254,0.3740,1.1458,239,6.3389
01169000,aifs,7,-0.0735,0.3394,0.3878,1.2000,239,7.2031
01170100,aifs,7,-0.0919,0.3319,0.3914,1.2455,239,7.0819
01181000,aifs,7,0.0008,0.3513,0.3909,1.0384,239,7.5625
01187300,aifs,7,-0.0771,0.3629,0.3975,1.1661,239,6.8671
01195100,aifs,7,0.1508,0.2223,0.4215,0.7417,239,8.8615
01333000,aifs,7,0.0017,0.3349,0.4139,1.2504,239,6.9735
01350000,aifs,7,0.0847,0.1962,0.3462,0.9693,239,9.6712
01350080,aifs,7,0.0702,0.2969,0.3871,1.0894,239,7.6149
01350140,aifs,7,0.0755,0.3145,0.3955,1.0411,239,7.1969
01365000,aifs,7,0.0191,0.2819,0.3569,1.0546,239,8.3321
01411300,aifs,7,-0.0006,0.0257,0.2299,0.7712,239,10.8000
01413500,aifs,7,0.0995,0.2206,0.3685,0.8990,239,9.0652
01414500,aifs,7,0.0534,0.1840,0.3222,0.9714,239,9.8965
01415000,aifs,7,0.1359,0.3324,0.4306,0.9702,239,7.3115
01423000,aifs,7,0.1404,0.3348,0.4357,0.9279,239,7.2129
01434025,aifs,7,0.1016,0.2066,0.3655,0.8829,239,10.1649
01435000,aifs,7,0.0771,0.2221,0.3538,0.9373,239,9.7017
01439500,aifs,7,-0.0748,0.1999,0.2894,0.8212,239,7.9046
01440000,aifs,7,-0.0715,0.1847,0.2790,0.8319,239,8.3546
01440400,aifs,7,-0.0250,0.1573,0.2987,0.7377,239,8.5302
01451800,aifs,7,0.0126,0.3277,0.3837,0.9076,239,6.7936
01466500,aifs,7,-0.1182,0.2092,0.2717,0.9022,239,7.6022
01484100,aifs,7,-0.0752,0.1382,0.2380,0.9497,239,8.0793
01485500,aifs,7,0.0237,0.0861,0.2737,0.7888,239,9.2899
01486000,aifs,7,0.0223,0.0676,0.2618,0.8015,239,9.5507
01487000,aifs,7,-0.0432,0.1278,0.2453,0.9437,239,8.4256
01491000,aifs,7,-0.1572,0.2185,0.2651,1.0608,239,6.6664
01510000,aifs,7,0.1197,0.4132,0.4617,1.0199,239,6.8346
01516500,aifs,7,0.0161,0.3619,0.4034,0.9315,239,5.7490
01518862,aifs,7,0.0365,0.3664,0.4127,0.9201,239,6.0032
01532000,aifs,7,0.0235,0.2654,0.3515,0.9159,239,6.8888
01539000,aifs,7,0.0590,0.3008,0.3921,0.8473,239,7.0371
01542810,aifs,7,-0.0854,0.3115,0.3451,0.9396,239,6.8696
01543000,aifs,7,-0.0812,0.3454,0.3696,0.9386,239,6.6120
01543500,aifs,7,0.0375,0.3635,0.4144,0.8910,239,6.7127
01544500,aifs,7,-0.0307,0.3339,0.3724,0.9476,239,6.4183
01545600,aifs,7,-0.0208,0.3269,0.3694,0.9799,239,6.5354
01547700,aifs,7,0.0109,0.0367,0.2411,0.7896,239,10.6839
01548500,aifs,7,-0.0380,0.3530,0.3833,0.9449,239,6.0147
01549500,aifs,7,0.0078,0.3089,0.3676,0.9613,239,6.5456
01550000,aifs,7,0.0209,0.2490,0.3410,0.9241,239,7.2488
01552000,aifs,7,0.0178,0.1824,0.3106,0.8577,239,8.2866
01552500,aifs,7,0.0481,0.3122,0.3896,0.8817,239,6.8397
01557500,aifs,7,0.0193,0.0871,0.2897,0.7094,239,9.3571
01567500,aifs,7,0.0093,0.1300,0.2956,0.7531,239,7.7612
01568000,aifs,7,0.0524,0.2056,0.3580,0.7488,239,6.7172
01580000,aifs,7,0.0317,0.2799,0.3709,0.8418,239,6.1284
01583500,aifs,7,0.0527,0.2816,0.3756,0.8748,239,6.0217
01586610,aifs,7,0.0681,0.2585,0.3749,0.8404,239,6.0437
01591400,aifs,7,0.1312,0.1421,0.4013,0.6589,239,7.5823
01596500,aifs,7,0.0543,0.1748,0.3277,0.8452,239,7.1189
01605500,aifs,7,0.1035,0.1744,0.3665,0.7915,239,6.3157
01606500,aifs,7,0.1434,0.2530,0.4179,0.8188,239,5.7363
01613050,aifs,7,0.0305,0.1688,0.3332,0.7290,239,6.5141
01620500,aifs,7,0.0726,0.2186,0.3543,0.8752,239,5.4542
01632000,aifs,7,0.1079,0.0926,0.4028,0.5721,239,6.6573
01632900,aifs,7,0.0810,0.0680,0.3569,0.5943,239,6.5901
01634500,aifs,7,0.0979,0.1131,0.3746,0.6324,239,6.5930
01638480,aifs,7,0.0450,0.1210,0.3259,0.6886,239,6.7263
01639500,aifs,7,0.0973,0.2865,0.4027,0.8360,239,5.8472
01644000,aifs,7,0.0711,0.1539,0.3642,0.6664,239,6.1941
01658500,aifs,7,0.0493,0.0892,0.3191,0.6670,239,7.0791
01664000,aifs,7,0.0608,0.0869,0.3495,0.6003,239,6.6240
01666500,aifs,7,0.0427,0.0737,0.3253,0.6164,239,6.7199
01667500,aifs,7,0.0202,0.0842,0.3084,0.6407,239,6.4897
01669000,aifs,7,-0.0785,0.0134,0.1709,0.8299,239,8.4381
01669520,aifs,7,-0.0750,0.0283,0.1784,0.8566,239,8.3667
02011400,aifs,7,0.0959,0.2442,0.3814,0.8513,239,5.6789
02011460,aifs,7,0.1040,0.2410,0.3799,0.8963,239,6.0167
02013000,aifs,7,0.0102,0.1741,0.3093,0.8134,239,6.2590
02014000,aifs,7,-0.0581,0.2027,0.2913,0.8601,239,5.7908
02015700,aifs,7,0.0884,0.2061,0.3556,0.9033,239,5.8859
02016000,aifs,7,0.1082,0.2958,0.4044,0.9077,239,5.1141
02017500,aifs,7,-0.1511,0.2409,0.2808,0.9646,239,5.3442
02018000,aifs,7,-0.1386,0.2821,0.3115,0.9889,239,5.0808
02027000,aifs,7,0.0147,0.3204,0.3769,1.0490,239,5.1896
02027500,aifs,7,0.0456,0.3161,0.3839,1.0000,239,5.3009
02028500,aifs,7,0.0588,0.2442,0.3693,0.8043,239,5.5108
02038850,aifs,7,-0.0446,0.1876,0.2900,0.8349,239,6.0524
02046000,aifs,7,-0.0143,0.1664,0.2926,0.8165,239,6.9251
02051000,aifs,7,0.0143,0.1488,0.2978,0.8060,239,7.2930
02051500,aifs,7,-0.0473,0.1900,0.2843,0.8834,239,6.7938
02053200,aifs,7,0.1390,0.3624,0.4447,0.9863,239,6.7590
02053800,aifs,7,-0.1045,0.2519,0.3092,0.8581,239,5.6279
02055100,aifs,7,-0.0910,0.2899,0.3489,1.2032,239,5.0080
02056900,aifs,7,-0.0047,0.2705,0.3527,0.8398,239,5.9551
02059500,aifs,7,-0.0738,0.3658,0.3833,0.9794,239,4.8319
02064000,aifs,7,-0.1231,0.3141,0.3446,1.1160,239,5.2725
02065500,aifs,7,-0.1210,0.2615,0.3013,1.0185,239,5.5950
02069700,aifs,7,-0.0518,0.1885,0.2859,0.8488,239,7.2473
02070000,aifs,7,-0.0871,0.1634,0.2619,0.8219,239,7.2816
02074500,aifs,7,-0.0819,0.1376,0.2342,1.0198,239,7.7510
02077200,aifs,7,-0.1720,0.3231,0.3400,1.0842,239,5.9981
02081500,aifs,7,-0.0116,0.3292,0.3740,1.0418,239,6.3905
02082950,aifs,7,-0.1231,0.3292,0.3829,1.2405,239,5.7847
02092500,aifs,7,-0.1233,0.3034,0.4004,1.3432,239,6.6521
02096846,aifs,7,0.0569,0.1915,0.3281,0.9520,239,8.7527
02102908,aifs,7,0.1095,0.3208,0.4132,1.0408,239,7.8281
02108000,aifs,7,-0.0918,0.3408,0.3964,1.2383,239,6.7651
02111180,aifs,7,0.0330,0.2274,0.3429,0.8443,239,7.3319
02111500,aifs,7,-0.0121,0.2147,0.3148,0.8610,239,7.3644
02118500,aifs,7,-0.1940,0.2655,0.2895,0.9706,239,6.8255
02128000,aifs,7,0.0589,0.3616,0.4137,1.0254,239,6.4052
02137727,aifs,7,0.1133,0.2252,0.3848,0.8399,239,7.8737
02140991,aifs,7,0.0773,0.2960,0.3910,0.8988,239,6.9071
02143000,aifs,7,0.0527,0.3292,0.3960,0.9283,239,6.8795
02143040,aifs,7,0.1170,0.3900,0.4505,0.9398,239,6.5952
02149000,aifs,7,0.1609,0.1943,0.4187,0.7648,239,9.1644
02152100,aifs,7,0.1221,0.4178,0.4650,0.9772,239,6.2895
02177000,aifs,7,0.1132,0.3188,0.4135,0.9825,239,8.4682
02178400,aifs,7,-0.0106,0.3062,0.3596,0.9897,239,7.6612
02193340,aifs,7,-0.0033,0.3113,0.4073,1.2901,239,7.2829
02196000,aifs,7,0.1518,0.3832,0.4634,1.0953,239,7.3403
02198100,aifs,7,0.0127,0.1734,0.2998,0.8909,239,10.3955
02202600,aifs,7,-0.1340,0.3065,0.3650,1.2461,239,6.3942
02212600,aifs,7,-0.0784,0.2525,0.3100,1.0882,239,8.8710
02215100,aifs,7,-0.0326,0.2699,0.3314,0.9673,239,8.6027
02216180,aifs,7,0.0809,0.1936,0.3471,0.8848,239,9.5594
02221525,aifs,7,-0.0786,0.3087,0.3523,1.1334,239,7.8963
02231000,aifs,7,0.2067,0.3883,0.4922,0.9044,239,5.9695
02231342,aifs,7,-0.0469,0.2110,0.2983,1.1237,239,6.9120
02235200,aifs,7,0.1922,0.3877,0.4802,1.0015,239,6.2395
02245500,aifs,7,0.1521,0.3699,0.4601,1.1162,239,5.8696
02246000,aifs,7,0.1559,0.4259,0.4812,1.0294,239,5.3925
02296500,aifs,7,0.0225,0.3155,0.3767,0.9521,239,6.0287
02297155,aifs,7,-0.0940,0.0936,0.2050,0.9212,239,8.6903
02297310,aifs,7,-0.0992,0.1085,0.2203,0.8486,239,8.2009
02298123,aifs,7,-0.0753,0.1343,0.2364,0.9366,239,7.4397
02298608,aifs,7,-0.0948,0.0795,0.2050,0.8381,239,8.8491
02299950,aifs,7,-0.1596,0.0957,0.1807,0.9657,239,8.4775
02300700,aifs,7,-0.0772,0.0818,0.2021,0.9992,239,9.7097
02310947,aifs,7,-0.0081,0.2181,0.3117,1.0650,239,7.7394
02312200,aifs,7,0.0654,0.1987,0.3361,1.0439,239,8.7896
02314500,aifs,7,0.2158,0.3060,0.4801,0.8371,239,6.8564
02315500,aifs,7,0.2457,0.3674,0.5152,0.8418,239,6.1419
02324400,aifs,7,0.2586,0.2558,0.5185,0.7878,239,8.9892
02327100,aifs,7,-0.0230,0.1520,0.2744,0.8687,239,8.9551
02349900,aifs,7,-0.0104,0.2182,0.3155,0.8767,239,9.5017
02350900,aifs,7,-0.0978,0.3564,0.3722,1.0047,239,7.8000
02361000,aifs,7,-0.1286,0.3902,0.4004,1.0912,239,7.5590
02363000,aifs,7,-0.0457,0.3903,0.4127,1.1056,239,8.0384
02369800,aifs,7,0.2949,0.3523,0.5474,0.8363,239,10.8399
02371500,aifs,7,0.0494,0.3414,0.4011,1.0661,239,9.0985
02372250,aifs,7,0.0889,0.3815,0.4343,1.0035,239,8.7157
02374500,aifs,7,0.1183,0.3818,0.4451,0.9901,239,9.4102
02381600,aifs,7,-0.0027,0.1541,0.2817,0.8990,239,10.0829
02384540,aifs,7,-0.0317,0.2228,0.3040,0.9642,239,8.9090
02395120,aifs,7,-0.0616,0.2747,0.3409,1.1795,239,7.7238
02408540,aifs,7,-0.0601,0.2221,0.2931,1.0100,239,9.7460
02415000,aifs,7,0.0028,0.2025,0.3096,0.9068,239,10.1761
02422500,aifs,7,-0.1523,0.2296,0.2870,1.1743,239,9.3940
02427250,aifs,7,0.0024,0.4204,0.4565,1.1765,239,7.6621
02430085,aifs,7,-0.3399,0.1433,0.2243,1.3247,239,9.9901
02450250,aifs,7,-0.1321,0.1867,0.2486,0.9903,239,10.2759
02464000,aifs,7,-0.0433,0.1362,0.2489,1.0076,239,11.4791
02465493,aifs,7,-0.0986,0.2439,0.3058,1.1485,239,8.9493
02469800,aifs,7,0.1060,0.4080,0.4561,1.0614,239,8.5680
02472000,aifs,7,0.0296,0.1949,0.3179,0.9078,239,10.3032
02472500,aifs,7,0.0579,0.1884,0.3343,0.8572,239,11.0749
02479155,aifs,7,0.2967,0.3598,0.5452,0.9372,239,11.0694
02479300,aifs,7,0.2977,0.2474,0.5706,0.7778,239,14.6784
02481000,aifs,7,0.2490,0.1577,0.5394,0.6978,239,18.2366
02481510,aifs,7,0.3102,0.2438,0.5898,0.7117,239,14.3686
03010655,aifs,7,-0.0211,0.3212,0.3692,0.9169,239,6.6796
03011800,aifs,7,-0.0144,0.2808,0.3477,0.9052,239,7.7895
03015500,aifs,7,0.0326,0.4490,0.4616,1.0266,239,6.3395
03021350,aifs,7,0.1154,0.3990,0.4539,0.9509,239,7.0631
03026500,aifs,7,-0.0065,0.3204,0.3727,0.9183,239,7.2888
03028000,aifs,7,0.0036,0.3215,0.3761,0.9217,239,7.4961
03049800,aifs,7,0.1146,0.2825,0.4057,0.8673,239,8.3312
03050000,aifs,7,0.0886,0.1581,0.3446,0.8358,239,8.8073
03066000,aifs,7,0.1291,0.1781,0.3897,0.7824,239,7.6646
03069500,aifs,7,0.1209,0.2196,0.3892,0.8383,239,7.2363
03070500,aifs,7,0.1575,0.3717,0.4611,0.9089,239,7.0105
03076600,aifs,7,0.0698,0.1394,0.3324,0.7802,239,8.6646
03078000,aifs,7,0.0628,0.1448,0.3192,0.8482,239,8.5845
03140000,aifs,7,0.0271,0.2848,0.3722,0.8405,239,7.0163
03144000,aifs,7,0.1094,0.1989,0.4005,0.6896,239,8.2397
03159540,aifs,7,0.0427,0.1118,0.3112,0.7298,239,9.0944
03161000,aifs,7,-0.0412,0.2182,0.3023,0.8965,239,6.9464
03164000,aifs,7,-0.0714,0.2532,0.3148,0.8920,239,6.1751
03165000,aifs,7,0.0175,0.1964,0.3271,0.7956,239,7.0603
03170000,aifs,7,-0.0885,0.2416,0.3086,0.8445,239,5.8250
03173000,aifs,7,-0.1297,0.2808,0.3184,0.8961,239,5.2912
03180500,aifs,7,0.0766,0.2425,0.3617,0.9614,239,6.5398
03182500,aifs,7,0.1133,0.2919,0.4029,0.9487,239,5.8362
03186500,aifs,7,0.1037,0.2264,0.3830,0.8276,239,7.0210
03187500,aifs,7,0.0770,0.2201,0.3612,0.8532,239,7.0490
03213700,aifs,7,-0.0785,0.2189,0.2853,0.9869,239,7.3301
03237280,aifs,7,-0.0130,0.1677,0.2875,0.8671,239,7.8383
03237500,aifs,7,0.0386,0.2123,0.3387,0.8374,239,7.7151
03241500,aifs,7,0.0377,0.0780,0.2993,0.6909,239,9.7737
03280700,aifs,7,-0.2336,0.2103,0.2502,1.1326,239,8.0347
03281100,aifs,7,-0.1969,0.2864,0.3124,1.1205,239,7.5812
03281500,aifs,7,-0.2616,0.2605,0.2822,1.1139,239,7.5305
03285000,aifs,7,-0.1725,0.1166,0.1906,0.9675,239,9.7006
03291780,aifs,7,0.0828,0.1279,0.3369,0.7623,239,9.8749
03300400,aifs,7,-0.0287,0.1251,0.2597,0.8403,239,9.7946
03340800,aifs,7,0.0605,0.1058,0.3196,0.7199,239,10.0377
03346000,aifs,7,0.0241,0.2099,0.3345,0.8087,239,8.6337
03364500,aifs,7,0.0866,0.0081,0.3312,0.6086,239,12.6361
03366500,aifs,7,0.0960,0.1416,0.3527,0.7574,239,9.6261
03368000,aifs,7,0.0459,-0.0285,0.2859,0.5882,239,12.7365
03384450,aifs,7,0.0449,0.1858,0.3205,0.9185,239,9.2930
03439000,aifs,7,0.1072,0.3064,0.4104,0.8902,239,7.5245
03450000,aifs,7,0.0525,0.2750,0.3671,0.9377,239,6.3840
03455500,aifs,7,-0.0381,0.2583,0.3282,0.8905,239,7.3607
03456500,aifs,7,0.0103,0.2529,0.3497,0.8346,239,6.7330
03460000,aifs,7,-0.0326,0.2290,0.3110,0.9072,239,7.3058
03463300,aifs,7,0.0515,0.1766,0.3395,0.7747,239,7.7738
03471500,aifs,7,-0.1410,0.2050,0.2599,0.9415,239,6.5064
03473000,aifs,7,-0.1660,0.1810,0.2377,0.9342,239,6.8074
03479000,aifs,7,-0.0670,0.2813,0.3301,0.9349,239,6.2030
03488000,aifs,7,-0.1152,0.2376,0.2869,0.9785,239,6.5274
03498500,aifs,7,-0.1206,0.1974,0.2594,0.9663,239,8.1256
03500000,aifs,7,-0.0967,0.2761,0.3183,1.0546,239,7.7455
03504000,aifs,7,-0.0461,0.1835,0.2862,0.8453,239,8.9381
03574500,aifs,7,-0.0135,0.2814,0.3447,1.0413,239,9.3536
03604000,aifs,7,0.1089,0.3563,0.4289,0.9954,239,9.1933
04015330,aifs,7,0.0778,0.3636,0.4210,1.0174,239,6.2612
04024430,aifs,7,-0.1274,0.3929,0.4231,1.1869,239,5.3425
04027000,aifs,7,-0.3375,0.2379,0.3422,1.3848,239,5.2504
04040500,aifs,7,-0.3942,0.1148,0.1414,1.0112,239,6.2929
04043050,aifs,7,-0.2733,0.1854,0.2161,0.9632,239,5.4981
04045500,aifs,7,-0.3961,0.1379,0.1801,1.2038,239,6.0343
04056500,aifs,7,-0.3641,0.1764,0.2109,1.1777,239,5.5648
04057510,aifs,7,-0.2326,0.1341,0.1866,1.0168,239,6.2065
04057800,aifs,7,-0.2403,0.1918,0.2264,0.9948,239,6.0025
04059500,aifs,7,-0.3413,0.1468,0.1749,1.0254,239,6.0129
04063700,aifs,7,-0.4515,0.1519,0.1854,1.2015,239,5.7428
04074950,aifs,7,-0.3876,0.1251,0.1506,1.0133,239,6.2020
04105700,aifs,7,0.0767,0.2287,0.3673,0.8231,239,6.9255
04115265,aifs,7,0.1925,0.3068,0.4611,0.8523,239,6.4605
04122200,aifs,7,-0.0285,0.1830,0.2877,0.8824,239,7.3073
04122500,aifs,7,-0.1456,0.1341,0.2150,0.8940,239,7.2565
04124000,aifs,7,-0.0763,-0.0195,0.1855,0.6694,239,8.9400
04127997,aifs,7,-0.0350,0.0858,0.2473,0.7633,239,7.8926
04185000,aifs,7,0.1413,0.2962,0.4422,0.7621,239,6.0953
04196800,aifs,7,0.0882,0.2844,0.4076,0.7789,239,6.7479
04197100,aifs,7,0.0233,0.1901,0.3242,0.8067,239,7.8150
04197170,aifs,7,0.0377,0.2589,0.3601,0.8535,239,7.0202
04213000,aifs,7,0.0511,0.4131,0.4420,1.0346,239,6.2364
04213075,aifs,7,0.0939,0.3676,0.4294,1.0365,239,6.8522
04216418,aifs,7,0.0836,0.3263,0.4147,0.8532,239,7.0957
04221000,aifs,7,0.0066,0.3614,0.3988,0.9592,239,6.1784
04224775,aifs,7,0.0486,0.3374,0.3967,0.9815,239,6.7187
04256000,aifs,7,0.0567,0.4559,0.4845,1.1411,239,5.8025
04296000,aifs,7,-0.0673,0.2598,0.3545,1.2806,239,6.4507
05057000,aifs,7,0.0850,0.4249,0.4911,1.2376,239,3.5740
05057200,aifs,7,-0.2684,0.2881,0.3737,1.3386,239,3.8802
05062500,aifs,7,-0.3830,0.2004,0.2293,1.1798,239,5.1768
05087500,aifs,7,-0.0458,0.1632,0.2634,0.9999,239,5.4408
05120500,aifs,7,0.1493,0.4522,0.5147,1.2033,239,3.7104
05123400,aifs,7,0.1738,0.4224,0.4869,1.0421,239,4.5716
05129115,aifs,7,-0.1113,0.3557,0.4094,1.2471,239,4.6616
05131500,aifs,7,-0.1796,0.3261,0.3633,1.2035,239,4.5139
05291000,aifs,7,-0.0489,0.0495,0.1964,0.9967,239,7.0308
05362000,aifs,7,-0.3826,0.2257,0.2589,1.2112,239,6.0496
05393500,aifs,7,-0.2892,0.2020,0.2327,1.1203,239,6.3976
05399500,aifs,7,-0.2154,0.0894,0.1637,0.8987,239,7.8236
05408000,aifs,7,-0.0878,-0.0326,0.1497,0.7520,239,9.3889
05412500,aifs,7,-0.0479,0.0889,0.2359,0.7994,239,7.7464
05413500,aifs,7,-0.0341,0.0235,0.2157,0.7383,239,8.7664
05414000,aifs,7,-0.0086,0.0568,0.2430,0.7669,239,8.4835
05444000,aifs,7,0.0426,0.2388,0.3447,0.9288,239,7.0768
05454000,aifs,7,0.0728,0.1638,0.3367,0.8167,239,8.3317
05458000,aifs,7,-0.1665,0.0049,0.1283,0.8306,239,8.5266
05466500,aifs,7,0.2237,0.1839,0.4907,0.6868,239,9.2988
05487980,aifs,7,0.0606,0.2183,0.3479,0.8706,239,8.7206
05488200,aifs,7,0.0858,0.1313,0.3310,0.8251,239,10.4379
05489000,aifs,7,0.0552,0.1451,0.3173,0.8145,239,9.8317
05495000,aifs,7,0.0828,0.3809,0.4324,0.9693,239,7.0735
05495500,aifs,7,0.0892,0.3118,0.4019,0.9211,239,8.4587
05501000,aifs,7,-0.0306,0.1528,0.2684,0.8922,239,10.1991
05503800,aifs,7,-0.0974,0.2609,0.3067,1.0078,239,8.2705
05507600,aifs,7,-0.0860,0.3395,0.3646,1.0654,239,6.8594
05508805,aifs,7,-0.1253,0.3498,0.3643,1.0460,239,6.8711
05514500,aifs,7,0.0420,0.3608,0.4081,0.9696,239,6.9530
05525500,aifs,7,0.0394,0.2060,0.3373,0.8241,239,7.9966
05556500,aifs,7,0.1795,0.2094,0.4419,0.7350,239,8.1635
05584500,aifs,7,0.2508,0.2797,0.5036,0.8398,239,9.8490
05585000,aifs,7,0.2314,0.3156,0.4883,0.8827,239,9.1165
05591550,aifs,7,-0.0056,0.1880,0.3033,0.8511,239,9.1311
05592050,aifs,7,-0.0408,0.2917,0.3418,1.0065,239,7.7745
05592575,aifs,7,0.0740,0.1800,0.3566,0.7426,239,9.3494
05593575,aifs,7,0.0649,0.2785,0.3769,0.8961,239,7.9647
05593900,aifs,7,0.0066,0.2222,0.3264,0.8591,239,8.7829
05595730,aifs,7,-0.0088,0.2541,0.3334,0.9095,239,7.8680
06037500,aifs,7,0.2057,0.4973,0.5692,1.2358,239,3.4785
06043500,aifs,7,0.0579,0.4820,0.5515,1.2575,239,3.6911
06154410,aifs,7,-0.0973,0.2558,0.3104,0.8773,239,5.0839
06188000,aifs,7,-0.2013,0.3386,0.5771,1.4370,239,3.3019
06191500,aifs,7,-0.0103,0.4067,0.6089,1.4093,239,3.0684
06221400,aifs,7,-0.0924,0.3835,0.4986,1.3546,239,3.0616
06224000,aifs,7,-0.0275,0.3887,0.4755,1.3109,239,3.1384
06289000,aifs,7,-1.1254,0.0371,0.3758,1.5673,239,4.1642
06332515,aifs,7,-0.2820,0.2273,0.3005,1.3133,239,3.7384
06339100,aifs,7,-0.1823,0.3295,0.4388,1.3651,239,2.8472
06339500,aifs,7,0.0194,0.4158,0.4534,1.1679,239,3.0756
06344600,aifs,7,0.2265,0.4383,0.5191,1.0907,239,3.0320
06350000,aifs,7,0.0867,0.3933,0.4407,0.9606,239,2.7729
06352000,aifs,7,-0.1240,0.3494,0.3643,1.0484,239,2.6431
06353000,aifs,7,0.0036,0.3860,0.4130,1.0251,239,2.6698
06354000,aifs,7,0.0647,0.3858,0.4290,0.9864,239,2.8174
06360500,aifs,7,-0.2044,0.2536,0.2785,1.0141,239,2.7800
06404000,aifs,7,-0.2125,0.2365,0.3111,1.2946,239,3.6785
06406000,aifs,7,-0.2569,0.2633,0.3189,1.2646,239,3.4305
06408700,aifs,7,-0.3154,0.1878,0.2279,1.1831,239,3.3318
06409000,aifs,7,-0.2560,0.2289,0.2762,1.2148,239,3.2077
06431500,aifs,7,-0.2114,0.1839,0.2368,1.1444,239,3.5717
06440200,aifs,7,0.0369,0.2026,0.3275,0.8767,239,4.1833
06441500,aifs,7,0.1224,0.3477,0.4395,0.8564,239,3.2742
06447000,aifs,7,-0.0795,0.2569,0.3089,0.9896,239,3.5336
06447500,aifs,7,-0.0216,0.2666,0.3329,1.0301,239,4.0174
06450500,aifs,7,-0.0957,0.1216,0.2248,0.8792,239,4.8282
06452000,aifs,7,-0.0008,0.2654,0.3415,0.9260,239,3.6364
06453600,aifs,7,0.2356,0.2866,0.4891,0.8584,239,4.7040
06464500,aifs,7,0.0428,0.0895,0.2850,0.8049,239,6.0532
06477500,aifs,7,0.2172,0.3209,0.4779,0.8991,239,4.4286
06479215,aifs,7,-0.0412,0.0292,0.1890,0.9986,239,7.1600
06479438,aifs,7,-0.0414,0.0547,0.2036,1.0258,239,6.6502
06601000,aifs,7,-0.1846,0.0798,0.1623,1.0393,239,8.1573
06614800,aifs,7,0.2918,0.3020,0.5480,0.8360,239,4.5265
06622700,aifs,7,0.1955,0.4065,0.4895,0.9680,239,3.2011
06623800,aifs,7,0.2915,0.4907,0.5674,1.0657,239,3.2277
06632400,aifs,7,0.2729,0.4344,0.5394,1.0294,239,3.3109
06784000,aifs,7,0.0422,0.1610,0.3116,0.8641,239,5.3756
06803510,aifs,7,-0.1853,0.1171,0.1873,1.0321,239,8.9909
06803530,aifs,7,-0.2378,0.1876,0.2316,1.1285,239,7.8846
06814000,aifs,7,-0.0355,0.2148,0.2976,1.0223,239,7.7664
06846500,aifs,7,0.1072,0.3092,0.4120,0.8796,239,3.9425
06847900,aifs,7,0.1345,0.2220,0.3951,0.8514,239,4.7234
06853800,aifs,7,-0.1330,0.2348,0.2869,1.1188,239,5.7307
06876700,aifs,7,0.0850,0.0357,0.3107,0.7266,239,9.5084
06878000,aifs,7,0.1007,0.1605,0.3503,0.8493,239,7.6090
06879650,aifs,7,0.1977,0.1596,0.4608,0.6738,239,8.6342
06885500,aifs,7,0.1723,0.2442,0.4315,0.8292,239,8.0420
06888500,aifs,7,0.2106,0.1800,0.4689,0.7265,239,8.9241
06889200,aifs,7,0.2025,0.2606,0.4585,0.8339,239,8.0994
06889500,aifs,7,0.2375,0.2977,0.4932,0.8364,239,7.6526
06892000,aifs,7,0.1568,0.2429,0.4226,0.8024,239,8.5261
06903400,aifs,7,-0.0068,0.1520,0.2811,0.8678,239,9.5037
06906800,aifs,7,0.1612,0.1114,0.4365,0.5944,239,10.0599
06910800,aifs,7,0.1390,0.1437,0.3925,0.7214,239,8.8538
06911900,aifs,7,0.1358,0.1196,0.3890,0.6894,239,9.3689
06917000,aifs,7,0.1876,0.1145,0.4595,0.6186,239,9.8974
06918460,aifs,7,0.1987,0.3084,0.4677,0.8287,239,8.9655
06919500,aifs,7,0.2345,0.3171,0.5002,0.7805,239,8.3321
06921070,aifs,7,0.1727,0.1855,0.4386,0.6822,239,10.3802
06921200,aifs,7,0.1875,0.1611,0.4478,0.6823,239,10.9222
06934000,aifs,7,0.1924,0.3563,0.4764,0.8588,239,7.8097
07014500,aifs,7,0.0619,0.0912,0.3141,0.7155,239,11.2636
07056000,aifs,7,-0.0718,0.2634,0.3220,1.1201,239,9.2434
07057500,aifs,7,-0.0420,0.3107,0.3562,1.0764,239,8.5300
07060710,aifs,7,0.0263,0.2785,0.3724,1.1936,239,9.2923
07066000,aifs,7,-0.0948,0.2485,0.3000,1.0405,239,8.6933
07067000,aifs,7,-0.1262,0.2936,0.3237,1.0561,239,7.7994
07068000,aifs,7,-0.1848,0.3029,0.3253,1.1087,239,7.5156
07071500,aifs,7,-0.1960,0.2771,0.3065,1.1292,239,8.1230
07083000,aifs,7,0.3045,0.4826,0.6179,1.3169,239,2.4120
07142300,aifs,7,0.0188,0.1609,0.2946,0.9132,239,5.1893
07145700,aifs,7,0.0402,-0.0544,0.2355,0.7065,239,11.3911
07148400,aifs,7,-0.1824,0.2222,0.2604,1.0267,239,4.8505
07149000,aifs,7,-0.0837,0.2946,0.3341,1.0619,239,4.4033
07151500,aifs,7,0.0593,0.1029,0.2979,0.8446,239,7.6319
07167500,aifs,7,0.0893,0.1631,0.3448,0.8332,239,7.5367
07180500,aifs,7,0.0461,0.1024,0.2929,0.8086,239,7.8658
07184000,aifs,7,0.1209,0.1075,0.3624,0.7447,239,12.2186
07195800,aifs,7,0.0190,0.2078,0.3167,1.0416,239,10.9002
07196900,aifs,7,0.0084,0.2904,0.3755,1.2058,239,9.7144
07197000,aifs,7,-0.0641,0.2795,0.3355,1.1293,239,9.6901
07208500,aifs,7,0.2025,0.4463,0.5085,1.0147,239,2.3224
07226500,aifs,7,0.0966,0.3076,0.4057,0.8858,239,2.3401
07261000,aifs,7,-0.2120,0.2352,0.3001,1.2636,239,9.5105
07263295,aifs,7,-0.1641,0.2280,0.3228,1.3280,239,9.8989
07290650,aifs,7,0.1212,0.2859,0.4037,0.9748,239,9.0135
07291000,aifs,7,0.0928,0.2559,0.3766,0.9493,239,9.2722
07292500,aifs,7,0.1098,0.2657,0.3906,0.9339,239,9.2566
07295000,aifs,7,0.1451,0.2447,0.4049,0.9332,239,10.2345
07299670,aifs,7,-0.1166,0.1908,0.2661,1.1554,239,4.8283
07301410,aifs,7,0.0243,0.1231,0.2766,1.0275,239,5.5228
07301500,aifs,7,-0.1527,0.2811,0.3477,1.2699,239,3.4840
07315200,aifs,7,-0.1518,0.2509,0.2871,1.0174,239,7.2542
07315700,aifs,7,-0.5009,0.1361,0.2273,1.3842,239,7.2946
07335700,aifs,7,-0.0524,0.2271,0.2988,0.9867,239,11.2573
07340300,aifs,7,-0.1910,0.3307,0.3691,1.2135,239,9.0672
07346045,aifs,7,-0.1408,0.3114,0.4627,1.4293,239,7.7347
07359610,aifs,7,-0.0205,0.3680,0.4003,1.0935,239,9.3615
07362100,aifs,7,-0.4046,0.1138,0.4337,1.6619,239,8.4036
07362587,aifs,7,-0.1118,0.2378,0.2995,1.1588,239,10.8277
07373000,aifs,7,0.1263,0.3086,0.4183,1.0857,239,8.5233
07375000,aifs,7,0.2386,0.3161,0.4919,0.9444,239,11.8961
07376000,aifs,7,0.1662,0.2792,0.4294,0.9461,239,10.9077
08013000,aifs,7,0.1414,0.2694,0.4091,1.0000,239,9.4508
08014500,aifs,7,0.0280,0.2214,0.3273,0.9819,239,9.7663
08023080,aifs,7,-0.0033,0.2846,0.3978,1.3213,239,9.3138
08025500,aifs,7,0.2044,0.2938,0.4601,1.0191,239,9.8236
08029500,aifs,7,0.1277,0.2299,0.3874,0.9511,239,10.7878
08050800,aifs,7,-0.0214,0.2455,0.3204,0.9856,239,9.6692
08066200,aifs,7,0.0533,0.1212,0.2996,0.8694,239,13.4041
08066300,aifs,7,0.0135,-0.0117,0.2101,0.8695,239,17.6384
08070000,aifs,7,0.0864,0.3683,0.4346,1.1309,239,8.6843
08070200,aifs,7,0.0938,0.3661,0.4322,1.0947,239,8.8502
08079600,aifs,7,-0.0524,0.3222,0.3649,1.1165,239,3.0983
08082700,aifs,7,-0.2540,0.1247,0.2033,1.2553,239,5.9471
08086212,aifs,7,0.0617,0.3005,0.3820,0.9913,239,5.9648
08086290,aifs,7,0.0191,0.3084,0.3707,1.0285,239,6.0705
08101000,aifs,7,-0.1032,0.3002,0.3679,1.2591,239,6.4380
08103900,aifs,7,0.1223,0.2818,0.4029,0.9651,239,8.7122
08104900,aifs,7,-0.0331,0.1427,0.2575,0.9674,239,10.6969
08109700,aifs,7,0.0766,0.2591,0.3827,1.1978,239,10.2123
08150800,aifs,7,0.1397,0.1356,0.3846,0.7629,239,9.8772
08155200,aifs,7,-0.1319,0.1978,0.2964,1.2980,239,8.8208
08158700,aifs,7,-0.1570,0.2159,0.3047,1.2990,239,8.3770
08158810,aifs,7,-0.1780,0.2524,0.3273,1.2904,239,8.0409
08164000,aifs,7,-0.2094,0.2653,0.3445,1.3183,239,8.1644
08164300,aifs,7,0.0612,0.3232,0.4084,1.1847,239,9.3545
08164600,aifs,7,-0.1313,0.2878,0.3577,1.2729,239,7.9577
08165300,aifs,7,0.1874,0.2473,0.4391,0.9046,239,8.6117
08171300,aifs,7,-0.0927,0.2132,0.2976,1.2145,239,8.8190
08175000,aifs,7,0.0083,0.2974,0.3674,1.1246,239,8.6777
08176900,aifs,7,-0.0319,0.3376,0.4190,1.2874,239,7.0138
08178880,aifs,7,0.1025,0.1765,0.3514,0.9456,239,10.1149
08189500,aifs,7,0.1572,0.3745,0.4632,1.1145,239,6.7977
08190000,aifs,7,0.2774,0.1816,0.5721,0.7257,239,12.2886
08190500,aifs,7,0.2864,0.2046,0.5725,0.7503,239,11.6649
08194200,aifs,7,0.1512,0.0732,0.3994,0.6573,239,7.9837
08195000,aifs,7,0.2366,0.1920,0.4998,0.8044,239,11.3968
08196000,aifs,7,0.2474,0.1746,0.5272,0.7796,239,12.9562
08198500,aifs,7,0.2093,0.1936,0.4614,0.8225,239,11.1758
08200000,aifs,7,0.1287,0.1570,0.3689,0.8968,239,11.2880
08202700,aifs,7,0.1846,0.1692,0.4327,0.8142,239,11.7025
08267500,aifs,7,0.1886,0.1856,0.4485,0.7092,239,3.4239
08269000,aifs,7,0.1930,0.3660,0.4756,0.9130,239,2.5309
08271000,aifs,7,0.1917,0.1634,0.4553,0.6705,239,3.5583
08324000,aifs,7,0.0995,0.3735,0.4358,0.9363,239,2.1949
08377900,aifs,7,0.0928,0.2137,0.3695,0.8218,239,3.6078
08378500,aifs,7,0.1478,0.3326,0.4404,0.8991,239,3.0456
08380500,aifs,7,0.1265,0.3182,0.4273,0.8622,239,2.8826
09034900,aifs,7,0.3271,0.4061,0.5761,0.8726,239,3.2457
09035900,aifs,7,0.2500,0.5177,0.5632,1.0925,239,2.5311
09047700,aifs,7,0.2688,0.5165,0.5754,1.1383,239,2.3724
09065500,aifs,7,0.2103,0.4847,0.5344,1.1005,239,2.6517
09066000,aifs,7,0.1061,0.4589,0.5453,1.2898,239,2.4041
09066200,aifs,7,0.2013,0.4513,0.5124,1.0669,239,2.8235
09066300,aifs,7,0.2056,0.4668,0.5223,1.0832,239,2.7402
09081600,aifs,7,0.4122,0.4901,0.6442,1.1357,239,3.3401
09107000,aifs,7,0.2310,0.3037,0.6426,1.5974,239,2.1629
09210500,aifs,7,0.0763,0.4357,0.4740,1.1426,239,2.2402
09223000,aifs,7,0.1217,0.4513,0.4966,1.1519,239,2.6928
09306242,aifs,7,0.1164,0.3873,0.4528,1.1121,239,2.6579
09312600,aifs,7,0.2184,0.4528,0.5252,1.1275,239,2.7429
09352900,aifs,7,0.4723,0.5013,0.6920,0.8985,239,3.2098
09378170,aifs,7,0.1308,0.0859,0.4039,0.5506,239,3.2544
09378630,aifs,7,0.1278,0.0590,0.3997,0.5297,239,3.4316
09386900,aifs,7,0.2459,0.4299,0.5238,0.9454,239,1.9772
09404450,aifs,7,0.3115,0.4728,0.5721,0.9480,239,2.4263
09430500,aifs,7,0.3018,0.4806,0.5786,0.8420,239,1.9119
09430600,aifs,7,0.2332,0.3542,0.5167,0.7486,239,2.5033
09447800,aifs,7,0.1592,0.5095,0.5294,0.9384,239,1.5054
09480000,aifs,7,0.2039,0.2219,0.4764,0.6511,239,3.0996
09484000,aifs,7,0.2959,0.3241,0.5504,0.7633,239,2.8046
09484600,aifs,7,0.3433,0.3181,0.6015,0.6738,239,2.4840
09492400,aifs,7,0.2579,0.2279,0.5325,0.6409,239,4.0908
09494000,aifs,7,0.2569,0.3958,0.5375,0.7741,239,2.9351
09497800,aifs,7,-0.2075,0.3656,0.3812,0.8633,239,2.9201
09497980,aifs,7,0.0089,0.3996,0.4570,0.7662,239,3.1422
09505200,aifs,7,0.3734,0.6257,0.6499,0.9714,239,2.2841
09505350,aifs,7,0.4073,0.6080,0.6581,0.9416,239,2.2881
09505800,aifs,7,0.3633,0.6169,0.6430,0.9619,239,2.4837
09508300,aifs,7,0.1821,0.4716,0.5351,0.7985,239,2.7097
09510200,aifs,7,-0.1241,0.2722,0.3275,0.8007,239,3.1771
09512280,aifs,7,-0.0900,0.2936,0.3317,1.0584,239,2.7912
09513780,aifs,7,-0.0727,0.3565,0.3781,1.0487,239,2.4263
10023000,aifs,7,0.1848,0.4371,0.5008,1.0881,239,3.2434
10166430,aifs,7,0.1520,0.4020,0.4765,0.8637,239,3.2963
10172700,aifs,7,0.1039,0.4609,0.4856,1.0550,239,2.5863
10172800,aifs,7,0.2261,0.3604,0.5085,0.7669,239,3.2193
10173450,aifs,7,0.3162,0.4086,0.5698,0.8273,239,3.0089
10205030,aifs,7,0.3463,0.4472,0.5940,0.8641,239,2.4609
10234500,aifs,7,0.3686,0.4889,0.6152,0.8586,239,2.7875
10242000,aifs,7,0.3459,0.3947,0.5952,0.7672,239,3.0838
10244950,aifs,7,0.1825,0.4891,0.5278,1.1041,239,2.5835
10249300,aifs,7,0.2393,0.5268,0.6115,1.2682,239,1.9734
10258000,aifs,7,0.7010,0.4501,0.9134,0.6938,239,1.9466
10258500,aifs,7,0.8099,0.7518,0.9108,0.9684,239,0.7945
10259000,aifs,7,0.6724,0.3861,0.9104,0.6291,239,1.5805
10259200,aifs,7,0.7766,0.7347,0.8878,1.1002,239,0.9482
10263500,aifs,7,0.4265,0.1758,0.7123,0.4632,239,4.4806
10310500,aifs,7,0.0747,0.4890,0.5949,1.2884,239,3.4989
10316500,aifs,7,0.1663,0.2505,0.4365,0.7648,239,3.3954
10329500,aifs,7,0.2509,0.4179,0.5224,0.9542,239,2.8354
10336645,aifs,7,0.4832,0.6635,0.7227,1.1709,239,5.9096
10336660,aifs,7,0.5501,0.6982,0.7486,1.0696,239,6.0032
10343500,aifs,7,0.3986,0.6472,0.6937,1.1738,239,4.1919
10348850,aifs,7,0.3497,0.2582,0.6092,0.6205,239,7.3541
10396000,aifs,7,0.3067,0.2848,0.5688,0.6546,239,2.7991
11098000,aifs,7,0.4099,0.1246,0.7066,0.4075,239,6.2810
11124500,aifs,7,0.3805,0.2979,0.6319,0.6670,239,5.4640
11141280,aifs,7,0.5468,0.3980,0.7632,0.6316,239,4.2497
11143000,aifs,7,0.2453,0.1024,0.5113,0.4592,239,8.8039
11148900,aifs,7,0.4090,0.5298,0.6525,0.7780,239,4.2046
11151300,aifs,7,0.3679,0.4626,0.6142,0.7766,239,2.9767
11162500,aifs,7,0.3208,0.4059,0.5821,0.7078,239,5.2347
11176400,aifs,7,0.2745,0.6137,0.6177,1.0052,239,2.8870
11180500,aifs,7,0.2719,0.6039,0.6106,1.0131,239,3.2576
11180960,aifs,7,0.3011,0.4870,0.5794,0.8286,239,3.8317
11224500,aifs,7,0.3962,0.4042,0.6320,0.7123,239,2.5333
11253310,aifs,7,0.3692,0.4185,0.6096,0.7718,239,2.1107
11264500,aifs,7,-1.1298,-0.2339,0.5171,1.9151,239,6.9371
11266500,aifs,7,-0.8414,-0.1021,0.5294,1.8209,239,6.9501
11274500,aifs,7,0.3191,0.5971,0.6228,0.9179,239,2.6711
11274630,aifs,7,0.3089,0.6330,0.6396,1.0531,239,2.4471
11284400,aifs,7,0.2203,0.4526,0.6765,1.4137,239,4.4833
11299600,aifs,7,0.2644,0.5241,0.6562,1.3240,239,4.2546
11381500,aifs,7,0.5580,0.6700,0.7482,0.9615,239,6.0249
11383500,aifs,7,0.5624,0.6710,0.7510,0.9517,239,6.0871
11451100,aifs,7,0.2489,0.5963,0.7144,1.1770,239,4.4985
11468500,aifs,7,0.1085,0.5190,0.6281,1.2602,239,6.3177
11473900,aifs,7,0.3862,0.6863,0.6918,1.0579,239,5.3910
11475560,aifs,7,0.4171,0.4102,0.6499,0.7011,239,9.9856
11476600,aifs,7,0.0391,0.5126,0.6127,1.2270,239,7.2171
11478500,aifs,7,0.2337,0.6189,0.6335,1.0957,239,6.4648
11480390,aifs,7,0.3290,0.6528,0.6617,1.0778,239,5.6957
11481200,aifs,7,0.4360,0.6800,0.6944,1.0269,239,5.9796
11482500,aifs,7,0.4818,0.6527,0.7058,0.9244,239,6.4213
11522500,aifs,7,0.2810,0.6050,0.6840,1.2088,239,5.0722
11523200,aifs,7,0.0891,0.5831,0.6223,1.0538,239,6.2882
11528700,aifs,7,0.2812,0.6402,0.6709,1.1210,239,5.1396
11532500,aifs,7,0.4633,0.5912,0.6864,0.8790,239,8.1152
12010000,aifs,7,0.2276,0.2398,0.5063,0.6477,239,10.0361
12013500,aifs,7,0.1878,0.3429,0.4818,0.7754,239,8.0707
12020000,aifs,7,0.1151,0.3718,0.4501,0.8472,239,7.0532
12025000,aifs,7,0.1529,0.3490,0.4579,0.8277,239,6.6455
12025700,aifs,7,0.0786,0.4287,0.4616,1.0800,239,6.2432
12035000,aifs,7,0.4027,0.4244,0.6485,0.7055,239,8.5620
12040500,aifs,7,0.4009,0.4530,0.6460,0.7457,239,9.8714
12041200,aifs,7,0.4093,0.3711,0.6650,0.6759,239,10.7707
12043000,aifs,7,0.4013,0.4134,0.6482,0.7309,239,8.5387
12048000,aifs,7,0.1602,0.3567,0.5807,1.4845,239,4.8059
12054000,aifs,7,0.3676,0.4675,0.6075,0.9666,239,7.1142
12056500,aifs,7,0.4582,0.4851,0.6830,0.8042,239,8.7399
12073500,aifs,7,0.1763,0.4214,0.4870,1.0253,239,5.1685
12082500,aifs,7,0.1673,0.4287,0.4871,0.9621,239,8.7554
12092000,aifs,7,0.1702,0.3827,0.4706,0.9163,239,8.8205
12095000,aifs,7,0.1146,0.4387,0.4805,1.1100,239,6.9587
12114500,aifs,7,0.1967,0.1934,0.4654,0.6808,239,10.3562
12115000,aifs,7,0.1981,0.1987,0.4659,0.6878,239,10.2948
12115500,aifs,7,0.2119,0.2386,0.4765,0.7337,239,10.2388
12117000,aifs,7,0.2193,0.2607,0.4863,0.7376,239,10.0832
12141300,aifs,7,0.2176,0.2140,0.4894,0.6771,239,11.8243
12143600,aifs,7,0.2060,0.2405,0.4716,0.7364,239,11.1910
12144000,aifs,7,0.2059,0.2702,0.4718,0.7722,239,10.4783
12145500,aifs,7,0.2083,0.3238,0.4839,0.7986,239,8.2538
12147600,aifs,7,0.2293,0.1871,0.5105,0.6376,239,14.3763
12167000,aifs,7,0.2831,0.4326,0.5454,0.9576,239,9.5204
12175500,aifs,7,0.2916,0.4857,0.5641,1.0001,239,6.6531
12186000,aifs,7,0.2888,0.3989,0.5491,0.8448,239,9.8287
12189500,aifs,7,0.2831,0.4797,0.5581,0.9811,239,8.3075
12358500,aifs,7,0.3105,0.3556,0.5715,0.7536,239,5.7502
12377150,aifs,7,0.3070,0.2617,0.5999,0.5972,239,5.5267
12381400,aifs,7,0.3010,0.3093,0.5780,0.6598,239,4.9938
12390700,aifs,7,0.1429,0.4424,0.4864,0.9407,239,4.2623
12411000,aifs,7,0.1202,0.4355,0.4743,0.9641,239,5.1805
12414500,aifs,7,0.2150,0.4661,0.5259,0.9122,239,4.9910
12447390,aifs,7,-0.3428,0.0287,0.3421,1.7138,239,3.2143
12451000,aifs,7,0.1688,0.4857,0.5716,1.2800,239,5.0987
12488500,aifs,7,0.2197,0.3471,0.4882,0.8701,239,7.1427
13011500,aifs,7,0.1266,0.4163,0.5926,1.4176,239,3.4132
13011900,aifs,7,0.1789,0.4916,0.5979,1.3108,239,3.1882
13018300,aifs,7,0.0893,0.4132,0.5045,1.2932,239,3.5317
13023000,aifs,7,0.0246,0.4442,0.5049,1.2504,239,3.0316
13161500,aifs,7,-0.1566,0.1127,0.4667,1.7085,239,2.2900
13235000,aifs,7,0.3182,0.5550,0.6004,0.9734,239,3.6194
13240000,aifs,7,0.4174,0.4351,0.6572,0.7364,239,4.3535
13310700,aifs,7,0.3197,0.5884,0.6151,0.9725,239,3.6035
13313000,aifs,7,0.3508,0.4523,0.6054,0.7870,239,4.2151
13331500,aifs,7,0.4444,0.4445,0.6768,0.7787,239,3.7414
13337000,aifs,7,0.3665,0.5122,0.6209,0.8436,239,4.7681
13338500,aifs,7,0.2707,0.5563,0.5950,1.1331,239,3.9291
13340000,aifs,7,0.3704,0.5750,0.6312,0.9445,239,4.0130
13340600,aifs,7,0.3498,0.4558,0.6035,0.8047,239,5.4284
14020000,aifs,7,0.4742,0.4821,0.6959,0.8000,239,3.5210
14092750,aifs,7,0.3900,0.7082,0.7164,0.9877,239,4.4066
14096850,aifs,7,0.1653,0.5331,0.6054,1.2450,239,3.1806
14137000,aifs,7,0.4077,0.6024,0.6599,0.8988,239,6.6032
14138800,aifs,7,0.4139,0.4030,0.6581,0.6982,239,8.9668
14138870,aifs,7,0.4091,0.4291,0.6499,0.7380,239,9.3263
14138900,aifs,7,0.3989,0.3154,0.6646,0.6281,239,11.1650
14139800,aifs,7,0.4085,0.4341,0.6516,0.7222,239,9.0698
14141500,aifs,7,0.3987,0.5409,0.6447,0.8444,239,7.8194
14154500,aifs,7,-0.2047,0.4341,0.5384,1.2287,239,6.1565
14158500,aifs,7,0.2793,0.6601,0.6744,0.9708,239,6.0428
14158790,aifs,7,0.4008,0.5518,0.6655,0.7511,239,7.0525
14166500,aifs,7,0.3089,0.6316,0.6490,1.1106,239,5.3113
14182500,aifs,7,0.2150,0.6176,0.6384,1.0992,239,7.2219
14185000,aifs,7,0.1328,0.5630,0.6685,1.1772,239,6.7158
14185900,aifs,7,0.3418,0.6834,0.6873,1.0113,239,7.0326
14187000,aifs,7,0.1586,0.5993,0.6305,1.1016,239,6.8881
14216500,aifs,7,0.2834,0.5161,0.5732,0.9289,239,7.9093
14222500,aifs,7,0.3019,0.2516,0.5721,0.6509,239,12.5028
14236200,aifs,7,0.2096,0.4192,0.5037,0.9151,239,7.6685
14301000,aifs,7,0.2240,0.3026,0.4917,0.7646,239,7.9038
14303200,aifs,7,0.2773,0.2376,0.5476,0.6328,239,9.9179
14305500,aifs,7,0.3174,0.2455,0.5906,0.6045,239,11.4167
14306340,aifs,7,0.4129,0.6464,0.6766,0.9144,239,5.4471
14306500,aifs,7,0.3595,0.6089,0.6413,0.9196,239,6.1380
14308990,aifs,7,-0.0501,0.4012,0.5756,1.3825,239,4.6183
14309500,aifs,7,0.3552,0.6885,0.7024,1.0551,239,5.4256
14316700,aifs,7,-0.2905,0.4044,0.5263,1.2371,239,6.0474
14325000,aifs,7,0.3019,0.6269,0.6367,0.9265,239,7.0424
14362250,aifs,7,-0.2466,0.2434,0.5392,1.5435,239,4.6619
14400000,aifs,7,0.2745,0.5226,0.5801,0.8560,239,9.6648
01013500,aifs,8,-0.3536,0.1817,0.2223,1.2055,239,6.4302
01022500,aifs,8,-0.3445,0.1287,0.1784,1.1956,239,7.3137
01030500,aifs,8,-0.2428,0.2304,0.2657,1.1449,239,6.0481
01031500,aifs,8,-0.1780,0.2486,0.3063,1.2244,239,6.1932
01047000,aifs,8,-0.2675,0.1783,0.2254,1.1701,239,6.9148
01052500,aifs,8,-0.3690,0.1632,0.2665,1.3900,239,6.5532
01054200,aifs,8,-0.2168,0.1571,0.2101,1.0894,239,7.9931
01055000,aifs,8,-0.3074,0.2079,0.2378,1.1410,239,6.5906
01057000,aifs,8,-0.3095,0.1986,0.2267,1.1168,239,6.9486
01073000,aifs,8,-0.3725,0.1888,0.2233,1.1930,239,7.1070
01078000,aifs,8,-0.1451,0.2673,0.3068,1.1169,239,6.7233
01118300,aifs,8,-0.1013,-0.0540,0.1379,0.7074,239,12.1243
01121000,aifs,8,0.0573,0.2121,0.3643,0.7428,239,8.0163
01123000,aifs,8,0.0009,0.1741,0.3190,0.7364,239,8.6768
01134500,aifs,8,-0.2016,0.1986,0.2538,1.1705,239,7.1667
01137500,aifs,8,-0.3042,0.1445,0.2007,1.2097,239,7.5086
01139000,aifs,8,-0.2357,0.1631,0.2679,1.3528,239,6.8821
01139800,aifs,8,-0.1262,0.2114,0.2699,1.0845,239,7.3448
01142500,aifs,8,-0.2024,0.2442,0.3223,1.3017,239,6.3227
01144000,aifs,8,-0.1325,0.2692,0.3113,1.1191,239,6.6056
01169000,aifs,8,-0.0244,0.2873,0.3445,1.0341,239,7.0365
01170100,aifs,8,-0.0206,0.3033,0.3573,1.0732,239,6.8470
01181000,aifs,8,-0.0283,0.2076,0.3029,0.8752,239,7.6718
01187300,aifs,8,-0.1320,0.2284,0.2765,0.9759,239,7.0402
01195100,aifs,8,-0.0260,0.0921,0.2705,0.6865,239,9.7408
01333000,aifs,8,-0.0542,0.2225,0.2998,1.0988,239,7.1663
01350000,aifs,8,-0.0141,-0.0289,0.1859,0.8198,239,10.1796
01350080,aifs,8,-0.0482,0.0691,0.2099,0.9331,239,8.0851
01350140,aifs,8,-0.0408,0.0880,0.2265,0.9017,239,7.6362
01365000,aifs,8,-0.0054,0.0910,0.2478,0.8883,239,8.4352
01411300,aifs,8,-0.0562,-0.1113,0.1361,0.6642,239,11.0961
01413500,aifs,8,-0.0168,-0.0218,0.1966,0.7690,239,9.6328
01414500,aifs,8,-0.0139,-0.0198,0.1903,0.8263,239,10.2419
01415000,aifs,8,-0.0106,0.0742,0.2422,0.8358,239,7.9070
01423000,aifs,8,0.0017,0.0873,0.2616,0.8015,239,7.7729
01434025,aifs,8,0.0277,0.0015,0.2454,0.7484,239,10.5751
01435000,aifs,8,0.0168,0.0212,0.2382,0.7941,239,10.0134
01439500,aifs,8,-0.0078,0.0393,0.2564,0.6792,239,7.6543
01440000,aifs,8,-0.0036,0.0269,0.2503,0.6819,239,8.0857
01440400,aifs,8,-0.0057,-0.0129,0.2505,0.6138,239,8.4493
01451800,aifs,8,0.0245,0.1635,0.3201,0.7606,239,6.7525
01466500,aifs,8,-0.0876,0.1005,0.2315,0.7688,239,7.4977
01484100,aifs,8,0.0300,0.1602,0.3057,0.8503,239,7.6740
01485500,aifs,8,0.0015,0.0425,0.2453,0.7441,239,9.3946
01486000,aifs,8,0.0129,0.0615,0.2565,0.7750,239,9.5968
01487000,aifs,8,0.0808,0.1773,0.3418,0.8625,239,7.9090
01491000,aifs,8,-0.0852,0.2241,0.2871,0.9616,239,6.4557
01510000,aifs,8,-0.0026,0.2315,0.3241,0.9001,239,7.2942
01516500,aifs,8,0.0267,0.1498,0.3163,0.7610,239,5.7180
01518862,aifs,8,0.0434,0.1775,0.3385,0.7618,239,5.9816
01532000,aifs,8,0.0354,0.0754,0.2856,0.7537,239,6.8467
01539000,aifs,8,0.0533,0.1030,0.3219,0.7059,239,7.0584
01542810,aifs,8,-0.0182,0.1936,0.3095,0.8082,239,6.6535
01543000,aifs,8,-0.0157,0.2258,0.3289,0.8108,239,6.4087
01543500,aifs,8,0.0467,0.2180,0.3590,0.7721,239,6.6804
01544500,aifs,8,-0.0070,0.1629,0.3002,0.7908,239,6.3441
01545600,aifs,8,0.0017,0.1609,0.2979,0.8176,239,6.4630
01547700,aifs,8,-0.0140,-0.1185,0.1681,0.6595,239,10.8173
01548500,aifs,8,0.0018,0.1756,0.3134,0.7815,239,5.8984
01549500,aifs,8,-0.0046,0.1069,0.2697,0.7939,239,6.5865
01550000,aifs,8,0.0031,0.0520,0.2503,0.7647,239,7.3143
01552000,aifs,8,0.0221,0.0102,0.2534,0.7148,239,8.2686
01552500,aifs,8,0.0430,0.1108,0.3121,0.7352,239,6.8581
01557500,aifs,8,-0.0443,-0.0888,0.1816,0.6137,239,9.6558
01567500,aifs,8,0.0236,0.0138,0.2722,0.6485,239,7.7049
01568000,aifs,8,0.0228,0.0665,0.2964,0.6573,239,6.8213
01580000,aifs,8,0.0172,0.1959,0.3336,0.7617,239,6.1742
01583500,aifs,8,-0.0563,0.1596,0.2715,0.8177,239,6.3584
01586610,aifs,8,-0.0570,0.1307,0.2574,0.7970,239,6.4365
01591400,aifs,8,0.0621,0.0761,0.3293,0.6399,239,7.8783
01596500,aifs,8,-0.0685,0.0405,0.1937,0.8268,239,7.5670
01605500,aifs,8,-0.1435,0.0770,0.1830,0.8485,239,7.1330
01606500,aifs,8,-0.1310,0.1155,0.2115,0.8602,239,6.5910
01613050,aifs,8,-0.0441,0.0304,0.2329,0.6759,239,6.7599
01620500,aifs,8,-0.3054,0.0859,0.1364,0.9461,239,6.4710
01632000,aifs,8,-0.0883,0.0096,0.2228,0.6039,239,7.3530
01632900,aifs,8,-0.1623,-0.0200,0.1583,0.6326,239,7.4114
01634500,aifs,8,-0.0529,0.0204,0.2300,0.6440,239,7.1228
01638480,aifs,8,-0.0308,0.0471,0.2486,0.6717,239,6.9881
01639500,aifs,8,-0.0335,0.1418,0.2767,0.7818,239,6.2566
01644000,aifs,8,-0.0593,0.0761,0.2545,0.6673,239,6.6147
01658500,aifs,8,-0.1245,0.0489,0.2000,0.6987,239,7.6991
01664000,aifs,8,-0.1484,0.0107,0.1888,0.6248,239,7.3246
01666500,aifs,8,-0.1804,0.0297,0.1814,0.6532,239,7.4619
01667500,aifs,8,-0.2088,0.0602,0.1859,0.6821,239,7.2080
01669000,aifs,8,-0.1865,0.0886,0.1716,0.8957,239,8.8506
01669520,aifs,8,-0.2328,0.0585,0.1358,0.9142,239,8.9598
02011400,aifs,8,-0.2504,0.1366,0.1865,0.9298,239,6.6788
02011460,aifs,8,-0.2147,0.1207,0.1818,0.9695,239,7.0052
02013000,aifs,8,-0.2082,0.1667,0.2206,0.8942,239,6.9151
02014000,aifs,8,-0.3581,0.1664,0.1891,0.9400,239,6.5605
02015700,aifs,8,-0.2517,0.0819,0.1447,0.9835,239,6.8971
02016000,aifs,8,-0.3131,0.1679,0.1953,0.9943,239,6.2059
02017500,aifs,8,-0.5313,0.1732,0.1776,1.0459,239,6.1640
02018000,aifs,8,-0.6335,0.1640,0.1679,1.0783,239,6.0858
02027000,aifs,8,-0.5115,0.1704,0.1833,1.1216,239,6.4276
02027500,aifs,8,-0.4423,0.1714,0.1842,1.0709,239,6.5165
02028500,aifs,8,-0.4044,0.1302,0.1611,0.8653,239,6.7314
02038850,aifs,8,-0.4307,0.1155,0.1398,0.9208,239,7.0831
02046000,aifs,8,-0.4137,0.0644,0.1016,0.9178,239,8.1755
02051000,aifs,8,-0.3480,0.0435,0.0983,0.9051,239,8.5289
02051500,aifs,8,-0.5200,0.0365,0.0610,0.9882,239,8.1847
02053200,aifs,8,-0.3295,0.1785,0.2035,1.0711,239,8.3987
02053800,aifs,8,-0.4490,0.1767,0.1890,0.9183,239,6.4460
02055100,aifs,8,-0.6685,0.1125,0.1731,1.3221,239,6.1931
02056900,aifs,8,-0.3527,0.1842,0.2062,0.9118,239,6.9097
02059500,aifs,8,-0.6351,0.2007,0.2035,1.0611,239,5.9624
02064000,aifs,8,-0.6881,0.1326,0.1599,1.2159,239,6.4641
02065500,aifs,8,-0.6638,0.1033,0.1145,1.1256,239,6.8162
02069700,aifs,8,-0.2924,0.1271,0.1721,0.9104,239,8.0333
02070000,aifs,8,-0.3660,0.0874,0.1303,0.8883,239,8.1624
02074500,aifs,8,-0.3872,0.0180,0.0721,1.1094,239,8.7764
02077200,aifs,8,-0.6434,0.1359,0.1556,1.1806,239,7.1026
02081500,aifs,8,-0.5625,0.0908,0.1109,1.1362,239,7.9424
02082950,aifs,8,-0.6983,0.1183,0.1884,1.3427,239,7.1135
02092500,aifs,8,-0.5584,0.1383,0.2480,1.4206,239,7.8353
02096846,aifs,8,-0.3291,-0.0548,0.0248,1.0263,239,10.3902
02102908,aifs,8,-0.1660,0.1585,0.2222,1.0665,239,8.9573
02108000,aifs,8,-0.3849,0.2189,0.2721,1.2765,239,7.6193
02111180,aifs,8,-0.1174,0.1949,0.2641,0.8870,239,7.8815
02111500,aifs,8,-0.2100,0.1681,0.2191,0.9164,239,8.0520
02118500,aifs,8,-0.4425,0.1800,0.1894,1.0316,239,7.5024
02128000,aifs,8,-0.3471,0.1654,0.1922,1.0907,239,7.6632
02137727,aifs,8,-0.1002,0.1282,0.2283,0.8734,239,8.7706
02140991,aifs,8,-0.1228,0.2457,0.2915,0.9470,239,7.6195
02143000,aifs,8,-0.2477,0.1952,0.2275,0.9882,239,7.8955
02143040,aifs,8,-0.1724,0.2440,0.2777,0.9870,239,7.5993
02149000,aifs,8,-0.0469,0.0791,0.2293,0.8052,239,10.2366
02152100,aifs,8,-0.2269,0.2443,0.2680,1.0283,239,7.4355
02177000,aifs,8,-0.0504,0.1967,0.2813,1.0020,239,9.2163
02178400,aifs,8,-0.1931,0.1794,0.2277,0.9961,239,8.3244
02193340,aifs,8,-0.1632,0.1551,0.2591,1.2985,239,7.8416
02196000,aifs,8,0.0331,0.2462,0.3458,1.0935,239,7.8372
02198100,aifs,8,0.0147,0.0916,0.2593,0.8946,239,10.3852
02202600,aifs,8,-0.2408,0.2083,0.2980,1.3342,239,6.6885
02212600,aifs,8,-0.1923,0.0757,0.1585,1.0684,239,9.3276
02215100,aifs,8,-0.0638,0.1090,0.2253,0.9484,239,8.7317
02216180,aifs,8,0.0498,0.1182,0.2930,0.9135,239,9.7200
02221525,aifs,8,-0.1775,0.1617,0.2263,1.1231,239,8.2502
02231000,aifs,8,0.0453,0.2901,0.3710,0.9560,239,6.5485
02231342,aifs,8,-0.1331,0.1790,0.2473,1.0925,239,7.1909
02235200,aifs,8,0.0369,0.3201,0.3832,0.9825,239,6.8129
02245500,aifs,8,-0.0522,0.2506,0.3213,1.1294,239,6.5385
02246000,aifs,8,-0.0912,0.2798,0.3224,1.0582,239,6.1311
02296500,aifs,8,-0.1378,0.2553,0.2951,0.9388,239,6.5042
02297155,aifs,8,-0.1790,0.0748,0.1632,0.9152,239,9.0214
02297310,aifs,8,-0.1973,0.0902,0.1754,0.8502,239,8.5590
02298123,aifs,8,-0.2101,0.0880,0.1615,0.9392,239,7.8925
02298608,aifs,8,-0.2032,0.0516,0.1481,0.8403,239,9.2772
02299950,aifs,8,-0.2536,0.0844,0.1464,0.9639,239,8.8143
02300700,aifs,8,-0.1527,0.0680,0.1641,0.9902,239,10.0444
02310947,aifs,8,-0.0993,0.1917,0.2622,1.0353,239,8.0817
02312200,aifs,8,-0.0171,0.1685,0.2788,1.0182,239,9.1694
02314500,aifs,8,0.0701,0.2471,0.3622,0.9277,239,7.4662
02315500,aifs,8,0.0496,0.2766,0.3673,0.9279,239,6.8942
02324400,aifs,8,0.1032,0.1662,0.3526,0.8794,239,9.8870
02327100,aifs,8,-0.1015,0.1776,0.2522,0.9787,239,9.2921
02349900,aifs,8,0.0258,0.1158,0.2819,0.8547,239,9.3302
02350900,aifs,8,-0.0376,0.2101,0.2946,0.9606,239,7.5831
02361000,aifs,8,-0.0654,0.2288,0.2955,1.0095,239,7.3442
02363000,aifs,8,-0.0196,0.1977,0.2938,1.0055,239,7.9373
02369800,aifs,8,0.0732,0.0635,0.3084,0.7544,239,12.4279
02371500,aifs,8,-0.0288,0.0905,0.2309,0.9515,239,9.4657
02372250,aifs,8,-0.0152,0.1086,0.2527,0.8813,239,9.2001
02374500,aifs,8,-0.0413,0.0603,0.2160,0.8463,239,10.2268
02381600,aifs,8,-0.1423,0.0362,0.1492,0.9245,239,10.7620
02384540,aifs,8,-0.2094,0.0896,0.1620,0.9561,239,9.6457
02395120,aifs,8,-0.2010,0.1516,0.2287,1.2205,239,8.2150
02408540,aifs,8,-0.0432,0.1540,0.2593,0.9797,239,9.6679
02415000,aifs,8,0.0227,0.1515,0.2939,0.8926,239,10.0742
02422500,aifs,8,-0.1463,0.1646,0.2350,1.1070,239,9.3698
02427250,aifs,8,-0.0344,0.2249,0.3037,1.0120,239,7.8021
02430085,aifs,8,-0.4089,0.1353,0.1818,1.2300,239,10.2440
02450250,aifs,8,-0.2691,0.1788,0.2113,1.0058,239,10.8800
02464000,aifs,8,-0.1823,0.1464,0.2095,1.0646,239,12.2198
02465493,aifs,8,-0.2068,0.2310,0.2749,1.1621,239,9.3797
02469800,aifs,8,-0.0198,0.1708,0.2814,0.9193,239,9.1512
02472000,aifs,8,0.0722,0.2703,0.3758,0.9006,239,10.0749
02472500,aifs,8,0.0563,0.1423,0.3203,0.7977,239,11.0843
02479155,aifs,8,0.0921,0.0896,0.3267,0.7998,239,12.5766
02479300,aifs,8,0.0778,-0.0279,0.3034,0.6663,239,16.8206
02481000,aifs,8,0.0708,-0.0806,0.2997,0.6030,239,20.2850
02481510,aifs,8,0.1121,0.0048,0.3707,0.6153,239,16.3016
03010655,aifs,8,0.0463,0.2007,0.3480,0.7790,239,6.4555
03011800,aifs,8,0.0268,0.1881,0.3270,0.8021,239,7.6295
03015500,aifs,8,0.0381,0.3974,0.4290,0.9648,239,6.3217
03021350,aifs,8,0.1266,0.3493,0.4388,0.8926,239,7.0182
03026500,aifs,8,0.0544,0.2310,0.3612,0.8080,239,7.0648
03028000,aifs,8,0.0381,0.2272,0.3490,0.8233,239,7.3653
03049800,aifs,8,-0.0105,0.0800,0.2516,0.7958,239,8.9000
03050000,aifs,8,0.0005,0.1069,0.2638,0.8525,239,9.2232
03066000,aifs,8,-0.0195,0.0513,0.2341,0.7830,239,8.2924
03069500,aifs,8,-0.0351,0.1073,0.2467,0.8476,239,7.8521
03070500,aifs,8,-0.0612,0.1620,0.2639,0.8770,239,7.8678
03076600,aifs,8,-0.0475,0.0047,0.1955,0.7620,239,9.1946
03078000,aifs,8,-0.0445,0.0161,0.1915,0.8285,239,9.0626
03140000,aifs,8,-0.0829,0.1581,0.2577,0.8408,239,7.4024
03144000,aifs,8,-0.0532,0.0576,0.2375,0.6999,239,8.9602
03159540,aifs,8,-0.0529,0.0052,0.1980,0.7322,239,9.5375
03161000,aifs,8,-0.2078,0.1780,0.2259,0.9275,239,7.4812
03164000,aifs,8,-0.3320,0.1615,0.1909,0.9160,239,6.8852
03165000,aifs,8,-0.1794,0.1441,0.2186,0.8402,239,7.7355
03170000,aifs,8,-0.3873,0.1780,0.1984,0.8973,239,6.5761
03173000,aifs,8,-0.4512,0.1836,0.1940,0.9276,239,5.9971
03180500,aifs,8,-0.1321,0.1392,0.2176,1.0011,239,7.2412
03182500,aifs,8,-0.2109,0.1531,0.2051,1.0090,239,6.8201
03186500,aifs,8,-0.1314,0.1294,0.2194,0.8709,239,7.8883
03187500,aifs,8,-0.1369,0.1408,0.2223,0.8961,239,7.8234
03213700,aifs,8,-0.2725,0.1340,0.1779,0.9728,239,7.9619
03237280,aifs,8,-0.1570,0.0711,0.1700,0.8878,239,8.3769
03237500,aifs,8,-0.1546,0.0690,0.1733,0.8534,239,8.4548
03241500,aifs,8,-0.0925,0.0112,0.1827,0.7221,239,10.4140
03280700,aifs,8,-0.3513,0.1278,0.1598,1.0569,239,8.4090
03281100,aifs,8,-0.3155,0.1967,0.2181,1.0395,239,7.9479
03281500,aifs,8,-0.3101,0.2010,0.2221,1.0375,239,7.6739
03285000,aifs,8,-0.1152,0.1173,0.2111,0.9322,239,9.4605
03291780,aifs,8,-0.0188,0.1039,0.2563,0.8103,239,10.4076
03300400,aifs,8,-0.0396,0.1085,0.2466,0.8295,239,9.8462
03340800,aifs,8,-0.0358,0.0692,0.2327,0.7821,239,10.5392
03346000,aifs,8,-0.0170,0.1993,0.3031,0.8688,239,8.8136
03364500,aifs,8,-0.0001,-0.0125,0.2346,0.6572,239,13.2220
03366500,aifs,8,-0.0356,0.1047,0.2486,0.8104,239,10.3033
03368000,aifs,8,-0.0153,-0.0278,0.2236,0.6338,239,13.1382
03384450,aifs,8,-0.2077,0.1422,0.1984,0.9778,239,10.4501
03439000,aifs,8,-0.0690,0.2165,0.2902,0.9151,239,8.2335
03450000,aifs,8,-0.1112,0.2185,0.2771,0.9391,239,6.9136
03455500,aifs,8,-0.2157,0.1754,0.2237,0.9106,239,7.9654
03456500,aifs,8,-0.1855,0.1757,0.2377,0.8535,239,7.3690
03460000,aifs,8,-0.1188,0.1904,0.2617,0.8821,239,7.6046
03463300,aifs,8,-0.0454,0.1623,0.2828,0.7927,239,8.1614
03471500,aifs,8,-0.3148,0.1316,0.1699,0.9292,239,6.9844
03473000,aifs,8,-0.2774,0.1357,0.1816,0.9109,239,7.1250
03479000,aifs,8,-0.2519,0.2448,0.2649,0.9594,239,6.7190
03488000,aifs,8,-0.3100,0.1447,0.1793,0.9547,239,7.0744
03498500,aifs,8,-0.2249,0.1228,0.1852,0.8977,239,8.4951
03500000,aifs,8,-0.2785,0.1530,0.1924,1.0657,239,8.3631
03504000,aifs,8,-0.1690,0.0892,0.1831,0.8494,239,9.4487
03574500,aifs,8,-0.1382,0.2379,0.2824,1.0514,239,9.9121
03604000,aifs,8,0.0152,0.2468,0.3404,0.8885,239,9.6645
04015330,aifs,8,0.0348,0.3137,0.3788,0.9895,239,6.4056
04024430,aifs,8,-0.0708,0.3819,0.4062,1.1311,239,5.2067
04027000,aifs,8,-0.4936,0.1744,0.2607,1.3675,239,5.5485
04040500,aifs,8,-0.4716,0.0301,0.0624,0.9913,239,6.4651
04043050,aifs,8,-0.4786,0.0978,0.1165,1.0165,239,5.9247
04045500,aifs,8,-0.3063,0.1313,0.1688,1.0003,239,5.8370
04056500,aifs,8,-0.4105,0.1038,0.1306,1.0268,239,5.6587
04057510,aifs,8,-0.2474,0.0766,0.1453,0.9114,239,6.2437
04057800,aifs,8,-0.4454,0.0006,0.0442,0.9490,239,6.4798
04059500,aifs,8,-0.1783,0.1800,0.2333,0.9427,239,5.6357
04063700,aifs,8,-0.1392,0.2564,0.3010,1.1220,239,5.0877
04074950,aifs,8,-0.0872,0.2240,0.2873,0.9412,239,5.4899
04105700,aifs,8,-0.0480,0.1400,0.2568,0.8640,239,7.3784
04115265,aifs,8,-0.0126,0.1464,0.2769,0.8565,239,7.2342
04122200,aifs,8,-0.0524,0.1661,0.2724,0.8474,239,7.3916
04122500,aifs,8,-0.0928,0.1871,0.2720,0.8423,239,7.0873
04124000,aifs,8,0.1715,0.1401,0.4500,0.6086,239,7.8436
04127997,aifs,8,0.1262,0.1372,0.4010,0.6423,239,7.2520
04185000,aifs,8,0.0402,0.2457,0.3605,0.8144,239,6.4442
04196800,aifs,8,-0.0524,0.2241,0.3073,0.8515,239,7.2494
04197100,aifs,8,-0.0475,0.1373,0.2566,0.8539,239,8.0932
04197170,aifs,8,-0.0451,0.2014,0.2898,0.9078,239,7.3160
04213000,aifs,8,-0.0015,0.3437,0.3848,1.0055,239,6.4067
04213075,aifs,8,0.0327,0.2829,0.3613,0.9914,239,7.0798
04216418,aifs,8,0.0068,0.1589,0.3140,0.7488,239,7.3873
04221000,aifs,8,0.0510,0.2105,0.3501,0.8046,239,6.0388
04224775,aifs,8,0.0454,0.1825,0.3289,0.8300,239,6.7298
04256000,aifs,8,0.0219,0.4255,0.4511,1.1109,239,5.9084
04296000,aifs,8,-0.2953,0.1740,0.2663,1.3469,239,7.1064
05057000,aifs,8,-0.1047,0.3058,0.3497,1.1655,239,3.9270
05057200,aifs,8,-0.2664,0.2654,0.3032,1.2084,239,3.8771
05062500,aifs,8,-0.0785,0.2486,0.3063,1.0715,239,4.5714
05087500,aifs,8,0.0255,0.2653,0.3503,1.0550,239,5.2518
05120500,aifs,8,0.0801,0.3247,0.4070,1.1119,239,3.8583
05123400,aifs,8,0.1317,0.3224,0.4240,1.0059,239,4.6866
05129115,aifs,8,-0.4449,0.1878,0.2819,1.3792,239,5.3154
05131500,aifs,8,-0.5700,0.1676,0.2507,1.3612,239,5.2076
05291000,aifs,8,-0.1220,-0.0355,0.1086,0.9657,239,7.2714
05362000,aifs,8,-0.2750,0.2375,0.2656,1.1403,239,5.8094
05393500,aifs,8,-0.1729,0.2194,0.2618,1.0573,239,6.1024
05399500,aifs,8,0.0159,0.1812,0.3123,0.8280,239,7.0399
05408000,aifs,8,-0.0129,0.0397,0.2350,0.7442,239,9.0603
05412500,aifs,8,-0.1236,0.1367,0.2320,0.8253,239,8.0214
05413500,aifs,8,-0.0123,0.1296,0.2758,0.7962,239,8.6735
05414000,aifs,8,0.0170,0.1600,0.3010,0.8334,239,8.3752
05444000,aifs,8,-0.0134,0.2764,0.3413,1.0247,239,7.2812
05454000,aifs,8,0.0199,0.1475,0.2997,0.8085,239,8.5658
05458000,aifs,8,-0.2113,0.0594,0.1506,0.8375,239,8.6889
05466500,aifs,8,0.2078,0.1890,0.4717,0.6895,239,9.3937
05487980,aifs,8,-0.0279,0.0079,0.2134,0.7215,239,9.1218
05488200,aifs,8,0.0050,-0.0503,0.2107,0.6883,239,10.8895
05489000,aifs,8,-0.0110,-0.0286,0.2117,0.6849,239,10.1699
05495000,aifs,8,0.0774,0.2535,0.3772,0.8356,239,7.0944
05495500,aifs,8,0.1183,0.2070,0.3884,0.7774,239,8.3225
05501000,aifs,8,0.0450,0.0908,0.2935,0.7615,239,9.8180
05503800,aifs,8,0.0851,0.2689,0.3826,0.8836,239,7.5519
05507600,aifs,8,-0.0024,0.3201,0.3711,0.9582,239,6.5899
05508805,aifs,8,-0.0204,0.3009,0.3567,0.9169,239,6.5429
05514500,aifs,8,0.0519,0.3109,0.3895,0.8850,239,6.9172
05525500,aifs,8,0.1643,0.2814,0.4330,0.8757,239,7.4589
05556500,aifs,8,0.0790,0.1952,0.3567,0.7985,239,8.6491
05584500,aifs,8,0.1620,0.1373,0.4129,0.7276,239,10.4163
05585000,aifs,8,0.1704,0.1789,0.4238,0.7565,239,9.4715
05591550,aifs,8,0.0925,0.1999,0.3604,0.8474,239,8.6744
05592050,aifs,8,0.0843,0.2788,0.3821,0.9638,239,7.2925
05592575,aifs,8,0.0048,0.1354,0.2906,0.7790,239,9.6924
05593575,aifs,8,-0.0721,0.2300,0.2948,0.9607,239,8.5285
05593900,aifs,8,0.0963,0.2182,0.3728,0.8259,239,8.3769
05595730,aifs,8,-0.1382,0.2387,0.2816,0.9949,239,8.3573
06037500,aifs,8,0.1568,0.4443,0.5263,1.2488,239,3.5839
06043500,aifs,8,0.1512,0.4826,0.5577,1.2600,239,3.5036
06154410,aifs,8,0.1526,0.1543,0.4145,0.6551,239,4.4676
06188000,aifs,8,-0.1594,0.3587,0.4990,1.3891,239,3.2439
06191500,aifs,8,-0.0702,0.3840,0.5273,1.3885,239,3.1580
06221400,aifs,8,-0.1152,0.3371,0.4591,1.3831,239,3.0934
06224000,aifs,8,-0.1057,0.3161,0.4333,1.3789,239,3.2557
06289000,aifs,8,-0.6597,0.1570,0.3624,1.5083,239,3.6798
06332515,aifs,8,-0.0507,0.2371,0.3087,1.0890,239,3.3844
06339100,aifs,8,-0.2473,0.1940,0.2337,1.1207,239,2.9245
06339500,aifs,8,0.0448,0.2681,0.3585,0.9871,239,3.0356
06344600,aifs,8,-0.0515,0.1054,0.2311,0.9021,239,3.5353
06350000,aifs,8,0.0686,0.2614,0.3732,0.8643,239,2.8003
06352000,aifs,8,-0.0576,0.2981,0.3414,0.9774,239,2.5638
06353000,aifs,8,0.0156,0.2956,0.3622,0.9758,239,2.6537
06354000,aifs,8,0.1044,0.2896,0.3988,0.9200,239,2.7569
06360500,aifs,8,-0.2461,0.3287,0.3368,1.0812,239,2.8276
06404000,aifs,8,-0.2539,0.2447,0.3315,1.3418,239,3.7407
06406000,aifs,8,-0.3191,0.2537,0.3195,1.3030,239,3.5144
06408700,aifs,8,-0.6220,0.1367,0.1857,1.2864,239,3.6998
06409000,aifs,8,-0.5491,0.1749,0.2378,1.3159,239,3.5623
06431500,aifs,8,-0.4799,0.1507,0.1914,1.2405,239,3.9478
06440200,aifs,8,-0.0385,0.1971,0.2945,0.8555,239,4.3439
06441500,aifs,8,-0.2418,0.2529,0.2803,0.8740,239,3.8948
06447000,aifs,8,-0.0194,0.2230,0.3121,0.9036,239,3.4337
06447500,aifs,8,-0.1169,0.0991,0.2015,0.8941,239,4.2008
06450500,aifs,8,-0.1210,0.0837,0.2023,0.7964,239,4.8835
06452000,aifs,8,-0.1202,0.1921,0.2636,0.8665,239,3.8472
06453600,aifs,8,-0.1149,0.1266,0.2235,0.8572,239,5.6809
06464500,aifs,8,0.0010,0.0778,0.2622,0.7441,239,6.1841
06477500,aifs,8,-0.2356,0.1968,0.2311,0.9821,239,5.5640
06479215,aifs,8,-0.1151,-0.0325,0.1134,0.9878,239,7.4098
06479438,aifs,8,-0.1228,0.0054,0.1347,1.0225,239,6.9053
06601000,aifs,8,-0.1737,0.0097,0.1192,0.9340,239,8.1198
06614800,aifs,8,0.2336,0.2813,0.4895,0.8433,239,4.7088
06622700,aifs,8,0.0793,0.4080,0.4467,1.0373,239,3.4244
06623800,aifs,8,-0.0042,0.4166,0.4409,1.1189,239,3.8425
06632400,aifs,8,0.2012,0.4247,0.5020,1.0829,239,3.4703
06784000,aifs,8,0.0860,0.1891,0.3564,0.8086,239,5.2511
06803510,aifs,8,-0.1050,-0.0694,0.1066,0.8132,239,8.6813
06803530,aifs,8,-0.1100,0.0194,0.1537,0.8893,239,7.4665
06814000,aifs,8,-0.1421,0.0974,0.1888,0.9334,239,8.1565
06846500,aifs,8,0.0765,0.3223,0.4027,0.9071,239,4.0098
06847900,aifs,8,0.0899,0.2062,0.3599,0.8556,239,4.8435
06853800,aifs,8,-0.1285,0.1459,0.2231,1.0115,239,5.7191
06876700,aifs,8,0.0554,-0.0262,0.2668,0.6862,239,9.6613
06878000,aifs,8,-0.0837,0.0211,0.1693,0.8605,239,8.3528
06879650,aifs,8,-0.0697,0.0317,0.2004,0.7430,239,9.9694
06885500,aifs,8,0.0290,0.1468,0.3051,0.7980,239,8.7107
06888500,aifs,8,-0.1370,-0.0099,0.1321,0.8099,239,10.7101
06889200,aifs,8,-0.1533,0.0551,0.1625,0.8650,239,9.7398
06889500,aifs,8,-0.1740,0.0731,0.1658,0.8847,239,9.4955
06892000,aifs,8,-0.1895,0.0522,0.1512,0.8427,239,10.1265
06903400,aifs,8,-0.0407,-0.0172,0.1909,0.7217,239,9.6623
06906800,aifs,8,0.0435,0.0958,0.3305,0.6155,239,10.7426
06910800,aifs,8,-0.2334,0.0154,0.1121,0.8418,239,10.5973
06911900,aifs,8,-0.2493,-0.0266,0.0822,0.8052,239,11.2642
06917000,aifs,8,0.0152,0.1079,0.3013,0.6795,239,10.8969
06918460,aifs,8,0.0239,0.1105,0.2931,0.7476,239,9.8950
06919500,aifs,8,0.0892,0.2215,0.3802,0.7592,239,9.0889
06921070,aifs,8,0.0152,0.0261,0.2709,0.6375,239,11.3251
06921200,aifs,8,0.0472,0.0514,0.2963,0.6668,239,11.8272
06934000,aifs,8,-0.0605,0.1457,0.2599,0.8255,239,8.9491
07014500,aifs,8,-0.0537,-0.0199,0.1832,0.7146,239,11.9372
07056000,aifs,8,-0.1282,0.1304,0.2149,0.9361,239,9.4836
07057500,aifs,8,-0.1635,0.1727,0.2306,0.9872,239,9.0134
07060710,aifs,8,-0.0449,0.2073,0.2905,1.0481,239,9.6263
07066000,aifs,8,-0.2124,0.1407,0.1960,1.0013,239,9.1481
07067000,aifs,8,-0.2490,0.1950,0.2275,1.0315,239,8.2135
07068000,aifs,8,-0.2919,0.2301,0.2509,1.0869,239,7.8481
07071500,aifs,8,-0.2981,0.2116,0.2356,1.0896,239,8.4623
07083000,aifs,8,-0.2394,0.2541,0.3620,1.3823,239,3.2197
07142300,aifs,8,-0.0300,0.1620,0.2694,1.0055,239,5.3168
07145700,aifs,8,-0.0340,-0.0523,0.1605,0.7944,239,11.8231
07148400,aifs,8,-0.0900,0.2951,0.3395,1.1293,239,4.6570
07149000,aifs,8,-0.2268,0.2517,0.2908,1.1813,239,4.6849
07151500,aifs,8,-0.0690,0.0784,0.2048,0.9448,239,8.1359
07167500,aifs,8,0.0170,0.2323,0.3291,0.9476,239,7.8304
07180500,aifs,8,-0.0912,0.1261,0.2256,0.9263,239,8.4132
07184000,aifs,8,0.0681,0.0559,0.3013,0.7256,239,12.5804
07195800,aifs,8,0.0208,0.0698,0.2563,0.8462,239,10.8906
07196900,aifs,8,-0.0826,0.1094,0.2167,0.9802,239,10.1506
07197000,aifs,8,-0.0634,0.1351,0.2424,0.9184,239,9.6867
07208500,aifs,8,0.1857,0.4358,0.4979,1.0445,239,2.3466
07226500,aifs,8,-0.0833,0.2341,0.2941,0.9588,239,2.5625
07261000,aifs,8,-0.1498,0.2515,0.2917,1.0892,239,9.2630
07263295,aifs,8,0.1003,0.3568,0.4297,1.0949,239,8.7023
07290650,aifs,8,0.1051,0.4190,0.4612,1.0519,239,9.0960
07291000,aifs,8,0.1155,0.3788,0.4425,1.0006,239,9.1558
07292500,aifs,8,0.1539,0.3824,0.4604,0.9695,239,9.0245
07295000,aifs,8,0.3210,0.4185,0.5686,0.9541,239,9.1206
07299670,aifs,8,-0.3352,0.0803,0.1277,1.0816,239,5.2799
07301410,aifs,8,-0.0830,0.0369,0.1726,1.0358,239,5.8186
07301500,aifs,8,-0.3598,0.1899,0.2432,1.2651,239,3.7840
07315200,aifs,8,0.0522,0.1964,0.3330,0.8698,239,6.5806
07315700,aifs,8,-0.1731,0.1880,0.2490,1.1524,239,6.4489
07335700,aifs,8,-0.0650,0.0570,0.2090,0.7935,239,11.3242
07340300,aifs,8,-0.0861,0.2874,0.3269,0.9984,239,8.6588
07346045,aifs,8,-0.2368,0.3006,0.3231,1.1479,239,8.0535
07359610,aifs,8,0.1075,0.3317,0.4212,0.8969,239,8.7545
07362100,aifs,8,-0.1801,0.3128,0.3826,1.2962,239,7.7029
07362587,aifs,8,0.1210,0.3044,0.4123,0.9411,239,9.6276
07373000,aifs,8,-0.0515,0.3699,0.4117,1.1889,239,9.3505
07375000,aifs,8,0.1588,0.1557,0.4037,0.8385,239,12.5042
07376000,aifs,8,0.1829,0.2331,0.4345,0.8824,239,10.7978
08013000,aifs,8,0.0654,0.3863,0.4325,1.0781,239,9.8599
08014500,aifs,8,0.1346,0.4699,0.4988,1.0543,239,9.2154
08023080,aifs,8,-0.3221,0.1879,0.2387,1.2393,239,10.6915
08025500,aifs,8,0.1126,0.3563,0.4327,1.0732,239,10.3747
08029500,aifs,8,-0.0983,0.2233,0.2821,1.0095,239,12.1047
08050800,aifs,8,0.0696,0.1249,0.3184,0.8086,239,9.2285
08066200,aifs,8,-0.1399,0.0834,0.1836,0.8878,239,14.7085
08066300,aifs,8,-0.0405,0.0274,0.1917,0.9009,239,18.1146
08070000,aifs,8,-0.2721,0.2825,0.3046,1.1495,239,10.2475
08070200,aifs,8,-0.2280,0.2951,0.3143,1.1151,239,10.3027
08079600,aifs,8,-0.1693,0.2810,0.3312,1.2206,239,3.2658
08082700,aifs,8,-0.1522,0.0902,0.1849,1.1245,239,5.7005
08086212,aifs,8,0.0417,0.1786,0.3144,0.9313,239,6.0281
08086290,aifs,8,0.0364,0.1979,0.3198,0.9669,239,6.0167
08101000,aifs,8,-0.0563,0.2807,0.3472,1.1870,239,6.2995
08103900,aifs,8,0.0792,0.1759,0.3404,0.8597,239,8.9238
08104900,aifs,8,-0.0469,0.0444,0.2030,0.8461,239,10.7681
08109700,aifs,8,-0.1291,0.1176,0.2082,1.0962,239,11.2925
08150800,aifs,8,0.0983,0.0539,0.3327,0.7012,239,10.1122
08155200,aifs,8,-0.1742,0.1437,0.2181,1.1537,239,8.9843
08158700,aifs,8,-0.2096,0.1639,0.2252,1.1648,239,8.5653
08158810,aifs,8,-0.2282,0.1950,0.2414,1.1472,239,8.2103
08164000,aifs,8,-0.4289,0.2376,0.3006,1.3032,239,8.8742
08164300,aifs,8,0.0627,0.3771,0.4328,1.1390,239,9.3473
08164600,aifs,8,-0.2532,0.3139,0.3844,1.3028,239,8.3757
08165300,aifs,8,0.0974,0.1370,0.3389,0.8566,239,9.0761
08171300,aifs,8,-0.1439,0.1633,0.2349,1.1094,239,9.0234
08175000,aifs,8,-0.1625,0.2945,0.3246,1.1270,239,9.3956
08176900,aifs,8,-0.3874,0.2676,0.3500,1.3331,239,8.1326
08178880,aifs,8,0.0113,0.0649,0.2434,0.8965,239,10.6161
08189500,aifs,8,-0.2732,0.2629,0.3029,1.2188,239,8.3550
08190000,aifs,8,0.1229,0.0137,0.3614,0.6947,239,13.5384
08190500,aifs,8,0.1608,0.0664,0.4158,0.7237,239,12.6498
08194200,aifs,8,0.0875,0.1289,0.3357,0.7761,239,8.2775
08195000,aifs,8,0.1024,0.0409,0.3268,0.7683,239,12.3580
08196000,aifs,8,0.1054,0.0141,0.3302,0.7477,239,14.1256
08198500,aifs,8,0.0704,0.0445,0.2909,0.7888,239,12.1178
08200000,aifs,8,0.0173,0.0332,0.2350,0.8582,239,11.9880
08202700,aifs,8,0.0409,0.0222,0.2560,0.7883,239,12.6918
08267500,aifs,8,0.2642,0.2155,0.5333,0.6766,239,3.2604
08269000,aifs,8,0.2867,0.4003,0.5443,0.8806,239,2.3794
08271000,aifs,8,0.2701,0.1958,0.5480,0.6397,239,3.3812
08324000,aifs,8,0.1583,0.4354,0.4874,0.9533,239,2.1221
08377900,aifs,8,0.0826,0.2119,0.3618,0.8298,239,3.6280
08378500,aifs,8,0.1536,0.3393,0.4460,0.8997,239,3.0352
08380500,aifs,8,0.0753,0.2966,0.3915,0.8859,239,2.9659
09034900,aifs,8,0.0671,0.2773,0.3768,0.9057,239,3.8217
09035900,aifs,8,-0.0984,0.3577,0.3843,1.1339,239,3.0632
09047700,aifs,8,-0.0513,0.3800,0.4214,1.1935,239,2.8447
09065500,aifs,8,-0.1228,0.3450,0.3727,1.1441,239,3.1618
09066000,aifs,8,-0.2368,0.3230,0.4144,1.3385,239,2.8278
09066200,aifs,8,-0.1199,0.3204,0.3493,1.1101,239,3.3434
09066300,aifs,8,-0.1473,0.3222,0.3481,1.1248,239,3.2930
09081600,aifs,8,0.0731,0.3312,0.4176,1.1849,239,4.1940
09107000,aifs,8,-0.3728,0.0958,0.4281,1.6913,239,2.8898
09210500,aifs,8,-0.0835,0.3393,0.4308,1.3275,239,2.4264
09223000,aifs,8,-0.0414,0.3402,0.4274,1.3050,239,2.9321
09306242,aifs,8,-0.4503,0.1881,0.2096,1.1622,239,3.4051
09312600,aifs,8,-0.2190,0.2645,0.3249,1.2681,239,3.4255
09352900,aifs,8,0.4635,0.5557,0.6812,0.9529,239,3.2365
09378170,aifs,8,0.1438,0.1329,0.4164,0.5963,239,3.2299
09378630,aifs,8,0.1829,0.1328,0.4557,0.5739,239,3.3215
09386900,aifs,8,0.1309,0.3503,0.4358,0.9773,239,2.1226
09404450,aifs,8,0.1651,0.4527,0.5074,1.1408,239,2.6719
09430500,aifs,8,0.0025,0.3539,0.3983,0.8947,239,2.2852
09430600,aifs,8,0.0078,0.2793,0.3668,0.8134,239,2.8477
09447800,aifs,8,0.1937,0.5977,0.6050,1.0737,239,1.4743
09480000,aifs,8,0.2212,0.3005,0.4939,0.7287,239,3.0657
09484000,aifs,8,0.1118,0.3389,0.4268,0.8906,239,3.1500
09484600,aifs,8,0.2718,0.3741,0.5393,0.7699,239,2.6158
09492400,aifs,8,0.2309,0.2344,0.4985,0.6969,239,4.1647
09494000,aifs,8,0.2524,0.4046,0.5282,0.8407,239,2.9439
09497800,aifs,8,0.0910,0.4178,0.4597,0.9061,239,2.5335
09497980,aifs,8,0.2290,0.4069,0.5226,0.7915,239,2.7715
09505200,aifs,8,0.3437,0.5565,0.6127,1.0512,239,2.3377
09505350,aifs,8,0.3209,0.5234,0.5907,1.0304,239,2.4492
09505800,aifs,8,0.3559,0.5528,0.6165,1.0297,239,2.4981
09508300,aifs,8,0.1402,0.4017,0.4735,0.8502,239,2.7783
09510200,aifs,8,-0.0560,0.1936,0.2855,0.8576,239,3.0793
09512280,aifs,8,-0.2561,0.0929,0.1614,1.1561,239,2.9962
09513780,aifs,8,-0.2498,0.1658,0.2165,1.1561,239,2.6191
10023000,aifs,8,-0.1262,0.2742,0.3441,1.2590,239,3.8124
10166430,aifs,8,-0.1488,0.2956,0.3199,0.9616,239,3.8367
10172700,aifs,8,-0.3969,0.2581,0.2890,1.2109,239,3.2291
10172800,aifs,8,-0.0538,0.2533,0.3228,0.8633,239,3.7568
10173450,aifs,8,0.1830,0.4020,0.4825,0.9471,239,3.2890
10205030,aifs,8,0.1054,0.3786,0.4389,0.9745,239,2.8788
10234500,aifs,8,0.1992,0.4243,0.5000,0.9290,239,3.1393
10242000,aifs,8,0.2381,0.4027,0.5158,0.8695,239,3.3283
10244950,aifs,8,-0.5132,0.2077,0.2816,1.3316,239,3.5150
10249300,aifs,8,-0.7728,0.1317,0.2712,1.4364,239,3.0126
10258000,aifs,8,0.3788,0.3954,0.6223,0.9478,239,2.8057
10258500,aifs,8,0.3285,0.4114,0.5829,1.2652,239,1.4931
10259000,aifs,8,0.3346,0.3105,0.5922,0.8398,239,2.2526
10259200,aifs,8,0.3647,0.3474,0.6133,1.4303,239,1.5991
10263500,aifs,8,0.2672,0.2490,0.5200,0.6826,239,5.0651
10310500,aifs,8,-0.6105,-0.0255,0.6564,1.7068,239,4.6160
10316500,aifs,8,0.1051,0.2970,0.4110,0.8307,239,3.5177
10329500,aifs,8,0.1599,0.3068,0.4408,0.8464,239,3.0027
10336645,aifs,8,0.2821,0.5429,0.7140,1.3050,239,6.9656
10336660,aifs,8,0.4143,0.6628,0.7380,1.1896,239,6.8498
10343500,aifs,8,-0.0023,0.3699,0.6735,1.4184,239,5.4116
10348850,aifs,8,0.4573,0.5224,0.6789,0.7959,239,6.7181
10396000,aifs,8,0.1554,0.0702,0.4284,0.5460,239,3.0896
11098000,aifs,8,0.2770,0.2361,0.5303,0.6513,239,6.9526
11124500,aifs,8,0.1811,0.4195,0.4935,1.1197,239,6.2819
11141280,aifs,8,0.2209,0.5829,0.5982,1.1071,239,5.5721
11143000,aifs,8,0.2505,0.2305,0.5134,0.5799,239,8.7733
11148900,aifs,8,0.0107,0.5148,0.5379,1.1330,239,5.4399
11151300,aifs,8,-0.1950,0.3813,0.5114,1.3321,239,4.0927
11162500,aifs,8,0.2884,0.3663,0.5589,0.6672,239,5.3582
11176400,aifs,8,-0.0575,0.5003,0.5361,1.1396,239,3.4856
11180500,aifs,8,0.1772,0.5739,0.5752,0.9949,239,3.4630
11180960,aifs,8,0.2578,0.4599,0.5549,0.7939,239,3.9487
11224500,aifs,8,-0.3173,0.3351,0.4769,1.3517,239,3.7418
11253310,aifs,8,-0.5908,0.1972,0.4150,1.4708,239,3.3518
11264500,aifs,8,-3.3456,-0.8975,0.4601,2.2575,239,9.9091
11266500,aifs,8,-2.7634,-0.7061,0.4584,2.1324,239,9.9359
11274500,aifs,8,0.0523,0.5406,0.5783,1.1466,239,3.1513
11274630,aifs,8,-0.0984,0.4598,0.5475,1.2366,239,3.0851
11284400,aifs,8,-0.6643,0.0899,0.5190,1.6094,239,6.5503
11299600,aifs,8,-0.1933,0.3298,0.5684,1.4292,239,5.4189
11381500,aifs,8,0.2272,0.4698,0.5354,0.8750,239,7.9665
11383500,aifs,8,0.2079,0.4641,0.5252,0.8772,239,8.1894
11451100,aifs,8,-0.3526,0.4211,0.4649,1.0282,239,6.0367
11468500,aifs,8,-0.2892,0.4116,0.4235,1.0465,239,7.5975
11473900,aifs,8,-0.0497,0.4514,0.4625,0.8928,239,7.0499
11475560,aifs,8,0.2035,0.2394,0.4813,0.5937,239,11.6728
11476600,aifs,8,-0.2569,0.4364,0.4522,1.0168,239,8.2538
11478500,aifs,8,-0.1440,0.4136,0.4224,0.8993,239,7.8992
11480390,aifs,8,-0.0335,0.4457,0.4579,0.8955,239,7.0687
11481200,aifs,8,0.2446,0.5297,0.5744,0.8538,239,6.9199
11482500,aifs,8,0.2967,0.4798,0.5855,0.7670,239,7.4805
11522500,aifs,8,-0.0743,0.4841,0.4860,0.9912,239,6.2000
11523200,aifs,8,-0.3175,0.3999,0.4197,0.9071,239,7.5625
11528700,aifs,8,-0.1139,0.4444,0.4514,0.9134,239,6.3980
11532500,aifs,8,0.3092,0.4755,0.5893,0.7670,239,9.2070
12010000,aifs,8,0.1301,0.1969,0.4156,0.6756,239,10.6506
12013500,aifs,8,0.0509,0.2918,0.3890,0.8149,239,8.7241
12020000,aifs,8,-0.0782,0.3113,0.3498,0.9015,239,7.7856
12025000,aifs,8,-0.0379,0.2953,0.3496,0.9012,239,7.3559
12025700,aifs,8,-0.1772,0.3191,0.3525,1.1829,239,7.0568
12035000,aifs,8,0.3186,0.3806,0.5814,0.7200,239,9.1452
12040500,aifs,8,0.3123,0.3989,0.5759,0.7599,239,10.5766
12041200,aifs,8,0.3250,0.3324,0.5893,0.6984,239,11.5144
12043000,aifs,8,0.3300,0.3819,0.5870,0.7597,239,9.0329
12048000,aifs,8,-0.0160,0.2409,0.4976,1.5664,239,5.2861
12054000,aifs,8,0.2126,0.3757,0.4872,1.0180,239,7.9387
12056500,aifs,8,0.3595,0.4399,0.6048,0.8329,239,9.5024
12073500,aifs,8,-0.0492,0.3073,0.3532,1.0892,239,5.8331
12082500,aifs,8,0.0177,0.3679,0.4068,1.0599,239,9.5092
12092000,aifs,8,0.0404,0.3405,0.3956,1.0091,239,9.4853
12095000,aifs,8,-0.0827,0.3482,0.3986,1.2207,239,7.6953
12114500,aifs,8,0.1250,0.1842,0.3921,0.7442,239,10.8089
12115000,aifs,8,0.1201,0.1852,0.3875,0.7518,239,10.7838
12115500,aifs,8,0.1180,0.2176,0.3898,0.8016,239,10.8319
12117000,aifs,8,0.1230,0.2399,0.4018,0.8014,239,10.6869
12141300,aifs,8,0.1346,0.1942,0.4058,0.7300,239,12.4357
12143600,aifs,8,0.1216,0.2204,0.3945,0.7935,239,11.7709
12144000,aifs,8,0.1137,0.2468,0.3945,0.8317,239,11.0697
12145500,aifs,8,0.0983,0.2947,0.4040,0.8602,239,8.8088
12147600,aifs,8,0.1439,0.1526,0.4148,0.6724,239,15.1517
12167000,aifs,8,0.1287,0.3407,0.4304,0.9962,239,10.4957
12175500,aifs,8,0.1033,0.3764,0.4385,1.0608,239,7.4849
12186000,aifs,8,0.1596,0.3423,0.4512,0.8912,239,10.6839
12189500,aifs,8,0.1120,0.3888,0.4468,1.0328,239,9.2460
12358500,aifs,8,0.1161,0.1528,0.3943,0.6760,239,6.5108
12377150,aifs,8,0.0634,0.0530,0.3576,0.5674,239,6.4252
12381400,aifs,8,0.0601,0.0978,0.3513,0.6210,239,5.7907
12390700,aifs,8,0.0016,0.3282,0.3764,0.9814,239,4.6003
12411000,aifs,8,-0.0555,0.3383,0.3684,1.0333,239,5.6742
12414500,aifs,8,0.0796,0.3645,0.4227,0.9631,239,5.4043
12447390,aifs,8,-0.6780,-0.1721,0.1651,1.8210,239,3.5931
12451000,aifs,8,-0.1133,0.3299,0.4370,1.3618,239,5.9010
12488500,aifs,8,0.0569,0.2719,0.3662,0.9631,239,7.8523
13011500,aifs,8,-0.0856,0.3182,0.4906,1.4530,239,3.8052
13011900,aifs,8,-0.0583,0.3768,0.4713,1.3286,239,3.6194
13018300,aifs,8,-0.0198,0.3378,0.4520,1.3564,239,3.7372
13023000,aifs,8,-0.2008,0.3050,0.4068,1.3617,239,3.3637
13161500,aifs,8,-0.2915,0.0607,0.4112,1.7305,239,2.4199
13235000,aifs,8,-0.0234,0.3730,0.4038,1.1000,239,4.4344
13240000,aifs,8,0.0631,0.2799,0.3832,0.8421,239,5.5205
13310700,aifs,8,-0.0868,0.3696,0.3901,1.1010,239,4.5546
13313000,aifs,8,0.0747,0.3227,0.4049,0.8826,239,5.0322
13331500,aifs,8,0.1576,0.3245,0.4475,0.8451,239,4.6070
13337000,aifs,8,0.0988,0.3640,0.4348,0.8884,239,5.6871
13338500,aifs,8,-0.0774,0.3774,0.4220,1.2165,239,4.7756
13340000,aifs,8,0.0538,0.4087,0.4393,1.0038,239,4.9199
13340600,aifs,8,0.1603,0.3456,0.4563,0.8572,239,6.1690
14020000,aifs,8,0.1812,0.3367,0.4674,0.8212,239,4.3936
14092750,aifs,8,0.0246,0.5074,0.5090,0.9605,239,5.5720
14096850,aifs,8,-0.1443,0.3938,0.4306,1.2081,239,3.7241
14137000,aifs,8,0.0921,0.4133,0.4569,0.9115,239,8.1757
14138800,aifs,8,0.1520,0.2630,0.4424,0.7155,239,10.7861
14138870,aifs,8,0.1422,0.2837,0.4368,0.7567,239,11.2373
14138900,aifs,8,0.1618,0.1873,0.4399,0.6440,239,13.1847
14139800,aifs,8,0.1463,0.2959,0.4479,0.7405,239,10.8961
14141500,aifs,8,0.0961,0.3755,0.4426,0.8653,239,9.5870
14154500,aifs,8,-0.4215,0.3570,0.3725,1.0722,239,6.6877
14158500,aifs,8,-0.0552,0.4740,0.4784,0.9330,239,7.3117
14158790,aifs,8,0.0868,0.3432,0.4542,0.7131,239,8.7064
14166500,aifs,8,0.0010,0.4557,0.4649,0.9307,239,6.3857
14182500,aifs,8,-0.0385,0.4743,0.4781,1.0632,239,8.3064
14185000,aifs,8,-0.1913,0.4486,0.4720,1.1115,239,7.8716
14185900,aifs,8,0.0306,0.4924,0.4952,0.9666,239,8.5348
14187000,aifs,8,-0.1154,0.4460,0.4462,1.0122,239,7.9309
14216500,aifs,8,0.0136,0.3882,0.4164,1.0012,239,9.2792
14222500,aifs,8,0.1070,0.1464,0.3781,0.6726,239,14.1407
14236200,aifs,8,0.0121,0.3422,0.3878,0.9946,239,8.5732
14301000,aifs,8,0.0209,0.2140,0.3407,0.7761,239,8.8781
14303200,aifs,8,0.1039,0.1331,0.3872,0.6020,239,11.0439
14305500,aifs,8,0.1536,0.1194,0.4336,0.5536,239,12.7127
14306340,aifs,8,0.1513,0.4378,0.5138,0.7701,239,6.5490
14306500,aifs,8,0.1088,0.4088,0.4797,0.7870,239,7.2399
14308990,aifs,8,-0.2824,0.3937,0.4177,1.1417,239,5.1039
14309500,aifs,8,0.1270,0.5769,0.5898,0.9145,239,6.3130
14316700,aifs,8,-0.5705,0.3145,0.3393,1.0747,239,6.6713
14325000,aifs,8,0.1560,0.5164,0.5575,0.8128,239,7.7430
14362250,aifs,8,-0.4227,0.3243,0.3949,1.2598,239,4.9802
14400000,aifs,8,0.1173,0.4319,0.5005,0.7700,239,10.6612
01013500,aifs,9,-0.5385,0.0692,0.0944,1.1337,239,6.8553
01022500,aifs,9,-0.3844,0.1381,0.1616,1.0298,239,7.4214
01030500,aifs,9,-0.4406,0.1500,0.1639,1.0140,239,6.5117
01031500,aifs,9,-0.5398,0.0185,0.0439,1.0251,239,7.0805
01047000,aifs,9,-0.5024,-0.0269,0.0121,0.9725,239,7.5282
01052500,aifs,9,-0.5574,0.0469,0.0740,1.1375,239,6.9896
01054200,aifs,9,-0.3636,-0.0309,0.0373,0.9185,239,8.4616
01055000,aifs,9,-0.5152,0.0087,0.0401,0.9460,239,7.0949
01057000,aifs,9,-0.4419,0.0069,0.0509,0.9277,239,7.2916
01073000,aifs,9,-0.4028,0.0359,0.0784,1.0229,239,7.1849
01078000,aifs,9,-0.4740,-0.0209,0.0212,0.9919,239,7.6279
01118300,aifs,9,-0.1222,-0.1998,0.0444,0.6364,239,12.2390
01121000,aifs,9,-0.2352,-0.1070,0.0487,0.7051,239,9.1761
01123000,aifs,9,-0.2299,-0.1303,0.0374,0.6860,239,9.6272
01134500,aifs,9,-0.4187,-0.0029,0.0455,0.9645,239,7.7874
01137500,aifs,9,-0.4130,0.0121,0.0579,1.0183,239,7.8157
01139000,aifs,9,-0.5121,-0.0270,0.0188,1.1417,239,7.6129
01139800,aifs,9,-0.3920,-0.0281,0.0321,0.9406,239,8.1658
01142500,aifs,9,-0.5979,-0.0092,0.0216,1.1347,239,7.2887
01144000,aifs,9,-0.5119,-0.0217,0.0146,0.9842,239,7.6324
01169000,aifs,9,-0.2896,0.0423,0.1074,0.9539,239,7.8949
01170100,aifs,9,-0.2870,0.0640,0.1231,0.9900,239,7.6889
01181000,aifs,9,-0.2176,0.0078,0.1133,0.8336,239,8.3479
01187300,aifs,9,-0.2641,0.0697,0.1338,0.9494,239,7.4395
01195100,aifs,9,-0.1863,-0.1869,0.0303,0.6141,239,10.4740
01333000,aifs,9,-0.2288,0.0503,0.1282,1.0036,239,7.7369
01350000,aifs,9,-0.0511,-0.0619,0.1429,0.8112,239,10.3640
01350080,aifs,9,-0.1202,0.0009,0.1364,0.9038,239,8.3581
01350140,aifs,9,-0.1444,-0.0023,0.1271,0.8727,239,8.0074
01365000,aifs,9,-0.1329,0.0039,0.1331,0.9029,239,8.9544
01411300,aifs,9,-0.1153,-0.1102,0.0866,0.7365,239,11.4024
01413500,aifs,9,-0.0568,-0.0480,0.1559,0.7668,239,9.8203
01414500,aifs,9,-0.0572,-0.0441,0.1466,0.8382,239,10.4585
01415000,aifs,9,-0.1001,0.0078,0.1588,0.8257,239,8.2498
01423000,aifs,9,-0.1104,0.0008,0.1557,0.7905,239,8.1978
01434025,aifs,9,-0.0745,-0.0817,0.1254,0.7596,239,11.1168
01435000,aifs,9,-0.0817,-0.0542,0.1309,0.8060,239,10.5031
01439500,aifs,9,-0.1043,0.0284,0.1841,0.7473,239,8.0125
01440000,aifs,9,-0.1310,-0.0188,0.1409,0.7483,239,8.5836
01440400,aifs,9,-0.0879,-0.0224,0.1778,0.6733,239,8.7878
01451800,aifs,9,-0.2161,0.0682,0.1532,0.8581,239,7.5393
01466500,aifs,9,-0.3362,-0.0158,0.0603,0.8612,239,8.3103
01484100,aifs,9,-0.1811,0.0655,0.1557,0.9170,239,8.4680
01485500,aifs,9,-0.0796,0.0419,0.1943,0.7857,239,9.7690
01486000,aifs,9,-0.0351,0.0624,0.2254,0.8015,239,9.8273
01487000,aifs,9,-0.1789,0.0413,0.1401,0.9143,239,8.9566
01491000,aifs,9,-0.2968,0.1365,0.1750,1.0315,239,7.0570
01510000,aifs,9,-0.1653,0.0929,0.1847,0.8658,239,7.8637
01516500,aifs,9,-0.2765,0.0953,0.1534,0.8969,239,6.5483
01518862,aifs,9,-0.1673,0.1375,0.2136,0.8714,239,6.6076
01532000,aifs,9,-0.1976,0.0251,0.1266,0.8752,239,7.6291
01539000,aifs,9,-0.1337,0.0622,0.1839,0.8044,239,7.7240
01542810,aifs,9,-0.3184,0.0635,0.1208,0.8951,239,7.5708
01543000,aifs,9,-0.3495,0.0780,0.1258,0.8937,239,7.3870
01543500,aifs,9,-0.3010,0.0556,0.1237,0.8536,239,7.8043
01544500,aifs,9,-0.2963,0.0845,0.1392,0.9179,239,7.1978
01545600,aifs,9,-0.3045,0.0676,0.1227,0.9540,239,7.3878
01547700,aifs,9,-0.1131,-0.1158,0.0752,0.7909,239,11.3340
01548500,aifs,9,-0.2874,0.1141,0.1636,0.9117,239,6.6985
01549500,aifs,9,-0.2764,0.0484,0.1158,0.9409,239,7.4241
01550000,aifs,9,-0.2104,0.0139,0.1121,0.9018,239,8.0595
01552000,aifs,9,-0.1435,-0.0213,0.1205,0.8265,239,8.9415
01552500,aifs,9,-0.1968,0.0484,0.1470,0.8450,239,7.6694
01557500,aifs,9,-0.0744,-0.0123,0.1791,0.7192,239,9.7942
01567500,aifs,9,-0.1133,0.0429,0.1793,0.7998,239,8.2273
01568000,aifs,9,-0.1596,0.0773,0.1841,0.8080,239,7.4308
01580000,aifs,9,-0.2230,0.1306,0.1946,0.8659,239,6.8875
01583500,aifs,9,-0.2511,0.1092,0.1676,0.9147,239,6.9200
01586610,aifs,9,-0.2091,0.1044,0.1763,0.8964,239,6.8841
01591400,aifs,9,-0.0500,0.0387,0.2251,0.7030,239,8.3360
01596500,aifs,9,-0.0423,0.1239,0.2455,0.9120,239,7.4737
01605500,aifs,9,-0.0337,0.1522,0.2661,0.9048,239,6.7818
01606500,aifs,9,-0.0746,0.1591,0.2529,0.9181,239,6.4247
01613050,aifs,9,-0.1337,0.0902,0.2011,0.8106,239,7.0441
01620500,aifs,9,-0.0848,0.2148,0.2812,1.0319,239,5.8991
01632000,aifs,9,-0.0038,0.0842,0.2885,0.6695,239,7.0616
01632900,aifs,9,0.0150,0.1087,0.3003,0.7000,239,6.8228
01634500,aifs,9,-0.0303,0.0809,0.2534,0.7338,239,7.0459
01638480,aifs,9,-0.1032,0.0661,0.2036,0.7704,239,7.2293
01639500,aifs,9,-0.1758,0.1390,0.2094,0.8949,239,6.6734
01644000,aifs,9,-0.0935,0.1019,0.2351,0.7497,239,6.7207
01658500,aifs,9,-0.0471,0.0932,0.2532,0.7270,239,7.4292
01664000,aifs,9,-0.0157,0.1089,0.2898,0.6840,239,6.8885
01666500,aifs,9,-0.0308,0.1093,0.2771,0.7043,239,6.9730
01667500,aifs,9,-0.0499,0.1316,0.2753,0.7306,239,6.7176
01669000,aifs,9,-0.0733,0.1362,0.2428,0.8754,239,8.4177
01669520,aifs,9,-0.1065,0.1259,0.2221,0.8963,239,8.4883
02011400,aifs,9,-0.0298,0.2554,0.3238,0.9653,239,6.0609
02011460,aifs,9,-0.0332,0.2211,0.3019,1.0011,239,6.4607
02013000,aifs,9,-0.0559,0.2269,0.3025,0.8967,239,6.4645
02014000,aifs,9,-0.1144,0.2765,0.3144,0.9463,239,5.9427
02015700,aifs,9,-0.0662,0.1894,0.2722,1.0462,239,6.3655
02016000,aifs,9,-0.1035,0.2688,0.3113,1.0463,239,5.6890
02017500,aifs,9,-0.2547,0.2867,0.2981,1.0510,239,5.5795
02018000,aifs,9,-0.3076,0.3010,0.3098,1.0942,239,5.4448
02027000,aifs,9,-0.2460,0.2646,0.3035,1.2025,239,5.8358
02027500,aifs,9,-0.2285,0.2565,0.2878,1.1438,239,6.0141
02028500,aifs,9,-0.0936,0.2758,0.3196,0.9337,239,5.9402
02038850,aifs,9,-0.1599,0.2523,0.2874,0.9507,239,6.3775
02046000,aifs,9,-0.1645,0.2016,0.2561,0.8858,239,7.4200
02051000,aifs,9,-0.1444,0.1625,0.2345,0.8895,239,7.8583
02051500,aifs,9,-0.2171,0.1990,0.2370,0.9593,239,7.3239
02053200,aifs,9,-0.2458,0.1888,0.2231,1.0029,239,8.1300
02053800,aifs,9,-0.3005,0.2724,0.2810,0.9576,239,6.1068
02055100,aifs,9,-0.4590,0.1768,0.2574,1.3538,239,5.7913
02056900,aifs,9,-0.1828,0.2938,0.3132,0.9523,239,6.4613
02059500,aifs,9,-0.3903,0.3074,0.3151,1.1024,239,5.4980
02064000,aifs,9,-0.3137,0.2895,0.3319,1.2404,239,5.7023
02065500,aifs,9,-0.2512,0.3001,0.3193,1.1362,239,5.9110
02069700,aifs,9,-0.1697,0.2142,0.2587,0.9494,239,7.6424
02070000,aifs,9,-0.1959,0.1996,0.2443,0.9204,239,7.6373
02074500,aifs,9,-0.1786,0.1442,0.2137,1.1238,239,8.0898
02077200,aifs,9,-0.4905,0.2090,0.2264,1.1603,239,6.7640
02081500,aifs,9,-0.4129,0.1478,0.1693,1.0907,239,7.5525
02082950,aifs,9,-0.6071,0.1399,0.1862,1.2777,239,6.9198
02092500,aifs,9,-0.5473,0.1602,0.2425,1.3624,239,7.8075
02096846,aifs,9,-0.1483,0.0808,0.1740,1.0044,239,9.6579
02102908,aifs,9,-0.2520,0.1013,0.1597,1.0541,239,9.2820
02108000,aifs,9,-0.3664,0.2423,0.2850,1.2445,239,7.5680
02111180,aifs,9,-0.2033,0.1721,0.2236,0.9153,239,8.1789
02111500,aifs,9,-0.3458,0.1192,0.1532,0.9601,239,8.4920
02118500,aifs,9,-0.5107,0.1874,0.1933,1.0704,239,7.6777
02128000,aifs,9,-0.2798,0.2113,0.2367,1.0719,239,7.4693
02137727,aifs,9,-0.1431,0.0451,0.1603,0.8631,239,8.9399
02140991,aifs,9,-0.2909,0.1459,0.1832,0.9660,239,8.1701
02143000,aifs,9,-0.3732,0.1282,0.1551,1.0055,239,8.2829
02143040,aifs,9,-0.3551,0.1295,0.1590,0.9870,239,8.1703
02149000,aifs,9,-0.0821,0.0121,0.1732,0.7987,239,10.4072
02152100,aifs,9,-0.3736,0.1453,0.1688,1.0266,239,7.8674
02177000,aifs,9,-0.0503,0.1385,0.2477,0.9647,239,9.2162
02178400,aifs,9,-0.1355,0.1560,0.2280,0.9648,239,8.1208
02193340,aifs,9,-0.2931,0.0976,0.1684,1.2217,239,8.2681
02196000,aifs,9,-0.1034,0.1270,0.2200,1.0352,239,8.3722
02198100,aifs,9,-0.0853,-0.0628,0.1254,0.7921,239,10.8996
02202600,aifs,9,-0.2277,0.1369,0.1930,1.0866,239,6.6533
02212600,aifs,9,-0.1160,0.1641,0.2387,0.9998,239,9.0243
02215100,aifs,9,-0.0745,0.0082,0.1750,0.7991,239,8.7755
02216180,aifs,9,-0.0383,-0.0592,0.1652,0.7408,239,10.1604
02221525,aifs,9,-0.0480,0.2806,0.3340,1.0514,239,7.7833
02231000,aifs,9,0.1260,0.2889,0.4169,0.8557,239,6.2656
02231342,aifs,9,-0.2380,0.2482,0.2823,1.1564,239,7.5166
02235200,aifs,9,-0.0194,0.3475,0.3825,0.9867,239,7.0093
02245500,aifs,9,-0.1482,0.2024,0.2582,1.0850,239,6.8302
02246000,aifs,9,-0.1016,0.2588,0.3042,0.9888,239,6.1603
02296500,aifs,9,-0.2091,0.3136,0.3236,0.9885,239,6.7051
02297155,aifs,9,-0.2654,0.0816,0.1422,0.9478,239,9.3461
02297310,aifs,9,-0.3102,0.0973,0.1490,0.8850,239,8.9535
02298123,aifs,9,-0.3554,0.1282,0.1579,0.9987,239,8.3528
02298608,aifs,9,-0.2963,0.0552,0.1222,0.8695,239,9.6292
02299950,aifs,9,-0.3739,0.0656,0.1063,0.9929,239,9.2276
02300700,aifs,9,-0.0887,0.1484,0.2382,1.0086,239,9.7615
02310947,aifs,9,-0.1102,0.2373,0.2893,1.0562,239,8.1218
02312200,aifs,9,-0.0692,0.1759,0.2624,1.0309,239,9.4017
02314500,aifs,9,0.1167,0.1690,0.3807,0.7619,239,7.2767
02315500,aifs,9,0.1173,0.2199,0.3967,0.7810,239,6.6441
02324400,aifs,9,-0.0141,0.1130,0.2678,0.7884,239,10.5135
02327100,aifs,9,-0.6258,0.2249,0.2278,0.9576,239,11.2891
02349900,aifs,9,-0.0127,0.0036,0.2219,0.7251,239,9.5128
02350900,aifs,9,-0.0909,0.1268,0.2339,0.8508,239,7.7756
02361000,aifs,9,-0.0984,0.2298,0.2874,0.9502,239,7.4571
02363000,aifs,9,-0.1159,0.1897,0.2557,0.9666,239,8.3037
02369800,aifs,9,0.0644,0.1033,0.3153,0.7571,239,12.4865
02371500,aifs,9,-0.1244,0.0975,0.1949,0.9378,239,9.8956
02372250,aifs,9,-0.1148,0.1317,0.2242,0.8850,239,9.6411
02374500,aifs,9,-0.0750,0.1286,0.2385,0.8680,239,10.3910
02381600,aifs,9,-0.1149,0.0384,0.1643,0.8867,239,10.6323
02384540,aifs,9,-0.1049,0.1145,0.2135,0.9249,239,9.2198
02395120,aifs,9,-0.3538,0.0693,0.1265,1.1744,239,8.7219
02408540,aifs,9,-0.1286,0.1553,0.2303,0.9480,239,10.0559
02415000,aifs,9,-0.0866,0.1197,0.2293,0.8618,239,10.6227
02422500,aifs,9,-0.2297,0.1695,0.2148,1.0720,239,9.7045
02427250,aifs,9,-0.2798,0.1990,0.2256,1.0443,239,8.6781
02430085,aifs,9,-0.1246,0.1447,0.2254,1.0665,239,9.1523
02450250,aifs,9,-0.0758,0.0958,0.2211,0.8452,239,10.0174
02464000,aifs,9,0.0197,0.1204,0.2776,0.8799,239,11.1267
02465493,aifs,9,-0.1862,0.1847,0.2336,1.0367,239,9.2994
02469800,aifs,9,-0.1896,0.1714,0.2241,0.9510,239,9.8837
02472000,aifs,9,-0.1617,0.0679,0.1708,0.8465,239,11.2735
02472500,aifs,9,-0.1523,0.0360,0.1595,0.8003,239,12.2478
02479155,aifs,9,0.0534,0.1438,0.3124,0.8448,239,12.8417
02479300,aifs,9,0.0786,0.0313,0.3099,0.7016,239,16.8131
02481000,aifs,9,0.0737,-0.0349,0.3012,0.6311,239,20.2533
02481510,aifs,9,0.0975,0.0435,0.3468,0.6454,239,16.4356
03010655,aifs,9,-0.1709,0.1105,0.1966,0.8532,239,7.1530
03011800,aifs,9,-0.2105,0.0362,0.1343,0.8450,239,8.5090
03015500,aifs,9,-0.2977,0.1782,0.2066,0.9593,239,7.3427
03021350,aifs,9,-0.2149,0.1194,0.1878,0.8758,239,8.2770
03026500,aifs,9,-0.3037,0.0087,0.0873,0.8580,239,8.2954
03028000,aifs,9,-0.3012,0.0033,0.0833,0.8625,239,8.5665
03049800,aifs,9,-0.1077,0.0849,0.1979,0.8775,239,9.3182
03050000,aifs,9,-0.0480,0.0531,0.2070,0.8644,239,9.4439
03066000,aifs,9,-0.0481,0.0502,0.2096,0.8318,239,8.4081
03069500,aifs,9,-0.0735,0.0834,0.2108,0.8832,239,7.9964
03070500,aifs,9,-0.1511,0.1569,0.2258,0.9304,239,8.1944
03076600,aifs,9,-0.0403,0.0570,0.2195,0.8169,239,9.1630
03078000,aifs,9,-0.0333,0.0724,0.2225,0.8902,239,9.0139
03140000,aifs,9,-0.0833,0.2083,0.2815,0.9027,239,7.4039
03144000,aifs,9,-0.0460,0.1114,0.2593,0.7558,239,8.9297
03159540,aifs,9,-0.1059,0.0254,0.1730,0.7900,239,9.7746
03161000,aifs,9,-0.2934,0.1595,0.1936,0.9491,239,7.7420
03164000,aifs,9,-0.3876,0.1704,0.1887,0.9384,239,7.0274
03165000,aifs,9,-0.1896,0.1745,0.2320,0.8801,239,7.7688
03170000,aifs,9,-0.1994,0.3058,0.3209,0.9387,239,6.1146
03173000,aifs,9,-0.2682,0.2641,0.2800,0.9261,239,5.6061
03180500,aifs,9,-0.1246,0.1279,0.2131,1.0299,239,7.2170
03182500,aifs,9,-0.0871,0.2102,0.2775,1.0305,239,6.4622
03186500,aifs,9,-0.0653,0.1371,0.2489,0.8647,239,7.6542
03187500,aifs,9,-0.0586,0.1494,0.2565,0.8845,239,7.5490
03213700,aifs,9,-0.0640,0.2032,0.2845,0.9062,239,7.2806
03237280,aifs,9,-0.1865,0.0639,0.1539,0.9079,239,8.4829
03237500,aifs,9,-0.1262,0.1339,0.2201,0.9045,239,8.3502
03241500,aifs,9,-0.0354,0.1115,0.2541,0.8035,239,10.1379
03280700,aifs,9,-0.1295,0.1840,0.2476,0.9924,239,7.6880
03281100,aifs,9,-0.1653,0.1990,0.2482,0.9776,239,7.4805
03281500,aifs,9,-0.1608,0.2187,0.2628,0.9775,239,7.2235
03285000,aifs,9,-0.1775,0.0379,0.1409,0.8848,239,9.7210
03291780,aifs,9,-0.0879,0.0914,0.2101,0.8707,239,10.7549
03300400,aifs,9,-0.1332,0.0073,0.1486,0.7947,239,10.2802
03340800,aifs,9,-0.1897,0.0388,0.1383,0.8758,239,11.2953
03346000,aifs,9,-0.1990,0.1083,0.1796,0.9219,239,9.5699
03364500,aifs,9,-0.0088,0.0290,0.2352,0.7269,239,13.2795
03366500,aifs,9,-0.0988,0.0902,0.2061,0.8615,239,10.6127
03368000,aifs,9,-0.0084,0.0131,0.2379,0.6809,239,13.0937
03384450,aifs,9,-0.0486,0.1715,0.2675,0.9694,239,9.7374
03439000,aifs,9,-0.0327,0.1502,0.2677,0.8826,239,8.0926
03450000,aifs,9,-0.1706,0.0865,0.1747,0.9029,239,7.0959
03455500,aifs,9,-0.1507,0.1133,0.2017,0.8780,239,7.7496
03456500,aifs,9,-0.1361,0.0861,0.1976,0.8152,239,7.2137
03460000,aifs,9,-0.1413,0.0707,0.1827,0.8336,239,7.6809
03463300,aifs,9,-0.1391,0.0466,0.1766,0.7797,239,8.5192
03471500,aifs,9,-0.3290,0.1353,0.1707,0.9224,239,7.0219
03473000,aifs,9,-0.3523,0.0884,0.1333,0.8928,239,7.3309
03479000,aifs,9,-0.4534,0.1506,0.1633,0.9715,239,7.2396
03488000,aifs,9,-0.1723,0.1974,0.2482,0.9221,239,6.6925
03498500,aifs,9,-0.1270,0.0902,0.1986,0.8432,239,8.1487
03500000,aifs,9,-0.1844,0.1467,0.2078,1.0309,239,8.0492
03504000,aifs,9,-0.1413,0.0494,0.1699,0.8223,239,9.3359
03574500,aifs,9,0.0959,0.2667,0.3825,0.9607,239,8.8343
03604000,aifs,9,-0.0608,0.1066,0.2376,0.8193,239,10.0301
04015330,aifs,9,-0.0843,0.0263,0.1823,0.7861,239,6.7892
04024430,aifs,9,-0.2060,0.1498,0.2040,0.9927,239,5.5255
04027000,aifs,9,-0.3535,0.0576,0.1159,1.1642,239,5.2817
04040500,aifs,9,-0.2450,-0.0426,0.0687,0.8331,239,5.9465
04043050,aifs,9,-0.4226,-0.1091,-0.0233,0.8037,239,5.8114
04045500,aifs,9,-0.5387,-0.0467,-0.0091,0.9620,239,6.3350
04056500,aifs,9,-0.5621,-0.0525,-0.0171,0.9577,239,5.9550
04057510,aifs,9,-0.3515,-0.0825,0.0090,0.8339,239,6.4990
04057800,aifs,9,-0.2489,-0.0403,0.0697,0.8278,239,6.0234
04059500,aifs,9,-0.2460,0.0102,0.1036,0.8553,239,5.7953
04063700,aifs,9,-0.3123,0.0612,0.1156,1.0270,239,5.4605
04074950,aifs,9,-0.2955,0.0797,0.1362,0.9119,239,5.9927
04105700,aifs,9,-0.2078,0.0588,0.1496,0.8517,239,7.9208
04115265,aifs,9,-0.1406,0.0983,0.2000,0.8315,239,7.6779
04122200,aifs,9,-0.1759,0.1437,0.2176,0.8504,239,7.8133
04122500,aifs,9,-0.2052,0.1681,0.2274,0.8511,239,7.4427
04124000,aifs,9,0.0665,0.1171,0.3541,0.6247,239,8.3258
04127997,aifs,9,-0.0491,0.0879,0.2634,0.6719,239,7.9462
04185000,aifs,9,-0.3613,0.1489,0.1814,0.8709,239,7.6747
04196800,aifs,9,-0.4558,0.1194,0.1388,0.9362,239,8.5264
04197100,aifs,9,-0.2647,0.1117,0.1663,0.9139,239,8.8930
04197170,aifs,9,-0.2887,0.1891,0.2158,0.9794,239,8.1238
04213000,aifs,9,-0.3669,0.1443,0.1687,0.9882,239,7.4848
04213075,aifs,9,-0.2937,0.0920,0.1426,0.9674,239,8.1877
04216418,aifs,9,-0.1258,0.0707,0.2075,0.7376,239,7.8649
04221000,aifs,9,-0.1693,0.1362,0.2095,0.8952,239,6.7033
04224775,aifs,9,-0.0935,0.1126,0.2220,0.8674,239,7.2028
04256000,aifs,9,-0.3278,0.2212,0.2350,0.9937,239,6.8840
04296000,aifs,9,-0.5003,0.0113,0.0474,1.0985,239,7.6483
05057000,aifs,9,0.0139,0.3193,0.3917,1.1872,239,3.7102
05057200,aifs,9,-0.2264,0.2292,0.3328,1.3719,239,3.8155
05062500,aifs,9,-0.6622,0.1138,0.1419,1.2187,239,5.6751
05087500,aifs,9,-0.1290,0.1522,0.2276,1.0390,239,5.6530
05120500,aifs,9,0.0429,0.2947,0.3756,1.0990,239,3.9357
05123400,aifs,9,0.1373,0.2760,0.4130,0.8884,239,4.6715
05129115,aifs,9,-0.5624,0.0775,0.0970,1.1167,239,5.5273
05131500,aifs,9,-0.6917,0.0799,0.0928,1.1351,239,5.4056
05291000,aifs,9,-0.2851,-0.1090,-0.0013,1.0924,239,7.7822
05362000,aifs,9,-0.4187,0.0687,0.1057,1.1008,239,6.1281
05393500,aifs,9,-0.2950,0.0696,0.1254,1.0133,239,6.4121
05399500,aifs,9,-0.2398,0.0213,0.1128,0.8571,239,7.9018
05408000,aifs,9,-0.0783,0.0317,0.1902,0.7761,239,9.3480
05412500,aifs,9,-0.1874,0.0645,0.1609,0.8419,239,8.2459
05413500,aifs,9,-0.0580,0.0498,0.2087,0.7918,239,8.8671
05414000,aifs,9,-0.0235,0.0854,0.2412,0.8274,239,8.5456
05444000,aifs,9,-0.2225,0.1467,0.1994,1.0608,239,7.9969
05454000,aifs,9,-0.0543,0.0631,0.2160,0.8074,239,8.8843
05458000,aifs,9,-0.2645,0.0062,0.0940,0.8661,239,8.8773
05466500,aifs,9,-0.0210,0.0425,0.2344,0.7348,239,10.6642
05487980,aifs,9,-0.0261,0.0170,0.2152,0.7436,239,9.1138
05488200,aifs,9,-0.0383,-0.0873,0.1537,0.7071,239,11.1237
05489000,aifs,9,-0.0303,-0.0497,0.1835,0.7001,239,10.2668
05495000,aifs,9,0.0692,0.2563,0.3701,0.8741,239,7.1257
05495500,aifs,9,-0.0193,0.1568,0.2793,0.8568,239,8.9485
05501000,aifs,9,-0.0402,0.0855,0.2308,0.8405,239,10.2466
05503800,aifs,9,-0.0789,0.2308,0.2929,0.9705,239,8.2008
05507600,aifs,9,-0.3187,0.2111,0.2303,1.0641,239,7.5586
05508805,aifs,9,-0.3593,0.1939,0.2094,1.0219,239,7.5517
05514500,aifs,9,-0.3354,0.1379,0.1690,0.9719,239,8.2093
05525500,aifs,9,-0.3664,0.1083,0.1410,1.0308,239,9.5372
05556500,aifs,9,-0.0365,0.1645,0.2762,0.8591,239,9.1752
05584500,aifs,9,0.0498,0.0807,0.2874,0.7981,239,11.0916
05585000,aifs,9,0.0127,0.0992,0.2674,0.8340,239,10.3325
05591550,aifs,9,-0.1379,0.1308,0.2119,0.9371,239,9.7135
05592050,aifs,9,-0.2190,0.1992,0.2389,1.0777,239,8.4140
05592575,aifs,9,-0.0917,0.1107,0.2266,0.8237,239,10.1516
05593575,aifs,9,-0.1633,0.2063,0.2536,1.0205,239,8.8837
05593900,aifs,9,-0.1114,0.1723,0.2493,0.9062,239,9.2899
05595730,aifs,9,-0.1704,0.2335,0.2719,1.0516,239,8.4748
06037500,aifs,9,-0.0778,0.2832,0.3466,1.1971,239,4.0520
06043500,aifs,9,-0.1618,0.3077,0.3509,1.2050,239,4.0989
06154410,aifs,9,-0.2764,0.0907,0.1478,0.9187,239,5.4830
06188000,aifs,9,-0.3980,0.2388,0.3061,1.3123,239,3.5621
06191500,aifs,9,-0.2894,0.2689,0.3429,1.3171,239,3.4664
06221400,aifs,9,-0.1276,0.2920,0.3738,1.3024,239,3.1105
06224000,aifs,9,-0.1802,0.2285,0.3096,1.2914,239,3.3636
06289000,aifs,9,-0.5825,0.1157,0.2739,1.5028,239,3.5932
06332515,aifs,9,-0.2682,0.1618,0.2196,1.2101,239,3.7183
06339100,aifs,9,-0.5161,0.1645,0.2272,1.3162,239,3.2242
06339500,aifs,9,-0.2546,0.2155,0.2513,1.1407,239,3.4790
06344600,aifs,9,-0.3093,0.1095,0.1554,1.0885,239,3.9448
06350000,aifs,9,-0.2310,0.3116,0.3204,1.0395,239,3.2194
06352000,aifs,9,-0.6527,0.1946,0.2107,1.1541,239,3.2051
06353000,aifs,9,-0.3978,0.2755,0.2890,1.1378,239,3.1621
06354000,aifs,9,-0.2185,0.3167,0.3292,1.0835,239,3.2158
06360500,aifs,9,-1.1253,0.0570,0.0924,1.2045,239,3.6928
06404000,aifs,9,-0.9998,-0.0044,0.1781,1.5527,239,4.7240
06406000,aifs,9,-1.1180,-0.0000,0.1828,1.5279,239,4.4531
06408700,aifs,9,-1.3408,-0.0464,0.1123,1.4950,239,4.4447
06409000,aifs,9,-1.2816,-0.0338,0.1488,1.5255,239,4.3233
06431500,aifs,9,-1.1097,-0.0142,0.0963,1.4406,239,4.7136
06440200,aifs,9,-0.4004,0.0872,0.1187,1.0055,239,5.0443
06441500,aifs,9,-0.5724,0.0831,0.0961,0.9399,239,4.3826
06447000,aifs,9,-0.4835,0.1690,0.1902,1.1623,239,4.1422
06447500,aifs,9,-0.2709,0.1694,0.2074,1.0857,239,4.4810
06450500,aifs,9,-0.0925,0.1439,0.2406,0.8736,239,4.8210
06452000,aifs,9,-0.2398,0.2126,0.2417,1.0073,239,4.0474
06453600,aifs,9,-0.2104,0.1343,0.1920,1.0054,239,5.9192
06464500,aifs,9,-0.0544,0.0246,0.1936,0.7979,239,6.3532
06477500,aifs,9,-0.2686,0.0561,0.1221,1.0284,239,5.6377
06479215,aifs,9,-0.2661,-0.1106,0.0039,1.1002,239,7.8954
06479438,aifs,9,-0.2954,-0.1064,0.0003,1.1253,239,7.4170
06601000,aifs,9,-0.3067,0.0005,0.0826,1.1677,239,8.5676
06614800,aifs,9,0.0773,0.2133,0.3495,0.9530,239,5.1667
06622700,aifs,9,-0.0190,0.2806,0.3489,1.1218,239,3.6026
06623800,aifs,9,-0.0421,0.3202,0.3928,1.2476,239,3.9144
06632400,aifs,9,0.0642,0.2825,0.3867,1.1698,239,3.7562
06784000,aifs,9,-0.3074,0.0917,0.1390,0.9936,239,6.2803
06803510,aifs,9,-0.2956,-0.0462,0.0401,0.9658,239,9.4001
06803530,aifs,9,-0.3489,0.0292,0.0848,1.0558,239,8.2311
06814000,aifs,9,-0.2596,0.0406,0.1129,1.0057,239,8.5658
06846500,aifs,9,-0.5921,0.1233,0.1320,1.0864,239,5.2648
06847900,aifs,9,-0.3495,0.0708,0.1159,1.0465,239,5.8980
06853800,aifs,9,-0.3464,0.1552,0.1887,1.1319,239,6.2470
06876700,aifs,9,-0.0472,-0.0604,0.1565,0.7380,239,10.1721
06878000,aifs,9,-0.2109,0.0072,0.1093,0.8751,239,8.8293
06879650,aifs,9,-0.1169,-0.0575,0.1354,0.6777,239,10.1870
06885500,aifs,9,-0.1877,-0.0285,0.0984,0.8221,239,9.6336
06888500,aifs,9,-0.1371,-0.0900,0.0921,0.7261,239,10.7105
06889200,aifs,9,-0.1421,-0.0070,0.1304,0.8222,239,9.6923
06889500,aifs,9,-0.1442,0.0082,0.1392,0.8266,239,9.3740
06892000,aifs,9,-0.0690,0.0443,0.2008,0.7852,239,9.5998
06903400,aifs,9,-0.0231,-0.0033,0.2060,0.7401,239,9.5801
06906800,aifs,9,-0.0119,0.0373,0.2564,0.6562,239,11.0494
06910800,aifs,9,-0.1315,-0.0579,0.1168,0.7274,239,10.1502
06911900,aifs,9,-0.1233,-0.0855,0.1093,0.6936,239,10.6810
06917000,aifs,9,0.0155,0.0755,0.2779,0.7105,239,10.8952
06918460,aifs,9,-0.1211,0.0812,0.1914,0.8642,239,10.6047
06919500,aifs,9,-0.1295,0.1025,0.2036,0.8532,239,10.1211
06921070,aifs,9,-0.1160,-0.0158,0.1534,0.7243,239,12.0559
06921200,aifs,9,-0.1113,-0.0452,0.1313,0.7448,239,12.7732
06934000,aifs,9,-0.2266,0.1052,0.1708,0.9125,239,9.6246
07014500,aifs,9,-0.0995,0.0020,0.1617,0.7762,239,12.1940
07056000,aifs,9,-0.2299,0.1613,0.2091,1.0755,239,9.9019
07057500,aifs,9,-0.3131,0.1679,0.1999,1.0971,239,9.5754
07060710,aifs,9,-0.1041,0.1721,0.2562,1.1419,239,9.8950
07066000,aifs,9,-0.3018,0.1706,0.2042,1.0998,239,9.4794
07067000,aifs,9,-0.3954,0.1988,0.2188,1.1333,239,8.6814
07068000,aifs,9,-0.4526,0.2118,0.2358,1.1848,239,8.3218
07071500,aifs,9,-0.3853,0.2099,0.2366,1.1753,239,8.7420
07083000,aifs,9,-0.4598,0.0763,0.4027,1.6939,239,3.4943
07142300,aifs,9,-0.3519,0.0560,0.1042,1.0501,239,6.0912
07145700,aifs,9,-0.0275,-0.0497,0.1667,0.7925,239,11.7862
07148400,aifs,9,-0.6856,0.0799,0.1026,1.1923,239,5.7914
07149000,aifs,9,-0.6837,0.0931,0.1216,1.2208,239,5.4883
07151500,aifs,9,-0.0458,0.0931,0.2242,0.9425,239,8.0471
07167500,aifs,9,-0.0941,0.1554,0.2420,0.9407,239,8.2610
07180500,aifs,9,-0.1398,0.0561,0.1681,0.8634,239,8.5983
07184000,aifs,9,-0.0395,0.0118,0.1898,0.8311,239,13.2864
07195800,aifs,9,-0.1571,0.0685,0.1649,1.0716,239,11.8381
07196900,aifs,9,-0.2378,0.1270,0.1976,1.1986,239,10.8535
07197000,aifs,9,-0.2411,0.1545,0.2071,1.1323,239,10.4651
07208500,aifs,9,-0.4268,0.2014,0.3162,1.4121,239,3.1063
07226500,aifs,9,-0.7181,0.1926,0.2755,1.3183,239,3.2271
07261000,aifs,9,-0.2348,0.2149,0.2617,1.1853,239,9.5994
07263295,aifs,9,0.0104,0.2903,0.3686,1.1602,239,9.1271
07290650,aifs,9,-0.1672,0.0995,0.1816,0.9448,239,10.3880
07291000,aifs,9,-0.1216,0.1487,0.2285,0.9423,239,10.3102
07292500,aifs,9,-0.1030,0.1686,0.2477,0.9344,239,10.3037
07295000,aifs,9,-0.0205,0.1746,0.2814,0.9520,239,11.1817
07299670,aifs,9,-0.3323,0.0661,0.1402,1.2443,239,5.2742
07301410,aifs,9,-0.2439,-0.0703,0.0455,1.1528,239,6.2359
07301500,aifs,9,-0.6773,-0.0062,0.0855,1.4084,239,4.2026
07315200,aifs,9,-0.0634,0.2869,0.3438,1.1531,239,6.9704
07315700,aifs,9,-0.5089,0.0822,0.2247,1.4892,239,7.3141
07335700,aifs,9,-0.0764,0.1200,0.2294,0.9011,239,11.3849
07340300,aifs,9,-0.1234,0.2894,0.3248,1.0982,239,8.8062
07346045,aifs,9,-0.4151,0.1912,0.3263,1.4468,239,8.6145
07359610,aifs,9,-0.0070,0.2760,0.3433,0.9710,239,9.2996
07362100,aifs,9,-0.5383,0.1404,0.3260,1.5232,239,8.7946
07362587,aifs,9,0.0551,0.2651,0.3614,1.0006,239,9.9818
07373000,aifs,9,-0.1893,0.1972,0.2536,1.1624,239,9.9443
07375000,aifs,9,0.0779,0.1526,0.3298,0.8692,239,13.0917
07376000,aifs,9,0.0336,0.1746,0.3099,0.9070,239,11.7427
08013000,aifs,9,-0.0926,0.2077,0.2761,1.0726,239,10.6611
08014500,aifs,9,-0.0039,0.2883,0.3524,1.0529,239,9.9253
08023080,aifs,9,-0.4919,0.1147,0.2232,1.4212,239,11.3572
08025500,aifs,9,-0.0945,0.2069,0.2777,1.1063,239,11.5215
08029500,aifs,9,-0.1922,0.1249,0.1908,1.0352,239,12.6115
08050800,aifs,9,0.0101,0.2474,0.3343,1.0516,239,9.5188
08066200,aifs,9,-0.2115,0.0681,0.1459,0.9711,239,15.1632
08066300,aifs,9,-0.1038,-0.0250,0.1242,0.9545,239,18.6580
08070000,aifs,9,-0.5142,0.1749,0.2154,1.2517,239,11.1800
08070200,aifs,9,-0.4655,0.1864,0.2167,1.2075,239,11.2547
08079600,aifs,9,-0.3380,0.1059,0.1529,1.1436,239,3.4935
08082700,aifs,9,-0.2690,0.0609,0.2187,1.4665,239,5.9824
08086212,aifs,9,0.0749,0.2950,0.4063,1.2315,239,5.9225
08086290,aifs,9,0.0219,0.2804,0.3914,1.2852,239,6.0618
08101000,aifs,9,-0.3447,0.1345,0.2790,1.4700,239,7.1078
08103900,aifs,9,-0.0214,0.2490,0.3251,1.0812,239,9.3986
08104900,aifs,9,-0.2200,0.1057,0.1710,1.0597,239,11.6241
08109700,aifs,9,-0.4476,0.0545,0.1257,1.3001,239,12.7864
08150800,aifs,9,-0.0282,0.0436,0.2140,0.8331,239,10.7979
08155200,aifs,9,-0.5338,0.0781,0.1659,1.3812,239,10.2682
08158700,aifs,9,-0.6129,0.0764,0.1589,1.3779,239,9.8906
08158810,aifs,9,-0.7124,0.0904,0.1706,1.3727,239,9.6945
08164000,aifs,9,-0.5541,0.1852,0.2731,1.3640,239,9.2550
08164300,aifs,9,-0.2829,0.2191,0.2662,1.2253,239,10.9353
08164600,aifs,9,-0.4239,0.2156,0.2901,1.3336,239,8.9279
08165300,aifs,9,-0.0190,0.1419,0.2632,1.0014,239,9.6438
08171300,aifs,9,-0.4414,0.1065,0.1667,1.2831,239,10.1288
08175000,aifs,9,-0.4271,0.2051,0.2290,1.1757,239,10.4100
08176900,aifs,9,-0.5287,0.2164,0.3176,1.3720,239,8.5366
08178880,aifs,9,-0.0844,0.0778,0.1970,1.0349,239,11.1182
08189500,aifs,9,-0.1576,0.3328,0.3932,1.2719,239,7.9666
08190000,aifs,9,0.0319,-0.0156,0.2301,0.8042,239,14.2232
08190500,aifs,9,0.0367,-0.0099,0.2348,0.8258,239,13.5532
08194200,aifs,9,0.1699,0.2298,0.4240,0.8404,239,7.8949
08195000,aifs,9,-0.0010,0.0217,0.2135,0.8951,239,13.0505
08196000,aifs,9,0.0114,-0.0125,0.2077,0.8704,239,14.8495
08198500,aifs,9,-0.0359,0.0301,0.1953,0.9089,239,12.7915
08200000,aifs,9,-0.0557,0.0484,0.1925,0.9777,239,12.4248
08202700,aifs,9,-0.0378,0.0231,0.1913,0.8932,239,13.2019
08267500,aifs,9,-0.0657,0.1581,0.2535,0.9532,239,3.9239
08269000,aifs,9,-0.2334,0.2371,0.2898,1.2315,239,3.1289
08271000,aifs,9,-0.0348,0.1535,0.2664,0.9011,239,4.0260
08324000,aifs,9,-0.2441,0.2833,0.3306,1.2420,239,2.5800
08377900,aifs,9,-0.0477,0.2601,0.3225,1.0712,239,3.8771
08378500,aifs,9,-0.1129,0.2898,0.3358,1.1596,239,3.4804
08380500,aifs,9,-0.1566,0.3016,0.3336,1.1429,239,3.3170
09034900,aifs,9,-0.0032,0.3530,0.3925,1.0668,239,3.9630
09035900,aifs,9,-0.3288,0.3043,0.3941,1.3355,239,3.3692
09047700,aifs,9,-0.3796,0.2533,0.3917,1.4238,239,3.2587
09065500,aifs,9,-0.2019,0.3263,0.4401,1.3728,239,3.2712
09066000,aifs,9,-0.4712,0.1516,0.4680,1.6187,239,3.0841
09066200,aifs,9,-0.1455,0.3429,0.4303,1.3269,239,3.3814
09066300,aifs,9,-0.2047,0.3226,0.4200,1.3498,239,3.3743
09081600,aifs,9,-0.0931,0.2043,0.4155,1.5290,239,4.5546
09107000,aifs,9,-0.8521,-0.2968,0.4361,2.1179,239,3.3566
09210500,aifs,9,-0.1645,0.2594,0.3276,1.2628,239,2.5154
09223000,aifs,9,-0.0901,0.2620,0.3363,1.2309,239,2.9999
09306242,aifs,9,-0.6037,0.0470,0.2498,1.5861,239,3.5807
09312600,aifs,9,-0.2479,0.1755,0.2770,1.3576,239,3.4659
09352900,aifs,9,-0.2035,0.3101,0.4252,1.3805,239,4.8473
09378170,aifs,9,-0.1768,0.2605,0.2898,0.9502,239,3.7866
09378630,aifs,9,-0.1032,0.2665,0.3124,0.9139,239,3.8595
09386900,aifs,9,-0.0610,0.3227,0.4002,1.2815,239,2.3452
09404450,aifs,9,0.0649,0.4444,0.4803,1.1584,239,2.8276
09430500,aifs,9,-0.0551,0.3924,0.4083,0.9356,239,2.3503
09430600,aifs,9,-0.0887,0.3237,0.3590,0.8792,239,2.9829
09447800,aifs,9,-0.7453,0.2259,0.2915,1.2416,239,2.1690
09480000,aifs,9,0.1469,0.2242,0.4210,0.7307,239,3.2085
09484000,aifs,9,-0.2307,0.1593,0.2050,0.9823,239,3.7079
09484600,aifs,9,0.1853,0.3381,0.4720,0.8076,239,2.7667
09492400,aifs,9,0.0765,0.2192,0.3672,0.7944,239,4.5634
09494000,aifs,9,0.0257,0.3769,0.4128,0.9753,239,3.3609
09497800,aifs,9,-0.3769,0.3212,0.3437,1.1672,239,3.1181
09497980,aifs,9,-0.1830,0.3810,0.3839,1.0431,239,3.4331
09505200,aifs,9,0.0558,0.4267,0.5586,1.3627,239,2.8039
09505350,aifs,9,0.0705,0.4303,0.5513,1.3505,239,2.8654
09505800,aifs,9,0.0293,0.4249,0.5287,1.3292,239,3.0668
09508300,aifs,9,-0.1815,0.3970,0.4142,1.1426,239,3.2568
09510200,aifs,9,-0.1731,0.3156,0.3564,1.2107,239,3.2456
09512280,aifs,9,-0.3882,0.0621,0.2720,1.5883,239,3.1499
09513780,aifs,9,-0.4951,0.0825,0.2858,1.5749,239,2.8645
10023000,aifs,9,-0.0755,0.2485,0.3322,1.2405,239,3.7255
10166430,aifs,9,0.1423,0.4207,0.4733,0.9868,239,3.3152
10172700,aifs,9,-0.0517,0.3513,0.3875,1.1346,239,2.8019
10172800,aifs,9,0.0502,0.2937,0.3813,0.8691,239,3.5665
10173450,aifs,9,0.1688,0.4168,0.4829,0.9449,239,3.3174
10205030,aifs,9,0.0323,0.3106,0.3763,1.0198,239,2.9942
10234500,aifs,9,0.0646,0.3373,0.4048,0.9244,239,3.3929
10242000,aifs,9,0.2378,0.4099,0.5197,0.8531,239,3.3289
10244950,aifs,9,-0.3083,0.3269,0.3793,1.2565,239,3.2683
10249300,aifs,9,-0.1530,0.3719,0.4434,1.2898,239,2.4296
10258000,aifs,9,-0.0351,0.3439,0.4236,1.2912,239,3.6217
10258500,aifs,9,-0.8167,-0.2129,0.4184,1.9854,239,2.4559
10259000,aifs,9,-0.1316,0.3260,0.3957,1.2903,239,2.9374
10259200,aifs,9,-0.7227,-0.3341,0.4280,2.1490,239,2.6332
10263500,aifs,9,0.1040,0.2490,0.3947,0.7717,239,5.6004
10310500,aifs,9,-0.1617,0.3926,0.5286,1.3344,239,3.9205
10316500,aifs,9,0.1376,0.2852,0.4278,0.7903,239,3.4533
10329500,aifs,9,-0.0386,0.0748,0.2511,0.6885,239,3.3385
10336645,aifs,9,0.1729,0.5486,0.5711,1.1353,239,7.4767
10336660,aifs,9,0.2407,0.5648,0.5804,1.0361,239,7.7988
10343500,aifs,9,-0.0479,0.4742,0.4913,1.1298,239,5.5335
10348850,aifs,9,0.3012,0.2479,0.5577,0.6239,239,7.6232
10396000,aifs,9,0.0103,-0.1456,0.2602,0.4074,239,3.3443
11098000,aifs,9,0.1660,0.1624,0.4209,0.6494,239,7.4672
11124500,aifs,9,0.1865,0.2597,0.4421,0.8590,239,6.2612
11141280,aifs,9,0.3574,0.5234,0.6140,0.8710,239,5.0602
11143000,aifs,9,0.2195,0.1713,0.4829,0.5453,239,8.9529
11148900,aifs,9,0.0114,0.5286,0.5324,1.0266,239,5.4380
11151300,aifs,9,-0.3565,0.3908,0.4966,1.2091,239,4.3605
11162500,aifs,9,0.1964,0.3150,0.4895,0.6733,239,5.6939
11176400,aifs,9,0.1400,0.5615,0.5624,1.0218,239,3.1433
11180500,aifs,9,0.1337,0.5207,0.5296,0.9712,239,3.5533
11180960,aifs,9,0.2206,0.4058,0.5200,0.7690,239,4.0464
11224500,aifs,9,-0.3531,0.4079,0.4754,1.1406,239,3.7924
11253310,aifs,9,-0.7435,0.2710,0.4111,1.2262,239,3.5090
11264500,aifs,9,-1.9057,-0.3722,0.3834,1.9347,239,8.1028
11266500,aifs,9,-1.6127,-0.2480,0.3782,1.8386,239,8.2787
11274500,aifs,9,0.2814,0.6307,0.6320,1.0190,239,2.7441
11274630,aifs,9,0.2673,0.6248,0.6314,1.0702,239,2.5198
11284400,aifs,9,-0.3592,0.2751,0.4554,1.4339,239,5.9195
11299600,aifs,9,0.1266,0.4843,0.5801,1.2975,239,4.6360
11381500,aifs,9,0.1432,0.3557,0.4618,0.7824,239,8.3881
11383500,aifs,9,0.1169,0.3458,0.4463,0.7831,239,8.6465
11451100,aifs,9,-0.0147,0.4311,0.4532,0.8641,239,5.2286
11468500,aifs,9,0.2273,0.5243,0.5561,0.9348,239,5.8819
11473900,aifs,9,0.2307,0.4090,0.5271,0.7636,239,6.0353
11475560,aifs,9,0.3935,0.2049,0.6699,0.5142,239,10.1858
11476600,aifs,9,0.3573,0.5549,0.6217,0.8943,239,5.9023
11478500,aifs,9,0.2209,0.4327,0.5276,0.7968,239,6.5185
11480390,aifs,9,0.2934,0.4467,0.5685,0.7812,239,5.8448
11481200,aifs,9,0.3014,0.4150,0.5645,0.7764,239,6.6545
11482500,aifs,9,0.3301,0.3635,0.5829,0.6966,239,7.3011
11522500,aifs,9,0.1951,0.4929,0.5323,0.9055,239,5.3664
11523200,aifs,9,0.0978,0.4258,0.4796,0.8186,239,6.2580
11528700,aifs,9,0.2495,0.4656,0.5514,0.8117,239,5.2517
11532500,aifs,9,0.3302,0.3334,0.5828,0.6786,239,9.0656
12010000,aifs,9,0.2166,0.3143,0.4972,0.7320,239,10.1073
12013500,aifs,9,0.1873,0.4371,0.5050,0.8820,239,8.0731
12020000,aifs,9,0.1541,0.4851,0.5116,0.9708,239,6.8960
12025000,aifs,9,0.1486,0.4446,0.4884,0.9587,239,6.6625
12025700,aifs,9,-0.0101,0.4207,0.4786,1.2485,239,6.5368
12035000,aifs,9,0.0363,0.3355,0.4112,0.8014,239,10.8758
12040500,aifs,9,0.0550,0.4051,0.4507,0.8496,239,12.3981
12041200,aifs,9,0.0815,0.3294,0.4286,0.7772,239,13.4313
12043000,aifs,9,0.1006,0.4171,0.4695,0.8537,239,10.4655
12048000,aifs,9,-0.5445,0.0652,0.3822,1.6839,239,6.5176
12054000,aifs,9,0.0347,0.3479,0.4028,1.0985,239,8.7897
12056500,aifs,9,0.0017,0.3288,0.3799,0.9191,239,11.8639
12073500,aifs,9,-0.0715,0.3799,0.4155,1.1837,239,5.8948
12082500,aifs,9,0.0883,0.4577,0.4875,1.1209,239,9.1612
12092000,aifs,9,0.0931,0.4287,0.4645,1.0693,239,9.2210
12095000,aifs,9,-0.0602,0.3900,0.4674,1.2965,239,7.6149
12114500,aifs,9,0.2150,0.3442,0.4910,0.8142,239,10.2378
12115000,aifs,9,0.2144,0.3490,0.4910,0.8223,239,10.1891
12115500,aifs,9,0.2172,0.3719,0.4951,0.8656,239,10.2046
12117000,aifs,9,0.2090,0.3841,0.4953,0.8620,239,10.1489
12141300,aifs,9,0.1712,0.3261,0.4628,0.7958,239,12.1700
12143600,aifs,9,0.1883,0.3692,0.4790,0.8617,239,11.3152
12144000,aifs,9,0.1769,0.3951,0.4800,0.9023,239,10.6676
12145500,aifs,9,0.1456,0.4312,0.4822,0.9302,239,8.5748
12147600,aifs,9,0.1339,0.2409,0.4220,0.7289,239,15.2399
12167000,aifs,9,0.0575,0.3973,0.4346,1.0458,239,10.9162
12175500,aifs,9,-0.1488,0.3819,0.4052,1.1631,239,8.4720
12186000,aifs,9,0.0313,0.4065,0.4328,0.9714,239,11.4708
12189500,aifs,9,-0.0697,0.4190,0.4346,1.1196,239,10.1479
12358500,aifs,9,-0.0767,0.1403,0.2538,0.8118,239,7.1856
12377150,aifs,9,-0.0496,0.0814,0.2733,0.6415,239,6.8018
12381400,aifs,9,-0.0048,0.1554,0.3215,0.6884,239,5.9873
12390700,aifs,9,-0.1985,0.2991,0.3168,1.0751,239,5.0402
12411000,aifs,9,-0.2226,0.2702,0.2933,1.0988,239,6.1068
12414500,aifs,9,-0.0591,0.3363,0.3657,1.0094,239,5.7974
12447390,aifs,9,-1.3602,-0.3414,0.2038,2.0296,239,4.2614
12451000,aifs,9,-0.6877,0.1474,0.4238,1.5379,239,7.2655
12488500,aifs,9,0.1815,0.4585,0.5088,1.0768,239,7.3154
13011500,aifs,9,-0.2027,0.2482,0.3611,1.3844,239,4.0052
13011900,aifs,9,-0.1066,0.3012,0.3693,1.2567,239,3.7012
13018300,aifs,9,-0.0502,0.2805,0.3736,1.2837,239,3.7924
13023000,aifs,9,-0.1350,0.2871,0.3613,1.2821,239,3.2702
13161500,aifs,9,-0.6135,0.0549,0.2374,1.5571,239,2.7047
13235000,aifs,9,0.0034,0.3146,0.3709,0.9335,239,4.3759
13240000,aifs,9,0.0892,0.2463,0.3907,0.7703,239,5.4432
13310700,aifs,9,-0.0715,0.3304,0.3590,0.9860,239,4.5223
13313000,aifs,9,0.0517,0.2457,0.3686,0.7927,239,5.0944
13331500,aifs,9,0.0842,0.2284,0.3734,0.8060,239,4.8033
13337000,aifs,9,0.0616,0.3613,0.4193,0.8993,239,5.8032
13338500,aifs,9,-0.0357,0.3545,0.4036,1.1891,239,4.6822
13340000,aifs,9,0.0629,0.3908,0.4312,0.9926,239,4.8960
13340600,aifs,9,0.0574,0.3246,0.3999,0.8777,239,6.5362
14020000,aifs,9,0.1523,0.3055,0.4394,0.8242,239,4.4706
14092750,aifs,9,-0.0561,0.4764,0.4778,0.9646,239,5.7979
14096850,aifs,9,-0.1492,0.4167,0.4668,1.2265,239,3.7321
14137000,aifs,9,0.1235,0.4633,0.4926,0.9373,239,8.0331
14138800,aifs,9,0.2356,0.3362,0.5130,0.7370,239,10.2407
14138870,aifs,9,0.2767,0.3845,0.5447,0.7798,239,10.3191
14138900,aifs,9,0.2738,0.2739,0.5429,0.6637,239,12.2718
14139800,aifs,9,0.2667,0.3870,0.5424,0.7631,239,10.0982
14141500,aifs,9,0.2199,0.4679,0.5307,0.8916,239,8.9063
14154500,aifs,9,-0.2084,0.3886,0.3890,1.0219,239,6.1661
14158500,aifs,9,-0.1185,0.4321,0.4382,0.9174,239,7.5280
14158790,aifs,9,0.0921,0.3132,0.4446,0.6933,239,8.6809
14166500,aifs,9,0.0646,0.4549,0.4719,0.9650,239,6.1791
14182500,aifs,9,-0.1826,0.4220,0.4272,1.0718,239,8.8638
14185000,aifs,9,-0.2347,0.4300,0.4481,1.0947,239,8.0137
14185900,aifs,9,-0.0617,0.4518,0.4541,0.9596,239,8.9318
14187000,aifs,9,-0.1247,0.4290,0.4293,0.9974,239,7.9637
14216500,aifs,9,0.0506,0.4437,0.4628,1.0560,239,9.1035
14222500,aifs,9,0.2067,0.2245,0.4726,0.6982,239,13.3274
14236200,aifs,9,0.1712,0.4724,0.5105,1.0474,239,7.8524
14301000,aifs,9,0.1876,0.3167,0.4648,0.8180,239,8.0870
14303200,aifs,9,0.1107,0.1592,0.3913,0.6440,239,11.0018
14305500,aifs,9,0.0982,0.1295,0.3822,0.6005,239,13.1222
14306340,aifs,9,0.0980,0.4146,0.4739,0.8151,239,6.7516
14306500,aifs,9,0.0122,0.3881,0.4299,0.8449,239,7.6223
14308990,aifs,9,0.0100,0.4155,0.4337,0.9875,239,4.4845
14309500,aifs,9,0.3150,0.4818,0.5915,0.7876,239,5.5919
14316700,aifs,9,-0.1663,0.4187,0.4187,1.0030,239,5.7493
14325000,aifs,9,0.2037,0.3830,0.5136,0.7268,239,7.5214
14362250,aifs,9,0.0324,0.4513,0.4677,1.0861,239,4.1071
14400000,aifs,9,0.2176,0.3108,0.5016,0.6752,239,10.0370
01013500,aifs,10,-0.8857,-0.0248,0.0075,1.2484,239,7.5896
01022500,aifs,10,-0.9825,-0.0181,0.0028,1.2050,239,8.8810
01030500,aifs,10,-1.0468,0.0035,0.0228,1.1904,239,7.7619
01031500,aifs,10,-0.8749,0.0035,0.0202,1.1752,239,7.8131
01047000,aifs,10,-0.7491,-0.0100,0.0022,1.0815,239,8.1227
01052500,aifs,10,-0.7079,0.0414,0.0652,1.1890,239,7.3195
01054200,aifs,10,-0.5611,-0.0332,-0.0015,0.9730,239,9.0535
01055000,aifs,10,-0.7898,-0.0089,-0.0024,1.0178,239,7.7112
01057000,aifs,10,-0.7904,-0.0340,-0.0250,1.0084,239,8.1250
01073000,aifs,10,-0.9643,-0.0721,-0.0618,1.1256,239,8.5022
01078000,aifs,10,-0.7115,-0.0766,-0.0556,1.0259,239,8.2195
01118300,aifs,10,-0.2844,-0.0905,0.0245,0.8035,239,13.0935
01121000,aifs,10,-0.5444,-0.0444,-0.0006,0.8624,239,10.2606
01123000,aifs,10,-0.5273,-0.0565,-0.0063,0.8478,239,10.7282
01134500,aifs,10,-0.5705,0.0105,0.0333,1.0161,239,8.1933
01137500,aifs,10,-0.6127,0.0070,0.0276,1.0658,239,8.3496
01139000,aifs,10,-0.7261,-0.0549,-0.0223,1.1930,239,8.1339
01139800,aifs,10,-0.5510,-0.0598,-0.0219,0.9691,239,8.6197
01142500,aifs,10,-0.8215,-0.0503,-0.0268,1.1826,239,7.7821
01144000,aifs,10,-0.7021,-0.0583,-0.0389,1.0224,239,8.0982
01169000,aifs,10,-0.7327,-0.0653,-0.0446,1.0903,239,9.1511
01170100,aifs,10,-0.7853,-0.0747,-0.0534,1.1316,239,9.0558
01181000,aifs,10,-0.6617,-0.0330,-0.0134,1.0106,239,9.7522
01187300,aifs,10,-0.8237,0.0044,0.0230,1.1769,239,8.9357
01195100,aifs,10,-0.3136,-0.0262,0.0654,0.8048,239,11.0214
01333000,aifs,10,-0.6224,-0.0334,0.0004,1.1517,239,8.8903
01350000,aifs,10,-0.2254,-0.0079,0.0881,1.0118,239,11.1901
01350080,aifs,10,-0.3830,0.0380,0.0894,1.1176,239,9.2869
01350140,aifs,10,-0.4213,0.0290,0.0714,1.0647,239,8.9235
01365000,aifs,10,-0.3313,0.0700,0.1234,1.1119,239,9.7067
01411300,aifs,10,-0.1576,-0.0333,0.0993,0.8852,239,11.6164
01413500,aifs,10,-0.2619,-0.0192,0.0706,0.9377,239,10.7309
01414500,aifs,10,-0.2029,0.0022,0.1025,1.0169,239,11.1558
01415000,aifs,10,-0.4194,-0.0176,0.0334,0.9970,239,9.3706
01423000,aifs,10,-0.3987,-0.0072,0.0464,0.9531,239,9.2006
01434025,aifs,10,-0.1627,0.0242,0.1334,0.9274,239,11.5643
01435000,aifs,10,-0.2039,0.0334,0.1238,0.9846,239,11.0806
01439500,aifs,10,-0.2844,0.1239,0.1695,0.9371,239,8.6412
01440000,aifs,10,-0.2545,0.1280,0.1778,0.9583,239,9.0401
01440400,aifs,10,-0.2060,0.0856,0.1716,0.8336,239,9.2527
01451800,aifs,10,-0.3875,0.1297,0.1542,1.0158,239,8.0530
01466500,aifs,10,-0.4598,0.1080,0.1291,1.0668,239,8.6863
01484100,aifs,10,-0.3114,0.0807,0.1345,1.1022,239,8.9227
01485500,aifs,10,-0.1007,0.0462,0.1776,0.8598,239,9.8636
01486000,aifs,10,-0.0707,0.0617,0.1977,0.8868,239,9.9948
01487000,aifs,10,-0.2220,0.0927,0.1625,1.0801,239,9.1190
01491000,aifs,10,-0.5856,0.0869,0.1291,1.2549,239,7.8035
01510000,aifs,10,-0.5489,-0.0388,-0.0046,1.0155,239,9.0660
01516500,aifs,10,-0.3596,0.1126,0.1457,0.9665,239,6.7581
01518862,aifs,10,-0.3130,0.1163,0.1580,0.9402,239,7.0078
01532000,aifs,10,-0.2938,0.0428,0.1065,0.9633,239,7.9295
01539000,aifs,10,-0.2252,0.1050,0.1719,0.9047,239,8.0296
01542810,aifs,10,-0.2904,0.1196,0.1654,0.9336,239,7.4901
01543000,aifs,10,-0.3173,0.1373,0.1737,0.9318,239,7.2984
01543500,aifs,10,-0.2588,0.1178,0.1751,0.8850,239,7.6766
01544500,aifs,10,-0.2891,0.1313,0.1729,0.9597,239,7.1777
01545600,aifs,10,-0.2633,0.1346,0.1799,0.9956,239,7.2704
01547700,aifs,10,-0.1360,-0.1136,0.0608,0.8209,239,11.4497
01548500,aifs,10,-0.3330,0.1387,0.1703,0.9644,239,6.8161
01549500,aifs,10,-0.2285,0.1351,0.1882,0.9978,239,7.2833
01550000,aifs,10,-0.2000,0.0814,0.1587,0.9649,239,8.0248
01552000,aifs,10,-0.1982,0.0147,0.1164,0.9054,239,9.1526
01552500,aifs,10,-0.2748,0.0924,0.1486,0.9348,239,7.9153
01557500,aifs,10,-0.1779,-0.0728,0.0869,0.7398,239,10.2549
01567500,aifs,10,-0.2308,0.0272,0.1199,0.8570,239,8.6506
01568000,aifs,10,-0.3196,0.0738,0.1299,0.8778,239,7.9266
01580000,aifs,10,-0.4215,0.2132,0.2201,1.0421,239,7.4255
01583500,aifs,10,-0.4331,0.2038,0.2157,1.1006,239,7.4063
01586610,aifs,10,-0.4103,0.1901,0.2024,1.0619,239,7.4348
01591400,aifs,10,-0.1529,0.1466,0.2279,0.8369,239,8.7347
01596500,aifs,10,-0.4677,0.0148,0.0511,0.9724,239,8.8688
01605500,aifs,10,-0.3447,0.0415,0.0948,0.9487,239,7.7348
01606500,aifs,10,-0.4750,0.0632,0.0890,0.9689,239,7.5272
01613050,aifs,10,-0.3975,0.0574,0.1044,0.8631,239,7.8206
01620500,aifs,10,-0.4406,0.0500,0.0852,1.0709,239,6.7979
01632000,aifs,10,-0.2942,-0.0008,0.1119,0.7064,239,8.0184
01632900,aifs,10,-0.2822,-0.0092,0.0989,0.7424,239,7.7842
01634500,aifs,10,-0.3714,0.0510,0.1122,0.8073,239,8.1292
01638480,aifs,10,-0.3496,0.1122,0.1529,0.8834,239,7.9961
01639500,aifs,10,-0.4812,0.1517,0.1622,1.0427,239,7.4901
01644000,aifs,10,-0.4400,0.0941,0.1279,0.8582,239,7.7122
01658500,aifs,10,-0.3308,0.0631,0.1232,0.8474,239,8.3754
01664000,aifs,10,-0.3255,0.0727,0.1452,0.7711,239,7.8690
01666500,aifs,10,-0.3361,0.0338,0.1114,0.7783,239,7.9387
01667500,aifs,10,-0.3383,0.0557,0.1235,0.8015,239,7.5844
01669000,aifs,10,-0.1427,0.1132,0.1976,0.9677,239,8.6855
01669520,aifs,10,-0.1181,0.1118,0.2049,0.9725,239,8.5326
02011400,aifs,10,-0.3704,0.1056,0.1380,1.0163,239,6.9918
02011460,aifs,10,-0.4066,0.0793,0.1131,1.0596,239,7.5383
02013000,aifs,10,-0.1768,0.1582,0.2182,0.9527,239,6.8247
02014000,aifs,10,-0.2397,0.1927,0.2271,1.0000,239,6.2680
02015700,aifs,10,-0.3544,0.0584,0.1082,1.0923,239,7.1744
02016000,aifs,10,-0.3501,0.1510,0.1806,1.0922,239,6.2926
02017500,aifs,10,-0.3639,0.2038,0.2232,1.1097,239,5.8174
02018000,aifs,10,-0.4224,0.2108,0.2291,1.1452,239,5.6789
02027000,aifs,10,-0.2830,0.2223,0.2718,1.2345,239,5.9220
02027500,aifs,10,-0.2744,0.2107,0.2506,1.1767,239,6.1254
02028500,aifs,10,-0.2938,0.1461,0.1831,0.9586,239,6.4610
02038850,aifs,10,-0.1406,0.2482,0.2877,0.9831,239,6.3242
02046000,aifs,10,-0.2475,0.0796,0.1475,0.9097,239,7.6800
02051000,aifs,10,-0.2759,0.0178,0.0952,0.9116,239,8.2977
02051500,aifs,10,-0.3137,0.0630,0.1166,0.9757,239,7.6088
02053200,aifs,10,-0.2130,0.0228,0.1157,0.9261,239,8.0222
02053800,aifs,10,-0.3650,0.1608,0.1826,0.9623,239,6.2564
02055100,aifs,10,-0.4568,0.1330,0.2382,1.4088,239,5.7869
02056900,aifs,10,-0.2101,0.2034,0.2421,0.9499,239,6.5356
02059500,aifs,10,-0.3740,0.2780,0.2909,1.1314,239,5.4656
02064000,aifs,10,-0.2803,0.2727,0.3287,1.2736,239,5.6294
02065500,aifs,10,-0.3787,0.1935,0.2215,1.1670,239,6.2050
02069700,aifs,10,-0.2891,0.0948,0.1459,0.9600,239,8.0231
02070000,aifs,10,-0.3155,0.0672,0.1215,0.9265,239,8.0100
02074500,aifs,10,-0.3152,-0.0007,0.0763,1.1391,239,8.5459
02077200,aifs,10,-0.5206,0.1336,0.1580,1.1734,239,6.8321
02081500,aifs,10,-0.3613,0.0894,0.1306,1.0897,239,7.4133
02082950,aifs,10,-0.4459,0.0863,0.1348,1.2241,239,6.5636
02092500,aifs,10,-0.3046,0.1013,0.1527,1.1149,239,7.1689
02096846,aifs,10,-0.2129,-0.0225,0.0817,1.0033,239,9.9259
02102908,aifs,10,-0.2577,-0.0318,0.0620,0.9511,239,9.3032
02108000,aifs,10,-0.2407,0.1060,0.1647,1.0195,239,7.2117
02111180,aifs,10,-0.2491,0.1024,0.1636,0.9098,239,8.3330
02111500,aifs,10,-0.3791,0.0505,0.0950,0.9469,239,8.5964
02118500,aifs,10,-0.6013,0.0877,0.0976,1.0565,239,7.9044
02128000,aifs,10,-0.3383,0.1078,0.1459,1.0398,239,7.6383
02137727,aifs,10,-0.2838,0.0203,0.0963,0.8978,239,9.4743
02140991,aifs,10,-0.3524,0.1010,0.1378,0.9715,239,8.3624
02143000,aifs,10,-0.4101,0.0977,0.1256,0.9876,239,8.3934
02143040,aifs,10,-0.4041,0.1182,0.1428,0.9768,239,8.3166
02149000,aifs,10,-0.2036,-0.0289,0.0950,0.8079,239,10.9762
02152100,aifs,10,-0.4678,0.1210,0.1370,1.0196,239,8.1328
02177000,aifs,10,-0.4665,0.0631,0.0911,1.0551,239,10.8898
02178400,aifs,10,-0.5925,0.0960,0.1056,1.0582,239,9.6172
02193340,aifs,10,-0.3295,0.0871,0.1479,1.1941,239,8.3837
02196000,aifs,10,-0.2731,-0.0013,0.0791,0.9739,239,8.9930
02198100,aifs,10,-0.0552,0.0209,0.1880,0.8253,239,10.7473
02202600,aifs,10,-0.6273,0.1035,0.1647,1.3231,239,7.6598
02212600,aifs,10,-0.2438,0.1236,0.1778,1.0576,239,9.5271
02215100,aifs,10,-0.3563,0.1040,0.1395,1.0322,239,9.8594
02216180,aifs,10,-0.2438,0.0596,0.1310,0.9707,239,11.1205
02221525,aifs,10,-0.2663,0.1759,0.2136,1.0905,239,8.5558
02231000,aifs,10,-0.2094,0.2329,0.2624,0.9830,239,7.3704
02231342,aifs,10,-0.3981,0.1590,0.2153,1.2712,239,7.9876
02235200,aifs,10,-0.0455,0.3085,0.3536,1.0696,239,7.0983
02245500,aifs,10,-0.1969,0.2468,0.3011,1.2198,239,6.9737
02246000,aifs,10,-0.2909,0.2721,0.2908,1.1292,239,6.6684
02296500,aifs,10,-0.1861,0.3711,0.3803,1.0961,239,6.6409
02297155,aifs,10,-0.2315,0.1545,0.2022,1.0454,239,9.2204
02297310,aifs,10,-0.3117,0.1665,0.1947,0.9818,239,8.9586
02298123,aifs,10,-0.4900,0.1336,0.1530,1.1239,239,8.7576
02298608,aifs,10,-0.2719,0.1338,0.1782,0.9608,239,9.5381
02299950,aifs,10,-0.3478,0.1302,0.1648,1.0927,239,9.1396
02300700,aifs,10,-0.1488,0.1293,0.2101,1.0991,239,10.0274
02310947,aifs,10,-0.2304,0.1462,0.2042,1.1354,239,8.5501
02312200,aifs,10,-0.1322,0.1122,0.2045,1.1025,239,9.6744
02314500,aifs,10,-0.1886,0.1638,0.2206,0.9252,239,8.4414
02315500,aifs,10,-0.2263,0.1928,0.2328,0.9244,239,7.8315
02324400,aifs,10,-0.0206,0.0927,0.2463,0.8354,239,10.5471
02327100,aifs,10,-0.2987,0.0911,0.1435,0.9192,239,10.0895
02349900,aifs,10,-0.2140,0.1196,0.1826,0.9365,239,10.4155
02350900,aifs,10,-0.5739,0.1368,0.1454,1.0880,239,9.3395
02361000,aifs,10,-0.7470,0.1310,0.1435,1.1461,239,9.4045
02363000,aifs,10,-0.4642,0.1481,0.1677,1.1240,239,9.5119
02369800,aifs,10,-0.1691,0.0601,0.1688,0.8062,239,13.9580
02371500,aifs,10,-0.2766,0.1085,0.1590,1.0487,239,10.5443
02372250,aifs,10,-0.2409,0.1355,0.1863,0.9586,239,10.1716
02374500,aifs,10,-0.2226,0.0984,0.1693,0.8870,239,11.0812
02381600,aifs,10,-0.2491,0.0262,0.1085,0.9129,239,11.2542
02384540,aifs,10,-0.1823,0.1442,0.2073,0.9509,239,9.5369
02395120,aifs,10,-0.2991,0.1584,0.2071,1.1850,239,8.5439
02408540,aifs,10,-0.1070,0.2150,0.2742,1.0082,239,9.9590
02415000,aifs,10,-0.0397,0.2010,0.2907,0.9185,239,10.3908
02422500,aifs,10,-0.2569,0.1826,0.2222,1.1098,239,9.8110
02427250,aifs,10,-0.2794,0.2229,0.2443,1.0508,239,8.6768
02430085,aifs,10,-0.1523,0.1215,0.2029,1.0881,239,9.2641
02450250,aifs,10,-0.0612,0.1273,0.2419,0.8825,239,9.9488
02464000,aifs,10,0.0424,0.1653,0.3089,0.9277,239,10.9972
02465493,aifs,10,-0.2010,0.2039,0.2460,1.0770,239,9.3569
02469800,aifs,10,-0.2245,0.1361,0.1929,0.9180,239,10.0273
02472000,aifs,10,-0.1472,0.0721,0.1808,0.8295,239,11.2029
02472500,aifs,10,-0.1177,0.0383,0.1789,0.7735,239,12.0624
02479155,aifs,10,-0.0476,0.0680,0.2205,0.8172,239,13.5095
02479300,aifs,10,0.0125,-0.0197,0.2337,0.6843,239,17.4062
02481000,aifs,10,0.0126,-0.0845,0.2182,0.6192,239,20.9106
02481510,aifs,10,0.0535,0.0169,0.2990,0.6316,239,16.8309
03010655,aifs,10,-0.3162,0.0801,0.1321,0.9122,239,7.5836
03011800,aifs,10,-0.2124,0.0803,0.1593,0.8891,239,8.5158
03015500,aifs,10,-0.4773,0.1424,0.1542,1.0336,239,7.8343
03021350,aifs,10,-0.3442,0.1063,0.1441,0.9522,239,8.7065
03026500,aifs,10,-0.2409,0.0988,0.1637,0.9025,239,8.0932
03028000,aifs,10,-0.2403,0.0935,0.1599,0.9050,239,8.3636
03049800,aifs,10,-0.2822,0.0111,0.0887,0.9143,239,10.0254
03050000,aifs,10,-0.2642,0.0586,0.1267,0.9326,239,10.3727
03066000,aifs,10,-0.3796,0.0096,0.0679,0.8864,239,9.6467
03069500,aifs,10,-0.4048,0.0564,0.0952,0.9438,239,9.1477
03070500,aifs,10,-0.5289,0.0606,0.0799,0.9796,239,9.4436
03076600,aifs,10,-0.3537,-0.0239,0.0499,0.8650,239,10.4524
03078000,aifs,10,-0.3723,-0.0281,0.0361,0.9427,239,10.3878
03140000,aifs,10,-0.1805,0.1729,0.2273,0.9550,239,7.7287
03144000,aifs,10,-0.1775,0.0173,0.1415,0.7841,239,9.4741
03159540,aifs,10,-0.2176,-0.0488,0.0780,0.7998,239,10.2564
03161000,aifs,10,-0.3148,0.1031,0.1469,0.9576,239,7.8056
03164000,aifs,10,-0.4198,0.0931,0.1215,0.9517,239,7.1084
03165000,aifs,10,-0.2907,0.0595,0.1254,0.8788,239,8.0924
03170000,aifs,10,-0.2780,0.1851,0.2162,0.9407,239,6.3117
03173000,aifs,10,-0.3153,0.2109,0.2290,0.9674,239,5.7094
03180500,aifs,10,-0.4259,0.1071,0.1354,1.0986,239,8.1266
03182500,aifs,10,-0.4804,0.1033,0.1255,1.0992,239,7.5411
03186500,aifs,10,-0.3322,0.0951,0.1384,0.9394,239,8.5596
03187500,aifs,10,-0.3474,0.0928,0.1326,0.9655,239,8.5167
03213700,aifs,10,-0.1686,0.1678,0.2260,1.0195,239,7.6301
03237280,aifs,10,-0.3465,0.0010,0.0638,0.9469,239,9.0368
03237500,aifs,10,-0.2832,0.0183,0.0936,0.9153,239,8.9134
03241500,aifs,10,-0.1820,-0.1032,0.0549,0.7804,239,10.8318
03280700,aifs,10,-0.3176,0.1214,0.1650,1.1109,239,8.3037
03281100,aifs,10,-0.4526,0.0861,0.1143,1.0940,239,8.3518
03281500,aifs,10,-0.4744,0.0838,0.1094,1.0919,239,8.1409
03285000,aifs,10,-0.3549,-0.0268,0.0397,0.9850,239,10.4278
03291780,aifs,10,-0.1190,-0.0352,0.1189,0.8464,239,10.9077
03300400,aifs,10,-0.2199,0.0326,0.1228,0.8961,239,10.6660
03340800,aifs,10,-0.1750,0.0347,0.1459,0.8288,239,11.2255
03346000,aifs,10,-0.1682,0.0977,0.1887,0.8482,239,9.4462
03364500,aifs,10,-0.0293,-0.0821,0.1695,0.6864,239,13.4141
03366500,aifs,10,-0.1098,-0.0112,0.1392,0.8427,239,10.6659
03368000,aifs,10,-0.0185,-0.0756,0.1900,0.6569,239,13.1592
03384450,aifs,10,-0.2781,0.0420,0.1092,0.9986,239,10.7506
03439000,aifs,10,-0.4540,0.0795,0.1050,0.9713,239,9.6023
03450000,aifs,10,-0.3475,0.0972,0.1356,0.9795,239,7.6133
03455500,aifs,10,-0.5080,0.1209,0.1329,0.9744,239,8.8714
03456500,aifs,10,-0.3636,0.1085,0.1480,0.8823,239,7.9030
03460000,aifs,10,-0.4140,0.0732,0.1078,0.9306,239,8.5493
03463300,aifs,10,-0.2771,0.0335,0.1166,0.8269,239,9.0204
03471500,aifs,10,-0.3284,0.1002,0.1416,0.9708,239,7.0204
03473000,aifs,10,-0.3019,0.1119,0.1563,0.9511,239,7.1929
03479000,aifs,10,-0.4048,0.1532,0.1706,0.9949,239,7.1175
03488000,aifs,10,-0.2435,0.1571,0.2005,0.9995,239,6.8925
03498500,aifs,10,-0.3774,0.1085,0.1405,0.9431,239,9.0086
03500000,aifs,10,-0.6730,0.0836,0.0968,1.1330,239,9.5665
03504000,aifs,10,-0.4506,0.0518,0.0874,0.9012,239,10.5255
03574500,aifs,10,-0.1425,0.1316,0.2094,0.9926,239,9.9308
03604000,aifs,10,-0.1575,0.0667,0.1693,0.8643,239,10.4776
04015330,aifs,10,-0.0808,0.2119,0.2808,1.0403,239,6.7784
04024430,aifs,10,-0.5359,0.1117,0.1539,1.2494,239,6.2357
04027000,aifs,10,-0.7395,-0.0069,0.0887,1.4236,239,5.9878
04040500,aifs,10,-0.4601,0.0562,0.0853,1.0242,239,6.4398
04043050,aifs,10,-0.4392,0.1287,0.1476,0.9529,239,5.8452
04045500,aifs,10,-0.6059,-0.0191,0.0054,1.0488,239,6.4720
04056500,aifs,10,-0.6278,-0.0158,0.0064,1.0635,239,6.0791
04057510,aifs,10,-0.4404,-0.0289,0.0209,0.9740,239,6.7094
04057800,aifs,10,-0.2668,0.1605,0.1982,1.0023,239,6.0663
04059500,aifs,10,-0.3816,0.0594,0.1004,1.0222,239,6.1025
04063700,aifs,10,-0.4550,0.0335,0.0883,1.2161,239,5.7499
04074950,aifs,10,-0.4133,0.0246,0.0687,1.0520,239,6.2593
04105700,aifs,10,-0.1249,0.2289,0.2794,1.0468,239,7.6442
04115265,aifs,10,-0.0892,0.1990,0.2697,1.0227,239,7.5031
04122200,aifs,10,-0.3197,0.0547,0.1089,0.9902,239,8.2772
04122500,aifs,10,-0.4130,0.0174,0.0621,0.9789,239,8.0590
04124000,aifs,10,-0.2100,-0.1293,0.0463,0.6834,239,9.4791
04127997,aifs,10,-0.2046,-0.0763,0.0789,0.7181,239,8.5149
04185000,aifs,10,-0.2612,0.2927,0.3021,1.0472,239,7.3871
04196800,aifs,10,-0.3222,0.2036,0.2218,1.0150,239,8.1256
04197100,aifs,10,-0.0677,0.2802,0.3278,1.0411,239,8.1708
04197170,aifs,10,-0.1088,0.3248,0.3550,1.1150,239,7.5357
04213000,aifs,10,-0.4717,0.1574,0.1722,1.0992,239,7.7666
04213075,aifs,10,-0.4133,0.0924,0.1234,1.0748,239,8.5579
04216418,aifs,10,-0.3180,0.0491,0.1153,0.8508,239,8.5098
04221000,aifs,10,-0.3217,0.1165,0.1553,0.9678,239,7.1267
04224775,aifs,10,-0.2973,0.0814,0.1336,0.9854,239,7.8455
04256000,aifs,10,-0.6408,0.0556,0.0671,1.0673,239,7.6525
04296000,aifs,10,-0.6352,0.0436,0.0686,1.1692,239,7.9847
05057000,aifs,10,-0.3214,0.1468,0.2639,1.4114,239,4.2949
05057200,aifs,10,-0.2830,0.1517,0.3111,1.4848,239,3.9024
05062500,aifs,10,-0.3813,0.0849,0.1776,1.3510,239,5.1734
05087500,aifs,10,-0.3980,0.0289,0.1275,1.3523,239,6.2905
05120500,aifs,10,-0.1708,0.2023,0.3202,1.3796,239,4.3530
05123400,aifs,10,-0.2059,0.1332,0.2000,1.1324,239,5.5230
05129115,aifs,10,-0.5775,0.0502,0.1505,1.4142,239,5.5539
05131500,aifs,10,-0.5845,0.0764,0.1819,1.4252,239,5.2315
05291000,aifs,10,-0.2313,-0.0838,0.0379,1.1335,239,7.6175
05362000,aifs,10,-0.4300,0.1057,0.1617,1.2602,239,6.1525
05393500,aifs,10,-0.3191,0.0983,0.1542,1.1674,239,6.4716
05399500,aifs,10,-0.2437,0.0181,0.1016,0.9628,239,7.9141
05408000,aifs,10,-0.2043,-0.0654,0.0618,0.8593,239,9.8792
05412500,aifs,10,-0.3673,-0.0320,0.0341,0.9444,239,8.8488
05413500,aifs,10,-0.3448,-0.0800,0.0047,0.9087,239,9.9972
05414000,aifs,10,-0.3305,-0.0508,0.0280,0.9529,239,9.7437
05444000,aifs,10,-0.5894,0.0104,0.0482,1.1967,239,9.1185
05454000,aifs,10,-0.2699,0.0389,0.1096,0.9626,239,9.7503
05458000,aifs,10,-0.2842,-0.0390,0.0492,0.9496,239,8.9465
05466500,aifs,10,-0.1694,-0.0327,0.1084,0.7842,239,11.4130
05487980,aifs,10,-0.2818,-0.0015,0.0784,0.9294,239,10.1865
05488200,aifs,10,-0.2166,-0.0872,0.0386,0.8911,239,12.0411
05489000,aifs,10,-0.2189,-0.0512,0.0662,0.8656,239,11.1667
05495000,aifs,10,-0.0765,0.2087,0.2807,0.9496,239,7.6630
05495500,aifs,10,-0.0775,0.0774,0.2109,0.8282,239,9.2003
05501000,aifs,10,-0.1145,-0.0381,0.1249,0.7986,239,10.6059
05503800,aifs,10,-0.1694,0.0767,0.1673,0.9139,239,8.5377
05507600,aifs,10,-0.3716,0.0931,0.1281,0.9836,239,7.7088
05508805,aifs,10,-0.3651,0.1108,0.1441,0.9462,239,7.5677
05514500,aifs,10,-0.3443,0.0588,0.1118,0.8936,239,8.2365
05525500,aifs,10,-0.3356,0.0669,0.1178,0.9159,239,9.4293
05556500,aifs,10,-0.3162,0.0220,0.0881,0.9181,239,10.3396
05584500,aifs,10,-0.0488,-0.0201,0.1722,0.7869,239,11.6528
05585000,aifs,10,-0.0588,0.0165,0.1850,0.8117,239,10.7004
05591550,aifs,10,-0.1208,0.0866,0.1985,0.8365,239,9.6402
05592050,aifs,10,-0.2371,0.1165,0.1738,0.9535,239,8.4760
05592575,aifs,10,-0.1369,0.0165,0.1620,0.7459,239,10.3597
05593575,aifs,10,-0.2800,0.0607,0.1243,0.9327,239,9.3186
05593900,aifs,10,-0.2267,0.0047,0.1111,0.8105,239,9.7600
05595730,aifs,10,-0.2738,0.1144,0.1633,0.9721,239,8.8410
06037500,aifs,10,-0.4532,0.1248,0.1985,1.3308,239,4.7051
06043500,aifs,10,-0.4457,0.1523,0.2243,1.3289,239,4.5724
06154410,aifs,10,-0.1196,-0.0631,0.0988,0.8543,239,5.1353
06188000,aifs,10,-0.6881,0.0891,0.2045,1.4435,239,3.9142
06191500,aifs,10,-0.6716,0.0964,0.2079,1.4346,239,3.9467
06221400,aifs,10,-0.6601,0.0795,0.1520,1.3557,239,3.7742
06224000,aifs,10,-0.6144,0.0517,0.1201,1.3382,239,3.9340
06289000,aifs,10,-0.9670,-0.0835,0.2213,1.7366,239,4.0061
06332515,aifs,10,-0.6274,-0.0097,0.2424,1.6662,239,4.2120
06339100,aifs,10,-1.3001,-0.2057,0.2187,1.8536,239,3.9713
06339500,aifs,10,-0.5946,0.1000,0.3094,1.5657,239,3.9221
06344600,aifs,10,-0.7060,0.0001,0.1575,1.5385,239,4.5030
06350000,aifs,10,-0.7368,0.1564,0.2958,1.4248,239,3.8240
06352000,aifs,10,-1.7321,-0.1429,0.1157,1.5943,239,4.1208
06353000,aifs,10,-1.1427,0.0259,0.2297,1.5139,239,3.9151
06354000,aifs,10,-0.6291,0.1919,0.3232,1.4103,239,3.7183
06360500,aifs,10,-1.5501,-0.0675,0.1589,1.5255,239,4.0451
06404000,aifs,10,-0.6369,0.0851,0.2871,1.5645,239,4.2740
06406000,aifs,10,-0.8106,0.0658,0.2598,1.5449,239,4.1174
06408700,aifs,10,-1.1449,-0.0003,0.1730,1.5155,239,4.2546
06409000,aifs,10,-1.0154,0.0349,0.2191,1.5237,239,4.0632
06431500,aifs,10,-0.9621,0.0236,0.1669,1.4911,239,4.5457
06440200,aifs,10,-0.5241,0.1301,0.1539,1.1706,239,5.2623
06441500,aifs,10,-0.9813,0.0681,0.0832,1.1491,239,4.9196
06447000,aifs,10,-0.7761,0.0978,0.1254,1.2214,239,4.5324
06447500,aifs,10,-0.7286,0.0415,0.0676,1.2071,239,5.2259
06450500,aifs,10,-0.5295,0.0304,0.0549,1.0213,239,5.7044
06452000,aifs,10,-0.6846,0.1065,0.1157,1.1181,239,4.7180
06453600,aifs,10,-0.1925,0.0843,0.1624,0.9865,239,5.8751
06464500,aifs,10,-0.2091,-0.0115,0.0959,0.8829,239,6.8034
06477500,aifs,10,-0.2877,0.0795,0.1382,1.0958,239,5.6800
06479215,aifs,10,-0.1687,-0.0654,0.0754,1.1475,239,7.5859
06479438,aifs,10,-0.1952,-0.0546,0.0780,1.1888,239,7.1243
06601000,aifs,10,-0.0263,0.1506,0.2786,1.1932,239,7.5927
06614800,aifs,10,-0.0840,0.0711,0.1930,0.9682,239,5.6002
06622700,aifs,10,-0.1124,0.2143,0.2780,1.1098,239,3.7641
06623800,aifs,10,-0.1793,0.2059,0.2805,1.2495,239,4.1642
06632400,aifs,10,-0.1632,0.1457,0.2257,1.1708,239,4.1878
06784000,aifs,10,-0.1183,0.1647,0.2393,1.0446,239,5.8085
06803510,aifs,10,-0.2024,0.0170,0.1143,1.0608,239,9.0556
06803530,aifs,10,-0.2810,0.0620,0.1341,1.1630,239,8.0212
06814000,aifs,10,-0.1604,0.0728,0.1662,1.0628,239,8.2218
06846500,aifs,10,-0.0377,0.3229,0.3771,1.1702,239,4.2504
06847900,aifs,10,0.0197,0.2693,0.3599,1.1619,239,5.0270
06853800,aifs,10,-0.3731,0.0951,0.1507,1.2169,239,6.3087
06876700,aifs,10,-0.0259,-0.0244,0.1818,0.7989,239,10.0681
06878000,aifs,10,-0.1153,0.0321,0.1564,0.9379,239,8.4739
06879650,aifs,10,-0.1182,-0.0641,0.1154,0.7463,239,10.1929
06885500,aifs,10,-0.1212,0.0090,0.1428,0.8830,239,9.3599
06888500,aifs,10,-0.1091,-0.0597,0.1127,0.8022,239,10.5777
06889200,aifs,10,-0.0934,0.0461,0.1767,0.9032,239,9.4837
06889500,aifs,10,-0.0886,0.0724,0.1946,0.9095,239,9.1437
06892000,aifs,10,-0.0894,0.0601,0.1921,0.8510,239,9.6910
06903400,aifs,10,-0.2094,0.0124,0.1104,0.9126,239,10.4162
06906800,aifs,10,-0.1678,-0.0878,0.1066,0.6320,239,11.8697
06910800,aifs,10,-0.1096,-0.0113,0.1443,0.8024,239,10.0513
06911900,aifs,10,-0.1162,-0.0492,0.1226,0.7643,239,10.6473
06917000,aifs,10,-0.2690,-0.0753,0.0513,0.7444,239,12.3700
06918460,aifs,10,-0.3156,-0.0591,0.0365,0.8274,239,11.4881
06919500,aifs,10,-0.3498,-0.0354,0.0453,0.8353,239,11.0641
06921070,aifs,10,-0.2127,-0.1035,0.0623,0.6850,239,12.5677
06921200,aifs,10,-0.1745,-0.1021,0.0711,0.7112,239,13.1314
06934000,aifs,10,-0.3880,-0.0244,0.0447,0.8415,239,10.2383
07014500,aifs,10,-0.2453,-0.1680,-0.0022,0.6989,239,12.9774
07056000,aifs,10,-0.3056,0.2079,0.2285,1.0474,239,10.2018
07057500,aifs,10,-0.3463,0.1415,0.1699,0.9783,239,9.6957
07060710,aifs,10,0.0035,0.2997,0.3617,1.0592,239,9.4006
07066000,aifs,10,-0.3906,0.0884,0.1215,0.9738,239,9.7974
07067000,aifs,10,-0.5001,0.1009,0.1165,1.0055,239,9.0014
07068000,aifs,10,-0.5362,0.1321,0.1412,1.0518,239,8.5580
07071500,aifs,10,-0.4311,0.1639,0.1771,1.0385,239,8.8853
07083000,aifs,10,-0.6034,0.0093,0.2057,1.5908,239,3.6622
07142300,aifs,10,-0.4243,0.0678,0.1228,1.2281,239,6.2523
07145700,aifs,10,-0.1379,-0.1389,0.0344,0.8891,239,12.4028
07148400,aifs,10,-0.5097,0.1068,0.1798,1.3412,239,5.4808
07149000,aifs,10,-0.7183,0.0670,0.1605,1.4068,239,5.5444
07151500,aifs,10,-0.2492,-0.0237,0.0718,1.0807,239,8.7950
07167500,aifs,10,-0.3446,0.0191,0.0772,1.0330,239,9.1580
07180500,aifs,10,-0.2100,0.0158,0.1103,0.9573,239,8.8591
07184000,aifs,10,-0.2411,-0.1244,0.0080,0.8365,239,14.5177
07195800,aifs,10,-0.3281,-0.0183,0.0526,1.0274,239,12.6830
07196900,aifs,10,-0.5166,0.0472,0.0895,1.2070,239,12.0139
07197000,aifs,10,-0.5628,0.0464,0.0724,1.1346,239,11.7432
07208500,aifs,10,-0.4184,0.1448,0.2168,1.3235,239,3.0971
07226500,aifs,10,-0.4163,0.2038,0.2421,1.2326,239,2.9300
07261000,aifs,10,-0.4474,0.1392,0.1666,1.1578,239,10.3931
07263295,aifs,10,-0.3798,0.1782,0.2340,1.2751,239,10.7773
07290650,aifs,10,-0.1103,0.1441,0.2309,0.9159,239,10.1314
07291000,aifs,10,-0.1099,0.1416,0.2307,0.9001,239,10.2562
07292500,aifs,10,-0.0934,0.1496,0.2426,0.8873,239,10.2585
07295000,aifs,10,-0.0231,0.1321,0.2606,0.8895,239,11.1958
07299670,aifs,10,-0.3872,0.0280,0.0953,1.2209,239,5.3816
07301410,aifs,10,-0.2661,-0.1026,0.0246,1.2267,239,6.2912
07301500,aifs,10,-0.6980,-0.0574,0.0664,1.4843,239,4.2285
07315200,aifs,10,-0.2909,0.1831,0.2136,1.0775,239,7.6798
07315700,aifs,10,-0.7017,0.0350,0.1351,1.4270,239,7.7673
07335700,aifs,10,-0.2548,0.2252,0.2494,1.0401,239,12.2920
07340300,aifs,10,-0.4919,0.2668,0.3219,1.2653,239,10.1480
07346045,aifs,10,-0.5901,0.1464,0.3630,1.5366,239,9.1317
07359610,aifs,10,-0.3222,0.2733,0.2872,1.1176,239,10.6560
07362100,aifs,10,-0.7817,0.0357,0.1816,1.5060,239,9.4648
07362587,aifs,10,-0.2812,0.1876,0.2238,1.1285,239,11.6234
07373000,aifs,10,-0.2073,0.0953,0.1660,1.0296,239,10.0194
07375000,aifs,10,0.0161,0.1264,0.2810,0.8541,239,13.5232
07376000,aifs,10,0.0134,0.1564,0.2929,0.8752,239,11.8649
08013000,aifs,10,-0.0859,0.1126,0.2187,0.9393,239,10.6283
08014500,aifs,10,0.0134,0.2030,0.3139,0.9148,239,9.8393
08023080,aifs,10,-0.5367,0.0539,0.1191,1.3128,239,11.5267
08025500,aifs,10,-0.1222,0.0862,0.1870,0.9780,239,11.6666
08029500,aifs,10,-0.1059,0.0716,0.1876,0.9011,239,12.1469
08050800,aifs,10,-0.3206,0.1421,0.1783,1.0912,239,10.9943
08066200,aifs,10,-0.1214,0.0203,0.1528,0.8540,239,14.5883
08066300,aifs,10,-0.0252,-0.0462,0.1660,0.8317,239,17.9809
08070000,aifs,10,-0.2003,0.2256,0.2629,1.0910,239,9.9541
08070200,aifs,10,-0.1603,0.2310,0.2725,1.0531,239,10.0145
08079600,aifs,10,-0.3888,0.0429,0.0923,1.1210,239,3.5592
08082700,aifs,10,-0.3032,0.0531,0.1401,1.2638,239,6.0625
08086212,aifs,10,-0.2459,0.1787,0.2200,1.0967,239,6.8731
08086290,aifs,10,-0.4067,0.1515,0.1826,1.1660,239,7.2696
08101000,aifs,10,-0.8303,0.0597,0.1734,1.4394,239,8.2925
08103900,aifs,10,-0.1729,0.2121,0.2554,1.0241,239,10.0717
08104900,aifs,10,-0.1952,0.1286,0.1921,0.9851,239,11.5054
08109700,aifs,10,-0.0246,0.2338,0.3248,1.1733,239,10.7573
08150800,aifs,10,-0.1374,-0.0443,0.1198,0.7406,239,11.3567
08155200,aifs,10,-0.4602,0.0979,0.1585,1.2878,239,10.0188
08158700,aifs,10,-0.5288,0.0984,0.1528,1.2884,239,9.6294
08158810,aifs,10,-0.6050,0.1196,0.1668,1.2810,239,9.3855
08164000,aifs,10,-0.0779,0.2952,0.3556,1.2053,239,7.7077
08164300,aifs,10,0.0535,0.2608,0.3604,1.0690,239,9.3930
08164600,aifs,10,-0.1372,0.2515,0.3089,1.1926,239,7.9787
08165300,aifs,10,-0.1543,0.0422,0.1523,0.8755,239,10.2641
08171300,aifs,10,-0.3835,0.1154,0.1634,1.2069,239,9.9236
08175000,aifs,10,-0.0779,0.2717,0.3228,1.0930,239,9.0470
08176900,aifs,10,-0.0509,0.3392,0.4024,1.2425,239,7.0780
08178880,aifs,10,-0.1262,0.0517,0.1645,0.9387,239,11.3306
08189500,aifs,10,-0.0971,0.2517,0.3145,1.1716,239,7.7557
08190000,aifs,10,-0.0050,-0.0857,0.1811,0.6854,239,14.4921
08190500,aifs,10,0.0007,-0.0956,0.1807,0.6852,239,13.8038
08194200,aifs,10,0.0152,0.1597,0.2980,0.8415,239,8.5996
08195000,aifs,10,-0.0473,-0.0328,0.1646,0.7856,239,13.3487
08196000,aifs,10,-0.0031,-0.0444,0.1909,0.7671,239,14.9581
08198500,aifs,10,-0.0441,0.0203,0.1928,0.8236,239,12.8420
08200000,aifs,10,-0.0434,0.0637,0.2106,0.9045,239,12.3523
08202700,aifs,10,0.0068,0.0633,0.2453,0.8312,239,12.9150
08267500,aifs,10,-0.1192,0.1065,0.2012,0.9714,239,4.0212
08269000,aifs,10,-0.3642,0.1323,0.1867,1.2364,239,3.2906
08271000,aifs,10,-0.0965,0.0966,0.2058,0.9184,239,4.1444
08324000,aifs,10,-0.4341,0.1709,0.2263,1.2850,239,2.7700
08377900,aifs,10,-0.2141,0.0988,0.1680,1.0642,239,4.1737
08378500,aifs,10,-0.3142,0.1286,0.1778,1.1630,239,3.7822
08380500,aifs,10,-0.3468,0.1127,0.1542,1.1213,239,3.5793
09034900,aifs,10,-0.0535,0.2414,0.3078,1.0403,239,4.0611
09035900,aifs,10,-0.2950,0.2579,0.3252,1.3025,239,3.3260
09047700,aifs,10,-0.3021,0.2263,0.3177,1.3571,239,3.1659
09065500,aifs,10,-0.3224,0.2231,0.2994,1.3255,239,3.4313
09066000,aifs,10,-0.5492,0.1275,0.3163,1.5374,239,3.1648
09066200,aifs,10,-0.2965,0.2134,0.2803,1.2915,239,3.5973
09066300,aifs,10,-0.3355,0.2059,0.2756,1.3088,239,3.5529
09081600,aifs,10,-0.2396,0.0972,0.2306,1.4013,239,4.8502
09107000,aifs,10,-0.9758,-0.2642,0.2151,1.9818,239,3.4669
09210500,aifs,10,-0.1014,0.2547,0.3196,1.1897,239,2.4463
09223000,aifs,10,-0.1401,0.2321,0.2978,1.2053,239,3.0679
09306242,aifs,10,-0.5115,0.0302,0.1296,1.3982,239,3.4763
09312600,aifs,10,-0.0911,0.1832,0.2821,1.2297,239,3.2407
09352900,aifs,10,-0.3269,0.1973,0.2593,1.2839,239,5.0899
09378170,aifs,10,-0.1499,0.0427,0.1824,0.7081,239,3.7431
09378630,aifs,10,-0.0691,0.0636,0.2340,0.6808,239,3.7993
09386900,aifs,10,-0.3994,0.1378,0.1674,1.1327,239,2.6934
09404450,aifs,10,-0.0857,0.2535,0.3055,1.0349,239,3.0469
09430500,aifs,10,-0.2979,0.2422,0.2689,0.8473,239,2.6067
09430600,aifs,10,-0.3615,0.1521,0.2012,0.7755,239,3.3358
09447800,aifs,10,-0.7038,0.1620,0.1622,1.0045,239,2.1430
09480000,aifs,10,0.1328,0.2074,0.4103,0.7061,239,3.2350
09484000,aifs,10,-0.2257,0.1122,0.1759,0.9131,239,3.7003
09484600,aifs,10,0.1711,0.2864,0.4520,0.7631,239,2.7907
09492400,aifs,10,-0.0504,0.1089,0.2685,0.6955,239,4.8671
09494000,aifs,10,-0.1819,0.2345,0.2804,0.8502,239,3.7017
09497800,aifs,10,-0.3901,0.2963,0.2964,1.0037,239,3.1330
09497980,aifs,10,-0.1394,0.3683,0.3820,0.9007,239,3.3692
09505200,aifs,10,-0.0831,0.4286,0.4455,1.1356,239,3.0031
09505350,aifs,10,-0.0722,0.4114,0.4265,1.1117,239,3.0775
09505800,aifs,10,-0.0776,0.4218,0.4360,1.1181,239,3.2312
09508300,aifs,10,-0.0865,0.4243,0.4275,0.9736,239,3.1231
09510200,aifs,10,-0.0276,0.3809,0.4035,1.0419,239,3.0376
09512280,aifs,10,-0.1157,0.2423,0.3605,1.3776,239,2.8238
09513780,aifs,10,-0.1766,0.2640,0.3717,1.3762,239,2.5412
10023000,aifs,10,0.0938,0.2545,0.3763,1.0484,239,3.4199
10166430,aifs,10,-0.0552,0.1746,0.2753,0.8545,239,3.6770
10172700,aifs,10,-0.1751,0.1566,0.2168,1.0221,239,2.9617
10172800,aifs,10,0.0430,0.1836,0.3366,0.7672,239,3.5800
10173450,aifs,10,0.0189,0.2350,0.3371,0.8703,239,3.6042
10205030,aifs,10,-0.0853,0.1377,0.2352,0.9239,239,3.1709
10234500,aifs,10,-0.0272,0.2267,0.3143,0.8748,239,3.5554
10242000,aifs,10,0.0577,0.2370,0.3644,0.8015,239,3.7013
10244950,aifs,10,-0.4616,0.1353,0.2023,1.3191,239,3.4545
10249300,aifs,10,-0.2840,0.3081,0.3738,1.2938,239,2.5639
10258000,aifs,10,0.1230,0.3099,0.5473,1.5193,239,3.3336
10258500,aifs,10,-0.5893,-0.3519,0.5245,2.1882,239,2.2971
10259000,aifs,10,0.0479,0.3274,0.5141,1.4643,239,2.6944
10259200,aifs,10,-0.5317,-0.4807,0.5174,2.3449,239,2.4830
10263500,aifs,10,0.0755,0.4549,0.4883,1.1533,239,5.6891
10310500,aifs,10,-0.2031,0.3644,0.4893,1.3483,239,3.9897
10316500,aifs,10,-0.0034,0.2421,0.3318,0.8731,239,3.7249
10329500,aifs,10,-0.0374,0.0250,0.2197,0.7014,239,3.3366
10336645,aifs,10,-0.0732,0.4116,0.4488,1.2038,239,8.5165
10336660,aifs,10,0.0178,0.4417,0.4599,1.0994,239,8.8700
10343500,aifs,10,-0.2940,0.3466,0.4033,1.2551,239,6.1490
10348850,aifs,10,0.2320,0.2234,0.4902,0.6577,239,7.9917
10396000,aifs,10,-0.1680,-0.1538,0.0827,0.5477,239,3.6332
11098000,aifs,10,0.2817,0.5052,0.5659,1.0012,239,6.9301
11124500,aifs,10,0.2375,0.4480,0.5314,1.1363,239,6.0617
11141280,aifs,10,0.4248,0.6225,0.6692,0.9701,239,4.7874
11143000,aifs,10,0.2733,0.2001,0.5321,0.5611,239,8.6393
11148900,aifs,10,0.4008,0.6495,0.6694,0.9721,239,4.2337
11151300,aifs,10,0.2074,0.5698,0.5939,1.1395,239,3.3333
11162500,aifs,10,-0.2868,0.2964,0.3100,0.8820,239,7.2052
11176400,aifs,10,-0.2441,0.3969,0.4308,1.1804,239,3.7805
11180500,aifs,10,-0.8213,0.1909,0.2791,1.2903,239,5.1522
11180960,aifs,10,-0.5665,0.2422,0.2461,1.0662,239,5.7365
11224500,aifs,10,0.1964,0.5690,0.5892,1.1282,239,2.9225
11253310,aifs,10,0.0321,0.4780,0.5197,1.2044,239,2.6145
11264500,aifs,10,-1.5536,-0.4087,0.4418,2.0666,239,7.5960
11266500,aifs,10,-1.2714,-0.2720,0.4358,1.9590,239,7.7191
11274500,aifs,10,0.0987,0.5329,0.5465,1.1117,239,3.0732
11274630,aifs,10,-0.0391,0.4624,0.5040,1.2027,239,3.0006
11284400,aifs,10,-0.2364,0.2589,0.4695,1.4994,239,5.6457
11299600,aifs,10,0.0060,0.3971,0.5251,1.3695,239,4.9458
11381500,aifs,10,-0.0270,0.3209,0.3655,0.9388,239,9.1836
11383500,aifs,10,-0.0459,0.3189,0.3592,0.9406,239,9.4100
11451100,aifs,10,-0.6357,0.2512,0.2653,1.0994,239,6.6386
11468500,aifs,10,-0.1952,0.3403,0.3567,1.1247,239,7.3153
11473900,aifs,10,-0.0722,0.3121,0.3508,0.9076,239,7.1252
11475560,aifs,10,0.1638,0.1594,0.4239,0.6268,239,11.9600
11476600,aifs,10,0.0463,0.5196,0.5448,1.1473,239,7.1897
11478500,aifs,10,-0.0005,0.4210,0.4360,0.9703,239,7.3871
11480390,aifs,10,0.0141,0.3570,0.4011,0.9108,239,6.9038
11481200,aifs,10,0.2525,0.5530,0.5764,0.9815,239,6.8835
11482500,aifs,10,0.2877,0.4948,0.5721,0.8663,239,7.5285
11522500,aifs,10,0.0946,0.4878,0.4998,1.0286,239,5.6916
11523200,aifs,10,-0.0986,0.3422,0.3709,0.8732,239,6.9060
11528700,aifs,10,0.0009,0.4007,0.4239,0.9403,239,6.0593
11532500,aifs,10,0.3036,0.4637,0.5735,0.8286,239,9.2438
12010000,aifs,10,0.0287,0.3700,0.4164,0.8842,239,11.2545
12013500,aifs,10,-0.1056,0.4199,0.4248,1.0627,239,9.4163
12020000,aifs,10,-0.1803,0.4151,0.4426,1.1698,239,8.1461
12025000,aifs,10,-0.0841,0.4467,0.4709,1.1606,239,7.5178
12025700,aifs,10,-0.4142,0.2344,0.4745,1.5008,239,7.7345
12035000,aifs,10,-0.3313,0.3132,0.3141,0.9820,239,12.7826
12040500,aifs,10,-0.2027,0.4088,0.4092,1.0084,239,13.9870
12041200,aifs,10,-0.0840,0.3629,0.3847,0.9063,239,14.5909
12043000,aifs,10,-0.0339,0.4137,0.4257,0.9599,239,11.2206
12048000,aifs,10,-1.3002,-0.1973,0.2025,1.8414,239,7.9539
12054000,aifs,10,-0.3160,0.2174,0.2611,1.2244,239,10.2628
12056500,aifs,10,-0.3339,0.2783,0.2873,1.0904,239,13.7138
12073500,aifs,10,-0.4685,0.2048,0.2902,1.3579,239,6.9009
12082500,aifs,10,-0.1012,0.4191,0.5376,1.3200,239,10.0685
12092000,aifs,10,-0.0379,0.4483,0.5129,1.2542,239,9.8643
12095000,aifs,10,-0.3367,0.2473,0.4891,1.5105,239,8.5505
12114500,aifs,10,0.2309,0.5247,0.5564,0.9530,239,10.1339
12115000,aifs,10,0.2118,0.5181,0.5466,0.9623,239,10.2059
12115500,aifs,10,0.1717,0.4945,0.5214,1.0079,239,10.4967
12117000,aifs,10,0.1362,0.4776,0.5020,0.9961,239,10.6061
12141300,aifs,10,0.1657,0.4562,0.5039,0.9067,239,12.2101
12143600,aifs,10,0.1815,0.4950,0.5246,0.9845,239,11.3621
12144000,aifs,10,0.1455,0.5005,0.5187,1.0309,239,10.8697
12145500,aifs,10,-0.0122,0.4412,0.4514,1.0638,239,9.3331
12147600,aifs,10,0.1482,0.3399,0.4549,0.8097,239,15.1136
12167000,aifs,10,0.0420,0.4281,0.4610,1.1388,239,11.0055
12175500,aifs,10,-0.2753,0.3548,0.4156,1.2630,239,8.9263
12186000,aifs,10,0.0095,0.4607,0.4695,1.0650,239,11.5991
12189500,aifs,10,-0.1430,0.4130,0.4576,1.2204,239,10.4897
12358500,aifs,10,0.0360,0.2310,0.3451,0.8556,239,6.7992
12377150,aifs,10,0.1363,0.2151,0.4291,0.6832,239,6.1700
12381400,aifs,10,0.1898,0.3302,0.4845,0.7534,239,5.3765
12390700,aifs,10,-0.0557,0.4471,0.4930,1.2186,239,4.7304
12411000,aifs,10,-0.2254,0.3162,0.3528,1.2111,239,6.1139
12414500,aifs,10,0.0313,0.4881,0.5188,1.1748,239,5.5445
12447390,aifs,10,-1.8379,-0.5609,0.1361,2.2302,239,4.6728
12451000,aifs,10,-1.1461,-0.0348,0.3826,1.6773,239,8.1931
12488500,aifs,10,0.1093,0.5039,0.6053,1.2831,239,7.6310
13011500,aifs,10,-0.5977,0.0696,0.1926,1.4600,239,4.6163
13011900,aifs,10,-0.4689,0.1302,0.1980,1.3184,239,4.2643
13018300,aifs,10,-0.4818,0.0995,0.2027,1.4062,239,4.5049
13023000,aifs,10,-0.4681,0.1737,0.2612,1.3690,239,3.7193
13161500,aifs,10,-0.6729,-0.0147,0.2395,1.6688,239,2.7541
13235000,aifs,10,-0.1758,0.2864,0.3170,1.1305,239,4.7531
13240000,aifs,10,-0.0925,0.2057,0.2749,0.9297,239,5.9615
13310700,aifs,10,-0.2751,0.2724,0.3040,1.1893,239,4.9334
13313000,aifs,10,-0.0710,0.2581,0.3132,0.9514,239,5.4139
13331500,aifs,10,-0.1055,0.1695,0.2471,0.9417,239,5.2775
13337000,aifs,10,0.1868,0.5498,0.5592,1.0302,239,5.4022
13338500,aifs,10,-0.2794,0.2218,0.3143,1.3563,239,5.2040
13340000,aifs,10,0.0459,0.4517,0.4773,1.1315,239,4.9404
13340600,aifs,10,0.2330,0.5552,0.5721,1.0120,239,5.8960
14020000,aifs,10,0.0334,0.2954,0.3695,0.9460,239,4.7738
14092750,aifs,10,-0.1248,0.4359,0.4444,1.0966,239,5.9834
14096850,aifs,10,-0.4120,0.2447,0.4048,1.4400,239,4.1368
14137000,aifs,10,0.0528,0.5216,0.5348,1.1106,239,8.3507
14138800,aifs,10,0.2220,0.4961,0.5450,0.8878,239,10.3311
14138870,aifs,10,0.2275,0.5230,0.5554,0.9379,239,10.6640
14138900,aifs,10,0.2847,0.4340,0.5601,0.7982,239,12.1794
14139800,aifs,10,0.1842,0.5121,0.5390,0.9178,239,10.6513
14141500,aifs,10,0.0760,0.5340,0.5398,1.0732,239,9.6933
14154500,aifs,10,-0.2844,0.3659,0.3919,1.1731,239,6.3570
14158500,aifs,10,-0.1596,0.4164,0.4192,1.0571,239,7.6650
14158790,aifs,10,0.0930,0.3332,0.4310,0.7937,239,8.6765
14166500,aifs,10,0.1646,0.4682,0.5064,1.0518,239,5.8394
14182500,aifs,10,-0.2698,0.3821,0.4640,1.2683,239,9.1850
14185000,aifs,10,-0.4275,0.3209,0.4118,1.2923,239,8.6166
14185900,aifs,10,-0.2038,0.4129,0.4314,1.1362,239,9.5111
14187000,aifs,10,-0.2581,0.3726,0.3998,1.1779,239,8.4227
14216500,aifs,10,-0.1397,0.4274,0.5255,1.2784,239,9.9744
14222500,aifs,10,0.2812,0.4462,0.5540,0.8585,239,12.6865
14236200,aifs,10,-0.0184,0.4607,0.5304,1.2569,239,8.7043
14301000,aifs,10,0.1983,0.4240,0.4977,0.9695,239,8.0340
14303200,aifs,10,0.2179,0.2894,0.4869,0.7428,239,10.3172
14305500,aifs,10,0.2253,0.2597,0.4948,0.6847,239,12.1629
14306340,aifs,10,0.1669,0.4263,0.4903,0.8954,239,6.4886
14306500,aifs,10,0.1639,0.4480,0.4966,0.9346,239,7.0126
14308990,aifs,10,0.0417,0.4897,0.5046,1.1170,239,4.4120
14309500,aifs,10,0.3530,0.5934,0.6372,0.8778,239,5.4346
14316700,aifs,10,-0.3444,0.3443,0.3602,1.1360,239,6.1726
14325000,aifs,10,0.2262,0.4527,0.5381,0.8066,239,7.4144
14362250,aifs,10,0.0207,0.4579,0.5030,1.2156,239,4.1320
14400000,aifs,10,0.1399,0.3862,0.4732,0.8013,239,10.5238
01013500,aifs,11,-0.5934,0.0384,0.0582,1.0937,239,6.9765
01022500,aifs,11,-0.3209,0.1845,0.2097,1.0747,239,7.2494
01030500,aifs,11,-0.5581,0.0560,0.0727,0.9966,239,6.7722
01031500,aifs,11,-0.5469,0.0885,0.1054,1.0914,239,7.0968
01047000,aifs,11,-0.5313,0.0698,0.0886,1.0559,239,7.6003
01052500,aifs,11,-0.5518,0.0423,0.0733,1.1559,239,6.9770
01054200,aifs,11,-0.4522,0.0411,0.0745,1.0287,239,8.7320
01055000,aifs,11,-0.5719,0.0832,0.0949,1.0303,239,7.2265
01057000,aifs,11,-0.6554,0.0846,0.0925,1.0747,239,7.8128
01073000,aifs,11,-0.5548,0.1335,0.1634,1.2112,239,7.5642
01078000,aifs,11,-0.4643,0.0947,0.1234,1.1280,239,7.6027
01118300,aifs,11,-0.1138,-0.0813,0.1080,0.7348,239,12.1931
01121000,aifs,11,-0.1886,0.0481,0.1557,0.8016,239,9.0012
01123000,aifs,11,-0.1758,0.0361,0.1554,0.7787,239,9.4130
01134500,aifs,11,-0.3516,0.0315,0.0847,0.9881,239,7.6009
01137500,aifs,11,-0.4483,0.0359,0.0733,1.0777,239,7.9126
01139000,aifs,11,-0.3721,0.0472,0.1084,1.1892,239,7.2522
01139800,aifs,11,-0.3066,0.0507,0.1088,1.0120,239,7.9113
01142500,aifs,11,-0.3967,0.1201,0.1684,1.2172,239,6.8144
01144000,aifs,11,-0.2858,0.1554,0.1931,1.0696,239,7.0386
01169000,aifs,11,-0.1469,0.2545,0.2993,1.1317,239,7.4452
01170100,aifs,11,-0.1590,0.2573,0.3057,1.1746,239,7.2963
01181000,aifs,11,-0.2129,0.1281,0.1875,0.9681,239,8.3317
01187300,aifs,11,-0.2842,0.1502,0.1905,1.0848,239,7.4984
01195100,aifs,11,-0.2676,-0.1236,0.0173,0.7347,239,10.8270
01333000,aifs,11,-0.2630,0.1324,0.1881,1.1443,239,7.8441
01350000,aifs,11,-0.1339,-0.0671,0.0834,0.9299,239,10.7646
01350080,aifs,11,-0.2530,-0.0136,0.0765,1.0458,239,8.8397
01350140,aifs,11,-0.2433,0.0158,0.0995,1.0055,239,8.3460
01365000,aifs,11,-0.2436,-0.0191,0.0746,1.0195,239,9.3815
01411300,aifs,11,-0.2821,-0.1567,-0.0338,0.8729,239,12.2254
01413500,aifs,11,-0.1471,-0.0597,0.0876,0.8688,239,10.2311
01414500,aifs,11,-0.1432,-0.0664,0.0792,0.9418,239,10.8755
01415000,aifs,11,-0.2423,-0.0259,0.0716,0.9361,239,8.7665
01423000,aifs,11,-0.2388,-0.0174,0.0814,0.8999,239,8.6587
01434025,aifs,11,-0.1253,-0.0706,0.0914,0.8553,239,11.3766
01435000,aifs,11,-0.1534,-0.0588,0.0820,0.9077,239,10.8459
01439500,aifs,11,-0.2889,-0.0521,0.0500,0.8243,239,8.6563
01440000,aifs,11,-0.2945,-0.0973,0.0143,0.8221,239,9.1832
01440400,aifs,11,-0.2292,-0.0724,0.0668,0.7481,239,9.3413
01451800,aifs,11,-0.4570,-0.0240,0.0223,0.9581,239,8.2523
01466500,aifs,11,-0.4713,-0.0347,0.0106,0.9922,239,8.7204
01484100,aifs,11,-0.5500,-0.0610,-0.0178,1.1145,239,9.7004
01485500,aifs,11,-0.4323,-0.0309,0.0205,0.9961,239,11.2519
01486000,aifs,11,-0.4507,-0.0587,-0.0045,1.0268,239,11.6337
01487000,aifs,11,-0.5149,-0.0430,0.0052,1.1432,239,10.1531
01491000,aifs,11,-0.7769,-0.0270,0.0106,1.2506,239,8.2608
01510000,aifs,11,-0.4784,-0.0430,0.0031,1.0263,239,8.8572
01516500,aifs,11,-0.4567,0.0311,0.0654,0.9991,239,6.9952
01518862,aifs,11,-0.4453,0.0095,0.0501,0.9999,239,7.3525
01532000,aifs,11,-0.3110,-0.0057,0.0662,0.9722,239,7.9822
01539000,aifs,11,-0.2635,0.0466,0.1204,0.9025,239,8.1541
01542810,aifs,11,-0.3616,0.0917,0.1290,1.0299,239,7.6941
01543000,aifs,11,-0.3841,0.1141,0.1428,1.0293,239,7.4811
01543500,aifs,11,-0.3422,0.0952,0.1350,0.9849,239,7.9268
01544500,aifs,11,-0.4316,0.0585,0.0920,1.0448,239,7.5641
01545600,aifs,11,-0.4186,0.0556,0.0941,1.0846,239,7.7041
01547700,aifs,11,-0.2111,-0.1228,0.0130,0.9141,239,11.8222
01548500,aifs,11,-0.4819,0.0448,0.0732,1.0312,239,7.1866
01549500,aifs,11,-0.3867,0.0365,0.0829,1.0550,239,7.7383
01550000,aifs,11,-0.2958,0.0092,0.0807,1.0068,239,8.3388
01552000,aifs,11,-0.2206,-0.0274,0.0784,0.9188,239,9.2380
01552500,aifs,11,-0.2661,0.0701,0.1340,0.9430,239,7.8882
01557500,aifs,11,-0.2874,-0.0905,0.0194,0.8396,239,10.7211
01567500,aifs,11,-0.3553,-0.0271,0.0420,0.9196,239,9.0777
01568000,aifs,11,-0.4312,0.0125,0.0571,0.9298,239,8.2550
01580000,aifs,11,-0.5432,0.0447,0.0650,1.0157,239,7.7370
01583500,aifs,11,-0.5662,0.0454,0.0672,1.0970,239,7.7426
01586610,aifs,11,-0.5398,0.0411,0.0652,1.0810,239,7.7687
01591400,aifs,11,-0.3400,-0.0262,0.0514,0.8619,239,9.4169
01596500,aifs,11,-0.5172,-0.0516,-0.0060,1.1040,239,9.0170
01605500,aifs,11,-0.5890,-0.0135,0.0158,1.1049,239,8.4082
01606500,aifs,11,-0.6577,-0.0004,0.0208,1.1144,239,7.9795
01613050,aifs,11,-0.5061,0.0079,0.0397,0.9754,239,8.1188
01620500,aifs,11,-0.7501,-0.0111,0.0289,1.2584,239,7.4926
01632000,aifs,11,-0.3525,0.0095,0.0835,0.8115,239,8.1969
01632900,aifs,11,-0.3689,0.0176,0.0776,0.8727,239,8.0433
01634500,aifs,11,-0.3613,0.0195,0.0772,0.9076,239,8.0992
01638480,aifs,11,-0.5094,-0.0322,0.0073,0.9547,239,8.4560
01639500,aifs,11,-0.5546,0.0439,0.0651,1.0684,239,7.6734
01644000,aifs,11,-0.5544,-0.0104,0.0193,0.9427,239,8.0128
01658500,aifs,11,-0.4630,-0.0141,0.0300,0.9391,239,8.7817
01664000,aifs,11,-0.4793,-0.0219,0.0263,0.8751,239,8.3129
01666500,aifs,11,-0.4290,0.0258,0.0697,0.9059,239,8.2102
01667500,aifs,11,-0.4813,0.0416,0.0717,0.9429,239,7.9793
01669000,aifs,11,-0.6507,-0.0365,-0.0060,1.1474,239,10.4391
01669520,aifs,11,-0.6387,0.0032,0.0343,1.1806,239,10.3298
02011400,aifs,11,-0.8377,0.0041,0.0239,1.1865,239,8.0966
02011460,aifs,11,-0.7634,-0.0029,0.0293,1.2301,239,8.4404
02013000,aifs,11,-0.7103,0.0120,0.0235,1.0685,239,8.2274
02014000,aifs,11,-0.8073,0.0417,0.0499,1.1135,239,7.5680
02015700,aifs,11,-0.6913,-0.0105,0.0403,1.2857,239,8.0172
02016000,aifs,11,-0.9217,0.0092,0.0509,1.2845,239,7.5073
02017500,aifs,11,-0.9670,0.0396,0.0655,1.2170,239,6.9860
02018000,aifs,11,-1.1256,0.0144,0.0600,1.2740,239,6.9422
02027000,aifs,11,-1.1183,-0.0800,0.0413,1.4911,239,7.6092
02027500,aifs,11,-1.0366,-0.0535,0.0327,1.4158,239,7.7435
02028500,aifs,11,-0.8188,0.0261,0.0425,1.1693,239,7.6605
02038850,aifs,11,-0.7801,0.0476,0.0713,1.2057,239,7.9007
02046000,aifs,11,-0.9549,0.0589,0.0729,1.1539,239,9.6139
02051000,aifs,11,-0.7873,0.0159,0.0294,1.1385,239,9.8208
02051500,aifs,11,-0.9589,0.0619,0.0922,1.2255,239,9.2914
02053200,aifs,11,-0.4395,0.2086,0.2372,1.2010,239,8.7393
02053800,aifs,11,-0.7246,0.0670,0.0713,1.0484,239,7.0323
02055100,aifs,11,-1.1481,-0.0905,0.1006,1.5984,239,7.0271
02056900,aifs,11,-0.6896,0.0390,0.0489,1.0675,239,7.7226
02059500,aifs,11,-1.1943,0.0157,0.0835,1.3172,239,6.9072
02064000,aifs,11,-1.2503,-0.0906,0.0636,1.5355,239,7.4632
02065500,aifs,11,-1.1270,-0.0313,0.0724,1.4341,239,7.7069
02069700,aifs,11,-0.2635,0.1832,0.2165,1.0438,239,7.9429
02070000,aifs,11,-0.2468,0.2026,0.2333,1.0247,239,7.7980
02074500,aifs,11,-0.0333,0.2592,0.3684,1.3095,239,7.5746
02077200,aifs,11,-0.9527,0.1475,0.2785,1.3563,239,7.7421
02081500,aifs,11,-0.6457,0.2447,0.3467,1.3135,239,8.1510
02082950,aifs,11,-1.0969,0.0404,0.3242,1.5530,239,7.9043
02092500,aifs,11,-1.2020,-0.0619,0.0139,1.3819,239,9.3138
02096846,aifs,11,-0.0422,0.3604,0.3988,1.1534,239,9.2011
02102908,aifs,11,-0.9135,0.0117,0.0177,1.1060,239,11.4748
02108000,aifs,11,-1.0145,0.0170,0.0554,1.2661,239,9.1892
02111180,aifs,11,-0.3609,0.0740,0.1159,0.9585,239,8.6979
02111500,aifs,11,-0.4465,0.0685,0.0969,1.0038,239,8.8039
02118500,aifs,11,-0.6354,0.1341,0.1436,1.1186,239,7.9882
02128000,aifs,11,-0.8421,0.1740,0.2012,1.1584,239,8.9612
02137727,aifs,11,-0.2748,0.0047,0.0855,0.9207,239,9.4408
02140991,aifs,11,-0.4349,0.0712,0.1008,1.0157,239,8.6137
02143000,aifs,11,-0.4323,0.1129,0.1347,1.0194,239,8.4592
02143040,aifs,11,-0.5109,0.0751,0.0939,0.9953,239,8.6271
02149000,aifs,11,-0.2417,-0.0712,0.0501,0.8194,239,11.1483
02152100,aifs,11,-0.5872,0.0639,0.0773,1.0377,239,8.4570
02177000,aifs,11,-0.3418,0.0430,0.0965,1.0502,239,10.4168
02178400,aifs,11,-0.3784,0.1122,0.1438,1.0654,239,8.9475
02193340,aifs,11,-0.3037,0.0181,0.0881,1.0821,239,8.3017
02196000,aifs,11,-0.3194,-0.0189,0.0547,0.9570,239,9.1548
02198100,aifs,11,-0.0142,0.0679,0.2394,0.8078,239,10.5363
02202600,aifs,11,-0.5666,0.1502,0.2032,1.2938,239,7.5156
02212600,aifs,11,-0.1626,0.0055,0.1245,0.8805,239,9.2106
02215100,aifs,11,0.0195,0.1699,0.3063,0.8461,239,8.3831
02216180,aifs,11,-0.0648,0.0374,0.1896,0.8516,239,10.2893
02221525,aifs,11,-0.1722,0.0699,0.1615,0.9206,239,8.2317
02231000,aifs,11,-0.5365,0.1559,0.1611,1.0289,239,8.3077
02231342,aifs,11,-0.3635,0.0634,0.1239,1.1925,239,7.8883
02235200,aifs,11,-0.3478,0.1777,0.2048,1.1154,239,8.0594
02245500,aifs,11,-0.5453,0.1666,0.2086,1.2590,239,7.9239
02246000,aifs,11,-0.7359,0.1666,0.1866,1.1716,239,7.7330
02296500,aifs,11,-0.4710,0.1287,0.1459,1.0767,239,7.3956
02297155,aifs,11,-0.3756,0.0275,0.0786,1.0639,239,9.7449
02297310,aifs,11,-0.3969,0.0520,0.0918,0.9843,239,9.2451
02298123,aifs,11,-0.3205,0.0718,0.1229,1.0563,239,8.2444
02298608,aifs,11,-0.3855,0.0284,0.0758,0.9764,239,9.9549
02299950,aifs,11,-0.4600,0.0495,0.0867,1.1233,239,9.5123
02300700,aifs,11,-0.2282,0.1108,0.1823,1.1595,239,10.3681
02310947,aifs,11,-0.3895,0.1051,0.1572,1.2175,239,9.0860
02312200,aifs,11,-0.2866,0.0917,0.1611,1.1984,239,10.3133
02314500,aifs,11,-0.3095,0.1243,0.1638,0.9598,239,8.8601
02315500,aifs,11,-0.3537,0.1628,0.1860,0.9591,239,8.2283
02324400,aifs,11,-0.0505,0.0790,0.2234,0.8374,239,10.7004
02327100,aifs,11,-0.3361,0.0055,0.0756,0.8707,239,10.2339
02349900,aifs,11,0.0984,0.1631,0.3625,0.7612,239,8.9758
02350900,aifs,11,-0.1445,0.1744,0.2452,0.8679,239,7.9642
02361000,aifs,11,-0.2374,0.2471,0.2694,0.9488,239,7.9147
02363000,aifs,11,-0.1379,0.1884,0.2513,0.9172,239,8.3851
02369800,aifs,11,0.0487,0.0785,0.3021,0.7114,239,12.5906
02371500,aifs,11,-0.0376,0.1286,0.2546,0.8632,239,9.5058
02372250,aifs,11,-0.0349,0.1260,0.2634,0.8001,239,9.2889
02374500,aifs,11,-0.0122,0.0727,0.2506,0.7673,239,10.0825
02381600,aifs,11,-0.1144,0.0350,0.1619,0.8913,239,10.6299
02384540,aifs,11,-0.2039,0.1105,0.1773,0.9834,239,9.6237
02395120,aifs,11,-0.1295,0.1616,0.2388,1.1158,239,7.9667
02408540,aifs,11,-0.0368,0.1152,0.2456,0.8812,239,9.6381
02415000,aifs,11,0.0197,0.1027,0.2791,0.8001,239,10.0897
02422500,aifs,11,-0.1424,0.0950,0.1855,0.9793,239,9.3537
02427250,aifs,11,-0.1141,0.1563,0.2381,0.9095,239,8.0968
02430085,aifs,11,-0.2690,0.0159,0.0926,1.0153,239,9.7221
02450250,aifs,11,-0.1547,0.0355,0.1551,0.8210,239,10.3779
02464000,aifs,11,-0.1004,0.0204,0.1614,0.8606,239,11.7887
02465493,aifs,11,-0.1699,0.1147,0.1899,0.9822,239,9.2350
02469800,aifs,11,-0.0651,0.0835,0.2235,0.8095,239,9.3521
02472000,aifs,11,-0.1062,-0.0155,0.1551,0.7412,239,11.0008
02472500,aifs,11,-0.0600,-0.0218,0.1866,0.6902,239,11.7471
02479155,aifs,11,0.0035,-0.0239,0.2201,0.7128,239,13.1761
02479300,aifs,11,0.0267,-0.1096,0.2308,0.5960,239,17.2806
02481000,aifs,11,0.0312,-0.1518,0.2387,0.5398,239,20.7133
02481510,aifs,11,0.0139,-0.1186,0.2325,0.5514,239,17.1791
03010655,aifs,11,-0.4031,0.0033,0.0529,0.9869,239,7.8301
03011800,aifs,11,-0.3657,-0.0346,0.0314,0.9769,239,9.0382
03015500,aifs,11,-0.6105,0.0161,0.0422,1.1361,239,8.1800
03021350,aifs,11,-0.4399,-0.0102,0.0363,1.0445,239,9.0110
03026500,aifs,11,-0.3587,0.0136,0.0696,0.9913,239,8.4686
03028000,aifs,11,-0.3677,0.0045,0.0607,0.9981,239,8.7827
03049800,aifs,11,-0.4212,0.0004,0.0478,1.0405,239,10.5548
03050000,aifs,11,-0.4239,-0.0307,0.0234,1.0492,239,11.0085
03066000,aifs,11,-0.4215,-0.0500,0.0076,0.9991,239,9.7921
03069500,aifs,11,-0.5076,-0.0172,0.0208,1.0665,239,9.4765
03070500,aifs,11,-0.5844,0.0613,0.0801,1.1063,239,9.6136
03076600,aifs,11,-0.3646,-0.0394,0.0280,0.9790,239,10.4943
03078000,aifs,11,-0.3969,-0.0606,0.0063,1.0677,239,10.4804
03140000,aifs,11,-0.4098,0.1234,0.1465,1.0337,239,8.4460
03144000,aifs,11,-0.3092,0.0388,0.1098,0.8461,239,9.9901
03159540,aifs,11,-0.3179,-0.0248,0.0577,0.8638,239,10.6706
03161000,aifs,11,-0.4315,0.0663,0.0974,1.0090,239,8.1448
03164000,aifs,11,-0.5316,0.0762,0.0925,1.0031,239,7.3830
03165000,aifs,11,-0.4054,0.0468,0.0880,0.9370,239,8.4441
03170000,aifs,11,-0.6214,0.0775,0.0857,1.0169,239,7.1092
03173000,aifs,11,-0.7359,0.0744,0.0767,1.0197,239,6.5591
03180500,aifs,11,-0.7129,-0.0275,0.0160,1.2551,239,8.9068
03182500,aifs,11,-0.8470,-0.0104,0.0254,1.2589,239,8.4230
03186500,aifs,11,-0.5171,0.0611,0.0824,1.0433,239,9.1345
03187500,aifs,11,-0.5168,0.0642,0.0862,1.0661,239,9.0365
03213700,aifs,11,-0.3259,0.1007,0.1424,1.0272,239,8.1273
03237280,aifs,11,-0.3989,0.0440,0.0854,0.9782,239,9.2111
03237500,aifs,11,-0.3323,0.0730,0.1212,0.9474,239,9.0823
03241500,aifs,11,-0.2795,-0.0557,0.0494,0.8258,239,11.2700
03280700,aifs,11,-0.4031,0.1131,0.1466,1.1275,239,8.5687
03281100,aifs,11,-0.5684,0.0856,0.1033,1.1137,239,8.6784
03281500,aifs,11,-0.5737,0.0935,0.1088,1.1054,239,8.4106
03285000,aifs,11,-0.3554,0.0121,0.0694,0.9718,239,10.4298
03291780,aifs,11,-0.1449,0.0181,0.1430,0.8479,239,11.0331
03300400,aifs,11,-0.2175,0.0216,0.1196,0.8587,239,10.6555
03340800,aifs,11,-0.2503,-0.0269,0.0750,0.8564,239,11.5795
03346000,aifs,11,-0.4133,0.0448,0.0841,0.9558,239,10.3902
03364500,aifs,11,-0.1062,-0.1000,0.1077,0.6972,239,13.9058
03366500,aifs,11,-0.1492,0.0236,0.1465,0.8374,239,10.8533
03368000,aifs,11,-0.0791,-0.0794,0.1469,0.6573,239,13.5449
03384450,aifs,11,-0.2436,0.0914,0.1542,0.9560,239,10.6043
03439000,aifs,11,-0.3854,0.0439,0.0877,0.9784,239,9.3732
03450000,aifs,11,-0.2848,0.0850,0.1391,1.0148,239,7.4338
03455500,aifs,11,-0.3895,0.1111,0.1393,0.9822,239,8.5157
03456500,aifs,11,-0.3009,0.0696,0.1294,0.8926,239,7.7192
03460000,aifs,11,-0.2625,0.1021,0.1572,0.9611,239,8.0784
03463300,aifs,11,-0.2303,0.0448,0.1332,0.8553,239,8.8538
03471500,aifs,11,-0.4379,0.0775,0.1054,1.0166,239,7.3040
03473000,aifs,11,-0.4050,0.0796,0.1120,0.9964,239,7.4724
03479000,aifs,11,-0.5131,0.1110,0.1247,1.0452,239,7.3869
03488000,aifs,11,-0.4488,0.0833,0.1091,1.0403,239,7.4398
03498500,aifs,11,-0.3190,0.1077,0.1487,0.9960,239,8.8155
03500000,aifs,11,-0.4646,0.0919,0.1226,1.1388,239,8.9508
03504000,aifs,11,-0.2550,0.0806,0.1466,0.9093,239,9.7902
03574500,aifs,11,-0.2333,0.0878,0.1536,0.9803,239,10.3181
03604000,aifs,11,-0.2135,-0.0016,0.1103,0.8159,239,10.7277
04015330,aifs,11,-0.2530,0.1020,0.1678,1.1454,239,7.2984
04024430,aifs,11,-0.5405,0.0928,0.1598,1.3272,239,6.2449
04027000,aifs,11,-0.5871,-0.0338,0.1438,1.5686,239,5.7195
04040500,aifs,11,-0.4993,-0.0391,0.0279,1.2441,239,6.5257
04043050,aifs,11,-0.4757,0.0198,0.0644,1.1556,239,5.9188
04045500,aifs,11,-0.4994,-0.0398,0.0271,1.2440,239,6.2537
04056500,aifs,11,-0.4863,-0.0178,0.0518,1.2634,239,5.8088
04057510,aifs,11,-0.3120,-0.0302,0.0531,1.1178,239,6.4032
04057800,aifs,11,-0.3952,0.0094,0.0802,1.2209,239,6.3663
04059500,aifs,11,-0.2541,0.0894,0.1662,1.1939,239,5.8142
04063700,aifs,11,-0.4427,-0.0217,0.1037,1.4242,239,5.7254
04074950,aifs,11,-0.2908,0.0555,0.1291,1.1736,239,5.9819
04105700,aifs,11,-0.3957,0.0302,0.0783,1.0864,239,8.5146
04115265,aifs,11,-0.2508,0.0291,0.1087,1.0642,239,8.0405
04122200,aifs,11,-0.2738,0.0054,0.0849,1.0570,239,8.1320
04122500,aifs,11,-0.2311,0.0477,0.1265,1.0420,239,7.5222
04124000,aifs,11,-0.0630,-0.0515,0.1562,0.7416,239,8.8847
04127997,aifs,11,-0.1477,-0.0707,0.0903,0.7952,239,8.3112
04185000,aifs,11,-0.2912,0.1821,0.2099,1.0142,239,7.4744
04196800,aifs,11,-0.3585,0.1301,0.1588,0.9915,239,8.2367
04197100,aifs,11,-0.1531,0.1624,0.2266,1.0133,239,8.4914
04197170,aifs,11,-0.2329,0.1760,0.2192,1.0762,239,7.9461
04213000,aifs,11,-0.5897,0.0133,0.0505,1.1928,239,8.0720
04213075,aifs,11,-0.4773,-0.0329,0.0226,1.1646,239,8.7493
04216418,aifs,11,-0.4330,-0.1087,-0.0370,0.9040,239,8.8731
04221000,aifs,11,-0.4490,0.0063,0.0476,1.0367,239,7.4620
04224775,aifs,11,-0.4275,-0.0674,-0.0065,1.0416,239,8.2297
04256000,aifs,11,-0.5553,0.0653,0.0850,1.0918,239,7.4505
04296000,aifs,11,-0.4151,0.0530,0.0958,1.1181,239,7.4280
05057000,aifs,11,-0.9592,-0.0443,0.0727,1.4789,239,5.2298
05057200,aifs,11,-0.7598,0.0343,0.1851,1.5152,239,4.5704
05062500,aifs,11,-0.5208,0.1002,0.2385,1.4787,239,5.4285
05087500,aifs,11,-0.3510,0.0409,0.1284,1.2918,239,6.1839
05120500,aifs,11,-0.8655,-0.0511,0.1083,1.5558,239,5.4946
05123400,aifs,11,-0.5098,0.0595,0.0921,1.1548,239,6.1799
05129115,aifs,11,-1.1530,-0.1588,0.0294,1.6291,239,6.4885
05131500,aifs,11,-1.2747,-0.1591,0.0280,1.6191,239,6.2683
05291000,aifs,11,-0.1095,0.0335,0.2027,1.3504,239,7.2310
05362000,aifs,11,-0.2531,0.1298,0.2307,1.3338,239,5.7592
05393500,aifs,11,-0.1941,0.1092,0.2067,1.2525,239,6.1572
05399500,aifs,11,-0.1520,0.0172,0.1307,0.9809,239,7.6165
05408000,aifs,11,-0.1285,-0.0806,0.0875,0.8176,239,9.5633
05412500,aifs,11,-0.2358,0.0253,0.1117,0.9111,239,8.4124
05413500,aifs,11,-0.2169,-0.0764,0.0510,0.8467,239,9.5097
05414000,aifs,11,-0.2159,-0.0738,0.0496,0.8806,239,9.3144
05444000,aifs,11,-0.4027,0.0604,0.1094,1.1650,239,8.5661
05454000,aifs,11,-0.1994,0.0938,0.1675,0.9619,239,9.4759
05458000,aifs,11,-0.2265,-0.0062,0.0902,0.9424,239,8.7431
05466500,aifs,11,0.0672,0.1947,0.3452,0.8299,239,10.1934
05487980,aifs,11,-0.0719,0.1519,0.2467,0.9808,239,9.3150
05488200,aifs,11,-0.0051,0.0951,0.2472,0.9261,239,10.9443
05489000,aifs,11,-0.0104,0.1295,0.2635,0.9127,239,10.1668
05495000,aifs,11,-0.0143,0.3325,0.3765,1.0649,239,7.4385
05495500,aifs,11,-0.0299,0.2353,0.3113,0.9953,239,8.9948
05501000,aifs,11,-0.1255,0.0714,0.1762,0.9809,239,10.6582
05503800,aifs,11,-0.2396,0.1536,0.2068,1.1316,239,8.7900
05507600,aifs,11,-0.3681,0.1731,0.2195,1.2328,239,7.6988
05508805,aifs,11,-0.3578,0.1995,0.2329,1.1882,239,7.5476
05514500,aifs,11,-0.2699,0.1969,0.2326,1.1260,239,8.0055
05525500,aifs,11,-0.2544,0.1540,0.1960,1.0142,239,9.1381
05556500,aifs,11,-0.1096,0.1421,0.2286,0.9356,239,9.4935
05584500,aifs,11,0.0127,0.1364,0.2787,0.9187,239,11.3058
05585000,aifs,11,-0.0266,0.1546,0.2672,0.9630,239,10.5364
05591550,aifs,11,-0.4158,0.0296,0.0709,0.9976,239,10.8348
05592050,aifs,11,-0.5632,0.0742,0.1013,1.1693,239,9.5280
05592575,aifs,11,-0.3549,0.0118,0.0755,0.8758,239,11.3092
05593575,aifs,11,-0.3917,0.1307,0.1555,1.0498,239,9.7169
05593900,aifs,11,-0.4622,0.0178,0.0540,1.0030,239,10.6554
05595730,aifs,11,-0.4284,0.1527,0.1694,1.0638,239,9.3623
06037500,aifs,11,-0.4682,0.0891,0.1482,1.2773,239,4.7293
06043500,aifs,11,-0.5091,0.0854,0.1477,1.3003,239,4.6717
06154410,aifs,11,-0.6429,0.0353,0.0471,0.9843,239,6.2207
06188000,aifs,11,-0.8248,0.0650,0.1761,1.4375,239,4.0696
06191500,aifs,11,-0.6964,0.0936,0.1939,1.4141,239,3.9760
06221400,aifs,11,-0.7431,0.0761,0.2088,1.4729,239,3.8674
06224000,aifs,11,-0.6981,0.0539,0.1886,1.4864,239,4.0347
06289000,aifs,11,-1.3799,-0.1934,0.2216,1.8383,239,4.4065
06332515,aifs,11,-1.7299,-0.3988,0.2228,2.0443,239,5.4552
06339100,aifs,11,-2.6120,-0.6760,0.2263,2.2568,239,4.9765
06339500,aifs,11,-1.7108,-0.3328,0.2097,1.9555,239,5.1138
06344600,aifs,11,-1.0249,-0.1504,0.2717,1.8432,239,4.9058
06350000,aifs,11,-1.3448,-0.1030,0.2640,1.7064,239,4.4432
06352000,aifs,11,-1.8493,-0.2855,0.2645,1.8656,239,4.2083
06353000,aifs,11,-1.3258,-0.1637,0.3406,1.8227,239,4.0789
06354000,aifs,11,-0.9499,-0.0201,0.3633,1.7096,239,4.0679
06360500,aifs,11,-1.0727,-0.0857,0.3207,1.7680,239,3.6468
06404000,aifs,11,-0.6763,-0.0792,0.3049,1.8179,239,4.3251
06406000,aifs,11,-0.7486,-0.0621,0.3174,1.7951,239,4.0462
06408700,aifs,11,-1.0244,-0.0580,0.2516,1.7111,239,4.1334
06409000,aifs,11,-0.9027,-0.0403,0.2886,1.7279,239,3.9481
06431500,aifs,11,-0.8602,-0.0327,0.2430,1.6872,239,4.4261
06440200,aifs,11,-0.1740,0.1552,0.2382,1.2254,239,4.6186
06441500,aifs,11,-0.3583,0.2278,0.2690,1.2351,239,4.0734
06447000,aifs,11,-0.2720,0.2057,0.3026,1.3640,239,3.8357
06447500,aifs,11,-0.2144,0.1631,0.2499,1.2883,239,4.3802
06450500,aifs,11,-0.1581,0.1363,0.2110,1.0883,239,4.9637
06452000,aifs,11,-0.1840,0.2289,0.2917,1.2315,239,3.9554
06453600,aifs,11,-0.2151,0.1599,0.2168,1.1330,239,5.9307
06464500,aifs,11,0.0161,0.1486,0.2844,0.9830,239,6.1371
06477500,aifs,11,-0.4798,0.1067,0.1757,1.3233,239,6.0890
06479215,aifs,11,-0.0832,0.0244,0.2138,1.3759,239,7.3028
06479438,aifs,11,-0.0838,0.0443,0.2417,1.4256,239,6.7841
06601000,aifs,11,-0.2065,0.0559,0.1589,1.2255,239,8.2325
06614800,aifs,11,-0.2291,0.0015,0.0936,1.0047,239,5.9632
06622700,aifs,11,-0.3691,0.0951,0.1460,1.1848,239,4.1757
06623800,aifs,11,-0.4218,0.0649,0.1392,1.2983,239,4.5723
06632400,aifs,11,-0.3743,0.0400,0.1141,1.2490,239,4.5519
06784000,aifs,11,-0.1400,0.1245,0.2056,1.0186,239,5.8646
06803510,aifs,11,-0.1466,0.0468,0.1611,1.1524,239,8.8430
06803530,aifs,11,-0.2219,0.0771,0.1776,1.2618,239,7.8339
06814000,aifs,11,-0.2348,0.0860,0.1857,1.2825,239,8.4811
06846500,aifs,11,-0.2427,0.1646,0.2117,1.1101,239,4.6513
06847900,aifs,11,-0.1682,0.1001,0.1839,1.0928,239,5.4876
06853800,aifs,11,-0.3264,0.0907,0.1740,1.2960,239,6.2005
06876700,aifs,11,-0.1343,-0.0942,0.0657,0.9127,239,10.5871
06878000,aifs,11,-0.3014,0.0064,0.0861,1.1489,239,9.1535
06879650,aifs,11,-0.2481,-0.0203,0.0745,0.9238,239,10.7688
06885500,aifs,11,-0.2621,0.0216,0.1013,1.0838,239,9.9309
06888500,aifs,11,-0.2325,-0.0296,0.0703,0.9871,239,11.1508
06889200,aifs,11,-0.2659,0.0379,0.1155,1.1235,239,10.2044
06889500,aifs,11,-0.2712,0.0565,0.1284,1.1300,239,9.8806
06892000,aifs,11,-0.1989,0.0834,0.1607,1.0445,239,10.1664
06903400,aifs,11,-0.0849,0.1140,0.2188,0.9734,239,9.8652
06906800,aifs,11,-0.0483,0.0722,0.2384,0.7328,239,11.2464
06910800,aifs,11,-0.2105,0.0145,0.1095,0.9499,239,10.4984
06911900,aifs,11,-0.2034,-0.0154,0.0930,0.9099,239,11.0556
06917000,aifs,11,-0.0433,0.0519,0.2233,0.7563,239,11.2161
06918460,aifs,11,-0.1025,0.1067,0.2171,0.8435,239,10.5163
06919500,aifs,11,-0.1475,0.1133,0.2035,0.8646,239,10.2013
06921070,aifs,11,-0.1046,0.0173,0.1798,0.7252,239,11.9941
06921200,aifs,11,-0.0808,0.0169,0.1823,0.7617,239,12.5970
06934000,aifs,11,-0.2424,0.1398,0.1906,0.9277,239,9.6862
07014500,aifs,11,-0.2197,-0.0442,0.0796,0.7989,239,12.8434
07056000,aifs,11,-0.6171,0.1180,0.1234,1.0519,239,11.3538
07057500,aifs,11,-0.3260,0.1974,0.2172,1.0418,239,9.6224
07060710,aifs,11,-0.6630,0.0188,0.0353,1.0966,239,12.1439
07066000,aifs,11,-0.3934,0.1522,0.1726,1.0528,239,9.8074
07067000,aifs,11,-0.5307,0.1607,0.1702,1.0952,239,9.0925
07068000,aifs,11,-0.6314,0.1613,0.1733,1.1399,239,8.8192
07071500,aifs,11,-0.5699,0.1667,0.1757,1.1111,239,9.3062
07083000,aifs,11,-0.6701,-0.0121,0.2031,1.6240,239,3.7376
07142300,aifs,11,-0.2493,0.0857,0.1765,1.2611,239,5.8557
07145700,aifs,11,-0.1111,-0.0642,0.0956,0.9427,239,12.2560
07148400,aifs,11,-0.5290,0.0885,0.1872,1.4058,239,5.5157
07149000,aifs,11,-0.6732,0.0484,0.1847,1.4907,239,5.4712
07151500,aifs,11,-0.2429,0.0191,0.1123,1.1623,239,8.7726
07167500,aifs,11,-0.2624,0.0775,0.1396,1.0459,239,8.8738
07180500,aifs,11,-0.3478,0.0115,0.0719,1.0644,239,9.3502
07184000,aifs,11,-0.0321,0.0023,0.1900,0.8211,239,13.2392
07195800,aifs,11,-0.1922,0.1136,0.1825,1.0060,239,12.0165
07196900,aifs,11,-0.2750,0.2359,0.2707,1.1779,239,11.0154
07197000,aifs,11,-0.3907,0.1955,0.2132,1.1090,239,11.0779
07208500,aifs,11,-0.5599,0.1051,0.1449,1.2440,239,3.2480
07226500,aifs,11,-0.6306,0.1575,0.1689,1.1363,239,3.1439
07261000,aifs,11,-0.9491,0.0074,0.0170,1.1377,239,12.0605
07263295,aifs,11,-0.6977,0.0648,0.0813,1.1547,239,11.9543
07290650,aifs,11,-0.2230,0.0359,0.1263,0.8734,239,10.6332
07291000,aifs,11,-0.1407,0.0815,0.1851,0.8614,239,10.3972
07292500,aifs,11,-0.1162,0.0993,0.2064,0.8537,239,10.3651
07295000,aifs,11,-0.1124,0.0625,0.1811,0.8813,239,11.6742
07299670,aifs,11,-0.6592,-0.0820,0.0067,1.3854,239,5.8857
07301410,aifs,11,-0.0683,0.0550,0.2095,1.2386,239,5.7790
07301500,aifs,11,-0.4274,0.0743,0.2415,1.5245,239,3.8769
07315200,aifs,11,-0.4250,0.1543,0.1883,1.1942,239,8.0690
07315700,aifs,11,-1.0469,-0.0889,0.0854,1.5833,239,8.5188
07335700,aifs,11,-0.3479,0.1055,0.1432,0.9420,239,12.7400
07340300,aifs,11,-0.6270,0.1557,0.1676,1.1390,239,10.5975
07346045,aifs,11,-0.6587,0.0953,0.1250,1.2223,239,9.3265
07359610,aifs,11,-0.3569,0.2044,0.2180,0.9908,239,10.7950
07362100,aifs,11,-0.9374,0.0574,0.1241,1.3358,239,9.8695
07362587,aifs,11,-0.5101,0.0689,0.0888,1.0031,239,12.6191
07373000,aifs,11,-0.5283,0.0859,0.1056,1.0991,239,11.2731
07375000,aifs,11,-0.0455,-0.0368,0.1683,0.7691,239,13.9404
07376000,aifs,11,-0.0767,0.0179,0.1758,0.8229,239,12.3949
08013000,aifs,11,-0.3880,0.0812,0.1161,1.0185,239,12.0158
08014500,aifs,11,-0.4089,0.0946,0.1233,1.0196,239,11.7581
08023080,aifs,11,-0.5091,0.0338,0.0649,1.1042,239,11.4228
08025500,aifs,11,-0.3003,0.0863,0.1366,0.9874,239,12.5582
08029500,aifs,11,-0.2412,0.0939,0.1575,0.9362,239,12.8681
08050800,aifs,11,-0.4103,0.0869,0.1261,1.1430,239,11.3617
08066200,aifs,11,-0.2024,-0.0804,0.0629,0.7762,239,15.1061
08066300,aifs,11,-0.1194,-0.1346,0.0570,0.7958,239,18.7895
08070000,aifs,11,-0.3532,0.1339,0.1626,0.9960,239,10.5692
08070200,aifs,11,-0.3141,0.1401,0.1744,0.9691,239,10.6576
08079600,aifs,11,-0.3443,0.0510,0.1044,1.0910,239,3.5017
08082700,aifs,11,-0.6969,-0.1406,-0.0270,1.4540,239,6.9179
08086212,aifs,11,-0.4070,-0.0054,0.0470,1.0658,239,7.3040
08086290,aifs,11,-0.5084,-0.0184,0.0232,1.1147,239,7.5276
08101000,aifs,11,-0.7072,0.0054,0.0347,1.2037,239,8.0088
08103900,aifs,11,-0.0003,0.1434,0.2852,0.8176,239,9.3012
08104900,aifs,11,-0.0916,-0.0134,0.1568,0.7647,239,10.9954
08109700,aifs,11,-0.1885,0.0437,0.1371,0.9394,239,11.5861
08150800,aifs,11,-0.0662,-0.2077,0.0952,0.5556,239,10.9956
08155200,aifs,11,-0.1884,0.0689,0.1532,0.9830,239,9.0384
08158700,aifs,11,-0.2006,0.0899,0.1639,0.9839,239,8.5332
08158810,aifs,11,-0.2160,0.1334,0.1902,0.9779,239,8.1695
08164000,aifs,11,0.0719,0.4144,0.4492,1.0556,239,7.1520
08164300,aifs,11,0.2128,0.3823,0.4910,0.9286,239,8.5658
08164600,aifs,11,-0.0578,0.3129,0.3525,1.0619,239,7.6951
08165300,aifs,11,-0.0608,-0.1612,0.1053,0.6412,239,9.8399
08171300,aifs,11,-0.1298,0.0619,0.1707,0.9213,239,8.9675
08175000,aifs,11,0.1285,0.3253,0.4286,0.8842,239,8.1347
08176900,aifs,11,0.0065,0.3725,0.4066,1.0589,239,6.8818
08178880,aifs,11,-0.0085,-0.0906,0.1752,0.6973,239,10.7219
08189500,aifs,11,0.0252,0.3006,0.3681,1.0000,239,7.3106
08190000,aifs,11,-0.0285,-0.2935,0.0842,0.5069,239,14.6605
08190500,aifs,11,-0.0231,-0.2958,0.0886,0.5055,239,13.9674
08194200,aifs,11,0.1174,0.0841,0.3636,0.6484,239,8.1412
08195000,aifs,11,-0.0319,-0.2329,0.0977,0.5813,239,13.2504
08196000,aifs,11,-0.0065,-0.2275,0.1309,0.5707,239,14.9832
08198500,aifs,11,0.0034,-0.1470,0.1760,0.6113,239,12.5469
08200000,aifs,11,0.0206,-0.0904,0.2071,0.6713,239,11.9678
08202700,aifs,11,0.0355,-0.1046,0.2299,0.6146,239,12.7271
08267500,aifs,11,-0.2086,-0.0805,0.0488,0.8652,239,4.1787
08269000,aifs,11,-0.3784,0.0296,0.0835,1.1155,239,3.3076
08271000,aifs,11,-0.1926,-0.0963,0.0493,0.8179,239,4.3221
08324000,aifs,11,-0.4590,0.0267,0.0642,1.0780,239,2.7939
08377900,aifs,11,-0.3067,-0.0266,0.0519,0.9648,239,4.3299
08378500,aifs,11,-0.3832,0.0042,0.0584,1.0488,239,3.8801
08380500,aifs,11,-0.3912,0.0619,0.1005,1.0135,239,3.6379
09034900,aifs,11,-0.4533,0.0759,0.1047,1.0788,239,4.7699
09035900,aifs,11,-0.8945,0.0572,0.1271,1.3506,239,4.0230
09047700,aifs,11,-0.9852,0.0102,0.1084,1.4216,239,3.9091
09065500,aifs,11,-0.6231,0.0997,0.1722,1.3516,239,3.8015
09066000,aifs,11,-0.9580,-0.0041,0.1882,1.5746,239,3.5580
09066200,aifs,11,-0.5072,0.1241,0.1876,1.3141,239,3.8786
09066300,aifs,11,-0.5249,0.1240,0.1938,1.3343,239,3.7964
09081600,aifs,11,-0.2290,0.0989,0.2520,1.4451,239,4.8295
09107000,aifs,11,-1.0246,-0.2895,0.2109,2.0088,239,3.5094
09210500,aifs,11,-0.5988,0.0724,0.1205,1.2747,239,2.9474
09223000,aifs,11,-0.5523,0.1102,0.1569,1.2686,239,3.5798
09306242,aifs,11,-0.6289,0.0151,0.1074,1.4031,239,3.6087
09312600,aifs,11,-0.2483,0.1329,0.2380,1.3462,239,3.4665
09352900,aifs,11,-0.0674,0.2086,0.2948,1.1670,239,4.5651
09378170,aifs,11,-0.1068,0.0252,0.1823,0.7305,239,3.6722
09378630,aifs,11,-0.1150,-0.0157,0.1579,0.7028,239,3.8801
09386900,aifs,11,-0.3644,0.0520,0.0979,1.0214,239,2.6595
09404450,aifs,11,-0.5244,0.2049,0.3792,1.4629,239,3.6103
09430500,aifs,11,-0.3866,0.0919,0.1508,0.7664,239,2.6944
09430600,aifs,11,-0.4319,0.0608,0.1300,0.7185,239,3.4210
09447800,aifs,11,-1.4680,0.0379,0.0874,1.0402,239,2.5793
09480000,aifs,11,-0.0060,0.0910,0.2973,0.6203,239,3.4843
09484000,aifs,11,-0.3049,0.1589,0.1971,0.8770,239,3.8180
09484600,aifs,11,-0.0596,0.1622,0.2967,0.6950,239,3.1553
09492400,aifs,11,-0.1393,0.0163,0.1854,0.6509,239,5.0687
09494000,aifs,11,-0.3680,0.1104,0.1604,0.8032,239,3.9824
09497800,aifs,11,-1.0022,0.1347,0.1541,1.0731,239,3.7601
09497980,aifs,11,-0.7542,0.2234,0.2357,1.0246,239,4.1805
09505200,aifs,11,-0.6379,0.2319,0.3031,1.2853,239,3.6930
09505350,aifs,11,-0.6323,0.2195,0.2796,1.2764,239,3.7972
09505800,aifs,11,-0.5859,0.2533,0.3200,1.2729,239,3.9199
09508300,aifs,11,-0.8593,0.2151,0.2928,1.2175,239,4.0855
09510200,aifs,11,-0.7178,0.1911,0.2841,1.3344,239,3.9274
09512280,aifs,11,-1.0616,-0.1964,0.2709,1.8932,239,3.8386
09513780,aifs,11,-1.4689,-0.2734,0.2623,1.9186,239,3.6811
10023000,aifs,11,-0.3276,0.0915,0.1517,1.1944,239,4.1392
10166430,aifs,11,-0.2944,0.1465,0.1827,0.9773,239,4.0725
10172700,aifs,11,-0.2760,0.1998,0.2437,1.1886,239,3.0863
10172800,aifs,11,-0.1987,0.1417,0.2080,0.8668,239,4.0067
10173450,aifs,11,-0.1265,0.3716,0.3958,1.1554,239,3.8619
10205030,aifs,11,-0.0742,0.2045,0.2778,1.0182,239,3.1547
10234500,aifs,11,-0.0711,0.3051,0.3447,1.0693,239,3.6307
10242000,aifs,11,0.0045,0.4211,0.4395,1.0694,239,3.8044
10244950,aifs,11,-0.3936,0.2316,0.3274,1.3709,239,3.3732
10249300,aifs,11,-0.6516,0.1694,0.3173,1.4406,239,2.9077
10258000,aifs,11,-1.3099,-0.7082,0.3716,2.4897,239,5.4102
10258500,aifs,11,-4.9520,-2.4665,0.4035,4.0080,239,4.4454
10259000,aifs,11,-1.7246,-0.8945,0.3657,2.6400,239,4.5580
10259200,aifs,11,-4.6900,-2.5778,0.4033,4.1670,239,4.7857
10263500,aifs,11,-0.1360,0.3003,0.3477,1.2059,239,6.3062
10310500,aifs,11,-0.8936,0.0372,0.4456,1.6263,239,5.0053
10316500,aifs,11,-0.2051,0.1367,0.2022,0.8723,239,4.0821
10329500,aifs,11,-0.0698,0.2288,0.3036,0.8522,239,3.3884
10336645,aifs,11,-0.0740,0.3853,0.5230,1.3735,239,8.5197
10336660,aifs,11,0.1129,0.4991,0.5685,1.2534,239,8.4295
10343500,aifs,11,-0.1618,0.3428,0.5425,1.4232,239,5.8263
10348850,aifs,11,0.2283,0.3404,0.5002,0.7696,239,8.0108
10396000,aifs,11,0.0029,-0.0438,0.2650,0.5045,239,3.3569
11098000,aifs,11,0.1528,0.3900,0.4629,0.9982,239,7.5262
11124500,aifs,11,0.1349,0.3010,0.4241,1.1540,239,6.4567
11141280,aifs,11,0.1262,0.4172,0.4761,1.1480,239,5.9009
11143000,aifs,11,-0.0925,0.2288,0.3017,0.8175,239,10.5926
11148900,aifs,11,-0.4909,0.2495,0.3597,1.3643,239,6.6783
11151300,aifs,11,-0.5769,0.1845,0.3086,1.4142,239,4.7014
11162500,aifs,11,-0.1831,0.3156,0.3285,1.0143,239,6.9088
11176400,aifs,11,-1.4692,-0.0782,0.2440,1.6068,239,5.3261
11180500,aifs,11,-0.9188,0.0595,0.2618,1.5272,239,5.2883
11180960,aifs,11,-0.4938,0.2251,0.2537,1.2087,239,5.6018
11224500,aifs,11,-0.3480,0.2682,0.3306,1.2958,239,3.7852
11253310,aifs,11,-0.5632,0.1692,0.2725,1.3956,239,3.3226
11264500,aifs,11,-3.4272,-0.9501,0.3066,2.4203,239,10.0017
11266500,aifs,11,-2.8686,-0.7796,0.3127,2.3029,239,10.0737
11274500,aifs,11,-1.3377,-0.0360,0.2622,1.5783,239,4.9494
11274630,aifs,11,-1.6604,-0.1714,0.2420,1.7087,239,4.8014
11284400,aifs,11,-1.1261,-0.1912,0.3254,1.8892,239,7.4034
11299600,aifs,11,-0.8451,-0.0765,0.3627,1.8006,239,6.7383
11381500,aifs,11,0.4721,0.6185,0.6921,0.9841,239,6.5845
11383500,aifs,11,0.4892,0.6339,0.7041,0.9873,239,6.5763
11451100,aifs,11,0.2982,0.6134,0.6220,0.9905,239,4.3483
11468500,aifs,11,0.1952,0.4653,0.5141,1.0071,239,6.0029
11473900,aifs,11,0.3339,0.4405,0.5852,0.8264,239,5.6161
11475560,aifs,11,0.2278,0.0989,0.4968,0.5419,239,11.4937
11476600,aifs,11,0.1257,0.3803,0.4493,0.9298,239,6.8839
11478500,aifs,11,0.2176,0.3788,0.4987,0.8400,239,6.5327
11480390,aifs,11,0.2437,0.3715,0.5126,0.8265,239,6.0469
11481200,aifs,11,0.3074,0.4210,0.5638,0.8387,239,6.6260
11482500,aifs,11,0.3146,0.3469,0.5663,0.7403,239,7.3846
11522500,aifs,11,0.2301,0.4215,0.5158,0.8910,239,5.2485
11523200,aifs,11,0.1442,0.3296,0.4617,0.7255,239,6.0952
11528700,aifs,11,0.2409,0.4147,0.5234,0.8408,239,5.2818
11532500,aifs,11,0.2161,0.2309,0.4779,0.6811,239,9.8076
12010000,aifs,11,-0.1387,0.2497,0.3114,0.7917,239,12.1860
12013500,aifs,11,-0.2559,0.3182,0.3250,0.9392,239,10.0355
12020000,aifs,11,-0.3982,0.2763,0.2771,1.0097,239,8.8662
12025000,aifs,11,-0.3321,0.2355,0.2464,0.9765,239,8.3335
12025700,aifs,11,-0.5803,0.2106,0.2676,1.2872,239,8.1763
12035000,aifs,11,-0.2699,0.3099,0.3233,0.8825,239,12.4847
12040500,aifs,11,-0.1448,0.3860,0.3945,0.9169,239,13.6460
12041200,aifs,11,-0.0782,0.3115,0.3608,0.8293,239,14.5519
12043000,aifs,11,-0.0573,0.3494,0.3843,0.8724,239,11.3468
12048000,aifs,11,-1.2576,-0.1053,0.1576,1.6703,239,7.8798
12054000,aifs,11,-0.3456,0.1981,0.2205,1.1086,239,10.3778
12056500,aifs,11,-0.2790,0.2798,0.2883,0.9894,239,13.4282
12073500,aifs,11,-0.4173,0.2357,0.2545,1.1595,239,6.7794
12082500,aifs,11,-0.3542,0.2807,0.3026,1.1725,239,11.1651
12092000,aifs,11,-0.3130,0.2602,0.2767,1.1177,239,11.0950
12095000,aifs,11,-0.5964,0.1869,0.2729,1.3560,239,9.3441
12114500,aifs,11,-0.0486,0.2488,0.3216,0.8648,239,11.8323
12115000,aifs,11,-0.0554,0.2500,0.3192,0.8735,239,11.8102
12115500,aifs,11,-0.0880,0.2577,0.3098,0.9235,239,12.0307
12117000,aifs,11,-0.1271,0.2604,0.3020,0.9229,239,12.1149
12141300,aifs,11,-0.0563,0.2579,0.3270,0.8508,239,13.7392
12143600,aifs,11,-0.0917,0.2751,0.3203,0.9242,239,13.1225
12144000,aifs,11,-0.1263,0.2919,0.3214,0.9679,239,12.4788
12145500,aifs,11,-0.2298,0.2907,0.3028,0.9901,239,10.2872
12147600,aifs,11,-0.0141,0.2087,0.3243,0.7776,239,16.4902
12167000,aifs,11,-0.1312,0.3397,0.3585,1.0820,239,11.9594
12175500,aifs,11,-0.2884,0.3419,0.3636,1.1673,239,8.9721
12186000,aifs,11,-0.1410,0.3509,0.3617,1.0115,239,12.4489
12189500,aifs,11,-0.2610,0.3505,0.3686,1.1518,239,11.0180
12358500,aifs,11,-0.3292,0.0118,0.0881,0.8255,239,7.9839
12377150,aifs,11,-0.3440,-0.0050,0.1046,0.6799,239,7.6967
12381400,aifs,11,-0.3554,0.0822,0.1520,0.7509,239,6.9538
12390700,aifs,11,-0.7080,0.1176,0.1299,1.1457,239,6.0170
12411000,aifs,11,-0.6978,0.0996,0.1169,1.1703,239,7.1964
12414500,aifs,11,-0.5726,0.1663,0.1752,1.1111,239,7.0644
12447390,aifs,11,-1.5378,-0.3734,0.0800,1.9839,239,4.4188
12451000,aifs,11,-0.9286,0.0930,0.3492,1.5272,239,7.7667
12488500,aifs,11,-0.1322,0.2847,0.3182,1.0834,239,8.6036
13011500,aifs,11,-0.5166,0.1061,0.2190,1.4303,239,4.4976
13011900,aifs,11,-0.3747,0.1775,0.2461,1.3083,239,4.1253
13018300,aifs,11,-0.4818,0.0897,0.1699,1.3483,239,4.5049
13023000,aifs,11,-0.6096,0.1211,0.1921,1.3453,239,3.8944
13161500,aifs,11,-1.1751,-0.1434,0.1874,1.7623,239,3.1404
13235000,aifs,11,-0.2656,0.2542,0.2694,1.0137,239,4.9312
13240000,aifs,11,-0.1249,0.1707,0.2551,0.8193,239,6.0491
13310700,aifs,11,-0.3209,0.2603,0.2695,1.0541,239,5.0211
13313000,aifs,11,-0.1424,0.1906,0.2612,0.8340,239,5.5915
13331500,aifs,11,-0.2478,0.1298,0.1840,0.9053,239,5.6068
13337000,aifs,11,-0.3160,0.2652,0.2726,0.9839,239,6.8723
13338500,aifs,11,-0.4669,0.2109,0.2658,1.2890,239,5.5723
13340000,aifs,11,-0.3370,0.2823,0.2903,1.0869,239,5.8482
13340600,aifs,11,-0.3184,0.2176,0.2342,0.9612,239,7.7298
14020000,aifs,11,-0.0745,0.2211,0.2902,0.9263,239,5.0332
14092750,aifs,11,-0.0300,0.3030,0.3568,0.8995,239,5.7257
14096850,aifs,11,-0.1199,0.2196,0.2794,1.1134,239,3.6841
14137000,aifs,11,-0.0175,0.2957,0.3544,0.9175,239,8.6547
14138800,aifs,11,0.0404,0.1805,0.3411,0.7350,239,11.4736
14138870,aifs,11,0.0357,0.2193,0.3491,0.7839,239,11.9146
14138900,aifs,11,0.0857,0.1416,0.3647,0.6671,239,13.7699
14139800,aifs,11,-0.0030,0.2061,0.3291,0.7670,239,11.8103
14141500,aifs,11,-0.0744,0.2757,0.3277,0.8963,239,10.4526
14154500,aifs,11,-0.1535,0.3634,0.3702,1.0194,239,6.0244
14158500,aifs,11,-0.0414,0.3379,0.3791,0.8773,239,7.2639
14158790,aifs,11,0.0676,0.1947,0.3799,0.6659,239,8.7972
14166500,aifs,11,-0.0022,0.1731,0.2959,0.8563,239,6.3960
14182500,aifs,11,-0.1101,0.3738,0.3849,1.0478,239,8.5881
14185000,aifs,11,-0.2388,0.3606,0.3659,1.0788,239,8.0270
14185900,aifs,11,-0.0946,0.3484,0.3689,0.9424,239,9.0693
14187000,aifs,11,-0.1785,0.3259,0.3372,0.9856,239,8.1521
14216500,aifs,11,-0.2724,0.3069,0.3170,1.0925,239,10.5390
14222500,aifs,11,0.0463,0.1610,0.3351,0.7262,239,14.6129
14236200,aifs,11,-0.2818,0.2841,0.2960,1.0862,239,9.7654
14301000,aifs,11,-0.0991,0.1096,0.2259,0.8059,239,9.4065
14303200,aifs,11,-0.0043,-0.0424,0.2335,0.6000,239,11.6917
14305500,aifs,11,0.0373,-0.0512,0.2799,0.5505,239,13.5586
14306340,aifs,11,0.0225,0.1243,0.3052,0.7212,239,7.0283
14306500,aifs,11,-0.0055,0.1222,0.2831,0.7523,239,7.6904
14308990,aifs,11,0.0712,0.3813,0.4284,0.9856,239,4.3436
14309500,aifs,11,0.1440,0.2715,0.4323,0.7484,239,6.2511
14316700,aifs,11,-0.1709,0.3626,0.3675,1.0039,239,5.7604
14325000,aifs,11,0.0953,0.1938,0.3840,0.6922,239,8.0167
14362250,aifs,11,-0.0004,0.3295,0.3801,1.0877,239,4.1761
14400000,aifs,11,0.0503,0.1195,0.3303,0.6547,239,11.0579
01013500,aifs,12,-0.6855,-0.0439,-0.0125,1.1709,239,7.1754
01022500,aifs,12,-0.7245,-0.0552,-0.0103,1.2553,239,8.2830
01030500,aifs,12,-0.8935,-0.0890,-0.0664,1.1826,239,7.4655
01031500,aifs,12,-0.7739,-0.0630,-0.0162,1.2763,239,7.5997
01047000,aifs,12,-0.7392,-0.0665,-0.0252,1.2388,239,8.0998
01052500,aifs,12,-0.8110,-0.0643,-0.0066,1.3239,239,7.5373
01054200,aifs,12,-0.6559,-0.0223,0.0164,1.2136,239,9.3245
01055000,aifs,12,-0.7859,-0.0085,0.0183,1.2077,239,7.7027
01057000,aifs,12,-0.7660,0.0263,0.0676,1.2732,239,8.0694
01073000,aifs,12,-0.9030,0.0221,0.1736,1.5100,239,8.3684
01078000,aifs,12,-0.8162,0.0354,0.1121,1.3770,239,8.4672
01118300,aifs,12,-0.2878,-0.0042,0.0767,0.9018,239,13.1107
01121000,aifs,12,-0.5674,0.0807,0.0928,1.0163,239,10.3367
01123000,aifs,12,-0.5136,0.0862,0.1030,0.9787,239,10.6801
01134500,aifs,12,-0.6377,-0.0236,0.0097,1.1690,239,8.3668
01137500,aifs,12,-0.7587,-0.0391,0.0063,1.2730,239,8.7193
01139000,aifs,12,-0.7324,-0.0418,0.0590,1.4345,239,8.1488
01139800,aifs,12,-0.6144,0.0115,0.0488,1.2069,239,8.7941
01142500,aifs,12,-0.8321,-0.0078,0.0900,1.4327,239,7.8047
01144000,aifs,12,-0.6791,0.0625,0.1028,1.2608,239,8.0433
01169000,aifs,12,-0.5998,0.1379,0.2278,1.3828,239,8.7933
01170100,aifs,12,-0.6277,0.1215,0.2381,1.4353,239,8.6469
01181000,aifs,12,-0.5833,0.1359,0.1698,1.2333,239,9.5195
01187300,aifs,12,-0.8625,0.0534,0.1521,1.4142,239,9.0302
01195100,aifs,12,-0.4483,0.0502,0.0833,0.9458,239,11.5731
01333000,aifs,12,-0.6172,0.0775,0.1814,1.4239,239,8.8759
01350000,aifs,12,-0.3360,-0.0133,0.0697,1.1963,239,11.6845
01350080,aifs,12,-0.5624,-0.0145,0.0631,1.3360,239,9.8708
01350140,aifs,12,-0.5485,0.0089,0.0635,1.2542,239,9.3143
01365000,aifs,12,-0.5554,0.0145,0.0745,1.2834,239,10.4921
01411300,aifs,12,-0.4835,-0.1225,-0.0518,1.1635,239,13.1507
01413500,aifs,12,-0.3255,0.0160,0.0816,1.0841,239,10.9982
01414500,aifs,12,-0.3090,-0.0026,0.0796,1.1640,239,11.6375
01415000,aifs,12,-0.4264,0.0463,0.0916,1.1439,239,9.3937
01423000,aifs,12,-0.4419,0.0337,0.0731,1.0859,239,9.3418
01434025,aifs,12,-0.3222,-0.0040,0.0662,1.0668,239,12.3319
01435000,aifs,12,-0.3560,0.0136,0.0775,1.1330,239,11.7597
01439500,aifs,12,-0.6085,0.0316,0.0500,1.0819,239,9.6701
01440000,aifs,12,-0.5809,0.0207,0.0452,1.1011,239,10.1481
01440400,aifs,12,-0.5116,-0.0001,0.0327,0.9667,239,10.3588
01451800,aifs,12,-0.9108,-0.0307,-0.0055,1.2195,239,9.4506
01466500,aifs,12,-0.9860,-0.0610,-0.0085,1.3289,239,10.1316
01484100,aifs,12,-0.7708,-0.0964,0.0235,1.4852,239,10.3684
01485500,aifs,12,-0.4541,0.0216,0.0785,1.2162,239,11.3373
01486000,aifs,12,-0.4151,0.0088,0.0819,1.2534,239,11.4904
01487000,aifs,12,-0.6398,-0.0700,0.0559,1.4778,239,10.5633
01491000,aifs,12,-1.1855,-0.1760,0.0359,1.6669,239,9.1615
01510000,aifs,12,-0.4698,0.0671,0.0990,1.1181,239,8.8314
01516500,aifs,12,-0.7666,-0.0355,-0.0224,1.0726,239,7.7036
01518862,aifs,12,-0.6725,-0.0439,-0.0238,1.0052,239,7.9093
01532000,aifs,12,-0.5896,-0.0546,-0.0201,1.0867,239,8.7894
01539000,aifs,12,-0.6402,-0.0214,0.0005,1.0655,239,9.2905
01542810,aifs,12,-0.7810,-0.0514,-0.0390,1.0453,239,8.7995
01543000,aifs,12,-0.8400,-0.0366,-0.0294,1.0464,239,8.6257
01543500,aifs,12,-0.7640,-0.0549,-0.0416,1.0066,239,9.0873
01544500,aifs,12,-0.7654,-0.0382,-0.0245,1.0756,239,8.3998
01545600,aifs,12,-0.7986,-0.0736,-0.0542,1.1243,239,8.6749
01547700,aifs,12,-0.3105,-0.1665,-0.0555,0.9715,239,12.2978
01548500,aifs,12,-0.8175,-0.0430,-0.0329,1.0670,239,7.9589
01549500,aifs,12,-0.7163,-0.0639,-0.0372,1.1378,239,8.6088
01550000,aifs,12,-0.5720,-0.0671,-0.0267,1.1045,239,9.1848
01552000,aifs,12,-0.4771,-0.0761,-0.0227,1.0442,239,10.1623
01552500,aifs,12,-0.6966,-0.0399,-0.0193,1.0892,239,9.1316
01557500,aifs,12,-0.4313,-0.1664,-0.0810,0.8811,239,11.3043
01567500,aifs,12,-0.5710,-0.1066,-0.0628,1.0467,239,9.7734
01568000,aifs,12,-0.7282,-0.0822,-0.0595,1.0807,239,9.0713
01580000,aifs,12,-1.0656,-0.0560,-0.0100,1.3081,239,8.9511
01583500,aifs,12,-1.0157,-0.0720,0.0035,1.3952,239,8.7838
01586610,aifs,12,-0.9074,-0.0548,0.0032,1.3405,239,8.6466
01591400,aifs,12,-0.5813,-0.0625,-0.0265,1.0733,239,10.2298
01596500,aifs,12,-0.3420,0.1026,0.1563,1.1840,239,8.4806
01605500,aifs,12,-0.3328,0.0737,0.1258,1.1102,239,7.7008
01606500,aifs,12,-0.4495,0.0684,0.1050,1.1358,239,7.4617
01613050,aifs,12,-0.6413,-0.0284,-0.0059,1.0590,239,8.4755
01620500,aifs,12,-0.6310,-0.0219,0.0275,1.2534,239,7.2331
01632000,aifs,12,-0.3320,-0.0040,0.0754,0.8267,239,8.1344
01632900,aifs,12,-0.3667,-0.0118,0.0539,0.8867,239,8.0368
01634500,aifs,12,-0.4254,-0.0021,0.0450,0.9639,239,8.2876
01638480,aifs,12,-0.6416,-0.0506,-0.0227,1.0922,239,8.8187
01639500,aifs,12,-0.9707,-0.0714,-0.0251,1.3077,239,8.6395
01644000,aifs,12,-0.6641,-0.0185,0.0002,1.0587,239,8.2906
01658500,aifs,12,-0.4908,0.0456,0.0753,1.0839,239,8.8646
01664000,aifs,12,-0.4611,0.0316,0.0665,0.9459,239,8.2619
01666500,aifs,12,-0.5210,-0.0139,0.0205,0.9528,239,8.4703
01667500,aifs,12,-0.5436,0.0170,0.0419,0.9862,239,8.1455
01669000,aifs,12,-0.6025,-0.0331,0.0322,1.3020,239,10.2856
01669520,aifs,12,-0.6225,-0.0351,0.0418,1.3485,239,10.2787
02011400,aifs,12,-0.5956,0.0352,0.0665,1.1809,239,7.5445
02011460,aifs,12,-0.5730,0.0068,0.0546,1.2338,239,7.9717
02013000,aifs,12,-0.6203,-0.0042,0.0175,1.0707,239,8.0081
02014000,aifs,12,-0.7703,-0.0031,0.0095,1.1093,239,7.4902
02015700,aifs,12,-0.5139,-0.0029,0.0628,1.2762,239,7.5852
02016000,aifs,12,-0.6829,0.0336,0.0770,1.2671,239,7.0254
02017500,aifs,12,-0.9924,-0.0237,-0.0010,1.2144,239,7.0310
02018000,aifs,12,-1.0804,-0.0250,0.0084,1.2566,239,6.8680
02027000,aifs,12,-0.9107,-0.0378,0.0715,1.4636,239,7.2267
02027500,aifs,12,-0.8080,-0.0039,0.0741,1.3858,239,7.2959
02028500,aifs,12,-0.6767,0.0550,0.0743,1.1598,239,7.3553
02038850,aifs,12,-0.7224,0.0368,0.0599,1.1880,239,7.7717
02046000,aifs,12,-0.6495,-0.0085,0.0211,1.1670,239,8.8310
02051000,aifs,12,-0.5677,-0.0555,-0.0161,1.1104,239,9.1976
02051500,aifs,12,-0.6581,-0.0386,-0.0021,1.1913,239,8.5484
02053200,aifs,12,-0.5413,0.0522,0.0894,1.1977,239,9.0430
02053800,aifs,12,-0.7981,-0.0149,-0.0081,1.0222,239,7.1806
02055100,aifs,12,-1.1041,-0.1202,0.0274,1.5532,239,6.9548
02056900,aifs,12,-0.6687,-0.0040,0.0109,1.0197,239,7.6746
02059500,aifs,12,-1.0683,0.0110,0.0475,1.2559,239,6.7060
02064000,aifs,12,-1.0066,-0.0360,0.0910,1.4911,239,7.0476
02065500,aifs,12,-1.0341,-0.0518,0.0288,1.4024,239,7.5369
02069700,aifs,12,-0.4406,0.0112,0.0523,0.9995,239,8.4816
02070000,aifs,12,-0.4300,0.0235,0.0640,0.9735,239,8.3514
02074500,aifs,12,-0.4351,-0.0482,0.0275,1.2300,239,8.9267
02077200,aifs,12,-0.7242,0.0049,0.0388,1.2303,239,7.2750
02081500,aifs,12,-0.6027,-0.0289,0.0158,1.2121,239,8.0439
02082950,aifs,12,-0.8296,-0.0343,0.0974,1.5050,239,7.3834
02092500,aifs,12,-0.7448,0.0852,0.1466,1.3295,239,8.2906
02096846,aifs,12,-0.2800,-0.0917,0.0105,1.0284,239,10.1966
02102908,aifs,12,-0.2631,-0.0124,0.0740,0.9669,239,9.3230
02108000,aifs,12,-0.5521,0.1339,0.1639,1.2108,239,8.0660
02111180,aifs,12,-0.3841,0.0519,0.0955,0.9406,239,8.7717
02111500,aifs,12,-0.4583,0.0387,0.0713,0.9851,239,8.8398
02118500,aifs,12,-0.5263,0.0944,0.1104,1.0654,239,7.7170
02128000,aifs,12,-0.4190,0.0082,0.0536,0.9981,239,7.8652
02137727,aifs,12,-0.3619,0.0079,0.0674,0.9186,239,9.7582
02140991,aifs,12,-0.5163,0.0412,0.0652,0.9994,239,8.8547
02143000,aifs,12,-0.4782,0.0493,0.0769,0.9892,239,8.5939
02143040,aifs,12,-0.4526,0.0504,0.0820,0.9632,239,8.4590
02149000,aifs,12,-0.2249,-0.0183,0.0941,0.8177,239,11.0729
02152100,aifs,12,-0.5023,0.0798,0.0988,1.0133,239,8.2278
02177000,aifs,12,-0.6829,0.0165,0.0278,1.0311,239,11.6657
02178400,aifs,12,-0.6984,0.0950,0.0974,1.0253,239,9.9320
02193340,aifs,12,-0.2522,0.0362,0.1117,1.0154,239,8.1364
02196000,aifs,12,-0.2378,-0.0396,0.0662,0.8905,239,8.8672
02198100,aifs,12,-0.1357,-0.1386,0.0640,0.7090,239,11.1495
02202600,aifs,12,-0.4624,0.0516,0.0900,1.1406,239,7.2615
02212600,aifs,12,-0.0821,0.0479,0.1919,0.8227,239,8.8861
02215100,aifs,12,-0.1419,-0.0451,0.1150,0.7655,239,9.0468
02216180,aifs,12,-0.0883,-0.0714,0.1238,0.7589,239,10.4020
02221525,aifs,12,-0.1497,0.0739,0.1770,0.8626,239,8.1525
02231000,aifs,12,-0.2768,0.0786,0.1441,0.8700,239,7.5729
02231342,aifs,12,-0.3567,0.0935,0.1498,1.1990,239,7.8684
02235200,aifs,12,-0.2187,0.1374,0.1925,0.9717,239,7.6636
02245500,aifs,12,-0.1666,0.2210,0.2650,1.0656,239,6.8847
02246000,aifs,12,-0.2944,0.1843,0.2110,0.9863,239,6.6775
02296500,aifs,12,-0.3516,0.1971,0.2143,1.0536,239,7.0892
02297155,aifs,12,-0.2561,0.0886,0.1488,1.0368,239,9.3120
02297310,aifs,12,-0.3347,0.0786,0.1242,0.9684,239,9.0368
02298123,aifs,12,-0.4091,0.0326,0.0763,1.0626,239,8.5167
02298608,aifs,12,-0.3801,0.0097,0.0630,0.9570,239,9.9356
02299950,aifs,12,-0.4479,0.0298,0.0698,1.0943,239,9.4726
02300700,aifs,12,-0.3102,0.0070,0.0805,1.1090,239,10.7084
02310947,aifs,12,-0.2897,0.0784,0.1378,1.1029,239,8.7537
02312200,aifs,12,-0.2178,0.0235,0.1143,1.0652,239,10.0338
02314500,aifs,12,-0.2487,-0.0455,0.0696,0.8069,239,8.6521
02315500,aifs,12,-0.2965,-0.0161,0.0780,0.8091,239,8.0525
02324400,aifs,12,-0.0186,0.0200,0.2253,0.7328,239,10.5367
02327100,aifs,12,-0.1730,-0.0583,0.0978,0.7499,239,9.5889
02349900,aifs,12,-0.1136,-0.0907,0.1140,0.6901,239,9.9752
02350900,aifs,12,-0.2402,-0.0214,0.0932,0.7873,239,8.2906
02361000,aifs,12,-0.2308,0.0472,0.1375,0.8353,239,7.8935
02363000,aifs,12,-0.1790,0.0714,0.1674,0.8498,239,8.5353
02369800,aifs,12,-0.2002,-0.1781,0.0239,0.6392,239,14.1421
02371500,aifs,12,-0.1167,0.0392,0.1723,0.8165,239,9.8615
02372250,aifs,12,-0.1680,0.0341,0.1587,0.7674,239,9.8682
02374500,aifs,12,-0.2492,0.0015,0.1125,0.7552,239,11.2013
02381600,aifs,12,-0.2650,0.0329,0.1138,0.8630,239,11.3256
02384540,aifs,12,-0.4259,0.0209,0.0650,0.9225,239,10.4737
02395120,aifs,12,-0.3226,0.1695,0.1982,1.0801,239,8.6210
02408540,aifs,12,0.0052,0.2294,0.3314,0.8484,239,9.4408
02415000,aifs,12,-0.0590,0.1198,0.2547,0.7698,239,10.4866
02422500,aifs,12,-0.2329,0.1908,0.2273,0.9791,239,9.7171
02427250,aifs,12,-0.3571,0.1563,0.1834,0.9110,239,8.9364
02430085,aifs,12,-0.3189,0.1046,0.1488,1.0738,239,9.9115
02450250,aifs,12,-0.2439,0.0598,0.1429,0.8320,239,10.7714
02464000,aifs,12,-0.0568,0.1402,0.2545,0.8508,239,11.5529
02465493,aifs,12,-0.3993,0.1640,0.1800,0.9965,239,10.1002
02469800,aifs,12,-0.3384,0.1435,0.1826,0.8554,239,10.4835
02472000,aifs,12,-0.1779,0.1463,0.2229,0.8226,239,11.3516
02472500,aifs,12,-0.1834,0.1087,0.2027,0.7807,239,12.4124
02479155,aifs,12,0.0006,0.1734,0.3082,0.7813,239,13.1951
02479300,aifs,12,0.0713,0.0678,0.3239,0.6531,239,16.8796
02481000,aifs,12,0.0526,-0.0238,0.2883,0.5875,239,20.4828
02481510,aifs,12,0.0041,0.0159,0.2667,0.6090,239,17.2645
03010655,aifs,12,-0.6324,-0.0547,-0.0285,0.9808,239,8.4458
03011800,aifs,12,-0.5750,-0.0721,-0.0356,0.9798,239,9.7061
03015500,aifs,12,-0.8534,-0.0220,-0.0104,1.1253,239,8.7750
03021350,aifs,12,-0.6193,-0.0464,-0.0199,1.0274,239,9.5560
03026500,aifs,12,-0.6476,-0.0682,-0.0418,0.9941,239,9.3256
03028000,aifs,12,-0.6567,-0.0729,-0.0468,1.0067,239,9.6661
03049800,aifs,12,-0.5301,-0.0667,-0.0200,1.1065,239,10.9519
03050000,aifs,12,-0.1808,0.1151,0.1916,1.1035,239,10.0248
03066000,aifs,12,-0.3028,0.0308,0.0961,1.0514,239,9.3744
03069500,aifs,12,-0.3303,0.0726,0.1264,1.1169,239,8.9017
03070500,aifs,12,-0.5735,0.0591,0.0920,1.1933,239,9.5803
03076600,aifs,12,-0.2260,0.0872,0.1558,1.0456,239,9.9473
03078000,aifs,12,-0.2107,0.0963,0.1741,1.1400,239,9.7568
03140000,aifs,12,-0.6370,-0.0218,0.0016,1.0818,239,9.1014
03144000,aifs,12,-0.4353,-0.0283,0.0266,0.8970,239,10.4598
03159540,aifs,12,-0.3084,-0.0143,0.0613,0.9474,239,10.6321
03161000,aifs,12,-0.4711,0.0534,0.0812,0.9943,239,8.2567
03164000,aifs,12,-0.6074,0.0397,0.0539,0.9968,239,7.5635
03165000,aifs,12,-0.4838,-0.0320,0.0133,0.9216,239,8.6765
03170000,aifs,12,-0.6977,0.0005,0.0122,0.9944,239,7.2747
03173000,aifs,12,-0.8582,0.0060,0.0087,1.0345,239,6.7861
03180500,aifs,12,-0.4149,0.0784,0.1493,1.2889,239,8.0952
03182500,aifs,12,-0.5783,0.0521,0.1061,1.2827,239,7.7864
03186500,aifs,12,-0.5027,0.0404,0.0706,1.0951,239,9.0908
03187500,aifs,12,-0.5363,0.0320,0.0625,1.1253,239,9.0944
03213700,aifs,12,-0.6327,-0.0191,0.0068,1.1104,239,9.0189
03237280,aifs,12,-0.3753,0.0250,0.0766,1.0618,239,9.1330
03237500,aifs,12,-0.3379,0.0707,0.1182,1.0505,239,9.1012
03241500,aifs,12,-0.3983,-0.0514,0.0134,0.9288,239,11.7815
03280700,aifs,12,-0.6856,-0.0053,0.0176,1.1443,239,9.3919
03281100,aifs,12,-0.8188,-0.0247,-0.0124,1.1144,239,9.3454
03281500,aifs,12,-0.8315,-0.0219,-0.0106,1.1132,239,9.0734
03285000,aifs,12,-0.5203,-0.0703,-0.0259,1.0193,239,11.0458
03291780,aifs,12,-0.2435,0.0062,0.0926,1.0030,239,11.4982
03300400,aifs,12,-0.3172,-0.0098,0.0630,0.9362,239,11.0834
03340800,aifs,12,-0.2437,-0.0036,0.0877,0.9260,239,11.5489
03346000,aifs,12,-0.1132,0.1854,0.2533,1.0104,239,9.2214
03364500,aifs,12,-0.1800,-0.0831,0.0627,0.8235,239,14.3622
03366500,aifs,12,-0.2615,-0.0048,0.0796,0.9918,239,11.3716
03368000,aifs,12,-0.1175,-0.0474,0.1208,0.7821,239,13.7836
03384450,aifs,12,-0.3821,-0.0319,0.0315,1.0649,239,11.1790
03439000,aifs,12,-0.6849,0.0265,0.0369,0.9563,239,10.3369
03450000,aifs,12,-0.4566,0.0691,0.0959,1.0040,239,7.9153
03455500,aifs,12,-0.7989,0.0363,0.0398,0.9503,239,9.6893
03456500,aifs,12,-0.5651,0.0415,0.0671,0.8754,239,8.4669
03460000,aifs,12,-0.5130,0.0417,0.0685,0.9283,239,8.8436
03463300,aifs,12,-0.3500,0.0249,0.0900,0.8502,239,9.2742
03471500,aifs,12,-0.6302,-0.0031,0.0158,1.0362,239,7.7769
03473000,aifs,12,-0.6055,0.0070,0.0265,1.0189,239,7.9878
03479000,aifs,12,-0.6646,0.0617,0.0692,1.0332,239,7.7478
03488000,aifs,12,-0.6180,0.0228,0.0416,1.0813,239,7.8625
03498500,aifs,12,-0.5587,0.0388,0.0590,0.9587,239,9.5830
03500000,aifs,12,-0.8497,0.0624,0.0680,1.1020,239,10.0590
03504000,aifs,12,-0.5600,0.0331,0.0607,0.8733,239,10.9153
03574500,aifs,12,-0.4054,0.0515,0.0900,0.9822,239,11.0143
03604000,aifs,12,-0.4652,0.0183,0.0555,0.9399,239,11.7881
04015330,aifs,12,-0.2726,0.0923,0.1524,1.1117,239,7.3553
04024430,aifs,12,-0.6651,0.0832,0.1526,1.3485,239,6.4926
04027000,aifs,12,-0.8262,-0.0670,0.0886,1.5542,239,6.1351
04040500,aifs,12,-0.3815,0.0497,0.0948,1.0691,239,6.2640
04043050,aifs,12,-0.5450,0.0708,0.0886,1.0655,239,6.0562
04045500,aifs,12,-0.5089,-0.0020,0.0343,1.0874,239,6.2734
04056500,aifs,12,-0.6386,0.0164,0.0392,1.1328,239,6.0991
04057510,aifs,12,-0.4389,-0.0221,0.0264,1.0192,239,6.7060
04057800,aifs,12,-0.4478,-0.0275,0.0213,1.0455,239,6.4853
04059500,aifs,12,-0.3674,0.0563,0.1033,1.0803,239,6.0710
04063700,aifs,12,-0.5258,0.0202,0.0954,1.3272,239,5.8881
04074950,aifs,12,-0.4541,0.0507,0.0915,1.1488,239,6.3489
04105700,aifs,12,-0.3009,-0.0071,0.0694,0.9283,239,8.2205
04115265,aifs,12,-0.2883,-0.0184,0.0646,0.9245,239,8.1599
04122200,aifs,12,-0.1910,0.0941,0.1723,0.9192,239,7.8634
04122500,aifs,12,-0.1981,0.1065,0.1797,0.9082,239,7.4208
04124000,aifs,12,-0.1237,-0.0971,0.1161,0.6509,239,9.1347
04127997,aifs,12,-0.2609,-0.1139,0.0298,0.7260,239,8.7117
04185000,aifs,12,-0.2895,0.1060,0.1554,0.9341,239,7.4695
04196800,aifs,12,-0.5404,0.0838,0.0993,1.0516,239,8.7707
04197100,aifs,12,-0.2830,0.0844,0.1395,1.0345,239,8.9570
04197170,aifs,12,-0.3752,0.0999,0.1374,1.1013,239,8.3922
04213000,aifs,12,-0.7232,-0.0081,0.0151,1.1637,239,8.4040
04213075,aifs,12,-0.5821,-0.0428,-0.0044,1.1379,239,9.0544
04216418,aifs,12,-0.3880,-0.0408,0.0308,0.8554,239,8.7328
04221000,aifs,12,-0.6781,-0.0571,-0.0355,1.0254,239,8.0303
04224775,aifs,12,-0.4455,-0.0320,0.0173,1.0043,239,8.2815
04256000,aifs,12,-0.8087,0.0457,0.0681,1.2020,239,8.0346
04296000,aifs,12,-0.8078,-0.0559,0.0006,1.3208,239,8.3955
05057000,aifs,12,-0.9827,-0.1103,0.0843,1.6257,239,5.2610
05057200,aifs,12,-1.0012,-0.1061,0.1481,1.6941,239,4.8739
05062500,aifs,12,-0.2582,0.2182,0.2945,1.3104,239,4.9376
05087500,aifs,12,-0.5483,0.0216,0.0865,1.3034,239,6.6200
05120500,aifs,12,-1.0674,-0.1377,0.1176,1.7065,239,5.7843
05123400,aifs,12,-0.4672,-0.0247,0.0324,1.1781,239,6.0921
05129115,aifs,12,-0.6433,0.0190,0.0945,1.3603,239,5.6687
05131500,aifs,12,-0.7008,0.0351,0.1069,1.3595,239,5.4201
05291000,aifs,12,-0.1951,-0.0697,0.0806,1.2701,239,7.5046
05362000,aifs,12,-0.6642,-0.0121,0.0786,1.4017,239,6.6371
05393500,aifs,12,-0.5487,-0.0133,0.0550,1.2983,239,7.0121
05399500,aifs,12,-0.4218,-0.0350,0.0207,1.0569,239,8.4616
05408000,aifs,12,-0.2207,-0.0544,0.0628,0.8709,239,9.9461
05412500,aifs,12,-0.3988,-0.0549,0.0105,0.9297,239,8.9500
05413500,aifs,12,-0.2904,-0.0590,0.0355,0.9009,239,9.7930
05414000,aifs,12,-0.2853,-0.0417,0.0472,0.9430,239,9.5765
05444000,aifs,12,-0.5140,-0.0026,0.0438,1.1801,239,8.8995
05454000,aifs,12,-0.3595,-0.0247,0.0402,1.0030,239,10.0885
05458000,aifs,12,-0.3360,-0.0669,0.0165,0.9145,239,9.1250
05466500,aifs,12,-0.2473,-0.0651,0.0475,0.8606,239,11.7870
05487980,aifs,12,-0.3384,-0.0231,0.0463,1.0097,239,10.4089
05488200,aifs,12,-0.2529,-0.1001,0.0129,0.9595,239,12.2194
05489000,aifs,12,-0.2744,-0.0642,0.0330,0.9587,239,11.4185
05495000,aifs,12,-0.4537,0.0819,0.1231,1.1875,239,8.9050
05495500,aifs,12,-0.2648,0.1098,0.1692,1.1312,239,9.9678
05501000,aifs,12,-0.2814,0.0300,0.1121,1.1756,239,11.3726
05503800,aifs,12,-0.4685,0.0651,0.1574,1.3743,239,9.5673
05507600,aifs,12,-0.7000,0.0534,0.2202,1.5336,239,8.5821
05508805,aifs,12,-0.6581,0.1127,0.2398,1.4534,239,8.3405
05514500,aifs,12,-0.6522,0.0949,0.1818,1.3870,239,9.1313
05525500,aifs,12,-0.2903,0.0773,0.1322,1.0179,239,9.2678
05556500,aifs,12,-0.2813,-0.0121,0.0707,0.9302,239,10.2015
05584500,aifs,12,-0.1453,0.0145,0.1313,1.0055,239,12.1771
05585000,aifs,12,-0.1749,0.0515,0.1469,1.0591,239,11.2717
05591550,aifs,12,-0.1038,0.1816,0.2541,1.0276,239,9.5666
05592050,aifs,12,-0.2497,0.2013,0.2549,1.2150,239,8.5191
05592575,aifs,12,-0.0823,0.1487,0.2432,0.9223,239,10.1079
05593575,aifs,12,-0.1310,0.2242,0.2823,1.1343,239,8.7595
05593900,aifs,12,-0.2542,0.1341,0.1833,1.0640,239,9.8686
05595730,aifs,12,-0.1614,0.2216,0.2750,1.1471,239,8.4420
06037500,aifs,12,-0.4558,0.0835,0.1118,1.0936,239,4.7092
06043500,aifs,12,-0.4376,0.0737,0.1055,1.0825,239,4.5597
06154410,aifs,12,-0.3510,-0.1574,-0.0368,0.7486,239,5.6410
06188000,aifs,12,-0.8332,0.0685,0.1012,1.2447,239,4.0789
06191500,aifs,12,-0.7113,0.1028,0.1324,1.2271,239,3.9934
06221400,aifs,12,-0.6916,0.1151,0.1535,1.2577,239,3.8099
06224000,aifs,12,-0.6664,0.0956,0.1326,1.2513,239,3.9968
06289000,aifs,12,-0.7299,0.0534,0.1388,1.3925,239,3.7569
06332515,aifs,12,-1.1087,-0.1769,0.0532,1.6941,239,4.7945
06339100,aifs,12,-1.4937,-0.2265,0.0467,1.7332,239,4.1351
06339500,aifs,12,-1.2159,-0.1281,0.0563,1.6023,239,4.6235
06344600,aifs,12,-0.7331,-0.0456,0.0315,1.3755,239,4.5386
06350000,aifs,12,-1.1019,-0.0532,-0.0029,1.3192,239,4.2068
06352000,aifs,12,-1.5519,-0.1489,-0.0302,1.4675,239,3.9826
06353000,aifs,12,-1.6753,-0.1963,-0.0075,1.5886,239,4.3747
06354000,aifs,12,-1.4522,-0.1435,0.0039,1.5285,239,4.5620
06360500,aifs,12,-1.5480,-0.1600,0.0649,1.6251,239,4.0434
06404000,aifs,12,-1.0608,-0.1369,0.1911,1.7768,239,4.7956
06406000,aifs,12,-1.3188,-0.1718,0.1654,1.7745,239,4.6594
06408700,aifs,12,-1.0167,-0.0222,0.1264,1.5196,239,4.1254
06409000,aifs,12,-1.0564,-0.0390,0.1648,1.5959,239,4.1044
06431500,aifs,12,-0.8011,0.0062,0.1133,1.4487,239,4.3552
06440200,aifs,12,-0.6121,-0.0218,0.0256,1.2375,239,5.4121
06441500,aifs,12,-0.9844,0.0002,0.0358,1.2637,239,4.9234
06447000,aifs,12,-0.7931,-0.0010,0.0726,1.3741,239,4.5540
06447500,aifs,12,-0.5227,0.0500,0.1224,1.3299,239,4.9048
06450500,aifs,12,-0.4694,0.0236,0.0624,1.1071,239,5.5912
06452000,aifs,12,-0.6620,0.0404,0.0768,1.2367,239,4.6861
06453600,aifs,12,-0.0819,0.2067,0.2776,1.0506,239,5.5962
06464500,aifs,12,-0.2071,0.0434,0.1301,0.9663,239,6.7977
06477500,aifs,12,-0.2516,0.1046,0.1795,1.2073,239,5.5999
06479215,aifs,12,-0.2298,-0.1107,0.0494,1.3233,239,7.7814
06479438,aifs,12,-0.2775,-0.1153,0.0436,1.3729,239,7.3656
06601000,aifs,12,-0.2503,0.0239,0.1100,1.1302,239,8.3807
06614800,aifs,12,-0.1819,0.0183,0.1231,0.9219,239,5.8475
06622700,aifs,12,-0.2739,0.1523,0.1920,1.0523,239,4.0280
06623800,aifs,12,-0.3089,0.1593,0.2011,1.1536,239,4.3870
06632400,aifs,12,-0.3366,0.0984,0.1474,1.1404,239,4.4891
06784000,aifs,12,-0.3562,0.1516,0.1866,1.1476,239,6.3964
06803510,aifs,12,-0.2549,0.0874,0.1557,1.1382,239,9.2513
06803530,aifs,12,-0.4133,0.0857,0.1421,1.2413,239,8.4253
06814000,aifs,12,-0.3095,0.1046,0.1680,1.2103,239,8.7338
06846500,aifs,12,-0.2916,0.0725,0.1283,1.0158,239,4.7420
06847900,aifs,12,-0.2194,0.0367,0.1218,1.0330,239,5.6065
06853800,aifs,12,-0.6419,0.0291,0.0765,1.2724,239,6.8985
06876700,aifs,12,-0.0910,-0.0168,0.1426,0.8535,239,10.3828
06878000,aifs,12,-0.3080,0.0169,0.0858,1.0769,239,9.1766
06879650,aifs,12,-0.1254,0.0209,0.1479,0.8935,239,10.2258
06885500,aifs,12,-0.1138,0.1384,0.2231,1.0115,239,9.3291
06888500,aifs,12,-0.1226,0.0043,0.1343,0.9695,239,10.6417
06889200,aifs,12,-0.1397,0.0874,0.1837,1.0776,239,9.6824
06889500,aifs,12,-0.1572,0.0884,0.1801,1.0997,239,9.4274
06892000,aifs,12,-0.1462,0.0891,0.1836,1.0912,239,9.9405
06903400,aifs,12,-0.2782,-0.0112,0.0703,1.0120,239,10.7083
06906800,aifs,12,-0.1092,0.1566,0.2378,0.9395,239,11.5685
06910800,aifs,12,-0.1152,0.0363,0.1577,0.9845,239,10.0769
06911900,aifs,12,-0.0988,0.0240,0.1581,0.9455,239,10.5640
06917000,aifs,12,-0.1736,0.0489,0.1456,0.9411,239,11.8957
06918460,aifs,12,-0.3196,0.0643,0.1182,1.0698,239,11.5052
06919500,aifs,12,-0.3680,0.0889,0.1316,1.1178,239,11.1386
06921070,aifs,12,-0.2063,0.0384,0.1298,0.9090,239,12.5346
06921200,aifs,12,-0.2006,0.0227,0.1178,0.9664,239,13.2767
06934000,aifs,12,-0.3253,0.1220,0.1627,1.0975,239,10.0041
07014500,aifs,12,-0.1360,0.0265,0.1464,0.9050,239,12.3947
07056000,aifs,12,-0.3548,-0.0488,0.0235,1.0412,239,10.3923
07057500,aifs,12,-0.4160,0.0289,0.0800,1.1489,239,9.9434
07060710,aifs,12,-0.1953,-0.0297,0.0837,1.0538,239,10.2955
07066000,aifs,12,-0.3559,0.0395,0.0977,1.1360,239,9.6745
07067000,aifs,12,-0.4407,0.0763,0.1194,1.1828,239,8.8212
07068000,aifs,12,-0.4994,0.0734,0.1165,1.2186,239,8.4547
07071500,aifs,12,-0.4231,0.0525,0.0998,1.1646,239,8.8604
07083000,aifs,12,-0.4338,0.0845,0.2666,1.5435,239,3.4631
07142300,aifs,12,-0.1601,0.1539,0.2304,1.1645,239,5.6425
07145700,aifs,12,-0.0653,-0.0724,0.1157,0.9439,239,12.0008
07148400,aifs,12,-0.4102,0.1410,0.1965,1.2695,239,5.2971
07149000,aifs,12,-0.4693,0.1417,0.2255,1.3642,239,5.1269
07151500,aifs,12,-0.1339,0.0315,0.1510,1.1051,239,8.3791
07167500,aifs,12,-0.2206,0.0912,0.1722,1.1760,239,8.7255
07180500,aifs,12,-0.1945,0.0267,0.1253,1.0903,239,8.8022
07184000,aifs,12,-0.1835,0.0091,0.1152,1.0645,239,14.1771
07195800,aifs,12,-0.0790,0.1965,0.2905,1.2140,239,11.4320
07196900,aifs,12,-0.3958,0.0748,0.1700,1.3622,239,11.5255
07197000,aifs,12,-0.3532,0.1560,0.2247,1.2984,239,10.9272
07208500,aifs,12,-0.6285,0.0828,0.1359,1.2994,239,3.3185
07226500,aifs,12,-0.4729,0.2300,0.2449,1.1480,239,2.9879
07261000,aifs,12,-0.3283,0.0493,0.1066,1.0928,239,9.9563
07263295,aifs,12,-0.2801,0.0610,0.1277,1.1113,239,10.3807
07290650,aifs,12,-0.3223,0.0492,0.1079,0.9069,239,11.0566
07291000,aifs,12,-0.2691,0.1026,0.1593,0.9059,239,10.9668
07292500,aifs,12,-0.2322,0.1383,0.1939,0.9021,239,10.8901
07295000,aifs,12,-0.1060,0.1714,0.2492,0.9226,239,11.6405
07299670,aifs,12,-0.6339,-0.0361,-0.0014,1.1672,239,5.8406
07301410,aifs,12,-0.1249,-0.0335,0.1099,1.0712,239,5.9301
07301500,aifs,12,-0.5692,0.0054,0.0769,1.3283,239,4.0649
07315200,aifs,12,-0.3299,0.0265,0.0867,0.9468,239,7.7950
07315700,aifs,12,-0.8552,-0.0667,0.0035,1.3723,239,8.1100
07335700,aifs,12,-0.2962,-0.0978,0.0038,0.9130,239,12.4934
07340300,aifs,12,-0.4792,0.0055,0.0443,1.0813,239,10.1047
07346045,aifs,12,-0.6137,0.0471,0.0655,1.1113,239,9.1990
07359610,aifs,12,-0.1455,0.1222,0.2049,0.9198,239,9.9184
07362100,aifs,12,-0.5686,0.0570,0.0817,1.1405,239,8.8806
07362587,aifs,12,-0.2554,-0.0017,0.0843,0.9552,239,11.5059
07373000,aifs,12,-0.1408,0.0360,0.1513,0.8991,239,9.7396
07375000,aifs,12,-0.0545,0.1657,0.2677,0.8763,239,13.9997
07376000,aifs,12,-0.0723,0.2180,0.2895,0.9194,239,12.3694
08013000,aifs,12,-0.0552,0.0304,0.1951,0.8141,239,10.4771
08014500,aifs,12,-0.1033,0.0355,0.1732,0.8343,239,10.4050
08023080,aifs,12,-0.1765,0.0345,0.1369,0.9054,239,10.0858
08025500,aifs,12,-0.0372,-0.0146,0.1872,0.7575,239,11.2163
08029500,aifs,12,-0.0123,-0.0093,0.2122,0.7292,239,11.6212
08050800,aifs,12,-0.3508,-0.0342,0.0354,0.9653,239,11.1194
08066200,aifs,12,-0.1013,-0.1928,0.0622,0.6297,239,14.4572
08066300,aifs,12,-0.0605,-0.2313,0.0551,0.6557,239,18.2883
08070000,aifs,12,-0.1729,0.0069,0.1280,0.8262,239,9.8397
08070200,aifs,12,-0.1582,0.0045,0.1348,0.8059,239,10.0054
08079600,aifs,12,-0.7111,0.0056,0.0184,1.0781,239,3.9506
08082700,aifs,12,-0.3672,-0.0781,-0.0010,1.0642,239,6.2096
08086212,aifs,12,-0.1579,-0.0688,0.0913,0.7573,239,6.6261
08086290,aifs,12,-0.2354,-0.0478,0.0691,0.8155,239,6.8125
08101000,aifs,12,-0.6032,0.0064,0.0282,1.0701,239,7.7610
08103900,aifs,12,-0.1955,-0.0635,0.0816,0.7529,239,10.1681
08104900,aifs,12,-0.1200,-0.0756,0.1113,0.7173,239,11.1377
08109700,aifs,12,-0.1054,-0.0327,0.1285,0.8255,239,11.1737
08150800,aifs,12,-0.0804,-0.1549,0.1105,0.5889,239,11.0685
08155200,aifs,12,-0.1736,0.0484,0.1462,0.9228,239,8.9818
08158700,aifs,12,-0.1921,0.0689,0.1540,0.9276,239,8.5031
08158810,aifs,12,-0.2508,0.0715,0.1403,0.9157,239,8.2857
08164000,aifs,12,-0.2014,0.1004,0.1729,0.9301,239,8.1373
08164300,aifs,12,-0.1525,-0.0316,0.1103,0.8144,239,10.3646
08164600,aifs,12,-0.1585,0.1075,0.1908,0.9238,239,8.0528
08165300,aifs,12,-0.0823,-0.0915,0.1239,0.6971,239,9.9387
08171300,aifs,12,-0.1329,0.0460,0.1625,0.8778,239,8.9799
08175000,aifs,12,-0.1188,0.0213,0.1637,0.7861,239,9.2172
08176900,aifs,12,-0.1808,0.1098,0.1855,0.9261,239,7.5026
08178880,aifs,12,-0.0104,-0.0266,0.2007,0.7345,239,10.7321
08189500,aifs,12,-0.1015,0.0455,0.1786,0.8416,239,7.7712
08190000,aifs,12,0.0034,-0.2137,0.1596,0.5357,239,14.4311
08190500,aifs,12,0.0246,-0.2003,0.1956,0.5328,239,13.6378
08194200,aifs,12,0.0900,-0.0509,0.3241,0.5374,239,8.2665
08195000,aifs,12,-0.0118,-0.1538,0.1538,0.6175,239,13.1210
08196000,aifs,12,0.0136,-0.1652,0.1798,0.5951,239,14.8327
08198500,aifs,12,0.0143,-0.0842,0.2098,0.6399,239,12.4775
08200000,aifs,12,0.0397,-0.0246,0.2491,0.6942,239,11.8502
08202700,aifs,12,0.0534,-0.0502,0.2655,0.6288,239,12.6088
08267500,aifs,12,-0.1754,0.0324,0.1344,0.9297,239,4.1209
08269000,aifs,12,-0.4065,0.0925,0.1382,1.1870,239,3.3412
08271000,aifs,12,-0.1616,0.0141,0.1307,0.8788,239,4.2656
08324000,aifs,12,-0.5193,0.0677,0.1017,1.1786,239,2.8512
08377900,aifs,12,-0.3057,0.0764,0.1288,1.0436,239,4.3281
08378500,aifs,12,-0.4320,0.0860,0.1214,1.1353,239,3.9479
08380500,aifs,12,-0.5269,0.0826,0.1051,1.1185,239,3.8112
09034900,aifs,12,-0.1400,0.1685,0.2344,1.0072,239,4.2245
09035900,aifs,12,-0.4649,0.1675,0.2141,1.2610,239,3.5375
09047700,aifs,12,-0.4785,0.1325,0.2077,1.3412,239,3.3735
09065500,aifs,12,-0.3209,0.1929,0.2519,1.2666,239,3.4295
09066000,aifs,12,-0.5410,0.1247,0.2747,1.4897,239,3.1564
09066200,aifs,12,-0.2500,0.2023,0.2588,1.2259,239,3.5323
09066300,aifs,12,-0.2680,0.2038,0.2611,1.2418,239,3.4619
09081600,aifs,12,-0.1592,0.1363,0.2603,1.3464,239,4.6904
09107000,aifs,12,-0.8696,-0.2049,0.2303,1.9210,239,3.3724
09210500,aifs,12,-0.4594,0.1330,0.1487,1.0455,239,2.8159
09223000,aifs,12,-0.3895,0.1320,0.1566,1.0439,239,3.3868
09306242,aifs,12,-0.5064,0.0544,0.1150,1.2859,239,3.4704
09312600,aifs,12,-0.5512,0.1150,0.1952,1.3645,239,3.8641
09352900,aifs,12,-0.3873,0.1694,0.2143,1.2335,239,5.2044
09378170,aifs,12,0.0213,0.1598,0.3248,0.7078,239,3.4533
09378630,aifs,12,0.0463,0.1435,0.3352,0.6810,239,3.5885
09386900,aifs,12,-0.5464,0.0518,0.0824,1.1613,239,2.8313
09404450,aifs,12,-0.7318,0.1544,0.2343,1.3406,239,3.8481
09430500,aifs,12,-0.0217,0.3780,0.4120,0.8698,239,2.3128
09430600,aifs,12,-0.1584,0.3243,0.3573,0.8256,239,3.0769
09447800,aifs,12,-1.0588,0.1939,0.3460,1.1962,239,2.3557
09480000,aifs,12,0.1179,0.2337,0.4179,0.6777,239,3.2627
09484000,aifs,12,-0.3971,0.2381,0.2430,0.9717,239,3.9505
09484600,aifs,12,0.2607,0.3951,0.5443,0.7361,239,2.6355
09492400,aifs,12,-0.2510,0.1507,0.2168,0.7823,239,5.3114
09494000,aifs,12,-0.6817,0.2047,0.2071,0.9815,239,4.4155
09497800,aifs,12,-2.1072,-0.0890,0.1962,1.3322,239,4.6841
09497980,aifs,12,-1.5559,0.0686,0.2813,1.2001,239,5.0461
09505200,aifs,12,-1.0277,0.1460,0.4056,1.3693,239,4.1091
09505350,aifs,12,-0.8923,0.1904,0.4051,1.3465,239,4.0884
09505800,aifs,12,-1.0057,0.1513,0.4144,1.3686,239,4.4082
09508300,aifs,12,-1.4726,0.0568,0.3408,1.3149,239,4.7114
09510200,aifs,12,-1.7548,-0.0738,0.1528,1.4518,239,4.9736
09512280,aifs,12,-1.9194,-0.3596,0.1946,1.9294,239,4.5679
09513780,aifs,12,-2.3657,-0.4243,0.2166,1.9195,239,4.2979
10023000,aifs,12,-0.4142,0.0860,0.1163,1.0392,239,4.2721
10166430,aifs,12,-0.3883,0.1978,0.2093,0.9765,239,4.2177
10172700,aifs,12,-0.7463,0.0609,0.0903,1.2285,239,3.6104
10172800,aifs,12,-0.2840,0.1716,0.2111,0.8722,239,4.1468
10173450,aifs,12,-0.2844,0.2650,0.2794,1.0821,239,4.1238
10205030,aifs,12,-0.2292,0.1790,0.2199,1.0340,239,3.3746
10234500,aifs,12,-0.2293,0.2130,0.2442,1.0191,239,3.8895
10242000,aifs,12,-0.2037,0.2816,0.2996,1.0174,239,4.1834
10244950,aifs,12,-0.5875,0.1529,0.2075,1.2990,239,3.6003
10249300,aifs,12,-0.4182,0.1973,0.2167,1.1424,239,2.6945
10258000,aifs,12,-0.4045,0.0295,0.2801,1.6500,239,4.2187
10258500,aifs,12,-1.2476,-0.6378,0.3188,2.4168,239,2.7317
10259000,aifs,12,-0.3979,0.0607,0.2971,1.6230,239,3.2648
10259200,aifs,12,-1.1716,-0.7559,0.3072,2.5611,239,2.9565
10263500,aifs,12,-0.0476,0.2730,0.3282,1.0037,239,6.0558
10310500,aifs,12,-0.4982,0.2863,0.4313,1.3491,239,4.4522
10316500,aifs,12,-0.1677,-0.0425,0.1253,0.6737,239,4.0183
10329500,aifs,12,-0.1474,-0.0642,0.1260,0.6363,239,3.5090
10336645,aifs,12,-0.1435,0.3794,0.3960,1.1307,239,8.7911
10336660,aifs,12,-0.0104,0.4158,0.4307,1.0322,239,8.9963
10343500,aifs,12,-0.4093,0.3346,0.3912,1.2300,239,6.4171
10348850,aifs,12,0.1757,0.2147,0.4449,0.6518,239,8.2795
10396000,aifs,12,-0.1160,-0.2225,0.1005,0.4412,239,3.5514
11098000,aifs,12,0.0864,0.2475,0.3769,0.8367,239,7.8154
11124500,aifs,12,0.0316,0.2428,0.3399,1.0231,239,6.8313
11141280,aifs,12,0.1593,0.3961,0.4747,0.8730,239,5.7879
11143000,aifs,12,0.1295,0.1494,0.4066,0.5691,239,9.4550
11148900,aifs,12,0.1557,0.5173,0.5337,0.9364,239,5.0254
11151300,aifs,12,0.1928,0.5785,0.5849,1.0672,239,3.3637
11162500,aifs,12,-0.1104,0.2685,0.3294,0.7924,239,6.6931
11176400,aifs,12,-1.3363,0.0801,0.3076,1.3401,239,5.1809
11180500,aifs,12,-0.9568,0.1775,0.2630,1.2409,239,5.3404
11180960,aifs,12,-0.5651,0.2461,0.2471,0.9922,239,5.7339
11224500,aifs,12,0.2260,0.5682,0.5784,0.9888,239,2.8683
11253310,aifs,12,0.1174,0.5230,0.5306,1.0555,239,2.4966
11264500,aifs,12,-1.7431,-0.2126,0.3137,1.7553,239,7.8728
11266500,aifs,12,-1.4688,-0.1114,0.3155,1.6777,239,8.0474
11274500,aifs,12,-0.9642,0.1934,0.3871,1.2842,239,4.5368
11274630,aifs,12,-1.3698,0.0347,0.3540,1.4316,239,4.5315
11284400,aifs,12,-0.4314,0.2783,0.4046,1.3702,239,6.0747
11299600,aifs,12,-0.2566,0.3485,0.4676,1.3430,239,5.5608
11381500,aifs,12,-0.1545,0.1003,0.2097,0.7500,239,9.7370
11383500,aifs,12,-0.1617,0.1114,0.2148,0.7520,239,9.9172
11451100,aifs,12,-0.3178,0.1498,0.2130,0.7388,239,5.9586
11468500,aifs,12,-0.0993,0.0960,0.2297,0.7263,239,7.0157
11473900,aifs,12,-0.0860,0.0382,0.2173,0.6414,239,7.1710
11475560,aifs,12,0.0359,-0.1568,0.2531,0.4046,239,12.8423
11476600,aifs,12,-0.0343,0.1051,0.2675,0.6984,239,7.4876
11478500,aifs,12,-0.0619,0.0496,0.2290,0.6678,239,7.6104
11480390,aifs,12,-0.0610,0.0375,0.2192,0.6777,239,7.1620
11481200,aifs,12,0.0343,0.1005,0.3053,0.6753,239,7.8239
11482500,aifs,12,0.0608,0.0636,0.3195,0.6102,239,8.6444
11522500,aifs,12,-0.0735,0.0992,0.2327,0.7767,239,6.1975
11523200,aifs,12,-0.1697,-0.0375,0.1447,0.6074,239,7.1258
11528700,aifs,12,-0.0604,0.0629,0.2340,0.6844,239,6.2427
11532500,aifs,12,0.0748,0.0879,0.3386,0.6177,239,10.6550
12010000,aifs,12,-0.0594,0.1775,0.2996,0.7293,239,11.7539
12013500,aifs,12,-0.1722,0.2611,0.2971,0.8831,239,9.6955
12020000,aifs,12,-0.4145,0.2020,0.2103,0.9775,239,8.9177
12025000,aifs,12,-0.5512,0.1279,0.1353,0.9730,239,8.9928
12025700,aifs,12,-0.9710,0.0800,0.1335,1.2850,239,9.1313
12035000,aifs,12,-0.2638,0.2462,0.2745,0.8573,239,12.4547
12040500,aifs,12,-0.2424,0.3420,0.3501,0.9090,239,14.2155
12041200,aifs,12,-0.1894,0.2662,0.3053,0.8350,239,15.2841
12043000,aifs,12,-0.1385,0.3240,0.3499,0.8822,239,11.7748
12048000,aifs,12,-1.1977,-0.1218,0.1529,1.7039,239,7.7745
12054000,aifs,12,-0.3591,0.1491,0.1806,1.1194,239,10.4296
12056500,aifs,12,-0.3176,0.2276,0.2414,0.9924,239,13.6298
12073500,aifs,12,-0.3993,0.1689,0.1923,1.1273,239,6.7363
12082500,aifs,12,-0.7335,0.1647,0.1770,1.1340,239,12.6326
12092000,aifs,12,-0.6361,0.1561,0.1604,1.0807,239,12.3853
12095000,aifs,12,-0.9449,0.1060,0.1744,1.3073,239,10.3137
12114500,aifs,12,-0.2023,0.1842,0.2433,0.8269,239,12.6702
12115000,aifs,12,-0.2237,0.1772,0.2323,0.8351,239,12.7169
12115500,aifs,12,-0.2774,0.1716,0.2118,0.8767,239,13.0356
12117000,aifs,12,-0.2833,0.1888,0.2250,0.8685,239,12.9271
12141300,aifs,12,-0.1731,0.2159,0.2764,0.8066,239,14.4790
12143600,aifs,12,-0.2156,0.2282,0.2662,0.8714,239,13.8471
12144000,aifs,12,-0.2594,0.2409,0.2641,0.9103,239,13.1956
12145500,aifs,12,-0.3263,0.2394,0.2532,0.9242,239,10.6834
12147600,aifs,12,-0.0666,0.1968,0.3083,0.7338,239,16.9117
12167000,aifs,12,-0.2856,0.2967,0.3027,1.0380,239,12.7493
12175500,aifs,12,-0.6997,0.2368,0.2889,1.2202,239,10.3053
12186000,aifs,12,-0.3497,0.3004,0.3013,0.9879,239,13.5398
12189500,aifs,12,-0.5669,0.2757,0.2972,1.1414,239,12.2820
12358500,aifs,12,-0.4449,-0.0789,0.0064,0.7510,239,8.3242
12377150,aifs,12,-0.2908,-0.1145,0.0621,0.5916,239,7.5431
12381400,aifs,12,-0.3289,-0.0739,0.0635,0.6486,239,6.8854
12390700,aifs,12,-0.7198,0.0778,0.0814,1.0465,239,6.0376
12411000,aifs,12,-0.7726,0.0706,0.0749,1.0781,239,7.3533
12414500,aifs,12,-0.6316,0.0854,0.0919,0.9955,239,7.1956
12447390,aifs,12,-2.2923,-0.5590,0.0563,2.1302,239,5.0330
12451000,aifs,12,-1.7809,-0.1345,0.2497,1.6229,239,9.3263
12488500,aifs,12,-0.5055,0.1644,0.1749,1.0926,239,9.9213
13011500,aifs,12,-0.3762,0.2012,0.2495,1.2543,239,4.2845
13011900,aifs,12,-0.2667,0.2374,0.2681,1.1476,239,3.9598
13018300,aifs,12,-0.2954,0.1809,0.2207,1.1571,239,4.2121
13023000,aifs,12,-0.5087,0.1341,0.1516,1.1231,239,3.7704
13161500,aifs,12,-0.6844,0.0336,0.0879,1.3074,239,2.7635
13235000,aifs,12,-0.1374,0.1718,0.2507,0.8272,239,4.6749
13240000,aifs,12,-0.1464,0.0540,0.1953,0.7002,239,6.1066
13310700,aifs,12,-0.2192,0.2204,0.2569,0.8948,239,4.8240
13313000,aifs,12,-0.0522,0.1369,0.2833,0.7034,239,5.3663
13331500,aifs,12,-0.1693,-0.0122,0.1281,0.7572,239,5.4277
13337000,aifs,12,-0.4318,0.0668,0.1091,0.8431,239,7.1682
13338500,aifs,12,-0.5494,0.0275,0.0523,1.0742,239,5.7269
13340000,aifs,12,-0.4588,0.0561,0.0891,0.9065,239,6.1087
13340600,aifs,12,-0.4345,0.0555,0.0994,0.8440,239,8.0631
14020000,aifs,12,-0.0919,0.0754,0.2132,0.7687,239,5.0738
14092750,aifs,12,-0.5360,0.2303,0.2337,0.9276,239,6.9922
14096850,aifs,12,-0.6459,0.1750,0.1890,1.1505,239,4.4664
14137000,aifs,12,-0.3517,0.1830,0.2093,0.8760,239,9.9757
14138800,aifs,12,-0.1736,0.0806,0.2062,0.6938,239,12.6888
14138870,aifs,12,-0.1950,0.0999,0.2031,0.7359,239,13.2632
14138900,aifs,12,-0.1059,0.0289,0.2141,0.6262,239,15.1441
14139800,aifs,12,-0.2125,0.1047,0.2063,0.7201,239,12.9854
14141500,aifs,12,-0.3251,0.1655,0.2044,0.8397,239,11.6083
14154500,aifs,12,-0.5576,0.1569,0.1622,0.9406,239,7.0006
14158500,aifs,12,-0.4907,0.2394,0.2481,0.8856,239,8.6907
14158790,aifs,12,-0.2139,0.1247,0.2349,0.6711,239,10.0375
14166500,aifs,12,-0.0951,0.2164,0.2885,0.8512,239,6.6859
14182500,aifs,12,-0.5393,0.2365,0.2365,0.9992,239,10.1127
14185000,aifs,12,-0.6605,0.2329,0.2383,1.0334,239,9.2932
14185900,aifs,12,-0.4254,0.2477,0.2554,0.9027,239,10.3496
14187000,aifs,12,-0.5212,0.2111,0.2140,0.9413,239,9.2617
14216500,aifs,12,-0.6049,0.1859,0.1869,1.0381,239,11.8360
14222500,aifs,12,-0.0896,0.0602,0.2258,0.6753,239,15.6193
14236200,aifs,12,-0.6013,0.1480,0.1511,1.0421,239,10.9149
14301000,aifs,12,-0.0993,0.0908,0.2190,0.7761,239,9.4075
14303200,aifs,12,0.0428,0.0247,0.3027,0.5916,239,11.4142
14305500,aifs,12,0.0526,0.0001,0.3142,0.5438,239,13.4503
14306340,aifs,12,-0.0671,0.1584,0.2864,0.7167,239,7.3435
14306500,aifs,12,-0.0572,0.1755,0.2938,0.7463,239,7.8857
14308990,aifs,12,-0.2470,0.1118,0.1749,0.8664,239,5.0328
14309500,aifs,12,-0.0110,0.1359,0.3021,0.6827,239,6.7936
14316700,aifs,12,-0.5596,0.1512,0.1587,0.9185,239,6.6482
14325000,aifs,12,0.0147,0.1185,0.3181,0.6338,239,8.3664
14362250,aifs,12,-0.1894,0.0924,0.1699,0.9476,239,4.5536
14400000,aifs,12,0.0092,0.0784,0.2976,0.6101,239,11.2947
01013500,aifs,13,-0.7707,-0.0174,0.0234,1.2642,239,7.3545
01022500,aifs,13,-0.6445,-0.0631,-0.0049,1.2755,239,8.0887
01030500,aifs,13,-0.7240,-0.0156,0.0181,1.2192,239,7.1235
01031500,aifs,13,-0.6752,-0.0881,-0.0220,1.3078,239,7.3854
01047000,aifs,13,-0.6694,-0.1081,-0.0518,1.2535,239,7.9357
01052500,aifs,13,-0.8473,-0.1333,-0.0647,1.3540,239,7.6126
01054200,aifs,13,-0.5983,-0.0850,-0.0383,1.1666,239,9.1608
01055000,aifs,13,-0.7633,-0.0798,-0.0453,1.2050,239,7.6538
01057000,aifs,13,-0.7531,-0.0514,-0.0141,1.2319,239,8.0399
01073000,aifs,13,-0.7993,-0.0601,0.0242,1.4026,239,8.1372
01078000,aifs,13,-0.4956,0.0191,0.0738,1.2313,239,7.6836
01118300,aifs,13,-0.3109,-0.1064,-0.0070,0.9141,239,13.2278
01121000,aifs,13,-0.4455,-0.0394,0.0125,0.9491,239,9.9266
01123000,aifs,13,-0.4588,-0.0402,0.0095,0.9483,239,10.4847
01134500,aifs,13,-0.5683,-0.0763,-0.0287,1.1511,239,8.1877
01137500,aifs,13,-0.6689,-0.1100,-0.0589,1.2235,239,8.4938
01139000,aifs,13,-0.6407,-0.0872,0.0027,1.3763,239,7.9301
01139800,aifs,13,-0.5476,-0.0789,-0.0305,1.1284,239,8.6102
01142500,aifs,13,-0.7628,-0.0712,-0.0041,1.3427,239,7.6556
01144000,aifs,13,-0.6457,-0.0530,-0.0165,1.1687,239,7.9630
01169000,aifs,13,-0.5809,-0.0582,-0.0081,1.2012,239,8.7410
01170100,aifs,13,-0.6192,-0.0665,-0.0114,1.2467,239,8.6242
01181000,aifs,13,-0.5016,-0.0424,0.0021,1.0798,239,9.2706
01187300,aifs,13,-0.6267,-0.0053,0.0431,1.2556,239,8.4394
01195100,aifs,13,-0.4181,-0.0781,-0.0089,0.8897,239,11.4516
01333000,aifs,13,-0.5894,-0.1169,-0.0519,1.2386,239,8.7992
01350000,aifs,13,-0.2530,-0.1473,-0.0229,1.0134,239,11.3154
01350080,aifs,13,-0.4211,-0.1248,-0.0445,1.1312,239,9.4140
01350140,aifs,13,-0.4563,-0.1396,-0.0685,1.0690,239,9.0328
01365000,aifs,13,-0.3991,-0.0995,-0.0226,1.0989,239,9.9508
01411300,aifs,13,-0.2485,-0.1146,0.0090,0.8737,239,12.0641
01413500,aifs,13,-0.2476,-0.1284,-0.0047,0.9254,239,10.6701
01414500,aifs,13,-0.2477,-0.1405,-0.0160,0.9979,239,11.3616
01415000,aifs,13,-0.3556,-0.1075,-0.0223,0.9822,239,9.1575
01423000,aifs,13,-0.3765,-0.1272,-0.0410,0.9330,239,9.1271
01434025,aifs,13,-0.2656,-0.1653,-0.0382,0.9151,239,12.0648
01435000,aifs,13,-0.2855,-0.1402,-0.0278,0.9718,239,11.4501
01439500,aifs,13,-0.2654,0.0079,0.0938,0.8802,239,8.5767
01440000,aifs,13,-0.2952,-0.0347,0.0521,0.9036,239,9.1856
01440400,aifs,13,-0.2005,-0.0253,0.1042,0.7803,239,9.2314
01451800,aifs,13,-0.4726,-0.0149,0.0271,0.9538,239,8.2965
01466500,aifs,13,-0.5325,0.0080,0.0365,1.0368,239,8.8999
01484100,aifs,13,-0.4178,-0.0710,-0.0077,1.0330,239,9.2775
01485500,aifs,13,-0.2620,-0.1020,0.0152,0.8629,239,10.5618
01486000,aifs,13,-0.2244,-0.0999,0.0277,0.8780,239,10.6879
01487000,aifs,13,-0.3718,-0.0871,-0.0103,1.0275,239,9.6616
01491000,aifs,13,-0.6111,-0.0230,0.0105,1.1524,239,7.8659
01510000,aifs,13,-0.5698,-0.1603,-0.1076,0.9820,239,9.1269
01516500,aifs,13,-0.4648,-0.0528,0.0012,0.9050,239,7.0148
01518862,aifs,13,-0.4391,-0.0732,-0.0071,0.8717,239,7.3365
01532000,aifs,13,-0.3207,-0.0671,0.0211,0.9047,239,8.0116
01539000,aifs,13,-0.2968,-0.0086,0.0754,0.8626,239,8.2608
01542810,aifs,13,-0.5760,-0.0682,-0.0294,0.9115,239,8.2776
01543000,aifs,13,-0.6119,-0.0405,-0.0110,0.9134,239,8.0733
01543500,aifs,13,-0.5251,-0.0362,0.0076,0.8759,239,8.4496
01544500,aifs,13,-0.5431,-0.0766,-0.0322,0.9209,239,7.8532
01545600,aifs,13,-0.5220,-0.0742,-0.0288,0.9567,239,7.9800
01547700,aifs,13,-0.1628,-0.1499,0.0264,0.7935,239,11.5843
01548500,aifs,13,-0.5197,-0.0496,-0.0059,0.9123,239,7.2778
01549500,aifs,13,-0.4416,-0.0729,-0.0132,0.9481,239,7.8898
01550000,aifs,13,-0.3462,-0.0910,-0.0045,0.9163,239,8.4996
01552000,aifs,13,-0.2587,-0.1017,0.0173,0.8589,239,9.3810
01552500,aifs,13,-0.3708,-0.0452,0.0271,0.8898,239,8.2080
01557500,aifs,13,-0.2044,-0.0887,0.0670,0.7324,239,10.3698
01567500,aifs,13,-0.3382,-0.0947,0.0059,0.8128,239,9.0204
01568000,aifs,13,-0.4487,-0.0728,-0.0034,0.8286,239,8.3054
01580000,aifs,13,-0.6684,-0.0219,-0.0036,0.9517,239,8.0445
01583500,aifs,13,-0.6751,-0.0189,-0.0026,1.0127,239,8.0073
01586610,aifs,13,-0.6084,-0.0179,0.0051,0.9860,239,7.9400
01591400,aifs,13,-0.3547,-0.0800,0.0189,0.7779,239,9.4684
01596500,aifs,13,-0.3203,-0.0144,0.0575,0.9690,239,8.4116
01605500,aifs,13,-0.3191,0.0010,0.0703,0.9416,239,7.6610
01606500,aifs,13,-0.3662,0.0173,0.0716,0.9568,239,7.2442
01613050,aifs,13,-0.4501,-0.0727,-0.0039,0.8308,239,7.9666
01620500,aifs,13,-0.3795,0.0728,0.1122,1.0524,239,6.6522
01632000,aifs,13,-0.3253,-0.1216,0.0191,0.6751,239,8.1140
01632900,aifs,13,-0.3348,-0.0820,0.0341,0.7223,239,7.9422
01634500,aifs,13,-0.3969,-0.1366,-0.0318,0.7585,239,8.2044
01638480,aifs,13,-0.4674,-0.0831,-0.0160,0.8336,239,8.3375
01639500,aifs,13,-0.6237,-0.0208,0.0012,0.9739,239,7.8421
01644000,aifs,13,-0.5126,-0.0666,-0.0076,0.8153,239,7.9042
01658500,aifs,13,-0.4306,-0.0692,0.0054,0.8108,239,8.6838
01664000,aifs,13,-0.4658,-0.1043,-0.0157,0.7379,239,8.2751
01666500,aifs,13,-0.4436,-0.0848,0.0011,0.7533,239,8.2520
01667500,aifs,13,-0.4945,-0.0694,-0.0013,0.7823,239,8.0150
01669000,aifs,13,-0.4259,-0.0801,-0.0159,0.9500,239,9.7025
01669520,aifs,13,-0.4558,-0.1050,-0.0422,0.9683,239,9.7363
02011400,aifs,13,-0.5170,0.0332,0.0590,1.0314,239,7.3563
02011460,aifs,13,-0.4660,0.0224,0.0596,1.0762,239,7.6959
02013000,aifs,13,-0.5739,-0.0368,-0.0060,0.9660,239,7.8924
02014000,aifs,13,-0.7260,-0.0294,-0.0162,1.0083,239,7.3959
02015700,aifs,13,-0.4323,0.0080,0.0550,1.0953,239,7.3779
02016000,aifs,13,-0.6514,0.0227,0.0403,1.1035,239,6.9593
02017500,aifs,13,-0.9227,-0.0335,-0.0251,1.1135,239,6.9069
02018000,aifs,13,-1.0605,-0.0397,-0.0289,1.1498,239,6.8349
02027000,aifs,13,-0.8520,0.0030,0.0375,1.2563,239,7.1148
02027500,aifs,13,-0.8250,-0.0056,0.0173,1.1982,239,7.3302
02028500,aifs,13,-0.6082,0.0327,0.0484,0.9667,239,7.2034
02038850,aifs,13,-0.7629,-0.0411,-0.0294,1.0034,239,7.8625
02046000,aifs,13,-0.6541,-0.0346,-0.0128,0.9469,239,8.8434
02051000,aifs,13,-0.5600,-0.0611,-0.0234,0.9459,239,9.1750
02051500,aifs,13,-0.6878,-0.0399,-0.0218,1.0180,239,8.6244
02053200,aifs,13,-0.4859,0.0465,0.0736,0.9992,239,8.8790
02053800,aifs,13,-0.8383,-0.0348,-0.0277,0.9549,239,7.2604
02055100,aifs,13,-1.1519,-0.1105,-0.0290,1.4165,239,7.0334
02056900,aifs,13,-0.7576,-0.0368,-0.0241,0.9504,239,7.8764
02059500,aifs,13,-1.1702,-0.0218,-0.0094,1.1420,239,6.8691
02064000,aifs,13,-1.1746,-0.0837,-0.0388,1.3063,239,7.3367
02065500,aifs,13,-1.0270,-0.0597,-0.0403,1.1997,239,7.5236
02069700,aifs,13,-0.4692,0.0570,0.0851,0.9599,239,8.5653
02070000,aifs,13,-0.4490,0.0590,0.0913,0.9268,239,8.4065
02074500,aifs,13,-0.2749,0.0909,0.1546,1.1454,239,8.4139
02077200,aifs,13,-0.8192,0.0493,0.0690,1.1909,239,7.4728
02081500,aifs,13,-0.5306,0.1037,0.1248,1.1359,239,7.8609
02082950,aifs,13,-0.8479,0.0407,0.0935,1.3137,239,7.4201
02092500,aifs,13,-0.7589,-0.0171,0.0139,1.2181,239,8.3242
02096846,aifs,13,-0.2126,0.0512,0.1339,1.0300,239,9.9245
02102908,aifs,13,-0.5646,-0.0658,-0.0270,1.0723,239,10.3762
02108000,aifs,13,-0.7829,-0.0392,-0.0208,1.1369,239,8.6451
02111180,aifs,13,-0.5557,0.0314,0.0534,0.9527,239,9.2998
02111500,aifs,13,-0.6500,0.0279,0.0400,0.9887,239,9.4030
02118500,aifs,13,-0.8598,0.0615,0.0662,1.0939,239,8.5186
02128000,aifs,13,-0.6255,0.0594,0.0753,1.1106,239,8.4179
02137727,aifs,13,-0.4509,0.0119,0.0520,0.9540,239,10.0718
02140991,aifs,13,-0.6640,0.0424,0.0519,1.0251,239,9.2759
02143000,aifs,13,-0.6772,0.0831,0.0890,1.0625,239,9.1539
02143040,aifs,13,-0.7845,0.0228,0.0283,1.0567,239,9.3757
02149000,aifs,13,-0.4223,-0.0643,0.0023,0.8775,239,11.9317
02152100,aifs,13,-0.8823,0.0266,0.0331,1.1089,239,9.2098
02177000,aifs,13,-0.7908,-0.0114,0.0048,1.1443,239,12.0339
02178400,aifs,13,-0.7800,0.0658,0.0759,1.1308,239,10.1678
02193340,aifs,13,-0.7294,-0.0947,-0.0596,1.1817,239,9.5618
02196000,aifs,13,-0.6334,-0.1274,-0.0889,1.0467,239,10.1862
02198100,aifs,13,-0.2678,-0.2043,-0.0498,0.7579,239,11.7804
02202600,aifs,13,-0.5535,-0.0739,-0.0326,1.0612,239,7.4842
02212600,aifs,13,-0.5675,-0.1379,-0.0877,0.9444,239,10.6952
02215100,aifs,13,-0.3837,-0.1830,-0.0745,0.8076,239,9.9584
02216180,aifs,13,-0.2223,-0.2304,-0.0493,0.7364,239,11.0238
02221525,aifs,13,-0.6876,-0.1031,-0.0759,0.9939,239,9.8769
02231000,aifs,13,-0.2284,0.1040,0.1746,0.8670,239,7.4283
02231342,aifs,13,-0.3814,0.1033,0.1534,1.1984,239,7.9399
02235200,aifs,13,-0.2935,0.2004,0.2241,1.0364,239,7.8955
02245500,aifs,13,-0.3300,0.1190,0.1594,1.0937,239,7.3512
02246000,aifs,13,-0.2872,0.1822,0.2106,0.9964,239,6.6591
02296500,aifs,13,-0.4448,0.1982,0.2075,1.0755,239,7.3294
02297155,aifs,13,-0.3675,0.0630,0.1066,1.0491,239,9.7159
02297310,aifs,13,-0.4108,0.0768,0.1091,0.9799,239,9.2909
02298123,aifs,13,-0.3825,0.0817,0.1202,1.0784,239,8.4360
02298608,aifs,13,-0.3862,0.0505,0.0931,0.9641,239,9.9575
02299950,aifs,13,-0.4228,0.0930,0.1247,1.1010,239,9.3903
02300700,aifs,13,-0.1579,0.1539,0.2249,1.1095,239,10.0670
02310947,aifs,13,-0.3190,0.1367,0.1800,1.1399,239,8.8527
02312200,aifs,13,-0.2247,0.0852,0.1580,1.0984,239,10.0620
02314500,aifs,13,-0.3062,-0.1236,-0.0020,0.7820,239,8.8491
02315500,aifs,13,-0.3533,-0.0777,0.0201,0.7902,239,8.2270
02324400,aifs,13,-0.1656,-0.1045,0.0736,0.7173,239,11.2715
02327100,aifs,13,-0.3012,-0.0465,0.0580,0.7829,239,10.0993
02349900,aifs,13,-0.3091,-0.1942,-0.0497,0.7335,239,10.8154
02350900,aifs,13,-0.5944,-0.1492,-0.0924,0.8418,239,9.4000
02361000,aifs,13,-0.6394,-0.1234,-0.0822,0.8888,239,9.1102
02363000,aifs,13,-0.5091,-0.1065,-0.0492,0.8956,239,9.6567
02369800,aifs,13,-0.2347,-0.2162,-0.0300,0.6801,239,14.3444
02371500,aifs,13,-0.3487,-0.1163,-0.0197,0.8581,239,10.8376
02372250,aifs,13,-0.3100,-0.0602,0.0409,0.8050,239,10.4510
02374500,aifs,13,-0.2667,-0.0505,0.0623,0.7910,239,11.2795
02381600,aifs,13,-0.4979,-0.0610,-0.0148,0.9807,239,12.3239
02384540,aifs,13,-0.4099,0.0494,0.0883,1.0411,239,10.4145
02395120,aifs,13,-0.7094,-0.0048,0.0292,1.2225,239,9.8007
02408540,aifs,13,-0.4669,-0.0228,0.0231,0.9269,239,11.4641
02415000,aifs,13,-0.3784,-0.0362,0.0375,0.8428,239,11.9641
02422500,aifs,13,-0.6059,-0.0275,-0.0020,1.0413,239,11.0898
02427250,aifs,13,-0.5110,0.0144,0.0454,0.9436,239,9.4298
02430085,aifs,13,-0.4521,-0.0077,0.0597,1.2399,239,10.3999
02450250,aifs,13,-0.2697,-0.0162,0.0710,0.9302,239,10.8826
02464000,aifs,13,-0.1859,-0.0370,0.0841,0.9111,239,12.2380
02465493,aifs,13,-0.4333,0.0496,0.0841,1.0281,239,10.2219
02469800,aifs,13,-0.3971,-0.0129,0.0501,0.8567,239,10.7108
02472000,aifs,13,-0.1402,-0.0311,0.1283,0.7488,239,11.1687
02472500,aifs,13,-0.1455,-0.0670,0.1107,0.7077,239,12.2117
02479155,aifs,13,-0.0847,-0.0067,0.1674,0.7551,239,13.7466
02479300,aifs,13,-0.0271,-0.0934,0.1761,0.6361,239,17.7516
02481000,aifs,13,-0.0082,-0.1368,0.1846,0.5769,239,21.1304
02481510,aifs,13,-0.0258,-0.0895,0.1965,0.5892,239,17.5219
03010655,aifs,13,-0.4377,-0.0758,-0.0076,0.8605,239,7.9261
03011800,aifs,13,-0.4531,-0.0934,-0.0254,0.8661,239,9.3228
03015500,aifs,13,-0.6716,-0.0022,0.0120,1.0050,239,8.3337
03021350,aifs,13,-0.4987,-0.0596,-0.0110,0.9177,239,9.1934
03026500,aifs,13,-0.5024,-0.0863,-0.0298,0.8776,239,8.9054
03028000,aifs,13,-0.5079,-0.0730,-0.0213,0.8913,239,9.2218
03049800,aifs,13,-0.3000,0.0560,0.1153,0.9498,239,10.0948
03050000,aifs,13,-0.2436,-0.0040,0.0861,0.9564,239,10.2876
03066000,aifs,13,-0.2312,-0.0265,0.0783,0.8880,239,9.1132
03069500,aifs,13,-0.2996,-0.0011,0.0730,0.9550,239,8.7984
03070500,aifs,13,-0.4485,0.0786,0.1049,1.0229,239,9.1919
03076600,aifs,13,-0.2371,-0.0161,0.0842,0.8841,239,9.9921
03078000,aifs,13,-0.2329,-0.0067,0.0872,0.9621,239,9.8458
03140000,aifs,13,-0.3637,0.0537,0.1002,0.9514,239,8.3068
03144000,aifs,13,-0.2775,-0.0476,0.0615,0.7942,239,9.8684
03159540,aifs,13,-0.2753,-0.0989,0.0165,0.8410,239,10.4966
03161000,aifs,13,-0.6168,0.0192,0.0356,0.9903,239,8.6559
03164000,aifs,13,-0.6754,0.0334,0.0432,0.9720,239,7.7218
03165000,aifs,13,-0.5722,-0.0230,0.0100,0.8945,239,8.9313
03170000,aifs,13,-0.7649,-0.0291,-0.0170,0.9338,239,7.4173
03173000,aifs,13,-0.8211,-0.0169,-0.0113,0.9807,239,6.7180
03180500,aifs,13,-0.3648,0.0547,0.1056,1.1145,239,7.9506
03182500,aifs,13,-0.4587,0.0670,0.1006,1.1200,239,7.4856
03186500,aifs,13,-0.3463,0.0463,0.0976,0.9627,239,8.6049
03187500,aifs,13,-0.3448,0.0562,0.1048,0.9901,239,8.5086
03213700,aifs,13,-0.4199,0.0053,0.0522,1.0475,239,8.4107
03237280,aifs,13,-0.3439,-0.0431,0.0299,1.0159,239,9.0283
03237500,aifs,13,-0.2161,0.0624,0.1403,0.9928,239,8.6771
03241500,aifs,13,-0.1216,-0.0223,0.1293,0.8245,239,10.5515
03280700,aifs,13,-0.4427,0.0810,0.1268,1.2026,239,8.6890
03281100,aifs,13,-0.5346,0.0823,0.1176,1.2038,239,8.5842
03281500,aifs,13,-0.5301,0.0833,0.1175,1.1964,239,8.2934
03285000,aifs,13,-0.3717,-0.0235,0.0437,1.1125,239,10.4922
03291780,aifs,13,-0.0732,0.0627,0.1926,0.9770,239,10.6821
03300400,aifs,13,-0.2450,0.0016,0.0890,1.0120,239,10.7750
03340800,aifs,13,-0.1475,-0.0218,0.1101,0.9007,239,11.0931
03346000,aifs,13,-0.2233,0.0398,0.1224,1.0148,239,9.6665
03364500,aifs,13,-0.0441,-0.0695,0.1491,0.7741,239,13.5099
03366500,aifs,13,-0.0264,0.1150,0.2449,0.9795,239,10.2574
03368000,aifs,13,-0.0101,-0.0116,0.2074,0.7623,239,13.1046
03384450,aifs,13,-0.2852,0.0245,0.1181,1.2379,239,10.7800
03439000,aifs,13,-0.7710,-0.0050,0.0024,1.0227,239,10.5977
03450000,aifs,13,-0.4205,0.0888,0.1169,1.0141,239,7.8165
03455500,aifs,13,-0.7084,0.0871,0.0895,1.0123,239,9.4427
03456500,aifs,13,-0.5482,0.0749,0.0931,0.9161,239,8.4211
03460000,aifs,13,-0.3368,0.1308,0.1634,0.9702,239,8.3127
03463300,aifs,13,-0.3654,0.0457,0.1007,0.8668,239,9.3269
03471500,aifs,13,-0.4867,0.0517,0.0776,0.9944,239,7.4269
03473000,aifs,13,-0.4776,0.0475,0.0756,0.9840,239,7.6630
03479000,aifs,13,-0.7031,0.0709,0.0750,1.0248,239,7.8370
03488000,aifs,13,-0.5256,0.0188,0.0462,1.0362,239,7.6346
03498500,aifs,13,-0.2225,0.2023,0.2377,1.0204,239,8.4870
03500000,aifs,13,-0.8996,0.0443,0.0688,1.2144,239,10.1939
03504000,aifs,13,-0.5275,0.0756,0.0931,0.9625,239,10.8009
03574500,aifs,13,-0.2399,0.1074,0.1687,1.0824,239,10.3456
03604000,aifs,13,-0.2486,0.0969,0.1579,1.0651,239,10.8822
04015330,aifs,13,-0.3233,0.0389,0.0979,1.0633,239,7.5003
04024430,aifs,13,-0.6895,0.0087,0.0391,1.2036,239,6.5399
04027000,aifs,13,-0.6051,0.0372,0.1644,1.4739,239,5.7518
04040500,aifs,13,-0.4828,0.1299,0.1540,1.1499,239,6.4898
04043050,aifs,13,-0.7863,0.0386,0.0530,1.1539,239,6.5119
04045500,aifs,13,-1.0104,-0.0951,-0.0194,1.3990,239,7.2413
04056500,aifs,13,-0.8975,-0.0129,0.0590,1.3745,239,6.5633
04057510,aifs,13,-0.6596,-0.0169,0.0150,1.1806,239,7.2019
04057800,aifs,13,-0.5561,0.0891,0.1119,1.1489,239,6.7234
04059500,aifs,13,-0.6107,0.0511,0.0771,1.1691,239,6.5891
04063700,aifs,13,-0.6085,0.0494,0.1234,1.3536,239,6.0455
04074950,aifs,13,-0.4586,0.1059,0.1363,1.1497,239,6.3589
04105700,aifs,13,-0.3774,0.0018,0.0568,0.9808,239,8.4587
04115265,aifs,13,-0.3604,-0.0242,0.0404,0.9970,239,8.3852
04122200,aifs,13,-0.5164,-0.0703,-0.0252,1.0298,239,8.8728
04122500,aifs,13,-0.5608,-0.0440,-0.0101,1.0386,239,8.4698
04124000,aifs,13,-0.2368,-0.0507,0.0722,0.7878,239,9.5833
04127997,aifs,13,-0.3764,-0.0271,0.0388,0.9002,239,9.1019
04185000,aifs,13,-0.4500,0.0079,0.0513,0.9140,239,7.9207
04196800,aifs,13,-0.3960,0.0299,0.0764,0.9386,239,8.3495
04197100,aifs,13,-0.3145,-0.0146,0.0600,0.9363,239,9.0662
04197170,aifs,13,-0.3565,0.0356,0.0868,0.9987,239,8.3348
04213000,aifs,13,-0.6528,-0.0409,-0.0181,1.0513,239,8.2306
04213075,aifs,13,-0.4797,-0.0528,-0.0050,1.0265,239,8.7566
04216418,aifs,13,-0.3971,-0.1666,-0.0559,0.7650,239,8.7612
04221000,aifs,13,-0.4701,-0.0894,-0.0285,0.8976,239,7.5160
04224775,aifs,13,-0.3701,-0.1138,-0.0261,0.8916,239,8.0627
04256000,aifs,13,-0.8315,-0.1091,-0.0891,1.1149,239,8.0851
04296000,aifs,13,-0.8085,-0.1265,-0.0627,1.3297,239,8.3970
05057000,aifs,13,-1.1338,-0.1419,-0.0060,1.5388,239,5.4578
05057200,aifs,13,-1.4034,-0.2415,-0.0370,1.6717,239,5.3412
05062500,aifs,13,-0.7257,-0.0860,0.0042,1.4034,239,5.7826
05087500,aifs,13,-0.4781,-0.1007,-0.0220,1.2346,239,6.4682
05120500,aifs,13,-1.1587,-0.1372,-0.0149,1.5108,239,5.9107
05123400,aifs,13,-0.5780,-0.0597,-0.0137,1.1731,239,6.3179
05129115,aifs,13,-0.6941,-0.0567,0.0131,1.3392,239,5.7555
05131500,aifs,13,-0.7877,-0.0521,0.0150,1.3526,239,5.5568
05291000,aifs,13,-0.2732,-0.1260,0.0071,1.2400,239,7.7460
05362000,aifs,13,-0.3911,0.1160,0.1887,1.3073,239,6.0681
05393500,aifs,13,-0.3570,0.0915,0.1523,1.2243,239,6.5638
05399500,aifs,13,-0.1595,0.1166,0.1941,1.0092,239,7.6413
05408000,aifs,13,-0.1803,-0.0046,0.1091,0.9027,239,9.7802
05412500,aifs,13,-0.3798,-0.0138,0.0461,0.9327,239,8.8889
05413500,aifs,13,-0.3430,-0.0754,0.0084,0.9137,239,9.9904
05414000,aifs,13,-0.3337,-0.0561,0.0230,0.9590,239,9.7553
05444000,aifs,13,-0.3668,0.0141,0.0711,1.0819,239,8.4559
05454000,aifs,13,-0.3076,-0.1205,-0.0125,0.8635,239,9.8942
05458000,aifs,13,-0.2391,-0.0116,0.0858,0.8930,239,8.7877
05466500,aifs,13,-0.1665,-0.1751,0.0274,0.6895,239,11.3992
05487980,aifs,13,-0.2420,-0.1658,-0.0169,0.7926,239,10.0272
05488200,aifs,13,-0.1842,-0.2237,-0.0327,0.7565,239,11.8796
05489000,aifs,13,-0.1758,-0.1958,-0.0038,0.7388,239,10.9677
05495000,aifs,13,-0.1986,-0.0366,0.0847,0.8588,239,8.0860
05495500,aifs,13,-0.1160,-0.0150,0.1333,0.8474,239,9.3633
05501000,aifs,13,-0.0857,-0.0493,0.1235,0.8690,239,10.4683
05503800,aifs,13,-0.1924,0.0144,0.1144,1.0159,239,8.6212
05507600,aifs,13,-0.4036,0.0424,0.0967,1.1761,239,7.7981
05508805,aifs,13,-0.3971,0.0614,0.1056,1.1215,239,7.6560
05514500,aifs,13,-0.3752,0.0433,0.0941,1.1083,239,8.3308
05525500,aifs,13,-0.4003,-0.0819,-0.0126,0.9731,239,9.6549
05556500,aifs,13,-0.2292,-0.0740,0.0521,0.8204,239,9.9921
05584500,aifs,13,-0.0887,-0.1303,0.0836,0.7617,239,11.8726
05585000,aifs,13,-0.1184,-0.1014,0.0794,0.8094,239,10.9974
05591550,aifs,13,-0.2169,0.0142,0.1064,1.0145,239,10.0450
05592050,aifs,13,-0.3010,0.0636,0.1325,1.1730,239,8.6924
05592575,aifs,13,-0.2222,-0.0168,0.0845,0.9332,239,10.7412
05593575,aifs,13,-0.2645,0.0802,0.1565,1.1936,239,9.2622
05593900,aifs,13,-0.2736,-0.0009,0.0792,1.0199,239,9.9448
05595730,aifs,13,-0.2997,0.1001,0.1723,1.2365,239,8.9306
06037500,aifs,13,-0.4576,0.0002,0.0432,1.0759,239,4.7122
06043500,aifs,13,-0.5371,-0.0822,-0.0383,1.0203,239,4.7147
06154410,aifs,13,-0.5197,-0.0491,0.0038,0.8232,239,5.9828
06188000,aifs,13,-0.7804,-0.0178,0.0037,1.1710,239,4.0198
06191500,aifs,13,-0.7272,0.0053,0.0308,1.1870,239,4.0118
06221400,aifs,13,-0.7049,0.0982,0.1567,1.3194,239,3.8247
06224000,aifs,13,-0.5709,0.1176,0.1738,1.3029,239,3.8806
06289000,aifs,13,-0.9543,-0.0213,0.0406,1.3503,239,3.9931
06332515,aifs,13,-0.9540,-0.0961,0.0679,1.5761,239,4.6154
06339100,aifs,13,-1.7431,-0.2903,0.0244,1.7836,239,4.3369
06339500,aifs,13,-1.3492,-0.1726,-0.0060,1.5868,239,4.7605
06344600,aifs,13,-0.9548,-0.1043,0.0040,1.4761,239,4.8201
06350000,aifs,13,-1.5345,-0.1229,-0.0030,1.4532,239,4.6194
06352000,aifs,13,-2.1934,-0.2700,0.0006,1.6361,239,4.4551
06353000,aifs,13,-2.1275,-0.2911,-0.0248,1.6713,239,4.7300
06354000,aifs,13,-1.7553,-0.2124,-0.0348,1.5711,239,4.8357
06360500,aifs,13,-1.9637,-0.2521,0.0735,1.7150,239,4.3608
06404000,aifs,13,-0.7013,0.0088,0.1717,1.5444,239,4.3572
06406000,aifs,13,-0.7668,0.0252,0.1702,1.5104,239,4.0672
06408700,aifs,13,-1.1052,0.0047,0.1021,1.4066,239,4.2150
06409000,aifs,13,-0.9704,0.0284,0.1401,1.4383,239,4.0176
06431500,aifs,13,-1.0018,0.0097,0.0900,1.3827,239,4.5915
06440200,aifs,13,-0.3910,0.1215,0.1715,1.2265,239,5.0273
06441500,aifs,13,-0.6851,0.1185,0.1677,1.2904,239,4.5369
06447000,aifs,13,-0.3797,0.1177,0.1582,1.1620,239,3.9947
06447500,aifs,13,-0.3682,0.0879,0.1354,1.1559,239,4.6494
06450500,aifs,13,-0.1894,0.1504,0.2089,1.0298,239,5.0302
06452000,aifs,13,-0.3010,0.1692,0.2056,1.1220,239,4.1460
06453600,aifs,13,-0.2311,0.0136,0.1018,1.0238,239,5.9695
06464500,aifs,13,-0.0860,0.0431,0.1766,0.9273,239,6.4475
06477500,aifs,13,-0.4153,-0.0036,0.0608,1.1943,239,5.9549
06479215,aifs,13,-0.2628,-0.1359,0.0103,1.2813,239,7.8853
06479438,aifs,13,-0.2868,-0.1195,0.0230,1.3151,239,7.3922
06601000,aifs,13,-0.2987,-0.1125,-0.0105,0.9639,239,8.5413
06614800,aifs,13,-0.0914,-0.0092,0.1470,0.8661,239,5.6191
06622700,aifs,13,-0.2081,0.1311,0.1910,0.9636,239,3.9225
06623800,aifs,13,-0.2967,0.1096,0.1580,1.0871,239,4.3665
06632400,aifs,13,-0.1768,0.1292,0.1983,1.0430,239,4.2122
06784000,aifs,13,-0.2860,0.0495,0.1128,0.9850,239,6.2288
06803510,aifs,13,-0.1824,0.0103,0.1154,0.9615,239,8.9801
06803530,aifs,13,-0.2950,0.0337,0.1000,1.0507,239,8.0648
06814000,aifs,13,-0.2635,0.0184,0.0979,1.0722,239,8.5791
06846500,aifs,13,-0.3361,0.1033,0.1432,1.0488,239,4.8231
06847900,aifs,13,-0.3535,0.0398,0.0920,1.0603,239,5.9067
06853800,aifs,13,-0.1129,0.2247,0.2893,1.1511,239,5.6796
06876700,aifs,13,-0.0756,-0.0857,0.1152,0.7892,239,10.3094
06878000,aifs,13,-0.1679,-0.0069,0.1095,0.9443,239,8.6714
06879650,aifs,13,-0.1780,-0.1203,0.0470,0.7594,239,10.4623
06885500,aifs,13,-0.1404,0.0189,0.1400,0.9003,239,9.4400
06888500,aifs,13,-0.1888,-0.1436,0.0158,0.8192,239,10.9510
06889200,aifs,13,-0.1746,-0.0087,0.1059,0.9423,239,9.8294
06889500,aifs,13,-0.2030,-0.0136,0.0921,0.9526,239,9.6119
06892000,aifs,13,-0.2077,-0.0440,0.0705,0.9233,239,10.2037
06903400,aifs,13,-0.2028,-0.1746,-0.0073,0.7830,239,10.3873
06906800,aifs,13,-0.1508,-0.0670,0.1003,0.7442,239,11.7834
06910800,aifs,13,-0.1806,-0.1225,0.0365,0.8064,239,10.3680
06911900,aifs,13,-0.1588,-0.1283,0.0466,0.7757,239,10.8488
06917000,aifs,13,-0.1515,-0.0665,0.1004,0.7394,239,11.7832
06918460,aifs,13,-0.3129,-0.1046,-0.0068,0.9260,239,11.4759
06919500,aifs,13,-0.3426,-0.0522,0.0259,0.9176,239,11.0348
06921070,aifs,13,-0.2184,-0.1302,0.0185,0.7933,239,12.5973
06921200,aifs,13,-0.2207,-0.1489,-0.0011,0.8241,239,13.3875
06934000,aifs,13,-0.3440,-0.0552,0.0208,1.0266,239,10.0746
07014500,aifs,13,-0.2054,-0.1536,-0.0059,0.8919,239,12.7680
07056000,aifs,13,-0.3672,0.0388,0.0995,1.1704,239,10.4397
07057500,aifs,13,-0.3860,-0.0004,0.0713,1.2072,239,9.8376
07060710,aifs,13,-0.3227,0.0224,0.1194,1.2919,239,10.8303
07066000,aifs,13,-0.3594,-0.0070,0.0750,1.2267,239,9.6870
07067000,aifs,13,-0.4651,-0.0016,0.0705,1.2739,239,8.8957
07068000,aifs,13,-0.5315,0.0120,0.0927,1.3433,239,8.5448
07071500,aifs,13,-0.4810,0.0308,0.1114,1.3316,239,9.0390
07083000,aifs,13,-0.6285,-0.0402,0.0602,1.4131,239,3.6908
07142300,aifs,13,-0.4194,-0.0371,0.0292,1.1664,239,6.2416
07145700,aifs,13,-0.1763,-0.2118,-0.0260,0.7867,239,12.6109
07148400,aifs,13,-0.5954,0.1054,0.1452,1.2531,239,5.6342
07149000,aifs,13,-0.7188,0.0581,0.1064,1.2940,239,5.5452
07151500,aifs,13,-0.2956,-0.0919,0.0059,0.9665,239,8.9566
07167500,aifs,13,-0.2984,-0.0608,0.0300,0.9286,239,8.9992
07180500,aifs,13,-0.2217,-0.0937,0.0327,0.8838,239,8.9021
07184000,aifs,13,-0.2032,-0.1671,-0.0109,0.8454,239,14.2942
07195800,aifs,13,-0.3154,-0.0876,0.0073,1.1032,239,12.6221
07196900,aifs,13,-0.4437,-0.0327,0.0449,1.2614,239,11.7218
07197000,aifs,13,-0.4704,-0.0157,0.0397,1.1820,239,11.3906
07208500,aifs,13,-0.7223,-0.0142,0.0413,1.3092,239,3.4128
07226500,aifs,13,-0.5667,0.1361,0.1720,1.2392,239,3.0817
07261000,aifs,13,-0.5709,0.0483,0.1337,1.3776,239,10.8272
07263295,aifs,13,-0.4473,0.0650,0.1651,1.3894,239,11.0375
07290650,aifs,13,-0.2005,-0.0155,0.0997,0.8514,239,10.5352
07291000,aifs,13,-0.1402,0.0188,0.1474,0.8337,239,10.3949
07292500,aifs,13,-0.1456,0.0155,0.1442,0.8262,239,10.5008
07295000,aifs,13,-0.1224,-0.0083,0.1349,0.8464,239,11.7266
07299670,aifs,13,-0.4735,0.0146,0.0924,1.3148,239,5.5466
07301410,aifs,13,-0.1963,-0.0321,0.0965,1.2106,239,6.1154
07301500,aifs,13,-0.6538,-0.0035,0.1241,1.4846,239,4.1731
07315200,aifs,13,-0.4071,0.0006,0.0510,1.0508,239,8.0180
07315700,aifs,13,-0.7477,-0.0460,0.0280,1.3688,239,7.8714
07335700,aifs,13,-0.2810,0.0031,0.0806,0.9613,239,12.4200
07340300,aifs,13,-0.5809,0.0706,0.1033,1.2054,239,10.4465
07346045,aifs,13,-0.8839,0.0270,0.1098,1.3905,239,9.9395
07359610,aifs,13,-0.2203,0.2155,0.2522,1.0974,239,10.2371
07362100,aifs,13,-1.0028,-0.0561,0.1170,1.5702,239,10.0349
07362587,aifs,13,-0.2418,0.1478,0.2113,1.1935,239,11.4432
07373000,aifs,13,-0.3459,-0.0216,0.0457,1.0111,239,10.5788
07375000,aifs,13,-0.1228,-0.0682,0.1006,0.8047,239,14.4466
07376000,aifs,13,-0.1525,-0.0621,0.0885,0.8271,239,12.8235
08013000,aifs,13,-0.2945,-0.0748,0.0212,0.9187,239,11.6042
08014500,aifs,13,-0.3416,-0.0976,-0.0077,0.9046,239,11.4739
08023080,aifs,13,-0.4630,0.0183,0.0675,1.1765,239,11.2470
08025500,aifs,13,-0.2548,-0.0417,0.0567,0.9270,239,12.3364
08029500,aifs,13,-0.2599,-0.0688,0.0395,0.8727,239,12.9648
08050800,aifs,13,-0.3716,-0.0683,0.0041,0.9861,239,11.2049
08066200,aifs,13,-0.2793,-0.1030,0.0155,0.8095,239,15.5819
08066300,aifs,13,-0.1472,-0.1542,0.0278,0.8059,239,19.0214
08070000,aifs,13,-0.4681,0.1346,0.1498,1.0583,239,11.0086
08070200,aifs,13,-0.4479,0.1241,0.1419,1.0238,239,11.1870
08079600,aifs,13,-0.5026,0.0971,0.1585,1.3038,239,3.7022
08082700,aifs,13,-0.5300,-0.0913,0.0223,1.4108,239,6.5689
08086212,aifs,13,-0.3465,0.0006,0.0671,1.1095,239,7.1454
08086290,aifs,13,-0.3747,0.0179,0.0784,1.1462,239,7.1864
08101000,aifs,13,-0.8332,0.0470,0.1082,1.3353,239,8.2990
08103900,aifs,13,-0.1971,0.2050,0.2454,0.9637,239,10.1748
08104900,aifs,13,-0.2606,0.1079,0.1628,0.9379,239,11.8157
08109700,aifs,13,-0.4087,0.0710,0.1128,1.1373,239,12.6136
08150800,aifs,13,-0.2081,-0.1239,0.0379,0.7250,239,11.7047
08155200,aifs,13,-0.6563,0.0460,0.0821,1.2370,239,10.6702
08158700,aifs,13,-0.7406,0.0377,0.0705,1.2389,239,10.2748
08158810,aifs,13,-0.8058,0.0770,0.1060,1.2292,239,9.9554
08164000,aifs,13,-0.5559,0.1756,0.2213,1.2706,239,9.2604
08164300,aifs,13,-0.3796,0.1273,0.1600,1.1192,239,11.3399
08164600,aifs,13,-0.3688,0.2397,0.2870,1.2598,239,8.7533
08165300,aifs,13,-0.2158,-0.0383,0.0773,0.8554,239,10.5341
08171300,aifs,13,-0.5993,0.0164,0.0461,1.1588,239,10.6694
08175000,aifs,13,-0.4080,0.1607,0.1811,1.0980,239,10.3400
08176900,aifs,13,-0.6439,0.1427,0.1950,1.2945,239,8.8525
08178880,aifs,13,-0.2489,-0.0774,0.0342,0.8986,239,11.9315
08189500,aifs,13,-0.2912,0.2274,0.2647,1.1929,239,8.4137
08190000,aifs,13,-0.0858,-0.2175,0.0424,0.6641,239,15.0634
08190500,aifs,13,-0.0586,-0.2055,0.0684,0.6725,239,14.2078
08194200,aifs,13,0.1010,0.0482,0.3319,0.7063,239,8.2164
08195000,aifs,13,-0.1503,-0.1728,0.0201,0.7568,239,13.9897
08196000,aifs,13,-0.1058,-0.1932,0.0333,0.7316,239,15.7050
08198500,aifs,13,-0.1797,-0.1442,0.0241,0.7810,239,13.6507
08200000,aifs,13,-0.2282,-0.1377,0.0006,0.8525,239,13.4018
08202700,aifs,13,-0.1763,-0.1548,0.0189,0.7737,239,14.0556
08267500,aifs,13,-0.2241,-0.0758,0.0482,0.8520,239,4.2054
08269000,aifs,13,-0.4737,-0.0183,0.0278,1.1040,239,3.4201
08271000,aifs,13,-0.2156,-0.0992,0.0403,0.8057,239,4.3635
08324000,aifs,13,-0.6168,0.0034,0.0291,1.1253,239,2.9412
08377900,aifs,13,-0.2094,0.1052,0.1721,1.0145,239,4.1655
08378500,aifs,13,-0.3684,0.0873,0.1279,1.0921,239,3.8592
08380500,aifs,13,-0.4664,0.0726,0.1013,1.0926,239,3.7349
09034900,aifs,13,-0.2552,0.0099,0.0935,0.9399,239,4.4329
09035900,aifs,13,-0.5075,0.0720,0.1068,1.1768,239,3.5886
09047700,aifs,13,-0.4546,0.1120,0.1618,1.2478,239,3.3462
09065500,aifs,13,-0.4391,0.0860,0.1301,1.1941,239,3.5795
09066000,aifs,13,-0.6789,0.0525,0.1397,1.3938,239,3.2947
09066200,aifs,13,-0.3675,0.0873,0.1362,1.1598,239,3.6945
09066300,aifs,13,-0.3798,0.0985,0.1457,1.1767,239,3.6113
09081600,aifs,13,-0.2459,0.0360,0.1379,1.2443,239,4.8626
09107000,aifs,13,-0.8758,-0.1823,0.0711,1.7300,239,3.3780
09210500,aifs,13,-0.7152,0.0235,0.0477,1.1862,239,3.0527
09223000,aifs,13,-0.6605,-0.0118,0.0183,1.1741,239,3.7025
09306242,aifs,13,-0.6148,0.0055,0.0603,1.2840,239,3.5931
09312600,aifs,13,-0.2311,0.0755,0.1541,1.1441,239,3.4424
09352900,aifs,13,-0.1971,0.0622,0.1458,1.0017,239,4.8346
09378170,aifs,13,-0.0630,-0.0065,0.2002,0.6561,239,3.5989
09378630,aifs,13,-0.0575,-0.0333,0.1932,0.6313,239,3.7787
09386900,aifs,13,-0.3813,0.0845,0.1222,1.0758,239,2.6759
09404450,aifs,13,-0.2929,0.2055,0.2367,1.1351,239,3.3249
09430500,aifs,13,-0.4525,0.2289,0.2311,0.9927,239,2.7576
09430600,aifs,13,-0.4087,0.2093,0.2207,0.9157,239,3.3932
09447800,aifs,13,-1.0170,0.1165,0.1559,1.1951,239,2.3317
09480000,aifs,13,-0.2483,0.0964,0.1674,0.8371,239,3.8813
09484000,aifs,13,-0.2195,0.2255,0.2550,1.0083,239,3.6910
09484600,aifs,13,-0.2601,0.1557,0.2034,0.8741,239,3.4408
09492400,aifs,13,-0.0091,0.1158,0.2853,0.7209,239,4.7705
09494000,aifs,13,-0.1653,0.2228,0.2714,0.8813,239,3.6755
09497800,aifs,13,-0.4228,0.3010,0.3079,1.0941,239,3.1697
09497980,aifs,13,-0.1663,0.3864,0.3887,0.9763,239,3.4087
09505200,aifs,13,-0.0293,0.4663,0.5121,1.2112,239,2.9276
09505350,aifs,13,-0.0383,0.4551,0.4899,1.1913,239,3.0285
09505800,aifs,13,0.0329,0.4871,0.5264,1.1962,239,3.0610
09508300,aifs,13,-0.0077,0.4981,0.5013,1.0557,239,3.0077
09510200,aifs,13,-0.0832,0.3654,0.3907,1.1257,239,3.1187
09512280,aifs,13,-0.2240,0.1731,0.3747,1.5401,239,2.9578
09513780,aifs,13,-0.3998,0.1529,0.3687,1.5579,239,2.7717
10023000,aifs,13,-0.3015,-0.0051,0.0688,1.0152,239,4.0984
10166430,aifs,13,-0.1675,-0.0337,0.1185,0.7326,239,3.8678
10172700,aifs,13,-0.1076,0.1206,0.2167,0.9187,239,2.8753
10172800,aifs,13,-0.1213,-0.0661,0.1343,0.6555,239,3.8751
10173450,aifs,13,-0.1369,0.1861,0.2475,0.9617,239,3.8798
10205030,aifs,13,-0.1617,0.0666,0.1627,0.9204,239,3.2806
10234500,aifs,13,-0.1280,0.1330,0.2176,0.9207,239,3.7259
10242000,aifs,13,-0.0814,0.1742,0.2631,0.8768,239,3.9652
10244950,aifs,13,-0.2736,0.0848,0.1444,1.0838,239,3.2247
10249300,aifs,13,-0.2039,0.1746,0.2227,0.9549,239,2.4825
10258000,aifs,13,-0.0886,0.1721,0.3514,1.4763,239,3.7141
10258500,aifs,13,-0.6863,-0.3736,0.3665,2.1923,239,2.3662
10259000,aifs,13,-0.1616,0.1682,0.3152,1.4370,239,2.9762
10259200,aifs,13,-0.6391,-0.5389,0.3939,2.3904,239,2.5686
10263500,aifs,13,-0.1333,0.1348,0.2213,0.8659,239,6.2988
10310500,aifs,13,-0.4604,0.2699,0.2909,1.1717,239,4.3956
10316500,aifs,13,-0.2070,-0.1764,0.0287,0.6124,239,4.0853
10329500,aifs,13,-0.2273,-0.1898,-0.0035,0.6561,239,3.6292
10336645,aifs,13,-0.2095,0.2423,0.2693,0.9831,239,9.0413
10336660,aifs,13,-0.1236,0.2353,0.2878,0.8972,239,9.4870
10343500,aifs,13,-0.3101,0.2596,0.2687,1.0225,239,6.1871
10348850,aifs,13,0.0817,0.0304,0.3313,0.5544,239,8.7386
10396000,aifs,13,-0.1997,-0.1928,0.0354,0.5605,239,3.6821
11098000,aifs,13,-0.0059,0.1131,0.2843,0.6955,239,8.2008
11124500,aifs,13,-0.0533,0.1428,0.2543,0.8715,239,7.1247
11141280,aifs,13,0.0347,0.2160,0.3543,0.7240,239,6.2021
11143000,aifs,13,0.1403,-0.1441,0.4342,0.3165,239,9.3962
11148900,aifs,13,0.2142,0.1909,0.4760,0.5816,239,4.8483
11151300,aifs,13,0.1363,0.3018,0.4410,0.7347,239,3.4795
11162500,aifs,13,0.1322,-0.0242,0.3874,0.4621,239,5.9171
11176400,aifs,13,0.0979,0.2256,0.3888,0.7277,239,3.2193
11180500,aifs,13,-0.0071,0.0973,0.2764,0.6919,239,3.8312
11180960,aifs,13,0.0038,-0.0332,0.2451,0.5477,239,4.5746
11224500,aifs,13,0.0805,0.2991,0.4157,0.7379,239,3.1263
11253310,aifs,13,0.0703,0.3202,0.4163,0.7747,239,2.5623
11264500,aifs,13,-0.7913,0.1350,0.2704,1.4227,239,6.3620
11266500,aifs,13,-0.6453,0.1832,0.2735,1.3546,239,6.5696
11274500,aifs,13,0.1631,0.2341,0.4418,0.6567,239,2.9614
11274630,aifs,13,0.1343,0.2779,0.4274,0.7472,239,2.7389
11284400,aifs,13,-0.0436,0.3509,0.3792,0.9750,239,5.1870
11299600,aifs,13,-0.0024,0.3489,0.3907,0.9225,239,4.9665
11381500,aifs,13,-0.0918,-0.0921,0.1367,0.6145,239,9.4692
11383500,aifs,13,-0.0906,-0.0939,0.1395,0.6015,239,9.6093
11451100,aifs,13,0.0035,0.0610,0.2886,0.5834,239,5.1817
11468500,aifs,13,-0.0462,0.0659,0.2420,0.6815,239,6.8440
11473900,aifs,13,-0.0536,-0.0275,0.1965,0.6192,239,7.0631
11475560,aifs,13,-0.0098,-0.2357,0.1726,0.3924,239,13.1430
11476600,aifs,13,-0.1334,0.0352,0.1727,0.7494,239,7.8381
11478500,aifs,13,-0.2111,-0.0083,0.1170,0.7440,239,8.1274
11480390,aifs,13,-0.1404,-0.0172,0.1398,0.7229,239,7.4252
11481200,aifs,13,-0.1589,0.0857,0.1841,0.8375,239,8.5711
11482500,aifs,13,-0.1155,0.0564,0.1923,0.7580,239,9.4210
11522500,aifs,13,-0.3084,0.0943,0.1416,0.9546,239,6.8422
11523200,aifs,13,-0.1650,-0.0940,0.1012,0.6236,239,7.1113
11528700,aifs,13,-0.1668,0.0032,0.1420,0.7335,239,6.5483
11532500,aifs,13,-0.1156,0.1191,0.2212,0.8331,239,11.7000
12010000,aifs,13,-0.2991,0.1301,0.1821,0.8359,239,13.0160
12013500,aifs,13,-0.5332,0.1662,0.1701,1.0068,239,11.0885
12020000,aifs,13,-0.7716,0.1321,0.1403,1.1153,239,9.9801
12025000,aifs,13,-0.5993,0.1632,0.1678,1.0778,239,9.1311
12025700,aifs,13,-0.9034,0.0957,0.1946,1.3829,239,8.9731
12035000,aifs,13,-0.3916,0.2007,0.2138,0.9294,239,13.0688
12040500,aifs,13,-0.4850,0.1793,0.1878,0.9253,239,15.5420
12041200,aifs,13,-0.3916,0.1275,0.1634,0.8467,239,16.5326
12043000,aifs,13,-0.3970,0.1354,0.1652,0.8737,239,13.0433
12048000,aifs,13,-1.4543,-0.2025,0.0795,1.7343,239,8.2160
12054000,aifs,13,-0.5368,0.0825,0.1089,1.1556,239,11.0905
12056500,aifs,13,-0.4499,0.1793,0.1892,1.0549,239,14.2975
12073500,aifs,13,-0.6674,0.0968,0.1263,1.2230,239,7.3534
12082500,aifs,13,-0.4887,0.2695,0.3093,1.2280,239,11.7068
12092000,aifs,13,-0.3845,0.2785,0.2970,1.1614,239,11.3933
12095000,aifs,13,-0.6481,0.1869,0.2992,1.3877,239,9.4943
12114500,aifs,13,-0.0651,0.2839,0.3383,0.8713,239,11.9254
12115000,aifs,13,-0.0572,0.2942,0.3460,0.8799,239,11.8200
12115500,aifs,13,-0.0374,0.3191,0.3629,0.9215,239,11.7472
12117000,aifs,13,-0.0522,0.3214,0.3618,0.9096,239,11.7055
12141300,aifs,13,-0.0277,0.3019,0.3650,0.8382,239,13.5519
12143600,aifs,13,-0.0414,0.3276,0.3688,0.9070,239,12.8163
12144000,aifs,13,-0.0702,0.3441,0.3701,0.9477,239,12.1641
12145500,aifs,13,-0.1159,0.3466,0.3627,0.9660,239,9.7992
12147600,aifs,13,0.0394,0.2536,0.3750,0.7575,239,16.0495
12167000,aifs,13,-0.2962,0.2448,0.2602,1.0642,239,12.8018
12175500,aifs,13,-0.7045,0.1935,0.2433,1.2567,239,10.3196
12186000,aifs,13,-0.2684,0.3194,0.3228,1.0144,239,13.1256
12189500,aifs,13,-0.4951,0.2752,0.2978,1.1701,239,11.9973
12358500,aifs,13,-0.3506,0.0432,0.1036,0.8518,239,8.0481
12377150,aifs,13,-0.2812,-0.0798,0.0715,0.6521,239,7.5149
12381400,aifs,13,-0.3220,-0.0288,0.0814,0.7155,239,6.8677
12390700,aifs,13,-0.6445,0.1358,0.1548,1.1773,239,5.9040
12411000,aifs,13,-0.6479,0.1206,0.1465,1.2080,239,7.0898
12414500,aifs,13,-0.5192,0.1642,0.1757,1.1093,239,6.9434
12447390,aifs,13,-1.9572,-0.5340,0.1010,2.1641,239,4.7700
12451000,aifs,13,-1.6874,-0.1403,0.2317,1.6639,239,9.1682
12488500,aifs,13,-0.3471,0.2857,0.3102,1.1834,239,9.3848
13011500,aifs,13,-0.6862,0.0096,0.0629,1.2972,239,4.7425
13011900,aifs,13,-0.5442,0.0604,0.0959,1.1934,239,4.3722
13018300,aifs,13,-0.6276,0.0052,0.0552,1.2668,239,4.7213
13023000,aifs,13,-0.8802,-0.0172,0.0196,1.2659,239,4.2091
13161500,aifs,13,-0.8094,-0.0899,-0.0163,1.3732,239,2.8642
13235000,aifs,13,-0.3753,0.0862,0.1254,0.9136,239,5.1405
13240000,aifs,13,-0.3523,-0.0071,0.0807,0.7553,239,6.6324
13310700,aifs,13,-0.5842,0.0766,0.0885,0.9622,239,5.4989
13313000,aifs,13,-0.3488,-0.0063,0.0818,0.7567,239,6.0756
13331500,aifs,13,-0.2510,0.0973,0.1640,0.8631,239,5.6140
13337000,aifs,13,-0.3176,0.1737,0.2021,0.9222,239,6.8764
13338500,aifs,13,-0.5687,0.1157,0.1398,1.1804,239,5.7625
13340000,aifs,13,-0.4134,0.1507,0.1675,0.9952,239,6.0130
13340600,aifs,13,-0.2828,0.1731,0.2074,0.9239,239,7.6249
14020000,aifs,13,-0.1630,0.0924,0.1858,0.8539,239,5.2363
14092750,aifs,13,-1.0445,0.1427,0.1963,1.1852,239,8.0669
14096850,aifs,13,-1.3915,-0.0410,0.1113,1.4601,239,5.3837
14137000,aifs,13,-0.7067,0.1554,0.1579,1.0633,239,11.2094
14138800,aifs,13,-0.3758,0.1148,0.1567,0.8374,239,13.7385
14138870,aifs,13,-0.3708,0.1457,0.1756,0.8853,239,14.2057
14138900,aifs,13,-0.2342,0.0826,0.1763,0.7534,239,15.9988
14139800,aifs,13,-0.3920,0.1538,0.1817,0.8663,239,13.9136
14141500,aifs,13,-0.5852,0.1775,0.1784,1.0115,239,12.6962
14154500,aifs,13,-0.9908,0.1416,0.2489,1.3202,239,7.9144
14158500,aifs,13,-0.8878,0.2081,0.2549,1.1402,239,9.7798
14158790,aifs,13,-0.3707,0.2456,0.2607,0.8726,239,10.6663
14166500,aifs,13,-0.8331,0.1033,0.1657,1.3172,239,8.6502
14182500,aifs,13,-1.0930,0.1185,0.2055,1.2762,239,11.7920
14185000,aifs,13,-1.2926,0.0774,0.2376,1.3458,239,10.9197
14185900,aifs,13,-0.9253,0.1788,0.2228,1.1656,239,12.0281
14187000,aifs,13,-1.0488,0.1401,0.2208,1.2523,239,10.7486
14216500,aifs,13,-0.6930,0.2014,0.2290,1.1886,239,12.1567
14222500,aifs,13,-0.2017,0.1151,0.1964,0.8116,239,16.4037
14236200,aifs,13,-0.5116,0.2191,0.2337,1.1494,239,10.6048
14301000,aifs,13,-0.4621,0.0815,0.1056,0.9660,239,10.8494
14303200,aifs,13,-0.3314,0.0118,0.0909,0.7998,239,13.4613
14305500,aifs,13,-0.2965,0.0233,0.1127,0.7718,239,15.7343
14306340,aifs,13,-0.7075,0.1550,0.1618,1.1054,239,9.2891
14306500,aifs,13,-0.7730,0.1334,0.1447,1.1350,239,10.2120
14308990,aifs,13,-0.5814,0.1636,0.2182,1.2972,239,5.6677
14309500,aifs,13,-0.3346,0.1795,0.2011,1.0100,239,7.8054
14316700,aifs,13,-0.9724,0.1554,0.2596,1.3035,239,7.4765
14325000,aifs,13,-0.3766,0.1120,0.1453,0.9141,239,9.8888
14362250,aifs,13,-0.5443,0.0563,0.1238,1.3239,239,5.1887
14400000,aifs,13,-0.2653,0.0807,0.1507,0.8437,239,12.7639
01013500,aifs,14,-0.6673,-0.0152,0.0235,1.2226,239,7.1367
01022500,aifs,14,-0.6334,0.0398,0.0705,1.1995,239,8.0614
01030500,aifs,14,-0.7029,0.0612,0.0833,1.1860,239,7.0797
01031500,aifs,14,-0.6274,-0.0029,0.0349,1.2072,239,7.2792
01047000,aifs,14,-0.4452,0.0186,0.0635,1.1191,239,7.3836
01052500,aifs,14,-0.3641,0.0789,0.1386,1.2083,239,6.5416
01054200,aifs,14,-0.3472,0.0070,0.0671,1.0169,239,8.4105
01055000,aifs,14,-0.3974,0.0586,0.0979,1.0496,239,6.8136
01057000,aifs,14,-0.3934,0.0787,0.1147,1.0595,239,7.1678
01073000,aifs,14,-0.6900,-0.0047,0.0288,1.2123,239,7.8861
01078000,aifs,14,-0.5018,0.0364,0.0694,1.1174,239,7.6994
01118300,aifs,14,-0.1661,-0.0601,0.0904,0.7828,239,12.4756
01121000,aifs,14,-0.3613,0.0113,0.0742,0.8729,239,9.6330
01123000,aifs,14,-0.3419,-0.0057,0.0690,0.8430,239,10.0560
01134500,aifs,14,-0.2109,0.1004,0.1686,1.0286,239,7.1943
01137500,aifs,14,-0.3805,0.0269,0.0797,1.0991,239,7.7252
01139000,aifs,14,-0.3495,0.0491,0.1212,1.2271,239,7.1921
01139800,aifs,14,-0.2092,0.0949,0.1649,1.0093,239,7.6109
01142500,aifs,14,-0.3796,0.1008,0.1524,1.2036,239,6.7726
01144000,aifs,14,-0.3389,0.0869,0.1303,1.0500,239,7.1825
01169000,aifs,14,-0.6569,0.0026,0.0301,1.1666,239,8.9488
01170100,aifs,14,-0.6927,-0.0010,0.0316,1.2108,239,8.8177
01181000,aifs,14,-0.5196,0.0557,0.0781,1.0536,239,9.3259
01187300,aifs,14,-0.6273,0.0933,0.1223,1.2125,239,8.4407
01195100,aifs,14,-0.2618,-0.0141,0.0888,0.8011,239,10.8019
01333000,aifs,14,-0.6565,-0.0302,0.0109,1.2211,239,8.9830
01350000,aifs,14,-0.2916,-0.0431,0.0431,0.9983,239,11.4887
01350080,aifs,14,-0.4549,-0.0112,0.0360,1.0974,239,9.5251
01350140,aifs,14,-0.4462,-0.0026,0.0409,1.0361,239,9.0014
01365000,aifs,14,-0.4525,0.0483,0.0861,1.1185,239,10.1389
01411300,aifs,14,-0.2544,-0.1009,0.0158,0.8896,239,12.0926
01413500,aifs,14,-0.3151,-0.0414,0.0406,0.9233,239,10.9547
01414500,aifs,14,-0.3106,-0.0395,0.0409,1.0200,239,11.6447
01415000,aifs,14,-0.4309,-0.0202,0.0294,0.9778,239,9.4086
01423000,aifs,14,-0.3755,0.0043,0.0612,0.9282,239,9.1240
01434025,aifs,14,-0.2891,-0.0275,0.0572,0.9314,239,12.1764
01435000,aifs,14,-0.3167,-0.0018,0.0675,0.9888,239,11.5883
01439500,aifs,14,-0.3999,0.1315,0.1551,0.9475,239,9.0211
01440000,aifs,14,-0.4118,0.1112,0.1363,0.9705,239,9.5902
01440400,aifs,14,-0.2836,0.1048,0.1650,0.8437,239,9.5456
01451800,aifs,14,-0.5143,0.1477,0.1574,1.0674,239,8.4129
01466500,aifs,14,-0.6813,0.0565,0.0659,1.0791,239,9.3220
01484100,aifs,14,-0.4129,-0.0376,0.0224,1.0913,239,9.2617
01485500,aifs,14,-0.2760,-0.1325,-0.0107,0.8494,239,10.6202
01486000,aifs,14,-0.2949,-0.1563,-0.0385,0.8852,239,10.9915
01487000,aifs,14,-0.3615,-0.0615,0.0129,1.0597,239,9.6253
01491000,aifs,14,-0.6270,0.0080,0.0520,1.2440,239,7.9046
01510000,aifs,14,-0.3246,0.0422,0.0988,0.9717,239,8.3839
01516500,aifs,14,-0.4611,0.0747,0.1007,0.9551,239,7.0058
01518862,aifs,14,-0.3589,0.0286,0.0861,0.8930,239,7.1294
01532000,aifs,14,-0.3430,0.0350,0.0900,0.9531,239,8.0789
01539000,aifs,14,-0.4339,0.0413,0.0789,0.9379,239,8.6864
01542810,aifs,14,-0.4148,0.0251,0.0692,0.9420,239,7.8427
01543000,aifs,14,-0.4360,0.0488,0.0843,0.9416,239,7.6202
01543500,aifs,14,-0.4214,0.0101,0.0587,0.9057,239,8.1574
01544500,aifs,14,-0.4376,0.0591,0.0908,0.9803,239,7.5798
01545600,aifs,14,-0.4152,0.0727,0.1052,1.0276,239,7.6951
01547700,aifs,14,-0.1985,-0.1035,0.0339,0.8865,239,11.7606
01548500,aifs,14,-0.4664,0.0638,0.0909,0.9638,239,7.1491
01549500,aifs,14,-0.4252,0.0675,0.0997,1.0313,239,7.8450
01550000,aifs,14,-0.3549,0.0314,0.0839,0.9938,239,8.5271
01552000,aifs,14,-0.2953,-0.0096,0.0695,0.9221,239,9.5162
01552500,aifs,14,-0.4242,0.0601,0.0942,0.9608,239,8.3664
01557500,aifs,14,-0.2983,-0.1208,-0.0007,0.7979,239,10.7664
01567500,aifs,14,-0.4174,-0.0426,0.0167,0.9239,239,9.2835
01568000,aifs,14,-0.4819,0.0130,0.0489,0.9369,239,8.4001
01580000,aifs,14,-0.7377,-0.0225,-0.0098,1.0537,239,8.2099
01583500,aifs,14,-0.7062,-0.0176,0.0019,1.1174,239,8.0812
01586610,aifs,14,-0.6994,-0.0461,-0.0256,1.0810,239,8.1615
01591400,aifs,14,-0.4196,-0.1004,-0.0227,0.8506,239,9.6926
01596500,aifs,14,-0.4039,-0.0194,0.0354,1.0331,239,8.6740
01605500,aifs,14,-0.4965,-0.0551,-0.0094,1.0366,239,8.1599
01606500,aifs,14,-0.5497,-0.0486,-0.0124,1.0346,239,7.7153
01613050,aifs,14,-0.5944,-0.0704,-0.0352,0.9337,239,8.3535
01620500,aifs,14,-0.6973,-0.0681,-0.0351,1.1690,239,7.3787
01632000,aifs,14,-0.4384,-0.1494,-0.0453,0.7328,239,8.4532
01632900,aifs,14,-0.4534,-0.1363,-0.0477,0.7793,239,8.2877
01634500,aifs,14,-0.4586,-0.1353,-0.0527,0.8082,239,8.3835
01638480,aifs,14,-0.5186,-0.0931,-0.0395,0.8903,239,8.4817
01639500,aifs,14,-0.7183,-0.0383,-0.0214,1.0671,239,8.0673
01644000,aifs,14,-0.5746,-0.0953,-0.0470,0.8615,239,8.0645
01658500,aifs,14,-0.4712,-0.1105,-0.0412,0.8521,239,8.8064
01664000,aifs,14,-0.5325,-0.1465,-0.0701,0.7760,239,8.4611
01666500,aifs,14,-0.5283,-0.1428,-0.0695,0.7942,239,8.4907
01667500,aifs,14,-0.5727,-0.1243,-0.0664,0.8271,239,8.2217
01669000,aifs,14,-0.3903,-0.0987,-0.0234,0.9678,239,9.5805
01669520,aifs,14,-0.3902,-0.1042,-0.0280,0.9830,239,9.5145
02011400,aifs,14,-0.8083,-0.0755,-0.0528,1.1552,239,8.0316
02011460,aifs,14,-0.7341,-0.0818,-0.0473,1.1892,239,8.3701
02013000,aifs,14,-0.6906,-0.0571,-0.0322,1.1059,239,8.1798
02014000,aifs,14,-0.8090,-0.0438,-0.0237,1.1594,239,7.5717
02015700,aifs,14,-0.6893,-0.0967,-0.0497,1.2260,239,8.0125
02016000,aifs,14,-0.9109,-0.0778,-0.0452,1.2451,239,7.4863
02017500,aifs,14,-1.0143,-0.0648,-0.0259,1.2840,239,7.0695
02018000,aifs,14,-1.1466,-0.0907,-0.0407,1.3261,239,6.9764
02027000,aifs,14,-0.8702,-0.0331,0.0297,1.3513,239,7.1497
02027500,aifs,14,-0.8007,-0.0199,0.0280,1.2968,239,7.2813
02028500,aifs,14,-0.6566,0.0076,0.0227,1.0438,239,7.3110
02038850,aifs,14,-0.6223,-0.0374,-0.0122,1.0424,239,7.5424
02046000,aifs,14,-0.4463,-0.0575,-0.0011,0.9315,239,8.2694
02051000,aifs,14,-0.3555,-0.0638,0.0128,0.9365,239,8.5526
02051500,aifs,14,-0.4246,-0.0293,0.0233,1.0049,239,7.9235
02053200,aifs,14,-0.4478,-0.0634,-0.0078,1.0187,239,8.7644
02053800,aifs,14,-0.7520,-0.0303,-0.0140,1.1061,239,7.0879
02055100,aifs,14,-1.1670,-0.2001,-0.0207,1.6305,239,7.0581
02056900,aifs,14,-0.5971,-0.0423,-0.0119,1.0711,239,7.5082
02059500,aifs,14,-0.9870,-0.0275,0.0083,1.2688,239,6.5728
02064000,aifs,14,-0.8225,-0.0320,0.0320,1.3504,239,6.7165
02065500,aifs,14,-0.7339,-0.0365,-0.0010,1.2239,239,6.9585
02069700,aifs,14,-0.5245,-0.0747,-0.0275,1.0840,239,8.7248
02070000,aifs,14,-0.4734,-0.0653,-0.0138,1.0309,239,8.4772
02074500,aifs,14,-0.3873,-0.1117,-0.0152,1.2190,239,8.7769
02077200,aifs,14,-0.6495,0.0038,0.0409,1.2183,239,7.1158
02081500,aifs,14,-0.5139,-0.0274,0.0182,1.1429,239,7.8178
02082950,aifs,14,-0.7195,-0.0384,0.0195,1.3113,239,7.1577
02092500,aifs,14,-0.6365,-0.0145,0.0370,1.2682,239,8.0292
02096846,aifs,14,-0.2896,-0.1023,0.0005,1.0528,239,10.2350
02102908,aifs,14,-0.4327,-0.0712,-0.0098,1.0606,239,9.9291
02108000,aifs,14,-0.4461,0.0842,0.1235,1.1725,239,7.7857
02111180,aifs,14,-0.6802,-0.0742,-0.0451,1.1139,239,9.6646
02111500,aifs,14,-0.6220,-0.0129,0.0196,1.1633,239,9.3228
02118500,aifs,14,-0.8091,-0.0255,0.0094,1.2462,239,8.4017
02128000,aifs,14,-0.6319,-0.0451,-0.0136,1.1272,239,8.4345
02137727,aifs,14,-0.5649,-0.0632,-0.0240,1.0852,239,10.4600
02140991,aifs,14,-0.8098,-0.0699,-0.0425,1.1907,239,9.6736
02143000,aifs,14,-0.7153,-0.0278,0.0033,1.1973,239,9.2573
02143040,aifs,14,-0.7119,-0.0317,-0.0066,1.1538,239,9.1830
02149000,aifs,14,-0.4036,-0.0872,-0.0176,0.9766,239,11.8529
02152100,aifs,14,-0.8069,-0.0275,0.0009,1.2150,239,9.0234
02177000,aifs,14,-0.7106,0.0466,0.0873,1.2660,239,11.7615
02178400,aifs,14,-0.8284,0.0879,0.1350,1.2858,239,10.3051
02193340,aifs,14,-0.6713,-0.0600,0.0015,1.3023,239,9.3997
02196000,aifs,14,-0.4442,-0.0429,0.0111,1.0738,239,9.5782
02198100,aifs,14,-0.3794,-0.1632,-0.0652,0.8667,239,12.2878
02202600,aifs,14,-0.8658,-0.0770,-0.0303,1.2942,239,8.2019
02212600,aifs,14,-0.5142,-0.0066,0.0287,1.0718,239,10.5116
02215100,aifs,14,-0.5098,-0.0052,0.0284,0.9812,239,10.4023
02216180,aifs,14,-0.3248,-0.1238,-0.0236,0.9059,239,11.4769
02221525,aifs,14,-0.5958,0.0228,0.0476,1.1230,239,9.6047
02231000,aifs,14,-0.5187,0.0879,0.1036,0.9985,239,8.2592
02231342,aifs,14,-0.3868,0.0736,0.1262,1.1836,239,7.9553
02235200,aifs,14,-0.6049,0.1046,0.1134,1.0724,239,8.7945
02245500,aifs,14,-0.5676,0.1040,0.1361,1.2128,239,7.9808
02246000,aifs,14,-0.4858,0.2106,0.2227,1.1283,239,7.1542
02296500,aifs,14,-0.3180,0.2311,0.2459,1.0542,239,7.0005
02297155,aifs,14,-0.3556,0.0494,0.0977,1.0203,239,9.6735
02297310,aifs,14,-0.3961,0.0463,0.0889,0.9456,239,9.2425
02298123,aifs,14,-0.2969,0.0877,0.1392,1.0453,239,8.1706
02298608,aifs,14,-0.4034,0.0108,0.0607,0.9296,239,10.0190
02299950,aifs,14,-0.4413,0.0690,0.1000,1.0660,239,9.4511
02300700,aifs,14,-0.3064,0.0843,0.1373,1.0897,239,10.6930
02310947,aifs,14,-0.4875,0.0759,0.1073,1.1456,239,9.4011
02312200,aifs,14,-0.4842,-0.0072,0.0370,1.1234,239,11.0766
02314500,aifs,14,-0.3845,-0.0206,0.0408,0.9195,239,9.1103
02315500,aifs,14,-0.4779,0.0088,0.0470,0.9231,239,8.5972
02324400,aifs,14,-0.1330,0.0535,0.1752,0.8192,239,11.1126
02327100,aifs,14,-0.1832,0.0907,0.1752,0.8869,239,9.6308
02349900,aifs,14,-0.3854,-0.0041,0.0557,0.8896,239,11.1262
02350900,aifs,14,-0.7725,0.0111,0.0168,1.0188,239,9.9111
02361000,aifs,14,-0.8817,-0.0433,-0.0371,1.0582,239,9.7602
02363000,aifs,14,-0.7771,-0.0181,-0.0073,1.0766,239,10.4790
02369800,aifs,14,-0.2385,-0.1246,0.0163,0.7886,239,14.3663
02371500,aifs,14,-0.4845,0.0040,0.0399,1.0314,239,11.3704
02372250,aifs,14,-0.4929,0.0186,0.0505,0.9646,239,11.1569
02374500,aifs,14,-0.3918,-0.0032,0.0522,0.9275,239,11.8232
02381600,aifs,14,-0.3406,0.0471,0.1022,1.0901,239,11.6591
02384540,aifs,14,-0.4048,0.1324,0.1710,1.1860,239,10.3957
02395120,aifs,14,-0.4524,0.0742,0.1596,1.3519,239,9.0339
02408540,aifs,14,-0.2676,0.1232,0.1712,1.0344,239,10.6573
02415000,aifs,14,-0.2402,0.0698,0.1405,0.9395,239,11.3483
02422500,aifs,14,-0.4916,0.0678,0.1029,1.1658,239,10.6880
02427250,aifs,14,-0.7867,0.0275,0.0384,1.1239,239,10.2538
02430085,aifs,14,-0.6010,-0.0062,0.0841,1.3883,239,10.9202
02450250,aifs,14,-0.3731,0.0541,0.0988,1.0518,239,11.3170
02464000,aifs,14,-0.2588,-0.0006,0.0841,1.0428,239,12.6085
02465493,aifs,14,-0.4484,0.0854,0.1229,1.1648,239,10.2758
02469800,aifs,14,-0.4605,0.0893,0.1122,1.0324,239,10.9513
02472000,aifs,14,-0.2732,0.0454,0.1131,0.9747,239,11.8020
02472500,aifs,14,-0.2095,0.0388,0.1296,0.9041,239,12.5482
02479155,aifs,14,-0.1526,-0.0007,0.1225,0.8971,239,14.1705
02479300,aifs,14,-0.0490,-0.0703,0.1495,0.7474,239,17.9397
02481000,aifs,14,-0.0274,-0.1230,0.1503,0.6717,239,21.3301
02481510,aifs,14,-0.0840,-0.1025,0.1212,0.6915,239,18.0119
03010655,aifs,14,-0.2889,0.0178,0.0964,0.8695,239,7.5046
03011800,aifs,14,-0.2785,-0.0256,0.0666,0.8725,239,8.7448
03015500,aifs,14,-0.4592,0.0432,0.0747,1.0050,239,7.7862
03021350,aifs,14,-0.3603,-0.0244,0.0430,0.9207,239,8.7585
03026500,aifs,14,-0.3199,-0.0139,0.0633,0.8859,239,8.3468
03028000,aifs,14,-0.3343,-0.0248,0.0506,0.8964,239,8.6747
03049800,aifs,14,-0.4235,-0.0522,0.0057,0.9818,239,10.5635
03050000,aifs,14,-0.3486,-0.0695,0.0085,1.0057,239,10.7133
03066000,aifs,14,-0.2787,-0.0402,0.0511,0.9268,239,9.2871
03069500,aifs,14,-0.3685,-0.0318,0.0328,0.9993,239,9.0286
03070500,aifs,14,-0.6305,0.0040,0.0228,1.0586,239,9.7524
03076600,aifs,14,-0.3368,-0.0619,0.0197,0.9219,239,10.3870
03078000,aifs,14,-0.3192,-0.0420,0.0367,1.0055,239,10.1847
03140000,aifs,14,-0.5261,-0.0485,-0.0089,0.9660,239,8.7876
03144000,aifs,14,-0.4037,-0.1130,-0.0227,0.8060,239,10.3442
03159540,aifs,14,-0.4569,0.0385,0.0719,0.9615,239,11.2191
03161000,aifs,14,-0.7743,-0.0680,-0.0426,1.1619,239,9.0677
03164000,aifs,14,-0.8745,-0.0494,-0.0338,1.1492,239,8.1679
03165000,aifs,14,-0.5784,-0.0500,-0.0164,1.0621,239,8.9489
03170000,aifs,14,-0.7149,-0.0429,-0.0241,1.0824,239,7.3113
03173000,aifs,14,-0.9605,-0.0135,-0.0006,1.1590,239,6.9704
03180500,aifs,14,-0.5395,-0.0303,0.0189,1.1880,239,8.4441
03182500,aifs,14,-0.7241,-0.0424,-0.0062,1.2181,239,8.1380
03186500,aifs,14,-0.5226,-0.0155,0.0188,1.0414,239,9.1509
03187500,aifs,14,-0.5394,-0.0147,0.0185,1.0706,239,9.1035
03213700,aifs,14,-0.6013,-0.0094,0.0297,1.1926,239,8.9317
03237280,aifs,14,-0.9048,0.0143,0.0366,1.2080,239,10.7483
03237500,aifs,14,-0.8969,0.0194,0.0312,1.1500,239,10.8371
03241500,aifs,14,-0.3576,-0.1399,-0.0394,0.8502,239,11.6088
03280700,aifs,14,-0.7545,-0.0385,0.0392,1.3785,239,9.5820
03281100,aifs,14,-0.8375,-0.0141,0.0570,1.3703,239,9.3933
03281500,aifs,14,-0.8598,-0.0200,0.0467,1.3604,239,9.1433
03285000,aifs,14,-0.7254,-0.0765,-0.0284,1.2602,239,11.7672
03291780,aifs,14,-0.4086,-0.0477,0.0124,1.0280,239,12.2376
03300400,aifs,14,-0.6400,-0.0495,-0.0167,1.1405,239,12.3671
03340800,aifs,14,-0.2137,-0.1303,0.0155,0.8250,239,11.4085
03346000,aifs,14,-0.2712,-0.0106,0.0731,0.9671,239,9.8539
03364500,aifs,14,-0.2062,-0.2015,-0.0266,0.7681,239,14.5210
03366500,aifs,14,-0.4333,-0.0336,0.0187,1.0331,239,12.1210
03368000,aifs,14,-0.2585,-0.1457,-0.0064,0.7880,239,14.6277
03384450,aifs,14,-0.5704,-0.0677,-0.0073,1.2433,239,11.9164
03439000,aifs,14,-0.7795,0.0430,0.0571,1.1512,239,10.6229
03450000,aifs,14,-0.7398,-0.0218,0.0048,1.1842,239,8.6507
03455500,aifs,14,-0.8791,0.0727,0.0859,1.1543,239,9.9031
03456500,aifs,14,-0.7068,0.0397,0.0474,1.0493,239,8.8418
03460000,aifs,14,-0.7466,0.0067,0.0205,1.1159,239,9.5018
03463300,aifs,14,-0.5990,-0.0570,-0.0265,0.9985,239,10.0935
03471500,aifs,14,-0.8419,-0.0501,-0.0295,1.1710,239,8.2666
03473000,aifs,14,-0.8853,-0.0697,-0.0522,1.1555,239,8.6559
03479000,aifs,14,-1.0128,-0.0569,-0.0369,1.2012,239,8.5197
03488000,aifs,14,-0.7958,-0.0121,0.0158,1.2142,239,8.2830
03498500,aifs,14,-0.7768,0.0141,0.0357,1.1853,239,10.2316
03500000,aifs,14,-0.9220,0.0577,0.1388,1.3713,239,10.2539
03504000,aifs,14,-0.6172,0.0994,0.1101,1.0971,239,11.1135
03574500,aifs,14,-0.4549,0.1045,0.1502,1.2286,239,11.2066
03604000,aifs,14,-0.6609,-0.0007,0.0249,1.1536,239,12.5507
04015330,aifs,14,-0.3611,-0.0667,0.0080,0.9700,239,7.6066
04024430,aifs,14,-0.6380,-0.0376,-0.0120,1.0817,239,6.4395
04027000,aifs,14,-0.8585,-0.1113,-0.0505,1.3374,239,6.1892
04040500,aifs,14,-0.5907,-0.0993,-0.0603,1.0203,239,6.7217
04043050,aifs,14,-0.5992,0.0074,0.0276,1.0237,239,6.1615
04045500,aifs,14,-0.6810,-0.0632,-0.0203,1.2218,239,6.6215
04056500,aifs,14,-0.7242,-0.0365,-0.0015,1.2163,239,6.2564
04057510,aifs,14,-0.4854,0.0011,0.0383,1.0556,239,6.8133
04057800,aifs,14,-0.5622,-0.0849,-0.0445,1.0078,239,6.7366
04059500,aifs,14,-0.5667,-0.0104,0.0170,1.0418,239,6.4985
04063700,aifs,14,-0.4911,0.0670,0.1077,1.1972,239,5.8208
04074950,aifs,14,-0.4797,0.0180,0.0514,1.0028,239,6.4047
04105700,aifs,14,-0.3134,-0.0274,0.0527,0.9062,239,8.2599
04115265,aifs,14,-0.3028,-0.0205,0.0579,0.9506,239,8.2057
04122200,aifs,14,-0.2714,0.0281,0.1018,0.9500,239,8.1243
04122500,aifs,14,-0.3313,0.0311,0.0895,0.9543,239,7.8224
04124000,aifs,14,-0.0482,0.0293,0.2165,0.7220,239,8.8227
04127997,aifs,14,-0.2202,0.0007,0.1069,0.8365,239,8.5698
04185000,aifs,14,-0.4115,-0.0108,0.0478,0.8677,239,7.8149
04196800,aifs,14,-0.3954,-0.0186,0.0420,0.8959,239,8.3477
04197100,aifs,14,-0.3498,-0.0758,0.0071,0.9042,239,9.1871
04197170,aifs,14,-0.4029,-0.0331,0.0252,0.9610,239,8.4763
04213000,aifs,14,-0.4915,0.0080,0.0429,1.0541,239,7.8188
04213075,aifs,14,-0.3205,0.0142,0.0788,1.0296,239,8.2721
04216418,aifs,14,-0.2856,-0.0844,0.0407,0.7530,239,8.4044
04221000,aifs,14,-0.3622,-0.0007,0.0617,0.9067,239,7.2351
04224775,aifs,14,-0.2763,-0.0496,0.0500,0.8674,239,7.7817
04256000,aifs,14,-0.4610,0.1205,0.1396,1.0695,239,7.2211
04296000,aifs,14,-0.3212,0.0887,0.1495,1.1832,239,7.1773
05057000,aifs,14,-0.7351,-0.0349,-0.0025,1.2097,239,4.9216
05057200,aifs,14,-0.7064,-0.0243,0.0190,1.2562,239,4.5006
05062500,aifs,14,-0.3532,0.1298,0.1699,1.1483,239,5.1206
05087500,aifs,14,-0.2169,0.0809,0.1557,1.0803,239,5.8688
05120500,aifs,14,-0.7237,-0.0190,0.0188,1.2399,239,5.2816
05123400,aifs,14,-0.2970,0.0478,0.1106,0.9354,239,5.7278
05129115,aifs,14,-1.0088,-0.0905,-0.0288,1.3599,239,6.2674
05131500,aifs,14,-1.0715,-0.0647,-0.0114,1.3322,239,5.9817
05291000,aifs,14,-0.2332,-0.1332,-0.0054,1.0194,239,7.6235
05362000,aifs,14,-0.5519,-0.0205,0.0156,1.1153,239,6.4092
05393500,aifs,14,-0.4140,-0.0066,0.0441,1.0507,239,6.7001
05399500,aifs,14,-0.2601,-0.0457,0.0618,0.8286,239,7.9660
05408000,aifs,14,-0.1596,-0.1199,0.0688,0.6935,239,9.6941
05412500,aifs,14,-0.2531,-0.0872,0.0482,0.7431,239,8.4710
05413500,aifs,14,-0.1880,-0.1023,0.0628,0.7273,239,9.3963
05414000,aifs,14,-0.1547,-0.0555,0.1015,0.7660,239,9.0769
05444000,aifs,14,-0.3637,-0.0757,0.0007,0.9627,239,8.4463
05454000,aifs,14,-0.2736,-0.1582,-0.0216,0.7920,239,9.7648
05458000,aifs,14,-0.2339,-0.1113,0.0369,0.7385,239,8.7692
05466500,aifs,14,-0.1520,-0.1971,0.0255,0.6608,239,11.3282
05487980,aifs,14,-0.1452,-0.0737,0.0892,0.7879,239,9.6282
05488200,aifs,14,-0.1416,-0.1744,0.0245,0.7564,239,11.6639
05489000,aifs,14,-0.1035,-0.0955,0.1005,0.7526,239,10.6250
05495000,aifs,14,-0.1522,0.0791,0.1748,0.9130,239,7.9280
05495500,aifs,14,-0.1513,-0.0214,0.1131,0.8561,239,9.5102
05501000,aifs,14,-0.1232,-0.0223,0.1204,0.8939,239,10.6474
05503800,aifs,14,-0.2484,0.0667,0.1359,1.0562,239,8.8213
05507600,aifs,14,-0.4241,0.0941,0.1382,1.1940,239,7.8549
05508805,aifs,14,-0.4268,0.0838,0.1184,1.1178,239,7.7369
05514500,aifs,14,-0.3348,0.1098,0.1524,1.1043,239,8.2074
05525500,aifs,14,-0.2809,-0.1583,-0.0284,0.8236,239,9.2341
05556500,aifs,14,-0.1490,-0.1015,0.0781,0.7377,239,9.6605
05584500,aifs,14,-0.1046,-0.1381,0.0685,0.7647,239,11.9590
05585000,aifs,14,-0.1277,-0.1111,0.0691,0.8024,239,11.0431
05591550,aifs,14,-0.2580,-0.0831,0.0254,0.9276,239,10.2130
05592050,aifs,14,-0.3328,-0.0313,0.0428,1.0590,239,8.7979
05592575,aifs,14,-0.1604,-0.0001,0.1216,0.8798,239,10.4662
05593575,aifs,14,-0.2488,0.0921,0.1606,1.1361,239,9.2046
05593900,aifs,14,-0.2187,-0.0110,0.0894,0.9393,239,9.7281
05595730,aifs,14,-0.3322,0.0779,0.1380,1.1788,239,9.0414
06037500,aifs,14,-0.3735,0.1909,0.2419,1.2592,239,4.5742
06043500,aifs,14,-0.3657,0.1387,0.1814,1.1835,239,4.4441
06154410,aifs,14,-0.2327,-0.0183,0.0980,0.7742,239,5.3884
06188000,aifs,14,-0.5406,0.1752,0.2654,1.3747,239,3.7393
06191500,aifs,14,-0.5133,0.1772,0.2697,1.3791,239,3.7552
06221400,aifs,14,-0.8841,-0.0493,0.0062,1.3298,239,4.0207
06224000,aifs,14,-0.7963,-0.0643,-0.0118,1.3031,239,4.1496
06289000,aifs,14,-0.9753,-0.0716,0.0110,1.4120,239,4.0145
06332515,aifs,14,-0.9333,-0.0535,0.0691,1.4926,239,4.5908
06339100,aifs,14,-2.0323,-0.3192,-0.0375,1.7289,239,4.5598
06339500,aifs,14,-1.2061,-0.0898,0.0424,1.5047,239,4.6133
06344600,aifs,14,-1.1417,-0.1187,-0.0263,1.4439,239,5.0454
06350000,aifs,14,-1.4982,-0.0584,0.0706,1.4182,239,4.5863
06352000,aifs,14,-2.3190,-0.2619,0.0341,1.6102,239,4.5420
06353000,aifs,14,-1.9660,-0.1975,0.0643,1.5997,239,4.6062
06354000,aifs,14,-1.4188,-0.0535,0.1061,1.4784,239,4.5308
06360500,aifs,14,-1.6687,-0.1581,0.0597,1.5903,239,4.1381
06404000,aifs,14,-0.8809,-0.1130,0.0969,1.6505,239,4.5814
06406000,aifs,14,-0.9615,-0.0996,0.0906,1.6170,239,4.2855
06408700,aifs,14,-1.0404,-0.1019,-0.0094,1.4417,239,4.1496
06409000,aifs,14,-1.0638,-0.1044,0.0168,1.5027,239,4.1118
06431500,aifs,14,-0.9162,-0.1221,-0.0466,1.3905,239,4.4922
06440200,aifs,14,-0.5177,-0.0664,-0.0115,1.1663,239,5.2514
06441500,aifs,14,-0.9287,-0.0017,0.0247,1.2277,239,4.8538
06447000,aifs,14,-0.6591,0.0052,0.0425,1.2252,239,4.3806
06447500,aifs,14,-0.5824,-0.0181,0.0267,1.2094,239,5.0000
06450500,aifs,14,-0.4561,0.0338,0.0693,1.0599,239,5.5659
06452000,aifs,14,-0.5944,0.0410,0.0673,1.1545,239,4.5899
06453600,aifs,14,-0.1863,0.0010,0.1118,0.8911,239,5.8598
06464500,aifs,14,-0.2622,0.0189,0.0985,0.9290,239,6.9510
06477500,aifs,14,-0.3274,-0.0107,0.0586,1.0342,239,5.7670
06479215,aifs,14,-0.2160,-0.1389,-0.0025,1.0525,239,7.7376
06479438,aifs,14,-0.2475,-0.1270,-0.0030,1.0896,239,7.2785
06601000,aifs,14,-0.0700,-0.0003,0.1584,0.9166,239,7.7530
06614800,aifs,14,-0.1157,-0.0853,0.0847,0.8749,239,5.6813
06622700,aifs,14,-0.2300,0.0531,0.1302,0.9700,239,3.9580
06623800,aifs,14,-0.1898,0.1288,0.1980,1.0983,239,4.1826
06632400,aifs,14,-0.1811,0.0725,0.1592,1.0585,239,4.2198
06784000,aifs,14,-0.4023,0.0469,0.0869,0.9880,239,6.5042
06803510,aifs,14,-0.1869,-0.0672,0.0645,0.8829,239,8.9971
06803530,aifs,14,-0.2530,-0.0164,0.0741,0.9626,239,7.9331
06814000,aifs,14,-0.1327,0.0400,0.1549,0.9306,239,8.1228
06846500,aifs,14,-0.4154,0.1110,0.1444,1.1394,239,4.9641
06847900,aifs,14,-0.4391,-0.0117,0.0424,1.1394,239,6.0908
06853800,aifs,14,-0.2211,0.1298,0.1877,1.0589,239,5.9492
06876700,aifs,14,-0.0514,-0.1263,0.1172,0.7195,239,10.1926
06878000,aifs,14,-0.1111,0.0028,0.1425,0.8893,239,8.4579
06879650,aifs,14,-0.1448,-0.0452,0.1088,0.7876,239,10.3136
06885500,aifs,14,-0.1097,-0.0254,0.1353,0.8012,239,9.3120
06888500,aifs,14,-0.1742,-0.0626,0.0742,0.8672,239,10.8840
06889200,aifs,14,-0.1328,0.0161,0.1405,0.9094,239,9.6528
06889500,aifs,14,-0.1637,0.0319,0.1373,0.9451,239,9.4537
06892000,aifs,14,-0.1250,0.0747,0.1796,0.9457,239,9.8479
06903400,aifs,14,-0.0681,-0.0298,0.1562,0.7851,239,9.7885
06906800,aifs,14,-0.1651,0.0431,0.1535,0.8422,239,11.8563
06910800,aifs,14,-0.2565,-0.0289,0.0654,0.9310,239,10.6960
06911900,aifs,14,-0.2258,-0.0371,0.0715,0.8926,239,11.1580
06917000,aifs,14,-0.2303,0.0490,0.1288,0.9307,239,12.1800
06918460,aifs,14,-0.3308,-0.0316,0.0424,1.0418,239,11.5540
06919500,aifs,14,-0.2782,0.1119,0.1640,1.0936,239,10.7667
06921070,aifs,14,-0.2095,-0.0304,0.0820,0.8904,239,12.5509
06921200,aifs,14,-0.1558,0.0120,0.1267,0.9501,239,13.0265
06934000,aifs,14,-0.3336,0.0235,0.0846,1.0722,239,10.0355
07014500,aifs,14,-0.2422,-0.1368,-0.0070,0.8916,239,12.9613
07056000,aifs,14,-0.2393,-0.0588,0.0472,1.0171,239,9.9395
07057500,aifs,14,-0.3186,0.0090,0.0824,1.1334,239,9.5955
07060710,aifs,14,-0.2864,-0.1334,-0.0190,1.1059,239,10.6809
07066000,aifs,14,-0.3543,-0.0191,0.0543,1.1461,239,9.6685
07067000,aifs,14,-0.5278,-0.0371,0.0168,1.2014,239,9.0842
07068000,aifs,14,-0.6046,-0.0345,0.0190,1.2518,239,8.7464
07071500,aifs,14,-0.4500,0.0045,0.0634,1.2045,239,8.9437
07083000,aifs,14,-0.6547,-0.0852,0.0894,1.5731,239,3.7203
07142300,aifs,14,-0.2144,0.1285,0.2093,1.2278,239,5.7732
07145700,aifs,14,-0.0134,0.0487,0.2163,0.9696,239,11.7052
07148400,aifs,14,-0.7405,-0.0267,0.0361,1.3357,239,5.8849
07149000,aifs,14,-0.6213,0.0824,0.1727,1.3956,239,5.3857
07151500,aifs,14,-0.0455,0.1649,0.2711,1.1309,239,8.0460
07167500,aifs,14,-0.3457,0.1135,0.1651,1.1921,239,9.1619
07180500,aifs,14,-0.3578,0.0103,0.0698,1.0805,239,9.3849
07184000,aifs,14,-0.1791,-0.0249,0.0921,1.0248,239,14.1504
07195800,aifs,14,-0.2135,-0.0737,0.0472,1.0772,239,12.1233
07196900,aifs,14,-0.1923,0.0353,0.1403,1.1709,239,10.6521
07197000,aifs,14,-0.1551,0.0954,0.1866,1.1119,239,10.0958
07208500,aifs,14,-0.8962,-0.0945,0.0314,1.5075,239,3.5809
07226500,aifs,14,-0.5214,0.0278,0.1108,1.3550,239,3.0368
07261000,aifs,14,-0.5278,-0.1502,-0.0819,1.1652,239,10.6777
07263295,aifs,14,-0.4702,-0.1492,-0.0671,1.1905,239,11.1244
07290650,aifs,14,-0.3834,-0.0133,0.0475,1.0941,239,11.3092
07291000,aifs,14,-0.3345,0.0211,0.0827,1.0734,239,11.2461
07292500,aifs,14,-0.3104,0.0370,0.0992,1.0583,239,11.2307
07295000,aifs,14,-0.2194,0.0205,0.1115,1.0624,239,12.2230
07299670,aifs,14,-0.6792,-0.0763,-0.0027,1.3450,239,5.9211
07301410,aifs,14,-0.3482,-0.1434,-0.0229,1.2678,239,6.4920
07301500,aifs,14,-1.0402,-0.1883,-0.0451,1.5640,239,4.6350
07315200,aifs,14,-0.4973,-0.0553,-0.0089,1.0586,239,8.2712
07315700,aifs,14,-0.7464,-0.0792,0.0134,1.4166,239,7.8686
07335700,aifs,14,-0.1444,-0.0453,0.0981,0.8703,239,11.7391
07340300,aifs,14,-0.4203,-0.0208,0.0340,1.0891,239,9.9016
07346045,aifs,14,-0.5526,0.0432,0.1512,1.4279,239,9.0232
07359610,aifs,14,-0.3700,-0.0779,-0.0029,0.9842,239,10.8467
07362100,aifs,14,-0.7088,-0.1140,0.0481,1.5628,239,9.2691
07362587,aifs,14,-0.3519,-0.1288,-0.0374,1.0402,239,11.9398
07373000,aifs,14,-0.5564,-0.0524,0.0178,1.2881,239,11.3763
07375000,aifs,14,-0.2185,-0.0675,0.0480,0.9737,239,15.0497
07376000,aifs,14,-0.2390,-0.0292,0.0686,1.0141,239,13.2963
08013000,aifs,14,-0.3880,-0.0082,0.0596,1.1759,239,12.0162
08014500,aifs,14,-0.4690,-0.0102,0.0422,1.1655,239,12.0062
08023080,aifs,14,-0.4908,-0.0970,-0.0002,1.3290,239,11.3533
08025500,aifs,14,-0.3535,-0.0569,0.0258,1.1499,239,12.8128
08029500,aifs,14,-0.3964,-0.0712,-0.0003,1.0929,239,13.6492
08050800,aifs,14,-0.3438,-0.1231,-0.0303,0.9445,239,11.0908
08066200,aifs,14,-0.2753,-0.1040,0.0029,0.9650,239,15.5574
08066300,aifs,14,-0.1975,-0.1823,-0.0282,0.9719,239,19.4332
08070000,aifs,14,-0.5897,-0.0194,0.0325,1.2473,239,11.4554
08070200,aifs,14,-0.5826,-0.0279,0.0185,1.2090,239,11.6958
08079600,aifs,14,-0.5686,-0.0100,0.0498,1.2785,239,3.7826
08082700,aifs,14,-0.4849,-0.1533,-0.0616,1.2630,239,6.4714
08086212,aifs,14,-0.2775,-0.1370,-0.0220,0.9436,239,6.9598
08086290,aifs,14,-0.2974,-0.1068,-0.0062,0.9837,239,6.9813
08101000,aifs,14,-0.4862,0.0233,0.0879,1.2747,239,7.4723
08103900,aifs,14,-0.2083,0.0119,0.1078,0.9639,239,10.2225
08104900,aifs,14,-0.2183,-0.0437,0.0658,0.9500,239,11.6162
08109700,aifs,14,-0.2851,-0.0876,0.0227,1.1727,239,12.0476
08150800,aifs,14,-0.1463,-0.1640,0.0347,0.7258,239,11.4015
08155200,aifs,14,-0.4222,-0.0489,0.0295,1.2308,239,9.8875
08158700,aifs,14,-0.4971,-0.0594,0.0080,1.2311,239,9.5289
08158810,aifs,14,-0.5647,-0.0409,0.0121,1.2229,239,9.2670
08164000,aifs,14,-0.6018,-0.0723,-0.0037,1.2951,239,9.3958
08164300,aifs,14,-0.3157,-0.0644,0.0287,1.1449,239,11.0741
08164600,aifs,14,-0.5805,-0.0549,0.0128,1.2905,239,9.4060
08165300,aifs,14,-0.1755,-0.1117,0.0405,0.8493,239,10.3581
08171300,aifs,14,-0.4076,-0.0747,-0.0003,1.1484,239,10.0094
08175000,aifs,14,-0.3602,-0.0332,0.0367,1.0892,239,10.1631
08176900,aifs,14,-0.6909,-0.0862,-0.0247,1.3000,239,8.9782
08178880,aifs,14,-0.2245,-0.1762,-0.0304,0.8901,239,11.8146
08189500,aifs,14,-0.4876,-0.0332,0.0267,1.2080,239,9.0311
08190000,aifs,14,-0.1045,-0.2879,-0.0202,0.6564,239,15.1925
08190500,aifs,14,-0.1021,-0.2813,-0.0174,0.6716,239,14.4969
08194200,aifs,14,-0.2461,-0.1241,0.0069,0.8319,239,9.6733
08195000,aifs,14,-0.1318,-0.2370,-0.0158,0.7448,239,13.8767
08196000,aifs,14,-0.1132,-0.2710,-0.0260,0.7180,239,15.7577
08198500,aifs,14,-0.1662,-0.2233,-0.0275,0.7729,239,13.5721
08200000,aifs,14,-0.1707,-0.1847,-0.0106,0.8475,239,13.0845
08202700,aifs,14,-0.1450,-0.2031,-0.0017,0.7719,239,13.8671
08267500,aifs,14,-0.4320,-0.1396,-0.0646,1.0411,239,4.5485
08269000,aifs,14,-0.7665,-0.1108,-0.0439,1.3354,239,3.7444
08271000,aifs,14,-0.4003,-0.1467,-0.0638,0.9843,239,4.6834
08324000,aifs,14,-1.1464,-0.1637,-0.0393,1.5234,239,3.3888
08377900,aifs,14,-0.4951,-0.0150,0.0468,1.2380,239,4.6315
08378500,aifs,14,-0.6719,-0.0317,0.0394,1.3437,239,4.2658
08380500,aifs,14,-0.6635,0.0185,0.0859,1.3405,239,3.9780
09034900,aifs,14,-0.2797,-0.0129,0.0688,1.0225,239,4.4759
09035900,aifs,14,-0.4999,0.0531,0.1146,1.2801,239,3.5795
09047700,aifs,14,-0.5321,0.0257,0.1189,1.3804,239,3.4342
09065500,aifs,14,-0.5039,0.0428,0.1137,1.3103,239,3.6592
09066000,aifs,14,-0.7351,-0.0169,0.1339,1.5310,239,3.3494
09066200,aifs,14,-0.4749,0.0268,0.0931,1.2722,239,3.8369
09066300,aifs,14,-0.4878,0.0348,0.1028,1.2899,239,3.7500
09081600,aifs,14,-0.2090,0.0250,0.1675,1.3538,239,4.7900
09107000,aifs,14,-0.9546,-0.3084,0.1055,1.9549,239,3.4482
09210500,aifs,14,-0.5940,0.0088,0.0535,1.2319,239,2.9429
09223000,aifs,14,-0.5067,-0.0113,0.0415,1.2018,239,3.5269
09306242,aifs,14,-0.4421,0.0239,0.0875,1.2431,239,3.3955
09312600,aifs,14,-0.6231,-0.0445,0.0297,1.3358,239,3.9526
09352900,aifs,14,-0.4704,0.0086,0.0967,1.3417,239,5.3580
09378170,aifs,14,-0.3004,-0.0380,0.0536,0.8483,239,3.9806
09378630,aifs,14,-0.2727,-0.0574,0.0510,0.8161,239,4.1454
09386900,aifs,14,-0.7300,-0.0576,0.0281,1.3967,239,2.9947
09404450,aifs,14,-0.8915,0.0637,0.1418,1.3639,239,4.0216
09430500,aifs,14,-0.8992,0.0685,0.0793,1.1383,239,3.1533
09430600,aifs,14,-0.9317,0.0207,0.0246,1.0869,239,3.9734
09447800,aifs,14,-2.2787,-0.2721,-0.0003,1.6168,239,2.9728
09480000,aifs,14,-0.3619,0.0872,0.1257,0.9639,239,4.0541
09484000,aifs,14,-0.8996,0.0141,0.0758,1.3426,239,4.6065
09484600,aifs,14,-0.5977,0.0603,0.0756,1.0810,239,3.8744
09492400,aifs,14,-0.4034,0.0405,0.0863,0.8965,239,5.6256
09494000,aifs,14,-0.8806,0.0539,0.0608,1.1139,239,4.6693
09497800,aifs,14,-2.0780,-0.1690,0.0995,1.5243,239,4.6621
09497980,aifs,14,-1.6166,-0.0226,0.1801,1.4084,239,5.1057
09505200,aifs,14,-1.2070,-0.0086,0.2501,1.5716,239,4.2869
09505350,aifs,14,-1.0800,0.0213,0.2530,1.5536,239,4.2864
09505800,aifs,14,-1.2192,-0.0098,0.2463,1.5681,239,4.6369
09508300,aifs,14,-1.4552,-0.0356,0.2766,1.5472,239,4.6948
09510200,aifs,14,-1.4326,-0.1905,0.2096,1.7921,239,4.6737
09512280,aifs,14,-1.5658,-0.6393,0.2558,2.3726,239,4.2823
09513780,aifs,14,-2.0541,-0.7011,0.2474,2.3729,239,4.0941
10023000,aifs,14,-0.3702,-0.0411,0.0298,1.1062,239,4.2051
10166430,aifs,14,-0.4220,-0.0170,0.0361,0.9189,239,4.2685
10172700,aifs,14,-0.5854,-0.0040,0.0297,1.1544,239,3.4401
10172800,aifs,14,-0.3513,-0.0438,0.0388,0.8326,239,4.2540
10173450,aifs,14,-0.4679,0.1410,0.1568,1.0811,239,4.4084
10205030,aifs,14,-0.4297,-0.0053,0.0416,1.0328,239,3.6394
10234500,aifs,14,-0.5259,-0.0169,0.0165,0.9851,239,4.3334
10242000,aifs,14,-0.3983,0.1454,0.1652,0.9941,239,4.5089
10244950,aifs,14,-0.7449,0.0112,0.0616,1.3009,239,3.7746
10249300,aifs,14,-0.7548,0.0681,0.1814,1.4415,239,2.9972
10258000,aifs,14,-0.0600,0.1396,0.3645,1.5425,239,3.6649
10258500,aifs,14,-1.5295,-0.6857,0.2898,2.4301,239,2.8980
10259000,aifs,14,-0.4003,0.0818,0.2761,1.5635,239,3.2677
10259200,aifs,14,-1.4784,-0.8861,0.3095,2.6704,239,3.1585
10263500,aifs,14,0.0474,0.0107,0.2628,0.7227,239,5.7748
10310500,aifs,14,-0.8253,0.1148,0.2136,1.3811,239,4.9142
10316500,aifs,14,-0.2111,-0.0017,0.1102,0.8170,239,4.0923
10329500,aifs,14,-0.2365,-0.0131,0.0932,0.8210,239,3.6427
10336645,aifs,14,-0.2096,0.2484,0.2749,1.0511,239,9.0416
10336660,aifs,14,-0.1678,0.2191,0.2620,0.9582,239,9.6718
10343500,aifs,14,-0.3381,0.2298,0.2493,1.1248,239,6.2528
10348850,aifs,14,-0.0217,-0.0030,0.2254,0.6332,239,9.2177
10396000,aifs,14,-0.3615,-0.1169,0.0074,0.6839,239,3.9226
11098000,aifs,14,0.0245,-0.0696,0.2264,0.6066,239,8.0758
11124500,aifs,14,-0.0293,0.0847,0.2316,0.8733,239,7.0430
11141280,aifs,14,-0.0515,0.1242,0.2678,0.7127,239,6.4731
11143000,aifs,14,-0.1150,-0.0274,0.2000,0.5126,239,10.7011
11148900,aifs,14,-0.5742,0.1513,0.1691,0.8362,239,6.8622
11151300,aifs,14,-0.9853,0.1558,0.1796,1.0643,239,5.2752
11162500,aifs,14,-0.2063,0.0922,0.2021,0.6942,239,6.9762
11176400,aifs,14,-0.9896,0.1526,0.1978,1.1729,239,4.7810
11180500,aifs,14,-0.5305,0.2438,0.2463,1.0594,239,4.7230
11180960,aifs,14,-0.2505,0.2210,0.2594,0.8366,239,5.1253
11224500,aifs,14,-0.9724,0.1461,0.1621,1.0323,239,4.5788
11253310,aifs,14,-1.4778,0.0473,0.1433,1.1981,239,4.1831
11264500,aifs,14,-1.3299,-0.0912,0.1878,1.6431,239,7.2556
11266500,aifs,14,-1.1598,-0.0280,0.1836,1.5656,239,7.5270
11274500,aifs,14,-1.2286,0.1072,0.1733,1.1638,239,4.8324
11274630,aifs,14,-1.3429,0.0665,0.1717,1.2619,239,4.5058
11284400,aifs,14,-0.5999,0.1926,0.2307,1.2423,239,6.4222
11299600,aifs,14,-0.5711,0.1938,0.2149,1.1831,239,6.2179
11381500,aifs,14,0.0593,0.1836,0.3474,0.7378,239,8.7893
11383500,aifs,14,0.0714,0.1951,0.3601,0.7331,239,8.8667
11451100,aifs,14,0.1773,0.2639,0.4532,0.7074,239,4.7079
11468500,aifs,14,0.0676,0.2966,0.3926,0.8384,239,6.4613
11473900,aifs,14,0.1772,0.2426,0.4438,0.7238,239,6.2415
11475560,aifs,14,0.1674,0.0225,0.4274,0.4881,239,11.9346
11476600,aifs,14,-0.0404,0.3050,0.3523,0.9314,239,7.5096
11478500,aifs,14,-0.0156,0.2892,0.3533,0.8888,239,7.4428
11480390,aifs,14,0.0870,0.2738,0.3885,0.8498,239,6.6438
11481200,aifs,14,-0.1566,0.2390,0.2780,0.9683,239,8.5625
11482500,aifs,14,-0.0956,0.2108,0.2820,0.8707,239,9.3367
11522500,aifs,14,-0.1877,0.2973,0.3192,1.0990,239,6.5190
11523200,aifs,14,-0.0740,0.1761,0.2812,0.7750,239,6.8279
11528700,aifs,14,0.0222,0.2880,0.3671,0.8707,239,5.9945
11532500,aifs,14,-0.2404,0.1499,0.1978,0.9366,239,12.3373
12010000,aifs,14,-0.7155,0.1261,0.1330,0.8915,239,14.9568
12013500,aifs,14,-1.0930,0.1103,0.1329,1.0707,239,12.9555
12020000,aifs,14,-1.3948,0.0500,0.1165,1.1781,239,11.6032
12025000,aifs,14,-1.1293,0.0633,0.0807,1.1053,239,10.5360
12025700,aifs,14,-1.6313,-0.0688,0.0713,1.4071,239,10.5503
12035000,aifs,14,-0.6085,0.2233,0.2244,0.9806,239,14.0506
12040500,aifs,14,-0.5090,0.2429,0.2440,0.9599,239,15.6667
12041200,aifs,14,-0.4035,0.2080,0.2245,0.8778,239,16.6026
12043000,aifs,14,-0.3638,0.2275,0.2407,0.9113,239,12.8871
12048000,aifs,14,-1.6767,-0.2555,0.1210,1.8162,239,8.5801
12054000,aifs,14,-0.5980,0.1357,0.1684,1.2311,239,11.3093
12056500,aifs,14,-0.6381,0.1952,0.2042,1.1169,239,15.1970
12073500,aifs,14,-0.9012,0.1120,0.1825,1.3169,239,7.8521
12082500,aifs,14,-1.1086,0.0586,0.1065,1.2502,239,13.9322
12092000,aifs,14,-0.9600,0.0667,0.0865,1.1790,239,13.5559
12095000,aifs,14,-1.3288,-0.0144,0.1025,1.4042,239,11.2859
12114500,aifs,14,-0.4653,0.1081,0.1320,0.8923,239,13.9873
12115000,aifs,14,-0.4755,0.1081,0.1300,0.9010,239,13.9640
12115500,aifs,14,-0.4823,0.1117,0.1291,0.9420,239,14.0421
12117000,aifs,14,-0.4803,0.1238,0.1401,0.9317,239,13.8841
12141300,aifs,14,-0.3799,0.1308,0.1654,0.8616,239,15.7032
12143600,aifs,14,-0.4301,0.1405,0.1595,0.9322,239,15.0187
12144000,aifs,14,-0.4870,0.1492,0.1589,0.9745,239,14.3387
12145500,aifs,14,-0.5836,0.1568,0.1590,0.9937,239,11.6736
12147600,aifs,14,-0.2189,0.1137,0.1980,0.7776,239,18.0792
12167000,aifs,14,-0.3412,0.2254,0.2404,1.0799,239,13.0220
12175500,aifs,14,-0.8373,0.1525,0.2044,1.2587,239,10.7142
12186000,aifs,14,-0.4744,0.2277,0.2298,1.0364,239,14.1515
12189500,aifs,14,-0.6756,0.2039,0.2311,1.1900,239,12.7010
12358500,aifs,14,-0.3619,0.0204,0.0877,0.8249,239,8.0817
12377150,aifs,14,-0.1897,0.0208,0.1790,0.6386,239,7.2416
12381400,aifs,14,-0.2267,0.0764,0.1868,0.7079,239,6.6156
12390700,aifs,14,-0.9817,0.0842,0.1098,1.1892,239,6.4811
12411000,aifs,14,-0.8893,0.0983,0.1365,1.2461,239,7.5914
12414500,aifs,14,-0.7952,0.1009,0.1119,1.1400,239,7.5478
12447390,aifs,14,-2.2995,-0.5093,0.0293,2.0440,239,5.0385
12451000,aifs,14,-1.9591,-0.1908,0.1811,1.6560,239,9.6205
12488500,aifs,14,-1.0095,0.0614,0.0891,1.2058,239,11.4622
13011500,aifs,14,-0.4123,0.1410,0.2787,1.4624,239,4.3402
13011900,aifs,14,-0.3317,0.1741,0.2505,1.3157,239,4.0601
13018300,aifs,14,-0.3233,0.1332,0.2351,1.3684,239,4.2571
13023000,aifs,14,-0.5602,0.0447,0.1099,1.3124,239,3.8341
13161500,aifs,14,-1.0062,-0.1487,0.0835,1.6897,239,3.0160
13235000,aifs,14,-0.5659,-0.0135,0.0142,1.0293,239,5.4853
13240000,aifs,14,-0.4196,-0.0622,0.0087,0.8421,239,6.7955
13310700,aifs,14,-0.7067,0.0097,0.0229,1.0841,239,5.7077
13313000,aifs,14,-0.4076,-0.0211,0.0416,0.8567,239,6.2066
13331500,aifs,14,-0.4021,-0.1234,-0.0411,0.8903,239,5.9433
13337000,aifs,14,-0.5000,0.1310,0.1420,0.9869,239,7.3370
13338500,aifs,14,-0.8425,-0.0299,0.0056,1.2548,239,6.2451
13340000,aifs,14,-0.6004,0.0799,0.0916,1.0694,239,6.3984
13340600,aifs,14,-0.5100,0.1119,0.1248,0.9842,239,8.2727
14020000,aifs,14,-0.3337,-0.0990,-0.0044,0.8761,239,5.6074
14092750,aifs,14,-0.9333,0.0998,0.1321,1.2156,239,7.8445
14096850,aifs,14,-1.1109,-0.0640,0.0937,1.5402,239,5.0580
14137000,aifs,14,-0.6940,0.0881,0.0953,1.0929,239,11.1674
14138800,aifs,14,-0.4469,0.0389,0.0816,0.8629,239,14.0889
14138870,aifs,14,-0.4756,0.0574,0.0873,0.9125,239,14.7385
14138900,aifs,14,-0.3201,0.0054,0.0931,0.7765,239,16.5459
14139800,aifs,14,-0.5051,0.0623,0.0893,0.8929,239,14.4677
14141500,aifs,14,-0.7052,0.0873,0.0906,1.0430,239,13.1681
14154500,aifs,14,-1.2419,0.0624,0.1645,1.3184,239,8.3986
14158500,aifs,14,-0.9475,0.1342,0.1657,1.1764,239,9.9333
14158790,aifs,14,-0.4985,0.1396,0.1548,0.8974,239,11.1524
14166500,aifs,14,-0.4627,0.2026,0.2410,1.2407,239,7.7270
14182500,aifs,14,-1.0602,0.0696,0.1415,1.3151,239,11.6993
14185000,aifs,14,-1.3809,0.0156,0.1554,1.3858,239,11.1279
14185900,aifs,14,-0.9883,0.1048,0.1389,1.2021,239,12.2232
14187000,aifs,14,-1.1224,0.0863,0.1579,1.2769,239,10.9401
14216500,aifs,14,-1.1650,0.0527,0.0980,1.2292,239,13.7470
14222500,aifs,14,-0.3888,0.0395,0.0939,0.8451,239,17.6343
14236200,aifs,14,-1.0418,0.0696,0.0938,1.1758,239,12.3251
14301000,aifs,14,-0.6405,0.1300,0.1323,1.0296,239,11.4923
14303200,aifs,14,-0.2859,0.0941,0.1569,0.8387,239,13.2297
14305500,aifs,14,-0.0955,0.1427,0.2515,0.7858,239,14.4635
14306340,aifs,14,-0.4109,0.2060,0.2152,1.0518,239,8.4439
14306500,aifs,14,-0.4028,0.2235,0.2347,1.0960,239,9.0834
14308990,aifs,14,-0.7134,0.1295,0.1964,1.3300,239,5.8994
14309500,aifs,14,-0.2993,0.2206,0.2383,1.0103,239,7.7016
14316700,aifs,14,-1.3001,0.0551,0.1666,1.3194,239,8.0737
14325000,aifs,14,-0.3598,0.1499,0.1768,0.9251,239,9.8285
14362250,aifs,14,-0.5625,0.0882,0.2050,1.4456,239,5.2192
14400000,aifs,14,-0.4175,0.0927,0.1222,0.9356,239,13.5098
