gauge_id,tsnow,ddf,ft,wm,b,im,ke,fc,ksoil,hmaxaq,gwc,gwe,qc,lf,nshape,kmult,area_km2,train_nse,test_nse,test_kge
01013500,0.933238,5.15311,0.912595,94.1794,7.51265,0.0312863,0.965846,0.000752097,0.268781,569.353,1.38202,6.01841,0.0703627,0.0735144,2.14343,0.83278,2260.09,0.930865,0.902919,0.906527
01022500,-1.65788,1.52603,0.94813,43.5811,7.82265,0.0511357,0.891236,0.00756145,0.20819,257.302,0.0679604,4.08149,0.394498,0.0240049,2.68358,1.49462,587.676,0.84486,0.7563,0.850689
01030500,-0.191883,2.54364,0.0671969,1703.84,0.13092,0.429686,0.945159,0.00496503,0.0671846,32.7556,0.0119501,7.72104,0.245259,0.0565844,3.11817,1.31252,3671.03,0.893745,0.840299,0.90672
01031500,-1.2153,1.95072,0.949326,76.2457,6.78418,0.0015034,0.97563,0.00018095,0.0568158,629.885,0.115563,1.76503,0.550588,0.00151788,2.77822,0.757868,771.487,0.848394,0.789595,0.885837
01047000,-1.12997,2.29209,0.928052,117.051,4.66079,0.281421,0.816024,2.48534,0.0239601,22.7088,1.21499,7.99581,0.283357,0.00345946,2.65182,1.02624,913.875,0.81416,0.789528,0.816768
01052500,-0.680014,3.07962,0.141104,39.7885,0.536461,0.281592,0.938715,3.26092,0.0356012,294.248,0.0260446,1.78188,0.0500267,0.0188725,2.15504,1.97344,393.51,0.840589,0.773845,0.863827
01054200,-1.29313,2.13856,0.161193,180.311,3.55011,0.174532,0.939188,3.31068,0.0173318,2123.73,0.0801677,1.69936,0.209597,0.00765642,1.28529,0.358623,180.186,0.632338,0.600813,0.59237
01055000,-0.824996,3.01464,0.224243,89.5812,0.279906,0.450074,0.841625,0.722619,0.00427242,54.2538,0.0150717,2.81936,0.0597016,0.00734737,1.63735,1.78776,250.863,0.723999,0.565355,0.641884
01057000,-1.16513,2.10967,0.187056,96.1797,5.05028,0.000165146,1.04136,0.00133626,0.0388954,172.732,0.0114471,5.11166,0.44317,0.0658449,1.47989,0.359499,190.283,0.84354,0.728598,0.806841
01073000,-0.595369,2.23449,0.949922,67.1259,9.86993,0.0296987,0.997824,0.000543339,0.499824,253.153,0.01016,7.05826,0.730981,0.0370729,2.14234,0.452408,31.3255,0.849914,0.763734,0.881598
01078000,-0.60399,2.59943,0.0448007,59.5662,0.87847,0.000969061,1.20773,0.000525908,0.0749231,275.712,0.0133152,5.55516,0.418961,0.0631453,4.45613,0.910301,222.126,0.821386,0.700126,0.780816
01118300,-0.450119,1.26751,0.406152,425.721,5.05166,0.291964,0.874796,3.576,0.0429488,216.208,0.111156,1.99298,0.407097,0.0227563,3.06401,0.973237,10.4073,0.826389,0.741337,0.839963
01121000,0.428308,3.05699,0.13033,135.563,0.328096,0.182133,0.954815,2.78239,0.028688,203.725,0.129174,2.2642,0.331759,0.0213533,2.3886,0.44463,74.042,0.816958,0.610453,0.784575
01123000,-0.213493,2.7638,0.629607,147.033,0.304855,0.288812,0.883549,3.09115,0.00846915,73.8125,0.0538025,2.62678,0.0526086,0.198828,1.62685,3.97885,77.6664,0.817364,0.698185,0.842402
01134500,0.727602,4.48439,0.0420715,385.998,3.86904,0.447548,1.05626,0.131015,0.0557246,151.258,0.0251205,4.20667,0.527791,0.00489044,4.16702,1.18825,194.684,0.759072,0.678801,0.779981
01137500,-0.150657,2.51474,0.935285,64.13,9.6318,0.265453,1.17228,1.90279,0.499638,423.654,4.322,1.56612,0.492991,0.000112941,2.77527,0.320757,226.786,0.717367,0.608092,0.778468
01139000,-0.597142,1.99914,0.097262,143.857,3.24392,0.313998,0.962132,2.56677,0.0208372,192.164,0.0349696,2.83604,0.0872991,0.00266828,2.54878,1.90571,254.746,0.819895,0.734312,0.809815
01139800,0.35422,3.58052,0.229051,500.218,0.375626,0.112179,1.06855,0.0142445,0.436219,498.083,0.933465,5.60389,0.906968,0.000681127,4.01235,0.626727,23.1705,0.759589,0.667595,0.786564
01142500,-0.0597997,3.13674,0.100743,244.349,3.38219,0.241677,0.968988,2.77369,0.0387125,255.225,0.161124,1.54965,0.189718,0.00244297,1.72361,2.52854,78.9609,0.795406,0.699918,0.77099
01144000,-0.0599852,2.8906,0.671723,256.982,7.66014,0.309018,0.995052,2.30004,0.0306228,79.5739,0.0130338,3.93936,0.260807,0.000100867,2.61332,0.622031,1786.33,0.811917,0.74492,0.827156
01169000,-0.754999,1.76743,0.135783,49.5872,0.432192,0.301668,1.07114,3.69595,0.0664077,164.328,0.0107298,5.64279,0.194657,0.0103005,2.66801,0.171766,230.41,0.777515,0.611306,0.782017
01170100,-0.580751,1.9172,0.105123,88.9488,1.03825,0.310761,0.948011,4.20946,0.0426878,167.211,0.011415,4.2789,0.122687,0.0521178,1.80458,1.57553,107.18,0.751799,0.699182,0.801316
01181000,-0.710336,2.47833,0.148288,79.8971,0.390526,0.270338,1.08315,4.37275,0.0379138,98.8769,0.0106923,5.63541,0.289494,0.000729985,1.52761,0.524773,243.355,0.773038,0.69261,0.819122
01187300,-0.789903,2.30097,0.0736864,175.965,0.333864,0.265597,1.03516,2.84888,0.00686968,64.6923,0.0180342,4.07246,0.174415,0.0653005,3.73277,1.74156,51.5187,0.752786,0.699271,0.741816
01195100,-0.750062,1.39693,0.04431,232.664,0.236581,0.216048,1.02524,1.52258,0.00544406,50.4045,0.0101107,3.60951,0.106602,0.0941461,4.17219,3.21406,14.7048,0.772249,0.617396,0.747429
01333000,-1.12117,2.66112,0.337807,96.5019,3.16138,0.21007,0.98724,0.899772,0.433567,226.514,0.0334618,5.66275,0.394651,0.000224242,2.62848,0.408195,110.286,0.746556,0.686819,0.790161
01350000,-0.810297,2.98753,0.87057,100.338,4.1949,0.282336,1.0149,2.8046,0.0559806,226.428,0.390383,0.811841,0.324188,0.0735192,1.68972,0.305036,613.565,0.769777,0.630787,0.694349
01350080,-0.57704,3.82012,0.942892,159.837,7.27844,0.117754,1.08174,0.0174677,0.442257,147.149,0.131514,4.9854,0.970551,0.220613,1.88474,0.523043,83.8797,0.724236,0.561415,0.494688
01350140,-0.028193,3.72953,0.764217,416.667,4.03926,0.450432,1.23726,1.192,0.0024605,33.8401,0.713596,8.53831,0.220384,0.00133588,1.21341,0.659316,41.9399,0.668991,0.471822,0.495019
01365000,-0.478155,3.46776,0.945786,65.6088,8.8132,0.243223,0.835294,4.1841,0.484017,251.309,0.0511423,5.00254,0.250777,0.0219823,1.72333,0.141141,99.1541,0.707292,0.596904,0.713646
01411300,0.429918,2.22968,0.00784387,623.015,0.151403,0.00627885,0.829024,0.00044428,0.00227163,102.098,0.0663701,2.7826,0.282295,0.165933,7.28591,1.08674,79.7375,0.780192,0.64342,0.602541
01413500,-0.922219,3.05857,0.94409,113.202,9.24817,0.0532801,1.0672,0.000616073,0.499086,253.633,0.0105659,7.7629,0.839313,0.107675,1.99078,0.412264,421.988,0.776185,0.648551,0.614293
01414500,-0.737361,3.31728,0.470856,1340.3,2.7461,0.331884,1.08817,0.0110037,0.0553621,27.2024,0.0301602,7.18656,0.631829,0.0769502,2.02984,0.548197,65.2398,0.664276,0.564681,0.602136
01415000,-0.865411,3.25497,0.412548,39.4625,0.743462,0.299825,1.24451,2.51247,0.495096,265.797,0.0120314,6.1995,0.252052,0.129898,3.05818,1.43429,85.9509,0.730781,0.597711,0.643565
01423000,-0.718688,3.90462,0.944398,56.8736,1.72229,0.122696,1.07856,4.28335,0.497404,205.904,0.0101011,6.84474,0.37374,0.0854049,1.85424,1.17513,859.508,0.839651,0.689045,0.718568
01434025,-0.341558,5.02433,0.904188,85.3319,0.0556104,0.290054,1.04012,0.664965,0.131597,61.4574,0.0148971,7.25397,0.991248,0.135244,2.36136,0.768175,9.63064,0.621146,0.541195,0.60733
01435000,-0.991662,2.9936,0.70342,15.3955,1.84333,0.466392,0.974781,3.42067,0.497653,136.881,0.0240102,3.89403,0.06899,0.00613525,1.52806,0.421686,172.419,0.722625,0.597827,0.655258
01439500,-0.965147,1.93134,0.94781,82.6547,0.0642097,0.182939,0.820135,0.000679259,0.0541809,145.9,0.0137682,4.42851,0.395995,0.0874742,1.76253,0.313772,302.899,0.860797,0.689352,0.736096
01440000,-0.626143,1.79655,0.9497,113.684,9.97352,0.159832,0.786605,4.30551,0.499329,174.79,0.0351678,4.75117,0.452297,0.171394,1.96825,0.168451,165.688,0.812902,0.787184,0.803029
01440400,-0.855619,1.73339,0.949637,79.0843,0.381036,0.141905,0.825046,2.69334,0.0585831,219.892,0.0264288,3.12219,0.317939,0.0967733,1.04337,3.16356,170.607,0.773452,0.546428,0.676523
01451800,-1.03,4.3017,0.536008,48.0213,1.87867,0.217321,0.711989,3.05682,0.49568,126.66,0.0182522,5.11255,0.258895,0.134154,1.56144,1.9293,137.211,0.835537,0.665907,0.775851
01466500,1.49997,3.68339,0.13567,259.896,0.646816,0.061372,1.36147,2.62284,0.498367,1197.36,0.085538,3.55874,0.121362,0.136853,5.11598,3.82275,6.08387,0.788364,0.579904,0.703047
01484100,-0.242151,2.7916,0.0620364,309.027,0.177366,0.210038,0.997202,2.47629,0.00480424,131.909,0.0511336,3.64836,0.050376,0.0376609,3.74902,3.86571,7.81842,0.764311,0.614815,0.661127
01485500,-1.02582,1.00184,0.231128,227.538,0.203363,0.254663,0.767246,3.53789e-05,0.00245557,24.8548,0.0321809,2.90555,0.368959,0.177132,5.39447,1.80754,116.241,0.832619,0.810863,0.791589
01486000,-1.98787,1.00095,0.152979,315.402,0.227162,0.000204376,0.694739,0.000213279,0.00268209,83.2317,0.104523,0.903045,0.440235,0.26089,1.75674,0.271259,12.4266,0.640087,0.814643,0.79406
01487000,0.190899,4.3805,0.248053,131.518,8.66735,0.0620832,0.795131,1.51014,0.499775,513.786,0.0108977,5.7816,0.106975,0.137756,4.78492,1.19138,195.202,0.802089,0.848395,0.916457
01491000,-0.996719,1.68152,0.945437,224.238,0.279843,0.337392,0.817643,2.53491,0.00319062,23.4985,0.115533,1.96371,0.1454,0.0434802,4.51696,1.46279,292.544,0.703996,0.682686,0.690029
01510000,-0.376419,3.27381,0.88961,31.6745,0.890964,0.230541,0.99146,3.32847,0.240042,145.217,0.0180004,5.45658,0.31112,0.000194805,1.51905,1.99455,380.566,0.807293,0.683243,0.783895
01516500,-1.41226,2.32473,0.535561,141.849,0.300497,0.370385,0.963959,2.9618,0.00442457,108.455,0.117845,1.30176,0.126405,0.316039,2.49199,2.08878,31.5843,0.644731,0.426218,0.448129
01518862,0.391849,4.42358,0.832464,180.81,8.42637,0.396574,0.987686,3.01791,0.00582619,11.6327,0.0105486,4.24763,0.173519,0.0908006,1.59846,1.93262,234.553,0.649246,0.578756,0.6567
01532000,-0.816379,2.88161,0.947262,51.8653,3.47405,0.170967,0.998707,4.47309,0.492667,114.077,0.0104195,6.47771,0.649064,0.116243,1.85527,0.228911,556.609,0.783374,0.498906,0.562479
01539000,-0.507481,2.31763,0.934246,39.6685,0.19678,0.235359,0.887879,3.01978,0.142927,181.097,0.0120444,5.07764,0.410312,0.000331783,1.91524,0.969893,709.353,0.856678,0.680377,0.830325
01542810,-0.475009,2.93284,0.94962,70.7878,0.235168,0.000309795,0.934097,5.79085e-05,0.0152763,8.03432,0.0145237,5.41756,0.512507,0.141337,1.98332,1.00495,13.5657,0.7333,0.678872,0.75928
01543000,-0.484981,2.6304,0.12201,116.549,0.164906,0.258582,0.957861,2.95418,0.00624133,108.893,0.020481,0.967137,0.118324,0.025073,1.25549,3.61565,704.176,0.843824,0.706906,0.821518
01543500,-0.963122,2.09561,0.811081,39.9792,0.242989,0.0463636,0.956239,0.000724769,0.155294,337.312,0.0131204,4.0076,0.977989,0.0571066,1.38985,1.53991,1773.38,0.863889,0.720674,0.842043
01544500,-0.795347,2.7626,0.948053,116.049,5.55942,2.87641e-05,0.917669,0.0031182,0.499968,121.057,0.0104011,7.54722,0.896576,0.147918,2.86455,0.623674,352.088,0.826409,0.707159,0.711034
01545600,-1.00126,2.22189,0.947763,130.105,9.82703,0.000156505,0.901201,0.000761947,0.499433,127.429,0.0161639,6.71136,0.959156,0.216862,4.35561,1.02175,119.606,0.819,0.719878,0.68566
01547700,-0.590051,2.00444,0.947087,49.1837,0.556639,0.011966,0.911498,0.0007164,0.199566,330.932,0.0701018,2.43719,0.935671,0.000202653,1.20942,0.435169,114.17,0.83078,0.635722,0.79844
01548500,-0.839893,2.47953,0.932984,46.7737,0.394894,0.0453592,0.875535,4.40813,0.126884,287.852,0.201255,1.3578,0.403482,0.187328,1.44214,1.73481,1563.68,0.865501,0.689078,0.733952
01549500,-0.917864,2.41195,0.949688,65.9913,9.90403,0.0742271,0.944632,0.000551141,0.48961,122.566,0.0110429,6.62001,0.897947,0.218393,1.99577,0.480935,97.6008,0.787859,0.628888,0.571876
01550000,-0.716253,2.37764,0.942702,54.8335,6.24794,0.0770805,0.905916,4.45892,0.498395,121.144,0.0102489,6.60964,0.40075,0.155908,2.83515,0.853728,447.876,0.816269,0.624375,0.627198
01552000,-0.941477,2.27542,0.94971,39.0744,1.15476,0.000686061,1.00104,0.000660037,0.496193,145.627,0.0119337,6.91064,0.795831,0.100659,1.35504,0.179956,1126.16,0.894051,0.740708,0.770062
01552500,-1.19817,1.81305,0.942585,58.6212,9.2224,0.113344,0.952811,0.0077242,0.472945,113.208,0.0115004,6.63754,0.897432,0.0636741,1.88431,0.431287,61.6154,0.775082,0.550026,0.710567
01557500,-0.680868,1.88794,0.949339,68.6832,0.313252,0.444788,0.824135,3.10288,0.00840672,35.9552,0.0145425,3.26524,0.108462,0.000356652,1.50071,3.93039,114.17,0.791751,0.673934,0.824638
01567500,-0.120981,5.04001,0.945684,59.2319,0.0781347,0.177634,0.909072,3.82139,0.0959601,486.131,0.0217104,4.15253,0.531452,0.0231605,3.09248,0.551905,38.8332,0.774826,0.559527,0.652345
01568000,-1.08991,1.46166,0.949675,51.7615,0.558867,0.055553,0.791175,4.8716,0.131278,220.356,0.0694864,2.92276,0.533611,0.175288,1.14655,1.82836,535.898,0.846934,0.694559,0.737018
01580000,-1.97963,4.35344,0.0462628,197.512,1.48974,0.0721537,1.05543,3.79372,0.0790891,498.277,0.1885,2.35543,0.242655,0.0978414,2.18138,0.296636,244.39,0.761505,0.623726,0.660344
01583500,-1.99956,6.59483,0.0239066,383.995,3.34726,0.0697801,1.17267,3.87583,0.0463934,558.458,0.0788689,3.23115,0.150716,0.0122722,3.16565,0.363979,154.815,0.652652,0.593458,0.603601
01586610,-1.955,1.05302,0.0408343,386.759,0.114274,0.0430432,0.989642,1.66012,0.00471896,162.059,0.0377235,3.46161,0.887041,0.057597,1.61258,2.3665,72.4887,0.669217,0.45077,0.629318
01591400,-1.84005,1.87329,0.885145,56.3457,1.86545,0.0496094,1.02102,2.37899,0.497334,484.017,0.101378,3.04935,0.297826,0.0626151,1.82149,1.84606,59.2854,0.62054,0.622692,0.703457
01594950,-1.14214,1.96867,0.17787,74.4734,1.709,0.0397727,1.03869,0.000148524,0.119444,462.465,0.0153561,3.54328,0.83713,0.0905369,1.46234,0.711397,5.95443,0.697375,0.638114,0.750766
01596500,-0.574979,2.77732,0.804944,105.477,6.27292,0.00321633,0.977519,3.85931e-05,0.0109806,28.2671,0.022967,3.05595,0.431588,0.000147851,1.34557,0.404103,127.114,0.798577,0.733507,0.835144
01605500,-1.65997,3.23971,0.94959,42.5372,0.181072,0.0607018,1.00335,4.67365e-05,0.0994838,324.603,0.103747,2.50266,0.732922,0.162528,1.81515,0.154659,463.41,0.757655,0.585274,0.736965
01606500,-1.99963,2.06589,0.949138,39.0002,0.121917,0.234044,1.04298,1.99913,0.0693461,255.561,0.0269022,3.83174,0.30442,0.138808,1.52709,1.22119,1685.36,0.786553,0.626028,0.763304
01613050,-1.89025,1.7491,0.92633,49.1928,0.163283,0.203602,0.886312,3.14231,0.0877241,167.223,0.371927,0.870952,0.459703,0.0683959,5.6867,0.447034,27.701,0.772753,0.477508,0.612144
01620500,-0.589585,4.18399,0.69417,29.3317,0.0806703,0.272447,1.11059,4.3485,0.435921,127.563,0.010309,6.13595,0.515481,0.000205489,3.73498,1.77862,44.7876,0.596233,0.454059,0.514894
01632000,-1.95005,1.39115,0.941088,45.9816,0.252234,0.273995,0.961694,3.52204,0.0184261,73.7982,0.0202747,3.28049,0.20763,0.192527,1.06228,2.17986,543.665,0.623773,0.488355,0.534896
01632900,-0.924879,2.20163,0.946709,48.9462,0.287404,0.153609,1.04263,3.94929,0.126819,192.558,0.185178,2.07809,0.251814,0.041087,2.86771,0.845848,242.319,0.829245,0.230965,0.639219
01634500,-1.54907,2.15925,0.567835,116.016,0.334855,0.368327,0.922748,1.69619,0.00384445,34.3405,0.0131067,3.23146,0.0800127,0.12332,1.00685,3.34537,264.066,0.65257,0.503836,0.531655
01638480,-0.113872,3.49417,0.470785,143.217,0.312342,0.141189,0.762364,2.97781,0.00882563,111.494,0.142535,1.71794,0.25902,0.0888301,2.61108,0.69299,231.705,0.639615,0.603333,0.742267
01639500,-1.60249,1.96937,0.234609,138.537,0.270602,0.22325,0.684752,2.82994,0.0084701,169.867,0.0543539,2.3306,0.119773,0.352904,2.36249,1.16503,264.066,0.726118,0.694361,0.744562
01644000,-0.190044,2.92996,0.927158,169.404,0.200691,0.183025,0.723656,2.93572,0.00677413,117.325,0.0104586,3.84416,0.253226,0.147788,1.10206,1.43937,859.508,0.749385,0.694813,0.820675
01658500,-1.30389,3.82246,0.00687326,279.218,0.2023,0.0266313,0.874187,2.6515,0.00398704,181.143,0.0241718,2.54681,0.230699,0.247457,1.33984,0.329942,19.7273,0.489693,0.622769,0.673399
01664000,-1.45007,1.19649,0.369175,101.696,0.24999,0.111931,0.859263,0.000199723,0.0164493,126.505,0.12575,2.07939,0.504671,0.174017,1.60128,0.554596,1602.52,0.809776,0.731802,0.788416
01666500,-1.41834,1.81676,0.0232844,118.208,0.160471,0.075086,0.974591,3.65428,0.0243195,327.501,0.0371302,3.51333,0.184998,0.00750281,1.88943,1.31235,463.41,0.738473,0.466838,0.665606
01667500,-0.794984,3.74109,0.250108,93.4654,0.423537,0.120993,0.78689,3.29723,0.0203586,222.886,0.0867797,2.11693,0.0811776,0.222577,1.05527,2.36093,1211.6,0.788842,0.690379,0.662682
01669000,-0.0729467,1.00293,0.0553888,127.281,0.424991,0.0536649,1.02866,0.897276,0.0599982,498.251,0.0229847,4.4536,0.219007,0.0620669,4.47011,2.01917,72.2298,0.754647,0.73681,0.81047
01669520,-0.775208,1.55281,0.939137,78.1572,9.78319,0.26132,0.77913,1.06858,0.136338,310.269,0.225361,2.28577,0.30046,0.130159,2.92499,3.90497,282.188,0.654137,0.680535,0.663548
02011400,-1.98921,2.12125,0.886331,46.0392,0.322936,0.0860296,0.918536,0.973914,0.0531262,278.737,0.0239296,3.30654,0.0836922,0.323491,1.01221,3.50238,406.454,0.775652,0.659207,0.741216
02011460,-1.47523,2.31699,0.131888,97.6706,0.331135,0.218689,0.99112,1.18164,0.00942519,116.025,0.0169396,3.2036,0.118105,0.0572699,1.73851,2.80857,157.663,0.714707,0.663692,0.743523
02013000,-1.34216,3.10347,0.892798,92.0864,0.184883,0.215231,0.798488,1.2493,0.00765306,196.315,0.0233947,2.57662,0.205479,0.301839,1.08175,2.7497,419.399,0.709144,0.671734,0.652
02014000,-1.20256,3.83364,0.12459,66.3816,0.27716,0.0448838,0.892425,2.34905,0.0367183,261.98,0.0458008,2.48853,0.186649,0.214111,1.0402,3.0954,396.099,0.742561,0.649139,0.783622
02015700,-1.17591,2.02384,0.157142,62.7817,0.259212,0.27351,0.736954,1.61709,0.0162171,91.5995,0.0283707,3.53376,0.0755265,0.224145,1.15853,3.44308,284.777,0.695479,0.699702,0.75958
02016000,-1.89996,1.47421,0.935351,34.7335,0.196276,0.170922,0.875282,1.43917,0.0822825,192.68,0.0810514,2.10906,0.465733,0.143543,2.27843,1.03436,1193.47,0.80808,0.719951,0.854061
02017500,-0.180306,5.04195,0.949025,60.9564,9.09995,0.21464,0.819599,2.88995,0.218586,163.087,0.0380996,2.97065,0.139441,0.155866,1.4614,1.01955,271.833,0.756295,0.741916,0.729484
02018000,-1.48478,1.71421,0.949137,45.7975,0.259178,0.17624,0.905353,1.6748,0.0703643,180.676,0.0140014,3.87068,0.359828,0.0536792,2.72213,0.898665,851.742,0.859368,0.741862,0.798133
02027000,-1.99902,1.24984,0.949522,67.1969,9.23748,0.0980107,0.882569,4.4225,0.499928,185.5,0.0102786,6.56079,0.4114,0.0966659,2.27413,1.35886,240.766,0.619299,0.599237,0.611973
02027500,-1.99913,1.17848,0.946582,52.112,0.985242,0.034153,0.903132,0.000822461,0.499954,219.854,0.0101807,6.80499,0.638065,0.167372,1.48887,0.418708,123.49,0.532776,0.454561,0.36098
02028500,-1.62529,1.23024,0.46451,133.714,3.13247,0.0789376,0.753287,0.000183445,0.0759512,262.832,0.0380366,3.11945,0.741285,0.214473,1.35116,0.161934,245.426,0.724481,0.580747,0.54416
02038850,-1.06899,2.72632,0.00891437,731.592,4.0928,0.0522586,2.29997,3.53981,0.00339966,662.241,0.68114,7.80683,0.124836,0.000280079,2.78891,2.97573,22.109,0.58201,0.418562,0.415208
02046000,-0.568634,1.04185,0.188073,348.68,0.122666,0.162045,0.866688,4.32827,0.00303901,838.868,0.097158,1.01787,0.706593,0.0526568,1.9934,2.54475,292.544,0.816424,0.628158,0.698448
02051000,-0.600471,1.56703,0.0313229,151.77,0.966885,0.00092526,1.61832,2.63564,0.0154069,407.754,0.293533,2.9223,0.389409,0.00446065,1.338,0.161457,144.977,0.567354,0.334362,0.593335
02051500,-1.90597,1.19829,0.102713,125.934,0.314723,3.42961e-05,0.80416,0.501325,0.0094253,220.165,0.0357501,2.62643,0.714249,0.314554,3.3885,1.21233,1429.06,0.771419,0.807981,0.827289
02053200,-0.40301,7.79902,0.169525,245.757,0.277652,0.0031118,0.793003,0.00335031,0.00107821,83.2037,0.011756,1.62221,0.257718,0.268406,2.20035,3.67389,582.498,0.877663,0.783379,0.739541
02053800,-1.79887,2.48632,0.949957,63.1702,9.97238,0.130294,0.802992,3.07834,0.39268,408.084,0.0235249,3.95502,0.131867,0.392834,1.17953,0.349272,282.188,0.733856,0.616037,0.713861
02055100,-0.343988,2.8111,0.191972,78.2014,0.164962,0.191576,0.692426,0.99674,0.0236591,229.972,0.050107,2.93815,0.0506347,0.284004,2.59459,0.646497,30.2899,0.607219,0.459849,0.678349
02056900,-1.23007,2.21107,0.0448993,244.715,1.50204,0.107793,1.12391,2.57496,0.0299687,351.271,0.058268,3.2352,0.183087,0.00491742,1.1224,1.36324,297.721,0.681734,0.68021,0.704726
02059500,-0.385018,2.59415,0.0461149,302.64,0.323423,0.0943394,1.08268,1.20025,0.00443289,176.532,0.0606452,2.79213,0.0549118,0.0375411,1.03152,2.7194,486.71,0.609026,0.568169,0.572178
02064000,-1.03263,2.08617,0.028199,355.522,0.468458,0.0884648,1.38249,0.924777,0.00313667,166.967,0.258211,3.7483,0.0715481,0.0407909,1.46191,1.82861,427.165,0.718215,0.388874,0.300243
02065500,-1.61001,1.53513,0.0731855,500.343,0.435806,8.70634e-05,0.931309,0.000194198,0.0026655,75.5704,0.357123,1.16943,0.97474,0.127347,5.26837,1.00157,252.675,0.708362,0.545552,0.485112
02069700,-0.570793,1.02408,0.0342112,145.345,0.194432,0.0881175,0.921489,2.33533,0.022545,522.985,0.0792654,3.26342,0.139501,0.161682,1.17586,2.6509,221.349,0.762489,0.60445,0.798971
02070000,-0.670161,1.79477,0.0413727,281.326,0.339306,0.125718,1.08599,1.44759,0.00599957,514.196,0.149932,4.62245,0.0666719,0.00465237,1.15271,2.05473,279.599,0.695896,0.728088,0.83431
02074500,-0.309156,1.06788,0.0351337,276.029,0.210614,0.198708,0.794803,2.50933,0.00274375,159.168,0.627149,3.06761,0.122487,0.409626,1.21145,0.258061,287.366,0.613879,0.642351,0.652932
02077200,-0.289906,3.23348,0.948449,111.858,0.181638,0.267589,0.835088,1.77981,0.00819656,57.5427,0.111889,1.27182,0.516986,0.194999,1.76534,0.153752,118.83,0.705017,0.433844,0.497733
02081500,-1.58062,1.26554,0.135206,136.763,0.256591,2.65317e-05,0.902179,4.31188,0.00674721,98.9581,0.0652131,2.05382,0.995378,0.246132,1.45253,2.51763,432.343,0.805117,0.795631,0.809904
02082950,-0.455929,1.03939,0.0590428,563.104,0.584131,0.000308453,0.989353,0.00886273,0.0014826,39.5551,0.0153582,3.73136,0.684559,0.00847677,3.07289,1.63611,458.232,0.759734,0.580246,0.449945
02092500,-1.84986,7.51037,0.936728,48.4412,0.0291231,0.141173,0.777469,0.00028914,0.103526,1066.1,0.181235,0.818773,0.707514,0.236411,3.32661,3.00305,434.932,0.866683,0.75414,0.825526
02096846,-0.839005,1.87401,0.0197766,519.315,0.177396,0.0286091,1.19324,1.13282,0.00144743,16.1073,0.0562332,1.70692,0.408505,0.00250692,2.85582,0.72649,19.5202,0.485923,0.583252,0.52391
02102908,-1.86774,1.22093,0.0129443,77.9975,0.0530811,0.110774,0.978518,1.51018,0.492742,647.392,0.169355,2.62407,0.649937,0.0696753,1.51813,0.553762,19.7532,0.802551,0.30949,0.637307
02108000,-1.6808,6.33518,0.167214,225.945,0.509578,0.00355275,0.871976,7.00392e-05,0.00342142,24.1094,0.0320277,2.80133,0.210979,0.123952,2.59348,1.89046,1550.74,0.853209,0.866133,0.823912
02111180,-1.92131,1.59147,0.948841,64.9409,0.581288,0.166364,0.843523,3.66533,0.499138,475.03,0.0539609,4.21396,0.457911,0.0198163,2.54654,0.405235,131.774,0.782146,0.665862,0.690167
02111500,-1.66849,1.00105,0.0297233,491.486,0.279554,0.132049,0.929353,2.15163,0.00442631,292.029,0.0219768,4.25397,0.0650571,0.0156498,1.18476,2.45376,230.928,0.748102,0.61075,0.710981
02112120,-1.42494,1.00054,0.0450958,360.86,1.18132,0.116659,0.967627,2.99281,0.015993,474.146,0.0605283,3.41511,0.10167,0.172083,1.59467,1.64236,331.377,0.735965,0.601178,0.631885
02112360,-1.61562,1.89773,0.0420784,311.111,2.9722,0.0841544,0.845484,2.95951,0.0507217,632.81,0.0684166,3.67287,0.239731,0.137825,1.38586,0.357836,204.004,0.707785,0.601476,0.733845
02118500,-0.785042,2.83347,0.221235,73.5997,0.191188,0.0749449,0.854382,3.01011,0.0439024,454.173,0.106299,3.10248,0.232415,0.301307,1.29293,1.16267,401.277,0.77297,0.610288,0.770678
02125000,-1.3565,2.40113,0.162208,115.869,0.280162,0.00189502,0.753264,2.37016,0.0129839,397.547,0.0585009,1.87007,0.606777,0.000848679,1.6547,0.317062,143.942,0.728741,0.552193,0.68017
02128000,-0.823503,2.50627,0.945817,62.2659,0.0959696,0.225125,0.709918,2.31352,0.0475625,518.507,0.0312519,2.84431,0.840464,0.210063,2.48973,0.424467,274.421,0.65193,0.550598,0.613541
02137727,0.278994,1.00257,0.884734,62.7425,0.311396,0.161802,0.721867,4.98952,0.237682,515.353,0.069895,4.03058,0.596518,0.219273,1.19057,0.291587,326.199,0.896975,0.819567,0.899976
02140991,-1.04972,5.77166,0.949866,57.8059,0.853429,0.0397172,0.701145,0.000519916,0.234487,707.285,0.0235918,4.99859,0.779935,0.123717,1.20416,0.211826,520.365,0.849574,0.785082,0.828388
02143000,0.441238,4.48759,0.949452,53.0943,0.258215,0.108801,0.806044,4.98897,0.161629,477.216,0.0971342,3.4541,0.452677,0.199387,3.16425,1.12285,215.395,0.881384,0.661433,0.727885
02143040,-0.846283,1.44686,0.0720679,99.9292,0.506669,0.087433,1.13881,4.96197,0.0437863,374.919,0.0746068,3.62543,0.245129,0.0250227,2.18594,2.40123,66.5342,0.822319,0.60053,0.800104
02149000,-0.0540413,2.08964,0.0491488,283.329,2.91681,0.157116,0.896416,4.98107,0.0911329,920.778,0.0109337,5.51495,0.342422,0.153956,1.80368,0.223007,204.522,0.771947,0.750501,0.767899
02152100,-0.0349391,2.91655,0.0317578,137.086,0.195416,0.00311735,0.959939,6.06719e-05,0.0304151,1306.97,0.0164178,4.32654,0.864186,0.0870224,2.06974,0.264467,156.627,0.781267,0.373491,0.692071
02177000,-0.79655,2.81149,0.821459,137.626,0.313488,0.0489153,0.772785,0.000119287,0.0847256,883.026,0.0432986,4.51559,0.783434,0.19787,1.474,0.153178,535.898,0.866741,0.829537,0.897094
02178400,1.01236,1.00026,0.0254352,183.618,0.244259,0.186286,0.923143,4.06999,0.0252067,532.863,0.0476766,4.20712,0.118152,0.0732453,1.33869,3.15601,146.272,0.790764,0.790295,0.88828
02193340,-1.757,4.27302,0.290066,241.063,0.837458,0.119135,0.846936,1.65174,0.00359364,36.5847,0.0508424,2.02786,0.0958274,0.30043,6.22373,0.74708,87.7631,0.64105,0.571702,0.69555
02196000,-1.31092,2.23379,0.056134,241.373,0.269456,0.00079813,1.29341,1.18382,0.00307602,66.7811,0.165369,1.63152,0.79496,0.184182,4.72484,0.569811,1410.94,0.822485,0.73903,0.722791
02198100,-1.37146,2.93566,0.136949,270.332,0.191839,0.000906282,1.19471,0.000574808,0.0024854,13.2357,3.7234,5.21413,0.983785,3.50399e-05,6.78846,1.15408,79.7375,0.678902,0.527346,0.578274
02202600,-0.996887,2.90424,0.860817,453.501,0.386112,0.00115952,0.725926,0.000615067,0.00101842,2106.15,0.168614,0.926581,0.289398,0.217221,3.45071,1.93869,600.62,0.701528,0.744956,0.650075
02212600,-0.492547,1.00197,0.0406769,263.295,0.306219,1.75305e-05,0.914561,3.37959e-05,0.00156847,22.8575,0.314615,1.6218,0.617264,0.465291,1.54218,0.261252,186.917,0.775126,0.684819,0.561846
02215100,2.0349,7.98866,0.944312,85.9946,0.0160169,0.265111,0.929206,1.47931,0.0438987,228.664,0.0487823,3.64272,0.326002,2.12164e-05,5.31094,0.757587,421.988,0.803903,0.638878,0.672739
02216180,1.11626,3.42934,0.88212,132.026,1.29274,0.000271063,0.894439,0.0236696,0.00925588,5.10709,0.0116705,5.52727,0.516846,0.155706,5.80309,1.07396,127.373,0.823081,0.702376,0.576428
02221525,-1.44846,1.37344,0.250758,156.524,0.295624,0.172645,0.762136,2.91174,0.00600597,82.4345,0.108872,2.13273,0.0554644,0.488185,2.40447,2.30823,491.887,0.824113,0.794292,0.649578
02231000,1.47326,1.69491,0.185729,106.515,0.284652,0.000411789,1.04085,0.000142858,0.0185164,286.111,0.0152251,4.24685,0.17709,0.00148172,4.41532,0.706978,1812.22,0.931104,0.811808,0.715496
02231342,-1.26965,2.53739,0.0708705,294.462,0.261856,0.0376817,0.715886,0.000517818,0.00336241,12.5553,0.0224642,2.45888,0.271019,0.258251,3.11445,1.81963,136.175,0.795704,0.555628,0.698101
02235200,1.29138,2.0947,0.191337,112.034,0.285707,6.39687e-05,1.23352,0.00337779,0.480577,638.348,0.0149472,6.60972,0.0888104,0.0577166,1.33799,3.51959,326.199,0.885839,0.783178,0.874332
02245500,0.53808,2.40947,0.0596532,156.885,0.0321407,0.0563693,1.44416,0.00235989,0.0244887,5.32715,0.335009,2.21477,0.934755,0.000110335,4.54658,0.984494,346.91,0.798329,0.465102,0.580331
02246000,2.17276,2.96047,0.0566101,216.625,0.21043,0.00169901,0.83778,0.000247986,0.0111347,126.864,0.0165918,2.97529,0.662028,0.105285,4.12513,1.1476,458.232,0.844614,0.705859,0.670054
02296500,0.264221,4.8131,0.0728647,337.821,5.57156,0.0628154,1.01948,0.00010363,0.499622,458.519,0.0100158,8.81964,0.214936,3.43722e-05,2.42139,1.64418,854.331,0.821675,0.742725,0.696392
02297155,0.068187,3.96528,0.190481,120.736,0.118563,0.143177,1.15093,1.60128,0.0369754,282.349,0.0113969,5.24316,0.10168,0.0380218,1.82077,3.91302,108.733,0.736558,0.422098,0.558539
02297310,0.810154,3.82154,0.920996,63.8651,0.120438,0.155371,0.863255,0.000446673,0.126489,378.42,0.016871,4.32972,0.360486,3.11186e-05,3.2511,2.16127,564.376,0.79264,0.669021,0.822908
02298123,0.752317,3.64165,0.0173156,1320.8,9.71996,0.201733,1.24762,0.265881,0.0379278,103.162,0.0623604,8.79345,0.204754,4.35372e-05,2.59853,2.25973,603.209,0.781276,0.694224,0.632333
02298608,1.45933,2.12431,0.0553377,152.104,1.76026,0.000218471,1.40657,0.0126176,0.498089,250.605,0.0568533,8.92558,0.489684,0.000521635,4.99525,1.19809,323.61,0.742693,0.742396,0.775382
02299950,1.34274,1.18831,0.257927,82.0035,0.139753,0.232184,1.10144,2.27132,0.055139,107.774,0.50291,1.96198,0.428707,2.51664e-05,5.61704,1.0516,169.054,0.730541,0.562726,0.64946
02300700,1.71831,4.00434,0.0212279,122.709,0.378795,0.00254855,1.34023,0.00228644,0.0123242,21.1977,2.89655,6.3199,0.986519,1.13789e-05,4.9194,2.06559,75.3364,0.693429,0.568142,0.517717
02310947,0.569862,1.9598,0.251049,1292.15,0.0159369,0.499648,0.883448,0.453255,0.0679685,183.117,0.0113965,8.6171,0.137348,0.349376,2.22551,3.98415,724.887,0.901756,0.743365,0.611784
02312200,1.54902,4.07685,0.639833,564.116,0.248591,0.470338,0.863983,0.0297155,0.332976,311.36,0.0175758,4.70108,0.069554,0.0209368,2.11598,3.47533,375.388,0.871198,0.785175,0.674155
02314500,-0.903866,3.83072,0.454021,368.087,1.61757,0.388664,0.938251,0.000689951,0.173493,299.995,0.0318519,7.22599,0.0681557,0.0712697,1.54112,3.90371,2925.44,0.860669,0.864403,0.844029
02315500,-0.474598,6.34632,0.513285,327.062,0.0198627,0.419674,0.993144,0.000300414,0.151965,339.856,0.0100176,8.04223,0.0624055,0.00354019,1.12449,3.96493,6290.98,0.904276,0.838303,0.877281
02324400,-0.228898,2.17295,0.797863,476.297,3.74907,0.324149,0.971192,0.0918326,0.0786892,150.858,0.0135254,7.5416,0.19558,0.000974448,3.26057,1.69764,155.333,0.826568,0.302085,0.432848
02327100,0.814503,2.78012,0.315022,127.717,0.29951,0.00229561,0.777998,0.000721027,0.00705012,8.0381,0.287593,1.02666,0.293753,0.0979731,5.01513,1.22348,264.066,0.728416,0.614042,0.748161
02342933,-1.55222,7.4102,0.0732245,333.18,0.759849,0.155171,1.26782,2.27554,9.71739e-05,62.6917,0.315756,7.19233,0.0500646,0.00370178,1.88528,1.37074,289.955,0.670181,0.637941,0.589629
02349900,-0.0697263,1.95461,0.0630127,353.729,0.244588,0.204396,0.933529,3.63979,0.000999073,18.6228,0.0111815,4.50835,0.0506228,0.0907094,1.84825,3.93765,116.5,0.81764,0.690676,0.613367
02350900,-1.09834,4.80229,0.0430254,526.844,0.316394,0.000761791,1.07413,0.00079422,0.00213778,18.932,0.301438,2.64845,0.496583,0.00688837,2.42903,2.69606,1364.34,0.867591,0.707465,0.764694
02361000,-0.9971,4.30498,0.0343964,442.409,0.372757,2.59283e-05,1.06465,0.000808495,0.00262614,85.2787,0.0342806,6.47618,0.381533,0.00252492,2.12948,1.19586,1775.97,0.817908,0.737316,0.653181
02363000,-0.746232,5.04837,0.0907582,371.956,0.740866,0.000235388,1.03074,0.000213456,0.00383176,71.83,0.0124214,4.03585,0.55684,0.0680124,2.52237,2.34239,1289.26,0.828155,0.749881,0.714002
02369800,0.0451782,2.14992,0.0650372,373.742,0.166193,0.107392,0.922415,0.0107328,0.00487457,899.077,0.217893,1.70549,0.459021,0.192315,5.33167,0.849269,227.045,0.682906,0.61813,0.528298
02371500,-1.34845,7.4914,0.0285972,290.327,0.203186,0.00180541,0.809479,0.000349064,0.00516225,181.433,0.0424905,2.21755,0.462142,0.278566,2.10768,3.8204,1294.44,0.823067,0.801085,0.782667
02372250,-0.979691,5.5983,0.107737,281.613,0.356322,0.00922695,0.853953,0.000467166,0.00477736,141.274,0.411439,0.581572,0.562002,0.148535,2.50123,2.91567,1144.29,0.784294,0.686715,0.710854
02374500,-1.64525,5.02107,0.0929028,281.145,0.0958097,0.231752,0.734778,3.22549,0.00802377,215.302,0.0193315,4.25419,0.347735,0.29289,3.16946,1.37818,455.643,0.808957,0.676472,0.786085
02381600,-1.98904,1.72272,0.122727,470.727,0.11473,0.14353,1.0853,1.31727,0.00385176,160.04,0.438837,1.04155,0.389859,0.0111742,2.29376,0.537609,25.8629,0.437662,0.530979,0.765495
02384540,-1.95155,1.14113,0.929269,47.7071,0.120826,0.113657,0.840086,4.78715,0.295245,964.336,0.289728,1.7081,0.854033,0.323253,2.13447,0.451998,19.8826,0.644058,0.644023,0.611124
02395120,-0.789613,1.27449,0.703861,376.11,0.230143,0.289038,0.905764,1.99269,0.00222251,20.4754,0.661993,4.38087,0.254506,0.00109887,1.42086,0.506545,85.692,0.677505,0.60776,0.792068
02408540,-0.77785,3.35143,0.096384,158.433,0.949212,0.063019,1.01371,1.81214,0.0261091,346.819,0.0192848,4.5238,0.0867847,0.094592,1.05021,2.54573,680.876,0.828448,0.749774,0.669062
02415000,-0.969917,6.11945,0.0622138,399.114,0.245371,0.181398,1.03711,2.55712,0.00295475,50.075,0.198215,1.80419,0.0983517,0.00889275,1.73972,1.41659,491.887,0.852479,0.785906,0.740812
02422500,-1.56726,3.20845,0.131892,265.763,0.239635,0.262315,0.732381,1.39979,0.00398127,385.805,0.0948919,1.87137,0.0513057,0.345615,1.05844,2.8364,525.543,0.849373,0.727025,0.627896
02427250,-1.00249,2.5235,0.0728856,173.684,0.307809,0.000470101,0.980055,0.805522,0.0103125,208.896,0.11852,1.75283,0.996281,3.85621e-05,4.09484,1.0213,675.698,0.850115,0.803543,0.862886
02430085,-0.990027,1.06107,0.0656912,306.342,0.700339,0.0377696,0.76095,0.97756,0.00822798,86.6513,0.0622587,2.56847,0.297728,0.255288,1.88033,2.76019,40.6454,0.652403,0.601911,0.651821
02430615,-0.675358,1.01536,0.0201061,295.735,0.236836,0.105722,0.634755,1.35389,0.00887848,84.8327,0.0382282,3.56891,0.182976,0.412995,1.61988,0.643418,28.7366,0.584736,0.504228,0.436517
02450250,-1.62778,1.30811,0.944368,118.2,0.181915,0.166884,0.715011,2.69351,0.0122503,138.439,0.0291834,1.21283,0.333347,0.199805,2.52693,1.68209,238.436,0.818236,0.753066,0.739977
02464000,-1.59084,3.18904,0.0552685,236.47,0.188186,0.00186422,0.868395,0.000453697,0.00342531,49.6378,0.23786,0.879825,0.586528,0.242261,5.49227,0.495231,577.32,0.829789,0.848609,0.848762
02464146,-1.24389,2.16528,0.120528,163.861,0.411225,0.175018,0.682888,2.64843,0.0141493,65.8383,0.953087,0.789557,0.122715,0.339945,3.46519,2.13449,15.9475,0.583016,0.591871,0.719655
02464360,-1.62748,2.13451,0.0247868,259.263,0.285148,0.229461,0.721496,3.75234,0.00254651,40.2918,0.0291438,2.88096,0.0511476,0.384556,1.24096,3.75753,148.084,0.76212,0.796719,0.74823
02465493,-1.28366,4.98881,0.0177817,121.277,0.111951,0.072459,1.26234,2.11615,0.0609849,507.774,0.41093,1.4995,0.584951,0.0225416,2.17226,3.48849,83.6209,0.716427,0.757762,0.775115
02469800,0.493847,4.60117,0.08136,250.656,0.231268,0.074614,0.86277,2.02732,0.0056073,860.915,0.0464485,2.20391,0.0734616,0.121823,3.51678,1.48668,424.576,0.843604,0.787119,0.778874
02472000,0.815385,6.49577,0.134869,235.195,0.397139,0.000336297,0.955364,0.0184894,0.00423065,106.929,0.0224311,3.22444,0.659174,0.107741,2.73835,1.82651,1923.54,0.875648,0.835114,0.797046
02472500,-0.289719,2.5972,0.0789859,340.331,0.195466,0.00149006,0.684155,1.69415,0.00507111,4403.39,0.486563,1.00794,0.478532,0.206679,2.31932,2.42084,787.02,0.841139,0.765024,0.815791
02479155,1.20229,2.7181,0.257076,220.174,0.334698,0.202474,0.666394,4.81418,0.00605602,195.314,0.220349,1.16461,0.397308,0.335249,2.76012,1.60861,136.175,0.849326,0.753005,0.732352
02479300,-0.059008,3.35045,0.203647,287.52,3.04531,0.00526745,0.835352,0.13855,0.00634827,440.789,0.366932,1.12417,0.538997,0.102697,3.01833,2.18014,1141.7,0.825776,0.80136,0.812436
02479560,0.342189,1.17955,0.0580271,205.349,0.677677,0.000182009,0.769424,0.0130394,0.00597569,117.519,0.0146344,4.37506,0.280127,0.278514,2.71581,1.53081,1454.95,0.858861,0.821743,0.733179
02481000,0.15119,2.10255,0.158163,223.73,0.470214,0.053286,0.643009,0.0917174,0.00425562,1437.42,0.0879939,1.2969,0.726231,0.283729,4.38186,1.19594,249.05,0.784728,0.747091,0.758289
02481510,-0.651833,4.22483,0.206664,246.652,0.385485,0.00123907,0.661005,0.0541883,0.00408706,775.899,0.119223,1.93704,0.506217,0.324037,4.39092,0.751262,797.375,0.86443,0.784331,0.78325
03010655,-0.343628,3.76124,0.376695,66.941,0.209603,0.024849,1.02906,1.8144e-05,0.0286925,120.075,0.0147779,3.70473,0.38655,0.0979332,5.00144,0.741483,255.523,0.824984,0.651102,0.765556
03011800,-0.781797,3.40271,0.949183,45.9658,0.580507,0.0903739,1.03448,0.00333259,0.499682,186.319,0.010708,7.10692,0.746088,0.000298539,1.51137,0.413374,100.449,0.795907,0.683327,0.817577
03015500,-1.44638,2.50145,0.0742306,151.865,0.239487,0.196749,1.04363,2.21155,0.00331855,42.2696,0.0192747,3.94261,0.0692228,0.00193663,1.87575,2.60618,831.031,0.829449,0.727445,0.820697
03021350,-0.374719,3.2098,0.79267,109.874,0.664738,0.201316,0.969623,2.63724,0.00346504,11.1495,0.126745,6.31831,0.140032,0.000423656,2.9807,1.54705,238.177,0.700817,0.572338,0.751979
03026500,-0.820218,3.07423,0.875729,69.565,3.20479,0.103993,0.932006,0.00741549,0.440381,119.309,0.0105641,6.69278,0.791835,0.125375,2.51351,0.491683,20.2968,0.783556,0.575835,0.758802
03028000,-0.731443,2.96035,0.886503,50.1848,0.130002,0.120281,0.929754,0.000611181,0.0956367,465.236,0.0121502,3.7606,0.555128,0.000127056,1.65178,0.26725,163.1,0.826911,0.660707,0.7963
03049000,-1.32029,2.02451,0.775877,36.8106,0.248433,0.207156,0.927904,3.16751,0.179032,250.76,0.0236263,3.41597,0.457486,0.194991,1.51709,0.990571,354.677,0.778355,0.665367,0.763076
03049800,-0.299294,3.02994,0.00593208,477.467,0.177993,0.187864,0.946182,3.61675,0.00146949,89.0124,0.010639,0.70457,0.130564,0.001932,1.96056,3.74128,14.9637,0.375378,0.375101,0.549401
03050000,-1.99918,2.29906,0.949652,26.9874,0.0572734,0.206441,0.983572,1.85198,0.216172,590.042,0.0648687,2.28911,0.696363,0.00404081,4.36113,0.679509,478.943,0.817963,0.767293,0.846657
03066000,-1.99899,2.2464,0.740334,21.595,0.708785,0.277503,1.10736,0.0107356,0.479476,197.1,0.036176,5.18,0.580486,0.0202168,6.28143,0.653493,222.385,0.798956,0.77562,0.774839
03069500,-1.99946,1.51964,0.79764,15.55,0.664564,0.29478,0.985202,3.20913,0.345348,121.438,0.0733823,1.95238,0.0509402,0.00418563,5.14836,0.383609,1869.17,0.829594,0.782056,0.781
03070500,-1.18311,1.72498,0.912244,85.0676,3.68246,0.321714,0.922342,2.66325,0.010536,13.5172,0.0270616,2.76207,0.253691,2.74604e-05,1.05278,2.55718,517.776,0.745417,0.77541,0.845436
03076600,-1.23943,1.95449,0.94843,103.343,0.223461,0.445398,1.03436,2.80537,0.00421016,192.939,2.11535,5.2372,0.119351,3.17298e-05,1.55484,3.96107,126.596,0.75554,0.649639,0.766085
03078000,-0.949864,2.51738,0.874414,117.537,8.70269,0.330599,0.979221,3.91077,0.0710248,48.134,0.206682,1.2699,0.467871,1.19026e-05,4.36369,0.443025,161.805,0.790905,0.719929,0.775075
03140000,-1.86496,1.4513,0.104784,194.057,0.300722,0.220589,0.880091,1.22418,0.00377934,63.5768,0.0553941,1.34502,0.175087,0.129888,1.10127,3.36201,70.4176,0.755862,0.689759,0.743574
03144000,-1.93672,1.78381,0.940299,61.4287,0.244094,0.143349,0.904894,1.95634,0.024615,232.639,0.0206972,2.71252,0.448792,0.000134084,4.04725,0.911456,362.443,0.861515,0.676807,0.696722
03159540,-1.40017,2.84361,0.436041,109.868,0.168359,0.180408,0.746984,0.840059,0.00597199,302.217,0.041144,1.92996,0.619769,0.231174,2.4321,1.5274,403.865,0.77652,0.694577,0.781342
03161000,-1.685,1.01939,0.949565,73.7927,1.62707,0.0932654,0.856789,4.92664,0.419871,462.417,0.216833,2.82031,0.31584,0.119294,2.99895,1.01634,530.721,0.919129,0.822293,0.90271
03164000,-1.69679,1.00373,0.949639,80.618,4.00766,0.119555,0.83834,3.12809,0.178524,262.906,0.52945,1.68087,0.289611,0.239046,2.471,0.863847,2953.91,0.882642,0.823877,0.88108
03165000,-1.99696,1.33778,0.303043,110.505,6.85637,0.103992,0.783078,3.4994,0.499688,721.693,0.0816609,3.87715,0.999844,0.199329,1.2626,0.37773,102.002,0.653941,0.686176,0.710653
03170000,-1.71935,1.05913,0.0777765,128.694,0.284043,0.0810957,1.17404,2.19605,0.0309131,534.643,0.0728154,3.27897,0.14705,0.0161352,1.39652,1.39931,799.964,0.805768,0.683018,0.83897
03173000,-0.310403,4.17652,0.248775,168.856,4.3978,0.00111954,1.00981,0.000257097,0.00863327,77.2835,0.119152,2.12193,0.389592,0.00295987,1.03749,0.751344,774.075,0.761206,0.695807,0.714864
03180500,-1.99276,1.52407,0.225311,67.2962,0.307195,0.313519,0.984675,1.5588,0.00840663,36.1932,0.111127,1.18626,0.0591851,0.000165456,1.72655,3.01995,344.321,0.807677,0.713775,0.745631
03182500,-1.91328,1.88345,0.271745,80.3032,0.227928,0.244366,0.941352,1.89355,0.0103483,97.8078,0.0184034,3.52142,0.172329,0.0472162,1.18739,2.24952,1398,0.813583,0.778834,0.827188
03186500,-1.85985,1.49546,0.773854,24.5732,0.865856,0.276988,0.921336,0.877888,0.400371,95.4972,0.0993889,1.58902,0.0502596,0.00102548,1.13623,0.282088,331.377,0.738916,0.713085,0.781676
03187500,-1.92991,1.40202,0.946747,123.389,9.71514,0.22417,0.903137,0.0183695,0.173647,23.6814,0.0144578,8.47571,0.986508,0.00100026,3.13067,1.36071,208.146,0.737041,0.744596,0.797502
03213700,-0.563037,1.01488,0.800196,138.746,0.144202,0.274507,0.921553,2.79741,0.00734508,164.997,0.0254488,1.5435,0.39341,0.224348,1.4441,1.56011,2423.19,0.803556,0.760881,0.771511
03237280,-1.63502,5.1725,0.0425167,339.089,0.417114,0.141135,1.01695,0.932432,0.0024397,69.6589,0.0168694,0.989093,0.162067,0.00055205,4.67069,1.63534,31.5843,0.519182,0.418381,0.574156
03237500,-1.91504,1.01437,0.0766159,164.08,0.205782,0.193114,0.790314,2.66817,0.00255641,29.0645,0.0571017,0.924294,0.13258,0.231203,1.70397,0.889504,1001.9,0.732851,0.741861,0.700728
03238500,-1.84507,2.78414,0.17754,173.967,0.283085,0.0756428,0.747175,1.8505,0.00275114,68.2958,0.0836442,1.43688,0.370323,0.168474,2.17806,0.95039,564.376,0.774284,0.804272,0.805349
03241500,-1.40042,2.64541,0.14382,150.254,0.135978,0.212197,0.807867,2.09289,0.00334397,56.3633,0.0161149,1.50471,0.0614891,0.165387,1.86326,3.58119,163.617,0.819873,0.748854,0.865396
03280700,0.670176,1.47883,0.939177,249.895,9.14761,0.483097,1.10409,2.3043,0.00832417,56.7616,0.0836274,0.884452,0.623855,0.00980346,3.58064,0.178652,158.698,0.634379,0.510527,0.738795
03281100,1.23048,3.20871,0.184521,185.553,0.402462,0.00285128,1.0328,2.56971,0.00301275,42.2908,0.0100336,2.16859,0.0819077,0.00173283,1.55662,2.9164,421.988,0.773864,0.700386,0.849419
03281500,-1.65749,1.29589,0.158668,183.308,0.489792,0.0668592,1.03974,3.12126,0.00312117,42.3002,0.0197666,1.78975,0.253745,0.00292121,3.05224,1.03915,1869.17,0.840507,0.811333,0.86971
03285000,-1.98462,1.05122,0.284948,116.536,0.24144,0.174501,0.755528,1.91392,0.00463518,67.2133,0.0408442,2.33164,0.120111,0.175449,2.28338,1.51695,823.264,0.778936,0.71737,0.652046
03291780,-0.882028,3.2183,0.0497039,236.699,0.280575,0.147139,0.73108,3.06273,0.00215075,77.8431,0.0684108,1.42739,0.192524,0.219027,1.8344,0.305988,71.1942,0.680719,0.670552,0.700659
03300400,-1.99641,1.47635,0.932719,79.5022,0.296903,0.0187976,0.69021,3.4564,0.0114592,103.489,0.041634,1.37945,0.940154,0.132348,3.29612,0.898284,1128.75,0.846487,0.877017,0.830191
03338780,0.295114,7.07585,0.221806,54.9593,0.604989,0.0197574,0.807261,0.388819,0.331043,498.683,0.121727,1.57055,0.841398,0.123507,5.68452,0.587338,678.287,0.806287,0.794987,0.686154
03340800,-0.944592,3.69952,0.0748047,230.082,0.134011,0.0531706,0.758371,4.34975,0.00359035,140.069,0.0940583,1.43961,0.182064,0.190436,1.02389,3.69482,359.854,0.845572,0.782879,0.750664
03346000,-0.149952,3.31181,0.0938073,240.248,0.222948,0.000172889,0.833219,0.0209595,0.00304337,2572.72,0.141348,0.843304,0.998172,8.31791e-05,2.98176,1.63151,823.264,0.858131,0.752685,0.731611
03364500,-1.03454,3.34554,0.0794969,125.943,0.167328,0.123635,0.874013,1.85901,0.00969688,132.36,0.0367283,1.35303,0.263106,0.104454,1.40331,2.15959,236.624,0.708328,0.723571,0.812936
03366500,-0.793817,2.85188,0.363416,117.801,0.194762,0.198349,0.915085,3.49675,0.00802587,146.543,0.0349094,2.11032,0.631546,0.0435158,1.59518,1.27651,758.542,0.859405,0.782475,0.846876
03368000,-1.38504,3.85474,0.0400765,429.951,0.171469,0.000619302,0.771451,2.95456,0.00175374,598.896,0.330694,0.659781,0.0521129,0.113125,3.25411,0.610651,29.5132,0.659616,0.579377,0.641209
03384450,-1.76136,1.00899,0.334216,138.334,1.13596,0.140683,0.980369,3.08135,0.00428138,44.3028,0.056367,1.68381,0.0508573,0.0928902,1.85173,1.15005,111.063,0.687534,0.615793,0.733264
03439000,-1.94612,1.97218,0.949702,115.324,1.17499,0.165494,0.998196,4.98169,0.326062,1110.6,1.24407,3.50731,0.254492,0.114668,1.4424,0.360075,175.785,0.824079,0.783437,0.729888
03450000,-0.180737,1.03248,0.949252,83.7564,0.215794,0.131384,0.799722,4.18907,0.0859993,296.67,0.0976985,2.54765,0.210058,0.265824,1.39208,0.575086,14.1353,0.875217,0.694082,0.766512
03455500,1.43605,1.51713,0.0294327,114.507,0.0264485,0.236324,2.40584,2.81681,0.0932242,827.423,0.550008,8.74093,0.837756,0.000270716,2.25725,0.380822,71.4531,0.616625,0.546783,0.577916
03456500,-0.650697,1.0026,0.949973,59.1043,0.485785,0.100758,1.02125,4.99828,0.497692,389.635,0.0176729,6.18639,0.763213,0.000767272,2.24967,1.05335,133.327,0.736376,0.766302,0.8374
03460000,-0.264793,1.15843,0.222841,52.0227,0.225795,0.139576,1.19475,2.33956,0.499957,400.696,0.0389816,4.90133,0.346052,0.0796345,1.04855,1.98151,127.373,0.79132,0.760701,0.827526
03463300,-0.637128,1.00317,0.939034,70.0865,0.151189,0.171999,0.757556,4.97507,0.101869,101.498,0.0117579,5.8212,0.99916,0.00103361,2.41976,0.336115,112.099,0.750028,0.776974,0.866542
03471500,-1.22797,1.1265,0.946474,33.8373,0.324545,0.141867,1.10519,2.20653,0.352442,276.13,0.13679,3.10276,0.295992,0.00389687,1.15378,3.23713,198.308,0.763491,0.645469,0.749926
03473000,-0.685173,1.68121,0.947938,29.6438,0.165286,0.187064,0.998058,2.55408,0.314181,284.104,0.0509707,4.16921,0.398165,0.0652562,1.08641,2.45469,784.431,0.817601,0.74567,0.848257
03479000,-1.23623,1.07358,0.948903,54.2498,0.231834,0.067124,0.952505,4.56207,0.101845,251.553,0.152432,2.64256,0.955326,0.075167,1.12598,0.28038,238.436,0.807168,0.482775,0.749753
03488000,-1.01983,1.18067,0.943983,28.551,0.162564,0.203606,1.04261,2.52845,0.198496,252.458,0.0280631,4.57659,0.389462,0.00127228,2.20839,0.977913,572.143,0.857328,0.661621,0.76276
03498500,-0.772282,4.22894,0.949453,34.379,0.305947,0.189793,1.07169,2.77625,0.267873,341.898,0.065375,3.7136,0.379497,4.71699e-05,1.20123,0.803004,696.409,0.831082,0.850258,0.863283
03500000,-1.36493,1.61443,0.0317155,232.516,0.225077,0.170359,1.17695,4.02327,0.0173416,819.833,0.0221567,4.6808,0.0746549,0.023143,1.09515,3.75359,362.443,0.896548,0.8304,0.86977
03500240,-0.299681,1.32146,0.948746,122.033,9.90637,0.0503944,1.08822,0.00075853,0.498262,711.504,0.073788,4.15847,0.721242,0.0568034,1.5019,0.416452,147.825,0.805084,0.692985,0.722944
03504000,-1.9057,2.01104,0.855898,188.032,0.107318,0.101483,0.84533,0.00033705,0.039441,352.433,0.407934,2.04093,0.71551,3.31869e-05,1.30103,0.393203,134.363,0.771208,0.616464,0.777418
03574500,-1.6163,2.28877,0.0526078,211.558,0.216552,0.000592267,0.978902,0.000573697,0.00490161,129.015,0.0146937,3.6024,0.717649,1.02367e-05,4.93058,0.897834,828.442,0.83406,0.766687,0.78043
03592718,-0.0664747,1.06745,0.0417892,404.839,0.791869,0.0726228,1.33043,2.38437,0.00242989,32.1364,0.362698,8.26863,0.158838,5.26792e-05,1.07099,3.10704,63.9454,0.724277,0.675985,0.811443
03604000,0.0549343,2.53169,0.949734,60.2713,0.0776373,0.208582,1.07721,1.6588,0.0839918,389.117,1.53383,0.903,0.392954,0.0315359,5.62521,0.479739,1157.23,0.788196,0.632242,0.668008
04015330,-0.289559,2.11364,0.0351035,168.426,0.359511,0.000190761,0.945654,0.000737331,0.000942863,18.3846,0.0147823,4.46793,0.356436,0.0410767,1.72867,0.35961,216.43,0.778536,0.633667,0.680334
04024430,0.345049,2.4345,0.899411,110.312,9.27384,0.319541,0.894258,0.649094,0.484594,95.0913,0.0101893,6.39589,0.479763,0.163831,5.84833,0.501937,1087.33,0.832748,0.724141,0.764215
04027000,0.64187,4.27054,0.0807294,279.906,0.319465,0.210047,0.924112,2.38752,0.00117969,23.6463,0.0298152,1.89719,0.0500671,0.171937,1.43663,3.85911,1545.56,0.802598,0.729394,0.826409
04040500,-0.349375,3.29428,0.118445,115.022,8.09742,0.0523074,0.864554,0.00484891,0.0294816,162.456,0.0161634,3.26134,0.300895,0.25895,2.0813,2.51215,442.699,0.855862,0.672969,0.727613
04043050,1.36457,3.20903,0.841784,1032.13,0.11862,0.495633,0.747814,0.00241719,7.95848e-05,5999.32,4.22913,0.564242,0.295434,0.000241188,6.07301,1.18489,72.4887,0.661427,0.502686,0.708653
04045500,0.121826,4.01784,0.0788089,181.909,6.29551,0.0762251,1.15054,0.000579052,0.0080169,93.9795,0.494895,1.33347,0.0867077,0.184475,1.41846,3.98929,2045.22,0.899488,0.64903,0.787553
04056500,-0.939442,2.91335,0.636537,270.338,6.13977,0.458033,0.853488,2.73671,0.011692,2470.65,0.692929,2.10517,0.0541827,0.0450732,2.45404,3.24591,2847.77,0.83001,0.668331,0.637705
04057510,0.249667,3.29539,0.0421791,421.36,1.26334,0.330553,1.14677,0.65044,0.00945879,93.8923,0.309836,1.47073,0.0786626,0.0764861,2.08479,3.13347,473.765,0.808554,0.713666,0.662928
04057800,-0.685914,3.50482,0.125169,46.9202,0.0245355,0.146562,1.19062,0.000131473,0.286969,306.47,0.0104143,6.82856,0.389432,0.206271,4.371,2.01329,119.089,0.865121,0.58178,0.638805
04059500,-0.557591,2.23314,0.477324,326.95,6.22972,0.210387,0.84882,0.105787,0.32053,182.056,0.224786,5.73632,0.200569,0.217684,2.68185,0.758969,1165,0.861121,0.781205,0.792449
04063700,0.265407,2.27594,0.150177,59.8521,0.114342,0.174591,1.40969,0.0407879,0.129805,307.522,0.0346059,3.93583,0.166666,0.0227116,2.43836,3.75378,359.854,0.84555,0.620048,0.60674
04074950,0.445423,3.00086,0.00722386,1287.03,0.537964,0.0215091,1.08598,0.00348943,0.000877326,73.0724,0.481805,0.8723,0.0706211,0.000384311,1.73965,1.26688,1198.65,0.881893,0.807472,0.874076
04105700,-1.52251,1.78265,0.0008029,398.102,0.448433,0.127213,1.31003,0.0347573,0.485553,855.794,0.293462,2.58459,0.304518,0.178465,2.64084,2.57401,100.707,0.83783,0.564885,0.747786
04115265,-0.568529,2.36779,0.00172252,499.012,0.169321,0.0027079,1.12959,0.000227379,0.00250468,39.4656,0.303448,7.05178,0.461776,0.254403,5.79212,1.01094,102.779,0.795762,0.577589,0.590978
04122200,-0.0827463,6.96017,0.00166157,381.242,0.445975,0.000853028,1.46454,6.58359e-05,0.00666569,1024.79,0.429487,4.80101,0.168238,0.00253586,6.35914,0.654333,1051.09,0.794704,0.689013,0.743658
04122500,-0.819247,2.86263,0.0170255,644.425,0.22748,0.104242,1.02658,1.1349,0.00276755,131.506,0.354799,2.76167,0.0503413,0.00137286,2.67176,3.90733,1763.03,0.840579,0.704416,0.810328
04124000,-1.13695,1.3422,0.301301,418.583,4.59572,0.144063,0.739906,1.06137,0.461028,3345.12,2.16891,1.49245,0.110394,0.0356626,3.14639,0.947754,2218.67,0.829319,0.658743,0.798701
04127997,-1.09118,2.0896,0.000170601,1588.59,2.36961,0.0709113,1.61405,1.2494,0.0111869,2227.66,1.50464,1.29484,0.0665757,0.0171479,2.28811,2.07251,497.065,0.794087,0.625689,0.712565
04161580,-1.51742,1.78504,0.0382915,338.408,0.277176,0.013335,0.904704,0.00534181,0.00185669,39.7815,0.0617696,2.39436,0.176299,0.422958,2.7553,1.99571,66.2754,0.747617,0.42358,0.428781
04185000,-0.757196,3.25342,0.896676,107.138,3.86067,0.00947378,0.888052,0.0195106,0.00523187,27.2614,0.0504032,2.15079,0.303873,0.00658283,2.19722,2.94761,1061.44,0.876864,0.79698,0.752617
04196800,-0.579611,3.02908,0.313378,171.586,0.234858,0.124635,0.795292,0.00327155,0.0021854,545.511,0.0161982,2.65892,0.870094,0.000929027,3.19632,2.3569,592.854,0.836208,0.768764,0.832984
04197100,-1.25971,2.30856,0.0813124,165.45,0.203458,0.00204673,0.921546,1.67535,0.00289895,49.0588,0.0545929,2.17154,0.0504524,6.82194e-05,2.28806,3.17754,385.743,0.797939,0.709775,0.821627
04197170,-1.23475,2.5532,0.156598,168.552,0.190761,0.00931181,0.902578,2.40406,0.00277404,115.069,0.0268924,1.95832,0.678807,0.000278437,2.31391,2.61518,89.5753,0.803172,0.661934,0.752299
04213000,-0.991421,2.28954,0.424013,280.338,0.560434,0.259761,0.862226,2.04219,0.00125657,136.224,2.00827,4.43735,0.219519,0.000234337,6.14381,0.738004,453.054,0.743543,0.724396,0.797626
04213075,-0.19492,4.23717,0.0171438,184.365,0.240542,0.112187,1.12431,2.02065,0.00885705,96.2316,0.0288658,3.69981,0.21397,0.00107649,1.70283,0.69687,11.5205,0.518015,0.393526,0.497788
04216418,0.0947669,4.33284,0.0696816,238.002,1.44692,0.185096,1.02265,1.60279,0.00810025,64.8991,0.0161541,3.90796,0.197104,0.00218732,1.08256,3.02353,199.085,0.718615,0.677779,0.696436
04221000,-0.172102,3.86609,0.889157,82.5923,7.26664,0.0188573,0.919226,0.011251,0.0653782,546.66,0.141822,1.56637,0.60654,0.185858,3.71772,0.193891,745.598,0.800341,0.64749,0.759491
04224775,0.64909,4.58244,0.862581,34.5895,0.620717,0.253044,0.946448,0.828118,0.123407,262.421,0.0726719,2.29134,0.190456,0.214696,1.40108,1.49578,230.152,0.677923,0.625824,0.635356
04233000,-0.0839909,2.85121,0.94951,76.9793,9.80165,0.212421,0.92182,3.18956,0.323793,191.732,0.0511464,3.68055,0.347313,0.021406,3.25199,0.144367,91.1286,0.721375,0.572578,0.725409
04256000,-0.0255495,3.6696,0.0372926,332.124,9.16667,0.287729,0.92299,0.00316565,0.0229047,94.9614,0.210307,1.46542,0.530214,0.00670487,4.60048,1.18065,229.634,0.764642,0.766107,0.834293
04296000,-1.17503,2.67687,0.199767,29.8402,1.10376,0.0976946,1.18151,0.0125499,0.397312,304.208,0.014552,6.172,0.357374,0.0679886,3.92319,0.644117,315.843,0.819406,0.691113,0.788411
05057000,0.87949,7.71995,0.896019,46.3916,9.96572,0.499639,1.46804,2.46113,0.0001112,5258.63,0.255182,2.0369,0.0777917,8.38308e-05,2.45916,3.98493,3287.88,0.802873,0.533398,0.69673
05057200,2.11357,7.91878,0.0296785,69.5903,0.169676,0.00140966,2.37251,2.77734e-05,0.0449083,376.586,0.0521924,6.92058,0.203572,0.0994771,3.73179,0.700015,908.697,0.86402,0.373039,0.270074
05062500,0.487154,3.96572,0.4829,40.7475,0.0201986,0.149195,1.02849,3.80271e-05,0.122158,304.039,0.0101002,3.92357,0.134874,0.000277657,1.36786,0.702426,2418.01,0.697324,0.521952,0.630496
05087500,0.882097,7.98735,0.0612051,266.978,0.0839515,0.063336,0.8827,0.0230062,0.000553348,29.5852,0.0320955,1.28135,0.224228,0.00101383,6.42061,1.40986,660.165,0.760055,0.628853,0.512162
05120500,-1.64004,4.0021,0.132706,342.399,2.66683,0.354322,2.4841,0.293862,0.000481483,3785.96,0.247061,4.07537,0.0504499,0.015182,6.37749,3.92695,737.831,0.530764,0.222912,0.10021
05123400,-0.669681,7.94604,0.474645,1082.1,0.493836,0.499489,0.790251,3.43461,0.491087,263.186,0.0273403,6.3198,0.0917183,0.234367,4.06258,3.0063,1889.88,0.814031,0.473579,0.3392
05129115,-1.10995,1.28179,0.658511,1119.72,6.02955,0.274189,0.916364,0.169578,0.0519933,195.188,0.791277,4.68807,0.162219,0.0379355,1.5853,3.49319,2342.94,0.845274,0.625504,0.79793
05131500,-0.538771,1.7137,0.905198,115.117,9.59363,0.0174787,0.960412,0.0313607,0.0238959,42.6066,0.107002,0.94193,0.32448,0.0193174,2.88748,1.4182,4349.32,0.811456,0.693756,0.793078
05291000,0.168506,7.67627,0.947375,114.689,9.88726,0.209484,0.807338,3.35522,0.190634,740.057,0.071125,0.927483,0.24939,0.000327542,7.03985,0.49176,1030.37,0.818208,0.630467,0.71637
05362000,0.994703,5.47227,0.945622,101.802,0.207177,0.318727,0.926555,1.51285,0.00253967,1300.08,0.687465,1.47874,0.098431,0.156007,1.9217,3.12327,1491.2,0.857197,0.712905,0.740947
05393500,0.310286,3.81664,0.0175863,374.334,0.14329,0.000884735,0.915869,0.00243915,0.00070381,27.3307,0.0138332,2.83244,0.219209,0.00839385,3.39995,0.233214,211.253,0.79479,0.718303,0.72355
05399500,-0.237961,2.22239,0.243005,146.166,2.18437,0.185256,1.06666,1.44451,0.000134208,41.6195,0.226128,4.28191,0.164026,0.0002672,1.59905,1.93426,579.909,0.687669,0.607819,0.785083
05408000,-0.23388,3.97906,0.0733586,318.49,0.0622458,0.131375,1.01915,2.02824,0.00490764,536.859,0.170019,1.7496,0.239223,0.0164608,2.07671,1.02023,688.642,0.93534,0.600524,0.686245
05412500,-0.513548,7.06925,0.949725,110.042,0.276211,0.0720417,0.970734,1.75607,0.0125425,11.752,0.968517,8.08199,0.0896116,0.133879,2.37331,1.2238,3999.82,0.869835,0.661848,0.719252
05413500,-1.69925,1.01837,0.923996,139.563,0.0893347,0.167971,0.841096,1.74221,0.0292902,339.323,0.450281,1.40447,0.521215,0.309503,1.7519,0.212572,696.409,0.779331,0.468333,0.639422
05414000,-1.09549,3.83658,0.433381,278.384,0.0769206,0.198363,1.01098,0.673725,0.00470118,154.282,0.0501452,5.5346,0.12496,0.0074458,1.17039,0.2836,367.621,0.669858,0.410357,0.62737
05444000,-1.6038,7.62985,0.931004,66.7806,0.17257,0.00359866,0.873112,0.0368132,0.0598794,524.672,0.107951,2.14856,0.906136,0.223281,5.88744,0.690247,377.977,0.734443,0.390548,0.556838
05454000,-1.27505,3.87273,0.171279,124.922,0.502019,0.11313,0.980268,1.02746,0.0143571,114.506,0.0228956,3.01753,0.100875,0.00250085,1.73376,3.6339,65.4987,0.650955,0.443806,0.46754
05458000,-1.03653,2.33595,0.488357,244.034,0.0162196,0.452171,1.01433,2.61279,0.00234009,29.0367,3.82725,8.25659,0.426752,6.53548e-06,5.91716,0.624866,792.198,0.829086,0.623833,0.807493
05466500,-0.263749,7.98657,0.941992,115.721,9.4407,0.19099,0.882597,2.85003,0.0349596,141.008,0.0225048,3.65124,0.272108,0.0318613,1.78037,3.25908,1152.05,0.740309,0.721755,0.773415
05487980,0.380319,5.92202,0.679517,187.618,0.386885,0.000340957,0.658828,0.0643249,0.00596003,3808,0.0703593,1.2717,0.668549,0.0667908,3.30583,0.848185,862.097,0.732545,0.713512,0.594102
05488200,-0.732365,6.57817,0.068284,214.689,0.747692,0.00138685,0.958354,2.06924,0.00411279,78.3067,0.0293021,0.962646,0.0755491,7.01314e-05,4.78727,1.01962,233.258,0.636905,0.615231,0.562866
05489000,-1.15184,1.86723,0.146157,165.296,0.495513,0.000114606,0.929642,1.70564,0.00504116,702.488,0.0243045,2.24987,0.237101,5.94751e-05,5.22764,0.560776,968.242,0.694437,0.728494,0.652521
05495000,-1.60577,1.91724,0.184176,108.031,0.214294,0.00125683,0.86336,1.09136,0.0069968,322.214,0.126044,0.744303,0.415117,0.0746921,3.00133,1.37095,1035.55,0.823688,0.727825,0.763942
05495500,-1.15511,2.2197,0.0827407,244.23,0.396946,0.000144028,0.880747,0.00803663,0.00237244,546.861,0.0561514,0.873169,0.996377,0.000561258,3.68275,0.780528,903.519,0.813143,0.67253,0.689013
05501000,-1.40193,1.25471,0.215685,105.605,0.340719,0.00171756,0.931835,2.93944,0.00928227,250.392,0.0796444,1.59899,0.150893,0.0824648,1.48572,1.85503,916.464,0.836272,0.619483,0.580176
05503800,-1.14329,1.88825,0.081603,139.384,0.232589,0.000328177,0.87302,0.00288309,0.00441779,203.294,0.0381969,1.76243,0.985607,0.277503,7.27384,0.677331,207.11,0.865062,0.593369,0.465421
05507600,-1.88083,1.13403,0.117363,204.422,0.246674,0.0289765,0.762044,4.00158,0.00312374,2528.1,0.0151536,1.4763,0.139559,0.0733805,1.80738,1.39351,269.244,0.830373,0.660628,0.794497
05508805,-1.24035,1.21537,0.134666,240.348,0.501656,0.0350665,0.899131,3.98151,0.00221095,137.298,0.0276463,0.791698,0.111449,0.0922383,1.99373,1.16546,533.31,0.79472,0.753537,0.770774
05514500,-1.25255,1.0005,0.0925036,275.882,0.199876,0.00182917,0.875409,0.825557,0.00143499,55.3008,0.0623085,0.692602,0.661956,0.172774,5.50074,0.392476,2337.76,0.842547,0.786216,0.676326
05525500,0.3206,4.08083,0.827679,92.7034,0.501045,0.0181988,0.787808,2.30458,0.00682479,75.7969,0.0109605,3.11916,0.053163,0.162098,2.3956,2.46097,1154.64,0.864672,0.759566,0.768517
05556500,-0.524305,7.95117,0.202294,176.64,0.196503,5.8182e-05,0.973001,2.171,0.00700229,122.657,0.0117694,3.73047,0.999636,0.0004344,1.79559,2.07737,507.421,0.786511,0.563742,0.615596
05584500,-0.415246,4.62605,0.128807,178.501,0.304602,0.000307778,0.936988,0.00745333,0.00395574,127.701,0.0745854,1.95193,0.699133,0.00023812,2.49089,1.7523,1695.72,0.758262,0.778619,0.799328
05585000,-1.21818,2.01191,0.0715394,176.675,0.205027,0.0024727,0.887276,0.289556,0.00353682,117.881,0.049764,1.18103,0.426747,0.190722,1.73162,3.19617,3347.42,0.842856,0.77136,0.737048
05591550,-1.52493,1.90644,0.298985,127.234,0.173012,0.285278,0.864445,2.18089,0.00480309,34.6335,0.0480631,1.69043,0.229127,0.0584881,2.502,2.16227,89.5753,0.796352,0.635767,0.773657
05592050,-0.678698,1.10053,0.863949,255.137,0.66986,0.321962,0.860667,2.18136,0.00130795,46.3653,0.0368751,1.41506,0.357433,0.00482491,2.22823,1.59158,241.025,0.785681,0.640617,0.601507
05592575,-0.0638105,1.07154,0.110005,183.885,0.246213,0.136682,0.836003,2.82421,0.00205433,42.2233,0.0250545,1.56735,0.236474,0.238541,1.84481,0.189302,114.429,0.758979,0.685181,0.668558
05593575,-1.37153,1.92631,0.0920393,184.538,0.461921,9.04109e-05,0.839371,0.00047854,0.0030829,836.936,0.0432824,0.831082,0.989055,0.0405411,5.10312,0.959631,218.243,0.842823,0.822875,0.775647
05593900,-1.99567,1.12268,0.70533,152.287,0.241326,0.0192837,0.636128,2.32211,0.00617679,3991.13,0.0548266,1.77827,0.0610884,0.00184671,1.53968,2.55091,143.683,0.790733,0.713799,0.818221
05595730,-1.98072,1.72254,0.0865657,281.977,0.216726,0.0028261,0.870991,3.81071,0.00180244,1015.66,0.0294928,1.95965,0.772882,3.69143e-06,7.05543,0.642789,227.822,0.820602,0.807589,0.754093
06037500,0.632396,3.14518,0.0168055,148.745,0.358816,0.0523815,2.01869,0.0616763,0.288157,5630.92,0.862259,2.20862,0.0624481,0.0287887,4.26973,0.773006,1087.33,0.858062,0.656374,0.753937
06043500,2.89455,2.51807,0.0449105,172.123,2.23652,0.17022,1.26603,0.906201,0.273754,758.955,0.0508053,5.61145,0.111208,0.125107,2.02028,2.17076,2135.83,0.935589,0.634525,0.81359
06154410,-1.3153,1.12357,0.945084,110.727,9.32495,0.213058,0.815654,1.34242,0.0919713,673.222,0.673249,0.69223,0.0948378,0.00123256,3.40997,3.39999,33.6555,0.884749,0.523456,0.752388
06188000,2.29009,2.79398,0.944842,56.4772,7.56541,0.0634373,0.61409,0.0108172,0.372428,1436.82,4.92569,7.55957,0.940329,0.2314,1.20493,3.40894,1708.66,0.903607,0.750981,0.843476
06191500,2.0593,2.48149,0.1042,431.101,0.0923752,0.249613,1.00047,1.64123,0.10125,369.414,0.204491,3.32412,0.275651,0.0539835,1.10781,1.50014,6780.28,0.935466,0.536833,0.734148
06221400,2.99951,1.44529,0.000202632,1986.42,0.0118042,0.272151,0.200031,0.910522,0.0511642,1084.43,4.9427,8.44411,0.679303,5.66005e-06,2.92575,3.97944,228.339,0.741258,0.475369,0.736088
06224000,2.99961,2.86659,0.1826,576.225,3.78474,0.137418,0.200132,1.18858,0.0548089,376.58,4.83344,2.75124,0.48387,5.3495e-06,3.45167,3.22402,484.121,0.817348,0.634962,0.819994
06278300,1.55521,2.90835,0.948962,50.5696,0.0144161,0.0315402,0.89676,7.05571e-05,0.0879301,96.5146,0.71165,1.88694,0.32772,0.000917981,4.51522,1.74355,59.8032,0.815586,0.345044,0.686829
06280300,2.89821,3.06199,0.0958126,619.464,0.0154872,0.304396,0.739731,0.41296,0.075799,305.25,0.0175826,6.03884,0.311715,5.15792e-05,1.31135,3.93347,768.898,0.89462,0.479203,0.701077
06289000,2.95347,2.4047,0.869659,157.539,5.80339,0.0696438,0.896312,0.00226913,0.225861,857.833,0.112703,8.98416,0.162669,0.121791,1.40406,1.66715,471.176,0.811023,0.715275,0.844255
06291500,2.99832,1.08812,0.0525532,735.932,4.87785,0.131101,1.00573,0.900405,0.0610103,185.904,0.280601,2.64176,0.052664,0.118914,4.45433,1.4846,208.923,0.780562,0.625258,0.666456
06311000,2.5251,3.2488,0.349797,149.775,6.4983,0.367347,0.828513,1.6871,0.15506,181.455,0.04011,4.08518,0.0698959,0.0586445,5.50353,1.45658,63.4276,0.826053,0.410505,0.682084
06332515,0.485255,4.964,0.149737,612.19,0.0328376,0.170406,0.725555,0.00943597,0.240193,2618.7,0.0216432,0.977684,0.376038,0.28709,2.2979,1.7365,191.577,0.229666,0.22726,0.0300256
06339100,0.777227,7.11049,0.0266656,1148.61,0.641894,0.040613,1.09107,0.249566,0.000160797,5.33017,0.0132465,2.38339,0.204748,0.0128793,7.89971,0.625576,530.721,0.193825,0.11676,-0.034505
06339500,-0.250924,3.80349,0.102036,223.693,3.03185,0.0154229,1.78279,0.365322,0.00128231,13.9478,0.173872,0.928805,0.0521092,0.01181,2.04102,3.0334,3184.32,0.322562,0.229037,0.187219
06344600,1.40867,7.9417,0.133364,254.816,0.0101285,0.208858,1.14504,0.0926335,8.44355e-05,2251.03,0.214812,1.30798,0.646011,0.293611,7.87627,0.600458,393.51,0.146646,0.101438,0.146004
06350000,1.79773,7.95868,0.0445449,1627.98,2.34232,6.9552e-05,0.903421,0.539299,0.000116019,35.709,0.0388107,2.43769,0.0511366,0.247284,3.09849,3.03106,1501.55,0.431567,0.147313,-0.151892
06352000,1.37791,7.51115,0.383577,242.709,1.50021,0.365007,1.03155,0.496223,0.479778,1644.16,0.0960982,0.900878,0.329744,0.02994,4.50025,1.42727,1431.65,0.515816,0.231742,0.227827
06353000,1.87894,7.97872,0.62625,120.253,4.46711,0.280306,1.28242,0.554992,0.498093,5725.01,0.0871904,0.630064,0.126943,0.0640978,1.50227,0.245298,4530.54,0.444861,0.285995,0.223417
06354000,1.34931,5.49945,0.121601,219.655,8.48033,0.000434152,1.50905,0.513279,0.000831586,27.6591,0.171017,2.66569,0.050331,0.0227462,1.39669,3.95466,10614.4,0.448777,0.344,0.275027
06360500,0.452371,4.63595,0.603867,99.8348,7.76065,0.0890808,1.06222,0.000770753,0.337338,208.979,0.0862284,1.90485,0.617766,0.0097051,2.59555,1.06979,12628.6,0.899891,0.225781,0.248084
06404000,0.904309,2.29275,0.48457,56.327,0.415537,0.151742,1.49933,0.699157,0.264653,603.983,0.12283,2.67294,0.0545186,0.0208096,3.13334,1.75365,151.708,0.816623,0.550664,0.383611
06406000,0.155546,1.75062,0.274301,170.184,6.2832,0.0803826,1.71922,1.11095,0.450169,3037.45,0.212553,4.1721,0.0781051,0.0101693,4.26402,0.876629,437.521,0.297298,0.298999,0.161877
06408700,0.486443,1.84009,0.111159,739.511,0.0101396,0.0125235,0.987255,1.17251,0.00290308,5361.1,4.00621,1.39205,0.0502416,0.0104056,4.6574,3.02017,20.245,0.979111,0.728318,0.537186
06409000,-0.0747341,1.56758,0.0171741,1926.38,0.042555,0.0369028,1.43073,0.0624366,0.00628855,1428.88,0.161561,1.23627,0.0717394,0.115662,1.80072,0.55137,205.298,0.633661,0.48686,0.40993
06431500,-0.427191,1.01146,0.672258,242.474,1.4785,0.0848621,1.11309,2.8274,0.208871,2741.49,0.715221,1.25775,0.0613995,0.0394225,2.11092,2.88446,427.165,0.829112,0.755918,0.841173
06440200,-0.654332,4.55597,0.296224,112.487,4.70816,0.0105863,1.21961,0.0325259,0.00294835,98.754,0.258827,1.02245,0.68567,0.00776535,5.47784,1.03173,665.342,0.796358,0.238142,0.297659
06441500,1.35589,6.69228,0.0271382,1393.78,9.4548,0.125053,1.28056,0.193727,5.73362e-06,1266.82,0.147148,0.884316,0.244728,0.00854451,1.14011,1.27737,8147.21,0.81442,0.351554,0.167403
06447000,0.427974,2.25926,0.120315,88.7263,0.803476,0.00220149,1.17087,0.217875,0.0725852,2478.87,0.0702075,0.701097,0.0707836,0.175965,2.42385,0.698298,12838.3,0.671079,0.507666,0.597759
06447500,1.46948,6.91735,0.12886,306.267,0.0133381,0.0628087,0.763067,2.50656,0.406349,861.828,0.0855103,0.841875,0.170142,0.221708,2.93073,1.56614,776.664,0.562745,-3.92513,-0.423515
06450500,0.635319,5.07185,0.439256,121.767,1.15732,0.0773905,1.23802,0.312668,0.150111,5773.27,0.319257,1.15281,0.0625087,0.0343152,2.81035,0.555631,3867.79,0.471839,0.271111,0.264307
06452000,1.35318,3.94136,0.257478,177.225,7.57305,0.0922293,1.07221,0.00264016,0.0699908,2527.13,0.114941,1.08368,0.26862,0.0297792,1.48417,0.619849,25523.8,0.690411,0.409028,0.349959
06453600,0.856712,6.91429,0.079631,765.954,3.1853,0.227865,1.2631,0.987054,0.326681,842.972,0.112782,3.18012,0.237953,0.0753385,3.99248,0.557093,2102.17,0.530899,0.3902,0.314013
06464500,0.266969,2.45092,0.0900796,571.923,0.0120813,0.0916268,0.788712,0.0438903,0.487686,793.892,0.0717694,1.01211,0.183097,0.184886,3.18394,0.749409,2902.14,0.503097,-1.447,0.108507
06477500,0.111175,3.50966,0.113969,195.975,0.328367,5.38559e-05,1.54976,0.00154969,0.000104469,159.603,2.48645,5.52558,0.295037,0.272049,5.31698,0.810463,1519.67,0.88527,0.436162,0.164676
06479215,-0.00565529,6.41563,0.942105,44.0376,0.0388851,0.162608,1.3611,3.86539,0.223719,151.627,0.201271,1.26224,0.188798,0.00170233,2.59718,2.87732,176.562,0.829679,0.207937,0.27764
06479438,-0.0897654,7.78303,0.946632,43.6506,0.0284746,0.0646749,1.79177,2.46652e-05,0.127705,160.536,1.14847,0.768249,0.414158,0.000115263,4.0919,0.74239,595.443,0.857863,0.10187,0.0744839
06601000,-0.979893,7.99886,0.0906296,279.995,2.31523,0.0476007,1.39601,1.18555,0.499724,630.426,0.312196,2.49207,0.819992,0.00538417,1.16525,0.21025,450.465,0.340406,0.386131,0.319087
06614800,2.92486,6.97373,0.300678,84.5254,0.14422,0.41588,1.41441,0.083761,0.0986775,494.269,0.366033,4.86721,0.0759598,0.0244413,1.86093,0.264773,3.98688,0.876822,0.652585,0.798364
06622700,2.88022,4.81952,0.354993,114.762,0.373051,0.323878,1.18501,1.263,0.105396,328.311,0.046928,4.79589,0.0650908,0.054153,2.73013,3.86412,96.8242,0.883419,0.798341,0.840679
06623800,2.7236,4.42235,0.135029,374.551,3.10458,0.325129,1.46889,1.65139,0.0757718,372.983,0.121168,3.38025,0.0777384,0.023867,2.52265,3.72666,188.212,0.92528,0.774379,0.865872
06632400,2.98566,6.72844,0.0649232,301.526,0.625444,0.018564,1.57394,0.00520016,0.0873685,238.613,4.63192,1.15551,0.566195,0.208847,2.34482,3.92151,162.841,0.904449,0.760642,0.82993
06746095,2.99976,4.58637,0.0858368,102.221,0.0100872,9.76842e-05,0.200024,0.100581,0.0805375,334.923,4.89614,4.32277,0.156905,3.22844e-06,1.84153,0.240704,8.12909,0.777412,0.66944,0.628472
06784000,-0.135812,5.83299,0.177674,121.002,0.652489,0.0201975,2.00626,0.306316,0.112141,5935.67,0.851246,0.803091,0.0500292,0.0162765,1.46491,2.50243,4116.32,0.617375,0.117724,0.0745504
06803510,-1.99654,2.11969,0.477134,84.0039,0.040436,0.106698,0.793504,3.16893,0.0167191,394.375,0.123293,1.5862,0.999241,0.476136,1.20006,1.8266,112.875,0.761941,0.463509,0.314495
06803530,-0.610142,2.21882,0.0221864,252.854,0.109808,0.0375926,0.966891,3.30971,0.00226789,72.8614,0.0176811,4.4334,0.0545083,0.402064,1.10006,2.08174,310.666,0.789542,0.579069,0.440793
06814000,-1.78921,2.01467,0.475863,81.1824,0.299897,0.0199776,0.735224,2.39289,0.0131454,1294.7,0.0928547,0.943336,0.293765,0.347078,1.65507,1.25655,714.531,0.867873,0.805929,0.704954
06846500,1.07245,2.25535,0.265513,371.269,0.379379,0.0405613,1.59703,0.0461177,0.109235,483.207,0.167455,0.928092,0.232644,0.223955,2.50031,1.26655,3427.68,-0.00183637,-0.0563695,-0.77735
06847900,-1.69783,1.88324,0.215831,275.035,6.55435,0.00741688,2.00641,1.70957,0.484703,1524.91,0.281506,1.0216,0.278814,0.0477027,1.52407,1.15861,1527.44,0.848278,0.0500894,-0.322022
06853800,0.790569,5.29063,0.135875,222.693,0.130798,0.00687597,1.07266,0.758981,2.68975e-05,1342.77,0.57882,1.25785,0.0554895,0.356749,2.83566,1.62108,587.676,0.754765,0.23103,0.496915
06876700,-1.77145,1.63961,0.162,70.5808,0.0956383,3.13376e-05,1.46238,0.147872,0.0193061,588.225,0.019721,5.71645,0.34188,0.00215181,2.0811,3.34947,994.13,0.72315,0.653915,0.589668
06878000,-0.910054,2.479,0.218907,126.838,0.239509,0.0309184,0.8924,0.000158377,0.00280908,723.165,0.57132,0.863377,0.910806,0.384307,6.6832,0.472587,776.664,0.834912,0.632607,0.674447
06879650,-1.92501,1.42153,0.93375,135.258,0.237137,0.247631,0.785439,1.08661,0.00304235,264.027,0.0598386,0.921902,0.0950029,0.364913,1.53014,1.14859,10.5885,0.410407,0.337276,0.263412
06885500,-1.99771,2.6002,0.141375,60.5438,0.253972,5.36753e-05,1.27498,0.720431,0.0309103,321.633,0.0150672,5.79683,0.817084,6.40614e-05,5.74011,0.440987,1061.44,0.822926,0.770919,0.871427
06888500,-1.99946,1.98913,0.14992,157.933,0.447045,0.201975,1.07181,3.50744,0.00052195,44.9302,0.078147,7.81583,0.0501885,0.0550312,1.29014,1.40409,823.264,0.661741,0.680573,0.618635
06889200,-1.99897,1.8217,0.237003,754.173,0.0578119,0.146877,0.695577,2.72537,0.000648794,4095.46,0.134604,1.34096,0.999412,9.45469e-06,1.34404,0.175053,385.743,0.540277,0.511532,0.625977
06889500,-1.83292,1.95776,0.00432459,441.026,0.0469164,0.0424358,0.69586,2.91686,0.00198951,2963.82,0.0550154,1.24589,0.578444,1.37746e-05,1.37259,0.565579,750.776,0.700547,0.627508,0.79168
06892000,-1.99817,3.17599,0.16626,192.101,0.226766,0.00186799,0.778951,0.199417,0.00362816,1991.14,0.0718411,1.14333,0.844564,9.39627e-05,3.77097,1.04788,1051.09,0.876234,0.740498,0.867421
06903400,-0.120783,4.10364,0.788098,149.082,0.362998,0.0623093,0.895387,0.118563,0.00366922,1517.73,0.077214,0.930323,0.565627,0.00019872,1.57403,3.19883,471.176,0.824156,0.60736,0.51947
06906800,-0.273111,1.00193,0.24378,456.573,0.253174,0.00166311,0.739993,1.88695,0.00110093,2089.4,0.064811,1.26987,0.76735,0.223408,6.08476,0.405556,1405.76,0.789699,0.785443,0.713157
06910800,-1.99069,1.9983,0.125946,181.775,0.241941,0.0294971,0.919865,3.92828,0.00260107,43.8533,0.0910006,0.907256,0.226541,0.00901287,1.54155,1.51527,458.232,0.811948,0.828451,0.825386
06911900,-1.98804,2.06621,0.0712859,196.265,0.219174,0.000425371,1.02391,4.84926,0.0014169,48.4912,0.092352,3.00424,0.96018,0.00110146,1.75563,1.25838,295.132,0.827399,0.853171,0.871754
06917000,-1.62518,1.08262,0.894077,94.7845,0.720113,0.00110558,0.72258,4.27302,0.0195616,3641.41,0.0477687,1.72586,0.763637,1.46136e-05,6.44249,0.521084,812.909,0.858736,0.755825,0.761892
06918460,-0.819883,2.80192,0.120198,59.1324,0.125749,0.072253,1.5524,3.87391,0.364471,380.707,0.010066,8.92456,0.37765,0.00647666,3.03602,0.841944,652.398,0.79419,0.673454,0.706329
06919500,-1.65198,2.46761,0.935042,121.209,0.30374,0.00648428,0.804015,0.1337,0.00690938,1684.16,0.0426402,1.13367,0.709049,0.253285,3.38945,1.07158,1087.33,0.854421,0.863086,0.870835
06921070,-1.99134,2.80829,0.57951,116.315,0.177651,0.149027,0.810423,2.45345,0.00767076,233.377,0.194474,0.8976,0.261231,0.225406,1.40364,1.42223,714.531,0.820623,0.773283,0.719069
06921200,-1.98981,1.02254,0.0666473,184.499,0.400844,0.107473,1.30816,3.34193,0.0014922,42.7007,0.035008,8.92418,0.0803966,0.0964944,1.41841,1.11046,289.955,0.78873,0.636034,0.531503
06934000,-1.25492,2.13441,0.945845,116.199,0.263581,0.0782083,0.817324,3.25727,0.00819696,887.846,0.15609,1.47429,0.0615455,0.23403,4.09855,1.08941,8232.64,0.881335,0.790925,0.815278
07014500,2.11005,1.00041,0.667879,139.433,0.277125,0.0305665,0.837912,0.000882456,0.00999796,13.408,1.35797,5.39431,0.978866,0.432601,4.35982,0.719947,3818.6,0.88248,0.63416,0.627232
07056000,-1.97641,1.35597,0.949588,70.2784,0.0796093,0.163591,0.881141,4.87836,0.0663916,258.553,0.0271188,2.06983,0.623553,0.0372612,4.23509,0.408932,2146.18,0.868045,0.776811,0.875593
07057500,-1.22491,1.01646,0.819426,73.8529,0.143065,5.08714e-05,0.603474,0.00015178,0.13204,768.714,0.0790181,2.99813,0.881021,0.326408,1.15826,0.732119,1452.36,0.886123,0.62836,0.723288
07060710,-1.12095,1.00094,0.230113,1048.48,0.115723,0.330912,1.07236,3.35751,0.000372877,5504.2,0.91419,1.1298,0.98352,9.45706e-06,1.19789,0.273077,150.414,0.627345,0.138887,0.560858
07066000,-1.36345,4.15752,0.797497,56.4183,0.326254,0.00221137,0.665195,0.000355236,0.246056,232.608,0.462058,1.37347,0.838988,0.360254,3.95362,0.577013,1030.37,0.774456,0.556121,0.625575
07067000,-1.88997,2.15956,0.931649,165.554,0.559542,0.262451,0.798706,3.94003,0.012352,537.296,0.261248,7.79878,0.161366,0.267029,3.68054,0.604649,4315.66,0.826445,0.599419,0.607413
07068000,-1.03899,3.0508,0.600903,132.031,0.277954,4.19728e-05,0.66115,1.86773e-05,0.0180475,800.314,0.315474,8.94152,0.517986,0.282671,4.3311,0.483557,5276.14,0.840162,0.692753,0.761035
07071500,-1.95883,1.21496,0.94664,121.13,0.142839,0.000757518,0.735238,0.000134485,0.0368706,205.556,0.930086,1.18215,0.679771,0.419099,1.31936,0.935757,2052.98,0.845047,0.627892,0.627957
07083000,2.3771,4.27548,0.436876,13.1955,3.05053,0.498736,0.355814,0.197099,0.316585,761.712,4.94831,2.99526,0.0501612,0.414879,5.47207,1.75543,60.8387,0.904328,0.830257,0.788044
07142300,0.672809,5.38726,0.284173,199.273,0.055415,0.00167278,1.01206,0.269697,0.000714103,71.1131,0.313895,4.21238,0.0576029,0.152599,7.50371,1.41543,921.642,0.759641,0.159453,0.041794
07145700,-0.567143,1.0464,0.140197,76.8369,0.693366,0.00564651,1.29754,2.2994,0.00792416,301.947,0.182452,3.63064,0.728697,0.00550707,6.58042,0.598012,398.688,0.808758,0.677033,0.75833
07148400,-0.63607,2.09507,0.135307,150.92,0.0351311,0.044058,0.840803,0.481744,0.00863063,271.966,0.0104978,3.56857,0.244981,0.054086,2.12344,0.743692,2542.28,0.715285,-0.307914,0.434866
07149000,0.104166,3.74757,0.157019,122.125,0.0546025,0.034677,0.881052,0.145248,0.0173597,251.309,0.083722,1.75563,0.348229,0.159007,5.56242,0.44048,2337.76,0.801442,0.402321,0.419562
07151500,-1.99645,1.50371,0.137246,158.803,0.26528,0.069207,0.870592,3.44622,0.00606447,111.225,0.0498619,2.02022,0.135746,0.000857521,2.92499,0.713305,2055.57,0.821692,0.67277,0.803135
07167500,1.00917,1.02298,0.949596,58.1011,0.566689,0.0033161,0.531066,4.91693,0.047416,410.554,0.0686817,2.79697,0.999932,0.102034,1.35383,0.234862,333.966,0.789472,0.491982,0.0427856
07180500,-1.15104,1.41926,0.172842,174.452,0.40163,0.0427794,0.81624,1.53652,0.00354818,23.5962,0.0359746,1.93925,0.0505287,0.166933,2.79649,0.565059,284.777,0.664753,0.565368,0.652085
07184000,-1.52682,1.21406,0.691025,168.943,0.616547,0.0628099,0.94431,3.17422,0.000844302,21.818,0.57275,6.02155,0.973509,2.82471e-05,5.42112,0.841183,510.01,0.802507,0.674722,0.743582
07195800,0.579191,1.02445,0.186316,85.4632,0.0524372,0.279068,0.797508,1.14489,0.0322506,2081.55,0.0828608,1.53976,0.147843,0.18014,1.71103,1.39299,36.7621,0.622659,0.527029,0.596556
07196900,-1.91061,1.02498,0.949798,112.744,0.460556,9.88312e-05,0.758564,2.92839,0.0226072,6.60308,0.410057,4.72508,0.0536053,0.189259,1.85473,0.426085,105.109,0.616758,0.46709,0.537852
07197000,-1.3563,1.18422,0.947957,84.3644,0.0618225,0.196213,0.794406,2.50678,0.0265246,235.329,0.105653,2.20245,0.269749,0.184046,1.41081,1.33723,807.731,0.841335,0.726031,0.796012
07208500,1.14528,2.38688,0.298399,90.8839,0.0605051,0.0896025,1.08589,0.619739,0.0570439,202.636,0.02106,4.78429,0.0955146,0.433521,2.1084,3.97962,168.277,0.8721,0.481783,0.47936
07226500,0.138833,1.03636,0.00940606,346.893,0.26236,0.000103576,0.204205,0.00147723,0.047625,5877.91,0.0101758,0.507089,0.820871,0.489545,2.05124,0.843713,3735.76,0.38327,0.23145,-0.45193
07261000,-1.30935,1.02647,0.948968,100.111,0.173999,0.166161,0.75472,4.38999,0.0185851,90.8775,0.162737,1.32192,0.309779,0.125535,1.16655,2.50403,437.521,0.885525,0.498521,0.688645
07263295,-1.40746,1.24551,0.192334,145.794,0.0589442,0.0543928,0.600732,4.73312,0.0105147,94.5388,0.0829925,2.54882,0.321998,0.274078,1.56254,2.56605,119.347,0.728908,0.686847,0.701352
07290650,1.52508,1.2764,0.94435,59.3148,0.331219,0.198317,1.04559,0.680191,0.106756,354.275,0.306377,1.67467,0.845346,0.0082114,4.26803,0.48087,1693.13,0.854261,0.771763,0.807024
07291000,1.31026,1.79746,0.190858,194.65,0.261415,0.144915,1.55105,3.68013,0.00359738,23.1866,3.77007,7.97307,0.990515,1.55838e-05,2.13765,0.205041,468.587,0.661924,0.509682,0.660741
07292500,0.316711,3.76595,0.201169,219.984,0.124058,0.169078,0.733741,2.58623,0.00702739,131.287,0.302324,1.31159,0.40668,0.335955,1.71541,0.681572,2037.45,0.810887,0.775719,0.801881
07295000,-0.136012,1.94238,0.0301871,439.181,0.363882,0.116254,1.20501,2.00379,0.00162666,50.5414,0.08151,8.25205,0.219067,0.0002547,1.60061,0.208558,465.999,0.624317,0.555997,0.560303
07299670,-1.11536,6.05446,0.0585193,86.3574,0.0251288,0.014463,0.355298,1.4918,0.145549,5851.52,0.0878399,0.53873,0.588647,0.0498377,2.96562,0.895055,784.431,0.642878,-0.172812,0.137724
07301410,-1.48727,5.19181,0.0139866,855.449,0.0552253,0.0132507,1.48068,0.141864,0.00143048,136.304,0.174648,2.17405,0.0705715,0.265819,4.60482,0.849054,691.231,0.310884,0.441579,0.371562
07301500,-0.165369,6.10709,0.481707,434.648,4.4299,0.0612482,0.615493,0.780904,0.00939055,2654.39,0.0689549,0.96928,0.079823,0.107121,4.80512,0.300751,5366.75,0.682244,-0.0711252,0.462466
07315200,-1.97533,2.27835,0.0624007,261.018,0.3115,9.71267e-06,1.30046,1.01382,0.00024198,32.4918,0.0589591,1.76852,0.788185,0.295389,3.42384,1.5021,460.821,0.669845,0.439001,0.210725
07315700,-1.95694,2.17619,0.142622,339.491,0.194576,0.135108,0.660097,0.00290725,0.000881754,3231.15,0.0120473,0.545785,0.877485,0.426442,4.09685,1.22456,1486.02,0.773116,0.580421,0.417258
07335700,1.58046,1.00926,0.119595,419.242,0.259793,0.259963,0.992962,2.38428,0.00102463,18.5006,0.0126835,3.02876,0.131238,0.0050198,1.3209,1.43028,102.52,0.46681,0.509836,0.446997
07340300,0.840248,1.01628,0.662048,106.202,1.01757,0.313579,0.785356,3.22018,0.0159817,37.5514,0.170833,1.47579,0.440518,0.246403,1.85371,0.19882,231.964,0.715498,0.619819,0.629677
07346045,-0.843603,1.37113,0.247045,795.601,8.8179,0.449029,0.85773,0.18512,0.499138,189.437,0.0846616,2.90798,0.260711,0.232924,3.17095,2.40261,944.942,0.871236,0.726277,0.720251
07359610,-1.9443,1.25914,0.604419,92.2646,0.168184,0.204597,0.694452,3.61606,0.0267933,188.407,0.0880218,2.20071,0.539278,0.139634,2.0926,1.14199,352.088,0.788088,0.599722,0.642627
07362100,-1.47007,1.02715,0.49626,289.449,0.707847,0.000816891,0.868154,0.000607655,0.00246392,50.461,0.0418741,2.23428,0.438165,0.0627823,4.37384,0.967917,996.719,0.735001,0.725156,0.744083
07362587,-1.15963,1.22196,0.637299,132.117,0.164149,0.00118681,0.482441,0.00408726,0.0147129,34.9603,0.259807,1.59092,0.998768,0.211389,1.21583,0.493147,69.8998,0.638144,0.550966,0.550686
07373000,-0.553028,4.5538,0.949734,72.3024,1.0432,0.0535666,1.19276,0.0908697,0.231322,440.556,0.549299,1.41973,0.994955,0.00452108,6.0901,0.867769,132.033,0.790668,0.607624,0.627401
07375000,0.689397,1.32664,0.676075,177.803,0.257395,0.00104575,0.695044,8.42391e-05,0.0170107,5887.21,0.213052,1.76471,0.729128,0.00354381,4.20987,1.21253,247.238,0.643713,0.628297,0.620805
07376000,-1.42762,2.5674,0.188229,225.843,0.246626,0.0183206,0.825111,0.0605659,0.00534479,435.532,0.216183,1.57011,0.677069,0.272626,2.93108,2.96894,639.454,0.823777,0.812801,0.729999
08013000,-0.0630085,2.75922,0.142522,211.982,0.325751,0.00498755,0.91556,8.76277e-05,0.00470573,100.43,0.159193,1.52763,0.474513,0.132269,2.56412,3.16785,1291.85,0.807142,0.733174,0.581565
08014500,0.944417,2.50796,0.00164413,288.604,0.19944,8.47854e-05,0.980534,0.000186411,0.00598894,445.166,0.0510869,2.94153,0.656226,0.139967,3.04233,1.98371,1320.33,0.807936,0.775462,0.730731
08023080,-1.50886,3.35156,0.256407,278.808,0.220888,0.000194391,0.855473,0.0508025,0.00234495,53.8534,0.0552027,0.742172,0.999431,0.169777,3.68753,1.99402,187.694,0.783917,0.776083,0.835739
08025500,-0.890107,2.30838,0.894196,41.8741,0.253538,0.216612,1.49006,0.000313396,0.433676,172.737,0.777357,1.23754,0.776531,0.021988,4.34837,0.823696,383.154,0.774971,0.653692,0.752873
08029500,-1.1729,2.20078,0.830761,85.7052,0.203197,0.119043,0.981917,0.000198013,0.19571,1258.85,0.0378695,3.81064,0.999501,6.39698e-06,6.47163,0.595859,331.377,0.755783,0.523832,0.730191
08050800,-1.37188,2.14745,0.581794,41.1404,0.0372718,0.0780816,1.04822,4.84416,0.496764,477.33,0.0630533,2.18321,0.997146,0.000163247,1.51523,0.401111,100.449,0.729092,0.426712,0.477881
08066200,-1.25989,4.02018,0.752768,88.7661,0.022254,0.364729,0.805144,3.17398,0.016612,131.055,0.0407099,2.62832,0.997188,0.370257,2.74806,1.05173,365.032,0.746918,0.628732,0.529602
08066300,-0.739659,4.64005,0.786334,92.974,0.0106158,0.34564,1.11753,3.35885,0.137161,305.322,0.113235,2.77117,0.348538,0.209539,3.83376,1.32696,393.51,0.758347,0.642812,0.540798
08070000,-0.736936,4.6882,0.797879,442.394,0.0702701,0.229835,0.670386,0.000563494,0.00186713,3675.79,0.0990514,0.968055,0.73705,0.18629,3.57305,1.82126,841.386,0.777871,0.466651,0.377382
08070200,-1.41384,6.08056,0.527839,375.932,0.193067,0.198675,0.725544,0.0419154,0.00163821,2741.32,0.238863,1.02306,0.648435,0.299297,3.93699,2.15717,1004.49,0.786512,0.494361,0.419237
08079600,0.844848,1.0074,0.0713948,47.7273,0.0164236,0.129673,0.931928,1.08207,0.490053,385.67,0.0667999,0.708222,0.857176,0.034573,1.4442,0.171036,631.687,0.516496,0.350629,0.23807
08082700,0.520378,2.10881,0.279873,47.9517,0.0358323,0.0183438,1.94918,4.04907,0.17095,600.113,0.114495,2.08024,0.961416,3.07376e-06,7.99924,0.779942,269.244,0.791042,-0.666343,0.211227
08086212,-0.0386466,2.02643,0.220899,135.567,0.0968075,0.022789,0.452138,1.43152,0.022139,3015.31,0.0451778,0.685739,0.056654,0.473848,1.09282,0.927226,1586.98,0.790564,0.426008,0.35946
08086290,-0.859936,2.77872,0.116399,177.121,0.0886431,0.0210795,0.30882,0.652313,0.0202366,5918.34,0.0128951,0.521937,0.295425,0.325495,1.32959,0.220734,724.887,0.802595,0.361742,-0.0770138
08101000,0.70114,1.06836,0.12486,321.563,0.219671,0.000128648,0.623239,1.00448,0.00381079,1715.39,0.0521098,1.02683,0.670192,0.000429962,7.43113,0.321071,1177.94,0.786409,0.573352,0.603366
08103900,0.0680313,2.24065,0.0519393,244.38,0.180859,2.0942e-05,0.680444,0.593593,0.0060187,100.232,0.0153563,2.70211,0.883088,0.364545,4.86331,1.02503,86.2097,0.532862,0.59696,0.743542
08104900,-0.573798,3.60605,0.0194099,337.2,0.0284928,0.0575473,0.461801,3.60797,0.00638703,5373.62,0.0972189,1.09864,0.997726,0.000138326,1.30996,0.201043,344.321,0.62043,0.372352,0.6859
08109700,-1.77631,2.2329,0.222583,199.184,0.348038,2.41478e-05,0.786613,3.03491e-05,0.0050724,283.394,0.0174544,2.65987,0.495165,0.12246,1.26935,3.90979,610.976,0.700887,0.611173,0.649857
08150800,0.218141,1.11637,0.0988412,85.6059,0.553101,0.000362794,1.01592,3.7285,0.499974,434.983,0.0109576,4.55583,0.995762,0.493916,1.16333,0.251783,556.609,0.532004,0.399382,0.435537
08155200,2.96882,1.00342,0.0526493,141.517,0.0662653,0.0829897,0.542548,2.58554,0.0296735,509.483,0.0128138,3.37616,0.126491,0.372435,1.49548,0.209165,232.223,0.686186,0.498293,0.643814
08158700,2.99758,1.00101,0.780783,84.9139,0.0404234,0.346105,0.572453,2.62441,0.0232837,104.919,0.0305831,2.53494,0.0660405,0.498118,1.25693,0.310644,321.021,0.708609,0.679819,0.716099
08158810,-1.33195,1.50969,0.0625076,138.742,0.0581675,0.0370869,0.565506,4.39757,0.0351245,346.264,0.0117196,4.18765,0.985893,0.315417,1.62157,0.418498,31.5843,0.717592,0.11748,0.521007
08164000,0.115493,3.00505,0.157443,239.187,2.49366,0.0175478,0.769585,0.223831,0.00423451,141.666,0.104271,1.27923,0.741131,0.189082,4.44796,0.874481,2115.12,0.763513,0.684064,0.560728
08164300,-0.613701,5.34656,0.0844857,296.011,0.217908,0.00197948,0.733492,3.2973,0.00301615,359.872,0.110314,0.904239,0.394095,0.158138,6.56676,0.511529,859.508,0.798729,0.661901,0.733705
08164600,-0.108345,3.19265,0.826719,78.7572,0.326259,0.00266426,0.412508,0.17721,0.0515978,5990.12,0.103868,1.40028,0.999812,0.122071,7.68996,0.689689,237.4,0.740968,0.758223,0.752132
08165300,1.81111,5.69519,0.0599625,70.5685,0.115027,0.0301751,2.49964,2.57027,0.499794,4564.8,0.200991,3.36673,0.0533539,0.000778834,3.74442,0.174087,437.521,0.319469,0.313002,0.5936
08171300,2.97698,1.00909,0.0644896,187.176,0.179641,0.124621,0.879437,1.82885,0.0171136,270.644,0.0365563,3.242,0.0808933,0.09248,1.38492,0.813791,1066.62,0.770894,0.704123,0.710542
08175000,2.98976,1.00264,0.9135,57.6929,0.190071,0.10379,1.01668,0.000112983,0.162341,152.154,0.0352457,0.545179,0.845558,0.36542,6.48165,0.553143,1421.3,0.853768,0.497673,0.343422
08176900,-0.0300429,4.30704,0.0232818,126.938,0.283434,1.69301e-05,1.10448,1.2234,0.0234643,323.751,0.195865,1.59513,0.999938,0.414292,6.87061,0.408076,924.231,0.676988,0.568836,0.508892
08178880,-0.91327,4.09226,0.583365,217.595,0.022801,0.176633,1.07574,2.82765,0.498267,201.156,0.0249536,8.99524,0.980103,8.32538e-06,1.24693,0.19642,849.153,0.828831,0.373178,0.554196
08189500,0.400912,2.44714,0.246822,112.835,0.288097,0.144699,1.46887,3.1943,0.0340667,484.542,0.233519,1.61542,0.504492,0.000246884,3.52755,0.994874,1786.33,0.802323,0.755829,0.787628
08190000,-0.348869,4.76351,0.0840164,55.5926,0.248924,0.13863,2.41943,2.17314,0.499684,1157.01,0.17028,4.91571,0.0534925,0.0955421,1.26676,1.12987,1908.01,0.690869,0.647435,0.526517
08190500,1.17101,4.21137,0.079639,277.107,2.71984,0.0665271,2.49983,2.94424,0.0476717,700.472,0.131664,0.776996,0.0500647,0.484797,1.25234,0.635038,1796.68,0.513161,0.305467,0.107304
08194200,1.34691,1.90481,0.305005,91.6062,9.95913,0.0102127,1.92212,2.12434,0.0031811,27.0673,3.72068,8.1165,0.0581725,2.84591e-05,3.86267,1.20222,1214.19,0.364861,-0.238946,0.234209
08195000,1.79434,4.08144,0.187472,69.5135,0.159991,0.0573806,0.778569,2.63221,0.499972,800.309,0.0215842,3.72067,0.0765868,6.5304e-05,1.10922,0.185305,1007.07,0.696638,0.771583,0.738569
08196000,0.141568,3.37185,0.0485193,71.9236,0.0884458,0.00171048,0.754168,3.82259,0.49997,933.977,0.0179487,3.51949,0.111098,4.10732e-05,1.8577,0.236848,326.199,0.679986,0.671148,0.817733
08198500,-0.0910779,5.02658,0.243773,62.0963,0.019244,0.038364,0.83486,3.62891,0.38877,925.53,0.0426501,1.13765,0.219589,7.51452e-05,1.30272,0.234209,623.92,0.809457,0.179661,0.52274
08200000,-1.13526,5.00833,0.78649,138.551,0.051728,0.209327,0.960307,0.153875,0.434198,168.118,0.0225159,8.91883,0.999181,6.23576e-06,1.21655,0.313444,247.497,0.778259,0.541273,0.505214
08202700,1.03534,3.05027,0.603383,223.562,0.0130768,0.109161,0.617555,4.26913,0.0143145,5402.64,0.01053,0.518285,0.984031,0.000178355,1.36398,0.228387,434.932,0.720084,0.432139,0.206382
08267500,1.41655,1.66686,0.665509,107.428,0.0310016,0.120565,0.62599,0.0220504,0.0626332,226.486,0.0936621,5.8818,0.251967,1.20537e-05,1.62076,3.924,93.7175,0.834971,0.546485,0.770257
08269000,0.555091,1.50866,0.131391,361.811,0.0753808,0.111839,0.871417,0.300152,0.0645244,188.737,0.0181271,5.49843,0.263909,0.0158229,3.01071,3.82323,172.419,0.848891,0.507842,0.565987
08271000,1.02436,1.50699,0.1983,324.867,0.572357,0.128792,0.551561,0.0211132,0.0626855,153.015,0.435599,3.72005,0.39663,3.12292e-06,3.11934,3.98497,42.9754,0.794423,0.642867,0.801634
08324000,1.29894,2.96585,0.168123,96.7449,0.0868654,0.0923026,1.06962,0.0672839,0.0537934,191.861,0.100131,2.39589,0.0529012,0.482746,1.48339,2.48111,1216.77,0.779325,0.494102,0.653662
08377900,2.03911,4.28372,0.0656397,450.269,0.147335,0.173488,1.10379,0.534663,0.0397416,135.189,0.108072,3.31845,0.11232,0.112612,2.85396,3.69862,137.728,0.825472,0.592094,0.611589
08378500,0.391328,1.87539,0.0969768,440.647,0.360257,0.0822208,1.05312,0.0451802,0.0283453,116.807,0.0860323,3.00646,0.290493,0.13363,2.28363,3.85008,489.299,0.864025,0.549606,0.631711
08380500,0.0537434,1.1328,0.192216,81.7099,0.0666485,0.178993,0.881821,0.259997,0.0220734,206.838,0.0214891,4.01396,0.050068,0.436438,1.91058,3.98627,217.466,0.681804,0.391562,0.351661
09034900,2.33497,4.18409,0.114464,382.492,5.98732,0.112854,0.89462,0.00219665,0.102825,379.505,4.72921,1.76554,0.250022,0.047326,2.96555,0.362421,14.4977,0.924392,0.839027,0.868262
09035800,0.719604,2.20109,0.740578,49.8484,0.0679117,0.00825816,1.15817,0.0223292,0.184161,273.062,4.43953,0.861414,0.171959,0.437477,2.5873,0.874271,22.7304,0.897946,0.812402,0.733209
09035900,2.79001,5.78914,0.0893516,505.581,0.195015,0.154285,1.28306,1.00869,0.0548401,471.512,0.0116623,6.77493,0.132864,0.0441393,2.92909,3.97428,70.9353,0.908093,0.816572,0.906472
09047700,0.991731,2.43843,0.0494571,94.0658,0.112062,0.0252891,1.98285,0.0283182,0.10338,364.577,0.367584,2.92984,0.150494,0.017612,2.28812,0.635614,23.6624,0.890795,0.691904,0.796807
09065500,2.68898,3.57844,0.947308,54.5672,9.93759,0.409331,0.704649,1.33012,0.240253,898.898,4.93771,4.53025,0.0745981,6.85971e-05,3.406,3.84964,37.5388,0.905263,0.791016,0.855571
09066000,2.48278,4.14933,0.532776,83.3026,0.0254888,0.421118,1.03742,0.0986173,0.0604979,276.256,0.0137771,4.58253,0.0701725,0.00106181,3.46256,0.572223,32.361,0.939979,0.817207,0.904716
09066200,2.82229,3.73924,0.941093,55.9402,9.57915,0.406757,0.64646,0.66974,0.220824,184.406,4.97607,1.06871,0.0625436,0.132246,4.15909,3.91271,15.9993,0.856328,0.835986,0.899372
09066300,2.83003,3.39272,0.579914,89.4182,0.0256804,0.13566,1.6078,0.0388874,0.137573,263.311,3.32994,1.25935,0.227138,0.257759,2.6981,0.52941,15.4297,0.892865,0.799673,0.858507
09081600,2.07449,2.15844,0.736719,24.6008,2.23833,0.428956,0.962554,0.235213,0.241241,315.7,0.0854659,2.87874,0.0501874,0.00931913,2.2665,3.08013,432.343,0.892888,0.757625,0.878559
09107000,1.62004,3.62039,0.00566458,318.561,0.0961231,0.149818,1.62434,0.0925742,0.0761317,275.959,0.388759,2.76011,0.258022,0.0737332,1.7349,3.62097,331.377,0.892701,0.664097,0.762471
09210500,-0.264771,4.60091,0.175812,295.09,0.0340499,0.0358375,1.14981,0.0178305,0.0487833,503.532,0.031158,7.42645,0.125328,0.125697,3.6363,0.622202,393.51,0.856037,0.635167,0.63449
09223000,1.12257,3.88899,0.0923994,392.805,0.363301,0.0760494,1.19518,1.21079,0.064838,308.466,0.0288586,4.78976,0.10979,0.0822002,2.16753,3.91708,331.377,0.920347,0.53287,0.633607
09306242,1.3256,1.48519,0.316532,202.418,7.66646,0.000884132,2.48372,0.000275825,0.11915,4668.89,0.143807,0.954691,0.0501432,0.0384643,7.61206,3.94032,82.3264,0.557965,0.169398,0.011483
09312600,2.65449,6.55554,0.0493351,523.955,0.0108625,0.0531753,1.35223,0.0914192,0.173128,334.337,0.0448347,5.17321,0.946491,0.405947,4.77546,3.97599,195.719,0.876767,0.862666,0.843308
09352900,1.8291,3.70493,0.0602427,15.0474,1.03446,0.498041,0.711501,0.35563,0.483474,2917.51,0.153592,2.52699,0.0503917,0.00606202,5.89458,1.05036,187.694,0.758091,0.774054,0.860475
09378170,-0.0400354,1.36683,0.160275,694.142,6.24808,0.0100113,1.36732,0.00771418,0.0731717,235.798,0.0332063,2.95352,0.0979955,0.010706,7.99597,3.9995,22.3679,0.953986,-0.0534444,0.506421
09378630,-0.319522,1.82154,0.19361,427.651,0.650767,0.0253224,1.17236,0.00922861,0.0163613,197.085,0.0184224,3.24559,0.0505578,2.68521e-05,3.62569,0.219546,9.76008,0.753117,0.427749,0.404369
09386900,0.0605137,2.7097,0.175724,281.967,1.29211,0.00243778,0.830284,0.110978,0.0188462,231.799,0.0200197,0.571239,0.0554388,0.1745,2.89011,2.52638,184.846,0.30703,0.297777,0.443911
09404450,1.53422,3.037,0.00432821,165.751,0.0729507,0.0267869,1.27719,0.715155,0.476886,679.465,0.0652519,4.03883,0.404112,0.459718,2.72561,1.50845,192.095,0.845362,0.591602,0.645707
09430500,0.444854,1.0168,0.311061,103.59,0.033448,0.10577,0.734854,1.15744,0.0111051,153.305,0.0640916,1.04776,0.0724104,0.131536,2.35647,0.867738,4825.67,0.779906,-0.992886,0.0672195
09430600,-0.104751,4.01329,0.297125,83.2909,0.0335155,0.142476,1.82531,1.20421,0.0148695,34.0369,3.04516,7.47909,0.7534,2.47715e-05,1.41186,0.281174,178.633,0.461908,0.192778,0.525943
09447800,1.31702,6.31078,0.739954,143.233,5.95886,0.000121218,0.922458,0.740379,0.448055,3827.12,0.0649473,1.17859,0.775384,0.00215225,6.15745,0.654611,781.842,0.306547,0.162959,-0.117573
09480000,0.804972,1.7524,0.105901,141.977,0.0257397,0.0712236,1.18789,0.429897,0.0488325,4700.22,0.016006,0.528186,0.0505385,0.221122,2.13992,1.07134,212.806,0.108402,0.173854,0.0869869
09484000,2.70121,1.00137,0.00961648,103.651,0.0708421,0.26969,0.900446,1.49014,0.00301689,19.2996,0.02072,8.34556,0.289799,0.0779011,4.37139,1.24793,91.9053,0.204797,0.327367,0.411459
09484600,2.1511,1.44979,0.0342478,85.8259,0.0478193,0.00547471,0.216551,0.0931206,0.154314,5784.9,0.010313,0.510205,0.0545686,0.408775,1.03518,1.78957,1183.12,0.376024,0.244802,0.392296
09492400,2.99275,1.29684,0.115102,474.018,0.667868,0.300921,0.621584,0.392296,0.0217399,211.949,0.143424,1.43174,0.0546204,7.92161e-05,1.97161,0.1413,100.449,0.61984,0.417891,0.609081
09494000,1.36997,1.05573,0.0835495,356.889,0.168543,0.0899824,1.02572,0.305977,0.00784655,146.138,0.0350853,3.36917,0.050248,0.0173028,5.16966,0.446479,1636.17,0.589261,0.600685,0.728725
09497800,0.813575,1.00171,0.936735,138.321,9.89596,0.119062,1.86763,2.04945,0.107274,4041.83,0.293187,8.87516,0.0603826,0.000184017,3.77364,0.592086,763.72,0.717043,0.641073,0.652387
09497980,-1.86176,1.37433,0.082585,189.522,0.190719,3.85938e-05,1.74351,1.91963,0.00715013,73.8621,0.17527,1.08401,0.77254,0.498471,6.90067,0.454752,517.776,0.871274,0.612289,0.630394
09505200,0.477929,1.14737,0.645328,195.999,0.0139585,0.244583,1.02699,1.41975,0.0143059,5568.59,0.381902,0.725838,0.845522,0.00124767,4.49547,0.820716,287.366,0.733438,0.432052,0.468921
09505350,1.78991,1.16745,0.490444,186.762,0.0157155,0.363892,1.07784,0.0851253,0.00819513,5920.66,0.075023,2.12452,0.967568,0.190278,4.18117,0.8341,367.621,0.652215,0.522896,0.377141
09505800,0.165753,1.03227,0.747677,199.774,0.0482278,0.192313,0.948676,1.22901,0.0147478,4994.61,0.110095,1.66921,0.991556,0.0806775,4.72326,0.688369,623.92,0.69124,0.389448,0.444277
09508300,1.47018,1.57371,0.131874,115.219,4.82936,0.00254582,2.08555,3.37334,0.0031702,14.3788,1.47245,2.82571,0.133334,0.00277247,1.9095,0.329914,94.2353,0.688088,0.659242,0.570192
09510200,-0.934957,2.40428,0.509192,82.5796,0.378401,0.103128,1.30302,1.67973,0.00547528,15.2017,0.0313032,3.91455,0.063627,0.310011,2.64804,0.256082,424.576,0.827144,0.771866,0.796441
09512280,1.53836,2.3741,0.930604,58.7752,0.171855,0.0761605,0.652184,2.41959,0.498555,422.534,0.0500867,1.37406,0.978181,0.0260217,1.62544,0.328146,214.1,0.615308,0.101415,0.479705
09513780,0.697459,5.11976,0.281499,155.649,0.0212112,0.243854,0.915662,3.11892,0.0043004,886.758,1.42905,2.46049,0.888483,0.345735,1.7735,0.250156,176.821,0.724219,0.340716,0.261716
10023000,1.20526,2.86528,0.384367,1209.98,0.0297167,0.167818,0.869254,0.39666,0.177841,531.572,0.0419428,3.74723,0.0539801,0.258163,2.33906,2.65751,135.657,0.859506,0.333853,0.510116
10166430,2.99952,1.00012,0.139216,637.875,0.756518,3.40143e-05,0.803752,0.000102571,0.224942,470.85,0.0106502,6.33925,0.0500876,0.0438969,4.20938,1.845,69.382,0.833852,0.166988,0.203161
10172700,1.99996,1.21064,0.146102,337.209,0.121922,0.00065016,1.24376,0.0160133,0.00524532,1291.71,1.74809,1.16248,0.0635543,0.373764,1.53371,0.809596,64.722,0.798114,0.35546,0.441236
10172800,2.99622,1.67016,0.0918143,485.142,1.20378,0.0328716,0.338781,0.00542424,0.0482037,655.234,0.0437977,8.6025,0.224495,4.6262e-05,3.08501,0.521696,10.8474,0.782041,0.837186,0.896187
10173450,2.3079,2.78284,0.513095,244.715,0.331712,0.362553,1.13563,0.294009,0.0978133,393.968,0.111075,3.51692,0.0667077,0.00858664,2.63587,2.03389,271.833,0.942917,0.599187,0.551953
10205030,2.83131,1.8843,0.304956,240.955,2.34229,0.109861,0.88007,0.621255,0.255622,553.59,0.0509254,2.75681,0.116166,0.432337,2.20394,2.77475,134.104,0.805384,-0.209574,0.379258
10234500,1.99502,2.30349,0.208589,155.486,0.107115,0.0328449,1.07912,0.0083286,0.0634506,413.863,0.0711092,4.2278,0.200431,0.0735076,1.61235,2.5569,235.588,0.943939,0.53783,0.536105
10242000,2.99986,1.00006,0.0919294,1271.67,0.0108738,0.111509,0.417642,0.432047,0.106536,171.459,0.0549209,4.58951,0.0688783,1.16346e-05,7.9994,3.99972,209.44,0.777271,0.7297,0.806759
10244950,0.401639,3.4831,0.235092,460.881,0.0704437,0.000106507,0.947633,0.0382226,0.144305,1403.44,0.29863,8.69462,0.0509167,0.000172947,4.85665,3.33652,28.7366,0.928578,0.712538,0.824025
10249300,2.99999,1.00001,0.049228,558.841,0.0101503,0.0358612,0.200043,1.04447,0.0692352,132.011,0.0279233,6.74477,0.0536659,2.36517e-06,7.99831,3.9996,51.7776,0.612384,0.503463,0.668924
10258000,1.69683,4.32041,0.457168,231.154,0.0248808,0.0355147,0.803103,1.67603,0.0237859,332.446,0.881895,1.09018,0.280575,0.00799596,3.2923,2.04523,43.7521,0.954681,-0.294909,0.441069
10258500,-0.780159,2.83777,0.257933,180.302,1.84355,0.0353824,2.49879,2.25377,0.282316,303.509,0.013498,4.66491,0.235903,0.39213,1.75352,1.65466,241.025,0.843763,0.599749,0.367847
10259000,-0.716965,2.72837,0.0390077,96.0044,0.0412292,0.0354279,2.4512,1.29132,0.0958759,2007.31,1.14499,2.89531,0.11193,0.238984,2.90247,3.05849,22.3938,0.949514,0.350448,0.553949
10259200,0.565113,3.37086,0.0538806,45.3362,0.0915044,0.0141371,2.47004,0.97609,0.492162,323.696,0.0257524,4.3709,0.331874,0.326044,1.69978,2.15946,79.2198,0.732141,0.67145,0.619038
10263500,2.09803,5.73685,0.328206,154.306,0.0139313,0.0850967,0.216313,0.402167,0.056869,313.589,0.037464,3.84952,0.591963,5.7843e-05,1.42031,1.37316,59.2854,0.878352,0.0838551,0.349266
10310500,0.727726,1.00258,0.00433891,135.723,0.0365625,0.0738959,1.26403,0.614168,0.142762,1580.39,0.0471956,4.02191,0.0537916,0.0814412,4.18202,1.86155,40.1277,0.858961,0.647339,0.56041
10316500,2.86505,3.37464,0.637084,122.254,0.227784,0.000134046,0.469633,0.119219,0.101544,587.986,4.92984,3.33897,0.28344,0.0221074,3.30163,3.93851,64.4631,0.870116,0.793597,0.851736
10329500,0.839904,1.08617,0.377337,75.6546,0.0305814,0.131255,1.21534,1.02453,0.0620252,236.287,0.0511049,4.09327,0.192523,0.487222,1.11257,2.3604,453.701,0.822259,0.378733,0.704204
10336645,1.51372,2.29982,0.944278,189.761,8.83607,0.0432616,0.588503,0.041473,0.0850134,216.468,0.0201325,4.36161,0.996684,0.197932,7.88821,2.0483,19.2613,0.751713,0.469634,0.73725
10336660,1.38814,2.22623,0.938042,191.526,3.66703,7.68061e-05,0.758688,0.031728,0.0799699,173.183,0.0637471,7.06533,0.999854,0.000305567,7.99831,1.72702,28.9955,0.798208,0.588632,0.728156
10336740,0.872055,2.40699,0.0904381,1193.98,0.2653,0.0388956,1.39939,0.00854016,0.00250351,727.281,0.0228341,3.35298,0.0730172,0.0647087,1.49403,0.693656,5.41076,0.749193,0.769431,0.711797
10343500,0.255527,1.68762,0.139136,327.098,3.38149,0.00728078,1.3982,0.00098109,0.0803163,619.104,0.022893,4.97878,0.505723,0.118073,1.38875,0.296551,27.1833,0.85362,0.539522,0.663445
10348850,1.03332,1.85718,0.00872138,90.0383,0.033631,0.131619,1.00642,0.0663167,0.0877557,1752.43,0.0732996,4.33525,0.0737141,0.13778,2.63735,0.732221,19.9085,0.862772,0.129997,0.167695
10396000,0.554172,1.00264,0.896739,51.8028,2.40701,0.00142942,0.764436,1.72666,0.466329,433.786,0.027541,5.5138,0.662886,0.252917,7.50685,0.48981,517.776,0.697524,0.602566,0.732858
11098000,1.43091,2.5833,0.447036,145.731,0.0182887,0.198113,1.70096,0.000142374,0.104293,238.41,0.091244,2.90745,0.707674,6.18813e-05,2.30508,0.428561,41.4221,0.951903,0.656048,0.772845
11124500,1.61017,1.01162,0.932097,158.943,9.75428,0.0877579,2.45726,3.71699,0.468071,435.681,0.157616,2.9062,0.125798,0.146767,1.71581,0.312125,191.577,0.807313,0.43948,0.656318
11141280,-0.320373,1.67805,0.705009,106.285,0.376469,0.105652,1.07771,1.56394,0.104718,696.43,0.193316,2.60081,0.074225,0.287114,3.23185,0.476154,54.1076,0.630042,0.611926,0.72922
11143000,1.46481,7.24692,0.929295,50.9715,0.306207,0.00202071,0.731114,1.30971,0.483272,385.679,0.0341452,5.53571,0.0503638,0.0327573,1.95694,2.70063,120.383,0.794663,0.774844,0.731928
11148900,1.79284,1.66693,0.125386,172.001,0.343083,0.0879126,1.49796,1.29834,0.0111298,69.7263,0.154818,0.920979,0.353041,0.0709567,1.33172,1.94664,419.399,0.77543,0.705309,0.687043
11151300,-0.529285,2.44965,0.660735,240.182,3.94329,0.0233817,0.802341,1.75956,0.425853,926.471,0.022139,1.35787,0.0840101,0.0218533,4.90495,0.571865,603.209,0.577073,0.672251,0.550896
11162500,1.71568,2.63609,0.156002,237.575,0.485209,0.0823714,1.78852,1.54045,0.0153214,208.682,0.418176,1.20608,0.0731518,0.0423089,1.07932,3.87511,118.83,0.85066,0.80573,0.761901
11176400,0.250515,1.71505,0.913365,109.776,9.96391,0.229503,1.62984,2.10122,0.340468,173.064,0.123687,1.50569,0.46513,0.000382997,3.29132,0.953754,336.555,0.777977,0.658758,0.680564
11180500,0.462739,4.33319,0.205372,573.417,4.34967,0.130483,0.799004,2.35333,0.000100228,5.56229,0.0239053,4.7715,0.0601448,0.00102153,2.58304,3.85418,24.3096,0.739653,0.780974,0.797046
11180960,0.871284,3.44007,0.422733,103.841,0.199584,0.0766374,0.989929,2.27023,0.0184473,71.2441,0.0337911,3.0322,0.625539,0.14305,1.2025,0.18576,14.9896,0.772985,0.779993,0.841973
11224500,2.22139,3.58289,0.44433,289.705,2.94868,0.00639929,1.5175,2.03087,0.495975,389.268,0.0858157,0.944736,0.290564,0.100632,1.72537,0.248815,248.015,0.714588,0.511039,0.151022
11230500,-1.36588,1.92404,0.949038,71.3955,9.76106,0.499241,0.410544,0.313213,0.0719289,580.603,0.024358,3.91985,0.0507416,0.000540493,2.30212,1.86374,135.916,0.822632,0.507422,0.665072
11237500,2.1792,5.93372,0.172861,244.419,0.0391324,0.0990824,0.969586,0.145231,0.0109153,113.708,0.087951,2.53101,0.0559465,1.51985e-05,4.53252,0.188433,59.2854,0.854639,0.586553,0.705199
11253310,0.774982,5.58805,0.882885,191.697,7.49518,0.0219877,0.680443,1.99231,0.398255,412.997,0.0207453,1.52369,0.0689365,0.00294176,1.65238,0.374019,120.124,0.587505,0.345741,0.68181
11264500,-0.404982,2.46694,0.919015,227.854,8.26905,0.394627,0.768421,0.534431,0.109731,620.371,4.78899,2.745,0.143671,0.00589832,2.21484,1.09525,468.587,0.79909,0.689161,0.808435
11266500,-0.120756,2.71238,0.846428,93.8585,0.17109,0.00281236,0.868136,0.344489,0.0655351,341.735,0.121901,3.88853,0.0741905,0.00299518,1.56309,3.46882,831.031,0.801925,0.75274,0.842349
11274500,0.555521,6.6136,0.611979,129.046,5.78104,0.0973626,1.42299,1.26625,0.0157638,65.5684,0.0590061,1.613,0.360595,0.344398,4.33613,0.98601,346.91,0.678867,0.639801,0.594526
11274630,0.603364,5.54634,0.62584,157.496,2.9282,0.0457235,1.26703,0.641843,0.219672,186.885,0.0245702,2.03047,0.129132,0.0473078,4.343,1.23672,187.953,0.717864,0.180639,0.61168
11284400,1.51502,1.23501,0.943446,197.202,9.6753,0.0110744,1.86975,2.96686,0.078064,368.659,0.0779643,2.48374,0.42004,0.253951,1.9666,0.437489,42.4576,0.771896,0.652954,0.709523
11299600,-1.68496,3.26219,0.850009,99.7151,0.371063,0.102341,1.08975,2.09133,0.0141622,103.007,0.0239854,3.24978,0.0982593,0.2073,1.55955,3.18762,37.2799,0.754154,0.695333,0.661778
11381500,0.0243998,1.13853,0.546809,187.02,0.246539,0.105196,0.894771,3.02814,0.0610499,1054.89,1.10999,2.45729,0.477215,0.0023905,3.28831,0.833705,339.143,0.880346,0.724524,0.825093
11383500,0.390215,1.13643,0.947643,188.147,0.406514,0.170541,1.10955,1.88849,0.0618344,1353.31,0.0527118,8.46812,0.337496,0.271493,2.73781,0.859918,538.487,0.891198,0.74356,0.737067
11451100,-0.665371,1.1173,0.934316,72.2768,1.42097,0.0845004,1.39729,3.0807,0.468579,258.439,0.0339509,4.8902,0.374762,0.00343685,2.13078,0.309356,155.851,0.825936,0.705783,0.658493
11468500,0.238605,4.90137,0.939252,121.053,0.488238,0.0427175,1.63919,0.000131456,0.065385,246.15,0.200682,2.25707,0.649444,5.54554e-05,2.22188,0.721108,274.421,0.848435,0.787253,0.739215
11473900,-1.18534,1.03054,0.550994,228.301,0.101232,0.346282,2.11318,2.2978,0.0218264,306.496,0.573482,2.07866,0.288812,0.000328498,1.37681,0.505102,1928.72,0.832753,0.760741,0.78191
11475560,-1.99661,1.0346,0.949583,65.0318,0.238303,0.000242316,1.49933,0.000229068,0.481699,374.777,0.0102953,7.26755,0.818146,7.10364e-06,3.70435,0.375022,16.8277,0.836784,0.765222,0.790507
11476600,1.68201,2.05791,0.943117,96.2597,0.36551,0.0251568,0.537709,0.00177816,0.0698465,932.478,0.0332142,3.31497,0.458394,0.000448848,1.44095,0.149296,72.7476,0.766733,0.787717,0.751386
11478500,-0.941554,2.25448,0.949808,40.9136,0.328601,0.017721,0.528452,4.10608,0.337099,243.065,0.0221697,5.48203,0.545761,3.15473e-05,2.64711,0.888181,574.732,0.868379,0.747352,0.717032
11480390,-1.99233,3.14217,0.94373,119.611,9.78494,0.022251,1.25513,0.00805685,0.499078,278.767,0.0341465,5.77967,0.998549,0.0745014,2.41379,0.353357,242.837,0.815367,0.797694,0.796702
11481200,-0.207264,5.28965,0.131578,207.624,0.291481,0.190977,0.798529,3.87124,0.0102817,43.9637,0.0102802,6.39528,0.353008,0.00301851,2.19644,2.65776,104.85,0.816473,0.75972,0.793134
11482500,-0.694999,2.07865,0.949702,80.5169,9.64308,0.033222,0.651089,2.696,0.499151,310.591,0.021942,5.84924,0.216277,1.42763e-05,6.0637,0.503171,717.12,0.842219,0.789839,0.662962
11522500,1.93375,1.01746,0.000848513,203.828,0.479228,0.00466267,1.36705,0.00272608,0.0221244,393.306,0.858369,8.93702,0.697255,1.50268e-05,2.10557,1.53314,1944.25,0.785878,0.728534,0.761073
11523200,1.9754,2.46684,0.949643,68.1967,3.75119,0.000206526,0.271083,9.1394e-05,0.267961,675.452,4.91624,2.94186,0.396509,1.92136e-05,1.33106,1.27458,385.743,0.773315,0.65925,0.762356
11528700,-0.980224,1.52509,0.680255,222.424,0.055839,0.2673,1.3788,1.78397e-05,0.0207879,129.546,0.275445,4.28724,0.460429,0.301611,1.81579,0.182493,1977.91,0.870059,0.778579,0.797204
11532500,0.890055,1.49713,0.949628,44.5484,0.305134,0.000149013,0.353814,0.0014769,0.288883,342.031,0.0133096,6.60938,0.804364,1.6341e-05,1.75003,0.728285,1589.57,0.896604,0.880973,0.824371
12010000,1.05672,1.76361,0.936734,44.5335,0.232468,0.0110398,0.793287,0.0511309,0.35591,157.183,0.047183,5.27437,0.984949,2.24866e-05,5.94603,0.958062,141.871,0.857618,0.854565,0.762851
12013500,-1.27374,3.47256,0.337516,44.58,0.817036,0.00144229,1.85499,0.0131232,0.478225,220.156,0.0290204,5.98205,0.823924,0.000401475,5.08791,0.811453,336.555,0.902556,0.898519,0.924948
12020000,1.61664,5.45464,0.104646,55.7052,0.018573,0.000251561,2.46826,0.0149755,0.466888,204.055,0.0265433,5.68289,0.994564,8.92843e-05,1.34258,0.255529,292.544,0.553034,0.760805,0.871608
12025000,-0.000391006,5.98133,0.942221,65.4353,0.305388,0.0428023,0.70265,2.68835,0.0895454,291.728,0.241368,1.38161,0.0945609,0.00270286,4.10345,1.08562,401.277,0.909148,0.88299,0.838054
12025700,0.803576,2.55838,0.9405,37.8574,0.259428,0.0338455,0.255738,4.12677,0.260021,294.504,0.0135682,5.42128,0.707854,1.6372e-05,2.65344,2.35212,103.555,0.821127,0.806099,0.884617
12035000,1.83043,4.35381,0.918235,50.2612,0.179006,0.212326,0.42678,3.2313,0.237509,300.356,0.0968269,4.08218,0.317741,2.42265e-05,4.80221,0.700817,774.075,0.903704,0.903118,0.813243
12040500,0.500839,1.35335,0.0010861,35.6389,0.161084,0.00230602,0.200067,0.0208693,0.498727,160.046,0.152362,8.31847,0.999691,1.9485e-06,7.07768,0.352625,1152.05,0.792256,0.778517,0.67836
12041200,0.269086,1.27546,0.00135667,36.9616,0.276472,0.0759085,0.202219,4.30361,0.389474,174.663,0.644707,7.03754,0.947898,0.00010809,6.12696,0.539981,654.987,0.703532,0.637033,0.759569
12043000,0.354938,2.23717,0.909239,46.976,0.070335,0.00223016,0.278921,0.0254199,0.495534,136.521,0.0303051,6.48309,0.990854,9.50977e-06,5.76881,0.64856,333.966,0.820879,0.775513,0.818608
12048000,0.911106,1.85106,0.928101,56.6124,1.42044,0.18274,1.62499,3.54093,0.496072,936.266,1.28908,1.20669,0.068784,0.116023,3.80222,1.45449,403.865,0.684128,-0.471142,0.3547
12054000,0.19016,1.13434,0.00170293,41.9673,0.438923,0.000163717,0.200517,0.00115021,0.203499,2236.11,4.91857,8.36399,0.833653,3.37174e-05,4.61842,1.18527,172.161,0.781939,0.603098,0.789753
12056500,0.324317,1.17687,0.000793027,39.5411,0.29012,0.00306272,0.201503,4.88066,0.496523,202.959,0.858827,8.41337,0.999601,9.65876e-06,4.87917,0.975291,148.084,0.679018,0.617767,0.706477
12073500,0.029829,1.57351,0.949368,133.251,0.315645,0.0361467,1.79774,7.01502e-05,0.0399543,5440.19,2.95735,8.30183,0.655928,0.323155,1.88546,0.269279,16.7501,0.844344,0.796239,0.784107
12082500,0.115784,1.92772,0.914642,61.3305,0.178244,0.00522382,1.06937,0.00183205,0.233166,3487.55,2.06637,4.15418,0.485681,0.0275855,3.1516,0.465105,344.321,0.708372,0.763607,0.843831
12092000,-0.0956073,1.64551,0.00380903,37.4584,0.1567,0.00262098,1.03443,0.0202666,0.421932,5179.26,3.22771,4.5212,0.673284,0.0651628,3.49231,1.38485,240.248,0.675911,0.457936,0.659184
12095000,0.789919,1.25988,0.94307,33.9579,0.385768,0.121256,0.323465,4.19876,0.300127,433.156,0.0157748,5.60049,0.374559,0.299302,6.2574,0.762759,205.816,0.841576,0.7849,0.830944
12114500,0.445006,3.03639,0.948509,54.4128,0.30453,0.000112168,1.24491,9.63425e-05,0.326224,679.848,4.98878,1.25169,0.547793,0.000379768,4.1391,1.89135,65.7576,0.788722,0.792824,0.808919
12115000,0.607322,2.62334,0.948255,57.1107,0.347501,0.000282268,1.27233,0.000470431,0.287923,687.823,4.77481,1.34528,0.684137,0.00126021,6.30789,1.11067,105.367,0.81214,0.802926,0.790166
12115500,0.815781,1.69193,0.932237,46.5227,0.507397,0.000207825,0.403051,0.00167986,0.373926,188.649,0.0292946,6.09436,0.994759,1.34768e-05,7.86204,1.23331,34.691,0.817954,0.776997,0.777101
12117000,0.573167,1.03959,0.947769,54.4778,0.349502,0.00286134,0.7045,0.00021957,0.301558,593.95,0.411308,3.27868,0.544562,0.0882665,1.90092,1.1526,44.5288,0.878144,0.823364,0.827389
12141300,0.840047,1.8897,0.00175501,32.4917,0.381599,0.00840191,0.846418,0.00199752,0.365594,2054.53,4.63535,4.86805,0.925647,1.66886e-05,5.27664,0.821612,398.688,0.778717,0.779197,0.817713
12143600,1.28693,2.52093,0.0227694,53.7538,0.414893,0.00271813,2.2266,0.00678147,0.239731,2036.63,4.96437,5.53671,0.914449,0.00372141,5.25069,1.13947,170.607,0.787494,0.803945,0.843917
12144000,1.8747,2.21028,0.00546287,53.4491,0.211747,0.162218,1.3256,4.85914,0.234678,2729.35,4.98603,6.46743,0.357762,2.9227e-05,4.00861,1.42372,211.512,0.822266,0.813553,0.873885
12145500,0.892443,1.00308,0.924887,32.2903,0.242208,0.162237,0.959565,2.50871,0.389747,201.846,0.0252081,5.51411,0.519318,0.0842902,2.38096,2.30556,79.2198,0.927493,0.862306,0.875919
12147500,1.17993,1.38417,0.585098,33.6655,0.287704,0.145679,0.311998,4.56285,0.452334,1241.69,4.96228,3.74842,0.422587,1.19908e-05,3.68305,1.35462,103.296,0.823423,0.735316,0.711076
12147600,1.08221,1.59678,0.493313,45.2947,0.0864551,0.00216889,0.345856,4.91896,0.31217,3197.52,0.0473914,0.87668,0.995515,3.31039e-05,1.62759,0.48185,13.8246,0.667422,0.625005,0.696215
12167000,1.00165,1.07098,0.321437,46.3366,0.332767,0.0282595,0.214703,3.44591,0.21214,856.313,4.82686,3.48154,0.544246,4.51433e-05,1.89365,1.35726,678.287,0.798445,0.709371,0.604924
12175500,1.38556,1.44596,0.00913029,29.9444,1.97386,0.379168,0.200107,3.17669,0.382433,5993.93,4.99308,0.961084,0.189444,2.2644e-05,2.35416,1.73328,271.833,0.625124,0.504788,0.629709
12178100,0.599543,2.1327,0.00166449,23.4227,0.273396,0.153582,0.200268,4.3865,0.499203,2024.86,4.96043,3.61558,0.0574102,1.97194e-05,1.85504,3.98479,69.6409,0.767067,0.651228,0.796352
12186000,0.683523,1.70917,0.00184314,39.6707,0.260785,0.00330376,0.23822,0.00176546,0.280697,1406.41,4.86485,3.47293,0.83811,0.000269067,5.61219,0.67866,393.51,0.605615,0.663186,0.720669
12189500,0.544047,1.46431,0.834623,27.4144,0.0982648,0.1931,0.327211,3.76586,0.398689,1792.04,3.51962,3.75084,0.14812,0.000723552,4.15611,0.626954,1848.46,0.760621,0.671132,0.769442
12358500,2.65575,4.83556,0.0275734,1541.61,0.034783,0.395415,0.926681,0.0489507,0.0382219,292.546,0.182589,3.91555,0.173545,0.000615965,4.70204,0.663841,2920.26,0.884661,0.708618,0.843844
12374250,1.07272,2.36734,0.557007,79.9032,0.0581238,0.0953993,1.704,0.0041424,0.108107,279.783,0.439955,2.05535,0.283356,0.475778,1.10133,0.292014,50.7421,0.616289,0.359738,0.688783
12375900,1.43976,1.85967,0.767252,63.3989,0.288882,0.261561,0.80534,0.803715,0.130623,696.486,0.0346794,5.38291,0.0788039,0.00133351,7.41823,3.80132,19.5978,0.859653,0.422627,0.676127
12377150,2.89021,4.58443,0.162052,1373.34,0.48281,0.350289,0.295808,1.99678,0.0584457,656.837,4.66515,2.68773,0.338488,0.00282402,7.09336,3.05463,32.1021,0.849107,0.602851,0.78293
12381400,2.2752,3.66881,0.458104,305.676,0.186814,0.239257,1.28626,0.653913,0.0857421,530.044,0.0276741,5.80188,0.123166,0.249643,3.07276,3.63418,144.977,0.918405,0.0412186,0.386633
12383500,2.7654,3.30931,0.341993,627.58,0.630096,0.0587365,1.18308,0.0457983,0.180878,1275.64,0.0217409,7.15503,0.417105,0.00682617,6.31325,3.83922,17.8115,0.862519,-1.60162,-0.192418
12388400,2.99605,2.368,0.609261,40.7693,0.087829,0.208467,1.1951,0.372502,0.2411,331.235,0.132189,3.57448,0.06236,0.258683,3.37504,3.99563,60.5798,0.876837,0.162036,0.484006
12390700,0.652303,3.53715,0.416563,215.712,0.0576369,0.109725,2.04084,0.527384,0.0556364,339.83,1.40483,1.45982,0.200335,0.107809,5.13224,1.89532,471.176,0.840262,0.532493,0.772603
12411000,0.919776,2.76968,0.949025,151.152,9.54106,0.250175,1.30711,1.34023,0.161298,506.592,1.97574,2.84461,0.263896,0.0620581,6.57936,0.772373,867.275,0.769174,0.575164,0.78978
12414500,0.939941,3.9974,0.0571612,1071.78,0.305662,0.19357,1.56992,0.0249813,0.0489824,323.984,1.12707,2.03925,0.992388,0.0379021,2.52117,2.30974,2653.6,0.850395,0.608562,0.807496
12447390,0.43674,6.45542,0.370304,98.0492,4.22282,0.0429229,0.728693,0.00837387,0.0465289,1993.96,0.290231,0.89298,0.0520164,0.0967187,2.62834,0.689358,57.2143,0.861911,0.637453,0.679971
12451000,1.36715,4.07214,0.0271022,1713.48,0.0493172,0.337321,0.323403,0.732893,0.0482857,644.981,4.929,2.43699,0.435548,0.00105651,2.11728,2.05336,831.031,0.832275,0.578734,0.780541
12488500,0.709649,3.49898,0.930108,82.7522,5.5649,0.277385,2.04072,2.80745,0.478722,549.84,2.88768,1.01422,0.0633227,0.0609082,4.12138,2.33536,204.263,0.834499,0.672163,0.830259
13011500,1.66034,3.08584,0.921784,46.5033,8.76693,0.366069,1.0416,1.07338,0.298532,263.787,0.163172,3.12113,0.0612516,0.00267692,2.69827,1.97851,437.521,0.870148,0.784903,0.892495
13011900,2.95188,3.97579,0.0469291,840.132,0.0159917,0.285409,0.946013,0.916377,0.0804038,506.752,0.0213924,6.41831,0.260757,0.000123512,1.62215,3.63201,836.209,0.916128,0.610333,0.768324
13018300,1.819,2.43537,0.304488,317.61,1.18433,0.0524375,1.47143,0.144012,0.193452,1089.81,0.152186,8.7417,0.311503,0.00223336,3.8331,3.88812,27.4421,0.919106,0.507174,0.753966
13023000,0.863638,2.45368,0.0674827,611.603,0.0418421,0.21645,1.16882,0.385499,0.056421,859.325,0.0567065,7.41151,0.122926,0.0160463,2.97976,0.856067,1159.82,0.894698,0.754106,0.856709
13083000,0.505379,1.22585,0.0575692,493.686,0.15128,0.00367791,0.943916,0.00087226,0.00156167,3687.19,0.655642,1.38126,0.0500524,0.398224,2.38612,0.553737,134.622,0.813847,0.788605,0.808713
13161500,0.200849,1.77561,0.145286,403.974,1.17047,0.129647,1.04064,0.51639,0.0868349,224.314,0.0149559,5.75868,0.132621,0.431413,3.52391,1.10519,988.953,0.903655,0.745052,0.846142
13235000,1.35824,2.53006,0.531388,54.654,0.13081,0.277923,0.748821,0.777596,0.264728,784.157,0.12608,3.5218,0.050229,0.0509173,3.30152,1.60552,1154.64,0.890048,0.699916,0.812773
13240000,0.876994,3.1512,0.84463,70.9956,0.381031,0.000430807,0.439595,0.00911058,0.221799,441.885,4.95691,2.41329,0.713855,0.100325,7.45917,1.06684,126.596,0.887096,0.654598,0.826544
13310700,1.57999,3.81716,0.194102,162.152,0.579443,0.282954,1.00163,0.85798,0.125726,562.138,0.132793,3.98229,0.0634501,0.320623,3.28001,1.75485,854.331,0.880738,0.554574,0.729961
13313000,1.89042,5.86162,0.759102,64.8345,0.148203,0.37925,1.51454,0.850086,0.252696,671.389,0.141651,3.52717,0.0546971,0.36251,2.39363,2.62671,564.376,0.900852,0.501006,0.71202
13331500,2.65943,2.5493,0.0486752,917.488,0.0265518,0.434915,0.92799,0.137156,0.0231683,205.399,0.0403136,4.67005,0.180784,0.0114337,2.9875,1.44392,621.331,0.857037,0.695114,0.825534
13337000,1.30737,2.34546,0.945118,34.6732,0.328702,0.454834,0.94835,0.470847,0.1696,291.424,0.238833,2.71452,0.0573562,0.151818,2.95695,1.07229,3049.7,0.90312,0.678378,0.821065
13338500,1.62397,1.36956,0.0775364,643.672,0.517678,0.399971,0.985337,0.0319376,0.0225195,99.6256,0.641975,1.13748,0.126445,0.40716,2.21623,0.292068,3023.81,0.855531,0.761707,0.846731
13340000,1.89375,1.97682,0.0810965,824.337,1.81869,0.441501,0.835869,1.12497,0.0310268,492.848,0.0657378,2.72031,0.114536,0.183678,3.18383,0.401379,14257,0.88713,0.69116,0.824991
13340600,1.34019,2.20568,0.948069,120.619,9.52433,0.493754,0.799931,1.27805,0.255607,2466.39,0.210441,1.82184,0.0625245,0.00427922,6.1087,0.349193,3355.19,0.867603,0.363963,0.677866
14020000,1.06044,1.45054,0.354448,355.733,0.108763,0.463848,0.5827,1.55263,0.0444877,1171.87,0.0633536,2.49796,0.281375,0.0302721,3.60248,1.24475,339.143,0.784721,0.552132,0.697064
14092750,0.506808,2.70697,0.0474413,38.0343,0.130787,0.000122515,2.23107,8.11518e-05,0.478316,2389.59,4.75643,3.27769,0.574472,0.102653,7.73307,1.14138,59.2854,0.788052,0.606793,0.651697
14096850,0.420135,2.85668,0.625021,274.304,2.19363,0.0903736,2.20333,2.18729,0.18507,1452.67,0.232076,3.52624,0.0502989,0.0338466,3.67653,1.41166,375.388,0.786011,0.574488,0.629338
14137000,0.0460227,1.7566,0.00744176,44.5099,0.615677,0.202431,2.33692,4.86361,0.479088,2580.91,4.92019,4.32922,0.190765,0.104571,6.47279,0.520255,683.465,0.824102,0.72788,0.665651
14138800,0.479889,2.51455,0.41957,29.9779,0.376617,0.000794734,2.2489,0.0049148,0.389393,946.504,4.07009,6.79593,0.963647,0.000166321,6.70315,1.82025,21.1512,0.807787,0.784875,0.778467
14138870,0.294794,1.80453,0.272511,50.4094,0.563244,0.000111159,2.49234,0.00115035,0.267969,1331.99,4.42713,5.91399,0.976213,0.132243,6.56593,2.13029,14.1353,0.830816,0.792017,0.821674
14138900,0.23156,1.42875,0.293845,55.4768,0.356291,0.001829,0.888308,0.000638823,0.194815,1747.67,4.6628,7.77857,0.929325,1.6652e-05,4.84883,2.49909,21.5395,0.861299,0.792978,0.857538
14139800,0.408878,1.24007,0.769029,44.646,0.503649,0.0295026,0.721144,4.96353,0.479627,208.843,0.0713565,5.22363,0.95022,0.0394423,7.11382,1.34241,39.8688,0.854533,0.799711,0.834823
14141500,0.997222,1.24398,0.949241,39.1184,0.738026,0.00121175,0.577765,0.00167336,0.479149,411.15,0.0173865,6.8128,0.967584,0.142465,6.55495,1.3026,57.732,0.851358,0.794511,0.821186
14154500,-0.204862,1.03356,0.871247,72.1258,0.36152,0.00565619,0.781732,0.000403477,0.111816,347.835,0.566058,0.983513,0.955516,0.252646,4.08786,0.785966,546.254,0.867045,0.830918,0.817801
14158500,0.995765,3.41621,0.509787,71.1245,0.0120402,0.0352388,1.23782,6.54037e-05,0.247446,1842.82,4.64472,1.42507,0.0573258,0.00597563,6.78053,0.639339,239.213,0.856439,0.789942,0.828763
14158790,0.740266,2.38943,0.930018,31.7943,0.186575,0.000396791,1.49186,0.00533197,0.456323,541.533,0.901052,4.97874,0.610064,0.00153342,5.32155,1.67216,41.9399,0.81576,0.763071,0.746463
14166500,0.931191,1.71091,0.948874,120.582,0.345846,0.0261931,2.233,0.00208424,0.0653543,192.987,0.41715,1.99229,0.869119,0.1867,6.05907,1.00664,231.187,0.911057,0.895252,0.855432
14182500,0.712743,1.14489,0.942163,34.3204,0.361657,0.000101504,0.337254,0.000777591,0.479705,260.53,0.038374,5.92565,0.882124,8.82241e-06,1.10748,0.279013,289.955,0.809848,0.788499,0.762052
14185000,0.399335,1.01056,0.941056,34.6506,0.372019,0.000396042,0.847449,0.000694492,0.442509,399.057,0.0457087,5.28969,0.77946,0.0550167,3.40877,0.999291,450.465,0.865872,0.837707,0.812748
14185900,0.388373,1.317,0.923838,41.7837,0.245871,0.130697,0.454897,4.48447,0.289746,261.638,0.0354571,4.52767,0.269907,0.00093474,2.29711,1.85763,256.817,0.870379,0.856796,0.864571
14187000,0.388434,1.21826,0.948867,111.551,0.368734,0.179896,0.876186,1.68022,0.0435723,266.79,0.0187458,3.86101,0.206893,0.120356,1.53628,3.60159,134.104,0.878373,0.836048,0.806447
14216500,0.184864,1.97061,0.949912,109.365,0.198534,0.290843,0.620781,3.30651,0.0527734,479.458,4.55608,1.2793,0.0534706,0.0745429,2.28854,3.31745,349.499,0.842543,0.784918,0.757085
14222500,0.456876,2.05624,0.947274,46.7227,0.384068,0.148423,0.893233,3.80778,0.331219,438.962,0.215753,3.6447,0.302545,0.123169,1.69937,2.25185,323.61,0.888514,0.847572,0.812561
14236200,1.12331,1.16147,0.937815,34.8541,0.550004,0.000362566,0.370187,0.00179661,0.43595,229.412,0.0697112,4.80716,0.991344,3.98694e-05,4.86044,0.855226,365.032,0.848558,0.796377,0.772625
14301000,1.00006,2.52172,0.947694,73.5999,9.07981,0.00619004,1.28291,0.00141982,0.498047,247.148,0.011806,7.21503,0.738885,0.132823,2.71691,1.0123,1726.78,0.947012,0.939533,0.968663
14303200,-0.069232,2.00037,0.851306,61.5862,0.251229,8.40728e-05,0.406314,0.000601239,0.447877,375.241,0.058324,5.64406,0.952645,0.0849254,4.60943,3.48534,7.99964,0.877834,0.868428,0.801275
14305500,1.05933,1.14004,0.949101,50.1812,0.380181,0.000337737,0.354335,0.00162629,0.444752,239.636,0.0342565,6.22475,0.980694,1.14413e-05,4.55034,0.678429,522.954,0.870123,0.863965,0.766001
14306340,-1.39162,3.0309,0.949084,116.967,0.161561,0.219291,1.56191,2.24189,0.0618265,111.664,0.400871,2.11471,0.403962,0.210701,4.58168,2.97541,14.7566,0.859799,0.804727,0.679559
14306500,-0.285708,1.04458,0.948645,111.292,0.352614,0.15175,1.40995,2.18947,0.0647479,209.57,0.469423,1.85363,0.0691237,0.172976,2.94356,1.38937,864.686,0.914074,0.897716,0.816222
14308990,0.205495,1.20131,0.933893,131.467,0.429516,0.199963,1.06748,1.16351,0.0240734,167.22,0.491285,1.07244,0.0990039,0.403728,3.20854,1.84793,167.501,0.881786,0.701538,0.673282
14309500,1.04865,2.23103,0.948867,59.4929,0.24009,0.109554,1.69841,1.8019,0.148445,208.279,0.0200222,4.66067,0.375747,0.176043,5.06504,0.920637,224.974,0.860891,0.795508,0.850267
14316700,-0.177836,1.63267,0.942902,36.4391,0.68047,0.0045405,0.995378,0.00596131,0.428459,320.308,0.0272863,5.62037,0.891529,0.100454,6.43791,0.496341,587.676,0.85408,0.831141,0.800467
14325000,2.02088,1.15266,0.943917,38.9583,0.32356,0.000288925,1.72399,2.284,0.343237,247.365,0.0118996,8.22264,0.0547017,0.000355251,5.51031,0.685839,437.521,0.84983,0.76996,0.799794
14362250,0.187896,1.95345,0.86297,162.832,0.219068,0.152875,2.24524,0.845731,0.0307091,322.83,0.0397383,3.48137,0.0531811,0.472441,2.24216,3.96237,41.4221,0.769431,0.702987,0.768517
14400000,1.77018,1.99798,0.947969,36.302,0.0837773,0.000180656,0.20023,0.0107301,0.480891,111.846,0.0418432,5.56894,0.987262,4.68275e-05,7.88413,0.38178,701.587,0.74791,0.72514,0.528178
